metodo,semilla,instancia,presupuesto,re,segundos
ga,1,int__tai15_15_01,1,106.7425,0.0260
ga,1,int__tai15_15_01,2,78.4728,0.0260
ga,1,int__tai15_15_01,4,78.4728,0.0260
ga,1,int__tai15_15_01,8,78.4728,0.0270
ga,1,int__tai15_15_01,16,66.9374,0.0280
ga,1,int__tai15_15_01,32,66.9374,0.0300
ga,1,int__tai15_15_01,64,65.7189,0.0340
ga,1,int__tai15_15_01,128,62.7945,0.0400
ga,1,int__tai15_15_01,256,57.1893,0.0550
ga,1,int__tai15_15_01,512,48.0504,0.1040
ga,1,int__tai15_15_01,1024,45.3290,0.1881
ga,1,int__tai15_15_01,2048,39.2770,0.3541
ga,1,int__tai15_15_01,4096,33.3875,0.7332
ga,1,int__tai15_15_01,8192,20.9180,1.4774
ga,1,int__tai15_15_01,16384,17.4249,2.8880
ga,1,int__tai15_15_01,32768,15.3534,5.6399
ga,1,int__tai15_15_01,65536,14.7035,12.3340
ga,1,int__tai15_15_01,131072,14.7035,24.3160
ga,1,int__tai15_15_01,262144,11.5353,47.9183
ga,1,int__tai15_15_01,524288,10.2356,100.4488
ga,1,int__tai15_15_01,1048576,10.2356,198.2989
ga,2,int__tai15_15_01,1,132.3314,0.0250
ga,2,int__tai15_15_01,2,82.4533,0.0250
ga,2,int__tai15_15_01,4,70.5118,0.0250
ga,2,int__tai15_15_01,8,70.5118,0.0260
ga,2,int__tai15_15_01,16,70.5118,0.0270
ga,2,int__tai15_15_01,32,70.3087,0.0280
ga,2,int__tai15_15_01,64,63.7693,0.0320
ga,2,int__tai15_15_01,128,63.7693,0.0400
ga,2,int__tai15_15_01,256,58.9764,0.0540
ga,2,int__tai15_15_01,512,51.9090,0.1021
ga,2,int__tai15_15_01,1024,48.4159,0.2251
ga,2,int__tai15_15_01,2048,35.2965,0.5406
ga,2,int__tai15_15_01,4096,28.9602,0.8973
ga,2,int__tai15_15_01,8192,24.1267,1.6795
ga,2,int__tai15_15_01,16384,15.9220,3.1123
ga,2,int__tai15_15_01,32768,12.6726,6.0101
ga,2,int__tai15_15_01,65536,11.6166,12.0312
ga,2,int__tai15_15_01,131072,9.9919,23.6973
ga,2,int__tai15_15_01,262144,9.0171,47.4440
ga,2,int__tai15_15_01,524288,6.9050,93.6747
ga,2,int__tai15_15_01,1048576,6.9050,186.3635
regla_bon,1,int__tai15_15_01,1,19.2526,0.0090
regla_bon,1,int__tai15_15_01,2,19.2526,0.0160
regla_bon,1,int__tai15_15_01,4,18.0341,0.0280
regla_bon,1,int__tai15_15_01,8,17.3030,0.0590
regla_bon,1,int__tai15_15_01,16,17.3030,0.1100
regla_bon,1,int__tai15_15_01,32,14.9066,0.2177
regla_bon,1,int__tai15_15_01,64,14.9472,0.4392
regla_bon,1,int__tai15_15_01,128,14.4192,0.8783
regla_bon,1,int__tai15_15_01,256,13.5662,1.7389
regla_bon,1,int__tai15_15_01,512,13.5662,3.6389
regla_bon,1,int__tai15_15_01,1024,12.5102,7.6028
regla_bon,1,int__tai15_15_01,2048,11.0479,14.6914
regla_bon,1,int__tai15_15_01,4096,11.7790,28.7157
regla_bon,1,int__tai15_15_01,8192,9.9919,58.0896
regla_bon,2,int__tai15_15_01,1,19.2526,0.0060
regla_bon,2,int__tai15_15_01,2,19.2526,0.0120
regla_bon,2,int__tai15_15_01,4,18.2372,0.0250
regla_bon,2,int__tai15_15_01,8,17.6686,0.0520
regla_bon,2,int__tai15_15_01,16,17.6686,0.0980
regla_bon,2,int__tai15_15_01,32,15.8408,0.2010
regla_bon,2,int__tai15_15_01,64,15.3128,0.4046
regla_bon,2,int__tai15_15_01,128,14.8660,0.8087
regla_bon,2,int__tai15_15_01,256,14.8660,1.6277
regla_bon,2,int__tai15_15_01,512,15.0284,3.2530
regla_bon,2,int__tai15_15_01,1024,12.3477,6.6531
regla_bon,2,int__tai15_15_01,2048,11.2510,13.3182
regla_bon,2,int__tai15_15_01,4096,11.2510,26.5209
regla_bon,2,int__tai15_15_01,8192,10.5605,53.4195
ga,1,int__tai15_15_02,1,102.9341,0.0300
ga,1,int__tai15_15_02,2,77.6929,0.0300
ga,1,int__tai15_15_02,4,72.6688,0.0300
ga,1,int__tai15_15_02,8,72.6688,0.0310
ga,1,int__tai15_15_02,16,72.6688,0.0320
ga,1,int__tai15_15_02,32,69.9357,0.0330
ga,1,int__tai15_15_02,64,67.9662,0.0360
ga,1,int__tai15_15_02,128,60.9325,0.0430
ga,1,int__tai15_15_02,256,55.4662,0.0590
ga,1,int__tai15_15_02,512,55.4662,0.1055
ga,1,int__tai15_15_02,1024,54.9035,0.2011
ga,1,int__tai15_15_02,2048,43.8103,0.3791
ga,1,int__tai15_15_02,4096,30.8682,0.7682
ga,1,int__tai15_15_02,8192,18.3682,1.5454
ga,1,int__tai15_15_02,16384,15.3537,2.9431
ga,1,int__tai15_15_02,32768,12.3794,5.7295
ga,1,int__tai15_15_02,65536,7.7170,12.4370
ga,1,int__tai15_15_02,131072,7.6768,24.6291
ga,1,int__tai15_15_02,262144,7.6768,48.2384
ga,1,int__tai15_15_02,524288,4.2605,100.4628
ga,1,int__tai15_15_02,1048576,4.2605,199.0458
ga,2,int__tai15_15_02,1,97.7492,0.0280
ga,2,int__tai15_15_02,2,85.2894,0.0280
ga,2,int__tai15_15_02,4,86.0129,0.0280
ga,2,int__tai15_15_02,8,67.4437,0.0280
ga,2,int__tai15_15_02,16,67.4437,0.0290
ga,2,int__tai15_15_02,32,63.3441,0.0310
ga,2,int__tai15_15_02,64,63.3441,0.0340
ga,2,int__tai15_15_02,128,57.3151,0.0420
ga,2,int__tai15_15_02,256,56.5514,0.0570
ga,2,int__tai15_15_02,512,55.7074,0.1030
ga,2,int__tai15_15_02,1024,41.1977,0.1965
ga,2,int__tai15_15_02,2048,38.9871,0.3756
ga,2,int__tai15_15_02,4096,34.2846,0.7988
ga,2,int__tai15_15_02,8192,23.4727,1.5093
ga,2,int__tai15_15_02,16384,13.6254,2.9302
ga,2,int__tai15_15_02,32768,7.2347,5.8060
ga,2,int__tai15_15_02,65536,4.9035,11.8181
ga,2,int__tai15_15_02,131072,3.8585,23.4913
ga,2,int__tai15_15_02,262144,3.8585,47.8479
ga,2,int__tai15_15_02,524288,3.8585,94.0352
ga,2,int__tai15_15_02,1048576,3.8585,186.7872
regla_bon,1,int__tai15_15_02,1,14.1881,0.0085
regla_bon,1,int__tai15_15_02,2,11.4148,0.0135
regla_bon,1,int__tai15_15_02,4,11.4148,0.0285
regla_bon,1,int__tai15_15_02,8,11.4148,0.0585
regla_bon,1,int__tai15_15_02,16,11.4148,0.1155
regla_bon,1,int__tai15_15_02,32,10.0482,0.2255
regla_bon,1,int__tai15_15_02,64,8.5209,0.4436
regla_bon,1,int__tai15_15_02,128,8.5209,0.8791
regla_bon,1,int__tai15_15_02,256,8.5209,1.7754
regla_bon,1,int__tai15_15_02,512,8.5209,3.7498
regla_bon,1,int__tai15_15_02,1024,8.5209,7.6289
regla_bon,1,int__tai15_15_02,2048,8.8023,14.6506
regla_bon,1,int__tai15_15_02,4096,8.8023,28.7098
regla_bon,1,int__tai15_15_02,8192,8.8023,58.2361
regla_bon,2,int__tai15_15_02,1,14.1881,0.0080
regla_bon,2,int__tai15_15_02,2,14.1881,0.0150
regla_bon,2,int__tai15_15_02,4,13.3842,0.0270
regla_bon,2,int__tai15_15_02,8,13.3842,0.0540
regla_bon,2,int__tai15_15_02,16,13.3842,0.1050
regla_bon,2,int__tai15_15_02,32,10.9325,0.2107
regla_bon,2,int__tai15_15_02,64,10.9325,0.4193
regla_bon,2,int__tai15_15_02,128,8.3601,0.8283
regla_bon,2,int__tai15_15_02,256,8.3601,1.6444
regla_bon,2,int__tai15_15_02,512,8.3601,3.2853
regla_bon,2,int__tai15_15_02,1024,8.3601,6.6809
regla_bon,2,int__tai15_15_02,2048,8.3601,13.3380
regla_bon,2,int__tai15_15_02,4096,6.9132,26.6316
regla_bon,2,int__tai15_15_02,8192,6.9132,53.7396
ga,1,int__tai15_15_03,1,83.4154,0.0290
ga,1,int__tai15_15_03,2,66.7488,0.0290
ga,1,int__tai15_15_03,4,66.7488,0.0290
ga,1,int__tai15_15_03,8,66.7488,0.0310
ga,1,int__tai15_15_03,16,66.7488,0.0320
ga,1,int__tai15_15_03,32,63.4236,0.0340
ga,1,int__tai15_15_03,64,63.4236,0.0380
ga,1,int__tai15_15_03,128,51.8062,0.0460
ga,1,int__tai15_15_03,256,51.8062,0.0610
ga,1,int__tai15_15_03,512,51.3136,0.1000
ga,1,int__tai15_15_03,1024,42.4466,0.1901
ga,1,int__tai15_15_03,2048,34.1133,0.3661
ga,1,int__tai15_15_03,4096,34.1133,0.7422
ga,1,int__tai15_15_03,8192,23.9327,1.4944
ga,1,int__tai15_15_03,16384,18.1445,2.9141
ga,1,int__tai15_15_03,32768,13.3415,5.6739
ga,1,int__tai15_15_03,65536,9.8112,12.4740
ga,1,int__tai15_15_03,131072,9.7291,24.2460
ga,1,int__tai15_15_03,262144,9.5238,47.8518
ga,1,int__tai15_15_03,524288,9.5238,99.8332
ga,1,int__tai15_15_03,1048576,9.3186,198.1409
ga,2,int__tai15_15_03,1,100.2463,0.0210
ga,2,int__tai15_15_03,2,97.1264,0.0210
ga,2,int__tai15_15_03,4,95.8128,0.0210
ga,2,int__tai15_15_03,8,77.6273,0.0220
ga,2,int__tai15_15_03,16,77.6273,0.0230
ga,2,int__tai15_15_03,32,67.8982,0.0250
ga,2,int__tai15_15_03,64,67.4056,0.0281
ga,2,int__tai15_15_03,128,62.3563,0.0371
ga,2,int__tai15_15_03,256,56.3629,0.0541
ga,2,int__tai15_15_03,512,56.3629,0.1026
ga,2,int__tai15_15_03,1024,47.9064,0.1896
ga,2,int__tai15_15_03,2048,42.4466,0.4278
ga,2,int__tai15_15_03,4096,39.3268,0.8914
ga,2,int__tai15_15_03,8192,29.9672,1.6722
ga,2,int__tai15_15_03,16384,20.3612,3.0759
ga,2,int__tai15_15_03,32768,11.4532,5.9633
ga,2,int__tai15_15_03,65536,8.7849,11.9827
ga,2,int__tai15_15_03,131072,8.7849,23.6578
ga,2,int__tai15_15_03,262144,7.1839,47.5636
ga,2,int__tai15_15_03,524288,7.0197,93.8763
ga,2,int__tai15_15_03,1048576,7.0197,186.7552
regla_bon,1,int__tai15_15_03,1,14.0805,0.0070
regla_bon,1,int__tai15_15_03,2,14.0805,0.0160
regla_bon,1,int__tai15_15_03,4,14.0805,0.0300
regla_bon,1,int__tai15_15_03,8,13.7931,0.0600
regla_bon,1,int__tai15_15_03,16,13.7931,0.1150
regla_bon,1,int__tai15_15_03,32,13.7931,0.2380
regla_bon,1,int__tai15_15_03,64,13.7931,0.4558
regla_bon,1,int__tai15_15_03,128,8.7849,0.8889
regla_bon,1,int__tai15_15_03,256,8.7849,1.7849
regla_bon,1,int__tai15_15_03,512,8.7849,3.6274
regla_bon,1,int__tai15_15_03,1024,8.7849,7.5658
regla_bon,1,int__tai15_15_03,2048,8.7849,14.7114
regla_bon,1,int__tai15_15_03,4096,8.9491,28.7048
regla_bon,1,int__tai15_15_03,8192,8.9491,58.0980
regla_bon,2,int__tai15_15_03,1,14.0805,0.0060
regla_bon,2,int__tai15_15_03,2,14.0805,0.0120
regla_bon,2,int__tai15_15_03,4,14.0805,0.0260
regla_bon,2,int__tai15_15_03,8,14.0805,0.0530
regla_bon,2,int__tai15_15_03,16,14.0805,0.1015
regla_bon,2,int__tai15_15_03,32,14.0805,0.2025
regla_bon,2,int__tai15_15_03,64,12.2332,0.4036
regla_bon,2,int__tai15_15_03,128,12.6437,0.8167
regla_bon,2,int__tai15_15_03,256,10.7553,1.6358
regla_bon,2,int__tai15_15_03,512,10.7553,3.2630
regla_bon,2,int__tai15_15_03,1024,9.4417,6.7291
regla_bon,2,int__tai15_15_03,2048,9.4417,13.4437
regla_bon,2,int__tai15_15_03,4096,8.8670,26.7880
regla_bon,2,int__tai15_15_03,8192,8.8670,53.8822
ga,1,int__tai15_15_04,1,93.7447,0.0260
ga,1,int__tai15_15_04,2,93.7447,0.0260
ga,1,int__tai15_15_04,4,92.9362,0.0260
ga,1,int__tai15_15_04,8,92.9362,0.0260
ga,1,int__tai15_15_04,16,83.9149,0.0270
ga,1,int__tai15_15_04,32,78.3404,0.0300
ga,1,int__tai15_15_04,64,75.1915,0.0330
ga,1,int__tai15_15_04,128,59.0213,0.0410
ga,1,int__tai15_15_04,256,59.0213,0.0540
ga,1,int__tai15_15_04,512,57.4043,0.1000
ga,1,int__tai15_15_04,1024,54.9787,0.1881
ga,1,int__tai15_15_04,2048,45.9574,0.3601
ga,1,int__tai15_15_04,4096,38.1702,0.7402
ga,1,int__tai15_15_04,8192,32.0000,1.5044
ga,1,int__tai15_15_04,16384,24.8085,2.8931
ga,1,int__tai15_15_04,32768,19.2340,5.6449
ga,1,int__tai15_15_04,65536,14.0426,12.3630
ga,1,int__tai15_15_04,131072,14.0426,24.2520
ga,1,int__tai15_15_04,262144,14.0426,47.8848
ga,1,int__tai15_15_04,524288,14.0426,100.2162
ga,1,int__tai15_15_04,1048576,14.0426,198.3469
ga,2,int__tai15_15_04,1,124.4255,0.0240
ga,2,int__tai15_15_04,2,105.6170,0.0250
ga,2,int__tai15_15_04,4,102.5532,0.0250
ga,2,int__tai15_15_04,8,83.6170,0.0250
ga,2,int__tai15_15_04,16,68.0000,0.0260
ga,2,int__tai15_15_04,32,68.0000,0.0280
ga,2,int__tai15_15_04,64,68.0000,0.0320
ga,2,int__tai15_15_04,128,68.0000,0.0401
ga,2,int__tai15_15_04,256,65.3617,0.0581
ga,2,int__tai15_15_04,512,62.4255,0.1056
ga,2,int__tai15_15_04,1024,51.7872,0.2026
ga,2,int__tai15_15_04,2048,51.7872,0.4537
ga,2,int__tai15_15_04,4096,41.7872,0.8954
ga,2,int__tai15_15_04,8192,32.2553,1.6951
ga,2,int__tai15_15_04,16384,17.8723,3.1579
ga,2,int__tai15_15_04,32768,15.0638,6.0458
ga,2,int__tai15_15_04,65536,13.4043,12.0447
ga,2,int__tai15_15_04,131072,13.1915,23.7969
ga,2,int__tai15_15_04,262144,11.8298,47.5886
ga,2,int__tai15_15_04,524288,8.1277,93.7328
ga,2,int__tai15_15_04,1048576,7.6596,186.4431
regla_bon,1,int__tai15_15_04,1,13.0213,0.0090
regla_bon,1,int__tai15_15_04,2,13.0213,0.0150
regla_bon,1,int__tai15_15_04,4,13.0213,0.0280
regla_bon,1,int__tai15_15_04,8,13.0213,0.0560
regla_bon,1,int__tai15_15_04,16,13.0213,0.1110
regla_bon,1,int__tai15_15_04,32,13.0213,0.2267
regla_bon,1,int__tai15_15_04,64,13.0213,0.4512
regla_bon,1,int__tai15_15_04,128,13.0213,0.8963
regla_bon,1,int__tai15_15_04,256,12.0851,1.7629
regla_bon,1,int__tai15_15_04,512,12.0851,3.6109
regla_bon,1,int__tai15_15_04,1024,11.0638,7.5694
regla_bon,1,int__tai15_15_04,2048,9.6170,14.6409
regla_bon,1,int__tai15_15_04,4096,7.8298,28.6477
regla_bon,1,int__tai15_15_04,8192,7.8298,57.8830
regla_bon,2,int__tai15_15_04,1,13.0213,0.0080
regla_bon,2,int__tai15_15_04,2,13.0213,0.0150
regla_bon,2,int__tai15_15_04,4,13.0213,0.0270
regla_bon,2,int__tai15_15_04,8,13.0213,0.0520
regla_bon,2,int__tai15_15_04,16,13.0213,0.1010
regla_bon,2,int__tai15_15_04,32,13.0213,0.2046
regla_bon,2,int__tai15_15_04,64,13.0213,0.4086
regla_bon,2,int__tai15_15_04,128,11.3617,0.8197
regla_bon,2,int__tai15_15_04,256,11.3617,1.6308
regla_bon,2,int__tai15_15_04,512,11.3617,3.2970
regla_bon,2,int__tai15_15_04,1024,9.4894,6.6851
regla_bon,2,int__tai15_15_04,2048,9.4894,13.3862
regla_bon,2,int__tai15_15_04,4096,9.4894,26.6645
regla_bon,2,int__tai15_15_04,8192,9.4894,53.6997
ga,1,int__tai15_15_05,1,119.5261,0.0250
ga,1,int__tai15_15_05,2,95.4248,0.0250
ga,1,int__tai15_15_05,4,98.7745,0.0260
ga,1,int__tai15_15_05,8,86.1928,0.0260
ga,1,int__tai15_15_05,16,78.4722,0.0270
ga,1,int__tai15_15_05,32,69.2810,0.0290
ga,1,int__tai15_15_05,64,69.2810,0.0330
ga,1,int__tai15_15_05,128,64.3791,0.0400
ga,1,int__tai15_15_05,256,64.3791,0.0565
ga,1,int__tai15_15_05,512,57.1895,0.1010
ga,1,int__tai15_15_05,1024,47.0588,0.1840
ga,1,int__tai15_15_05,2048,41.9935,0.3551
ga,1,int__tai15_15_05,4096,38.4804,0.7282
ga,1,int__tai15_15_05,8192,28.4314,1.4963
ga,1,int__tai15_15_05,16384,15.7680,2.9070
ga,1,int__tai15_15_05,32768,12.7042,5.6909
ga,1,int__tai15_15_05,65536,12.0507,12.3179
ga,1,int__tai15_15_05,131072,8.4150,24.1560
ga,1,int__tai15_15_05,262144,8.3742,47.7633
ga,1,int__tai15_15_05,524288,8.3742,100.1502
ga,1,int__tai15_15_05,1048576,8.3742,197.8608
ga,2,int__tai15_15_05,1,100.2859,0.0280
ga,2,int__tai15_15_05,2,86.6422,0.0280
ga,2,int__tai15_15_05,4,68.7092,0.0280
ga,2,int__tai15_15_05,8,68.7092,0.0280
ga,2,int__tai15_15_05,16,68.7092,0.0290
ga,2,int__tai15_15_05,32,66.4624,0.0310
ga,2,int__tai15_15_05,64,66.4624,0.0350
ga,2,int__tai15_15_05,128,66.4624,0.0430
ga,2,int__tai15_15_05,256,51.5523,0.0610
ga,2,int__tai15_15_05,512,51.5523,0.1035
ga,2,int__tai15_15_05,1024,51.6340,0.1960
ga,2,int__tai15_15_05,2048,48.7745,0.3907
ga,2,int__tai15_15_05,4096,35.7026,0.9503
ga,2,int__tai15_15_05,8192,26.8791,1.6756
ga,2,int__tai15_15_05,16384,18.3824,3.1874
ga,2,int__tai15_15_05,32768,15.1144,6.0478
ga,2,int__tai15_15_05,65536,13.2761,12.0882
ga,2,int__tai15_15_05,131072,12.1732,23.8047
ga,2,int__tai15_15_05,262144,12.1732,47.5626
ga,2,int__tai15_15_05,524288,8.2516,93.9733
ga,2,int__tai15_15_05,1048576,8.2108,186.8707
regla_bon,1,int__tai15_15_05,1,14.7059,0.0070
regla_bon,1,int__tai15_15_05,2,14.7059,0.0150
regla_bon,1,int__tai15_15_05,4,11.2337,0.0280
regla_bon,1,int__tai15_15_05,8,11.2337,0.0550
regla_bon,1,int__tai15_15_05,16,11.2337,0.1090
regla_bon,1,int__tai15_15_05,32,11.2337,0.2270
regla_bon,1,int__tai15_15_05,64,11.2337,0.4588
regla_bon,1,int__tai15_15_05,128,11.2337,0.8938
regla_bon,1,int__tai15_15_05,256,11.2337,1.7789
regla_bon,1,int__tai15_15_05,512,9.1912,3.6463
regla_bon,1,int__tai15_15_05,1024,9.7222,7.6029
regla_bon,1,int__tai15_15_05,2048,8.7827,14.6383
regla_bon,1,int__tai15_15_05,4096,7.9248,28.6752
regla_bon,1,int__tai15_15_05,8192,7.7614,57.9810
regla_bon,2,int__tai15_15_05,1,14.7059,0.0070
regla_bon,2,int__tai15_15_05,2,14.7059,0.0130
regla_bon,2,int__tai15_15_05,4,14.7059,0.0255
regla_bon,2,int__tai15_15_05,8,10.8660,0.0485
regla_bon,2,int__tai15_15_05,16,10.8660,0.0995
regla_bon,2,int__tai15_15_05,32,9.1912,0.2010
regla_bon,2,int__tai15_15_05,64,9.1912,0.4021
regla_bon,2,int__tai15_15_05,128,9.1912,0.8052
regla_bon,2,int__tai15_15_05,256,9.1912,1.5968
regla_bon,2,int__tai15_15_05,512,9.1912,3.2165
regla_bon,2,int__tai15_15_05,1024,8.7418,6.6066
regla_bon,2,int__tai15_15_05,2048,8.0065,13.2917
regla_bon,2,int__tai15_15_05,4096,8.2516,26.6125
regla_bon,2,int__tai15_15_05,8192,8.2516,53.5451
ga,1,int__tai15_15_06,1,112.5202,0.0245
ga,1,int__tai15_15_06,2,91.9628,0.0245
ga,1,int__tai15_15_06,4,91.9628,0.0245
ga,1,int__tai15_15_06,8,91.9628,0.0255
ga,1,int__tai15_15_06,16,72.0113,0.0255
ga,1,int__tai15_15_06,32,70.5977,0.0275
ga,1,int__tai15_15_06,64,66.3166,0.0305
ga,1,int__tai15_15_06,128,60.4604,0.0365
ga,1,int__tai15_15_06,256,60.4604,0.0495
ga,1,int__tai15_15_06,512,49.0307,0.0875
ga,1,int__tai15_15_06,1024,40.6704,0.1675
ga,1,int__tai15_15_06,2048,40.6704,0.3741
ga,1,int__tai15_15_06,4096,38.6914,0.7437
ga,1,int__tai15_15_06,8192,29.1195,1.4699
ga,1,int__tai15_15_06,16384,16.7205,2.8595
ga,1,int__tai15_15_06,32768,9.1276,5.5829
ga,1,int__tai15_15_06,65536,9.1276,12.2284
ga,1,int__tai15_15_06,131072,7.7544,24.1835
ga,1,int__tai15_15_06,262144,7.3102,47.8078
ga,1,int__tai15_15_06,524288,6.7851,100.2992
ga,1,int__tai15_15_06,1048576,6.3813,198.1164
ga,2,int__tai15_15_06,1,97.0113,0.0400
ga,2,int__tai15_15_06,2,88.0856,0.0400
ga,2,int__tai15_15_06,4,81.7044,0.0400
ga,2,int__tai15_15_06,8,78.1099,0.0410
ga,2,int__tai15_15_06,16,72.3748,0.0460
ga,2,int__tai15_15_06,32,64.0953,0.0480
ga,2,int__tai15_15_06,64,65.5089,0.0530
ga,2,int__tai15_15_06,128,60.9047,0.0670
ga,2,int__tai15_15_06,256,60.9047,0.0980
ga,2,int__tai15_15_06,512,53.6349,0.1580
ga,2,int__tai15_15_06,1024,45.3554,0.2535
ga,2,int__tai15_15_06,2048,41.3570,0.4377
ga,2,int__tai15_15_06,4096,31.9871,0.7947
ga,2,int__tai15_15_06,8192,20.2746,1.5430
ga,2,int__tai15_15_06,16384,14.0953,2.9802
ga,2,int__tai15_15_06,32768,10.8239,5.8616
ga,2,int__tai15_15_06,65536,7.5121,11.8852
ga,2,int__tai15_15_06,131072,7.3102,23.6584
ga,2,int__tai15_15_06,262144,5.4120,47.8905
ga,2,int__tai15_15_06,524288,5.0081,93.9171
ga,2,int__tai15_15_06,1048576,5.0081,186.5010
regla_bon,1,int__tai15_15_06,1,13.7318,0.0080
regla_bon,1,int__tai15_15_06,2,12.3990,0.0140
regla_bon,1,int__tai15_15_06,4,12.3990,0.0280
regla_bon,1,int__tai15_15_06,8,12.3990,0.0560
regla_bon,1,int__tai15_15_06,16,10.5816,0.1107
regla_bon,1,int__tai15_15_06,32,10.5816,0.2187
regla_bon,1,int__tai15_15_06,64,8.4814,0.4377
regla_bon,1,int__tai15_15_06,128,8.4814,0.8793
regla_bon,1,int__tai15_15_06,256,8.4814,1.7564
regla_bon,1,int__tai15_15_06,512,7.7141,3.6214
regla_bon,1,int__tai15_15_06,1024,7.7141,7.5785
regla_bon,1,int__tai15_15_06,2048,7.7141,14.7214
regla_bon,1,int__tai15_15_06,4096,6.6236,28.7953
regla_bon,1,int__tai15_15_06,8192,6.6236,58.3337
regla_bon,2,int__tai15_15_06,1,13.7318,0.0080
regla_bon,2,int__tai15_15_06,2,13.7318,0.0150
regla_bon,2,int__tai15_15_06,4,13.7318,0.0250
regla_bon,2,int__tai15_15_06,8,12.6010,0.0540
regla_bon,2,int__tai15_15_06,16,12.8029,0.1070
regla_bon,2,int__tai15_15_06,32,12.8029,0.2081
regla_bon,2,int__tai15_15_06,64,9.6123,0.3981
regla_bon,2,int__tai15_15_06,128,7.7141,0.8109
regla_bon,2,int__tai15_15_06,256,7.7141,1.6378
regla_bon,2,int__tai15_15_06,512,7.7141,3.2775
regla_bon,2,int__tai15_15_06,1024,6.9467,6.7031
regla_bon,2,int__tai15_15_06,2048,6.9467,13.4772
regla_bon,2,int__tai15_15_06,4096,6.9467,26.9025
regla_bon,2,int__tai15_15_06,8192,6.9467,54.0688
ga,1,int__tai15_15_07,1,99.1035,0.0290
ga,1,int__tai15_15_07,2,83.6186,0.0290
ga,1,int__tai15_15_07,4,83.6186,0.0290
ga,1,int__tai15_15_07,8,83.6186,0.0290
ga,1,int__tai15_15_07,16,79.2991,0.0300
ga,1,int__tai15_15_07,32,79.2991,0.0310
ga,1,int__tai15_15_07,64,75.9576,0.0340
ga,1,int__tai15_15_07,128,64.3439,0.0410
ga,1,int__tai15_15_07,256,61.4914,0.0580
ga,1,int__tai15_15_07,512,53.1785,0.0995
ga,1,int__tai15_15_07,1024,47.1475,0.1930
ga,1,int__tai15_15_07,2048,41.4018,0.3591
ga,1,int__tai15_15_07,4096,34.8003,0.7082
ga,1,int__tai15_15_07,8192,23.9201,1.4014
ga,1,int__tai15_15_07,16384,14.7107,2.8876
ga,1,int__tai15_15_07,32768,7.9870,5.8313
ga,1,int__tai15_15_07,65536,6.4385,11.4908
ga,1,int__tai15_15_07,131072,6.7645,22.8096
ga,1,int__tai15_15_07,262144,6.6830,44.8767
ga,1,int__tai15_15_07,524288,6.6830,90.2455
ga,1,int__tai15_15_07,1048576,5.1752,180.3582
ga,2,int__tai15_15_07,1,104.8085,0.0230
ga,2,int__tai15_15_07,2,85.0856,0.0230
ga,2,int__tai15_15_07,4,85.0856,0.0240
ga,2,int__tai15_15_07,8,80.1548,0.0240
ga,2,int__tai15_15_07,16,77.1801,0.0250
ga,2,int__tai15_15_07,32,56.2755,0.0270
ga,2,int__tai15_15_07,64,56.2755,0.0290
ga,2,int__tai15_15_07,128,56.2755,0.0360
ga,2,int__tai15_15_07,256,56.2755,0.0510
ga,2,int__tai15_15_07,512,53.7082,0.0950
ga,2,int__tai15_15_07,1024,43.7245,0.1830
ga,2,int__tai15_15_07,2048,43.7245,0.3610
ga,2,int__tai15_15_07,4096,38.4678,0.7142
ga,2,int__tai15_15_07,8192,26.5689,1.4174
ga,2,int__tai15_15_07,16384,17.8484,2.7928
ga,2,int__tai15_15_07,32768,12.9584,5.6013
ga,2,int__tai15_15_07,65536,10.5542,11.1622
ga,2,int__tai15_15_07,131072,9.1687,23.0965
ga,2,int__tai15_15_07,262144,9.1280,45.6488
ga,2,int__tai15_15_07,524288,9.1280,92.4499
ga,2,int__tai15_15_07,1048576,9.1280,191.6827
regla_bon,1,int__tai15_15_07,1,17.6854,0.0070
regla_bon,1,int__tai15_15_07,2,17.6854,0.0130
regla_bon,1,int__tai15_15_07,4,17.6854,0.0250
regla_bon,1,int__tai15_15_07,8,14.6292,0.0500
regla_bon,1,int__tai15_15_07,16,14.6292,0.0970
regla_bon,1,int__tai15_15_07,32,11.7359,0.2030
regla_bon,1,int__tai15_15_07,64,11.7359,0.4090
regla_bon,1,int__tai15_15_07,128,10.9209,0.8351
regla_bon,1,int__tai15_15_07,256,10.9209,1.6669
regla_bon,1,int__tai15_15_07,512,10.2689,3.3593
regla_bon,1,int__tai15_15_07,1024,10.0244,6.7458
regla_bon,1,int__tai15_15_07,2048,10.0244,13.5269
regla_bon,1,int__tai15_15_07,4096,8.7612,27.7478
regla_bon,1,int__tai15_15_07,8192,8.5167,55.0135
regla_bon,2,int__tai15_15_07,1,17.6854,0.0070
regla_bon,2,int__tai15_15_07,2,17.6854,0.0130
regla_bon,2,int__tai15_15_07,4,17.4409,0.0300
regla_bon,2,int__tai15_15_07,8,11.4507,0.0610
regla_bon,2,int__tai15_15_07,16,11.4507,0.1140
regla_bon,2,int__tai15_15_07,32,11.4507,0.2180
regla_bon,2,int__tai15_15_07,64,11.4507,0.4239
regla_bon,2,int__tai15_15_07,128,11.4507,0.8362
regla_bon,2,int__tai15_15_07,256,9.4947,1.6574
regla_bon,2,int__tai15_15_07,512,12.1434,3.3064
regla_bon,2,int__tai15_15_07,1024,12.1434,6.8443
regla_bon,2,int__tai15_15_07,2048,8.6390,13.3853
regla_bon,2,int__tai15_15_07,4096,8.9242,27.0581
regla_bon,2,int__tai15_15_07,8192,6.4385,56.0172
ga,1,int__tai15_15_08,1,118.7757,0.0280
ga,1,int__tai15_15_08,2,100.5341,0.0280
ga,1,int__tai15_15_08,4,100.5341,0.0280
ga,1,int__tai15_15_08,8,100.5341,0.0280
ga,1,int__tai15_15_08,16,76.0066,0.0290
ga,1,int__tai15_15_08,32,76.0066,0.0310
ga,1,int__tai15_15_08,64,71.4462,0.0340
ga,1,int__tai15_15_08,128,67.6253,0.0400
ga,1,int__tai15_15_08,256,63.6401,0.0545
ga,1,int__tai15_15_08,512,63.6401,0.1000
ga,1,int__tai15_15_08,1024,51.5201,0.1826
ga,1,int__tai15_15_08,2048,47.8225,0.3533
ga,1,int__tai15_15_08,4096,40.6738,0.7390
ga,1,int__tai15_15_08,8192,30.7313,1.5602
ga,1,int__tai15_15_08,16384,24.6508,3.0707
ga,1,int__tai15_15_08,32768,20.2136,5.9170
ga,1,int__tai15_15_08,65536,16.7625,11.7707
ga,1,int__tai15_15_08,131072,15.9819,22.9166
ga,1,int__tai15_15_08,262144,10.1479,45.2611
ga,1,int__tai15_15_08,524288,9.0797,91.6009
ga,1,int__tai15_15_08,1048576,9.0797,182.4246
ga,2,int__tai15_15_08,1,98.3566,0.0260
ga,2,int__tai15_15_08,2,68.4470,0.0260
ga,2,int__tai15_15_08,4,68.4470,0.0260
ga,2,int__tai15_15_08,8,68.4470,0.0270
ga,2,int__tai15_15_08,16,68.4470,0.0280
ga,2,int__tai15_15_08,32,68.4470,0.0300
ga,2,int__tai15_15_08,64,68.4470,0.0325
ga,2,int__tai15_15_08,128,68.4470,0.0391
ga,2,int__tai15_15_08,256,66.1463,0.0531
ga,2,int__tai15_15_08,512,65.8998,0.0961
ga,2,int__tai15_15_08,1024,54.8891,0.1811
ga,2,int__tai15_15_08,2048,48.8907,0.3551
ga,2,int__tai15_15_08,4096,38.0444,0.7541
ga,2,int__tai15_15_08,8192,29.0058,1.4547
ga,2,int__tai15_15_08,16384,19.4330,2.8615
ga,2,int__tai15_15_08,32768,11.3394,5.7002
ga,2,int__tai15_15_08,65536,7.4363,11.7589
ga,2,int__tai15_15_08,131072,6.3681,23.3541
ga,2,int__tai15_15_08,262144,6.3681,46.4021
ga,2,int__tai15_15_08,524288,6.3681,93.4787
ga,2,int__tai15_15_08,1048576,6.3681,193.4322
regla_bon,1,int__tai15_15_08,1,14.8316,0.0060
regla_bon,1,int__tai15_15_08,2,13.9688,0.0140
regla_bon,1,int__tai15_15_08,4,13.9688,0.0280
regla_bon,1,int__tai15_15_08,8,13.9688,0.0546
regla_bon,1,int__tai15_15_08,16,13.9688,0.1056
regla_bon,1,int__tai15_15_08,32,13.9688,0.2103
regla_bon,1,int__tai15_15_08,64,12.2021,0.4194
regla_bon,1,int__tai15_15_08,128,11.7502,0.8515
regla_bon,1,int__tai15_15_08,256,12.0378,1.7146
regla_bon,1,int__tai15_15_08,512,12.0378,3.4630
regla_bon,1,int__tai15_15_08,1024,11.1750,6.8265
regla_bon,1,int__tai15_15_08,2048,11.0518,13.8620
regla_bon,1,int__tai15_15_08,4096,10.6409,28.0384
regla_bon,1,int__tai15_15_08,8192,10.1068,55.5162
regla_bon,2,int__tai15_15_08,1,14.8316,0.0070
regla_bon,2,int__tai15_15_08,2,14.8316,0.0130
regla_bon,2,int__tai15_15_08,4,14.8316,0.0270
regla_bon,2,int__tai15_15_08,8,14.8316,0.0510
regla_bon,2,int__tai15_15_08,16,12.6952,0.1031
regla_bon,2,int__tai15_15_08,32,11.5859,0.2056
regla_bon,2,int__tai15_15_08,64,11.5859,0.4051
regla_bon,2,int__tai15_15_08,128,11.5859,0.8273
regla_bon,2,int__tai15_15_08,256,11.7502,1.6451
regla_bon,2,int__tai15_15_08,512,11.7502,3.2748
regla_bon,2,int__tai15_15_08,1024,10.3533,6.5952
regla_bon,2,int__tai15_15_08,2048,10.0657,13.1557
regla_bon,2,int__tai15_15_08,4096,10.0657,27.5574
regla_bon,2,int__tai15_15_08,8192,10.1068,58.0838
ga,1,int__tai15_15_09,1,106.0832,0.0270
ga,1,int__tai15_15_09,2,106.0832,0.0270
ga,1,int__tai15_15_09,4,78.9639,0.0270
ga,1,int__tai15_15_09,8,78.9639,0.0281
ga,1,int__tai15_15_09,16,68.6421,0.0290
ga,1,int__tai15_15_09,32,52.2763,0.0300
ga,1,int__tai15_15_09,64,52.2763,0.0340
ga,1,int__tai15_15_09,128,52.2763,0.0420
ga,1,int__tai15_15_09,256,52.2763,0.0570
ga,1,int__tai15_15_09,512,52.2763,0.0991
ga,1,int__tai15_15_09,1024,51.1774,0.1796
ga,1,int__tai15_15_09,2048,38.7363,0.3561
ga,1,int__tai15_15_09,4096,28.7677,0.7082
ga,1,int__tai15_15_09,8192,24.9215,1.3912
ga,1,int__tai15_15_09,16384,16.6013,2.9866
ga,1,int__tai15_15_09,32768,12.1664,5.8652
ga,1,int__tai15_15_09,65536,11.9309,11.6221
ga,1,int__tai15_15_09,131072,10.0863,22.7021
ga,1,int__tai15_15_09,262144,9.3014,44.8351
ga,1,int__tai15_15_09,524288,8.0063,90.5856
ga,1,int__tai15_15_09,1048576,8.3203,180.4997
ga,2,int__tai15_15_09,1,67.1115,0.0220
ga,2,int__tai15_15_09,2,67.1115,0.0220
ga,2,int__tai15_15_09,4,64.2072,0.0220
ga,2,int__tai15_15_09,8,64.2072,0.0230
ga,2,int__tai15_15_09,16,64.2072,0.0240
ga,2,int__tai15_15_09,32,64.2072,0.0260
ga,2,int__tai15_15_09,64,64.2072,0.0290
ga,2,int__tai15_15_09,128,53.2575,0.0350
ga,2,int__tai15_15_09,256,53.2575,0.0500
ga,2,int__tai15_15_09,512,53.2575,0.0930
ga,2,int__tai15_15_09,1024,53.9246,0.1830
ga,2,int__tai15_15_09,2048,48.3124,0.3661
ga,2,int__tai15_15_09,4096,38.8932,0.7062
ga,2,int__tai15_15_09,8192,27.6295,1.4054
ga,2,int__tai15_15_09,16384,18.7598,2.8083
ga,2,int__tai15_15_09,32768,13.5793,5.5963
ga,2,int__tai15_15_09,65536,10.2041,11.1268
ga,2,int__tai15_15_09,131072,8.8697,23.0119
ga,2,int__tai15_15_09,262144,8.8697,45.6793
ga,2,int__tai15_15_09,524288,8.8697,92.4668
ga,2,int__tai15_15_09,1048576,8.8697,191.6551
regla_bon,1,int__tai15_15_09,1,19.9765,0.0075
regla_bon,1,int__tai15_15_09,2,19.9765,0.0145
regla_bon,1,int__tai15_15_09,4,16.5620,0.0315
regla_bon,1,int__tai15_15_09,8,16.5620,0.0595
regla_bon,1,int__tai15_15_09,16,13.3830,0.1086
regla_bon,1,int__tai15_15_09,32,13.3830,0.2146
regla_bon,1,int__tai15_15_09,64,13.3830,0.4282
regla_bon,1,int__tai15_15_09,128,13.3830,0.8443
regla_bon,1,int__tai15_15_09,256,13.3830,1.6665
regla_bon,1,int__tai15_15_09,512,13.3438,3.3547
regla_bon,1,int__tai15_15_09,1024,11.2637,6.8223
regla_bon,1,int__tai15_15_09,2048,9.3799,13.5016
regla_bon,1,int__tai15_15_09,4096,9.3799,27.8830
regla_bon,1,int__tai15_15_09,8192,9.3799,55.2602
regla_bon,2,int__tai15_15_09,1,19.9765,0.0070
regla_bon,2,int__tai15_15_09,2,19.9765,0.0130
regla_bon,2,int__tai15_15_09,4,19.9765,0.0260
regla_bon,2,int__tai15_15_09,8,14.2465,0.0550
regla_bon,2,int__tai15_15_09,16,14.2465,0.1030
regla_bon,2,int__tai15_15_09,32,14.2465,0.2061
regla_bon,2,int__tai15_15_09,64,13.5793,0.4137
regla_bon,2,int__tai15_15_09,128,13.5793,0.8433
regla_bon,2,int__tai15_15_09,256,13.5793,1.6704
regla_bon,2,int__tai15_15_09,512,12.5589,3.3690
regla_bon,2,int__tai15_15_09,1024,12.5589,6.7975
regla_bon,2,int__tai15_15_09,2048,12.0879,13.3520
regla_bon,2,int__tai15_15_09,4096,11.3422,27.2543
regla_bon,2,int__tai15_15_09,8192,11.6170,56.9344
ga,1,int__tai15_15_10,1,93.5939,0.0280
ga,1,int__tai15_15_10,2,93.5939,0.0280
ga,1,int__tai15_15_10,4,93.5939,0.0290
ga,1,int__tai15_15_10,8,76.1483,0.0290
ga,1,int__tai15_15_10,16,66.0757,0.0300
ga,1,int__tai15_15_10,32,62.9331,0.0320
ga,1,int__tai15_15_10,64,62.9331,0.0360
ga,1,int__tai15_15_10,128,53.4247,0.0430
ga,1,int__tai15_15_10,256,53.4247,0.0590
ga,1,int__tai15_15_10,512,47.7438,0.0995
ga,1,int__tai15_15_10,1024,45.2055,0.1866
ga,1,int__tai15_15_10,2048,41.7002,0.3726
ga,1,int__tai15_15_10,4096,29.4118,0.7152
ga,1,int__tai15_15_10,8192,27.0346,1.4089
ga,1,int__tai15_15_10,16384,13.1749,2.9751
ga,1,int__tai15_15_10,32768,10.1128,5.8738
ga,1,int__tai15_15_10,65536,8.8638,11.6155
ga,1,int__tai15_15_10,131072,7.9371,22.7847
ga,1,int__tai15_15_10,262144,7.4940,44.9247
ga,1,int__tai15_15_10,524288,7.4940,90.3230
ga,1,int__tai15_15_10,1048576,6.9702,180.3857
ga,2,int__tai15_15_10,1,71.3537,0.0270
ga,2,int__tai15_15_10,2,71.3537,0.0270
ga,2,int__tai15_15_10,4,71.3537,0.0270
ga,2,int__tai15_15_10,8,71.3537,0.0280
ga,2,int__tai15_15_10,16,71.3537,0.0290
ga,2,int__tai15_15_10,32,71.3537,0.0310
ga,2,int__tai15_15_10,64,57.5342,0.0340
ga,2,int__tai15_15_10,128,57.5342,0.0420
ga,2,int__tai15_15_10,256,57.5342,0.0590
ga,2,int__tai15_15_10,512,57.5342,0.1070
ga,2,int__tai15_15_10,1024,53.0218,0.1890
ga,2,int__tai15_15_10,2048,46.0919,0.3720
ga,2,int__tai15_15_10,4096,31.8695,0.7362
ga,2,int__tai15_15_10,8192,22.8848,1.4394
ga,2,int__tai15_15_10,16384,15.7534,2.8248
ga,2,int__tai15_15_10,32768,11.1201,5.5853
ga,2,int__tai15_15_10,65536,8.6221,11.1587
ga,2,int__tai15_15_10,131072,8.4609,23.0829
ga,2,int__tai15_15_10,262144,8.4609,45.6648
ga,2,int__tai15_15_10,524288,8.4609,92.4298
ga,2,int__tai15_15_10,1048576,8.0580,191.6506
regla_bon,1,int__tai15_15_10,1,15.4311,0.0070
regla_bon,1,int__tai15_15_10,2,15.4311,0.0130
regla_bon,1,int__tai15_15_10,4,13.6180,0.0260
regla_bon,1,int__tai15_15_10,8,13.6180,0.0510
regla_bon,1,int__tai15_15_10,16,13.6180,0.1020
regla_bon,1,int__tai15_15_10,32,13.6180,0.2070
regla_bon,1,int__tai15_15_10,64,13.1346,0.4170
regla_bon,1,int__tai15_15_10,128,13.1346,0.8452
regla_bon,1,int__tai15_15_10,256,12.7720,1.6740
regla_bon,1,int__tai15_15_10,512,11.8050,3.3493
regla_bon,1,int__tai15_15_10,1024,11.2409,6.7608
regla_bon,1,int__tai15_15_10,2048,11.2409,13.4980
regla_bon,1,int__tai15_15_10,4096,10.6366,27.6159
regla_bon,1,int__tai15_15_10,8192,9.7099,54.7065
regla_bon,2,int__tai15_15_10,1,15.4311,0.0060
regla_bon,2,int__tai15_15_10,2,15.4311,0.0130
regla_bon,2,int__tai15_15_10,4,15.4311,0.0260
regla_bon,2,int__tai15_15_10,8,12.8122,0.0510
regla_bon,2,int__tai15_15_10,16,12.8122,0.0950
regla_bon,2,int__tai15_15_10,32,12.8122,0.2020
regla_bon,2,int__tai15_15_10,64,12.8122,0.4106
regla_bon,2,int__tai15_15_10,128,11.7647,0.8187
regla_bon,2,int__tai15_15_10,256,12.1676,1.6484
regla_bon,2,int__tai15_15_10,512,12.1676,3.2843
regla_bon,2,int__tai15_15_10,1024,12.1676,6.8473
regla_bon,2,int__tai15_15_10,2048,10.4351,13.3753
regla_bon,2,int__tai15_15_10,4096,9.5085,26.9726
regla_bon,2,int__tai15_15_10,8192,9.5085,55.6965
ga,1,int__tai20_15_01,1,115.9912,0.0366
ga,1,int__tai20_15_01,2,115.9912,0.0376
ga,1,int__tai20_15_01,4,103.5741,0.0376
ga,1,int__tai20_15_01,8,91.7465,0.0386
ga,1,int__tai20_15_01,16,91.7465,0.0396
ga,1,int__tai20_15_01,32,87.6934,0.0416
ga,1,int__tai20_15_01,64,77.7819,0.0466
ga,1,int__tai20_15_01,128,77.7819,0.0556
ga,1,int__tai20_15_01,256,72.5866,0.0736
ga,1,int__tai20_15_01,512,72.5866,0.1336
ga,1,int__tai20_15_01,1024,59.8747,0.2546
ga,1,int__tai20_15_01,2048,53.7214,0.4867
ga,1,int__tai20_15_01,4096,45.0626,0.9633
ga,1,int__tai20_15_01,8192,40.4937,1.8704
ga,1,int__tai20_15_01,16384,26.9344,3.9364
ga,1,int__tai20_15_01,32768,20.0442,7.6526
ga,1,int__tai20_15_01,65536,16.9492,15.2486
ga,1,int__tai20_15_01,131072,15.4753,29.6895
ga,1,int__tai20_15_01,262144,11.4223,58.9353
ga,1,int__tai20_15_01,524288,11.4223,118.4536
ga,1,int__tai20_15_01,1048576,11.4223,239.7239
ga,2,int__tai20_15_01,1,140.2727,0.0350
ga,2,int__tai20_15_01,2,99.0420,0.0350
ga,2,int__tai20_15_01,4,99.0420,0.0350
ga,2,int__tai20_15_01,8,97.4208,0.0360
ga,2,int__tai20_15_01,16,97.4208,0.0370
ga,2,int__tai20_15_01,32,81.2454,0.0400
ga,2,int__tai20_15_01,64,78.5188,0.0440
ga,2,int__tai20_15_01,128,78.5188,0.0540
ga,2,int__tai20_15_01,256,72.2918,0.0745
ga,2,int__tai20_15_01,512,71.9971,0.1305
ga,2,int__tai20_15_01,1024,60.5011,0.2505
ga,2,int__tai20_15_01,2048,57.6640,0.4711
ga,2,int__tai20_15_01,4096,50.4422,0.9372
ga,2,int__tai20_15_01,8192,42.1518,1.8290
ga,2,int__tai20_15_01,16384,25.4237,3.6796
ga,2,int__tai20_15_01,32768,15.3648,7.5631
ga,2,int__tai20_15_01,65536,11.1643,15.0798
ga,2,int__tai20_15_01,131072,11.1643,30.8265
ga,2,int__tai20_15_01,262144,9.0641,65.6316
ga,2,int__tai20_15_01,524288,9.0641,128.7938
ga,2,int__tai20_15_01,1048576,8.9167,250.0703
regla_bon,1,int__tai20_15_01,1,17.5018,0.0170
regla_bon,1,int__tai20_15_01,2,17.5018,0.0310
regla_bon,1,int__tai20_15_01,4,17.5018,0.0620
regla_bon,1,int__tai20_15_01,8,17.0597,0.1070
regla_bon,1,int__tai20_15_01,16,17.0597,0.1965
regla_bon,1,int__tai20_15_01,32,17.0597,0.3730
regla_bon,1,int__tai20_15_01,64,17.0597,0.7171
regla_bon,1,int__tai20_15_01,128,14.9963,1.4087
regla_bon,1,int__tai20_15_01,256,14.9963,2.7975
regla_bon,1,int__tai20_15_01,512,14.9963,5.5743
regla_bon,1,int__tai20_15_01,1024,12.5645,11.4988
regla_bon,1,int__tai20_15_01,2048,12.5645,22.7759
regla_bon,1,int__tai20_15_01,4096,12.5645,45.3319
regla_bon,1,int__tai20_15_01,8192,12.5645,91.2766
regla_bon,2,int__tai20_15_01,1,17.5018,0.0110
regla_bon,2,int__tai20_15_01,2,16.6912,0.0200
regla_bon,2,int__tai20_15_01,4,16.6912,0.0420
regla_bon,2,int__tai20_15_01,8,15.5490,0.0840
regla_bon,2,int__tai20_15_01,16,15.5490,0.1710
regla_bon,2,int__tai20_15_01,32,15.5490,0.3458
regla_bon,2,int__tai20_15_01,64,15.5490,0.6928
regla_bon,2,int__tai20_15_01,128,15.6227,1.3835
regla_bon,2,int__tai20_15_01,256,13.7804,2.7723
regla_bon,2,int__tai20_15_01,512,13.7804,5.5788
regla_bon,2,int__tai20_15_01,1024,13.7804,11.0314
regla_bon,2,int__tai20_15_01,2048,13.7804,22.0757
regla_bon,2,int__tai20_15_01,4096,13.7804,45.4015
regla_bon,2,int__tai20_15_01,8192,13.1540,89.8802
ga,1,int__tai20_15_02,1,136.9422,0.0320
ga,1,int__tai20_15_02,2,105.4133,0.0330
ga,1,int__tai20_15_02,4,86.3204,0.0330
ga,1,int__tai20_15_02,8,86.3204,0.0330
ga,1,int__tai20_15_02,16,86.3204,0.0350
ga,1,int__tai20_15_02,32,73.8844,0.0370
ga,1,int__tai20_15_02,64,73.8844,0.0420
ga,1,int__tai20_15_02,128,73.8844,0.0520
ga,1,int__tai20_15_02,256,73.1529,0.0710
ga,1,int__tai20_15_02,512,70.1536,0.1270
ga,1,int__tai20_15_02,1024,65.5450,0.2385
ga,1,int__tai20_15_02,2048,60.6437,0.4636
ga,1,int__tai20_15_02,4096,51.2070,0.9245
ga,1,int__tai20_15_02,8192,39.4294,1.9988
ga,1,int__tai20_15_02,16384,25.3475,3.9660
ga,1,int__tai20_15_02,32768,17.0446,7.6921
ga,1,int__tai20_15_02,65536,12.2165,15.2390
ga,1,int__tai20_15_02,131072,11.4484,29.5923
ga,1,int__tai20_15_02,262144,10.1683,58.9783
ga,1,int__tai20_15_02,524288,10.1683,118.7664
ga,1,int__tai20_15_02,1048576,10.1683,240.2882
ga,2,int__tai20_15_02,1,105.6693,0.0410
ga,2,int__tai20_15_02,2,105.6693,0.0410
ga,2,int__tai20_15_02,4,84.9671,0.0410
ga,2,int__tai20_15_02,8,84.9671,0.0420
ga,2,int__tai20_15_02,16,80.0293,0.0430
ga,2,int__tai20_15_02,32,80.0293,0.0450
ga,2,int__tai20_15_02,64,80.0293,0.0490
ga,2,int__tai20_15_02,128,80.0293,0.0590
ga,2,int__tai20_15_02,256,67.4835,0.0790
ga,2,int__tai20_15_02,512,65.2158,0.1366
ga,2,int__tai20_15_02,1024,64.5940,0.2436
ga,2,int__tai20_15_02,2048,51.4631,0.4616
ga,2,int__tai20_15_02,4096,46.8910,0.9104
ga,2,int__tai20_15_02,8192,33.9064,1.8552
ga,2,int__tai20_15_02,16384,25.1646,3.6295
ga,2,int__tai20_15_02,32768,18.5077,7.5746
ga,2,int__tai20_15_02,65536,13.7162,15.4505
ga,2,int__tai20_15_02,131072,11.5216,31.1338
ga,2,int__tai20_15_02,262144,10.8266,65.6425
ga,2,int__tai20_15_02,524288,10.3146,128.7633
ga,2,int__tai20_15_02,1048576,10.1683,250.2640
regla_bon,1,int__tai20_15_02,1,17.6298,0.0110
regla_bon,1,int__tai20_15_02,2,17.6298,0.0205
regla_bon,1,int__tai20_15_02,4,16.1668,0.0410
regla_bon,1,int__tai20_15_02,8,15.4353,0.0840
regla_bon,1,int__tai20_15_02,16,13.6064,0.1751
regla_bon,1,int__tai20_15_02,32,13.6064,0.3572
regla_bon,1,int__tai20_15_02,64,13.6064,0.7032
regla_bon,1,int__tai20_15_02,128,12.6189,1.3838
regla_bon,1,int__tai20_15_02,256,13.0578,2.7602
regla_bon,1,int__tai20_15_02,512,11.9605,5.5015
regla_bon,1,int__tai20_15_02,1024,11.9605,11.5360
regla_bon,1,int__tai20_15_02,2048,11.9971,22.4871
regla_bon,1,int__tai20_15_02,4096,10.8632,44.9500
regla_bon,1,int__tai20_15_02,8192,10.6437,90.9152
regla_bon,2,int__tai20_15_02,1,17.6298,0.0120
regla_bon,2,int__tai20_15_02,2,17.6298,0.0210
regla_bon,2,int__tai20_15_02,4,17.6298,0.0420
regla_bon,2,int__tai20_15_02,8,16.9349,0.0825
regla_bon,2,int__tai20_15_02,16,16.9349,0.1735
regla_bon,2,int__tai20_15_02,32,16.9349,0.3420
regla_bon,2,int__tai20_15_02,64,13.6430,0.6786
regla_bon,2,int__tai20_15_02,128,13.6430,1.3542
regla_bon,2,int__tai20_15_02,256,13.2407,2.7039
regla_bon,2,int__tai20_15_02,512,13.2407,5.4554
regla_bon,2,int__tai20_15_02,1024,11.4119,10.8998
regla_bon,2,int__tai20_15_02,2048,11.4119,21.7910
regla_bon,2,int__tai20_15_02,4096,9.4367,45.4389
regla_bon,2,int__tai20_15_02,8192,9.4367,89.5640
ga,1,int__tai20_15_03,1,97.9881,0.0390
ga,1,int__tai20_15_03,2,97.9881,0.0390
ga,1,int__tai20_15_03,4,93.5917,0.0390
ga,1,int__tai20_15_03,8,93.5917,0.0400
ga,1,int__tai20_15_03,16,88.9344,0.0410
ga,1,int__tai20_15_03,32,75.8942,0.0460
ga,1,int__tai20_15_03,64,71.4605,0.0520
ga,1,int__tai20_15_03,128,71.4605,0.0640
ga,1,int__tai20_15_03,256,72.1311,0.0990
ga,1,int__tai20_15_03,512,69.1505,0.2320
ga,1,int__tai20_15_03,1024,65.2012,0.4340
ga,1,int__tai20_15_03,2048,59.9851,0.8241
ga,1,int__tai20_15_03,4096,53.0551,1.4637
ga,1,int__tai20_15_03,8192,39.9404,2.7531
ga,1,int__tai20_15_03,16384,25.4844,4.9207
ga,1,int__tai20_15_03,32768,16.6915,9.5337
ga,1,int__tai20_15_03,65536,12.8912,17.5313
ga,1,int__tai20_15_03,131072,11.1773,32.3040
ga,1,int__tai20_15_03,262144,11.0283,61.4112
ga,1,int__tai20_15_03,524288,10.8048,120.2504
ga,1,int__tai20_15_03,1048576,10.6557,240.0435
ga,2,int__tai20_15_03,1,114.9031,0.0340
ga,2,int__tai20_15_03,2,101.8629,0.0340
ga,2,int__tai20_15_03,4,98.7332,0.0340
ga,2,int__tai20_15_03,8,98.7332,0.0350
ga,2,int__tai20_15_03,16,87.7794,0.0360
ga,2,int__tai20_15_03,32,87.7794,0.0380
ga,2,int__tai20_15_03,64,82.6006,0.0420
ga,2,int__tai20_15_03,128,80.9985,0.0500
ga,2,int__tai20_15_03,256,67.4367,0.0660
ga,2,int__tai20_15_03,512,67.4367,0.1200
ga,2,int__tai20_15_03,1024,64.5306,0.2260
ga,2,int__tai20_15_03,2048,59.6125,0.4435
ga,2,int__tai20_15_03,4096,48.8823,0.8761
ga,2,int__tai20_15_03,8192,37.2578,1.7529
ga,2,int__tai20_15_03,16384,27.2727,3.5414
ga,2,int__tai20_15_03,32768,20.2310,7.1280
ga,2,int__tai20_15_03,65536,12.7049,14.3331
ga,2,int__tai20_15_03,131072,12.0715,29.2120
ga,2,int__tai20_15_03,262144,11.6990,57.8252
ga,2,int__tai20_15_03,524288,11.6990,115.1035
ga,2,int__tai20_15_03,1048576,11.6990,230.4755
regla_bon,1,int__tai20_15_03,1,13.3010,0.0120
regla_bon,1,int__tai20_15_03,2,13.3010,0.0210
regla_bon,1,int__tai20_15_03,4,13.3010,0.0410
regla_bon,1,int__tai20_15_03,8,13.3010,0.0810
regla_bon,1,int__tai20_15_03,16,13.3010,0.1710
regla_bon,1,int__tai20_15_03,32,13.3010,0.3396
regla_bon,1,int__tai20_15_03,64,13.3010,0.6832
regla_bon,1,int__tai20_15_03,128,14.5306,1.3775
regla_bon,1,int__tai20_15_03,256,14.5306,2.7414
regla_bon,1,int__tai20_15_03,512,14.5306,5.4665
regla_bon,1,int__tai20_15_03,1024,14.5306,11.1311
regla_bon,1,int__tai20_15_03,2048,11.8480,21.9803
regla_bon,1,int__tai20_15_03,4096,11.8480,44.0953
regla_bon,1,int__tai20_15_03,8192,11.8480,87.3892
regla_bon,2,int__tai20_15_03,1,13.3010,0.0120
regla_bon,2,int__tai20_15_03,2,13.3010,0.0230
regla_bon,2,int__tai20_15_03,4,13.3010,0.0440
regla_bon,2,int__tai20_15_03,8,13.3010,0.0870
regla_bon,2,int__tai20_15_03,16,13.3010,0.1680
regla_bon,2,int__tai20_15_03,32,13.3010,0.3331
regla_bon,2,int__tai20_15_03,64,13.3010,0.6621
regla_bon,2,int__tai20_15_03,128,14.1207,1.3403
regla_bon,2,int__tai20_15_03,256,12.9285,2.6837
regla_bon,2,int__tai20_15_03,512,12.9285,5.3377
regla_bon,2,int__tai20_15_03,1024,12.9285,10.6941
regla_bon,2,int__tai20_15_03,2048,12.9285,21.3497
regla_bon,2,int__tai20_15_03,4096,12.9285,42.7792
regla_bon,2,int__tai20_15_03,8192,12.0343,87.4224
ga,1,int__tai20_15_04,1,120.4089,0.0365
ga,1,int__tai20_15_04,2,95.8364,0.0371
ga,1,int__tai20_15_04,4,79.9257,0.0371
ga,1,int__tai20_15_04,8,79.9257,0.0371
ga,1,int__tai20_15_04,16,79.9257,0.0390
ga,1,int__tai20_15_04,32,79.9257,0.0410
ga,1,int__tai20_15_04,64,68.4387,0.0460
ga,1,int__tai20_15_04,128,68.4387,0.0560
ga,1,int__tai20_15_04,256,68.4387,0.0770
ga,1,int__tai20_15_04,512,61.1152,0.1410
ga,1,int__tai20_15_04,1024,57.9182,0.2560
ga,1,int__tai20_15_04,2048,49.4796,0.5226
ga,1,int__tai20_15_04,4096,44.0149,1.1048
ga,1,int__tai20_15_04,8192,36.3569,2.3172
ga,1,int__tai20_15_04,16384,20.7435,4.5542
ga,1,int__tai20_15_04,32768,14.3494,8.2879
ga,1,int__tai20_15_04,65536,9.5167,15.6950
ga,1,int__tai20_15_04,131072,9.5167,30.1104
ga,1,int__tai20_15_04,262144,9.5167,58.8468
ga,1,int__tai20_15_04,524288,9.5167,117.1891
ga,1,int__tai20_15_04,1048576,9.5167,236.0331
ga,2,int__tai20_15_04,1,116.0595,0.0360
ga,2,int__tai20_15_04,2,102.6022,0.0360
ga,2,int__tai20_15_04,4,77.9554,0.0360
ga,2,int__tai20_15_04,8,77.9554,0.0370
ga,2,int__tai20_15_04,16,77.9554,0.0380
ga,2,int__tai20_15_04,32,77.9554,0.0400
ga,2,int__tai20_15_04,64,77.9554,0.0440
ga,2,int__tai20_15_04,128,70.5576,0.0540
ga,2,int__tai20_15_04,256,63.9777,0.0730
ga,2,int__tai20_15_04,512,63.9777,0.1281
ga,2,int__tai20_15_04,1024,54.6097,0.2411
ga,2,int__tai20_15_04,2048,52.8253,0.4641
ga,2,int__tai20_15_04,4096,47.0260,0.9002
ga,2,int__tai20_15_04,8192,35.6506,1.7734
ga,2,int__tai20_15_04,16384,28.3643,3.5791
ga,2,int__tai20_15_04,32768,18.5130,7.1458
ga,2,int__tai20_15_04,65536,12.8625,14.7996
ga,2,int__tai20_15_04,131072,13.0855,29.0903
ga,2,int__tai20_15_04,262144,11.4126,57.2736
ga,2,int__tai20_15_04,524288,11.4126,114.0656
ga,2,int__tai20_15_04,1048576,11.4126,228.3614
regla_bon,1,int__tai20_15_04,1,13.1970,0.0100
regla_bon,1,int__tai20_15_04,2,13.1970,0.0190
regla_bon,1,int__tai20_15_04,4,13.1970,0.0380
regla_bon,1,int__tai20_15_04,8,13.1970,0.0790
regla_bon,1,int__tai20_15_04,16,13.1970,0.1650
regla_bon,1,int__tai20_15_04,32,12.9740,0.3390
regla_bon,1,int__tai20_15_04,64,12.9740,0.6761
regla_bon,1,int__tai20_15_04,128,12.9740,1.3583
regla_bon,1,int__tai20_15_04,256,12.9740,2.7923
regla_bon,1,int__tai20_15_04,512,11.9703,5.6395
regla_bon,1,int__tai20_15_04,1024,11.9703,11.1090
regla_bon,1,int__tai20_15_04,2048,10.8550,21.9381
regla_bon,1,int__tai20_15_04,4096,10.0743,43.9596
regla_bon,1,int__tai20_15_04,8192,10.0743,86.9724
regla_bon,2,int__tai20_15_04,1,13.1970,0.0120
regla_bon,2,int__tai20_15_04,2,13.1970,0.0230
regla_bon,2,int__tai20_15_04,4,13.1970,0.0440
regla_bon,2,int__tai20_15_04,8,13.1970,0.0870
regla_bon,2,int__tai20_15_04,16,13.1970,0.1691
regla_bon,2,int__tai20_15_04,32,13.1970,0.3291
regla_bon,2,int__tai20_15_04,64,12.9740,0.6672
regla_bon,2,int__tai20_15_04,128,12.9740,1.3504
regla_bon,2,int__tai20_15_04,256,12.9740,2.6607
regla_bon,2,int__tai20_15_04,512,10.2974,5.3469
regla_bon,2,int__tai20_15_04,1024,10.2974,10.6585
regla_bon,2,int__tai20_15_04,2048,10.2974,21.3312
regla_bon,2,int__tai20_15_04,4096,9.7398,42.6416
regla_bon,2,int__tai20_15_04,8192,8.4387,87.0378
ga,1,int__tai20_15_05,1,111.7252,0.0455
ga,1,int__tai20_15_05,2,111.7252,0.0455
ga,1,int__tai20_15_05,4,100.4481,0.0475
ga,1,int__tai20_15_05,8,78.7155,0.0485
ga,1,int__tai20_15_05,16,78.7155,0.0495
ga,1,int__tai20_15_05,32,78.7155,0.0525
ga,1,int__tai20_15_05,64,64.8992,0.0575
ga,1,int__tai20_15_05,128,64.8992,0.0695
ga,1,int__tai20_15_05,256,64.8992,0.0955
ga,1,int__tai20_15_05,512,64.8992,0.1711
ga,1,int__tai20_15_05,1024,62.1733,0.3231
ga,1,int__tai20_15_05,2048,53.9582,0.6337
ga,1,int__tai20_15_05,4096,48.7304,1.2153
ga,1,int__tai20_15_05,8192,42.1957,2.4740
ga,1,int__tai20_15_05,16384,33.0844,4.7763
ga,1,int__tai20_15_05,32768,19.1187,9.0847
ga,1,int__tai20_15_05,65536,14.6004,16.7909
ga,1,int__tai20_15_05,131072,13.5549,31.4725
ga,1,int__tai20_15_05,262144,13.5549,60.1920
ga,1,int__tai20_15_05,524288,11.6131,118.1785
ga,1,int__tai20_15_05,1048576,11.6131,236.4706
ga,2,int__tai20_15_05,1,121.2845,0.0337
ga,2,int__tai20_15_05,2,112.0239,0.0337
ga,2,int__tai20_15_05,4,85.3996,0.0337
ga,2,int__tai20_15_05,8,85.3996,0.0347
ga,2,int__tai20_15_05,16,78.6408,0.0357
ga,2,int__tai20_15_05,32,78.6408,0.0377
ga,2,int__tai20_15_05,64,78.6408,0.0407
ga,2,int__tai20_15_05,128,75.4294,0.0517
ga,2,int__tai20_15_05,256,75.4294,0.0738
ga,2,int__tai20_15_05,512,60.1942,0.1269
ga,2,int__tai20_15_05,1024,60.1942,0.2479
ga,2,int__tai20_15_05,2048,52.6512,0.4794
ga,2,int__tai20_15_05,4096,51.1949,0.8990
ga,2,int__tai20_15_05,8192,39.2457,1.7766
ga,2,int__tai20_15_05,16384,27.2965,3.5447
ga,2,int__tai20_15_05,32768,18.0358,7.0708
ga,2,int__tai20_15_05,65536,15.1232,14.1965
ga,2,int__tai20_15_05,131072,13.6296,29.0238
ga,2,int__tai20_15_05,262144,13.6296,57.2264
ga,2,int__tai20_15_05,524288,10.4929,113.8032
ga,2,int__tai20_15_05,1048576,9.4473,227.5216
regla_bon,1,int__tai20_15_05,1,16.6542,0.0100
regla_bon,1,int__tai20_15_05,2,16.6542,0.0200
regla_bon,1,int__tai20_15_05,4,16.6542,0.0395
regla_bon,1,int__tai20_15_05,8,16.6542,0.0825
regla_bon,1,int__tai20_15_05,16,16.6542,0.1635
regla_bon,1,int__tai20_15_05,32,16.6542,0.3315
regla_bon,1,int__tai20_15_05,64,16.6542,0.6867
regla_bon,1,int__tai20_15_05,128,16.6542,1.3749
regla_bon,1,int__tai20_15_05,256,16.6542,2.7483
regla_bon,1,int__tai20_15_05,512,16.4675,5.4996
regla_bon,1,int__tai20_15_05,1024,16.4675,11.1707
regla_bon,1,int__tai20_15_05,2048,14.3764,22.1768
regla_bon,1,int__tai20_15_05,4096,14.3764,44.4435
regla_bon,1,int__tai20_15_05,8192,14.3764,88.4227
regla_bon,2,int__tai20_15_05,1,16.6542,0.0120
regla_bon,2,int__tai20_15_05,2,16.6542,0.0230
regla_bon,2,int__tai20_15_05,4,16.6542,0.0420
regla_bon,2,int__tai20_15_05,8,16.6542,0.0840
regla_bon,2,int__tai20_15_05,16,16.6542,0.1681
regla_bon,2,int__tai20_15_05,32,16.6542,0.3336
regla_bon,2,int__tai20_15_05,64,16.6542,0.6652
regla_bon,2,int__tai20_15_05,128,15.5713,1.3353
regla_bon,2,int__tai20_15_05,256,15.5713,2.6372
regla_bon,2,int__tai20_15_05,512,16.0568,5.3278
regla_bon,2,int__tai20_15_05,1024,15.1606,10.6567
regla_bon,2,int__tai20_15_05,2048,15.1606,21.3980
regla_bon,2,int__tai20_15_05,4096,14.4884,43.0520
regla_bon,2,int__tai20_15_05,8192,15.7580,87.3270
ga,1,int__tai20_15_06,1,97.6471,0.0400
ga,1,int__tai20_15_06,2,95.1471,0.0400
ga,1,int__tai20_15_06,4,95.1471,0.0410
ga,1,int__tai20_15_06,8,95.1471,0.0420
ga,1,int__tai20_15_06,16,84.3750,0.0440
ga,1,int__tai20_15_06,32,78.8971,0.0460
ga,1,int__tai20_15_06,64,78.8971,0.0510
ga,1,int__tai20_15_06,128,78.8971,0.0620
ga,1,int__tai20_15_06,256,65.5882,0.0840
ga,1,int__tai20_15_06,512,58.0882,0.1486
ga,1,int__tai20_15_06,1024,58.0882,0.2737
ga,1,int__tai20_15_06,2048,54.9632,0.5987
ga,1,int__tai20_15_06,4096,48.4559,1.5018
ga,1,int__tai20_15_06,8192,40.1838,2.8503
ga,1,int__tai20_15_06,16384,25.0735,5.0401
ga,1,int__tai20_15_06,32768,17.2426,9.3372
ga,1,int__tai20_15_06,65536,13.5294,17.4844
ga,1,int__tai20_15_06,131072,10.2941,32.0941
ga,1,int__tai20_15_06,262144,10.2206,60.9632
ga,1,int__tai20_15_06,524288,9.3382,119.0943
ga,1,int__tai20_15_06,1048576,9.2279,237.3651
ga,2,int__tai20_15_06,1,144.8897,0.0360
ga,2,int__tai20_15_06,2,93.6029,0.0360
ga,2,int__tai20_15_06,4,87.7206,0.0360
ga,2,int__tai20_15_06,8,87.7206,0.0370
ga,2,int__tai20_15_06,16,87.7206,0.0380
ga,2,int__tai20_15_06,32,83.7500,0.0400
ga,2,int__tai20_15_06,64,68.9338,0.0440
ga,2,int__tai20_15_06,128,68.9338,0.0550
ga,2,int__tai20_15_06,256,58.7132,0.0720
ga,2,int__tai20_15_06,512,58.7132,0.1295
ga,2,int__tai20_15_06,1024,58.4191,0.2470
ga,2,int__tai20_15_06,2048,59.1176,0.4657
ga,2,int__tai20_15_06,4096,48.5294,0.9193
ga,2,int__tai20_15_06,8192,41.9118,1.8156
ga,2,int__tai20_15_06,16384,30.1103,3.6097
ga,2,int__tai20_15_06,32768,16.7647,7.0902
ga,2,int__tai20_15_06,65536,12.7574,14.1720
ga,2,int__tai20_15_06,131072,12.2059,29.0185
ga,2,int__tai20_15_06,262144,11.9853,57.2921
ga,2,int__tai20_15_06,524288,9.4118,113.7642
ga,2,int__tai20_15_06,1048576,9.1912,227.5021
regla_bon,1,int__tai20_15_06,1,15.5515,0.0120
regla_bon,1,int__tai20_15_06,2,15.5515,0.0240
regla_bon,1,int__tai20_15_06,4,15.0368,0.0435
regla_bon,1,int__tai20_15_06,8,15.0368,0.0871
regla_bon,1,int__tai20_15_06,16,15.0368,0.1786
regla_bon,1,int__tai20_15_06,32,15.0368,0.3579
regla_bon,1,int__tai20_15_06,64,13.9338,0.7144
regla_bon,1,int__tai20_15_06,128,12.3529,1.3941
regla_bon,1,int__tai20_15_06,256,12.3529,2.7511
regla_bon,1,int__tai20_15_06,512,12.3529,5.4793
regla_bon,1,int__tai20_15_06,1024,12.3529,10.9974
regla_bon,1,int__tai20_15_06,2048,12.3529,22.0544
regla_bon,1,int__tai20_15_06,4096,11.7647,44.1027
regla_bon,1,int__tai20_15_06,8192,11.7647,87.8147
regla_bon,2,int__tai20_15_06,1,15.5515,0.0120
regla_bon,2,int__tai20_15_06,2,15.5515,0.0230
regla_bon,2,int__tai20_15_06,4,15.5515,0.0430
regla_bon,2,int__tai20_15_06,8,15.5515,0.0821
regla_bon,2,int__tai20_15_06,16,15.5515,0.1670
regla_bon,2,int__tai20_15_06,32,15.5515,0.3366
regla_bon,2,int__tai20_15_06,64,15.5515,0.6776
regla_bon,2,int__tai20_15_06,128,14.9632,1.3269
regla_bon,2,int__tai20_15_06,256,14.9632,2.6608
regla_bon,2,int__tai20_15_06,512,14.9632,5.3389
regla_bon,2,int__tai20_15_06,1024,12.3529,10.6446
regla_bon,2,int__tai20_15_06,2048,13.5662,21.3117
regla_bon,2,int__tai20_15_06,4096,11.5441,42.9562
regla_bon,2,int__tai20_15_06,8192,11.9485,87.2930
ga,1,int__tai20_15_07,1,105.7798,0.0340
ga,1,int__tai20_15_07,2,93.3653,0.0340
ga,1,int__tai20_15_07,4,93.3653,0.0340
ga,1,int__tai20_15_07,8,92.4761,0.0340
ga,1,int__tai20_15_07,16,78.6252,0.0350
ga,1,int__tai20_15_07,32,78.6252,0.0370
ga,1,int__tai20_15_07,64,75.5814,0.0420
ga,1,int__tai20_15_07,128,75.3078,0.0510
ga,1,int__tai20_15_07,256,66.6211,0.0700
ga,1,int__tai20_15_07,512,64.2271,0.1280
ga,1,int__tai20_15_07,1024,59.4049,0.2426
ga,1,int__tai20_15_07,2048,48.8372,0.4931
ga,1,int__tai20_15_07,4096,42.7839,1.0018
ga,1,int__tai20_15_07,8192,33.4131,1.9065
ga,1,int__tai20_15_07,16384,22.3666,3.6836
ga,1,int__tai20_15_07,32768,16.9631,7.3330
ga,1,int__tai20_15_07,65536,14.3981,14.4689
ga,1,int__tai20_15_07,131072,12.5513,28.9639
ga,1,int__tai20_15_07,262144,11.2517,58.0540
ga,1,int__tai20_15_07,524288,11.2517,117.6912
ga,1,int__tai20_15_07,1048576,11.2517,231.8919
ga,2,int__tai20_15_07,1,111.3543,0.0380
ga,2,int__tai20_15_07,2,99.3844,0.0380
ga,2,int__tai20_15_07,4,98.1532,0.0380
ga,2,int__tai20_15_07,8,68.7415,0.0390
ga,2,int__tai20_15_07,16,68.7415,0.0400
ga,2,int__tai20_15_07,32,68.7415,0.0430
ga,2,int__tai20_15_07,64,68.7415,0.0480
ga,2,int__tai20_15_07,128,67.7839,0.0560
ga,2,int__tai20_15_07,256,67.7839,0.0750
ga,2,int__tai20_15_07,512,62.5171,0.1310
ga,2,int__tai20_15_07,1024,62.5171,0.2571
ga,2,int__tai20_15_07,2048,53.4200,0.4821
ga,2,int__tai20_15_07,4096,40.7319,0.9288
ga,2,int__tai20_15_07,8192,31.7373,1.8121
ga,2,int__tai20_15_07,16384,17.8865,3.5866
ga,2,int__tai20_15_07,32768,15.9029,7.0739
ga,2,int__tai20_15_07,65536,11.9357,14.2074
ga,2,int__tai20_15_07,131072,11.8331,28.4526
ga,2,int__tai20_15_07,262144,11.5253,56.9860
ga,2,int__tai20_15_07,524288,8.2421,116.1906
ga,2,int__tai20_15_07,1048576,8.1053,230.0609
regla_bon,1,int__tai20_15_07,1,13.8509,0.0100
regla_bon,1,int__tai20_15_07,2,13.8509,0.0200
regla_bon,1,int__tai20_15_07,4,12.8933,0.0400
regla_bon,1,int__tai20_15_07,8,11.8673,0.0840
regla_bon,1,int__tai20_15_07,16,11.8673,0.1705
regla_bon,1,int__tai20_15_07,32,10.0889,0.3343
regla_bon,1,int__tai20_15_07,64,10.0889,0.6639
regla_bon,1,int__tai20_15_07,128,10.0889,1.3070
regla_bon,1,int__tai20_15_07,256,10.0889,2.6713
regla_bon,1,int__tai20_15_07,512,10.0889,5.3202
regla_bon,1,int__tai20_15_07,1024,10.0889,10.8082
regla_bon,1,int__tai20_15_07,2048,10.0889,21.3366
regla_bon,1,int__tai20_15_07,4096,10.0889,42.5511
regla_bon,1,int__tai20_15_07,8192,10.0889,85.3144
regla_bon,2,int__tai20_15_07,1,13.8509,0.0125
regla_bon,2,int__tai20_15_07,2,13.8509,0.0235
regla_bon,2,int__tai20_15_07,4,13.8509,0.0445
regla_bon,2,int__tai20_15_07,8,13.8509,0.0875
regla_bon,2,int__tai20_15_07,16,13.8509,0.1684
regla_bon,2,int__tai20_15_07,32,13.8509,0.3315
regla_bon,2,int__tai20_15_07,64,12.7223,0.6676
regla_bon,2,int__tai20_15_07,128,11.9015,1.3617
regla_bon,2,int__tai20_15_07,256,11.9015,2.6731
regla_bon,2,int__tai20_15_07,512,12.1751,5.3303
regla_bon,2,int__tai20_15_07,1024,10.1231,10.6181
regla_bon,2,int__tai20_15_07,2048,10.1231,21.2672
regla_bon,2,int__tai20_15_07,4096,10.1231,42.6416
regla_bon,2,int__tai20_15_07,8192,10.5677,85.0213
ga,1,int__tai20_15_08,1,128.9034,0.0330
ga,1,int__tai20_15_08,2,114.9601,0.0330
ga,1,int__tai20_15_08,4,105.7371,0.0340
ga,1,int__tai20_15_08,8,94.1540,0.0340
ga,1,int__tai20_15_08,16,86.5650,0.0350
ga,1,int__tai20_15_08,32,79.0123,0.0380
ga,1,int__tai20_15_08,64,71.8591,0.0420
ga,1,int__tai20_15_08,128,71.8591,0.0520
ga,1,int__tai20_15_08,256,71.8591,0.0730
ga,1,int__tai20_15_08,512,68.7727,0.1310
ga,1,int__tai20_15_08,1024,65.9041,0.2430
ga,1,int__tai20_15_08,2048,56.1365,0.4700
ga,1,int__tai20_15_08,4096,46.0784,0.9266
ga,1,int__tai20_15_08,8192,36.4561,1.8315
ga,1,int__tai20_15_08,16384,28.8671,3.6610
ga,1,int__tai20_15_08,32768,20.7698,7.2134
ga,1,int__tai20_15_08,65536,16.4125,14.4017
ga,1,int__tai20_15_08,131072,15.5410,28.8423
ga,1,int__tai20_15_08,262144,15.5410,58.0074
ga,1,int__tai20_15_08,524288,15.5410,117.6055
ga,1,int__tai20_15_08,1048576,15.5410,231.3934
ga,2,int__tai20_15_08,1,102.9049,0.0350
ga,2,int__tai20_15_08,2,97.2767,0.0350
ga,2,int__tai20_15_08,4,97.2767,0.0360
ga,2,int__tai20_15_08,8,97.2767,0.0360
ga,2,int__tai20_15_08,16,75.9622,0.0370
ga,2,int__tai20_15_08,32,75.9622,0.0400
ga,2,int__tai20_15_08,64,75.9622,0.0450
ga,2,int__tai20_15_08,128,75.9622,0.0545
ga,2,int__tai20_15_08,256,69.0632,0.0725
ga,2,int__tai20_15_08,512,65.4321,0.1265
ga,2,int__tai20_15_08,1024,57.5163,0.2396
ga,2,int__tai20_15_08,2048,58.1699,0.4547
ga,2,int__tai20_15_08,4096,44.3355,0.8909
ga,2,int__tai20_15_08,8192,36.5287,1.7830
ga,2,int__tai20_15_08,16384,26.1801,3.5435
ga,2,int__tai20_15_08,32768,21.3508,7.0388
ga,2,int__tai20_15_08,65536,18.7364,14.1689
ga,2,int__tai20_15_08,131072,16.9208,28.3111
ga,2,int__tai20_15_08,262144,16.9208,56.7189
ga,2,int__tai20_15_08,524288,16.9208,116.5273
ga,2,int__tai20_15_08,1048576,16.9208,230.2614
regla_bon,1,int__tai20_15_08,1,23.5657,0.0100
regla_bon,1,int__tai20_15_08,2,23.5657,0.0210
regla_bon,1,int__tai20_15_08,4,23.5657,0.0435
regla_bon,1,int__tai20_15_08,8,23.2752,0.0875
regla_bon,1,int__tai20_15_08,16,18.6638,0.1715
regla_bon,1,int__tai20_15_08,32,18.6638,0.3415
regla_bon,1,int__tai20_15_08,64,18.6638,0.6571
regla_bon,1,int__tai20_15_08,128,18.6638,1.3143
regla_bon,1,int__tai20_15_08,256,18.6638,2.6930
regla_bon,1,int__tai20_15_08,512,17.6107,5.3839
regla_bon,1,int__tai20_15_08,1024,15.7952,10.8111
regla_bon,1,int__tai20_15_08,2048,15.7952,21.2964
regla_bon,1,int__tai20_15_08,4096,15.7952,42.6719
regla_bon,1,int__tai20_15_08,8192,15.7952,85.4442
regla_bon,2,int__tai20_15_08,1,23.5657,0.0130
regla_bon,2,int__tai20_15_08,2,23.5657,0.0240
regla_bon,2,int__tai20_15_08,4,23.5657,0.0455
regla_bon,2,int__tai20_15_08,8,20.7335,0.0875
regla_bon,2,int__tai20_15_08,16,20.7335,0.1675
regla_bon,2,int__tai20_15_08,32,20.7335,0.3255
regla_bon,2,int__tai20_15_08,64,20.1162,0.6481
regla_bon,2,int__tai20_15_08,128,20.1162,1.3163
regla_bon,2,int__tai20_15_08,256,20.1162,2.6296
regla_bon,2,int__tai20_15_08,512,19.7894,5.2953
regla_bon,2,int__tai20_15_08,1024,19.0269,10.5866
regla_bon,2,int__tai20_15_08,2048,18.3007,21.1783
regla_bon,2,int__tai20_15_08,4096,15.9041,42.4376
regla_bon,2,int__tai20_15_08,8192,15.9041,84.6998
ga,1,int__tai20_15_09,1,168.4309,0.0320
ga,1,int__tai20_15_09,2,127.4775,0.0320
ga,1,int__tai20_15_09,4,110.7357,0.0330
ga,1,int__tai20_15_09,8,95.0075,0.0330
ga,1,int__tai20_15_09,16,95.0075,0.0340
ga,1,int__tai20_15_09,32,74.0240,0.0370
ga,1,int__tai20_15_09,64,70.7583,0.0420
ga,1,int__tai20_15_09,128,68.8438,0.0510
ga,1,int__tai20_15_09,256,68.8438,0.0700
ga,1,int__tai20_15_09,512,68.8438,0.1290
ga,1,int__tai20_15_09,1024,61.3739,0.2425
ga,1,int__tai20_15_09,2048,56.9444,0.4696
ga,1,int__tai20_15_09,4096,46.3589,0.9088
ga,1,int__tai20_15_09,8192,34.9474,1.7829
ga,1,int__tai20_15_09,16384,25.9760,3.5624
ga,1,int__tai20_15_09,32768,17.1547,7.0912
ga,1,int__tai20_15_09,65536,17.0420,14.1148
ga,1,int__tai20_15_09,131072,17.0420,29.0985
ga,1,int__tai20_15_09,262144,17.0420,57.6033
ga,1,int__tai20_15_09,524288,17.0420,115.3442
ga,1,int__tai20_15_09,1048576,17.0420,232.1868
ga,2,int__tai20_15_09,1,118.0180,0.0350
ga,2,int__tai20_15_09,2,109.4595,0.0360
ga,2,int__tai20_15_09,4,94.4820,0.0360
ga,2,int__tai20_15_09,8,94.4820,0.0370
ga,2,int__tai20_15_09,16,92.4174,0.0380
ga,2,int__tai20_15_09,32,82.2072,0.0420
ga,2,int__tai20_15_09,64,82.7703,0.0470
ga,2,int__tai20_15_09,128,82.7703,0.0570
ga,2,int__tai20_15_09,256,76.8393,0.0775
ga,2,int__tai20_15_09,512,71.0961,0.1415
ga,2,int__tai20_15_09,1024,66.8544,0.2676
ga,2,int__tai20_15_09,2048,60.3604,0.5116
ga,2,int__tai20_15_09,4096,46.7718,1.0068
ga,2,int__tai20_15_09,8192,39.0766,2.2811
ga,2,int__tai20_15_09,16384,26.2763,4.3124
ga,2,int__tai20_15_09,32768,17.2673,8.2764
ga,2,int__tai20_15_09,65536,14.0015,16.0433
ga,2,int__tai20_15_09,131072,13.6261,30.8525
ga,2,int__tai20_15_09,262144,13.6261,60.9414
ga,2,int__tai20_15_09,524288,11.8243,121.7150
ga,2,int__tai20_15_09,1048576,10.9985,243.3689
regla_bon,1,int__tai20_15_09,1,20.0075,0.0120
regla_bon,1,int__tai20_15_09,2,20.0075,0.0260
regla_bon,1,int__tai20_15_09,4,20.0075,0.0500
regla_bon,1,int__tai20_15_09,8,19.8949,0.0966
regla_bon,1,int__tai20_15_09,16,16.6667,0.1795
regla_bon,1,int__tai20_15_09,32,16.6667,0.3461
regla_bon,1,int__tai20_15_09,64,16.9670,0.6811
regla_bon,1,int__tai20_15_09,128,15.8784,1.3448
regla_bon,1,int__tai20_15_09,256,13.8138,2.7600
regla_bon,1,int__tai20_15_09,512,12.1997,5.4431
regla_bon,1,int__tai20_15_09,1024,10.5856,10.8259
regla_bon,1,int__tai20_15_09,2048,10.5856,21.7746
regla_bon,1,int__tai20_15_09,4096,10.5856,44.0624
regla_bon,1,int__tai20_15_09,8192,10.5856,90.2397
regla_bon,2,int__tai20_15_09,1,20.0075,0.0130
regla_bon,2,int__tai20_15_09,2,20.0075,0.0250
regla_bon,2,int__tai20_15_09,4,20.0075,0.0490
regla_bon,2,int__tai20_15_09,8,20.0075,0.1056
regla_bon,2,int__tai20_15_09,16,18.2432,0.2146
regla_bon,2,int__tai20_15_09,32,15.4655,0.4096
regla_bon,2,int__tai20_15_09,64,14.2267,0.8019
regla_bon,2,int__tai20_15_09,128,14.2267,1.6455
regla_bon,2,int__tai20_15_09,256,13.5511,3.3086
regla_bon,2,int__tai20_15_09,512,13.4760,6.1009
regla_bon,2,int__tai20_15_09,1024,13.4760,11.5558
regla_bon,2,int__tai20_15_09,2048,13.6637,22.2596
regla_bon,2,int__tai20_15_09,4096,13.6637,44.2061
regla_bon,2,int__tai20_15_09,8192,11.7117,87.0391
ga,1,int__tai20_15_10,1,113.9466,0.0340
ga,1,int__tai20_15_10,2,106.6766,0.0340
ga,1,int__tai20_15_10,4,91.5430,0.0350
ga,1,int__tai20_15_10,8,91.5430,0.0350
ga,1,int__tai20_15_10,16,86.1647,0.0360
ga,1,int__tai20_15_10,32,83.5312,0.0390
ga,1,int__tai20_15_10,64,81.3798,0.0440
ga,1,int__tai20_15_10,128,81.9733,0.0540
ga,1,int__tai20_15_10,256,70.5119,0.0730
ga,1,int__tai20_15_10,512,70.5119,0.1300
ga,1,int__tai20_15_10,1024,64.6142,0.2375
ga,1,int__tai20_15_10,2048,55.0445,0.4476
ga,1,int__tai20_15_10,4096,50.7418,0.8866
ga,1,int__tai20_15_10,8192,43.2122,1.7674
ga,1,int__tai20_15_10,16384,32.8635,3.5304
ga,1,int__tai20_15_10,32768,18.0267,7.0668
ga,1,int__tai20_15_10,65536,13.5386,14.1415
ga,1,int__tai20_15_10,131072,11.7582,29.1801
ga,1,int__tai20_15_10,262144,11.3501,57.6273
ga,1,int__tai20_15_10,524288,11.3501,115.1934
ga,1,int__tai20_15_10,1048576,11.3501,231.9932
ga,2,int__tai20_15_10,1,117.3591,0.0305
ga,2,int__tai20_15_10,2,113.5386,0.0305
ga,2,int__tai20_15_10,4,115.2819,0.0310
ga,2,int__tai20_15_10,8,83.6424,0.0310
ga,2,int__tai20_15_10,16,83.6424,0.0320
ga,2,int__tai20_15_10,32,83.6424,0.0340
ga,2,int__tai20_15_10,64,81.9733,0.0380
ga,2,int__tai20_15_10,128,73.5163,0.0470
ga,2,int__tai20_15_10,256,68.0267,0.0690
ga,2,int__tai20_15_10,512,68.0267,0.1306
ga,2,int__tai20_15_10,1024,64.1691,0.2461
ga,2,int__tai20_15_10,2048,57.4555,0.4972
ga,2,int__tai20_15_10,4096,46.8101,1.0534
ga,2,int__tai20_15_10,8192,38.3160,2.3126
ga,2,int__tai20_15_10,16384,28.6721,4.2480
ga,2,int__tai20_15_10,32768,18.9169,8.1824
ga,2,int__tai20_15_10,65536,13.2789,15.9617
ga,2,int__tai20_15_10,131072,11.8694,30.6925
ga,2,int__tai20_15_10,262144,11.7582,60.5899
ga,2,int__tai20_15_10,524288,11.7582,121.2249
ga,2,int__tai20_15_10,1048576,11.7582,242.8122
regla_bon,1,int__tai20_15_10,1,15.0964,0.0120
regla_bon,1,int__tai20_15_10,2,15.0964,0.0230
regla_bon,1,int__tai20_15_10,4,15.0964,0.0440
regla_bon,1,int__tai20_15_10,8,15.0964,0.0850
regla_bon,1,int__tai20_15_10,16,15.0964,0.1680
regla_bon,1,int__tai20_15_10,32,15.0964,0.3447
regla_bon,1,int__tai20_15_10,64,15.0964,0.7062
regla_bon,1,int__tai20_15_10,128,15.0964,1.4241
regla_bon,1,int__tai20_15_10,256,15.4674,2.7515
regla_bon,1,int__tai20_15_10,512,15.4674,5.3812
regla_bon,1,int__tai20_15_10,1024,13.5386,10.7366
regla_bon,1,int__tai20_15_10,2048,13.5386,21.5797
regla_bon,1,int__tai20_15_10,4096,11.8694,43.7084
regla_bon,1,int__tai20_15_10,8192,11.8694,89.6511
regla_bon,2,int__tai20_15_10,1,15.0964,0.0120
regla_bon,2,int__tai20_15_10,2,15.0964,0.0230
regla_bon,2,int__tai20_15_10,4,15.0964,0.0450
regla_bon,2,int__tai20_15_10,8,15.0964,0.0900
regla_bon,2,int__tai20_15_10,16,15.0964,0.1920
regla_bon,2,int__tai20_15_10,32,15.0964,0.3976
regla_bon,2,int__tai20_15_10,64,15.0964,0.8113
regla_bon,2,int__tai20_15_10,128,15.0964,1.6530
regla_bon,2,int__tai20_15_10,256,15.0964,3.3541
regla_bon,2,int__tai20_15_10,512,15.0964,6.2009
regla_bon,2,int__tai20_15_10,1024,13.5386,11.6188
regla_bon,2,int__tai20_15_10,2048,13.5386,22.2920
regla_bon,2,int__tai20_15_10,4096,13.7240,44.1270
regla_bon,2,int__tai20_15_10,8192,13.7240,86.6281
ga,1,int__tai20_20_01,1,117.9050,0.0445
ga,1,int__tai20_20_01,2,102.8015,0.0445
ga,1,int__tai20_20_01,4,102.8015,0.0455
ga,1,int__tai20_20_01,8,87.7588,0.0465
ga,1,int__tai20_20_01,16,85.1401,0.0475
ga,1,int__tai20_20_01,32,85.1401,0.0515
ga,1,int__tai20_20_01,64,81.8819,0.0565
ga,1,int__tai20_20_01,128,73.2034,0.0675
ga,1,int__tai20_20_01,256,67.2351,0.0935
ga,1,int__tai20_20_01,512,67.2351,0.1720
ga,1,int__tai20_20_01,1024,65.2558,0.3186
ga,1,int__tai20_20_01,2048,62.1194,0.6058
ga,1,int__tai20_20_01,4096,50.9440,1.1890
ga,1,int__tai20_20_01,8192,36.6931,2.3734
ga,1,int__tai20_20_01,16384,29.2935,4.7175
ga,1,int__tai20_20_01,32768,19.3666,9.3512
ga,1,int__tai20_20_01,65536,15.6212,18.6389
ga,1,int__tai20_20_01,131072,13.8246,37.9622
ga,1,int__tai20_20_01,262144,13.8246,75.0964
ga,1,int__tai20_20_01,524288,13.8246,150.1303
ga,1,int__tai20_20_01,1048576,11.4495,304.6960
ga,2,int__tai20_20_01,1,92.0219,0.0490
ga,2,int__tai20_20_01,2,92.0219,0.0490
ga,2,int__tai20_20_01,4,92.0219,0.0500
ga,2,int__tai20_20_01,8,86.6626,0.0510
ga,2,int__tai20_20_01,16,86.6626,0.0520
ga,2,int__tai20_20_01,32,76.1267,0.0560
ga,2,int__tai20_20_01,64,75.9440,0.0630
ga,2,int__tai20_20_01,128,75.9440,0.0770
ga,2,int__tai20_20_01,256,73.1425,0.1030
ga,2,int__tai20_20_01,512,65.9866,0.2280
ga,2,int__tai20_20_01,1024,65.9866,0.3950
ga,2,int__tai20_20_01,2048,57.1559,0.7161
ga,2,int__tai20_20_01,4096,48.1730,1.3888
ga,2,int__tai20_20_01,8192,41.8697,2.6755
ga,2,int__tai20_20_01,16384,29.9026,5.0866
ga,2,int__tai20_20_01,32768,22.4117,9.8176
ga,2,int__tai20_20_01,65536,19.7320,19.2658
ga,2,int__tai20_20_01,131072,17.8745,38.6713
ga,2,int__tai20_20_01,262144,13.8246,77.0354
ga,2,int__tai20_20_01,524288,12.4848,158.1336
ga,2,int__tai20_20_01,1048576,12.3021,308.3222
regla_bon,1,int__tai20_20_01,1,20.2192,0.0170
regla_bon,1,int__tai20_20_01,2,20.2192,0.0315
regla_bon,1,int__tai20_20_01,4,20.2192,0.0595
regla_bon,1,int__tai20_20_01,8,18.6358,0.1185
regla_bon,1,int__tai20_20_01,16,18.6358,0.2361
regla_bon,1,int__tai20_20_01,32,17.6309,0.4697
regla_bon,1,int__tai20_20_01,64,17.6309,0.9188
regla_bon,1,int__tai20_20_01,128,15.4689,1.8500
regla_bon,1,int__tai20_20_01,256,13.0329,3.7621
regla_bon,1,int__tai20_20_01,512,13.0329,7.4532
regla_bon,1,int__tai20_20_01,1024,13.0329,15.1629
regla_bon,1,int__tai20_20_01,2048,13.7333,30.7474
regla_bon,1,int__tai20_20_01,4096,13.1242,60.4656
regla_bon,1,int__tai20_20_01,8192,13.4287,120.8251
regla_bon,2,int__tai20_20_01,1,20.2192,0.0130
regla_bon,2,int__tai20_20_01,2,20.2192,0.0280
regla_bon,2,int__tai20_20_01,4,20.2192,0.0540
regla_bon,2,int__tai20_20_01,8,20.2192,0.1080
regla_bon,2,int__tai20_20_01,16,20.2192,0.2060
regla_bon,2,int__tai20_20_01,32,20.0670,0.4130
regla_bon,2,int__tai20_20_01,64,14.9513,0.8627
regla_bon,2,int__tai20_20_01,128,14.9513,1.7335
regla_bon,2,int__tai20_20_01,256,15.6516,3.5555
regla_bon,2,int__tai20_20_01,512,15.6516,7.1161
regla_bon,2,int__tai20_20_01,1024,15.6516,14.3248
regla_bon,2,int__tai20_20_01,2048,13.6419,28.7537
regla_bon,2,int__tai20_20_01,4096,13.1547,57.8865
regla_bon,2,int__tai20_20_01,8192,12.7284,116.8732
ga,1,int__tai20_20_02,1,109.4811,0.0440
ga,1,int__tai20_20_02,2,95.2915,0.0440
ga,1,int__tai20_20_02,4,95.2915,0.0450
ga,1,int__tai20_20_02,8,95.2915,0.0450
ga,1,int__tai20_20_02,16,95.2915,0.0470
ga,1,int__tai20_20_02,32,95.2915,0.0500
ga,1,int__tai20_20_02,64,94.5868,0.0565
ga,1,int__tai20_20_02,128,84.3690,0.0695
ga,1,int__tai20_20_02,256,84.3690,0.0975
ga,1,int__tai20_20_02,512,76.4894,0.1725
ga,1,int__tai20_20_02,1024,70.3395,0.3210
ga,1,int__tai20_20_02,2048,59.2889,0.6202
ga,1,int__tai20_20_02,4096,51.9859,1.2224
ga,1,int__tai20_20_02,8192,42.4407,2.4037
ga,1,int__tai20_20_02,16384,31.3901,4.7521
ga,1,int__tai20_20_02,32768,22.5817,9.4108
ga,1,int__tai20_20_02,65536,18.2896,18.5694
ga,1,int__tai20_20_02,131072,13.7732,37.9822
ga,1,int__tai20_20_02,262144,13.7092,75.1905
ga,1,int__tai20_20_02,524288,12.4920,150.2007
ga,1,int__tai20_20_02,1048576,12.3318,304.9193
ga,2,int__tai20_20_02,1,121.1083,0.0442
ga,2,int__tai20_20_02,2,121.1083,0.0442
ga,2,int__tai20_20_02,4,101.0250,0.0442
ga,2,int__tai20_20_02,8,94.0423,0.0452
ga,2,int__tai20_20_02,16,90.4548,0.0467
ga,2,int__tai20_20_02,32,85.1698,0.0492
ga,2,int__tai20_20_02,64,85.1698,0.0562
ga,2,int__tai20_20_02,128,81.9667,0.0693
ga,2,int__tai20_20_02,256,81.9667,0.0923
ga,2,int__tai20_20_02,512,75.9769,0.1691
ga,2,int__tai20_20_02,1024,74.9840,0.3164
ga,2,int__tai20_20_02,2048,61.2108,0.6316
ga,2,int__tai20_20_02,4096,51.9539,1.3548
ga,2,int__tai20_20_02,8192,42.4087,2.6711
ga,2,int__tai20_20_02,16384,28.4433,5.1562
ga,2,int__tai20_20_02,32768,21.2684,9.9291
ga,2,int__tai20_20_02,65536,19.4747,19.4014
ga,2,int__tai20_20_02,131072,16.7201,38.7713
ga,2,int__tai20_20_02,262144,16.3997,76.8279
ga,2,int__tai20_20_02,524288,16.3997,157.8180
ga,2,int__tai20_20_02,1048576,16.3997,307.6239
regla_bon,1,int__tai20_20_02,1,17.4247,0.0170
regla_bon,1,int__tai20_20_02,2,17.4247,0.0320
regla_bon,1,int__tai20_20_02,4,17.4247,0.0610
regla_bon,1,int__tai20_20_02,8,17.4247,0.1200
regla_bon,1,int__tai20_20_02,16,17.4247,0.2331
regla_bon,1,int__tai20_20_02,32,17.4247,0.4616
regla_bon,1,int__tai20_20_02,64,16.8482,0.9513
regla_bon,1,int__tai20_20_02,128,15.1826,1.8748
regla_bon,1,int__tai20_20_02,256,15.1826,3.7443
regla_bon,1,int__tai20_20_02,512,14.2537,7.5358
regla_bon,1,int__tai20_20_02,1024,14.2537,15.2844
regla_bon,1,int__tai20_20_02,2048,14.2537,31.1159
regla_bon,1,int__tai20_20_02,4096,14.2537,61.2021
regla_bon,1,int__tai20_20_02,8192,14.2537,121.8077
regla_bon,2,int__tai20_20_02,1,17.4247,0.0140
regla_bon,2,int__tai20_20_02,2,17.4247,0.0295
regla_bon,2,int__tai20_20_02,4,17.4247,0.0595
regla_bon,2,int__tai20_20_02,8,16.8802,0.1160
regla_bon,2,int__tai20_20_02,16,16.8802,0.2300
regla_bon,2,int__tai20_20_02,32,16.8802,0.4490
regla_bon,2,int__tai20_20_02,64,15.5990,0.9060
regla_bon,2,int__tai20_20_02,128,15.5990,1.7991
regla_bon,2,int__tai20_20_02,256,15.5990,3.5887
regla_bon,2,int__tai20_20_02,512,14.7982,7.1789
regla_bon,2,int__tai20_20_02,1024,14.7982,14.2905
regla_bon,2,int__tai20_20_02,2048,13.7732,28.7000
regla_bon,2,int__tai20_20_02,4096,13.7732,57.8481
regla_bon,2,int__tai20_20_02,8192,13.7732,117.0447
ga,1,int__tai20_20_03,1,156.3900,0.0400
ga,1,int__tai20_20_03,2,101.4493,0.0400
ga,1,int__tai20_20_03,4,101.4493,0.0410
ga,1,int__tai20_20_03,8,87.8129,0.0410
ga,1,int__tai20_20_03,16,87.8129,0.0420
ga,1,int__tai20_20_03,32,88.8011,0.0450
ga,1,int__tai20_20_03,64,88.8011,0.0510
ga,1,int__tai20_20_03,128,79.7101,0.0640
ga,1,int__tai20_20_03,256,79.7101,0.0900
ga,1,int__tai20_20_03,512,69.4993,0.1690
ga,1,int__tai20_20_03,1024,69.4993,0.3110
ga,1,int__tai20_20_03,2048,69.4993,0.6072
ga,1,int__tai20_20_03,4096,55.2701,1.1664
ga,1,int__tai20_20_03,8192,46.3768,2.3417
ga,1,int__tai20_20_03,16384,38.6034,4.8046
ga,1,int__tai20_20_03,32768,25.4941,9.3730
ga,1,int__tai20_20_03,65536,20.9157,18.5864
ga,1,int__tai20_20_03,131072,18.4783,37.1669
ga,1,int__tai20_20_03,262144,18.1159,76.9436
ga,1,int__tai20_20_03,524288,16.9631,157.6467
ga,1,int__tai20_20_03,1048576,14.4598,313.6092
ga,2,int__tai20_20_03,1,115.1845,0.0470
ga,2,int__tai20_20_03,2,115.1845,0.0470
ga,2,int__tai20_20_03,4,95.2569,0.0480
ga,2,int__tai20_20_03,8,95.2569,0.0480
ga,2,int__tai20_20_03,16,95.2569,0.0500
ga,2,int__tai20_20_03,32,90.9750,0.0530
ga,2,int__tai20_20_03,64,84.7826,0.0600
ga,2,int__tai20_20_03,128,79.4796,0.0740
ga,2,int__tai20_20_03,256,79.4796,0.0990
ga,2,int__tai20_20_03,512,73.7813,0.1710
ga,2,int__tai20_20_03,1024,73.7813,0.3266
ga,2,int__tai20_20_03,2048,63.5705,0.6236
ga,2,int__tai20_20_03,4096,56.9829,1.2152
ga,2,int__tai20_20_03,8192,50.3953,2.3790
ga,2,int__tai20_20_03,16384,37.0224,4.7423
ga,2,int__tai20_20_03,32768,23.9789,9.4379
ga,2,int__tai20_20_03,65536,19.8287,18.8735
ga,2,int__tai20_20_03,131072,16.0079,37.5456
ga,2,int__tai20_20_03,262144,14.9868,74.7848
ga,2,int__tai20_20_03,524288,14.8221,149.3039
ga,2,int__tai20_20_03,1048576,14.8221,301.1210
regla_bon,1,int__tai20_20_03,1,17.7536,0.0150
regla_bon,1,int__tai20_20_03,2,17.7536,0.0290
regla_bon,1,int__tai20_20_03,4,17.7536,0.0560
regla_bon,1,int__tai20_20_03,8,17.7536,0.1100
regla_bon,1,int__tai20_20_03,16,17.7536,0.2280
regla_bon,1,int__tai20_20_03,32,17.7536,0.4541
regla_bon,1,int__tai20_20_03,64,17.7536,0.9193
regla_bon,1,int__tai20_20_03,128,17.2925,1.8329
regla_bon,1,int__tai20_20_03,256,16.5349,3.7007
regla_bon,1,int__tai20_20_03,512,15.9750,7.3700
regla_bon,1,int__tai20_20_03,1024,15.9750,14.8371
regla_bon,1,int__tai20_20_03,2048,15.9750,29.7408
regla_bon,1,int__tai20_20_03,4096,15.8762,60.1585
regla_bon,1,int__tai20_20_03,8192,14.2292,122.2398
regla_bon,2,int__tai20_20_03,1,17.7536,0.0160
regla_bon,2,int__tai20_20_03,2,17.7536,0.0300
regla_bon,2,int__tai20_20_03,4,17.7536,0.0610
regla_bon,2,int__tai20_20_03,8,17.7536,0.1240
regla_bon,2,int__tai20_20_03,16,17.7536,0.2385
regla_bon,2,int__tai20_20_03,32,17.7536,0.4626
regla_bon,2,int__tai20_20_03,64,17.7536,0.9241
regla_bon,2,int__tai20_20_03,128,17.7536,1.8438
regla_bon,2,int__tai20_20_03,256,15.7444,3.6721
regla_bon,2,int__tai20_20_03,512,14.6904,7.3637
regla_bon,2,int__tai20_20_03,1024,14.6904,14.6863
regla_bon,2,int__tai20_20_03,2048,14.6904,29.2083
regla_bon,2,int__tai20_20_03,4096,14.3610,58.2623
regla_bon,2,int__tai20_20_03,8192,14.3610,116.3895
ga,1,int__tai20_20_04,1,106.8735,0.0470
ga,1,int__tai20_20_04,2,91.2409,0.0470
ga,1,int__tai20_20_04,4,75.9124,0.0470
ga,1,int__tai20_20_04,8,75.9124,0.0480
ga,1,int__tai20_20_04,16,75.9124,0.0500
ga,1,int__tai20_20_04,32,75.9124,0.0530
ga,1,int__tai20_20_04,64,75.9124,0.0590
ga,1,int__tai20_20_04,128,75.2129,0.0700
ga,1,int__tai20_20_04,256,75.2129,0.0950
ga,1,int__tai20_20_04,512,66.7275,0.1690
ga,1,int__tai20_20_04,1024,66.7275,0.3131
ga,1,int__tai20_20_04,2048,57.4818,0.6013
ga,1,int__tai20_20_04,4096,51.8248,1.1764
ga,1,int__tai20_20_04,8192,36.0097,2.3657
ga,1,int__tai20_20_04,16384,24.6655,4.7951
ga,1,int__tai20_20_04,32768,17.0316,9.4226
ga,1,int__tai20_20_04,65536,15.3589,18.6419
ga,1,int__tai20_20_04,131072,11.4355,37.2105
ga,1,int__tai20_20_04,262144,10.3406,77.0246
ga,1,int__tai20_20_04,524288,10.3406,157.8896
ga,1,int__tai20_20_04,1048576,10.3406,313.9405
ga,2,int__tai20_20_04,1,121.5937,0.0450
ga,2,int__tai20_20_04,2,79.7141,0.0450
ga,2,int__tai20_20_04,4,79.7141,0.0450
ga,2,int__tai20_20_04,8,79.7141,0.0460
ga,2,int__tai20_20_04,16,79.7141,0.0480
ga,2,int__tai20_20_04,32,73.3881,0.0500
ga,2,int__tai20_20_04,64,73.3881,0.0570
ga,2,int__tai20_20_04,128,73.3881,0.0700
ga,2,int__tai20_20_04,256,73.3881,0.0960
ga,2,int__tai20_20_04,512,73.3881,0.1660
ga,2,int__tai20_20_04,1024,64.5985,0.3071
ga,2,int__tai20_20_04,2048,60.4015,0.5882
ga,2,int__tai20_20_04,4096,46.8370,1.1648
ga,2,int__tai20_20_04,8192,46.2591,2.3440
ga,2,int__tai20_20_04,16384,34.4586,4.6724
ga,2,int__tai20_20_04,32768,18.8260,9.3567
ga,2,int__tai20_20_04,65536,14.6290,18.8000
ga,2,int__tai20_20_04,131072,13.4428,37.4343
ga,2,int__tai20_20_04,262144,13.0170,74.7039
ga,2,int__tai20_20_04,524288,13.0170,149.4916
ga,2,int__tai20_20_04,1048576,13.0170,300.7775
regla_bon,1,int__tai20_20_04,1,14.0511,0.0160
regla_bon,1,int__tai20_20_04,2,14.0511,0.0290
regla_bon,1,int__tai20_20_04,4,14.0511,0.0560
regla_bon,1,int__tai20_20_04,8,14.0511,0.1120
regla_bon,1,int__tai20_20_04,16,14.0511,0.2260
regla_bon,1,int__tai20_20_04,32,14.0511,0.4570
regla_bon,1,int__tai20_20_04,64,14.0511,0.9151
regla_bon,1,int__tai20_20_04,128,13.4124,1.8322
regla_bon,1,int__tai20_20_04,256,12.7129,3.6915
regla_bon,1,int__tai20_20_04,512,12.7129,7.3393
regla_bon,1,int__tai20_20_04,1024,12.7129,14.7264
regla_bon,1,int__tai20_20_04,2048,12.7129,29.4675
regla_bon,1,int__tai20_20_04,4096,11.6180,59.5917
regla_bon,1,int__tai20_20_04,8192,11.6180,120.9053
regla_bon,2,int__tai20_20_04,1,14.0511,0.0165
regla_bon,2,int__tai20_20_04,2,14.0511,0.0315
regla_bon,2,int__tai20_20_04,4,14.0511,0.0555
regla_bon,2,int__tai20_20_04,8,14.0511,0.1065
regla_bon,2,int__tai20_20_04,16,14.0511,0.2205
regla_bon,2,int__tai20_20_04,32,14.0511,0.4345
regla_bon,2,int__tai20_20_04,64,13.0779,0.8957
regla_bon,2,int__tai20_20_04,128,13.0779,1.8008
regla_bon,2,int__tai20_20_04,256,12.3479,3.5796
regla_bon,2,int__tai20_20_04,512,12.3479,7.1975
regla_bon,2,int__tai20_20_04,1024,12.3479,14.3988
regla_bon,2,int__tai20_20_04,2048,12.3479,28.6691
regla_bon,2,int__tai20_20_04,4096,12.7737,57.5387
regla_bon,2,int__tai20_20_04,8192,11.7397,115.1493
ga,1,int__tai20_20_05,1,122.7214,0.0450
ga,1,int__tai20_20_05,2,89.0565,0.0450
ga,1,int__tai20_20_05,4,89.0565,0.0450
ga,1,int__tai20_20_05,8,89.0565,0.0460
ga,1,int__tai20_20_05,16,86.8742,0.0470
ga,1,int__tai20_20_05,32,86.8742,0.0500
ga,1,int__tai20_20_05,64,79.5571,0.0570
ga,1,int__tai20_20_05,128,79.5571,0.0670
ga,1,int__tai20_20_05,256,79.5571,0.0950
ga,1,int__tai20_20_05,512,76.0270,0.1640
ga,1,int__tai20_20_05,1024,64.6983,0.3020
ga,1,int__tai20_20_05,2048,66.2067,0.5961
ga,1,int__tai20_20_05,4096,58.7612,1.1858
ga,1,int__tai20_20_05,8192,48.2349,2.3511
ga,1,int__tai20_20_05,16384,34.7561,4.7440
ga,1,int__tai20_20_05,32768,21.6303,9.3985
ga,1,int__tai20_20_05,65536,15.8858,18.7310
ga,1,int__tai20_20_05,131072,15.4044,37.7863
ga,1,int__tai20_20_05,262144,14.0565,75.2519
ga,1,int__tai20_20_05,524288,11.9705,152.5902
ga,1,int__tai20_20_05,1048576,10.4621,303.7628
ga,2,int__tai20_20_05,1,108.9859,0.0480
ga,2,int__tai20_20_05,2,108.7933,0.0480
ga,2,int__tai20_20_05,4,108.7933,0.0490
ga,2,int__tai20_20_05,8,108.7933,0.0500
ga,2,int__tai20_20_05,16,95.4108,0.0510
ga,2,int__tai20_20_05,32,86.1361,0.0530
ga,2,int__tai20_20_05,64,86.1361,0.0590
ga,2,int__tai20_20_05,128,84.6598,0.0720
ga,2,int__tai20_20_05,256,72.5610,0.0980
ga,2,int__tai20_20_05,512,65.6290,0.1670
ga,2,int__tai20_20_05,1024,65.6290,0.3171
ga,2,int__tai20_20_05,2048,65.6290,0.6062
ga,2,int__tai20_20_05,4096,57.4454,1.1923
ga,2,int__tai20_20_05,8192,43.6457,2.3391
ga,2,int__tai20_20_05,16384,32.3813,4.6778
ga,2,int__tai20_20_05,32768,18.2285,9.3587
ga,2,int__tai20_20_05,65536,14.6341,19.2552
ga,2,int__tai20_20_05,131072,14.1849,39.0400
ga,2,int__tai20_20_05,262144,13.9923,76.6306
ga,2,int__tai20_20_05,524288,13.9923,153.6310
ga,2,int__tai20_20_05,1048576,13.9923,304.3171
regla_bon,1,int__tai20_20_05,1,16.6239,0.0160
regla_bon,1,int__tai20_20_05,2,16.6239,0.0300
regla_bon,1,int__tai20_20_05,4,16.6239,0.0590
regla_bon,1,int__tai20_20_05,8,16.6239,0.1130
regla_bon,1,int__tai20_20_05,16,16.6239,0.2235
regla_bon,1,int__tai20_20_05,32,16.6239,0.4498
regla_bon,1,int__tai20_20_05,64,16.3030,0.9038
regla_bon,1,int__tai20_20_05,128,17.6508,1.8284
regla_bon,1,int__tai20_20_05,256,16.8485,3.6845
regla_bon,1,int__tai20_20_05,512,14.1849,7.3038
regla_bon,1,int__tai20_20_05,1024,14.0886,14.4380
regla_bon,1,int__tai20_20_05,2048,14.0886,28.8244
regla_bon,1,int__tai20_20_05,4096,12.9653,57.2808
regla_bon,1,int__tai20_20_05,8192,12.9653,116.6444
regla_bon,2,int__tai20_20_05,1,16.6239,0.0170
regla_bon,2,int__tai20_20_05,2,16.6239,0.0290
regla_bon,2,int__tai20_20_05,4,15.9499,0.0570
regla_bon,2,int__tai20_20_05,8,15.9499,0.1175
regla_bon,2,int__tai20_20_05,16,15.9499,0.2400
regla_bon,2,int__tai20_20_05,32,15.9499,0.4671
regla_bon,2,int__tai20_20_05,64,15.6611,0.9146
regla_bon,2,int__tai20_20_05,128,14.2490,1.8140
regla_bon,2,int__tai20_20_05,256,14.2490,3.5975
regla_bon,2,int__tai20_20_05,512,14.2490,7.2450
regla_bon,2,int__tai20_20_05,1024,14.2490,14.3806
regla_bon,2,int__tai20_20_05,2048,14.2490,29.5723
regla_bon,2,int__tai20_20_05,4096,14.2490,58.1253
regla_bon,2,int__tai20_20_05,8192,12.0988,117.2485
ga,1,int__tai20_20_06,1,101.8542,0.0460
ga,1,int__tai20_20_06,2,98.1144,0.0460
ga,1,int__tai20_20_06,4,93.1175,0.0460
ga,1,int__tai20_20_06,8,93.1175,0.0477
ga,1,int__tai20_20_06,16,89.0635,0.0495
ga,1,int__tai20_20_06,32,81.0497,0.0525
ga,1,int__tai20_20_06,64,81.0497,0.0595
ga,1,int__tai20_20_06,128,81.0497,0.0695
ga,1,int__tai20_20_06,256,81.0497,0.0955
ga,1,int__tai20_20_06,512,80.2640,0.1715
ga,1,int__tai20_20_06,1024,67.6933,0.3080
ga,1,int__tai20_20_06,2048,63.5135,0.5980
ga,1,int__tai20_20_06,4096,53.9283,1.1772
ga,1,int__tai20_20_06,8192,46.6688,2.3340
ga,1,int__tai20_20_06,16384,35.4180,4.6389
ga,1,int__tai20_20_06,32768,22.6273,9.3373
ga,1,int__tai20_20_06,65536,16.7505,18.6159
ga,1,int__tai20_20_06,131072,14.4563,37.4917
ga,1,int__tai20_20_06,262144,14.3935,74.6826
ga,1,int__tai20_20_06,524288,13.7964,151.5283
ga,1,int__tai20_20_06,1048576,12.6964,301.8504
ga,2,int__tai20_20_06,1,121.3702,0.0400
ga,2,int__tai20_20_06,2,111.6593,0.0410
ga,2,int__tai20_20_06,4,111.6593,0.0410
ga,2,int__tai20_20_06,8,97.5487,0.0420
ga,2,int__tai20_20_06,16,97.5487,0.0440
ga,2,int__tai20_20_06,32,87.6807,0.0470
ga,2,int__tai20_20_06,64,87.6807,0.0540
ga,2,int__tai20_20_06,128,87.6807,0.0680
ga,2,int__tai20_20_06,256,79.4783,0.0960
ga,2,int__tai20_20_06,512,67.3162,0.1730
ga,2,int__tai20_20_06,1024,67.3162,0.3211
ga,2,int__tai20_20_06,2048,68.7618,0.5921
ga,2,int__tai20_20_06,4096,55.7197,1.1662
ga,2,int__tai20_20_06,8192,45.9459,2.3196
ga,2,int__tai20_20_06,16384,32.9981,4.6257
ga,2,int__tai20_20_06,32768,23.3815,9.2772
ga,2,int__tai20_20_06,65536,21.4016,19.0889
ga,2,int__tai20_20_06,131072,19.7360,38.5589
ga,2,int__tai20_20_06,262144,17.5361,75.9285
ga,2,int__tai20_20_06,524288,15.1477,152.3993
ga,2,int__tai20_20_06,1048576,15.1477,301.9492
regla_bon,1,int__tai20_20_06,1,26.9013,0.0130
regla_bon,1,int__tai20_20_06,2,23.2872,0.0290
regla_bon,1,int__tai20_20_06,4,23.2872,0.0570
regla_bon,1,int__tai20_20_06,8,19.0446,0.1130
regla_bon,1,int__tai20_20_06,16,18.8246,0.2300
regla_bon,1,int__tai20_20_06,32,18.8246,0.4576
regla_bon,1,int__tai20_20_06,64,17.0019,0.9237
regla_bon,1,int__tai20_20_06,128,17.0019,1.8168
regla_bon,1,int__tai20_20_06,256,16.4991,3.6463
regla_bon,1,int__tai20_20_06,512,16.4991,7.3707
regla_bon,1,int__tai20_20_06,1024,16.4991,14.6129
regla_bon,1,int__tai20_20_06,2048,14.7077,29.0942
regla_bon,1,int__tai20_20_06,4096,14.7077,58.1162
regla_bon,1,int__tai20_20_06,8192,14.7077,118.4487
regla_bon,2,int__tai20_20_06,1,26.9013,0.0160
regla_bon,2,int__tai20_20_06,2,18.8246,0.0300
regla_bon,2,int__tai20_20_06,4,18.8246,0.0550
regla_bon,2,int__tai20_20_06,8,18.8246,0.1150
regla_bon,2,int__tai20_20_06,16,18.8246,0.2270
regla_bon,2,int__tai20_20_06,32,19.7046,0.4435
regla_bon,2,int__tai20_20_06,64,19.7046,0.8872
regla_bon,2,int__tai20_20_06,128,19.0761,1.7648
regla_bon,2,int__tai20_20_06,256,17.0962,3.5771
regla_bon,2,int__tai20_20_06,512,16.9705,7.1771
regla_bon,2,int__tai20_20_06,1024,15.4620,14.4480
regla_bon,2,int__tai20_20_06,2048,15.4620,29.7497
regla_bon,2,int__tai20_20_06,4096,15.4620,58.8336
regla_bon,2,int__tai20_20_06,8192,15.4620,118.5050
ga,1,int__tai20_20_07,1,145.0969,0.0420
ga,1,int__tai20_20_07,2,97.8814,0.0420
ga,1,int__tai20_20_07,4,97.8814,0.0420
ga,1,int__tai20_20_07,8,97.8814,0.0430
ga,1,int__tai20_20_07,16,95.6416,0.0440
ga,1,int__tai20_20_07,32,82.6877,0.0470
ga,1,int__tai20_20_07,64,79.1162,0.0540
ga,1,int__tai20_20_07,128,79.1162,0.0660
ga,1,int__tai20_20_07,256,79.4492,0.0920
ga,1,int__tai20_20_07,512,71.9128,0.1711
ga,1,int__tai20_20_07,1024,71.9128,0.3167
ga,1,int__tai20_20_07,2048,64.4068,0.5952
ga,1,int__tai20_20_07,4096,55.0847,1.1869
ga,1,int__tai20_20_07,8192,41.3741,2.3502
ga,1,int__tai20_20_07,16384,28.2990,4.6588
ga,1,int__tai20_20_07,32768,20.8232,9.3070
ga,1,int__tai20_20_07,65536,14.9516,18.6715
ga,1,int__tai20_20_07,131072,13.1961,37.2034
ga,1,int__tai20_20_07,262144,11.3196,74.6429
ga,1,int__tai20_20_07,524288,11.3196,150.8030
ga,1,int__tai20_20_07,1048576,11.3196,304.0238
ga,2,int__tai20_20_07,1,106.6586,0.0440
ga,2,int__tai20_20_07,2,106.6586,0.0440
ga,2,int__tai20_20_07,4,104.9334,0.0450
ga,2,int__tai20_20_07,8,82.4455,0.0450
ga,2,int__tai20_20_07,16,82.4455,0.0470
ga,2,int__tai20_20_07,32,82.4455,0.0490
ga,2,int__tai20_20_07,64,82.4455,0.0540
ga,2,int__tai20_20_07,128,79.2070,0.0670
ga,2,int__tai20_20_07,256,79.2070,0.0905
ga,2,int__tai20_20_07,512,79.2070,0.1655
ga,2,int__tai20_20_07,1024,68.8862,0.3066
ga,2,int__tai20_20_07,2048,66.2228,0.6007
ga,2,int__tai20_20_07,4096,57.4758,1.1668
ga,2,int__tai20_20_07,8192,47.2155,2.3111
ga,2,int__tai20_20_07,16384,32.5061,4.5819
ga,2,int__tai20_20_07,32768,23.0327,9.1900
ga,2,int__tai20_20_07,65536,20.4600,18.3845
ga,2,int__tai20_20_07,131072,20.3995,36.6275
ga,2,int__tai20_20_07,262144,16.7070,73.9792
ga,2,int__tai20_20_07,524288,14.9818,150.3095
ga,2,int__tai20_20_07,1048576,14.9213,305.0068
regla_bon,1,int__tai20_20_07,1,21.4286,0.0170
regla_bon,1,int__tai20_20_07,2,21.0654,0.0300
regla_bon,1,int__tai20_20_07,4,21.0654,0.0535
regla_bon,1,int__tai20_20_07,8,21.0654,0.1055
regla_bon,1,int__tai20_20_07,16,18.9165,0.2185
regla_bon,1,int__tai20_20_07,32,17.7966,0.4295
regla_bon,1,int__tai20_20_07,64,17.7966,0.8676
regla_bon,1,int__tai20_20_07,128,17.7966,1.7652
regla_bon,1,int__tai20_20_07,256,17.7966,3.5600
regla_bon,1,int__tai20_20_07,512,17.1610,7.1701
regla_bon,1,int__tai20_20_07,1024,17.1610,14.3923
regla_bon,1,int__tai20_20_07,2048,15.1937,28.8111
regla_bon,1,int__tai20_20_07,4096,15.1937,58.5211
regla_bon,1,int__tai20_20_07,8192,15.2240,115.8081
regla_bon,2,int__tai20_20_07,1,21.4286,0.0170
regla_bon,2,int__tai20_20_07,2,21.4286,0.0330
regla_bon,2,int__tai20_20_07,4,20.1877,0.0625
regla_bon,2,int__tai20_20_07,8,20.1877,0.1205
regla_bon,2,int__tai20_20_07,16,20.1877,0.2410
regla_bon,2,int__tai20_20_07,32,17.4637,0.4871
regla_bon,2,int__tai20_20_07,64,17.4637,1.0203
regla_bon,2,int__tai20_20_07,128,17.4637,1.9354
regla_bon,2,int__tai20_20_07,256,17.2518,3.7372
regla_bon,2,int__tai20_20_07,512,17.2518,7.4645
regla_bon,2,int__tai20_20_07,1024,16.1320,14.9437
regla_bon,2,int__tai20_20_07,2048,16.1320,29.6243
regla_bon,2,int__tai20_20_07,4096,16.0412,60.6561
regla_bon,2,int__tai20_20_07,8192,16.0412,125.8492
ga,1,int__tai20_20_08,1,121.2414,0.0500
ga,1,int__tai20_20_08,2,107.7355,0.0500
ga,1,int__tai20_20_08,4,107.7355,0.0510
ga,1,int__tai20_20_08,8,94.7286,0.0510
ga,1,int__tai20_20_08,16,91.2976,0.0530
ga,1,int__tai20_20_08,32,80.9732,0.0560
ga,1,int__tai20_20_08,64,80.9732,0.0630
ga,1,int__tai20_20_08,128,76.2944,0.0740
ga,1,int__tai20_20_08,256,76.2944,0.0950
ga,1,int__tai20_20_08,512,75.6706,0.1670
ga,1,int__tai20_20_08,1024,66.5939,0.3181
ga,1,int__tai20_20_08,2048,58.0474,0.6132
ga,1,int__tai20_20_08,4096,52.2458,1.1725
ga,1,int__tai20_20_08,8192,41.4223,2.3504
ga,1,int__tai20_20_08,16384,29.7879,4.6626
ga,1,int__tai20_20_08,32768,16.8434,9.2474
ga,1,int__tai20_20_08,65536,14.5664,18.5481
ga,1,int__tai20_20_08,131072,11.3849,37.1141
ga,1,int__tai20_20_08,262144,11.9464,74.4820
ga,1,int__tai20_20_08,524288,9.6694,150.7022
ga,1,int__tai20_20_08,1048576,9.6694,304.6142
ga,2,int__tai20_20_08,1,113.6619,0.0426
ga,2,int__tai20_20_08,2,113.6619,0.0426
ga,2,int__tai20_20_08,4,95.1965,0.0436
ga,2,int__tai20_20_08,8,93.2002,0.0436
ga,2,int__tai20_20_08,16,93.2002,0.0456
ga,2,int__tai20_20_08,32,83.2190,0.0486
ga,2,int__tai20_20_08,64,83.2190,0.0546
ga,2,int__tai20_20_08,128,78.9145,0.0676
ga,2,int__tai20_20_08,256,75.2027,0.0956
ga,2,int__tai20_20_08,512,64.2233,0.1681
ga,2,int__tai20_20_08,1024,64.2233,0.3116
ga,2,int__tai20_20_08,2048,53.3687,0.5926
ga,2,int__tai20_20_08,4096,50.9669,1.1672
ga,2,int__tai20_20_08,8192,40.9545,2.3380
ga,2,int__tai20_20_08,16384,24.5477,4.6618
ga,2,int__tai20_20_08,32768,19.4323,9.2621
ga,2,int__tai20_20_08,65536,15.0031,18.5365
ga,2,int__tai20_20_08,131072,13.9426,36.9805
ga,2,int__tai20_20_08,262144,11.9464,74.4676
ga,2,int__tai20_20_08,524288,9.1079,150.9767
ga,2,int__tai20_20_08,1048576,8.9832,305.8003
regla_bon,1,int__tai20_20_08,1,12.4142,0.0150
regla_bon,1,int__tai20_20_08,2,12.4142,0.0260
regla_bon,1,int__tai20_20_08,4,12.4142,0.0550
regla_bon,1,int__tai20_20_08,8,12.4142,0.1090
regla_bon,1,int__tai20_20_08,16,12.4142,0.2260
regla_bon,1,int__tai20_20_08,32,12.4142,0.4475
regla_bon,1,int__tai20_20_08,64,12.4142,0.8882
regla_bon,1,int__tai20_20_08,128,12.4142,1.7799
regla_bon,1,int__tai20_20_08,256,12.4142,3.5900
regla_bon,1,int__tai20_20_08,512,12.4142,7.1886
regla_bon,1,int__tai20_20_08,1024,12.4142,14.3939
regla_bon,1,int__tai20_20_08,2048,12.4142,28.8580
regla_bon,1,int__tai20_20_08,4096,12.0399,58.4919
regla_bon,1,int__tai20_20_08,8192,11.8840,115.8556
regla_bon,2,int__tai20_20_08,1,12.4142,0.0161
regla_bon,2,int__tai20_20_08,2,12.4142,0.0311
regla_bon,2,int__tai20_20_08,4,12.4142,0.0591
regla_bon,2,int__tai20_20_08,8,12.4142,0.1147
regla_bon,2,int__tai20_20_08,16,12.4142,0.2337
regla_bon,2,int__tai20_20_08,32,12.4142,0.4737
regla_bon,2,int__tai20_20_08,64,12.4142,0.9623
regla_bon,2,int__tai20_20_08,128,12.4142,1.9135
regla_bon,2,int__tai20_20_08,256,12.4142,3.7248
regla_bon,2,int__tai20_20_08,512,12.4142,7.4176
regla_bon,2,int__tai20_20_08,1024,12.4142,14.9018
regla_bon,2,int__tai20_20_08,2048,10.9794,29.5894
regla_bon,2,int__tai20_20_08,4096,10.9794,60.5887
regla_bon,2,int__tai20_20_08,8192,10.9794,125.6186
ga,1,int__tai20_20_09,1,127.7322,0.0500
ga,1,int__tai20_20_09,2,122.1731,0.0500
ga,1,int__tai20_20_09,4,122.1731,0.0505
ga,1,int__tai20_20_09,8,103.8534,0.0515
ga,1,int__tai20_20_09,16,92.8617,0.0525
ga,1,int__tai20_20_09,32,92.8617,0.0555
ga,1,int__tai20_20_09,64,92.8617,0.0615
ga,1,int__tai20_20_09,128,76.2476,0.0735
ga,1,int__tai20_20_09,256,76.2476,0.0980
ga,1,int__tai20_20_09,512,76.2476,0.1715
ga,1,int__tai20_20_09,1024,72.6153,0.3241
ga,1,int__tai20_20_09,2048,57.6437,0.6242
ga,1,int__tai20_20_09,4096,57.4226,1.2028
ga,1,int__tai20_20_09,8192,42.4510,2.3658
ga,1,int__tai20_20_09,16384,33.1965,4.7368
ga,1,int__tai20_20_09,32768,28.5534,9.9311
ga,1,int__tai20_20_09,65536,26.3424,20.3468
ga,1,int__tai20_20_09,131072,20.7517,39.6969
ga,1,int__tai20_20_09,262144,16.5509,77.6039
ga,1,int__tai20_20_09,524288,14.8452,153.1019
ga,1,int__tai20_20_09,1048576,14.0556,303.5508
ga,2,int__tai20_20_09,1,101.6425,0.0486
ga,2,int__tai20_20_09,2,101.6425,0.0496
ga,2,int__tai20_20_09,4,101.6425,0.0496
ga,2,int__tai20_20_09,8,86.8604,0.0496
ga,2,int__tai20_20_09,16,86.8604,0.0516
ga,2,int__tai20_20_09,32,86.6077,0.0536
ga,2,int__tai20_20_09,64,75.0158,0.0596
ga,2,int__tai20_20_09,128,75.0158,0.0716
ga,2,int__tai20_20_09,256,75.0158,0.0976
ga,2,int__tai20_20_09,512,68.7303,0.1706
ga,2,int__tai20_20_09,1024,68.7303,0.3141
ga,2,int__tai20_20_09,2048,64.3714,0.6122
ga,2,int__tai20_20_09,4096,56.5698,1.1886
ga,2,int__tai20_20_09,8192,46.6519,2.3390
ga,2,int__tai20_20_09,16384,30.7328,4.6945
ga,2,int__tai20_20_09,32768,22.4574,9.3509
ga,2,int__tai20_20_09,65536,18.2881,19.3994
ga,2,int__tai20_20_09,131072,15.2874,39.1476
ga,2,int__tai20_20_09,262144,13.8029,78.9149
ga,2,int__tai20_20_09,524288,13.8029,155.6345
ga,2,int__tai20_20_09,1048576,13.8029,319.0946
regla_bon,1,int__tai20_20_09,1,17.2142,0.0170
regla_bon,1,int__tai20_20_09,2,17.2142,0.0320
regla_bon,1,int__tai20_20_09,4,17.2142,0.0630
regla_bon,1,int__tai20_20_09,8,17.2142,0.1170
regla_bon,1,int__tai20_20_09,16,15.5401,0.2430
regla_bon,1,int__tai20_20_09,32,15.5401,0.4790
regla_bon,1,int__tai20_20_09,64,15.5401,0.9271
regla_bon,1,int__tai20_20_09,128,15.5401,1.8089
regla_bon,1,int__tai20_20_09,256,12.9817,3.5879
regla_bon,1,int__tai20_20_09,512,12.9817,7.1493
regla_bon,1,int__tai20_20_09,1024,12.9817,14.2666
regla_bon,1,int__tai20_20_09,2048,12.4763,28.5736
regla_bon,1,int__tai20_20_09,4096,12.4763,57.2708
regla_bon,1,int__tai20_20_09,8192,12.6027,115.6950
regla_bon,2,int__tai20_20_09,1,17.2142,0.0140
regla_bon,2,int__tai20_20_09,2,17.2142,0.0260
regla_bon,2,int__tai20_20_09,4,15.6349,0.0530
regla_bon,2,int__tai20_20_09,8,15.6349,0.1190
regla_bon,2,int__tai20_20_09,16,14.9400,0.2380
regla_bon,2,int__tai20_20_09,32,14.9400,0.4780
regla_bon,2,int__tai20_20_09,64,14.9400,0.9471
regla_bon,2,int__tai20_20_09,128,14.9400,1.8843
regla_bon,2,int__tai20_20_09,256,14.9400,3.7011
regla_bon,2,int__tai20_20_09,512,14.8768,7.3701
regla_bon,2,int__tai20_20_09,1024,14.8768,14.7511
regla_bon,2,int__tai20_20_09,2048,13.3291,30.5295
regla_bon,2,int__tai20_20_09,4096,12.1920,63.5998
regla_bon,2,int__tai20_20_09,8192,12.1920,128.6133
ga,1,int__tai20_20_10,1,118.7500,0.0470
ga,1,int__tai20_20_10,2,111.3220,0.0470
ga,1,int__tai20_20_10,4,111.3220,0.0470
ga,1,int__tai20_20_10,8,85.5694,0.0480
ga,1,int__tai20_20_10,16,85.5694,0.0500
ga,1,int__tai20_20_10,32,85.5694,0.0530
ga,1,int__tai20_20_10,64,85.5694,0.0600
ga,1,int__tai20_20_10,128,81.1191,0.0740
ga,1,int__tai20_20_10,256,80.3338,0.0990
ga,1,int__tai20_20_10,512,73.5602,0.1780
ga,1,int__tai20_20_10,1024,73.5602,0.3320
ga,1,int__tai20_20_10,2048,71.1715,0.6410
ga,1,int__tai20_20_10,4096,56.0209,1.2202
ga,1,int__tai20_20_10,8192,50.0982,2.4180
ga,1,int__tai20_20_10,16384,36.9437,4.7773
ga,1,int__tai20_20_10,32768,26.3089,9.6926
ga,1,int__tai20_20_10,65536,18.8154,19.8721
ga,1,int__tai20_20_10,131072,16.4594,39.5625
ga,1,int__tai20_20_10,262144,14.3979,77.1878
ga,1,int__tai20_20_10,524288,14.2343,152.7921
ga,1,int__tai20_20_10,1048576,13.9071,303.0063
ga,2,int__tai20_20_10,1,124.9346,0.0470
ga,2,int__tai20_20_10,2,124.9346,0.0480
ga,2,int__tai20_20_10,4,124.9346,0.0480
ga,2,int__tai20_20_10,8,108.5406,0.0490
ga,2,int__tai20_20_10,16,107.7225,0.0510
ga,2,int__tai20_20_10,32,87.4673,0.0530
ga,2,int__tai20_20_10,64,84.1623,0.0600
ga,2,int__tai20_20_10,128,82.3953,0.0720
ga,2,int__tai20_20_10,256,82.3953,0.1011
ga,2,int__tai20_20_10,512,81.0864,0.1692
ga,2,int__tai20_20_10,1024,75.0000,0.3142
ga,2,int__tai20_20_10,2048,70.0916,0.6148
ga,2,int__tai20_20_10,4096,58.3442,1.1967
ga,2,int__tai20_20_10,8192,44.6008,2.3474
ga,2,int__tai20_20_10,16384,32.1990,4.6793
ga,2,int__tai20_20_10,32768,28.3377,9.3665
ga,2,int__tai20_20_10,65536,25.1309,18.6879
ga,2,int__tai20_20_10,131072,19.6990,38.8462
ga,2,int__tai20_20_10,262144,19.6990,78.3696
ga,2,int__tai20_20_10,524288,19.4372,155.0725
ga,2,int__tai20_20_10,1048576,18.9136,318.1643
regla_bon,1,int__tai20_20_10,1,16.9830,0.0140
regla_bon,1,int__tai20_20_10,2,16.9830,0.0280
regla_bon,1,int__tai20_20_10,4,16.9830,0.0581
regla_bon,1,int__tai20_20_10,8,16.9830,0.1126
regla_bon,1,int__tai20_20_10,16,16.9830,0.2146
regla_bon,1,int__tai20_20_10,32,17.0812,0.4332
regla_bon,1,int__tai20_20_10,64,17.0812,0.8627
regla_bon,1,int__tai20_20_10,128,17.0812,1.7564
regla_bon,1,int__tai20_20_10,256,17.0812,3.5075
regla_bon,1,int__tai20_20_10,512,17.0812,7.0620
regla_bon,1,int__tai20_20_10,1024,15.7395,14.1421
regla_bon,1,int__tai20_20_10,2048,16.2631,28.3937
regla_bon,1,int__tai20_20_10,4096,16.2631,56.8225
regla_bon,1,int__tai20_20_10,8192,15.5105,114.9653
regla_bon,2,int__tai20_20_10,1,16.9830,0.0150
regla_bon,2,int__tai20_20_10,2,16.9830,0.0290
regla_bon,2,int__tai20_20_10,4,16.9830,0.0570
regla_bon,2,int__tai20_20_10,8,16.9830,0.1170
regla_bon,2,int__tai20_20_10,16,16.9830,0.2280
regla_bon,2,int__tai20_20_10,32,16.9830,0.4471
regla_bon,2,int__tai20_20_10,64,16.9830,0.9052
regla_bon,2,int__tai20_20_10,128,16.9830,1.8934
regla_bon,2,int__tai20_20_10,256,16.9830,3.7165
regla_bon,2,int__tai20_20_10,512,16.9830,7.4444
regla_bon,2,int__tai20_20_10,1024,13.9071,14.7671
regla_bon,2,int__tai20_20_10,2048,13.9071,30.2798
regla_bon,2,int__tai20_20_10,4096,13.9071,63.1818
regla_bon,2,int__tai20_20_10,8192,14.2670,127.3925
ga,1,int__tai30_15_01,1,124.7166,0.0580
ga,1,int__tai30_15_01,2,111.7063,0.0580
ga,1,int__tai30_15_01,4,100.5102,0.0590
ga,1,int__tai30_15_01,8,92.2902,0.0600
ga,1,int__tai30_15_01,16,90.1644,0.0610
ga,1,int__tai30_15_01,32,90.1644,0.0650
ga,1,int__tai30_15_01,64,77.6361,0.0720
ga,1,int__tai30_15_01,128,77.6361,0.0870
ga,1,int__tai30_15_01,256,74.2063,0.1200
ga,1,int__tai30_15_01,512,70.2381,0.2000
ga,1,int__tai30_15_01,1024,66.1565,0.3670
ga,1,int__tai30_15_01,2048,63.7755,0.7101
ga,1,int__tai30_15_01,4096,54.6202,1.3897
ga,1,int__tai30_15_01,8192,46.3152,2.7893
ga,1,int__tai30_15_01,16384,30.0170,5.9820
ga,1,int__tai30_15_01,32768,23.8662,11.6239
ga,1,int__tai30_15_01,65536,19.5011,22.8274
ga,1,int__tai30_15_01,131072,15.0794,44.8781
ga,1,int__tai30_15_01,262144,13.1236,87.9271
ga,1,int__tai30_15_01,524288,10.8844,182.8025
ga,1,int__tai30_15_01,1048576,10.7426,366.6656
ga,2,int__tai30_15_01,1,86.9898,0.0560
ga,2,int__tai30_15_01,2,86.9898,0.0560
ga,2,int__tai30_15_01,4,86.9898,0.0560
ga,2,int__tai30_15_01,8,86.9898,0.0570
ga,2,int__tai30_15_01,16,86.9898,0.0590
ga,2,int__tai30_15_01,32,79.9887,0.0625
ga,2,int__tai30_15_01,64,79.9887,0.0695
ga,2,int__tai30_15_01,128,68.5374,0.0845
ga,2,int__tai30_15_01,256,68.5374,0.1145
ga,2,int__tai30_15_01,512,68.5374,0.1985
ga,2,int__tai30_15_01,1024,67.6304,0.3636
ga,2,int__tai30_15_01,2048,60.2891,0.7056
ga,2,int__tai30_15_01,4096,53.7132,1.3837
ga,2,int__tai30_15_01,8192,45.5782,2.7231
ga,2,int__tai30_15_01,16384,34.8923,5.4458
ga,2,int__tai30_15_01,32768,21.6837,10.8651
ga,2,int__tai30_15_01,65536,15.1077,21.9257
ga,2,int__tai30_15_01,131072,14.3141,44.0893
ga,2,int__tai30_15_01,262144,13.8322,101.0806
ga,2,int__tai30_15_01,524288,13.8322,215.8687
ga,2,int__tai30_15_01,1048576,13.8322,419.1346
regla_bon,1,int__tai30_15_01,1,24.4615,0.0220
regla_bon,1,int__tai30_15_01,2,20.5782,0.0430
regla_bon,1,int__tai30_15_01,4,20.5782,0.0860
regla_bon,1,int__tai30_15_01,8,20.5782,0.1746
regla_bon,1,int__tai30_15_01,16,20.5782,0.3467
regla_bon,1,int__tai30_15_01,32,18.6791,0.7103
regla_bon,1,int__tai30_15_01,64,18.6791,1.3905
regla_bon,1,int__tai30_15_01,128,17.9422,2.7893
regla_bon,1,int__tai30_15_01,256,17.9422,5.5891
regla_bon,1,int__tai30_15_01,512,17.4320,11.3145
regla_bon,1,int__tai30_15_01,1024,17.4320,24.5006
regla_bon,1,int__tai30_15_01,2048,16.1848,48.7457
regla_bon,1,int__tai30_15_01,4096,16.1848,97.7621
regla_bon,1,int__tai30_15_01,8192,15.5045,188.0709
regla_bon,2,int__tai30_15_01,1,24.4615,0.0220
regla_bon,2,int__tai30_15_01,2,22.3073,0.0435
regla_bon,2,int__tai30_15_01,4,22.3073,0.0895
regla_bon,2,int__tai30_15_01,8,20.8050,0.1760
regla_bon,2,int__tai30_15_01,16,18.9059,0.3511
regla_bon,2,int__tai30_15_01,32,18.9059,0.7078
regla_bon,2,int__tai30_15_01,64,17.9422,1.4005
regla_bon,2,int__tai30_15_01,128,17.9422,2.8155
regla_bon,2,int__tai30_15_01,256,17.9422,5.6946
regla_bon,2,int__tai30_15_01,512,16.8934,12.7989
regla_bon,2,int__tai30_15_01,1024,17.2902,25.5067
regla_bon,2,int__tai30_15_01,2048,17.2902,50.9882
regla_bon,2,int__tai30_15_01,4096,16.4116,104.2023
regla_bon,2,int__tai30_15_01,8192,16.4116,211.7550
ga,1,int__tai30_15_02,1,111.4994,0.0510
ga,1,int__tai30_15_02,2,101.1274,0.0510
ga,1,int__tai30_15_02,4,101.1274,0.0520
ga,1,int__tai30_15_02,8,101.1274,0.0530
ga,1,int__tai30_15_02,16,100.4510,0.0540
ga,1,int__tai30_15_02,32,100.4510,0.0575
ga,1,int__tai30_15_02,64,94.6167,0.0645
ga,1,int__tai30_15_02,128,81.4543,0.0775
ga,1,int__tai30_15_02,256,81.4543,0.1070
ga,1,int__tai30_15_02,512,79.5660,0.1890
ga,1,int__tai30_15_02,1024,79.5660,0.3586
ga,1,int__tai30_15_02,2048,69.7858,0.7000
ga,1,int__tai30_15_02,4096,65.0225,1.3808
ga,1,int__tai30_15_02,8192,54.3687,2.7517
ga,1,int__tai30_15_02,16384,41.3754,5.9641
ga,1,int__tai30_15_02,32768,27.2830,11.5986
ga,1,int__tai30_15_02,65536,22.5197,22.6050
ga,1,int__tai30_15_02,131072,20.4904,44.8764
ga,1,int__tai30_15_02,262144,20.3495,87.7666
ga,1,int__tai30_15_02,524288,20.3495,182.2248
ga,1,int__tai30_15_02,1048576,20.3495,366.2744
ga,2,int__tai30_15_02,1,118.1511,0.0500
ga,2,int__tai30_15_02,2,118.1511,0.0500
ga,2,int__tai30_15_02,4,115.0507,0.0510
ga,2,int__tai30_15_02,8,107.2435,0.0520
ga,2,int__tai30_15_02,16,107.2435,0.0540
ga,2,int__tai30_15_02,32,95.4059,0.0570
ga,2,int__tai30_15_02,64,92.7847,0.0635
ga,2,int__tai30_15_02,128,86.5276,0.0775
ga,2,int__tai30_15_02,256,78.2413,0.1070
ga,2,int__tai30_15_02,512,78.4104,0.1915
ga,2,int__tai30_15_02,1024,76.2965,0.3565
ga,2,int__tai30_15_02,2048,70.2086,0.6815
ga,2,int__tai30_15_02,4096,57.6099,1.3466
ga,2,int__tai30_15_02,8192,45.4340,2.6760
ga,2,int__tai30_15_02,16384,37.1759,5.4018
ga,2,int__tai30_15_02,32768,28.2413,10.7601
ga,2,int__tai30_15_02,65536,23.4216,21.8286
ga,2,int__tai30_15_02,131072,20.4340,43.8272
ga,2,int__tai30_15_02,262144,18.3766,100.3329
ga,2,int__tai30_15_02,524288,17.5028,216.1373
ga,2,int__tai30_15_02,1048576,17.5028,418.7221
regla_bon,1,int__tai30_15_02,1,18.9684,0.0260
regla_bon,1,int__tai30_15_02,2,18.9684,0.0500
regla_bon,1,int__tai30_15_02,4,18.9684,0.0870
regla_bon,1,int__tai30_15_02,8,18.9684,0.1691
regla_bon,1,int__tai30_15_02,16,18.9684,0.3397
regla_bon,1,int__tai30_15_02,32,18.9684,0.6968
regla_bon,1,int__tai30_15_02,64,18.9684,1.4004
regla_bon,1,int__tai30_15_02,128,19.7858,2.8550
regla_bon,1,int__tai30_15_02,256,18.2074,5.6806
regla_bon,1,int__tai30_15_02,512,16.7136,11.4631
regla_bon,1,int__tai30_15_02,1024,16.6855,24.6804
regla_bon,1,int__tai30_15_02,2048,16.3754,49.4934
regla_bon,1,int__tai30_15_02,4096,16.3754,98.8734
regla_bon,1,int__tai30_15_02,8192,16.3754,190.2676
regla_bon,2,int__tai30_15_02,1,18.9684,0.0240
regla_bon,2,int__tai30_15_02,2,18.9684,0.0460
regla_bon,2,int__tai30_15_02,4,18.9684,0.0920
regla_bon,2,int__tai30_15_02,8,18.9684,0.1775
regla_bon,2,int__tai30_15_02,16,18.9684,0.3635
regla_bon,2,int__tai30_15_02,32,18.9684,0.7226
regla_bon,2,int__tai30_15_02,64,18.9684,1.4109
regla_bon,2,int__tai30_15_02,128,17.9820,2.8635
regla_bon,2,int__tai30_15_02,256,17.9820,5.8054
regla_bon,2,int__tai30_15_02,512,17.9820,12.9358
regla_bon,2,int__tai30_15_02,1024,17.8692,25.8792
regla_bon,2,int__tai30_15_02,2048,17.7001,51.7719
regla_bon,2,int__tai30_15_02,4096,17.7001,105.8081
regla_bon,2,int__tai30_15_02,8192,16.7700,214.4288
ga,1,int__tai30_15_03,1,101.9016,0.0590
ga,1,int__tai30_15_03,2,101.9016,0.0590
ga,1,int__tai30_15_03,4,101.9016,0.0600
ga,1,int__tai30_15_03,8,101.2304,0.0610
ga,1,int__tai30_15_03,16,101.2304,0.0620
ga,1,int__tai30_15_03,32,93.7360,0.0650
ga,1,int__tai30_15_03,64,76.7338,0.0720
ga,1,int__tai30_15_03,128,76.7338,0.0870
ga,1,int__tai30_15_03,256,77.0694,0.1160
ga,1,int__tai30_15_03,512,77.0694,0.1980
ga,1,int__tai30_15_03,1024,71.2248,0.3681
ga,1,int__tai30_15_03,2048,64.4295,0.7062
ga,1,int__tai30_15_03,4096,54.0268,1.3934
ga,1,int__tai30_15_03,8192,52.2371,2.7543
ga,1,int__tai30_15_03,16384,38.5067,5.4311
ga,1,int__tai30_15_03,32768,26.5101,10.9373
ga,1,int__tai30_15_03,65536,21.2248,22.0980
ga,1,int__tai30_15_03,131072,17.3658,43.9826
ga,1,int__tai30_15_03,262144,15.1846,87.9953
ga,1,int__tai30_15_03,524288,13.3669,183.1281
ga,1,int__tai30_15_03,1048576,12.9195,363.7742
ga,2,int__tai30_15_03,1,106.9351,0.0580
ga,2,int__tai30_15_03,2,101.6779,0.0580
ga,2,int__tai30_15_03,4,94.7707,0.0590
ga,2,int__tai30_15_03,8,72.9027,0.0600
ga,2,int__tai30_15_03,16,72.9027,0.0610
ga,2,int__tai30_15_03,32,72.9027,0.0660
ga,2,int__tai30_15_03,64,72.9027,0.0730
ga,2,int__tai30_15_03,128,72.9027,0.0890
ga,2,int__tai30_15_03,256,72.9027,0.1240
ga,2,int__tai30_15_03,512,72.9027,0.2500
ga,2,int__tai30_15_03,1024,71.4765,0.4775
ga,2,int__tai30_15_03,2048,67.8412,0.9025
ga,2,int__tai30_15_03,4096,58.0817,1.7014
ga,2,int__tai30_15_03,8192,48.7136,3.3147
ga,2,int__tai30_15_03,16384,38.7864,6.5039
ga,2,int__tai30_15_03,32768,25.8669,12.7503
ga,2,int__tai30_15_03,65536,19.6868,25.4448
ga,2,int__tai30_15_03,131072,13.9541,51.4567
ga,2,int__tai30_15_03,262144,13.0313,102.4107
ga,2,int__tai30_15_03,524288,12.9754,199.7369
ga,2,int__tai30_15_03,1048576,12.9754,404.2072
regla_bon,1,int__tai30_15_03,1,27.4888,0.0240
regla_bon,1,int__tai30_15_03,2,27.4888,0.0450
regla_bon,1,int__tai30_15_03,4,27.4888,0.0910
regla_bon,1,int__tai30_15_03,8,27.4888,0.1765
regla_bon,1,int__tai30_15_03,16,27.4888,0.3527
regla_bon,1,int__tai30_15_03,32,27.4888,0.7007
regla_bon,1,int__tai30_15_03,64,25.1678,1.4009
regla_bon,1,int__tai30_15_03,128,23.5179,2.9208
regla_bon,1,int__tai30_15_03,256,23.5179,5.7916
regla_bon,1,int__tai30_15_03,512,22.4832,11.4796
regla_bon,1,int__tai30_15_03,1024,22.4553,22.7945
regla_bon,1,int__tai30_15_03,2048,22.4553,52.0846
regla_bon,1,int__tai30_15_03,4096,22.4553,113.6268
regla_bon,1,int__tai30_15_03,8192,21.5884,227.0030
regla_bon,2,int__tai30_15_03,1,27.4888,0.0280
regla_bon,2,int__tai30_15_03,2,27.4888,0.0500
regla_bon,2,int__tai30_15_03,4,27.4888,0.0970
regla_bon,2,int__tai30_15_03,8,24.5246,0.2570
regla_bon,2,int__tai30_15_03,16,24.5246,0.5006
regla_bon,2,int__tai30_15_03,32,24.5246,0.9247
regla_bon,2,int__tai30_15_03,64,21.5604,1.8113
regla_bon,2,int__tai30_15_03,128,21.5604,3.5370
regla_bon,2,int__tai30_15_03,256,21.5604,7.0505
regla_bon,2,int__tai30_15_03,512,21.5604,13.3601
regla_bon,2,int__tai30_15_03,1024,21.5604,27.1887
regla_bon,2,int__tai30_15_03,2048,22.2036,55.5103
regla_bon,2,int__tai30_15_03,4096,22.2036,108.1924
regla_bon,2,int__tai30_15_03,8192,22.2036,209.3027
ga,1,int__tai30_15_04,1,115.8096,0.0550
ga,1,int__tai30_15_04,2,89.9891,0.0550
ga,1,int__tai30_15_04,4,89.9891,0.0550
ga,1,int__tai30_15_04,8,89.9891,0.0560
ga,1,int__tai30_15_04,16,89.9891,0.0580
ga,1,int__tai30_15_04,32,87.2538,0.0610
ga,1,int__tai30_15_04,64,80.7713,0.0700
ga,1,int__tai30_15_04,128,78.2276,0.0855
ga,1,int__tai30_15_04,256,72.4289,0.1137
ga,1,int__tai30_15_04,512,69.2560,0.2042
ga,1,int__tai30_15_04,1024,69.2560,0.3697
ga,1,int__tai30_15_04,2048,60.5580,0.7069
ga,1,int__tai30_15_04,4096,53.2002,1.4040
ga,1,int__tai30_15_04,8192,46.3348,2.7736
ga,1,int__tai30_15_04,16384,34.2451,5.4908
ga,1,int__tai30_15_04,32768,22.8118,11.0655
ga,1,int__tai30_15_04,65536,18.3807,22.2092
ga,1,int__tai30_15_04,131072,16.0832,44.1043
ga,1,int__tai30_15_04,262144,15.3173,88.1661
ga,1,int__tai30_15_04,524288,15.0438,183.6590
ga,1,int__tai30_15_04,1048576,14.7155,364.6221
ga,2,int__tai30_15_04,1,113.1018,0.0660
ga,2,int__tai30_15_04,2,113.1018,0.0660
ga,2,int__tai30_15_04,4,93.7363,0.0670
ga,2,int__tai30_15_04,8,84.0263,0.0680
ga,2,int__tai30_15_04,16,84.0263,0.0700
ga,2,int__tai30_15_04,32,78.3643,0.0740
ga,2,int__tai30_15_04,64,73.0853,0.0850
ga,2,int__tai30_15_04,128,73.0853,0.1030
ga,2,int__tai30_15_04,256,73.0853,0.1400
ga,2,int__tai30_15_04,512,73.0853,0.2425
ga,2,int__tai30_15_04,1024,67.8063,0.4875
ga,2,int__tai30_15_04,2048,59.7921,0.8715
ga,2,int__tai30_15_04,4096,52.8720,1.6650
ga,2,int__tai30_15_04,8192,40.7549,3.2594
ga,2,int__tai30_15_04,16384,33.0689,6.4204
ga,2,int__tai30_15_04,32768,21.0339,12.6023
ga,2,int__tai30_15_04,65536,16.6575,25.2823
ga,2,int__tai30_15_04,131072,16.7943,51.3627
ga,2,int__tai30_15_04,262144,13.4573,102.2527
ga,2,int__tai30_15_04,524288,11.7068,199.7119
ga,2,int__tai30_15_04,1048576,10.0109,406.1846
regla_bon,1,int__tai30_15_04,1,20.6510,0.0260
regla_bon,1,int__tai30_15_04,2,16.8217,0.0480
regla_bon,1,int__tai30_15_04,4,16.8217,0.0945
regla_bon,1,int__tai30_15_04,8,16.8217,0.1781
regla_bon,1,int__tai30_15_04,16,16.9037,0.3486
regla_bon,1,int__tai30_15_04,32,15.8917,0.7191
regla_bon,1,int__tai30_15_04,64,15.8917,1.4639
regla_bon,1,int__tai30_15_04,128,16.7396,2.9542
regla_bon,1,int__tai30_15_04,256,14.8796,5.7951
regla_bon,1,int__tai30_15_04,512,14.8796,11.5107
regla_bon,1,int__tai30_15_04,1024,14.5514,22.8193
regla_bon,1,int__tai30_15_04,2048,13.2932,53.0779
regla_bon,1,int__tai30_15_04,4096,13.2932,113.9288
regla_bon,1,int__tai30_15_04,8192,13.2932,226.5698
regla_bon,2,int__tai30_15_04,1,20.6510,0.0360
regla_bon,2,int__tai30_15_04,2,19.2560,0.0650
regla_bon,2,int__tai30_15_04,4,19.2560,0.1130
regla_bon,2,int__tai30_15_04,8,18.9278,0.2125
regla_bon,2,int__tai30_15_04,16,16.8490,0.4306
regla_bon,2,int__tai30_15_04,32,16.9858,0.8481
regla_bon,2,int__tai30_15_04,64,17.3140,1.7241
regla_bon,2,int__tai30_15_04,128,15.5635,3.6963
regla_bon,2,int__tai30_15_04,256,13.9223,6.7500
regla_bon,2,int__tai30_15_04,512,13.9223,13.1124
regla_bon,2,int__tai30_15_04,1024,13.9223,27.3679
regla_bon,2,int__tai30_15_04,2048,13.9223,55.3106
regla_bon,2,int__tai30_15_04,4096,13.6214,107.2880
regla_bon,2,int__tai30_15_04,8192,12.3906,207.7799
ga,1,int__tai30_15_05,1,103.5625,0.0570
ga,1,int__tai30_15_05,2,87.0952,0.0570
ga,1,int__tai30_15_05,4,85.0772,0.0575
ga,1,int__tai30_15_05,8,67.5386,0.0581
ga,1,int__tai30_15_05,16,67.5386,0.0610
ga,1,int__tai30_15_05,32,63.8266,0.0640
ga,1,int__tai30_15_05,64,61.6094,0.0720
ga,1,int__tai30_15_05,128,61.6094,0.0880
ga,1,int__tai30_15_05,256,61.0862,0.1210
ga,1,int__tai30_15_05,512,56.4524,0.2086
ga,1,int__tai30_15_05,1024,49.6263,0.3811
ga,1,int__tai30_15_05,2048,45.4410,0.7237
ga,1,int__tai30_15_05,4096,39.8605,1.4110
ga,1,int__tai30_15_05,8192,30.8421,2.8259
ga,1,int__tai30_15_05,16384,26.1086,5.9263
ga,1,int__tai30_15_05,32768,17.8376,11.5983
ga,1,int__tai30_15_05,65536,13.7270,22.7755
ga,1,int__tai30_15_05,131072,11.1360,47.2594
ga,1,int__tai30_15_05,262144,8.2461,91.4687
ga,1,int__tai30_15_05,524288,7.0254,178.7980
ga,1,int__tai30_15_05,1048576,7.0254,401.1470
ga,2,int__tai30_15_05,1,82.9098,0.0585
ga,2,int__tai30_15_05,2,82.9098,0.0585
ga,2,int__tai30_15_05,4,82.9098,0.0595
ga,2,int__tai30_15_05,8,65.3214,0.0605
ga,2,int__tai30_15_05,16,65.3214,0.0625
ga,2,int__tai30_15_05,32,65.3214,0.0676
ga,2,int__tai30_15_05,64,60.1146,0.0755
ga,2,int__tai30_15_05,128,60.1146,0.0915
ga,2,int__tai30_15_05,256,56.1286,0.1256
ga,2,int__tai30_15_05,512,51.2207,0.2346
ga,2,int__tai30_15_05,1024,48.2063,0.4316
ga,2,int__tai30_15_05,2048,46.6119,0.7772
ga,2,int__tai30_15_05,4096,35.2765,1.4689
ga,2,int__tai30_15_05,8192,31.7140,2.9200
ga,2,int__tai30_15_05,16384,22.2970,5.7925
ga,2,int__tai30_15_05,32768,16.5670,12.4127
ga,2,int__tai30_15_05,65536,12.9048,25.4249
ga,2,int__tai30_15_05,131072,10.9865,48.5534
ga,2,int__tai30_15_05,262144,10.8122,103.7934
ga,2,int__tai30_15_05,524288,8.0219,206.3523
ga,2,int__tai30_15_05,1048576,7.4738,404.5511
regla_bon,1,int__tai30_15_05,1,8.3956,0.0246
regla_bon,1,int__tai30_15_05,2,8.3956,0.0496
regla_bon,1,int__tai30_15_05,4,8.3956,0.0961
regla_bon,1,int__tai30_15_05,8,8.3956,0.1991
regla_bon,1,int__tai30_15_05,16,7.9721,0.3897
regla_bon,1,int__tai30_15_05,32,6.2780,0.7728
regla_bon,1,int__tai30_15_05,64,6.2780,1.6432
regla_bon,1,int__tai30_15_05,128,6.2780,3.2228
regla_bon,1,int__tai30_15_05,256,6.2780,6.4016
regla_bon,1,int__tai30_15_05,512,6.2780,12.9190
regla_bon,1,int__tai30_15_05,1024,6.2780,26.2684
regla_bon,1,int__tai30_15_05,2048,6.5272,53.0629
regla_bon,1,int__tai30_15_05,4096,6.3777,103.5455
regla_bon,1,int__tai30_15_05,8192,4.2103,204.1664
regla_bon,2,int__tai30_15_05,1,8.3956,0.0225
regla_bon,2,int__tai30_15_05,2,8.3956,0.0475
regla_bon,2,int__tai30_15_05,4,8.3956,0.0895
regla_bon,2,int__tai30_15_05,8,8.3956,0.1830
regla_bon,2,int__tai30_15_05,16,7.8724,0.3711
regla_bon,2,int__tai30_15_05,32,7.8724,0.7333
regla_bon,2,int__tai30_15_05,64,7.2995,1.4695
regla_bon,2,int__tai30_15_05,128,7.2995,3.0291
regla_bon,2,int__tai30_15_05,256,6.8510,6.0194
regla_bon,2,int__tai30_15_05,512,6.4026,12.0013
regla_bon,2,int__tai30_15_05,1024,6.0289,23.8702
regla_bon,2,int__tai30_15_05,2048,6.0289,47.8492
regla_bon,2,int__tai30_15_05,4096,6.0289,95.2284
regla_bon,2,int__tai30_15_05,8192,3.9860,191.8581
ga,1,int__tai30_15_06,1,110.1979,0.0660
ga,1,int__tai30_15_06,2,93.8428,0.0660
ga,1,int__tai30_15_06,4,93.8428,0.0660
ga,1,int__tai30_15_06,8,80.7587,0.0670
ga,1,int__tai30_15_06,16,80.7587,0.0720
ga,1,int__tai30_15_06,32,77.3502,0.0770
ga,1,int__tai30_15_06,64,77.3502,0.0850
ga,1,int__tai30_15_06,128,77.3502,0.1020
ga,1,int__tai30_15_06,256,77.3502,0.1330
ga,1,int__tai30_15_06,512,77.3502,0.2325
ga,1,int__tai30_15_06,1024,72.0176,0.4196
ga,1,int__tai30_15_06,2048,67.6196,0.7651
ga,1,int__tai30_15_06,4096,60.5003,1.5102
ga,1,int__tai30_15_06,8192,45.2721,3.3736
ga,1,int__tai30_15_06,16384,35.6240,6.5569
ga,1,int__tai30_15_06,32768,21.8802,12.2946
ga,1,int__tai30_15_06,65536,15.8604,23.2030
ga,1,int__tai30_15_06,131072,13.3040,47.6305
ga,1,int__tai30_15_06,262144,12.1220,92.2014
ga,1,int__tai30_15_06,524288,11.7647,179.3346
ga,1,int__tai30_15_06,1048576,11.7647,398.2224
ga,2,int__tai30_15_06,1,117.8670,0.0710
ga,2,int__tai30_15_06,2,110.7202,0.0710
ga,2,int__tai30_15_06,4,92.4409,0.0730
ga,2,int__tai30_15_06,8,75.2062,0.0740
ga,2,int__tai30_15_06,16,75.2062,0.0760
ga,2,int__tai30_15_06,32,75.2062,0.0800
ga,2,int__tai30_15_06,64,75.2062,0.0880
ga,2,int__tai30_15_06,128,75.2062,0.1050
ga,2,int__tai30_15_06,256,75.2062,0.1420
ga,2,int__tai30_15_06,512,75.2062,0.2361
ga,2,int__tai30_15_06,1024,63.7713,0.4251
ga,2,int__tai30_15_06,2048,54.0132,0.8282
ga,2,int__tai30_15_06,4096,53.2710,1.5591
ga,2,int__tai30_15_06,8192,46.1517,3.0327
ga,2,int__tai30_15_06,16384,32.4354,6.1118
ga,2,int__tai30_15_06,32768,25.1237,12.0696
ga,2,int__tai30_15_06,65536,19.4338,24.5501
ga,2,int__tai30_15_06,131072,15.5030,48.7824
ga,2,int__tai30_15_06,262144,13.0841,102.0128
ga,2,int__tai30_15_06,524288,13.0841,205.8161
ga,2,int__tai30_15_06,1048576,12.4794,403.8921
regla_bon,1,int__tai30_15_06,1,23.7768,0.0250
regla_bon,1,int__tai30_15_06,2,23.7768,0.0516
regla_bon,1,int__tai30_15_06,4,22.6223,0.1005
regla_bon,1,int__tai30_15_06,8,18.7191,0.2025
regla_bon,1,int__tai30_15_06,16,18.7191,0.4021
regla_bon,1,int__tai30_15_06,32,18.7191,0.7976
regla_bon,1,int__tai30_15_06,64,17.9494,1.6642
regla_bon,1,int__tai30_15_06,128,17.5096,3.2703
regla_bon,1,int__tai30_15_06,256,17.2347,6.5826
regla_bon,1,int__tai30_15_06,512,15.5580,12.8701
regla_bon,1,int__tai30_15_06,1024,14.7334,25.7054
regla_bon,1,int__tai30_15_06,2048,14.7334,52.0844
regla_bon,1,int__tai30_15_06,4096,14.7334,103.8829
regla_bon,1,int__tai30_15_06,8192,14.7334,203.0151
regla_bon,2,int__tai30_15_06,1,23.7768,0.0250
regla_bon,2,int__tai30_15_06,2,18.3617,0.0470
regla_bon,2,int__tai30_15_06,4,18.3617,0.0920
regla_bon,2,int__tai30_15_06,8,18.3617,0.1800
regla_bon,2,int__tai30_15_06,16,18.3617,0.3600
regla_bon,2,int__tai30_15_06,32,18.3617,0.7391
regla_bon,2,int__tai30_15_06,64,18.3617,1.4763
regla_bon,2,int__tai30_15_06,128,18.8840,3.0733
regla_bon,2,int__tai30_15_06,256,17.6745,6.2071
regla_bon,2,int__tai30_15_06,512,16.2177,12.1712
regla_bon,2,int__tai30_15_06,1024,16.2452,23.9350
regla_bon,2,int__tai30_15_06,2048,16.2452,47.4092
regla_bon,2,int__tai30_15_06,4096,12.2045,94.3061
regla_bon,2,int__tai30_15_06,8192,12.2045,189.2845
ga,1,int__tai30_15_07,1,131.3947,0.0540
ga,1,int__tai30_15_07,2,113.8058,0.0540
ga,1,int__tai30_15_07,4,97.6285,0.0550
ga,1,int__tai30_15_07,8,97.6285,0.0550
ga,1,int__tai30_15_07,16,97.6285,0.0570
ga,1,int__tai30_15_07,32,83.4839,0.0610
ga,1,int__tai30_15_07,64,83.4839,0.0675
ga,1,int__tai30_15_07,128,82.6934,0.0815
ga,1,int__tai30_15_07,256,80.0678,0.1135
ga,1,int__tai30_15_07,512,71.3156,0.2032
ga,1,int__tai30_15_07,1024,71.3156,0.3814
ga,1,int__tai30_15_07,2048,62.1965,0.7384
ga,1,int__tai30_15_07,4096,54.2631,1.4347
ga,1,int__tai30_15_07,8192,51.0446,2.9261
ga,1,int__tai30_15_07,16384,38.1705,6.0967
ga,1,int__tai30_15_07,32768,24.5059,12.2992
ga,1,int__tai30_15_07,65536,20.1299,25.2005
ga,1,int__tai30_15_07,131072,16.3467,52.4018
ga,1,int__tai30_15_07,262144,15.4715,104.7057
ga,1,int__tai30_15_07,524288,14.0034,201.2989
ga,1,int__tai30_15_07,1048576,14.0034,389.6510
ga,2,int__tai30_15_07,1,107.0299,0.0560
ga,2,int__tai30_15_07,2,107.0299,0.0560
ga,2,int__tai30_15_07,4,107.0299,0.0560
ga,2,int__tai30_15_07,8,107.0299,0.0570
ga,2,int__tai30_15_07,16,102.8797,0.0590
ga,2,int__tai30_15_07,32,82.6652,0.0630
ga,2,int__tai30_15_07,64,82.6652,0.0690
ga,2,int__tai30_15_07,128,82.6652,0.0820
ga,2,int__tai30_15_07,256,82.6652,0.1120
ga,2,int__tai30_15_07,512,80.2654,0.2010
ga,2,int__tai30_15_07,1024,72.6990,0.3642
ga,2,int__tai30_15_07,2048,68.3230,0.6922
ga,2,int__tai30_15_07,4096,64.0316,1.3848
ga,2,int__tai30_15_07,8192,50.5364,2.7243
ga,2,int__tai30_15_07,16384,33.0322,5.4800
ga,2,int__tai30_15_07,32768,23.3202,10.8750
ga,2,int__tai30_15_07,65536,18.6335,21.5864
ga,2,int__tai30_15_07,131072,15.1045,44.7787
ga,2,int__tai30_15_07,262144,14.4551,95.1421
ga,2,int__tai30_15_07,524288,14.0034,196.2674
ga,2,int__tai30_15_07,1048576,14.0034,387.2777
regla_bon,1,int__tai30_15_07,1,18.3794,0.0260
regla_bon,1,int__tai30_15_07,2,18.3794,0.0480
regla_bon,1,int__tai30_15_07,4,18.3794,0.0940
regla_bon,1,int__tai30_15_07,8,18.3794,0.1840
regla_bon,1,int__tai30_15_07,16,16.9396,0.3851
regla_bon,1,int__tai30_15_07,32,15.0480,0.7573
regla_bon,1,int__tai30_15_07,64,15.0480,1.5947
regla_bon,1,int__tai30_15_07,128,15.0480,3.1030
regla_bon,1,int__tai30_15_07,256,14.2010,6.0363
regla_bon,1,int__tai30_15_07,512,14.2010,12.0118
regla_bon,1,int__tai30_15_07,1024,14.2010,24.6771
regla_bon,1,int__tai30_15_07,2048,13.5517,48.4028
regla_bon,1,int__tai30_15_07,4096,13.5517,96.3337
regla_bon,1,int__tai30_15_07,8192,13.5517,189.2948
regla_bon,2,int__tai30_15_07,1,18.3794,0.0240
regla_bon,2,int__tai30_15_07,2,18.3794,0.0440
regla_bon,2,int__tai30_15_07,4,18.3794,0.0930
regla_bon,2,int__tai30_15_07,8,18.3794,0.1820
regla_bon,2,int__tai30_15_07,16,16.9678,0.3576
regla_bon,2,int__tai30_15_07,32,15.5280,0.7393
regla_bon,2,int__tai30_15_07,64,15.5280,1.5527
regla_bon,2,int__tai30_15_07,128,15.6126,3.2384
regla_bon,2,int__tai30_15_07,256,15.1609,6.2805
regla_bon,2,int__tai30_15_07,512,13.4387,13.5045
regla_bon,2,int__tai30_15_07,1024,13.4387,26.9013
regla_bon,2,int__tai30_15_07,2048,13.4387,51.5739
regla_bon,2,int__tai30_15_07,4096,14.0881,100.0638
regla_bon,2,int__tai30_15_07,8192,13.1846,204.9531
ga,1,int__tai30_15_08,1,124.7460,0.0600
ga,1,int__tai30_15_08,2,102.7496,0.0600
ga,1,int__tai30_15_08,4,102.7496,0.0610
ga,1,int__tai30_15_08,8,101.3150,0.0620
ga,1,int__tai30_15_08,16,102.6898,0.0640
ga,1,int__tai30_15_08,32,100.3586,0.0710
ga,1,int__tai30_15_08,64,90.3467,0.0790
ga,1,int__tai30_15_08,128,79.7370,0.0960
ga,1,int__tai30_15_08,256,79.5577,0.1265
ga,1,int__tai30_15_08,512,79.5577,0.2166
ga,1,int__tai30_15_08,1024,79.5577,0.3972
ga,1,int__tai30_15_08,2048,66.1686,0.7928
ga,1,int__tai30_15_08,4096,55.0209,1.5696
ga,1,int__tai30_15_08,8192,46.2044,3.1203
ga,1,int__tai30_15_08,16384,34.9970,6.3745
ga,1,int__tai30_15_08,32768,28.1829,12.7024
ga,1,int__tai30_15_08,65536,21.5481,25.3653
ga,1,int__tai30_15_08,131072,18.6790,52.7423
ga,1,int__tai30_15_08,262144,18.0215,104.2171
ga,1,int__tai30_15_08,524288,16.2283,200.2196
ga,1,int__tai30_15_08,1048576,15.9295,386.9658
ga,2,int__tai30_15_08,1,132.5164,0.0480
ga,2,int__tai30_15_08,2,113.5684,0.0490
ga,2,int__tai30_15_08,4,102.1219,0.0490
ga,2,int__tai30_15_08,8,102.1219,0.0500
ga,2,int__tai30_15_08,16,97.7286,0.0510
ga,2,int__tai30_15_08,32,96.8619,0.0540
ga,2,int__tai30_15_08,64,81.9187,0.0610
ga,2,int__tai30_15_08,128,81.9187,0.0730
ga,2,int__tai30_15_08,256,80.7531,0.1020
ga,2,int__tai30_15_08,512,80.7531,0.1821
ga,2,int__tai30_15_08,1024,67.8123,0.3431
ga,2,int__tai30_15_08,2048,66.2283,0.6732
ga,2,int__tai30_15_08,4096,57.3819,1.3669
ga,2,int__tai30_15_08,8192,51.4345,2.7132
ga,2,int__tai30_15_08,16384,39.3305,5.2925
ga,2,int__tai30_15_08,32768,26.8380,10.6985
ga,2,int__tai30_15_08,65536,18.6790,21.3036
ga,2,int__tai30_15_08,131072,16.5272,45.2501
ga,2,int__tai30_15_08,262144,15.0329,94.2632
ga,2,int__tai30_15_08,524288,14.1064,195.2017
ga,2,int__tai30_15_08,1048576,13.6880,384.6239
regla_bon,1,int__tai30_15_08,1,20.1136,0.0342
regla_bon,1,int__tai30_15_08,2,18.5595,0.0598
regla_bon,1,int__tai30_15_08,4,15.4513,0.1128
regla_bon,1,int__tai30_15_08,8,15.4513,0.2074
regla_bon,1,int__tai30_15_08,16,15.4513,0.3904
regla_bon,1,int__tai30_15_08,32,15.4513,0.7660
regla_bon,1,int__tai30_15_08,64,15.4513,1.6011
regla_bon,1,int__tai30_15_08,128,15.4513,3.0879
regla_bon,1,int__tai30_15_08,256,15.5111,6.1045
regla_bon,1,int__tai30_15_08,512,15.5111,12.1990
regla_bon,1,int__tai30_15_08,1024,14.9432,25.1910
regla_bon,1,int__tai30_15_08,2048,14.9432,49.4074
regla_bon,1,int__tai30_15_08,4096,15.2122,98.2397
regla_bon,1,int__tai30_15_08,8192,12.3132,192.8281
regla_bon,2,int__tai30_15_08,1,20.1136,0.0220
regla_bon,2,int__tai30_15_08,2,20.1136,0.0470
regla_bon,2,int__tai30_15_08,4,19.6055,0.0950
regla_bon,2,int__tai30_15_08,8,19.6055,0.1891
regla_bon,2,int__tai30_15_08,16,18.4698,0.4026
regla_bon,2,int__tai30_15_08,32,16.0191,0.8422
regla_bon,2,int__tai30_15_08,64,16.0191,1.7008
regla_bon,2,int__tai30_15_08,128,16.9157,3.3484
regla_bon,2,int__tai30_15_08,256,16.9157,6.5401
regla_bon,2,int__tai30_15_08,512,16.9157,13.8550
regla_bon,2,int__tai30_15_08,1024,17.3939,27.5179
regla_bon,2,int__tai30_15_08,2048,16.7962,52.6213
regla_bon,2,int__tai30_15_08,4096,14.4949,101.8372
regla_bon,2,int__tai30_15_08,8192,14.6145,208.0735
ga,1,int__tai30_15_09,1,104.6240,0.0555
ga,1,int__tai30_15_09,2,104.6240,0.0555
ga,1,int__tai30_15_09,4,97.7716,0.0565
ga,1,int__tai30_15_09,8,92.0613,0.0575
ga,1,int__tai30_15_09,16,92.0613,0.0595
ga,1,int__tai30_15_09,32,69.4708,0.0635
ga,1,int__tai30_15_09,64,69.4708,0.0715
ga,1,int__tai30_15_09,128,69.4708,0.0835
ga,1,int__tai30_15_09,256,69.4708,0.1150
ga,1,int__tai30_15_09,512,64.4847,0.2046
ga,1,int__tai30_15_09,1024,64.4847,0.3731
ga,1,int__tai30_15_09,2048,54.1783,0.7282
ga,1,int__tai30_15_09,4096,52.9805,1.4412
ga,1,int__tai30_15_09,8192,47.0752,2.9567
ga,1,int__tai30_15_09,16384,33.4262,5.8861
ga,1,int__tai30_15_09,32768,25.4039,11.7415
ga,1,int__tai30_15_09,65536,17.8273,23.3763
ga,1,int__tai30_15_09,131072,15.0975,46.6776
ga,1,int__tai30_15_09,262144,12.5905,92.7106
ga,1,int__tai30_15_09,524288,11.1699,186.7864
ga,1,int__tai30_15_09,1048576,11.0585,367.8203
ga,2,int__tai30_15_09,1,98.4401,0.0550
ga,2,int__tai30_15_09,2,83.6212,0.0560
ga,2,int__tai30_15_09,4,83.6212,0.0570
ga,2,int__tai30_15_09,8,83.6212,0.0580
ga,2,int__tai30_15_09,16,83.6212,0.0600
ga,2,int__tai30_15_09,32,77.1588,0.0640
ga,2,int__tai30_15_09,64,76.4067,0.0720
ga,2,int__tai30_15_09,128,76.4067,0.0930
ga,2,int__tai30_15_09,256,72.7855,0.1280
ga,2,int__tai30_15_09,512,68.9972,0.2320
ga,2,int__tai30_15_09,1024,63.4262,0.4100
ga,2,int__tai30_15_09,2048,57.3816,0.7617
ga,2,int__tai30_15_09,4096,54.5961,1.4514
ga,2,int__tai30_15_09,8192,41.2813,2.8241
ga,2,int__tai30_15_09,16384,31.4763,5.5467
ga,2,int__tai30_15_09,32768,22.8412,12.7706
ga,2,int__tai30_15_09,65536,19.3872,24.3499
ga,2,int__tai30_15_09,131072,15.9610,46.6047
ga,2,int__tai30_15_09,262144,15.5989,90.5801
ga,2,int__tai30_15_09,524288,15.5989,190.8112
ga,2,int__tai30_15_09,1048576,15.0975,389.1312
regla_bon,1,int__tai30_15_09,1,22.3677,0.0190
regla_bon,1,int__tai30_15_09,2,19.3315,0.0400
regla_bon,1,int__tai30_15_09,4,19.3315,0.0820
regla_bon,1,int__tai30_15_09,8,19.3315,0.1655
regla_bon,1,int__tai30_15_09,16,19.3315,0.3275
regla_bon,1,int__tai30_15_09,32,19.3315,0.6626
regla_bon,1,int__tai30_15_09,64,17.2145,1.3458
regla_bon,1,int__tai30_15_09,128,17.2145,2.7073
regla_bon,1,int__tai30_15_09,256,16.7967,5.4009
regla_bon,1,int__tai30_15_09,512,16.4903,10.9598
regla_bon,1,int__tai30_15_09,1024,16.0724,21.8742
regla_bon,1,int__tai30_15_09,2048,12.5905,49.3676
regla_bon,1,int__tai30_15_09,4096,13.5933,99.3336
regla_bon,1,int__tai30_15_09,8192,13.5933,200.0271
regla_bon,2,int__tai30_15_09,1,22.3677,0.0251
regla_bon,2,int__tai30_15_09,2,21.5877,0.0476
regla_bon,2,int__tai30_15_09,4,21.1142,0.0922
regla_bon,2,int__tai30_15_09,8,20.0557,0.1832
regla_bon,2,int__tai30_15_09,16,17.7159,0.4737
regla_bon,2,int__tai30_15_09,32,18.0223,0.8369
regla_bon,2,int__tai30_15_09,64,14.7632,1.5608
regla_bon,2,int__tai30_15_09,128,14.7632,3.0116
regla_bon,2,int__tai30_15_09,256,14.7632,6.0144
regla_bon,2,int__tai30_15_09,512,14.3733,11.9985
regla_bon,2,int__tai30_15_09,1024,14.3733,23.6449
regla_bon,2,int__tai30_15_09,2048,14.2897,48.8789
regla_bon,2,int__tai30_15_09,4096,14.3175,96.3964
regla_bon,2,int__tai30_15_09,8192,12.1727,192.5135
ga,1,int__tai30_15_10,1,146.8504,0.0565
ga,1,int__tai30_15_10,2,140.7026,0.0565
ga,1,int__tai30_15_10,4,114.2035,0.0575
ga,1,int__tai30_15_10,8,114.2035,0.0575
ga,1,int__tai30_15_10,16,80.9812,0.0595
ga,1,int__tai30_15_10,32,80.9812,0.0645
ga,1,int__tai30_15_10,64,78.2253,0.0705
ga,1,int__tai30_15_10,128,78.2253,0.0855
ga,1,int__tai30_15_10,256,78.2253,0.1165
ga,1,int__tai30_15_10,512,78.2253,0.2065
ga,1,int__tai30_15_10,1024,75.6511,0.3845
ga,1,int__tai30_15_10,2048,74.5609,0.7286
ga,1,int__tai30_15_10,4096,61.1145,1.5227
ga,1,int__tai30_15_10,8192,49.8486,2.9742
ga,1,int__tai30_15_10,16384,38.2798,6.0252
ga,1,int__tai30_15_10,32768,25.3483,11.7425
ga,1,int__tai30_15_10,65536,19.2611,23.3149
ga,1,int__tai30_15_10,131072,17.3228,46.6518
ga,1,int__tai30_15_10,262144,15.0818,92.7001
ga,1,int__tai30_15_10,524288,14.2035,186.7382
ga,1,int__tai30_15_10,1048576,13.9915,367.6887
ga,2,int__tai30_15_10,1,107.6317,0.0460
ga,2,int__tai30_15_10,2,107.6317,0.0460
ga,2,int__tai30_15_10,4,108.4797,0.0460
ga,2,int__tai30_15_10,8,97.3047,0.0470
ga,2,int__tai30_15_10,16,97.3047,0.0490
ga,2,int__tai30_15_10,32,97.3047,0.0520
ga,2,int__tai30_15_10,64,90.4603,0.0580
ga,2,int__tai30_15_10,128,80.6481,0.0720
ga,2,int__tai30_15_10,256,80.6481,0.1030
ga,2,int__tai30_15_10,512,76.2568,0.1901
ga,2,int__tai30_15_10,1024,76.2568,0.3606
ga,2,int__tai30_15_10,2048,74.4397,0.7061
ga,2,int__tai30_15_10,4096,64.9909,1.3903
ga,2,int__tai30_15_10,8192,55.9358,2.7556
ga,2,int__tai30_15_10,16384,43.7008,6.2767
ga,2,int__tai30_15_10,32768,29.3459,12.9251
ga,2,int__tai30_15_10,65536,19.8970,24.2499
ga,2,int__tai30_15_10,131072,17.6560,46.5751
ga,2,int__tai30_15_10,262144,17.2320,91.2125
ga,2,int__tai30_15_10,524288,16.5051,191.2459
ga,2,int__tai30_15_10,1048576,16.5051,389.9678
regla_bon,1,int__tai30_15_10,1,26.1357,0.0230
regla_bon,1,int__tai30_15_10,2,26.1357,0.0460
regla_bon,1,int__tai30_15_10,4,26.1357,0.0911
regla_bon,1,int__tai30_15_10,8,26.1357,0.1796
regla_bon,1,int__tai30_15_10,16,25.0757,0.3456
regla_bon,1,int__tai30_15_10,32,24.5609,0.6877
regla_bon,1,int__tai30_15_10,64,24.5609,1.3809
regla_bon,1,int__tai30_15_10,128,21.3507,2.7514
regla_bon,1,int__tai30_15_10,256,21.3507,5.5055
regla_bon,1,int__tai30_15_10,512,21.3507,11.1365
regla_bon,1,int__tai30_15_10,1024,20.7753,22.2653
regla_bon,1,int__tai30_15_10,2048,19.6548,49.8308
regla_bon,1,int__tai30_15_10,4096,19.6548,100.5121
regla_bon,1,int__tai30_15_10,8192,17.6863,202.2761
regla_bon,2,int__tai30_15_10,1,26.1357,0.0270
regla_bon,2,int__tai30_15_10,2,26.1357,0.0470
regla_bon,2,int__tai30_15_10,4,26.1357,0.0920
regla_bon,2,int__tai30_15_10,8,26.1357,0.1776
regla_bon,2,int__tai30_15_10,16,21.9564,0.3702
regla_bon,2,int__tai30_15_10,32,21.9564,0.7332
regla_bon,2,int__tai30_15_10,64,22.5924,1.5521
regla_bon,2,int__tai30_15_10,128,22.5924,3.0379
regla_bon,2,int__tai30_15_10,256,21.6233,6.1820
regla_bon,2,int__tai30_15_10,512,21.0781,12.0959
regla_bon,2,int__tai30_15_10,1024,19.7153,23.8193
regla_bon,2,int__tai30_15_10,2048,18.4131,49.5850
regla_bon,2,int__tai30_15_10,4096,18.4131,97.4774
regla_bon,2,int__tai30_15_10,8192,18.4131,194.7705
ga,1,int__tai30_20_01,1,148.8720,0.0700
ga,1,int__tai30_20_01,2,120.6191,0.0700
ga,1,int__tai30_20_01,4,120.6191,0.0710
ga,1,int__tai30_20_01,8,120.6191,0.0730
ga,1,int__tai30_20_01,16,114.0084,0.0750
ga,1,int__tai30_20_01,32,110.3358,0.0790
ga,1,int__tai30_20_01,64,100.7083,0.0895
ga,1,int__tai30_20_01,128,100.7083,0.1075
ga,1,int__tai30_20_01,256,100.7083,0.1475
ga,1,int__tai30_20_01,512,97.1406,0.2620
ga,1,int__tai30_20_01,1024,84.7849,0.4947
ga,1,int__tai30_20_01,2048,79.9056,0.9639
ga,1,int__tai30_20_01,4096,77.6495,1.8992
ga,1,int__tai30_20_01,8192,64.1133,3.8161
ga,1,int__tai30_20_01,16384,53.3578,7.6789
ga,1,int__tai30_20_01,32768,43.1270,15.2479
ga,1,int__tai30_20_01,65536,33.4470,30.5861
ga,1,int__tai30_20_01,131072,31.4271,61.6268
ga,1,int__tai30_20_01,262144,27.9643,122.1856
ga,1,int__tai30_20_01,524288,25.3410,243.6765
ga,1,int__tai30_20_01,1048576,23.9507,498.3132
ga,2,int__tai30_20_01,1,96.4323,0.0760
ga,2,int__tai30_20_01,2,96.4323,0.0760
ga,2,int__tai30_20_01,4,96.4323,0.0770
ga,2,int__tai30_20_01,8,96.4323,0.0780
ga,2,int__tai30_20_01,16,96.4323,0.0800
ga,2,int__tai30_20_01,32,96.4323,0.0830
ga,2,int__tai30_20_01,64,96.4323,0.0941
ga,2,int__tai30_20_01,128,96.4323,0.1141
ga,2,int__tai30_20_01,256,96.4323,0.1541
ga,2,int__tai30_20_01,512,85.2046,0.2672
ga,2,int__tai30_20_01,1024,85.2046,0.4938
ga,2,int__tai30_20_01,2048,78.4890,0.9476
ga,2,int__tai30_20_01,4096,77.3347,1.8795
ga,2,int__tai30_20_01,8192,65.1626,3.7831
ga,2,int__tai30_20_01,16384,47.6390,7.5548
ga,2,int__tai30_20_01,32768,37.2770,15.0126
ga,2,int__tai30_20_01,65536,30.2466,30.6755
ga,2,int__tai30_20_01,131072,28.6464,62.5414
ga,2,int__tai30_20_01,262144,27.2823,123.4613
ga,2,int__tai30_20_01,524288,26.0756,246.3570
ga,2,int__tai30_20_01,1048576,26.0756,517.6870
regla_bon,1,int__tai30_20_01,1,33.3945,0.0360
regla_bon,1,int__tai30_20_01,2,31.7943,0.0660
regla_bon,1,int__tai30_20_01,4,31.7943,0.1276
regla_bon,1,int__tai30_20_01,8,31.4008,0.2501
regla_bon,1,int__tai30_20_01,16,28.8300,0.5051
regla_bon,1,int__tai30_20_01,32,28.8300,1.0080
regla_bon,1,int__tai30_20_01,64,28.8300,2.1540
regla_bon,1,int__tai30_20_01,128,27.6233,4.3750
regla_bon,1,int__tai30_20_01,256,27.6233,8.7929
regla_bon,1,int__tai30_20_01,512,27.6233,18.0998
regla_bon,1,int__tai30_20_01,1024,27.6233,34.8114
regla_bon,1,int__tai30_20_01,2048,27.6233,69.7836
regla_bon,1,int__tai30_20_01,4096,27.6233,136.1556
regla_bon,1,int__tai30_20_01,8192,26.6527,275.5646
regla_bon,2,int__tai30_20_01,1,33.3945,0.0370
regla_bon,2,int__tai30_20_01,2,33.3945,0.0685
regla_bon,2,int__tai30_20_01,4,33.3945,0.1371
regla_bon,2,int__tai30_20_01,8,31.7943,0.2767
regla_bon,2,int__tai30_20_01,16,29.8531,0.5508
regla_bon,2,int__tai30_20_01,32,27.9119,1.2320
regla_bon,2,int__tai30_20_01,64,27.9119,2.8616
regla_bon,2,int__tai30_20_01,128,29.0923,5.4422
regla_bon,2,int__tai30_20_01,256,29.0923,10.4235
regla_bon,2,int__tai30_20_01,512,28.0168,20.2007
regla_bon,2,int__tai30_20_01,1024,28.0693,36.9021
regla_bon,2,int__tai30_20_01,2048,26.3379,68.8774
regla_bon,2,int__tai30_20_01,4096,26.3379,133.9089
regla_bon,2,int__tai30_20_01,8192,26.3379,265.4917
ga,1,int__tai30_20_02,1,147.7707,0.0986
ga,1,int__tai30_20_02,2,113.7473,0.0986
ga,1,int__tai30_20_02,4,113.7473,0.0986
ga,1,int__tai30_20_02,8,113.7473,0.1006
ga,1,int__tai30_20_02,16,107.6964,0.1056
ga,1,int__tai30_20_02,32,107.6964,0.1114
ga,1,int__tai30_20_02,64,107.6964,0.1227
ga,1,int__tai30_20_02,128,104.5382,0.1428
ga,1,int__tai30_20_02,256,88.0839,0.1919
ga,1,int__tai30_20_02,512,88.5881,0.3240
ga,1,int__tai30_20_02,1024,88.5881,0.5755
ga,1,int__tai30_20_02,2048,83.3864,1.0552
ga,1,int__tai30_20_02,4096,71.8684,1.9966
ga,1,int__tai30_20_02,8192,65.5786,4.1231
ga,1,int__tai30_20_02,16384,49.1507,8.1938
ga,1,int__tai30_20_02,32768,35.8546,15.8254
ga,1,int__tai30_20_02,65536,28.9013,31.0407
ga,1,int__tai30_20_02,131072,25.8493,61.8787
ga,1,int__tai30_20_02,262144,25.1592,122.7010
ga,1,int__tai30_20_02,524288,22.0011,244.0764
ga,1,int__tai30_20_02,1048576,21.8684,496.7140
ga,2,int__tai30_20_02,1,149.2304,0.0750
ga,2,int__tai30_20_02,2,133.0679,0.0750
ga,2,int__tai30_20_02,4,125.4246,0.0760
ga,2,int__tai30_20_02,8,112.0754,0.0770
ga,2,int__tai30_20_02,16,102.4416,0.0800
ga,2,int__tai30_20_02,32,102.4416,0.0850
ga,2,int__tai30_20_02,64,102.4416,0.0940
ga,2,int__tai30_20_02,128,93.6837,0.1140
ga,2,int__tai30_20_02,256,92.2771,0.1565
ga,2,int__tai30_20_02,512,86.9958,0.2716
ga,2,int__tai30_20_02,1024,86.9958,0.5114
ga,2,int__tai30_20_02,2048,83.9437,0.9921
ga,2,int__tai30_20_02,4096,79.8567,1.9638
ga,2,int__tai30_20_02,8192,69.0021,3.9093
ga,2,int__tai30_20_02,16384,51.9639,7.7990
ga,2,int__tai30_20_02,32768,38.0042,15.5249
ga,2,int__tai30_20_02,65536,29.5382,30.4816
ga,2,int__tai30_20_02,131072,25.4512,62.3797
ga,2,int__tai30_20_02,262144,23.1157,123.5542
ga,2,int__tai30_20_02,524288,20.7006,246.6177
ga,2,int__tai30_20_02,1048576,20.6210,513.7753
regla_bon,1,int__tai30_20_02,1,24.3365,0.0370
regla_bon,1,int__tai30_20_02,2,24.3365,0.0710
regla_bon,1,int__tai30_20_02,4,24.3365,0.1340
regla_bon,1,int__tai30_20_02,8,24.3365,0.2655
regla_bon,1,int__tai30_20_02,16,24.3365,0.5268
regla_bon,1,int__tai30_20_02,32,23.8057,1.0624
regla_bon,1,int__tai30_20_02,64,22.1072,2.0052
regla_bon,1,int__tai30_20_02,128,20.4352,3.9601
regla_bon,1,int__tai30_20_02,256,21.1253,8.9298
regla_bon,1,int__tai30_20_02,512,21.1253,17.9755
regla_bon,1,int__tai30_20_02,1024,20.4618,36.0784
regla_bon,1,int__tai30_20_02,2048,18.7102,69.5673
regla_bon,1,int__tai30_20_02,4096,17.9936,137.8108
regla_bon,1,int__tai30_20_02,8192,17.9936,276.2168
regla_bon,2,int__tai30_20_02,1,24.3365,0.0320
regla_bon,2,int__tai30_20_02,2,24.3365,0.0620
regla_bon,2,int__tai30_20_02,4,24.3365,0.1230
regla_bon,2,int__tai30_20_02,8,20.6741,0.2476
regla_bon,2,int__tai30_20_02,16,20.6741,0.4796
regla_bon,2,int__tai30_20_02,32,20.6741,0.9408
regla_bon,2,int__tai30_20_02,64,20.6741,1.8520
regla_bon,2,int__tai30_20_02,128,20.6741,3.6786
regla_bon,2,int__tai30_20_02,256,20.6741,7.5536
regla_bon,2,int__tai30_20_02,512,20.6741,20.2244
regla_bon,2,int__tai30_20_02,1024,19.6125,39.9952
regla_bon,2,int__tai30_20_02,2048,18.2059,72.1783
regla_bon,2,int__tai30_20_02,4096,18.2059,136.3707
regla_bon,2,int__tai30_20_02,8192,18.2059,266.9990
ga,1,int__tai30_20_03,1,110.4478,0.0800
ga,1,int__tai30_20_03,2,110.4478,0.0800
ga,1,int__tai30_20_03,4,110.4478,0.0810
ga,1,int__tai30_20_03,8,110.4478,0.0820
ga,1,int__tai30_20_03,16,110.4478,0.0840
ga,1,int__tai30_20_03,32,98.6180,0.0880
ga,1,int__tai30_20_03,64,98.6180,0.0970
ga,1,int__tai30_20_03,128,98.1758,0.1140
ga,1,int__tai30_20_03,256,98.1758,0.1560
ga,1,int__tai30_20_03,512,98.1758,0.2750
ga,1,int__tai30_20_03,1024,84.9641,0.5142
ga,1,int__tai30_20_03,2048,84.9641,1.1200
ga,1,int__tai30_20_03,4096,75.3731,2.0698
ga,1,int__tai30_20_03,8192,70.5915,3.9361
ga,1,int__tai30_20_03,16384,49.7512,7.7307
ga,1,int__tai30_20_03,32768,35.3234,15.5729
ga,1,int__tai30_20_03,65536,25.6772,30.8603
ga,1,int__tai30_20_03,131072,20.7297,63.1938
ga,1,int__tai30_20_03,262144,17.5235,124.7744
ga,1,int__tai30_20_03,524288,16.8878,249.0065
ga,1,int__tai30_20_03,1048576,16.4179,518.8344
ga,2,int__tai30_20_03,1,134.4389,0.0710
ga,2,int__tai30_20_03,2,121.3930,0.0710
ga,2,int__tai30_20_03,4,121.3930,0.0720
ga,2,int__tai30_20_03,8,114.9254,0.0730
ga,2,int__tai30_20_03,16,105.6938,0.0750
ga,2,int__tai30_20_03,32,101.7137,0.0780
ga,2,int__tai30_20_03,64,99.2261,0.0890
ga,2,int__tai30_20_03,128,98.2863,0.1090
ga,2,int__tai30_20_03,256,98.2863,0.1460
ga,2,int__tai30_20_03,512,97.3466,0.2680
ga,2,int__tai30_20_03,1024,93.5047,0.5031
ga,2,int__tai30_20_03,2048,83.7203,0.9819
ga,2,int__tai30_20_03,4096,78.4411,1.9126
ga,2,int__tai30_20_03,8192,72.9409,3.9278
ga,2,int__tai30_20_03,16384,56.9375,7.8702
ga,2,int__tai30_20_03,32768,38.7507,15.7820
ga,2,int__tai30_20_03,65536,30.1271,31.0250
ga,2,int__tai30_20_03,131072,23.6871,61.3430
ga,2,int__tai30_20_03,262144,23.2172,122.4826
ga,2,int__tai30_20_03,524288,21.3654,245.3689
ga,2,int__tai30_20_03,1048576,21.3654,490.5957
regla_bon,1,int__tai30_20_03,1,22.3328,0.0340
regla_bon,1,int__tai30_20_03,2,22.3328,0.0650
regla_bon,1,int__tai30_20_03,4,22.3328,0.1266
regla_bon,1,int__tai30_20_03,8,22.3328,0.2427
regla_bon,1,int__tai30_20_03,16,22.3328,0.4737
regla_bon,1,int__tai30_20_03,32,22.3328,0.9464
regla_bon,1,int__tai30_20_03,64,22.3881,1.8742
regla_bon,1,int__tai30_20_03,128,18.8226,3.7274
regla_bon,1,int__tai30_20_03,256,18.8226,7.5862
regla_bon,1,int__tai30_20_03,512,18.8226,18.6937
regla_bon,1,int__tai30_20_03,1024,18.8226,38.8377
regla_bon,1,int__tai30_20_03,2048,18.8226,71.7639
regla_bon,1,int__tai30_20_03,4096,19.1819,136.9415
regla_bon,1,int__tai30_20_03,8192,19.1819,269.5231
regla_bon,2,int__tai30_20_03,1,22.3328,0.0390
regla_bon,2,int__tai30_20_03,2,22.3328,0.0690
regla_bon,2,int__tai30_20_03,4,22.3328,0.1331
regla_bon,2,int__tai30_20_03,8,22.3328,0.2562
regla_bon,2,int__tai30_20_03,16,22.3328,0.4922
regla_bon,2,int__tai30_20_03,32,22.3328,0.9899
regla_bon,2,int__tai30_20_03,64,22.3328,2.1421
regla_bon,2,int__tai30_20_03,128,20.8679,4.1695
regla_bon,2,int__tai30_20_03,256,20.8679,8.3189
regla_bon,2,int__tai30_20_03,512,20.8679,16.4286
regla_bon,2,int__tai30_20_03,1024,20.2875,32.7609
regla_bon,2,int__tai30_20_03,2048,20.2875,65.3806
regla_bon,2,int__tai30_20_03,4096,20.2875,133.5610
regla_bon,2,int__tai30_20_03,8192,19.2924,267.2856
ga,1,int__tai30_20_04,1,124.4867,0.0735
ga,1,int__tai30_20_04,2,114.8357,0.0735
ga,1,int__tai30_20_04,4,110.9856,0.0745
ga,1,int__tai30_20_04,8,110.9856,0.0755
ga,1,int__tai30_20_04,16,106.0062,0.0785
ga,1,int__tai30_20_04,32,106.0062,0.0835
ga,1,int__tai30_20_04,64,106.0062,0.0935
ga,1,int__tai30_20_04,128,96.3039,0.1126
ga,1,int__tai30_20_04,256,97.4333,0.1536
ga,1,int__tai30_20_04,512,92.0945,0.2711
ga,1,int__tai30_20_04,1024,84.2146,0.5113
ga,1,int__tai30_20_04,2048,75.9240,0.9731
ga,1,int__tai30_20_04,4096,62.2690,1.8884
ga,1,int__tai30_20_04,8192,61.0883,3.7909
ga,1,int__tai30_20_04,16384,48.5113,7.5992
ga,1,int__tai30_20_04,32768,33.0082,15.5026
ga,1,int__tai30_20_04,65536,26.6427,30.5244
ga,1,int__tai30_20_04,131072,25.2310,62.7235
ga,1,int__tai30_20_04,262144,23.3060,124.2901
ga,1,int__tai30_20_04,524288,22.8439,248.4895
ga,1,int__tai30_20_04,1048576,22.8439,517.5231
ga,2,int__tai30_20_04,1,120.7906,0.0720
ga,2,int__tai30_20_04,2,116.8378,0.0720
ga,2,int__tai30_20_04,4,116.8378,0.0730
ga,2,int__tai30_20_04,8,107.3409,0.0740
ga,2,int__tai30_20_04,16,103.2598,0.0760
ga,2,int__tai30_20_04,32,103.3368,0.0800
ga,2,int__tai30_20_04,64,100.8727,0.0915
ga,2,int__tai30_20_04,128,93.3265,0.1130
ga,2,int__tai30_20_04,256,93.3265,0.1540
ga,2,int__tai30_20_04,512,87.4743,0.2696
ga,2,int__tai30_20_04,1024,80.2875,0.4996
ga,2,int__tai30_20_04,2048,82.1869,0.9587
ga,2,int__tai30_20_04,4096,69.8922,1.9751
ga,2,int__tai30_20_04,8192,62.0893,3.9911
ga,2,int__tai30_20_04,16384,52.2587,7.9335
ga,2,int__tai30_20_04,32768,34.7536,15.6000
ga,2,int__tai30_20_04,65536,28.1314,30.8749
ga,2,int__tai30_20_04,131072,26.7454,61.2582
ga,2,int__tai30_20_04,262144,26.7454,122.2135
ga,2,int__tai30_20_04,524288,26.7454,245.0774
ga,2,int__tai30_20_04,1048576,26.7454,489.9921
regla_bon,1,int__tai30_20_04,1,25.7957,0.0320
regla_bon,1,int__tai30_20_04,2,24.4097,0.0620
regla_bon,1,int__tai30_20_04,4,24.2556,0.1210
regla_bon,1,int__tai30_20_04,8,24.2556,0.2381
regla_bon,1,int__tai30_20_04,16,22.7156,0.4657
regla_bon,1,int__tai30_20_04,32,22.3306,0.9376
regla_bon,1,int__tai30_20_04,64,20.2515,1.8692
regla_bon,1,int__tai30_20_04,128,19.6099,3.7268
regla_bon,1,int__tai30_20_04,256,19.6099,8.1413
regla_bon,1,int__tai30_20_04,512,19.6099,20.5907
regla_bon,1,int__tai30_20_04,1024,19.6099,40.0627
regla_bon,1,int__tai30_20_04,2048,17.4795,72.1826
regla_bon,1,int__tai30_20_04,4096,17.4795,136.7271
regla_bon,1,int__tai30_20_04,8192,17.4795,268.3692
regla_bon,2,int__tai30_20_04,1,25.7957,0.0330
regla_bon,2,int__tai30_20_04,2,25.7957,0.0651
regla_bon,2,int__tai30_20_04,4,25.4620,0.1312
regla_bon,2,int__tai30_20_04,8,24.1786,0.2501
regla_bon,2,int__tai30_20_04,16,24.3583,0.5027
regla_bon,2,int__tai30_20_04,32,22.7669,1.0098
regla_bon,2,int__tai30_20_04,64,20.1232,2.1839
regla_bon,2,int__tai30_20_04,128,20.1232,4.1679
regla_bon,2,int__tai30_20_04,256,20.1232,8.2341
regla_bon,2,int__tai30_20_04,512,19.7125,16.2766
regla_bon,2,int__tai30_20_04,1024,18.6602,32.5550
regla_bon,2,int__tai30_20_04,2048,18.6602,64.8694
regla_bon,2,int__tai30_20_04,4096,17.8388,132.5348
regla_bon,2,int__tai30_20_04,8192,17.8388,265.1945
ga,1,int__tai30_20_05,1,126.6900,0.0770
ga,1,int__tai30_20_05,2,121.3320,0.0780
ga,1,int__tai30_20_05,4,112.8192,0.0780
ga,1,int__tai30_20_05,8,110.0401,0.0800
ga,1,int__tai30_20_05,16,99.4492,0.0820
ga,1,int__tai30_20_05,32,99.4492,0.0870
ga,1,int__tai30_20_05,64,91.7877,0.0970
ga,1,int__tai30_20_05,128,91.7877,0.1171
ga,1,int__tai30_20_05,256,82.9244,0.1571
ga,1,int__tai30_20_05,512,82.9244,0.2751
ga,1,int__tai30_20_05,1024,75.5633,0.5052
ga,1,int__tai30_20_05,2048,73.0095,0.9549
ga,1,int__tai30_20_05,4096,59.5393,1.9393
ga,1,int__tai30_20_05,8192,56.8353,3.8118
ga,1,int__tai30_20_05,16384,41.4121,7.5493
ga,1,int__tai30_20_05,32768,25.6635,15.4392
ga,1,int__tai30_20_05,65536,21.5073,30.4347
ga,1,int__tai30_20_05,131072,16.3746,60.6129
ga,1,int__tai30_20_05,262144,14.9725,120.5724
ga,1,int__tai30_20_05,524288,14.8222,261.3223
ga,1,int__tai30_20_05,1048576,12.7942,522.5075
ga,2,int__tai30_20_05,1,112.9194,0.0675
ga,2,int__tai30_20_05,2,112.9194,0.0675
ga,2,int__tai30_20_05,4,112.9194,0.0685
ga,2,int__tai30_20_05,8,83.0245,0.0705
ga,2,int__tai30_20_05,16,83.0245,0.0725
ga,2,int__tai30_20_05,32,83.0245,0.0775
ga,2,int__tai30_20_05,64,83.0245,0.0875
ga,2,int__tai30_20_05,128,83.0245,0.1115
ga,2,int__tai30_20_05,256,83.0245,0.1496
ga,2,int__tai30_20_05,512,83.0245,0.2666
ga,2,int__tai30_20_05,1024,78.5679,0.5039
ga,2,int__tai30_20_05,2048,71.7326,0.9680
ga,2,int__tai30_20_05,4096,67.8267,1.8820
ga,2,int__tai30_20_05,8192,51.6024,3.7425
ga,2,int__tai30_20_05,16384,40.5108,7.5164
ga,2,int__tai30_20_05,32768,26.3395,14.9192
ga,2,int__tai30_20_05,65536,20.2554,30.1436
ga,2,int__tai30_20_05,131072,18.1272,60.2373
ga,2,int__tai30_20_05,262144,15.8988,121.7923
ga,2,int__tai30_20_05,524288,15.3731,242.6798
ga,2,int__tai30_20_05,1048576,15.1728,493.8163
regla_bon,1,int__tai30_20_05,1,14.8723,0.0371
regla_bon,1,int__tai30_20_05,2,14.8723,0.0857
regla_bon,1,int__tai30_20_05,4,14.8723,0.1487
regla_bon,1,int__tai30_20_05,8,14.8723,0.2732
regla_bon,1,int__tai30_20_05,16,14.8723,0.5203
regla_bon,1,int__tai30_20_05,32,14.8723,1.0486
regla_bon,1,int__tai30_20_05,64,14.8723,2.0689
regla_bon,1,int__tai30_20_05,128,14.8723,4.0912
regla_bon,1,int__tai30_20_05,256,15.2479,8.3137
regla_bon,1,int__tai30_20_05,512,15.2479,16.8711
regla_bon,1,int__tai30_20_05,1024,13.9960,33.4988
regla_bon,1,int__tai30_20_05,2048,14.6219,68.3967
regla_bon,1,int__tai30_20_05,4096,14.6219,133.9327
regla_bon,1,int__tai30_20_05,8192,13.8708,265.4531
regla_bon,2,int__tai30_20_05,1,14.8723,0.0370
regla_bon,2,int__tai30_20_05,2,14.8723,0.0730
regla_bon,2,int__tai30_20_05,4,14.8723,0.1411
regla_bon,2,int__tai30_20_05,8,14.8723,0.2661
regla_bon,2,int__tai30_20_05,16,14.8723,0.5141
regla_bon,2,int__tai30_20_05,32,14.8723,1.0192
regla_bon,2,int__tai30_20_05,64,14.8723,2.0550
regla_bon,2,int__tai30_20_05,128,14.0461,4.1635
regla_bon,2,int__tai30_20_05,256,14.0461,8.4012
regla_bon,2,int__tai30_20_05,512,14.0461,16.9698
regla_bon,2,int__tai30_20_05,1024,14.0461,34.0337
regla_bon,2,int__tai30_20_05,2048,12.9695,67.8567
regla_bon,2,int__tai30_20_05,4096,13.9209,143.9758
regla_bon,2,int__tai30_20_05,8192,13.9209,286.4627
ga,1,int__tai30_20_06,1,149.7956,0.0760
ga,1,int__tai30_20_06,2,118.0889,0.0760
ga,1,int__tai30_20_06,4,102.8871,0.0770
ga,1,int__tai30_20_06,8,102.8871,0.0780
ga,1,int__tai30_20_06,16,102.8871,0.0800
ga,1,int__tai30_20_06,32,102.7593,0.0850
ga,1,int__tai30_20_06,64,102.7593,0.0945
ga,1,int__tai30_20_06,128,102.7593,0.1130
ga,1,int__tai30_20_06,256,94.7368,0.1560
ga,1,int__tai30_20_06,512,92.0797,0.2680
ga,1,int__tai30_20_06,1024,85.8457,0.5081
ga,1,int__tai30_20_06,2048,76.4180,0.9663
ga,1,int__tai30_20_06,4096,71.7425,1.8686
ga,1,int__tai30_20_06,8192,60.9351,3.7023
ga,1,int__tai30_20_06,16384,46.9852,7.9305
ga,1,int__tai30_20_06,32768,31.2468,15.5644
ga,1,int__tai30_20_06,65536,27.1589,30.3793
ga,1,int__tai30_20_06,131072,26.2647,60.2048
ga,1,int__tai30_20_06,262144,21.1804,119.9721
ga,1,int__tai30_20_06,524288,19.6219,260.9476
ga,1,int__tai30_20_06,1048576,19.5963,520.8621
ga,2,int__tai30_20_06,1,115.7895,0.0725
ga,2,int__tai30_20_06,2,115.7895,0.0725
ga,2,int__tai30_20_06,4,115.7895,0.0735
ga,2,int__tai30_20_06,8,118.5232,0.0745
ga,2,int__tai30_20_06,16,104.1901,0.0765
ga,2,int__tai30_20_06,32,104.1901,0.0815
ga,2,int__tai30_20_06,64,101.9928,0.0915
ga,2,int__tai30_20_06,128,91.6965,0.1115
ga,2,int__tai30_20_06,256,91.6965,0.1495
ga,2,int__tai30_20_06,512,82.8053,0.2666
ga,2,int__tai30_20_06,1024,82.8053,0.4952
ga,2,int__tai30_20_06,2048,70.9760,0.9645
ga,2,int__tai30_20_06,4096,69.1109,1.8939
ga,2,int__tai30_20_06,8192,59.7854,3.8827
ga,2,int__tai30_20_06,16384,47.3940,7.5217
ga,2,int__tai30_20_06,32768,35.0537,14.8651
ga,2,int__tai30_20_06,65536,29.4073,30.0872
ga,2,int__tai30_20_06,131072,24.9872,60.1625
ga,2,int__tai30_20_06,262144,21.5636,122.1841
ga,2,int__tai30_20_06,524288,20.1584,242.9767
ga,2,int__tai30_20_06,1048576,19.0598,493.4529
regla_bon,1,int__tai30_20_06,1,22.4323,0.0360
regla_bon,1,int__tai30_20_06,2,22.4323,0.0690
regla_bon,1,int__tai30_20_06,4,22.4323,0.1290
regla_bon,1,int__tai30_20_06,8,22.4323,0.2515
regla_bon,1,int__tai30_20_06,16,22.4323,0.5051
regla_bon,1,int__tai30_20_06,32,22.4323,1.0064
regla_bon,1,int__tai30_20_06,64,22.4323,2.0973
regla_bon,1,int__tai30_20_06,128,21.4103,4.1585
regla_bon,1,int__tai30_20_06,256,21.4103,8.6520
regla_bon,1,int__tai30_20_06,512,20.0818,16.8179
regla_bon,1,int__tai30_20_06,1024,20.0818,33.0844
regla_bon,1,int__tai30_20_06,2048,19.3153,67.6890
regla_bon,1,int__tai30_20_06,4096,19.9540,132.2982
regla_bon,1,int__tai30_20_06,8192,19.9540,262.1674
regla_bon,2,int__tai30_20_06,1,22.4323,0.0330
regla_bon,2,int__tai30_20_06,2,22.4323,0.0660
regla_bon,2,int__tai30_20_06,4,20.2095,0.1290
regla_bon,2,int__tai30_20_06,8,20.2095,0.2491
regla_bon,2,int__tai30_20_06,16,20.2095,0.4931
regla_bon,2,int__tai30_20_06,32,19.5452,1.0147
regla_bon,2,int__tai30_20_06,64,19.5452,2.0369
regla_bon,2,int__tai30_20_06,128,19.5452,4.1495
regla_bon,2,int__tai30_20_06,256,19.1875,8.2693
regla_bon,2,int__tai30_20_06,512,19.1875,16.7067
regla_bon,2,int__tai30_20_06,1024,19.1875,33.5815
regla_bon,2,int__tai30_20_06,2048,18.9065,66.9954
regla_bon,2,int__tai30_20_06,4096,18.9065,142.2798
regla_bon,2,int__tai30_20_06,8192,18.9065,283.7449
ga,1,int__tai30_20_07,1,168.7880,0.0690
ga,1,int__tai30_20_07,2,136.9120,0.0690
ga,1,int__tai30_20_07,4,117.6536,0.0700
ga,1,int__tai30_20_07,8,117.6536,0.0710
ga,1,int__tai30_20_07,16,117.6536,0.0740
ga,1,int__tai30_20_07,32,110.9297,0.0790
ga,1,int__tai30_20_07,64,110.9297,0.0900
ga,1,int__tai30_20_07,128,100.4427,0.1100
ga,1,int__tai30_20_07,256,96.3752,0.1485
ga,1,int__tai30_20_07,512,96.3752,0.2647
ga,1,int__tai30_20_07,1024,91.8650,0.4993
ga,1,int__tai30_20_07,2048,88.4062,0.9495
ga,1,int__tai30_20_07,4096,78.3896,1.8555
ga,1,int__tai30_20_07,8192,65.3016,3.7212
ga,1,int__tai30_20_07,16384,60.2380,7.4793
ga,1,int__tai30_20_07,32768,35.4455,15.1448
ga,1,int__tai30_20_07,65536,28.1406,30.1725
ga,1,int__tai30_20_07,131072,25.5119,60.5057
ga,1,int__tai30_20_07,262144,23.5750,121.2094
ga,1,int__tai30_20_07,524288,21.9424,243.0197
ga,1,int__tai30_20_07,1048576,20.6419,486.2805
ga,2,int__tai30_20_07,1,115.2739,0.2235
ga,2,int__tai30_20_07,2,115.2739,0.2235
ga,2,int__tai30_20_07,4,115.2739,0.2245
ga,2,int__tai30_20_07,8,115.2739,0.2255
ga,2,int__tai30_20_07,16,115.2739,0.2275
ga,2,int__tai30_20_07,32,109.7399,0.2345
ga,2,int__tai30_20_07,64,103.4864,0.2465
ga,2,int__tai30_20_07,128,102.0476,0.2905
ga,2,int__tai30_20_07,256,101.4388,0.3465
ga,2,int__tai30_20_07,512,93.9402,0.5446
ga,2,int__tai30_20_07,1024,90.8688,0.8466
ga,2,int__tai30_20_07,2048,81.0736,1.3779
ga,2,int__tai30_20_07,4096,73.6857,2.4968
ga,2,int__tai30_20_07,8192,66.7128,4.4116
ga,2,int__tai30_20_07,16384,48.6165,8.3093
ga,2,int__tai30_20_07,32768,37.3824,16.1684
ga,2,int__tai30_20_07,65536,30.6309,35.6638
ga,2,int__tai30_20_07,131072,27.4211,70.8943
ga,2,int__tai30_20_07,262144,25.7333,141.9763
ga,2,int__tai30_20_07,524288,25.7333,265.4336
ga,2,int__tai30_20_07,1048576,25.7333,513.8819
regla_bon,1,int__tai30_20_07,1,25.6226,0.0330
regla_bon,1,int__tai30_20_07,2,25.6226,0.0675
regla_bon,1,int__tai30_20_07,4,24.5434,0.1301
regla_bon,1,int__tai30_20_07,8,24.5434,0.2581
regla_bon,1,int__tai30_20_07,16,22.5512,0.5031
regla_bon,1,int__tai30_20_07,32,21.4997,1.0048
regla_bon,1,int__tai30_20_07,64,21.4997,1.9818
regla_bon,1,int__tai30_20_07,128,21.2507,3.9787
regla_bon,1,int__tai30_20_07,256,21.2507,8.0283
regla_bon,1,int__tai30_20_07,512,21.2507,16.0875
regla_bon,1,int__tai30_20_07,1024,20.7803,32.2823
regla_bon,1,int__tai30_20_07,2048,20.5036,64.5676
regla_bon,1,int__tai30_20_07,4096,20.3652,132.3412
regla_bon,1,int__tai30_20_07,8192,19.2861,266.4713
regla_bon,2,int__tai30_20_07,1,25.6226,0.0310
regla_bon,2,int__tai30_20_07,2,25.6226,0.0670
regla_bon,2,int__tai30_20_07,4,25.6226,0.1261
regla_bon,2,int__tai30_20_07,8,23.3813,0.2461
regla_bon,2,int__tai30_20_07,16,21.5551,0.4898
regla_bon,2,int__tai30_20_07,32,21.5551,0.9968
regla_bon,2,int__tai30_20_07,64,21.5551,2.0106
regla_bon,2,int__tai30_20_07,128,20.0609,4.0930
regla_bon,2,int__tai30_20_07,256,20.0609,8.2265
regla_bon,2,int__tai30_20_07,512,20.1162,16.3033
regla_bon,2,int__tai30_20_07,1024,20.1162,32.8067
regla_bon,2,int__tai30_20_07,2048,20.1162,65.4479
regla_bon,2,int__tai30_20_07,4096,18.0686,131.0384
regla_bon,2,int__tai30_20_07,8192,18.0686,262.8235
ga,1,int__tai30_20_08,1,135.2249,0.0750
ga,1,int__tai30_20_08,2,125.2092,0.0750
ga,1,int__tai30_20_08,4,118.2531,0.0760
ga,1,int__tai30_20_08,8,118.2531,0.0780
ga,1,int__tai30_20_08,16,118.2531,0.0800
ga,1,int__tai30_20_08,32,103.0858,0.0830
ga,1,int__tai30_20_08,64,91.6056,0.0930
ga,1,int__tai30_20_08,128,86.7155,0.1140
ga,1,int__tai30_20_08,256,85.0418,0.1560
ga,1,int__tai30_20_08,512,76.4121,0.2810
ga,1,int__tai30_20_08,1024,76.4121,0.5132
ga,1,int__tai30_20_08,2048,75.6799,0.9879
ga,1,int__tai30_20_08,4096,65.5596,1.9338
ga,1,int__tai30_20_08,8192,57.8713,3.7799
ga,1,int__tai30_20_08,16384,47.1234,7.7540
ga,1,int__tai30_20_08,32768,34.0481,15.6136
ga,1,int__tai30_20_08,65536,25.5753,30.7580
ga,1,int__tai30_20_08,131072,22.7249,60.9702
ga,1,int__tai30_20_08,262144,20.5021,121.7574
ga,1,int__tai30_20_08,524288,19.2469,244.0240
ga,1,int__tai30_20_08,1048576,18.7762,487.6490
ga,2,int__tai30_20_08,1,120.6851,0.0740
ga,2,int__tai30_20_08,2,120.6851,0.0750
ga,2,int__tai30_20_08,4,120.6851,0.0750
ga,2,int__tai30_20_08,8,100.3661,0.0760
ga,2,int__tai30_20_08,16,100.3661,0.0790
ga,2,int__tai30_20_08,32,91.1088,0.0840
ga,2,int__tai30_20_08,64,91.1088,0.0950
ga,2,int__tai30_20_08,128,91.1088,0.1140
ga,2,int__tai30_20_08,256,87.2385,0.1551
ga,2,int__tai30_20_08,512,86.9508,0.2741
ga,2,int__tai30_20_08,1024,74.4770,0.5042
ga,2,int__tai30_20_08,2048,74.4770,0.9775
ga,2,int__tai30_20_08,4096,68.4623,1.9198
ga,2,int__tai30_20_08,8192,57.1391,3.8266
ga,2,int__tai30_20_08,16384,49.6600,7.6881
ga,2,int__tai30_20_08,32768,35.4603,16.7368
ga,2,int__tai30_20_08,65536,29.7594,33.0400
ga,2,int__tai30_20_08,131072,28.3996,69.5725
ga,2,int__tai30_20_08,262144,26.0199,141.2735
ga,2,int__tai30_20_08,524288,20.7636,267.4476
ga,2,int__tai30_20_08,1048576,17.7040,515.8069
regla_bon,1,int__tai30_20_08,1,21.0513,0.0340
regla_bon,1,int__tai30_20_08,2,21.0513,0.0680
regla_bon,1,int__tai30_20_08,4,21.0513,0.1281
regla_bon,1,int__tai30_20_08,8,21.0513,0.2471
regla_bon,1,int__tai30_20_08,16,21.0513,0.4967
regla_bon,1,int__tai30_20_08,32,21.0513,0.9842
regla_bon,1,int__tai30_20_08,64,21.0513,1.9636
regla_bon,1,int__tai30_20_08,128,18.7238,3.9246
regla_bon,1,int__tai30_20_08,256,18.7238,8.0982
regla_bon,1,int__tai30_20_08,512,18.7238,16.1374
regla_bon,1,int__tai30_20_08,1024,18.7238,32.3290
regla_bon,1,int__tai30_20_08,2048,18.4362,64.4666
regla_bon,1,int__tai30_20_08,4096,19.8745,131.7286
regla_bon,1,int__tai30_20_08,8192,17.7301,264.2179
regla_bon,2,int__tai30_20_08,1,21.0513,0.0340
regla_bon,2,int__tai30_20_08,2,21.0513,0.0670
regla_bon,2,int__tai30_20_08,4,21.0513,0.1246
regla_bon,2,int__tai30_20_08,8,21.0513,0.2526
regla_bon,2,int__tai30_20_08,16,20.0052,0.4936
regla_bon,2,int__tai30_20_08,32,20.0052,1.0601
regla_bon,2,int__tai30_20_08,64,20.0052,2.0641
regla_bon,2,int__tai30_20_08,128,20.0052,4.0566
regla_bon,2,int__tai30_20_08,256,19.7176,8.2322
regla_bon,2,int__tai30_20_08,512,19.1423,16.3256
regla_bon,2,int__tai30_20_08,1024,19.1423,32.6318
regla_bon,2,int__tai30_20_08,2048,19.1423,65.4762
regla_bon,2,int__tai30_20_08,4096,18.2793,130.9128
regla_bon,2,int__tai30_20_08,8192,18.2793,263.0751
ga,1,int__tai30_20_09,1,124.9094,0.1350
ga,1,int__tai30_20_09,2,124.9094,0.1360
ga,1,int__tai30_20_09,4,109.3475,0.1390
ga,1,int__tai30_20_09,8,109.3475,0.1400
ga,1,int__tai30_20_09,16,95.9089,0.1430
ga,1,int__tai30_20_09,32,94.1481,0.1480
ga,1,int__tai30_20_09,64,94.1481,0.1590
ga,1,int__tai30_20_09,128,94.1481,0.1810
ga,1,int__tai30_20_09,256,86.3542,0.3111
ga,1,int__tai30_20_09,512,80.0880,0.5902
ga,1,int__tai30_20_09,1024,80.0880,0.9178
ga,1,int__tai30_20_09,2048,74.9871,1.4091
ga,1,int__tai30_20_09,4096,67.1932,2.4004
ga,1,int__tai30_20_09,8192,59.5805,4.2829
ga,1,int__tai30_20_09,16384,43.2160,9.3456
ga,1,int__tai30_20_09,32768,31.1756,17.5554
ga,1,int__tai30_20_09,65536,24.6763,33.9282
ga,1,int__tai30_20_09,131072,22.5013,71.0581
ga,1,int__tai30_20_09,262144,18.9539,142.8426
ga,1,int__tai30_20_09,524288,17.4521,268.6923
ga,1,int__tai30_20_09,1048576,17.2450,517.8946
ga,2,int__tai30_20_09,1,105.5930,0.0820
ga,2,int__tai30_20_09,2,104.3501,0.0830
ga,2,int__tai30_20_09,4,104.3501,0.0830
ga,2,int__tai30_20_09,8,99.0678,0.0850
ga,2,int__tai30_20_09,16,93.7338,0.0880
ga,2,int__tai30_20_09,32,94.5624,0.1070
ga,2,int__tai30_20_09,64,91.4552,0.1170
ga,2,int__tai30_20_09,128,91.4552,0.1371
ga,2,int__tai30_20_09,256,91.6624,0.1781
ga,2,int__tai30_20_09,512,88.0373,0.2986
ga,2,int__tai30_20_09,1024,79.2853,0.5398
ga,2,int__tai30_20_09,2048,77.3175,1.0049
ga,2,int__tai30_20_09,4096,75.5308,1.9584
ga,2,int__tai30_20_09,8192,61.6779,3.8612
ga,2,int__tai30_20_09,16384,45.0544,7.7638
ga,2,int__tai30_20_09,32768,31.2015,15.4335
ga,2,int__tai30_20_09,65536,22.9933,31.8992
ga,2,int__tai30_20_09,131072,20.4039,62.9272
ga,2,int__tai30_20_09,262144,17.5816,126.1220
ga,2,int__tai30_20_09,524288,16.9860,252.3363
ga,2,int__tai30_20_09,1048576,16.9860,514.2700
regla_bon,1,int__tai30_20_09,1,20.1191,0.0350
regla_bon,1,int__tai30_20_09,2,20.1191,0.0666
regla_bon,1,int__tai30_20_09,4,20.1191,0.1272
regla_bon,1,int__tai30_20_09,8,20.1191,0.2482
regla_bon,1,int__tai30_20_09,16,20.1191,0.4953
regla_bon,1,int__tai30_20_09,32,20.1191,1.0094
regla_bon,1,int__tai30_20_09,64,20.1191,2.0750
regla_bon,1,int__tai30_20_09,128,19.0575,4.0786
regla_bon,1,int__tai30_20_09,256,18.8244,8.1224
regla_bon,1,int__tai30_20_09,512,18.8244,16.2964
regla_bon,1,int__tai30_20_09,1024,18.8244,32.6484
regla_bon,1,int__tai30_20_09,2048,18.5396,65.4416
regla_bon,1,int__tai30_20_09,4096,18.5396,131.0831
regla_bon,1,int__tai30_20_09,8192,18.1771,263.3616
regla_bon,2,int__tai30_20_09,1,20.1191,0.0330
regla_bon,2,int__tai30_20_09,2,20.1191,0.0640
regla_bon,2,int__tai30_20_09,4,20.1191,0.1290
regla_bon,2,int__tai30_20_09,8,20.1191,0.2510
regla_bon,2,int__tai30_20_09,16,20.1191,0.5060
regla_bon,2,int__tai30_20_09,32,20.1191,1.0317
regla_bon,2,int__tai30_20_09,64,20.1191,2.0691
regla_bon,2,int__tai30_20_09,128,20.1191,4.2241
regla_bon,2,int__tai30_20_09,256,19.6012,8.3798
regla_bon,2,int__tai30_20_09,512,19.6012,16.8804
regla_bon,2,int__tai30_20_09,1024,18.5655,33.5237
regla_bon,2,int__tai30_20_09,2048,18.5655,66.0143
regla_bon,2,int__tai30_20_09,4096,18.5655,131.9279
regla_bon,2,int__tai30_20_09,8192,18.5655,264.1006
ga,1,int__tai30_20_10,1,160.7201,0.0761
ga,1,int__tai30_20_10,2,133.1151,0.0761
ga,1,int__tai30_20_10,4,133.1151,0.0771
ga,1,int__tai30_20_10,8,120.7856,0.0781
ga,1,int__tai30_20_10,16,116.8031,0.0811
ga,1,int__tai30_20_10,32,111.6203,0.0861
ga,1,int__tai30_20_10,64,110.8292,0.0961
ga,1,int__tai30_20_10,128,103.3824,0.1181
ga,1,int__tai30_20_10,256,94.8172,0.1601
ga,1,int__tai30_20_10,512,94.8172,0.2811
ga,1,int__tai30_20_10,1024,84.5608,0.5262
ga,1,int__tai30_20_10,2048,82.0240,1.0112
ga,1,int__tai30_20_10,4096,76.9776,2.3862
ga,1,int__tai30_20_10,8192,65.7392,4.3470
ga,1,int__tai30_20_10,16384,50.8456,8.7616
ga,1,int__tai30_20_10,32768,36.5521,17.6746
ga,1,int__tai30_20_10,65536,29.5963,33.6135
ga,1,int__tai30_20_10,131072,25.3137,70.7103
ga,1,int__tai30_20_10,262144,24.1680,142.2175
ga,1,int__tai30_20_10,524288,21.5221,267.8733
ga,1,int__tai30_20_10,1048576,21.5221,515.9412
ga,2,int__tai30_20_10,1,135.5155,0.0751
ga,2,int__tai30_20_10,2,122.9678,0.0751
ga,2,int__tai30_20_10,4,122.9678,0.0761
ga,2,int__tai30_20_10,8,122.9678,0.0771
ga,2,int__tai30_20_10,16,106.2739,0.0791
ga,2,int__tai30_20_10,32,102.5641,0.0851
ga,2,int__tai30_20_10,64,102.5641,0.0951
ga,2,int__tai30_20_10,128,97.9542,0.1150
ga,2,int__tai30_20_10,256,97.9542,0.1540
ga,2,int__tai30_20_10,512,98.1178,0.2781
ga,2,int__tai30_20_10,1024,95.7992,0.5310
ga,2,int__tai30_20_10,2048,80.9875,1.0107
ga,2,int__tai30_20_10,4096,77.1140,1.9795
ga,2,int__tai30_20_10,8192,67.2395,3.9431
ga,2,int__tai30_20_10,16384,49.9182,7.7762
ga,2,int__tai30_20_10,32768,39.2526,15.4329
ga,2,int__tai30_20_10,65536,33.9062,32.2902
ga,2,int__tai30_20_10,131072,28.3688,63.2940
ga,2,int__tai30_20_10,262144,27.2504,126.1943
ga,2,int__tai30_20_10,524288,25.5046,251.7723
ga,2,int__tai30_20_10,1048576,25.0682,512.2651
regla_bon,1,int__tai30_20_10,1,31.2602,0.0410
regla_bon,1,int__tai30_20_10,2,30.6874,0.0710
regla_bon,1,int__tai30_20_10,4,30.9602,0.1370
regla_bon,1,int__tai30_20_10,8,29.0507,0.2736
regla_bon,1,int__tai30_20_10,16,28.3415,0.5488
regla_bon,1,int__tai30_20_10,32,28.5870,1.1848
regla_bon,1,int__tai30_20_10,64,28.5870,2.2595
regla_bon,1,int__tai30_20_10,128,28.5870,4.3196
regla_bon,1,int__tai30_20_10,256,27.3595,8.5111
regla_bon,1,int__tai30_20_10,512,25.9684,16.7876
regla_bon,1,int__tai30_20_10,1024,25.3955,33.5453
regla_bon,1,int__tai30_20_10,2048,25.3955,66.9467
regla_bon,1,int__tai30_20_10,4096,25.3955,134.0751
regla_bon,1,int__tai30_20_10,8192,24.9318,269.0189
regla_bon,2,int__tai30_20_10,1,31.2602,0.0390
regla_bon,2,int__tai30_20_10,2,31.2602,0.0710
regla_bon,2,int__tai30_20_10,4,31.2602,0.1380
regla_bon,2,int__tai30_20_10,8,28.5597,0.2620
regla_bon,2,int__tai30_20_10,16,28.5597,0.5264
regla_bon,2,int__tai30_20_10,32,28.5597,1.0593
regla_bon,2,int__tai30_20_10,64,28.5597,2.1496
regla_bon,2,int__tai30_20_10,128,24.9318,4.3042
regla_bon,2,int__tai30_20_10,256,24.9318,8.4559
regla_bon,2,int__tai30_20_10,512,24.9318,17.0729
regla_bon,2,int__tai30_20_10,1024,25.1773,33.9789
regla_bon,2,int__tai30_20_10,2048,25.1773,67.0195
regla_bon,2,int__tai30_20_10,4096,25.1773,134.3182
regla_bon,2,int__tai30_20_10,8192,25.1773,268.5832
ga,1,int__tai50_15_01,1,93.5326,0.0900
ga,1,int__tai50_15_01,2,87.6812,0.0900
ga,1,int__tai50_15_01,4,79.1304,0.0910
ga,1,int__tai50_15_01,8,79.1304,0.0920
ga,1,int__tai50_15_01,16,79.1304,0.0940
ga,1,int__tai50_15_01,32,75.6341,0.1010
ga,1,int__tai50_15_01,64,73.9493,0.1120
ga,1,int__tai50_15_01,128,70.7971,0.1356
ga,1,int__tai50_15_01,256,66.1594,0.1828
ga,1,int__tai50_15_01,512,66.1594,0.3306
ga,1,int__tai50_15_01,1024,64.6014,0.6367
ga,1,int__tai50_15_01,2048,53.2971,1.2129
ga,1,int__tai50_15_01,4096,51.3587,2.4412
ga,1,int__tai50_15_01,8192,46.1413,4.8427
ga,1,int__tai50_15_01,16384,30.4710,9.5799
ga,1,int__tai50_15_01,32768,21.7029,19.0581
ga,1,int__tai50_15_01,65536,16.0507,37.9627
ga,1,int__tai50_15_01,131072,13.5507,76.0552
ga,1,int__tai50_15_01,262144,11.8478,153.1322
ga,1,int__tai50_15_01,524288,9.2391,309.2268
ga,1,int__tai50_15_01,1048576,8.4601,624.2059
ga,2,int__tai50_15_01,1,105.6522,0.0996
ga,2,int__tai50_15_01,2,99.9819,0.0996
ga,2,int__tai50_15_01,4,81.6667,0.1006
ga,2,int__tai50_15_01,8,80.8696,0.1026
ga,2,int__tai50_15_01,16,79.9275,0.1046
ga,2,int__tai50_15_01,32,70.1087,0.1116
ga,2,int__tai50_15_01,64,70.1087,0.1236
ga,2,int__tai50_15_01,128,70.1087,0.1502
ga,2,int__tai50_15_01,256,70.1087,0.2032
ga,2,int__tai50_15_01,512,70.1087,0.3617
ga,2,int__tai50_15_01,1024,64.4022,0.6624
ga,2,int__tai50_15_01,2048,55.8152,1.2657
ga,2,int__tai50_15_01,4096,52.0652,2.5993
ga,2,int__tai50_15_01,8192,42.8623,5.4161
ga,2,int__tai50_15_01,16384,32.5543,10.4634
ga,2,int__tai50_15_01,32768,22.8804,20.0542
ga,2,int__tai50_15_01,65536,19.5290,38.8707
ga,2,int__tai50_15_01,131072,19.1304,76.7821
ga,2,int__tai50_15_01,262144,15.3080,157.9188
ga,2,int__tai50_15_01,524288,12.3913,300.7775
ga,2,int__tai50_15_01,1048576,11.6667,590.8771
regla_bon,1,int__tai50_15_01,1,23.2428,0.0680
regla_bon,1,int__tai50_15_01,2,23.2428,0.1345
regla_bon,1,int__tai50_15_01,4,22.7174,0.2655
regla_bon,1,int__tai50_15_01,8,19.1123,0.5156
regla_bon,1,int__tai50_15_01,16,19.1123,1.0108
regla_bon,1,int__tai50_15_01,32,18.4783,2.0094
regla_bon,1,int__tai50_15_01,64,18.4783,4.0993
regla_bon,1,int__tai50_15_01,128,18.4783,8.0951
regla_bon,1,int__tai50_15_01,256,18.4783,16.2976
regla_bon,1,int__tai50_15_01,512,18.4783,32.4268
regla_bon,1,int__tai50_15_01,1024,18.4420,65.5244
regla_bon,1,int__tai50_15_01,2048,18.1341,130.1149
regla_bon,1,int__tai50_15_01,4096,18.1341,262.1308
regla_bon,1,int__tai50_15_01,8192,17.0833,531.5878
regla_bon,2,int__tai50_15_01,1,23.2428,0.0700
regla_bon,2,int__tai50_15_01,2,20.7790,0.1280
regla_bon,2,int__tai50_15_01,4,20.7790,0.2435
regla_bon,2,int__tai50_15_01,8,20.7790,0.4776
regla_bon,2,int__tai50_15_01,16,20.7790,0.9442
regla_bon,2,int__tai50_15_01,32,21.3406,1.8823
regla_bon,2,int__tai50_15_01,64,16.7210,3.7783
regla_bon,2,int__tai50_15_01,128,16.7210,7.5468
regla_bon,2,int__tai50_15_01,256,16.7210,15.4902
regla_bon,2,int__tai50_15_01,512,16.7210,32.0149
regla_bon,2,int__tai50_15_01,1024,16.7210,64.4806
regla_bon,2,int__tai50_15_01,2048,16.7210,127.6523
regla_bon,2,int__tai50_15_01,4096,16.3043,262.6384
regla_bon,2,int__tai50_15_01,8192,16.3768,543.5147
ga,1,int__tai50_15_02,1,91.5820,0.0945
ga,1,int__tai50_15_02,2,91.5820,0.0955
ga,1,int__tai50_15_02,4,91.5820,0.0965
ga,1,int__tai50_15_02,8,85.4136,0.0975
ga,1,int__tai50_15_02,16,79.9710,0.1005
ga,1,int__tai50_15_02,32,70.3737,0.1065
ga,1,int__tai50_15_02,64,70.3737,0.1165
ga,1,int__tai50_15_02,128,64.8766,0.1395
ga,1,int__tai50_15_02,256,64.8766,0.1895
ga,1,int__tai50_15_02,512,64.8766,0.3356
ga,1,int__tai50_15_02,1024,64.8766,0.6222
ga,1,int__tai50_15_02,2048,56.4405,1.2646
ga,1,int__tai50_15_02,4096,54.9710,2.4376
ga,1,int__tai50_15_02,8192,41.4369,4.8466
ga,1,int__tai50_15_02,16384,29.1727,9.5418
ga,1,int__tai50_15_02,32768,20.6821,19.0373
ga,1,int__tai50_15_02,65536,17.6524,37.8888
ga,1,int__tai50_15_02,131072,14.7859,75.9322
ga,1,int__tai50_15_02,262144,12.1009,153.2496
ga,1,int__tai50_15_02,524288,10.8491,309.0409
ga,1,int__tai50_15_02,1048576,10.8491,623.6503
ga,2,int__tai50_15_02,1,96.4441,0.0890
ga,2,int__tai50_15_02,2,92.3803,0.0900
ga,2,int__tai50_15_02,4,87.9354,0.0910
ga,2,int__tai50_15_02,8,82.1118,0.0920
ga,2,int__tai50_15_02,16,82.1118,0.0950
ga,2,int__tai50_15_02,32,82.1118,0.1010
ga,2,int__tai50_15_02,64,69.8657,0.1150
ga,2,int__tai50_15_02,128,69.8657,0.1436
ga,2,int__tai50_15_02,256,69.8657,0.1966
ga,2,int__tai50_15_02,512,61.4296,0.3457
ga,2,int__tai50_15_02,1024,61.4296,0.6473
ga,2,int__tai50_15_02,2048,61.1393,1.2470
ga,2,int__tai50_15_02,4096,52.9935,2.4450
ga,2,int__tai50_15_02,8192,45.2104,4.7850
ga,2,int__tai50_15_02,16384,34.6698,10.0310
ga,2,int__tai50_15_02,32768,23.1495,19.9452
ga,2,int__tai50_15_02,65536,16.9448,39.7887
ga,2,int__tai50_15_02,131072,13.3527,77.7612
ga,2,int__tai50_15_02,262144,11.7562,156.7395
ga,2,int__tai50_15_02,524288,10.2866,302.5280
ga,2,int__tai50_15_02,1048576,8.7808,591.5705
regla_bon,1,int__tai50_15_02,1,12.7358,0.0654
regla_bon,1,int__tai50_15_02,2,12.7358,0.1250
regla_bon,1,int__tai50_15_02,4,12.7358,0.2425
regla_bon,1,int__tai50_15_02,8,12.7358,0.4886
regla_bon,1,int__tai50_15_02,16,12.7358,0.9578
regla_bon,1,int__tai50_15_02,32,12.4456,1.9152
regla_bon,1,int__tai50_15_02,64,12.4456,3.9422
regla_bon,1,int__tai50_15_02,128,12.4456,7.9021
regla_bon,1,int__tai50_15_02,256,12.3549,15.7980
regla_bon,1,int__tai50_15_02,512,12.3549,31.4125
regla_bon,1,int__tai50_15_02,1024,12.3549,63.1183
regla_bon,1,int__tai50_15_02,2048,11.0486,126.3648
regla_bon,1,int__tai50_15_02,4096,11.0486,254.6389
regla_bon,1,int__tai50_15_02,8192,10.8853,516.6260
regla_bon,2,int__tai50_15_02,1,12.7358,0.0620
regla_bon,2,int__tai50_15_02,2,12.7358,0.1205
regla_bon,2,int__tai50_15_02,4,12.7358,0.2395
regla_bon,2,int__tai50_15_02,8,12.7358,0.4636
regla_bon,2,int__tai50_15_02,16,12.7358,0.9298
regla_bon,2,int__tai50_15_02,32,12.7358,1.8475
regla_bon,2,int__tai50_15_02,64,12.2097,3.6935
regla_bon,2,int__tai50_15_02,128,12.2097,7.3579
regla_bon,2,int__tai50_15_02,256,12.2097,15.3631
regla_bon,2,int__tai50_15_02,512,12.2097,30.6012
regla_bon,2,int__tai50_15_02,1024,11.0305,61.6227
regla_bon,2,int__tai50_15_02,2048,11.0305,124.6857
regla_bon,2,int__tai50_15_02,4096,11.4296,256.2323
regla_bon,2,int__tai50_15_02,8192,10.6313,529.0463
ga,1,int__tai50_15_03,1,93.0622,0.1056
ga,1,int__tai50_15_03,2,75.8925,0.1066
ga,1,int__tai50_15_03,4,67.5193,0.1066
ga,1,int__tai50_15_03,8,67.5193,0.1086
ga,1,int__tai50_15_03,16,67.5193,0.1126
ga,1,int__tai50_15_03,32,62.8819,0.1186
ga,1,int__tai50_15_03,64,62.8819,0.1306
ga,1,int__tai50_15_03,128,62.8819,0.1526
ga,1,int__tai50_15_03,256,62.8819,0.2046
ga,1,int__tai50_15_03,512,59.5510,0.3558
ga,1,int__tai50_15_03,1024,56.4225,0.6570
ga,1,int__tai50_15_03,2048,53.9198,1.2503
ga,1,int__tai50_15_03,4096,47.3316,2.4497
ga,1,int__tai50_15_03,8192,41.9580,4.8749
ga,1,int__tai50_15_03,16384,27.6224,9.6018
ga,1,int__tai50_15_03,32768,18.4763,19.8694
ga,1,int__tai50_15_03,65536,15.3294,39.6767
ga,1,int__tai50_15_03,131072,11.2440,78.5692
ga,1,int__tai50_15_03,262144,8.7045,157.2122
ga,1,int__tai50_15_03,524288,6.5513,315.5987
ga,1,int__tai50_15_03,1048576,6.1097,638.0269
ga,2,int__tai50_15_03,1,73.8866,0.0880
ga,2,int__tai50_15_03,2,73.8866,0.0890
ga,2,int__tai50_15_03,4,73.8866,0.0900
ga,2,int__tai50_15_03,8,73.8866,0.0910
ga,2,int__tai50_15_03,16,72.5432,0.0940
ga,2,int__tai50_15_03,32,65.0718,0.1010
ga,2,int__tai50_15_03,64,59.8822,0.1100
ga,2,int__tai50_15_03,128,59.8822,0.1330
ga,2,int__tai50_15_03,256,59.8822,0.1805
ga,2,int__tai50_15_03,512,59.8822,0.3216
ga,2,int__tai50_15_03,1024,56.9378,0.5947
ga,2,int__tai50_15_03,2048,50.3865,1.1498
ga,2,int__tai50_15_03,4096,46.4299,2.2750
ga,2,int__tai50_15_03,8192,39.2713,4.4654
ga,2,int__tai50_15_03,16384,27.1623,8.9375
ga,2,int__tai50_15_03,32768,21.8439,17.9924
ga,2,int__tai50_15_03,65536,13.7468,35.9017
ga,2,int__tai50_15_03,131072,9.9190,73.0899
ga,2,int__tai50_15_03,262144,6.7906,150.8707
ga,2,int__tai50_15_03,524288,5.5944,312.2057
ga,2,int__tai50_15_03,1048576,5.0423,651.2105
regla_bon,1,int__tai50_15_03,1,11.7593,0.0660
regla_bon,1,int__tai50_15_03,2,11.7593,0.1261
regla_bon,1,int__tai50_15_03,4,11.4096,0.2461
regla_bon,1,int__tai50_15_03,8,11.4096,0.4761
regla_bon,1,int__tai50_15_03,16,11.0968,0.9633
regla_bon,1,int__tai50_15_03,32,9.1829,1.9257
regla_bon,1,int__tai50_15_03,64,9.1829,3.8506
regla_bon,1,int__tai50_15_03,128,8.8885,7.7618
regla_bon,1,int__tai50_15_03,256,8.8885,15.6353
regla_bon,1,int__tai50_15_03,512,8.7965,31.0984
regla_bon,1,int__tai50_15_03,1024,8.1156,62.6011
regla_bon,1,int__tai50_15_03,2048,8.1156,128.7291
regla_bon,1,int__tai50_15_03,4096,8.1156,246.1881
regla_bon,1,int__tai50_15_03,8192,8.1156,486.1920
regla_bon,2,int__tai50_15_03,1,11.7593,0.0650
regla_bon,2,int__tai50_15_03,2,11.7593,0.1280
regla_bon,2,int__tai50_15_03,4,10.9864,0.2600
regla_bon,2,int__tai50_15_03,8,10.9864,0.5120
regla_bon,2,int__tai50_15_03,16,9.8638,1.0653
regla_bon,2,int__tai50_15_03,32,10.4711,2.0691
regla_bon,2,int__tai50_15_03,64,8.1340,4.0796
regla_bon,2,int__tai50_15_03,128,8.0420,8.0555
regla_bon,2,int__tai50_15_03,256,8.0420,16.4067
regla_bon,2,int__tai50_15_03,512,8.0420,33.0246
regla_bon,2,int__tai50_15_03,1024,8.0420,65.5307
regla_bon,2,int__tai50_15_03,2048,8.0604,131.6241
regla_bon,2,int__tai50_15_03,4096,7.5451,256.1582
regla_bon,2,int__tai50_15_03,8192,7.8211,523.8125
ga,1,int__tai50_15_04,1,82.3353,0.0921
ga,1,int__tai50_15_04,2,72.2085,0.0921
ga,1,int__tai50_15_04,4,69.6020,0.0931
ga,1,int__tai50_15_04,8,66.4142,0.0951
ga,1,int__tai50_15_04,16,64.2128,0.0981
ga,1,int__tai50_15_04,32,64.2128,0.1051
ga,1,int__tai50_15_04,64,64.2128,0.1161
ga,1,int__tai50_15_04,128,62.7334,0.1412
ga,1,int__tai50_15_04,256,57.0976,0.1957
ga,1,int__tai50_15_04,512,51.9549,0.3464
ga,1,int__tai50_15_04,1024,51.9901,0.6610
ga,1,int__tai50_15_04,2048,48.9081,1.2737
ga,1,int__tai50_15_04,4096,46.7594,2.4390
ga,1,int__tai50_15_04,8192,33.2159,4.8582
ga,1,int__tai50_15_04,16384,24.6918,9.7942
ga,1,int__tai50_15_04,32768,14.4417,19.3872
ga,1,int__tai50_15_04,65536,10.3734,39.7856
ga,1,int__tai50_15_04,131072,8.5065,78.0407
ga,1,int__tai50_15_04,262144,7.6788,155.9255
ga,1,int__tai50_15_04,524288,5.6534,312.7572
ga,1,int__tai50_15_04,1048576,4.3677,632.9627
ga,2,int__tai50_15_04,1,96.9355,0.0845
ga,2,int__tai50_15_04,2,82.7404,0.0845
ga,2,int__tai50_15_04,4,77.6682,0.0855
ga,2,int__tai50_15_04,8,68.5453,0.0865
ga,2,int__tai50_15_04,16,66.1148,0.0885
ga,2,int__tai50_15_04,32,66.1148,0.0945
ga,2,int__tai50_15_04,64,58.0662,0.1046
ga,2,int__tai50_15_04,128,58.0662,0.1291
ga,2,int__tai50_15_04,256,57.3441,0.1771
ga,2,int__tai50_15_04,512,54.0507,0.3131
ga,2,int__tai50_15_04,1024,52.4128,0.5962
ga,2,int__tai50_15_04,2048,44.3818,1.1579
ga,2,int__tai50_15_04,4096,44.3818,2.2781
ga,2,int__tai50_15_04,8192,33.4977,4.5158
ga,2,int__tai50_15_04,16384,28.2318,9.0022
ga,2,int__tai50_15_04,32768,18.5277,17.9187
ga,2,int__tai50_15_04,65536,12.7334,35.6774
ga,2,int__tai50_15_04,131072,9.7746,71.3646
ga,2,int__tai50_15_04,262144,8.6826,149.5843
ga,2,int__tai50_15_04,524288,7.2032,307.1490
ga,2,int__tai50_15_04,1048576,5.8119,645.1937
regla_bon,1,int__tai50_15_04,1,8.2071,0.0640
regla_bon,1,int__tai50_15_04,2,8.2071,0.1250
regla_bon,1,int__tai50_15_04,4,8.2071,0.2410
regla_bon,1,int__tai50_15_04,8,8.2071,0.5151
regla_bon,1,int__tai50_15_04,16,7.0800,0.9812
regla_bon,1,int__tai50_15_04,32,6.7277,1.9277
regla_bon,1,int__tai50_15_04,64,6.7277,3.9551
regla_bon,1,int__tai50_15_04,128,6.7277,7.7975
regla_bon,1,int__tai50_15_04,256,6.4107,15.6321
regla_bon,1,int__tai50_15_04,512,6.0056,31.0141
regla_bon,1,int__tai50_15_04,1024,6.0056,62.0771
regla_bon,1,int__tai50_15_04,2048,5.6710,128.1390
regla_bon,1,int__tai50_15_04,4096,5.6710,246.4960
regla_bon,1,int__tai50_15_04,8192,5.6710,484.6719
regla_bon,2,int__tai50_15_04,1,8.2071,0.0680
regla_bon,2,int__tai50_15_04,2,8.2071,0.1310
regla_bon,2,int__tai50_15_04,4,7.8197,0.2590
regla_bon,2,int__tai50_15_04,8,7.8197,0.4940
regla_bon,2,int__tai50_15_04,16,7.0623,0.9849
regla_bon,2,int__tai50_15_04,32,5.8647,1.9885
regla_bon,2,int__tai50_15_04,64,5.8647,3.9985
regla_bon,2,int__tai50_15_04,128,5.8647,8.0933
regla_bon,2,int__tai50_15_04,256,5.8647,16.1253
regla_bon,2,int__tai50_15_04,512,5.8647,32.4233
regla_bon,2,int__tai50_15_04,1024,5.8647,64.9131
regla_bon,2,int__tai50_15_04,2048,5.8647,129.9141
regla_bon,2,int__tai50_15_04,4096,5.8647,256.4481
regla_bon,2,int__tai50_15_04,8192,5.6006,515.6111
ga,1,int__tai50_15_05,1,100.5599,0.0915
ga,1,int__tai50_15_05,2,101.4744,0.0925
ga,1,int__tai50_15_05,4,79.5819,0.0925
ga,1,int__tai50_15_05,8,79.5819,0.0935
ga,1,int__tai50_15_05,16,79.5819,0.0965
ga,1,int__tai50_15_05,32,79.5819,0.1015
ga,1,int__tai50_15_05,64,79.5819,0.1125
ga,1,int__tai50_15_05,128,77.3236,0.1325
ga,1,int__tai50_15_05,256,68.5144,0.1895
ga,1,int__tai50_15_05,512,68.5144,0.3365
ga,1,int__tai50_15_05,1024,64.9683,0.6076
ga,1,int__tai50_15_05,2048,61.2729,1.1966
ga,1,int__tai50_15_05,4096,53.5461,2.3126
ga,1,int__tai50_15_05,8192,45.6887,4.5647
ga,1,int__tai50_15_05,16384,34.0985,8.9721
ga,1,int__tai50_15_05,32768,24.1695,17.7872
ga,1,int__tai50_15_05,65536,18.3651,35.5952
ga,1,int__tai50_15_05,131072,16.2187,71.8851
ga,1,int__tai50_15_05,262144,15.0616,144.2310
ga,1,int__tai50_15_05,524288,12.3180,292.5264
ga,1,int__tai50_15_05,1048576,11.2542,601.5534
ga,2,int__tai50_15_05,1,83.2214,0.0975
ga,2,int__tai50_15_05,2,83.2214,0.0985
ga,2,int__tai50_15_05,4,83.2214,0.0995
ga,2,int__tai50_15_05,8,83.2214,0.1005
ga,2,int__tai50_15_05,16,70.5487,0.1035
ga,2,int__tai50_15_05,32,70.5487,0.1095
ga,2,int__tai50_15_05,64,70.5487,0.1225
ga,2,int__tai50_15_05,128,70.5487,0.1485
ga,2,int__tai50_15_05,256,70.5487,0.1951
ga,2,int__tai50_15_05,512,69.7088,0.3611
ga,2,int__tai50_15_05,1024,61.1236,0.6733
ga,2,int__tai50_15_05,2048,56.7376,1.3020
ga,2,int__tai50_15_05,4096,54.2740,2.5635
ga,2,int__tai50_15_05,8192,43.9156,5.4026
ga,2,int__tai50_15_05,16384,38.9138,10.4553
ga,2,int__tai50_15_05,32768,27.4543,20.4922
ga,2,int__tai50_15_05,65536,19.9141,41.2090
ga,2,int__tai50_15_05,131072,17.1519,77.5914
ga,2,int__tai50_15_05,262144,13.7551,154.2885
ga,2,int__tai50_15_05,524288,12.8593,315.6720
ga,2,int__tai50_15_05,1048576,11.5342,653.2044
regla_bon,1,int__tai50_15_05,1,15.5095,0.1461
regla_bon,1,int__tai50_15_05,2,15.5095,0.2484
regla_bon,1,int__tai50_15_05,4,15.5095,0.3914
regla_bon,1,int__tai50_15_05,8,15.5095,0.6541
regla_bon,1,int__tai50_15_05,16,14.0538,1.1413
regla_bon,1,int__tai50_15_05,32,14.0538,2.1381
regla_bon,1,int__tai50_15_05,64,13.9791,4.1371
regla_bon,1,int__tai50_15_05,128,13.9791,8.2994
regla_bon,1,int__tai50_15_05,256,12.8593,16.6330
regla_bon,1,int__tai50_15_05,512,12.7100,33.2014
regla_bon,1,int__tai50_15_05,1024,12.7100,66.3538
regla_bon,1,int__tai50_15_05,2048,11.6088,133.7967
regla_bon,1,int__tai50_15_05,4096,11.7954,269.8449
regla_bon,1,int__tai50_15_05,8192,11.7954,541.3425
regla_bon,2,int__tai50_15_05,1,15.5095,0.0651
regla_bon,2,int__tai50_15_05,2,15.5095,0.1251
regla_bon,2,int__tai50_15_05,4,15.5095,0.2431
regla_bon,2,int__tai50_15_05,8,15.5095,0.5067
regla_bon,2,int__tai50_15_05,16,15.5095,1.0059
regla_bon,2,int__tai50_15_05,32,14.4084,1.9160
regla_bon,2,int__tai50_15_05,64,13.6245,3.7497
regla_bon,2,int__tai50_15_05,128,13.6245,7.5196
regla_bon,2,int__tai50_15_05,256,13.6245,14.8024
regla_bon,2,int__tai50_15_05,512,12.2994,29.5740
regla_bon,2,int__tai50_15_05,1024,12.0567,60.4876
regla_bon,2,int__tai50_15_05,2048,12.0567,121.0732
regla_bon,2,int__tai50_15_05,4096,12.0567,246.6680
regla_bon,2,int__tai50_15_05,8192,11.7581,498.6526
ga,1,int__tai50_15_06,1,98.6336,0.0890
ga,1,int__tai50_15_06,2,90.4711,0.0890
ga,1,int__tai50_15_06,4,81.5174,0.0900
ga,1,int__tai50_15_06,8,81.5174,0.0910
ga,1,int__tai50_15_06,16,78.4610,0.0940
ga,1,int__tai50_15_06,32,75.0989,0.0990
ga,1,int__tai50_15_06,64,63.7181,0.1110
ga,1,int__tai50_15_06,128,63.7181,0.1320
ga,1,int__tai50_15_06,256,63.7181,0.1826
ga,1,int__tai50_15_06,512,63.7181,0.3196
ga,1,int__tai50_15_06,1024,58.5761,0.5897
ga,1,int__tai50_15_06,2048,53.8655,1.1423
ga,1,int__tai50_15_06,4096,51.0428,2.2616
ga,1,int__tai50_15_06,8192,40.9385,4.4184
ga,1,int__tai50_15_06,16384,31.3556,8.7739
ga,1,int__tai50_15_06,32768,19.7771,17.4172
ga,1,int__tai50_15_06,65536,14.5991,35.0610
ga,1,int__tai50_15_06,131072,12.3517,70.9567
ga,1,int__tai50_15_06,262144,10.8414,142.4019
ga,1,int__tai50_15_06,524288,9.0255,288.6004
ga,1,int__tai50_15_06,1048576,7.8569,592.7280
ga,2,int__tai50_15_06,1,82.4703,0.0975
ga,2,int__tai50_15_06,2,84.3581,0.0975
ga,2,int__tai50_15_06,4,83.9626,0.0985
ga,2,int__tai50_15_06,8,71.1435,0.1005
ga,2,int__tai50_15_06,16,71.1435,0.1046
ga,2,int__tai50_15_06,32,71.1435,0.1105
ga,2,int__tai50_15_06,64,71.1435,0.1246
ga,2,int__tai50_15_06,128,64.5811,0.1506
ga,2,int__tai50_15_06,256,64.5811,0.1986
ga,2,int__tai50_15_06,512,64.5811,0.3607
ga,2,int__tai50_15_06,1024,61.5965,0.6833
ga,2,int__tai50_15_06,2048,56.2927,1.4995
ga,2,int__tai50_15_06,4096,54.0093,2.7333
ga,2,int__tai50_15_06,8192,45.8648,5.5277
ga,2,int__tai50_15_06,16384,34.0525,10.7238
ga,2,int__tai50_15_06,32768,23.3010,20.5796
ga,2,int__tai50_15_06,65536,15.7677,40.9267
ga,2,int__tai50_15_06,131072,13.5023,77.7513
ga,2,int__tai50_15_06,262144,11.2909,153.3149
ga,2,int__tai50_15_06,524288,10.4818,309.8384
ga,2,int__tai50_15_06,1048576,9.7087,645.9682
regla_bon,1,int__tai50_15_06,1,10.9313,0.0730
regla_bon,1,int__tai50_15_06,2,9.8885,0.1330
regla_bon,1,int__tai50_15_06,4,9.8885,0.2570
regla_bon,1,int__tai50_15_06,8,9.8885,0.5000
regla_bon,1,int__tai50_15_06,16,9.8885,1.0132
regla_bon,1,int__tai50_15_06,32,8.1805,2.0107
regla_bon,1,int__tai50_15_06,64,8.1805,4.0057
regla_bon,1,int__tai50_15_06,128,8.1805,8.1157
regla_bon,1,int__tai50_15_06,256,7.8209,16.4838
regla_bon,1,int__tai50_15_06,512,7.8209,32.9309
regla_bon,1,int__tai50_15_06,1024,7.8209,66.0805
regla_bon,1,int__tai50_15_06,2048,6.7961,133.4919
regla_bon,1,int__tai50_15_06,4096,6.7961,269.4645
regla_bon,1,int__tai50_15_06,8192,6.7961,539.9530
regla_bon,2,int__tai50_15_06,1,10.9313,0.0620
regla_bon,2,int__tai50_15_06,2,10.9313,0.1180
regla_bon,2,int__tai50_15_06,4,10.9313,0.2361
regla_bon,2,int__tai50_15_06,8,10.9313,0.4622
regla_bon,2,int__tai50_15_06,16,10.9313,0.9143
regla_bon,2,int__tai50_15_06,32,9.2413,1.8354
regla_bon,2,int__tai50_15_06,64,8.3783,3.6679
regla_bon,2,int__tai50_15_06,128,8.4142,7.3536
regla_bon,2,int__tai50_15_06,256,8.4142,14.7835
regla_bon,2,int__tai50_15_06,512,8.4142,29.5818
regla_bon,2,int__tai50_15_06,1024,8.1625,60.3290
regla_bon,2,int__tai50_15_06,2048,7.2995,121.3728
regla_bon,2,int__tai50_15_06,4096,7.2995,247.4820
regla_bon,2,int__tai50_15_06,8192,7.2995,499.0352
ga,1,int__tai50_15_07,1,83.7241,0.0960
ga,1,int__tai50_15_07,2,83.7241,0.0960
ga,1,int__tai50_15_07,4,83.7241,0.0970
ga,1,int__tai50_15_07,8,71.3897,0.0990
ga,1,int__tai50_15_07,16,71.3897,0.1030
ga,1,int__tai50_15_07,32,71.3897,0.1080
ga,1,int__tai50_15_07,64,67.8899,0.1230
ga,1,int__tai50_15_07,128,66.3948,0.1450
ga,1,int__tai50_15_07,256,62.4193,0.1930
ga,1,int__tai50_15_07,512,61.7737,0.3501
ga,1,int__tai50_15_07,1024,53.0751,0.6552
ga,1,int__tai50_15_07,2048,50.3228,1.2758
ga,1,int__tai50_15_07,4096,44.7503,2.4970
ga,1,int__tai50_15_07,8192,36.1196,5.2410
ga,1,int__tai50_15_07,16384,28.0836,10.4055
ga,1,int__tai50_15_07,32768,21.1009,20.7126
ga,1,int__tai50_15_07,65536,14.5430,40.6597
ga,1,int__tai50_15_07,131072,12.4533,81.2748
ga,1,int__tai50_15_07,262144,11.4169,161.8971
ga,1,int__tai50_15_07,524288,8.4777,313.6279
ga,1,int__tai50_15_07,1048576,6.6599,647.0507
ga,2,int__tai50_15_07,1,76.9283,0.0951
ga,2,int__tai50_15_07,2,76.9283,0.0961
ga,2,int__tai50_15_07,4,75.2294,0.0961
ga,2,int__tai50_15_07,8,66.2929,0.0971
ga,2,int__tai50_15_07,16,66.2929,0.1011
ga,2,int__tai50_15_07,32,66.2929,0.1071
ga,2,int__tai50_15_07,64,66.2929,0.1171
ga,2,int__tai50_15_07,128,62.1475,0.1411
ga,2,int__tai50_15_07,256,44.6143,0.1886
ga,2,int__tai50_15_07,512,44.6143,0.3307
ga,2,int__tai50_15_07,1024,44.6143,0.6088
ga,2,int__tai50_15_07,2048,44.6143,1.2214
ga,2,int__tai50_15_07,4096,40.9106,2.3643
ga,2,int__tai50_15_07,8192,35.1512,4.6959
ga,2,int__tai50_15_07,16384,26.8434,9.3071
ga,2,int__tai50_15_07,32768,18.9602,18.4822
ga,2,int__tai50_15_07,65536,14.6619,37.0718
ga,2,int__tai50_15_07,131072,11.5528,75.2301
ga,2,int__tai50_15_07,262144,10.2107,154.0423
ga,2,int__tai50_15_07,524288,8.9874,330.3755
ga,2,int__tai50_15_07,1048576,7.4074,684.1471
regla_bon,1,int__tai50_15_07,1,9.6330,0.0647
regla_bon,1,int__tai50_15_07,2,9.6330,0.1257
regla_bon,1,int__tai50_15_07,4,9.6330,0.2383
regla_bon,1,int__tai50_15_07,8,9.6330,0.4573
regla_bon,1,int__tai50_15_07,16,9.6330,0.9335
regla_bon,1,int__tai50_15_07,32,9.4801,1.8676
regla_bon,1,int__tai50_15_07,64,9.4801,3.8100
regla_bon,1,int__tai50_15_07,128,9.4801,8.1354
regla_bon,1,int__tai50_15_07,256,8.8685,16.3114
regla_bon,1,int__tai50_15_07,512,8.8685,33.1418
regla_bon,1,int__tai50_15_07,1024,8.5967,64.0573
regla_bon,1,int__tai50_15_07,2048,8.5287,133.7578
regla_bon,1,int__tai50_15_07,4096,6.9997,257.9132
regla_bon,1,int__tai50_15_07,8192,6.9997,505.1879
regla_bon,2,int__tai50_15_07,1,9.6330,0.0686
regla_bon,2,int__tai50_15_07,2,9.6330,0.1342
regla_bon,2,int__tai50_15_07,4,9.6330,0.2762
regla_bon,2,int__tai50_15_07,8,9.6330,0.5433
regla_bon,2,int__tai50_15_07,16,9.5481,1.0520
regla_bon,2,int__tai50_15_07,32,9.5481,2.1231
regla_bon,2,int__tai50_15_07,64,9.5481,4.2656
regla_bon,2,int__tai50_15_07,128,8.3248,8.6049
regla_bon,2,int__tai50_15_07,256,8.3248,17.1291
regla_bon,2,int__tai50_15_07,512,7.9171,34.9503
regla_bon,2,int__tai50_15_07,1024,8.0700,75.1220
regla_bon,2,int__tai50_15_07,2048,7.6453,149.0867
regla_bon,2,int__tai50_15_07,4096,7.6453,297.5391
regla_bon,2,int__tai50_15_07,8192,7.1526,569.6254
ga,1,int__tai50_15_08,1,98.9081,0.0930
ga,1,int__tai50_15_08,2,85.5459,0.0930
ga,1,int__tai50_15_08,4,80.1906,0.0940
ga,1,int__tai50_15_08,8,72.8250,0.0960
ga,1,int__tai50_15_08,16,72.8250,0.0990
ga,1,int__tai50_15_08,32,73.3622,0.1060
ga,1,int__tai50_15_08,64,73.3622,0.1200
ga,1,int__tai50_15_08,128,69.2201,0.1470
ga,1,int__tai50_15_08,256,54.8527,0.1986
ga,1,int__tai50_15_08,512,54.8527,0.3556
ga,1,int__tai50_15_08,1024,54.8527,0.6607
ga,1,int__tai50_15_08,2048,55.3206,1.2670
ga,1,int__tai50_15_08,4096,49.2721,2.5069
ga,1,int__tai50_15_08,8192,38.9601,4.8782
ga,1,int__tai50_15_08,16384,29.6014,9.6783
ga,1,int__tai50_15_08,32768,20.7626,20.2742
ga,1,int__tai50_15_08,65536,15.5633,41.9750
ga,1,int__tai50_15_08,131072,11.9931,82.3492
ga,1,int__tai50_15_08,262144,10.7279,162.7204
ga,1,int__tai50_15_08,524288,9.3241,317.9580
ga,1,int__tai50_15_08,1048576,9.3241,642.4651
ga,2,int__tai50_15_08,1,90.2080,0.0995
ga,2,int__tai50_15_08,2,84.7314,0.0995
ga,2,int__tai50_15_08,4,79.5147,0.1005
ga,2,int__tai50_15_08,8,70.0693,0.1025
ga,2,int__tai50_15_08,16,70.0693,0.1055
ga,2,int__tai50_15_08,32,70.0693,0.1105
ga,2,int__tai50_15_08,64,58.7002,0.1235
ga,2,int__tai50_15_08,128,58.7002,0.1455
ga,2,int__tai50_15_08,256,58.7002,0.1895
ga,2,int__tai50_15_08,512,58.7002,0.3406
ga,2,int__tai50_15_08,1024,56.9671,0.6177
ga,2,int__tai50_15_08,2048,56.9671,1.1818
ga,2,int__tai50_15_08,4096,48.5095,2.3093
ga,2,int__tai50_15_08,8192,38.4402,4.6147
ga,2,int__tai50_15_08,16384,29.8094,9.2560
ga,2,int__tai50_15_08,32768,21.9931,18.3600
ga,2,int__tai50_15_08,65536,15.2686,36.9782
ga,2,int__tai50_15_08,131072,10.7799,73.9789
ga,2,int__tai50_15_08,262144,8.7175,150.9921
ga,2,int__tai50_15_08,524288,8.3189,321.8323
ga,2,int__tai50_15_08,1048576,6.3085,675.7692
regla_bon,1,int__tai50_15_08,1,13.5529,0.0781
regla_bon,1,int__tai50_15_08,2,13.5529,0.1561
regla_bon,1,int__tai50_15_08,4,13.5529,0.3537
regla_bon,1,int__tai50_15_08,8,12.4263,0.6587
regla_bon,1,int__tai50_15_08,16,12.4263,1.3340
regla_bon,1,int__tai50_15_08,32,11.2652,2.9499
regla_bon,1,int__tai50_15_08,64,11.2652,5.6373
regla_bon,1,int__tai50_15_08,128,11.2652,10.2307
regla_bon,1,int__tai50_15_08,256,10.8839,18.6022
regla_bon,1,int__tai50_15_08,512,10.9532,36.6210
regla_bon,1,int__tai50_15_08,1024,8.5962,69.5186
regla_bon,1,int__tai50_15_08,2048,8.5962,135.2504
regla_bon,1,int__tai50_15_08,4096,8.5962,260.3210
regla_bon,1,int__tai50_15_08,8192,8.5962,504.6590
regla_bon,2,int__tai50_15_08,1,13.5529,0.0701
regla_bon,2,int__tai50_15_08,2,13.5529,0.1431
regla_bon,2,int__tai50_15_08,4,13.5529,0.2656
regla_bon,2,int__tai50_15_08,8,12.2704,0.5163
regla_bon,2,int__tai50_15_08,16,12.2704,1.0140
regla_bon,2,int__tai50_15_08,32,12.2704,2.0436
regla_bon,2,int__tai50_15_08,64,12.0451,4.2839
regla_bon,2,int__tai50_15_08,128,11.8718,8.6498
regla_bon,2,int__tai50_15_08,256,9.3761,16.9878
regla_bon,2,int__tai50_15_08,512,9.3761,34.7095
regla_bon,2,int__tai50_15_08,1024,8.2322,69.8593
regla_bon,2,int__tai50_15_08,2048,8.2322,146.1771
regla_bon,2,int__tai50_15_08,4096,8.2322,292.2853
regla_bon,2,int__tai50_15_08,8192,8.2322,563.9193
ga,1,int__tai50_15_09,1,88.5687,0.0956
ga,1,int__tai50_15_09,2,88.5687,0.0966
ga,1,int__tai50_15_09,4,88.5687,0.0976
ga,1,int__tai50_15_09,8,84.2938,0.0996
ga,1,int__tai50_15_09,16,76.4030,0.1026
ga,1,int__tai50_15_09,32,76.4030,0.1096
ga,1,int__tai50_15_09,64,76.4030,0.1216
ga,1,int__tai50_15_09,128,70.4331,0.1476
ga,1,int__tai50_15_09,256,69.8493,0.2046
ga,1,int__tai50_15_09,512,69.2655,0.3921
ga,1,int__tai50_15_09,1024,61.1299,0.7842
ga,1,int__tai50_15_09,2048,59.2090,1.7826
ga,1,int__tai50_15_09,4096,46.8738,3.6353
ga,1,int__tai50_15_09,8192,45.9699,6.6239
ga,1,int__tai50_15_09,16384,31.9774,12.0682
ga,1,int__tai50_15_09,32768,25.2166,22.9844
ga,1,int__tai50_15_09,65536,17.8908,46.6540
ga,1,int__tai50_15_09,131072,13.6347,88.4379
ga,1,int__tai50_15_09,262144,11.6949,169.3731
ga,1,int__tai50_15_09,524288,10.9605,325.3805
ga,1,int__tai50_15_09,1048576,8.7571,628.4738
ga,2,int__tai50_15_09,1,106.1770,0.1020
ga,2,int__tai50_15_09,2,98.3239,0.1020
ga,2,int__tai50_15_09,4,81.2241,0.1030
ga,2,int__tai50_15_09,8,61.9397,0.1070
ga,2,int__tai50_15_09,16,61.9397,0.1100
ga,2,int__tai50_15_09,32,61.9397,0.1160
ga,2,int__tai50_15_09,64,61.9397,0.1280
ga,2,int__tai50_15_09,128,61.9397,0.1580
ga,2,int__tai50_15_09,256,61.9397,0.2340
ga,2,int__tai50_15_09,512,61.9397,0.4291
ga,2,int__tai50_15_09,1024,57.4576,0.7932
ga,2,int__tai50_15_09,2048,57.4576,1.5888
ga,2,int__tai50_15_09,4096,57.4011,3.0417
ga,2,int__tai50_15_09,8192,49.3785,5.7398
ga,2,int__tai50_15_09,16384,39.0207,11.3870
ga,2,int__tai50_15_09,32768,26.4783,22.2412
ga,2,int__tai50_15_09,65536,17.2505,43.6637
ga,2,int__tai50_15_09,131072,13.6347,87.8812
ga,2,int__tai50_15_09,262144,12.4859,181.9325
ga,2,int__tai50_15_09,524288,12.2976,364.4720
ga,2,int__tai50_15_09,1048576,10.9040,699.1175
regla_bon,1,int__tai50_15_09,1,16.7420,0.0710
regla_bon,1,int__tai50_15_09,2,16.7420,0.1441
regla_bon,1,int__tai50_15_09,4,15.6685,0.2781
regla_bon,1,int__tai50_15_09,8,14.8399,0.5481
regla_bon,1,int__tai50_15_09,16,14.8399,1.0997
regla_bon,1,int__tai50_15_09,32,12.9755,2.1485
regla_bon,1,int__tai50_15_09,64,12.9755,4.1903
regla_bon,1,int__tai50_15_09,128,12.9755,8.1218
regla_bon,1,int__tai50_15_09,256,12.9755,15.8823
regla_bon,1,int__tai50_15_09,512,12.9755,31.3168
regla_bon,1,int__tai50_15_09,1024,12.9755,63.3958
regla_bon,1,int__tai50_15_09,2048,11.0923,130.4968
regla_bon,1,int__tai50_15_09,4096,11.0923,275.9919
regla_bon,1,int__tai50_15_09,8192,11.0923,565.9350
regla_bon,2,int__tai50_15_09,1,16.7420,0.0650
regla_bon,2,int__tai50_15_09,2,16.7420,0.1321
regla_bon,2,int__tai50_15_09,4,13.7288,0.2541
regla_bon,2,int__tai50_15_09,8,13.7288,0.4956
regla_bon,2,int__tai50_15_09,16,13.7288,1.0003
regla_bon,2,int__tai50_15_09,32,13.7288,2.1502
regla_bon,2,int__tai50_15_09,64,13.7288,4.3151
regla_bon,2,int__tai50_15_09,128,12.5612,8.7232
regla_bon,2,int__tai50_15_09,256,12.5612,17.1689
regla_bon,2,int__tai50_15_09,512,12.3917,36.7000
regla_bon,2,int__tai50_15_09,1024,12.3917,70.8780
regla_bon,2,int__tai50_15_09,2048,12.3917,139.3923
regla_bon,2,int__tai50_15_09,4096,11.7514,277.9801
regla_bon,2,int__tai50_15_09,8192,11.3371,560.0452
ga,1,int__tai50_15_10,1,90.7639,0.1091
ga,1,int__tai50_15_10,2,87.3669,0.1091
ga,1,int__tai50_15_10,4,87.3669,0.1101
ga,1,int__tai50_15_10,8,79.8568,0.1121
ga,1,int__tai50_15_10,16,79.8568,0.1151
ga,1,int__tai50_15_10,32,78.0206,0.1211
ga,1,int__tai50_15_10,64,69.6658,0.1331
ga,1,int__tai50_15_10,128,67.9765,0.1591
ga,1,int__tai50_15_10,256,64.4877,0.2291
ga,1,int__tai50_15_10,512,65.1855,0.4728
ga,1,int__tai50_15_10,1024,60.8336,0.9780
ga,1,int__tai50_15_10,2048,54.5171,1.7371
ga,1,int__tai50_15_10,4096,45.1891,3.3571
ga,1,int__tai50_15_10,8192,38.9827,6.9297
ga,1,int__tai50_15_10,16384,29.1774,13.5502
ga,1,int__tai50_15_10,32768,18.9497,23.1477
ga,1,int__tai50_15_10,65536,12.1006,45.1186
ga,1,int__tai50_15_10,131072,10.2277,89.3771
ga,1,int__tai50_15_10,262144,9.3830,169.7203
ga,1,int__tai50_15_10,524288,7.8039,328.5810
ga,1,int__tai50_15_10,1048576,6.8491,630.6166
ga,2,int__tai50_15_10,1,88.1014,0.1410
ga,2,int__tai50_15_10,2,88.5053,0.1410
ga,2,int__tai50_15_10,4,88.5053,0.1420
ga,2,int__tai50_15_10,8,78.4429,0.1440
ga,2,int__tai50_15_10,16,72.5303,0.1490
ga,2,int__tai50_15_10,32,72.5303,0.1570
ga,2,int__tai50_15_10,64,72.5303,0.1720
ga,2,int__tai50_15_10,128,67.4256,0.2050
ga,2,int__tai50_15_10,256,67.4256,0.2630
ga,2,int__tai50_15_10,512,65.2773,0.4500
ga,2,int__tai50_15_10,1024,62.7800,0.8461
ga,2,int__tai50_15_10,2048,55.0129,1.6814
ga,2,int__tai50_15_10,4096,51.9647,3.0568
ga,2,int__tai50_15_10,8192,40.9842,6.7503
ga,2,int__tai50_15_10,16384,30.4811,12.9192
ga,2,int__tai50_15_10,32768,17.9949,24.2091
ga,2,int__tai50_15_10,65536,11.8986,45.8392
ga,2,int__tai50_15_10,131072,10.0624,89.1680
ga,2,int__tai50_15_10,262144,8.9423,179.4443
ga,2,int__tai50_15_10,524288,7.8223,362.9164
ga,2,int__tai50_15_10,1048576,7.8223,699.4311
regla_bon,1,int__tai50_15_10,1,15.5343,0.0680
regla_bon,1,int__tai50_15_10,2,15.5343,0.1300
regla_bon,1,int__tai50_15_10,4,15.5343,0.2411
regla_bon,1,int__tai50_15_10,8,12.1190,0.4652
regla_bon,1,int__tai50_15_10,16,12.1190,0.9287
regla_bon,1,int__tai50_15_10,32,11.8068,1.8401
regla_bon,1,int__tai50_15_10,64,11.6967,3.6655
regla_bon,1,int__tai50_15_10,128,11.6967,7.6520
regla_bon,1,int__tai50_15_10,256,11.4763,15.1708
regla_bon,1,int__tai50_15_10,512,9.0158,30.1046
regla_bon,1,int__tai50_15_10,1024,9.0158,61.2649
regla_bon,1,int__tai50_15_10,2048,9.0158,123.4824
regla_bon,1,int__tai50_15_10,4096,9.0158,265.9307
regla_bon,1,int__tai50_15_10,8192,9.0158,550.3403
regla_bon,2,int__tai50_15_10,1,15.5343,0.0765
regla_bon,2,int__tai50_15_10,2,15.5343,0.1466
regla_bon,2,int__tai50_15_10,4,12.7249,0.2842
regla_bon,2,int__tai50_15_10,8,12.7249,0.5572
regla_bon,2,int__tai50_15_10,16,11.6599,1.0654
regla_bon,2,int__tai50_15_10,32,10.7786,2.0946
regla_bon,2,int__tai50_15_10,64,10.7786,4.2684
regla_bon,2,int__tai50_15_10,128,9.9155,8.3551
regla_bon,2,int__tai50_15_10,256,9.9155,16.6550
regla_bon,2,int__tai50_15_10,512,9.9155,33.4785
regla_bon,2,int__tai50_15_10,1024,8.6669,67.3956
regla_bon,2,int__tai50_15_10,2048,8.6669,137.2873
regla_bon,2,int__tai50_15_10,4096,8.6669,273.0304
regla_bon,2,int__tai50_15_10,8192,8.6669,550.3297
ga,1,int__tai50_20_01,1,107.3745,0.1286
ga,1,int__tai50_20_01,2,101.7782,0.1296
ga,1,int__tai50_20_01,4,82.2176,0.1306
ga,1,int__tai50_20_01,8,82.2176,0.1326
ga,1,int__tai50_20_01,16,82.2176,0.1366
ga,1,int__tai50_20_01,32,82.2176,0.1456
ga,1,int__tai50_20_01,64,81.3633,0.1646
ga,1,int__tai50_20_01,128,81.3633,0.1976
ga,1,int__tai50_20_01,256,81.3633,0.2701
ga,1,int__tai50_20_01,512,81.3633,0.4831
ga,1,int__tai50_20_01,1024,79.0098,0.9310
ga,1,int__tai50_20_01,2048,73.0126,1.7598
ga,1,int__tai50_20_01,4096,65.7950,3.6580
ga,1,int__tai50_20_01,8192,57.8278,7.2930
ga,1,int__tai50_20_01,16384,46.0948,14.4043
ga,1,int__tai50_20_01,32768,32.6011,28.6230
ga,1,int__tai50_20_01,65536,24.4770,58.2879
ga,1,int__tai50_20_01,131072,21.0600,119.9909
ga,1,int__tai50_20_01,262144,19.0202,238.0919
ga,1,int__tai50_20_01,524288,17.2245,476.7385
ga,1,int__tai50_20_01,1048576,14.8013,953.4101
ga,2,int__tai50_20_01,1,115.9693,0.1270
ga,2,int__tai50_20_01,2,108.6123,0.1270
ga,2,int__tai50_20_01,4,106.4156,0.1290
ga,2,int__tai50_20_01,8,100.1918,0.1310
ga,2,int__tai50_20_01,16,95.2929,0.1350
ga,2,int__tai50_20_01,32,95.5195,0.1460
ga,2,int__tai50_20_01,64,89.8536,0.1600
ga,2,int__tai50_20_01,128,89.8536,0.1950
ga,2,int__tai50_20_01,256,81.8166,0.2680
ga,2,int__tai50_20_01,512,81.9038,0.4870
ga,2,int__tai50_20_01,1024,74.7908,0.9191
ga,2,int__tai50_20_01,2048,68.0788,1.7694
ga,2,int__tai50_20_01,4096,66.0391,3.5967
ga,2,int__tai50_20_01,8192,56.1541,7.1475
ga,2,int__tai50_20_01,16384,45.1011,13.9566
ga,2,int__tai50_20_01,32768,31.8166,27.6175
ga,2,int__tai50_20_01,65536,21.5307,53.9161
ga,2,int__tai50_20_01,131072,17.2594,106.7597
ga,2,int__tai50_20_01,262144,15.2197,205.2031
ga,2,int__tai50_20_01,524288,13.3368,398.5956
ga,2,int__tai50_20_01,1048576,11.8898,789.6209
regla_bon,1,int__tai50_20_01,1,15.3766,0.0921
regla_bon,1,int__tai50_20_01,2,15.3766,0.2441
regla_bon,1,int__tai50_20_01,4,15.3766,0.4581
regla_bon,1,int__tai50_20_01,8,15.3766,0.7992
regla_bon,1,int__tai50_20_01,16,14.1911,1.5059
regla_bon,1,int__tai50_20_01,32,14.1911,2.8833
regla_bon,1,int__tai50_20_01,64,12.7441,5.8372
regla_bon,1,int__tai50_20_01,128,12.7441,11.6667
regla_bon,1,int__tai50_20_01,256,12.7615,23.4229
regla_bon,1,int__tai50_20_01,512,12.7615,46.6254
regla_bon,1,int__tai50_20_01,1024,12.7615,92.5643
regla_bon,1,int__tai50_20_01,2048,12.7615,185.5688
regla_bon,1,int__tai50_20_01,4096,12.5174,374.6163
regla_bon,1,int__tai50_20_01,8192,12.5174,758.2434
regla_bon,2,int__tai50_20_01,1,15.3766,0.0810
regla_bon,2,int__tai50_20_01,2,15.3766,0.1550
regla_bon,2,int__tai50_20_01,4,15.3766,0.3100
regla_bon,2,int__tai50_20_01,8,15.3766,0.6211
regla_bon,2,int__tai50_20_01,16,15.3766,1.2372
regla_bon,2,int__tai50_20_01,32,15.3766,2.4665
regla_bon,2,int__tai50_20_01,64,14.1911,4.9576
regla_bon,2,int__tai50_20_01,128,14.1911,10.0101
regla_bon,2,int__tai50_20_01,256,12.6569,19.9915
regla_bon,2,int__tai50_20_01,512,12.6569,39.9823
regla_bon,2,int__tai50_20_01,1024,12.6569,80.0850
regla_bon,2,int__tai50_20_01,2048,12.5872,160.6287
regla_bon,2,int__tai50_20_01,4096,12.0642,319.7985
regla_bon,2,int__tai50_20_01,8192,12.0642,640.0163
ga,1,int__tai50_20_02,1,118.6128,0.1546
ga,1,int__tai50_20_02,2,117.0094,0.1546
ga,1,int__tai50_20_02,4,109.5504,0.1556
ga,1,int__tai50_20_02,8,97.6473,0.1576
ga,1,int__tai50_20_02,16,97.6473,0.1621
ga,1,int__tai50_20_02,32,89.3168,0.1701
ga,1,int__tai50_20_02,64,90.9899,0.1871
ga,1,int__tai50_20_02,128,90.9899,0.2172
ga,1,int__tai50_20_02,256,84.0885,0.2922
ga,1,int__tai50_20_02,512,81.1258,0.5212
ga,1,int__tai50_20_02,1024,80.3764,0.9288
ga,1,int__tai50_20_02,2048,72.9871,1.7662
ga,1,int__tai50_20_02,4096,69.9895,3.6120
ga,1,int__tai50_20_02,8192,59.3587,7.2055
ga,1,int__tai50_20_02,16384,52.5444,14.2728
ga,1,int__tai50_20_02,32768,38.6894,28.5226
ga,1,int__tai50_20_02,65536,30.8121,57.2228
ga,1,int__tai50_20_02,131072,26.4726,118.7028
ga,1,int__tai50_20_02,262144,22.9697,237.3848
ga,1,int__tai50_20_02,524288,20.1115,475.6895
ga,1,int__tai50_20_02,1048576,17.7065,953.2901
ga,2,int__tai50_20_02,1,115.9812,0.1425
ga,2,int__tai50_20_02,2,115.9812,0.1435
ga,2,int__tai50_20_02,4,112.1297,0.1445
ga,2,int__tai50_20_02,8,107.0756,0.1465
ga,2,int__tai50_20_02,16,107.0756,0.1505
ga,2,int__tai50_20_02,32,97.5427,0.1605
ga,2,int__tai50_20_02,64,88.9160,0.1765
ga,2,int__tai50_20_02,128,88.9160,0.2115
ga,2,int__tai50_20_02,256,85.0471,0.2971
ga,2,int__tai50_20_02,512,83.1649,0.5161
ga,2,int__tai50_20_02,1024,80.3590,0.9664
ga,2,int__tai50_20_02,2048,67.8808,1.9088
ga,2,int__tai50_20_02,4096,67.8808,3.5994
ga,2,int__tai50_20_02,8192,58.9927,7.1473
ga,2,int__tai50_20_02,16384,52.6490,14.2559
ga,2,int__tai50_20_02,32768,34.5939,28.3498
ga,2,int__tai50_20_02,65536,24.4162,55.9223
ga,2,int__tai50_20_02,131072,20.7041,108.8168
ga,2,int__tai50_20_02,262144,17.5671,208.2918
ga,2,int__tai50_20_02,524288,15.5978,400.1176
ga,2,int__tai50_20_02,1048576,15.3015,792.0137
regla_bon,1,int__tai50_20_02,1,17.1837,0.0920
regla_bon,1,int__tai50_20_02,2,17.1837,0.1780
regla_bon,1,int__tai50_20_02,4,17.1837,0.3530
regla_bon,1,int__tai50_20_02,8,16.3297,0.7321
regla_bon,1,int__tai50_20_02,16,15.2492,1.4255
regla_bon,1,int__tai50_20_02,32,15.2492,2.9814
regla_bon,1,int__tai50_20_02,64,14.9181,5.8401
regla_bon,1,int__tai50_20_02,128,14.8658,11.4421
regla_bon,1,int__tai50_20_02,256,14.8658,22.9361
regla_bon,1,int__tai50_20_02,512,14.4998,46.0103
regla_bon,1,int__tai50_20_02,1024,13.2276,92.1408
regla_bon,1,int__tai50_20_02,2048,11.3628,184.3573
regla_bon,1,int__tai50_20_02,4096,11.3628,372.7449
regla_bon,1,int__tai50_20_02,8192,11.3628,754.1945
regla_bon,2,int__tai50_20_02,1,17.1837,0.0880
regla_bon,2,int__tai50_20_02,2,17.1837,0.1705
regla_bon,2,int__tai50_20_02,4,17.1837,0.3225
regla_bon,2,int__tai50_20_02,8,17.1837,0.6296
regla_bon,2,int__tai50_20_02,16,16.4517,1.2409
regla_bon,2,int__tai50_20_02,32,15.8940,2.4973
regla_bon,2,int__tai50_20_02,64,15.1098,4.9834
regla_bon,2,int__tai50_20_02,128,15.1098,9.9315
regla_bon,2,int__tai50_20_02,256,13.0359,19.8438
regla_bon,2,int__tai50_20_02,512,13.0359,39.5773
regla_bon,2,int__tai50_20_02,1024,13.0359,79.1337
regla_bon,2,int__tai50_20_02,2048,13.0359,158.9845
regla_bon,2,int__tai50_20_02,4096,13.0359,316.8626
regla_bon,2,int__tai50_20_02,8192,12.0774,634.5304
ga,1,int__tai50_20_03,1,103.8475,0.1355
ga,1,int__tai50_20_03,2,103.8475,0.1365
ga,1,int__tai50_20_03,4,97.0962,0.1375
ga,1,int__tai50_20_03,8,95.4991,0.1396
ga,1,int__tai50_20_03,16,95.4991,0.1456
ga,1,int__tai50_20_03,32,87.2232,0.1556
ga,1,int__tai50_20_03,64,87.2232,0.1736
ga,1,int__tai50_20_03,128,80.6171,0.2116
ga,1,int__tai50_20_03,256,80.6171,0.2816
ga,1,int__tai50_20_03,512,76.2250,0.4846
ga,1,int__tai50_20_03,1024,72.7768,0.8917
ga,1,int__tai50_20_03,2048,71.8512,1.8431
ga,1,int__tai50_20_03,4096,66.1525,3.5068
ga,1,int__tai50_20_03,8192,55.4265,6.9375
ga,1,int__tai50_20_03,16384,42.3049,13.8516
ga,1,int__tai50_20_03,32768,28.7477,27.5556
ga,1,int__tai50_20_03,65536,18.3485,55.2494
ga,1,int__tai50_20_03,131072,15.1361,113.1869
ga,1,int__tai50_20_03,262144,12.1597,225.6731
ga,1,int__tai50_20_03,524288,10.9256,451.8825
ga,1,int__tai50_20_03,1048576,8.9655,878.8548
ga,2,int__tai50_20_03,1,123.5209,0.1200
ga,2,int__tai50_20_03,2,101.6334,0.1210
ga,2,int__tai50_20_03,4,101.6334,0.1220
ga,2,int__tai50_20_03,8,91.8875,0.1240
ga,2,int__tai50_20_03,16,85.3358,0.1280
ga,2,int__tai50_20_03,32,85.3358,0.1370
ga,2,int__tai50_20_03,64,85.3358,0.1540
ga,2,int__tai50_20_03,128,85.3358,0.1820
ga,2,int__tai50_20_03,256,85.3358,0.2461
ga,2,int__tai50_20_03,512,79.7278,0.4331
ga,2,int__tai50_20_03,1024,75.9347,0.8113
ga,2,int__tai50_20_03,2048,72.2686,1.5524
ga,2,int__tai50_20_03,4096,64.3739,3.0283
ga,2,int__tai50_20_03,8192,56.6243,6.0170
ga,2,int__tai50_20_03,16384,45.4265,12.0143
ga,2,int__tai50_20_03,32768,30.4900,24.4877
ga,2,int__tai50_20_03,65536,22.6134,48.1900
ga,2,int__tai50_20_03,131072,17.3321,96.5442
ga,2,int__tai50_20_03,262144,14.1742,190.5928
ga,2,int__tai50_20_03,524288,12.3230,379.8500
ga,2,int__tai50_20_03,1048576,11.6697,755.5552
regla_bon,1,int__tai50_20_03,1,13.3757,0.0890
regla_bon,1,int__tai50_20_03,2,13.3757,0.1690
regla_bon,1,int__tai50_20_03,4,13.3757,0.3330
regla_bon,1,int__tai50_20_03,8,13.3757,0.6476
regla_bon,1,int__tai50_20_03,16,13.3757,1.2977
regla_bon,1,int__tai50_20_03,32,13.3757,2.6353
regla_bon,1,int__tai50_20_03,64,13.3757,5.1028
regla_bon,1,int__tai50_20_03,128,12.3412,9.8513
regla_bon,1,int__tai50_20_03,256,11.4519,19.5321
regla_bon,1,int__tai50_20_03,512,11.4519,38.9048
regla_bon,1,int__tai50_20_03,1024,11.3430,78.3504
regla_bon,1,int__tai50_20_03,2048,11.2160,162.1288
regla_bon,1,int__tai50_20_03,4096,10.5263,333.3296
regla_bon,1,int__tai50_20_03,8192,10.5263,652.3135
regla_bon,2,int__tai50_20_03,1,13.3757,0.0840
regla_bon,2,int__tai50_20_03,2,13.3757,0.1676
regla_bon,2,int__tai50_20_03,4,13.3757,0.3396
regla_bon,2,int__tai50_20_03,8,13.3757,0.6867
regla_bon,2,int__tai50_20_03,16,13.3757,1.3839
regla_bon,2,int__tai50_20_03,32,13.6842,2.7064
regla_bon,2,int__tai50_20_03,64,12.9038,5.2358
regla_bon,2,int__tai50_20_03,128,12.4864,10.1446
regla_bon,2,int__tai50_20_03,256,11.7967,19.9966
regla_bon,2,int__tai50_20_03,512,10.7441,39.6016
regla_bon,2,int__tai50_20_03,1024,10.7441,78.9467
regla_bon,2,int__tai50_20_03,2048,10.7441,158.2657
regla_bon,2,int__tai50_20_03,4096,11.3975,316.6782
regla_bon,2,int__tai50_20_03,8192,10.9437,636.5994
ga,1,int__tai50_20_04,1,99.2043,0.1387
ga,1,int__tai50_20_04,2,99.2043,0.1397
ga,1,int__tai50_20_04,4,99.2043,0.1407
ga,1,int__tai50_20_04,8,93.5233,0.1427
ga,1,int__tai50_20_04,16,93.5233,0.1457
ga,1,int__tai50_20_04,32,93.5233,0.1577
ga,1,int__tai50_20_04,64,84.5670,0.1757
ga,1,int__tai50_20_04,128,84.5670,0.2107
ga,1,int__tai50_20_04,256,84.5670,0.2877
ga,1,int__tai50_20_04,512,81.6432,0.5023
ga,1,int__tai50_20_04,1024,77.8868,0.9171
ga,1,int__tai50_20_04,2048,74.4264,1.7730
ga,1,int__tai50_20_04,4096,68.3753,3.4529
ga,1,int__tai50_20_04,8192,60.6218,6.9938
ga,1,int__tai50_20_04,16384,44.1525,14.0292
ga,1,int__tai50_20_04,32768,32.3279,28.2853
ga,1,int__tai50_20_04,65536,26.7765,56.7328
ga,1,int__tai50_20_04,131072,22.4833,113.7220
ga,1,int__tai50_20_04,262144,19.8187,230.6982
ga,1,int__tai50_20_04,524288,17.9497,463.0383
ga,1,int__tai50_20_04,1048576,16.2287,906.9992
ga,2,int__tai50_20_04,1,126.5914,0.1233
ga,2,int__tai50_20_04,2,125.2406,0.1243
ga,2,int__tai50_20_04,4,103.4419,0.1253
ga,2,int__tai50_20_04,8,99.2043,0.1263
ga,2,int__tai50_20_04,16,94.1525,0.1313
ga,2,int__tai50_20_04,32,92.8756,0.1393
ga,2,int__tai50_20_04,64,88.5455,0.1543
ga,2,int__tai50_20_04,128,85.4182,0.1907
ga,2,int__tai50_20_04,256,85.4182,0.2527
ga,2,int__tai50_20_04,512,85.0851,0.4352
ga,2,int__tai50_20_04,1024,75.2776,0.8038
ga,2,int__tai50_20_04,2048,70.7809,1.5750
ga,2,int__tai50_20_04,4096,70.6144,3.0940
ga,2,int__tai50_20_04,8192,55.5885,6.2317
ga,2,int__tai50_20_04,16384,45.7254,12.3863
ga,2,int__tai50_20_04,32768,30.8845,24.6332
ga,2,int__tai50_20_04,65536,18.8749,49.2938
ga,2,int__tai50_20_04,131072,16.2472,98.7504
ga,2,int__tai50_20_04,262144,14.5448,196.7927
ga,2,int__tai50_20_04,524288,14.4893,391.6858
ga,2,int__tai50_20_04,1048576,11.5840,778.8015
regla_bon,1,int__tai50_20_04,1,12.1577,0.0780
regla_bon,1,int__tai50_20_04,2,12.1577,0.1560
regla_bon,1,int__tai50_20_04,4,12.1577,0.3070
regla_bon,1,int__tai50_20_04,8,12.1577,0.5901
regla_bon,1,int__tai50_20_04,16,12.1577,1.1907
regla_bon,1,int__tai50_20_04,32,12.1577,2.3979
regla_bon,1,int__tai50_20_04,64,12.1577,4.7859
regla_bon,1,int__tai50_20_04,128,12.1577,9.5419
regla_bon,1,int__tai50_20_04,256,11.5655,20.0074
regla_bon,1,int__tai50_20_04,512,11.1214,39.4510
regla_bon,1,int__tai50_20_04,1024,11.1214,77.9047
regla_bon,1,int__tai50_20_04,2048,11.1214,159.6373
regla_bon,1,int__tai50_20_04,4096,10.4367,329.0066
regla_bon,1,int__tai50_20_04,8192,10.4182,645.5223
regla_bon,2,int__tai50_20_04,1,12.1577,0.0775
regla_bon,2,int__tai50_20_04,2,12.1577,0.1495
regla_bon,2,int__tai50_20_04,4,12.1577,0.3026
regla_bon,2,int__tai50_20_04,8,12.1577,0.6002
regla_bon,2,int__tai50_20_04,16,12.1577,1.2713
regla_bon,2,int__tai50_20_04,32,12.1577,2.6745
regla_bon,2,int__tai50_20_04,64,12.1577,5.3504
regla_bon,2,int__tai50_20_04,128,12.1577,10.5301
regla_bon,2,int__tai50_20_04,256,12.1577,20.1916
regla_bon,2,int__tai50_20_04,512,10.6403,39.6046
regla_bon,2,int__tai50_20_04,1024,10.6403,78.5111
regla_bon,2,int__tai50_20_04,2048,10.2147,156.5829
regla_bon,2,int__tai50_20_04,4096,10.2147,313.4900
regla_bon,2,int__tai50_20_04,8192,10.1962,630.9827
ga,1,int__tai50_20_05,1,114.3119,0.1325
ga,1,int__tai50_20_05,2,114.3119,0.1325
ga,1,int__tai50_20_05,4,109.8532,0.1335
ga,1,int__tai50_20_05,8,102.5872,0.1365
ga,1,int__tai50_20_05,16,83.5229,0.1395
ga,1,int__tai50_20_05,32,83.5229,0.1475
ga,1,int__tai50_20_05,64,83.5229,0.1661
ga,1,int__tai50_20_05,128,83.5229,0.2020
ga,1,int__tai50_20_05,256,83.5229,0.2751
ga,1,int__tai50_20_05,512,81.4312,0.5177
ga,1,int__tai50_20_05,1024,81.4312,0.9888
ga,1,int__tai50_20_05,2048,73.8349,1.9196
ga,1,int__tai50_20_05,4096,70.8991,3.7496
ga,1,int__tai50_20_05,8192,62.2385,7.2225
ga,1,int__tai50_20_05,16384,49.4862,14.4582
ga,1,int__tai50_20_05,32768,35.9450,28.3737
ga,1,int__tai50_20_05,65536,26.5688,55.8990
ga,1,int__tai50_20_05,131072,21.5780,109.6243
ga,1,int__tai50_20_05,262144,18.0917,209.1434
ga,1,int__tai50_20_05,524288,16.4037,399.5876
ga,1,int__tai50_20_05,1048576,14.5138,791.3702
ga,2,int__tai50_20_05,1,118.6972,0.1385
ga,2,int__tai50_20_05,2,118.6972,0.1395
ga,2,int__tai50_20_05,4,103.9450,0.1405
ga,2,int__tai50_20_05,8,103.6697,0.1425
ga,2,int__tai50_20_05,16,100.0734,0.1465
ga,2,int__tai50_20_05,32,96.8073,0.1555
ga,2,int__tai50_20_05,64,88.2936,0.1735
ga,2,int__tai50_20_05,128,86.3486,0.2085
ga,2,int__tai50_20_05,256,86.3486,0.2789
ga,2,int__tai50_20_05,512,86.3486,0.5019
ga,2,int__tai50_20_05,1024,84.5138,0.9506
ga,2,int__tai50_20_05,2048,80.0367,1.8098
ga,2,int__tai50_20_05,4096,67.9450,3.3923
ga,2,int__tai50_20_05,8192,62.8257,6.4416
ga,2,int__tai50_20_05,16384,47.0459,12.2142
ga,2,int__tai50_20_05,32768,30.1101,23.8796
ga,2,int__tai50_20_05,65536,22.5138,47.1511
ga,2,int__tai50_20_05,131072,18.8991,93.2818
ga,2,int__tai50_20_05,262144,16.5505,187.5220
ga,2,int__tai50_20_05,524288,14.8807,374.8585
ga,2,int__tai50_20_05,1048576,12.5688,753.0033
regla_bon,1,int__tai50_20_05,1,20.4954,0.0870
regla_bon,1,int__tai50_20_05,2,18.9541,0.1630
regla_bon,1,int__tai50_20_05,4,18.9541,0.3105
regla_bon,1,int__tai50_20_05,8,18.9541,0.6205
regla_bon,1,int__tai50_20_05,16,18.9541,1.2067
regla_bon,1,int__tai50_20_05,32,18.9541,2.4215
regla_bon,1,int__tai50_20_05,64,17.5596,4.8654
regla_bon,1,int__tai50_20_05,128,17.5596,9.7819
regla_bon,1,int__tai50_20_05,256,16.9725,19.5873
regla_bon,1,int__tai50_20_05,512,16.0183,39.2977
regla_bon,1,int__tai50_20_05,1024,16.2569,78.6856
regla_bon,1,int__tai50_20_05,2048,16.0000,158.1347
regla_bon,1,int__tai50_20_05,4096,16.0000,315.7397
regla_bon,1,int__tai50_20_05,8192,16.0000,631.0788
regla_bon,2,int__tai50_20_05,1,20.4954,0.0850
regla_bon,2,int__tai50_20_05,2,20.4954,0.1650
regla_bon,2,int__tai50_20_05,4,20.4954,0.3121
regla_bon,2,int__tai50_20_05,8,20.4954,0.6166
regla_bon,2,int__tai50_20_05,16,20.4954,1.2257
regla_bon,2,int__tai50_20_05,32,18.8807,2.4224
regla_bon,2,int__tai50_20_05,64,18.8807,4.8418
regla_bon,2,int__tai50_20_05,128,18.8807,9.7362
regla_bon,2,int__tai50_20_05,256,16.9725,19.5802
regla_bon,2,int__tai50_20_05,512,16.1651,39.1297
regla_bon,2,int__tai50_20_05,1024,16.1651,78.6905
regla_bon,2,int__tai50_20_05,2048,16.1651,159.2576
regla_bon,2,int__tai50_20_05,4096,15.8165,319.0325
regla_bon,2,int__tai50_20_05,8192,15.8165,632.3837
ga,1,int__tai50_20_06,1,104.1125,0.1390
ga,1,int__tai50_20_06,2,104.1125,0.1400
ga,1,int__tai50_20_06,4,95.2197,0.1410
ga,1,int__tai50_20_06,8,94.7803,0.1430
ga,1,int__tai50_20_06,16,94.7803,0.1480
ga,1,int__tai50_20_06,32,93.8313,0.1570
ga,1,int__tai50_20_06,64,88.9279,0.1750
ga,1,int__tai50_20_06,128,88.9279,0.2096
ga,1,int__tai50_20_06,256,83.6555,0.2856
ga,1,int__tai50_20_06,512,83.4446,0.6186
ga,1,int__tai50_20_06,1024,77.5923,1.1072
ga,1,int__tai50_20_06,2048,66.0633,1.9975
ga,1,int__tai50_20_06,4096,66.0633,3.9468
ga,1,int__tai50_20_06,8192,60.9842,8.2624
ga,1,int__tai50_20_06,16384,51.1072,16.4245
ga,1,int__tai50_20_06,32768,35.8875,30.9570
ga,1,int__tai50_20_06,65536,25.8699,58.8795
ga,1,int__tai50_20_06,131072,20.0176,114.5769
ga,1,int__tai50_20_06,262144,18.4007,217.3071
ga,1,int__tai50_20_06,524288,16.4675,407.8088
ga,1,int__tai50_20_06,1048576,14.3234,799.2849
ga,2,int__tai50_20_06,1,104.4288,0.1271
ga,2,int__tai50_20_06,2,104.4288,0.1271
ga,2,int__tai50_20_06,4,102.6362,0.1281
ga,2,int__tai50_20_06,8,94.6573,0.1311
ga,2,int__tai50_20_06,16,92.2671,0.1341
ga,2,int__tai50_20_06,32,86.7487,0.1412
ga,2,int__tai50_20_06,64,86.7487,0.1572
ga,2,int__tai50_20_06,128,82.3902,0.1902
ga,2,int__tai50_20_06,256,82.3902,0.2533
ga,2,int__tai50_20_06,512,76.7311,0.4372
ga,2,int__tai50_20_06,1024,73.9543,0.7998
ga,2,int__tai50_20_06,2048,72.0562,1.5188
ga,2,int__tai50_20_06,4096,68.4183,2.9801
ga,2,int__tai50_20_06,8192,60.1230,5.8941
ga,2,int__tai50_20_06,16384,47.5747,11.7270
ga,2,int__tai50_20_06,32768,30.5975,23.5692
ga,2,int__tai50_20_06,65536,20.7030,46.9030
ga,2,int__tai50_20_06,131072,16.7135,93.9955
ga,2,int__tai50_20_06,262144,15.2373,185.6243
ga,2,int__tai50_20_06,524288,13.9719,372.4739
ga,2,int__tai50_20_06,1048576,11.9332,748.5147
regla_bon,1,int__tai50_20_06,1,11.9332,0.0890
regla_bon,1,int__tai50_20_06,2,11.9332,0.1690
regla_bon,1,int__tai50_20_06,4,11.9332,0.3270
regla_bon,1,int__tai50_20_06,8,11.9332,0.6351
regla_bon,1,int__tai50_20_06,16,11.9332,1.2467
regla_bon,1,int__tai50_20_06,32,10.8436,2.5052
regla_bon,1,int__tai50_20_06,64,10.8436,4.9323
regla_bon,1,int__tai50_20_06,128,11.6696,9.8261
regla_bon,1,int__tai50_20_06,256,11.6696,19.5946
regla_bon,1,int__tai50_20_06,512,10.7381,39.4049
regla_bon,1,int__tai50_20_06,1024,11.2127,78.6686
regla_bon,1,int__tai50_20_06,2048,10.4218,157.8781
regla_bon,1,int__tai50_20_06,4096,10.4218,316.8580
regla_bon,1,int__tai50_20_06,8192,10.4218,632.5150
regla_bon,2,int__tai50_20_06,1,11.9332,0.0890
regla_bon,2,int__tai50_20_06,2,11.9332,0.1706
regla_bon,2,int__tai50_20_06,4,11.9332,0.3261
regla_bon,2,int__tai50_20_06,8,11.9332,0.6447
regla_bon,2,int__tai50_20_06,16,11.9332,1.2681
regla_bon,2,int__tai50_20_06,32,11.6169,2.5601
regla_bon,2,int__tai50_20_06,64,11.6169,5.2239
regla_bon,2,int__tai50_20_06,128,11.6169,10.5092
regla_bon,2,int__tai50_20_06,256,9.1388,20.6931
regla_bon,2,int__tai50_20_06,512,9.1388,40.4685
regla_bon,2,int__tai50_20_06,1024,9.1388,79.4593
regla_bon,2,int__tai50_20_06,2048,9.1388,159.1529
regla_bon,2,int__tai50_20_06,4096,9.1388,318.6074
regla_bon,2,int__tai50_20_06,8192,9.1388,636.0793
ga,1,int__tai50_20_07,1,102.6372,0.1260
ga,1,int__tai50_20_07,2,98.1593,0.1260
ga,1,int__tai50_20_07,4,98.1593,0.1270
ga,1,int__tai50_20_07,8,91.3274,0.1300
ga,1,int__tai50_20_07,16,91.3274,0.1330
ga,1,int__tai50_20_07,32,90.4779,0.1390
ga,1,int__tai50_20_07,64,90.4779,0.1550
ga,1,int__tai50_20_07,128,87.9292,0.1850
ga,1,int__tai50_20_07,256,84.5487,0.2490
ga,1,int__tai50_20_07,512,77.5398,0.4341
ga,1,int__tai50_20_07,1024,77.5398,0.7961
ga,1,int__tai50_20_07,2048,77.5398,1.5063
ga,1,int__tai50_20_07,4096,68.7080,2.9668
ga,1,int__tai50_20_07,8192,56.0531,5.8031
ga,1,int__tai50_20_07,16384,48.2832,11.6561
ga,1,int__tai50_20_07,32768,38.3894,23.1704
ga,1,int__tai50_20_07,65536,26.2124,46.2527
ga,1,int__tai50_20_07,131072,21.8938,92.6990
ga,1,int__tai50_20_07,262144,19.9469,187.0596
ga,1,int__tai50_20_07,524288,17.7345,375.4307
ga,1,int__tai50_20_07,1048576,17.2920,755.8892
ga,2,int__tai50_20_07,1,134.3363,0.1005
ga,2,int__tai50_20_07,2,113.5575,0.1005
ga,2,int__tai50_20_07,4,113.5575,0.1015
ga,2,int__tai50_20_07,8,110.7257,0.1025
ga,2,int__tai50_20_07,16,96.2301,0.1055
ga,2,int__tai50_20_07,32,90.4602,0.1115
ga,2,int__tai50_20_07,64,90.4602,0.1255
ga,2,int__tai50_20_07,128,85.4159,0.1565
ga,2,int__tai50_20_07,256,81.3097,0.2110
ga,2,int__tai50_20_07,512,81.3097,0.3750
ga,2,int__tai50_20_07,1024,78.9558,0.7056
ga,2,int__tai50_20_07,2048,78.7257,1.3238
ga,2,int__tai50_20_07,4096,66.8850,2.5876
ga,2,int__tai50_20_07,8192,59.0796,5.1124
ga,2,int__tai50_20_07,16384,47.3628,10.2545
ga,2,int__tai50_20_07,32768,29.6283,20.5129
ga,2,int__tai50_20_07,65536,22.7788,40.9866
ga,2,int__tai50_20_07,131072,19.2389,81.8523
ga,2,int__tai50_20_07,262144,17.0088,163.8350
ga,2,int__tai50_20_07,524288,14.6195,329.6390
ga,2,int__tai50_20_07,1048576,13.3451,660.5902
regla_bon,1,int__tai50_20_07,1,15.1858,0.0795
regla_bon,1,int__tai50_20_07,2,15.1858,0.1525
regla_bon,1,int__tai50_20_07,4,15.1858,0.3016
regla_bon,1,int__tai50_20_07,8,14.1062,0.5968
regla_bon,1,int__tai50_20_07,16,14.1062,1.1979
regla_bon,1,int__tai50_20_07,32,12.8319,2.4287
regla_bon,1,int__tai50_20_07,64,12.8319,4.8871
regla_bon,1,int__tai50_20_07,128,12.3540,9.8760
regla_bon,1,int__tai50_20_07,256,12.3540,19.5826
regla_bon,1,int__tai50_20_07,512,12.3540,39.2384
regla_bon,1,int__tai50_20_07,1024,12.3540,79.6913
regla_bon,1,int__tai50_20_07,2048,11.9823,159.2265
regla_bon,1,int__tai50_20_07,4096,11.8053,317.8178
regla_bon,1,int__tai50_20_07,8192,11.8053,626.6962
regla_bon,2,int__tai50_20_07,1,15.1858,0.0765
regla_bon,2,int__tai50_20_07,2,14.5841,0.1380
regla_bon,2,int__tai50_20_07,4,14.5841,0.2681
regla_bon,2,int__tai50_20_07,8,14.4779,0.5421
regla_bon,2,int__tai50_20_07,16,14.4779,1.0972
regla_bon,2,int__tai50_20_07,32,14.4779,2.1879
regla_bon,2,int__tai50_20_07,64,13.5398,4.3440
regla_bon,2,int__tai50_20_07,128,13.3451,8.5914
regla_bon,2,int__tai50_20_07,256,11.7699,17.3154
regla_bon,2,int__tai50_20_07,512,11.7699,34.7430
regla_bon,2,int__tai50_20_07,1024,11.9115,69.2721
regla_bon,2,int__tai50_20_07,2048,11.2212,138.4739
regla_bon,2,int__tai50_20_07,4096,11.2566,279.9301
regla_bon,2,int__tai50_20_07,8192,11.2566,558.6387
ga,1,int__tai50_20_08,1,116.1279,0.1150
ga,1,int__tai50_20_08,2,97.2162,0.1160
ga,1,int__tai50_20_08,4,97.2162,0.1160
ga,1,int__tai50_20_08,8,95.9591,0.1180
ga,1,int__tai50_20_08,16,90.3915,0.1216
ga,1,int__tai50_20_08,32,89.8707,0.1296
ga,1,int__tai50_20_08,64,87.0690,0.1476
ga,1,int__tai50_20_08,128,82.4353,0.1806
ga,1,int__tai50_20_08,256,82.4353,0.2456
ga,1,int__tai50_20_08,512,78.0891,0.4242
ga,1,int__tai50_20_08,1024,75.5747,0.7902
ga,1,int__tai50_20_08,2048,71.9468,1.5472
ga,1,int__tai50_20_08,4096,61.7098,3.0486
ga,1,int__tai50_20_08,8192,58.3333,5.9469
ga,1,int__tai50_20_08,16384,44.3966,11.8366
ga,1,int__tai50_20_08,32768,29.9030,23.5304
ga,1,int__tai50_20_08,65536,21.3901,46.7986
ga,1,int__tai50_20_08,131072,17.2234,93.2884
ga,1,int__tai50_20_08,262144,14.2062,187.6141
ga,1,int__tai50_20_08,524288,12.5180,375.9138
ga,1,int__tai50_20_08,1048576,11.6379,756.8182
ga,2,int__tai50_20_08,1,106.5374,0.1111
ga,2,int__tai50_20_08,2,106.5374,0.1111
ga,2,int__tai50_20_08,4,106.5374,0.1121
ga,2,int__tai50_20_08,8,106.5374,0.1141
ga,2,int__tai50_20_08,16,98.3477,0.1171
ga,2,int__tai50_20_08,32,83.6746,0.1241
ga,2,int__tai50_20_08,64,83.6746,0.1371
ga,2,int__tai50_20_08,128,76.4727,0.1681
ga,2,int__tai50_20_08,256,76.4727,0.2221
ga,2,int__tai50_20_08,512,76.4727,0.3781
ga,2,int__tai50_20_08,1024,76.4727,0.6976
ga,2,int__tai50_20_08,2048,71.5158,1.3259
ga,2,int__tai50_20_08,4096,68.4088,2.6065
ga,2,int__tai50_20_08,8192,58.4052,5.1527
ga,2,int__tai50_20_08,16384,48.4375,10.3180
ga,2,int__tai50_20_08,32768,30.9626,20.6853
ga,2,int__tai50_20_08,65536,22.7730,41.3119
ga,2,int__tai50_20_08,131072,19.8815,82.4798
ga,2,int__tai50_20_08,262144,16.0740,165.2280
ga,2,int__tai50_20_08,524288,12.7335,332.5031
ga,2,int__tai50_20_08,1048576,11.0453,667.1445
regla_bon,1,int__tai50_20_08,1,10.6322,0.0875
regla_bon,1,int__tai50_20_08,2,10.6322,0.1605
regla_bon,1,int__tai50_20_08,4,10.6322,0.2945
regla_bon,1,int__tai50_20_08,8,10.6322,0.6135
regla_bon,1,int__tai50_20_08,16,10.6322,1.2365
regla_bon,1,int__tai50_20_08,32,10.6322,2.4562
regla_bon,1,int__tai50_20_08,64,10.6322,4.9723
regla_bon,1,int__tai50_20_08,128,10.6322,9.9834
regla_bon,1,int__tai50_20_08,256,9.4289,20.0764
regla_bon,1,int__tai50_20_08,512,8.4591,40.1160
regla_bon,1,int__tai50_20_08,1024,8.4591,81.2179
regla_bon,1,int__tai50_20_08,2048,8.4052,162.6871
regla_bon,1,int__tai50_20_08,4096,8.4052,325.2362
regla_bon,1,int__tai50_20_08,8192,8.7284,642.4835
regla_bon,2,int__tai50_20_08,1,10.6322,0.0710
regla_bon,2,int__tai50_20_08,2,10.6322,0.1355
regla_bon,2,int__tai50_20_08,4,10.6322,0.2631
regla_bon,2,int__tai50_20_08,8,10.6322,0.5287
regla_bon,2,int__tai50_20_08,16,9.1056,1.0783
regla_bon,2,int__tai50_20_08,32,9.1056,2.2175
regla_bon,2,int__tai50_20_08,64,9.1056,4.3831
regla_bon,2,int__tai50_20_08,128,9.1056,8.7850
regla_bon,2,int__tai50_20_08,256,9.1774,17.7256
regla_bon,2,int__tai50_20_08,512,9.1774,35.4290
regla_bon,2,int__tai50_20_08,1024,9.1774,70.8966
regla_bon,2,int__tai50_20_08,2048,7.5611,142.2962
regla_bon,2,int__tai50_20_08,4096,7.5611,286.7772
regla_bon,2,int__tai50_20_08,8192,7.5611,570.9188
ga,1,int__tai50_20_09,1,100.5698,0.1135
ga,1,int__tai50_20_09,2,100.5698,0.1135
ga,1,int__tai50_20_09,4,91.5337,0.1155
ga,1,int__tai50_20_09,8,81.0811,0.1175
ga,1,int__tai50_20_09,16,81.0811,0.1205
ga,1,int__tai50_20_09,32,78.7854,0.1265
ga,1,int__tai50_20_09,64,73.5428,0.1405
ga,1,int__tai50_20_09,128,68.7724,0.1731
ga,1,int__tai50_20_09,256,68.7724,0.2371
ga,1,int__tai50_20_09,512,68.7724,0.4272
ga,1,int__tai50_20_09,1024,62.8297,0.8029
ga,1,int__tai50_20_09,2048,62.8297,1.5430
ga,1,int__tai50_20_09,4096,58.2221,2.9897
ga,1,int__tai50_20_09,8192,48.1276,5.9002
ga,1,int__tai50_20_09,16384,37.8053,11.8321
ga,1,int__tai50_20_09,32768,27.4829,24.6888
ga,1,int__tai50_20_09,65536,21.1006,48.2439
ga,1,int__tai50_20_09,131072,17.9420,95.8234
ga,1,int__tai50_20_09,262144,15.8092,191.2430
ga,1,int__tai50_20_09,524288,13.8717,381.7381
ga,1,int__tai50_20_09,1048576,12.9274,719.5286
ga,2,int__tai50_20_09,1,100.2279,0.1055
ga,2,int__tai50_20_09,2,100.2279,0.1065
ga,2,int__tai50_20_09,4,81.2765,0.1065
ga,2,int__tai50_20_09,8,81.7486,0.1085
ga,2,int__tai50_20_09,16,81.7486,0.1115
ga,2,int__tai50_20_09,32,77.6294,0.1175
ga,2,int__tai50_20_09,64,75.7408,0.1285
ga,2,int__tai50_20_09,128,68.5770,0.1515
ga,2,int__tai50_20_09,256,68.5770,0.2160
ga,2,int__tai50_20_09,512,68.5770,0.3855
ga,2,int__tai50_20_09,1024,63.2693,0.7106
ga,2,int__tai50_20_09,2048,63.2693,1.3392
ga,2,int__tai50_20_09,4096,60.7945,2.6375
ga,2,int__tai50_20_09,8192,51.8886,5.2528
ga,2,int__tai50_20_09,16384,36.8447,10.5452
ga,2,int__tai50_20_09,32768,24.9105,20.7629
ga,2,int__tai50_20_09,65536,18.4468,41.0863
ga,2,int__tai50_20_09,131072,16.6070,82.7411
ga,2,int__tai50_20_09,262144,13.7089,167.4401
ga,2,int__tai50_20_09,524288,12.5204,333.5097
ga,2,int__tai50_20_09,1048576,11.5109,648.7608
regla_bon,1,int__tai50_20_09,1,12.8785,0.0765
regla_bon,1,int__tai50_20_09,2,12.8785,0.1380
regla_bon,1,int__tai50_20_09,4,12.8297,0.2756
regla_bon,1,int__tai50_20_09,8,13.5786,0.5497
regla_bon,1,int__tai50_20_09,16,12.2110,1.0768
regla_bon,1,int__tai50_20_09,32,12.9274,2.1350
regla_bon,1,int__tai50_20_09,64,11.5760,4.2174
regla_bon,1,int__tai50_20_09,128,9.1338,8.5777
regla_bon,1,int__tai50_20_09,256,9.1338,17.2123
regla_bon,1,int__tai50_20_09,512,9.1338,34.9218
regla_bon,1,int__tai50_20_09,1024,9.1338,69.4403
regla_bon,1,int__tai50_20_09,2048,8.7431,138.6293
regla_bon,1,int__tai50_20_09,4096,8.7431,278.0903
regla_bon,1,int__tai50_20_09,8192,8.7431,555.1404
regla_bon,2,int__tai50_20_09,1,12.8785,0.0710
regla_bon,2,int__tai50_20_09,2,12.8785,0.1350
regla_bon,2,int__tai50_20_09,4,12.8785,0.2565
regla_bon,2,int__tai50_20_09,8,12.8785,0.4971
regla_bon,2,int__tai50_20_09,16,12.3087,0.9867
regla_bon,2,int__tai50_20_09,32,12.3087,1.9734
regla_bon,2,int__tai50_20_09,64,10.7945,3.9526
regla_bon,2,int__tai50_20_09,128,10.7945,8.0928
regla_bon,2,int__tai50_20_09,256,10.7945,16.0653
regla_bon,2,int__tai50_20_09,512,10.7457,31.9491
regla_bon,2,int__tai50_20_09,1024,10.1758,63.9603
regla_bon,2,int__tai50_20_09,2048,8.6780,129.3758
regla_bon,2,int__tai50_20_09,4096,9.8339,257.3599
regla_bon,2,int__tai50_20_09,8192,9.2966,511.9733
ga,1,int__tai50_20_10,1,104.8748,0.1110
ga,1,int__tai50_20_10,2,104.8748,0.1120
ga,1,int__tai50_20_10,4,102.1703,0.1130
ga,1,int__tai50_20_10,8,83.0050,0.1140
ga,1,int__tai50_20_10,16,83.0050,0.1180
ga,1,int__tai50_20_10,32,83.0050,0.1270
ga,1,int__tai50_20_10,64,83.0050,0.1440
ga,1,int__tai50_20_10,128,74.0568,0.1726
ga,1,int__tai50_20_10,256,74.0568,0.2326
ga,1,int__tai50_20_10,512,73.3055,0.4381
ga,1,int__tai50_20_10,1024,73.3055,0.8161
ga,1,int__tai50_20_10,2048,68.7813,1.6403
ga,1,int__tai50_20_10,4096,64.1569,3.1183
ga,1,int__tai50_20_10,8192,58.6978,6.1056
ga,1,int__tai50_20_10,16384,44.2404,11.9798
ga,1,int__tai50_20_10,32768,30.8681,23.7058
ga,1,int__tai50_20_10,65536,21.6861,48.3819
ga,1,int__tai50_20_10,131072,19.5159,95.3002
ga,1,int__tai50_20_10,262144,18.3973,191.6673
ga,1,int__tai50_20_10,524288,16.2604,382.7217
ga,1,int__tai50_20_10,1048576,14.5576,722.3484
ga,2,int__tai50_20_10,1,125.4090,0.1130
ga,2,int__tai50_20_10,2,93.9900,0.1140
ga,2,int__tai50_20_10,4,91.1185,0.1150
ga,2,int__tai50_20_10,8,91.1185,0.1170
ga,2,int__tai50_20_10,16,78.8147,0.1220
ga,2,int__tai50_20_10,32,78.8147,0.1296
ga,2,int__tai50_20_10,64,78.8147,0.1426
ga,2,int__tai50_20_10,128,67.2454,0.1716
ga,2,int__tai50_20_10,256,67.2454,0.2266
ga,2,int__tai50_20_10,512,67.2454,0.3946
ga,2,int__tai50_20_10,1024,67.2454,0.6956
ga,2,int__tai50_20_10,2048,66.4942,1.3528
ga,2,int__tai50_20_10,4096,57.0284,2.6490
ga,2,int__tai50_20_10,8192,51.1853,5.2077
ga,2,int__tai50_20_10,16384,44.1068,10.4036
ga,2,int__tai50_20_10,32768,26.8447,20.7405
ga,2,int__tai50_20_10,65536,24.0735,41.3531
ga,2,int__tai50_20_10,131072,20.9516,82.8163
ga,2,int__tai50_20_10,262144,18.3806,167.6686
ga,2,int__tai50_20_10,524288,16.6945,333.4739
ga,2,int__tai50_20_10,1048576,16.1937,649.4340
regla_bon,1,int__tai50_20_10,1,16.6945,0.0840
regla_bon,1,int__tai50_20_10,2,16.6945,0.1465
regla_bon,1,int__tai50_20_10,4,16.6945,0.2810
regla_bon,1,int__tai50_20_10,8,16.6945,0.5521
regla_bon,1,int__tai50_20_10,16,16.6945,1.0632
regla_bon,1,int__tai50_20_10,32,17.0618,2.1189
regla_bon,1,int__tai50_20_10,64,14.2070,4.2280
regla_bon,1,int__tai50_20_10,128,14.2070,8.4534
regla_bon,1,int__tai50_20_10,256,14.0067,16.9135
regla_bon,1,int__tai50_20_10,512,14.0067,34.2059
regla_bon,1,int__tai50_20_10,1024,14.0067,68.8311
regla_bon,1,int__tai50_20_10,2048,13.2721,137.2208
regla_bon,1,int__tai50_20_10,4096,12.8881,275.1653
regla_bon,1,int__tai50_20_10,8192,12.7713,549.9061
regla_bon,2,int__tai50_20_10,1,16.6945,0.0640
regla_bon,2,int__tai50_20_10,2,16.6945,0.1310
regla_bon,2,int__tai50_20_10,4,16.6945,0.2515
regla_bon,2,int__tai50_20_10,8,16.6945,0.4996
regla_bon,2,int__tai50_20_10,16,13.8063,1.0031
regla_bon,2,int__tai50_20_10,32,13.8063,1.9688
regla_bon,2,int__tai50_20_10,64,13.8063,3.9096
regla_bon,2,int__tai50_20_10,128,13.8063,7.7923
regla_bon,2,int__tai50_20_10,256,13.8063,15.6285
regla_bon,2,int__tai50_20_10,512,13.3890,31.5886
regla_bon,2,int__tai50_20_10,1024,13.3890,63.2412
regla_bon,2,int__tai50_20_10,2048,13.3890,127.8015
regla_bon,2,int__tai50_20_10,4096,13.1386,254.9529
regla_bon,2,int__tai50_20_10,8192,12.6043,509.6339
