metodo,semilla,instancia,presupuesto,re,segundos
azar,1,int__tai15_15_01,1,106.7425,0.0010
azar,1,int__tai15_15_01,2,78.4728,0.0010
azar,1,int__tai15_15_01,4,78.4728,0.0010
azar,1,int__tai15_15_01,8,78.4728,0.0020
azar,1,int__tai15_15_01,16,66.9374,0.0040
azar,1,int__tai15_15_01,32,66.9374,0.0080
azar,1,int__tai15_15_01,64,65.7189,0.0160
azar,1,int__tai15_15_01,128,62.7945,0.0300
azar,1,int__tai15_15_01,256,57.1893,0.0600
azar,1,int__tai15_15_01,512,56.9862,0.1170
azar,1,int__tai15_15_01,1024,52.8026,0.2210
azar,1,int__tai15_15_01,2048,52.8026,0.4381
azar,1,int__tai15_15_01,4096,54.5898,0.9092
azar,1,int__tai15_15_01,8192,49.7157,1.8124
azar,1,int__tai15_15_01,16384,49.7157,3.5934
azar,1,int__tai15_15_01,32768,47.3599,7.1362
azar,1,int__tai15_15_01,65536,45.2478,15.1715
azar,1,int__tai15_15_01,131072,45.2478,30.5949
azar,1,int__tai15_15_01,262144,40.0894,63.1670
azar,1,int__tai15_15_01,524288,40.0894,120.4062
azar,1,int__tai15_15_01,1048576,40.0894,238.3489
ga_sembrado,1,int__tai15_15_01,1,19.2526,0.0400
ga_sembrado,1,int__tai15_15_01,2,19.2526,0.0410
ga_sembrado,1,int__tai15_15_01,4,19.2526,0.0410
ga_sembrado,1,int__tai15_15_01,8,19.2526,0.0420
ga_sembrado,1,int__tai15_15_01,16,19.2526,0.0440
ga_sembrado,1,int__tai15_15_01,32,19.2526,0.0470
ga_sembrado,1,int__tai15_15_01,64,19.2526,0.0520
ga_sembrado,1,int__tai15_15_01,128,19.2526,0.0620
ga_sembrado,1,int__tai15_15_01,256,19.2526,0.0800
ga_sembrado,1,int__tai15_15_01,512,19.2526,0.1370
ga_sembrado,1,int__tai15_15_01,1024,19.2526,0.2417
ga_sembrado,1,int__tai15_15_01,2048,19.0496,0.4367
ga_sembrado,1,int__tai15_15_01,4096,18.3591,0.8377
ga_sembrado,1,int__tai15_15_01,8192,17.3436,1.6928
ga_sembrado,1,int__tai15_15_01,16384,13.5662,3.4325
ga_sembrado,1,int__tai15_15_01,32768,12.3477,6.5886
ga_sembrado,1,int__tai15_15_01,65536,12.3477,12.5601
ga_sembrado,1,int__tai15_15_01,131072,11.6978,24.8491
ga_sembrado,1,int__tai15_15_01,262144,11.3729,48.0491
ga_sembrado,1,int__tai15_15_01,524288,11.3729,93.9257
ga_sembrado,1,int__tai15_15_01,1048576,11.3729,187.9107
ga_sembrado,2,int__tai15_15_01,1,19.2526,0.0270
ga_sembrado,2,int__tai15_15_01,2,19.2526,0.0270
ga_sembrado,2,int__tai15_15_01,4,19.2526,0.0270
ga_sembrado,2,int__tai15_15_01,8,19.2526,0.0280
ga_sembrado,2,int__tai15_15_01,16,19.2526,0.0290
ga_sembrado,2,int__tai15_15_01,32,19.2526,0.0310
ga_sembrado,2,int__tai15_15_01,64,19.2526,0.0350
ga_sembrado,2,int__tai15_15_01,128,19.2526,0.0410
ga_sembrado,2,int__tai15_15_01,256,19.2526,0.0580
ga_sembrado,2,int__tai15_15_01,512,19.2526,0.1050
ga_sembrado,2,int__tai15_15_01,1024,19.2526,0.1990
ga_sembrado,2,int__tai15_15_01,2048,19.2526,0.3866
ga_sembrado,2,int__tai15_15_01,4096,17.1405,0.7532
ga_sembrado,2,int__tai15_15_01,8192,15.3940,1.5069
ga_sembrado,2,int__tai15_15_01,16384,13.6474,3.1317
ga_sembrado,2,int__tai15_15_01,32768,11.7384,6.5082
ga_sembrado,2,int__tai15_15_01,65536,11.6978,13.2141
ga_sembrado,2,int__tai15_15_01,131072,11.6978,26.1752
ga_sembrado,2,int__tai15_15_01,262144,11.3729,49.4453
ga_sembrado,2,int__tai15_15_01,524288,11.3729,93.1786
ga_sembrado,2,int__tai15_15_01,1048576,11.3729,181.8066
regla_bon,1,int__tai15_15_01,1,19.2526,0.0080
regla_bon,1,int__tai15_15_01,2,19.2526,0.0140
regla_bon,1,int__tai15_15_01,4,18.0341,0.0270
regla_bon,1,int__tai15_15_01,8,17.3030,0.0510
regla_bon,1,int__tai15_15_01,16,17.3030,0.0960
regla_bon,1,int__tai15_15_01,32,14.9066,0.2011
regla_bon,1,int__tai15_15_01,64,14.9472,0.4071
regla_bon,1,int__tai15_15_01,128,14.4192,0.8263
regla_bon,1,int__tai15_15_01,256,13.5662,1.6660
regla_bon,1,int__tai15_15_01,512,13.5662,3.3605
regla_bon,1,int__tai15_15_01,1024,12.5102,6.6890
regla_bon,1,int__tai15_15_01,2048,11.0479,13.4698
regla_bon,1,int__tai15_15_01,4096,11.7790,26.8418
regla_bon,1,int__tai15_15_01,8192,9.9919,53.8384
regla_bon,1,int__tai15_15_01,16384,10.9667,107.6245
regla_bon,1,int__tai15_15_01,24084,10.9667,160.0053
regla_bon,2,int__tai15_15_01,1,19.2526,0.0070
regla_bon,2,int__tai15_15_01,2,19.2526,0.0140
regla_bon,2,int__tai15_15_01,4,18.2372,0.0270
regla_bon,2,int__tai15_15_01,8,17.6686,0.0540
regla_bon,2,int__tai15_15_01,16,17.6686,0.1170
regla_bon,2,int__tai15_15_01,32,15.8408,0.2310
regla_bon,2,int__tai15_15_01,64,15.3128,0.4611
regla_bon,2,int__tai15_15_01,128,14.8660,0.8736
regla_bon,2,int__tai15_15_01,256,14.8660,1.7088
regla_bon,2,int__tai15_15_01,512,15.0284,3.4273
regla_bon,2,int__tai15_15_01,1024,12.3477,6.8209
regla_bon,2,int__tai15_15_01,2048,11.2510,13.6384
regla_bon,2,int__tai15_15_01,4096,11.2510,28.5158
regla_bon,2,int__tai15_15_01,8192,10.5605,56.1659
regla_bon,2,int__tai15_15_01,16384,10.6824,111.0759
regla_bon,2,int__tai15_15_01,23304,10.6824,160.0020
azar,1,int__tai15_15_02,1,102.9341,0.0000
azar,1,int__tai15_15_02,2,77.6929,0.0000
azar,1,int__tai15_15_02,4,72.6688,0.0000
azar,1,int__tai15_15_02,8,72.6688,0.0010
azar,1,int__tai15_15_02,16,72.6688,0.0030
azar,1,int__tai15_15_02,32,69.9357,0.0070
azar,1,int__tai15_15_02,64,67.9662,0.0140
azar,1,int__tai15_15_02,128,60.9325,0.0290
azar,1,int__tai15_15_02,256,55.4662,0.0560
azar,1,int__tai15_15_02,512,48.8344,0.1121
azar,1,int__tai15_15_02,1024,48.8344,0.2250
azar,1,int__tai15_15_02,2048,48.8344,0.4551
azar,1,int__tai15_15_02,4096,48.8344,0.8911
azar,1,int__tai15_15_02,8192,45.0563,1.7984
azar,1,int__tai15_15_02,16384,45.0563,3.6088
azar,1,int__tai15_15_02,32768,45.0563,7.2082
azar,1,int__tai15_15_02,65536,36.8167,15.1010
azar,1,int__tai15_15_02,131072,36.8167,30.3812
azar,1,int__tai15_15_02,262144,36.8167,62.5444
azar,1,int__tai15_15_02,524288,36.8167,119.6940
azar,1,int__tai15_15_02,1048576,36.8167,237.4103
ga_sembrado,1,int__tai15_15_02,1,14.1881,0.0440
ga_sembrado,1,int__tai15_15_02,2,14.1881,0.0440
ga_sembrado,1,int__tai15_15_02,4,14.1881,0.0440
ga_sembrado,1,int__tai15_15_02,8,14.1881,0.0450
ga_sembrado,1,int__tai15_15_02,16,14.1881,0.0480
ga_sembrado,1,int__tai15_15_02,32,14.1881,0.0500
ga_sembrado,1,int__tai15_15_02,64,14.1881,0.0570
ga_sembrado,1,int__tai15_15_02,128,14.1881,0.0690
ga_sembrado,1,int__tai15_15_02,256,14.1881,0.0880
ga_sembrado,1,int__tai15_15_02,512,14.1881,0.1520
ga_sembrado,1,int__tai15_15_02,1024,14.1881,0.2576
ga_sembrado,1,int__tai15_15_02,2048,14.1881,0.4577
ga_sembrado,1,int__tai15_15_02,4096,13.2235,0.8897
ga_sembrado,1,int__tai15_15_02,8192,8.6013,1.6908
ga_sembrado,1,int__tai15_15_02,16384,6.7524,3.3165
ga_sembrado,1,int__tai15_15_02,32768,5.2251,6.4416
ga_sembrado,1,int__tai15_15_02,65536,4.8633,12.3331
ga_sembrado,1,int__tai15_15_02,131072,4.8633,24.0816
ga_sembrado,1,int__tai15_15_02,262144,4.8633,47.4256
ga_sembrado,1,int__tai15_15_02,524288,4.8633,93.3961
ga_sembrado,1,int__tai15_15_02,1048576,4.8633,187.5476
ga_sembrado,2,int__tai15_15_02,1,14.1881,0.0260
ga_sembrado,2,int__tai15_15_02,2,14.1881,0.0260
ga_sembrado,2,int__tai15_15_02,4,14.1881,0.0260
ga_sembrado,2,int__tai15_15_02,8,14.1881,0.0270
ga_sembrado,2,int__tai15_15_02,16,14.1881,0.0280
ga_sembrado,2,int__tai15_15_02,32,14.1881,0.0300
ga_sembrado,2,int__tai15_15_02,64,14.1881,0.0345
ga_sembrado,2,int__tai15_15_02,128,14.1881,0.0435
ga_sembrado,2,int__tai15_15_02,256,14.1881,0.0606
ga_sembrado,2,int__tai15_15_02,512,14.1881,0.1086
ga_sembrado,2,int__tai15_15_02,1024,14.1881,0.2086
ga_sembrado,2,int__tai15_15_02,2048,14.1881,0.4176
ga_sembrado,2,int__tai15_15_02,4096,14.1881,0.9199
ga_sembrado,2,int__tai15_15_02,8192,11.0932,1.6976
ga_sembrado,2,int__tai15_15_02,16384,7.1141,3.2365
ga_sembrado,2,int__tai15_15_02,32768,8.0788,6.5973
ga_sembrado,2,int__tai15_15_02,65536,5.2251,13.2625
ga_sembrado,2,int__tai15_15_02,131072,4.8633,26.2310
ga_sembrado,2,int__tai15_15_02,262144,4.8633,49.6293
ga_sembrado,2,int__tai15_15_02,524288,4.8633,93.4368
ga_sembrado,2,int__tai15_15_02,1048576,4.8633,181.8859
regla_bon,1,int__tai15_15_02,1,14.1881,0.0080
regla_bon,1,int__tai15_15_02,2,11.4148,0.0140
regla_bon,1,int__tai15_15_02,4,11.4148,0.0270
regla_bon,1,int__tai15_15_02,8,11.4148,0.0510
regla_bon,1,int__tai15_15_02,16,11.4148,0.1010
regla_bon,1,int__tai15_15_02,32,10.0482,0.2030
regla_bon,1,int__tai15_15_02,64,8.5209,0.4035
regla_bon,1,int__tai15_15_02,128,8.5209,0.7986
regla_bon,1,int__tai15_15_02,256,8.5209,1.6168
regla_bon,1,int__tai15_15_02,512,8.5209,3.2428
regla_bon,1,int__tai15_15_02,1024,8.5209,6.5091
regla_bon,1,int__tai15_15_02,2048,8.8023,13.1122
regla_bon,1,int__tai15_15_02,4096,8.8023,26.1381
regla_bon,1,int__tai15_15_02,8192,8.8023,52.4692
regla_bon,1,int__tai15_15_02,16384,8.8023,105.0819
regla_bon,1,int__tai15_15_02,24686,6.6720,160.0021
regla_bon,2,int__tai15_15_02,1,14.1881,0.0070
regla_bon,2,int__tai15_15_02,2,14.1881,0.0140
regla_bon,2,int__tai15_15_02,4,13.3842,0.0280
regla_bon,2,int__tai15_15_02,8,13.3842,0.0540
regla_bon,2,int__tai15_15_02,16,13.3842,0.1000
regla_bon,2,int__tai15_15_02,32,10.9325,0.2030
regla_bon,2,int__tai15_15_02,64,10.9325,0.4106
regla_bon,2,int__tai15_15_02,128,8.3601,0.8267
regla_bon,2,int__tai15_15_02,256,8.3601,1.6867
regla_bon,2,int__tai15_15_02,512,8.3601,3.3725
regla_bon,2,int__tai15_15_02,1024,8.3601,6.6736
regla_bon,2,int__tai15_15_02,2048,8.3601,13.2702
regla_bon,2,int__tai15_15_02,4096,6.9132,28.1326
regla_bon,2,int__tai15_15_02,8192,6.9132,55.1438
regla_bon,2,int__tai15_15_02,16384,6.9132,108.8068
regla_bon,2,int__tai15_15_02,23811,6.9132,160.0063
azar,1,int__tai15_15_03,1,83.4154,0.0000
azar,1,int__tai15_15_03,2,66.7488,0.0000
azar,1,int__tai15_15_03,4,66.7488,0.0010
azar,1,int__tai15_15_03,8,66.7488,0.0020
azar,1,int__tai15_15_03,16,66.7488,0.0040
azar,1,int__tai15_15_03,32,63.4236,0.0070
azar,1,int__tai15_15_03,64,63.4236,0.0150
azar,1,int__tai15_15_03,128,51.8062,0.0290
azar,1,int__tai15_15_03,256,51.8062,0.0650
azar,1,int__tai15_15_03,512,51.8062,0.1300
azar,1,int__tai15_15_03,1024,51.8062,0.2475
azar,1,int__tai15_15_03,2048,51.8062,0.4831
azar,1,int__tai15_15_03,4096,50.0821,0.9541
azar,1,int__tai15_15_03,8192,50.0821,1.8594
azar,1,int__tai15_15_03,16384,44.3350,3.6339
azar,1,int__tai15_15_03,32768,44.3350,7.5955
azar,1,int__tai15_15_03,65536,44.3350,15.7388
azar,1,int__tai15_15_03,131072,41.3383,31.3231
azar,1,int__tai15_15_03,262144,39.4089,63.5416
azar,1,int__tai15_15_03,524288,39.4089,122.3007
azar,1,int__tai15_15_03,1048576,39.4089,240.2865
ga_sembrado,1,int__tai15_15_03,1,14.0805,0.0440
ga_sembrado,1,int__tai15_15_03,2,14.0805,0.0440
ga_sembrado,1,int__tai15_15_03,4,14.0805,0.0450
ga_sembrado,1,int__tai15_15_03,8,14.0805,0.0460
ga_sembrado,1,int__tai15_15_03,16,14.0805,0.0470
ga_sembrado,1,int__tai15_15_03,32,14.0805,0.0490
ga_sembrado,1,int__tai15_15_03,64,14.0805,0.0540
ga_sembrado,1,int__tai15_15_03,128,14.0805,0.0650
ga_sembrado,1,int__tai15_15_03,256,14.0805,0.0830
ga_sembrado,1,int__tai15_15_03,512,14.0805,0.1430
ga_sembrado,1,int__tai15_15_03,1024,14.0805,0.2496
ga_sembrado,1,int__tai15_15_03,2048,14.0805,0.4487
ga_sembrado,1,int__tai15_15_03,4096,13.3826,0.8677
ga_sembrado,1,int__tai15_15_03,8192,10.6732,1.7008
ga_sembrado,1,int__tai15_15_03,16384,9.5649,3.4825
ga_sembrado,1,int__tai15_15_03,32768,9.4417,6.6066
ga_sembrado,1,int__tai15_15_03,65536,9.1544,12.6521
ga_sembrado,1,int__tai15_15_03,131072,7.2250,24.6081
ga_sembrado,1,int__tai15_15_03,262144,7.1839,48.1201
ga_sembrado,1,int__tai15_15_03,524288,7.1839,94.7681
ga_sembrado,1,int__tai15_15_03,1048576,7.1018,189.5286
ga_sembrado,2,int__tai15_15_03,1,14.0805,0.0320
ga_sembrado,2,int__tai15_15_03,2,14.0805,0.0320
ga_sembrado,2,int__tai15_15_03,4,14.0805,0.0320
ga_sembrado,2,int__tai15_15_03,8,14.0805,0.0330
ga_sembrado,2,int__tai15_15_03,16,14.0805,0.0400
ga_sembrado,2,int__tai15_15_03,32,14.0805,0.0440
ga_sembrado,2,int__tai15_15_03,64,14.0805,0.0480
ga_sembrado,2,int__tai15_15_03,128,14.0805,0.0660
ga_sembrado,2,int__tai15_15_03,256,14.0805,0.0940
ga_sembrado,2,int__tai15_15_03,512,14.0805,0.1785
ga_sembrado,2,int__tai15_15_03,1024,14.0805,0.2991
ga_sembrado,2,int__tai15_15_03,2048,14.0805,0.4968
ga_sembrado,2,int__tai15_15_03,4096,14.0805,0.8879
ga_sembrado,2,int__tai15_15_03,8192,11.9048,1.7239
ga_sembrado,2,int__tai15_15_03,16384,10.3038,3.3225
ga_sembrado,2,int__tai15_15_03,32768,9.8933,6.6471
ga_sembrado,2,int__tai15_15_03,65536,9.1544,13.3872
ga_sembrado,2,int__tai15_15_03,131072,8.5386,26.4197
ga_sembrado,2,int__tai15_15_03,262144,8.5386,49.2698
ga_sembrado,2,int__tai15_15_03,524288,6.6092,93.6323
ga_sembrado,2,int__tai15_15_03,1048576,6.6092,183.4946
regla_bon,1,int__tai15_15_03,1,14.0805,0.0070
regla_bon,1,int__tai15_15_03,2,14.0805,0.0140
regla_bon,1,int__tai15_15_03,4,14.0805,0.0240
regla_bon,1,int__tai15_15_03,8,13.7931,0.0490
regla_bon,1,int__tai15_15_03,16,13.7931,0.0961
regla_bon,1,int__tai15_15_03,32,13.7931,0.2011
regla_bon,1,int__tai15_15_03,64,13.7931,0.4111
regla_bon,1,int__tai15_15_03,128,8.7849,0.8177
regla_bon,1,int__tai15_15_03,256,8.7849,1.6298
regla_bon,1,int__tai15_15_03,512,8.7849,3.2851
regla_bon,1,int__tai15_15_03,1024,8.7849,6.6289
regla_bon,1,int__tai15_15_03,2048,8.7849,13.1366
regla_bon,1,int__tai15_15_03,4096,8.9491,26.1826
regla_bon,1,int__tai15_15_03,8192,8.9491,52.4965
regla_bon,1,int__tai15_15_03,16384,8.3333,105.1761
regla_bon,1,int__tai15_15_03,24576,8.3333,160.0072
regla_bon,2,int__tai15_15_03,1,14.0805,0.0060
regla_bon,2,int__tai15_15_03,2,14.0805,0.0130
regla_bon,2,int__tai15_15_03,4,14.0805,0.0255
regla_bon,2,int__tai15_15_03,8,14.0805,0.0495
regla_bon,2,int__tai15_15_03,16,14.0805,0.1045
regla_bon,2,int__tai15_15_03,32,14.0805,0.2086
regla_bon,2,int__tai15_15_03,64,12.2332,0.4052
regla_bon,2,int__tai15_15_03,128,12.6437,0.8048
regla_bon,2,int__tai15_15_03,256,10.7553,1.6176
regla_bon,2,int__tai15_15_03,512,10.7553,3.2526
regla_bon,2,int__tai15_15_03,1024,9.4417,6.5472
regla_bon,2,int__tai15_15_03,2048,9.4417,13.1935
regla_bon,2,int__tai15_15_03,4096,8.8670,27.5981
regla_bon,2,int__tai15_15_03,8192,8.8670,54.4884
regla_bon,2,int__tai15_15_03,16384,8.8670,107.9817
regla_bon,2,int__tai15_15_03,23986,8.8670,160.0003
azar,1,int__tai15_15_04,1,93.7447,0.0000
azar,1,int__tai15_15_04,2,93.7447,0.0000
azar,1,int__tai15_15_04,4,92.9362,0.0000
azar,1,int__tai15_15_04,8,92.9362,0.0010
azar,1,int__tai15_15_04,16,83.9149,0.0030
azar,1,int__tai15_15_04,32,78.3404,0.0060
azar,1,int__tai15_15_04,64,75.1915,0.0120
azar,1,int__tai15_15_04,128,59.0213,0.0230
azar,1,int__tai15_15_04,256,59.0213,0.0490
azar,1,int__tai15_15_04,512,59.0213,0.1010
azar,1,int__tai15_15_04,1024,58.1277,0.2121
azar,1,int__tai15_15_04,2048,58.1277,0.4232
azar,1,int__tai15_15_04,4096,55.1489,0.8402
azar,1,int__tai15_15_04,8192,55.1489,1.7204
azar,1,int__tai15_15_04,16384,52.5106,3.5394
azar,1,int__tai15_15_04,32768,50.0000,7.0698
azar,1,int__tai15_15_04,65536,50.2553,14.9316
azar,1,int__tai15_15_04,131072,43.5319,30.1159
azar,1,int__tai15_15_04,262144,43.5319,62.6950
azar,1,int__tai15_15_04,524288,43.5319,120.0031
azar,1,int__tai15_15_04,1048576,41.4468,237.5244
ga_sembrado,1,int__tai15_15_04,1,13.0213,0.0500
ga_sembrado,1,int__tai15_15_04,2,13.0213,0.0500
ga_sembrado,1,int__tai15_15_04,4,13.0213,0.0500
ga_sembrado,1,int__tai15_15_04,8,13.0213,0.0510
ga_sembrado,1,int__tai15_15_04,16,13.0213,0.0520
ga_sembrado,1,int__tai15_15_04,32,13.0213,0.0540
ga_sembrado,1,int__tai15_15_04,64,13.0213,0.0590
ga_sembrado,1,int__tai15_15_04,128,13.0213,0.0720
ga_sembrado,1,int__tai15_15_04,256,13.0213,0.0910
ga_sembrado,1,int__tai15_15_04,512,13.0213,0.1450
ga_sembrado,1,int__tai15_15_04,1024,13.0213,0.2556
ga_sembrado,1,int__tai15_15_04,2048,13.0213,0.4417
ga_sembrado,1,int__tai15_15_04,4096,13.0213,0.8367
ga_sembrado,1,int__tai15_15_04,8192,12.6383,1.6663
ga_sembrado,1,int__tai15_15_04,16384,11.7021,3.3195
ga_sembrado,1,int__tai15_15_04,32768,9.8298,6.4666
ga_sembrado,1,int__tai15_15_04,65536,8.0851,12.3881
ga_sembrado,1,int__tai15_15_04,131072,7.2340,24.5181
ga_sembrado,1,int__tai15_15_04,262144,7.0638,47.8891
ga_sembrado,1,int__tai15_15_04,524288,4.6809,93.7877
ga_sembrado,1,int__tai15_15_04,1048576,4.6809,187.3015
ga_sembrado,2,int__tai15_15_04,1,13.0213,0.0226
ga_sembrado,2,int__tai15_15_04,2,13.0213,0.0226
ga_sembrado,2,int__tai15_15_04,4,13.0213,0.0236
ga_sembrado,2,int__tai15_15_04,8,13.0213,0.0236
ga_sembrado,2,int__tai15_15_04,16,13.0213,0.0246
ga_sembrado,2,int__tai15_15_04,32,13.0213,0.0266
ga_sembrado,2,int__tai15_15_04,64,13.0213,0.0306
ga_sembrado,2,int__tai15_15_04,128,13.0213,0.0396
ga_sembrado,2,int__tai15_15_04,256,13.0213,0.0566
ga_sembrado,2,int__tai15_15_04,512,13.0213,0.1071
ga_sembrado,2,int__tai15_15_04,1024,13.0213,0.2072
ga_sembrado,2,int__tai15_15_04,2048,13.0213,0.4073
ga_sembrado,2,int__tai15_15_04,4096,13.0213,0.9414
ga_sembrado,2,int__tai15_15_04,8192,11.9574,1.7522
ga_sembrado,2,int__tai15_15_04,16384,11.6170,3.3382
ga_sembrado,2,int__tai15_15_04,32768,9.8723,6.7769
ga_sembrado,2,int__tai15_15_04,65536,5.8723,13.4571
ga_sembrado,2,int__tai15_15_04,131072,5.0213,26.4621
ga_sembrado,2,int__tai15_15_04,262144,4.5957,49.8420
ga_sembrado,2,int__tai15_15_04,524288,4.5957,93.7124
ga_sembrado,2,int__tai15_15_04,1048576,4.5957,182.1386
regla_bon,1,int__tai15_15_04,1,13.0213,0.0080
regla_bon,1,int__tai15_15_04,2,13.0213,0.0140
regla_bon,1,int__tai15_15_04,4,13.0213,0.0270
regla_bon,1,int__tai15_15_04,8,13.0213,0.0530
regla_bon,1,int__tai15_15_04,16,13.0213,0.1010
regla_bon,1,int__tai15_15_04,32,13.0213,0.1960
regla_bon,1,int__tai15_15_04,64,13.0213,0.4026
regla_bon,1,int__tai15_15_04,128,13.0213,0.8096
regla_bon,1,int__tai15_15_04,256,12.0851,1.6138
regla_bon,1,int__tai15_15_04,512,12.0851,3.2203
regla_bon,1,int__tai15_15_04,1024,11.0638,6.4961
regla_bon,1,int__tai15_15_04,2048,9.6170,13.0957
regla_bon,1,int__tai15_15_04,4096,7.8298,26.0311
regla_bon,1,int__tai15_15_04,8192,7.8298,52.1981
regla_bon,1,int__tai15_15_04,16384,8.2979,104.3967
regla_bon,1,int__tai15_15_04,24862,8.1277,160.0045
regla_bon,2,int__tai15_15_04,1,13.0213,0.0080
regla_bon,2,int__tai15_15_04,2,13.0213,0.0140
regla_bon,2,int__tai15_15_04,4,13.0213,0.0270
regla_bon,2,int__tai15_15_04,8,13.0213,0.0520
regla_bon,2,int__tai15_15_04,16,13.0213,0.1010
regla_bon,2,int__tai15_15_04,32,13.0213,0.1995
regla_bon,2,int__tai15_15_04,64,13.0213,0.4011
regla_bon,2,int__tai15_15_04,128,11.3617,0.8097
regla_bon,2,int__tai15_15_04,256,11.3617,1.6937
regla_bon,2,int__tai15_15_04,512,11.3617,3.3495
regla_bon,2,int__tai15_15_04,1024,9.4894,6.6186
regla_bon,2,int__tai15_15_04,2048,9.4894,13.1432
regla_bon,2,int__tai15_15_04,4096,9.4894,27.4614
regla_bon,2,int__tai15_15_04,8192,9.4894,54.2164
regla_bon,2,int__tai15_15_04,16384,7.8723,107.6566
regla_bon,2,int__tai15_15_04,24027,7.8723,160.0008
azar,1,int__tai15_15_05,1,119.5261,0.0010
azar,1,int__tai15_15_05,2,95.4248,0.0010
azar,1,int__tai15_15_05,4,98.7745,0.0010
azar,1,int__tai15_15_05,8,86.1928,0.0020
azar,1,int__tai15_15_05,16,78.4722,0.0040
azar,1,int__tai15_15_05,32,69.2810,0.0080
azar,1,int__tai15_15_05,64,69.2810,0.0150
azar,1,int__tai15_15_05,128,64.3791,0.0270
azar,1,int__tai15_15_05,256,64.3791,0.0510
azar,1,int__tai15_15_05,512,61.1928,0.1086
azar,1,int__tai15_15_05,1024,59.3137,0.2171
azar,1,int__tai15_15_05,2048,55.3922,0.4362
azar,1,int__tai15_15_05,4096,53.8399,0.8722
azar,1,int__tai15_15_05,8192,51.4297,1.7644
azar,1,int__tai15_15_05,16384,43.9542,3.5684
azar,1,int__tai15_15_05,32768,41.7892,7.0738
azar,1,int__tai15_15_05,65536,41.7892,15.1251
azar,1,int__tai15_15_05,131072,41.7892,30.3672
azar,1,int__tai15_15_05,262144,41.7892,62.5940
azar,1,int__tai15_15_05,524288,41.7892,119.7201
azar,1,int__tai15_15_05,1048576,39.5016,237.0802
ga_sembrado,1,int__tai15_15_05,1,14.7059,0.0330
ga_sembrado,1,int__tai15_15_05,2,14.7059,0.0330
ga_sembrado,1,int__tai15_15_05,4,14.7059,0.0340
ga_sembrado,1,int__tai15_15_05,8,14.7059,0.0340
ga_sembrado,1,int__tai15_15_05,16,14.7059,0.0350
ga_sembrado,1,int__tai15_15_05,32,14.7059,0.0380
ga_sembrado,1,int__tai15_15_05,64,14.7059,0.0430
ga_sembrado,1,int__tai15_15_05,128,14.7059,0.0510
ga_sembrado,1,int__tai15_15_05,256,14.7059,0.0710
ga_sembrado,1,int__tai15_15_05,512,14.7059,0.1280
ga_sembrado,1,int__tai15_15_05,1024,14.7059,0.2316
ga_sembrado,1,int__tai15_15_05,2048,14.7059,0.4277
ga_sembrado,1,int__tai15_15_05,4096,12.5000,0.8457
ga_sembrado,1,int__tai15_15_05,8192,12.6634,1.6488
ga_sembrado,1,int__tai15_15_05,16384,9.8856,3.2985
ga_sembrado,1,int__tai15_15_05,32768,8.1699,6.4336
ga_sembrado,1,int__tai15_15_05,65536,7.6797,12.3251
ga_sembrado,1,int__tai15_15_05,131072,6.6993,24.0676
ga_sembrado,1,int__tai15_15_05,262144,5.8007,47.2546
ga_sembrado,1,int__tai15_15_05,524288,5.8007,93.1846
ga_sembrado,1,int__tai15_15_05,1048576,5.8007,187.2495
ga_sembrado,2,int__tai15_15_05,1,14.7059,0.0210
ga_sembrado,2,int__tai15_15_05,2,14.7059,0.0210
ga_sembrado,2,int__tai15_15_05,4,14.7059,0.0220
ga_sembrado,2,int__tai15_15_05,8,14.7059,0.0220
ga_sembrado,2,int__tai15_15_05,16,14.7059,0.0230
ga_sembrado,2,int__tai15_15_05,32,14.7059,0.0240
ga_sembrado,2,int__tai15_15_05,64,14.7059,0.0280
ga_sembrado,2,int__tai15_15_05,128,14.7059,0.0350
ga_sembrado,2,int__tai15_15_05,256,14.7059,0.0500
ga_sembrado,2,int__tai15_15_05,512,14.7059,0.0980
ga_sembrado,2,int__tai15_15_05,1024,14.7059,0.2125
ga_sembrado,2,int__tai15_15_05,2048,14.7059,0.4366
ga_sembrado,2,int__tai15_15_05,4096,14.7059,0.8449
ga_sembrado,2,int__tai15_15_05,8192,12.1732,1.7832
ga_sembrado,2,int__tai15_15_05,16384,9.5588,3.2676
ga_sembrado,2,int__tai15_15_05,32768,9.7222,6.8373
ga_sembrado,2,int__tai15_15_05,65536,9.1503,13.3790
ga_sembrado,2,int__tai15_15_05,131072,8.1699,26.4324
ga_sembrado,2,int__tai15_15_05,262144,6.6993,49.8980
ga_sembrado,2,int__tai15_15_05,524288,5.9641,93.6905
ga_sembrado,2,int__tai15_15_05,1048576,5.3922,181.9736
regla_bon,1,int__tai15_15_05,1,14.7059,0.0070
regla_bon,1,int__tai15_15_05,2,14.7059,0.0140
regla_bon,1,int__tai15_15_05,4,11.2337,0.0270
regla_bon,1,int__tai15_15_05,8,11.2337,0.0540
regla_bon,1,int__tai15_15_05,16,11.2337,0.1060
regla_bon,1,int__tai15_15_05,32,11.2337,0.2050
regla_bon,1,int__tai15_15_05,64,11.2337,0.4091
regla_bon,1,int__tai15_15_05,128,11.2337,0.7992
regla_bon,1,int__tai15_15_05,256,11.2337,1.6153
regla_bon,1,int__tai15_15_05,512,9.1912,3.2388
regla_bon,1,int__tai15_15_05,1024,9.7222,6.4922
regla_bon,1,int__tai15_15_05,2048,8.7827,13.0587
regla_bon,1,int__tai15_15_05,4096,7.9248,25.8882
regla_bon,1,int__tai15_15_05,8192,7.7614,51.9245
regla_bon,1,int__tai15_15_05,16384,8.0474,103.8918
regla_bon,1,int__tai15_15_05,24987,7.3529,160.0010
regla_bon,2,int__tai15_15_05,1,14.7059,0.0060
regla_bon,2,int__tai15_15_05,2,14.7059,0.0130
regla_bon,2,int__tai15_15_05,4,14.7059,0.0260
regla_bon,2,int__tai15_15_05,8,10.8660,0.0510
regla_bon,2,int__tai15_15_05,16,10.8660,0.1020
regla_bon,2,int__tai15_15_05,32,9.1912,0.1990
regla_bon,2,int__tai15_15_05,64,9.1912,0.3986
regla_bon,2,int__tai15_15_05,128,9.1912,0.8001
regla_bon,2,int__tai15_15_05,256,9.1912,1.6182
regla_bon,2,int__tai15_15_05,512,9.1912,3.2650
regla_bon,2,int__tai15_15_05,1024,8.7418,6.6286
regla_bon,2,int__tai15_15_05,2048,8.0065,13.1397
regla_bon,2,int__tai15_15_05,4096,8.2516,27.8860
regla_bon,2,int__tai15_15_05,8192,8.2516,54.6489
regla_bon,2,int__tai15_15_05,16384,7.2304,108.0486
regla_bon,2,int__tai15_15_05,23987,6.8219,160.0008
azar,1,int__tai15_15_06,1,112.5202,0.0000
azar,1,int__tai15_15_06,2,91.9628,0.0000
azar,1,int__tai15_15_06,4,91.9628,0.0010
azar,1,int__tai15_15_06,8,91.9628,0.0020
azar,1,int__tai15_15_06,16,72.0113,0.0040
azar,1,int__tai15_15_06,32,70.5977,0.0070
azar,1,int__tai15_15_06,64,66.3166,0.0140
azar,1,int__tai15_15_06,128,60.4604,0.0260
azar,1,int__tai15_15_06,256,60.4604,0.0540
azar,1,int__tai15_15_06,512,53.5945,0.1100
azar,1,int__tai15_15_06,1024,53.5945,0.2170
azar,1,int__tai15_15_06,2048,47.4960,0.4451
azar,1,int__tai15_15_06,4096,47.4960,0.9132
azar,1,int__tai15_15_06,8192,49.8384,1.8289
azar,1,int__tai15_15_06,16384,46.6074,3.6364
azar,1,int__tai15_15_06,32768,38.2068,7.2832
azar,1,int__tai15_15_06,65536,38.2068,15.3736
azar,1,int__tai15_15_06,131072,38.2068,30.6374
azar,1,int__tai15_15_06,262144,38.2068,63.1945
azar,1,int__tai15_15_06,524288,36.5509,120.7629
azar,1,int__tai15_15_06,1048576,36.5509,238.8696
ga_sembrado,1,int__tai15_15_06,1,13.7318,0.0350
ga_sembrado,1,int__tai15_15_06,2,13.7318,0.0350
ga_sembrado,1,int__tai15_15_06,4,13.7318,0.0350
ga_sembrado,1,int__tai15_15_06,8,13.7318,0.0360
ga_sembrado,1,int__tai15_15_06,16,13.7318,0.0370
ga_sembrado,1,int__tai15_15_06,32,13.7318,0.0390
ga_sembrado,1,int__tai15_15_06,64,13.7318,0.0450
ga_sembrado,1,int__tai15_15_06,128,13.7318,0.0540
ga_sembrado,1,int__tai15_15_06,256,13.7318,0.0760
ga_sembrado,1,int__tai15_15_06,512,13.7318,0.1330
ga_sembrado,1,int__tai15_15_06,1024,13.7318,0.2287
ga_sembrado,1,int__tai15_15_06,2048,13.7318,0.4337
ga_sembrado,1,int__tai15_15_06,4096,11.4297,0.8527
ga_sembrado,1,int__tai15_15_06,8192,10.6220,1.6668
ga_sembrado,1,int__tai15_15_06,16384,10.4604,3.4175
ga_sembrado,1,int__tai15_15_06,32768,10.0565,6.5556
ga_sembrado,1,int__tai15_15_06,65536,10.0565,12.5146
ga_sembrado,1,int__tai15_15_06,131072,10.0565,24.4821
ga_sembrado,1,int__tai15_15_06,262144,10.0565,47.8701
ga_sembrado,1,int__tai15_15_06,524288,10.0162,93.8227
ga_sembrado,1,int__tai15_15_06,1048576,7.8352,187.9307
ga_sembrado,2,int__tai15_15_06,1,13.7318,0.0255
ga_sembrado,2,int__tai15_15_06,2,13.7318,0.0255
ga_sembrado,2,int__tai15_15_06,4,13.7318,0.0265
ga_sembrado,2,int__tai15_15_06,8,13.7318,0.0265
ga_sembrado,2,int__tai15_15_06,16,13.7318,0.0275
ga_sembrado,2,int__tai15_15_06,32,13.7318,0.0295
ga_sembrado,2,int__tai15_15_06,64,13.7318,0.0340
ga_sembrado,2,int__tai15_15_06,128,13.7318,0.0410
ga_sembrado,2,int__tai15_15_06,256,13.7318,0.0560
ga_sembrado,2,int__tai15_15_06,512,13.7318,0.1010
ga_sembrado,2,int__tai15_15_06,1024,13.7318,0.1996
ga_sembrado,2,int__tai15_15_06,2048,13.7318,0.3801
ga_sembrado,2,int__tai15_15_06,4096,13.7318,0.7437
ga_sembrado,2,int__tai15_15_06,8192,12.6817,1.5955
ga_sembrado,2,int__tai15_15_06,16384,10.4604,3.5736
ga_sembrado,2,int__tai15_15_06,32768,10.0565,6.7008
ga_sembrado,2,int__tai15_15_06,65536,10.0162,13.3694
ga_sembrado,2,int__tai15_15_06,131072,10.0162,26.3705
ga_sembrado,2,int__tai15_15_06,262144,9.3700,49.6749
ga_sembrado,2,int__tai15_15_06,524288,6.3813,93.6259
ga_sembrado,2,int__tai15_15_06,1048576,6.3813,182.6417
regla_bon,1,int__tai15_15_06,1,13.7318,0.0080
regla_bon,1,int__tai15_15_06,2,12.3990,0.0130
regla_bon,1,int__tai15_15_06,4,12.3990,0.0260
regla_bon,1,int__tai15_15_06,8,12.3990,0.0510
regla_bon,1,int__tai15_15_06,16,10.5816,0.1000
regla_bon,1,int__tai15_15_06,32,10.5816,0.2036
regla_bon,1,int__tai15_15_06,64,8.4814,0.4056
regla_bon,1,int__tai15_15_06,128,8.4814,0.8207
regla_bon,1,int__tai15_15_06,256,8.4814,1.6434
regla_bon,1,int__tai15_15_06,512,7.7141,3.2839
regla_bon,1,int__tai15_15_06,1024,7.7141,6.5625
regla_bon,1,int__tai15_15_06,2048,7.7141,13.1087
regla_bon,1,int__tai15_15_06,4096,6.6236,26.1646
regla_bon,1,int__tai15_15_06,8192,6.6236,52.6552
regla_bon,1,int__tai15_15_06,16384,7.0679,105.2428
regla_bon,1,int__tai15_15_06,24591,7.3102,160.0002
regla_bon,2,int__tai15_15_06,1,13.7318,0.0060
regla_bon,2,int__tai15_15_06,2,13.7318,0.0130
regla_bon,2,int__tai15_15_06,4,13.7318,0.0250
regla_bon,2,int__tai15_15_06,8,12.6010,0.0520
regla_bon,2,int__tai15_15_06,16,12.8029,0.1060
regla_bon,2,int__tai15_15_06,32,12.8029,0.2065
regla_bon,2,int__tai15_15_06,64,9.6123,0.4246
regla_bon,2,int__tai15_15_06,128,7.7141,0.8642
regla_bon,2,int__tai15_15_06,256,7.7141,1.6833
regla_bon,2,int__tai15_15_06,512,7.7141,3.3706
regla_bon,2,int__tai15_15_06,1024,6.9467,6.6615
regla_bon,2,int__tai15_15_06,2048,6.9467,13.3410
regla_bon,2,int__tai15_15_06,4096,6.9467,28.3285
regla_bon,2,int__tai15_15_06,8192,6.9467,55.4059
regla_bon,2,int__tai15_15_06,16384,7.4313,109.2122
regla_bon,2,int__tai15_15_06,23767,7.4313,160.0042
azar,1,int__tai15_15_07,1,99.1035,0.0000
azar,1,int__tai15_15_07,2,83.6186,0.0000
azar,1,int__tai15_15_07,4,83.6186,0.0010
azar,1,int__tai15_15_07,8,83.6186,0.0020
azar,1,int__tai15_15_07,16,79.2991,0.0040
azar,1,int__tai15_15_07,32,79.2991,0.0070
azar,1,int__tai15_15_07,64,75.9576,0.0160
azar,1,int__tai15_15_07,128,64.3439,0.0310
azar,1,int__tai15_15_07,256,61.4914,0.0590
azar,1,int__tai15_15_07,512,60.8802,0.1190
azar,1,int__tai15_15_07,1024,55.5420,0.2360
azar,1,int__tai15_15_07,2048,52.8117,0.4560
azar,1,int__tai15_15_07,4096,52.8117,0.8996
azar,1,int__tai15_15_07,8192,52.8117,1.8097
azar,1,int__tai15_15_07,16384,44.4173,3.5172
azar,1,int__tai15_15_07,32768,44.4173,7.0289
azar,1,int__tai15_15_07,65536,44.4173,14.5546
azar,1,int__tai15_15_07,131072,43.8468,28.6887
azar,1,int__tai15_15_07,262144,43.8468,56.9773
azar,1,int__tai15_15_07,524288,42.3798,114.8942
azar,1,int__tai15_15_07,1048576,37.9788,228.5252
ga_sembrado,1,int__tai15_15_07,1,17.6854,0.0270
ga_sembrado,1,int__tai15_15_07,2,17.6854,0.0270
ga_sembrado,1,int__tai15_15_07,4,17.6854,0.0270
ga_sembrado,1,int__tai15_15_07,8,17.6854,0.0270
ga_sembrado,1,int__tai15_15_07,16,17.6854,0.0280
ga_sembrado,1,int__tai15_15_07,32,17.6854,0.0300
ga_sembrado,1,int__tai15_15_07,64,17.6854,0.0340
ga_sembrado,1,int__tai15_15_07,128,17.6854,0.0430
ga_sembrado,1,int__tai15_15_07,256,17.6854,0.0580
ga_sembrado,1,int__tai15_15_07,512,17.6854,0.0990
ga_sembrado,1,int__tai15_15_07,1024,17.6854,0.2016
ga_sembrado,1,int__tai15_15_07,2048,17.6854,0.4127
ga_sembrado,1,int__tai15_15_07,4096,17.3594,0.7472
ga_sembrado,1,int__tai15_15_07,8192,14.3032,1.4259
ga_sembrado,1,int__tai15_15_07,16384,11.5322,2.8148
ga_sembrado,1,int__tai15_15_07,32768,12.0619,5.6028
ga_sembrado,1,int__tai15_15_07,65536,8.5982,11.0656
ga_sembrado,1,int__tai15_15_07,131072,8.5982,21.9610
ga_sembrado,1,int__tai15_15_07,262144,8.2722,43.7708
ga_sembrado,1,int__tai15_15_07,524288,8.2722,87.2995
ga_sembrado,1,int__tai15_15_07,1048576,8.2722,177.9478
ga_sembrado,2,int__tai15_15_07,1,17.6854,0.0200
ga_sembrado,2,int__tai15_15_07,2,17.6854,0.0200
ga_sembrado,2,int__tai15_15_07,4,17.6854,0.0210
ga_sembrado,2,int__tai15_15_07,8,17.6854,0.0210
ga_sembrado,2,int__tai15_15_07,16,17.6854,0.0220
ga_sembrado,2,int__tai15_15_07,32,17.6854,0.0240
ga_sembrado,2,int__tai15_15_07,64,17.6854,0.0270
ga_sembrado,2,int__tai15_15_07,128,17.6854,0.0340
ga_sembrado,2,int__tai15_15_07,256,17.6854,0.0480
ga_sembrado,2,int__tai15_15_07,512,17.6854,0.0965
ga_sembrado,2,int__tai15_15_07,1024,17.6854,0.1871
ga_sembrado,2,int__tai15_15_07,2048,17.6854,0.3491
ga_sembrado,2,int__tai15_15_07,4096,17.6854,0.6880
ga_sembrado,2,int__tai15_15_07,8192,12.1842,1.3647
ga_sembrado,2,int__tai15_15_07,16384,11.5322,2.7694
ga_sembrado,2,int__tai15_15_07,32768,11.5322,5.5762
ga_sembrado,2,int__tai15_15_07,65536,11.2469,11.0758
ga_sembrado,2,int__tai15_15_07,131072,9.2502,23.4374
ga_sembrado,2,int__tai15_15_07,262144,7.5795,46.7076
ga_sembrado,2,int__tai15_15_07,524288,7.5795,90.9347
ga_sembrado,2,int__tai15_15_07,1048576,7.5795,179.0195
regla_bon,1,int__tai15_15_07,1,17.6854,0.0080
regla_bon,1,int__tai15_15_07,2,17.6854,0.0150
regla_bon,1,int__tai15_15_07,4,17.6854,0.0260
regla_bon,1,int__tai15_15_07,8,14.6292,0.0515
regla_bon,1,int__tai15_15_07,16,14.6292,0.1035
regla_bon,1,int__tai15_15_07,32,11.7359,0.2046
regla_bon,1,int__tai15_15_07,64,11.7359,0.4146
regla_bon,1,int__tai15_15_07,128,10.9209,0.8429
regla_bon,1,int__tai15_15_07,256,10.9209,1.7670
regla_bon,1,int__tai15_15_07,512,10.2689,3.4426
regla_bon,1,int__tai15_15_07,1024,10.0244,6.8671
regla_bon,1,int__tai15_15_07,2048,10.0244,13.8589
regla_bon,1,int__tai15_15_07,4096,8.7612,28.2564
regla_bon,1,int__tai15_15_07,8192,8.5167,56.9584
regla_bon,1,int__tai15_15_07,16384,9.4540,118.8306
regla_bon,1,int__tai15_15_07,22018,9.4540,160.0006
regla_bon,2,int__tai15_15_07,1,17.6854,0.0070
regla_bon,2,int__tai15_15_07,2,17.6854,0.0120
regla_bon,2,int__tai15_15_07,4,17.4409,0.0240
regla_bon,2,int__tai15_15_07,8,11.4507,0.0510
regla_bon,2,int__tai15_15_07,16,11.4507,0.0985
regla_bon,2,int__tai15_15_07,32,11.4507,0.2000
regla_bon,2,int__tai15_15_07,64,11.4507,0.4076
regla_bon,2,int__tai15_15_07,128,11.4507,0.8277
regla_bon,2,int__tai15_15_07,256,9.4947,1.6553
regla_bon,2,int__tai15_15_07,512,12.1434,3.3123
regla_bon,2,int__tai15_15_07,1024,12.1434,6.6425
regla_bon,2,int__tai15_15_07,2048,8.6390,13.3437
regla_bon,2,int__tai15_15_07,4096,8.9242,26.8748
regla_bon,2,int__tai15_15_07,8192,6.4385,54.0663
regla_bon,2,int__tai15_15_07,16384,6.4385,108.9114
regla_bon,2,int__tai15_15_07,23706,6.4385,160.0026
azar,1,int__tai15_15_08,1,118.7757,0.0000
azar,1,int__tai15_15_08,2,100.5341,0.0000
azar,1,int__tai15_15_08,4,100.5341,0.0010
azar,1,int__tai15_15_08,8,100.5341,0.0020
azar,1,int__tai15_15_08,16,76.0066,0.0040
azar,1,int__tai15_15_08,32,76.0066,0.0070
azar,1,int__tai15_15_08,64,71.4462,0.0130
azar,1,int__tai15_15_08,128,67.6253,0.0240
azar,1,int__tai15_15_08,256,63.6401,0.0520
azar,1,int__tai15_15_08,512,59.8603,0.1060
azar,1,int__tai15_15_08,1024,56.0394,0.2120
azar,1,int__tai15_15_08,2048,56.3681,0.4305
azar,1,int__tai15_15_08,4096,56.3681,0.8537
azar,1,int__tai15_15_08,8192,56.3681,1.7132
azar,1,int__tai15_15_08,16384,51.5612,3.4969
azar,1,int__tai15_15_08,32768,51.5612,6.9338
azar,1,int__tai15_15_08,65536,46.9597,14.5120
azar,1,int__tai15_15_08,131072,46.9597,28.5234
azar,1,int__tai15_15_08,262144,46.9597,56.6925
azar,1,int__tai15_15_08,524288,44.8644,114.0688
azar,1,int__tai15_15_08,1048576,44.8644,227.2949
ga_sembrado,1,int__tai15_15_08,1,14.8316,0.0235
ga_sembrado,1,int__tai15_15_08,2,14.8316,0.0235
ga_sembrado,1,int__tai15_15_08,4,14.8316,0.0235
ga_sembrado,1,int__tai15_15_08,8,14.8316,0.0245
ga_sembrado,1,int__tai15_15_08,16,14.8316,0.0245
ga_sembrado,1,int__tai15_15_08,32,14.8316,0.0265
ga_sembrado,1,int__tai15_15_08,64,14.8316,0.0305
ga_sembrado,1,int__tai15_15_08,128,14.8316,0.0385
ga_sembrado,1,int__tai15_15_08,256,14.8316,0.0525
ga_sembrado,1,int__tai15_15_08,512,14.8316,0.0925
ga_sembrado,1,int__tai15_15_08,1024,14.8316,0.1815
ga_sembrado,1,int__tai15_15_08,2048,14.8316,0.3620
ga_sembrado,1,int__tai15_15_08,4096,13.3936,0.6971
ga_sembrado,1,int__tai15_15_08,8192,12.8595,1.4410
ga_sembrado,1,int__tai15_15_08,16384,12.7773,2.8778
ga_sembrado,1,int__tai15_15_08,32768,11.4215,5.6024
ga_sembrado,1,int__tai15_15_08,65536,11.1339,11.0861
ga_sembrado,1,int__tai15_15_08,131072,9.5727,22.0417
ga_sembrado,1,int__tai15_15_08,262144,8.9154,43.7514
ga_sembrado,1,int__tai15_15_08,524288,8.9154,87.1591
ga_sembrado,1,int__tai15_15_08,1048576,8.9154,177.5570
ga_sembrado,2,int__tai15_15_08,1,14.8316,0.0190
ga_sembrado,2,int__tai15_15_08,2,14.8316,0.0190
ga_sembrado,2,int__tai15_15_08,4,14.8316,0.0190
ga_sembrado,2,int__tai15_15_08,8,14.8316,0.0190
ga_sembrado,2,int__tai15_15_08,16,14.8316,0.0200
ga_sembrado,2,int__tai15_15_08,32,14.8316,0.0220
ga_sembrado,2,int__tai15_15_08,64,14.8316,0.0250
ga_sembrado,2,int__tai15_15_08,128,14.8316,0.0320
ga_sembrado,2,int__tai15_15_08,256,14.8316,0.0460
ga_sembrado,2,int__tai15_15_08,512,14.8316,0.0850
ga_sembrado,2,int__tai15_15_08,1024,14.8316,0.1760
ga_sembrado,2,int__tai15_15_08,2048,14.8316,0.3507
ga_sembrado,2,int__tai15_15_08,4096,14.9548,0.7237
ga_sembrado,2,int__tai15_15_08,8192,13.6401,1.4248
ga_sembrado,2,int__tai15_15_08,16384,12.3665,2.8084
ga_sembrado,2,int__tai15_15_08,32768,10.1068,5.5714
ga_sembrado,2,int__tai15_15_08,65536,8.9975,11.1176
ga_sembrado,2,int__tai15_15_08,131072,8.9154,23.2281
ga_sembrado,2,int__tai15_15_08,262144,8.6278,46.4860
ga_sembrado,2,int__tai15_15_08,524288,8.6278,90.8058
ga_sembrado,2,int__tai15_15_08,1048576,8.4224,178.9798
regla_bon,1,int__tai15_15_08,1,14.8316,0.0080
regla_bon,1,int__tai15_15_08,2,13.9688,0.0140
regla_bon,1,int__tai15_15_08,4,13.9688,0.0270
regla_bon,1,int__tai15_15_08,8,13.9688,0.0530
regla_bon,1,int__tai15_15_08,16,13.9688,0.1060
regla_bon,1,int__tai15_15_08,32,13.9688,0.2120
regla_bon,1,int__tai15_15_08,64,12.2021,0.4245
regla_bon,1,int__tai15_15_08,128,11.7502,0.8221
regla_bon,1,int__tai15_15_08,256,12.0378,1.6531
regla_bon,1,int__tai15_15_08,512,12.0378,3.2691
regla_bon,1,int__tai15_15_08,1024,11.1750,6.6832
regla_bon,1,int__tai15_15_08,2048,11.0518,13.5727
regla_bon,1,int__tai15_15_08,4096,10.6409,26.8119
regla_bon,1,int__tai15_15_08,8192,10.1068,55.4708
regla_bon,1,int__tai15_15_08,16384,10.6409,116.5388
regla_bon,1,int__tai15_15_08,22392,8.8332,160.0011
regla_bon,2,int__tai15_15_08,1,14.8316,0.0086
regla_bon,2,int__tai15_15_08,2,14.8316,0.0156
regla_bon,2,int__tai15_15_08,4,14.8316,0.0291
regla_bon,2,int__tai15_15_08,8,14.8316,0.0546
regla_bon,2,int__tai15_15_08,16,12.6952,0.1066
regla_bon,2,int__tai15_15_08,32,11.5859,0.2071
regla_bon,2,int__tai15_15_08,64,11.5859,0.4072
regla_bon,2,int__tai15_15_08,128,11.5859,0.8083
regla_bon,2,int__tai15_15_08,256,11.7502,1.6054
regla_bon,2,int__tai15_15_08,512,11.7502,3.2457
regla_bon,2,int__tai15_15_08,1024,10.3533,6.5285
regla_bon,2,int__tai15_15_08,2048,10.0657,13.0573
regla_bon,2,int__tai15_15_08,4096,10.0657,26.2971
regla_bon,2,int__tai15_15_08,8192,10.1068,52.7276
regla_bon,2,int__tai15_15_08,16384,10.1068,106.4597
regla_bon,2,int__tai15_15_08,24256,10.1068,160.0035
azar,1,int__tai15_15_09,1,106.0832,0.0000
azar,1,int__tai15_15_09,2,106.0832,0.0000
azar,1,int__tai15_15_09,4,78.9639,0.0000
azar,1,int__tai15_15_09,8,78.9639,0.0010
azar,1,int__tai15_15_09,16,68.6421,0.0030
azar,1,int__tai15_15_09,32,52.2763,0.0070
azar,1,int__tai15_15_09,64,52.2763,0.0150
azar,1,int__tai15_15_09,128,52.2763,0.0350
azar,1,int__tai15_15_09,256,52.2763,0.0650
azar,1,int__tai15_15_09,512,52.2763,0.1450
azar,1,int__tai15_15_09,1024,52.2763,0.3400
azar,1,int__tai15_15_09,2048,52.2763,0.5876
azar,1,int__tai15_15_09,4096,52.2763,1.0351
azar,1,int__tai15_15_09,8192,52.1978,1.9613
azar,1,int__tai15_15_09,16384,49.6075,3.7654
azar,1,int__tai15_15_09,32768,45.2119,7.2670
azar,1,int__tai15_15_09,65536,45.2119,14.4507
azar,1,int__tai15_15_09,131072,46.1538,28.3992
azar,1,int__tai15_15_09,262144,44.2700,57.1605
azar,1,int__tai15_15_09,524288,43.6028,115.1019
azar,1,int__tai15_15_09,1048576,43.6028,229.8258
ga_sembrado,1,int__tai15_15_09,1,19.9765,0.0280
ga_sembrado,1,int__tai15_15_09,2,19.9765,0.0280
ga_sembrado,1,int__tai15_15_09,4,19.9765,0.0280
ga_sembrado,1,int__tai15_15_09,8,19.9765,0.0290
ga_sembrado,1,int__tai15_15_09,16,19.9765,0.0300
ga_sembrado,1,int__tai15_15_09,32,19.9765,0.0320
ga_sembrado,1,int__tai15_15_09,64,19.9765,0.0360
ga_sembrado,1,int__tai15_15_09,128,19.9765,0.0450
ga_sembrado,1,int__tai15_15_09,256,19.9765,0.0610
ga_sembrado,1,int__tai15_15_09,512,19.9765,0.1071
ga_sembrado,1,int__tai15_15_09,1024,19.9765,0.1991
ga_sembrado,1,int__tai15_15_09,2048,19.9765,0.3901
ga_sembrado,1,int__tai15_15_09,4096,17.0722,0.7623
ga_sembrado,1,int__tai15_15_09,8192,13.6970,1.4699
ga_sembrado,1,int__tai15_15_09,16384,13.6970,2.8308
ga_sembrado,1,int__tai15_15_09,32768,13.6970,5.5754
ga_sembrado,1,int__tai15_15_09,65536,12.4019,11.0727
ga_sembrado,1,int__tai15_15_09,131072,8.7127,22.0227
ga_sembrado,1,int__tai15_15_09,262144,7.6138,44.2800
ga_sembrado,1,int__tai15_15_09,524288,7.6138,88.3508
ga_sembrado,1,int__tai15_15_09,1048576,7.6138,180.6992
ga_sembrado,2,int__tai15_15_09,1,19.9765,0.0230
ga_sembrado,2,int__tai15_15_09,2,19.9765,0.0230
ga_sembrado,2,int__tai15_15_09,4,19.9765,0.0230
ga_sembrado,2,int__tai15_15_09,8,19.9765,0.0240
ga_sembrado,2,int__tai15_15_09,16,19.9765,0.0240
ga_sembrado,2,int__tai15_15_09,32,19.9765,0.0260
ga_sembrado,2,int__tai15_15_09,64,19.9765,0.0285
ga_sembrado,2,int__tai15_15_09,128,19.9765,0.0365
ga_sembrado,2,int__tai15_15_09,256,19.9765,0.0485
ga_sembrado,2,int__tai15_15_09,512,19.9765,0.0915
ga_sembrado,2,int__tai15_15_09,1024,19.9765,0.1740
ga_sembrado,2,int__tai15_15_09,2048,19.9765,0.3546
ga_sembrado,2,int__tai15_15_09,4096,19.9765,0.7007
ga_sembrado,2,int__tai15_15_09,8192,15.8948,1.3963
ga_sembrado,2,int__tai15_15_09,16384,13.6970,2.9831
ga_sembrado,2,int__tai15_15_09,32768,12.4804,6.4282
ga_sembrado,2,int__tai15_15_09,65536,11.6954,12.2863
ga_sembrado,2,int__tai15_15_09,131072,11.6954,23.6740
ga_sembrado,2,int__tai15_15_09,262144,11.0283,46.9713
ga_sembrado,2,int__tai15_15_09,524288,9.3407,91.7677
ga_sembrado,2,int__tai15_15_09,1048576,7.6531,181.3110
regla_bon,1,int__tai15_15_09,1,19.9765,0.0080
regla_bon,1,int__tai15_15_09,2,19.9765,0.0150
regla_bon,1,int__tai15_15_09,4,16.5620,0.0280
regla_bon,1,int__tai15_15_09,8,16.5620,0.0540
regla_bon,1,int__tai15_15_09,16,13.3830,0.1045
regla_bon,1,int__tai15_15_09,32,13.3830,0.2320
regla_bon,1,int__tai15_15_09,64,13.3830,0.4973
regla_bon,1,int__tai15_15_09,128,13.3830,0.9469
regla_bon,1,int__tai15_15_09,256,13.3830,1.7721
regla_bon,1,int__tai15_15_09,512,13.3438,3.3864
regla_bon,1,int__tai15_15_09,1024,11.2637,6.6846
regla_bon,1,int__tai15_15_09,2048,9.3799,13.2994
regla_bon,1,int__tai15_15_09,4096,9.3799,27.5341
regla_bon,1,int__tai15_15_09,8192,9.3799,55.7645
regla_bon,1,int__tai15_15_09,16384,9.3799,116.5031
regla_bon,1,int__tai15_15_09,22675,9.3799,160.0052
regla_bon,2,int__tai15_15_09,1,19.9765,0.0070
regla_bon,2,int__tai15_15_09,2,19.9765,0.0140
regla_bon,2,int__tai15_15_09,4,19.9765,0.0260
regla_bon,2,int__tai15_15_09,8,14.2465,0.0530
regla_bon,2,int__tai15_15_09,16,14.2465,0.1020
regla_bon,2,int__tai15_15_09,32,14.2465,0.2050
regla_bon,2,int__tai15_15_09,64,13.5793,0.4056
regla_bon,2,int__tai15_15_09,128,13.5793,0.8082
regla_bon,2,int__tai15_15_09,256,13.5793,1.6173
regla_bon,2,int__tai15_15_09,512,12.5589,3.2684
regla_bon,2,int__tai15_15_09,1024,12.5589,6.5900
regla_bon,2,int__tai15_15_09,2048,12.0879,13.1865
regla_bon,2,int__tai15_15_09,4096,11.3422,26.3143
regla_bon,2,int__tai15_15_09,8192,11.6170,52.6090
regla_bon,2,int__tai15_15_09,16384,10.8320,105.8238
regla_bon,2,int__tai15_15_09,24233,8.6735,160.0051
azar,1,int__tai15_15_10,1,93.5939,0.0010
azar,1,int__tai15_15_10,2,93.5939,0.0010
azar,1,int__tai15_15_10,4,93.5939,0.0010
azar,1,int__tai15_15_10,8,76.1483,0.0020
azar,1,int__tai15_15_10,16,66.0757,0.0040
azar,1,int__tai15_15_10,32,62.9331,0.0080
azar,1,int__tai15_15_10,64,62.9331,0.0150
azar,1,int__tai15_15_10,128,53.4247,0.0280
azar,1,int__tai15_15_10,256,53.4247,0.0540
azar,1,int__tai15_15_10,512,53.4247,0.1050
azar,1,int__tai15_15_10,1024,53.4247,0.2040
azar,1,int__tai15_15_10,2048,53.4247,0.4125
azar,1,int__tai15_15_10,4096,53.4247,0.8307
azar,1,int__tai15_15_10,8192,44.5608,1.7082
azar,1,int__tai15_15_10,16384,44.5608,3.4599
azar,1,int__tai15_15_10,32768,44.5608,6.9123
azar,1,int__tai15_15_10,65536,44.5608,14.4190
azar,1,int__tai15_15_10,131072,42.8687,28.3358
azar,1,int__tai15_15_10,262144,42.8687,56.5265
azar,1,int__tai15_15_10,524288,42.8687,114.0038
azar,1,int__tai15_15_10,1048576,37.0669,226.3573
ga_sembrado,1,int__tai15_15_10,1,15.4311,0.0190
ga_sembrado,1,int__tai15_15_10,2,15.4311,0.0200
ga_sembrado,1,int__tai15_15_10,4,15.4311,0.0200
ga_sembrado,1,int__tai15_15_10,8,15.4311,0.0200
ga_sembrado,1,int__tai15_15_10,16,15.4311,0.0210
ga_sembrado,1,int__tai15_15_10,32,15.4311,0.0220
ga_sembrado,1,int__tai15_15_10,64,15.4311,0.0250
ga_sembrado,1,int__tai15_15_10,128,15.4311,0.0310
ga_sembrado,1,int__tai15_15_10,256,15.4311,0.0440
ga_sembrado,1,int__tai15_15_10,512,15.4311,0.0890
ga_sembrado,1,int__tai15_15_10,1024,15.4311,0.1770
ga_sembrado,1,int__tai15_15_10,2048,15.4311,0.3526
ga_sembrado,1,int__tai15_15_10,4096,15.3908,0.7046
ga_sembrado,1,int__tai15_15_10,8192,13.2151,1.4465
ga_sembrado,1,int__tai15_15_10,16384,9.8308,2.8423
ga_sembrado,1,int__tai15_15_10,32768,8.2192,5.5554
ga_sembrado,1,int__tai15_15_10,65536,7.3328,11.1102
ga_sembrado,1,int__tai15_15_10,131072,7.3328,22.0192
ga_sembrado,1,int__tai15_15_10,262144,7.8969,43.7249
ga_sembrado,1,int__tai15_15_10,524288,7.8969,87.1316
ga_sembrado,1,int__tai15_15_10,1048576,7.8969,177.5555
ga_sembrado,2,int__tai15_15_10,1,15.4311,0.0245
ga_sembrado,2,int__tai15_15_10,2,15.4311,0.0245
ga_sembrado,2,int__tai15_15_10,4,15.4311,0.0245
ga_sembrado,2,int__tai15_15_10,8,15.4311,0.0250
ga_sembrado,2,int__tai15_15_10,16,15.4311,0.0260
ga_sembrado,2,int__tai15_15_10,32,15.4311,0.0280
ga_sembrado,2,int__tai15_15_10,64,15.4311,0.0320
ga_sembrado,2,int__tai15_15_10,128,15.4311,0.0400
ga_sembrado,2,int__tai15_15_10,256,15.4311,0.0520
ga_sembrado,2,int__tai15_15_10,512,15.4311,0.0970
ga_sembrado,2,int__tai15_15_10,1024,15.4311,0.1810
ga_sembrado,2,int__tai15_15_10,2048,15.4311,0.3745
ga_sembrado,2,int__tai15_15_10,4096,14.8670,0.7211
ga_sembrado,2,int__tai15_15_10,8192,14.0210,1.4152
ga_sembrado,2,int__tai15_15_10,16384,10.9589,2.8640
ga_sembrado,2,int__tai15_15_10,32768,9.2667,5.6842
ga_sembrado,2,int__tai15_15_10,65536,7.7760,11.2287
ga_sembrado,2,int__tai15_15_10,131072,7.6954,23.2061
ga_sembrado,2,int__tai15_15_10,262144,7.6954,46.4730
ga_sembrado,2,int__tai15_15_10,524288,7.6954,91.0686
ga_sembrado,2,int__tai15_15_10,1048576,7.6954,179.3873
regla_bon,1,int__tai15_15_10,1,15.4311,0.0070
regla_bon,1,int__tai15_15_10,2,15.4311,0.0130
regla_bon,1,int__tai15_15_10,4,13.6180,0.0270
regla_bon,1,int__tai15_15_10,8,13.6180,0.0540
regla_bon,1,int__tai15_15_10,16,13.6180,0.0995
regla_bon,1,int__tai15_15_10,32,13.6180,0.2026
regla_bon,1,int__tai15_15_10,64,13.1346,0.4116
regla_bon,1,int__tai15_15_10,128,13.1346,0.8156
regla_bon,1,int__tai15_15_10,256,12.7720,1.6207
regla_bon,1,int__tai15_15_10,512,11.8050,3.2326
regla_bon,1,int__tai15_15_10,1024,11.2409,6.6107
regla_bon,1,int__tai15_15_10,2048,11.2409,13.3500
regla_bon,1,int__tai15_15_10,4096,10.6366,26.5267
regla_bon,1,int__tai15_15_10,8192,9.7099,54.6959
regla_bon,1,int__tai15_15_10,16384,9.0250,114.9648
regla_bon,1,int__tai15_15_10,22695,9.5488,160.0012
regla_bon,2,int__tai15_15_10,1,15.4311,0.0080
regla_bon,2,int__tai15_15_10,2,15.4311,0.0130
regla_bon,2,int__tai15_15_10,4,15.4311,0.0240
regla_bon,2,int__tai15_15_10,8,12.8122,0.0510
regla_bon,2,int__tai15_15_10,16,12.8122,0.0980
regla_bon,2,int__tai15_15_10,32,12.8122,0.1975
regla_bon,2,int__tai15_15_10,64,12.8122,0.4001
regla_bon,2,int__tai15_15_10,128,11.7647,0.8043
regla_bon,2,int__tai15_15_10,256,12.1676,1.6069
regla_bon,2,int__tai15_15_10,512,12.1676,3.2312
regla_bon,2,int__tai15_15_10,1024,12.1676,6.4739
regla_bon,2,int__tai15_15_10,2048,10.4351,12.9453
regla_bon,2,int__tai15_15_10,4096,9.5085,26.0214
regla_bon,2,int__tai15_15_10,8192,9.5085,52.1838
regla_bon,2,int__tai15_15_10,16384,9.5085,105.0890
regla_bon,2,int__tai15_15_10,24579,10.0725,160.0005
azar,1,int__tai20_15_01,1,115.9912,0.0010
azar,1,int__tai20_15_01,2,115.9912,0.0010
azar,1,int__tai20_15_01,4,103.5741,0.0020
azar,1,int__tai20_15_01,8,91.7465,0.0030
azar,1,int__tai20_15_01,16,91.7465,0.0050
azar,1,int__tai20_15_01,32,87.6934,0.0100
azar,1,int__tai20_15_01,64,77.7819,0.0170
azar,1,int__tai20_15_01,128,77.7819,0.0360
azar,1,int__tai20_15_01,256,72.5866,0.0755
azar,1,int__tai20_15_01,512,70.3021,0.1501
azar,1,int__tai20_15_01,1024,70.3021,0.3011
azar,1,int__tai20_15_01,2048,70.3021,0.5928
azar,1,int__tai20_15_01,4096,70.3021,1.1779
azar,1,int__tai20_15_01,8192,63.1540,2.3571
azar,1,int__tai20_15_01,16384,63.1540,4.7390
azar,1,int__tai20_15_01,32768,64.3331,9.5007
azar,1,int__tai20_15_01,65536,61.0906,18.8025
azar,1,int__tai20_15_01,131072,57.7377,38.0306
azar,1,int__tai20_15_01,262144,57.7377,77.1283
azar,1,int__tai20_15_01,524288,57.1850,153.8315
azar,1,int__tai20_15_01,1048576,57.1850,323.6138
ga_sembrado,1,int__tai20_15_01,1,17.5018,0.0260
ga_sembrado,1,int__tai20_15_01,2,17.5018,0.0260
ga_sembrado,1,int__tai20_15_01,4,17.5018,0.0260
ga_sembrado,1,int__tai20_15_01,8,17.5018,0.0270
ga_sembrado,1,int__tai20_15_01,16,17.5018,0.0280
ga_sembrado,1,int__tai20_15_01,32,17.5018,0.0310
ga_sembrado,1,int__tai20_15_01,64,17.5018,0.0360
ga_sembrado,1,int__tai20_15_01,128,17.5018,0.0460
ga_sembrado,1,int__tai20_15_01,256,17.5018,0.0680
ga_sembrado,1,int__tai20_15_01,512,17.5018,0.1220
ga_sembrado,1,int__tai20_15_01,1024,17.5018,0.2361
ga_sembrado,1,int__tai20_15_01,2048,17.5018,0.4571
ga_sembrado,1,int__tai20_15_01,4096,17.5018,0.9242
ga_sembrado,1,int__tai20_15_01,8192,17.0228,1.8425
ga_sembrado,1,int__tai20_15_01,16384,15.9175,3.7191
ga_sembrado,1,int__tai20_15_01,32768,14.6647,7.3634
ga_sembrado,1,int__tai20_15_01,65536,14.6647,14.5591
ga_sembrado,1,int__tai20_15_01,131072,14.6647,28.8548
ga_sembrado,1,int__tai20_15_01,262144,12.2329,57.4597
ga_sembrado,1,int__tai20_15_01,524288,10.8327,114.4398
ga_sembrado,1,int__tai20_15_01,1048576,10.3169,234.5355
ga_sembrado,2,int__tai20_15_01,1,17.5018,0.0360
ga_sembrado,2,int__tai20_15_01,2,17.5018,0.0360
ga_sembrado,2,int__tai20_15_01,4,17.5018,0.0360
ga_sembrado,2,int__tai20_15_01,8,17.5018,0.0370
ga_sembrado,2,int__tai20_15_01,16,17.5018,0.0390
ga_sembrado,2,int__tai20_15_01,32,17.5018,0.0410
ga_sembrado,2,int__tai20_15_01,64,17.5018,0.0460
ga_sembrado,2,int__tai20_15_01,128,17.5018,0.0570
ga_sembrado,2,int__tai20_15_01,256,17.5018,0.0770
ga_sembrado,2,int__tai20_15_01,512,17.5018,0.1265
ga_sembrado,2,int__tai20_15_01,1024,17.5018,0.2400
ga_sembrado,2,int__tai20_15_01,2048,17.5018,0.4536
ga_sembrado,2,int__tai20_15_01,4096,17.3913,0.9118
ga_sembrado,2,int__tai20_15_01,8192,17.3913,1.7982
ga_sembrado,2,int__tai20_15_01,16384,16.1017,3.5757
ga_sembrado,2,int__tai20_15_01,32768,15.1069,7.2939
ga_sembrado,2,int__tai20_15_01,65536,12.4171,14.3764
ga_sembrado,2,int__tai20_15_01,131072,10.9801,28.7079
ga_sembrado,2,int__tai20_15_01,262144,10.8327,58.5072
ga_sembrado,2,int__tai20_15_01,524288,10.8327,117.9018
ga_sembrado,2,int__tai20_15_01,1048576,10.8327,239.5351
regla_bon,1,int__tai20_15_01,1,17.5018,0.0120
regla_bon,1,int__tai20_15_01,2,17.5018,0.0230
regla_bon,1,int__tai20_15_01,4,17.5018,0.0460
regla_bon,1,int__tai20_15_01,8,17.0597,0.0900
regla_bon,1,int__tai20_15_01,16,17.0597,0.1775
regla_bon,1,int__tai20_15_01,32,17.0597,0.3441
regla_bon,1,int__tai20_15_01,64,17.0597,0.6947
regla_bon,1,int__tai20_15_01,128,14.9963,1.4090
regla_bon,1,int__tai20_15_01,256,14.9963,2.8104
regla_bon,1,int__tai20_15_01,512,14.9963,5.6702
regla_bon,1,int__tai20_15_01,1024,12.5645,11.2043
regla_bon,1,int__tai20_15_01,2048,12.5645,22.3510
regla_bon,1,int__tai20_15_01,4096,12.5645,45.4652
regla_bon,1,int__tai20_15_01,8192,12.5645,90.6601
regla_bon,1,int__tai20_15_01,14605,12.5645,160.0018
regla_bon,2,int__tai20_15_01,1,17.5018,0.0100
regla_bon,2,int__tai20_15_01,2,16.6912,0.0190
regla_bon,2,int__tai20_15_01,4,16.6912,0.0370
regla_bon,2,int__tai20_15_01,8,15.5490,0.0810
regla_bon,2,int__tai20_15_01,16,15.5490,0.1556
regla_bon,2,int__tai20_15_01,32,15.5490,0.3371
regla_bon,2,int__tai20_15_01,64,15.5490,0.7257
regla_bon,2,int__tai20_15_01,128,15.6227,1.4593
regla_bon,2,int__tai20_15_01,256,13.7804,2.9318
regla_bon,2,int__tai20_15_01,512,13.7804,5.8933
regla_bon,2,int__tai20_15_01,1024,13.7804,11.3489
regla_bon,2,int__tai20_15_01,2048,13.7804,22.4057
regla_bon,2,int__tai20_15_01,4096,13.7804,44.7968
regla_bon,2,int__tai20_15_01,8192,13.1540,92.1255
regla_bon,2,int__tai20_15_01,14160,13.1540,160.0046
azar,1,int__tai20_15_02,1,136.9422,0.0000
azar,1,int__tai20_15_02,2,105.4133,0.0000
azar,1,int__tai20_15_02,4,86.3204,0.0010
azar,1,int__tai20_15_02,8,86.3204,0.0020
azar,1,int__tai20_15_02,16,86.3204,0.0050
azar,1,int__tai20_15_02,32,73.8844,0.0080
azar,1,int__tai20_15_02,64,73.8844,0.0170
azar,1,int__tai20_15_02,128,73.8844,0.0330
azar,1,int__tai20_15_02,256,73.1529,0.0705
azar,1,int__tai20_15_02,512,73.1529,0.1471
azar,1,int__tai20_15_02,1024,61.9605,0.2961
azar,1,int__tai20_15_02,2048,61.9605,0.6122
azar,1,int__tai20_15_02,4096,57.0593,1.2008
azar,1,int__tai20_15_02,8192,57.0593,2.3774
azar,1,int__tai20_15_02,16384,57.0593,4.7978
azar,1,int__tai20_15_02,32768,57.0593,9.5074
azar,1,int__tai20_15_02,65536,57.0593,18.9837
azar,1,int__tai20_15_02,131072,57.6079,38.5667
azar,1,int__tai20_15_02,262144,57.6079,77.7214
azar,1,int__tai20_15_02,524288,55.4499,155.0015
azar,1,int__tai20_15_02,1048576,55.4499,325.9220
ga_sembrado,1,int__tai20_15_02,1,17.6298,0.0345
ga_sembrado,1,int__tai20_15_02,2,17.6298,0.0345
ga_sembrado,1,int__tai20_15_02,4,17.6298,0.0355
ga_sembrado,1,int__tai20_15_02,8,17.6298,0.0355
ga_sembrado,1,int__tai20_15_02,16,17.6298,0.0375
ga_sembrado,1,int__tai20_15_02,32,17.6298,0.0395
ga_sembrado,1,int__tai20_15_02,64,17.6298,0.0465
ga_sembrado,1,int__tai20_15_02,128,17.6298,0.0555
ga_sembrado,1,int__tai20_15_02,256,17.6298,0.0785
ga_sembrado,1,int__tai20_15_02,512,17.6298,0.1405
ga_sembrado,1,int__tai20_15_02,1024,17.6298,0.2536
ga_sembrado,1,int__tai20_15_02,2048,17.6298,0.4776
ga_sembrado,1,int__tai20_15_02,4096,17.6298,0.9278
ga_sembrado,1,int__tai20_15_02,8192,16.4960,1.8439
ga_sembrado,1,int__tai20_15_02,16384,14.9963,3.5938
ga_sembrado,1,int__tai20_15_02,32768,14.4111,7.2527
ga_sembrado,1,int__tai20_15_02,65536,14.4111,14.4699
ga_sembrado,1,int__tai20_15_02,131072,11.5216,28.7242
ga_sembrado,1,int__tai20_15_02,262144,10.9729,57.5416
ga_sembrado,1,int__tai20_15_02,524288,10.9729,114.8439
ga_sembrado,1,int__tai20_15_02,1048576,8.3760,235.1148
ga_sembrado,2,int__tai20_15_02,1,17.6298,0.0310
ga_sembrado,2,int__tai20_15_02,2,17.6298,0.0310
ga_sembrado,2,int__tai20_15_02,4,17.6298,0.0320
ga_sembrado,2,int__tai20_15_02,8,17.6298,0.0320
ga_sembrado,2,int__tai20_15_02,16,17.6298,0.0330
ga_sembrado,2,int__tai20_15_02,32,17.6298,0.0360
ga_sembrado,2,int__tai20_15_02,64,17.6298,0.0410
ga_sembrado,2,int__tai20_15_02,128,17.6298,0.0510
ga_sembrado,2,int__tai20_15_02,256,17.6298,0.0750
ga_sembrado,2,int__tai20_15_02,512,17.6298,0.1331
ga_sembrado,2,int__tai20_15_02,1024,17.6298,0.2511
ga_sembrado,2,int__tai20_15_02,2048,17.6298,0.4852
ga_sembrado,2,int__tai20_15_02,4096,17.6298,0.9413
ga_sembrado,2,int__tai20_15_02,8192,14.5940,1.8178
ga_sembrado,2,int__tai20_15_02,16384,13.1309,3.5766
ga_sembrado,2,int__tai20_15_02,32768,12.5457,7.1458
ga_sembrado,2,int__tai20_15_02,65536,11.7410,14.3697
ga_sembrado,2,int__tai20_15_02,131072,10.3146,28.9675
ga_sembrado,2,int__tai20_15_02,262144,10.3146,58.8605
ga_sembrado,2,int__tai20_15_02,524288,10.3146,119.0299
ga_sembrado,2,int__tai20_15_02,1048576,9.4001,240.8892
regla_bon,1,int__tai20_15_02,1,17.6298,0.0120
regla_bon,1,int__tai20_15_02,2,17.6298,0.0220
regla_bon,1,int__tai20_15_02,4,16.1668,0.0440
regla_bon,1,int__tai20_15_02,8,15.4353,0.0890
regla_bon,1,int__tai20_15_02,16,13.6064,0.1716
regla_bon,1,int__tai20_15_02,32,13.6064,0.3464
regla_bon,1,int__tai20_15_02,64,13.6064,0.6930
regla_bon,1,int__tai20_15_02,128,12.6189,1.3801
regla_bon,1,int__tai20_15_02,256,13.0578,2.7333
regla_bon,1,int__tai20_15_02,512,11.9605,5.4646
regla_bon,1,int__tai20_15_02,1024,11.9605,10.9169
regla_bon,1,int__tai20_15_02,2048,11.9971,22.6671
regla_bon,1,int__tai20_15_02,4096,10.8632,45.8615
regla_bon,1,int__tai20_15_02,8192,10.6437,90.0083
regla_bon,1,int__tai20_15_02,14745,10.6437,160.0093
regla_bon,2,int__tai20_15_02,1,17.6298,0.0130
regla_bon,2,int__tai20_15_02,2,17.6298,0.0230
regla_bon,2,int__tai20_15_02,4,17.6298,0.0450
regla_bon,2,int__tai20_15_02,8,16.9349,0.0820
regla_bon,2,int__tai20_15_02,16,16.9349,0.1590
regla_bon,2,int__tai20_15_02,32,16.9349,0.3280
regla_bon,2,int__tai20_15_02,64,13.6430,0.6689
regla_bon,2,int__tai20_15_02,128,13.6430,1.3400
regla_bon,2,int__tai20_15_02,256,13.2407,2.6760
regla_bon,2,int__tai20_15_02,512,13.2407,5.3033
regla_bon,2,int__tai20_15_02,1024,11.4119,10.7604
regla_bon,2,int__tai20_15_02,2048,11.4119,21.9274
regla_bon,2,int__tai20_15_02,4096,9.4367,44.9118
regla_bon,2,int__tai20_15_02,8192,9.4367,91.9378
regla_bon,2,int__tai20_15_02,14216,9.4367,160.0134
azar,1,int__tai20_15_03,1,97.9881,0.0010
azar,1,int__tai20_15_03,2,97.9881,0.0010
azar,1,int__tai20_15_03,4,93.5917,0.0020
azar,1,int__tai20_15_03,8,93.5917,0.0030
azar,1,int__tai20_15_03,16,88.9344,0.0060
azar,1,int__tai20_15_03,32,75.8942,0.0110
azar,1,int__tai20_15_03,64,71.4605,0.0210
azar,1,int__tai20_15_03,128,71.4605,0.0410
azar,1,int__tai20_15_03,256,72.1311,0.0750
azar,1,int__tai20_15_03,512,72.1311,0.1540
azar,1,int__tai20_15_03,1024,65.3502,0.3130
azar,1,int__tai20_15_03,2048,65.3502,0.6316
azar,1,int__tai20_15_03,4096,66.3562,1.2592
azar,1,int__tai20_15_03,8192,59.5753,2.5328
azar,1,int__tai20_15_03,16384,59.5753,5.0871
azar,1,int__tai20_15_03,32768,59.1654,11.0007
azar,1,int__tai20_15_03,65536,57.2280,22.8414
azar,1,int__tai20_15_03,131072,56.3711,43.9973
azar,1,int__tai20_15_03,262144,56.3711,88.5432
azar,1,int__tai20_15_03,524288,56.3711,167.0567
azar,1,int__tai20_15_03,1048576,50.5961,324.3441
ga_sembrado,1,int__tai20_15_03,1,13.3010,0.0315
ga_sembrado,1,int__tai20_15_03,2,13.3010,0.0315
ga_sembrado,1,int__tai20_15_03,4,13.3010,0.0315
ga_sembrado,1,int__tai20_15_03,8,13.3010,0.0325
ga_sembrado,1,int__tai20_15_03,16,13.3010,0.0335
ga_sembrado,1,int__tai20_15_03,32,13.3010,0.0365
ga_sembrado,1,int__tai20_15_03,64,13.3010,0.0405
ga_sembrado,1,int__tai20_15_03,128,13.3010,0.0505
ga_sembrado,1,int__tai20_15_03,256,13.3010,0.0715
ga_sembrado,1,int__tai20_15_03,512,13.3010,0.1287
ga_sembrado,1,int__tai20_15_03,1024,13.3010,0.2343
ga_sembrado,1,int__tai20_15_03,2048,13.3010,0.4573
ga_sembrado,1,int__tai20_15_03,4096,13.3010,0.9589
ga_sembrado,1,int__tai20_15_03,8192,12.9285,1.9229
ga_sembrado,1,int__tai20_15_03,16384,12.5931,3.6589
ga_sembrado,1,int__tai20_15_03,32768,11.8480,8.8059
ga_sembrado,1,int__tai20_15_03,65536,10.6557,16.3586
ga_sembrado,1,int__tai20_15_03,131072,9.6498,30.5016
ga_sembrado,1,int__tai20_15_03,262144,9.5007,59.4880
ga_sembrado,1,int__tai20_15_03,524288,9.2772,119.7840
ga_sembrado,1,int__tai20_15_03,1048576,9.2772,244.3802
ga_sembrado,2,int__tai20_15_03,1,13.3010,0.0360
ga_sembrado,2,int__tai20_15_03,2,13.3010,0.0360
ga_sembrado,2,int__tai20_15_03,4,13.3010,0.0360
ga_sembrado,2,int__tai20_15_03,8,13.3010,0.0370
ga_sembrado,2,int__tai20_15_03,16,13.3010,0.0380
ga_sembrado,2,int__tai20_15_03,32,13.3010,0.0410
ga_sembrado,2,int__tai20_15_03,64,13.3010,0.0450
ga_sembrado,2,int__tai20_15_03,128,13.3010,0.0550
ga_sembrado,2,int__tai20_15_03,256,13.3010,0.0740
ga_sembrado,2,int__tai20_15_03,512,13.3010,0.1295
ga_sembrado,2,int__tai20_15_03,1024,13.3010,0.2395
ga_sembrado,2,int__tai20_15_03,2048,13.3010,0.4741
ga_sembrado,2,int__tai20_15_03,4096,13.2265,0.9278
ga_sembrado,2,int__tai20_15_03,8192,12.9285,1.8314
ga_sembrado,2,int__tai20_15_03,16384,12.4069,3.9176
ga_sembrado,2,int__tai20_15_03,32768,11.1401,8.1722
ga_sembrado,2,int__tai20_15_03,65536,10.3204,16.0327
ga_sembrado,2,int__tai20_15_03,131072,10.1341,33.3098
ga_sembrado,2,int__tai20_15_03,262144,10.1341,67.8264
ga_sembrado,2,int__tai20_15_03,524288,9.7615,129.9228
ga_sembrado,2,int__tai20_15_03,1048576,9.7615,248.6492
regla_bon,1,int__tai20_15_03,1,13.3010,0.0120
regla_bon,1,int__tai20_15_03,2,13.3010,0.0210
regla_bon,1,int__tai20_15_03,4,13.3010,0.0420
regla_bon,1,int__tai20_15_03,8,13.3010,0.0870
regla_bon,1,int__tai20_15_03,16,13.3010,0.1770
regla_bon,1,int__tai20_15_03,32,13.3010,0.3616
regla_bon,1,int__tai20_15_03,64,13.3010,0.7232
regla_bon,1,int__tai20_15_03,128,14.5306,1.4376
regla_bon,1,int__tai20_15_03,256,14.5306,2.9173
regla_bon,1,int__tai20_15_03,512,14.5306,5.8246
regla_bon,1,int__tai20_15_03,1024,14.5306,11.6158
regla_bon,1,int__tai20_15_03,2048,11.8480,23.2889
regla_bon,1,int__tai20_15_03,4096,11.8480,46.5126
regla_bon,1,int__tai20_15_03,8192,11.8480,92.3856
regla_bon,1,int__tai20_15_03,13844,11.8480,160.0075
regla_bon,2,int__tai20_15_03,1,13.3010,0.0130
regla_bon,2,int__tai20_15_03,2,13.3010,0.0250
regla_bon,2,int__tai20_15_03,4,13.3010,0.0485
regla_bon,2,int__tai20_15_03,8,13.3010,0.0935
regla_bon,2,int__tai20_15_03,16,13.3010,0.1875
regla_bon,2,int__tai20_15_03,32,13.3010,0.3591
regla_bon,2,int__tai20_15_03,64,13.3010,0.7123
regla_bon,2,int__tai20_15_03,128,14.1207,1.4169
regla_bon,2,int__tai20_15_03,256,12.9285,2.8537
regla_bon,2,int__tai20_15_03,512,12.9285,5.8111
regla_bon,2,int__tai20_15_03,1024,12.9285,11.5142
regla_bon,2,int__tai20_15_03,2048,12.9285,22.7470
regla_bon,2,int__tai20_15_03,4096,12.9285,45.1590
regla_bon,2,int__tai20_15_03,8192,12.0343,93.0542
regla_bon,2,int__tai20_15_03,13563,11.3264,160.0095
azar,1,int__tai20_15_04,1,120.4089,0.0000
azar,1,int__tai20_15_04,2,95.8364,0.0000
azar,1,int__tai20_15_04,4,79.9257,0.0010
azar,1,int__tai20_15_04,8,79.9257,0.0020
azar,1,int__tai20_15_04,16,79.9257,0.0050
azar,1,int__tai20_15_04,32,79.9257,0.0090
azar,1,int__tai20_15_04,64,68.4387,0.0210
azar,1,int__tai20_15_04,128,68.4387,0.0410
azar,1,int__tai20_15_04,256,68.4387,0.0801
azar,1,int__tai20_15_04,512,65.3532,0.1596
azar,1,int__tai20_15_04,1024,65.3532,0.3176
azar,1,int__tai20_15_04,2048,63.7175,0.6286
azar,1,int__tai20_15_04,4096,60.3717,1.2602
azar,1,int__tai20_15_04,8192,52.9368,2.5001
azar,1,int__tai20_15_04,16384,52.9368,5.0013
azar,1,int__tai20_15_04,32768,52.9368,10.4214
azar,1,int__tai20_15_04,65536,52.9368,22.8696
azar,1,int__tai20_15_04,131072,55.3903,43.7893
azar,1,int__tai20_15_04,262144,51.3755,88.8612
azar,1,int__tai20_15_04,524288,49.9257,167.4912
azar,1,int__tai20_15_04,1048576,49.2193,324.1771
ga_sembrado,1,int__tai20_15_04,1,13.1970,0.0310
ga_sembrado,1,int__tai20_15_04,2,13.1970,0.0310
ga_sembrado,1,int__tai20_15_04,4,13.1970,0.0310
ga_sembrado,1,int__tai20_15_04,8,13.1970,0.0320
ga_sembrado,1,int__tai20_15_04,16,13.1970,0.0330
ga_sembrado,1,int__tai20_15_04,32,13.1970,0.0350
ga_sembrado,1,int__tai20_15_04,64,13.1970,0.0380
ga_sembrado,1,int__tai20_15_04,128,13.1970,0.0470
ga_sembrado,1,int__tai20_15_04,256,13.1970,0.0640
ga_sembrado,1,int__tai20_15_04,512,13.1970,0.1260
ga_sembrado,1,int__tai20_15_04,1024,13.1970,0.2400
ga_sembrado,1,int__tai20_15_04,2048,13.1970,0.4752
ga_sembrado,1,int__tai20_15_04,4096,13.1970,0.9783
ga_sembrado,1,int__tai20_15_04,8192,12.1933,1.9795
ga_sembrado,1,int__tai20_15_04,16384,11.6357,3.7797
ga_sembrado,1,int__tai20_15_04,32768,11.0409,7.5005
ga_sembrado,1,int__tai20_15_04,65536,10.4089,15.6847
ga_sembrado,1,int__tai20_15_04,131072,9.0706,30.1130
ga_sembrado,1,int__tai20_15_04,262144,8.5502,58.7671
ga_sembrado,1,int__tai20_15_04,524288,8.5502,119.2677
ga_sembrado,1,int__tai20_15_04,1048576,8.0297,243.7188
ga_sembrado,2,int__tai20_15_04,1,13.1970,0.0370
ga_sembrado,2,int__tai20_15_04,2,13.1970,0.0380
ga_sembrado,2,int__tai20_15_04,4,13.1970,0.0380
ga_sembrado,2,int__tai20_15_04,8,13.1970,0.0390
ga_sembrado,2,int__tai20_15_04,16,13.1970,0.0400
ga_sembrado,2,int__tai20_15_04,32,13.1970,0.0430
ga_sembrado,2,int__tai20_15_04,64,13.1970,0.0480
ga_sembrado,2,int__tai20_15_04,128,13.1970,0.0580
ga_sembrado,2,int__tai20_15_04,256,13.1970,0.0790
ga_sembrado,2,int__tai20_15_04,512,13.1970,0.1410
ga_sembrado,2,int__tai20_15_04,1024,13.1970,0.2700
ga_sembrado,2,int__tai20_15_04,2048,13.1970,0.5270
ga_sembrado,2,int__tai20_15_04,4096,13.1970,1.0681
ga_sembrado,2,int__tai20_15_04,8192,12.4535,2.0150
ga_sembrado,2,int__tai20_15_04,16384,11.8216,3.8993
ga_sembrado,2,int__tai20_15_04,32768,11.5613,7.8905
ga_sembrado,2,int__tai20_15_04,65536,11.5613,15.8816
ga_sembrado,2,int__tai20_15_04,131072,10.4089,33.3424
ga_sembrado,2,int__tai20_15_04,262144,10.2602,65.3446
ga_sembrado,2,int__tai20_15_04,524288,10.2602,130.1812
ga_sembrado,2,int__tai20_15_04,1048576,10.2602,248.8068
regla_bon,1,int__tai20_15_04,1,13.1970,0.0115
regla_bon,1,int__tai20_15_04,2,13.1970,0.0226
regla_bon,1,int__tai20_15_04,4,13.1970,0.0425
regla_bon,1,int__tai20_15_04,8,13.1970,0.0826
regla_bon,1,int__tai20_15_04,16,13.1970,0.1716
regla_bon,1,int__tai20_15_04,32,12.9740,0.3351
regla_bon,1,int__tai20_15_04,64,12.9740,0.6652
regla_bon,1,int__tai20_15_04,128,12.9740,1.3565
regla_bon,1,int__tai20_15_04,256,12.9740,2.7104
regla_bon,1,int__tai20_15_04,512,11.9703,5.4549
regla_bon,1,int__tai20_15_04,1024,11.9703,11.0776
regla_bon,1,int__tai20_15_04,2048,10.8550,22.4268
regla_bon,1,int__tai20_15_04,4096,10.0743,44.8032
regla_bon,1,int__tai20_15_04,8192,10.0743,89.5735
regla_bon,1,int__tai20_15_04,14290,10.2974,160.0108
regla_bon,2,int__tai20_15_04,1,13.1970,0.0110
regla_bon,2,int__tai20_15_04,2,13.1970,0.0190
regla_bon,2,int__tai20_15_04,4,13.1970,0.0390
regla_bon,2,int__tai20_15_04,8,13.1970,0.0790
regla_bon,2,int__tai20_15_04,16,13.1970,0.1630
regla_bon,2,int__tai20_15_04,32,13.1970,0.3351
regla_bon,2,int__tai20_15_04,64,12.9740,0.6941
regla_bon,2,int__tai20_15_04,128,12.9740,1.4223
regla_bon,2,int__tai20_15_04,256,12.9740,2.7931
regla_bon,2,int__tai20_15_04,512,10.2974,5.5202
regla_bon,2,int__tai20_15_04,1024,10.2974,11.2476
regla_bon,2,int__tai20_15_04,2048,10.2974,22.1277
regla_bon,2,int__tai20_15_04,4096,9.7398,44.0370
regla_bon,2,int__tai20_15_04,8192,8.4387,88.3952
regla_bon,2,int__tai20_15_04,13976,8.4387,160.0097
azar,1,int__tai20_15_05,1,111.7252,0.0000
azar,1,int__tai20_15_05,2,111.7252,0.0010
azar,1,int__tai20_15_05,4,100.4481,0.0010
azar,1,int__tai20_15_05,8,78.7155,0.0020
azar,1,int__tai20_15_05,16,78.7155,0.0050
azar,1,int__tai20_15_05,32,78.7155,0.0100
azar,1,int__tai20_15_05,64,64.8992,0.0220
azar,1,int__tai20_15_05,128,64.8992,0.0490
azar,1,int__tai20_15_05,256,64.8992,0.0990
azar,1,int__tai20_15_05,512,64.8992,0.1840
azar,1,int__tai20_15_05,1024,64.8992,0.3655
azar,1,int__tai20_15_05,2048,64.8992,0.7112
azar,1,int__tai20_15_05,4096,64.8992,1.4288
azar,1,int__tai20_15_05,8192,62.2479,2.9513
azar,1,int__tai20_15_05,16384,61.5385,6.1767
azar,1,int__tai20_15_05,32768,61.5385,11.5493
azar,1,int__tai20_15_05,65536,61.5385,21.8588
azar,1,int__tai20_15_05,131072,56.5721,44.7634
azar,1,int__tai20_15_05,262144,56.5721,87.2269
azar,1,int__tai20_15_05,524288,56.5721,165.4671
azar,1,int__tai20_15_05,1048576,56.5721,322.6109
ga_sembrado,1,int__tai20_15_05,1,16.6542,0.0372
ga_sembrado,1,int__tai20_15_05,2,16.6542,0.0372
ga_sembrado,1,int__tai20_15_05,4,16.6542,0.0382
ga_sembrado,1,int__tai20_15_05,8,16.6542,0.0382
ga_sembrado,1,int__tai20_15_05,16,16.6542,0.0392
ga_sembrado,1,int__tai20_15_05,32,16.6542,0.0422
ga_sembrado,1,int__tai20_15_05,64,16.6542,0.0463
ga_sembrado,1,int__tai20_15_05,128,16.6542,0.0563
ga_sembrado,1,int__tai20_15_05,256,16.6542,0.0764
ga_sembrado,1,int__tai20_15_05,512,16.6542,0.1359
ga_sembrado,1,int__tai20_15_05,1024,16.6542,0.2539
ga_sembrado,1,int__tai20_15_05,2048,16.6542,0.4904
ga_sembrado,1,int__tai20_15_05,4096,16.6542,0.9681
ga_sembrado,1,int__tai20_15_05,8192,16.9156,1.9213
ga_sembrado,1,int__tai20_15_05,16384,16.2435,3.8616
ga_sembrado,1,int__tai20_15_05,32768,14.3764,7.6947
ga_sembrado,1,int__tai20_15_05,65536,14.1524,14.7192
ga_sembrado,1,int__tai20_15_05,131072,13.9283,28.7968
ga_sembrado,1,int__tai20_15_05,262144,13.9283,58.4265
ga_sembrado,1,int__tai20_15_05,524288,12.5467,119.9487
ga_sembrado,1,int__tai20_15_05,1048576,12.9201,246.9883
ga_sembrado,2,int__tai20_15_05,1,16.6542,0.0360
ga_sembrado,2,int__tai20_15_05,2,16.6542,0.0360
ga_sembrado,2,int__tai20_15_05,4,16.6542,0.0370
ga_sembrado,2,int__tai20_15_05,8,16.6542,0.0370
ga_sembrado,2,int__tai20_15_05,16,16.6542,0.0380
ga_sembrado,2,int__tai20_15_05,32,16.6542,0.0410
ga_sembrado,2,int__tai20_15_05,64,16.6542,0.0460
ga_sembrado,2,int__tai20_15_05,128,16.6542,0.0550
ga_sembrado,2,int__tai20_15_05,256,16.6542,0.0750
ga_sembrado,2,int__tai20_15_05,512,16.6542,0.1345
ga_sembrado,2,int__tai20_15_05,1024,16.6542,0.2475
ga_sembrado,2,int__tai20_15_05,2048,16.6542,0.4856
ga_sembrado,2,int__tai20_15_05,4096,16.6542,0.9477
ga_sembrado,2,int__tai20_15_05,8192,16.6916,1.9455
ga_sembrado,2,int__tai20_15_05,16384,15.9074,4.0620
ga_sembrado,2,int__tai20_15_05,32768,15.9447,9.0334
ga_sembrado,2,int__tai20_15_05,65536,14.8992,17.3188
ga_sembrado,2,int__tai20_15_05,131072,14.6378,32.1316
ga_sembrado,2,int__tai20_15_05,262144,14.6378,70.3027
ga_sembrado,2,int__tai20_15_05,524288,14.6378,129.2596
ga_sembrado,2,int__tai20_15_05,1048576,14.6378,248.4811
regla_bon,1,int__tai20_15_05,1,16.6542,0.0120
regla_bon,1,int__tai20_15_05,2,16.6542,0.0230
regla_bon,1,int__tai20_15_05,4,16.6542,0.0460
regla_bon,1,int__tai20_15_05,8,16.6542,0.0920
regla_bon,1,int__tai20_15_05,16,16.6542,0.1760
regla_bon,1,int__tai20_15_05,32,16.6542,0.3440
regla_bon,1,int__tai20_15_05,64,16.6542,0.6886
regla_bon,1,int__tai20_15_05,128,16.6542,1.4696
regla_bon,1,int__tai20_15_05,256,16.6542,2.9432
regla_bon,1,int__tai20_15_05,512,16.4675,5.7612
regla_bon,1,int__tai20_15_05,1024,16.4675,11.3295
regla_bon,1,int__tai20_15_05,2048,14.3764,22.4672
regla_bon,1,int__tai20_15_05,4096,14.3764,45.6587
regla_bon,1,int__tai20_15_05,8192,14.3764,89.9194
regla_bon,1,int__tai20_15_05,14104,13.9656,160.0013
regla_bon,2,int__tai20_15_05,1,16.6542,0.0130
regla_bon,2,int__tai20_15_05,2,16.6542,0.0240
regla_bon,2,int__tai20_15_05,4,16.6542,0.0460
regla_bon,2,int__tai20_15_05,8,16.6542,0.0875
regla_bon,2,int__tai20_15_05,16,16.6542,0.1715
regla_bon,2,int__tai20_15_05,32,16.6542,0.3405
regla_bon,2,int__tai20_15_05,64,16.6542,0.6861
regla_bon,2,int__tai20_15_05,128,15.5713,1.3507
regla_bon,2,int__tai20_15_05,256,15.5713,2.6988
regla_bon,2,int__tai20_15_05,512,16.0568,5.4550
regla_bon,2,int__tai20_15_05,1024,15.1606,10.9192
regla_bon,2,int__tai20_15_05,2048,15.1606,22.0055
regla_bon,2,int__tai20_15_05,4096,14.4884,44.9827
regla_bon,2,int__tai20_15_05,8192,15.7580,91.7860
regla_bon,2,int__tai20_15_05,13864,15.4966,160.0011
azar,1,int__tai20_15_06,1,97.6471,0.0000
azar,1,int__tai20_15_06,2,95.1471,0.0010
azar,1,int__tai20_15_06,4,95.1471,0.0010
azar,1,int__tai20_15_06,8,95.1471,0.0020
azar,1,int__tai20_15_06,16,84.3750,0.0050
azar,1,int__tai20_15_06,32,78.8971,0.0100
azar,1,int__tai20_15_06,64,78.8971,0.0190
azar,1,int__tai20_15_06,128,78.8971,0.0400
azar,1,int__tai20_15_06,256,65.5882,0.0790
azar,1,int__tai20_15_06,512,65.5882,0.1560
azar,1,int__tai20_15_06,1024,59.6691,0.3130
azar,1,int__tai20_15_06,2048,59.6691,0.6206
azar,1,int__tai20_15_06,4096,59.6691,1.2462
azar,1,int__tai20_15_06,8192,59.6691,2.4801
azar,1,int__tai20_15_06,16384,59.6691,4.9813
azar,1,int__tai20_15_06,32768,59.6691,10.2579
azar,1,int__tai20_15_06,65536,57.0956,21.9765
azar,1,int__tai20_15_06,131072,57.0956,43.1958
azar,1,int__tai20_15_06,262144,56.3971,88.7587
azar,1,int__tai20_15_06,524288,54.1176,166.9196
azar,1,int__tai20_15_06,1048576,54.1176,323.0948
ga_sembrado,1,int__tai20_15_06,1,15.5515,0.0375
ga_sembrado,1,int__tai20_15_06,2,15.5515,0.0375
ga_sembrado,1,int__tai20_15_06,4,15.5515,0.0375
ga_sembrado,1,int__tai20_15_06,8,15.5515,0.0385
ga_sembrado,1,int__tai20_15_06,16,15.5515,0.0395
ga_sembrado,1,int__tai20_15_06,32,15.5515,0.0425
ga_sembrado,1,int__tai20_15_06,64,15.5515,0.0475
ga_sembrado,1,int__tai20_15_06,128,15.5515,0.0585
ga_sembrado,1,int__tai20_15_06,256,15.5515,0.0795
ga_sembrado,1,int__tai20_15_06,512,15.5515,0.1365
ga_sembrado,1,int__tai20_15_06,1024,15.5515,0.2566
ga_sembrado,1,int__tai20_15_06,2048,15.5515,0.4896
ga_sembrado,1,int__tai20_15_06,4096,15.5515,0.9338
ga_sembrado,1,int__tai20_15_06,8192,13.4559,1.8490
ga_sembrado,1,int__tai20_15_06,16384,12.8676,3.7406
ga_sembrado,1,int__tai20_15_06,32768,12.8676,7.3700
ga_sembrado,1,int__tai20_15_06,65536,12.5368,16.2963
ga_sembrado,1,int__tai20_15_06,131072,10.5147,30.7396
ga_sembrado,1,int__tai20_15_06,262144,10.0000,59.2347
ga_sembrado,1,int__tai20_15_06,524288,9.2279,119.4833
ga_sembrado,1,int__tai20_15_06,1048576,8.8235,243.8784
ga_sembrado,2,int__tai20_15_06,1,15.5515,0.0390
ga_sembrado,2,int__tai20_15_06,2,15.5515,0.0390
ga_sembrado,2,int__tai20_15_06,4,15.5515,0.0390
ga_sembrado,2,int__tai20_15_06,8,15.5515,0.0400
ga_sembrado,2,int__tai20_15_06,16,15.5515,0.0420
ga_sembrado,2,int__tai20_15_06,32,15.5515,0.0450
ga_sembrado,2,int__tai20_15_06,64,15.5515,0.0500
ga_sembrado,2,int__tai20_15_06,128,15.5515,0.0600
ga_sembrado,2,int__tai20_15_06,256,15.5515,0.0840
ga_sembrado,2,int__tai20_15_06,512,15.5515,0.1490
ga_sembrado,2,int__tai20_15_06,1024,15.5515,0.3071
ga_sembrado,2,int__tai20_15_06,2048,15.5515,0.5707
ga_sembrado,2,int__tai20_15_06,4096,15.5515,1.1556
ga_sembrado,2,int__tai20_15_06,8192,13.0882,2.2808
ga_sembrado,2,int__tai20_15_06,16384,12.5368,4.1892
ga_sembrado,2,int__tai20_15_06,32768,12.1324,8.0022
ga_sembrado,2,int__tai20_15_06,65536,10.7721,16.2659
ga_sembrado,2,int__tai20_15_06,131072,10.3676,33.8020
ga_sembrado,2,int__tai20_15_06,262144,9.7426,65.9300
ga_sembrado,2,int__tai20_15_06,524288,9.7426,131.0428
ga_sembrado,2,int__tai20_15_06,1048576,9.7426,250.8275
regla_bon,1,int__tai20_15_06,1,15.5515,0.0120
regla_bon,1,int__tai20_15_06,2,15.5515,0.0240
regla_bon,1,int__tai20_15_06,4,15.0368,0.0440
regla_bon,1,int__tai20_15_06,8,15.0368,0.0860
regla_bon,1,int__tai20_15_06,16,15.0368,0.1725
regla_bon,1,int__tai20_15_06,32,15.0368,0.3400
regla_bon,1,int__tai20_15_06,64,13.9338,0.6807
regla_bon,1,int__tai20_15_06,128,12.3529,1.3538
regla_bon,1,int__tai20_15_06,256,12.3529,2.7233
regla_bon,1,int__tai20_15_06,512,12.3529,5.4976
regla_bon,1,int__tai20_15_06,1024,12.3529,11.2032
regla_bon,1,int__tai20_15_06,2048,12.3529,22.6363
regla_bon,1,int__tai20_15_06,4096,11.7647,45.4411
regla_bon,1,int__tai20_15_06,8192,11.7647,90.8593
regla_bon,1,int__tai20_15_06,14149,11.7647,160.0056
regla_bon,2,int__tai20_15_06,1,15.5515,0.0130
regla_bon,2,int__tai20_15_06,2,15.5515,0.0240
regla_bon,2,int__tai20_15_06,4,15.5515,0.0470
regla_bon,2,int__tai20_15_06,8,15.5515,0.0930
regla_bon,2,int__tai20_15_06,16,15.5515,0.1930
regla_bon,2,int__tai20_15_06,32,15.5515,0.3690
regla_bon,2,int__tai20_15_06,64,15.5515,0.7092
regla_bon,2,int__tai20_15_06,128,14.9632,1.4253
regla_bon,2,int__tai20_15_06,256,14.9632,2.7935
regla_bon,2,int__tai20_15_06,512,14.9632,5.5408
regla_bon,2,int__tai20_15_06,1024,12.3529,11.2721
regla_bon,2,int__tai20_15_06,2048,13.5662,22.2252
regla_bon,2,int__tai20_15_06,4096,11.5441,44.2081
regla_bon,2,int__tai20_15_06,8192,11.9485,88.9790
regla_bon,2,int__tai20_15_06,13896,11.9485,160.0048
azar,1,int__tai20_15_07,1,105.7798,0.0010
azar,1,int__tai20_15_07,2,93.3653,0.0010
azar,1,int__tai20_15_07,4,93.3653,0.0010
azar,1,int__tai20_15_07,8,92.4761,0.0020
azar,1,int__tai20_15_07,16,78.6252,0.0050
azar,1,int__tai20_15_07,32,78.6252,0.0090
azar,1,int__tai20_15_07,64,75.5814,0.0170
azar,1,int__tai20_15_07,128,75.3078,0.0335
azar,1,int__tai20_15_07,256,66.6211,0.0711
azar,1,int__tai20_15_07,512,65.2189,0.1441
azar,1,int__tai20_15_07,1024,65.2189,0.3207
azar,1,int__tai20_15_07,2048,62.0383,0.7318
azar,1,int__tai20_15_07,4096,62.0383,1.3459
azar,1,int__tai20_15_07,8192,53.6252,2.5430
azar,1,int__tai20_15_07,16384,53.6252,4.9259
azar,1,int__tai20_15_07,32768,53.6252,9.7652
azar,1,int__tai20_15_07,65536,54.0698,19.3742
azar,1,int__tai20_15_07,131072,54.0698,38.6148
azar,1,int__tai20_15_07,262144,50.1026,78.2942
azar,1,int__tai20_15_07,524288,49.4528,157.0007
azar,1,int__tai20_15_07,1048576,45.7250,320.7985
ga_sembrado,1,int__tai20_15_07,1,13.8509,0.0350
ga_sembrado,1,int__tai20_15_07,2,13.8509,0.0350
ga_sembrado,1,int__tai20_15_07,4,13.8509,0.0350
ga_sembrado,1,int__tai20_15_07,8,13.8509,0.0350
ga_sembrado,1,int__tai20_15_07,16,13.8509,0.0360
ga_sembrado,1,int__tai20_15_07,32,13.8509,0.0380
ga_sembrado,1,int__tai20_15_07,64,13.8509,0.0430
ga_sembrado,1,int__tai20_15_07,128,13.8509,0.0520
ga_sembrado,1,int__tai20_15_07,256,13.8509,0.0690
ga_sembrado,1,int__tai20_15_07,512,13.8509,0.1250
ga_sembrado,1,int__tai20_15_07,1024,13.8509,0.2375
ga_sembrado,1,int__tai20_15_07,2048,13.8509,0.4731
ga_sembrado,1,int__tai20_15_07,4096,13.8509,0.9176
ga_sembrado,1,int__tai20_15_07,8192,12.8933,1.8288
ga_sembrado,1,int__tai20_15_07,16384,12.7223,3.8446
ga_sembrado,1,int__tai20_15_07,32768,12.7223,7.7437
ga_sembrado,1,int__tai20_15_07,65536,10.9439,15.7322
ga_sembrado,1,int__tai20_15_07,131072,10.9439,31.1030
ga_sembrado,1,int__tai20_15_07,262144,10.3283,64.9615
ga_sembrado,1,int__tai20_15_07,524288,10.3283,131.7464
ga_sembrado,1,int__tai20_15_07,1048576,10.3283,251.5644
ga_sembrado,2,int__tai20_15_07,1,13.8509,0.0370
ga_sembrado,2,int__tai20_15_07,2,13.8509,0.0370
ga_sembrado,2,int__tai20_15_07,4,13.8509,0.0370
ga_sembrado,2,int__tai20_15_07,8,13.8509,0.0380
ga_sembrado,2,int__tai20_15_07,16,13.8509,0.0390
ga_sembrado,2,int__tai20_15_07,32,13.8509,0.0410
ga_sembrado,2,int__tai20_15_07,64,13.8509,0.0450
ga_sembrado,2,int__tai20_15_07,128,13.8509,0.0530
ga_sembrado,2,int__tai20_15_07,256,13.8509,0.0711
ga_sembrado,2,int__tai20_15_07,512,13.8509,0.1261
ga_sembrado,2,int__tai20_15_07,1024,13.8509,0.2351
ga_sembrado,2,int__tai20_15_07,2048,13.8509,0.4581
ga_sembrado,2,int__tai20_15_07,4096,13.8509,0.9243
ga_sembrado,2,int__tai20_15_07,8192,12.8933,1.8259
ga_sembrado,2,int__tai20_15_07,16384,11.9015,4.0363
ga_sembrado,2,int__tai20_15_07,32768,10.9439,7.6253
ga_sembrado,2,int__tai20_15_07,65536,10.3283,14.6590
ga_sembrado,2,int__tai20_15_07,131072,10.3283,28.9651
ga_sembrado,2,int__tai20_15_07,262144,10.3283,58.7213
ga_sembrado,2,int__tai20_15_07,524288,10.3283,118.6513
ga_sembrado,2,int__tai20_15_07,1048576,10.3283,248.6006
regla_bon,1,int__tai20_15_07,1,13.8509,0.0230
regla_bon,1,int__tai20_15_07,2,13.8509,0.0680
regla_bon,1,int__tai20_15_07,4,12.8933,0.0970
regla_bon,1,int__tai20_15_07,8,11.8673,0.1750
regla_bon,1,int__tai20_15_07,16,11.8673,0.3541
regla_bon,1,int__tai20_15_07,32,10.0889,0.6371
regla_bon,1,int__tai20_15_07,64,10.0889,1.4163
regla_bon,1,int__tai20_15_07,128,10.0889,2.6835
regla_bon,1,int__tai20_15_07,256,10.0889,4.4315
regla_bon,1,int__tai20_15_07,512,10.0889,7.6256
regla_bon,1,int__tai20_15_07,1024,10.0889,17.6442
regla_bon,1,int__tai20_15_07,2048,10.0889,29.9239
regla_bon,1,int__tai20_15_07,4096,10.0889,52.5999
regla_bon,1,int__tai20_15_07,8192,10.0889,95.8595
regla_bon,1,int__tai20_15_07,14032,8.9603,160.0100
regla_bon,2,int__tai20_15_07,1,13.8509,0.0100
regla_bon,2,int__tai20_15_07,2,13.8509,0.0210
regla_bon,2,int__tai20_15_07,4,13.8509,0.0430
regla_bon,2,int__tai20_15_07,8,13.8509,0.0840
regla_bon,2,int__tai20_15_07,16,13.8509,0.1660
regla_bon,2,int__tai20_15_07,32,13.8509,0.3421
regla_bon,2,int__tai20_15_07,64,12.7223,0.7249
regla_bon,2,int__tai20_15_07,128,11.9015,1.4215
regla_bon,2,int__tai20_15_07,256,11.9015,2.8234
regla_bon,2,int__tai20_15_07,512,12.1751,6.0305
regla_bon,2,int__tai20_15_07,1024,10.1231,12.4376
regla_bon,2,int__tai20_15_07,2048,10.1231,26.0236
regla_bon,2,int__tai20_15_07,4096,10.1231,51.1151
regla_bon,2,int__tai20_15_07,8192,10.5677,98.4326
regla_bon,2,int__tai20_15_07,13668,10.5677,160.0061
azar,1,int__tai20_15_08,1,128.9034,0.0010
azar,1,int__tai20_15_08,2,114.9601,0.0010
azar,1,int__tai20_15_08,4,105.7371,0.0010
azar,1,int__tai20_15_08,8,94.1540,0.0030
azar,1,int__tai20_15_08,16,86.5650,0.0055
azar,1,int__tai20_15_08,32,79.0123,0.0105
azar,1,int__tai20_15_08,64,71.8591,0.0195
azar,1,int__tai20_15_08,128,71.8591,0.0400
azar,1,int__tai20_15_08,256,71.8591,0.0790
azar,1,int__tai20_15_08,512,71.8591,0.1541
azar,1,int__tai20_15_08,1024,60.9659,0.3071
azar,1,int__tai20_15_08,2048,60.9659,0.6102
azar,1,int__tai20_15_08,4096,60.4212,1.2333
azar,1,int__tai20_15_08,8192,60.4212,2.4487
azar,1,int__tai20_15_08,16384,60.4212,4.8254
azar,1,int__tai20_15_08,32768,60.3123,9.6266
azar,1,int__tai20_15_08,65536,56.4270,19.4071
azar,1,int__tai20_15_08,131072,55.8460,38.7855
azar,1,int__tai20_15_08,262144,55.8460,78.9893
azar,1,int__tai20_15_08,524288,51.5977,158.6254
azar,1,int__tai20_15_08,1048576,51.1983,329.3813
ga_sembrado,1,int__tai20_15_08,1,23.5657,0.0385
ga_sembrado,1,int__tai20_15_08,2,23.5657,0.0385
ga_sembrado,1,int__tai20_15_08,4,23.5657,0.0385
ga_sembrado,1,int__tai20_15_08,8,23.5657,0.0395
ga_sembrado,1,int__tai20_15_08,16,23.5657,0.0405
ga_sembrado,1,int__tai20_15_08,32,23.5657,0.0425
ga_sembrado,1,int__tai20_15_08,64,23.5657,0.0475
ga_sembrado,1,int__tai20_15_08,128,23.5657,0.0585
ga_sembrado,1,int__tai20_15_08,256,23.5657,0.0775
ga_sembrado,1,int__tai20_15_08,512,23.5657,0.1495
ga_sembrado,1,int__tai20_15_08,1024,23.5657,0.2690
ga_sembrado,1,int__tai20_15_08,2048,23.5657,0.5106
ga_sembrado,1,int__tai20_15_08,4096,23.5657,0.9836
ga_sembrado,1,int__tai20_15_08,8192,22.2222,1.9403
ga_sembrado,1,int__tai20_15_08,16384,20.2251,3.8820
ga_sembrado,1,int__tai20_15_08,32768,18.5185,7.8346
ga_sembrado,1,int__tai20_15_08,65536,18.5185,15.6262
ga_sembrado,1,int__tai20_15_08,131072,18.5185,31.0329
ga_sembrado,1,int__tai20_15_08,262144,18.5185,65.6150
ga_sembrado,1,int__tai20_15_08,524288,18.5185,132.5279
ga_sembrado,1,int__tai20_15_08,1048576,18.5185,252.8672
ga_sembrado,2,int__tai20_15_08,1,23.5657,0.0300
ga_sembrado,2,int__tai20_15_08,2,23.5657,0.0300
ga_sembrado,2,int__tai20_15_08,4,23.5657,0.0310
ga_sembrado,2,int__tai20_15_08,8,23.5657,0.0310
ga_sembrado,2,int__tai20_15_08,16,23.5657,0.0320
ga_sembrado,2,int__tai20_15_08,32,23.5657,0.0340
ga_sembrado,2,int__tai20_15_08,64,23.5657,0.0380
ga_sembrado,2,int__tai20_15_08,128,23.5657,0.0480
ga_sembrado,2,int__tai20_15_08,256,23.5657,0.0660
ga_sembrado,2,int__tai20_15_08,512,23.5657,0.1200
ga_sembrado,2,int__tai20_15_08,1024,23.5657,0.2325
ga_sembrado,2,int__tai20_15_08,2048,23.5657,0.4566
ga_sembrado,2,int__tai20_15_08,4096,23.5657,0.9627
ga_sembrado,2,int__tai20_15_08,8192,22.1133,1.8321
ga_sembrado,2,int__tai20_15_08,16384,19.5715,3.6042
ga_sembrado,2,int__tai20_15_08,32768,18.6638,7.2320
ga_sembrado,2,int__tai20_15_08,65536,18.5185,14.4563
ga_sembrado,2,int__tai20_15_08,131072,18.5185,29.4901
ga_sembrado,2,int__tai20_15_08,262144,18.5185,59.1900
ga_sembrado,2,int__tai20_15_08,524288,18.5185,122.3759
ga_sembrado,2,int__tai20_15_08,1048576,18.5185,252.4280
regla_bon,1,int__tai20_15_08,1,23.5657,0.0140
regla_bon,1,int__tai20_15_08,2,23.5657,0.0290
regla_bon,1,int__tai20_15_08,4,23.5657,0.0654
regla_bon,1,int__tai20_15_08,8,23.2752,0.1269
regla_bon,1,int__tai20_15_08,16,18.6638,0.2300
regla_bon,1,int__tai20_15_08,32,18.6638,0.4367
regla_bon,1,int__tai20_15_08,64,18.6638,0.8602
regla_bon,1,int__tai20_15_08,128,18.6638,1.7950
regla_bon,1,int__tai20_15_08,256,18.6638,3.3173
regla_bon,1,int__tai20_15_08,512,17.6107,6.6191
regla_bon,1,int__tai20_15_08,1024,15.7952,12.3585
regla_bon,1,int__tai20_15_08,2048,15.7952,24.4534
regla_bon,1,int__tai20_15_08,4096,15.7952,45.7946
regla_bon,1,int__tai20_15_08,8192,15.7952,89.2155
regla_bon,1,int__tai20_15_08,14641,15.7952,160.0014
regla_bon,2,int__tai20_15_08,1,23.5657,0.0130
regla_bon,2,int__tai20_15_08,2,23.5657,0.0260
regla_bon,2,int__tai20_15_08,4,23.5657,0.0510
regla_bon,2,int__tai20_15_08,8,20.7335,0.1006
regla_bon,2,int__tai20_15_08,16,20.7335,0.1986
regla_bon,2,int__tai20_15_08,32,20.7335,0.3891
regla_bon,2,int__tai20_15_08,64,20.1162,0.7841
regla_bon,2,int__tai20_15_08,128,20.1162,1.7198
regla_bon,2,int__tai20_15_08,256,20.1162,3.2321
regla_bon,2,int__tai20_15_08,512,19.7894,7.0028
regla_bon,2,int__tai20_15_08,1024,19.0269,12.8629
regla_bon,2,int__tai20_15_08,2048,18.3007,25.7784
regla_bon,2,int__tai20_15_08,4096,15.9041,51.4014
regla_bon,2,int__tai20_15_08,8192,15.9041,97.6784
regla_bon,2,int__tai20_15_08,13597,15.9041,160.0001
azar,1,int__tai20_15_09,1,168.4309,0.0000
azar,1,int__tai20_15_09,2,127.4775,0.0000
azar,1,int__tai20_15_09,4,110.7357,0.0010
azar,1,int__tai20_15_09,8,95.0075,0.0025
azar,1,int__tai20_15_09,16,95.0075,0.0045
azar,1,int__tai20_15_09,32,74.0240,0.0095
azar,1,int__tai20_15_09,64,70.7583,0.0195
azar,1,int__tai20_15_09,128,68.8438,0.0385
azar,1,int__tai20_15_09,256,68.8438,0.0745
azar,1,int__tai20_15_09,512,64.8273,0.1445
azar,1,int__tai20_15_09,1024,64.8273,0.2865
azar,1,int__tai20_15_09,2048,64.8273,0.5806
azar,1,int__tai20_15_09,4096,64.8273,1.1492
azar,1,int__tai20_15_09,8192,64.8273,2.4023
azar,1,int__tai20_15_09,16384,59.0090,4.7666
azar,1,int__tai20_15_09,32768,59.0090,9.5294
azar,1,int__tai20_15_09,65536,59.0090,18.9347
azar,1,int__tai20_15_09,131072,57.6201,37.9100
azar,1,int__tai20_15_09,262144,56.6817,76.3401
azar,1,int__tai20_15_09,524288,56.9069,153.8468
azar,1,int__tai20_15_09,1048576,54.8048,311.3320
ga_sembrado,1,int__tai20_15_09,1,20.0075,0.0380
ga_sembrado,1,int__tai20_15_09,2,20.0075,0.0380
ga_sembrado,1,int__tai20_15_09,4,20.0075,0.0390
ga_sembrado,1,int__tai20_15_09,8,20.0075,0.0390
ga_sembrado,1,int__tai20_15_09,16,20.0075,0.0410
ga_sembrado,1,int__tai20_15_09,32,20.0075,0.0430
ga_sembrado,1,int__tai20_15_09,64,20.0075,0.0480
ga_sembrado,1,int__tai20_15_09,128,20.0075,0.0590
ga_sembrado,1,int__tai20_15_09,256,20.0075,0.0790
ga_sembrado,1,int__tai20_15_09,512,20.0075,0.1330
ga_sembrado,1,int__tai20_15_09,1024,20.0075,0.2530
ga_sembrado,1,int__tai20_15_09,2048,20.0075,0.5102
ga_sembrado,1,int__tai20_15_09,4096,20.0075,0.9648
ga_sembrado,1,int__tai20_15_09,8192,17.3048,1.8891
ga_sembrado,1,int__tai20_15_09,16384,13.5135,3.6741
ga_sembrado,1,int__tai20_15_09,32768,13.0255,7.2861
ga_sembrado,1,int__tai20_15_09,65536,12.0495,15.0460
ga_sembrado,1,int__tai20_15_09,131072,10.7357,29.9965
ga_sembrado,1,int__tai20_15_09,262144,10.0225,61.9071
ga_sembrado,1,int__tai20_15_09,524288,10.0225,130.6597
ga_sembrado,1,int__tai20_15_09,1048576,10.0225,257.0990
ga_sembrado,2,int__tai20_15_09,1,20.0075,0.0390
ga_sembrado,2,int__tai20_15_09,2,20.0075,0.0390
ga_sembrado,2,int__tai20_15_09,4,20.0075,0.0390
ga_sembrado,2,int__tai20_15_09,8,20.0075,0.0400
ga_sembrado,2,int__tai20_15_09,16,20.0075,0.0410
ga_sembrado,2,int__tai20_15_09,32,20.0075,0.0440
ga_sembrado,2,int__tai20_15_09,64,20.0075,0.0510
ga_sembrado,2,int__tai20_15_09,128,20.0075,0.0610
ga_sembrado,2,int__tai20_15_09,256,20.0075,0.0830
ga_sembrado,2,int__tai20_15_09,512,20.0075,0.1435
ga_sembrado,2,int__tai20_15_09,1024,20.0075,0.2735
ga_sembrado,2,int__tai20_15_09,2048,20.0075,0.5356
ga_sembrado,2,int__tai20_15_09,4096,20.0075,1.0337
ga_sembrado,2,int__tai20_15_09,8192,16.7042,2.0215
ga_sembrado,2,int__tai20_15_09,16384,13.5886,4.1508
ga_sembrado,2,int__tai20_15_09,32768,13.0631,8.2366
ga_sembrado,2,int__tai20_15_09,65536,11.2613,15.6534
ga_sembrado,2,int__tai20_15_09,131072,11.1862,30.6775
ga_sembrado,2,int__tai20_15_09,262144,11.1862,60.9357
ga_sembrado,2,int__tai20_15_09,524288,9.5721,121.1411
ga_sembrado,2,int__tai20_15_09,1048576,9.5721,241.5666
regla_bon,1,int__tai20_15_09,1,20.0075,0.0110
regla_bon,1,int__tai20_15_09,2,20.0075,0.0225
regla_bon,1,int__tai20_15_09,4,20.0075,0.0470
regla_bon,1,int__tai20_15_09,8,19.8949,0.0920
regla_bon,1,int__tai20_15_09,16,16.6667,0.1805
regla_bon,1,int__tai20_15_09,32,16.6667,0.3571
regla_bon,1,int__tai20_15_09,64,16.9670,0.7145
regla_bon,1,int__tai20_15_09,128,15.8784,1.4291
regla_bon,1,int__tai20_15_09,256,13.8138,2.8834
regla_bon,1,int__tai20_15_09,512,12.1997,5.8043
regla_bon,1,int__tai20_15_09,1024,10.5856,11.5803
regla_bon,1,int__tai20_15_09,2048,10.5856,23.8905
regla_bon,1,int__tai20_15_09,4096,10.5856,47.0701
regla_bon,1,int__tai20_15_09,8192,10.5856,94.1333
regla_bon,1,int__tai20_15_09,13966,10.5856,160.0070
regla_bon,2,int__tai20_15_09,1,20.0075,0.0130
regla_bon,2,int__tai20_15_09,2,20.0075,0.0270
regla_bon,2,int__tai20_15_09,4,20.0075,0.0510
regla_bon,2,int__tai20_15_09,8,20.0075,0.1000
regla_bon,2,int__tai20_15_09,16,18.2432,0.1990
regla_bon,2,int__tai20_15_09,32,15.4655,0.3720
regla_bon,2,int__tai20_15_09,64,14.2267,0.7341
regla_bon,2,int__tai20_15_09,128,14.2267,1.5698
regla_bon,2,int__tai20_15_09,256,13.5511,3.0470
regla_bon,2,int__tai20_15_09,512,13.4760,6.0402
regla_bon,2,int__tai20_15_09,1024,13.4760,11.8979
regla_bon,2,int__tai20_15_09,2048,13.6637,24.8425
regla_bon,2,int__tai20_15_09,4096,13.6637,50.0331
regla_bon,2,int__tai20_15_09,8192,11.7117,98.7015
regla_bon,2,int__tai20_15_09,13416,11.7117,160.0072
azar,1,int__tai20_15_10,1,113.9466,0.0000
azar,1,int__tai20_15_10,2,106.6766,0.0010
azar,1,int__tai20_15_10,4,91.5430,0.0010
azar,1,int__tai20_15_10,8,91.5430,0.0030
azar,1,int__tai20_15_10,16,86.1647,0.0050
azar,1,int__tai20_15_10,32,83.5312,0.0100
azar,1,int__tai20_15_10,64,81.3798,0.0190
azar,1,int__tai20_15_10,128,81.9733,0.0380
azar,1,int__tai20_15_10,256,70.5119,0.0740
azar,1,int__tai20_15_10,512,70.5119,0.1410
azar,1,int__tai20_15_10,1024,70.5119,0.2850
azar,1,int__tai20_15_10,2048,70.5119,0.6169
azar,1,int__tai20_15_10,4096,64.7255,1.3272
azar,1,int__tai20_15_10,8192,61.7211,2.5577
azar,1,int__tai20_15_10,16384,61.7211,4.9575
azar,1,int__tai20_15_10,32768,59.5697,9.6847
azar,1,int__tai20_15_10,65536,56.7507,19.1456
azar,1,int__tai20_15_10,131072,56.7507,38.0115
azar,1,int__tai20_15_10,262144,56.6024,76.2016
azar,1,int__tai20_15_10,524288,53.9318,153.4361
azar,1,int__tai20_15_10,1048576,53.9318,311.1500
ga_sembrado,1,int__tai20_15_10,1,15.0964,0.0320
ga_sembrado,1,int__tai20_15_10,2,15.0964,0.0320
ga_sembrado,1,int__tai20_15_10,4,15.0964,0.0330
ga_sembrado,1,int__tai20_15_10,8,15.0964,0.0330
ga_sembrado,1,int__tai20_15_10,16,15.0964,0.0340
ga_sembrado,1,int__tai20_15_10,32,15.0964,0.0370
ga_sembrado,1,int__tai20_15_10,64,15.0964,0.0420
ga_sembrado,1,int__tai20_15_10,128,15.0964,0.0520
ga_sembrado,1,int__tai20_15_10,256,15.0964,0.0735
ga_sembrado,1,int__tai20_15_10,512,15.0964,0.1305
ga_sembrado,1,int__tai20_15_10,1024,15.0964,0.2530
ga_sembrado,1,int__tai20_15_10,2048,15.0964,0.4831
ga_sembrado,1,int__tai20_15_10,4096,15.0964,0.9447
ga_sembrado,1,int__tai20_15_10,8192,15.0964,1.8864
ga_sembrado,1,int__tai20_15_10,16384,14.3917,3.7729
ga_sembrado,1,int__tai20_15_10,32768,13.6869,7.4381
ga_sembrado,1,int__tai20_15_10,65536,11.9436,14.8207
ga_sembrado,1,int__tai20_15_10,131072,11.0534,29.7699
ga_sembrado,1,int__tai20_15_10,262144,11.0534,61.1573
ga_sembrado,1,int__tai20_15_10,524288,10.2374,130.7027
ga_sembrado,1,int__tai20_15_10,1048576,10.2374,255.8510
ga_sembrado,2,int__tai20_15_10,1,15.0964,0.0330
ga_sembrado,2,int__tai20_15_10,2,15.0964,0.0330
ga_sembrado,2,int__tai20_15_10,4,15.0964,0.0340
ga_sembrado,2,int__tai20_15_10,8,15.0964,0.0340
ga_sembrado,2,int__tai20_15_10,16,15.0964,0.0350
ga_sembrado,2,int__tai20_15_10,32,15.0964,0.0380
ga_sembrado,2,int__tai20_15_10,64,15.0964,0.0430
ga_sembrado,2,int__tai20_15_10,128,15.0964,0.0525
ga_sembrado,2,int__tai20_15_10,256,15.0964,0.0735
ga_sembrado,2,int__tai20_15_10,512,15.0964,0.1310
ga_sembrado,2,int__tai20_15_10,1024,15.0964,0.2490
ga_sembrado,2,int__tai20_15_10,2048,15.0964,0.4851
ga_sembrado,2,int__tai20_15_10,4096,15.0964,0.9432
ga_sembrado,2,int__tai20_15_10,8192,15.0593,1.8717
ga_sembrado,2,int__tai20_15_10,16384,14.7626,3.8172
ga_sembrado,2,int__tai20_15_10,32768,13.7611,8.0524
ga_sembrado,2,int__tai20_15_10,65536,11.8694,16.0252
ga_sembrado,2,int__tai20_15_10,131072,11.8323,31.0266
ga_sembrado,2,int__tai20_15_10,262144,11.2018,61.2622
ga_sembrado,2,int__tai20_15_10,524288,10.2374,121.3218
ga_sembrado,2,int__tai20_15_10,1048576,9.5697,241.4414
regla_bon,1,int__tai20_15_10,1,15.0964,0.0130
regla_bon,1,int__tai20_15_10,2,15.0964,0.0230
regla_bon,1,int__tai20_15_10,4,15.0964,0.0440
regla_bon,1,int__tai20_15_10,8,15.0964,0.0890
regla_bon,1,int__tai20_15_10,16,15.0964,0.1750
regla_bon,1,int__tai20_15_10,32,15.0964,0.3526
regla_bon,1,int__tai20_15_10,64,15.0964,0.7001
regla_bon,1,int__tai20_15_10,128,15.0964,1.3762
regla_bon,1,int__tai20_15_10,256,15.4674,2.7792
regla_bon,1,int__tai20_15_10,512,15.4674,5.5430
regla_bon,1,int__tai20_15_10,1024,13.5386,11.1254
regla_bon,1,int__tai20_15_10,2048,13.5386,22.6728
regla_bon,1,int__tai20_15_10,4096,11.8694,45.6032
regla_bon,1,int__tai20_15_10,8192,11.8694,91.0822
regla_bon,1,int__tai20_15_10,14439,12.1291,160.0064
regla_bon,2,int__tai20_15_10,1,15.0964,0.0120
regla_bon,2,int__tai20_15_10,2,15.0964,0.0220
regla_bon,2,int__tai20_15_10,4,15.0964,0.0440
regla_bon,2,int__tai20_15_10,8,15.0964,0.0855
regla_bon,2,int__tai20_15_10,16,15.0964,0.1745
regla_bon,2,int__tai20_15_10,32,15.0964,0.3471
regla_bon,2,int__tai20_15_10,64,15.0964,0.6902
regla_bon,2,int__tai20_15_10,128,15.0964,1.3784
regla_bon,2,int__tai20_15_10,256,15.0964,2.8726
regla_bon,2,int__tai20_15_10,512,15.0964,5.9970
regla_bon,2,int__tai20_15_10,1024,13.5386,11.8187
regla_bon,2,int__tai20_15_10,2048,13.5386,22.9854
regla_bon,2,int__tai20_15_10,4096,13.7240,47.2843
regla_bon,2,int__tai20_15_10,8192,13.7240,95.6675
regla_bon,2,int__tai20_15_10,13826,13.7240,160.0108
azar,1,int__tai20_20_01,1,117.9050,0.0000
azar,1,int__tai20_20_01,2,102.8015,0.0000
azar,1,int__tai20_20_01,4,102.8015,0.0010
azar,1,int__tai20_20_01,8,87.7588,0.0020
azar,1,int__tai20_20_01,16,85.1401,0.0060
azar,1,int__tai20_20_01,32,85.1401,0.0100
azar,1,int__tai20_20_01,64,81.8819,0.0230
azar,1,int__tai20_20_01,128,73.2034,0.0500
azar,1,int__tai20_20_01,256,73.2034,0.0941
azar,1,int__tai20_20_01,512,70.8892,0.1921
azar,1,int__tai20_20_01,1024,63.8246,0.3918
azar,1,int__tai20_20_01,2048,63.8246,0.7894
azar,1,int__tai20_20_01,4096,63.8246,1.5891
azar,1,int__tai20_20_01,8192,63.8246,3.1687
azar,1,int__tai20_20_01,16384,63.8246,6.3724
azar,1,int__tai20_20_01,32768,65.3471,12.8369
azar,1,int__tai20_20_01,65536,60.5055,25.5264
azar,1,int__tai20_20_01,131072,57.9172,51.8596
azar,1,int__tai20_20_01,262144,53.9890,104.2616
azar,1,int__tai20_20_01,524288,53.9890,211.0750
azar,1,int__tai20_20_01,1048576,53.9890,423.4099
ga_sembrado,1,int__tai20_20_01,1,20.2192,0.0450
ga_sembrado,1,int__tai20_20_01,2,20.2192,0.0450
ga_sembrado,1,int__tai20_20_01,4,20.2192,0.0450
ga_sembrado,1,int__tai20_20_01,8,20.2192,0.0460
ga_sembrado,1,int__tai20_20_01,16,20.2192,0.0480
ga_sembrado,1,int__tai20_20_01,32,20.2192,0.0510
ga_sembrado,1,int__tai20_20_01,64,20.2192,0.0580
ga_sembrado,1,int__tai20_20_01,128,20.2192,0.0710
ga_sembrado,1,int__tai20_20_01,256,20.2192,0.0975
ga_sembrado,1,int__tai20_20_01,512,20.2192,0.1735
ga_sembrado,1,int__tai20_20_01,1024,20.2192,0.3286
ga_sembrado,1,int__tai20_20_01,2048,20.2192,0.6305
ga_sembrado,1,int__tai20_20_01,4096,20.2192,1.2101
ga_sembrado,1,int__tai20_20_01,8192,19.2753,2.7486
ga_sembrado,1,int__tai20_20_01,16384,18.1486,5.2895
ga_sembrado,1,int__tai20_20_01,32768,15.1644,9.9540
ga_sembrado,1,int__tai20_20_01,65536,14.7381,19.7857
ga_sembrado,1,int__tai20_20_01,131072,14.6468,40.7561
ga_sembrado,1,int__tai20_20_01,262144,14.6468,85.9874
ga_sembrado,1,int__tai20_20_01,524288,14.3727,170.3740
ga_sembrado,1,int__tai20_20_01,1048576,14.3727,329.5023
ga_sembrado,2,int__tai20_20_01,1,20.2192,0.0430
ga_sembrado,2,int__tai20_20_01,2,20.2192,0.0430
ga_sembrado,2,int__tai20_20_01,4,20.2192,0.0430
ga_sembrado,2,int__tai20_20_01,8,20.2192,0.0440
ga_sembrado,2,int__tai20_20_01,16,20.2192,0.0460
ga_sembrado,2,int__tai20_20_01,32,20.2192,0.0490
ga_sembrado,2,int__tai20_20_01,64,20.2192,0.0550
ga_sembrado,2,int__tai20_20_01,128,20.2192,0.0680
ga_sembrado,2,int__tai20_20_01,256,20.2192,0.0950
ga_sembrado,2,int__tai20_20_01,512,20.2192,0.1690
ga_sembrado,2,int__tai20_20_01,1024,20.2192,0.3270
ga_sembrado,2,int__tai20_20_01,2048,20.2192,0.6247
ga_sembrado,2,int__tai20_20_01,4096,20.2192,1.2038
ga_sembrado,2,int__tai20_20_01,8192,19.2144,2.3861
ga_sembrado,2,int__tai20_20_01,16384,16.4434,4.8043
ga_sembrado,2,int__tai20_20_01,32768,15.9257,9.6537
ga_sembrado,2,int__tai20_20_01,65536,15.5298,19.3185
ga_sembrado,2,int__tai20_20_01,131072,14.7686,38.6000
ga_sembrado,2,int__tai20_20_01,262144,14.7686,80.4608
ga_sembrado,2,int__tai20_20_01,524288,14.7686,167.1837
ga_sembrado,2,int__tai20_20_01,1048576,14.7686,324.8096
regla_bon,1,int__tai20_20_01,1,20.2192,0.0160
regla_bon,1,int__tai20_20_01,2,20.2192,0.0310
regla_bon,1,int__tai20_20_01,4,20.2192,0.0590
regla_bon,1,int__tai20_20_01,8,18.6358,0.1160
regla_bon,1,int__tai20_20_01,16,18.6358,0.2290
regla_bon,1,int__tai20_20_01,32,17.6309,0.4636
regla_bon,1,int__tai20_20_01,64,17.6309,0.9287
regla_bon,1,int__tai20_20_01,128,15.4689,1.9829
regla_bon,1,int__tai20_20_01,256,13.0329,3.9458
regla_bon,1,int__tai20_20_01,512,13.0329,7.7054
regla_bon,1,int__tai20_20_01,1024,13.0329,15.1983
regla_bon,1,int__tai20_20_01,2048,13.7333,30.0046
regla_bon,1,int__tai20_20_01,4096,13.1242,60.2547
regla_bon,1,int__tai20_20_01,8192,13.4287,120.8519
regla_bon,1,int__tai20_20_01,10870,11.9976,160.0108
regla_bon,2,int__tai20_20_01,1,20.2192,0.0160
regla_bon,2,int__tai20_20_01,2,20.2192,0.0290
regla_bon,2,int__tai20_20_01,4,20.2192,0.0580
regla_bon,2,int__tai20_20_01,8,20.2192,0.1160
regla_bon,2,int__tai20_20_01,16,20.2192,0.2241
regla_bon,2,int__tai20_20_01,32,20.0670,0.4451
regla_bon,2,int__tai20_20_01,64,14.9513,0.9469
regla_bon,2,int__tai20_20_01,128,14.9513,1.8471
regla_bon,2,int__tai20_20_01,256,15.6516,3.6760
regla_bon,2,int__tai20_20_01,512,15.6516,7.4425
regla_bon,2,int__tai20_20_01,1024,15.6516,15.0862
regla_bon,2,int__tai20_20_01,2048,13.6419,31.2855
regla_bon,2,int__tai20_20_01,4096,13.1547,63.7324
regla_bon,2,int__tai20_20_01,8192,12.7284,125.2807
regla_bon,2,int__tai20_20_01,10582,11.4495,160.0074
azar,1,int__tai20_20_02,1,109.4811,0.0010
azar,1,int__tai20_20_02,2,95.2915,0.0010
azar,1,int__tai20_20_02,4,95.2915,0.0020
azar,1,int__tai20_20_02,8,95.2915,0.0040
azar,1,int__tai20_20_02,16,95.2915,0.0070
azar,1,int__tai20_20_02,32,95.2915,0.0130
azar,1,int__tai20_20_02,64,94.5868,0.0270
azar,1,int__tai20_20_02,128,84.3690,0.0460
azar,1,int__tai20_20_02,256,84.3690,0.0960
azar,1,int__tai20_20_02,512,79.6925,0.1930
azar,1,int__tai20_20_02,1024,71.9731,0.3846
azar,1,int__tai20_20_02,2048,71.9731,0.7817
azar,1,int__tai20_20_02,4096,71.9731,1.6139
azar,1,int__tai20_20_02,8192,71.9731,3.1622
azar,1,int__tai20_20_02,16384,71.5567,6.3339
azar,1,int__tai20_20_02,32768,67.5849,12.6265
azar,1,int__tai20_20_02,65536,67.5849,25.5922
azar,1,int__tai20_20_02,131072,64.1256,51.4020
azar,1,int__tai20_20_02,262144,64.1256,103.8988
azar,1,int__tai20_20_02,524288,59.8334,208.6836
azar,1,int__tai20_20_02,1048576,54.6765,422.2641
ga_sembrado,1,int__tai20_20_02,1,17.4247,0.0470
ga_sembrado,1,int__tai20_20_02,2,17.4247,0.0470
ga_sembrado,1,int__tai20_20_02,4,17.4247,0.0470
ga_sembrado,1,int__tai20_20_02,8,17.4247,0.0480
ga_sembrado,1,int__tai20_20_02,16,17.4247,0.0500
ga_sembrado,1,int__tai20_20_02,32,17.4247,0.0520
ga_sembrado,1,int__tai20_20_02,64,17.4247,0.0580
ga_sembrado,1,int__tai20_20_02,128,17.4247,0.0710
ga_sembrado,1,int__tai20_20_02,256,17.4247,0.0970
ga_sembrado,1,int__tai20_20_02,512,17.4247,0.1750
ga_sembrado,1,int__tai20_20_02,1024,17.4247,0.3361
ga_sembrado,1,int__tai20_20_02,2048,17.4247,0.6432
ga_sembrado,1,int__tai20_20_02,4096,17.4247,1.2672
ga_sembrado,1,int__tai20_20_02,8192,17.3286,2.4587
ga_sembrado,1,int__tai20_20_02,16384,17.2646,4.8999
ga_sembrado,1,int__tai20_20_02,32768,16.2396,9.6842
ga_sembrado,1,int__tai20_20_02,65536,15.4709,19.9175
ga_sembrado,1,int__tai20_20_02,131072,12.3639,39.1297
ga_sembrado,1,int__tai20_20_02,262144,12.1076,84.1937
ga_sembrado,1,int__tai20_20_02,524288,11.0506,169.9113
ga_sembrado,1,int__tai20_20_02,1048576,10.2819,329.5020
ga_sembrado,2,int__tai20_20_02,1,17.4247,0.0465
ga_sembrado,2,int__tai20_20_02,2,17.4247,0.0465
ga_sembrado,2,int__tai20_20_02,4,17.4247,0.0475
ga_sembrado,2,int__tai20_20_02,8,17.4247,0.0485
ga_sembrado,2,int__tai20_20_02,16,17.4247,0.0495
ga_sembrado,2,int__tai20_20_02,32,17.4247,0.0535
ga_sembrado,2,int__tai20_20_02,64,17.4247,0.0605
ga_sembrado,2,int__tai20_20_02,128,17.4247,0.0755
ga_sembrado,2,int__tai20_20_02,256,17.4247,0.1025
ga_sembrado,2,int__tai20_20_02,512,17.4247,0.1745
ga_sembrado,2,int__tai20_20_02,1024,17.4247,0.3290
ga_sembrado,2,int__tai20_20_02,2048,17.4247,0.6351
ga_sembrado,2,int__tai20_20_02,4096,17.4247,1.2438
ga_sembrado,2,int__tai20_20_02,8192,17.2646,2.4563
ga_sembrado,2,int__tai20_20_02,16384,17.2646,4.9267
ga_sembrado,2,int__tai20_20_02,32768,15.9513,9.7645
ga_sembrado,2,int__tai20_20_02,65536,15.1826,19.3431
ga_sembrado,2,int__tai20_20_02,131072,15.7271,38.6242
ga_sembrado,2,int__tai20_20_02,262144,13.4209,78.4304
ga_sembrado,2,int__tai20_20_02,524288,12.5240,163.9287
ga_sembrado,2,int__tai20_20_02,1048576,11.8193,324.2565
regla_bon,1,int__tai20_20_02,1,17.4247,0.0170
regla_bon,1,int__tai20_20_02,2,17.4247,0.0330
regla_bon,1,int__tai20_20_02,4,17.4247,0.0620
regla_bon,1,int__tai20_20_02,8,17.4247,0.1160
regla_bon,1,int__tai20_20_02,16,17.4247,0.2335
regla_bon,1,int__tai20_20_02,32,17.4247,0.5431
regla_bon,1,int__tai20_20_02,64,16.8482,1.0727
regla_bon,1,int__tai20_20_02,128,15.1826,2.0304
regla_bon,1,int__tai20_20_02,256,15.1826,3.8711
regla_bon,1,int__tai20_20_02,512,14.2537,7.6771
regla_bon,1,int__tai20_20_02,1024,14.2537,15.2966
regla_bon,1,int__tai20_20_02,2048,14.2537,30.5465
regla_bon,1,int__tai20_20_02,4096,14.2537,60.5243
regla_bon,1,int__tai20_20_02,8192,14.2537,120.8053
regla_bon,1,int__tai20_20_02,10783,13.8053,160.0038
regla_bon,2,int__tai20_20_02,1,17.4247,0.0160
regla_bon,2,int__tai20_20_02,2,17.4247,0.0310
regla_bon,2,int__tai20_20_02,4,17.4247,0.0611
regla_bon,2,int__tai20_20_02,8,16.8802,0.1191
regla_bon,2,int__tai20_20_02,16,16.8802,0.2361
regla_bon,2,int__tai20_20_02,32,16.8802,0.4641
regla_bon,2,int__tai20_20_02,64,15.5990,0.9072
regla_bon,2,int__tai20_20_02,128,15.5990,1.7868
regla_bon,2,int__tai20_20_02,256,15.5990,3.6909
regla_bon,2,int__tai20_20_02,512,14.7982,7.3413
regla_bon,2,int__tai20_20_02,1024,14.7982,15.2353
regla_bon,2,int__tai20_20_02,2048,13.7732,30.4059
regla_bon,2,int__tai20_20_02,4096,13.7732,64.1671
regla_bon,2,int__tai20_20_02,8192,13.7732,126.7626
regla_bon,2,int__tai20_20_02,10481,13.7732,160.0105
azar,1,int__tai20_20_03,1,156.3900,0.0000
azar,1,int__tai20_20_03,2,101.4493,0.0010
azar,1,int__tai20_20_03,4,101.4493,0.0015
azar,1,int__tai20_20_03,8,87.8129,0.0030
azar,1,int__tai20_20_03,16,87.8129,0.0060
azar,1,int__tai20_20_03,32,88.8011,0.0120
azar,1,int__tai20_20_03,64,88.8011,0.0210
azar,1,int__tai20_20_03,128,79.7101,0.0490
azar,1,int__tai20_20_03,256,79.7101,0.1025
azar,1,int__tai20_20_03,512,79.7101,0.1981
azar,1,int__tai20_20_03,1024,77.0751,0.3981
azar,1,int__tai20_20_03,2048,77.0751,0.8186
azar,1,int__tai20_20_03,4096,70.8169,1.6361
azar,1,int__tai20_20_03,8192,70.8169,3.2695
azar,1,int__tai20_20_03,16384,70.8169,7.7716
azar,1,int__tai20_20_03,32768,67.3913,14.3673
azar,1,int__tai20_20_03,65536,68.7088,27.3567
azar,1,int__tai20_20_03,131072,63.8011,53.7620
azar,1,int__tai20_20_03,262144,63.8011,107.0979
azar,1,int__tai20_20_03,524288,63.8011,213.9496
azar,1,int__tai20_20_03,1048576,62.3188,424.4981
ga_sembrado,1,int__tai20_20_03,1,17.7536,0.0420
ga_sembrado,1,int__tai20_20_03,2,17.7536,0.0420
ga_sembrado,1,int__tai20_20_03,4,17.7536,0.0420
ga_sembrado,1,int__tai20_20_03,8,17.7536,0.0430
ga_sembrado,1,int__tai20_20_03,16,17.7536,0.0450
ga_sembrado,1,int__tai20_20_03,32,17.7536,0.0480
ga_sembrado,1,int__tai20_20_03,64,17.7536,0.0540
ga_sembrado,1,int__tai20_20_03,128,17.7536,0.0670
ga_sembrado,1,int__tai20_20_03,256,17.7536,0.0910
ga_sembrado,1,int__tai20_20_03,512,17.7536,0.1620
ga_sembrado,1,int__tai20_20_03,1024,17.7536,0.3050
ga_sembrado,1,int__tai20_20_03,2048,17.7536,0.6051
ga_sembrado,1,int__tai20_20_03,4096,17.7536,1.1992
ga_sembrado,1,int__tai20_20_03,8192,16.6996,2.3719
ga_sembrado,1,int__tai20_20_03,16384,16.6008,4.9383
ga_sembrado,1,int__tai20_20_03,32768,16.5020,10.0028
ga_sembrado,1,int__tai20_20_03,65536,16.2714,22.6708
ga_sembrado,1,int__tai20_20_03,131072,16.1067,43.1098
ga_sembrado,1,int__tai20_20_03,262144,16.1067,81.3914
ga_sembrado,1,int__tai20_20_03,524288,14.3281,158.7130
ga_sembrado,1,int__tai20_20_03,1048576,13.6693,317.2569
ga_sembrado,2,int__tai20_20_03,1,17.7536,0.0360
ga_sembrado,2,int__tai20_20_03,2,17.7536,0.0360
ga_sembrado,2,int__tai20_20_03,4,17.7536,0.0370
ga_sembrado,2,int__tai20_20_03,8,17.7536,0.0370
ga_sembrado,2,int__tai20_20_03,16,17.7536,0.0390
ga_sembrado,2,int__tai20_20_03,32,17.7536,0.0420
ga_sembrado,2,int__tai20_20_03,64,17.7536,0.0470
ga_sembrado,2,int__tai20_20_03,128,17.7536,0.0600
ga_sembrado,2,int__tai20_20_03,256,17.7536,0.0870
ga_sembrado,2,int__tai20_20_03,512,17.7536,0.1641
ga_sembrado,2,int__tai20_20_03,1024,17.7536,0.3076
ga_sembrado,2,int__tai20_20_03,2048,17.7536,0.6021
ga_sembrado,2,int__tai20_20_03,4096,17.7536,1.2132
ga_sembrado,2,int__tai20_20_03,8192,16.9631,2.3914
ga_sembrado,2,int__tai20_20_03,16384,16.6667,4.8974
ga_sembrado,2,int__tai20_20_03,32768,16.5349,9.9526
ga_sembrado,2,int__tai20_20_03,65536,16.3702,19.4264
ga_sembrado,2,int__tai20_20_03,131072,16.3702,40.9710
ga_sembrado,2,int__tai20_20_03,262144,16.2055,81.2526
ga_sembrado,2,int__tai20_20_03,524288,14.4928,158.6822
ga_sembrado,2,int__tai20_20_03,1048576,14.4928,324.3846
regla_bon,1,int__tai20_20_03,1,17.7536,0.0160
regla_bon,1,int__tai20_20_03,2,17.7536,0.0310
regla_bon,1,int__tai20_20_03,4,17.7536,0.0590
regla_bon,1,int__tai20_20_03,8,17.7536,0.1180
regla_bon,1,int__tai20_20_03,16,17.7536,0.2310
regla_bon,1,int__tai20_20_03,32,17.7536,0.4621
regla_bon,1,int__tai20_20_03,64,17.7536,0.9292
regla_bon,1,int__tai20_20_03,128,17.2925,1.8569
regla_bon,1,int__tai20_20_03,256,16.5349,3.6772
regla_bon,1,int__tai20_20_03,512,15.9750,7.3827
regla_bon,1,int__tai20_20_03,1024,15.9750,15.3721
regla_bon,1,int__tai20_20_03,2048,15.9750,30.8325
regla_bon,1,int__tai20_20_03,4096,15.8762,64.8756
regla_bon,1,int__tai20_20_03,8192,14.2292,128.9734
regla_bon,1,int__tai20_20_03,10218,14.2292,160.0145
regla_bon,2,int__tai20_20_03,1,17.7536,0.0180
regla_bon,2,int__tai20_20_03,2,17.7536,0.0335
regla_bon,2,int__tai20_20_03,4,17.7536,0.0635
regla_bon,2,int__tai20_20_03,8,17.7536,0.1225
regla_bon,2,int__tai20_20_03,16,17.7536,0.2366
regla_bon,2,int__tai20_20_03,32,17.7536,0.4728
regla_bon,2,int__tai20_20_03,64,17.7536,0.9420
regla_bon,2,int__tai20_20_03,128,17.7536,1.8732
regla_bon,2,int__tai20_20_03,256,15.7444,3.7464
regla_bon,2,int__tai20_20_03,512,14.6904,7.5315
regla_bon,2,int__tai20_20_03,1024,14.6904,15.5995
regla_bon,2,int__tai20_20_03,2048,14.6904,30.8163
regla_bon,2,int__tai20_20_03,4096,14.3610,61.6030
regla_bon,2,int__tai20_20_03,8192,14.3610,124.6310
regla_bon,2,int__tai20_20_03,10555,14.3610,160.0017
azar,1,int__tai20_20_04,1,106.8735,0.0010
azar,1,int__tai20_20_04,2,91.2409,0.0010
azar,1,int__tai20_20_04,4,75.9124,0.0020
azar,1,int__tai20_20_04,8,75.9124,0.0030
azar,1,int__tai20_20_04,16,75.9124,0.0070
azar,1,int__tai20_20_04,32,75.9124,0.0130
azar,1,int__tai20_20_04,64,75.9124,0.0250
azar,1,int__tai20_20_04,128,75.2129,0.0531
azar,1,int__tai20_20_04,256,75.2129,0.1061
azar,1,int__tai20_20_04,512,68.5827,0.2021
azar,1,int__tai20_20_04,1024,68.5827,0.3916
azar,1,int__tai20_20_04,2048,68.5827,0.7898
azar,1,int__tai20_20_04,4096,65.5718,1.6210
azar,1,int__tai20_20_04,8192,64.5985,3.2917
azar,1,int__tai20_20_04,16384,64.5985,6.5419
azar,1,int__tai20_20_04,32768,62.4392,13.0733
azar,1,int__tai20_20_04,65536,60.4623,26.2229
azar,1,int__tai20_20_04,131072,53.1022,53.3398
azar,1,int__tai20_20_04,262144,53.1022,106.9299
azar,1,int__tai20_20_04,524288,52.5547,213.7458
azar,1,int__tai20_20_04,1048576,52.5547,426.3551
ga_sembrado,1,int__tai20_20_04,1,14.0511,0.0535
ga_sembrado,1,int__tai20_20_04,2,14.0511,0.0535
ga_sembrado,1,int__tai20_20_04,4,14.0511,0.0535
ga_sembrado,1,int__tai20_20_04,8,14.0511,0.0545
ga_sembrado,1,int__tai20_20_04,16,14.0511,0.0565
ga_sembrado,1,int__tai20_20_04,32,14.0511,0.0595
ga_sembrado,1,int__tai20_20_04,64,14.0511,0.0655
ga_sembrado,1,int__tai20_20_04,128,14.0511,0.0785
ga_sembrado,1,int__tai20_20_04,256,14.0511,0.1085
ga_sembrado,1,int__tai20_20_04,512,14.0511,0.1925
ga_sembrado,1,int__tai20_20_04,1024,14.0511,0.3581
ga_sembrado,1,int__tai20_20_04,2048,14.0511,0.7171
ga_sembrado,1,int__tai20_20_04,4096,13.8686,1.4177
ga_sembrado,1,int__tai20_20_04,8192,13.4428,2.8741
ga_sembrado,1,int__tai20_20_04,16384,12.5304,5.8040
ga_sembrado,1,int__tai20_20_04,32768,12.1046,10.6175
ga_sembrado,1,int__tai20_20_04,65536,11.8613,20.5222
ga_sembrado,1,int__tai20_20_04,131072,11.0706,39.6390
ga_sembrado,1,int__tai20_20_04,262144,10.2798,78.6581
ga_sembrado,1,int__tai20_20_04,524288,10.2798,156.3709
ga_sembrado,1,int__tai20_20_04,1048576,10.2798,316.5415
ga_sembrado,2,int__tai20_20_04,1,14.0511,0.0420
ga_sembrado,2,int__tai20_20_04,2,14.0511,0.0430
ga_sembrado,2,int__tai20_20_04,4,14.0511,0.0430
ga_sembrado,2,int__tai20_20_04,8,14.0511,0.0440
ga_sembrado,2,int__tai20_20_04,16,14.0511,0.0450
ga_sembrado,2,int__tai20_20_04,32,14.0511,0.0490
ga_sembrado,2,int__tai20_20_04,64,14.0511,0.0550
ga_sembrado,2,int__tai20_20_04,128,14.0511,0.0680
ga_sembrado,2,int__tai20_20_04,256,14.0511,0.0920
ga_sembrado,2,int__tai20_20_04,512,14.0511,0.1651
ga_sembrado,2,int__tai20_20_04,1024,14.0511,0.3161
ga_sembrado,2,int__tai20_20_04,2048,14.0511,0.6101
ga_sembrado,2,int__tai20_20_04,4096,14.0511,1.2033
ga_sembrado,2,int__tai20_20_04,8192,13.2908,2.3644
ga_sembrado,2,int__tai20_20_04,16384,12.4392,4.7076
ga_sembrado,2,int__tai20_20_04,32768,12.3175,9.3803
ga_sembrado,2,int__tai20_20_04,65536,11.8613,20.1245
ga_sembrado,2,int__tai20_20_04,131072,11.8613,38.9950
ga_sembrado,2,int__tai20_20_04,262144,11.7092,79.3219
ga_sembrado,2,int__tai20_20_04,524288,11.7092,161.9380
ga_sembrado,2,int__tai20_20_04,1048576,11.7092,326.4071
regla_bon,1,int__tai20_20_04,1,14.0511,0.0150
regla_bon,1,int__tai20_20_04,2,14.0511,0.0300
regla_bon,1,int__tai20_20_04,4,14.0511,0.0620
regla_bon,1,int__tai20_20_04,8,14.0511,0.1190
regla_bon,1,int__tai20_20_04,16,14.0511,0.2325
regla_bon,1,int__tai20_20_04,32,14.0511,0.4726
regla_bon,1,int__tai20_20_04,64,14.0511,0.9492
regla_bon,1,int__tai20_20_04,128,13.4124,1.9135
regla_bon,1,int__tai20_20_04,256,12.7129,3.8286
regla_bon,1,int__tai20_20_04,512,12.7129,7.5222
regla_bon,1,int__tai20_20_04,1024,12.7129,16.4486
regla_bon,1,int__tai20_20_04,2048,12.7129,32.2968
regla_bon,1,int__tai20_20_04,4096,11.6180,66.5396
regla_bon,1,int__tai20_20_04,8192,11.6180,129.0635
regla_bon,1,int__tai20_20_04,10255,11.6180,160.0077
regla_bon,2,int__tai20_20_04,1,14.0511,0.0190
regla_bon,2,int__tai20_20_04,2,14.0511,0.0330
regla_bon,2,int__tai20_20_04,4,14.0511,0.0630
regla_bon,2,int__tai20_20_04,8,14.0511,0.1120
regla_bon,2,int__tai20_20_04,16,14.0511,0.2260
regla_bon,2,int__tai20_20_04,32,14.0511,0.4541
regla_bon,2,int__tai20_20_04,64,13.0779,0.9142
regla_bon,2,int__tai20_20_04,128,13.0779,1.8310
regla_bon,2,int__tai20_20_04,256,12.3479,3.7595
regla_bon,2,int__tai20_20_04,512,12.3479,7.4941
regla_bon,2,int__tai20_20_04,1024,12.3479,15.0760
regla_bon,2,int__tai20_20_04,2048,12.3479,30.2813
regla_bon,2,int__tai20_20_04,4096,12.7737,62.3705
regla_bon,2,int__tai20_20_04,8192,11.7397,123.3659
regla_bon,2,int__tai20_20_04,10650,11.7397,160.0095
azar,1,int__tai20_20_05,1,122.7214,0.0000
azar,1,int__tai20_20_05,2,89.0565,0.0010
azar,1,int__tai20_20_05,4,89.0565,0.0010
azar,1,int__tai20_20_05,8,89.0565,0.0030
azar,1,int__tai20_20_05,16,86.8742,0.0060
azar,1,int__tai20_20_05,32,86.8742,0.0125
azar,1,int__tai20_20_05,64,79.5571,0.0255
azar,1,int__tai20_20_05,128,79.5571,0.0525
azar,1,int__tai20_20_05,256,79.5571,0.1015
azar,1,int__tai20_20_05,512,77.8883,0.2021
azar,1,int__tai20_20_05,1024,75.5777,0.3991
azar,1,int__tai20_20_05,2048,75.5777,0.8375
azar,1,int__tai20_20_05,4096,70.6033,1.6932
azar,1,int__tai20_20_05,8192,70.6033,3.3326
azar,1,int__tai20_20_05,16384,67.3620,6.6271
azar,1,int__tai20_20_05,32768,67.2015,13.2828
azar,1,int__tai20_20_05,65536,64.3132,26.4719
azar,1,int__tai20_20_05,131072,62.4519,53.3349
azar,1,int__tai20_20_05,262144,62.5160,108.0867
azar,1,int__tai20_20_05,524288,58.9859,213.7951
azar,1,int__tai20_20_05,1048576,55.9692,427.2878
ga_sembrado,1,int__tai20_20_05,1,16.6239,0.0430
ga_sembrado,1,int__tai20_20_05,2,16.6239,0.0430
ga_sembrado,1,int__tai20_20_05,4,16.6239,0.0435
ga_sembrado,1,int__tai20_20_05,8,16.6239,0.0435
ga_sembrado,1,int__tai20_20_05,16,16.6239,0.0455
ga_sembrado,1,int__tai20_20_05,32,16.6239,0.0475
ga_sembrado,1,int__tai20_20_05,64,16.6239,0.0535
ga_sembrado,1,int__tai20_20_05,128,16.6239,0.0665
ga_sembrado,1,int__tai20_20_05,256,16.6239,0.0901
ga_sembrado,1,int__tai20_20_05,512,16.6239,0.1721
ga_sembrado,1,int__tai20_20_05,1024,16.6239,0.3222
ga_sembrado,1,int__tai20_20_05,2048,16.6239,0.6102
ga_sembrado,1,int__tai20_20_05,4096,16.4313,1.1938
ga_sembrado,1,int__tai20_20_05,8192,15.0513,2.3926
ga_sembrado,1,int__tai20_20_05,16384,14.5058,4.7138
ga_sembrado,1,int__tai20_20_05,32768,13.1900,10.6541
ga_sembrado,1,int__tai20_20_05,65536,12.4840,20.7298
ga_sembrado,1,int__tai20_20_05,131072,12.4840,40.1868
ga_sembrado,1,int__tai20_20_05,262144,10.8151,80.3378
ga_sembrado,1,int__tai20_20_05,524288,10.8151,160.4840
ga_sembrado,1,int__tai20_20_05,1048576,10.5905,325.5984
ga_sembrado,2,int__tai20_20_05,1,16.6239,0.0440
ga_sembrado,2,int__tai20_20_05,2,16.6239,0.0440
ga_sembrado,2,int__tai20_20_05,4,16.6239,0.0440
ga_sembrado,2,int__tai20_20_05,8,16.6239,0.0450
ga_sembrado,2,int__tai20_20_05,16,16.6239,0.0470
ga_sembrado,2,int__tai20_20_05,32,16.6239,0.0510
ga_sembrado,2,int__tai20_20_05,64,16.6239,0.0570
ga_sembrado,2,int__tai20_20_05,128,16.6239,0.0710
ga_sembrado,2,int__tai20_20_05,256,16.6239,0.0970
ga_sembrado,2,int__tai20_20_05,512,16.6239,0.1670
ga_sembrado,2,int__tai20_20_05,1024,16.6239,0.3196
ga_sembrado,2,int__tai20_20_05,2048,16.6239,0.6257
ga_sembrado,2,int__tai20_20_05,4096,17.0090,1.2223
ga_sembrado,2,int__tai20_20_05,8192,15.3081,2.4121
ga_sembrado,2,int__tai20_20_05,16384,15.0834,4.8747
ga_sembrado,2,int__tai20_20_05,32768,14.8909,9.8596
ga_sembrado,2,int__tai20_20_05,65536,14.3132,19.6775
ga_sembrado,2,int__tai20_20_05,131072,13.1900,39.3165
ga_sembrado,2,int__tai20_20_05,262144,12.6444,85.3553
ga_sembrado,2,int__tai20_20_05,524288,10.7831,165.8424
ga_sembrado,2,int__tai20_20_05,1048576,11.3286,327.9819
regla_bon,1,int__tai20_20_05,1,16.6239,0.0180
regla_bon,1,int__tai20_20_05,2,16.6239,0.0330
regla_bon,1,int__tai20_20_05,4,16.6239,0.0630
regla_bon,1,int__tai20_20_05,8,16.6239,0.1220
regla_bon,1,int__tai20_20_05,16,16.6239,0.2371
regla_bon,1,int__tai20_20_05,32,16.6239,0.4732
regla_bon,1,int__tai20_20_05,64,16.3030,0.9828
regla_bon,1,int__tai20_20_05,128,17.6508,1.9388
regla_bon,1,int__tai20_20_05,256,16.8485,3.8520
regla_bon,1,int__tai20_20_05,512,14.1849,7.6665
regla_bon,1,int__tai20_20_05,1024,14.0886,15.4948
regla_bon,1,int__tai20_20_05,2048,14.0886,31.1438
regla_bon,1,int__tai20_20_05,4096,12.9653,62.7910
regla_bon,1,int__tai20_20_05,8192,12.9653,125.4852
regla_bon,1,int__tai20_20_05,10439,12.9653,160.0006
regla_bon,2,int__tai20_20_05,1,16.6239,0.0170
regla_bon,2,int__tai20_20_05,2,16.6239,0.0320
regla_bon,2,int__tai20_20_05,4,15.9499,0.0600
regla_bon,2,int__tai20_20_05,8,15.9499,0.1140
regla_bon,2,int__tai20_20_05,16,15.9499,0.2280
regla_bon,2,int__tai20_20_05,32,15.9499,0.4596
regla_bon,2,int__tai20_20_05,64,15.6611,0.9212
regla_bon,2,int__tai20_20_05,128,14.2490,1.8635
regla_bon,2,int__tai20_20_05,256,14.2490,3.7521
regla_bon,2,int__tai20_20_05,512,14.2490,7.5372
regla_bon,2,int__tai20_20_05,1024,14.2490,15.2795
regla_bon,2,int__tai20_20_05,2048,14.2490,30.7575
regla_bon,2,int__tai20_20_05,4096,14.2490,61.5831
regla_bon,2,int__tai20_20_05,8192,12.0988,123.5452
regla_bon,2,int__tai20_20_05,10637,12.9653,160.0006
azar,1,int__tai20_20_06,1,101.8542,0.0000
azar,1,int__tai20_20_06,2,98.1144,0.0010
azar,1,int__tai20_20_06,4,93.1175,0.0020
azar,1,int__tai20_20_06,8,93.1175,0.0040
azar,1,int__tai20_20_06,16,89.0635,0.0070
azar,1,int__tai20_20_06,32,81.0497,0.0130
azar,1,int__tai20_20_06,64,81.0497,0.0250
azar,1,int__tai20_20_06,128,81.0497,0.0470
azar,1,int__tai20_20_06,256,81.0497,0.0950
azar,1,int__tai20_20_06,512,81.0497,0.1900
azar,1,int__tai20_20_06,1024,75.8014,0.3910
azar,1,int__tai20_20_06,2048,75.8014,0.8654
azar,1,int__tai20_20_06,4096,69.4532,1.8542
azar,1,int__tai20_20_06,8192,69.4532,3.7788
azar,1,int__tai20_20_06,16384,64.5192,7.0671
azar,1,int__tai20_20_06,32768,64.5192,13.6829
azar,1,int__tai20_20_06,65536,65.8391,26.8788
azar,1,int__tai20_20_06,131072,65.8391,53.6035
azar,1,int__tai20_20_06,262144,63.8278,108.6941
azar,1,int__tai20_20_06,524288,64.2992,214.5718
azar,1,int__tai20_20_06,1048576,59.8366,428.1554
ga_sembrado,1,int__tai20_20_06,1,26.9013,0.0410
ga_sembrado,1,int__tai20_20_06,2,26.9013,0.0410
ga_sembrado,1,int__tai20_20_06,4,26.9013,0.0410
ga_sembrado,1,int__tai20_20_06,8,26.9013,0.0420
ga_sembrado,1,int__tai20_20_06,16,26.9013,0.0430
ga_sembrado,1,int__tai20_20_06,32,26.9013,0.0460
ga_sembrado,1,int__tai20_20_06,64,26.9013,0.0530
ga_sembrado,1,int__tai20_20_06,128,26.9013,0.0660
ga_sembrado,1,int__tai20_20_06,256,26.9013,0.0940
ga_sembrado,1,int__tai20_20_06,512,26.9013,0.1780
ga_sembrado,1,int__tai20_20_06,1024,26.9013,0.3321
ga_sembrado,1,int__tai20_20_06,2048,26.9013,0.6187
ga_sembrado,1,int__tai20_20_06,4096,26.8699,1.2153
ga_sembrado,1,int__tai20_20_06,8192,23.0044,2.5581
ga_sembrado,1,int__tai20_20_06,16384,21.9045,4.9113
ga_sembrado,1,int__tai20_20_06,32768,19.7989,9.5706
ga_sembrado,1,int__tai20_20_06,65536,19.4217,19.9682
ga_sembrado,1,int__tai20_20_06,131072,18.1018,40.1791
ga_sembrado,1,int__tai20_20_06,262144,15.8077,80.2110
ga_sembrado,1,int__tai20_20_06,524288,15.8077,159.3068
ga_sembrado,1,int__tai20_20_06,1048576,15.4934,324.1135
ga_sembrado,2,int__tai20_20_06,1,26.9013,0.0470
ga_sembrado,2,int__tai20_20_06,2,26.9013,0.0470
ga_sembrado,2,int__tai20_20_06,4,26.9013,0.0480
ga_sembrado,2,int__tai20_20_06,8,26.9013,0.0490
ga_sembrado,2,int__tai20_20_06,16,26.9013,0.0500
ga_sembrado,2,int__tai20_20_06,32,26.9013,0.0540
ga_sembrado,2,int__tai20_20_06,64,26.9013,0.0610
ga_sembrado,2,int__tai20_20_06,128,26.9013,0.0750
ga_sembrado,2,int__tai20_20_06,256,26.9013,0.1026
ga_sembrado,2,int__tai20_20_06,512,26.9013,0.1801
ga_sembrado,2,int__tai20_20_06,1024,26.9013,0.3416
ga_sembrado,2,int__tai20_20_06,2048,26.9013,0.6822
ga_sembrado,2,int__tai20_20_06,4096,25.7385,1.3465
ga_sembrado,2,int__tai20_20_06,8192,22.9415,2.5788
ga_sembrado,2,int__tai20_20_06,16384,21.4959,5.0230
ga_sembrado,2,int__tai20_20_06,32768,19.1075,9.8657
ga_sembrado,2,int__tai20_20_06,65536,17.3790,19.8594
ga_sembrado,2,int__tai20_20_06,131072,17.2533,39.2651
ga_sembrado,2,int__tai20_20_06,262144,15.7134,86.0595
ga_sembrado,2,int__tai20_20_06,524288,13.9221,166.2216
ga_sembrado,2,int__tai20_20_06,1048576,13.8906,328.1358
regla_bon,1,int__tai20_20_06,1,26.9013,0.0160
regla_bon,1,int__tai20_20_06,2,23.2872,0.0310
regla_bon,1,int__tai20_20_06,4,23.2872,0.0625
regla_bon,1,int__tai20_20_06,8,19.0446,0.1225
regla_bon,1,int__tai20_20_06,16,18.8246,0.2450
regla_bon,1,int__tai20_20_06,32,18.8246,0.4766
regla_bon,1,int__tai20_20_06,64,17.0019,0.9597
regla_bon,1,int__tai20_20_06,128,17.0019,1.9097
regla_bon,1,int__tai20_20_06,256,16.4991,3.8122
regla_bon,1,int__tai20_20_06,512,16.4991,7.6153
regla_bon,1,int__tai20_20_06,1024,16.4991,15.2291
regla_bon,1,int__tai20_20_06,2048,14.7077,30.5600
regla_bon,1,int__tai20_20_06,4096,14.7077,61.2218
regla_bon,1,int__tai20_20_06,8192,14.7077,123.4088
regla_bon,1,int__tai20_20_06,10592,13.8906,160.0129
regla_bon,2,int__tai20_20_06,1,26.9013,0.0170
regla_bon,2,int__tai20_20_06,2,18.8246,0.0300
regla_bon,2,int__tai20_20_06,4,18.8246,0.0570
regla_bon,2,int__tai20_20_06,8,18.8246,0.1065
regla_bon,2,int__tai20_20_06,16,18.8246,0.2190
regla_bon,2,int__tai20_20_06,32,19.7046,0.4486
regla_bon,2,int__tai20_20_06,64,19.7046,0.9182
regla_bon,2,int__tai20_20_06,128,19.0761,1.8180
regla_bon,2,int__tai20_20_06,256,17.0962,3.6695
regla_bon,2,int__tai20_20_06,512,16.9705,7.3763
regla_bon,2,int__tai20_20_06,1024,15.4620,14.7908
regla_bon,2,int__tai20_20_06,2048,15.4620,30.1666
regla_bon,2,int__tai20_20_06,4096,15.4620,60.4020
regla_bon,2,int__tai20_20_06,8192,15.4620,121.5034
regla_bon,2,int__tai20_20_06,10813,15.4620,160.0108
azar,1,int__tai20_20_07,1,145.0969,0.0000
azar,1,int__tai20_20_07,2,97.8814,0.0010
azar,1,int__tai20_20_07,4,97.8814,0.0010
azar,1,int__tai20_20_07,8,97.8814,0.0030
azar,1,int__tai20_20_07,16,95.6416,0.0070
azar,1,int__tai20_20_07,32,82.6877,0.0130
azar,1,int__tai20_20_07,64,79.1162,0.0270
azar,1,int__tai20_20_07,128,79.1162,0.0505
azar,1,int__tai20_20_07,256,79.4492,0.1025
azar,1,int__tai20_20_07,512,79.4492,0.2015
azar,1,int__tai20_20_07,1024,69.3402,0.4066
azar,1,int__tai20_20_07,2048,69.3402,0.8182
azar,1,int__tai20_20_07,4096,69.3402,1.6209
azar,1,int__tai20_20_07,8192,69.3402,4.7527
azar,1,int__tai20_20_07,16384,65.1332,8.0455
azar,1,int__tai20_20_07,32768,65.1332,14.5997
azar,1,int__tai20_20_07,65536,63.2869,27.9980
azar,1,int__tai20_20_07,131072,63.2869,56.3877
azar,1,int__tai20_20_07,262144,62.3789,108.7956
azar,1,int__tai20_20_07,524288,62.3789,214.9328
azar,1,int__tai20_20_07,1048576,62.1368,431.4890
ga_sembrado,1,int__tai20_20_07,1,21.4286,0.0550
ga_sembrado,1,int__tai20_20_07,2,21.4286,0.0560
ga_sembrado,1,int__tai20_20_07,4,21.4286,0.0560
ga_sembrado,1,int__tai20_20_07,8,21.4286,0.0570
ga_sembrado,1,int__tai20_20_07,16,21.4286,0.0590
ga_sembrado,1,int__tai20_20_07,32,21.4286,0.0630
ga_sembrado,1,int__tai20_20_07,64,21.4286,0.0690
ga_sembrado,1,int__tai20_20_07,128,21.4286,0.0830
ga_sembrado,1,int__tai20_20_07,256,21.4286,0.1120
ga_sembrado,1,int__tai20_20_07,512,21.4286,0.2170
ga_sembrado,1,int__tai20_20_07,1024,21.4286,0.3816
ga_sembrado,1,int__tai20_20_07,2048,21.4286,0.7191
ga_sembrado,1,int__tai20_20_07,4096,21.4286,1.3904
ga_sembrado,1,int__tai20_20_07,8192,18.4927,2.6576
ga_sembrado,1,int__tai20_20_07,16384,17.7966,5.7932
ga_sembrado,1,int__tai20_20_07,32768,17.2518,11.7002
ga_sembrado,1,int__tai20_20_07,65536,15.7082,23.2050
ga_sembrado,1,int__tai20_20_07,131072,12.2276,43.2364
ga_sembrado,1,int__tai20_20_07,262144,12.1671,82.9287
ga_sembrado,1,int__tai20_20_07,524288,11.8947,164.7681
ga_sembrado,1,int__tai20_20_07,1048576,11.8947,323.1475
ga_sembrado,2,int__tai20_20_07,1,21.4286,0.0390
ga_sembrado,2,int__tai20_20_07,2,21.4286,0.0390
ga_sembrado,2,int__tai20_20_07,4,21.4286,0.0400
ga_sembrado,2,int__tai20_20_07,8,21.4286,0.0400
ga_sembrado,2,int__tai20_20_07,16,21.4286,0.0420
ga_sembrado,2,int__tai20_20_07,32,21.4286,0.0450
ga_sembrado,2,int__tai20_20_07,64,21.4286,0.0510
ga_sembrado,2,int__tai20_20_07,128,21.4286,0.0640
ga_sembrado,2,int__tai20_20_07,256,21.4286,0.0905
ga_sembrado,2,int__tai20_20_07,512,21.4286,0.1635
ga_sembrado,2,int__tai20_20_07,1024,21.4286,0.3086
ga_sembrado,2,int__tai20_20_07,2048,21.4286,0.5937
ga_sembrado,2,int__tai20_20_07,4096,21.4286,1.1592
ga_sembrado,2,int__tai20_20_07,8192,18.4927,2.4157
ga_sembrado,2,int__tai20_20_07,16384,17.6453,4.8057
ga_sembrado,2,int__tai20_20_07,32768,16.6465,9.5308
ga_sembrado,2,int__tai20_20_07,65536,16.3438,20.1189
ga_sembrado,2,int__tai20_20_07,131072,13.8015,38.9641
ga_sembrado,2,int__tai20_20_07,262144,13.5291,78.3948
ga_sembrado,2,int__tai20_20_07,524288,12.3789,158.7450
ga_sembrado,2,int__tai20_20_07,1048576,12.1973,312.3353
regla_bon,1,int__tai20_20_07,1,21.4286,0.0170
regla_bon,1,int__tai20_20_07,2,21.0654,0.0340
regla_bon,1,int__tai20_20_07,4,21.0654,0.0650
regla_bon,1,int__tai20_20_07,8,21.0654,0.1280
regla_bon,1,int__tai20_20_07,16,18.9165,0.2651
regla_bon,1,int__tai20_20_07,32,17.7966,0.5072
regla_bon,1,int__tai20_20_07,64,17.7966,1.0043
regla_bon,1,int__tai20_20_07,128,17.7966,2.0706
regla_bon,1,int__tai20_20_07,256,17.7966,4.1030
regla_bon,1,int__tai20_20_07,512,17.1610,8.7106
regla_bon,1,int__tai20_20_07,1024,17.1610,16.6803
regla_bon,1,int__tai20_20_07,2048,15.1937,32.0899
regla_bon,1,int__tai20_20_07,4096,15.1937,61.7198
regla_bon,1,int__tai20_20_07,8192,15.2240,127.4069
regla_bon,1,int__tai20_20_07,10471,15.2240,160.0112
regla_bon,2,int__tai20_20_07,1,21.4286,0.0160
regla_bon,2,int__tai20_20_07,2,21.4286,0.0310
regla_bon,2,int__tai20_20_07,4,20.1877,0.0580
regla_bon,2,int__tai20_20_07,8,20.1877,0.1186
regla_bon,2,int__tai20_20_07,16,20.1877,0.2317
regla_bon,2,int__tai20_20_07,32,17.4637,0.4588
regla_bon,2,int__tai20_20_07,64,17.4637,0.9219
regla_bon,2,int__tai20_20_07,128,17.4637,1.8241
regla_bon,2,int__tai20_20_07,256,17.2518,3.6566
regla_bon,2,int__tai20_20_07,512,17.2518,7.3318
regla_bon,2,int__tai20_20_07,1024,16.1320,14.7205
regla_bon,2,int__tai20_20_07,2048,16.1320,30.2823
regla_bon,2,int__tai20_20_07,4096,16.0412,60.5959
regla_bon,2,int__tai20_20_07,8192,16.0412,121.9256
regla_bon,2,int__tai20_20_07,10798,15.1029,160.0076
azar,1,int__tai20_20_08,1,121.2414,0.0000
azar,1,int__tai20_20_08,2,107.7355,0.0000
azar,1,int__tai20_20_08,4,107.7355,0.0010
azar,1,int__tai20_20_08,8,94.7286,0.0020
azar,1,int__tai20_20_08,16,91.2976,0.0050
azar,1,int__tai20_20_08,32,80.9732,0.0120
azar,1,int__tai20_20_08,64,80.9732,0.0250
azar,1,int__tai20_20_08,128,76.2944,0.0485
azar,1,int__tai20_20_08,256,76.2944,0.0975
azar,1,int__tai20_20_08,512,70.4616,0.1955
azar,1,int__tai20_20_08,1024,70.4616,0.4018
azar,1,int__tai20_20_08,2048,70.4616,0.8129
azar,1,int__tai20_20_08,4096,70.4616,1.6576
azar,1,int__tai20_20_08,8192,65.1279,3.3709
azar,1,int__tai20_20_08,16384,65.2527,6.6838
azar,1,int__tai20_20_08,32768,63.1628,13.3725
azar,1,int__tai20_20_08,65536,60.0125,27.4919
azar,1,int__tai20_20_08,131072,60.0125,54.2967
azar,1,int__tai20_20_08,262144,60.0125,108.5018
azar,1,int__tai20_20_08,524288,53.7430,213.7962
azar,1,int__tai20_20_08,1048576,53.7430,432.0595
ga_sembrado,1,int__tai20_20_08,1,12.4142,0.0445
ga_sembrado,1,int__tai20_20_08,2,12.4142,0.0445
ga_sembrado,1,int__tai20_20_08,4,12.4142,0.0445
ga_sembrado,1,int__tai20_20_08,8,12.4142,0.0455
ga_sembrado,1,int__tai20_20_08,16,12.4142,0.0475
ga_sembrado,1,int__tai20_20_08,32,12.4142,0.0505
ga_sembrado,1,int__tai20_20_08,64,12.4142,0.0575
ga_sembrado,1,int__tai20_20_08,128,12.4142,0.0705
ga_sembrado,1,int__tai20_20_08,256,12.4142,0.0955
ga_sembrado,1,int__tai20_20_08,512,12.4142,0.1816
ga_sembrado,1,int__tai20_20_08,1024,12.4142,0.3276
ga_sembrado,1,int__tai20_20_08,2048,12.4142,0.6191
ga_sembrado,1,int__tai20_20_08,4096,12.4142,1.1982
ga_sembrado,1,int__tai20_20_08,8192,11.8528,2.3612
ga_sembrado,1,int__tai20_20_08,16384,11.6656,4.7983
ga_sembrado,1,int__tai20_20_08,32768,11.2913,9.5470
ga_sembrado,1,int__tai20_20_08,65536,11.3537,19.8037
ga_sembrado,1,int__tai20_20_08,131072,9.5134,43.2706
ga_sembrado,1,int__tai20_20_08,262144,8.9520,82.9589
ga_sembrado,1,int__tai20_20_08,524288,7.7355,164.7672
ga_sembrado,1,int__tai20_20_08,1048576,7.1117,322.8589
ga_sembrado,2,int__tai20_20_08,1,12.4142,0.0465
ga_sembrado,2,int__tai20_20_08,2,12.4142,0.0465
ga_sembrado,2,int__tai20_20_08,4,12.4142,0.0465
ga_sembrado,2,int__tai20_20_08,8,12.4142,0.0475
ga_sembrado,2,int__tai20_20_08,16,12.4142,0.0495
ga_sembrado,2,int__tai20_20_08,32,12.4142,0.0525
ga_sembrado,2,int__tai20_20_08,64,12.4142,0.0595
ga_sembrado,2,int__tai20_20_08,128,12.4142,0.0735
ga_sembrado,2,int__tai20_20_08,256,12.4142,0.0995
ga_sembrado,2,int__tai20_20_08,512,12.4142,0.1650
ga_sembrado,2,int__tai20_20_08,1024,12.4142,0.3066
ga_sembrado,2,int__tai20_20_08,2048,12.4142,0.6006
ga_sembrado,2,int__tai20_20_08,4096,12.4142,1.1978
ga_sembrado,2,int__tai20_20_08,8192,12.2583,2.3931
ga_sembrado,2,int__tai20_20_08,16384,11.1354,4.7779
ga_sembrado,2,int__tai20_20_08,32768,10.0437,9.5748
ga_sembrado,2,int__tai20_20_08,65536,9.9813,19.0954
ga_sembrado,2,int__tai20_20_08,131072,9.9813,39.1283
ga_sembrado,2,int__tai20_20_08,262144,9.7318,77.5801
ga_sembrado,2,int__tai20_20_08,524288,9.0767,157.5313
ga_sembrado,2,int__tai20_20_08,1048576,7.8603,312.0912
regla_bon,1,int__tai20_20_08,1,12.4142,0.0170
regla_bon,1,int__tai20_20_08,2,12.4142,0.0340
regla_bon,1,int__tai20_20_08,4,12.4142,0.0680
regla_bon,1,int__tai20_20_08,8,12.4142,0.1275
regla_bon,1,int__tai20_20_08,16,12.4142,0.2491
regla_bon,1,int__tai20_20_08,32,12.4142,0.4871
regla_bon,1,int__tai20_20_08,64,12.4142,0.9489
regla_bon,1,int__tai20_20_08,128,12.4142,1.8737
regla_bon,1,int__tai20_20_08,256,12.4142,3.7334
regla_bon,1,int__tai20_20_08,512,12.4142,7.3987
regla_bon,1,int__tai20_20_08,1024,12.4142,14.8380
regla_bon,1,int__tai20_20_08,2048,12.4142,31.1454
regla_bon,1,int__tai20_20_08,4096,12.0399,61.6365
regla_bon,1,int__tai20_20_08,8192,11.8840,125.4599
regla_bon,1,int__tai20_20_08,10468,11.5721,160.0051
regla_bon,2,int__tai20_20_08,1,12.4142,0.0150
regla_bon,2,int__tai20_20_08,2,12.4142,0.0260
regla_bon,2,int__tai20_20_08,4,12.4142,0.0560
regla_bon,2,int__tai20_20_08,8,12.4142,0.1130
regla_bon,2,int__tai20_20_08,16,12.4142,0.2241
regla_bon,2,int__tai20_20_08,32,12.4142,0.4502
regla_bon,2,int__tai20_20_08,64,12.4142,0.8918
regla_bon,2,int__tai20_20_08,128,12.4142,1.8116
regla_bon,2,int__tai20_20_08,256,12.4142,3.6516
regla_bon,2,int__tai20_20_08,512,12.4142,7.4856
regla_bon,2,int__tai20_20_08,1024,12.4142,14.9250
regla_bon,2,int__tai20_20_08,2048,10.9794,29.6311
regla_bon,2,int__tai20_20_08,4096,10.9794,60.5949
regla_bon,2,int__tai20_20_08,8192,10.9794,122.3160
regla_bon,2,int__tai20_20_08,10773,10.9794,160.0070
azar,1,int__tai20_20_09,1,127.7322,0.0010
azar,1,int__tai20_20_09,2,122.1731,0.0010
azar,1,int__tai20_20_09,4,122.1731,0.0020
azar,1,int__tai20_20_09,8,103.8534,0.0030
azar,1,int__tai20_20_09,16,92.8617,0.0050
azar,1,int__tai20_20_09,32,92.8617,0.0118
azar,1,int__tai20_20_09,64,92.8617,0.0255
azar,1,int__tai20_20_09,128,76.2476,0.0525
azar,1,int__tai20_20_09,256,76.2476,0.1100
azar,1,int__tai20_20_09,512,76.2476,0.2036
azar,1,int__tai20_20_09,1024,76.2476,0.4120
azar,1,int__tai20_20_09,2048,76.2476,0.8271
azar,1,int__tai20_20_09,4096,76.2476,1.6299
azar,1,int__tai20_20_09,8192,76.2476,3.2935
azar,1,int__tai20_20_09,16384,76.2476,6.5497
azar,1,int__tai20_20_09,32768,64.2767,13.1745
azar,1,int__tai20_20_09,65536,64.2767,26.9287
azar,1,int__tai20_20_09,131072,58.3386,53.5328
azar,1,int__tai20_20_09,262144,58.3386,106.9965
azar,1,int__tai20_20_09,524288,58.3386,218.2504
azar,1,int__tai20_20_09,1048576,58.3386,433.9868
ga_sembrado,1,int__tai20_20_09,1,17.2142,0.0502
ga_sembrado,1,int__tai20_20_09,2,17.2142,0.0502
ga_sembrado,1,int__tai20_20_09,4,17.2142,0.0512
ga_sembrado,1,int__tai20_20_09,8,17.2142,0.0517
ga_sembrado,1,int__tai20_20_09,16,17.2142,0.0532
ga_sembrado,1,int__tai20_20_09,32,17.2142,0.0562
ga_sembrado,1,int__tai20_20_09,64,17.2142,0.0633
ga_sembrado,1,int__tai20_20_09,128,17.2142,0.0748
ga_sembrado,1,int__tai20_20_09,256,17.2142,0.1058
ga_sembrado,1,int__tai20_20_09,512,17.2142,0.2093
ga_sembrado,1,int__tai20_20_09,1024,17.2142,0.3613
ga_sembrado,1,int__tai20_20_09,2048,17.2142,0.6755
ga_sembrado,1,int__tai20_20_09,4096,17.2142,1.3546
ga_sembrado,1,int__tai20_20_09,8192,15.6033,2.5534
ga_sembrado,1,int__tai20_20_09,16384,13.3923,5.1075
ga_sembrado,1,int__tai20_20_09,32768,13.3291,10.1224
ga_sembrado,1,int__tai20_20_09,65536,12.4131,19.9903
ga_sembrado,1,int__tai20_20_09,131072,12.0025,39.7013
ga_sembrado,1,int__tai20_20_09,262144,11.8446,79.0630
ga_sembrado,1,int__tai20_20_09,524288,11.8446,159.5839
ga_sembrado,1,int__tai20_20_09,1048576,11.6235,319.9832
ga_sembrado,2,int__tai20_20_09,1,17.2142,0.0485
ga_sembrado,2,int__tai20_20_09,2,17.2142,0.0485
ga_sembrado,2,int__tai20_20_09,4,17.2142,0.0485
ga_sembrado,2,int__tai20_20_09,8,17.2142,0.0495
ga_sembrado,2,int__tai20_20_09,16,17.2142,0.0515
ga_sembrado,2,int__tai20_20_09,32,17.2142,0.0555
ga_sembrado,2,int__tai20_20_09,64,17.2142,0.0615
ga_sembrado,2,int__tai20_20_09,128,17.2142,0.0725
ga_sembrado,2,int__tai20_20_09,256,17.2142,0.0985
ga_sembrado,2,int__tai20_20_09,512,17.2142,0.1645
ga_sembrado,2,int__tai20_20_09,1024,17.2142,0.3060
ga_sembrado,2,int__tai20_20_09,2048,17.2142,0.6011
ga_sembrado,2,int__tai20_20_09,4096,17.2142,1.1971
ga_sembrado,2,int__tai20_20_09,8192,15.4769,2.3918
ga_sembrado,2,int__tai20_20_09,16384,13.8977,4.8419
ga_sembrado,2,int__tai20_20_09,32768,13.1396,9.6314
ga_sembrado,2,int__tai20_20_09,65536,12.0025,19.1413
ga_sembrado,2,int__tai20_20_09,131072,12.0025,37.7770
ga_sembrado,2,int__tai20_20_09,262144,10.6759,76.2176
ga_sembrado,2,int__tai20_20_09,524288,8.5281,153.7033
ga_sembrado,2,int__tai20_20_09,1048576,7.3279,312.3388
regla_bon,1,int__tai20_20_09,1,17.2142,0.0150
regla_bon,1,int__tai20_20_09,2,17.2142,0.0290
regla_bon,1,int__tai20_20_09,4,17.2142,0.0540
regla_bon,1,int__tai20_20_09,8,17.2142,0.1095
regla_bon,1,int__tai20_20_09,16,15.5401,0.2215
regla_bon,1,int__tai20_20_09,32,15.5401,0.4431
regla_bon,1,int__tai20_20_09,64,15.5401,0.8823
regla_bon,1,int__tai20_20_09,128,15.5401,1.7862
regla_bon,1,int__tai20_20_09,256,12.9817,3.6116
regla_bon,1,int__tai20_20_09,512,12.9817,7.2328
regla_bon,1,int__tai20_20_09,1024,12.9817,14.4752
regla_bon,1,int__tai20_20_09,2048,12.4763,29.2916
regla_bon,1,int__tai20_20_09,4096,12.4763,59.3726
regla_bon,1,int__tai20_20_09,8192,12.6027,119.7282
regla_bon,1,int__tai20_20_09,10931,12.6027,160.0050
regla_bon,2,int__tai20_20_09,1,17.2142,0.0170
regla_bon,2,int__tai20_20_09,2,17.2142,0.0310
regla_bon,2,int__tai20_20_09,4,15.6349,0.0580
regla_bon,2,int__tai20_20_09,8,15.6349,0.1130
regla_bon,2,int__tai20_20_09,16,14.9400,0.2360
regla_bon,2,int__tai20_20_09,32,14.9400,0.4761
regla_bon,2,int__tai20_20_09,64,14.9400,0.9902
regla_bon,2,int__tai20_20_09,128,14.9400,1.8932
regla_bon,2,int__tai20_20_09,256,14.9400,3.7227
regla_bon,2,int__tai20_20_09,512,14.8768,7.4667
regla_bon,2,int__tai20_20_09,1024,14.8768,15.0530
regla_bon,2,int__tai20_20_09,2048,13.3291,29.8721
regla_bon,2,int__tai20_20_09,4096,12.1920,60.1425
regla_bon,2,int__tai20_20_09,8192,12.1920,122.4663
regla_bon,2,int__tai20_20_09,10748,12.1920,160.0026
azar,1,int__tai20_20_10,1,118.7500,0.0000
azar,1,int__tai20_20_10,2,111.3220,0.0000
azar,1,int__tai20_20_10,4,111.3220,0.0020
azar,1,int__tai20_20_10,8,85.5694,0.0040
azar,1,int__tai20_20_10,16,85.5694,0.0060
azar,1,int__tai20_20_10,32,85.5694,0.0120
azar,1,int__tai20_20_10,64,85.5694,0.0250
azar,1,int__tai20_20_10,128,81.1191,0.0520
azar,1,int__tai20_20_10,256,80.3338,0.1075
azar,1,int__tai20_20_10,512,76.7670,0.2206
azar,1,int__tai20_20_10,1024,76.7670,0.4346
azar,1,int__tai20_20_10,2048,75.2945,0.8409
azar,1,int__tai20_20_10,4096,75.2945,1.6815
azar,1,int__tai20_20_10,8192,75.2945,3.3278
azar,1,int__tai20_20_10,16384,72.7749,6.6512
azar,1,int__tai20_20_10,32768,71.6950,13.3085
azar,1,int__tai20_20_10,65536,70.4516,26.9087
azar,1,int__tai20_20_10,131072,65.0196,53.9253
azar,1,int__tai20_20_10,262144,65.0196,107.2559
azar,1,int__tai20_20_10,524288,65.0196,217.9972
azar,1,int__tai20_20_10,1048576,65.0196,434.1461
ga_sembrado,1,int__tai20_20_10,1,16.9830,0.0500
ga_sembrado,1,int__tai20_20_10,2,16.9830,0.0500
ga_sembrado,1,int__tai20_20_10,4,16.9830,0.0510
ga_sembrado,1,int__tai20_20_10,8,16.9830,0.0510
ga_sembrado,1,int__tai20_20_10,16,16.9830,0.0530
ga_sembrado,1,int__tai20_20_10,32,16.9830,0.0570
ga_sembrado,1,int__tai20_20_10,64,16.9830,0.0640
ga_sembrado,1,int__tai20_20_10,128,16.9830,0.0760
ga_sembrado,1,int__tai20_20_10,256,16.9830,0.1010
ga_sembrado,1,int__tai20_20_10,512,16.9830,0.1855
ga_sembrado,1,int__tai20_20_10,1024,16.9830,0.3326
ga_sembrado,1,int__tai20_20_10,2048,16.9830,0.6281
ga_sembrado,1,int__tai20_20_10,4096,16.9503,1.2352
ga_sembrado,1,int__tai20_20_10,8192,16.6558,2.4785
ga_sembrado,1,int__tai20_20_10,16384,15.5105,4.8725
ga_sembrado,1,int__tai20_20_10,32768,14.6924,9.8809
ga_sembrado,1,int__tai20_20_10,65536,14.0052,19.8918
ga_sembrado,1,int__tai20_20_10,131072,12.9908,39.7001
ga_sembrado,1,int__tai20_20_10,262144,12.7945,79.2147
ga_sembrado,1,int__tai20_20_10,524288,13.0890,162.3892
ga_sembrado,1,int__tai20_20_10,1048576,12.9254,322.5137
ga_sembrado,2,int__tai20_20_10,1,16.9830,0.0460
ga_sembrado,2,int__tai20_20_10,2,16.9830,0.0460
ga_sembrado,2,int__tai20_20_10,4,16.9830,0.0470
ga_sembrado,2,int__tai20_20_10,8,16.9830,0.0480
ga_sembrado,2,int__tai20_20_10,16,16.9830,0.0490
ga_sembrado,2,int__tai20_20_10,32,16.9830,0.0520
ga_sembrado,2,int__tai20_20_10,64,16.9830,0.0580
ga_sembrado,2,int__tai20_20_10,128,16.9830,0.0720
ga_sembrado,2,int__tai20_20_10,256,16.9830,0.0975
ga_sembrado,2,int__tai20_20_10,512,16.9830,0.1725
ga_sembrado,2,int__tai20_20_10,1024,16.9830,0.3306
ga_sembrado,2,int__tai20_20_10,2048,16.9830,0.6352
ga_sembrado,2,int__tai20_20_10,4096,16.9503,1.2327
ga_sembrado,2,int__tai20_20_10,8192,16.1976,2.3866
ga_sembrado,2,int__tai20_20_10,16384,15.4123,4.7415
ga_sembrado,2,int__tai20_20_10,32768,14.2343,9.3756
ga_sembrado,2,int__tai20_20_10,65536,14.1688,19.0784
ga_sembrado,2,int__tai20_20_10,131072,14.1688,38.4108
ga_sembrado,2,int__tai20_20_10,262144,14.1688,76.4796
ga_sembrado,2,int__tai20_20_10,524288,13.4490,156.0571
ga_sembrado,2,int__tai20_20_10,1048576,12.4673,314.5062
regla_bon,1,int__tai20_20_10,1,16.9830,0.0160
regla_bon,1,int__tai20_20_10,2,16.9830,0.0300
regla_bon,1,int__tai20_20_10,4,16.9830,0.0605
regla_bon,1,int__tai20_20_10,8,16.9830,0.1175
regla_bon,1,int__tai20_20_10,16,16.9830,0.2245
regla_bon,1,int__tai20_20_10,32,17.0812,0.4871
regla_bon,1,int__tai20_20_10,64,17.0812,0.9777
regla_bon,1,int__tai20_20_10,128,17.0812,1.9355
regla_bon,1,int__tai20_20_10,256,17.0812,3.7999
regla_bon,1,int__tai20_20_10,512,17.0812,7.5980
regla_bon,1,int__tai20_20_10,1024,15.7395,15.0510
regla_bon,1,int__tai20_20_10,2048,16.2631,29.9337
regla_bon,1,int__tai20_20_10,4096,16.2631,59.8822
regla_bon,1,int__tai20_20_10,8192,15.5105,119.8011
regla_bon,1,int__tai20_20_10,11019,15.5105,160.0111
regla_bon,2,int__tai20_20_10,1,16.9830,0.0145
regla_bon,2,int__tai20_20_10,2,16.9830,0.0305
regla_bon,2,int__tai20_20_10,4,16.9830,0.0585
regla_bon,2,int__tai20_20_10,8,16.9830,0.1150
regla_bon,2,int__tai20_20_10,16,16.9830,0.2315
regla_bon,2,int__tai20_20_10,32,16.9830,0.4651
regla_bon,2,int__tai20_20_10,64,16.9830,0.9318
regla_bon,2,int__tai20_20_10,128,16.9830,1.8691
regla_bon,2,int__tai20_20_10,256,16.9830,3.7145
regla_bon,2,int__tai20_20_10,512,16.9830,7.5148
regla_bon,2,int__tai20_20_10,1024,13.9071,14.9580
regla_bon,2,int__tai20_20_10,2048,13.9071,29.9636
regla_bon,2,int__tai20_20_10,4096,13.9071,60.2657
regla_bon,2,int__tai20_20_10,8192,14.2670,121.3964
regla_bon,2,int__tai20_20_10,10817,14.2670,160.0026
azar,1,int__tai30_15_01,1,124.7166,0.0000
azar,1,int__tai30_15_01,2,111.7063,0.0010
azar,1,int__tai30_15_01,4,100.5102,0.0020
azar,1,int__tai30_15_01,8,92.2902,0.0040
azar,1,int__tai30_15_01,16,90.1644,0.0070
azar,1,int__tai30_15_01,32,90.1644,0.0140
azar,1,int__tai30_15_01,64,77.6361,0.0290
azar,1,int__tai30_15_01,128,77.6361,0.0580
azar,1,int__tai30_15_01,256,74.2063,0.1170
azar,1,int__tai30_15_01,512,73.9796,0.2330
azar,1,int__tai30_15_01,1024,69.9830,0.4660
azar,1,int__tai30_15_01,2048,70.5499,0.9291
azar,1,int__tai30_15_01,4096,70.5499,1.8741
azar,1,int__tai30_15_01,8192,70.5499,3.7446
azar,1,int__tai30_15_01,16384,70.4082,7.4181
azar,1,int__tai30_15_01,32768,63.7472,14.9459
azar,1,int__tai30_15_01,65536,59.0136,30.1289
azar,1,int__tai30_15_01,131072,59.0136,61.1179
azar,1,int__tai30_15_01,262144,59.0136,120.7609
azar,1,int__tai30_15_01,524288,59.0136,239.2296
azar,1,int__tai30_15_01,1048576,58.0499,479.0340
ga_sembrado,1,int__tai30_15_01,1,24.4615,0.0500
ga_sembrado,1,int__tai30_15_01,2,24.4615,0.0510
ga_sembrado,1,int__tai30_15_01,4,24.4615,0.0510
ga_sembrado,1,int__tai30_15_01,8,24.4615,0.0520
ga_sembrado,1,int__tai30_15_01,16,24.4615,0.0540
ga_sembrado,1,int__tai30_15_01,32,24.4615,0.0570
ga_sembrado,1,int__tai30_15_01,64,24.4615,0.0640
ga_sembrado,1,int__tai30_15_01,128,24.4615,0.0790
ga_sembrado,1,int__tai30_15_01,256,24.4615,0.1091
ga_sembrado,1,int__tai30_15_01,512,24.4615,0.1931
ga_sembrado,1,int__tai30_15_01,1024,24.4615,0.3681
ga_sembrado,1,int__tai30_15_01,2048,24.4615,0.7331
ga_sembrado,1,int__tai30_15_01,4096,24.4615,1.3972
ga_sembrado,1,int__tai30_15_01,8192,21.9388,2.7135
ga_sembrado,1,int__tai30_15_01,16384,20.2664,5.3531
ga_sembrado,1,int__tai30_15_01,32768,18.3957,10.6933
ga_sembrado,1,int__tai30_15_01,65536,16.9785,21.1816
ga_sembrado,1,int__tai30_15_01,131072,16.4399,43.0800
ga_sembrado,1,int__tai30_15_01,262144,15.9297,85.5807
ga_sembrado,1,int__tai30_15_01,524288,14.3141,173.7383
ga_sembrado,1,int__tai30_15_01,1048576,14.0023,350.8354
ga_sembrado,2,int__tai30_15_01,1,24.4615,0.0491
ga_sembrado,2,int__tai30_15_01,2,24.4615,0.0501
ga_sembrado,2,int__tai30_15_01,4,24.4615,0.0501
ga_sembrado,2,int__tai30_15_01,8,24.4615,0.0511
ga_sembrado,2,int__tai30_15_01,16,24.4615,0.0531
ga_sembrado,2,int__tai30_15_01,32,24.4615,0.0571
ga_sembrado,2,int__tai30_15_01,64,24.4615,0.0651
ga_sembrado,2,int__tai30_15_01,128,24.4615,0.0801
ga_sembrado,2,int__tai30_15_01,256,24.4615,0.1111
ga_sembrado,2,int__tai30_15_01,512,24.4615,0.1941
ga_sembrado,2,int__tai30_15_01,1024,24.4615,0.3641
ga_sembrado,2,int__tai30_15_01,2048,24.4615,0.6977
ga_sembrado,2,int__tai30_15_01,4096,24.4615,1.3671
ga_sembrado,2,int__tai30_15_01,8192,21.9388,2.7462
ga_sembrado,2,int__tai30_15_01,16384,21.3152,5.4393
ga_sembrado,2,int__tai30_15_01,32768,19.3878,10.8671
ga_sembrado,2,int__tai30_15_01,65536,17.7438,21.9582
ga_sembrado,2,int__tai30_15_01,131072,16.4116,43.8446
ga_sembrado,2,int__tai30_15_01,262144,14.3707,90.7965
ga_sembrado,2,int__tai30_15_01,524288,13.4637,198.5023
ga_sembrado,2,int__tai30_15_01,1048576,13.4354,375.7933
azar,1,int__tai30_15_02,1,111.4994,0.0000
azar,1,int__tai30_15_02,2,101.1274,0.0000
azar,1,int__tai30_15_02,4,101.1274,0.0020
azar,1,int__tai30_15_02,8,101.1274,0.0040
azar,1,int__tai30_15_02,16,100.4510,0.0080
azar,1,int__tai30_15_02,32,100.4510,0.0150
azar,1,int__tai30_15_02,64,94.6167,0.0300
azar,1,int__tai30_15_02,128,81.4543,0.0600
azar,1,int__tai30_15_02,256,81.4543,0.1180
azar,1,int__tai30_15_02,512,81.4543,0.2300
azar,1,int__tai30_15_02,1024,81.4825,0.4602
azar,1,int__tai30_15_02,2048,80.0733,0.9168
azar,1,int__tai30_15_02,4096,80.0733,1.8430
azar,1,int__tai30_15_02,8192,73.3935,3.6844
azar,1,int__tai30_15_02,16384,64.7125,7.2628
azar,1,int__tai30_15_02,32768,64.7125,14.6582
azar,1,int__tai30_15_02,65536,64.7125,29.7934
azar,1,int__tai30_15_02,131072,64.7125,59.3741
azar,1,int__tai30_15_02,262144,63.3033,120.2346
azar,1,int__tai30_15_02,524288,63.3033,237.9681
azar,1,int__tai30_15_02,1048576,63.3033,476.7849
ga_sembrado,1,int__tai30_15_02,1,18.9684,0.0522
ga_sembrado,1,int__tai30_15_02,2,18.9684,0.0522
ga_sembrado,1,int__tai30_15_02,4,18.9684,0.0531
ga_sembrado,1,int__tai30_15_02,8,18.9684,0.0531
ga_sembrado,1,int__tai30_15_02,16,18.9684,0.0551
ga_sembrado,1,int__tai30_15_02,32,18.9684,0.0581
ga_sembrado,1,int__tai30_15_02,64,18.9684,0.0652
ga_sembrado,1,int__tai30_15_02,128,18.9684,0.0792
ga_sembrado,1,int__tai30_15_02,256,18.9684,0.1097
ga_sembrado,1,int__tai30_15_02,512,18.9684,0.1877
ga_sembrado,1,int__tai30_15_02,1024,18.9684,0.3452
ga_sembrado,1,int__tai30_15_02,2048,18.9684,0.6728
ga_sembrado,1,int__tai30_15_02,4096,18.9684,1.3310
ga_sembrado,1,int__tai30_15_02,8192,18.6866,2.6663
ga_sembrado,1,int__tai30_15_02,16384,18.4893,5.3146
ga_sembrado,1,int__tai30_15_02,32768,18.3484,10.5361
ga_sembrado,1,int__tai30_15_02,65536,17.1364,21.0933
ga_sembrado,1,int__tai30_15_02,131072,16.5727,42.6303
ga_sembrado,1,int__tai30_15_02,262144,16.2627,85.0059
ga_sembrado,1,int__tai30_15_02,524288,15.4453,172.8516
ga_sembrado,1,int__tai30_15_02,1048576,14.0361,349.8717
ga_sembrado,2,int__tai30_15_02,1,18.9684,0.0560
ga_sembrado,2,int__tai30_15_02,2,18.9684,0.0560
ga_sembrado,2,int__tai30_15_02,4,18.9684,0.0560
ga_sembrado,2,int__tai30_15_02,8,18.9684,0.0570
ga_sembrado,2,int__tai30_15_02,16,18.9684,0.0590
ga_sembrado,2,int__tai30_15_02,32,18.9684,0.0630
ga_sembrado,2,int__tai30_15_02,64,18.9684,0.0690
ga_sembrado,2,int__tai30_15_02,128,18.9684,0.0830
ga_sembrado,2,int__tai30_15_02,256,18.9684,0.1130
ga_sembrado,2,int__tai30_15_02,512,18.9684,0.1976
ga_sembrado,2,int__tai30_15_02,1024,18.9684,0.3771
ga_sembrado,2,int__tai30_15_02,2048,18.9684,0.6982
ga_sembrado,2,int__tai30_15_02,4096,18.9684,1.3694
ga_sembrado,2,int__tai30_15_02,8192,18.4893,2.7247
ga_sembrado,2,int__tai30_15_02,16384,18.4893,5.4618
ga_sembrado,2,int__tai30_15_02,32768,18.0665,10.8784
ga_sembrado,2,int__tai30_15_02,65536,17.5028,21.7811
ga_sembrado,2,int__tai30_15_02,131072,16.7136,43.7739
ga_sembrado,2,int__tai30_15_02,262144,15.9808,89.0833
ga_sembrado,2,int__tai30_15_02,524288,15.6708,194.6067
ga_sembrado,2,int__tai30_15_02,1048576,13.3033,374.6382
azar,1,int__tai30_15_03,1,101.9016,0.0000
azar,1,int__tai30_15_03,2,101.9016,0.0010
azar,1,int__tai30_15_03,4,101.9016,0.0010
azar,1,int__tai30_15_03,8,101.2304,0.0030
azar,1,int__tai30_15_03,16,101.2304,0.0070
azar,1,int__tai30_15_03,32,93.7360,0.0130
azar,1,int__tai30_15_03,64,76.7338,0.0280
azar,1,int__tai30_15_03,128,76.7338,0.0575
azar,1,int__tai30_15_03,256,77.0694,0.1125
azar,1,int__tai30_15_03,512,77.0694,0.2295
azar,1,int__tai30_15_03,1024,77.0694,0.4546
azar,1,int__tai30_15_03,2048,75.5872,0.9082
azar,1,int__tai30_15_03,4096,75.5872,1.8391
azar,1,int__tai30_15_03,8192,72.2595,3.6620
azar,1,int__tai30_15_03,16384,69.9105,7.2924
azar,1,int__tai30_15_03,32768,69.0157,14.5825
azar,1,int__tai30_15_03,65536,67.2819,30.6549
azar,1,int__tai30_15_03,131072,67.2819,61.2880
azar,1,int__tai30_15_03,262144,64.0660,121.7090
azar,1,int__tai30_15_03,524288,66.8624,240.0925
azar,1,int__tai30_15_03,1048576,61.4653,500.6756
ga_sembrado,1,int__tai30_15_03,1,27.4888,0.0590
ga_sembrado,1,int__tai30_15_03,2,27.4888,0.0590
ga_sembrado,1,int__tai30_15_03,4,27.4888,0.0590
ga_sembrado,1,int__tai30_15_03,8,27.4888,0.0600
ga_sembrado,1,int__tai30_15_03,16,27.4888,0.0620
ga_sembrado,1,int__tai30_15_03,32,27.4888,0.0660
ga_sembrado,1,int__tai30_15_03,64,27.4888,0.0740
ga_sembrado,1,int__tai30_15_03,128,27.4888,0.0880
ga_sembrado,1,int__tai30_15_03,256,27.4888,0.1180
ga_sembrado,1,int__tai30_15_03,512,27.4888,0.2020
ga_sembrado,1,int__tai30_15_03,1024,27.4888,0.3691
ga_sembrado,1,int__tai30_15_03,2048,27.4888,0.7123
ga_sembrado,1,int__tai30_15_03,4096,27.4888,1.3855
ga_sembrado,1,int__tai30_15_03,8192,25.3356,2.7644
ga_sembrado,1,int__tai30_15_03,16384,25.0000,5.4797
ga_sembrado,1,int__tai30_15_03,32768,23.2662,10.9585
ga_sembrado,1,int__tai30_15_03,65536,21.6163,21.7956
ga_sembrado,1,int__tai30_15_03,131072,20.0503,43.7185
ga_sembrado,1,int__tai30_15_03,262144,20.0503,87.6110
ga_sembrado,1,int__tai30_15_03,524288,20.4139,177.7036
ga_sembrado,1,int__tai30_15_03,1048576,20.1342,353.5539
ga_sembrado,2,int__tai30_15_03,1,27.4888,0.0490
ga_sembrado,2,int__tai30_15_03,2,27.4888,0.0490
ga_sembrado,2,int__tai30_15_03,4,27.4888,0.0500
ga_sembrado,2,int__tai30_15_03,8,27.4888,0.0510
ga_sembrado,2,int__tai30_15_03,16,27.4888,0.0530
ga_sembrado,2,int__tai30_15_03,32,27.4888,0.0565
ga_sembrado,2,int__tai30_15_03,64,27.4888,0.0630
ga_sembrado,2,int__tai30_15_03,128,27.4888,0.0750
ga_sembrado,2,int__tai30_15_03,256,27.4888,0.0980
ga_sembrado,2,int__tai30_15_03,512,27.4888,0.1771
ga_sembrado,2,int__tai30_15_03,1024,27.4888,0.3371
ga_sembrado,2,int__tai30_15_03,2048,27.4888,0.6742
ga_sembrado,2,int__tai30_15_03,4096,27.4888,1.3643
ga_sembrado,2,int__tai30_15_03,8192,26.1745,2.6747
ga_sembrado,2,int__tai30_15_03,16384,25.0559,5.3544
ga_sembrado,2,int__tai30_15_03,32768,24.7763,10.7316
ga_sembrado,2,int__tai30_15_03,65536,23.2662,21.6335
ga_sembrado,2,int__tai30_15_03,131072,21.9239,42.8332
ga_sembrado,2,int__tai30_15_03,262144,21.3926,86.4178
ga_sembrado,2,int__tai30_15_03,524288,19.9664,179.0376
ga_sembrado,2,int__tai30_15_03,1048576,18.6242,366.3441
azar,1,int__tai30_15_04,1,115.8096,0.0000
azar,1,int__tai30_15_04,2,89.9891,0.0010
azar,1,int__tai30_15_04,4,89.9891,0.0020
azar,1,int__tai30_15_04,8,89.9891,0.0030
azar,1,int__tai30_15_04,16,89.9891,0.0070
azar,1,int__tai30_15_04,32,87.2538,0.0140
azar,1,int__tai30_15_04,64,80.7713,0.0290
azar,1,int__tai30_15_04,128,78.2276,0.0560
azar,1,int__tai30_15_04,256,72.4289,0.1140
azar,1,int__tai30_15_04,512,72.4289,0.2251
azar,1,int__tai30_15_04,1024,72.4289,0.4462
azar,1,int__tai30_15_04,2048,69.8851,0.9088
azar,1,int__tai30_15_04,4096,63.9497,1.8122
azar,1,int__tai30_15_04,8192,61.7888,3.6722
azar,1,int__tai30_15_04,16384,62.4726,7.3285
azar,1,int__tai30_15_04,32768,62.4726,14.6710
azar,1,int__tai30_15_04,65536,62.4726,29.1773
azar,1,int__tai30_15_04,131072,59.7374,61.0304
azar,1,int__tai30_15_04,262144,57.8501,121.3976
azar,1,int__tai30_15_04,524288,57.8501,239.3667
azar,1,int__tai30_15_04,1048576,57.8501,499.8477
ga_sembrado,1,int__tai30_15_04,1,20.6510,0.0550
ga_sembrado,1,int__tai30_15_04,2,20.6510,0.0550
ga_sembrado,1,int__tai30_15_04,4,20.6510,0.0560
ga_sembrado,1,int__tai30_15_04,8,20.6510,0.0570
ga_sembrado,1,int__tai30_15_04,16,20.6510,0.0580
ga_sembrado,1,int__tai30_15_04,32,20.6510,0.0620
ga_sembrado,1,int__tai30_15_04,64,20.6510,0.0690
ga_sembrado,1,int__tai30_15_04,128,20.6510,0.0850
ga_sembrado,1,int__tai30_15_04,256,20.6510,0.1140
ga_sembrado,1,int__tai30_15_04,512,20.6510,0.2030
ga_sembrado,1,int__tai30_15_04,1024,20.6510,0.3686
ga_sembrado,1,int__tai30_15_04,2048,20.6510,0.7056
ga_sembrado,1,int__tai30_15_04,4096,20.6510,1.3983
ga_sembrado,1,int__tai30_15_04,8192,20.0766,2.7779
ga_sembrado,1,int__tai30_15_04,16384,18.3807,5.5116
ga_sembrado,1,int__tai30_15_04,32768,17.9431,10.9507
ga_sembrado,1,int__tai30_15_04,65536,17.1225,21.7680
ga_sembrado,1,int__tai30_15_04,131072,17.1225,43.6077
ga_sembrado,1,int__tai30_15_04,262144,17.1225,87.2386
ga_sembrado,1,int__tai30_15_04,524288,17.1225,177.7190
ga_sembrado,1,int__tai30_15_04,1048576,17.1225,353.6182
ga_sembrado,2,int__tai30_15_04,1,20.6510,0.0510
ga_sembrado,2,int__tai30_15_04,2,20.6510,0.0510
ga_sembrado,2,int__tai30_15_04,4,20.6510,0.0520
ga_sembrado,2,int__tai30_15_04,8,20.6510,0.0530
ga_sembrado,2,int__tai30_15_04,16,20.6510,0.0550
ga_sembrado,2,int__tai30_15_04,32,20.6510,0.0580
ga_sembrado,2,int__tai30_15_04,64,20.6510,0.0660
ga_sembrado,2,int__tai30_15_04,128,20.6510,0.0800
ga_sembrado,2,int__tai30_15_04,256,20.6510,0.1050
ga_sembrado,2,int__tai30_15_04,512,20.6510,0.1910
ga_sembrado,2,int__tai30_15_04,1024,20.6510,0.3626
ga_sembrado,2,int__tai30_15_04,2048,20.6510,0.7067
ga_sembrado,2,int__tai30_15_04,4096,20.6510,1.3673
ga_sembrado,2,int__tai30_15_04,8192,20.2133,2.7451
ga_sembrado,2,int__tai30_15_04,16384,15.6729,5.4227
ga_sembrado,2,int__tai30_15_04,32768,14.5514,10.7988
ga_sembrado,2,int__tai30_15_04,65536,13.9497,21.6303
ga_sembrado,2,int__tai30_15_04,131072,12.8556,43.7972
ga_sembrado,2,int__tai30_15_04,262144,12.8556,87.0921
ga_sembrado,2,int__tai30_15_04,524288,12.8556,177.3156
ga_sembrado,2,int__tai30_15_04,1048576,12.8556,366.4627
azar,1,int__tai30_15_05,1,103.5625,0.0000
azar,1,int__tai30_15_05,2,87.0952,0.0000
azar,1,int__tai30_15_05,4,85.0772,0.0010
azar,1,int__tai30_15_05,8,67.5386,0.0030
azar,1,int__tai30_15_05,16,67.5386,0.0070
azar,1,int__tai30_15_05,32,63.8266,0.0150
azar,1,int__tai30_15_05,64,61.6094,0.0290
azar,1,int__tai30_15_05,128,61.6094,0.0560
azar,1,int__tai30_15_05,256,61.0862,0.1130
azar,1,int__tai30_15_05,512,55.6552,0.2227
azar,1,int__tai30_15_05,1024,55.6552,0.4510
azar,1,int__tai30_15_05,2048,55.6552,0.9096
azar,1,int__tai30_15_05,4096,54.7085,1.8073
azar,1,int__tai30_15_05,8192,53.4878,3.6425
azar,1,int__tai30_15_05,16384,53.2387,7.4142
azar,1,int__tai30_15_05,32768,51.1460,14.6998
azar,1,int__tai30_15_05,65536,47.6333,29.2556
azar,1,int__tai30_15_05,131072,45.9392,58.8315
azar,1,int__tai30_15_05,262144,44.1455,123.2577
azar,1,int__tai30_15_05,524288,44.1455,258.4086
azar,1,int__tai30_15_05,1048576,43.8216,499.4382
ga_sembrado,1,int__tai30_15_05,1,8.3956,0.0570
ga_sembrado,1,int__tai30_15_05,2,8.3956,0.0580
ga_sembrado,1,int__tai30_15_05,4,8.3956,0.0580
ga_sembrado,1,int__tai30_15_05,8,8.3956,0.0590
ga_sembrado,1,int__tai30_15_05,16,8.3956,0.0610
ga_sembrado,1,int__tai30_15_05,32,8.3956,0.0640
ga_sembrado,1,int__tai30_15_05,64,8.3956,0.0710
ga_sembrado,1,int__tai30_15_05,128,8.3956,0.0866
ga_sembrado,1,int__tai30_15_05,256,8.3956,0.1156
ga_sembrado,1,int__tai30_15_05,512,8.3956,0.2106
ga_sembrado,1,int__tai30_15_05,1024,8.3956,0.4171
ga_sembrado,1,int__tai30_15_05,2048,8.3956,0.8070
ga_sembrado,1,int__tai30_15_05,4096,8.3956,1.5162
ga_sembrado,1,int__tai30_15_05,8192,7.2496,2.8939
ga_sembrado,1,int__tai30_15_05,16384,7.2496,5.6490
ga_sembrado,1,int__tai30_15_05,32768,6.2033,11.1760
ga_sembrado,1,int__tai30_15_05,65536,5.2566,22.1336
ga_sembrado,1,int__tai30_15_05,131072,5.0075,43.9432
ga_sembrado,1,int__tai30_15_05,262144,4.3597,88.0520
ga_sembrado,1,int__tai30_15_05,524288,4.3597,175.0222
ga_sembrado,1,int__tai30_15_05,1048576,4.3597,355.2873
ga_sembrado,2,int__tai30_15_05,1,8.3956,0.0560
ga_sembrado,2,int__tai30_15_05,2,8.3956,0.0560
ga_sembrado,2,int__tai30_15_05,4,8.3956,0.0560
ga_sembrado,2,int__tai30_15_05,8,8.3956,0.0570
ga_sembrado,2,int__tai30_15_05,16,8.3956,0.0580
ga_sembrado,2,int__tai30_15_05,32,8.3956,0.0610
ga_sembrado,2,int__tai30_15_05,64,8.3956,0.0680
ga_sembrado,2,int__tai30_15_05,128,8.3956,0.0830
ga_sembrado,2,int__tai30_15_05,256,8.3956,0.1100
ga_sembrado,2,int__tai30_15_05,512,8.3956,0.1960
ga_sembrado,2,int__tai30_15_05,1024,8.3956,0.3605
ga_sembrado,2,int__tai30_15_05,2048,8.3956,0.8437
ga_sembrado,2,int__tai30_15_05,4096,8.3956,1.7767
ga_sembrado,2,int__tai30_15_05,8192,7.3493,3.3174
ga_sembrado,2,int__tai30_15_05,16384,7.2496,6.6939
ga_sembrado,2,int__tai30_15_05,32768,7.2496,13.1742
ga_sembrado,2,int__tai30_15_05,65536,6.3029,26.1301
ga_sembrado,2,int__tai30_15_05,131072,6.1535,49.1987
ga_sembrado,2,int__tai30_15_05,262144,3.9860,96.3727
ga_sembrado,2,int__tai30_15_05,524288,3.7867,186.2829
ga_sembrado,2,int__tai30_15_05,1048576,3.2885,358.2687
azar,1,int__tai30_15_06,1,110.1979,0.0000
azar,1,int__tai30_15_06,2,93.8428,0.0010
azar,1,int__tai30_15_06,4,93.8428,0.0020
azar,1,int__tai30_15_06,8,80.7587,0.0030
azar,1,int__tai30_15_06,16,80.7587,0.0070
azar,1,int__tai30_15_06,32,77.3502,0.0150
azar,1,int__tai30_15_06,64,77.3502,0.0280
azar,1,int__tai30_15_06,128,77.3502,0.0580
azar,1,int__tai30_15_06,256,77.3502,0.1170
azar,1,int__tai30_15_06,512,77.3502,0.2240
azar,1,int__tai30_15_06,1024,66.3551,0.4501
azar,1,int__tai30_15_06,2048,66.3551,0.8887
azar,1,int__tai30_15_06,4096,66.3551,1.7928
azar,1,int__tai30_15_06,8192,66.3551,3.7064
azar,1,int__tai30_15_06,16384,66.3551,7.3438
azar,1,int__tai30_15_06,32768,65.0907,14.9405
azar,1,int__tai30_15_06,65536,59.7031,29.7634
azar,1,int__tai30_15_06,131072,59.7031,59.7338
azar,1,int__tai30_15_06,262144,59.7031,130.4924
azar,1,int__tai30_15_06,524288,59.7031,262.1384
azar,1,int__tai30_15_06,1048576,54.5080,509.9738
ga_sembrado,1,int__tai30_15_06,1,23.7768,0.0560
ga_sembrado,1,int__tai30_15_06,2,23.7768,0.0560
ga_sembrado,1,int__tai30_15_06,4,23.7768,0.0570
ga_sembrado,1,int__tai30_15_06,8,23.7768,0.0570
ga_sembrado,1,int__tai30_15_06,16,23.7768,0.0590
ga_sembrado,1,int__tai30_15_06,32,23.7768,0.0630
ga_sembrado,1,int__tai30_15_06,64,23.7768,0.0710
ga_sembrado,1,int__tai30_15_06,128,23.7768,0.0860
ga_sembrado,1,int__tai30_15_06,256,23.7768,0.1150
ga_sembrado,1,int__tai30_15_06,512,23.7768,0.1930
ga_sembrado,1,int__tai30_15_06,1024,23.7768,0.3580
ga_sembrado,1,int__tai30_15_06,2048,23.7768,0.6972
ga_sembrado,1,int__tai30_15_06,4096,23.7768,1.4224
ga_sembrado,1,int__tai30_15_06,8192,23.6394,2.7978
ga_sembrado,1,int__tai30_15_06,16384,20.7806,5.4910
ga_sembrado,1,int__tai30_15_06,32768,18.4717,10.9149
ga_sembrado,1,int__tai30_15_06,65536,17.1798,21.7869
ga_sembrado,1,int__tai30_15_06,131072,14.3211,43.6710
ga_sembrado,1,int__tai30_15_06,262144,12.6168,88.1573
ga_sembrado,1,int__tai30_15_06,524288,12.0396,178.6937
ga_sembrado,1,int__tai30_15_06,1048576,12.0396,357.7471
ga_sembrado,2,int__tai30_15_06,1,23.7768,0.0550
ga_sembrado,2,int__tai30_15_06,2,23.7768,0.0550
ga_sembrado,2,int__tai30_15_06,4,23.7768,0.0560
ga_sembrado,2,int__tai30_15_06,8,23.7768,0.0570
ga_sembrado,2,int__tai30_15_06,16,23.7768,0.0590
ga_sembrado,2,int__tai30_15_06,32,23.7768,0.0620
ga_sembrado,2,int__tai30_15_06,64,23.7768,0.0680
ga_sembrado,2,int__tai30_15_06,128,23.7768,0.0820
ga_sembrado,2,int__tai30_15_06,256,23.7768,0.1111
ga_sembrado,2,int__tai30_15_06,512,23.7768,0.2036
ga_sembrado,2,int__tai30_15_06,1024,23.7768,0.3761
ga_sembrado,2,int__tai30_15_06,2048,23.7768,0.7205
ga_sembrado,2,int__tai30_15_06,4096,23.7768,1.4172
ga_sembrado,2,int__tai30_15_06,8192,19.4338,2.7880
ga_sembrado,2,int__tai30_15_06,16384,18.9940,5.7169
ga_sembrado,2,int__tai30_15_06,32768,18.6091,11.2084
ga_sembrado,2,int__tai30_15_06,65536,16.0803,23.9775
ga_sembrado,2,int__tai30_15_06,131072,14.5684,47.5519
ga_sembrado,2,int__tai30_15_06,262144,13.8538,91.9613
ga_sembrado,2,int__tai30_15_06,524288,12.4244,181.3630
ga_sembrado,2,int__tai30_15_06,1048576,10.3353,355.3122
azar,1,int__tai30_15_07,1,131.3947,0.0000
azar,1,int__tai30_15_07,2,113.8058,0.0010
azar,1,int__tai30_15_07,4,97.6285,0.0020
azar,1,int__tai30_15_07,8,97.6285,0.0030
azar,1,int__tai30_15_07,16,97.6285,0.0060
azar,1,int__tai30_15_07,32,83.4839,0.0120
azar,1,int__tai30_15_07,64,83.4839,0.0245
azar,1,int__tai30_15_07,128,82.6934,0.0531
azar,1,int__tai30_15_07,256,80.0678,0.1071
azar,1,int__tai30_15_07,512,80.0678,0.2211
azar,1,int__tai30_15_07,1024,80.0678,0.4621
azar,1,int__tai30_15_07,2048,77.1880,0.9052
azar,1,int__tai30_15_07,4096,79.6725,1.7931
azar,1,int__tai30_15_07,8192,73.2355,3.5540
azar,1,int__tai30_15_07,16384,73.1790,7.1063
azar,1,int__tai30_15_07,32768,68.5206,14.2436
azar,1,int__tai30_15_07,65536,68.2665,28.7461
azar,1,int__tai30_15_07,131072,68.2665,59.4776
azar,1,int__tai30_15_07,262144,64.9068,116.3533
azar,1,int__tai30_15_07,524288,64.9068,239.7802
azar,1,int__tai30_15_07,1048576,64.9068,482.4474
ga_sembrado,1,int__tai30_15_07,1,18.3794,0.0480
ga_sembrado,1,int__tai30_15_07,2,18.3794,0.0480
ga_sembrado,1,int__tai30_15_07,4,18.3794,0.0490
ga_sembrado,1,int__tai30_15_07,8,18.3794,0.0490
ga_sembrado,1,int__tai30_15_07,16,18.3794,0.0510
ga_sembrado,1,int__tai30_15_07,32,18.3794,0.0550
ga_sembrado,1,int__tai30_15_07,64,18.3794,0.0620
ga_sembrado,1,int__tai30_15_07,128,18.3794,0.0760
ga_sembrado,1,int__tai30_15_07,256,18.3794,0.1005
ga_sembrado,1,int__tai30_15_07,512,18.3794,0.2000
ga_sembrado,1,int__tai30_15_07,1024,18.3794,0.3671
ga_sembrado,1,int__tai30_15_07,2048,18.3794,0.7111
ga_sembrado,1,int__tai30_15_07,4096,18.3794,1.3898
ga_sembrado,1,int__tai30_15_07,8192,17.4760,2.7278
ga_sembrado,1,int__tai30_15_07,16384,16.7984,5.4939
ga_sembrado,1,int__tai30_15_07,32768,14.9351,11.6395
ga_sembrado,1,int__tai30_15_07,65536,13.2976,23.5574
ga_sembrado,1,int__tai30_15_07,131072,12.5635,47.0909
ga_sembrado,1,int__tai30_15_07,262144,11.0107,92.3406
ga_sembrado,1,int__tai30_15_07,524288,10.7566,189.2935
ga_sembrado,1,int__tai30_15_07,1048576,10.0508,364.9429
ga_sembrado,2,int__tai30_15_07,1,18.3794,0.0596
ga_sembrado,2,int__tai30_15_07,2,18.3794,0.0596
ga_sembrado,2,int__tai30_15_07,4,18.3794,0.0616
ga_sembrado,2,int__tai30_15_07,8,18.3794,0.0626
ga_sembrado,2,int__tai30_15_07,16,18.3794,0.0656
ga_sembrado,2,int__tai30_15_07,32,18.3794,0.0696
ga_sembrado,2,int__tai30_15_07,64,18.3794,0.0796
ga_sembrado,2,int__tai30_15_07,128,18.3794,0.0946
ga_sembrado,2,int__tai30_15_07,256,18.3794,0.1276
ga_sembrado,2,int__tai30_15_07,512,18.3794,0.2377
ga_sembrado,2,int__tai30_15_07,1024,18.3794,0.4207
ga_sembrado,2,int__tai30_15_07,2048,18.3794,0.8078
ga_sembrado,2,int__tai30_15_07,4096,18.3794,1.5031
ga_sembrado,2,int__tai30_15_07,8192,17.3066,2.9685
ga_sembrado,2,int__tai30_15_07,16384,16.2902,6.9944
ga_sembrado,2,int__tai30_15_07,32768,15.8667,12.9591
ga_sembrado,2,int__tai30_15_07,65536,14.6527,23.9756
ga_sembrado,2,int__tai30_15_07,131072,12.8458,50.3344
ga_sembrado,2,int__tai30_15_07,262144,12.2530,97.7155
ga_sembrado,2,int__tai30_15_07,524288,11.0954,190.6621
ga_sembrado,2,int__tai30_15_07,1048576,9.7403,378.8159
azar,1,int__tai30_15_08,1,124.7460,0.0000
azar,1,int__tai30_15_08,2,102.7496,0.0010
azar,1,int__tai30_15_08,4,102.7496,0.0020
azar,1,int__tai30_15_08,8,101.3150,0.0030
azar,1,int__tai30_15_08,16,102.6898,0.0070
azar,1,int__tai30_15_08,32,100.3586,0.0140
azar,1,int__tai30_15_08,64,90.3467,0.0270
azar,1,int__tai30_15_08,128,79.7370,0.0570
azar,1,int__tai30_15_08,256,79.5577,0.1170
azar,1,int__tai30_15_08,512,79.5577,0.2230
azar,1,int__tai30_15_08,1024,79.5577,0.4476
azar,1,int__tai30_15_08,2048,72.6838,0.8938
azar,1,int__tai30_15_08,4096,72.6838,1.7896
azar,1,int__tai30_15_08,8192,72.6838,3.5380
azar,1,int__tai30_15_08,16384,70.6814,7.1143
azar,1,int__tai30_15_08,32768,70.6814,14.1926
azar,1,int__tai30_15_08,65536,65.6007,28.3623
azar,1,int__tai30_15_08,131072,67.6928,59.0392
azar,1,int__tai30_15_08,262144,67.6928,116.2621
azar,1,int__tai30_15_08,524288,66.1088,239.2722
azar,1,int__tai30_15_08,1048576,61.0580,480.1852
ga_sembrado,1,int__tai30_15_08,1,20.1136,0.0560
ga_sembrado,1,int__tai30_15_08,2,20.1136,0.0560
ga_sembrado,1,int__tai30_15_08,4,20.1136,0.0570
ga_sembrado,1,int__tai30_15_08,8,20.1136,0.0580
ga_sembrado,1,int__tai30_15_08,16,20.1136,0.0600
ga_sembrado,1,int__tai30_15_08,32,20.1136,0.0635
ga_sembrado,1,int__tai30_15_08,64,20.1136,0.0706
ga_sembrado,1,int__tai30_15_08,128,20.1136,0.0861
ga_sembrado,1,int__tai30_15_08,256,20.1136,0.1131
ga_sembrado,1,int__tai30_15_08,512,20.1136,0.1886
ga_sembrado,1,int__tai30_15_08,1024,20.1136,0.3531
ga_sembrado,1,int__tai30_15_08,2048,20.1136,0.6878
ga_sembrado,1,int__tai30_15_08,4096,20.0837,1.3515
ga_sembrado,1,int__tai30_15_08,8192,19.3963,2.6488
ga_sembrado,1,int__tai30_15_08,16384,18.5595,5.2789
ga_sembrado,1,int__tai30_15_08,32768,17.8123,10.5796
ga_sembrado,1,int__tai30_15_08,65536,16.2881,22.2491
ga_sembrado,1,int__tai30_15_08,131072,14.7041,46.6310
ga_sembrado,1,int__tai30_15_08,262144,14.7041,91.7260
ga_sembrado,1,int__tai30_15_08,524288,14.7041,188.8761
ga_sembrado,1,int__tai30_15_08,1048576,14.7041,365.3869
ga_sembrado,2,int__tai30_15_08,1,20.1136,0.0545
ga_sembrado,2,int__tai30_15_08,2,20.1136,0.0545
ga_sembrado,2,int__tai30_15_08,4,20.1136,0.0545
ga_sembrado,2,int__tai30_15_08,8,20.1136,0.0555
ga_sembrado,2,int__tai30_15_08,16,20.1136,0.0575
ga_sembrado,2,int__tai30_15_08,32,20.1136,0.0615
ga_sembrado,2,int__tai30_15_08,64,20.1136,0.0685
ga_sembrado,2,int__tai30_15_08,128,20.1136,0.0835
ga_sembrado,2,int__tai30_15_08,256,20.1136,0.1135
ga_sembrado,2,int__tai30_15_08,512,20.1136,0.2075
ga_sembrado,2,int__tai30_15_08,1024,20.1136,0.4061
ga_sembrado,2,int__tai30_15_08,2048,20.1136,0.7833
ga_sembrado,2,int__tai30_15_08,4096,20.1136,1.5490
ga_sembrado,2,int__tai30_15_08,8192,19.1572,3.0433
ga_sembrado,2,int__tai30_15_08,16384,18.1112,5.7618
ga_sembrado,2,int__tai30_15_08,32768,18.2008,12.2323
ga_sembrado,2,int__tai30_15_08,65536,16.6766,25.1913
ga_sembrado,2,int__tai30_15_08,131072,14.1961,49.0806
ga_sembrado,2,int__tai30_15_08,262144,14.1961,97.8426
ga_sembrado,2,int__tai30_15_08,524288,14.1961,191.9922
ga_sembrado,2,int__tai30_15_08,1048576,14.1961,379.5563
azar,1,int__tai30_15_09,1,104.6240,0.0010
azar,1,int__tai30_15_09,2,104.6240,0.0010
azar,1,int__tai30_15_09,4,97.7716,0.0030
azar,1,int__tai30_15_09,8,92.0613,0.0050
azar,1,int__tai30_15_09,16,92.0613,0.0070
azar,1,int__tai30_15_09,32,69.4708,0.0130
azar,1,int__tai30_15_09,64,69.4708,0.0270
azar,1,int__tai30_15_09,128,69.4708,0.0540
azar,1,int__tai30_15_09,256,69.4708,0.1143
azar,1,int__tai30_15_09,512,69.4708,0.2383
azar,1,int__tai30_15_09,1024,67.7437,0.4854
azar,1,int__tai30_15_09,2048,67.7437,0.9380
azar,1,int__tai30_15_09,4096,67.7437,1.8277
azar,1,int__tai30_15_09,8192,64.4011,3.6964
azar,1,int__tai30_15_09,16384,61.3928,7.2381
azar,1,int__tai30_15_09,32768,58.9972,14.8727
azar,1,int__tai30_15_09,65536,58.9972,29.5833
azar,1,int__tai30_15_09,131072,60.3343,60.3303
azar,1,int__tai30_15_09,262144,55.2646,119.4422
azar,1,int__tai30_15_09,524288,55.2646,243.1331
azar,1,int__tai30_15_09,1048576,51.5320,503.2472
ga_sembrado,1,int__tai30_15_09,1,22.3677,0.0560
ga_sembrado,1,int__tai30_15_09,2,22.3677,0.0570
ga_sembrado,1,int__tai30_15_09,4,22.3677,0.0570
ga_sembrado,1,int__tai30_15_09,8,22.3677,0.0580
ga_sembrado,1,int__tai30_15_09,16,22.3677,0.0590
ga_sembrado,1,int__tai30_15_09,32,22.3677,0.0630
ga_sembrado,1,int__tai30_15_09,64,22.3677,0.0700
ga_sembrado,1,int__tai30_15_09,128,22.3677,0.0850
ga_sembrado,1,int__tai30_15_09,256,22.3677,0.1140
ga_sembrado,1,int__tai30_15_09,512,22.3677,0.1950
ga_sembrado,1,int__tai30_15_09,1024,22.3677,0.3600
ga_sembrado,1,int__tai30_15_09,2048,22.3677,0.6931
ga_sembrado,1,int__tai30_15_09,4096,22.3677,1.3561
ga_sembrado,1,int__tai30_15_09,8192,19.1922,2.6862
ga_sembrado,1,int__tai30_15_09,16384,19.1922,5.3821
ga_sembrado,1,int__tai30_15_09,32768,18.9415,10.7884
ga_sembrado,1,int__tai30_15_09,65536,17.2702,21.5255
ga_sembrado,1,int__tai30_15_09,131072,15.3203,43.1017
ga_sembrado,1,int__tai30_15_09,262144,14.9861,85.6138
ga_sembrado,1,int__tai30_15_09,524288,14.2618,172.8768
ga_sembrado,1,int__tai30_15_09,1048576,14.2618,355.0512
ga_sembrado,2,int__tai30_15_09,1,22.3677,0.0475
ga_sembrado,2,int__tai30_15_09,2,22.3677,0.0475
ga_sembrado,2,int__tai30_15_09,4,22.3677,0.0475
ga_sembrado,2,int__tai30_15_09,8,22.3677,0.0485
ga_sembrado,2,int__tai30_15_09,16,22.3677,0.0505
ga_sembrado,2,int__tai30_15_09,32,22.3677,0.0535
ga_sembrado,2,int__tai30_15_09,64,22.3677,0.0615
ga_sembrado,2,int__tai30_15_09,128,22.3677,0.0755
ga_sembrado,2,int__tai30_15_09,256,22.3677,0.1075
ga_sembrado,2,int__tai30_15_09,512,22.3677,0.1966
ga_sembrado,2,int__tai30_15_09,1024,22.3677,0.3772
ga_sembrado,2,int__tai30_15_09,2048,22.3677,0.7274
ga_sembrado,2,int__tai30_15_09,4096,22.3677,1.4260
ga_sembrado,2,int__tai30_15_09,8192,19.5265,2.7766
ga_sembrado,2,int__tai30_15_09,16384,19.2758,5.5708
ga_sembrado,2,int__tai30_15_09,32768,18.7187,11.0744
ga_sembrado,2,int__tai30_15_09,65536,17.0195,22.0847
ga_sembrado,2,int__tai30_15_09,131072,16.3788,43.9697
ga_sembrado,2,int__tai30_15_09,262144,16.3788,88.3934
ga_sembrado,2,int__tai30_15_09,524288,16.3788,176.1691
ga_sembrado,2,int__tai30_15_09,1048576,16.3788,355.2212
azar,1,int__tai30_15_10,1,146.8504,0.0010
azar,1,int__tai30_15_10,2,140.7026,0.0010
azar,1,int__tai30_15_10,4,114.2035,0.0020
azar,1,int__tai30_15_10,8,114.2035,0.0050
azar,1,int__tai30_15_10,16,80.9812,0.0080
azar,1,int__tai30_15_10,32,80.9812,0.0170
azar,1,int__tai30_15_10,64,78.2253,0.0330
azar,1,int__tai30_15_10,128,78.2253,0.0635
azar,1,int__tai30_15_10,256,78.2253,0.1241
azar,1,int__tai30_15_10,512,78.2253,0.2371
azar,1,int__tai30_15_10,1024,78.2253,0.4662
azar,1,int__tai30_15_10,2048,78.2253,0.8889
azar,1,int__tai30_15_10,4096,75.9540,2.1184
azar,1,int__tai30_15_10,8192,69.3519,4.2384
azar,1,int__tai30_15_10,16384,68.3828,8.9059
azar,1,int__tai30_15_10,32768,68.3828,16.9331
azar,1,int__tai30_15_10,65536,68.3828,31.6390
azar,1,int__tai30_15_10,131072,68.3828,61.0593
azar,1,int__tai30_15_10,262144,66.9291,121.2947
azar,1,int__tai30_15_10,524288,66.9291,244.7597
azar,1,int__tai30_15_10,1048576,62.2047,502.9412
ga_sembrado,1,int__tai30_15_10,1,26.1357,0.0580
ga_sembrado,1,int__tai30_15_10,2,26.1357,0.0580
ga_sembrado,1,int__tai30_15_10,4,26.1357,0.0580
ga_sembrado,1,int__tai30_15_10,8,26.1357,0.0590
ga_sembrado,1,int__tai30_15_10,16,26.1357,0.0610
ga_sembrado,1,int__tai30_15_10,32,26.1357,0.0650
ga_sembrado,1,int__tai30_15_10,64,26.1357,0.0720
ga_sembrado,1,int__tai30_15_10,128,26.1357,0.0860
ga_sembrado,1,int__tai30_15_10,256,26.1357,0.1140
ga_sembrado,1,int__tai30_15_10,512,26.1357,0.2040
ga_sembrado,1,int__tai30_15_10,1024,26.1357,0.3701
ga_sembrado,1,int__tai30_15_10,2048,26.1357,0.6972
ga_sembrado,1,int__tai30_15_10,4096,26.1357,1.3604
ga_sembrado,1,int__tai30_15_10,8192,25.4391,2.8124
ga_sembrado,1,int__tai30_15_10,16384,23.8340,5.5693
ga_sembrado,1,int__tai30_15_10,32768,22.4409,11.0274
ga_sembrado,1,int__tai30_15_10,65536,21.8050,21.7351
ga_sembrado,1,int__tai30_15_10,131072,20.6541,43.3914
ga_sembrado,1,int__tai30_15_10,262144,19.8970,85.7704
ga_sembrado,1,int__tai30_15_10,524288,19.8667,172.8092
ga_sembrado,1,int__tai30_15_10,1048576,18.3525,352.5387
ga_sembrado,2,int__tai30_15_10,1,26.1357,0.0610
ga_sembrado,2,int__tai30_15_10,2,26.1357,0.0610
ga_sembrado,2,int__tai30_15_10,4,26.1357,0.0610
ga_sembrado,2,int__tai30_15_10,8,26.1357,0.0620
ga_sembrado,2,int__tai30_15_10,16,26.1357,0.0640
ga_sembrado,2,int__tai30_15_10,32,26.1357,0.0680
ga_sembrado,2,int__tai30_15_10,64,26.1357,0.0760
ga_sembrado,2,int__tai30_15_10,128,26.1357,0.0936
ga_sembrado,2,int__tai30_15_10,256,26.1357,0.1276
ga_sembrado,2,int__tai30_15_10,512,26.1357,0.2257
ga_sembrado,2,int__tai30_15_10,1024,26.1357,0.4377
ga_sembrado,2,int__tai30_15_10,2048,26.1357,0.8109
ga_sembrado,2,int__tai30_15_10,4096,26.1357,1.6223
ga_sembrado,2,int__tai30_15_10,8192,26.1357,3.1104
ga_sembrado,2,int__tai30_15_10,16384,25.1969,6.5702
ga_sembrado,2,int__tai30_15_10,32768,24.3489,13.2225
ga_sembrado,2,int__tai30_15_10,65536,21.5627,24.7201
ga_sembrado,2,int__tai30_15_10,131072,21.0176,46.7913
ga_sembrado,2,int__tai30_15_10,262144,21.0176,90.9169
ga_sembrado,2,int__tai30_15_10,524288,19.6850,178.5473
ga_sembrado,2,int__tai30_15_10,1048576,17.6560,357.0071
azar,1,int__tai30_20_01,1,148.8720,0.0010
azar,1,int__tai30_20_01,2,120.6191,0.0020
azar,1,int__tai30_20_01,4,120.6191,0.0030
azar,1,int__tai30_20_01,8,120.6191,0.0060
azar,1,int__tai30_20_01,16,114.0084,0.0110
azar,1,int__tai30_20_01,32,110.3358,0.0220
azar,1,int__tai30_20_01,64,100.7083,0.0540
azar,1,int__tai30_20_01,128,100.7083,0.1245
azar,1,int__tai30_20_01,256,100.7083,0.2125
azar,1,int__tai30_20_01,512,95.0420,0.4246
azar,1,int__tai30_20_01,1024,95.0420,0.9351
azar,1,int__tai30_20_01,2048,88.5887,1.7957
azar,1,int__tai30_20_01,4096,88.5887,3.3898
azar,1,int__tai30_20_01,8192,88.5887,6.6452
azar,1,int__tai30_20_01,16384,88.5624,11.8247
azar,1,int__tai30_20_01,32768,86.5163,22.3419
azar,1,int__tai30_20_01,65536,86.5163,42.7652
azar,1,int__tai30_20_01,131072,80.2466,83.3440
azar,1,int__tai30_20_01,262144,79.1973,174.1648
azar,1,int__tai30_20_01,524288,77.5184,335.4243
azar,1,int__tai30_20_01,1048576,79.2497,667.7649
ga_sembrado,1,int__tai30_20_01,1,33.3945,0.0645
ga_sembrado,1,int__tai30_20_01,2,33.3945,0.0655
ga_sembrado,1,int__tai30_20_01,4,33.3945,0.0655
ga_sembrado,1,int__tai30_20_01,8,33.3945,0.0675
ga_sembrado,1,int__tai30_20_01,16,33.3945,0.0695
ga_sembrado,1,int__tai30_20_01,32,33.3945,0.0745
ga_sembrado,1,int__tai30_20_01,64,33.3945,0.0845
ga_sembrado,1,int__tai30_20_01,128,33.3945,0.1035
ga_sembrado,1,int__tai30_20_01,256,33.3945,0.1440
ga_sembrado,1,int__tai30_20_01,512,33.3945,0.2571
ga_sembrado,1,int__tai30_20_01,1024,33.3945,0.4771
ga_sembrado,1,int__tai30_20_01,2048,33.3945,0.9091
ga_sembrado,1,int__tai30_20_01,4096,33.8930,1.7841
ga_sembrado,1,int__tai30_20_01,8192,30.5614,3.5738
ga_sembrado,1,int__tai30_20_01,16384,28.6726,7.2055
ga_sembrado,1,int__tai30_20_01,32768,28.3054,14.3411
ga_sembrado,1,int__tai30_20_01,65536,27.7282,28.3932
ga_sembrado,1,int__tai30_20_01,131072,27.4659,58.8678
ga_sembrado,1,int__tai30_20_01,262144,27.4659,119.7531
ga_sembrado,1,int__tai30_20_01,524288,27.2298,243.3169
ga_sembrado,1,int__tai30_20_01,1048576,27.1773,491.9280
ga_sembrado,2,int__tai30_20_01,1,33.3945,0.0790
ga_sembrado,2,int__tai30_20_01,2,33.3945,0.0790
ga_sembrado,2,int__tai30_20_01,4,33.3945,0.0800
ga_sembrado,2,int__tai30_20_01,8,33.3945,0.0810
ga_sembrado,2,int__tai30_20_01,16,33.3945,0.0830
ga_sembrado,2,int__tai30_20_01,32,33.3945,0.0870
ga_sembrado,2,int__tai30_20_01,64,33.3945,0.0970
ga_sembrado,2,int__tai30_20_01,128,33.3945,0.1171
ga_sembrado,2,int__tai30_20_01,256,33.3945,0.1611
ga_sembrado,2,int__tai30_20_01,512,33.3945,0.2826
ga_sembrado,2,int__tai30_20_01,1024,33.3945,0.5307
ga_sembrado,2,int__tai30_20_01,2048,33.3945,1.0286
ga_sembrado,2,int__tai30_20_01,4096,33.3945,2.0346
ga_sembrado,2,int__tai30_20_01,8192,30.0892,4.2498
ga_sembrado,2,int__tai30_20_01,16384,29.5121,8.6268
ga_sembrado,2,int__tai30_20_01,32768,29.6695,17.4153
ga_sembrado,2,int__tai30_20_01,65536,28.2791,31.5294
ga_sembrado,2,int__tai30_20_01,131072,27.4921,61.2121
ga_sembrado,2,int__tai30_20_01,262144,27.3872,120.0305
ga_sembrado,2,int__tai30_20_01,524288,27.1773,245.0050
ga_sembrado,2,int__tai30_20_01,1048576,27.1249,486.6191
azar,1,int__tai30_20_02,1,147.7707,0.0010
azar,1,int__tai30_20_02,2,113.7473,0.0010
azar,1,int__tai30_20_02,4,113.7473,0.0030
azar,1,int__tai30_20_02,8,113.7473,0.0050
azar,1,int__tai30_20_02,16,107.6964,0.0100
azar,1,int__tai30_20_02,32,107.6964,0.0200
azar,1,int__tai30_20_02,64,107.6964,0.0360
azar,1,int__tai30_20_02,128,104.5382,0.0710
azar,1,int__tai30_20_02,256,88.0839,0.1460
azar,1,int__tai30_20_02,512,84.8726,0.2970
azar,1,int__tai30_20_02,1024,84.8726,0.6021
azar,1,int__tai30_20_02,2048,84.8726,1.2222
azar,1,int__tai30_20_02,4096,84.8726,2.4480
azar,1,int__tai30_20_02,8192,84.8726,4.9547
azar,1,int__tai30_20_02,16384,86.0934,10.2447
azar,1,int__tai30_20_02,32768,79.7771,20.2335
azar,1,int__tai30_20_02,65536,79.6178,40.5503
azar,1,int__tai30_20_02,131072,79.5913,86.5477
azar,1,int__tai30_20_02,262144,74.0977,173.1003
azar,1,int__tai30_20_02,524288,74.0977,333.8488
azar,1,int__tai30_20_02,1048576,74.0977,668.7737
ga_sembrado,1,int__tai30_20_02,1,24.3365,0.0751
ga_sembrado,1,int__tai30_20_02,2,24.3365,0.0751
ga_sembrado,1,int__tai30_20_02,4,24.3365,0.0761
ga_sembrado,1,int__tai30_20_02,8,24.3365,0.0771
ga_sembrado,1,int__tai30_20_02,16,24.3365,0.0791
ga_sembrado,1,int__tai30_20_02,32,24.3365,0.0841
ga_sembrado,1,int__tai30_20_02,64,24.3365,0.0931
ga_sembrado,1,int__tai30_20_02,128,24.3365,0.1121
ga_sembrado,1,int__tai30_20_02,256,24.3365,0.1491
ga_sembrado,1,int__tai30_20_02,512,24.3365,0.2631
ga_sembrado,1,int__tai30_20_02,1024,24.3365,0.4851
ga_sembrado,1,int__tai30_20_02,2048,24.3365,0.9192
ga_sembrado,1,int__tai30_20_02,4096,24.3365,1.8070
ga_sembrado,1,int__tai30_20_02,8192,23.4607,3.6955
ga_sembrado,1,int__tai30_20_02,16384,22.0011,7.2294
ga_sembrado,1,int__tai30_20_02,32768,20.9395,14.7056
ga_sembrado,1,int__tai30_20_02,65536,19.8248,32.3165
ga_sembrado,1,int__tai30_20_02,131072,18.8694,61.2982
ga_sembrado,1,int__tai30_20_02,262144,16.6136,123.6848
ga_sembrado,1,int__tai30_20_02,524288,16.4809,243.1658
ga_sembrado,1,int__tai30_20_02,1048576,16.4278,495.0526
ga_sembrado,2,int__tai30_20_02,1,24.3365,0.0715
ga_sembrado,2,int__tai30_20_02,2,24.3365,0.0715
ga_sembrado,2,int__tai30_20_02,4,24.3365,0.0725
ga_sembrado,2,int__tai30_20_02,8,24.3365,0.0735
ga_sembrado,2,int__tai30_20_02,16,24.3365,0.0755
ga_sembrado,2,int__tai30_20_02,32,24.3365,0.0785
ga_sembrado,2,int__tai30_20_02,64,24.3365,0.0875
ga_sembrado,2,int__tai30_20_02,128,24.3365,0.1065
ga_sembrado,2,int__tai30_20_02,256,24.3365,0.1443
ga_sembrado,2,int__tai30_20_02,512,24.3365,0.2568
ga_sembrado,2,int__tai30_20_02,1024,24.3365,0.4838
ga_sembrado,2,int__tai30_20_02,2048,24.3365,0.9149
ga_sembrado,2,int__tai30_20_02,4096,24.3365,1.7730
ga_sembrado,2,int__tai30_20_02,8192,24.2038,3.5494
ga_sembrado,2,int__tai30_20_02,16384,22.6380,7.2159
ga_sembrado,2,int__tai30_20_02,32768,20.4883,15.8057
ga_sembrado,2,int__tai30_20_02,65536,18.8960,31.1174
ga_sembrado,2,int__tai30_20_02,131072,18.6571,60.1518
ga_sembrado,2,int__tai30_20_02,262144,18.0467,119.0985
ga_sembrado,2,int__tai30_20_02,524288,17.5159,243.1412
ga_sembrado,2,int__tai30_20_02,1048576,17.5159,486.1359
azar,1,int__tai30_20_03,1,110.4478,0.0010
azar,1,int__tai30_20_03,2,110.4478,0.0010
azar,1,int__tai30_20_03,4,110.4478,0.0020
azar,1,int__tai30_20_03,8,110.4478,0.0040
azar,1,int__tai30_20_03,16,110.4478,0.0080
azar,1,int__tai30_20_03,32,98.6180,0.0200
azar,1,int__tai30_20_03,64,98.6180,0.0590
azar,1,int__tai30_20_03,128,98.1758,0.0990
azar,1,int__tai30_20_03,256,98.1758,0.1730
azar,1,int__tai30_20_03,512,98.1758,0.3297
azar,1,int__tai30_20_03,1024,98.1758,0.6503
azar,1,int__tai30_20_03,2048,93.0348,1.2684
azar,1,int__tai30_20_03,4096,93.0348,2.6449
azar,1,int__tai30_20_03,8192,86.8988,5.0274
azar,1,int__tai30_20_03,16384,86.8988,9.8710
azar,1,int__tai30_20_03,32768,87.0923,19.5494
azar,1,int__tai30_20_03,65536,87.0923,40.0251
azar,1,int__tai30_20_03,131072,87.0923,79.5953
azar,1,int__tai30_20_03,262144,83.4163,167.4384
azar,1,int__tai30_20_03,524288,82.7529,334.6879
azar,1,int__tai30_20_03,1048576,79.3809,650.9345
ga_sembrado,1,int__tai30_20_03,1,22.3328,0.0720
ga_sembrado,1,int__tai30_20_03,2,22.3328,0.0720
ga_sembrado,1,int__tai30_20_03,4,22.3328,0.0730
ga_sembrado,1,int__tai30_20_03,8,22.3328,0.0740
ga_sembrado,1,int__tai30_20_03,16,22.3328,0.0770
ga_sembrado,1,int__tai30_20_03,32,22.3328,0.0820
ga_sembrado,1,int__tai30_20_03,64,22.3328,0.0930
ga_sembrado,1,int__tai30_20_03,128,22.3328,0.1145
ga_sembrado,1,int__tai30_20_03,256,22.3328,0.1515
ga_sembrado,1,int__tai30_20_03,512,22.3328,0.2626
ga_sembrado,1,int__tai30_20_03,1024,22.3328,0.4831
ga_sembrado,1,int__tai30_20_03,2048,22.3328,0.9377
ga_sembrado,1,int__tai30_20_03,4096,22.3328,1.8254
ga_sembrado,1,int__tai30_20_03,8192,21.8629,3.6264
ga_sembrado,1,int__tai30_20_03,16384,21.2272,7.4405
ga_sembrado,1,int__tai30_20_03,32768,20.9508,14.7002
ga_sembrado,1,int__tai30_20_03,65536,20.6191,29.3379
ga_sembrado,1,int__tai30_20_03,131072,19.8729,58.2939
ga_sembrado,1,int__tai30_20_03,262144,19.3753,116.8188
ga_sembrado,1,int__tai30_20_03,524288,18.9055,235.8790
ga_sembrado,1,int__tai30_20_03,1048576,17.2195,482.6143
ga_sembrado,2,int__tai30_20_03,1,22.3328,0.0670
ga_sembrado,2,int__tai30_20_03,2,22.3328,0.0680
ga_sembrado,2,int__tai30_20_03,4,22.3328,0.0680
ga_sembrado,2,int__tai30_20_03,8,22.3328,0.0690
ga_sembrado,2,int__tai30_20_03,16,22.3328,0.0720
ga_sembrado,2,int__tai30_20_03,32,22.3328,0.0770
ga_sembrado,2,int__tai30_20_03,64,22.3328,0.0870
ga_sembrado,2,int__tai30_20_03,128,22.3328,0.1070
ga_sembrado,2,int__tai30_20_03,256,22.3328,0.1486
ga_sembrado,2,int__tai30_20_03,512,22.3328,0.2631
ga_sembrado,2,int__tai30_20_03,1024,22.3328,0.5106
ga_sembrado,2,int__tai30_20_03,2048,22.3328,0.9597
ga_sembrado,2,int__tai30_20_03,4096,22.3328,1.8358
ga_sembrado,2,int__tai30_20_03,8192,21.7800,3.6515
ga_sembrado,2,int__tai30_20_03,16384,21.5312,7.3036
ga_sembrado,2,int__tai30_20_03,32768,20.5086,14.4639
ga_sembrado,2,int__tai30_20_03,65536,19.8729,28.6787
ga_sembrado,2,int__tai30_20_03,131072,19.2095,57.3305
ga_sembrado,2,int__tai30_20_03,262144,18.4356,126.5699
ga_sembrado,2,int__tai30_20_03,524288,17.9934,241.7179
ga_sembrado,2,int__tai30_20_03,1048576,17.4682,467.5598
azar,1,int__tai30_20_04,1,124.4867,0.0005
azar,1,int__tai30_20_04,2,114.8357,0.0015
azar,1,int__tai30_20_04,4,110.9856,0.0025
azar,1,int__tai30_20_04,8,110.9856,0.0045
azar,1,int__tai30_20_04,16,106.0062,0.0105
azar,1,int__tai30_20_04,32,106.0062,0.0195
azar,1,int__tai30_20_04,64,106.0062,0.0395
azar,1,int__tai30_20_04,128,96.3039,0.0715
azar,1,int__tai30_20_04,256,97.4333,0.1416
azar,1,int__tai30_20_04,512,95.0205,0.2906
azar,1,int__tai30_20_04,1024,93.2752,0.5908
azar,1,int__tai30_20_04,2048,89.8614,1.2694
azar,1,int__tai30_20_04,4096,86.9097,2.5385
azar,1,int__tai30_20_04,8192,81.0575,4.9652
azar,1,int__tai30_20_04,16384,81.0575,9.9503
azar,1,int__tai30_20_04,32768,81.8018,19.9193
azar,1,int__tai30_20_04,65536,77.1047,39.7409
azar,1,int__tai30_20_04,131072,75.2310,79.8554
azar,1,int__tai30_20_04,262144,75.2310,166.5842
azar,1,int__tai30_20_04,524288,74.2043,333.3495
azar,1,int__tai30_20_04,1048576,74.2043,650.3193
ga_sembrado,1,int__tai30_20_04,1,25.7957,0.0700
ga_sembrado,1,int__tai30_20_04,2,25.7957,0.0700
ga_sembrado,1,int__tai30_20_04,4,25.7957,0.0700
ga_sembrado,1,int__tai30_20_04,8,25.7957,0.0710
ga_sembrado,1,int__tai30_20_04,16,25.7957,0.0740
ga_sembrado,1,int__tai30_20_04,32,25.7957,0.0790
ga_sembrado,1,int__tai30_20_04,64,25.7957,0.0890
ga_sembrado,1,int__tai30_20_04,128,25.7957,0.1095
ga_sembrado,1,int__tai30_20_04,256,25.7957,0.1485
ga_sembrado,1,int__tai30_20_04,512,25.7957,0.2571
ga_sembrado,1,int__tai30_20_04,1024,25.7957,0.4796
ga_sembrado,1,int__tai30_20_04,2048,25.7957,0.9600
ga_sembrado,1,int__tai30_20_04,4096,25.7957,1.8835
ga_sembrado,1,int__tai30_20_04,8192,25.7957,3.7794
ga_sembrado,1,int__tai30_20_04,16384,24.4353,7.4589
ga_sembrado,1,int__tai30_20_04,32768,22.0226,14.6790
ga_sembrado,1,int__tai30_20_04,65536,20.8162,29.3946
ga_sembrado,1,int__tai30_20_04,131072,20.0719,58.6273
ga_sembrado,1,int__tai30_20_04,262144,19.5072,117.1834
ga_sembrado,1,int__tai30_20_04,524288,19.3018,235.3347
ga_sembrado,1,int__tai30_20_04,1048576,18.5832,483.5066
ga_sembrado,2,int__tai30_20_04,1,25.7957,0.0710
ga_sembrado,2,int__tai30_20_04,2,25.7957,0.0720
ga_sembrado,2,int__tai30_20_04,4,25.7957,0.0720
ga_sembrado,2,int__tai30_20_04,8,25.7957,0.0730
ga_sembrado,2,int__tai30_20_04,16,25.7957,0.0750
ga_sembrado,2,int__tai30_20_04,32,25.7957,0.0796
ga_sembrado,2,int__tai30_20_04,64,25.7957,0.0891
ga_sembrado,2,int__tai30_20_04,128,25.7957,0.1071
ga_sembrado,2,int__tai30_20_04,256,25.7957,0.1461
ga_sembrado,2,int__tai30_20_04,512,25.7957,0.2572
ga_sembrado,2,int__tai30_20_04,1024,25.7957,0.4742
ga_sembrado,2,int__tai30_20_04,2048,25.7957,0.9123
ga_sembrado,2,int__tai30_20_04,4096,25.7957,1.8054
ga_sembrado,2,int__tai30_20_04,8192,24.9743,3.5481
ga_sembrado,2,int__tai30_20_04,16384,24.4353,7.1610
ga_sembrado,2,int__tai30_20_04,32768,23.9733,14.5031
ga_sembrado,2,int__tai30_20_04,65536,22.0226,28.9441
ga_sembrado,2,int__tai30_20_04,131072,21.1242,57.6933
ga_sembrado,2,int__tai30_20_04,262144,20.5339,126.8766
ga_sembrado,2,int__tai30_20_04,524288,20.3285,243.0751
ga_sembrado,2,int__tai30_20_04,1048576,18.7372,469.9794
azar,1,int__tai30_20_05,1,126.6900,0.0010
azar,1,int__tai30_20_05,2,121.3320,0.0020
azar,1,int__tai30_20_05,4,112.8192,0.0030
azar,1,int__tai30_20_05,8,110.0401,0.0050
azar,1,int__tai30_20_05,16,99.4492,0.0110
azar,1,int__tai30_20_05,32,99.4492,0.0210
azar,1,int__tai30_20_05,64,91.7877,0.0420
azar,1,int__tai30_20_05,128,91.7877,0.0810
azar,1,int__tai30_20_05,256,82.9244,0.1570
azar,1,int__tai30_20_05,512,82.7742,0.3341
azar,1,int__tai30_20_05,1024,81.5974,0.6837
azar,1,int__tai30_20_05,2048,80.1452,1.3480
azar,1,int__tai30_20_05,4096,80.1452,2.6598
azar,1,int__tai30_20_05,8192,75.8388,5.3464
azar,1,int__tai30_20_05,16384,74.7872,10.9232
azar,1,int__tai30_20_05,32768,73.9609,21.4499
azar,1,int__tai30_20_05,65536,74.7872,42.2447
azar,1,int__tai30_20_05,131072,74.7872,81.9793
azar,1,int__tai30_20_05,262144,71.1317,160.8950
azar,1,int__tai30_20_05,524288,68.6029,318.7297
azar,1,int__tai30_20_05,1048576,68.6279,646.2764
ga_sembrado,1,int__tai30_20_05,1,14.8723,0.0800
ga_sembrado,1,int__tai30_20_05,2,14.8723,0.0810
ga_sembrado,1,int__tai30_20_05,4,14.8723,0.0810
ga_sembrado,1,int__tai30_20_05,8,14.8723,0.0820
ga_sembrado,1,int__tai30_20_05,16,14.8723,0.0850
ga_sembrado,1,int__tai30_20_05,32,14.8723,0.0900
ga_sembrado,1,int__tai30_20_05,64,14.8723,0.1020
ga_sembrado,1,int__tai30_20_05,128,14.8723,0.1230
ga_sembrado,1,int__tai30_20_05,256,14.8723,0.1690
ga_sembrado,1,int__tai30_20_05,512,14.8723,0.2890
ga_sembrado,1,int__tai30_20_05,1024,14.8723,0.5111
ga_sembrado,1,int__tai30_20_05,2048,14.8723,0.9552
ga_sembrado,1,int__tai30_20_05,4096,14.8723,1.8349
ga_sembrado,1,int__tai30_20_05,8192,14.6470,3.6156
ga_sembrado,1,int__tai30_20_05,16384,14.2964,7.3833
ga_sembrado,1,int__tai30_20_05,32768,14.1963,14.6323
ga_sembrado,1,int__tai30_20_05,65536,14.0461,31.9784
ga_sembrado,1,int__tai30_20_05,131072,13.8207,63.9330
ga_sembrado,1,int__tai30_20_05,262144,13.8207,127.3074
ga_sembrado,1,int__tai30_20_05,524288,12.6189,248.0547
ga_sembrado,1,int__tai30_20_05,1048576,11.7176,495.7552
ga_sembrado,2,int__tai30_20_05,1,14.8723,0.0680
ga_sembrado,2,int__tai30_20_05,2,14.8723,0.0680
ga_sembrado,2,int__tai30_20_05,4,14.8723,0.0690
ga_sembrado,2,int__tai30_20_05,8,14.8723,0.0700
ga_sembrado,2,int__tai30_20_05,16,14.8723,0.0730
ga_sembrado,2,int__tai30_20_05,32,14.8723,0.0770
ga_sembrado,2,int__tai30_20_05,64,14.8723,0.0870
ga_sembrado,2,int__tai30_20_05,128,14.8723,0.1071
ga_sembrado,2,int__tai30_20_05,256,14.8723,0.1436
ga_sembrado,2,int__tai30_20_05,512,14.8723,0.2546
ga_sembrado,2,int__tai30_20_05,1024,14.8723,0.4696
ga_sembrado,2,int__tai30_20_05,2048,14.8723,0.9073
ga_sembrado,2,int__tai30_20_05,4096,14.8723,1.7954
ga_sembrado,2,int__tai30_20_05,8192,14.6470,3.5290
ga_sembrado,2,int__tai30_20_05,16384,14.2964,7.1102
ga_sembrado,2,int__tai30_20_05,32768,14.0961,14.1703
ga_sembrado,2,int__tai30_20_05,65536,14.2464,28.4698
ga_sembrado,2,int__tai30_20_05,131072,13.5704,58.2855
ga_sembrado,2,int__tai30_20_05,262144,12.3686,113.8285
ga_sembrado,2,int__tai30_20_05,524288,12.3686,226.6223
ga_sembrado,2,int__tai30_20_05,1048576,12.3686,459.3209
azar,1,int__tai30_20_06,1,149.7956,0.0010
azar,1,int__tai30_20_06,2,118.0889,0.0010
azar,1,int__tai30_20_06,4,102.8871,0.0020
azar,1,int__tai30_20_06,8,102.8871,0.0050
azar,1,int__tai30_20_06,16,102.8871,0.0100
azar,1,int__tai30_20_06,32,102.7593,0.0180
azar,1,int__tai30_20_06,64,102.7593,0.0390
azar,1,int__tai30_20_06,128,102.7593,0.0770
azar,1,int__tai30_20_06,256,94.7368,0.1525
azar,1,int__tai30_20_06,512,80.6847,0.3086
azar,1,int__tai30_20_06,1024,80.6847,0.6081
azar,1,int__tai30_20_06,2048,80.6847,1.2177
azar,1,int__tai30_20_06,4096,80.6847,2.5542
azar,1,int__tai30_20_06,8192,77.7721,6.0182
azar,1,int__tai30_20_06,16384,77.7721,12.5336
azar,1,int__tai30_20_06,32768,74.9106,23.4059
azar,1,int__tai30_20_06,65536,74.9106,44.4497
azar,1,int__tai30_20_06,131072,74.9106,85.1104
azar,1,int__tai30_20_06,262144,74.9106,164.2681
azar,1,int__tai30_20_06,524288,74.9106,321.8453
azar,1,int__tai30_20_06,1048576,71.6403,650.9317
ga_sembrado,1,int__tai30_20_06,1,22.4323,0.0780
ga_sembrado,1,int__tai30_20_06,2,22.4323,0.0780
ga_sembrado,1,int__tai30_20_06,4,22.4323,0.0790
ga_sembrado,1,int__tai30_20_06,8,22.4323,0.0800
ga_sembrado,1,int__tai30_20_06,16,22.4323,0.0830
ga_sembrado,1,int__tai30_20_06,32,22.4323,0.0890
ga_sembrado,1,int__tai30_20_06,64,22.4323,0.0990
ga_sembrado,1,int__tai30_20_06,128,22.4323,0.1180
ga_sembrado,1,int__tai30_20_06,256,22.4323,0.1560
ga_sembrado,1,int__tai30_20_06,512,22.4323,0.2650
ga_sembrado,1,int__tai30_20_06,1024,22.4323,0.4936
ga_sembrado,1,int__tai30_20_06,2048,22.4323,0.9477
ga_sembrado,1,int__tai30_20_06,4096,22.4323,1.8419
ga_sembrado,1,int__tai30_20_06,8192,21.8702,3.6608
ga_sembrado,1,int__tai30_20_06,16384,21.1804,7.2309
ga_sembrado,1,int__tai30_20_06,32768,20.9760,14.4296
ga_sembrado,1,int__tai30_20_06,65536,20.5161,28.9126
ga_sembrado,1,int__tai30_20_06,131072,20.4394,61.7734
ga_sembrado,1,int__tai30_20_06,262144,17.9356,124.9218
ga_sembrado,1,int__tai30_20_06,524288,17.6035,246.3453
ga_sembrado,1,int__tai30_20_06,1048576,16.8114,489.3355
ga_sembrado,2,int__tai30_20_06,1,22.4323,0.0785
ga_sembrado,2,int__tai30_20_06,2,22.4323,0.0785
ga_sembrado,2,int__tai30_20_06,4,22.4323,0.0795
ga_sembrado,2,int__tai30_20_06,8,22.4323,0.0805
ga_sembrado,2,int__tai30_20_06,16,22.4323,0.0835
ga_sembrado,2,int__tai30_20_06,32,22.4323,0.0875
ga_sembrado,2,int__tai30_20_06,64,22.4323,0.0965
ga_sembrado,2,int__tai30_20_06,128,22.4323,0.1175
ga_sembrado,2,int__tai30_20_06,256,22.4323,0.1565
ga_sembrado,2,int__tai30_20_06,512,22.4323,0.2640
ga_sembrado,2,int__tai30_20_06,1024,22.4323,0.4731
ga_sembrado,2,int__tai30_20_06,2048,22.4323,0.9042
ga_sembrado,2,int__tai30_20_06,4096,22.4323,1.7701
ga_sembrado,2,int__tai30_20_06,8192,22.4323,3.4886
ga_sembrado,2,int__tai30_20_06,16384,21.9724,6.9956
ga_sembrado,2,int__tai30_20_06,32768,21.6658,14.2170
ga_sembrado,2,int__tai30_20_06,65536,22.1002,28.3431
ga_sembrado,2,int__tai30_20_06,131072,20.0818,57.6770
ga_sembrado,2,int__tai30_20_06,262144,19.5963,114.0396
ga_sembrado,2,int__tai30_20_06,524288,19.3919,225.5606
ga_sembrado,2,int__tai30_20_06,1048576,17.3224,457.0224
azar,1,int__tai30_20_07,1,168.7880,0.0010
azar,1,int__tai30_20_07,2,136.9120,0.0010
azar,1,int__tai30_20_07,4,117.6536,0.0030
azar,1,int__tai30_20_07,8,117.6536,0.0050
azar,1,int__tai30_20_07,16,117.6536,0.0100
azar,1,int__tai30_20_07,32,110.9297,0.0200
azar,1,int__tai30_20_07,64,110.9297,0.0380
azar,1,int__tai30_20_07,128,100.4427,0.0730
azar,1,int__tai30_20_07,256,96.3752,0.1440
azar,1,int__tai30_20_07,512,96.3752,0.2940
azar,1,int__tai30_20_07,1024,95.2131,0.5765
azar,1,int__tai30_20_07,2048,95.2131,1.1656
azar,1,int__tai30_20_07,4096,96.1538,2.3364
azar,1,int__tai30_20_07,8192,81.4610,4.9070
azar,1,int__tai30_20_07,16384,81.4610,9.8996
azar,1,int__tai30_20_07,32768,81.4610,19.4691
azar,1,int__tai30_20_07,65536,81.4610,40.1247
azar,1,int__tai30_20_07,131072,81.4610,79.2258
azar,1,int__tai30_20_07,262144,81.4610,157.1725
azar,1,int__tai30_20_07,524288,81.4610,311.1322
azar,1,int__tai30_20_07,1048576,81.4610,632.9872
ga_sembrado,1,int__tai30_20_07,1,25.6226,0.0730
ga_sembrado,1,int__tai30_20_07,2,25.6226,0.0730
ga_sembrado,1,int__tai30_20_07,4,25.6226,0.0730
ga_sembrado,1,int__tai30_20_07,8,25.6226,0.0740
ga_sembrado,1,int__tai30_20_07,16,25.6226,0.0760
ga_sembrado,1,int__tai30_20_07,32,25.6226,0.0800
ga_sembrado,1,int__tai30_20_07,64,25.6226,0.0900
ga_sembrado,1,int__tai30_20_07,128,25.6226,0.1080
ga_sembrado,1,int__tai30_20_07,256,25.6226,0.1410
ga_sembrado,1,int__tai30_20_07,512,25.6226,0.2470
ga_sembrado,1,int__tai30_20_07,1024,25.6226,0.4751
ga_sembrado,1,int__tai30_20_07,2048,25.6226,0.9387
ga_sembrado,1,int__tai30_20_07,4096,26.0376,1.8475
ga_sembrado,1,int__tai30_20_07,8192,25.1799,3.6656
ga_sembrado,1,int__tai30_20_07,16384,24.2667,7.2393
ga_sembrado,1,int__tai30_20_07,32768,21.5551,14.4994
ga_sembrado,1,int__tai30_20_07,65536,20.3929,28.9351
ga_sembrado,1,int__tai30_20_07,131072,19.2308,58.1382
ga_sembrado,1,int__tai30_20_07,262144,19.2308,115.8775
ga_sembrado,1,int__tai30_20_07,524288,18.6497,233.1849
ga_sembrado,1,int__tai30_20_07,1048576,17.8473,474.7917
ga_sembrado,2,int__tai30_20_07,1,25.6226,0.0711
ga_sembrado,2,int__tai30_20_07,2,25.6226,0.0711
ga_sembrado,2,int__tai30_20_07,4,25.6226,0.0721
ga_sembrado,2,int__tai30_20_07,8,25.6226,0.0731
ga_sembrado,2,int__tai30_20_07,16,25.6226,0.0761
ga_sembrado,2,int__tai30_20_07,32,25.6226,0.0821
ga_sembrado,2,int__tai30_20_07,64,25.6226,0.0911
ga_sembrado,2,int__tai30_20_07,128,25.6226,0.1111
ga_sembrado,2,int__tai30_20_07,256,25.6226,0.1506
ga_sembrado,2,int__tai30_20_07,512,25.6226,0.2681
ga_sembrado,2,int__tai30_20_07,1024,25.6226,0.5103
ga_sembrado,2,int__tai30_20_07,2048,25.6226,0.9769
ga_sembrado,2,int__tai30_20_07,4096,25.6226,1.8690
ga_sembrado,2,int__tai30_20_07,8192,23.9070,3.6456
ga_sembrado,2,int__tai30_20_07,16384,23.2983,7.2464
ga_sembrado,2,int__tai30_20_07,32768,22.2191,14.4093
ga_sembrado,2,int__tai30_20_07,65536,20.2822,29.0965
ga_sembrado,2,int__tai30_20_07,131072,19.9502,57.4511
ga_sembrado,2,int__tai30_20_07,262144,19.6458,114.2888
ga_sembrado,2,int__tai30_20_07,524288,18.7327,226.4490
ga_sembrado,2,int__tai30_20_07,1048576,18.7050,456.0430
azar,1,int__tai30_20_08,1,135.2249,0.0000
azar,1,int__tai30_20_08,2,125.2092,0.0010
azar,1,int__tai30_20_08,4,118.2531,0.0020
azar,1,int__tai30_20_08,8,118.2531,0.0045
azar,1,int__tai30_20_08,16,118.2531,0.0090
azar,1,int__tai30_20_08,32,103.0858,0.0190
azar,1,int__tai30_20_08,64,91.6056,0.0380
azar,1,int__tai30_20_08,128,86.7155,0.0750
azar,1,int__tai30_20_08,256,85.0418,0.1560
azar,1,int__tai30_20_08,512,85.0418,0.3131
azar,1,int__tai30_20_08,1024,84.5711,0.6321
azar,1,int__tai30_20_08,2048,77.8243,1.2602
azar,1,int__tai30_20_08,4096,77.8243,2.4485
azar,1,int__tai30_20_08,8192,77.8243,4.8483
azar,1,int__tai30_20_08,16384,78.4519,9.6912
azar,1,int__tai30_20_08,32768,78.4519,19.2927
azar,1,int__tai30_20_08,65536,78.4519,38.9042
azar,1,int__tai30_20_08,131072,74.0586,79.0540
azar,1,int__tai30_20_08,262144,71.7573,154.7412
azar,1,int__tai30_20_08,524288,71.1820,312.7127
azar,1,int__tai30_20_08,1048576,68.2008,634.1200
ga_sembrado,1,int__tai30_20_08,1,21.0513,0.0761
ga_sembrado,1,int__tai30_20_08,2,21.0513,0.0761
ga_sembrado,1,int__tai30_20_08,4,21.0513,0.0770
ga_sembrado,1,int__tai30_20_08,8,21.0513,0.0790
ga_sembrado,1,int__tai30_20_08,16,21.0513,0.0810
ga_sembrado,1,int__tai30_20_08,32,21.0513,0.0850
ga_sembrado,1,int__tai30_20_08,64,21.0513,0.0940
ga_sembrado,1,int__tai30_20_08,128,21.0513,0.1130
ga_sembrado,1,int__tai30_20_08,256,21.0513,0.1520
ga_sembrado,1,int__tai30_20_08,512,21.0513,0.2671
ga_sembrado,1,int__tai30_20_08,1024,21.0513,0.4852
ga_sembrado,1,int__tai30_20_08,2048,21.0513,0.9203
ga_sembrado,1,int__tai30_20_08,4096,21.0513,1.8657
ga_sembrado,1,int__tai30_20_08,8192,19.7437,3.7043
ga_sembrado,1,int__tai30_20_08,16384,19.3515,7.4827
ga_sembrado,1,int__tai30_20_08,32768,18.8023,14.9560
ga_sembrado,1,int__tai30_20_08,65536,18.0439,29.3740
ga_sembrado,1,int__tai30_20_08,131072,17.3117,58.0282
ga_sembrado,1,int__tai30_20_08,262144,16.8933,116.6483
ga_sembrado,1,int__tai30_20_08,524288,16.8933,234.4535
ga_sembrado,1,int__tai30_20_08,1048576,16.8933,478.6444
ga_sembrado,2,int__tai30_20_08,1,21.0513,0.0720
ga_sembrado,2,int__tai30_20_08,2,21.0513,0.0730
ga_sembrado,2,int__tai30_20_08,4,21.0513,0.0730
ga_sembrado,2,int__tai30_20_08,8,21.0513,0.0740
ga_sembrado,2,int__tai30_20_08,16,21.0513,0.0770
ga_sembrado,2,int__tai30_20_08,32,21.0513,0.0820
ga_sembrado,2,int__tai30_20_08,64,21.0513,0.0920
ga_sembrado,2,int__tai30_20_08,128,21.0513,0.1110
ga_sembrado,2,int__tai30_20_08,256,21.0513,0.1500
ga_sembrado,2,int__tai30_20_08,512,21.0513,0.2580
ga_sembrado,2,int__tai30_20_08,1024,21.0513,0.4726
ga_sembrado,2,int__tai30_20_08,2048,21.0513,0.9057
ga_sembrado,2,int__tai30_20_08,4096,20.9467,1.7876
ga_sembrado,2,int__tai30_20_08,8192,20.0575,3.5640
ga_sembrado,2,int__tai30_20_08,16384,19.4561,7.1913
ga_sembrado,2,int__tai30_20_08,32768,18.7762,14.2696
ga_sembrado,2,int__tai30_20_08,65536,18.7238,28.8747
ga_sembrado,2,int__tai30_20_08,131072,17.0764,57.4202
ga_sembrado,2,int__tai30_20_08,262144,16.9718,113.5806
ga_sembrado,2,int__tai30_20_08,524288,15.8473,226.6119
ga_sembrado,2,int__tai30_20_08,1048576,15.6642,462.1794
azar,1,int__tai30_20_09,1,124.9094,0.0010
azar,1,int__tai30_20_09,2,124.9094,0.0010
azar,1,int__tai30_20_09,4,109.3475,0.0020
azar,1,int__tai30_20_09,8,109.3475,0.0050
azar,1,int__tai30_20_09,16,95.9089,0.0090
azar,1,int__tai30_20_09,32,94.1481,0.0190
azar,1,int__tai30_20_09,64,94.1481,0.0370
azar,1,int__tai30_20_09,128,94.1481,0.0770
azar,1,int__tai30_20_09,256,86.3542,0.1486
azar,1,int__tai30_20_09,512,86.3542,0.2991
azar,1,int__tai30_20_09,1024,81.2273,0.6091
azar,1,int__tai30_20_09,2048,81.2273,1.2092
azar,1,int__tai30_20_09,4096,76.1781,2.4081
azar,1,int__tai30_20_09,8192,76.1781,4.7705
azar,1,int__tai30_20_09,16384,77.9389,9.5986
azar,1,int__tai30_20_09,32768,77.9389,19.3711
azar,1,int__tai30_20_09,65536,77.9389,38.8585
azar,1,int__tai30_20_09,131072,77.9389,77.0234
azar,1,int__tai30_20_09,262144,77.9389,153.6598
azar,1,int__tai30_20_09,524288,71.8281,308.8684
azar,1,int__tai30_20_09,1048576,67.5557,629.3085
ga_sembrado,1,int__tai30_20_09,1,20.1191,0.0740
ga_sembrado,1,int__tai30_20_09,2,20.1191,0.0740
ga_sembrado,1,int__tai30_20_09,4,20.1191,0.0750
ga_sembrado,1,int__tai30_20_09,8,20.1191,0.0760
ga_sembrado,1,int__tai30_20_09,16,20.1191,0.0790
ga_sembrado,1,int__tai30_20_09,32,20.1191,0.0840
ga_sembrado,1,int__tai30_20_09,64,20.1191,0.0940
ga_sembrado,1,int__tai30_20_09,128,20.1191,0.1135
ga_sembrado,1,int__tai30_20_09,256,20.1191,0.1485
ga_sembrado,1,int__tai30_20_09,512,20.1191,0.2545
ga_sembrado,1,int__tai30_20_09,1024,20.1191,0.4716
ga_sembrado,1,int__tai30_20_09,2048,20.1191,0.8992
ga_sembrado,1,int__tai30_20_09,4096,20.1191,1.7704
ga_sembrado,1,int__tai30_20_09,8192,20.2486,3.5621
ga_sembrado,1,int__tai30_20_09,16384,19.7825,6.9943
ga_sembrado,1,int__tai30_20_09,32768,19.4977,14.7469
ga_sembrado,1,int__tai30_20_09,65536,19.8343,29.4378
ga_sembrado,1,int__tai30_20_09,131072,19.5236,58.0193
ga_sembrado,1,int__tai30_20_09,262144,18.0994,116.4110
ga_sembrado,1,int__tai30_20_09,524288,17.7110,231.9948
ga_sembrado,1,int__tai30_20_09,1048576,17.7110,466.8284
ga_sembrado,2,int__tai30_20_09,1,20.1191,0.0680
ga_sembrado,2,int__tai30_20_09,2,20.1191,0.0680
ga_sembrado,2,int__tai30_20_09,4,20.1191,0.0690
ga_sembrado,2,int__tai30_20_09,8,20.1191,0.0700
ga_sembrado,2,int__tai30_20_09,16,20.1191,0.0720
ga_sembrado,2,int__tai30_20_09,32,20.1191,0.0770
ga_sembrado,2,int__tai30_20_09,64,20.1191,0.0870
ga_sembrado,2,int__tai30_20_09,128,20.1191,0.1060
ga_sembrado,2,int__tai30_20_09,256,20.1191,0.1440
ga_sembrado,2,int__tai30_20_09,512,20.1191,0.2551
ga_sembrado,2,int__tai30_20_09,1024,20.1191,0.4742
ga_sembrado,2,int__tai30_20_09,2048,20.1191,0.9133
ga_sembrado,2,int__tai30_20_09,4096,20.1191,1.7805
ga_sembrado,2,int__tai30_20_09,8192,20.0673,3.5567
ga_sembrado,2,int__tai30_20_09,16384,19.8861,7.0245
ga_sembrado,2,int__tai30_20_09,32768,19.6789,14.9161
ga_sembrado,2,int__tai30_20_09,65536,19.1352,28.6933
ga_sembrado,2,int__tai30_20_09,131072,19.1352,56.5726
ga_sembrado,2,int__tai30_20_09,262144,19.1352,112.3038
ga_sembrado,2,int__tai30_20_09,524288,19.1352,230.6989
ga_sembrado,2,int__tai30_20_09,1048576,18.6950,474.7739
azar,1,int__tai30_20_10,1,160.7201,0.0000
azar,1,int__tai30_20_10,2,133.1151,0.0010
azar,1,int__tai30_20_10,4,133.1151,0.0020
azar,1,int__tai30_20_10,8,120.7856,0.0050
azar,1,int__tai30_20_10,16,116.8031,0.0100
azar,1,int__tai30_20_10,32,111.6203,0.0200
azar,1,int__tai30_20_10,64,110.8292,0.0400
azar,1,int__tai30_20_10,128,103.3824,0.0790
azar,1,int__tai30_20_10,256,94.8172,0.1540
azar,1,int__tai30_20_10,512,94.8172,0.3050
azar,1,int__tai30_20_10,1024,94.8172,0.6036
azar,1,int__tai30_20_10,2048,93.7807,1.1960
azar,1,int__tai30_20_10,4096,91.8167,2.4703
azar,1,int__tai30_20_10,8192,91.1075,5.1736
azar,1,int__tai30_20_10,16384,91.1075,10.1634
azar,1,int__tai30_20_10,32768,91.1075,19.7630
azar,1,int__tai30_20_10,65536,86.6885,39.2280
azar,1,int__tai30_20_10,131072,86.6885,77.3882
azar,1,int__tai30_20_10,262144,79.1598,154.0048
azar,1,int__tai30_20_10,524288,79.1598,308.4602
azar,1,int__tai30_20_10,1048576,79.4053,629.9078
ga_sembrado,1,int__tai30_20_10,1,31.2602,0.0730
ga_sembrado,1,int__tai30_20_10,2,31.2602,0.0730
ga_sembrado,1,int__tai30_20_10,4,31.2602,0.0740
ga_sembrado,1,int__tai30_20_10,8,31.2602,0.0750
ga_sembrado,1,int__tai30_20_10,16,31.2602,0.0770
ga_sembrado,1,int__tai30_20_10,32,31.2602,0.0830
ga_sembrado,1,int__tai30_20_10,64,31.2602,0.0910
ga_sembrado,1,int__tai30_20_10,128,31.2602,0.1090
ga_sembrado,1,int__tai30_20_10,256,31.2602,0.1430
ga_sembrado,1,int__tai30_20_10,512,31.2602,0.2536
ga_sembrado,1,int__tai30_20_10,1024,31.2602,0.4706
ga_sembrado,1,int__tai30_20_10,2048,31.2602,0.8913
ga_sembrado,1,int__tai30_20_10,4096,31.2602,1.7935
ga_sembrado,1,int__tai30_20_10,8192,30.9875,3.5220
ga_sembrado,1,int__tai30_20_10,16384,30.9056,6.9851
ga_sembrado,1,int__tai30_20_10,32768,30.4965,13.9330
ga_sembrado,1,int__tai30_20_10,65536,29.8691,29.0942
ga_sembrado,1,int__tai30_20_10,131072,29.2144,58.0253
ga_sembrado,1,int__tai30_20_10,262144,27.3050,116.0358
ga_sembrado,1,int__tai30_20_10,524288,27.2777,232.2722
ga_sembrado,1,int__tai30_20_10,1048576,26.8412,466.6950
ga_sembrado,2,int__tai30_20_10,1,31.2602,0.0700
ga_sembrado,2,int__tai30_20_10,2,31.2602,0.0700
ga_sembrado,2,int__tai30_20_10,4,31.2602,0.0710
ga_sembrado,2,int__tai30_20_10,8,31.2602,0.0720
ga_sembrado,2,int__tai30_20_10,16,31.2602,0.0740
ga_sembrado,2,int__tai30_20_10,32,31.2602,0.0795
ga_sembrado,2,int__tai30_20_10,64,31.2602,0.0880
ga_sembrado,2,int__tai30_20_10,128,31.2602,0.1070
ga_sembrado,2,int__tai30_20_10,256,31.2602,0.1460
ga_sembrado,2,int__tai30_20_10,512,31.2602,0.2561
ga_sembrado,2,int__tai30_20_10,1024,31.2602,0.4803
ga_sembrado,2,int__tai30_20_10,2048,31.2602,0.8974
ga_sembrado,2,int__tai30_20_10,4096,31.2602,1.7521
ga_sembrado,2,int__tai30_20_10,8192,30.7965,3.4553
ga_sembrado,2,int__tai30_20_10,16384,30.6056,6.9546
ga_sembrado,2,int__tai30_20_10,32768,30.4146,13.8784
ga_sembrado,2,int__tai30_20_10,65536,30.1146,28.9572
ga_sembrado,2,int__tai30_20_10,131072,30.1146,56.5589
ga_sembrado,2,int__tai30_20_10,262144,30.1146,112.4070
ga_sembrado,2,int__tai30_20_10,524288,28.7780,231.2489
ga_sembrado,2,int__tai30_20_10,1048576,26.4048,476.0708
azar,1,int__tai50_15_01,1,93.5326,0.0010
azar,1,int__tai50_15_01,2,87.6812,0.0025
azar,1,int__tai50_15_01,4,79.1304,0.0045
azar,1,int__tai50_15_01,8,79.1304,0.0085
azar,1,int__tai50_15_01,16,79.1304,0.0155
azar,1,int__tai50_15_01,32,75.6341,0.0425
azar,1,int__tai50_15_01,64,73.9493,0.0976
azar,1,int__tai50_15_01,128,70.7971,0.1876
azar,1,int__tai50_15_01,256,66.1594,0.3096
azar,1,int__tai50_15_01,512,66.1594,0.7517
azar,1,int__tai50_15_01,1024,66.1594,1.3873
azar,1,int__tai50_15_01,2048,64.9457,2.3693
azar,1,int__tai50_15_01,4096,58.3696,4.1485
azar,1,int__tai50_15_01,8192,58.3696,7.9984
azar,1,int__tai50_15_01,16384,58.3696,15.6890
azar,1,int__tai50_15_01,32768,58.3696,27.9765
azar,1,int__tai50_15_01,65536,58.3696,53.2261
azar,1,int__tai50_15_01,131072,58.3696,103.1665
azar,1,int__tai50_15_01,262144,55.8696,204.5394
azar,1,int__tai50_15_01,524288,55.3986,398.4605
azar,1,int__tai50_15_01,1048576,52.1739,817.0009
ga_sembrado,1,int__tai50_15_01,1,23.2428,0.0930
ga_sembrado,1,int__tai50_15_01,2,23.2428,0.0940
ga_sembrado,1,int__tai50_15_01,4,23.2428,0.0940
ga_sembrado,1,int__tai50_15_01,8,23.2428,0.0950
ga_sembrado,1,int__tai50_15_01,16,23.2428,0.0990
ga_sembrado,1,int__tai50_15_01,32,23.2428,0.1050
ga_sembrado,1,int__tai50_15_01,64,23.2428,0.1170
ga_sembrado,1,int__tai50_15_01,128,23.2428,0.1425
ga_sembrado,1,int__tai50_15_01,256,23.2428,0.1913
ga_sembrado,1,int__tai50_15_01,512,23.2428,0.3292
ga_sembrado,1,int__tai50_15_01,1024,23.2428,0.6038
ga_sembrado,1,int__tai50_15_01,2048,23.2428,1.1599
ga_sembrado,1,int__tai50_15_01,4096,23.2428,2.2929
ga_sembrado,1,int__tai50_15_01,8192,22.7355,4.6080
ga_sembrado,1,int__tai50_15_01,16384,22.4457,9.1445
ga_sembrado,1,int__tai50_15_01,32768,20.8514,18.3140
ga_sembrado,1,int__tai50_15_01,65536,20.5072,35.9902
ga_sembrado,1,int__tai50_15_01,131072,18.7862,72.6956
ga_sembrado,1,int__tai50_15_01,262144,16.9203,147.4164
ga_sembrado,1,int__tai50_15_01,524288,16.4674,288.2380
ga_sembrado,1,int__tai50_15_01,1048576,16.4674,572.1944
ga_sembrado,2,int__tai50_15_01,1,23.2428,0.0961
ga_sembrado,2,int__tai50_15_01,2,23.2428,0.0961
ga_sembrado,2,int__tai50_15_01,4,23.2428,0.0981
ga_sembrado,2,int__tai50_15_01,8,23.2428,0.0991
ga_sembrado,2,int__tai50_15_01,16,23.2428,0.1021
ga_sembrado,2,int__tai50_15_01,32,23.2428,0.1091
ga_sembrado,2,int__tai50_15_01,64,23.2428,0.1211
ga_sembrado,2,int__tai50_15_01,128,23.2428,0.1411
ga_sembrado,2,int__tai50_15_01,256,23.2428,0.1891
ga_sembrado,2,int__tai50_15_01,512,23.2428,0.3193
ga_sembrado,2,int__tai50_15_01,1024,23.2428,0.6111
ga_sembrado,2,int__tai50_15_01,2048,23.2428,1.1778
ga_sembrado,2,int__tai50_15_01,4096,23.2428,2.2910
ga_sembrado,2,int__tai50_15_01,8192,22.6087,4.5158
ga_sembrado,2,int__tai50_15_01,16384,22.3188,9.1291
ga_sembrado,2,int__tai50_15_01,32768,21.3225,19.7632
ga_sembrado,2,int__tai50_15_01,65536,20.2174,39.3611
ga_sembrado,2,int__tai50_15_01,131072,19.9819,76.2326
ga_sembrado,2,int__tai50_15_01,262144,16.9203,154.3574
ga_sembrado,2,int__tai50_15_01,524288,16.1232,311.6895
ga_sembrado,2,int__tai50_15_01,1048576,16.1232,620.2295
azar,1,int__tai50_15_02,1,91.5820,0.0010
azar,1,int__tai50_15_02,2,91.5820,0.0020
azar,1,int__tai50_15_02,4,91.5820,0.0040
azar,1,int__tai50_15_02,8,85.4136,0.0065
azar,1,int__tai50_15_02,16,79.9710,0.0130
azar,1,int__tai50_15_02,32,70.3737,0.0250
azar,1,int__tai50_15_02,64,70.3737,0.0490
azar,1,int__tai50_15_02,128,64.8766,0.0980
azar,1,int__tai50_15_02,256,64.8766,0.1881
azar,1,int__tai50_15_02,512,64.8766,0.3711
azar,1,int__tai50_15_02,1024,64.8766,0.7415
azar,1,int__tai50_15_02,2048,64.8766,1.5026
azar,1,int__tai50_15_02,4096,63.7337,2.9868
azar,1,int__tai50_15_02,8192,63.9695,6.0204
azar,1,int__tai50_15_02,16384,61.9376,13.0367
azar,1,int__tai50_15_02,32768,58.9804,28.0384
azar,1,int__tai50_15_02,65536,59.4521,55.3103
azar,1,int__tai50_15_02,131072,55.7511,106.2273
azar,1,int__tai50_15_02,262144,55.9325,205.7423
azar,1,int__tai50_15_02,524288,55.8418,400.0917
azar,1,int__tai50_15_02,1048576,54.1001,819.8993
ga_sembrado,1,int__tai50_15_02,1,12.7358,0.1005
ga_sembrado,1,int__tai50_15_02,2,12.7358,0.1005
ga_sembrado,1,int__tai50_15_02,4,12.7358,0.1015
ga_sembrado,1,int__tai50_15_02,8,12.7358,0.1035
ga_sembrado,1,int__tai50_15_02,16,12.7358,0.1065
ga_sembrado,1,int__tai50_15_02,32,12.7358,0.1165
ga_sembrado,1,int__tai50_15_02,64,12.7358,0.1285
ga_sembrado,1,int__tai50_15_02,128,12.7358,0.1550
ga_sembrado,1,int__tai50_15_02,256,12.7358,0.2050
ga_sembrado,1,int__tai50_15_02,512,12.7358,0.3461
ga_sembrado,1,int__tai50_15_02,1024,12.7358,0.6427
ga_sembrado,1,int__tai50_15_02,2048,12.7358,1.2469
ga_sembrado,1,int__tai50_15_02,4096,12.7358,2.4552
ga_sembrado,1,int__tai50_15_02,8192,12.3549,4.8626
ga_sembrado,1,int__tai50_15_02,16384,12.2097,9.4881
ga_sembrado,1,int__tai50_15_02,32768,12.2097,18.6175
ga_sembrado,1,int__tai50_15_02,65536,11.9376,37.0068
ga_sembrado,1,int__tai50_15_02,131072,11.9013,73.0470
ga_sembrado,1,int__tai50_15_02,262144,10.8853,147.5262
ga_sembrado,1,int__tai50_15_02,524288,10.8853,289.9982
ga_sembrado,1,int__tai50_15_02,1048576,10.7039,572.0253
ga_sembrado,2,int__tai50_15_02,1,12.7358,0.0890
ga_sembrado,2,int__tai50_15_02,2,12.7358,0.0890
ga_sembrado,2,int__tai50_15_02,4,12.7358,0.0890
ga_sembrado,2,int__tai50_15_02,8,12.7358,0.0910
ga_sembrado,2,int__tai50_15_02,16,12.7358,0.0930
ga_sembrado,2,int__tai50_15_02,32,12.7358,0.1000
ga_sembrado,2,int__tai50_15_02,64,12.7358,0.1120
ga_sembrado,2,int__tai50_15_02,128,12.7358,0.1375
ga_sembrado,2,int__tai50_15_02,256,12.7358,0.1875
ga_sembrado,2,int__tai50_15_02,512,12.7358,0.3281
ga_sembrado,2,int__tai50_15_02,1024,12.7358,0.6482
ga_sembrado,2,int__tai50_15_02,2048,12.7358,1.2368
ga_sembrado,2,int__tai50_15_02,4096,12.7358,2.3856
ga_sembrado,2,int__tai50_15_02,8192,12.7358,4.6922
ga_sembrado,2,int__tai50_15_02,16384,12.3004,9.2868
ga_sembrado,2,int__tai50_15_02,32768,12.1372,18.2936
ga_sembrado,2,int__tai50_15_02,65536,11.2300,36.8922
ga_sembrado,2,int__tai50_15_02,131072,11.1756,76.3566
ga_sembrado,2,int__tai50_15_02,262144,11.0849,153.6743
ga_sembrado,2,int__tai50_15_02,524288,11.0849,311.4111
ga_sembrado,2,int__tai50_15_02,1048576,10.8491,622.5833
azar,1,int__tai50_15_03,1,93.0622,0.0000
azar,1,int__tai50_15_03,2,75.8925,0.0010
azar,1,int__tai50_15_03,4,67.5193,0.0020
azar,1,int__tai50_15_03,8,67.5193,0.0050
azar,1,int__tai50_15_03,16,67.5193,0.0130
azar,1,int__tai50_15_03,32,62.8819,0.0240
azar,1,int__tai50_15_03,64,62.8819,0.0500
azar,1,int__tai50_15_03,128,62.8819,0.0920
azar,1,int__tai50_15_03,256,62.8819,0.1885
azar,1,int__tai50_15_03,512,62.8635,0.3855
azar,1,int__tai50_15_03,1024,62.8635,0.7692
azar,1,int__tai50_15_03,2048,60.6551,1.5494
azar,1,int__tai50_15_03,4096,60.6551,3.0536
azar,1,int__tai50_15_03,8192,58.5756,6.0652
azar,1,int__tai50_15_03,16384,54.8215,12.4303
azar,1,int__tai50_15_03,32768,54.9871,25.6220
azar,1,int__tai50_15_03,65536,54.6927,50.8737
azar,1,int__tai50_15_03,131072,52.4107,105.9072
azar,1,int__tai50_15_03,262144,51.0858,217.2563
azar,1,int__tai50_15_03,524288,51.0858,432.8644
azar,1,int__tai50_15_03,1048576,48.0677,862.9249
ga_sembrado,1,int__tai50_15_03,1,11.7593,0.1060
ga_sembrado,1,int__tai50_15_03,2,11.7593,0.1060
ga_sembrado,1,int__tai50_15_03,4,11.7593,0.1070
ga_sembrado,1,int__tai50_15_03,8,11.7593,0.1090
ga_sembrado,1,int__tai50_15_03,16,11.7593,0.1120
ga_sembrado,1,int__tai50_15_03,32,11.7593,0.1186
ga_sembrado,1,int__tai50_15_03,64,11.7593,0.1316
ga_sembrado,1,int__tai50_15_03,128,11.7593,0.1646
ga_sembrado,1,int__tai50_15_03,256,11.7593,0.2326
ga_sembrado,1,int__tai50_15_03,512,11.7593,0.3962
ga_sembrado,1,int__tai50_15_03,1024,11.7593,0.6805
ga_sembrado,1,int__tai50_15_03,2048,11.7593,1.3077
ga_sembrado,1,int__tai50_15_03,4096,11.7593,3.1657
ga_sembrado,1,int__tai50_15_03,8192,11.3728,6.4099
ga_sembrado,1,int__tai50_15_03,16384,10.8392,11.5510
ga_sembrado,1,int__tai50_15_03,32768,10.5079,20.6287
ga_sembrado,1,int__tai50_15_03,65536,8.3916,38.5597
ga_sembrado,1,int__tai50_15_03,131072,6.6434,76.4527
ga_sembrado,1,int__tai50_15_03,262144,6.5329,149.8009
ga_sembrado,1,int__tai50_15_03,524288,6.4041,294.4140
ga_sembrado,1,int__tai50_15_03,1048576,5.1527,588.3610
ga_sembrado,2,int__tai50_15_03,1,11.7593,0.0690
ga_sembrado,2,int__tai50_15_03,2,11.7593,0.0690
ga_sembrado,2,int__tai50_15_03,4,11.7593,0.0700
ga_sembrado,2,int__tai50_15_03,8,11.7593,0.0710
ga_sembrado,2,int__tai50_15_03,16,11.7593,0.0730
ga_sembrado,2,int__tai50_15_03,32,11.7593,0.0770
ga_sembrado,2,int__tai50_15_03,64,11.7593,0.0872
ga_sembrado,2,int__tai50_15_03,128,11.7593,0.1032
ga_sembrado,2,int__tai50_15_03,256,11.7593,0.1392
ga_sembrado,2,int__tai50_15_03,512,11.7593,0.2396
ga_sembrado,2,int__tai50_15_03,1024,11.7593,0.4387
ga_sembrado,2,int__tai50_15_03,2048,11.7593,0.8298
ga_sembrado,2,int__tai50_15_03,4096,11.7593,1.6211
ga_sembrado,2,int__tai50_15_03,8192,11.4833,3.2134
ga_sembrado,2,int__tai50_15_03,16384,10.9312,6.4081
ga_sembrado,2,int__tai50_15_03,32768,10.6551,12.8462
ga_sembrado,2,int__tai50_15_03,65536,8.7413,26.1409
ga_sembrado,2,int__tai50_15_03,131072,7.5819,51.5652
ga_sembrado,2,int__tai50_15_03,262144,6.4225,102.3458
ga_sembrado,2,int__tai50_15_03,524288,5.0791,200.7896
ga_sembrado,2,int__tai50_15_03,1048576,3.7173,395.5280
azar,1,int__tai50_15_04,1,82.3353,0.0010
azar,1,int__tai50_15_04,2,72.2085,0.0020
azar,1,int__tai50_15_04,4,69.6020,0.0030
azar,1,int__tai50_15_04,8,66.4142,0.0060
azar,1,int__tai50_15_04,16,64.2128,0.0120
azar,1,int__tai50_15_04,32,64.2128,0.0250
azar,1,int__tai50_15_04,64,64.2128,0.0510
azar,1,int__tai50_15_04,128,62.7334,0.1010
azar,1,int__tai50_15_04,256,57.0976,0.1940
azar,1,int__tai50_15_04,512,57.0976,0.3900
azar,1,int__tai50_15_04,1024,57.0976,0.7751
azar,1,int__tai50_15_04,2048,57.0976,1.6093
azar,1,int__tai50_15_04,4096,52.6242,3.2222
azar,1,int__tai50_15_04,8192,52.6242,6.4138
azar,1,int__tai50_15_04,16384,52.6242,12.7563
azar,1,int__tai50_15_04,32768,52.3248,26.0548
azar,1,int__tai50_15_04,65536,47.8690,55.2582
azar,1,int__tai50_15_04,131072,47.4639,112.8327
azar,1,int__tai50_15_04,262144,44.4347,221.0510
azar,1,int__tai50_15_04,524288,44.4347,438.1081
azar,1,int__tai50_15_04,1048576,41.8457,862.3967
ga_sembrado,1,int__tai50_15_04,1,8.2071,0.0845
ga_sembrado,1,int__tai50_15_04,2,8.2071,0.0855
ga_sembrado,1,int__tai50_15_04,4,8.2071,0.0865
ga_sembrado,1,int__tai50_15_04,8,8.2071,0.0875
ga_sembrado,1,int__tai50_15_04,16,8.2071,0.0905
ga_sembrado,1,int__tai50_15_04,32,8.2071,0.0985
ga_sembrado,1,int__tai50_15_04,64,8.2071,0.1106
ga_sembrado,1,int__tai50_15_04,128,8.2071,0.1396
ga_sembrado,1,int__tai50_15_04,256,8.2071,0.1896
ga_sembrado,1,int__tai50_15_04,512,8.2071,0.3296
ga_sembrado,1,int__tai50_15_04,1024,8.2071,0.6177
ga_sembrado,1,int__tai50_15_04,2048,8.2071,1.1638
ga_sembrado,1,int__tai50_15_04,4096,8.2071,2.2690
ga_sembrado,1,int__tai50_15_04,8192,7.5203,4.5167
ga_sembrado,1,int__tai50_15_04,16384,7.4674,9.1612
ga_sembrado,1,int__tai50_15_04,32768,7.4146,18.4804
ga_sembrado,1,int__tai50_15_04,65536,6.7101,36.3268
ga_sembrado,1,int__tai50_15_04,131072,6.7101,71.8292
ga_sembrado,1,int__tai50_15_04,262144,6.1994,148.6273
ga_sembrado,1,int__tai50_15_04,524288,6.1289,289.6096
ga_sembrado,1,int__tai50_15_04,1048576,6.0761,586.2254
ga_sembrado,2,int__tai50_15_04,1,8.2071,0.0930
ga_sembrado,2,int__tai50_15_04,2,8.2071,0.0930
ga_sembrado,2,int__tai50_15_04,4,8.2071,0.0940
ga_sembrado,2,int__tai50_15_04,8,8.2071,0.0960
ga_sembrado,2,int__tai50_15_04,16,8.2071,0.0990
ga_sembrado,2,int__tai50_15_04,32,8.2071,0.1050
ga_sembrado,2,int__tai50_15_04,64,8.2071,0.1140
ga_sembrado,2,int__tai50_15_04,128,8.2071,0.1400
ga_sembrado,2,int__tai50_15_04,256,8.2071,0.1850
ga_sembrado,2,int__tai50_15_04,512,8.2071,0.3205
ga_sembrado,2,int__tai50_15_04,1024,8.2071,0.5977
ga_sembrado,2,int__tai50_15_04,2048,8.2071,1.1304
ga_sembrado,2,int__tai50_15_04,4096,8.1191,2.2203
ga_sembrado,2,int__tai50_15_04,8192,7.9253,4.3991
ga_sembrado,2,int__tai50_15_04,16384,7.6083,8.7409
ga_sembrado,2,int__tai50_15_04,32768,7.3970,17.6235
ga_sembrado,2,int__tai50_15_04,65536,7.3970,35.4986
ga_sembrado,2,int__tai50_15_04,131072,7.0623,70.2142
ga_sembrado,2,int__tai50_15_04,262144,6.6925,141.7941
ga_sembrado,2,int__tai50_15_04,524288,5.9528,290.0265
ga_sembrado,2,int__tai50_15_04,1048576,5.8647,580.9336
azar,1,int__tai50_15_05,1,100.5599,0.0010
azar,1,int__tai50_15_05,2,101.4744,0.0020
azar,1,int__tai50_15_05,4,79.5819,0.0030
azar,1,int__tai50_15_05,8,79.5819,0.0060
azar,1,int__tai50_15_05,16,79.5819,0.0140
azar,1,int__tai50_15_05,32,79.5819,0.0264
azar,1,int__tai50_15_05,64,79.5819,0.0549
azar,1,int__tai50_15_05,128,77.3236,0.1085
azar,1,int__tai50_15_05,256,68.5144,0.2196
azar,1,int__tai50_15_05,512,68.5144,0.4116
azar,1,int__tai50_15_05,1024,68.5144,0.7952
azar,1,int__tai50_15_05,2048,63.9418,1.6209
azar,1,int__tai50_15_05,4096,63.9418,3.4714
azar,1,int__tai50_15_05,8192,63.9418,7.1649
azar,1,int__tai50_15_05,16384,63.9418,14.4265
azar,1,int__tai50_15_05,32768,61.4035,27.9511
azar,1,int__tai50_15_05,65536,61.4035,52.3550
azar,1,int__tai50_15_05,131072,60.7876,100.8137
azar,1,int__tai50_15_05,262144,56.4950,198.0427
azar,1,int__tai50_15_05,524288,56.4950,400.7662
azar,1,int__tai50_15_05,1048576,56.4950,796.3805
ga_sembrado,1,int__tai50_15_05,1,15.5095,0.0860
ga_sembrado,1,int__tai50_15_05,2,15.5095,0.0870
ga_sembrado,1,int__tai50_15_05,4,15.5095,0.0870
ga_sembrado,1,int__tai50_15_05,8,15.5095,0.0891
ga_sembrado,1,int__tai50_15_05,16,15.5095,0.0920
ga_sembrado,1,int__tai50_15_05,32,15.5095,0.0980
ga_sembrado,1,int__tai50_15_05,64,15.5095,0.1100
ga_sembrado,1,int__tai50_15_05,128,15.5095,0.1310
ga_sembrado,1,int__tai50_15_05,256,15.5095,0.1800
ga_sembrado,1,int__tai50_15_05,512,15.5095,0.3197
ga_sembrado,1,int__tai50_15_05,1024,15.5095,0.5967
ga_sembrado,1,int__tai50_15_05,2048,15.5095,1.1625
ga_sembrado,1,int__tai50_15_05,4096,15.5095,2.3037
ga_sembrado,1,int__tai50_15_05,8192,15.5095,4.7138
ga_sembrado,1,int__tai50_15_05,16384,15.3975,9.3372
ga_sembrado,1,int__tai50_15_05,32768,13.1766,21.3839
ga_sembrado,1,int__tai50_15_05,65536,12.3554,40.3247
ga_sembrado,1,int__tai50_15_05,131072,11.8328,80.1876
ga_sembrado,1,int__tai50_15_05,262144,10.8996,156.2359
ga_sembrado,1,int__tai50_15_05,524288,9.9851,311.6816
ga_sembrado,1,int__tai50_15_05,1048576,9.9851,627.1634
ga_sembrado,2,int__tai50_15_05,1,15.5095,0.0810
ga_sembrado,2,int__tai50_15_05,2,15.5095,0.0810
ga_sembrado,2,int__tai50_15_05,4,15.5095,0.0820
ga_sembrado,2,int__tai50_15_05,8,15.5095,0.0840
ga_sembrado,2,int__tai50_15_05,16,15.5095,0.0870
ga_sembrado,2,int__tai50_15_05,32,15.5095,0.0930
ga_sembrado,2,int__tai50_15_05,64,15.5095,0.1020
ga_sembrado,2,int__tai50_15_05,128,15.5095,0.1260
ga_sembrado,2,int__tai50_15_05,256,15.5095,0.1740
ga_sembrado,2,int__tai50_15_05,512,15.5095,0.3016
ga_sembrado,2,int__tai50_15_05,1024,15.5095,0.5376
ga_sembrado,2,int__tai50_15_05,2048,15.5095,1.0627
ga_sembrado,2,int__tai50_15_05,4096,15.5095,2.0959
ga_sembrado,2,int__tai50_15_05,8192,15.5095,4.2023
ga_sembrado,2,int__tai50_15_05,16384,15.0243,8.3653
ga_sembrado,2,int__tai50_15_05,32768,13.2699,16.5655
ga_sembrado,2,int__tai50_15_05,65536,12.5607,33.0864
ga_sembrado,2,int__tai50_15_05,131072,11.7768,65.7151
ga_sembrado,2,int__tai50_15_05,262144,10.8623,131.9510
ga_sembrado,2,int__tai50_15_05,524288,9.9104,268.1521
ga_sembrado,2,int__tai50_15_05,1048576,9.0705,533.9676
azar,1,int__tai50_15_06,1,98.6336,0.0010
azar,1,int__tai50_15_06,2,90.4711,0.0020
azar,1,int__tai50_15_06,4,81.5174,0.0040
azar,1,int__tai50_15_06,8,81.5174,0.0080
azar,1,int__tai50_15_06,16,78.4610,0.0150
azar,1,int__tai50_15_06,32,75.0989,0.0310
azar,1,int__tai50_15_06,64,63.7181,0.0610
azar,1,int__tai50_15_06,128,63.7181,0.1200
azar,1,int__tai50_15_06,256,63.7181,0.2410
azar,1,int__tai50_15_06,512,62.1179,0.5281
azar,1,int__tai50_15_06,1024,62.1179,1.1888
azar,1,int__tai50_15_06,2048,62.3876,2.2474
azar,1,int__tai50_15_06,4096,58.2704,4.4623
azar,1,int__tai50_15_06,8192,55.3398,9.0144
azar,1,int__tai50_15_06,16384,55.3398,16.2272
azar,1,int__tai50_15_06,32768,55.3398,29.9052
azar,1,int__tai50_15_06,65536,53.3082,54.3947
azar,1,int__tai50_15_06,131072,53.3082,102.2815
azar,1,int__tai50_15_06,262144,53.3082,198.3642
azar,1,int__tai50_15_06,524288,53.3082,399.2207
azar,1,int__tai50_15_06,1048576,52.5530,790.7537
ga_sembrado,1,int__tai50_15_06,1,10.9313,0.1010
ga_sembrado,1,int__tai50_15_06,2,10.9313,0.1010
ga_sembrado,1,int__tai50_15_06,4,10.9313,0.1020
ga_sembrado,1,int__tai50_15_06,8,10.9313,0.1030
ga_sembrado,1,int__tai50_15_06,16,10.9313,0.1060
ga_sembrado,1,int__tai50_15_06,32,10.9313,0.1130
ga_sembrado,1,int__tai50_15_06,64,10.9313,0.1260
ga_sembrado,1,int__tai50_15_06,128,10.9313,0.1530
ga_sembrado,1,int__tai50_15_06,256,10.9313,0.2081
ga_sembrado,1,int__tai50_15_06,512,10.9313,0.3630
ga_sembrado,1,int__tai50_15_06,1024,10.9313,0.6641
ga_sembrado,1,int__tai50_15_06,2048,10.9313,1.2544
ga_sembrado,1,int__tai50_15_06,4096,10.9313,2.5319
ga_sembrado,1,int__tai50_15_06,8192,10.9313,4.9023
ga_sembrado,1,int__tai50_15_06,16384,10.8234,9.4645
ga_sembrado,1,int__tai50_15_06,32768,10.8234,18.9019
ga_sembrado,1,int__tai50_15_06,65536,9.7087,40.1608
ga_sembrado,1,int__tai50_15_06,131072,9.0255,80.2244
ga_sembrado,1,int__tai50_15_06,262144,7.6591,156.0356
ga_sembrado,1,int__tai50_15_06,524288,7.4793,311.3547
ga_sembrado,1,int__tai50_15_06,1048576,6.7242,624.2389
ga_sembrado,2,int__tai50_15_06,1,10.9313,0.0900
ga_sembrado,2,int__tai50_15_06,2,10.9313,0.0900
ga_sembrado,2,int__tai50_15_06,4,10.9313,0.0910
ga_sembrado,2,int__tai50_15_06,8,10.9313,0.0920
ga_sembrado,2,int__tai50_15_06,16,10.9313,0.0960
ga_sembrado,2,int__tai50_15_06,32,10.9313,0.1015
ga_sembrado,2,int__tai50_15_06,64,10.9313,0.1095
ga_sembrado,2,int__tai50_15_06,128,10.9313,0.1285
ga_sembrado,2,int__tai50_15_06,256,10.9313,0.1755
ga_sembrado,2,int__tai50_15_06,512,10.9313,0.3076
ga_sembrado,2,int__tai50_15_06,1024,10.9313,0.5623
ga_sembrado,2,int__tai50_15_06,2048,10.9313,1.0769
ga_sembrado,2,int__tai50_15_06,4096,10.9313,2.1156
ga_sembrado,2,int__tai50_15_06,8192,10.8594,4.2737
ga_sembrado,2,int__tai50_15_06,16384,10.8234,8.4142
ga_sembrado,2,int__tai50_15_06,32768,10.5358,16.6741
ga_sembrado,2,int__tai50_15_06,65536,10.2301,33.0830
ga_sembrado,2,int__tai50_15_06,131072,9.7267,65.9910
ga_sembrado,2,int__tai50_15_06,262144,7.8029,132.2377
ga_sembrado,2,int__tai50_15_06,524288,7.1377,268.8887
ga_sembrado,2,int__tai50_15_06,1048576,6.6703,534.5055
azar,1,int__tai50_15_07,1,83.7241,0.0010
azar,1,int__tai50_15_07,2,83.7241,0.0010
azar,1,int__tai50_15_07,4,83.7241,0.0030
azar,1,int__tai50_15_07,8,71.3897,0.0050
azar,1,int__tai50_15_07,16,71.3897,0.0100
azar,1,int__tai50_15_07,32,71.3897,0.0230
azar,1,int__tai50_15_07,64,67.8899,0.0420
azar,1,int__tai50_15_07,128,66.3948,0.0920
azar,1,int__tai50_15_07,256,62.4193,0.1805
azar,1,int__tai50_15_07,512,61.6038,0.3645
azar,1,int__tai50_15_07,1024,57.5943,0.7313
azar,1,int__tai50_15_07,2048,57.5943,1.4789
azar,1,int__tai50_15_07,4096,51.3592,2.9256
azar,1,int__tai50_15_07,8192,51.3592,5.7819
azar,1,int__tai50_15_07,16384,50.2548,11.6695
azar,1,int__tai50_15_07,32768,50.2548,23.2751
azar,1,int__tai50_15_07,65536,48.6408,46.6024
azar,1,int__tai50_15_07,131072,48.6408,92.7053
azar,1,int__tai50_15_07,262144,45.9395,188.1442
azar,1,int__tai50_15_07,524288,45.9395,376.8095
azar,1,int__tai50_15_07,1048576,45.9395,745.5733
ga_sembrado,1,int__tai50_15_07,1,9.6330,0.0940
ga_sembrado,1,int__tai50_15_07,2,9.6330,0.0950
ga_sembrado,1,int__tai50_15_07,4,9.6330,0.0950
ga_sembrado,1,int__tai50_15_07,8,9.6330,0.0970
ga_sembrado,1,int__tai50_15_07,16,9.6330,0.1000
ga_sembrado,1,int__tai50_15_07,32,9.6330,0.1070
ga_sembrado,1,int__tai50_15_07,64,9.6330,0.1190
ga_sembrado,1,int__tai50_15_07,128,9.6330,0.1380
ga_sembrado,1,int__tai50_15_07,256,9.6330,0.1850
ga_sembrado,1,int__tai50_15_07,512,9.6330,0.3211
ga_sembrado,1,int__tai50_15_07,1024,9.6330,0.5906
ga_sembrado,1,int__tai50_15_07,2048,9.6330,1.1492
ga_sembrado,1,int__tai50_15_07,4096,9.6330,2.2398
ga_sembrado,1,int__tai50_15_07,8192,9.5311,4.4395
ga_sembrado,1,int__tai50_15_07,16384,9.1403,8.8225
ga_sembrado,1,int__tai50_15_07,32768,8.9365,17.5984
ga_sembrado,1,int__tai50_15_07,65536,8.8005,35.5368
ga_sembrado,1,int__tai50_15_07,131072,8.7326,70.7827
ga_sembrado,1,int__tai50_15_07,262144,8.7326,140.9244
ga_sembrado,1,int__tai50_15_07,524288,6.3201,289.1132
ga_sembrado,1,int__tai50_15_07,1048576,5.5216,583.8706
ga_sembrado,2,int__tai50_15_07,1,9.6330,0.0830
ga_sembrado,2,int__tai50_15_07,2,9.6330,0.0830
ga_sembrado,2,int__tai50_15_07,4,9.6330,0.0840
ga_sembrado,2,int__tai50_15_07,8,9.6330,0.0860
ga_sembrado,2,int__tai50_15_07,16,9.6330,0.0890
ga_sembrado,2,int__tai50_15_07,32,9.6330,0.0950
ga_sembrado,2,int__tai50_15_07,64,9.6330,0.1070
ga_sembrado,2,int__tai50_15_07,128,9.6330,0.1310
ga_sembrado,2,int__tai50_15_07,256,9.6330,0.1732
ga_sembrado,2,int__tai50_15_07,512,9.6330,0.2983
ga_sembrado,2,int__tai50_15_07,1024,9.6330,0.5608
ga_sembrado,2,int__tai50_15_07,2048,9.6330,1.0720
ga_sembrado,2,int__tai50_15_07,4096,9.6330,2.1105
ga_sembrado,2,int__tai50_15_07,8192,9.3272,4.1312
ga_sembrado,2,int__tai50_15_07,16384,8.9195,8.2863
ga_sembrado,2,int__tai50_15_07,32768,8.5967,16.5392
ga_sembrado,2,int__tai50_15_07,65536,9.0044,33.4200
ga_sembrado,2,int__tai50_15_07,131072,7.8831,71.7856
ga_sembrado,2,int__tai50_15_07,262144,6.0313,142.1592
ga_sembrado,2,int__tai50_15_07,524288,5.5895,288.2741
ga_sembrado,2,int__tai50_15_07,1048576,5.2158,553.5522
azar,1,int__tai50_15_08,1,98.9081,0.0000
azar,1,int__tai50_15_08,2,85.5459,0.0010
azar,1,int__tai50_15_08,4,80.1906,0.0020
azar,1,int__tai50_15_08,8,72.8250,0.0050
azar,1,int__tai50_15_08,16,72.8250,0.0090
azar,1,int__tai50_15_08,32,73.3622,0.0190
azar,1,int__tai50_15_08,64,73.3622,0.0430
azar,1,int__tai50_15_08,128,69.2201,0.1240
azar,1,int__tai50_15_08,256,54.8527,0.2967
azar,1,int__tai50_15_08,512,54.8527,0.6027
azar,1,int__tai50_15_08,1024,54.8527,1.0709
azar,1,int__tai50_15_08,2048,54.8527,2.2639
azar,1,int__tai50_15_08,4096,54.8527,4.4287
azar,1,int__tai50_15_08,8192,54.8527,7.4354
azar,1,int__tai50_15_08,16384,54.8527,14.0113
azar,1,int__tai50_15_08,32768,54.8527,25.5756
azar,1,int__tai50_15_08,65536,51.4558,48.4129
azar,1,int__tai50_15_08,131072,51.4558,94.6207
azar,1,int__tai50_15_08,262144,51.4558,190.5228
azar,1,int__tai50_15_08,524288,49.9307,377.2222
azar,1,int__tai50_15_08,1048576,49.9307,747.3926
ga_sembrado,1,int__tai50_15_08,1,13.5529,0.0935
ga_sembrado,1,int__tai50_15_08,2,13.5529,0.0945
ga_sembrado,1,int__tai50_15_08,4,13.5529,0.0945
ga_sembrado,1,int__tai50_15_08,8,13.5529,0.0965
ga_sembrado,1,int__tai50_15_08,16,13.5529,0.0995
ga_sembrado,1,int__tai50_15_08,32,13.5529,0.1056
ga_sembrado,1,int__tai50_15_08,64,13.5529,0.1176
ga_sembrado,1,int__tai50_15_08,128,13.5529,0.1406
ga_sembrado,1,int__tai50_15_08,256,13.5529,0.1926
ga_sembrado,1,int__tai50_15_08,512,13.5529,0.3331
ga_sembrado,1,int__tai50_15_08,1024,13.5529,0.6067
ga_sembrado,1,int__tai50_15_08,2048,13.5529,1.1609
ga_sembrado,1,int__tai50_15_08,4096,13.5529,2.2776
ga_sembrado,1,int__tai50_15_08,8192,13.0503,4.5264
ga_sembrado,1,int__tai50_15_08,16384,12.8596,9.0289
ga_sembrado,1,int__tai50_15_08,32768,12.5130,17.7918
ga_sembrado,1,int__tai50_15_08,65536,11.9237,35.4017
ga_sembrado,1,int__tai50_15_08,131072,10.9185,70.7984
ga_sembrado,1,int__tai50_15_08,262144,10.1906,141.4402
ga_sembrado,1,int__tai50_15_08,524288,8.4575,289.0306
ga_sembrado,1,int__tai50_15_08,1048576,8.4575,584.3327
ga_sembrado,2,int__tai50_15_08,1,13.5529,0.0820
ga_sembrado,2,int__tai50_15_08,2,13.5529,0.0820
ga_sembrado,2,int__tai50_15_08,4,13.5529,0.0831
ga_sembrado,2,int__tai50_15_08,8,13.5529,0.0841
ga_sembrado,2,int__tai50_15_08,16,13.5529,0.0861
ga_sembrado,2,int__tai50_15_08,32,13.5529,0.0911
ga_sembrado,2,int__tai50_15_08,64,13.5529,0.1021
ga_sembrado,2,int__tai50_15_08,128,13.5529,0.1261
ga_sembrado,2,int__tai50_15_08,256,13.5529,0.1677
ga_sembrado,2,int__tai50_15_08,512,13.5529,0.2967
ga_sembrado,2,int__tai50_15_08,1024,13.5529,0.6053
ga_sembrado,2,int__tai50_15_08,2048,13.5529,1.1785
ga_sembrado,2,int__tai50_15_08,4096,13.5529,2.2492
ga_sembrado,2,int__tai50_15_08,8192,12.8076,4.3291
ga_sembrado,2,int__tai50_15_08,16384,12.6516,8.4453
ga_sembrado,2,int__tai50_15_08,32768,11.8024,16.6051
ga_sembrado,2,int__tai50_15_08,65536,11.6811,32.9384
ga_sembrado,2,int__tai50_15_08,131072,10.9532,70.2498
ga_sembrado,2,int__tai50_15_08,262144,9.8094,141.0320
ga_sembrado,2,int__tai50_15_08,524288,9.3588,287.5327
ga_sembrado,2,int__tai50_15_08,1048576,9.3588,554.1827
azar,1,int__tai50_15_09,1,88.5687,0.0010
azar,1,int__tai50_15_09,2,88.5687,0.0010
azar,1,int__tai50_15_09,4,88.5687,0.0020
azar,1,int__tai50_15_09,8,84.2938,0.0040
azar,1,int__tai50_15_09,16,76.4030,0.0080
azar,1,int__tai50_15_09,32,76.4030,0.0160
azar,1,int__tai50_15_09,64,76.4030,0.0320
azar,1,int__tai50_15_09,128,70.4331,0.0671
azar,1,int__tai50_15_09,256,69.8493,0.1321
azar,1,int__tai50_15_09,512,69.8870,0.2672
azar,1,int__tai50_15_09,1024,66.1017,0.5273
azar,1,int__tai50_15_09,2048,65.6685,1.0526
azar,1,int__tai50_15_09,4096,64.6704,2.1003
azar,1,int__tai50_15_09,8192,64.3879,4.2193
azar,1,int__tai50_15_09,16384,63.1262,8.4542
azar,1,int__tai50_15_09,32768,60.8098,16.8127
azar,1,int__tai50_15_09,65536,60.8098,33.4760
azar,1,int__tai50_15_09,131072,60.8098,68.9263
azar,1,int__tai50_15_09,262144,59.7363,136.4733
azar,1,int__tai50_15_09,524288,59.7363,271.0813
azar,1,int__tai50_15_09,1048576,54.6704,541.3794
ga_sembrado,1,int__tai50_15_09,1,16.7420,0.0605
ga_sembrado,1,int__tai50_15_09,2,16.7420,0.0615
ga_sembrado,1,int__tai50_15_09,4,16.7420,0.0615
ga_sembrado,1,int__tai50_15_09,8,16.7420,0.0625
ga_sembrado,1,int__tai50_15_09,16,16.7420,0.0645
ga_sembrado,1,int__tai50_15_09,32,16.7420,0.0685
ga_sembrado,1,int__tai50_15_09,64,16.7420,0.0785
ga_sembrado,1,int__tai50_15_09,128,16.7420,0.0985
ga_sembrado,1,int__tai50_15_09,256,16.7420,0.1366
ga_sembrado,1,int__tai50_15_09,512,16.7420,0.2362
ga_sembrado,1,int__tai50_15_09,1024,16.7420,0.4333
ga_sembrado,1,int__tai50_15_09,2048,16.7420,0.8324
ga_sembrado,1,int__tai50_15_09,4096,16.7420,1.6162
ga_sembrado,1,int__tai50_15_09,8192,16.1582,3.2110
ga_sembrado,1,int__tai50_15_09,16384,15.7815,6.3608
ga_sembrado,1,int__tai50_15_09,32768,13.9171,12.7679
ga_sembrado,1,int__tai50_15_09,65536,12.9190,25.1518
ga_sembrado,1,int__tai50_15_09,131072,12.3164,49.6117
ga_sembrado,1,int__tai50_15_09,262144,10.7156,98.4095
ga_sembrado,1,int__tai50_15_09,524288,9.6422,197.5058
ga_sembrado,1,int__tai50_15_09,1048576,9.0772,393.7922
ga_sembrado,2,int__tai50_15_09,1,16.7420,0.0609
ga_sembrado,2,int__tai50_15_09,2,16.7420,0.0609
ga_sembrado,2,int__tai50_15_09,4,16.7420,0.0619
ga_sembrado,2,int__tai50_15_09,8,16.7420,0.0629
ga_sembrado,2,int__tai50_15_09,16,16.7420,0.0649
ga_sembrado,2,int__tai50_15_09,32,16.7420,0.0689
ga_sembrado,2,int__tai50_15_09,64,16.7420,0.0769
ga_sembrado,2,int__tai50_15_09,128,16.7420,0.0929
ga_sembrado,2,int__tai50_15_09,256,16.7420,0.1249
ga_sembrado,2,int__tai50_15_09,512,16.7420,0.2174
ga_sembrado,2,int__tai50_15_09,1024,16.7420,0.4035
ga_sembrado,2,int__tai50_15_09,2048,16.7420,0.7888
ga_sembrado,2,int__tai50_15_09,4096,16.7420,1.5341
ga_sembrado,2,int__tai50_15_09,8192,16.0075,3.0610
ga_sembrado,2,int__tai50_15_09,16384,16.0264,6.0429
ga_sembrado,2,int__tai50_15_09,32768,14.8588,12.1699
ga_sembrado,2,int__tai50_15_09,65536,14.3315,24.2970
ga_sembrado,2,int__tai50_15_09,131072,11.7702,48.7079
ga_sembrado,2,int__tai50_15_09,262144,11.1676,97.3558
ga_sembrado,2,int__tai50_15_09,524288,9.2279,196.2804
ga_sembrado,2,int__tai50_15_09,1048576,8.8512,392.1594
azar,1,int__tai50_15_10,1,90.7639,0.0000
azar,1,int__tai50_15_10,2,87.3669,0.0010
azar,1,int__tai50_15_10,4,87.3669,0.0020
azar,1,int__tai50_15_10,8,79.8568,0.0050
azar,1,int__tai50_15_10,16,79.8568,0.0115
azar,1,int__tai50_15_10,32,78.0206,0.0210
azar,1,int__tai50_15_10,64,69.6658,0.0420
azar,1,int__tai50_15_10,128,67.9765,0.0910
azar,1,int__tai50_15_10,256,64.4877,0.1806
azar,1,int__tai50_15_10,512,64.4877,0.3686
azar,1,int__tai50_15_10,1024,64.6162,0.7313
azar,1,int__tai50_15_10,2048,61.2376,1.4328
azar,1,int__tai50_15_10,4096,61.2376,2.8818
azar,1,int__tai50_15_10,8192,55.5821,5.7354
azar,1,int__tai50_15_10,16384,55.5821,11.4118
azar,1,int__tai50_15_10,32768,55.5821,22.8385
azar,1,int__tai50_15_10,65536,55.5821,45.6828
azar,1,int__tai50_15_10,131072,56.6838,91.3242
azar,1,int__tai50_15_10,262144,56.6838,186.6818
azar,1,int__tai50_15_10,524288,54.5171,387.4846
azar,1,int__tai50_15_10,1048576,51.5057,758.8941
ga_sembrado,1,int__tai50_15_10,1,15.5343,0.0985
ga_sembrado,1,int__tai50_15_10,2,15.5343,0.0985
ga_sembrado,1,int__tai50_15_10,4,15.5343,0.0995
ga_sembrado,1,int__tai50_15_10,8,15.5343,0.1005
ga_sembrado,1,int__tai50_15_10,16,15.5343,0.1035
ga_sembrado,1,int__tai50_15_10,32,15.5343,0.1105
ga_sembrado,1,int__tai50_15_10,64,15.5343,0.1215
ga_sembrado,1,int__tai50_15_10,128,15.5343,0.1405
ga_sembrado,1,int__tai50_15_10,256,15.5343,0.1825
ga_sembrado,1,int__tai50_15_10,512,15.5343,0.3150
ga_sembrado,1,int__tai50_15_10,1024,15.5343,0.5721
ga_sembrado,1,int__tai50_15_10,2048,15.5343,1.0753
ga_sembrado,1,int__tai50_15_10,4096,15.5343,2.1161
ga_sembrado,1,int__tai50_15_10,8192,13.3676,4.2401
ga_sembrado,1,int__tai50_15_10,16384,12.8535,8.4593
ga_sembrado,1,int__tai50_15_10,32768,12.6882,16.7250
ga_sembrado,1,int__tai50_15_10,65536,11.1091,35.7592
ga_sembrado,1,int__tai50_15_10,131072,11.0356,70.2425
ga_sembrado,1,int__tai50_15_10,262144,9.7686,136.1414
ga_sembrado,1,int__tai50_15_10,524288,8.4098,271.5707
ga_sembrado,1,int__tai50_15_10,1048576,8.0977,541.2992
ga_sembrado,2,int__tai50_15_10,1,15.5343,0.0770
ga_sembrado,2,int__tai50_15_10,2,15.5343,0.0770
ga_sembrado,2,int__tai50_15_10,4,15.5343,0.0780
ga_sembrado,2,int__tai50_15_10,8,15.5343,0.0795
ga_sembrado,2,int__tai50_15_10,16,15.5343,0.0815
ga_sembrado,2,int__tai50_15_10,32,15.5343,0.0855
ga_sembrado,2,int__tai50_15_10,64,15.5343,0.0951
ga_sembrado,2,int__tai50_15_10,128,15.5343,0.1181
ga_sembrado,2,int__tai50_15_10,256,15.5343,0.1651
ga_sembrado,2,int__tai50_15_10,512,15.5343,0.2996
ga_sembrado,2,int__tai50_15_10,1024,15.5343,0.5706
ga_sembrado,2,int__tai50_15_10,2048,15.5343,1.0479
ga_sembrado,2,int__tai50_15_10,4096,15.5343,2.0437
ga_sembrado,2,int__tai50_15_10,8192,13.0555,4.0723
ga_sembrado,2,int__tai50_15_10,16384,12.9453,8.1509
ga_sembrado,2,int__tai50_15_10,32768,11.8803,16.3114
ga_sembrado,2,int__tai50_15_10,65536,11.3294,32.6905
ga_sembrado,2,int__tai50_15_10,131072,10.8336,65.9246
ga_sembrado,2,int__tai50_15_10,262144,8.3180,132.7741
ga_sembrado,2,int__tai50_15_10,524288,8.3180,264.6300
ga_sembrado,2,int__tai50_15_10,1048576,7.3448,530.4615
azar,1,int__tai50_20_01,1,107.3745,0.0010
azar,1,int__tai50_20_01,2,101.7782,0.0020
azar,1,int__tai50_20_01,4,82.2176,0.0030
azar,1,int__tai50_20_01,8,82.2176,0.0070
azar,1,int__tai50_20_01,16,82.2176,0.0160
azar,1,int__tai50_20_01,32,82.2176,0.0320
azar,1,int__tai50_20_01,64,81.3633,0.0580
azar,1,int__tai50_20_01,128,81.3633,0.1185
azar,1,int__tai50_20_01,256,81.3633,0.2279
azar,1,int__tai50_20_01,512,81.3633,0.4530
azar,1,int__tai50_20_01,1024,81.3633,0.9240
azar,1,int__tai50_20_01,2048,81.3633,1.8814
azar,1,int__tai50_20_01,4096,73.4135,3.7600
azar,1,int__tai50_20_01,8192,73.4135,7.4823
azar,1,int__tai50_20_01,16384,73.4135,14.9658
azar,1,int__tai50_20_01,32768,73.4135,30.2829
azar,1,int__tai50_20_01,65536,71.8619,61.3923
azar,1,int__tai50_20_01,131072,71.8619,121.8299
azar,1,int__tai50_20_01,262144,71.8619,243.2190
azar,1,int__tai50_20_01,524288,70.4498,488.2151
azar,1,int__tai50_20_01,1048576,67.2594,978.8255
ga_sembrado,1,int__tai50_20_01,1,15.3766,0.1270
ga_sembrado,1,int__tai50_20_01,2,15.3766,0.1280
ga_sembrado,1,int__tai50_20_01,4,15.3766,0.1290
ga_sembrado,1,int__tai50_20_01,8,15.3766,0.1310
ga_sembrado,1,int__tai50_20_01,16,15.3766,0.1350
ga_sembrado,1,int__tai50_20_01,32,15.3766,0.1430
ga_sembrado,1,int__tai50_20_01,64,15.3766,0.1590
ga_sembrado,1,int__tai50_20_01,128,15.3766,0.1875
ga_sembrado,1,int__tai50_20_01,256,15.3766,0.2522
ga_sembrado,1,int__tai50_20_01,512,15.3766,0.4332
ga_sembrado,1,int__tai50_20_01,1024,15.3766,0.7807
ga_sembrado,1,int__tai50_20_01,2048,15.3766,1.5009
ga_sembrado,1,int__tai50_20_01,4096,15.3766,2.9143
ga_sembrado,1,int__tai50_20_01,8192,13.7901,5.6793
ga_sembrado,1,int__tai50_20_01,16384,13.4589,11.1863
ga_sembrado,1,int__tai50_20_01,32768,13.2497,22.0490
ga_sembrado,1,int__tai50_20_01,65536,13.4589,44.1996
ga_sembrado,1,int__tai50_20_01,131072,12.7615,88.3600
ga_sembrado,1,int__tai50_20_01,262144,12.7615,183.2834
ga_sembrado,1,int__tai50_20_01,524288,12.2036,376.7723
ga_sembrado,1,int__tai50_20_01,1048576,10.6172,728.6463
ga_sembrado,2,int__tai50_20_01,1,15.3766,0.1130
ga_sembrado,2,int__tai50_20_01,2,15.3766,0.1140
ga_sembrado,2,int__tai50_20_01,4,15.3766,0.1140
ga_sembrado,2,int__tai50_20_01,8,15.3766,0.1160
ga_sembrado,2,int__tai50_20_01,16,15.3766,0.1200
ga_sembrado,2,int__tai50_20_01,32,15.3766,0.1270
ga_sembrado,2,int__tai50_20_01,64,15.3766,0.1420
ga_sembrado,2,int__tai50_20_01,128,15.3766,0.1690
ga_sembrado,2,int__tai50_20_01,256,15.3766,0.2286
ga_sembrado,2,int__tai50_20_01,512,15.3766,0.4011
ga_sembrado,2,int__tai50_20_01,1024,15.3766,0.7352
ga_sembrado,2,int__tai50_20_01,2048,15.3766,1.4411
ga_sembrado,2,int__tai50_20_01,4096,15.3766,2.7978
ga_sembrado,2,int__tai50_20_01,8192,14.0690,5.5696
ga_sembrado,2,int__tai50_20_01,16384,13.7029,11.1130
ga_sembrado,2,int__tai50_20_01,32768,13.4589,22.0292
ga_sembrado,2,int__tai50_20_01,65536,13.4589,43.8089
ga_sembrado,2,int__tai50_20_01,131072,13.5983,87.4551
ga_sembrado,2,int__tai50_20_01,262144,12.9707,176.3161
ga_sembrado,2,int__tai50_20_01,524288,12.7964,352.6699
ga_sembrado,2,int__tai50_20_01,1048576,10.8438,705.2564
azar,1,int__tai50_20_02,1,118.6128,0.0010
azar,1,int__tai50_20_02,2,117.0094,0.0020
azar,1,int__tai50_20_02,4,109.5504,0.0030
azar,1,int__tai50_20_02,8,97.6473,0.0060
azar,1,int__tai50_20_02,16,97.6473,0.0120
azar,1,int__tai50_20_02,32,89.3168,0.0260
azar,1,int__tai50_20_02,64,90.9899,0.0530
azar,1,int__tai50_20_02,128,90.9899,0.1135
azar,1,int__tai50_20_02,256,84.0885,0.2346
azar,1,int__tai50_20_02,512,86.2147,0.4861
azar,1,int__tai50_20_02,1024,84.9599,0.9397
azar,1,int__tai50_20_02,2048,80.4810,1.8791
azar,1,int__tai50_20_02,4096,78.1283,3.7519
azar,1,int__tai50_20_02,8192,78.1283,7.3953
azar,1,int__tai50_20_02,16384,78.1283,14.7609
azar,1,int__tai50_20_02,32768,78.1283,29.6271
azar,1,int__tai50_20_02,65536,74.5730,59.9046
azar,1,int__tai50_20_02,131072,74.5730,121.4896
azar,1,int__tai50_20_02,262144,68.4733,241.9382
azar,1,int__tai50_20_02,524288,68.4733,484.0969
azar,1,int__tai50_20_02,1048576,68.4733,972.3049
ga_sembrado,1,int__tai50_20_02,1,17.1837,0.1020
ga_sembrado,1,int__tai50_20_02,2,17.1837,0.1020
ga_sembrado,1,int__tai50_20_02,4,17.1837,0.1030
ga_sembrado,1,int__tai50_20_02,8,17.1837,0.1050
ga_sembrado,1,int__tai50_20_02,16,17.1837,0.1100
ga_sembrado,1,int__tai50_20_02,32,17.1837,0.1180
ga_sembrado,1,int__tai50_20_02,64,17.1837,0.1350
ga_sembrado,1,int__tai50_20_02,128,17.1837,0.1630
ga_sembrado,1,int__tai50_20_02,256,17.1837,0.2270
ga_sembrado,1,int__tai50_20_02,512,17.1837,0.4135
ga_sembrado,1,int__tai50_20_02,1024,17.1837,0.7626
ga_sembrado,1,int__tai50_20_02,2048,17.1837,1.4557
ga_sembrado,1,int__tai50_20_02,4096,17.1837,2.8430
ga_sembrado,1,int__tai50_20_02,8192,17.0617,5.6447
ga_sembrado,1,int__tai50_20_02,16384,17.0268,11.2313
ga_sembrado,1,int__tai50_20_02,32768,16.8874,22.2549
ga_sembrado,1,int__tai50_20_02,65536,16.6609,44.2618
ga_sembrado,1,int__tai50_20_02,131072,15.9115,88.7318
ga_sembrado,1,int__tai50_20_02,262144,14.9007,183.4398
ga_sembrado,1,int__tai50_20_02,524288,14.0641,376.2538
ga_sembrado,1,int__tai50_20_02,1048576,12.6176,730.0058
ga_sembrado,2,int__tai50_20_02,1,17.1837,0.1105
ga_sembrado,2,int__tai50_20_02,2,17.1837,0.1115
ga_sembrado,2,int__tai50_20_02,4,17.1837,0.1115
ga_sembrado,2,int__tai50_20_02,8,17.1837,0.1135
ga_sembrado,2,int__tai50_20_02,16,17.1837,0.1155
ga_sembrado,2,int__tai50_20_02,32,17.1837,0.1235
ga_sembrado,2,int__tai50_20_02,64,17.1837,0.1385
ga_sembrado,2,int__tai50_20_02,128,17.1837,0.1635
ga_sembrado,2,int__tai50_20_02,256,17.1837,0.2185
ga_sembrado,2,int__tai50_20_02,512,17.1837,0.3711
ga_sembrado,2,int__tai50_20_02,1024,17.1837,0.7087
ga_sembrado,2,int__tai50_20_02,2048,17.1837,1.4183
ga_sembrado,2,int__tai50_20_02,4096,17.1837,2.8023
ga_sembrado,2,int__tai50_20_02,8192,16.9223,5.5583
ga_sembrado,2,int__tai50_20_02,16384,16.8874,10.8293
ga_sembrado,2,int__tai50_20_02,32768,16.6609,21.8749
ga_sembrado,2,int__tai50_20_02,65536,16.0509,43.7466
ga_sembrado,2,int__tai50_20_02,131072,15.2492,87.7434
ga_sembrado,2,int__tai50_20_02,262144,13.8376,176.3829
ga_sembrado,2,int__tai50_20_02,524288,13.8027,351.4385
ga_sembrado,2,int__tai50_20_02,1048576,13.8027,703.8204
azar,1,int__tai50_20_03,1,103.8475,0.0010
azar,1,int__tai50_20_03,2,103.8475,0.0010
azar,1,int__tai50_20_03,4,97.0962,0.0030
azar,1,int__tai50_20_03,8,95.4991,0.0050
azar,1,int__tai50_20_03,16,95.4991,0.0110
azar,1,int__tai50_20_03,32,87.2232,0.0230
azar,1,int__tai50_20_03,64,87.2232,0.0550
azar,1,int__tai50_20_03,128,80.6171,0.1160
azar,1,int__tai50_20_03,256,79.8367,0.2310
azar,1,int__tai50_20_03,512,79.8367,0.4831
azar,1,int__tai50_20_03,1024,79.8367,0.9486
azar,1,int__tai50_20_03,2048,79.8367,1.8869
azar,1,int__tai50_20_03,4096,75.3176,3.7325
azar,1,int__tai50_20_03,8192,75.3176,7.5231
azar,1,int__tai50_20_03,16384,74.0290,15.0224
azar,1,int__tai50_20_03,32768,67.5681,30.2965
azar,1,int__tai50_20_03,65536,67.5681,61.5308
azar,1,int__tai50_20_03,131072,67.5681,122.6239
azar,1,int__tai50_20_03,262144,67.5681,243.9798
azar,1,int__tai50_20_03,524288,67.5681,488.3067
azar,1,int__tai50_20_03,1048576,67.5681,971.0311
ga_sembrado,1,int__tai50_20_03,1,13.3757,0.1195
ga_sembrado,1,int__tai50_20_03,2,13.3757,0.1205
ga_sembrado,1,int__tai50_20_03,4,13.3757,0.1215
ga_sembrado,1,int__tai50_20_03,8,13.3757,0.1235
ga_sembrado,1,int__tai50_20_03,16,13.3757,0.1275
ga_sembrado,1,int__tai50_20_03,32,13.3757,0.1335
ga_sembrado,1,int__tai50_20_03,64,13.3757,0.1495
ga_sembrado,1,int__tai50_20_03,128,13.3757,0.1820
ga_sembrado,1,int__tai50_20_03,256,13.3757,0.2486
ga_sembrado,1,int__tai50_20_03,512,13.3757,0.4336
ga_sembrado,1,int__tai50_20_03,1024,13.3757,0.7747
ga_sembrado,1,int__tai50_20_03,2048,13.3757,1.4635
ga_sembrado,1,int__tai50_20_03,4096,13.3757,2.7796
ga_sembrado,1,int__tai50_20_03,8192,12.5771,5.6723
ga_sembrado,1,int__tai50_20_03,16384,12.4319,11.0372
ga_sembrado,1,int__tai50_20_03,32768,12.6679,21.9252
ga_sembrado,1,int__tai50_20_03,65536,12.0145,43.7789
ga_sembrado,1,int__tai50_20_03,131072,11.4156,87.1937
ga_sembrado,1,int__tai50_20_03,262144,11.4156,174.9260
ga_sembrado,1,int__tai50_20_03,524288,11.1252,349.7377
ga_sembrado,1,int__tai50_20_03,1048576,10.8167,699.8913
ga_sembrado,2,int__tai50_20_03,1,13.3757,0.1120
ga_sembrado,2,int__tai50_20_03,2,13.3757,0.1120
ga_sembrado,2,int__tai50_20_03,4,13.3757,0.1130
ga_sembrado,2,int__tai50_20_03,8,13.3757,0.1150
ga_sembrado,2,int__tai50_20_03,16,13.3757,0.1180
ga_sembrado,2,int__tai50_20_03,32,13.3757,0.1270
ga_sembrado,2,int__tai50_20_03,64,13.3757,0.1390
ga_sembrado,2,int__tai50_20_03,128,13.3757,0.1680
ga_sembrado,2,int__tai50_20_03,256,13.3757,0.2260
ga_sembrado,2,int__tai50_20_03,512,13.3757,0.4050
ga_sembrado,2,int__tai50_20_03,1024,13.3757,0.7432
ga_sembrado,2,int__tai50_20_03,2048,13.3757,1.4224
ga_sembrado,2,int__tai50_20_03,4096,13.3757,2.7663
ga_sembrado,2,int__tai50_20_03,8192,13.3031,5.4845
ga_sembrado,2,int__tai50_20_03,16384,12.3049,10.8606
ga_sembrado,2,int__tai50_20_03,32768,12.2505,21.7710
ga_sembrado,2,int__tai50_20_03,65536,12.0690,43.3662
ga_sembrado,2,int__tai50_20_03,131072,11.8149,86.5638
ga_sembrado,2,int__tai50_20_03,262144,11.8149,174.4648
ga_sembrado,2,int__tai50_20_03,524288,11.8149,347.5637
ga_sembrado,2,int__tai50_20_03,1048576,11.2160,702.3909
azar,1,int__tai50_20_04,1,99.2043,0.0010
azar,1,int__tai50_20_04,2,99.2043,0.0020
azar,1,int__tai50_20_04,4,99.2043,0.0040
azar,1,int__tai50_20_04,8,93.5233,0.0080
azar,1,int__tai50_20_04,16,93.5233,0.0170
azar,1,int__tai50_20_04,32,93.5233,0.0300
azar,1,int__tai50_20_04,64,84.5670,0.0590
azar,1,int__tai50_20_04,128,84.5670,0.1250
azar,1,int__tai50_20_04,256,84.5670,0.2410
azar,1,int__tai50_20_04,512,84.5670,0.4872
azar,1,int__tai50_20_04,1024,75.2776,0.9628
azar,1,int__tai50_20_04,2048,75.2776,1.8769
azar,1,int__tai50_20_04,4096,75.2776,3.7141
azar,1,int__tai50_20_04,8192,75.2776,7.4938
azar,1,int__tai50_20_04,16384,75.2776,14.9063
azar,1,int__tai50_20_04,32768,69.3190,30.0627
azar,1,int__tai50_20_04,65536,69.3190,61.1128
azar,1,int__tai50_20_04,131072,69.3190,122.1858
azar,1,int__tai50_20_04,262144,67.8201,243.0311
azar,1,int__tai50_20_04,524288,67.8201,485.1855
azar,1,int__tai50_20_04,1048576,67.8201,968.0608
ga_sembrado,1,int__tai50_20_04,1,12.1577,0.1150
ga_sembrado,1,int__tai50_20_04,2,12.1577,0.1150
ga_sembrado,1,int__tai50_20_04,4,12.1577,0.1160
ga_sembrado,1,int__tai50_20_04,8,12.1577,0.1180
ga_sembrado,1,int__tai50_20_04,16,12.1577,0.1220
ga_sembrado,1,int__tai50_20_04,32,12.1577,0.1300
ga_sembrado,1,int__tai50_20_04,64,12.1577,0.1460
ga_sembrado,1,int__tai50_20_04,128,12.1577,0.1780
ga_sembrado,1,int__tai50_20_04,256,12.1577,0.2410
ga_sembrado,1,int__tai50_20_04,512,12.1577,0.3981
ga_sembrado,1,int__tai50_20_04,1024,12.1577,0.7327
ga_sembrado,1,int__tai50_20_04,2048,12.1577,1.4274
ga_sembrado,1,int__tai50_20_04,4096,12.1577,2.8031
ga_sembrado,1,int__tai50_20_04,8192,12.1392,5.4807
ga_sembrado,1,int__tai50_20_04,16384,11.7691,10.9786
ga_sembrado,1,int__tai50_20_04,32768,11.3249,21.8633
ga_sembrado,1,int__tai50_20_04,65536,10.8993,43.6787
ga_sembrado,1,int__tai50_20_04,131072,10.2887,87.0560
ga_sembrado,1,int__tai50_20_04,262144,10.0851,174.8577
ga_sembrado,1,int__tai50_20_04,524288,9.5855,349.1256
ga_sembrado,1,int__tai50_20_04,1048576,8.9748,700.1750
ga_sembrado,2,int__tai50_20_04,1,12.1577,0.1100
ga_sembrado,2,int__tai50_20_04,2,12.1577,0.1100
ga_sembrado,2,int__tai50_20_04,4,12.1577,0.1110
ga_sembrado,2,int__tai50_20_04,8,12.1577,0.1140
ga_sembrado,2,int__tai50_20_04,16,12.1577,0.1170
ga_sembrado,2,int__tai50_20_04,32,12.1577,0.1230
ga_sembrado,2,int__tai50_20_04,64,12.1577,0.1360
ga_sembrado,2,int__tai50_20_04,128,12.1577,0.1700
ga_sembrado,2,int__tai50_20_04,256,12.1577,0.2340
ga_sembrado,2,int__tai50_20_04,512,12.1577,0.4036
ga_sembrado,2,int__tai50_20_04,1024,12.1577,0.7561
ga_sembrado,2,int__tai50_20_04,2048,12.1577,1.4228
ga_sembrado,2,int__tai50_20_04,4096,12.1577,2.7451
ga_sembrado,2,int__tai50_20_04,8192,12.1392,5.5709
ga_sembrado,2,int__tai50_20_04,16384,12.0466,11.0513
ga_sembrado,2,int__tai50_20_04,32768,11.8986,21.9217
ga_sembrado,2,int__tai50_20_04,65536,11.2879,43.7112
ga_sembrado,2,int__tai50_20_04,131072,10.7143,87.1486
ga_sembrado,2,int__tai50_20_04,262144,10.1962,174.8045
ga_sembrado,2,int__tai50_20_04,524288,9.5300,348.3854
ga_sembrado,2,int__tai50_20_04,1048576,9.1229,703.2528
azar,1,int__tai50_20_05,1,114.3119,0.0000
azar,1,int__tai50_20_05,2,114.3119,0.0010
azar,1,int__tai50_20_05,4,109.8532,0.0020
azar,1,int__tai50_20_05,8,102.5872,0.0050
azar,1,int__tai50_20_05,16,83.5229,0.0100
azar,1,int__tai50_20_05,32,83.5229,0.0210
azar,1,int__tai50_20_05,64,83.5229,0.0420
azar,1,int__tai50_20_05,128,83.5229,0.0860
azar,1,int__tai50_20_05,256,83.5229,0.1761
azar,1,int__tai50_20_05,512,82.7706,0.3476
azar,1,int__tai50_20_05,1024,82.7706,0.6893
azar,1,int__tai50_20_05,2048,81.4312,1.3941
azar,1,int__tai50_20_05,4096,82.3486,2.7751
azar,1,int__tai50_20_05,8192,80.2202,5.6077
azar,1,int__tai50_20_05,16384,80.2202,11.1639
azar,1,int__tai50_20_05,32768,77.7431,22.3212
azar,1,int__tai50_20_05,65536,74.3119,44.6715
azar,1,int__tai50_20_05,131072,71.9083,89.2221
azar,1,int__tai50_20_05,262144,71.9083,179.5577
azar,1,int__tai50_20_05,524288,71.9083,358.1096
azar,1,int__tai50_20_05,1048576,71.3945,718.4877
ga_sembrado,1,int__tai50_20_05,1,20.4954,0.0800
ga_sembrado,1,int__tai50_20_05,2,20.4954,0.0800
ga_sembrado,1,int__tai50_20_05,4,20.4954,0.0810
ga_sembrado,1,int__tai50_20_05,8,20.4954,0.0820
ga_sembrado,1,int__tai50_20_05,16,20.4954,0.0850
ga_sembrado,1,int__tai50_20_05,32,20.4954,0.0900
ga_sembrado,1,int__tai50_20_05,64,20.4954,0.1010
ga_sembrado,1,int__tai50_20_05,128,20.4954,0.1220
ga_sembrado,1,int__tai50_20_05,256,20.4954,0.1655
ga_sembrado,1,int__tai50_20_05,512,20.4954,0.2877
ga_sembrado,1,int__tai50_20_05,1024,20.4954,0.5577
ga_sembrado,1,int__tai50_20_05,2048,20.4954,1.0680
ga_sembrado,1,int__tai50_20_05,4096,20.4954,2.0990
ga_sembrado,1,int__tai50_20_05,8192,20.4587,4.1235
ga_sembrado,1,int__tai50_20_05,16384,20.2569,8.1275
ga_sembrado,1,int__tai50_20_05,32768,20.0734,16.3532
ga_sembrado,1,int__tai50_20_05,65536,19.5413,32.4620
ga_sembrado,1,int__tai50_20_05,131072,19.4128,64.9153
ga_sembrado,1,int__tai50_20_05,262144,18.5688,129.6022
ga_sembrado,1,int__tai50_20_05,524288,17.4495,259.4057
ga_sembrado,1,int__tai50_20_05,1048576,16.0183,521.8196
ga_sembrado,2,int__tai50_20_05,1,20.4954,0.0845
ga_sembrado,2,int__tai50_20_05,2,20.4954,0.0855
ga_sembrado,2,int__tai50_20_05,4,20.4954,0.0855
ga_sembrado,2,int__tai50_20_05,8,20.4954,0.0875
ga_sembrado,2,int__tai50_20_05,16,20.4954,0.0895
ga_sembrado,2,int__tai50_20_05,32,20.4954,0.0955
ga_sembrado,2,int__tai50_20_05,64,20.4954,0.1055
ga_sembrado,2,int__tai50_20_05,128,20.4954,0.1265
ga_sembrado,2,int__tai50_20_05,256,20.4954,0.1707
ga_sembrado,2,int__tai50_20_05,512,20.4954,0.2967
ga_sembrado,2,int__tai50_20_05,1024,20.4954,0.5502
ga_sembrado,2,int__tai50_20_05,2048,20.4954,1.0571
ga_sembrado,2,int__tai50_20_05,4096,20.4954,2.0648
ga_sembrado,2,int__tai50_20_05,8192,20.4220,4.0939
ga_sembrado,2,int__tai50_20_05,16384,20.2202,8.0887
ga_sembrado,2,int__tai50_20_05,32768,19.8716,16.0945
ga_sembrado,2,int__tai50_20_05,65536,19.7431,32.6158
ga_sembrado,2,int__tai50_20_05,131072,19.4862,64.8864
ga_sembrado,2,int__tai50_20_05,262144,18.2202,130.2275
ga_sembrado,2,int__tai50_20_05,524288,16.2569,259.8032
ga_sembrado,2,int__tai50_20_05,1048576,15.6514,519.8171
azar,1,int__tai50_20_06,1,104.1125,0.0000
azar,1,int__tai50_20_06,2,104.1125,0.0010
azar,1,int__tai50_20_06,4,95.2197,0.0030
azar,1,int__tai50_20_06,8,94.7803,0.0070
azar,1,int__tai50_20_06,16,94.7803,0.0130
azar,1,int__tai50_20_06,32,93.8313,0.0285
azar,1,int__tai50_20_06,64,88.9279,0.0505
azar,1,int__tai50_20_06,128,88.9279,0.1005
azar,1,int__tai50_20_06,256,83.6555,0.2255
azar,1,int__tai50_20_06,512,83.6555,0.4733
azar,1,int__tai50_20_06,1024,82.2847,0.9294
azar,1,int__tai50_20_06,2048,82.2847,1.8585
azar,1,int__tai50_20_06,4096,81.2302,3.7553
azar,1,int__tai50_20_06,8192,74.4815,7.5355
azar,1,int__tai50_20_06,16384,74.4815,15.0204
azar,1,int__tai50_20_06,32768,73.1283,30.3956
azar,1,int__tai50_20_06,65536,71.1775,60.5005
azar,1,int__tai50_20_06,131072,68.8752,121.3622
azar,1,int__tai50_20_06,262144,68.8752,242.1965
azar,1,int__tai50_20_06,524288,67.8207,486.0963
azar,1,int__tai50_20_06,1048576,67.8207,976.2049
ga_sembrado,1,int__tai50_20_06,1,11.9332,0.1171
ga_sembrado,1,int__tai50_20_06,2,11.9332,0.1171
ga_sembrado,1,int__tai50_20_06,4,11.9332,0.1180
ga_sembrado,1,int__tai50_20_06,8,11.9332,0.1201
ga_sembrado,1,int__tai50_20_06,16,11.9332,0.1240
ga_sembrado,1,int__tai50_20_06,32,11.9332,0.1321
ga_sembrado,1,int__tai50_20_06,64,11.9332,0.1480
ga_sembrado,1,int__tai50_20_06,128,11.9332,0.1801
ga_sembrado,1,int__tai50_20_06,256,11.9332,0.2401
ga_sembrado,1,int__tai50_20_06,512,11.9332,0.4116
ga_sembrado,1,int__tai50_20_06,1024,11.9332,0.7380
ga_sembrado,1,int__tai50_20_06,2048,11.9332,1.4081
ga_sembrado,1,int__tai50_20_06,4096,11.9332,2.8234
ga_sembrado,1,int__tai50_20_06,8192,11.8278,5.6523
ga_sembrado,1,int__tai50_20_06,16384,11.4587,11.1640
ga_sembrado,1,int__tai50_20_06,32768,11.1072,22.2246
ga_sembrado,1,int__tai50_20_06,65536,10.8260,43.9892
ga_sembrado,1,int__tai50_20_06,131072,10.3163,87.8121
ga_sembrado,1,int__tai50_20_06,262144,9.6837,177.8538
ga_sembrado,1,int__tai50_20_06,524288,8.7170,354.9511
ga_sembrado,1,int__tai50_20_06,1048576,8.2777,708.7135
ga_sembrado,2,int__tai50_20_06,1,11.9332,0.1110
ga_sembrado,2,int__tai50_20_06,2,11.9332,0.1120
ga_sembrado,2,int__tai50_20_06,4,11.9332,0.1130
ga_sembrado,2,int__tai50_20_06,8,11.9332,0.1150
ga_sembrado,2,int__tai50_20_06,16,11.9332,0.1190
ga_sembrado,2,int__tai50_20_06,32,11.9332,0.1270
ga_sembrado,2,int__tai50_20_06,64,11.9332,0.1400
ga_sembrado,2,int__tai50_20_06,128,11.9332,0.1650
ga_sembrado,2,int__tai50_20_06,256,11.9332,0.2281
ga_sembrado,2,int__tai50_20_06,512,11.9332,0.3972
ga_sembrado,2,int__tai50_20_06,1024,11.9332,0.7338
ga_sembrado,2,int__tai50_20_06,2048,11.9332,1.4289
ga_sembrado,2,int__tai50_20_06,4096,11.9332,2.8654
ga_sembrado,2,int__tai50_20_06,8192,11.5817,5.5468
ga_sembrado,2,int__tai50_20_06,16384,11.2830,10.8922
ga_sembrado,2,int__tai50_20_06,32768,11.0721,21.7508
ga_sembrado,2,int__tai50_20_06,65536,10.7206,43.7468
ga_sembrado,2,int__tai50_20_06,131072,10.7206,87.5910
ga_sembrado,2,int__tai50_20_06,262144,10.1054,175.2756
ga_sembrado,2,int__tai50_20_06,524288,9.6134,351.2130
ga_sembrado,2,int__tai50_20_06,1048576,8.7346,702.8343
azar,1,int__tai50_20_07,1,102.6372,0.0010
azar,1,int__tai50_20_07,2,98.1593,0.0020
azar,1,int__tai50_20_07,4,98.1593,0.0040
azar,1,int__tai50_20_07,8,91.3274,0.0080
azar,1,int__tai50_20_07,16,91.3274,0.0160
azar,1,int__tai50_20_07,32,90.4779,0.0300
azar,1,int__tai50_20_07,64,90.4779,0.0580
azar,1,int__tai50_20_07,128,87.9292,0.1230
azar,1,int__tai50_20_07,256,84.5487,0.2437
azar,1,int__tai50_20_07,512,80.7434,0.4898
azar,1,int__tai50_20_07,1024,80.7434,0.9320
azar,1,int__tai50_20_07,2048,80.7434,1.8853
azar,1,int__tai50_20_07,4096,77.8584,3.8021
azar,1,int__tai50_20_07,8192,74.7788,7.6041
azar,1,int__tai50_20_07,16384,74.7788,15.1805
azar,1,int__tai50_20_07,32768,74.0708,30.2079
azar,1,int__tai50_20_07,65536,74.0708,60.2383
azar,1,int__tai50_20_07,131072,74.0708,121.3843
azar,1,int__tai50_20_07,262144,74.0708,242.5533
azar,1,int__tai50_20_07,524288,73.3805,484.3317
azar,1,int__tai50_20_07,1048576,71.5044,935.4525
ga_sembrado,1,int__tai50_20_07,1,15.1858,0.1187
ga_sembrado,1,int__tai50_20_07,2,15.1858,0.1197
ga_sembrado,1,int__tai50_20_07,4,15.1858,0.1207
ga_sembrado,1,int__tai50_20_07,8,15.1858,0.1227
ga_sembrado,1,int__tai50_20_07,16,15.1858,0.1256
ga_sembrado,1,int__tai50_20_07,32,15.1858,0.1316
ga_sembrado,1,int__tai50_20_07,64,15.1858,0.1466
ga_sembrado,1,int__tai50_20_07,128,15.1858,0.1766
ga_sembrado,1,int__tai50_20_07,256,15.1858,0.2347
ga_sembrado,1,int__tai50_20_07,512,15.1858,0.4092
ga_sembrado,1,int__tai50_20_07,1024,15.1858,0.7641
ga_sembrado,1,int__tai50_20_07,2048,15.1858,1.7807
ga_sembrado,1,int__tai50_20_07,4096,15.1858,3.6839
ga_sembrado,1,int__tai50_20_07,8192,14.9735,6.5460
ga_sembrado,1,int__tai50_20_07,16384,14.9204,11.9360
ga_sembrado,1,int__tai50_20_07,32768,14.2655,22.6826
ga_sembrado,1,int__tai50_20_07,65536,14.1947,44.1983
ga_sembrado,1,int__tai50_20_07,131072,13.6991,87.3818
ga_sembrado,1,int__tai50_20_07,262144,13.4690,173.9031
ga_sembrado,1,int__tai50_20_07,524288,12.7080,347.3794
ga_sembrado,1,int__tai50_20_07,1048576,10.6372,702.3305
ga_sembrado,2,int__tai50_20_07,1,15.1858,0.0930
ga_sembrado,2,int__tai50_20_07,2,15.1858,0.0940
ga_sembrado,2,int__tai50_20_07,4,15.1858,0.0950
ga_sembrado,2,int__tai50_20_07,8,15.1858,0.0960
ga_sembrado,2,int__tai50_20_07,16,15.1858,0.0990
ga_sembrado,2,int__tai50_20_07,32,15.1858,0.1080
ga_sembrado,2,int__tai50_20_07,64,15.1858,0.1240
ga_sembrado,2,int__tai50_20_07,128,15.1858,0.1555
ga_sembrado,2,int__tai50_20_07,256,15.1858,0.2125
ga_sembrado,2,int__tai50_20_07,512,15.1858,0.3580
ga_sembrado,2,int__tai50_20_07,1024,15.1858,0.6791
ga_sembrado,2,int__tai50_20_07,2048,15.1858,1.3023
ga_sembrado,2,int__tai50_20_07,4096,15.1858,2.6206
ga_sembrado,2,int__tai50_20_07,8192,15.1681,5.0967
ga_sembrado,2,int__tai50_20_07,16384,14.6195,10.2105
ga_sembrado,2,int__tai50_20_07,32768,14.1416,20.5626
ga_sembrado,2,int__tai50_20_07,65536,13.9292,41.9544
ga_sembrado,2,int__tai50_20_07,131072,13.5398,82.7438
ga_sembrado,2,int__tai50_20_07,262144,12.3009,163.0337
ga_sembrado,2,int__tai50_20_07,524288,10.1593,326.3203
ga_sembrado,2,int__tai50_20_07,1048576,9.8230,650.0071
azar,1,int__tai50_20_08,1,116.1279,0.0010
azar,1,int__tai50_20_08,2,97.2162,0.0020
azar,1,int__tai50_20_08,4,97.2162,0.0040
azar,1,int__tai50_20_08,8,95.9591,0.0070
azar,1,int__tai50_20_08,16,90.3915,0.0120
azar,1,int__tai50_20_08,32,89.8707,0.0240
azar,1,int__tai50_20_08,64,87.0690,0.0475
azar,1,int__tai50_20_08,128,82.4353,0.1065
azar,1,int__tai50_20_08,256,82.4353,0.2271
azar,1,int__tai50_20_08,512,82.4353,0.4676
azar,1,int__tai50_20_08,1024,82.4353,0.9405
azar,1,int__tai50_20_08,2048,82.4533,1.9088
azar,1,int__tai50_20_08,4096,78.0891,3.7715
azar,1,int__tai50_20_08,8192,78.0891,7.6089
azar,1,int__tai50_20_08,16384,74.7126,15.1856
azar,1,int__tai50_20_08,32768,73.8326,30.0840
azar,1,int__tai50_20_08,65536,73.5273,60.1491
azar,1,int__tai50_20_08,131072,69.6480,120.7059
azar,1,int__tai50_20_08,262144,69.0553,241.5562
azar,1,int__tai50_20_08,524288,69.0553,483.9352
azar,1,int__tai50_20_08,1048576,67.7443,935.4773
ga_sembrado,1,int__tai50_20_08,1,10.6322,0.0960
ga_sembrado,1,int__tai50_20_08,2,10.6322,0.0970
ga_sembrado,1,int__tai50_20_08,4,10.6322,0.0970
ga_sembrado,1,int__tai50_20_08,8,10.6322,0.0990
ga_sembrado,1,int__tai50_20_08,16,10.6322,0.1020
ga_sembrado,1,int__tai50_20_08,32,10.6322,0.1100
ga_sembrado,1,int__tai50_20_08,64,10.6322,0.1260
ga_sembrado,1,int__tai50_20_08,128,10.6322,0.1480
ga_sembrado,1,int__tai50_20_08,256,10.6322,0.1976
ga_sembrado,1,int__tai50_20_08,512,10.6322,0.3626
ga_sembrado,1,int__tai50_20_08,1024,10.6322,0.7194
ga_sembrado,1,int__tai50_20_08,2048,10.6322,1.4110
ga_sembrado,1,int__tai50_20_08,4096,10.6322,2.7648
ga_sembrado,1,int__tai50_20_08,8192,10.1652,5.4708
ga_sembrado,1,int__tai50_20_08,16384,9.8420,10.9443
ga_sembrado,1,int__tai50_20_08,32768,9.8240,21.8462
ga_sembrado,1,int__tai50_20_08,65536,9.4828,44.7953
ga_sembrado,1,int__tai50_20_08,131072,8.5848,87.8968
ga_sembrado,1,int__tai50_20_08,262144,8.2076,174.3690
ga_sembrado,1,int__tai50_20_08,524288,8.1358,347.8079
ga_sembrado,1,int__tai50_20_08,1048576,7.9203,702.0969
ga_sembrado,2,int__tai50_20_08,1,10.6322,0.0960
ga_sembrado,2,int__tai50_20_08,2,10.6322,0.0960
ga_sembrado,2,int__tai50_20_08,4,10.6322,0.0970
ga_sembrado,2,int__tai50_20_08,8,10.6322,0.0980
ga_sembrado,2,int__tai50_20_08,16,10.6322,0.1010
ga_sembrado,2,int__tai50_20_08,32,10.6322,0.1070
ga_sembrado,2,int__tai50_20_08,64,10.6322,0.1190
ga_sembrado,2,int__tai50_20_08,128,10.6322,0.1520
ga_sembrado,2,int__tai50_20_08,256,10.6322,0.2140
ga_sembrado,2,int__tai50_20_08,512,10.6322,0.3892
ga_sembrado,2,int__tai50_20_08,1024,10.6322,0.7088
ga_sembrado,2,int__tai50_20_08,2048,10.6322,1.3228
ga_sembrado,2,int__tai50_20_08,4096,10.6322,2.6360
ga_sembrado,2,int__tai50_20_08,8192,10.1293,5.2093
ga_sembrado,2,int__tai50_20_08,16384,9.9856,10.1228
ga_sembrado,2,int__tai50_20_08,32768,9.8240,19.9638
ga_sembrado,2,int__tai50_20_08,65536,9.4828,40.4362
ga_sembrado,2,int__tai50_20_08,131072,8.5848,82.2053
ga_sembrado,2,int__tai50_20_08,262144,8.2076,162.9769
ga_sembrado,2,int__tai50_20_08,524288,8.2076,325.2263
ga_sembrado,2,int__tai50_20_08,1048576,8.2076,647.5765
azar,1,int__tai50_20_09,1,100.5698,0.0010
azar,1,int__tai50_20_09,2,100.5698,0.0020
azar,1,int__tai50_20_09,4,91.5337,0.0040
azar,1,int__tai50_20_09,8,81.0811,0.0070
azar,1,int__tai50_20_09,16,81.0811,0.0150
azar,1,int__tai50_20_09,32,78.7854,0.0320
azar,1,int__tai50_20_09,64,73.5428,0.0740
azar,1,int__tai50_20_09,128,68.7724,0.1450
azar,1,int__tai50_20_09,256,68.7724,0.2820
azar,1,int__tai50_20_09,512,68.7724,0.5471
azar,1,int__tai50_20_09,1024,68.7724,1.0878
azar,1,int__tai50_20_09,2048,68.7724,2.0846
azar,1,int__tai50_20_09,4096,68.7724,3.9055
azar,1,int__tai50_20_09,8192,68.7724,7.3769
azar,1,int__tai50_20_09,16384,65.2393,14.4218
azar,1,int__tai50_20_09,32768,62.4227,28.3785
azar,1,int__tai50_20_09,65536,62.4227,56.3268
azar,1,int__tai50_20_09,131072,62.4227,112.0264
azar,1,int__tai50_20_09,262144,62.4227,224.8801
azar,1,int__tai50_20_09,524288,61.9342,449.9599
azar,1,int__tai50_20_09,1048576,61.9342,896.8597
ga_sembrado,1,int__tai50_20_09,1,12.8785,0.1220
ga_sembrado,1,int__tai50_20_09,2,12.8785,0.1220
ga_sembrado,1,int__tai50_20_09,4,12.8785,0.1230
ga_sembrado,1,int__tai50_20_09,8,12.8785,0.1251
ga_sembrado,1,int__tai50_20_09,16,12.8785,0.1286
ga_sembrado,1,int__tai50_20_09,32,12.8785,0.1346
ga_sembrado,1,int__tai50_20_09,64,12.8785,0.1476
ga_sembrado,1,int__tai50_20_09,128,12.8785,0.1776
ga_sembrado,1,int__tai50_20_09,256,12.8785,0.2281
ga_sembrado,1,int__tai50_20_09,512,12.8785,0.4032
ga_sembrado,1,int__tai50_20_09,1024,12.8785,0.7553
ga_sembrado,1,int__tai50_20_09,2048,12.8785,1.4214
ga_sembrado,1,int__tai50_20_09,4096,12.8785,2.7356
ga_sembrado,1,int__tai50_20_09,8192,12.6669,5.4088
ga_sembrado,1,int__tai50_20_09,16384,12.5529,10.8630
ga_sembrado,1,int__tai50_20_09,32768,12.2110,22.8754
ga_sembrado,1,int__tai50_20_09,65536,11.4621,44.5849
ga_sembrado,1,int__tai50_20_09,131072,11.4621,87.5945
ga_sembrado,1,int__tai50_20_09,262144,11.0062,174.5791
ga_sembrado,1,int__tai50_20_09,524288,10.1433,349.6570
ga_sembrado,1,int__tai50_20_09,1048576,9.8014,694.5191
ga_sembrado,2,int__tai50_20_09,1,12.8785,0.1039
ga_sembrado,2,int__tai50_20_09,2,12.8785,0.1049
ga_sembrado,2,int__tai50_20_09,4,12.8785,0.1059
ga_sembrado,2,int__tai50_20_09,8,12.8785,0.1079
ga_sembrado,2,int__tai50_20_09,16,12.8785,0.1115
ga_sembrado,2,int__tai50_20_09,32,12.8785,0.1195
ga_sembrado,2,int__tai50_20_09,64,12.8785,0.1355
ga_sembrado,2,int__tai50_20_09,128,12.8785,0.1625
ga_sembrado,2,int__tai50_20_09,256,12.8785,0.2183
ga_sembrado,2,int__tai50_20_09,512,12.8785,0.3787
ga_sembrado,2,int__tai50_20_09,1024,12.8785,0.7172
ga_sembrado,2,int__tai50_20_09,2048,12.8785,1.4405
ga_sembrado,2,int__tai50_20_09,4096,12.8785,2.7038
ga_sembrado,2,int__tai50_20_09,8192,12.8297,5.1911
ga_sembrado,2,int__tai50_20_09,16384,12.4389,10.1630
ga_sembrado,2,int__tai50_20_09,32768,12.2436,20.0320
ga_sembrado,2,int__tai50_20_09,65536,12.0808,40.1272
ga_sembrado,2,int__tai50_20_09,131072,11.8203,79.9258
ga_sembrado,2,int__tai50_20_09,262144,11.8203,154.1701
ga_sembrado,2,int__tai50_20_09,524288,11.4295,296.6403
ga_sembrado,2,int__tai50_20_09,1048576,9.1827,580.7090
azar,1,int__tai50_20_10,1,104.8748,0.0010
azar,1,int__tai50_20_10,2,104.8748,0.0020
azar,1,int__tai50_20_10,4,102.1703,0.0030
azar,1,int__tai50_20_10,8,83.0050,0.0060
azar,1,int__tai50_20_10,16,83.0050,0.0120
azar,1,int__tai50_20_10,32,83.0050,0.0250
azar,1,int__tai50_20_10,64,83.0050,0.0530
azar,1,int__tai50_20_10,128,74.0568,0.1162
azar,1,int__tai50_20_10,256,74.0568,0.2472
azar,1,int__tai50_20_10,512,74.0568,0.4560
azar,1,int__tai50_20_10,1024,69.2988,0.9037
azar,1,int__tai50_20_10,2048,69.2988,1.7356
azar,1,int__tai50_20_10,4096,69.2988,3.4634
azar,1,int__tai50_20_10,8192,69.2988,7.0236
azar,1,int__tai50_20_10,16384,69.2988,13.9475
azar,1,int__tai50_20_10,32768,63.8898,28.9335
azar,1,int__tai50_20_10,65536,63.8898,57.1526
azar,1,int__tai50_20_10,131072,63.8898,113.0699
azar,1,int__tai50_20_10,262144,63.8898,225.5461
azar,1,int__tai50_20_10,524288,63.8898,450.7700
azar,1,int__tai50_20_10,1048576,60.3840,898.6675
ga_sembrado,1,int__tai50_20_10,1,16.6945,0.1080
ga_sembrado,1,int__tai50_20_10,2,16.6945,0.1090
ga_sembrado,1,int__tai50_20_10,4,16.6945,0.1100
ga_sembrado,1,int__tai50_20_10,8,16.6945,0.1120
ga_sembrado,1,int__tai50_20_10,16,16.6945,0.1150
ga_sembrado,1,int__tai50_20_10,32,16.6945,0.1220
ga_sembrado,1,int__tai50_20_10,64,16.6945,0.1385
ga_sembrado,1,int__tai50_20_10,128,16.6945,0.1695
ga_sembrado,1,int__tai50_20_10,256,16.6945,0.2285
ga_sembrado,1,int__tai50_20_10,512,16.6945,0.3920
ga_sembrado,1,int__tai50_20_10,1024,16.6945,0.7487
ga_sembrado,1,int__tai50_20_10,2048,16.6945,1.4273
ga_sembrado,1,int__tai50_20_10,4096,16.6945,2.7493
ga_sembrado,1,int__tai50_20_10,8192,15.8097,5.7109
ga_sembrado,1,int__tai50_20_10,16384,15.4758,11.1419
ga_sembrado,1,int__tai50_20_10,32768,15.3422,21.8914
ga_sembrado,1,int__tai50_20_10,65536,14.5576,44.6533
ga_sembrado,1,int__tai50_20_10,131072,13.8898,87.6430
ga_sembrado,1,int__tai50_20_10,262144,13.8898,174.1146
ga_sembrado,1,int__tai50_20_10,524288,13.8898,349.0702
ga_sembrado,1,int__tai50_20_10,1048576,13.8898,693.8059
ga_sembrado,2,int__tai50_20_10,1,16.6945,0.1160
ga_sembrado,2,int__tai50_20_10,2,16.6945,0.1160
ga_sembrado,2,int__tai50_20_10,4,16.6945,0.1170
ga_sembrado,2,int__tai50_20_10,8,16.6945,0.1200
ga_sembrado,2,int__tai50_20_10,16,16.6945,0.1240
ga_sembrado,2,int__tai50_20_10,32,16.6945,0.1320
ga_sembrado,2,int__tai50_20_10,64,16.6945,0.1470
ga_sembrado,2,int__tai50_20_10,128,16.6945,0.1790
ga_sembrado,2,int__tai50_20_10,256,16.6945,0.2301
ga_sembrado,2,int__tai50_20_10,512,16.6945,0.3924
ga_sembrado,2,int__tai50_20_10,1024,16.6945,0.6815
ga_sembrado,2,int__tai50_20_10,2048,16.6945,1.3019
ga_sembrado,2,int__tai50_20_10,4096,16.6945,2.6003
ga_sembrado,2,int__tai50_20_10,8192,15.8097,5.0811
ga_sembrado,2,int__tai50_20_10,16384,15.3589,10.1963
ga_sembrado,2,int__tai50_20_10,32768,14.9750,20.0297
ga_sembrado,2,int__tai50_20_10,65536,14.1068,40.0588
ga_sembrado,2,int__tai50_20_10,131072,13.9065,79.6376
ga_sembrado,2,int__tai50_20_10,262144,13.8898,154.3295
ga_sembrado,2,int__tai50_20_10,524288,13.8898,297.1177
ga_sembrado,2,int__tai50_20_10,1048576,13.6561,580.5203
