metodo,semilla,instancia,presupuesto,re,segundos
ga,1,int__tai15_15_01,1,106.7425,0.0230
ga,1,int__tai15_15_01,2,78.4728,0.0230
ga,1,int__tai15_15_01,4,78.4728,0.0230
ga,1,int__tai15_15_01,8,78.4728,0.0240
ga,1,int__tai15_15_01,16,66.9374,0.0250
ga,1,int__tai15_15_01,32,66.9374,0.0260
ga,1,int__tai15_15_01,64,65.7189,0.0290
ga,1,int__tai15_15_01,128,62.7945,0.0370
ga,1,int__tai15_15_01,256,57.1893,0.0540
ga,1,int__tai15_15_01,512,48.0504,0.1040
ga,1,int__tai15_15_01,1024,45.3290,0.1955
ga,1,int__tai15_15_01,2048,39.2770,0.3819
ga,1,int__tai15_15_01,4096,33.3875,0.7509
ga,1,int__tai15_15_01,8192,20.9180,1.4510
ga,1,int__tai15_15_01,16384,17.4249,3.2722
ga,1,int__tai15_15_01,32768,15.3534,6.3100
ga,1,int__tai15_15_01,65536,14.7035,12.1465
ga,1,int__tai15_15_01,131072,14.7035,24.7561
ga,1,int__tai15_15_01,262144,11.5353,47.0219
ga,1,int__tai15_15_01,524288,10.2356,93.0367
ga,1,int__tai15_15_01,1048576,10.2356,185.7856
ga,1,int__tai15_15_01,2097152,10.2356,367.4054
ga,1,int__tai15_15_01,4194304,7.9610,732.2676
ga,1,int__tai15_15_01,4580752,7.9610,800.0003
ga_sembrado,1,int__tai15_15_01,1,19.2526,0.0240
ga_sembrado,1,int__tai15_15_01,2,19.2526,0.0240
ga_sembrado,1,int__tai15_15_01,4,19.2526,0.0250
ga_sembrado,1,int__tai15_15_01,8,19.2526,0.0250
ga_sembrado,1,int__tai15_15_01,16,19.2526,0.0260
ga_sembrado,1,int__tai15_15_01,32,19.2526,0.0280
ga_sembrado,1,int__tai15_15_01,64,19.2526,0.0310
ga_sembrado,1,int__tai15_15_01,128,19.2526,0.0390
ga_sembrado,1,int__tai15_15_01,256,19.2526,0.0550
ga_sembrado,1,int__tai15_15_01,512,19.2526,0.1030
ga_sembrado,1,int__tai15_15_01,1024,19.2526,0.1895
ga_sembrado,1,int__tai15_15_01,2048,19.0496,0.3650
ga_sembrado,1,int__tai15_15_01,4096,18.3591,0.7297
ga_sembrado,1,int__tai15_15_01,8192,17.3436,1.3983
ga_sembrado,1,int__tai15_15_01,16384,13.5662,2.8188
ga_sembrado,1,int__tai15_15_01,32768,12.3477,5.6039
ga_sembrado,1,int__tai15_15_01,65536,12.3477,11.3613
ga_sembrado,1,int__tai15_15_01,131072,11.6978,22.5288
ga_sembrado,1,int__tai15_15_01,262144,11.3729,45.6070
ga_sembrado,1,int__tai15_15_01,524288,11.3729,90.7510
ga_sembrado,1,int__tai15_15_01,1048576,11.3729,180.6760
ga_sembrado,1,int__tai15_15_01,2097152,11.3729,354.8969
ga_sembrado,1,int__tai15_15_01,4194304,11.3729,695.1799
ga_sembrado,1,int__tai15_15_01,4849146,11.3729,800.0007
regla_bon,1,int__tai15_15_01,1,19.2526,0.0110
regla_bon,1,int__tai15_15_01,2,19.2526,0.0170
regla_bon,1,int__tai15_15_01,4,18.0341,0.0310
regla_bon,1,int__tai15_15_01,8,17.3030,0.0580
regla_bon,1,int__tai15_15_01,16,17.3030,0.1100
regla_bon,1,int__tai15_15_01,32,14.9066,0.2621
regla_bon,1,int__tai15_15_01,64,14.9472,0.4951
regla_bon,1,int__tai15_15_01,128,14.4192,0.8782
regla_bon,1,int__tai15_15_01,256,13.5662,1.7864
regla_bon,1,int__tai15_15_01,512,13.5662,3.4940
regla_bon,1,int__tai15_15_01,1024,12.5102,6.8173
regla_bon,1,int__tai15_15_01,2048,11.0479,14.6418
regla_bon,1,int__tai15_15_01,4096,11.7790,27.2019
regla_bon,1,int__tai15_15_01,8192,9.9919,52.3809
regla_bon,1,int__tai15_15_01,16384,10.9667,104.3310
regla_bon,1,int__tai15_15_01,32768,10.9667,205.6663
regla_bon,1,int__tai15_15_01,65536,10.9667,409.5495
regla_bon,1,int__tai15_15_01,128319,9.5451,800.0044
ga,1,int__tai15_15_02,1,102.9341,0.0250
ga,1,int__tai15_15_02,2,77.6929,0.0250
ga,1,int__tai15_15_02,4,72.6688,0.0250
ga,1,int__tai15_15_02,8,72.6688,0.0250
ga,1,int__tai15_15_02,16,72.6688,0.0260
ga,1,int__tai15_15_02,32,69.9357,0.0280
ga,1,int__tai15_15_02,64,67.9662,0.0320
ga,1,int__tai15_15_02,128,60.9325,0.0400
ga,1,int__tai15_15_02,256,55.4662,0.0580
ga,1,int__tai15_15_02,512,55.4662,0.1050
ga,1,int__tai15_15_02,1024,54.9035,0.1995
ga,1,int__tai15_15_02,2048,43.8103,0.3889
ga,1,int__tai15_15_02,4096,30.8682,0.7670
ga,1,int__tai15_15_02,8192,18.3682,1.4720
ga,1,int__tai15_15_02,16384,15.3537,3.2343
ga,1,int__tai15_15_02,32768,12.3794,6.3231
ga,1,int__tai15_15_02,65536,7.7170,12.2245
ga,1,int__tai15_15_02,131072,7.6768,24.6451
ga,1,int__tai15_15_02,262144,7.6768,46.8500
ga,1,int__tai15_15_02,524288,4.2605,92.8812
ga,1,int__tai15_15_02,1048576,4.2605,185.5371
ga,1,int__tai15_15_02,2097152,4.2605,367.3944
ga,1,int__tai15_15_02,4194304,4.2605,732.4307
ga,1,int__tai15_15_02,4579299,4.2605,800.0003
ga_sembrado,1,int__tai15_15_02,1,14.1881,0.0260
ga_sembrado,1,int__tai15_15_02,2,14.1881,0.0260
ga_sembrado,1,int__tai15_15_02,4,14.1881,0.0270
ga_sembrado,1,int__tai15_15_02,8,14.1881,0.0270
ga_sembrado,1,int__tai15_15_02,16,14.1881,0.0280
ga_sembrado,1,int__tai15_15_02,32,14.1881,0.0290
ga_sembrado,1,int__tai15_15_02,64,14.1881,0.0330
ga_sembrado,1,int__tai15_15_02,128,14.1881,0.0400
ga_sembrado,1,int__tai15_15_02,256,14.1881,0.0550
ga_sembrado,1,int__tai15_15_02,512,14.1881,0.1010
ga_sembrado,1,int__tai15_15_02,1024,14.1881,0.1915
ga_sembrado,1,int__tai15_15_02,2048,14.1881,0.3740
ga_sembrado,1,int__tai15_15_02,4096,13.2235,0.7337
ga_sembrado,1,int__tai15_15_02,8192,8.6013,1.4003
ga_sembrado,1,int__tai15_15_02,16384,6.7524,2.8128
ga_sembrado,1,int__tai15_15_02,32768,5.2251,5.5669
ga_sembrado,1,int__tai15_15_02,65536,4.8633,11.3293
ga_sembrado,1,int__tai15_15_02,131072,4.8633,22.6148
ga_sembrado,1,int__tai15_15_02,262144,4.8633,45.8845
ga_sembrado,1,int__tai15_15_02,524288,4.8633,90.9957
ga_sembrado,1,int__tai15_15_02,1048576,4.8633,180.7755
ga_sembrado,1,int__tai15_15_02,2097152,4.8232,354.1944
ga_sembrado,1,int__tai15_15_02,4194304,4.7428,695.0649
ga_sembrado,1,int__tai15_15_02,4847942,4.7428,800.0007
regla_bon,1,int__tai15_15_02,1,14.1881,0.0100
regla_bon,1,int__tai15_15_02,2,11.4148,0.0190
regla_bon,1,int__tai15_15_02,4,11.4148,0.0380
regla_bon,1,int__tai15_15_02,8,11.4148,0.0750
regla_bon,1,int__tai15_15_02,16,11.4148,0.1450
regla_bon,1,int__tai15_15_02,32,10.0482,0.2961
regla_bon,1,int__tai15_15_02,64,8.5209,0.5151
regla_bon,1,int__tai15_15_02,128,8.5209,0.9302
regla_bon,1,int__tai15_15_02,256,8.5209,1.8124
regla_bon,1,int__tai15_15_02,512,8.5209,3.5210
regla_bon,1,int__tai15_15_02,1024,8.5209,6.8488
regla_bon,1,int__tai15_15_02,2048,8.8023,14.7244
regla_bon,1,int__tai15_15_02,4096,8.8023,27.4199
regla_bon,1,int__tai15_15_02,8192,8.8023,52.8609
regla_bon,1,int__tai15_15_02,16384,8.8023,105.4286
regla_bon,1,int__tai15_15_02,32768,6.5514,206.5775
regla_bon,1,int__tai15_15_02,65536,4.8232,410.8488
regla_bon,1,int__tai15_15_02,128164,4.8232,800.0054
ga,1,int__tai15_15_03,1,83.4154,0.0250
ga,1,int__tai15_15_03,2,66.7488,0.0250
ga,1,int__tai15_15_03,4,66.7488,0.0250
ga,1,int__tai15_15_03,8,66.7488,0.0260
ga,1,int__tai15_15_03,16,66.7488,0.0260
ga,1,int__tai15_15_03,32,63.4236,0.0280
ga,1,int__tai15_15_03,64,63.4236,0.0310
ga,1,int__tai15_15_03,128,51.8062,0.0370
ga,1,int__tai15_15_03,256,51.8062,0.0560
ga,1,int__tai15_15_03,512,51.3136,0.1030
ga,1,int__tai15_15_03,1024,42.4466,0.1925
ga,1,int__tai15_15_03,2048,34.1133,0.3739
ga,1,int__tai15_15_03,4096,34.1133,0.7500
ga,1,int__tai15_15_03,8192,23.9327,1.4540
ga,1,int__tai15_15_03,16384,18.1445,3.1273
ga,1,int__tai15_15_03,32768,13.3415,6.1985
ga,1,int__tai15_15_03,65536,9.8112,12.0835
ga,1,int__tai15_15_03,131072,9.7291,24.4051
ga,1,int__tai15_15_03,262144,9.5238,46.6368
ga,1,int__tai15_15_03,524288,9.5238,92.7722
ga,1,int__tai15_15_03,1048576,9.3186,185.3444
ga,1,int__tai15_15_03,2097152,9.3186,366.7058
ga,1,int__tai15_15_03,4194304,9.3186,731.1010
ga,1,int__tai15_15_03,4587231,9.3186,800.0003
ga_sembrado,1,int__tai15_15_03,1,14.0805,0.0230
ga_sembrado,1,int__tai15_15_03,2,14.0805,0.0230
ga_sembrado,1,int__tai15_15_03,4,14.0805,0.0240
ga_sembrado,1,int__tai15_15_03,8,14.0805,0.0240
ga_sembrado,1,int__tai15_15_03,16,14.0805,0.0250
ga_sembrado,1,int__tai15_15_03,32,14.0805,0.0260
ga_sembrado,1,int__tai15_15_03,64,14.0805,0.0300
ga_sembrado,1,int__tai15_15_03,128,14.0805,0.0370
ga_sembrado,1,int__tai15_15_03,256,14.0805,0.0510
ga_sembrado,1,int__tai15_15_03,512,14.0805,0.0980
ga_sembrado,1,int__tai15_15_03,1024,14.0805,0.1915
ga_sembrado,1,int__tai15_15_03,2048,14.0805,0.3680
ga_sembrado,1,int__tai15_15_03,4096,13.3826,0.7357
ga_sembrado,1,int__tai15_15_03,8192,10.6732,1.4013
ga_sembrado,1,int__tai15_15_03,16384,9.5649,2.8508
ga_sembrado,1,int__tai15_15_03,32768,9.4417,5.6574
ga_sembrado,1,int__tai15_15_03,65536,9.1544,11.4214
ga_sembrado,1,int__tai15_15_03,131072,7.2250,22.6769
ga_sembrado,1,int__tai15_15_03,262144,7.1839,45.7995
ga_sembrado,1,int__tai15_15_03,524288,7.1839,90.9426
ga_sembrado,1,int__tai15_15_03,1048576,7.1018,180.5510
ga_sembrado,1,int__tai15_15_03,2097152,6.8555,354.9089
ga_sembrado,1,int__tai15_15_03,4194304,6.8555,695.1069
ga_sembrado,1,int__tai15_15_03,4849292,6.8555,800.0007
regla_bon,1,int__tai15_15_03,1,14.0805,0.0070
regla_bon,1,int__tai15_15_03,2,14.0805,0.0140
regla_bon,1,int__tai15_15_03,4,14.0805,0.0270
regla_bon,1,int__tai15_15_03,8,13.7931,0.0540
regla_bon,1,int__tai15_15_03,16,13.7931,0.1060
regla_bon,1,int__tai15_15_03,32,13.7931,0.2521
regla_bon,1,int__tai15_15_03,64,13.7931,0.4731
regla_bon,1,int__tai15_15_03,128,8.7849,0.8792
regla_bon,1,int__tai15_15_03,256,8.7849,1.7614
regla_bon,1,int__tai15_15_03,512,8.7849,3.4540
regla_bon,1,int__tai15_15_03,1024,8.7849,6.8034
regla_bon,1,int__tai15_15_03,2048,8.7849,14.6378
regla_bon,1,int__tai15_15_03,4096,8.9491,27.1434
regla_bon,1,int__tai15_15_03,8192,8.9491,52.4579
regla_bon,1,int__tai15_15_03,16384,8.3333,104.9945
regla_bon,1,int__tai15_15_03,32768,8.3333,206.3634
regla_bon,1,int__tai15_15_03,65536,7.9228,410.7798
regla_bon,1,int__tai15_15_03,128166,8.0870,800.0004
ga,1,int__tai15_15_04,1,93.7447,0.0270
ga,1,int__tai15_15_04,2,93.7447,0.0270
ga,1,int__tai15_15_04,4,92.9362,0.0270
ga,1,int__tai15_15_04,8,92.9362,0.0280
ga,1,int__tai15_15_04,16,83.9149,0.0290
ga,1,int__tai15_15_04,32,78.3404,0.0305
ga,1,int__tai15_15_04,64,75.1915,0.0335
ga,1,int__tai15_15_04,128,59.0213,0.0425
ga,1,int__tai15_15_04,256,59.0213,0.0555
ga,1,int__tai15_15_04,512,57.4043,0.0985
ga,1,int__tai15_15_04,1024,54.9787,0.1959
ga,1,int__tai15_15_04,2048,45.9574,0.3889
ga,1,int__tai15_15_04,4096,38.1702,0.7660
ga,1,int__tai15_15_04,8192,32.0000,1.4930
ga,1,int__tai15_15_04,16384,24.8085,3.3383
ga,1,int__tai15_15_04,32768,19.2340,6.3950
ga,1,int__tai15_15_04,65536,14.0426,12.2376
ga,1,int__tai15_15_04,131072,14.0426,24.8472
ga,1,int__tai15_15_04,262144,14.0426,46.9450
ga,1,int__tai15_15_04,524288,14.0426,92.7842
ga,1,int__tai15_15_04,1048576,14.0426,185.0239
ga,1,int__tai15_15_04,2097152,14.0426,366.2617
ga,1,int__tai15_15_04,4194304,14.0426,729.6687
ga,1,int__tai15_15_04,4596218,14.0426,800.0003
ga_sembrado,1,int__tai15_15_04,1,13.0213,0.0270
ga_sembrado,1,int__tai15_15_04,2,13.0213,0.0280
ga_sembrado,1,int__tai15_15_04,4,13.0213,0.0280
ga_sembrado,1,int__tai15_15_04,8,13.0213,0.0280
ga_sembrado,1,int__tai15_15_04,16,13.0213,0.0290
ga_sembrado,1,int__tai15_15_04,32,13.0213,0.0330
ga_sembrado,1,int__tai15_15_04,64,13.0213,0.0365
ga_sembrado,1,int__tai15_15_04,128,13.0213,0.0435
ga_sembrado,1,int__tai15_15_04,256,13.0213,0.0575
ga_sembrado,1,int__tai15_15_04,512,13.0213,0.0985
ga_sembrado,1,int__tai15_15_04,1024,13.0213,0.1895
ga_sembrado,1,int__tai15_15_04,2048,13.0213,0.3770
ga_sembrado,1,int__tai15_15_04,4096,13.0213,0.7397
ga_sembrado,1,int__tai15_15_04,8192,12.6383,1.4134
ga_sembrado,1,int__tai15_15_04,16384,11.7021,2.8299
ga_sembrado,1,int__tai15_15_04,32768,9.8298,5.5984
ga_sembrado,1,int__tai15_15_04,65536,8.0851,11.3864
ga_sembrado,1,int__tai15_15_04,131072,7.2340,22.5028
ga_sembrado,1,int__tai15_15_04,262144,7.0638,45.4414
ga_sembrado,1,int__tai15_15_04,524288,4.6809,90.3579
ga_sembrado,1,int__tai15_15_04,1048576,4.6809,179.9298
ga_sembrado,1,int__tai15_15_04,2097152,4.6809,353.7164
ga_sembrado,1,int__tai15_15_04,4194304,3.9574,693.0797
ga_sembrado,1,int__tai15_15_04,4862435,3.9574,800.0007
regla_bon,1,int__tai15_15_04,1,13.0213,0.0100
regla_bon,1,int__tai15_15_04,2,13.0213,0.0170
regla_bon,1,int__tai15_15_04,4,13.0213,0.0310
regla_bon,1,int__tai15_15_04,8,13.0213,0.0620
regla_bon,1,int__tai15_15_04,16,13.0213,0.1495
regla_bon,1,int__tai15_15_04,32,13.0213,0.2681
regla_bon,1,int__tai15_15_04,64,13.0213,0.4751
regla_bon,1,int__tai15_15_04,128,13.0213,0.8882
regla_bon,1,int__tai15_15_04,256,12.0851,1.7743
regla_bon,1,int__tai15_15_04,512,12.0851,3.5020
regla_bon,1,int__tai15_15_04,1024,11.0638,6.8979
regla_bon,1,int__tai15_15_04,2048,9.6170,14.5984
regla_bon,1,int__tai15_15_04,4096,7.8298,27.2069
regla_bon,1,int__tai15_15_04,8192,7.8298,52.4824
regla_bon,1,int__tai15_15_04,16384,8.2979,104.9190
regla_bon,1,int__tai15_15_04,32768,7.9574,206.5445
regla_bon,1,int__tai15_15_04,65536,7.2340,411.4399
regla_bon,1,int__tai15_15_04,127985,7.1915,800.0025
ga,1,int__tai15_15_05,1,119.5261,0.0255
ga,1,int__tai15_15_05,2,95.4248,0.0255
ga,1,int__tai15_15_05,4,98.7745,0.0255
ga,1,int__tai15_15_05,8,86.1928,0.0265
ga,1,int__tai15_15_05,16,78.4722,0.0275
ga,1,int__tai15_15_05,32,69.2810,0.0295
ga,1,int__tai15_15_05,64,69.2810,0.0325
ga,1,int__tai15_15_05,128,64.3791,0.0395
ga,1,int__tai15_15_05,256,64.3791,0.0545
ga,1,int__tai15_15_05,512,57.1895,0.0996
ga,1,int__tai15_15_05,1024,47.0588,0.1959
ga,1,int__tai15_15_05,2048,41.9935,0.3879
ga,1,int__tai15_15_05,4096,38.4804,0.7559
ga,1,int__tai15_15_05,8192,28.4314,1.4800
ga,1,int__tai15_15_05,16384,15.7680,3.2373
ga,1,int__tai15_15_05,32768,12.7042,6.2820
ga,1,int__tai15_15_05,65536,12.0507,12.1235
ga,1,int__tai15_15_05,131072,8.4150,24.5891
ga,1,int__tai15_15_05,262144,8.3742,46.6379
ga,1,int__tai15_15_05,524288,8.3742,92.5802
ga,1,int__tai15_15_05,1048576,8.3742,185.1208
ga,1,int__tai15_15_05,2097152,8.3742,366.6663
ga,1,int__tai15_15_05,4194304,8.3742,730.3358
ga,1,int__tai15_15_05,4592612,8.3742,800.0003
ga_sembrado,1,int__tai15_15_05,1,14.7059,0.0245
ga_sembrado,1,int__tai15_15_05,2,14.7059,0.0245
ga_sembrado,1,int__tai15_15_05,4,14.7059,0.0245
ga_sembrado,1,int__tai15_15_05,8,14.7059,0.0255
ga_sembrado,1,int__tai15_15_05,16,14.7059,0.0265
ga_sembrado,1,int__tai15_15_05,32,14.7059,0.0285
ga_sembrado,1,int__tai15_15_05,64,14.7059,0.0315
ga_sembrado,1,int__tai15_15_05,128,14.7059,0.0385
ga_sembrado,1,int__tai15_15_05,256,14.7059,0.0535
ga_sembrado,1,int__tai15_15_05,512,14.7059,0.0975
ga_sembrado,1,int__tai15_15_05,1024,14.7059,0.1855
ga_sembrado,1,int__tai15_15_05,2048,14.7059,0.3680
ga_sembrado,1,int__tai15_15_05,4096,12.5000,0.7217
ga_sembrado,1,int__tai15_15_05,8192,12.6634,1.3874
ga_sembrado,1,int__tai15_15_05,16384,9.8856,2.8109
ga_sembrado,1,int__tai15_15_05,32768,8.1699,5.5794
ga_sembrado,1,int__tai15_15_05,65536,7.6797,11.2754
ga_sembrado,1,int__tai15_15_05,131072,6.6993,22.5178
ga_sembrado,1,int__tai15_15_05,262144,5.8007,45.6095
ga_sembrado,1,int__tai15_15_05,524288,5.8007,90.6031
ga_sembrado,1,int__tai15_15_05,1048576,5.8007,180.2035
ga_sembrado,1,int__tai15_15_05,2097152,5.8007,354.5788
ga_sembrado,1,int__tai15_15_05,4194304,5.3922,694.1901
ga_sembrado,1,int__tai15_15_05,4854778,5.3922,800.0007
regla_bon,1,int__tai15_15_05,1,14.7059,0.0090
regla_bon,1,int__tai15_15_05,2,14.7059,0.0170
regla_bon,1,int__tai15_15_05,4,11.2337,0.0350
regla_bon,1,int__tai15_15_05,8,11.2337,0.0933
regla_bon,1,int__tai15_15_05,16,11.2337,0.1501
regla_bon,1,int__tai15_15_05,32,11.2337,0.2671
regla_bon,1,int__tai15_15_05,64,11.2337,0.4751
regla_bon,1,int__tai15_15_05,128,11.2337,0.8862
regla_bon,1,int__tai15_15_05,256,11.2337,1.7573
regla_bon,1,int__tai15_15_05,512,9.1912,3.4320
regla_bon,1,int__tai15_15_05,1024,9.7222,6.8208
regla_bon,1,int__tai15_15_05,2048,8.7827,14.5378
regla_bon,1,int__tai15_15_05,4096,7.9248,27.2729
regla_bon,1,int__tai15_15_05,8192,7.7614,52.4764
regla_bon,1,int__tai15_15_05,16384,8.0474,104.9970
regla_bon,1,int__tai15_15_05,32768,7.3529,206.4245
regla_bon,1,int__tai15_15_05,65536,7.3529,410.8328
regla_bon,1,int__tai15_15_05,128169,7.3529,800.0025
ga,1,int__tai15_15_06,1,112.5202,0.0270
ga,1,int__tai15_15_06,2,91.9628,0.0270
ga,1,int__tai15_15_06,4,91.9628,0.0280
ga,1,int__tai15_15_06,8,91.9628,0.0280
ga,1,int__tai15_15_06,16,72.0113,0.0290
ga,1,int__tai15_15_06,32,70.5977,0.0310
ga,1,int__tai15_15_06,64,66.3166,0.0340
ga,1,int__tai15_15_06,128,60.4604,0.0420
ga,1,int__tai15_15_06,256,60.4604,0.0590
ga,1,int__tai15_15_06,512,49.0307,0.1041
ga,1,int__tai15_15_06,1024,40.6704,0.1954
ga,1,int__tai15_15_06,2048,40.6704,0.3824
ga,1,int__tai15_15_06,4096,38.6914,0.7484
ga,1,int__tai15_15_06,8192,29.1195,1.4565
ga,1,int__tai15_15_06,16384,16.7205,3.2157
ga,1,int__tai15_15_06,32768,9.1276,6.2095
ga,1,int__tai15_15_06,65536,9.1276,12.0700
ga,1,int__tai15_15_06,131072,7.7544,24.5325
ga,1,int__tai15_15_06,262144,7.3102,46.6794
ga,1,int__tai15_15_06,524288,6.7851,92.6087
ga,1,int__tai15_15_06,1048576,6.3813,184.8813
ga,1,int__tai15_15_06,2097152,6.0582,366.5127
ga,1,int__tai15_15_06,4194304,6.0582,730.5358
ga,1,int__tai15_15_06,4592522,6.0582,800.0008
ga_sembrado,1,int__tai15_15_06,1,13.7318,0.0265
ga_sembrado,1,int__tai15_15_06,2,13.7318,0.0265
ga_sembrado,1,int__tai15_15_06,4,13.7318,0.0275
ga_sembrado,1,int__tai15_15_06,8,13.7318,0.0275
ga_sembrado,1,int__tai15_15_06,16,13.7318,0.0285
ga_sembrado,1,int__tai15_15_06,32,13.7318,0.0305
ga_sembrado,1,int__tai15_15_06,64,13.7318,0.0335
ga_sembrado,1,int__tai15_15_06,128,13.7318,0.0415
ga_sembrado,1,int__tai15_15_06,256,13.7318,0.0565
ga_sembrado,1,int__tai15_15_06,512,13.7318,0.1005
ga_sembrado,1,int__tai15_15_06,1024,13.7318,0.1865
ga_sembrado,1,int__tai15_15_06,2048,13.7318,0.3660
ga_sembrado,1,int__tai15_15_06,4096,11.4297,0.7117
ga_sembrado,1,int__tai15_15_06,8192,10.6220,1.3834
ga_sembrado,1,int__tai15_15_06,16384,10.4604,2.8119
ga_sembrado,1,int__tai15_15_06,32768,10.0565,5.5694
ga_sembrado,1,int__tai15_15_06,65536,10.0565,11.3274
ga_sembrado,1,int__tai15_15_06,131072,10.0565,22.4688
ga_sembrado,1,int__tai15_15_06,262144,10.0565,45.4434
ga_sembrado,1,int__tai15_15_06,524288,10.0162,90.5410
ga_sembrado,1,int__tai15_15_06,1048576,7.8352,179.8648
ga_sembrado,1,int__tai15_15_06,2097152,7.6333,354.0534
ga_sembrado,1,int__tai15_15_06,4194304,7.1890,693.2604
ga_sembrado,1,int__tai15_15_06,4860713,7.1890,800.0007
regla_bon,1,int__tai15_15_06,1,13.7318,0.0080
regla_bon,1,int__tai15_15_06,2,12.3990,0.0220
regla_bon,1,int__tai15_15_06,4,12.3990,0.0693
regla_bon,1,int__tai15_15_06,8,12.3990,0.0984
regla_bon,1,int__tai15_15_06,16,10.5816,0.1561
regla_bon,1,int__tai15_15_06,32,10.5816,0.2791
regla_bon,1,int__tai15_15_06,64,8.4814,0.5001
regla_bon,1,int__tai15_15_06,128,8.4814,0.9132
regla_bon,1,int__tai15_15_06,256,8.4814,1.7944
regla_bon,1,int__tai15_15_06,512,7.7141,3.5305
regla_bon,1,int__tai15_15_06,1024,7.7141,6.8518
regla_bon,1,int__tai15_15_06,2048,7.7141,14.5378
regla_bon,1,int__tai15_15_06,4096,6.6236,27.2079
regla_bon,1,int__tai15_15_06,8192,6.6236,52.7919
regla_bon,1,int__tai15_15_06,16384,7.0679,105.5876
regla_bon,1,int__tai15_15_06,32768,7.3102,207.1906
regla_bon,1,int__tai15_15_06,65536,7.3102,412.8101
regla_bon,1,int__tai15_15_06,127427,6.7851,800.0005
ga,1,int__tai15_15_07,1,99.1035,0.0230
ga,1,int__tai15_15_07,2,83.6186,0.0230
ga,1,int__tai15_15_07,4,83.6186,0.0230
ga,1,int__tai15_15_07,8,83.6186,0.0240
ga,1,int__tai15_15_07,16,79.2991,0.0250
ga,1,int__tai15_15_07,32,79.2991,0.0270
ga,1,int__tai15_15_07,64,75.9576,0.0300
ga,1,int__tai15_15_07,128,64.3439,0.0380
ga,1,int__tai15_15_07,256,61.4914,0.0530
ga,1,int__tai15_15_07,512,53.1785,0.0900
ga,1,int__tai15_15_07,1024,47.1475,0.1730
ga,1,int__tai15_15_07,2048,41.4018,0.3411
ga,1,int__tai15_15_07,4096,34.8003,0.6881
ga,1,int__tai15_15_07,8192,23.9201,1.3434
ga,1,int__tai15_15_07,16384,14.7107,2.6917
ga,1,int__tai15_15_07,32768,7.9870,5.3380
ga,1,int__tai15_15_07,65536,6.4385,10.5860
ga,1,int__tai15_15_07,131072,6.7645,20.9665
ga,1,int__tai15_15_07,262144,6.6830,42.8500
ga,1,int__tai15_15_07,524288,6.6830,85.1521
ga,1,int__tai15_15_07,1048576,5.1752,169.7099
ga,1,int__tai15_15_07,2097152,5.1752,339.0433
ga,1,int__tai15_15_07,4194304,4.7270,679.8889
ga,1,int__tai15_15_07,4935301,4.7270,800.0008
ga_sembrado,1,int__tai15_15_07,1,17.6854,0.0265
ga_sembrado,1,int__tai15_15_07,2,17.6854,0.0265
ga_sembrado,1,int__tai15_15_07,4,17.6854,0.0275
ga_sembrado,1,int__tai15_15_07,8,17.6854,0.0275
ga_sembrado,1,int__tai15_15_07,16,17.6854,0.0285
ga_sembrado,1,int__tai15_15_07,32,17.6854,0.0305
ga_sembrado,1,int__tai15_15_07,64,17.6854,0.0335
ga_sembrado,1,int__tai15_15_07,128,17.6854,0.0415
ga_sembrado,1,int__tai15_15_07,256,17.6854,0.0545
ga_sembrado,1,int__tai15_15_07,512,17.6854,0.0925
ga_sembrado,1,int__tai15_15_07,1024,17.6854,0.1615
ga_sembrado,1,int__tai15_15_07,2048,17.6854,0.3211
ga_sembrado,1,int__tai15_15_07,4096,17.3594,0.6583
ga_sembrado,1,int__tai15_15_07,8192,14.3032,1.3468
ga_sembrado,1,int__tai15_15_07,16384,11.5322,2.6695
ga_sembrado,1,int__tai15_15_07,32768,12.0619,5.2850
ga_sembrado,1,int__tai15_15_07,65536,8.5982,10.5210
ga_sembrado,1,int__tai15_15_07,131072,8.5982,21.0194
ga_sembrado,1,int__tai15_15_07,262144,8.2722,42.1809
ga_sembrado,1,int__tai15_15_07,524288,8.2722,84.5333
ga_sembrado,1,int__tai15_15_07,1048576,8.2722,168.8754
ga_sembrado,1,int__tai15_15_07,2097152,7.1312,358.1288
ga_sembrado,1,int__tai15_15_07,4194304,7.1312,716.6023
ga_sembrado,1,int__tai15_15_07,4674183,7.1312,800.0003
regla_bon,1,int__tai15_15_07,1,17.6854,0.0090
regla_bon,1,int__tai15_15_07,2,17.6854,0.0160
regla_bon,1,int__tai15_15_07,4,17.6854,0.0280
regla_bon,1,int__tai15_15_07,8,14.6292,0.0530
regla_bon,1,int__tai15_15_07,16,14.6292,0.1020
regla_bon,1,int__tai15_15_07,32,11.7359,0.2060
regla_bon,1,int__tai15_15_07,64,11.7359,0.4240
regla_bon,1,int__tai15_15_07,128,10.9209,0.8583
regla_bon,1,int__tai15_15_07,256,10.9209,1.7070
regla_bon,1,int__tai15_15_07,512,10.2689,3.3926
regla_bon,1,int__tai15_15_07,1024,10.0244,8.3572
regla_bon,1,int__tai15_15_07,2048,10.0244,15.1390
regla_bon,1,int__tai15_15_07,4096,8.7612,28.8692
regla_bon,1,int__tai15_15_07,8192,8.5167,55.9228
regla_bon,1,int__tai15_15_07,16384,9.4540,119.1329
regla_bon,1,int__tai15_15_07,32768,9.4540,243.1989
regla_bon,1,int__tai15_15_07,65536,7.5387,515.0206
regla_bon,1,int__tai15_15_07,98870,7.5387,800.0076
ga,1,int__tai15_15_08,1,118.7757,0.0270
ga,1,int__tai15_15_08,2,100.5341,0.0270
ga,1,int__tai15_15_08,4,100.5341,0.0270
ga,1,int__tai15_15_08,8,100.5341,0.0280
ga,1,int__tai15_15_08,16,76.0066,0.0290
ga,1,int__tai15_15_08,32,76.0066,0.0310
ga,1,int__tai15_15_08,64,71.4462,0.0350
ga,1,int__tai15_15_08,128,67.6253,0.0430
ga,1,int__tai15_15_08,256,63.6401,0.0590
ga,1,int__tai15_15_08,512,63.6401,0.1040
ga,1,int__tai15_15_08,1024,51.5201,0.1820
ga,1,int__tai15_15_08,2048,47.8225,0.3431
ga,1,int__tai15_15_08,4096,40.6738,0.6711
ga,1,int__tai15_15_08,8192,30.7313,1.3454
ga,1,int__tai15_15_08,16384,24.6508,2.7207
ga,1,int__tai15_15_08,32768,20.2136,5.3451
ga,1,int__tai15_15_08,65536,16.7625,10.5510
ga,1,int__tai15_15_08,131072,15.9819,21.0835
ga,1,int__tai15_15_08,262144,10.1479,43.4907
ga,1,int__tai15_15_08,524288,9.0797,86.4618
ga,1,int__tai15_15_08,1048576,9.0797,171.9643
ga,1,int__tai15_15_08,2097152,8.7921,344.2036
ga,1,int__tai15_15_08,4194304,8.7921,690.1247
ga,1,int__tai15_15_08,4864899,8.7921,800.0003
ga_sembrado,1,int__tai15_15_08,1,14.8316,0.0170
ga_sembrado,1,int__tai15_15_08,2,14.8316,0.0170
ga_sembrado,1,int__tai15_15_08,4,14.8316,0.0170
ga_sembrado,1,int__tai15_15_08,8,14.8316,0.0180
ga_sembrado,1,int__tai15_15_08,16,14.8316,0.0180
ga_sembrado,1,int__tai15_15_08,32,14.8316,0.0200
ga_sembrado,1,int__tai15_15_08,64,14.8316,0.0230
ga_sembrado,1,int__tai15_15_08,128,14.8316,0.0280
ga_sembrado,1,int__tai15_15_08,256,14.8316,0.0420
ga_sembrado,1,int__tai15_15_08,512,14.8316,0.0820
ga_sembrado,1,int__tai15_15_08,1024,14.8316,0.1705
ga_sembrado,1,int__tai15_15_08,2048,14.8316,0.3396
ga_sembrado,1,int__tai15_15_08,4096,13.3936,0.6588
ga_sembrado,1,int__tai15_15_08,8192,12.8595,1.3473
ga_sembrado,1,int__tai15_15_08,16384,12.7773,2.6840
ga_sembrado,1,int__tai15_15_08,32768,11.4215,5.3445
ga_sembrado,1,int__tai15_15_08,65536,11.1339,10.6785
ga_sembrado,1,int__tai15_15_08,131072,9.5727,21.2930
ga_sembrado,1,int__tai15_15_08,262144,8.9154,42.7860
ga_sembrado,1,int__tai15_15_08,524288,8.9154,85.7631
ga_sembrado,1,int__tai15_15_08,1048576,8.9154,171.3904
ga_sembrado,1,int__tai15_15_08,2097152,8.9154,363.5718
ga_sembrado,1,int__tai15_15_08,4194304,8.8332,723.7368
ga_sembrado,1,int__tai15_15_08,4627459,8.8332,800.0008
regla_bon,1,int__tai15_15_08,1,14.8316,0.0080
regla_bon,1,int__tai15_15_08,2,13.9688,0.0130
regla_bon,1,int__tai15_15_08,4,13.9688,0.0270
regla_bon,1,int__tai15_15_08,8,13.9688,0.0530
regla_bon,1,int__tai15_15_08,16,13.9688,0.1070
regla_bon,1,int__tai15_15_08,32,13.9688,0.2230
regla_bon,1,int__tai15_15_08,64,12.2021,0.4300
regla_bon,1,int__tai15_15_08,128,11.7502,0.8583
regla_bon,1,int__tai15_15_08,256,12.0378,1.7070
regla_bon,1,int__tai15_15_08,512,12.0378,3.3856
regla_bon,1,int__tai15_15_08,1024,11.1750,8.4617
regla_bon,1,int__tai15_15_08,2048,11.0518,15.4091
regla_bon,1,int__tai15_15_08,4096,10.6409,29.3048
regla_bon,1,int__tai15_15_08,8192,10.1068,56.7575
regla_bon,1,int__tai15_15_08,16384,10.6409,120.9379
regla_bon,1,int__tai15_15_08,32768,8.6278,246.2433
regla_bon,1,int__tai15_15_08,65536,8.9154,521.5215
regla_bon,1,int__tai15_15_08,97642,8.9154,800.0026
ga,1,int__tai15_15_09,1,106.0832,0.0230
ga,1,int__tai15_15_09,2,106.0832,0.0230
ga,1,int__tai15_15_09,4,78.9639,0.0230
ga,1,int__tai15_15_09,8,78.9639,0.0230
ga,1,int__tai15_15_09,16,68.6421,0.0240
ga,1,int__tai15_15_09,32,52.2763,0.0260
ga,1,int__tai15_15_09,64,52.2763,0.0280
ga,1,int__tai15_15_09,128,52.2763,0.0340
ga,1,int__tai15_15_09,256,52.2763,0.0460
ga,1,int__tai15_15_09,512,52.2763,0.0840
ga,1,int__tai15_15_09,1024,51.1774,0.1690
ga,1,int__tai15_15_09,2048,38.7363,0.3401
ga,1,int__tai15_15_09,4096,28.7677,0.6741
ga,1,int__tai15_15_09,8192,24.9215,1.3234
ga,1,int__tai15_15_09,16384,16.6013,2.6587
ga,1,int__tai15_15_09,32768,12.1664,5.2800
ga,1,int__tai15_15_09,65536,11.9309,10.5760
ga,1,int__tai15_15_09,131072,10.0863,21.0865
ga,1,int__tai15_15_09,262144,9.3014,42.9520
ga,1,int__tai15_15_09,524288,8.0063,85.4824
ga,1,int__tai15_15_09,1048576,8.3203,170.2791
ga,1,int__tai15_15_09,2097152,8.2025,339.5030
ga,1,int__tai15_15_09,4194304,8.2025,680.1835
ga,1,int__tai15_15_09,4932107,8.2025,800.0008
ga_sembrado,1,int__tai15_15_09,1,19.9765,0.0265
ga_sembrado,1,int__tai15_15_09,2,19.9765,0.0265
ga_sembrado,1,int__tai15_15_09,4,19.9765,0.0275
ga_sembrado,1,int__tai15_15_09,8,19.9765,0.0275
ga_sembrado,1,int__tai15_15_09,16,19.9765,0.0285
ga_sembrado,1,int__tai15_15_09,32,19.9765,0.0305
ga_sembrado,1,int__tai15_15_09,64,19.9765,0.0335
ga_sembrado,1,int__tai15_15_09,128,19.9765,0.0415
ga_sembrado,1,int__tai15_15_09,256,19.9765,0.0565
ga_sembrado,1,int__tai15_15_09,512,19.9765,0.0985
ga_sembrado,1,int__tai15_15_09,1024,19.9765,0.1840
ga_sembrado,1,int__tai15_15_09,2048,19.9765,0.3541
ga_sembrado,1,int__tai15_15_09,4096,17.0722,0.7008
ga_sembrado,1,int__tai15_15_09,8192,13.6970,1.4089
ga_sembrado,1,int__tai15_15_09,16384,13.6970,2.6735
ga_sembrado,1,int__tai15_15_09,32768,13.6970,5.3340
ga_sembrado,1,int__tai15_15_09,65536,12.4019,10.5310
ga_sembrado,1,int__tai15_15_09,131072,8.7127,21.0764
ga_sembrado,1,int__tai15_15_09,262144,7.6138,42.2708
ga_sembrado,1,int__tai15_15_09,524288,7.6138,84.9349
ga_sembrado,1,int__tai15_15_09,1048576,7.6138,169.6106
ga_sembrado,1,int__tai15_15_09,2097152,7.6138,360.2476
ga_sembrado,1,int__tai15_15_09,4194304,7.6138,718.5925
ga_sembrado,1,int__tai15_15_09,4659132,7.6138,800.0003
regla_bon,1,int__tai15_15_09,1,19.9765,0.0080
regla_bon,1,int__tai15_15_09,2,19.9765,0.0150
regla_bon,1,int__tai15_15_09,4,16.5620,0.0290
regla_bon,1,int__tai15_15_09,8,16.5620,0.0570
regla_bon,1,int__tai15_15_09,16,13.3830,0.1100
regla_bon,1,int__tai15_15_09,32,13.3830,0.2130
regla_bon,1,int__tai15_15_09,64,13.3830,0.4340
regla_bon,1,int__tai15_15_09,128,13.3830,0.8683
regla_bon,1,int__tai15_15_09,256,13.3830,1.7181
regla_bon,1,int__tai15_15_09,512,13.3438,3.4246
regla_bon,1,int__tai15_15_09,1024,11.2637,8.3802
regla_bon,1,int__tai15_15_09,2048,9.3799,15.2140
regla_bon,1,int__tai15_15_09,4096,9.3799,29.1038
regla_bon,1,int__tai15_15_09,8192,9.3799,56.5210
regla_bon,1,int__tai15_15_09,16384,9.3799,120.4838
regla_bon,1,int__tai15_15_09,32768,9.3799,245.3900
regla_bon,1,int__tai15_15_09,65536,9.3799,520.7448
regla_bon,1,int__tai15_15_09,97830,9.3799,800.0026
ga,1,int__tai15_15_10,1,93.5939,0.0230
ga,1,int__tai15_15_10,2,93.5939,0.0240
ga,1,int__tai15_15_10,4,93.5939,0.0240
ga,1,int__tai15_15_10,8,76.1483,0.0240
ga,1,int__tai15_15_10,16,66.0757,0.0250
ga,1,int__tai15_15_10,32,62.9331,0.0260
ga,1,int__tai15_15_10,64,62.9331,0.0290
ga,1,int__tai15_15_10,128,53.4247,0.0340
ga,1,int__tai15_15_10,256,53.4247,0.0450
ga,1,int__tai15_15_10,512,47.7438,0.0800
ga,1,int__tai15_15_10,1024,45.2055,0.1640
ga,1,int__tai15_15_10,2048,41.7002,0.3141
ga,1,int__tai15_15_10,4096,29.4118,0.6361
ga,1,int__tai15_15_10,8192,27.0346,1.2954
ga,1,int__tai15_15_10,16384,13.1749,2.6246
ga,1,int__tai15_15_10,32768,10.1128,5.2310
ga,1,int__tai15_15_10,65536,8.8638,10.5675
ga,1,int__tai15_15_10,131072,7.9371,21.1490
ga,1,int__tai15_15_10,262144,7.4940,43.1826
ga,1,int__tai15_15_10,524288,7.4940,85.2783
ga,1,int__tai15_15_10,1048576,6.9702,169.9250
ga,1,int__tai15_15_10,2097152,7.0508,338.8663
ga,1,int__tai15_15_10,4194304,7.0508,679.4687
ga,1,int__tai15_15_10,4938143,7.0508,800.0003
ga_sembrado,1,int__tai15_15_10,1,15.4311,0.0270
ga_sembrado,1,int__tai15_15_10,2,15.4311,0.0270
ga_sembrado,1,int__tai15_15_10,4,15.4311,0.0270
ga_sembrado,1,int__tai15_15_10,8,15.4311,0.0270
ga_sembrado,1,int__tai15_15_10,16,15.4311,0.0280
ga_sembrado,1,int__tai15_15_10,32,15.4311,0.0300
ga_sembrado,1,int__tai15_15_10,64,15.4311,0.0340
ga_sembrado,1,int__tai15_15_10,128,15.4311,0.0410
ga_sembrado,1,int__tai15_15_10,256,15.4311,0.0560
ga_sembrado,1,int__tai15_15_10,512,15.4311,0.0945
ga_sembrado,1,int__tai15_15_10,1024,15.4311,0.1715
ga_sembrado,1,int__tai15_15_10,2048,15.4311,0.3356
ga_sembrado,1,int__tai15_15_10,4096,15.3908,0.6553
ga_sembrado,1,int__tai15_15_10,8192,13.2151,1.3183
ga_sembrado,1,int__tai15_15_10,16384,9.8308,2.6310
ga_sembrado,1,int__tai15_15_10,32768,8.2192,5.2605
ga_sembrado,1,int__tai15_15_10,65536,7.3328,10.5625
ga_sembrado,1,int__tai15_15_10,131072,7.3328,21.1259
ga_sembrado,1,int__tai15_15_10,262144,7.8969,42.2774
ga_sembrado,1,int__tai15_15_10,524288,7.8969,84.6963
ga_sembrado,1,int__tai15_15_10,1048576,7.8969,169.2075
ga_sembrado,1,int__tai15_15_10,2097152,7.8969,359.0790
ga_sembrado,1,int__tai15_15_10,4194304,7.8969,717.0544
ga_sembrado,1,int__tai15_15_10,4669602,7.8969,800.0008
regla_bon,1,int__tai15_15_10,1,15.4311,0.0060
regla_bon,1,int__tai15_15_10,2,15.4311,0.0130
regla_bon,1,int__tai15_15_10,4,13.6180,0.0260
regla_bon,1,int__tai15_15_10,8,13.6180,0.0570
regla_bon,1,int__tai15_15_10,16,13.6180,0.1120
regla_bon,1,int__tai15_15_10,32,13.6180,0.2250
regla_bon,1,int__tai15_15_10,64,13.1346,0.4397
regla_bon,1,int__tai15_15_10,128,13.1346,0.8563
regla_bon,1,int__tai15_15_10,256,12.7720,1.6910
regla_bon,1,int__tai15_15_10,512,11.8050,3.3601
regla_bon,1,int__tai15_15_10,1024,11.2409,8.5213
regla_bon,1,int__tai15_15_10,2048,11.2409,15.2815
regla_bon,1,int__tai15_15_10,4096,10.6366,29.0608
regla_bon,1,int__tai15_15_10,8192,9.7099,56.3650
regla_bon,1,int__tai15_15_10,16384,9.0250,121.1390
regla_bon,1,int__tai15_15_10,32768,9.5488,245.4090
regla_bon,1,int__tai15_15_10,65536,8.8235,519.8483
regla_bon,1,int__tai15_15_10,98013,8.8235,800.0386
ga,1,int__tai20_15_01,1,115.9912,0.0360
ga,1,int__tai20_15_01,2,115.9912,0.0370
ga,1,int__tai20_15_01,4,103.5741,0.0370
ga,1,int__tai20_15_01,8,91.7465,0.0380
ga,1,int__tai20_15_01,16,91.7465,0.0390
ga,1,int__tai20_15_01,32,87.6934,0.0420
ga,1,int__tai20_15_01,64,77.7819,0.0470
ga,1,int__tai20_15_01,128,77.7819,0.0570
ga,1,int__tai20_15_01,256,72.5866,0.0760
ga,1,int__tai20_15_01,512,72.5866,0.1255
ga,1,int__tai20_15_01,1024,59.8747,0.2321
ga,1,int__tai20_15_01,2048,53.7214,0.4551
ga,1,int__tai20_15_01,4096,45.0626,0.8822
ga,1,int__tai20_15_01,8192,40.4937,1.7575
ga,1,int__tai20_15_01,16384,26.9344,3.4895
ga,1,int__tai20_15_01,32768,20.0442,6.9966
ga,1,int__tai20_15_01,65536,16.9492,13.8772
ga,1,int__tai20_15_01,131072,15.4753,27.5641
ga,1,int__tai20_15_01,262144,11.4223,56.5296
ga,1,int__tai20_15_01,524288,11.4223,111.3840
ga,1,int__tai20_15_01,1048576,11.4223,222.1546
ga,1,int__tai20_15_01,2097152,11.4223,444.0433
ga,1,int__tai20_15_01,3764166,10.8327,800.0003
ga_sembrado,1,int__tai20_15_01,1,17.5018,0.0330
ga_sembrado,1,int__tai20_15_01,2,17.5018,0.0330
ga_sembrado,1,int__tai20_15_01,4,17.5018,0.0340
ga_sembrado,1,int__tai20_15_01,8,17.5018,0.0340
ga_sembrado,1,int__tai20_15_01,16,17.5018,0.0350
ga_sembrado,1,int__tai20_15_01,32,17.5018,0.0380
ga_sembrado,1,int__tai20_15_01,64,17.5018,0.0430
ga_sembrado,1,int__tai20_15_01,128,17.5018,0.0515
ga_sembrado,1,int__tai20_15_01,256,17.5018,0.0705
ga_sembrado,1,int__tai20_15_01,512,17.5018,0.1225
ga_sembrado,1,int__tai20_15_01,1024,17.5018,0.2306
ga_sembrado,1,int__tai20_15_01,2048,17.5018,0.4328
ga_sembrado,1,int__tai20_15_01,4096,17.5018,0.8428
ga_sembrado,1,int__tai20_15_01,8192,17.0228,1.7491
ga_sembrado,1,int__tai20_15_01,16384,15.9175,3.4817
ga_sembrado,1,int__tai20_15_01,32768,14.6647,6.9158
ga_sembrado,1,int__tai20_15_01,65536,14.6647,13.6960
ga_sembrado,1,int__tai20_15_01,131072,14.6647,27.6220
ga_sembrado,1,int__tai20_15_01,262144,12.2329,55.4871
ga_sembrado,1,int__tai20_15_01,524288,10.8327,111.1666
ga_sembrado,1,int__tai20_15_01,1048576,10.3169,222.3077
ga_sembrado,1,int__tai20_15_01,2097152,10.3169,471.3302
ga_sembrado,1,int__tai20_15_01,3556305,10.3169,800.0008
regla_bon,1,int__tai20_15_01,1,17.5018,0.0130
regla_bon,1,int__tai20_15_01,2,17.5018,0.0240
regla_bon,1,int__tai20_15_01,4,17.5018,0.0460
regla_bon,1,int__tai20_15_01,8,17.0597,0.0990
regla_bon,1,int__tai20_15_01,16,17.0597,0.1910
regla_bon,1,int__tai20_15_01,32,17.0597,0.3702
regla_bon,1,int__tai20_15_01,64,17.0597,0.7323
regla_bon,1,int__tai20_15_01,128,14.9963,1.4750
regla_bon,1,int__tai20_15_01,256,14.9963,2.8793
regla_bon,1,int__tai20_15_01,512,14.9963,7.2694
regla_bon,1,int__tai20_15_01,1024,12.5645,12.9697
regla_bon,1,int__tai20_15_01,2048,12.5645,24.4676
regla_bon,1,int__tai20_15_01,4096,12.5645,47.7198
regla_bon,1,int__tai20_15_01,8192,12.5645,95.0562
regla_bon,1,int__tai20_15_01,16384,12.5645,205.0504
regla_bon,1,int__tai20_15_01,32768,12.3066,429.3288
regla_bon,1,int__tai20_15_01,58323,11.1643,800.0116
ga,1,int__tai20_15_02,1,136.9422,0.0360
ga,1,int__tai20_15_02,2,105.4133,0.0360
ga,1,int__tai20_15_02,4,86.3204,0.0360
ga,1,int__tai20_15_02,8,86.3204,0.0370
ga,1,int__tai20_15_02,16,86.3204,0.0380
ga,1,int__tai20_15_02,32,73.8844,0.0400
ga,1,int__tai20_15_02,64,73.8844,0.0450
ga,1,int__tai20_15_02,128,73.8844,0.0540
ga,1,int__tai20_15_02,256,73.1529,0.0730
ga,1,int__tai20_15_02,512,70.1536,0.1280
ga,1,int__tai20_15_02,1024,65.5450,0.2341
ga,1,int__tai20_15_02,2048,60.6437,0.4371
ga,1,int__tai20_15_02,4096,51.2070,0.8572
ga,1,int__tai20_15_02,8192,39.4294,1.7185
ga,1,int__tai20_15_02,16384,25.3475,3.4990
ga,1,int__tai20_15_02,32768,17.0446,6.9466
ga,1,int__tai20_15_02,65536,12.2165,13.8027
ga,1,int__tai20_15_02,131072,11.4484,27.6132
ga,1,int__tai20_15_02,262144,10.1683,56.5156
ga,1,int__tai20_15_02,524288,10.1683,111.7841
ga,1,int__tai20_15_02,1048576,10.1683,222.7767
ga,1,int__tai20_15_02,2097152,10.1683,445.0851
ga,1,int__tai20_15_02,3765119,10.1683,800.0003
ga_sembrado,1,int__tai20_15_02,1,17.6298,0.0330
ga_sembrado,1,int__tai20_15_02,2,17.6298,0.0330
ga_sembrado,1,int__tai20_15_02,4,17.6298,0.0340
ga_sembrado,1,int__tai20_15_02,8,17.6298,0.0340
ga_sembrado,1,int__tai20_15_02,16,17.6298,0.0360
ga_sembrado,1,int__tai20_15_02,32,17.6298,0.0385
ga_sembrado,1,int__tai20_15_02,64,17.6298,0.0425
ga_sembrado,1,int__tai20_15_02,128,17.6298,0.0535
ga_sembrado,1,int__tai20_15_02,256,17.6298,0.0725
ga_sembrado,1,int__tai20_15_02,512,17.6298,0.1245
ga_sembrado,1,int__tai20_15_02,1024,17.6298,0.2356
ga_sembrado,1,int__tai20_15_02,2048,17.6298,0.4458
ga_sembrado,1,int__tai20_15_02,4096,17.6298,0.8518
ga_sembrado,1,int__tai20_15_02,8192,16.4960,1.7541
ga_sembrado,1,int__tai20_15_02,16384,14.9963,3.4437
ga_sembrado,1,int__tai20_15_02,32768,14.4111,6.8238
ga_sembrado,1,int__tai20_15_02,65536,14.4111,13.6020
ga_sembrado,1,int__tai20_15_02,131072,11.5216,27.5419
ga_sembrado,1,int__tai20_15_02,262144,10.9729,55.3011
ga_sembrado,1,int__tai20_15_02,524288,10.9729,111.0395
ga_sembrado,1,int__tai20_15_02,1048576,8.3760,221.8649
ga_sembrado,1,int__tai20_15_02,2097152,8.3760,470.4874
ga_sembrado,1,int__tai20_15_02,3564255,8.3760,800.0008
regla_bon,1,int__tai20_15_02,1,17.6298,0.0120
regla_bon,1,int__tai20_15_02,2,17.6298,0.0230
regla_bon,1,int__tai20_15_02,4,16.1668,0.0500
regla_bon,1,int__tai20_15_02,8,15.4353,0.0950
regla_bon,1,int__tai20_15_02,16,13.6064,0.1870
regla_bon,1,int__tai20_15_02,32,13.6064,0.3597
regla_bon,1,int__tai20_15_02,64,13.6064,0.7283
regla_bon,1,int__tai20_15_02,128,12.6189,1.4520
regla_bon,1,int__tai20_15_02,256,13.0578,2.8163
regla_bon,1,int__tai20_15_02,512,11.9605,7.4480
regla_bon,1,int__tai20_15_02,1024,11.9605,13.1323
regla_bon,1,int__tai20_15_02,2048,11.9971,24.6604
regla_bon,1,int__tai20_15_02,4096,10.8632,47.6833
regla_bon,1,int__tai20_15_02,8192,10.6437,95.2353
regla_bon,1,int__tai20_15_02,16384,10.6437,204.4674
regla_bon,1,int__tai20_15_02,32768,10.3511,428.7302
regla_bon,1,int__tai20_15_02,58389,10.3511,800.0196
ga,1,int__tai20_15_03,1,97.9881,0.0450
ga,1,int__tai20_15_03,2,97.9881,0.0450
ga,1,int__tai20_15_03,4,93.5917,0.0450
ga,1,int__tai20_15_03,8,93.5917,0.0460
ga,1,int__tai20_15_03,16,88.9344,0.0470
ga,1,int__tai20_15_03,32,75.8942,0.0830
ga,1,int__tai20_15_03,64,71.4605,0.1040
ga,1,int__tai20_15_03,128,71.4605,0.1385
ga,1,int__tai20_15_03,256,72.1311,0.1955
ga,1,int__tai20_15_03,512,69.1505,0.4342
ga,1,int__tai20_15_03,1024,65.2012,0.6263
ga,1,int__tai20_15_03,2048,59.9851,1.0574
ga,1,int__tai20_15_03,4096,53.0551,1.6401
ga,1,int__tai20_15_03,8192,39.9404,2.6570
ga,1,int__tai20_15_03,16384,25.4844,5.4746
ga,1,int__tai20_15_03,32768,16.6915,11.4036
ga,1,int__tai20_15_03,65536,12.8912,20.7582
ga,1,int__tai20_15_03,131072,11.1773,35.9266
ga,1,int__tai20_15_03,262144,11.0283,66.7448
ga,1,int__tai20_15_03,524288,10.8048,127.8527
ga,1,int__tai20_15_03,1048576,10.6557,289.3062
ga,1,int__tai20_15_03,2097152,10.6557,542.3436
ga,1,int__tai20_15_03,3185477,10.6557,800.0006
ga_sembrado,1,int__tai20_15_03,1,13.3010,0.0275
ga_sembrado,1,int__tai20_15_03,2,13.3010,0.0275
ga_sembrado,1,int__tai20_15_03,4,13.3010,0.0285
ga_sembrado,1,int__tai20_15_03,8,13.3010,0.0285
ga_sembrado,1,int__tai20_15_03,16,13.3010,0.0305
ga_sembrado,1,int__tai20_15_03,32,13.3010,0.0335
ga_sembrado,1,int__tai20_15_03,64,13.3010,0.0365
ga_sembrado,1,int__tai20_15_03,128,13.3010,0.0455
ga_sembrado,1,int__tai20_15_03,256,13.3010,0.0625
ga_sembrado,1,int__tai20_15_03,512,13.3010,0.1165
ga_sembrado,1,int__tai20_15_03,1024,13.3010,0.2315
ga_sembrado,1,int__tai20_15_03,2048,13.3010,0.4486
ga_sembrado,1,int__tai20_15_03,4096,13.3010,0.9041
ga_sembrado,1,int__tai20_15_03,8192,12.9285,1.7968
ga_sembrado,1,int__tai20_15_03,16384,12.5931,3.6322
ga_sembrado,1,int__tai20_15_03,32768,11.8480,7.8923
ga_sembrado,1,int__tai20_15_03,65536,10.6557,15.8021
ga_sembrado,1,int__tai20_15_03,131072,9.6498,30.0693
ga_sembrado,1,int__tai20_15_03,262144,9.5007,58.1939
ga_sembrado,1,int__tai20_15_03,524288,9.2772,123.8046
ga_sembrado,1,int__tai20_15_03,1048576,9.2772,248.2874
ga_sembrado,1,int__tai20_15_03,2097152,9.2772,473.5669
ga_sembrado,1,int__tai20_15_03,3620040,9.2772,800.0003
regla_bon,1,int__tai20_15_03,1,13.3010,0.0120
regla_bon,1,int__tai20_15_03,2,13.3010,0.0240
regla_bon,1,int__tai20_15_03,4,13.3010,0.0450
regla_bon,1,int__tai20_15_03,8,13.3010,0.0885
regla_bon,1,int__tai20_15_03,16,13.3010,0.1661
regla_bon,1,int__tai20_15_03,32,13.3010,0.3251
regla_bon,1,int__tai20_15_03,64,13.3010,0.6467
regla_bon,1,int__tai20_15_03,128,14.5306,1.3174
regla_bon,1,int__tai20_15_03,256,14.5306,2.7073
regla_bon,1,int__tai20_15_03,512,14.5306,5.4431
regla_bon,1,int__tai20_15_03,1024,14.5306,10.6455
regla_bon,1,int__tai20_15_03,2048,11.8480,21.1577
regla_bon,1,int__tai20_15_03,4096,11.8480,42.3681
regla_bon,1,int__tai20_15_03,8192,11.8480,86.0388
regla_bon,1,int__tai20_15_03,16384,11.8480,171.0009
regla_bon,1,int__tai20_15_03,32768,10.5812,340.3672
regla_bon,1,int__tai20_15_03,65536,10.5812,677.0666
regla_bon,1,int__tai20_15_03,77190,10.5812,800.0077
ga,1,int__tai20_15_04,1,120.4089,0.0770
ga,1,int__tai20_15_04,2,95.8364,0.0770
ga,1,int__tai20_15_04,4,79.9257,0.0770
ga,1,int__tai20_15_04,8,79.9257,0.0780
ga,1,int__tai20_15_04,16,79.9257,0.0800
ga,1,int__tai20_15_04,32,79.9257,0.0830
ga,1,int__tai20_15_04,64,68.4387,0.0940
ga,1,int__tai20_15_04,128,68.4387,0.1160
ga,1,int__tai20_15_04,256,68.4387,0.1475
ga,1,int__tai20_15_04,512,61.1152,0.3782
ga,1,int__tai20_15_04,1024,57.9182,0.5463
ga,1,int__tai20_15_04,2048,49.4796,1.0124
ga,1,int__tai20_15_04,4096,44.0149,1.6241
ga,1,int__tai20_15_04,8192,36.3569,2.6410
ga,1,int__tai20_15_04,16384,20.7435,5.2601
ga,1,int__tai20_15_04,32768,14.3494,11.1776
ga,1,int__tai20_15_04,65536,9.5167,21.3157
ga,1,int__tai20_15_04,131072,9.5167,36.4777
ga,1,int__tai20_15_04,262144,9.5167,67.2509
ga,1,int__tai20_15_04,524288,9.5167,128.4023
ga,1,int__tai20_15_04,1048576,9.5167,290.3640
ga,1,int__tai20_15_04,2097152,9.5167,542.3276
ga,1,int__tai20_15_04,3185468,9.5167,800.0001
ga_sembrado,1,int__tai20_15_04,1,13.1970,0.0360
ga_sembrado,1,int__tai20_15_04,2,13.1970,0.0360
ga_sembrado,1,int__tai20_15_04,4,13.1970,0.0360
ga_sembrado,1,int__tai20_15_04,8,13.1970,0.0370
ga_sembrado,1,int__tai20_15_04,16,13.1970,0.0380
ga_sembrado,1,int__tai20_15_04,32,13.1970,0.0400
ga_sembrado,1,int__tai20_15_04,64,13.1970,0.0450
ga_sembrado,1,int__tai20_15_04,128,13.1970,0.0560
ga_sembrado,1,int__tai20_15_04,256,13.1970,0.0750
ga_sembrado,1,int__tai20_15_04,512,13.1970,0.1330
ga_sembrado,1,int__tai20_15_04,1024,13.1970,0.2430
ga_sembrado,1,int__tai20_15_04,2048,13.1970,0.4630
ga_sembrado,1,int__tai20_15_04,4096,13.1970,0.9116
ga_sembrado,1,int__tai20_15_04,8192,12.1933,1.8128
ga_sembrado,1,int__tai20_15_04,16384,11.6357,3.6457
ga_sembrado,1,int__tai20_15_04,32768,11.0409,8.0598
ga_sembrado,1,int__tai20_15_04,65536,10.4089,15.9748
ga_sembrado,1,int__tai20_15_04,131072,9.0706,30.3243
ga_sembrado,1,int__tai20_15_04,262144,8.5502,58.5304
ga_sembrado,1,int__tai20_15_04,524288,8.5502,123.5235
ga_sembrado,1,int__tai20_15_04,1048576,8.0297,248.6255
ga_sembrado,1,int__tai20_15_04,2097152,8.0297,473.9841
ga_sembrado,1,int__tai20_15_04,3618067,8.0297,800.0008
regla_bon,1,int__tai20_15_04,1,13.1970,0.0120
regla_bon,1,int__tai20_15_04,2,13.1970,0.0240
regla_bon,1,int__tai20_15_04,4,13.1970,0.0460
regla_bon,1,int__tai20_15_04,8,13.1970,0.0871
regla_bon,1,int__tai20_15_04,16,13.1970,0.1678
regla_bon,1,int__tai20_15_04,32,12.9740,0.3361
regla_bon,1,int__tai20_15_04,64,12.9740,0.6637
regla_bon,1,int__tai20_15_04,128,12.9740,1.3285
regla_bon,1,int__tai20_15_04,256,12.9740,2.7223
regla_bon,1,int__tai20_15_04,512,11.9703,5.4441
regla_bon,1,int__tai20_15_04,1024,11.9703,10.6125
regla_bon,1,int__tai20_15_04,2048,10.8550,21.0142
regla_bon,1,int__tai20_15_04,4096,10.0743,42.0803
regla_bon,1,int__tai20_15_04,8192,10.0743,85.3752
regla_bon,1,int__tai20_15_04,16384,10.2974,169.6687
regla_bon,1,int__tai20_15_04,32768,9.2937,338.0259
regla_bon,1,int__tai20_15_04,65536,9.2937,673.0584
regla_bon,1,int__tai20_15_04,77557,9.2937,800.0007
ga,1,int__tai20_15_05,1,111.7252,0.0480
ga,1,int__tai20_15_05,2,111.7252,0.0480
ga,1,int__tai20_15_05,4,100.4481,0.0480
ga,1,int__tai20_15_05,8,78.7155,0.0490
ga,1,int__tai20_15_05,16,78.7155,0.0510
ga,1,int__tai20_15_05,32,78.7155,0.0880
ga,1,int__tai20_15_05,64,64.8992,0.1190
ga,1,int__tai20_15_05,128,64.8992,0.1395
ga,1,int__tai20_15_05,256,64.8992,0.1725
ga,1,int__tai20_15_05,512,64.8992,0.4372
ga,1,int__tai20_15_05,1024,62.1733,0.6333
ga,1,int__tai20_15_05,2048,53.9582,0.9794
ga,1,int__tai20_15_05,4096,48.7304,1.5821
ga,1,int__tai20_15_05,8192,42.1957,2.6210
ga,1,int__tai20_15_05,16384,33.0844,5.1481
ga,1,int__tai20_15_05,32768,19.1187,10.5566
ga,1,int__tai20_15_05,65536,14.6004,20.5166
ga,1,int__tai20_15_05,131072,13.5549,35.7095
ga,1,int__tai20_15_05,262144,13.5549,66.4262
ga,1,int__tai20_15_05,524288,11.6131,127.3855
ga,1,int__tai20_15_05,1048576,11.6131,288.9462
ga,1,int__tai20_15_05,2097152,11.6131,541.2174
ga,1,int__tai20_15_05,3192655,11.6131,800.0006
ga_sembrado,1,int__tai20_15_05,1,16.6542,0.0375
ga_sembrado,1,int__tai20_15_05,2,16.6542,0.0375
ga_sembrado,1,int__tai20_15_05,4,16.6542,0.0375
ga_sembrado,1,int__tai20_15_05,8,16.6542,0.0385
ga_sembrado,1,int__tai20_15_05,16,16.6542,0.0395
ga_sembrado,1,int__tai20_15_05,32,16.6542,0.0425
ga_sembrado,1,int__tai20_15_05,64,16.6542,0.0475
ga_sembrado,1,int__tai20_15_05,128,16.6542,0.0575
ga_sembrado,1,int__tai20_15_05,256,16.6542,0.0755
ga_sembrado,1,int__tai20_15_05,512,16.6542,0.1275
ga_sembrado,1,int__tai20_15_05,1024,16.6542,0.2355
ga_sembrado,1,int__tai20_15_05,2048,16.6542,0.4616
ga_sembrado,1,int__tai20_15_05,4096,16.6542,0.9121
ga_sembrado,1,int__tai20_15_05,8192,16.9156,1.8203
ga_sembrado,1,int__tai20_15_05,16384,16.2435,3.6322
ga_sembrado,1,int__tai20_15_05,32768,14.3764,8.0353
ga_sembrado,1,int__tai20_15_05,65536,14.1524,15.8966
ga_sembrado,1,int__tai20_15_05,131072,13.9283,30.2022
ga_sembrado,1,int__tai20_15_05,262144,13.9283,58.2859
ga_sembrado,1,int__tai20_15_05,524288,12.5467,123.4795
ga_sembrado,1,int__tai20_15_05,1048576,12.9201,248.0151
ga_sembrado,1,int__tai20_15_05,2097152,12.2479,473.0635
ga_sembrado,1,int__tai20_15_05,3626066,12.2479,800.0003
regla_bon,1,int__tai20_15_05,1,16.6542,0.0100
regla_bon,1,int__tai20_15_05,2,16.6542,0.0220
regla_bon,1,int__tai20_15_05,4,16.6542,0.0480
regla_bon,1,int__tai20_15_05,8,16.6542,0.0916
regla_bon,1,int__tai20_15_05,16,16.6542,0.1781
regla_bon,1,int__tai20_15_05,32,16.6542,0.3461
regla_bon,1,int__tai20_15_05,64,16.6542,0.6707
regla_bon,1,int__tai20_15_05,128,16.6542,1.3615
regla_bon,1,int__tai20_15_05,256,16.6542,2.7683
regla_bon,1,int__tai20_15_05,512,16.4675,5.5669
regla_bon,1,int__tai20_15_05,1024,16.4675,10.8805
regla_bon,1,int__tai20_15_05,2048,14.3764,21.6043
regla_bon,1,int__tai20_15_05,4096,14.3764,43.0660
regla_bon,1,int__tai20_15_05,8192,14.3764,87.4079
regla_bon,1,int__tai20_15_05,16384,13.9656,173.5381
regla_bon,1,int__tai20_15_05,32768,14.2644,345.6137
regla_bon,1,int__tai20_15_05,65536,14.2644,688.1621
regla_bon,1,int__tai20_15_05,75898,14.2644,800.0047
ga,1,int__tai20_15_06,1,97.6471,0.0505
ga,1,int__tai20_15_06,2,95.1471,0.0505
ga,1,int__tai20_15_06,4,95.1471,0.0595
ga,1,int__tai20_15_06,8,95.1471,0.0595
ga,1,int__tai20_15_06,16,84.3750,0.0615
ga,1,int__tai20_15_06,32,78.8971,0.0635
ga,1,int__tai20_15_06,64,78.8971,0.0756
ga,1,int__tai20_15_06,128,78.8971,0.0868
ga,1,int__tai20_15_06,256,65.5882,0.1132
ga,1,int__tai20_15_06,512,58.0882,0.2582
ga,1,int__tai20_15_06,1024,58.0882,0.4473
ga,1,int__tai20_15_06,2048,54.9632,0.8704
ga,1,int__tai20_15_06,4096,48.4559,1.4551
ga,1,int__tai20_15_06,8192,40.1838,2.4750
ga,1,int__tai20_15_06,16384,25.0735,5.0291
ga,1,int__tai20_15_06,32768,17.2426,10.6276
ga,1,int__tai20_15_06,65536,13.5294,20.4992
ga,1,int__tai20_15_06,131072,10.2941,35.6510
ga,1,int__tai20_15_06,262144,10.2206,66.4743
ga,1,int__tai20_15_06,524288,9.3382,127.6806
ga,1,int__tai20_15_06,1048576,9.2279,287.7654
ga,1,int__tai20_15_06,2097152,9.2279,539.7103
ga,1,int__tai20_15_06,3199067,9.2279,800.0001
ga_sembrado,1,int__tai20_15_06,1,15.5515,0.0330
ga_sembrado,1,int__tai20_15_06,2,15.5515,0.0340
ga_sembrado,1,int__tai20_15_06,4,15.5515,0.0340
ga_sembrado,1,int__tai20_15_06,8,15.5515,0.0340
ga_sembrado,1,int__tai20_15_06,16,15.5515,0.0360
ga_sembrado,1,int__tai20_15_06,32,15.5515,0.0380
ga_sembrado,1,int__tai20_15_06,64,15.5515,0.0430
ga_sembrado,1,int__tai20_15_06,128,15.5515,0.0530
ga_sembrado,1,int__tai20_15_06,256,15.5515,0.0730
ga_sembrado,1,int__tai20_15_06,512,15.5515,0.1240
ga_sembrado,1,int__tai20_15_06,1024,15.5515,0.2420
ga_sembrado,1,int__tai20_15_06,2048,15.5515,0.4646
ga_sembrado,1,int__tai20_15_06,4096,15.5515,0.9106
ga_sembrado,1,int__tai20_15_06,8192,13.4559,1.8488
ga_sembrado,1,int__tai20_15_06,16384,12.8676,3.6687
ga_sembrado,1,int__tai20_15_06,32768,12.8676,7.8878
ga_sembrado,1,int__tai20_15_06,65536,12.5368,15.7591
ga_sembrado,1,int__tai20_15_06,131072,10.5147,30.0107
ga_sembrado,1,int__tai20_15_06,262144,10.0000,58.1864
ga_sembrado,1,int__tai20_15_06,524288,9.2279,123.1450
ga_sembrado,1,int__tai20_15_06,1048576,8.8235,247.1565
ga_sembrado,1,int__tai20_15_06,2097152,8.8235,472.3985
ga_sembrado,1,int__tai20_15_06,3630342,8.8235,800.0009
regla_bon,1,int__tai20_15_06,1,15.5515,0.0130
regla_bon,1,int__tai20_15_06,2,15.5515,0.0250
regla_bon,1,int__tai20_15_06,4,15.0368,0.0480
regla_bon,1,int__tai20_15_06,8,15.0368,0.0905
regla_bon,1,int__tai20_15_06,16,15.0368,0.1740
regla_bon,1,int__tai20_15_06,32,15.0368,0.3240
regla_bon,1,int__tai20_15_06,64,13.9338,0.6527
regla_bon,1,int__tai20_15_06,128,12.3529,1.3379
regla_bon,1,int__tai20_15_06,256,12.3529,2.7643
regla_bon,1,int__tai20_15_06,512,12.3529,5.5748
regla_bon,1,int__tai20_15_06,1024,12.3529,10.8574
regla_bon,1,int__tai20_15_06,2048,12.3529,21.5252
regla_bon,1,int__tai20_15_06,4096,11.7647,42.7754
regla_bon,1,int__tai20_15_06,8192,11.7647,87.2553
regla_bon,1,int__tai20_15_06,16384,11.7647,173.0310
regla_bon,1,int__tai20_15_06,32768,11.7647,344.8527
regla_bon,1,int__tai20_15_06,65536,10.9559,686.8720
regla_bon,1,int__tai20_15_06,75983,10.5882,800.0064
ga,1,int__tai20_15_07,1,105.7798,0.0510
ga,1,int__tai20_15_07,2,93.3653,0.0510
ga,1,int__tai20_15_07,4,93.3653,0.0520
ga,1,int__tai20_15_07,8,92.4761,0.0520
ga,1,int__tai20_15_07,16,78.6252,0.0540
ga,1,int__tai20_15_07,32,78.6252,0.0570
ga,1,int__tai20_15_07,64,75.5814,0.0691
ga,1,int__tai20_15_07,128,75.3078,0.0791
ga,1,int__tai20_15_07,256,66.6211,0.1097
ga,1,int__tai20_15_07,512,64.2271,0.2587
ga,1,int__tai20_15_07,1024,59.4049,0.4578
ga,1,int__tai20_15_07,2048,48.8372,0.8199
ga,1,int__tai20_15_07,4096,42.7839,1.4076
ga,1,int__tai20_15_07,8192,33.4131,2.4575
ga,1,int__tai20_15_07,16384,22.3666,5.1066
ga,1,int__tai20_15_07,32768,16.9631,10.7951
ga,1,int__tai20_15_07,65536,14.3981,20.6396
ga,1,int__tai20_15_07,131072,12.5513,35.7860
ga,1,int__tai20_15_07,262144,11.2517,66.4838
ga,1,int__tai20_15_07,524288,11.2517,127.5210
ga,1,int__tai20_15_07,1048576,11.2517,290.1784
ga,1,int__tai20_15_07,2097152,11.2175,541.8699
ga,1,int__tai20_15_07,3187623,11.2175,800.0006
ga_sembrado,1,int__tai20_15_07,1,13.8509,0.0340
ga_sembrado,1,int__tai20_15_07,2,13.8509,0.0340
ga_sembrado,1,int__tai20_15_07,4,13.8509,0.0340
ga_sembrado,1,int__tai20_15_07,8,13.8509,0.0350
ga_sembrado,1,int__tai20_15_07,16,13.8509,0.0360
ga_sembrado,1,int__tai20_15_07,32,13.8509,0.0380
ga_sembrado,1,int__tai20_15_07,64,13.8509,0.0440
ga_sembrado,1,int__tai20_15_07,128,13.8509,0.0530
ga_sembrado,1,int__tai20_15_07,256,13.8509,0.0750
ga_sembrado,1,int__tai20_15_07,512,13.8509,0.1340
ga_sembrado,1,int__tai20_15_07,1024,13.8509,0.2460
ga_sembrado,1,int__tai20_15_07,2048,13.8509,0.4676
ga_sembrado,1,int__tai20_15_07,4096,13.8509,0.9056
ga_sembrado,1,int__tai20_15_07,8192,12.8933,1.8028
ga_sembrado,1,int__tai20_15_07,16384,12.7223,3.6267
ga_sembrado,1,int__tai20_15_07,32768,12.7223,7.8798
ga_sembrado,1,int__tai20_15_07,65536,10.9439,15.8940
ga_sembrado,1,int__tai20_15_07,131072,10.9439,30.1607
ga_sembrado,1,int__tai20_15_07,262144,10.3283,58.2534
ga_sembrado,1,int__tai20_15_07,524288,10.3283,123.6960
ga_sembrado,1,int__tai20_15_07,1048576,10.3283,248.3104
ga_sembrado,1,int__tai20_15_07,2097152,10.3283,473.8071
ga_sembrado,1,int__tai20_15_07,3620504,10.3283,800.0009
regla_bon,1,int__tai20_15_07,1,13.8509,0.0100
regla_bon,1,int__tai20_15_07,2,13.8509,0.0220
regla_bon,1,int__tai20_15_07,4,12.8933,0.0430
regla_bon,1,int__tai20_15_07,8,11.8673,0.0865
regla_bon,1,int__tai20_15_07,16,11.8673,0.1670
regla_bon,1,int__tai20_15_07,32,10.0889,0.3270
regla_bon,1,int__tai20_15_07,64,10.0889,0.6557
regla_bon,1,int__tai20_15_07,128,10.0889,1.3469
regla_bon,1,int__tai20_15_07,256,10.0889,2.7728
regla_bon,1,int__tai20_15_07,512,10.0889,5.5088
regla_bon,1,int__tai20_15_07,1024,10.0889,10.7344
regla_bon,1,int__tai20_15_07,2048,10.0889,21.3002
regla_bon,1,int__tai20_15_07,4096,10.0889,42.4984
regla_bon,1,int__tai20_15_07,8192,10.0889,86.2159
regla_bon,1,int__tai20_15_07,16384,8.9603,171.2676
regla_bon,1,int__tai20_15_07,32768,8.9603,341.3457
regla_bon,1,int__tai20_15_07,65536,8.9603,679.3154
regla_bon,1,int__tai20_15_07,76930,8.9603,800.0095
ga,1,int__tai20_15_08,1,128.9034,0.0581
ga,1,int__tai20_15_08,2,114.9601,0.0581
ga,1,int__tai20_15_08,4,105.7371,0.0581
ga,1,int__tai20_15_08,8,94.1540,0.0601
ga,1,int__tai20_15_08,16,86.5650,0.0611
ga,1,int__tai20_15_08,32,79.0123,0.0641
ga,1,int__tai20_15_08,64,71.8591,0.0712
ga,1,int__tai20_15_08,128,71.8591,0.0822
ga,1,int__tai20_15_08,256,71.8591,0.1587
ga,1,int__tai20_15_08,512,68.7727,0.2667
ga,1,int__tai20_15_08,1024,65.9041,0.4498
ga,1,int__tai20_15_08,2048,56.1365,0.8219
ga,1,int__tai20_15_08,4096,46.0784,1.4266
ga,1,int__tai20_15_08,8192,36.4561,2.4575
ga,1,int__tai20_15_08,16384,28.8671,5.1316
ga,1,int__tai20_15_08,32768,20.7698,10.9201
ga,1,int__tai20_15_08,65536,16.4125,20.7626
ga,1,int__tai20_15_08,131072,15.5410,35.9571
ga,1,int__tai20_15_08,262144,15.5410,66.6293
ga,1,int__tai20_15_08,524288,15.5410,127.5040
ga,1,int__tai20_15_08,1048576,15.5410,289.7454
ga,1,int__tai20_15_08,2097152,12.2731,541.3488
ga,1,int__tai20_15_08,3191514,11.5105,800.0006
ga_sembrado,1,int__tai20_15_08,1,23.5657,0.0300
ga_sembrado,1,int__tai20_15_08,2,23.5657,0.0300
ga_sembrado,1,int__tai20_15_08,4,23.5657,0.0310
ga_sembrado,1,int__tai20_15_08,8,23.5657,0.0310
ga_sembrado,1,int__tai20_15_08,16,23.5657,0.0320
ga_sembrado,1,int__tai20_15_08,32,23.5657,0.0340
ga_sembrado,1,int__tai20_15_08,64,23.5657,0.0380
ga_sembrado,1,int__tai20_15_08,128,23.5657,0.0460
ga_sembrado,1,int__tai20_15_08,256,23.5657,0.0650
ga_sembrado,1,int__tai20_15_08,512,23.5657,0.1180
ga_sembrado,1,int__tai20_15_08,1024,23.5657,0.2330
ga_sembrado,1,int__tai20_15_08,2048,23.5657,0.4516
ga_sembrado,1,int__tai20_15_08,4096,23.5657,0.8976
ga_sembrado,1,int__tai20_15_08,8192,22.2222,1.8158
ga_sembrado,1,int__tai20_15_08,16384,20.2251,3.6247
ga_sembrado,1,int__tai20_15_08,32768,18.5185,8.0218
ga_sembrado,1,int__tai20_15_08,65536,18.5185,15.9491
ga_sembrado,1,int__tai20_15_08,131072,18.5185,30.1873
ga_sembrado,1,int__tai20_15_08,262144,18.5185,58.2584
ga_sembrado,1,int__tai20_15_08,524288,18.5185,123.0990
ga_sembrado,1,int__tai20_15_08,1048576,18.5185,247.6106
ga_sembrado,1,int__tai20_15_08,2097152,18.5185,472.6045
ga_sembrado,1,int__tai20_15_08,3626552,18.5185,800.0009
regla_bon,1,int__tai20_15_08,1,23.5657,0.0130
regla_bon,1,int__tai20_15_08,2,23.5657,0.0240
regla_bon,1,int__tai20_15_08,4,23.5657,0.0435
regla_bon,1,int__tai20_15_08,8,23.2752,0.0835
regla_bon,1,int__tai20_15_08,16,18.6638,0.1700
regla_bon,1,int__tai20_15_08,32,18.6638,0.3330
regla_bon,1,int__tai20_15_08,64,18.6638,0.6557
regla_bon,1,int__tai20_15_08,128,18.6638,1.3279
regla_bon,1,int__tai20_15_08,256,18.6638,2.7453
regla_bon,1,int__tai20_15_08,512,17.6107,5.5018
regla_bon,1,int__tai20_15_08,1024,15.7952,10.6574
regla_bon,1,int__tai20_15_08,2048,15.7952,21.1645
regla_bon,1,int__tai20_15_08,4096,15.7952,42.4011
regla_bon,1,int__tai20_15_08,8192,15.7952,85.9418
regla_bon,1,int__tai20_15_08,16384,15.7952,170.9028
regla_bon,1,int__tai20_15_08,32768,15.9768,341.0461
regla_bon,1,int__tai20_15_08,65536,15.9768,679.1989
regla_bon,1,int__tai20_15_08,76921,15.9768,800.0015
ga,1,int__tai20_15_09,1,168.4309,0.0290
ga,1,int__tai20_15_09,2,127.4775,0.0290
ga,1,int__tai20_15_09,4,110.7357,0.0290
ga,1,int__tai20_15_09,8,95.0075,0.0300
ga,1,int__tai20_15_09,16,95.0075,0.0310
ga,1,int__tai20_15_09,32,74.0240,0.0330
ga,1,int__tai20_15_09,64,70.7583,0.0360
ga,1,int__tai20_15_09,128,68.8438,0.0450
ga,1,int__tai20_15_09,256,68.8438,0.0626
ga,1,int__tai20_15_09,512,68.8438,0.1498
ga,1,int__tai20_15_09,1024,61.3739,0.2628
ga,1,int__tai20_15_09,2048,56.9444,0.4769
ga,1,int__tai20_15_09,4096,46.3589,0.9035
ga,1,int__tai20_15_09,8192,34.9474,1.7731
ga,1,int__tai20_15_09,16384,25.9760,3.4341
ga,1,int__tai20_15_09,32768,17.1547,6.7605
ga,1,int__tai20_15_09,65536,17.0420,13.6174
ga,1,int__tai20_15_09,131072,17.0420,27.3123
ga,1,int__tai20_15_09,262144,17.0420,54.7757
ga,1,int__tai20_15_09,524288,17.0420,110.9796
ga,1,int__tai20_15_09,1048576,17.0420,226.8165
ga,1,int__tai20_15_09,2097152,16.0661,465.9401
ga,1,int__tai20_15_09,3394809,16.0661,800.0010
ga_sembrado,1,int__tai20_15_09,1,20.0075,0.0371
ga_sembrado,1,int__tai20_15_09,2,20.0075,0.0371
ga_sembrado,1,int__tai20_15_09,4,20.0075,0.0371
ga_sembrado,1,int__tai20_15_09,8,20.0075,0.0381
ga_sembrado,1,int__tai20_15_09,16,20.0075,0.0391
ga_sembrado,1,int__tai20_15_09,32,20.0075,0.0421
ga_sembrado,1,int__tai20_15_09,64,20.0075,0.0461
ga_sembrado,1,int__tai20_15_09,128,20.0075,0.0551
ga_sembrado,1,int__tai20_15_09,256,20.0075,0.0751
ga_sembrado,1,int__tai20_15_09,512,20.0075,0.1311
ga_sembrado,1,int__tai20_15_09,1024,20.0075,0.2457
ga_sembrado,1,int__tai20_15_09,2048,20.0075,0.5118
ga_sembrado,1,int__tai20_15_09,4096,20.0075,0.9983
ga_sembrado,1,int__tai20_15_09,8192,17.3048,2.0453
ga_sembrado,1,int__tai20_15_09,16384,13.5135,3.9455
ga_sembrado,1,int__tai20_15_09,32768,13.0255,7.7438
ga_sembrado,1,int__tai20_15_09,65536,12.0495,14.8599
ga_sembrado,1,int__tai20_15_09,131072,10.7357,29.2660
ga_sembrado,1,int__tai20_15_09,262144,10.0225,61.4756
ga_sembrado,1,int__tai20_15_09,524288,10.0225,127.6337
ga_sembrado,1,int__tai20_15_09,1048576,10.0225,257.1415
ga_sembrado,1,int__tai20_15_09,2097152,9.9099,498.9498
ga_sembrado,1,int__tai20_15_09,3372478,9.5721,800.0002
regla_bon,1,int__tai20_15_09,1,20.0075,0.0130
regla_bon,1,int__tai20_15_09,2,20.0075,0.0265
regla_bon,1,int__tai20_15_09,4,20.0075,0.0490
regla_bon,1,int__tai20_15_09,8,19.8949,0.0950
regla_bon,1,int__tai20_15_09,16,16.6667,0.1950
regla_bon,1,int__tai20_15_09,32,16.6667,0.3641
regla_bon,1,int__tai20_15_09,64,16.9670,0.7011
regla_bon,1,int__tai20_15_09,128,15.8784,1.4297
regla_bon,1,int__tai20_15_09,256,13.8138,3.0145
regla_bon,1,int__tai20_15_09,512,12.1997,6.0967
regla_bon,1,int__tai20_15_09,1024,10.5856,13.1180
regla_bon,1,int__tai20_15_09,2048,10.5856,26.4657
regla_bon,1,int__tai20_15_09,4096,10.5856,52.1663
regla_bon,1,int__tai20_15_09,8192,10.5856,100.6159
regla_bon,1,int__tai20_15_09,16384,10.5856,190.3113
regla_bon,1,int__tai20_15_09,32768,10.8483,376.5614
regla_bon,1,int__tai20_15_09,65536,10.1351,754.8569
regla_bon,1,int__tai20_15_09,69775,10.1351,800.0055
ga,1,int__tai20_15_10,1,113.9466,0.0360
ga,1,int__tai20_15_10,2,106.6766,0.0360
ga,1,int__tai20_15_10,4,91.5430,0.0360
ga,1,int__tai20_15_10,8,91.5430,0.0370
ga,1,int__tai20_15_10,16,86.1647,0.0380
ga,1,int__tai20_15_10,32,83.5312,0.0410
ga,1,int__tai20_15_10,64,81.3798,0.0455
ga,1,int__tai20_15_10,128,81.9733,0.0566
ga,1,int__tai20_15_10,256,70.5119,0.0777
ga,1,int__tai20_15_10,512,70.5119,0.1338
ga,1,int__tai20_15_10,1024,64.6142,0.2418
ga,1,int__tai20_15_10,2048,55.0445,0.4579
ga,1,int__tai20_15_10,4096,50.7418,0.8845
ga,1,int__tai20_15_10,8192,43.2122,1.7872
ga,1,int__tai20_15_10,16384,32.8635,3.5216
ga,1,int__tai20_15_10,32768,18.0267,6.8942
ga,1,int__tai20_15_10,65536,13.5386,13.8045
ga,1,int__tai20_15_10,131072,11.7582,27.7828
ga,1,int__tai20_15_10,262144,11.3501,55.2645
ga,1,int__tai20_15_10,524288,11.3501,111.9540
ga,1,int__tai20_15_10,1048576,11.3501,228.8213
ga,1,int__tai20_15_10,2097152,11.3501,470.2100
ga,1,int__tai20_15_10,3373791,11.3501,800.0010
ga_sembrado,1,int__tai20_15_10,1,15.0964,0.0321
ga_sembrado,1,int__tai20_15_10,2,15.0964,0.0331
ga_sembrado,1,int__tai20_15_10,4,15.0964,0.0331
ga_sembrado,1,int__tai20_15_10,8,15.0964,0.0341
ga_sembrado,1,int__tai20_15_10,16,15.0964,0.0351
ga_sembrado,1,int__tai20_15_10,32,15.0964,0.0371
ga_sembrado,1,int__tai20_15_10,64,15.0964,0.0421
ga_sembrado,1,int__tai20_15_10,128,15.0964,0.0521
ga_sembrado,1,int__tai20_15_10,256,15.0964,0.0721
ga_sembrado,1,int__tai20_15_10,512,15.0964,0.1301
ga_sembrado,1,int__tai20_15_10,1024,15.0964,0.2677
ga_sembrado,1,int__tai20_15_10,2048,15.0964,0.5348
ga_sembrado,1,int__tai20_15_10,4096,15.0964,1.0383
ga_sembrado,1,int__tai20_15_10,8192,15.0964,2.1234
ga_sembrado,1,int__tai20_15_10,16384,14.3917,4.0566
ga_sembrado,1,int__tai20_15_10,32768,13.6869,7.8794
ga_sembrado,1,int__tai20_15_10,65536,11.9436,15.0986
ga_sembrado,1,int__tai20_15_10,131072,11.0534,29.5566
ga_sembrado,1,int__tai20_15_10,262144,11.0534,61.9237
ga_sembrado,1,int__tai20_15_10,524288,10.2374,128.5470
ga_sembrado,1,int__tai20_15_10,1048576,10.2374,258.4273
ga_sembrado,1,int__tai20_15_10,2097152,10.2374,503.1784
ga_sembrado,1,int__tai20_15_10,3349378,10.2374,800.0002
regla_bon,1,int__tai20_15_10,1,15.0964,0.0120
regla_bon,1,int__tai20_15_10,2,15.0964,0.0230
regla_bon,1,int__tai20_15_10,4,15.0964,0.0470
regla_bon,1,int__tai20_15_10,8,15.0964,0.0910
regla_bon,1,int__tai20_15_10,16,15.0964,0.1870
regla_bon,1,int__tai20_15_10,32,15.0964,0.3621
regla_bon,1,int__tai20_15_10,64,15.0964,0.6911
regla_bon,1,int__tai20_15_10,128,15.0964,1.4027
regla_bon,1,int__tai20_15_10,256,15.4674,2.9375
regla_bon,1,int__tai20_15_10,512,15.4674,6.0172
regla_bon,1,int__tai20_15_10,1024,13.5386,13.1450
regla_bon,1,int__tai20_15_10,2048,13.5386,26.5107
regla_bon,1,int__tai20_15_10,4096,11.8694,51.7867
regla_bon,1,int__tai20_15_10,8192,11.8694,100.7339
regla_bon,1,int__tai20_15_10,16384,12.1291,189.8681
regla_bon,1,int__tai20_15_10,32768,11.8323,374.0074
regla_bon,1,int__tai20_15_10,65536,11.8694,749.2864
regla_bon,1,int__tai20_15_10,70264,11.8694,800.0015
ga,1,int__tai20_20_01,1,117.9050,0.0460
ga,1,int__tai20_20_01,2,102.8015,0.0460
ga,1,int__tai20_20_01,4,102.8015,0.0460
ga,1,int__tai20_20_01,8,87.7588,0.0470
ga,1,int__tai20_20_01,16,85.1401,0.0490
ga,1,int__tai20_20_01,32,85.1401,0.0520
ga,1,int__tai20_20_01,64,81.8819,0.0585
ga,1,int__tai20_20_01,128,73.2034,0.0716
ga,1,int__tai20_20_01,256,67.2351,0.0977
ga,1,int__tai20_20_01,512,67.2351,0.1678
ga,1,int__tai20_20_01,1024,65.2558,0.3018
ga,1,int__tai20_20_01,2048,62.1194,0.5749
ga,1,int__tai20_20_01,4096,50.9440,1.1255
ga,1,int__tai20_20_01,8192,36.6931,2.2911
ga,1,int__tai20_20_01,16384,29.2935,4.5477
ga,1,int__tai20_20_01,32768,19.3666,9.0023
ga,1,int__tai20_20_01,65536,15.6212,17.9495
ga,1,int__tai20_20_01,131072,13.8246,35.9354
ga,1,int__tai20_20_01,262144,13.8246,72.2324
ga,1,int__tai20_20_01,524288,13.8246,145.4140
ga,1,int__tai20_20_01,1048576,11.4495,297.0676
ga,1,int__tai20_20_01,2097152,10.7795,648.7062
ga,1,int__tai20_20_01,2591759,9.1048,800.0004
ga_sembrado,1,int__tai20_20_01,1,20.2192,0.0491
ga_sembrado,1,int__tai20_20_01,2,20.2192,0.0491
ga_sembrado,1,int__tai20_20_01,4,20.2192,0.0501
ga_sembrado,1,int__tai20_20_01,8,20.2192,0.0511
ga_sembrado,1,int__tai20_20_01,16,20.2192,0.0521
ga_sembrado,1,int__tai20_20_01,32,20.2192,0.0561
ga_sembrado,1,int__tai20_20_01,64,20.2192,0.0621
ga_sembrado,1,int__tai20_20_01,128,20.2192,0.0751
ga_sembrado,1,int__tai20_20_01,256,20.2192,0.1011
ga_sembrado,1,int__tai20_20_01,512,20.2192,0.1732
ga_sembrado,1,int__tai20_20_01,1024,20.2192,0.3282
ga_sembrado,1,int__tai20_20_01,2048,20.2192,0.6848
ga_sembrado,1,int__tai20_20_01,4096,20.2192,1.3235
ga_sembrado,1,int__tai20_20_01,8192,19.2753,2.6723
ga_sembrado,1,int__tai20_20_01,16384,18.1486,5.1625
ga_sembrado,1,int__tai20_20_01,32768,15.1644,10.1473
ga_sembrado,1,int__tai20_20_01,65536,14.7381,19.5139
ga_sembrado,1,int__tai20_20_01,131072,14.6468,38.9785
ga_sembrado,1,int__tai20_20_01,262144,14.6468,81.4800
ga_sembrado,1,int__tai20_20_01,524288,14.3727,171.9288
ga_sembrado,1,int__tai20_20_01,1048576,14.3727,329.1380
ga_sembrado,1,int__tai20_20_01,2097152,14.3727,652.4934
ga_sembrado,1,int__tai20_20_01,2566160,14.3727,800.0002
regla_bon,1,int__tai20_20_01,1,20.2192,0.0180
regla_bon,1,int__tai20_20_01,2,20.2192,0.0341
regla_bon,1,int__tai20_20_01,4,20.2192,0.0640
regla_bon,1,int__tai20_20_01,8,18.6358,0.1290
regla_bon,1,int__tai20_20_01,16,18.6358,0.2466
regla_bon,1,int__tai20_20_01,32,17.6309,0.4776
regla_bon,1,int__tai20_20_01,64,17.6309,0.9441
regla_bon,1,int__tai20_20_01,128,15.4689,1.9838
regla_bon,1,int__tai20_20_01,256,13.0329,4.0457
regla_bon,1,int__tai20_20_01,512,13.0329,8.1513
regla_bon,1,int__tai20_20_01,1024,13.0329,18.4022
regla_bon,1,int__tai20_20_01,2048,13.7333,35.5128
regla_bon,1,int__tai20_20_01,4096,13.1242,68.4471
regla_bon,1,int__tai20_20_01,8192,13.4287,132.5989
regla_bon,1,int__tai20_20_01,16384,11.9976,256.6835
regla_bon,1,int__tai20_20_01,32768,11.9976,511.0984
regla_bon,1,int__tai20_20_01,51768,11.9976,800.0095
ga,1,int__tai20_20_02,1,109.4811,0.0440
ga,1,int__tai20_20_02,2,95.2915,0.0440
ga,1,int__tai20_20_02,4,95.2915,0.0450
ga,1,int__tai20_20_02,8,95.2915,0.0450
ga,1,int__tai20_20_02,16,95.2915,0.0470
ga,1,int__tai20_20_02,32,95.2915,0.0500
ga,1,int__tai20_20_02,64,94.5868,0.0550
ga,1,int__tai20_20_02,128,84.3690,0.0660
ga,1,int__tai20_20_02,256,84.3690,0.0900
ga,1,int__tai20_20_02,512,76.4894,0.1630
ga,1,int__tai20_20_02,1024,70.3395,0.3056
ga,1,int__tai20_20_02,2048,59.2889,0.5987
ga,1,int__tai20_20_02,4096,51.9859,1.1748
ga,1,int__tai20_20_02,8192,42.4407,2.3068
ga,1,int__tai20_20_02,16384,31.3901,4.5340
ga,1,int__tai20_20_02,32768,22.5817,9.0770
ga,1,int__tai20_20_02,65536,18.2896,18.1087
ga,1,int__tai20_20_02,131072,13.7732,36.0568
ga,1,int__tai20_20_02,262144,13.7092,72.2577
ga,1,int__tai20_20_02,524288,12.4920,145.2142
ga,1,int__tai20_20_02,1048576,12.3318,296.8768
ga,1,int__tai20_20_02,2097152,12.0115,650.0095
ga,1,int__tai20_20_02,2586928,12.0115,800.0003
ga_sembrado,1,int__tai20_20_02,1,17.4247,0.0520
ga_sembrado,1,int__tai20_20_02,2,17.4247,0.0520
ga_sembrado,1,int__tai20_20_02,4,17.4247,0.0530
ga_sembrado,1,int__tai20_20_02,8,17.4247,0.0540
ga_sembrado,1,int__tai20_20_02,16,17.4247,0.0550
ga_sembrado,1,int__tai20_20_02,32,17.4247,0.0580
ga_sembrado,1,int__tai20_20_02,64,17.4247,0.0646
ga_sembrado,1,int__tai20_20_02,128,17.4247,0.0776
ga_sembrado,1,int__tai20_20_02,256,17.4247,0.1055
ga_sembrado,1,int__tai20_20_02,512,17.4247,0.1861
ga_sembrado,1,int__tai20_20_02,1024,17.4247,0.3706
ga_sembrado,1,int__tai20_20_02,2048,17.4247,0.7146
ga_sembrado,1,int__tai20_20_02,4096,17.4247,1.3280
ga_sembrado,1,int__tai20_20_02,8192,17.3286,2.6997
ga_sembrado,1,int__tai20_20_02,16384,17.2646,5.1714
ga_sembrado,1,int__tai20_20_02,32768,16.2396,10.1294
ga_sembrado,1,int__tai20_20_02,65536,15.4709,19.5148
ga_sembrado,1,int__tai20_20_02,131072,12.3639,38.9039
ga_sembrado,1,int__tai20_20_02,262144,12.1076,81.0389
ga_sembrado,1,int__tai20_20_02,524288,11.0506,170.4786
ga_sembrado,1,int__tai20_20_02,1048576,10.2819,329.1499
ga_sembrado,1,int__tai20_20_02,2097152,10.2819,653.9556
ga_sembrado,1,int__tai20_20_02,2561268,10.2819,800.0001
regla_bon,1,int__tai20_20_02,1,17.4247,0.0170
regla_bon,1,int__tai20_20_02,2,17.4247,0.0370
regla_bon,1,int__tai20_20_02,4,17.4247,0.0630
regla_bon,1,int__tai20_20_02,8,17.4247,0.1225
regla_bon,1,int__tai20_20_02,16,17.4247,0.2430
regla_bon,1,int__tai20_20_02,32,17.4247,0.4735
regla_bon,1,int__tai20_20_02,64,16.8482,0.9536
regla_bon,1,int__tai20_20_02,128,15.1826,2.0154
regla_bon,1,int__tai20_20_02,256,15.1826,4.1086
regla_bon,1,int__tai20_20_02,512,14.2537,8.3884
regla_bon,1,int__tai20_20_02,1024,14.2537,18.3742
regla_bon,1,int__tai20_20_02,2048,14.2537,35.3787
regla_bon,1,int__tai20_20_02,4096,14.2537,69.1552
regla_bon,1,int__tai20_20_02,8192,14.2537,133.2442
regla_bon,1,int__tai20_20_02,16384,13.8053,258.3806
regla_bon,1,int__tai20_20_02,32768,13.5490,516.1348
regla_bon,1,int__tai20_20_02,51220,13.5490,800.0073
ga,1,int__tai20_20_03,1,156.3900,0.0390
ga,1,int__tai20_20_03,2,101.4493,0.0400
ga,1,int__tai20_20_03,4,101.4493,0.0400
ga,1,int__tai20_20_03,8,87.8129,0.0410
ga,1,int__tai20_20_03,16,87.8129,0.0420
ga,1,int__tai20_20_03,32,88.8011,0.0450
ga,1,int__tai20_20_03,64,88.8011,0.0510
ga,1,int__tai20_20_03,128,79.7101,0.0640
ga,1,int__tai20_20_03,256,79.7101,0.0900
ga,1,int__tai20_20_03,512,69.4993,0.1630
ga,1,int__tai20_20_03,1024,69.4993,0.3161
ga,1,int__tai20_20_03,2048,69.4993,0.5797
ga,1,int__tai20_20_03,4096,55.2701,1.1253
ga,1,int__tai20_20_03,8192,46.3768,2.2768
ga,1,int__tai20_20_03,16384,38.6034,4.5530
ga,1,int__tai20_20_03,32768,25.4941,9.0520
ga,1,int__tai20_20_03,65536,20.9157,17.9477
ga,1,int__tai20_20_03,131072,18.4783,35.5976
ga,1,int__tai20_20_03,262144,18.1159,71.5866
ga,1,int__tai20_20_03,524288,16.9631,144.4134
ga,1,int__tai20_20_03,1048576,14.4598,296.4372
ga,1,int__tai20_20_03,2097152,14.4598,647.4053
ga,1,int__tai20_20_03,2595231,13.1094,800.0003
ga_sembrado,1,int__tai20_20_03,1,17.7536,0.0480
ga_sembrado,1,int__tai20_20_03,2,17.7536,0.0480
ga_sembrado,1,int__tai20_20_03,4,17.7536,0.0490
ga_sembrado,1,int__tai20_20_03,8,17.7536,0.0500
ga_sembrado,1,int__tai20_20_03,16,17.7536,0.0516
ga_sembrado,1,int__tai20_20_03,32,17.7536,0.0546
ga_sembrado,1,int__tai20_20_03,64,17.7536,0.0616
ga_sembrado,1,int__tai20_20_03,128,17.7536,0.0736
ga_sembrado,1,int__tai20_20_03,256,17.7536,0.0996
ga_sembrado,1,int__tai20_20_03,512,17.7536,0.1761
ga_sembrado,1,int__tai20_20_03,1024,17.7536,0.3416
ga_sembrado,1,int__tai20_20_03,2048,17.7536,0.6776
ga_sembrado,1,int__tai20_20_03,4096,17.7536,1.3150
ga_sembrado,1,int__tai20_20_03,8192,16.6996,2.7107
ga_sembrado,1,int__tai20_20_03,16384,16.6008,5.1974
ga_sembrado,1,int__tai20_20_03,32768,16.5020,10.1240
ga_sembrado,1,int__tai20_20_03,65536,16.2714,19.5228
ga_sembrado,1,int__tai20_20_03,131072,16.1067,38.9964
ga_sembrado,1,int__tai20_20_03,262144,16.1067,81.1059
ga_sembrado,1,int__tai20_20_03,524288,14.3281,170.4896
ga_sembrado,1,int__tai20_20_03,1048576,13.6693,328.6738
ga_sembrado,1,int__tai20_20_03,2097152,13.3070,652.2623
ga_sembrado,1,int__tai20_20_03,2565562,13.3070,800.0001
regla_bon,1,int__tai20_20_03,1,17.7536,0.0170
regla_bon,1,int__tai20_20_03,2,17.7536,0.0330
regla_bon,1,int__tai20_20_03,4,17.7536,0.0640
regla_bon,1,int__tai20_20_03,8,17.7536,0.1255
regla_bon,1,int__tai20_20_03,16,17.7536,0.2410
regla_bon,1,int__tai20_20_03,32,17.7536,0.4675
regla_bon,1,int__tai20_20_03,64,17.7536,0.9286
regla_bon,1,int__tai20_20_03,128,17.2925,2.0023
regla_bon,1,int__tai20_20_03,256,16.5349,4.0896
regla_bon,1,int__tai20_20_03,512,15.9750,8.5601
regla_bon,1,int__tai20_20_03,1024,15.9750,18.5732
regla_bon,1,int__tai20_20_03,2048,15.9750,35.8882
regla_bon,1,int__tai20_20_03,4096,15.8762,69.3073
regla_bon,1,int__tai20_20_03,8192,14.2292,132.5654
regla_bon,1,int__tai20_20_03,16384,13.2740,256.5689
regla_bon,1,int__tai20_20_03,32768,13.7681,512.2277
regla_bon,1,int__tai20_20_03,51550,13.7681,800.0054
ga,1,int__tai20_20_04,1,106.8735,0.0450
ga,1,int__tai20_20_04,2,91.2409,0.0450
ga,1,int__tai20_20_04,4,75.9124,0.0450
ga,1,int__tai20_20_04,8,75.9124,0.0460
ga,1,int__tai20_20_04,16,75.9124,0.0480
ga,1,int__tai20_20_04,32,75.9124,0.0510
ga,1,int__tai20_20_04,64,75.9124,0.0570
ga,1,int__tai20_20_04,128,75.2129,0.0690
ga,1,int__tai20_20_04,256,75.2129,0.0930
ga,1,int__tai20_20_04,512,66.7275,0.1590
ga,1,int__tai20_20_04,1024,66.7275,0.3005
ga,1,int__tai20_20_04,2048,57.4818,0.5667
ga,1,int__tai20_20_04,4096,51.8248,1.1233
ga,1,int__tai20_20_04,8192,36.0097,2.2828
ga,1,int__tai20_20_04,16384,24.6655,4.4990
ga,1,int__tai20_20_04,32768,17.0316,8.9747
ga,1,int__tai20_20_04,65536,15.3589,17.9747
ga,1,int__tai20_20_04,131072,11.4355,35.8928
ga,1,int__tai20_20_04,262144,10.3406,71.7907
ga,1,int__tai20_20_04,524288,10.3406,145.0412
ga,1,int__tai20_20_04,1048576,10.3406,296.5778
ga,1,int__tai20_20_04,2097152,10.3406,649.9905
ga,1,int__tai20_20_04,2586677,8.8808,800.0003
ga_sembrado,1,int__tai20_20_04,1,14.0511,0.0556
ga_sembrado,1,int__tai20_20_04,2,14.0511,0.0566
ga_sembrado,1,int__tai20_20_04,4,14.0511,0.0566
ga_sembrado,1,int__tai20_20_04,8,14.0511,0.0576
ga_sembrado,1,int__tai20_20_04,16,14.0511,0.0596
ga_sembrado,1,int__tai20_20_04,32,14.0511,0.0626
ga_sembrado,1,int__tai20_20_04,64,14.0511,0.0686
ga_sembrado,1,int__tai20_20_04,128,14.0511,0.0816
ga_sembrado,1,int__tai20_20_04,256,14.0511,0.1066
ga_sembrado,1,int__tai20_20_04,512,14.0511,0.1871
ga_sembrado,1,int__tai20_20_04,1024,14.0511,0.3556
ga_sembrado,1,int__tai20_20_04,2048,14.0511,0.6856
ga_sembrado,1,int__tai20_20_04,4096,13.8686,1.2995
ga_sembrado,1,int__tai20_20_04,8192,13.4428,2.6507
ga_sembrado,1,int__tai20_20_04,16384,12.5304,5.1444
ga_sembrado,1,int__tai20_20_04,32768,12.1046,10.0789
ga_sembrado,1,int__tai20_20_04,65536,11.8613,19.4618
ga_sembrado,1,int__tai20_20_04,131072,11.0706,38.9059
ga_sembrado,1,int__tai20_20_04,262144,10.2798,81.4434
ga_sembrado,1,int__tai20_20_04,524288,10.2798,171.3296
ga_sembrado,1,int__tai20_20_04,1048576,10.2798,329.1009
ga_sembrado,1,int__tai20_20_04,2097152,10.2798,653.6040
ga_sembrado,1,int__tai20_20_04,2557505,10.2798,800.0001
regla_bon,1,int__tai20_20_04,1,14.0511,0.0180
regla_bon,1,int__tai20_20_04,2,14.0511,0.0340
regla_bon,1,int__tai20_20_04,4,14.0511,0.0650
regla_bon,1,int__tai20_20_04,8,14.0511,0.1175
regla_bon,1,int__tai20_20_04,16,14.0511,0.2310
regla_bon,1,int__tai20_20_04,32,14.0511,0.4615
regla_bon,1,int__tai20_20_04,64,14.0511,0.9236
regla_bon,1,int__tai20_20_04,128,13.4124,1.9483
regla_bon,1,int__tai20_20_04,256,12.7129,3.9536
regla_bon,1,int__tai20_20_04,512,12.7129,8.0883
regla_bon,1,int__tai20_20_04,1024,12.7129,17.9791
regla_bon,1,int__tai20_20_04,2048,12.7129,34.8759
regla_bon,1,int__tai20_20_04,4096,11.6180,67.8094
regla_bon,1,int__tai20_20_04,8192,11.6180,130.5043
regla_bon,1,int__tai20_20_04,16384,11.3139,253.7173
regla_bon,1,int__tai20_20_04,32768,11.3139,506.0389
regla_bon,1,int__tai20_20_04,52148,11.3139,800.0034
ga,1,int__tai20_20_05,1,122.7214,0.0445
ga,1,int__tai20_20_05,2,89.0565,0.0445
ga,1,int__tai20_20_05,4,89.0565,0.0445
ga,1,int__tai20_20_05,8,89.0565,0.0455
ga,1,int__tai20_20_05,16,86.8742,0.0465
ga,1,int__tai20_20_05,32,86.8742,0.0496
ga,1,int__tai20_20_05,64,79.5571,0.0556
ga,1,int__tai20_20_05,128,79.5571,0.0697
ga,1,int__tai20_20_05,256,79.5571,0.0937
ga,1,int__tai20_20_05,512,76.0270,0.1734
ga,1,int__tai20_20_05,1024,64.6983,0.3455
ga,1,int__tai20_20_05,2048,66.2067,0.6486
ga,1,int__tai20_20_05,4096,58.7612,1.2428
ga,1,int__tai20_20_05,8192,48.2349,2.4673
ga,1,int__tai20_20_05,16384,34.7561,4.7273
ga,1,int__tai20_20_05,32768,21.6303,9.2384
ga,1,int__tai20_20_05,65536,15.8858,20.4167
ga,1,int__tai20_20_05,131072,15.4044,46.2812
ga,1,int__tai20_20_05,262144,14.0565,96.9320
ga,1,int__tai20_20_05,524288,11.9705,197.2389
ga,1,int__tai20_20_05,1048576,10.4621,358.0897
ga,1,int__tai20_20_05,2097152,9.9487,682.1783
ga,1,int__tai20_20_05,2471387,9.9487,800.0006
ga_sembrado,1,int__tai20_20_05,1,16.6239,0.0470
ga_sembrado,1,int__tai20_20_05,2,16.6239,0.0480
ga_sembrado,1,int__tai20_20_05,4,16.6239,0.0480
ga_sembrado,1,int__tai20_20_05,8,16.6239,0.0490
ga_sembrado,1,int__tai20_20_05,16,16.6239,0.0510
ga_sembrado,1,int__tai20_20_05,32,16.6239,0.0540
ga_sembrado,1,int__tai20_20_05,64,16.6239,0.0600
ga_sembrado,1,int__tai20_20_05,128,16.6239,0.0745
ga_sembrado,1,int__tai20_20_05,256,16.6239,0.0995
ga_sembrado,1,int__tai20_20_05,512,16.6239,0.1775
ga_sembrado,1,int__tai20_20_05,1024,16.6239,0.3341
ga_sembrado,1,int__tai20_20_05,2048,16.6239,0.6492
ga_sembrado,1,int__tai20_20_05,4096,16.4313,1.2846
ga_sembrado,1,int__tai20_20_05,8192,15.0513,2.6293
ga_sembrado,1,int__tai20_20_05,16384,14.5058,5.1447
ga_sembrado,1,int__tai20_20_05,32768,13.1900,10.1630
ga_sembrado,1,int__tai20_20_05,65536,12.4840,20.2973
ga_sembrado,1,int__tai20_20_05,131072,12.4840,40.5898
ga_sembrado,1,int__tai20_20_05,262144,10.8151,80.5120
ga_sembrado,1,int__tai20_20_05,524288,10.8151,160.0974
ga_sembrado,1,int__tai20_20_05,1048576,10.5905,315.1646
ga_sembrado,1,int__tai20_20_05,2097152,10.5905,658.4846
ga_sembrado,1,int__tai20_20_05,2528470,10.5905,800.0007
regla_bon,1,int__tai20_20_05,1,16.6239,0.0220
regla_bon,1,int__tai20_20_05,2,16.6239,0.0410
regla_bon,1,int__tai20_20_05,4,16.6239,0.0773
regla_bon,1,int__tai20_20_05,8,16.6239,0.1485
regla_bon,1,int__tai20_20_05,16,16.6239,0.3181
regla_bon,1,int__tai20_20_05,32,16.6239,0.7366
regla_bon,1,int__tai20_20_05,64,16.3030,1.2872
regla_bon,1,int__tai20_20_05,128,17.6508,2.3469
regla_bon,1,int__tai20_20_05,256,16.8485,4.3326
regla_bon,1,int__tai20_20_05,512,14.1849,8.5051
regla_bon,1,int__tai20_20_05,1024,14.0886,17.8472
regla_bon,1,int__tai20_20_05,2048,14.0886,34.7556
regla_bon,1,int__tai20_20_05,4096,12.9653,66.8448
regla_bon,1,int__tai20_20_05,8192,12.9653,134.8539
regla_bon,1,int__tai20_20_05,16384,12.9653,274.8377
regla_bon,1,int__tai20_20_05,32768,12.9653,541.4772
regla_bon,1,int__tai20_20_05,50208,12.9653,800.0016
ga,1,int__tai20_20_06,1,101.8542,0.0496
ga,1,int__tai20_20_06,2,98.1144,0.0496
ga,1,int__tai20_20_06,4,93.1175,0.0496
ga,1,int__tai20_20_06,8,93.1175,0.0506
ga,1,int__tai20_20_06,16,89.0635,0.0526
ga,1,int__tai20_20_06,32,81.0497,0.0556
ga,1,int__tai20_20_06,64,81.0497,0.0616
ga,1,int__tai20_20_06,128,81.0497,0.0726
ga,1,int__tai20_20_06,256,81.0497,0.0937
ga,1,int__tai20_20_06,512,80.2640,0.2079
ga,1,int__tai20_20_06,1024,67.6933,0.3735
ga,1,int__tai20_20_06,2048,63.5135,0.6706
ga,1,int__tai20_20_06,4096,53.9283,1.2758
ga,1,int__tai20_20_06,8192,46.6688,2.4653
ga,1,int__tai20_20_06,16384,35.4180,4.7103
ga,1,int__tai20_20_06,32768,22.6273,9.3124
ga,1,int__tai20_20_06,65536,16.7505,20.8103
ga,1,int__tai20_20_06,131072,14.4563,45.8462
ga,1,int__tai20_20_06,262144,14.3935,96.5610
ga,1,int__tai20_20_06,524288,13.7964,196.6487
ga,1,int__tai20_20_06,1048576,12.6964,357.3880
ga,1,int__tai20_20_06,2097152,12.6964,681.1069
ga,1,int__tai20_20_06,2477717,12.6964,800.0006
ga_sembrado,1,int__tai20_20_06,1,26.9013,0.0400
ga_sembrado,1,int__tai20_20_06,2,26.9013,0.0400
ga_sembrado,1,int__tai20_20_06,4,26.9013,0.0410
ga_sembrado,1,int__tai20_20_06,8,26.9013,0.0420
ga_sembrado,1,int__tai20_20_06,16,26.9013,0.0430
ga_sembrado,1,int__tai20_20_06,32,26.9013,0.0470
ga_sembrado,1,int__tai20_20_06,64,26.9013,0.0530
ga_sembrado,1,int__tai20_20_06,128,26.9013,0.0645
ga_sembrado,1,int__tai20_20_06,256,26.9013,0.0905
ga_sembrado,1,int__tai20_20_06,512,26.9013,0.1675
ga_sembrado,1,int__tai20_20_06,1024,26.9013,0.3331
ga_sembrado,1,int__tai20_20_06,2048,26.9013,0.6442
ga_sembrado,1,int__tai20_20_06,4096,26.8699,1.2746
ga_sembrado,1,int__tai20_20_06,8192,23.0044,2.6123
ga_sembrado,1,int__tai20_20_06,16384,21.9045,5.1147
ga_sembrado,1,int__tai20_20_06,32768,19.7989,10.1100
ga_sembrado,1,int__tai20_20_06,65536,19.4217,20.1802
ga_sembrado,1,int__tai20_20_06,131072,18.1018,40.4778
ga_sembrado,1,int__tai20_20_06,262144,15.8077,80.4012
ga_sembrado,1,int__tai20_20_06,524288,15.8077,160.1614
ga_sembrado,1,int__tai20_20_06,1048576,15.4934,315.2612
ga_sembrado,1,int__tai20_20_06,2097152,15.3991,658.4306
ga_sembrado,1,int__tai20_20_06,2527364,15.3991,800.0007
regla_bon,1,int__tai20_20_06,1,26.9013,0.0250
regla_bon,1,int__tai20_20_06,2,23.2872,0.0460
regla_bon,1,int__tai20_20_06,4,23.2872,0.0800
regla_bon,1,int__tai20_20_06,8,19.0446,0.1545
regla_bon,1,int__tai20_20_06,16,18.8246,0.3251
regla_bon,1,int__tai20_20_06,32,18.8246,0.7136
regla_bon,1,int__tai20_20_06,64,17.0019,1.2612
regla_bon,1,int__tai20_20_06,128,17.0019,2.3179
regla_bon,1,int__tai20_20_06,256,16.4991,4.3046
regla_bon,1,int__tai20_20_06,512,16.4991,8.4761
regla_bon,1,int__tai20_20_06,1024,16.4991,18.0402
regla_bon,1,int__tai20_20_06,2048,14.7077,34.9341
regla_bon,1,int__tai20_20_06,4096,14.7077,66.9086
regla_bon,1,int__tai20_20_06,8192,14.7077,135.4874
regla_bon,1,int__tai20_20_06,16384,13.8906,274.4106
regla_bon,1,int__tai20_20_06,32768,13.8906,539.5212
regla_bon,1,int__tai20_20_06,50482,13.8906,800.0006
ga,1,int__tai20_20_07,1,145.0969,0.0475
ga,1,int__tai20_20_07,2,97.8814,0.0475
ga,1,int__tai20_20_07,4,97.8814,0.0485
ga,1,int__tai20_20_07,8,97.8814,0.0491
ga,1,int__tai20_20_07,16,95.6416,0.0496
ga,1,int__tai20_20_07,32,82.6877,0.0526
ga,1,int__tai20_20_07,64,79.1162,0.0576
ga,1,int__tai20_20_07,128,79.1162,0.0697
ga,1,int__tai20_20_07,256,79.4492,0.0957
ga,1,int__tai20_20_07,512,71.9128,0.2079
ga,1,int__tai20_20_07,1024,71.9128,0.3675
ga,1,int__tai20_20_07,2048,64.4068,0.6766
ga,1,int__tai20_20_07,4096,55.0847,1.2618
ga,1,int__tai20_20_07,8192,41.3741,2.4562
ga,1,int__tai20_20_07,16384,28.2990,4.7203
ga,1,int__tai20_20_07,32768,20.8232,9.2974
ga,1,int__tai20_20_07,65536,14.9516,20.4527
ga,1,int__tai20_20_07,131072,13.1961,46.2742
ga,1,int__tai20_20_07,262144,11.3196,96.7600
ga,1,int__tai20_20_07,524288,11.3196,196.7267
ga,1,int__tai20_20_07,1048576,11.3196,357.3850
ga,1,int__tai20_20_07,2097152,11.2288,681.0764
ga,1,int__tai20_20_07,2474979,10.6235,800.0006
ga_sembrado,1,int__tai20_20_07,1,21.4286,0.0430
ga_sembrado,1,int__tai20_20_07,2,21.4286,0.0430
ga_sembrado,1,int__tai20_20_07,4,21.4286,0.0430
ga_sembrado,1,int__tai20_20_07,8,21.4286,0.0440
ga_sembrado,1,int__tai20_20_07,16,21.4286,0.0450
ga_sembrado,1,int__tai20_20_07,32,21.4286,0.0480
ga_sembrado,1,int__tai20_20_07,64,21.4286,0.0540
ga_sembrado,1,int__tai20_20_07,128,21.4286,0.0655
ga_sembrado,1,int__tai20_20_07,256,21.4286,0.0895
ga_sembrado,1,int__tai20_20_07,512,21.4286,0.1695
ga_sembrado,1,int__tai20_20_07,1024,21.4286,0.3301
ga_sembrado,1,int__tai20_20_07,2048,21.4286,0.6452
ga_sembrado,1,int__tai20_20_07,4096,21.4286,1.2756
ga_sembrado,1,int__tai20_20_07,8192,18.4927,2.6143
ga_sembrado,1,int__tai20_20_07,16384,17.7966,5.1217
ga_sembrado,1,int__tai20_20_07,32768,17.2518,10.1250
ga_sembrado,1,int__tai20_20_07,65536,15.7082,20.2192
ga_sembrado,1,int__tai20_20_07,131072,12.2276,40.4978
ga_sembrado,1,int__tai20_20_07,262144,12.1671,80.4412
ga_sembrado,1,int__tai20_20_07,524288,11.8947,160.1194
ga_sembrado,1,int__tai20_20_07,1048576,11.8947,314.9015
ga_sembrado,1,int__tai20_20_07,2097152,11.8947,658.6087
ga_sembrado,1,int__tai20_20_07,2527916,11.8947,800.0007
regla_bon,1,int__tai20_20_07,1,21.4286,0.0180
regla_bon,1,int__tai20_20_07,2,21.0654,0.0420
regla_bon,1,int__tai20_20_07,4,21.0654,0.0800
regla_bon,1,int__tai20_20_07,8,21.0654,0.1585
regla_bon,1,int__tai20_20_07,16,18.9165,0.3111
regla_bon,1,int__tai20_20_07,32,17.7966,0.6826
regla_bon,1,int__tai20_20_07,64,17.7966,1.2332
regla_bon,1,int__tai20_20_07,128,17.7966,2.3019
regla_bon,1,int__tai20_20_07,256,17.7966,4.2590
regla_bon,1,int__tai20_20_07,512,17.1610,8.3541
regla_bon,1,int__tai20_20_07,1024,17.1610,17.5979
regla_bon,1,int__tai20_20_07,2048,15.1937,34.2609
regla_bon,1,int__tai20_20_07,4096,15.1937,66.0555
regla_bon,1,int__tai20_20_07,8192,15.2240,133.7932
regla_bon,1,int__tai20_20_07,16384,15.2240,272.6232
regla_bon,1,int__tai20_20_07,32768,14.9213,535.9882
regla_bon,1,int__tai20_20_07,50768,15.7688,800.0096
ga,1,int__tai20_20_08,1,121.2414,0.0500
ga,1,int__tai20_20_08,2,107.7355,0.0500
ga,1,int__tai20_20_08,4,107.7355,0.0500
ga,1,int__tai20_20_08,8,94.7286,0.0510
ga,1,int__tai20_20_08,16,91.2976,0.0530
ga,1,int__tai20_20_08,32,80.9732,0.0565
ga,1,int__tai20_20_08,64,80.9732,0.0635
ga,1,int__tai20_20_08,128,76.2944,0.0755
ga,1,int__tai20_20_08,256,76.2944,0.1025
ga,1,int__tai20_20_08,512,75.6706,0.2232
ga,1,int__tai20_20_08,1024,66.5939,0.3617
ga,1,int__tai20_20_08,2048,58.0474,0.6662
ga,1,int__tai20_20_08,4096,52.2458,1.2630
ga,1,int__tai20_20_08,8192,41.4223,2.4349
ga,1,int__tai20_20_08,16384,29.7879,4.6849
ga,1,int__tai20_20_08,32768,16.8434,9.2040
ga,1,int__tai20_20_08,65536,14.5664,20.4039
ga,1,int__tai20_20_08,131072,11.3849,45.8198
ga,1,int__tai20_20_08,262144,11.9464,96.4156
ga,1,int__tai20_20_08,524288,9.6694,197.3533
ga,1,int__tai20_20_08,1048576,9.6694,358.4076
ga,1,int__tai20_20_08,2097152,8.6400,682.6745
ga,1,int__tai20_20_08,2472920,8.6400,800.0007
ga_sembrado,1,int__tai20_20_08,1,12.4142,0.0500
ga_sembrado,1,int__tai20_20_08,2,12.4142,0.0500
ga_sembrado,1,int__tai20_20_08,4,12.4142,0.0510
ga_sembrado,1,int__tai20_20_08,8,12.4142,0.0520
ga_sembrado,1,int__tai20_20_08,16,12.4142,0.0530
ga_sembrado,1,int__tai20_20_08,32,12.4142,0.0570
ga_sembrado,1,int__tai20_20_08,64,12.4142,0.0630
ga_sembrado,1,int__tai20_20_08,128,12.4142,0.0770
ga_sembrado,1,int__tai20_20_08,256,12.4142,0.1060
ga_sembrado,1,int__tai20_20_08,512,12.4142,0.1876
ga_sembrado,1,int__tai20_20_08,1024,12.4142,0.3577
ga_sembrado,1,int__tai20_20_08,2048,12.4142,0.6788
ga_sembrado,1,int__tai20_20_08,4096,12.4142,1.2881
ga_sembrado,1,int__tai20_20_08,8192,11.8528,2.6448
ga_sembrado,1,int__tai20_20_08,16384,11.6656,5.1253
ga_sembrado,1,int__tai20_20_08,32768,11.2913,10.1135
ga_sembrado,1,int__tai20_20_08,65536,11.3537,20.1768
ga_sembrado,1,int__tai20_20_08,131072,9.5134,40.3733
ga_sembrado,1,int__tai20_20_08,262144,8.9520,80.2787
ga_sembrado,1,int__tai20_20_08,524288,7.7355,159.9909
ga_sembrado,1,int__tai20_20_08,1048576,7.1117,314.4209
ga_sembrado,1,int__tai20_20_08,2097152,7.1117,656.3104
ga_sembrado,1,int__tai20_20_08,2536493,7.1117,800.0007
regla_bon,1,int__tai20_20_08,1,12.4142,0.0210
regla_bon,1,int__tai20_20_08,2,12.4142,0.0450
regla_bon,1,int__tai20_20_08,4,12.4142,0.0945
regla_bon,1,int__tai20_20_08,8,12.4142,0.1765
regla_bon,1,int__tai20_20_08,16,12.4142,0.3280
regla_bon,1,int__tai20_20_08,32,12.4142,0.7326
regla_bon,1,int__tai20_20_08,64,12.4142,1.2587
regla_bon,1,int__tai20_20_08,128,12.4142,2.3499
regla_bon,1,int__tai20_20_08,256,12.4142,4.3191
regla_bon,1,int__tai20_20_08,512,12.4142,8.4646
regla_bon,1,int__tai20_20_08,1024,12.4142,18.1107
regla_bon,1,int__tai20_20_08,2048,12.4142,35.3043
regla_bon,1,int__tai20_20_08,4096,12.0399,67.4588
regla_bon,1,int__tai20_20_08,8192,11.8840,136.3735
regla_bon,1,int__tai20_20_08,16384,10.9794,276.0015
regla_bon,1,int__tai20_20_08,32768,10.9794,543.4770
regla_bon,1,int__tai20_20_08,50063,10.9794,800.0046
ga,1,int__tai20_20_09,1,127.7322,0.0515
ga,1,int__tai20_20_09,2,122.1731,0.0515
ga,1,int__tai20_20_09,4,122.1731,0.0515
ga,1,int__tai20_20_09,8,103.8534,0.0525
ga,1,int__tai20_20_09,16,92.8617,0.0545
ga,1,int__tai20_20_09,32,92.8617,0.0585
ga,1,int__tai20_20_09,64,92.8617,0.0645
ga,1,int__tai20_20_09,128,76.2476,0.0775
ga,1,int__tai20_20_09,256,76.2476,0.1045
ga,1,int__tai20_20_09,512,76.2476,0.2132
ga,1,int__tai20_20_09,1024,72.6153,0.3547
ga,1,int__tai20_20_09,2048,57.6437,0.6642
ga,1,int__tai20_20_09,4096,57.4226,1.2485
ga,1,int__tai20_20_09,8192,42.4510,2.4519
ga,1,int__tai20_20_09,16384,33.1965,4.7209
ga,1,int__tai20_20_09,32768,28.5534,9.3060
ga,1,int__tai20_20_09,65536,26.3424,20.4249
ga,1,int__tai20_20_09,131072,20.7517,45.9138
ga,1,int__tai20_20_09,262144,16.5509,96.2326
ga,1,int__tai20_20_09,524288,14.8452,198.2825
ga,1,int__tai20_20_09,1048576,14.0556,358.9004
ga,1,int__tai20_20_09,2097152,13.8977,682.3285
ga,1,int__tai20_20_09,2471130,13.8977,800.0007
ga_sembrado,1,int__tai20_20_09,1,17.2142,0.0520
ga_sembrado,1,int__tai20_20_09,2,17.2142,0.0530
ga_sembrado,1,int__tai20_20_09,4,17.2142,0.0530
ga_sembrado,1,int__tai20_20_09,8,17.2142,0.0540
ga_sembrado,1,int__tai20_20_09,16,17.2142,0.0550
ga_sembrado,1,int__tai20_20_09,32,17.2142,0.0580
ga_sembrado,1,int__tai20_20_09,64,17.2142,0.0660
ga_sembrado,1,int__tai20_20_09,128,17.2142,0.0800
ga_sembrado,1,int__tai20_20_09,256,17.2142,0.1060
ga_sembrado,1,int__tai20_20_09,512,17.2142,0.1906
ga_sembrado,1,int__tai20_20_09,1024,17.2142,0.3497
ga_sembrado,1,int__tai20_20_09,2048,17.2142,0.6578
ga_sembrado,1,int__tai20_20_09,4096,17.2142,1.2761
ga_sembrado,1,int__tai20_20_09,8192,15.6033,2.6198
ga_sembrado,1,int__tai20_20_09,16384,13.3923,5.1143
ga_sembrado,1,int__tai20_20_09,32768,13.3291,10.1245
ga_sembrado,1,int__tai20_20_09,65536,12.4131,20.1798
ga_sembrado,1,int__tai20_20_09,131072,12.0025,40.4083
ga_sembrado,1,int__tai20_20_09,262144,11.8446,80.3337
ga_sembrado,1,int__tai20_20_09,524288,11.8446,159.8879
ga_sembrado,1,int__tai20_20_09,1048576,11.6235,314.4759
ga_sembrado,1,int__tai20_20_09,2097152,11.6235,656.6039
ga_sembrado,1,int__tai20_20_09,2536720,11.6235,800.0007
regla_bon,1,int__tai20_20_09,1,17.2142,0.0190
regla_bon,1,int__tai20_20_09,2,17.2142,0.0420
regla_bon,1,int__tai20_20_09,4,17.2142,0.0865
regla_bon,1,int__tai20_20_09,8,17.2142,0.1605
regla_bon,1,int__tai20_20_09,16,15.5401,0.3260
regla_bon,1,int__tai20_20_09,32,15.5401,0.7516
regla_bon,1,int__tai20_20_09,64,15.5401,1.3017
regla_bon,1,int__tai20_20_09,128,15.5401,2.3649
regla_bon,1,int__tai20_20_09,256,12.9817,4.3101
regla_bon,1,int__tai20_20_09,512,12.9817,8.4685
regla_bon,1,int__tai20_20_09,1024,12.9817,18.0117
regla_bon,1,int__tai20_20_09,2048,12.4763,35.1132
regla_bon,1,int__tai20_20_09,4096,12.4763,67.1784
regla_bon,1,int__tai20_20_09,8192,12.6027,135.6013
regla_bon,1,int__tai20_20_09,16384,12.5079,274.9012
regla_bon,1,int__tai20_20_09,32768,12.4763,542.7264
regla_bon,1,int__tai20_20_09,50152,12.0025,800.0016
ga,1,int__tai20_20_10,1,118.7500,0.0480
ga,1,int__tai20_20_10,2,111.3220,0.0480
ga,1,int__tai20_20_10,4,111.3220,0.0480
ga,1,int__tai20_20_10,8,85.5694,0.0490
ga,1,int__tai20_20_10,16,85.5694,0.0515
ga,1,int__tai20_20_10,32,85.5694,0.0545
ga,1,int__tai20_20_10,64,85.5694,0.0605
ga,1,int__tai20_20_10,128,81.1191,0.0735
ga,1,int__tai20_20_10,256,80.3338,0.1005
ga,1,int__tai20_20_10,512,73.5602,0.1992
ga,1,int__tai20_20_10,1024,73.5602,0.3487
ga,1,int__tai20_20_10,2048,71.1715,0.6462
ga,1,int__tai20_20_10,4096,56.0209,1.2425
ga,1,int__tai20_20_10,8192,50.0982,2.4449
ga,1,int__tai20_20_10,16384,36.9437,4.6549
ga,1,int__tai20_20_10,32768,26.3089,9.1770
ga,1,int__tai20_20_10,65536,18.8154,20.6365
ga,1,int__tai20_20_10,131072,16.4594,46.2580
ga,1,int__tai20_20_10,262144,14.3979,96.7267
ga,1,int__tai20_20_10,524288,14.2343,197.2765
ga,1,int__tai20_20_10,1048576,13.9071,357.4526
ga,1,int__tai20_20_10,2097152,13.9071,680.2849
ga,1,int__tai20_20_10,2481859,13.9071,800.0007
ga_sembrado,1,int__tai20_20_10,1,16.9830,0.0500
ga_sembrado,1,int__tai20_20_10,2,16.9830,0.0500
ga_sembrado,1,int__tai20_20_10,4,16.9830,0.0500
ga_sembrado,1,int__tai20_20_10,8,16.9830,0.0510
ga_sembrado,1,int__tai20_20_10,16,16.9830,0.0530
ga_sembrado,1,int__tai20_20_10,32,16.9830,0.0560
ga_sembrado,1,int__tai20_20_10,64,16.9830,0.0630
ga_sembrado,1,int__tai20_20_10,128,16.9830,0.0770
ga_sembrado,1,int__tai20_20_10,256,16.9830,0.1030
ga_sembrado,1,int__tai20_20_10,512,16.9830,0.1846
ga_sembrado,1,int__tai20_20_10,1024,16.9830,0.3377
ga_sembrado,1,int__tai20_20_10,2048,16.9830,0.6548
ga_sembrado,1,int__tai20_20_10,4096,16.9503,1.2621
ga_sembrado,1,int__tai20_20_10,8192,16.6558,2.6168
ga_sembrado,1,int__tai20_20_10,16384,15.5105,5.0993
ga_sembrado,1,int__tai20_20_10,32768,14.6924,10.1245
ga_sembrado,1,int__tai20_20_10,65536,14.0052,20.2108
ga_sembrado,1,int__tai20_20_10,131072,12.9908,40.4033
ga_sembrado,1,int__tai20_20_10,262144,12.7945,80.2447
ga_sembrado,1,int__tai20_20_10,524288,13.0890,159.8239
ga_sembrado,1,int__tai20_20_10,1048576,12.9254,314.4769
ga_sembrado,1,int__tai20_20_10,2097152,12.8599,657.9084
ga_sembrado,1,int__tai20_20_10,2531317,12.8599,800.0007
regla_bon,1,int__tai20_20_10,1,16.9830,0.0240
regla_bon,1,int__tai20_20_10,2,16.9830,0.0500
regla_bon,1,int__tai20_20_10,4,16.9830,0.0965
regla_bon,1,int__tai20_20_10,8,16.9830,0.1705
regla_bon,1,int__tai20_20_10,16,16.9830,0.3090
regla_bon,1,int__tai20_20_10,32,17.0812,0.7036
regla_bon,1,int__tai20_20_10,64,17.0812,1.2527
regla_bon,1,int__tai20_20_10,128,17.0812,2.3129
regla_bon,1,int__tai20_20_10,256,17.0812,4.2871
regla_bon,1,int__tai20_20_10,512,17.0812,8.4236
regla_bon,1,int__tai20_20_10,1024,15.7395,17.9347
regla_bon,1,int__tai20_20_10,2048,16.2631,34.9552
regla_bon,1,int__tai20_20_10,4096,16.2631,66.9089
regla_bon,1,int__tai20_20_10,8192,15.5105,134.7044
regla_bon,1,int__tai20_20_10,16384,14.9542,273.7588
regla_bon,1,int__tai20_20_10,32768,14.0707,538.5435
regla_bon,1,int__tai20_20_10,50540,14.0707,800.0037
ga,1,int__tai30_15_01,1,124.7166,0.0460
ga,1,int__tai30_15_01,2,111.7063,0.0460
ga,1,int__tai30_15_01,4,100.5102,0.0470
ga,1,int__tai30_15_01,8,92.2902,0.0470
ga,1,int__tai30_15_01,16,90.1644,0.0490
ga,1,int__tai30_15_01,32,90.1644,0.0510
ga,1,int__tai30_15_01,64,77.6361,0.0570
ga,1,int__tai30_15_01,128,77.6361,0.0695
ga,1,int__tai30_15_01,256,74.2063,0.1005
ga,1,int__tai30_15_01,512,70.2381,0.1816
ga,1,int__tai30_15_01,1024,66.1565,0.3486
ga,1,int__tai30_15_01,2048,63.7755,0.6652
ga,1,int__tai30_15_01,4096,54.6202,1.3158
ga,1,int__tai30_15_01,8192,46.3152,2.5885
ga,1,int__tai30_15_01,16384,30.0170,5.1697
ga,1,int__tai30_15_01,32768,23.8662,10.4011
ga,1,int__tai30_15_01,65536,19.5011,21.4908
ga,1,int__tai30_15_01,131072,15.0794,41.5444
ga,1,int__tai30_15_01,262144,13.1236,82.5183
ga,1,int__tai30_15_01,524288,10.8844,166.3298
ga,1,int__tai30_15_01,1048576,10.7426,329.5700
ga,1,int__tai30_15_01,2097152,10.7426,656.5229
ga,1,int__tai30_15_01,2552129,10.5726,800.0001
ga_sembrado,1,int__tai30_15_01,1,24.4615,0.0560
ga_sembrado,1,int__tai30_15_01,2,24.4615,0.0560
ga_sembrado,1,int__tai30_15_01,4,24.4615,0.0565
ga_sembrado,1,int__tai30_15_01,8,24.4615,0.0575
ga_sembrado,1,int__tai30_15_01,16,24.4615,0.0595
ga_sembrado,1,int__tai30_15_01,32,24.4615,0.0631
ga_sembrado,1,int__tai30_15_01,64,24.4615,0.0701
ga_sembrado,1,int__tai30_15_01,128,24.4615,0.0841
ga_sembrado,1,int__tai30_15_01,256,24.4615,0.1141
ga_sembrado,1,int__tai30_15_01,512,24.4615,0.1970
ga_sembrado,1,int__tai30_15_01,1024,24.4615,0.3620
ga_sembrado,1,int__tai30_15_01,2048,24.4615,0.6902
ga_sembrado,1,int__tai30_15_01,4096,24.4615,1.2933
ga_sembrado,1,int__tai30_15_01,8192,21.9388,2.5988
ga_sembrado,1,int__tai30_15_01,16384,20.2664,5.0923
ga_sembrado,1,int__tai30_15_01,32768,18.3957,10.1914
ga_sembrado,1,int__tai30_15_01,65536,16.9785,20.2126
ga_sembrado,1,int__tai30_15_01,131072,16.4399,40.5437
ga_sembrado,1,int__tai30_15_01,262144,15.9297,80.8942
ga_sembrado,1,int__tai30_15_01,524288,14.3141,162.1563
ga_sembrado,1,int__tai30_15_01,1048576,14.0023,323.5659
ga_sembrado,1,int__tai30_15_01,2097152,12.9535,650.9046
ga_sembrado,1,int__tai30_15_01,2580116,12.9535,800.0001
regla_bon,1,int__tai30_15_01,1,24.4615,0.0235
regla_bon,1,int__tai30_15_01,2,20.5782,0.0440
regla_bon,1,int__tai30_15_01,4,20.5782,0.0750
regla_bon,1,int__tai30_15_01,8,20.5782,0.1510
regla_bon,1,int__tai30_15_01,16,20.5782,0.3245
regla_bon,1,int__tai30_15_01,32,18.6791,0.6537
regla_bon,1,int__tai30_15_01,64,18.6791,1.3114
regla_bon,1,int__tai30_15_01,128,17.9422,2.6236
regla_bon,1,int__tai30_15_01,256,17.9422,5.2050
regla_bon,1,int__tai30_15_01,512,17.4320,10.6019
regla_bon,1,int__tai30_15_01,1024,17.4320,21.1881
regla_bon,1,int__tai30_15_01,2048,16.1848,42.6959
regla_bon,1,int__tai30_15_01,4096,16.1848,86.0431
regla_bon,1,int__tai30_15_01,8192,15.5045,171.6650
regla_bon,1,int__tai30_15_01,16384,15.5045,345.3603
regla_bon,1,int__tai30_15_01,32768,13.9456,689.3162
regla_bon,1,int__tai30_15_01,38057,13.0385,800.0136
ga,1,int__tai30_15_02,1,111.4994,0.0570
ga,1,int__tai30_15_02,2,101.1274,0.0570
ga,1,int__tai30_15_02,4,101.1274,0.0580
ga,1,int__tai30_15_02,8,101.1274,0.0590
ga,1,int__tai30_15_02,16,100.4510,0.0610
ga,1,int__tai30_15_02,32,100.4510,0.0650
ga,1,int__tai30_15_02,64,94.6167,0.0725
ga,1,int__tai30_15_02,128,81.4543,0.0875
ga,1,int__tai30_15_02,256,81.4543,0.1195
ga,1,int__tai30_15_02,512,79.5660,0.2056
ga,1,int__tai30_15_02,1024,79.5660,0.3606
ga,1,int__tai30_15_02,2048,69.7858,0.6872
ga,1,int__tai30_15_02,4096,65.0225,1.3148
ga,1,int__tai30_15_02,8192,54.3687,2.6395
ga,1,int__tai30_15_02,16384,41.3754,5.1827
ga,1,int__tai30_15_02,32768,27.2830,10.3320
ga,1,int__tai30_15_02,65536,22.5197,21.3642
ga,1,int__tai30_15_02,131072,20.4904,41.7124
ga,1,int__tai30_15_02,262144,20.3495,83.1338
ga,1,int__tai30_15_02,524288,20.3495,166.9685
ga,1,int__tai30_15_02,1048576,20.3495,332.2338
ga,1,int__tai30_15_02,2097152,20.3495,662.9032
ga,1,int__tai30_15_02,2527510,20.3495,800.0001
ga_sembrado,1,int__tai30_15_02,1,18.9684,0.0560
ga_sembrado,1,int__tai30_15_02,2,18.9684,0.0570
ga_sembrado,1,int__tai30_15_02,4,18.9684,0.0570
ga_sembrado,1,int__tai30_15_02,8,18.9684,0.0575
ga_sembrado,1,int__tai30_15_02,16,18.9684,0.0605
ga_sembrado,1,int__tai30_15_02,32,18.9684,0.0641
ga_sembrado,1,int__tai30_15_02,64,18.9684,0.0710
ga_sembrado,1,int__tai30_15_02,128,18.9684,0.0850
ga_sembrado,1,int__tai30_15_02,256,18.9684,0.1150
ga_sembrado,1,int__tai30_15_02,512,18.9684,0.1990
ga_sembrado,1,int__tai30_15_02,1024,18.9684,0.3430
ga_sembrado,1,int__tai30_15_02,2048,18.9684,0.6762
ga_sembrado,1,int__tai30_15_02,4096,18.9684,1.3253
ga_sembrado,1,int__tai30_15_02,8192,18.6866,2.6158
ga_sembrado,1,int__tai30_15_02,16384,18.4893,5.1703
ga_sembrado,1,int__tai30_15_02,32768,18.3484,10.2514
ga_sembrado,1,int__tai30_15_02,65536,17.1364,20.4107
ga_sembrado,1,int__tai30_15_02,131072,16.5727,41.0038
ga_sembrado,1,int__tai30_15_02,262144,16.2627,81.8745
ga_sembrado,1,int__tai30_15_02,524288,15.4453,163.9019
ga_sembrado,1,int__tai30_15_02,1048576,14.0361,327.9041
ga_sembrado,1,int__tai30_15_02,2097152,12.7678,658.2470
ga_sembrado,1,int__tai30_15_02,2550974,12.7678,800.0000
regla_bon,1,int__tai30_15_02,1,18.9684,0.0250
regla_bon,1,int__tai30_15_02,2,18.9684,0.0435
regla_bon,1,int__tai30_15_02,4,18.9684,0.0875
regla_bon,1,int__tai30_15_02,8,18.9684,0.1685
regla_bon,1,int__tai30_15_02,16,18.9684,0.3471
regla_bon,1,int__tai30_15_02,32,18.9684,0.7010
regla_bon,1,int__tai30_15_02,64,18.9684,1.3489
regla_bon,1,int__tai30_15_02,128,19.7858,2.6412
regla_bon,1,int__tai30_15_02,256,18.2074,5.2286
regla_bon,1,int__tai30_15_02,512,16.7136,10.7064
regla_bon,1,int__tai30_15_02,1024,16.6855,21.3317
regla_bon,1,int__tai30_15_02,2048,16.3754,42.7970
regla_bon,1,int__tai30_15_02,4096,16.3754,85.3654
regla_bon,1,int__tai30_15_02,8192,16.3754,171.2354
regla_bon,1,int__tai30_15_02,16384,14.7689,345.4388
regla_bon,1,int__tai30_15_02,32768,14.7689,687.8792
regla_bon,1,int__tai30_15_02,38120,14.7689,800.0171
ga,1,int__tai30_15_03,1,101.9016,0.0530
ga,1,int__tai30_15_03,2,101.9016,0.0540
ga,1,int__tai30_15_03,4,101.9016,0.0540
ga,1,int__tai30_15_03,8,101.2304,0.0550
ga,1,int__tai30_15_03,16,101.2304,0.0570
ga,1,int__tai30_15_03,32,93.7360,0.0610
ga,1,int__tai30_15_03,64,76.7338,0.0690
ga,1,int__tai30_15_03,128,76.7338,0.0825
ga,1,int__tai30_15_03,256,77.0694,0.1105
ga,1,int__tai30_15_03,512,77.0694,0.1866
ga,1,int__tai30_15_03,1024,71.2248,0.3316
ga,1,int__tai30_15_03,2048,64.4295,0.6582
ga,1,int__tai30_15_03,4096,54.0268,1.2658
ga,1,int__tai30_15_03,8192,52.2371,2.5395
ga,1,int__tai30_15_03,16384,38.5067,5.1137
ga,1,int__tai30_15_03,32768,26.5101,10.3581
ga,1,int__tai30_15_03,65536,21.2248,21.4232
ga,1,int__tai30_15_03,131072,17.3658,41.6469
ga,1,int__tai30_15_03,262144,15.1846,82.5603
ga,1,int__tai30_15_03,524288,13.3669,166.8444
ga,1,int__tai30_15_03,1048576,12.9195,330.0616
ga,1,int__tai30_15_03,2097152,10.7383,656.1324
ga,1,int__tai30_15_03,2553012,10.3747,800.0001
ga_sembrado,1,int__tai30_15_03,1,27.4888,0.0505
ga_sembrado,1,int__tai30_15_03,2,27.4888,0.0505
ga_sembrado,1,int__tai30_15_03,4,27.4888,0.0505
ga_sembrado,1,int__tai30_15_03,8,27.4888,0.0515
ga_sembrado,1,int__tai30_15_03,16,27.4888,0.0525
ga_sembrado,1,int__tai30_15_03,32,27.4888,0.0550
ga_sembrado,1,int__tai30_15_03,64,27.4888,0.0625
ga_sembrado,1,int__tai30_15_03,128,27.4888,0.0731
ga_sembrado,1,int__tai30_15_03,256,27.4888,0.0981
ga_sembrado,1,int__tai30_15_03,512,27.4888,0.1680
ga_sembrado,1,int__tai30_15_03,1024,27.4888,0.3080
ga_sembrado,1,int__tai30_15_03,2048,27.4888,0.6112
ga_sembrado,1,int__tai30_15_03,4096,27.4888,1.2544
ga_sembrado,1,int__tai30_15_03,8192,25.3356,2.4938
ga_sembrado,1,int__tai30_15_03,16384,25.0000,5.0492
ga_sembrado,1,int__tai30_15_03,32768,23.2662,10.0803
ga_sembrado,1,int__tai30_15_03,65536,21.6163,20.0570
ga_sembrado,1,int__tai30_15_03,131072,20.0503,40.2359
ga_sembrado,1,int__tai30_15_03,262144,20.0503,80.6909
ga_sembrado,1,int__tai30_15_03,524288,20.4139,161.7673
ga_sembrado,1,int__tai30_15_03,1048576,20.1342,323.7904
ga_sembrado,1,int__tai30_15_03,2097152,20.1342,652.9344
ga_sembrado,1,int__tai30_15_03,2574469,20.1342,800.0005
regla_bon,1,int__tai30_15_03,1,27.4888,0.0250
regla_bon,1,int__tai30_15_03,2,27.4888,0.0485
regla_bon,1,int__tai30_15_03,4,27.4888,0.0905
regla_bon,1,int__tai30_15_03,8,27.4888,0.1775
regla_bon,1,int__tai30_15_03,16,27.4888,0.3101
regla_bon,1,int__tai30_15_03,32,27.4888,0.6372
regla_bon,1,int__tai30_15_03,64,25.1678,1.3119
regla_bon,1,int__tai30_15_03,128,23.5179,2.6392
regla_bon,1,int__tai30_15_03,256,23.5179,5.4386
regla_bon,1,int__tai30_15_03,512,22.4832,11.0356
regla_bon,1,int__tai30_15_03,1024,22.4553,22.0094
regla_bon,1,int__tai30_15_03,2048,22.4553,44.2514
regla_bon,1,int__tai30_15_03,4096,22.4553,88.2503
regla_bon,1,int__tai30_15_03,8192,21.5884,176.3348
regla_bon,1,int__tai30_15_03,16384,21.5884,355.4657
regla_bon,1,int__tai30_15_03,32768,21.5884,706.8195
regla_bon,1,int__tai30_15_03,37092,20.4978,800.0081
ga,1,int__tai30_15_04,1,115.8096,0.0570
ga,1,int__tai30_15_04,2,89.9891,0.0580
ga,1,int__tai30_15_04,4,89.9891,0.0580
ga,1,int__tai30_15_04,8,89.9891,0.0590
ga,1,int__tai30_15_04,16,89.9891,0.0610
ga,1,int__tai30_15_04,32,87.2538,0.0640
ga,1,int__tai30_15_04,64,80.7713,0.0720
ga,1,int__tai30_15_04,128,78.2276,0.0860
ga,1,int__tai30_15_04,256,72.4289,0.1130
ga,1,int__tai30_15_04,512,69.2560,0.1840
ga,1,int__tai30_15_04,1024,69.2560,0.3311
ga,1,int__tai30_15_04,2048,60.5580,0.6522
ga,1,int__tai30_15_04,4096,53.2002,1.2952
ga,1,int__tai30_15_04,8192,46.3348,2.5919
ga,1,int__tai30_15_04,16384,34.2451,5.0817
ga,1,int__tai30_15_04,32768,22.8118,10.3636
ga,1,int__tai30_15_04,65536,18.3807,21.4252
ga,1,int__tai30_15_04,131072,16.0832,41.4913
ga,1,int__tai30_15_04,262144,15.3173,82.6114
ga,1,int__tai30_15_04,524288,15.0438,165.7925
ga,1,int__tai30_15_04,1048576,14.7155,329.3474
ga,1,int__tai30_15_04,2097152,13.6214,655.7303
ga,1,int__tai30_15_04,2554504,13.6214,800.0005
ga_sembrado,1,int__tai30_15_04,1,20.6510,0.0430
ga_sembrado,1,int__tai30_15_04,2,20.6510,0.0430
ga_sembrado,1,int__tai30_15_04,4,20.6510,0.0440
ga_sembrado,1,int__tai30_15_04,8,20.6510,0.0440
ga_sembrado,1,int__tai30_15_04,16,20.6510,0.0460
ga_sembrado,1,int__tai30_15_04,32,20.6510,0.0480
ga_sembrado,1,int__tai30_15_04,64,20.6510,0.0550
ga_sembrado,1,int__tai30_15_04,128,20.6510,0.0690
ga_sembrado,1,int__tai30_15_04,256,20.6510,0.0990
ga_sembrado,1,int__tai30_15_04,512,20.6510,0.1840
ga_sembrado,1,int__tai30_15_04,1024,20.6510,0.3366
ga_sembrado,1,int__tai30_15_04,2048,20.6510,0.6272
ga_sembrado,1,int__tai30_15_04,4096,20.6510,1.2419
ga_sembrado,1,int__tai30_15_04,8192,20.0766,2.4619
ga_sembrado,1,int__tai30_15_04,16384,18.3807,4.9853
ga_sembrado,1,int__tai30_15_04,32768,17.9431,10.0424
ga_sembrado,1,int__tai30_15_04,65536,17.1225,20.0796
ga_sembrado,1,int__tai30_15_04,131072,17.1225,40.4467
ga_sembrado,1,int__tai30_15_04,262144,17.1225,80.3362
ga_sembrado,1,int__tai30_15_04,524288,17.1225,161.1673
ga_sembrado,1,int__tai30_15_04,1048576,17.1225,323.0736
ga_sembrado,1,int__tai30_15_04,2097152,17.1225,650.0954
ga_sembrado,1,int__tai30_15_04,2583375,17.1225,800.0001
regla_bon,1,int__tai30_15_04,1,20.6510,0.0240
regla_bon,1,int__tai30_15_04,2,16.8217,0.0460
regla_bon,1,int__tai30_15_04,4,16.8217,0.0930
regla_bon,1,int__tai30_15_04,8,16.8217,0.1665
regla_bon,1,int__tai30_15_04,16,16.9037,0.3351
regla_bon,1,int__tai30_15_04,32,15.8917,0.6520
regla_bon,1,int__tai30_15_04,64,15.8917,1.3324
regla_bon,1,int__tai30_15_04,128,16.7396,2.7217
regla_bon,1,int__tai30_15_04,256,14.8796,5.4390
regla_bon,1,int__tai30_15_04,512,14.8796,10.7589
regla_bon,1,int__tai30_15_04,1024,14.5514,21.7583
regla_bon,1,int__tai30_15_04,2048,13.2932,43.6316
regla_bon,1,int__tai30_15_04,4096,13.2932,87.0093
regla_bon,1,int__tai30_15_04,8192,13.2932,174.5993
regla_bon,1,int__tai30_15_04,16384,13.2932,351.1268
regla_bon,1,int__tai30_15_04,32768,12.9923,699.9453
regla_bon,1,int__tai30_15_04,37485,12.9923,800.0041
ga,1,int__tai30_15_05,1,103.5625,0.0450
ga,1,int__tai30_15_05,2,87.0952,0.0450
ga,1,int__tai30_15_05,4,85.0772,0.0460
ga,1,int__tai30_15_05,8,67.5386,0.0470
ga,1,int__tai30_15_05,16,67.5386,0.0480
ga,1,int__tai30_15_05,32,63.8266,0.0520
ga,1,int__tai30_15_05,64,61.6094,0.0585
ga,1,int__tai30_15_05,128,61.6094,0.0710
ga,1,int__tai30_15_05,256,61.0862,0.0940
ga,1,int__tai30_15_05,512,56.4524,0.1780
ga,1,int__tai30_15_05,1024,49.6263,0.3341
ga,1,int__tai30_15_05,2048,45.4410,0.6522
ga,1,int__tai30_15_05,4096,39.8605,1.2792
ga,1,int__tai30_15_05,8192,30.8421,2.5739
ga,1,int__tai30_15_05,16384,26.1086,5.1747
ga,1,int__tai30_15_05,32768,17.8376,10.3565
ga,1,int__tai30_15_05,65536,13.7270,21.3762
ga,1,int__tai30_15_05,131072,11.1360,41.6413
ga,1,int__tai30_15_05,262144,8.2461,82.6004
ga,1,int__tai30_15_05,524288,7.0254,166.7759
ga,1,int__tai30_15_05,1048576,7.0254,330.1040
ga,1,int__tai30_15_05,2097152,7.0254,657.4481
ga,1,int__tai30_15_05,2549479,7.0254,800.0006
ga_sembrado,1,int__tai30_15_05,1,8.3956,0.0569
ga_sembrado,1,int__tai30_15_05,2,8.3956,0.0569
ga_sembrado,1,int__tai30_15_05,4,8.3956,0.0569
ga_sembrado,1,int__tai30_15_05,8,8.3956,0.0579
ga_sembrado,1,int__tai30_15_05,16,8.3956,0.0599
ga_sembrado,1,int__tai30_15_05,32,8.3956,0.0639
ga_sembrado,1,int__tai30_15_05,64,8.3956,0.0709
ga_sembrado,1,int__tai30_15_05,128,8.3956,0.0849
ga_sembrado,1,int__tai30_15_05,256,8.3956,0.1149
ga_sembrado,1,int__tai30_15_05,512,8.3956,0.1999
ga_sembrado,1,int__tai30_15_05,1024,8.3956,0.3575
ga_sembrado,1,int__tai30_15_05,2048,8.3956,0.6752
ga_sembrado,1,int__tai30_15_05,4096,8.3956,1.2968
ga_sembrado,1,int__tai30_15_05,8192,7.2496,2.4928
ga_sembrado,1,int__tai30_15_05,16384,7.2496,5.0332
ga_sembrado,1,int__tai30_15_05,32768,6.2033,10.0963
ga_sembrado,1,int__tai30_15_05,65536,5.2566,20.1035
ga_sembrado,1,int__tai30_15_05,131072,5.0075,40.3376
ga_sembrado,1,int__tai30_15_05,262144,4.3597,81.1338
ga_sembrado,1,int__tai30_15_05,524288,4.3597,162.0782
ga_sembrado,1,int__tai30_15_05,1048576,4.3597,323.8389
ga_sembrado,1,int__tai30_15_05,2097152,4.1604,651.3976
ga_sembrado,1,int__tai30_15_05,2580089,4.1604,800.0000
regla_bon,1,int__tai30_15_05,1,8.3956,0.0230
regla_bon,1,int__tai30_15_05,2,8.3956,0.0410
regla_bon,1,int__tai30_15_05,4,8.3956,0.0780
regla_bon,1,int__tai30_15_05,8,8.3956,0.1645
regla_bon,1,int__tai30_15_05,16,7.9721,0.3285
regla_bon,1,int__tai30_15_05,32,6.2780,0.6820
regla_bon,1,int__tai30_15_05,64,6.2780,1.3484
regla_bon,1,int__tai30_15_05,128,6.2780,2.6977
regla_bon,1,int__tai30_15_05,256,6.2780,5.4560
regla_bon,1,int__tai30_15_05,512,6.2780,10.8121
regla_bon,1,int__tai30_15_05,1024,6.2780,21.4982
regla_bon,1,int__tai30_15_05,2048,6.5272,42.8499
regla_bon,1,int__tai30_15_05,4096,6.3777,85.7600
regla_bon,1,int__tai30_15_05,8192,4.2103,171.9831
regla_bon,1,int__tai30_15_05,16384,4.2103,346.5200
regla_bon,1,int__tai30_15_05,32768,4.2103,690.1169
regla_bon,1,int__tai30_15_05,38014,4.2103,800.0111
ga,1,int__tai30_15_06,1,110.1979,0.0570
ga,1,int__tai30_15_06,2,93.8428,0.0570
ga,1,int__tai30_15_06,4,93.8428,0.0570
ga,1,int__tai30_15_06,8,80.7587,0.0580
ga,1,int__tai30_15_06,16,80.7587,0.0600
ga,1,int__tai30_15_06,32,77.3502,0.0640
ga,1,int__tai30_15_06,64,77.3502,0.0710
ga,1,int__tai30_15_06,128,77.3502,0.0850
ga,1,int__tai30_15_06,256,77.3502,0.1150
ga,1,int__tai30_15_06,512,77.3502,0.1990
ga,1,int__tai30_15_06,1024,72.0176,0.3531
ga,1,int__tai30_15_06,2048,67.6196,0.6712
ga,1,int__tai30_15_06,4096,60.5003,1.3652
ga,1,int__tai30_15_06,8192,45.2721,2.6310
ga,1,int__tai30_15_06,16384,35.6240,5.1427
ga,1,int__tai30_15_06,32768,21.8802,10.2275
ga,1,int__tai30_15_06,65536,15.8604,21.2596
ga,1,int__tai30_15_06,131072,13.3040,41.4498
ga,1,int__tai30_15_06,262144,12.1220,82.1392
ga,1,int__tai30_15_06,524288,11.7647,164.8147
ga,1,int__tai30_15_06,1048576,11.7647,327.6126
ga,1,int__tai30_15_06,2097152,11.7647,654.1742
ga,1,int__tai30_15_06,2563416,11.7647,800.0005
ga_sembrado,1,int__tai30_15_06,1,23.7768,0.0500
ga_sembrado,1,int__tai30_15_06,2,23.7768,0.0500
ga_sembrado,1,int__tai30_15_06,4,23.7768,0.0510
ga_sembrado,1,int__tai30_15_06,8,23.7768,0.0510
ga_sembrado,1,int__tai30_15_06,16,23.7768,0.0530
ga_sembrado,1,int__tai30_15_06,32,23.7768,0.0560
ga_sembrado,1,int__tai30_15_06,64,23.7768,0.0610
ga_sembrado,1,int__tai30_15_06,128,23.7768,0.0730
ga_sembrado,1,int__tai30_15_06,256,23.7768,0.1000
ga_sembrado,1,int__tai30_15_06,512,23.7768,0.1780
ga_sembrado,1,int__tai30_15_06,1024,23.7768,0.3316
ga_sembrado,1,int__tai30_15_06,2048,23.7768,0.6433
ga_sembrado,1,int__tai30_15_06,4096,23.7768,1.2989
ga_sembrado,1,int__tai30_15_06,8192,23.6394,2.5559
ga_sembrado,1,int__tai30_15_06,16384,20.7806,5.1388
ga_sembrado,1,int__tai30_15_06,32768,18.4717,10.0073
ga_sembrado,1,int__tai30_15_06,65536,17.1798,19.9050
ga_sembrado,1,int__tai30_15_06,131072,14.3211,40.0404
ga_sembrado,1,int__tai30_15_06,262144,12.6168,80.0432
ga_sembrado,1,int__tai30_15_06,524288,12.0396,160.9678
ga_sembrado,1,int__tai30_15_06,1048576,12.0396,322.4771
ga_sembrado,1,int__tai30_15_06,2097152,10.3079,648.2622
ga_sembrado,1,int__tai30_15_06,2587452,9.5382,800.0001
regla_bon,1,int__tai30_15_06,1,23.7768,0.0240
regla_bon,1,int__tai30_15_06,2,23.7768,0.0470
regla_bon,1,int__tai30_15_06,4,22.6223,0.0840
regla_bon,1,int__tai30_15_06,8,18.7191,0.1725
regla_bon,1,int__tai30_15_06,16,18.7191,0.3471
regla_bon,1,int__tai30_15_06,32,18.7191,0.6820
regla_bon,1,int__tai30_15_06,64,17.9494,1.3734
regla_bon,1,int__tai30_15_06,128,17.5096,2.7537
regla_bon,1,int__tai30_15_06,256,17.2347,5.6541
regla_bon,1,int__tai30_15_06,512,15.5580,10.9251
regla_bon,1,int__tai30_15_06,1024,14.7334,21.6497
regla_bon,1,int__tai30_15_06,2048,14.7334,43.1459
regla_bon,1,int__tai30_15_06,4096,14.7334,85.6500
regla_bon,1,int__tai30_15_06,8192,14.7334,171.2219
regla_bon,1,int__tai30_15_06,16384,13.5789,346.0328
regla_bon,1,int__tai30_15_06,32768,13.4415,688.6946
regla_bon,1,int__tai30_15_06,38066,13.4415,800.0051
ga,1,int__tai30_15_07,1,131.3947,0.0475
ga,1,int__tai30_15_07,2,113.8058,0.0485
ga,1,int__tai30_15_07,4,97.6285,0.0485
ga,1,int__tai30_15_07,8,97.6285,0.0495
ga,1,int__tai30_15_07,16,97.6285,0.0515
ga,1,int__tai30_15_07,32,83.4839,0.0555
ga,1,int__tai30_15_07,64,83.4839,0.0635
ga,1,int__tai30_15_07,128,82.6934,0.0755
ga,1,int__tai30_15_07,256,80.0678,0.1065
ga,1,int__tai30_15_07,512,71.3156,0.1916
ga,1,int__tai30_15_07,1024,71.3156,0.3536
ga,1,int__tai30_15_07,2048,62.1965,0.6852
ga,1,int__tai30_15_07,4096,54.2631,1.4003
ga,1,int__tai30_15_07,8192,51.0446,2.8359
ga,1,int__tai30_15_07,16384,38.1705,5.3462
ga,1,int__tai30_15_07,32768,24.5059,10.3283
ga,1,int__tai30_15_07,65536,20.1299,20.4208
ga,1,int__tai30_15_07,131072,16.3467,40.6859
ga,1,int__tai30_15_07,262144,15.4715,80.8321
ga,1,int__tai30_15_07,524288,14.0034,163.9254
ga,1,int__tai30_15_07,1048576,14.0034,325.6176
ga,1,int__tai30_15_07,2097152,14.0034,648.5528
ga,1,int__tai30_15_07,2566070,14.0034,800.0005
ga_sembrado,1,int__tai30_15_07,1,18.3794,0.0540
ga_sembrado,1,int__tai30_15_07,2,18.3794,0.0540
ga_sembrado,1,int__tai30_15_07,4,18.3794,0.0540
ga_sembrado,1,int__tai30_15_07,8,18.3794,0.0550
ga_sembrado,1,int__tai30_15_07,16,18.3794,0.0570
ga_sembrado,1,int__tai30_15_07,32,18.3794,0.0605
ga_sembrado,1,int__tai30_15_07,64,18.3794,0.0680
ga_sembrado,1,int__tai30_15_07,128,18.3794,0.0820
ga_sembrado,1,int__tai30_15_07,256,18.3794,0.1120
ga_sembrado,1,int__tai30_15_07,512,18.3794,0.1940
ga_sembrado,1,int__tai30_15_07,1024,18.3794,0.3721
ga_sembrado,1,int__tai30_15_07,2048,18.3794,0.7151
ga_sembrado,1,int__tai30_15_07,4096,18.3794,1.3604
ga_sembrado,1,int__tai30_15_07,8192,17.4760,2.6758
ga_sembrado,1,int__tai30_15_07,16384,16.7984,5.4123
ga_sembrado,1,int__tai30_15_07,32768,14.9351,10.9640
ga_sembrado,1,int__tai30_15_07,65536,13.2976,27.5769
ga_sembrado,1,int__tai30_15_07,131072,12.5635,51.4276
ga_sembrado,1,int__tai30_15_07,262144,11.0107,99.0179
ga_sembrado,1,int__tai30_15_07,524288,10.7566,190.9822
ga_sembrado,1,int__tai30_15_07,1048576,10.0508,376.3683
ga_sembrado,1,int__tai30_15_07,2097152,9.2885,747.2656
ga_sembrado,1,int__tai30_15_07,2259890,9.2885,800.0005
regla_bon,1,int__tai30_15_07,1,18.3794,0.0235
regla_bon,1,int__tai30_15_07,2,18.3794,0.0455
regla_bon,1,int__tai30_15_07,4,18.3794,0.0889
regla_bon,1,int__tai30_15_07,8,18.3794,0.1779
regla_bon,1,int__tai30_15_07,16,16.9396,0.3600
regla_bon,1,int__tai30_15_07,32,15.0480,0.7267
regla_bon,1,int__tai30_15_07,64,15.0480,1.4813
regla_bon,1,int__tai30_15_07,128,15.0480,3.0006
regla_bon,1,int__tai30_15_07,256,14.2010,6.0588
regla_bon,1,int__tai30_15_07,512,14.2010,12.9090
regla_bon,1,int__tai30_15_07,1024,14.2010,25.2450
regla_bon,1,int__tai30_15_07,2048,13.5517,47.0997
regla_bon,1,int__tai30_15_07,4096,13.5517,91.7465
regla_bon,1,int__tai30_15_07,8192,13.5517,185.2225
regla_bon,1,int__tai30_15_07,16384,13.5517,373.9648
regla_bon,1,int__tai30_15_07,32768,13.5517,757.7396
regla_bon,1,int__tai30_15_07,34735,13.5517,800.0164
ga,1,int__tai30_15_08,1,124.7460,0.0485
ga,1,int__tai30_15_08,2,102.7496,0.0485
ga,1,int__tai30_15_08,4,102.7496,0.0485
ga,1,int__tai30_15_08,8,101.3150,0.0495
ga,1,int__tai30_15_08,16,102.6898,0.0505
ga,1,int__tai30_15_08,32,100.3586,0.0535
ga,1,int__tai30_15_08,64,90.3467,0.0585
ga,1,int__tai30_15_08,128,79.7370,0.0725
ga,1,int__tai30_15_08,256,79.5577,0.1005
ga,1,int__tai30_15_08,512,79.5577,0.1876
ga,1,int__tai30_15_08,1024,79.5577,0.3451
ga,1,int__tai30_15_08,2048,66.1686,0.6732
ga,1,int__tai30_15_08,4096,55.0209,1.3283
ga,1,int__tai30_15_08,8192,46.2044,2.7189
ga,1,int__tai30_15_08,16384,34.9970,5.2406
ga,1,int__tai30_15_08,32768,28.1829,10.2553
ga,1,int__tai30_15_08,65536,21.5481,20.1978
ga,1,int__tai30_15_08,131072,18.6790,40.1969
ga,1,int__tai30_15_08,262144,18.0215,80.5089
ga,1,int__tai30_15_08,524288,16.2283,162.7702
ga,1,int__tai30_15_08,1048576,15.9295,324.3885
ga,1,int__tai30_15_08,2097152,12.4626,647.5566
ga,1,int__tai30_15_08,2570269,12.1937,800.0005
ga_sembrado,1,int__tai30_15_08,1,20.1136,0.0470
ga_sembrado,1,int__tai30_15_08,2,20.1136,0.0480
ga_sembrado,1,int__tai30_15_08,4,20.1136,0.0480
ga_sembrado,1,int__tai30_15_08,8,20.1136,0.0490
ga_sembrado,1,int__tai30_15_08,16,20.1136,0.0500
ga_sembrado,1,int__tai30_15_08,32,20.1136,0.0540
ga_sembrado,1,int__tai30_15_08,64,20.1136,0.0610
ga_sembrado,1,int__tai30_15_08,128,20.1136,0.0750
ga_sembrado,1,int__tai30_15_08,256,20.1136,0.1030
ga_sembrado,1,int__tai30_15_08,512,20.1136,0.1870
ga_sembrado,1,int__tai30_15_08,1024,20.1136,0.3731
ga_sembrado,1,int__tai30_15_08,2048,20.1136,0.7181
ga_sembrado,1,int__tai30_15_08,4096,20.0837,1.3654
ga_sembrado,1,int__tai30_15_08,8192,19.3963,2.6888
ga_sembrado,1,int__tai30_15_08,16384,18.5595,5.3602
ga_sembrado,1,int__tai30_15_08,32768,17.8123,10.8534
ga_sembrado,1,int__tai30_15_08,65536,16.2881,27.2317
ga_sembrado,1,int__tai30_15_08,131072,14.7041,51.1801
ga_sembrado,1,int__tai30_15_08,262144,14.7041,98.4652
ga_sembrado,1,int__tai30_15_08,524288,14.7041,190.4458
ga_sembrado,1,int__tai30_15_08,1048576,14.7041,375.7262
ga_sembrado,1,int__tai30_15_08,2097152,14.7041,745.0059
ga_sembrado,1,int__tai30_15_08,2267101,14.7041,800.0003
regla_bon,1,int__tai30_15_08,1,20.1136,0.0250
regla_bon,1,int__tai30_15_08,2,18.5595,0.0479
regla_bon,1,int__tai30_15_08,4,15.4513,0.0934
regla_bon,1,int__tai30_15_08,8,15.4513,0.1824
regla_bon,1,int__tai30_15_08,16,15.4513,0.3584
regla_bon,1,int__tai30_15_08,32,15.4513,0.7077
regla_bon,1,int__tai30_15_08,64,15.4513,1.4797
regla_bon,1,int__tai30_15_08,128,15.4513,3.0050
regla_bon,1,int__tai30_15_08,256,15.5111,6.1629
regla_bon,1,int__tai30_15_08,512,15.5111,13.1110
regla_bon,1,int__tai30_15_08,1024,14.9432,25.6775
regla_bon,1,int__tai30_15_08,2048,14.9432,48.1508
regla_bon,1,int__tai30_15_08,4096,15.2122,93.7988
regla_bon,1,int__tai30_15_08,8192,12.3132,188.6650
regla_bon,1,int__tai30_15_08,16384,12.3132,381.5132
regla_bon,1,int__tai30_15_08,32768,12.3132,771.4873
regla_bon,1,int__tai30_15_08,34078,12.3132,800.0049
ga,1,int__tai30_15_09,1,104.6240,0.0565
ga,1,int__tai30_15_09,2,104.6240,0.0565
ga,1,int__tai30_15_09,4,97.7716,0.0565
ga,1,int__tai30_15_09,8,92.0613,0.0575
ga,1,int__tai30_15_09,16,92.0613,0.0595
ga,1,int__tai30_15_09,32,69.4708,0.0635
ga,1,int__tai30_15_09,64,69.4708,0.0715
ga,1,int__tai30_15_09,128,69.4708,0.0865
ga,1,int__tai30_15_09,256,69.4708,0.1165
ga,1,int__tai30_15_09,512,64.4847,0.1956
ga,1,int__tai30_15_09,1024,64.4847,0.3586
ga,1,int__tai30_15_09,2048,54.1783,0.6712
ga,1,int__tai30_15_09,4096,52.9805,1.3483
ga,1,int__tai30_15_09,8192,47.0752,2.7769
ga,1,int__tai30_15_09,16384,33.4262,5.2936
ga,1,int__tai30_15_09,32768,25.4039,10.2783
ga,1,int__tai30_15_09,65536,17.8273,20.4738
ga,1,int__tai30_15_09,131072,15.0975,40.6629
ga,1,int__tai30_15_09,262144,12.5905,81.2445
ga,1,int__tai30_15_09,524288,11.1699,164.7197
ga,1,int__tai30_15_09,1048576,11.0585,326.8197
ga,1,int__tai30_15_09,2097152,11.0585,650.0857
ga,1,int__tai30_15_09,2560008,11.0585,800.0005
ga_sembrado,1,int__tai30_15_09,1,22.3677,0.0510
ga_sembrado,1,int__tai30_15_09,2,22.3677,0.0520
ga_sembrado,1,int__tai30_15_09,4,22.3677,0.0520
ga_sembrado,1,int__tai30_15_09,8,22.3677,0.0530
ga_sembrado,1,int__tai30_15_09,16,22.3677,0.0540
ga_sembrado,1,int__tai30_15_09,32,22.3677,0.0570
ga_sembrado,1,int__tai30_15_09,64,22.3677,0.0630
ga_sembrado,1,int__tai30_15_09,128,22.3677,0.0770
ga_sembrado,1,int__tai30_15_09,256,22.3677,0.1040
ga_sembrado,1,int__tai30_15_09,512,22.3677,0.1850
ga_sembrado,1,int__tai30_15_09,1024,22.3677,0.3771
ga_sembrado,1,int__tai30_15_09,2048,22.3677,0.7301
ga_sembrado,1,int__tai30_15_09,4096,22.3677,1.4025
ga_sembrado,1,int__tai30_15_09,8192,19.1922,2.7078
ga_sembrado,1,int__tai30_15_09,16384,19.1922,5.4583
ga_sembrado,1,int__tai30_15_09,32768,18.9415,11.0025
ga_sembrado,1,int__tai30_15_09,65536,17.2702,26.4344
ga_sembrado,1,int__tai30_15_09,131072,15.3203,50.3347
ga_sembrado,1,int__tai30_15_09,262144,14.9861,97.7324
ga_sembrado,1,int__tai30_15_09,524288,14.2618,189.9962
ga_sembrado,1,int__tai30_15_09,1048576,14.2618,376.1638
ga_sembrado,1,int__tai30_15_09,2097152,14.2618,747.1900
ga_sembrado,1,int__tai30_15_09,2260720,14.2618,800.0005
regla_bon,1,int__tai30_15_09,1,22.3677,0.0245
regla_bon,1,int__tai30_15_09,2,19.3315,0.0475
regla_bon,1,int__tai30_15_09,4,19.3315,0.0929
regla_bon,1,int__tai30_15_09,8,19.3315,0.1779
regla_bon,1,int__tai30_15_09,16,19.3315,0.3550
regla_bon,1,int__tai30_15_09,32,19.3315,0.7002
regla_bon,1,int__tai30_15_09,64,17.2145,1.4492
regla_bon,1,int__tai30_15_09,128,17.2145,2.9546
regla_bon,1,int__tai30_15_09,256,16.7967,5.9968
regla_bon,1,int__tai30_15_09,512,16.4903,12.8770
regla_bon,1,int__tai30_15_09,1024,16.0724,25.1941
regla_bon,1,int__tai30_15_09,2048,12.5905,47.1997
regla_bon,1,int__tai30_15_09,4096,13.5933,92.0235
regla_bon,1,int__tai30_15_09,8192,13.5933,185.3235
regla_bon,1,int__tai30_15_09,16384,13.5933,374.3485
regla_bon,1,int__tai30_15_09,32768,13.0641,757.6744
regla_bon,1,int__tai30_15_09,34744,13.0641,800.0104
ga,1,int__tai30_15_10,1,146.8504,0.0480
ga,1,int__tai30_15_10,2,140.7026,0.0480
ga,1,int__tai30_15_10,4,114.2035,0.0480
ga,1,int__tai30_15_10,8,114.2035,0.0490
ga,1,int__tai30_15_10,16,80.9812,0.0510
ga,1,int__tai30_15_10,32,80.9812,0.0540
ga,1,int__tai30_15_10,64,78.2253,0.0590
ga,1,int__tai30_15_10,128,78.2253,0.0720
ga,1,int__tai30_15_10,256,78.2253,0.1030
ga,1,int__tai30_15_10,512,78.2253,0.1876
ga,1,int__tai30_15_10,1024,75.6511,0.3436
ga,1,int__tai30_15_10,2048,74.5609,0.6196
ga,1,int__tai30_15_10,4096,61.1145,1.2968
ga,1,int__tai30_15_10,8192,49.8486,2.6844
ga,1,int__tai30_15_10,16384,38.2798,5.2567
ga,1,int__tai30_15_10,32768,25.3483,10.3593
ga,1,int__tai30_15_10,65536,19.2611,20.2603
ga,1,int__tai30_15_10,131072,17.3228,40.2299
ga,1,int__tai30_15_10,262144,15.0818,81.0890
ga,1,int__tai30_15_10,524288,14.2035,163.6397
ga,1,int__tai30_15_10,1048576,13.9915,324.7936
ga,1,int__tai30_15_10,2097152,13.9915,647.5146
ga,1,int__tai30_15_10,2573039,13.9915,800.0000
ga_sembrado,1,int__tai30_15_10,1,26.1357,0.0470
ga_sembrado,1,int__tai30_15_10,2,26.1357,0.0470
ga_sembrado,1,int__tai30_15_10,4,26.1357,0.0470
ga_sembrado,1,int__tai30_15_10,8,26.1357,0.0480
ga_sembrado,1,int__tai30_15_10,16,26.1357,0.0490
ga_sembrado,1,int__tai30_15_10,32,26.1357,0.0520
ga_sembrado,1,int__tai30_15_10,64,26.1357,0.0580
ga_sembrado,1,int__tai30_15_10,128,26.1357,0.0720
ga_sembrado,1,int__tai30_15_10,256,26.1357,0.1040
ga_sembrado,1,int__tai30_15_10,512,26.1357,0.2031
ga_sembrado,1,int__tai30_15_10,1024,26.1357,0.3835
ga_sembrado,1,int__tai30_15_10,2048,26.1357,0.7231
ga_sembrado,1,int__tai30_15_10,4096,26.1357,1.3790
ga_sembrado,1,int__tai30_15_10,8192,25.4391,2.6628
ga_sembrado,1,int__tai30_15_10,16384,23.8340,5.3782
ga_sembrado,1,int__tai30_15_10,32768,22.4409,10.8479
ga_sembrado,1,int__tai30_15_10,65536,21.8050,26.5009
ga_sembrado,1,int__tai30_15_10,131072,20.6541,50.3095
ga_sembrado,1,int__tai30_15_10,262144,19.8970,97.6264
ga_sembrado,1,int__tai30_15_10,524288,19.8667,189.8842
ga_sembrado,1,int__tai30_15_10,1048576,18.3525,375.5642
ga_sembrado,1,int__tai30_15_10,2097152,17.3834,745.0847
ga_sembrado,1,int__tai30_15_10,2266503,17.3834,800.0004
regla_bon,1,int__tai30_15_10,1,26.1357,0.0260
regla_bon,1,int__tai30_15_10,2,26.1357,0.0440
regla_bon,1,int__tai30_15_10,4,26.1357,0.0885
regla_bon,1,int__tai30_15_10,8,26.1357,0.1795
regla_bon,1,int__tai30_15_10,16,25.0757,0.3501
regla_bon,1,int__tai30_15_10,32,24.5609,0.7084
regla_bon,1,int__tai30_15_10,64,24.5609,1.4919
regla_bon,1,int__tai30_15_10,128,21.3507,3.0212
regla_bon,1,int__tai30_15_10,256,21.3507,6.1795
regla_bon,1,int__tai30_15_10,512,21.3507,13.0807
regla_bon,1,int__tai30_15_10,1024,20.7753,25.7655
regla_bon,1,int__tai30_15_10,2048,19.6548,48.4062
regla_bon,1,int__tai30_15_10,4096,19.6548,94.2556
regla_bon,1,int__tai30_15_10,8192,17.6863,189.5447
regla_bon,1,int__tai30_15_10,16384,17.6863,382.1486
regla_bon,1,int__tai30_15_10,32768,17.6863,773.6404
regla_bon,1,int__tai30_15_10,33970,17.6863,800.0155
ga,1,int__tai30_20_01,1,148.8720,0.0550
ga,1,int__tai30_20_01,2,120.6191,0.0560
ga,1,int__tai30_20_01,4,120.6191,0.0560
ga,1,int__tai30_20_01,8,120.6191,0.0570
ga,1,int__tai30_20_01,16,114.0084,0.0590
ga,1,int__tai30_20_01,32,110.3358,0.0630
ga,1,int__tai30_20_01,64,100.7083,0.0700
ga,1,int__tai30_20_01,128,100.7083,0.0850
ga,1,int__tai30_20_01,256,100.7083,0.1165
ga,1,int__tai30_20_01,512,97.1406,0.2125
ga,1,int__tai30_20_01,1024,84.7849,0.4236
ga,1,int__tai30_20_01,2048,79.9056,0.8276
ga,1,int__tai30_20_01,4096,77.6495,1.8282
ga,1,int__tai30_20_01,8192,64.1133,3.5785
ga,1,int__tai30_20_01,16384,53.3578,6.9201
ga,1,int__tai30_20_01,32768,43.1270,13.5328
ga,1,int__tai30_20_01,65536,33.4470,26.9493
ga,1,int__tai30_20_01,131072,31.4271,53.7082
ga,1,int__tai30_20_01,262144,27.9643,107.0765
ga,1,int__tai30_20_01,524288,25.3410,216.3125
ga,1,int__tai30_20_01,1048576,23.9507,431.6602
ga,1,int__tai30_20_01,1931460,22.8227,800.0010
ga_sembrado,1,int__tai30_20_01,1,33.3945,0.0690
ga_sembrado,1,int__tai30_20_01,2,33.3945,0.0690
ga_sembrado,1,int__tai30_20_01,4,33.3945,0.0700
ga_sembrado,1,int__tai30_20_01,8,33.3945,0.0710
ga_sembrado,1,int__tai30_20_01,16,33.3945,0.0730
ga_sembrado,1,int__tai30_20_01,32,33.3945,0.0770
ga_sembrado,1,int__tai30_20_01,64,33.3945,0.0870
ga_sembrado,1,int__tai30_20_01,128,33.3945,0.1090
ga_sembrado,1,int__tai30_20_01,256,33.3945,0.1520
ga_sembrado,1,int__tai30_20_01,512,33.3945,0.2671
ga_sembrado,1,int__tai30_20_01,1024,33.3945,0.5021
ga_sembrado,1,int__tai30_20_01,2048,33.3945,0.9206
ga_sembrado,1,int__tai30_20_01,4096,33.8930,1.7941
ga_sembrado,1,int__tai30_20_01,8192,30.5614,3.5890
ga_sembrado,1,int__tai30_20_01,16384,28.6726,7.1212
ga_sembrado,1,int__tai30_20_01,32768,28.3054,15.8391
ga_sembrado,1,int__tai30_20_01,65536,27.7282,33.9672
ga_sembrado,1,int__tai30_20_01,131072,27.4659,66.2269
ga_sembrado,1,int__tai30_20_01,262144,27.4659,128.5661
ga_sembrado,1,int__tai30_20_01,524288,27.2298,254.2862
ga_sembrado,1,int__tai30_20_01,1048576,27.1773,501.5254
ga_sembrado,1,int__tai30_20_01,1696752,27.1773,800.0004
regla_bon,1,int__tai30_20_01,1,33.3945,0.0300
regla_bon,1,int__tai30_20_01,2,31.7943,0.0580
regla_bon,1,int__tai30_20_01,4,31.7943,0.1195
regla_bon,1,int__tai30_20_01,8,31.4008,0.2351
regla_bon,1,int__tai30_20_01,16,28.8300,0.4691
regla_bon,1,int__tai30_20_01,32,28.8300,0.9508
regla_bon,1,int__tai30_20_01,64,28.8300,1.9749
regla_bon,1,int__tai30_20_01,128,27.6233,4.0253
regla_bon,1,int__tai30_20_01,256,27.6233,8.2660
regla_bon,1,int__tai30_20_01,512,27.6233,17.9507
regla_bon,1,int__tai30_20_01,1024,27.6233,33.0315
regla_bon,1,int__tai30_20_01,2048,27.6233,63.3827
regla_bon,1,int__tai30_20_01,4096,27.6233,127.0375
regla_bon,1,int__tai30_20_01,8192,26.6527,251.2058
regla_bon,1,int__tai30_20_01,16384,26.6527,513.6492
regla_bon,1,int__tai30_20_01,25333,26.1018,800.0125
ga,1,int__tai30_20_02,1,147.7707,0.0720
ga,1,int__tai30_20_02,2,113.7473,0.0720
ga,1,int__tai30_20_02,4,113.7473,0.0730
ga,1,int__tai30_20_02,8,113.7473,0.0740
ga,1,int__tai30_20_02,16,107.6964,0.0760
ga,1,int__tai30_20_02,32,107.6964,0.0810
ga,1,int__tai30_20_02,64,107.6964,0.0910
ga,1,int__tai30_20_02,128,104.5382,0.1060
ga,1,int__tai30_20_02,256,88.0839,0.1405
ga,1,int__tai30_20_02,512,88.5881,0.2501
ga,1,int__tai30_20_02,1024,88.5881,0.4466
ga,1,int__tai30_20_02,2048,83.3864,0.8881
ga,1,int__tai30_20_02,4096,71.8684,1.8472
ga,1,int__tai30_20_02,8192,65.5786,3.5450
ga,1,int__tai30_20_02,16384,49.1507,6.8795
ga,1,int__tai30_20_02,32768,35.8546,13.4758
ga,1,int__tai30_20_02,65536,28.9013,26.7507
ga,1,int__tai30_20_02,131072,25.8493,53.5666
ga,1,int__tai30_20_02,262144,25.1592,107.5921
ga,1,int__tai30_20_02,524288,22.0011,216.6606
ga,1,int__tai30_20_02,1048576,21.8684,431.3902
ga,1,int__tai30_20_02,1939825,21.8684,800.0010
ga_sembrado,1,int__tai30_20_02,1,24.3365,0.0760
ga_sembrado,1,int__tai30_20_02,2,24.3365,0.0760
ga_sembrado,1,int__tai30_20_02,4,24.3365,0.0760
ga_sembrado,1,int__tai30_20_02,8,24.3365,0.0780
ga_sembrado,1,int__tai30_20_02,16,24.3365,0.0800
ga_sembrado,1,int__tai30_20_02,32,24.3365,0.0850
ga_sembrado,1,int__tai30_20_02,64,24.3365,0.0960
ga_sembrado,1,int__tai30_20_02,128,24.3365,0.1180
ga_sembrado,1,int__tai30_20_02,256,24.3365,0.1570
ga_sembrado,1,int__tai30_20_02,512,24.3365,0.2831
ga_sembrado,1,int__tai30_20_02,1024,24.3365,0.5161
ga_sembrado,1,int__tai30_20_02,2048,24.3365,0.9516
ga_sembrado,1,int__tai30_20_02,4096,24.3365,1.8251
ga_sembrado,1,int__tai30_20_02,8192,23.4607,3.5880
ga_sembrado,1,int__tai30_20_02,16384,22.0011,7.1146
ga_sembrado,1,int__tai30_20_02,32768,20.9395,16.3503
ga_sembrado,1,int__tai30_20_02,65536,19.8248,34.6756
ga_sembrado,1,int__tai30_20_02,131072,18.8694,66.8482
ga_sembrado,1,int__tai30_20_02,262144,16.6136,128.9889
ga_sembrado,1,int__tai30_20_02,524288,16.4809,254.5692
ga_sembrado,1,int__tai30_20_02,1048576,16.4278,500.3060
ga_sembrado,1,int__tai30_20_02,1704221,16.4278,800.0004
regla_bon,1,int__tai30_20_02,1,24.3365,0.0330
regla_bon,1,int__tai30_20_02,2,24.3365,0.0630
regla_bon,1,int__tai30_20_02,4,24.3365,0.1165
regla_bon,1,int__tai30_20_02,8,24.3365,0.2281
regla_bon,1,int__tai30_20_02,16,24.3365,0.4651
regla_bon,1,int__tai30_20_02,32,23.8057,0.9528
regla_bon,1,int__tai30_20_02,64,22.1072,1.9929
regla_bon,1,int__tai30_20_02,128,20.4352,4.0453
regla_bon,1,int__tai30_20_02,256,21.1253,8.3070
regla_bon,1,int__tai30_20_02,512,21.1253,18.0917
regla_bon,1,int__tai30_20_02,1024,20.4618,33.2240
regla_bon,1,int__tai30_20_02,2048,18.7102,63.4803
regla_bon,1,int__tai30_20_02,4096,17.9936,126.9555
regla_bon,1,int__tai30_20_02,8192,17.9936,250.7530
regla_bon,1,int__tai30_20_02,16384,17.9936,511.9606
regla_bon,1,int__tai30_20_02,25470,17.9936,800.0095
ga,1,int__tai30_20_03,1,110.4478,0.0750
ga,1,int__tai30_20_03,2,110.4478,0.0760
ga,1,int__tai30_20_03,4,110.4478,0.0760
ga,1,int__tai30_20_03,8,110.4478,0.0780
ga,1,int__tai30_20_03,16,110.4478,0.0800
ga,1,int__tai30_20_03,32,98.6180,0.0850
ga,1,int__tai30_20_03,64,98.6180,0.0950
ga,1,int__tai30_20_03,128,98.1758,0.1140
ga,1,int__tai30_20_03,256,98.1758,0.1530
ga,1,int__tai30_20_03,512,98.1758,0.2640
ga,1,int__tai30_20_03,1024,84.9641,0.4780
ga,1,int__tai30_20_03,2048,84.9641,0.9572
ga,1,int__tai30_20_03,4096,75.3731,1.9124
ga,1,int__tai30_20_03,8192,70.5915,3.7614
ga,1,int__tai30_20_03,16384,49.7512,7.4559
ga,1,int__tai30_20_03,32768,35.3234,14.2945
ga,1,int__tai30_20_03,65536,25.6772,28.0681
ga,1,int__tai30_20_03,131072,20.7297,55.3610
ga,1,int__tai30_20_03,262144,17.5235,110.4142
ga,1,int__tai30_20_03,524288,16.8878,251.2307
ga,1,int__tai30_20_03,1048576,16.4179,509.3132
ga,1,int__tai30_20_03,1598851,16.1968,800.0009
ga_sembrado,1,int__tai30_20_03,1,22.3328,0.0715
ga_sembrado,1,int__tai30_20_03,2,22.3328,0.0715
ga_sembrado,1,int__tai30_20_03,4,22.3328,0.0715
ga_sembrado,1,int__tai30_20_03,8,22.3328,0.0725
ga_sembrado,1,int__tai30_20_03,16,22.3328,0.0745
ga_sembrado,1,int__tai30_20_03,32,22.3328,0.0785
ga_sembrado,1,int__tai30_20_03,64,22.3328,0.0885
ga_sembrado,1,int__tai30_20_03,128,22.3328,0.1075
ga_sembrado,1,int__tai30_20_03,256,22.3328,0.1486
ga_sembrado,1,int__tai30_20_03,512,22.3328,0.2525
ga_sembrado,1,int__tai30_20_03,1024,22.3328,0.4656
ga_sembrado,1,int__tai30_20_03,2048,22.3328,0.8932
ga_sembrado,1,int__tai30_20_03,4096,22.3328,1.7808
ga_sembrado,1,int__tai30_20_03,8192,21.8629,3.5534
ga_sembrado,1,int__tai30_20_03,16384,21.2272,7.1745
ga_sembrado,1,int__tai30_20_03,32768,20.9508,14.3481
ga_sembrado,1,int__tai30_20_03,65536,20.6191,29.7157
ga_sembrado,1,int__tai30_20_03,131072,19.8729,59.7621
ga_sembrado,1,int__tai30_20_03,262144,19.3753,122.2045
ga_sembrado,1,int__tai30_20_03,524288,18.9055,252.7266
ga_sembrado,1,int__tai30_20_03,1048576,17.2195,500.2445
ga_sembrado,1,int__tai30_20_03,1650034,16.8049,800.0001
regla_bon,1,int__tai30_20_03,1,22.3328,0.0390
regla_bon,1,int__tai30_20_03,2,22.3328,0.0770
regla_bon,1,int__tai30_20_03,4,22.3328,0.1485
regla_bon,1,int__tai30_20_03,8,22.3328,0.2815
regla_bon,1,int__tai30_20_03,16,22.3328,0.5446
regla_bon,1,int__tai30_20_03,32,22.3328,1.0837
regla_bon,1,int__tai30_20_03,64,22.3881,2.1433
regla_bon,1,int__tai30_20_03,128,18.8226,4.2795
regla_bon,1,int__tai30_20_03,256,18.8226,8.5140
regla_bon,1,int__tai30_20_03,512,18.8226,16.9839
regla_bon,1,int__tai30_20_03,1024,18.8226,33.7882
regla_bon,1,int__tai30_20_03,2048,18.8226,67.8421
regla_bon,1,int__tai30_20_03,4096,19.1819,142.1730
regla_bon,1,int__tai30_20_03,8192,19.1819,268.5073
regla_bon,1,int__tai30_20_03,16384,18.9055,537.7945
regla_bon,1,int__tai30_20_03,24666,18.9055,800.0109
ga,1,int__tai30_20_04,1,124.4867,0.0730
ga,1,int__tai30_20_04,2,114.8357,0.0730
ga,1,int__tai30_20_04,4,110.9856,0.0740
ga,1,int__tai30_20_04,8,110.9856,0.0750
ga,1,int__tai30_20_04,16,106.0062,0.0780
ga,1,int__tai30_20_04,32,106.0062,0.0820
ga,1,int__tai30_20_04,64,106.0062,0.0900
ga,1,int__tai30_20_04,128,96.3039,0.1100
ga,1,int__tai30_20_04,256,97.4333,0.1510
ga,1,int__tai30_20_04,512,92.0945,0.2640
ga,1,int__tai30_20_04,1024,84.2146,0.4830
ga,1,int__tai30_20_04,2048,75.9240,0.9692
ga,1,int__tai30_20_04,4096,62.2690,1.9314
ga,1,int__tai30_20_04,8192,61.0883,3.8134
ga,1,int__tai30_20_04,16384,48.5113,7.5599
ga,1,int__tai30_20_04,32768,33.0082,14.4700
ga,1,int__tai30_20_04,65536,26.6427,28.3067
ga,1,int__tai30_20_04,131072,25.2310,55.8677
ga,1,int__tai30_20_04,262144,23.3060,111.5802
ga,1,int__tai30_20_04,524288,22.8439,252.9757
ga,1,int__tai30_20_04,1048576,22.8439,512.3674
ga,1,int__tai30_20_04,1588654,22.8439,800.0009
ga_sembrado,1,int__tai30_20_04,1,25.7957,0.0635
ga_sembrado,1,int__tai30_20_04,2,25.7957,0.0645
ga_sembrado,1,int__tai30_20_04,4,25.7957,0.0645
ga_sembrado,1,int__tai30_20_04,8,25.7957,0.0655
ga_sembrado,1,int__tai30_20_04,16,25.7957,0.0685
ga_sembrado,1,int__tai30_20_04,32,25.7957,0.0735
ga_sembrado,1,int__tai30_20_04,64,25.7957,0.0835
ga_sembrado,1,int__tai30_20_04,128,25.7957,0.1025
ga_sembrado,1,int__tai30_20_04,256,25.7957,0.1395
ga_sembrado,1,int__tai30_20_04,512,25.7957,0.2565
ga_sembrado,1,int__tai30_20_04,1024,25.7957,0.4826
ga_sembrado,1,int__tai30_20_04,2048,25.7957,0.9152
ga_sembrado,1,int__tai30_20_04,4096,25.7957,1.8198
ga_sembrado,1,int__tai30_20_04,8192,25.7957,3.6253
ga_sembrado,1,int__tai30_20_04,16384,24.4353,7.2185
ga_sembrado,1,int__tai30_20_04,32768,22.0226,14.4697
ga_sembrado,1,int__tai30_20_04,65536,20.8162,29.8867
ga_sembrado,1,int__tai30_20_04,131072,20.0719,60.2553
ga_sembrado,1,int__tai30_20_04,262144,19.5072,123.1304
ga_sembrado,1,int__tai30_20_04,524288,19.3018,254.1579
ga_sembrado,1,int__tai30_20_04,1048576,18.5832,503.1977
ga_sembrado,1,int__tai30_20_04,1638179,18.2752,800.0001
regla_bon,1,int__tai30_20_04,1,25.7957,0.0370
regla_bon,1,int__tai30_20_04,2,24.4097,0.0700
regla_bon,1,int__tai30_20_04,4,24.2556,0.1405
regla_bon,1,int__tai30_20_04,8,24.2556,0.2795
regla_bon,1,int__tai30_20_04,16,22.7156,0.5406
regla_bon,1,int__tai30_20_04,32,22.3306,1.0637
regla_bon,1,int__tai30_20_04,64,20.2515,2.1323
regla_bon,1,int__tai30_20_04,128,19.6099,4.2945
regla_bon,1,int__tai30_20_04,256,19.6099,8.5400
regla_bon,1,int__tai30_20_04,512,19.6099,16.9389
regla_bon,1,int__tai30_20_04,1024,19.6099,33.6182
regla_bon,1,int__tai30_20_04,2048,17.4795,67.4272
regla_bon,1,int__tai30_20_04,4096,17.4795,142.0314
regla_bon,1,int__tai30_20_04,8192,17.4795,268.3373
regla_bon,1,int__tai30_20_04,16384,17.1201,537.7215
regla_bon,1,int__tai30_20_04,24682,17.1201,800.0069
ga,1,int__tai30_20_05,1,126.6900,0.0650
ga,1,int__tai30_20_05,2,121.3320,0.0660
ga,1,int__tai30_20_05,4,112.8192,0.0660
ga,1,int__tai30_20_05,8,110.0401,0.0680
ga,1,int__tai30_20_05,16,99.4492,0.0700
ga,1,int__tai30_20_05,32,99.4492,0.0740
ga,1,int__tai30_20_05,64,91.7877,0.0820
ga,1,int__tai30_20_05,128,91.7877,0.1020
ga,1,int__tai30_20_05,256,82.9244,0.1380
ga,1,int__tai30_20_05,512,82.9244,0.2390
ga,1,int__tai30_20_05,1024,75.5633,0.4620
ga,1,int__tai30_20_05,2048,73.0095,0.9383
ga,1,int__tai30_20_05,4096,59.5393,1.9004
ga,1,int__tai30_20_05,8192,56.8353,3.7924
ga,1,int__tai30_20_05,16384,41.4121,7.5259
ga,1,int__tai30_20_05,32768,25.6635,14.5040
ga,1,int__tai30_20_05,65536,21.5073,28.2827
ga,1,int__tai30_20_05,131072,16.3746,55.6076
ga,1,int__tai30_20_05,262144,14.9725,111.0748
ga,1,int__tai30_20_05,524288,14.8222,252.2625
ga,1,int__tai30_20_05,1048576,12.7942,511.5767
ga,1,int__tai30_20_05,1590936,12.7942,800.0009
ga_sembrado,1,int__tai30_20_05,1,14.8723,0.0715
ga_sembrado,1,int__tai30_20_05,2,14.8723,0.0725
ga_sembrado,1,int__tai30_20_05,4,14.8723,0.0725
ga_sembrado,1,int__tai30_20_05,8,14.8723,0.0735
ga_sembrado,1,int__tai30_20_05,16,14.8723,0.0765
ga_sembrado,1,int__tai30_20_05,32,14.8723,0.0815
ga_sembrado,1,int__tai30_20_05,64,14.8723,0.0915
ga_sembrado,1,int__tai30_20_05,128,14.8723,0.1075
ga_sembrado,1,int__tai30_20_05,256,14.8723,0.1505
ga_sembrado,1,int__tai30_20_05,512,14.8723,0.2656
ga_sembrado,1,int__tai30_20_05,1024,14.8723,0.4956
ga_sembrado,1,int__tai30_20_05,2048,14.8723,0.9352
ga_sembrado,1,int__tai30_20_05,4096,14.8723,1.8418
ga_sembrado,1,int__tai30_20_05,8192,14.6470,3.6283
ga_sembrado,1,int__tai30_20_05,16384,14.2964,7.2175
ga_sembrado,1,int__tai30_20_05,32768,14.1963,14.3631
ga_sembrado,1,int__tai30_20_05,65536,14.0461,29.8547
ga_sembrado,1,int__tai30_20_05,131072,13.8207,59.9716
ga_sembrado,1,int__tai30_20_05,262144,13.8207,122.2845
ga_sembrado,1,int__tai30_20_05,524288,12.6189,253.3577
ga_sembrado,1,int__tai30_20_05,1048576,11.7176,501.6908
ga_sembrado,1,int__tai30_20_05,1645699,10.9664,800.0001
regla_bon,1,int__tai30_20_05,1,14.8723,0.0380
regla_bon,1,int__tai30_20_05,2,14.8723,0.0730
regla_bon,1,int__tai30_20_05,4,14.8723,0.1435
regla_bon,1,int__tai30_20_05,8,14.8723,0.2795
regla_bon,1,int__tai30_20_05,16,14.8723,0.5426
regla_bon,1,int__tai30_20_05,32,14.8723,1.0937
regla_bon,1,int__tai30_20_05,64,14.8723,2.1503
regla_bon,1,int__tai30_20_05,128,14.8723,4.3355
regla_bon,1,int__tai30_20_05,256,15.2479,8.5630
regla_bon,1,int__tai30_20_05,512,15.2479,17.1015
regla_bon,1,int__tai30_20_05,1024,13.9960,34.0542
regla_bon,1,int__tai30_20_05,2048,14.6219,68.3597
regla_bon,1,int__tai30_20_05,4096,14.6219,143.3343
regla_bon,1,int__tai30_20_05,8192,13.8708,270.6345
regla_bon,1,int__tai30_20_05,16384,13.1948,545.1575
regla_bon,1,int__tai30_20_05,24393,13.1948,800.0049
ga,1,int__tai30_20_06,1,149.7956,0.0730
ga,1,int__tai30_20_06,2,118.0889,0.0730
ga,1,int__tai30_20_06,4,102.8871,0.0740
ga,1,int__tai30_20_06,8,102.8871,0.0750
ga,1,int__tai30_20_06,16,102.8871,0.0770
ga,1,int__tai30_20_06,32,102.7593,0.0800
ga,1,int__tai30_20_06,64,102.7593,0.0900
ga,1,int__tai30_20_06,128,102.7593,0.1080
ga,1,int__tai30_20_06,256,94.7368,0.1440
ga,1,int__tai30_20_06,512,92.0797,0.2490
ga,1,int__tai30_20_06,1024,85.8457,0.4816
ga,1,int__tai30_20_06,2048,76.4180,0.9433
ga,1,int__tai30_20_06,4096,71.7425,1.9115
ga,1,int__tai30_20_06,8192,60.9351,3.8164
ga,1,int__tai30_20_06,16384,46.9852,7.5215
ga,1,int__tai30_20_06,32768,31.2468,14.4076
ga,1,int__tai30_20_06,65536,27.1589,28.1387
ga,1,int__tai30_20_06,131072,26.2647,55.5046
ga,1,int__tai30_20_06,262144,21.1804,110.8358
ga,1,int__tai30_20_06,524288,19.6219,251.3857
ga,1,int__tai30_20_06,1048576,19.5963,509.4608
ga,1,int__tai30_20_06,1596935,19.5963,800.0004
ga_sembrado,1,int__tai30_20_06,1,22.4323,0.0650
ga_sembrado,1,int__tai30_20_06,2,22.4323,0.0660
ga_sembrado,1,int__tai30_20_06,4,22.4323,0.0660
ga_sembrado,1,int__tai30_20_06,8,22.4323,0.0670
ga_sembrado,1,int__tai30_20_06,16,22.4323,0.0690
ga_sembrado,1,int__tai30_20_06,32,22.4323,0.0730
ga_sembrado,1,int__tai30_20_06,64,22.4323,0.0820
ga_sembrado,1,int__tai30_20_06,128,22.4323,0.1010
ga_sembrado,1,int__tai30_20_06,256,22.4323,0.1400
ga_sembrado,1,int__tai30_20_06,512,22.4323,0.2490
ga_sembrado,1,int__tai30_20_06,1024,22.4323,0.4711
ga_sembrado,1,int__tai30_20_06,2048,22.4323,0.9222
ga_sembrado,1,int__tai30_20_06,4096,22.4323,1.8268
ga_sembrado,1,int__tai30_20_06,8192,21.8702,3.6239
ga_sembrado,1,int__tai30_20_06,16384,21.1804,7.2126
ga_sembrado,1,int__tai30_20_06,32768,20.9760,14.4082
ga_sembrado,1,int__tai30_20_06,65536,20.5161,29.7632
ga_sembrado,1,int__tai30_20_06,131072,20.4394,59.8852
ga_sembrado,1,int__tai30_20_06,262144,17.9356,122.5274
ga_sembrado,1,int__tai30_20_06,524288,17.6035,253.4973
ga_sembrado,1,int__tai30_20_06,1048576,16.8114,501.4607
ga_sembrado,1,int__tai30_20_06,1646064,16.8114,800.0001
regla_bon,1,int__tai30_20_06,1,22.4323,0.0450
regla_bon,1,int__tai30_20_06,2,22.4323,0.0790
regla_bon,1,int__tai30_20_06,4,22.4323,0.1430
regla_bon,1,int__tai30_20_06,8,22.4323,0.2690
regla_bon,1,int__tai30_20_06,16,22.4323,0.5421
regla_bon,1,int__tai30_20_06,32,22.4323,1.0823
regla_bon,1,int__tai30_20_06,64,22.4323,2.1388
regla_bon,1,int__tai30_20_06,128,21.4103,4.2775
regla_bon,1,int__tai30_20_06,256,21.4103,8.5165
regla_bon,1,int__tai30_20_06,512,20.0818,16.9600
regla_bon,1,int__tai30_20_06,1024,20.0818,33.7138
regla_bon,1,int__tai30_20_06,2048,19.3153,67.6293
regla_bon,1,int__tai30_20_06,4096,19.9540,142.7255
regla_bon,1,int__tai30_20_06,8192,19.9540,269.1499
regla_bon,1,int__tai30_20_06,16384,18.4722,539.4153
regla_bon,1,int__tai30_20_06,24617,18.4722,800.0304
ga,1,int__tai30_20_07,1,168.7880,0.0670
ga,1,int__tai30_20_07,2,136.9120,0.0670
ga,1,int__tai30_20_07,4,117.6536,0.0670
ga,1,int__tai30_20_07,8,117.6536,0.0680
ga,1,int__tai30_20_07,16,117.6536,0.0700
ga,1,int__tai30_20_07,32,110.9297,0.0740
ga,1,int__tai30_20_07,64,110.9297,0.0830
ga,1,int__tai30_20_07,128,100.4427,0.1010
ga,1,int__tai30_20_07,256,96.3752,0.1340
ga,1,int__tai30_20_07,512,96.3752,0.2360
ga,1,int__tai30_20_07,1024,91.8650,0.4546
ga,1,int__tai30_20_07,2048,88.4062,0.9223
ga,1,int__tai30_20_07,4096,78.3896,1.8975
ga,1,int__tai30_20_07,8192,65.3016,3.7264
ga,1,int__tai30_20_07,16384,60.2380,7.3459
ga,1,int__tai30_20_07,32768,35.4455,14.1695
ga,1,int__tai30_20_07,65536,28.1406,27.9656
ga,1,int__tai30_20_07,131072,25.5119,55.4366
ga,1,int__tai30_20_07,262144,23.5750,110.5188
ga,1,int__tai30_20_07,524288,21.9424,251.1977
ga,1,int__tai30_20_07,1048576,20.6419,509.5208
ga,1,int__tai30_20_07,1597183,20.5313,800.0004
ga_sembrado,1,int__tai30_20_07,1,25.6226,0.0640
ga_sembrado,1,int__tai30_20_07,2,25.6226,0.0640
ga_sembrado,1,int__tai30_20_07,4,25.6226,0.0650
ga_sembrado,1,int__tai30_20_07,8,25.6226,0.0660
ga_sembrado,1,int__tai30_20_07,16,25.6226,0.0690
ga_sembrado,1,int__tai30_20_07,32,25.6226,0.0740
ga_sembrado,1,int__tai30_20_07,64,25.6226,0.0840
ga_sembrado,1,int__tai30_20_07,128,25.6226,0.1010
ga_sembrado,1,int__tai30_20_07,256,25.6226,0.1381
ga_sembrado,1,int__tai30_20_07,512,25.6226,0.2490
ga_sembrado,1,int__tai30_20_07,1024,25.6226,0.4661
ga_sembrado,1,int__tai30_20_07,2048,25.6226,0.9092
ga_sembrado,1,int__tai30_20_07,4096,26.0376,1.7988
ga_sembrado,1,int__tai30_20_07,8192,25.1799,3.5743
ga_sembrado,1,int__tai30_20_07,16384,24.2667,7.1595
ga_sembrado,1,int__tai30_20_07,32768,21.5551,14.3262
ga_sembrado,1,int__tai30_20_07,65536,20.3929,29.5487
ga_sembrado,1,int__tai30_20_07,131072,19.2308,59.8271
ga_sembrado,1,int__tai30_20_07,262144,19.2308,122.4134
ga_sembrado,1,int__tai30_20_07,524288,18.6497,252.7313
ga_sembrado,1,int__tai30_20_07,1048576,17.8473,498.7924
ga_sembrado,1,int__tai30_20_07,1653284,17.5706,800.0001
regla_bon,1,int__tai30_20_07,1,25.6226,0.0390
regla_bon,1,int__tai30_20_07,2,25.6226,0.0740
regla_bon,1,int__tai30_20_07,4,24.5434,0.1410
regla_bon,1,int__tai30_20_07,8,24.5434,0.2670
regla_bon,1,int__tai30_20_07,16,22.5512,0.5311
regla_bon,1,int__tai30_20_07,32,21.4997,1.0712
regla_bon,1,int__tai30_20_07,64,21.4997,2.1448
regla_bon,1,int__tai30_20_07,128,21.2507,4.3335
regla_bon,1,int__tai30_20_07,256,21.2507,8.5285
regla_bon,1,int__tai30_20_07,512,21.2507,16.9905
regla_bon,1,int__tai30_20_07,1024,20.7803,33.8211
regla_bon,1,int__tai30_20_07,2048,20.5036,67.8955
regla_bon,1,int__tai30_20_07,4096,20.3652,142.3175
regla_bon,1,int__tai30_20_07,8192,19.2861,268.7473
regla_bon,1,int__tai30_20_07,16384,19.4798,540.7273
regla_bon,1,int__tai30_20_07,24578,19.1754,800.0134
ga,1,int__tai30_20_08,1,135.2249,0.0630
ga,1,int__tai30_20_08,2,125.2092,0.0630
ga,1,int__tai30_20_08,4,118.2531,0.0630
ga,1,int__tai30_20_08,8,118.2531,0.0650
ga,1,int__tai30_20_08,16,118.2531,0.0670
ga,1,int__tai30_20_08,32,103.0858,0.0720
ga,1,int__tai30_20_08,64,91.6056,0.0810
ga,1,int__tai30_20_08,128,86.7155,0.1010
ga,1,int__tai30_20_08,256,85.0418,0.1370
ga,1,int__tai30_20_08,512,76.4121,0.2430
ga,1,int__tai30_20_08,1024,76.4121,0.4706
ga,1,int__tai30_20_08,2048,75.6799,0.9663
ga,1,int__tai30_20_08,4096,65.5596,1.8975
ga,1,int__tai30_20_08,8192,57.8713,3.7514
ga,1,int__tai30_20_08,16384,47.1234,7.4189
ga,1,int__tai30_20_08,32768,34.0481,14.2325
ga,1,int__tai30_20_08,65536,25.5753,27.9061
ga,1,int__tai30_20_08,131072,22.7249,55.2580
ga,1,int__tai30_20_08,262144,20.5021,110.5018
ga,1,int__tai30_20_08,524288,19.2469,250.7721
ga,1,int__tai30_20_08,1048576,18.7762,507.2855
ga,1,int__tai30_20_08,1603485,18.6192,800.0004
ga_sembrado,1,int__tai30_20_08,1,21.0513,0.0800
ga_sembrado,1,int__tai30_20_08,2,21.0513,0.0810
ga_sembrado,1,int__tai30_20_08,4,21.0513,0.0810
ga_sembrado,1,int__tai30_20_08,8,21.0513,0.0820
ga_sembrado,1,int__tai30_20_08,16,21.0513,0.0850
ga_sembrado,1,int__tai30_20_08,32,21.0513,0.0890
ga_sembrado,1,int__tai30_20_08,64,21.0513,0.0980
ga_sembrado,1,int__tai30_20_08,128,21.0513,0.1180
ga_sembrado,1,int__tai30_20_08,256,21.0513,0.1550
ga_sembrado,1,int__tai30_20_08,512,21.0513,0.2700
ga_sembrado,1,int__tai30_20_08,1024,21.0513,0.4951
ga_sembrado,1,int__tai30_20_08,2048,21.0513,0.9252
ga_sembrado,1,int__tai30_20_08,4096,21.0513,1.8228
ga_sembrado,1,int__tai30_20_08,8192,19.7437,3.5933
ga_sembrado,1,int__tai30_20_08,16384,19.3515,7.1945
ga_sembrado,1,int__tai30_20_08,32768,18.8023,14.3711
ga_sembrado,1,int__tai30_20_08,65536,18.0439,29.6602
ga_sembrado,1,int__tai30_20_08,131072,17.3117,59.7016
ga_sembrado,1,int__tai30_20_08,262144,16.8933,121.6673
ga_sembrado,1,int__tai30_20_08,524288,16.8933,251.5416
ga_sembrado,1,int__tai30_20_08,1048576,16.8933,496.9099
ga_sembrado,1,int__tai30_20_08,1656756,15.6904,800.0001
regla_bon,1,int__tai30_20_08,1,21.0513,0.0410
regla_bon,1,int__tai30_20_08,2,21.0513,0.0760
regla_bon,1,int__tai30_20_08,4,21.0513,0.1380
regla_bon,1,int__tai30_20_08,8,21.0513,0.2610
regla_bon,1,int__tai30_20_08,16,21.0513,0.5191
regla_bon,1,int__tai30_20_08,32,21.0513,1.0533
regla_bon,1,int__tai30_20_08,64,21.0513,2.1008
regla_bon,1,int__tai30_20_08,128,18.7238,4.2515
regla_bon,1,int__tai30_20_08,256,18.7238,8.4375
regla_bon,1,int__tai30_20_08,512,18.7238,16.8674
regla_bon,1,int__tai30_20_08,1024,18.7238,33.7350
regla_bon,1,int__tai30_20_08,2048,18.4362,67.5733
regla_bon,1,int__tai30_20_08,4096,19.8745,142.5785
regla_bon,1,int__tai30_20_08,8192,17.7301,268.8453
regla_bon,1,int__tai30_20_08,16384,17.2333,538.9228
regla_bon,1,int__tai30_20_08,24658,17.2333,800.0175
ga,1,int__tai30_20_09,1,124.9094,0.0760
ga,1,int__tai30_20_09,2,124.9094,0.0760
ga,1,int__tai30_20_09,4,109.3475,0.0760
ga,1,int__tai30_20_09,8,109.3475,0.0780
ga,1,int__tai30_20_09,16,95.9089,0.0800
ga,1,int__tai30_20_09,32,94.1481,0.0860
ga,1,int__tai30_20_09,64,94.1481,0.0940
ga,1,int__tai30_20_09,128,94.1481,0.1120
ga,1,int__tai30_20_09,256,86.3542,0.1540
ga,1,int__tai30_20_09,512,80.0880,0.2590
ga,1,int__tai30_20_09,1024,80.0880,0.4850
ga,1,int__tai30_20_09,2048,74.9871,0.9286
ga,1,int__tai30_20_09,4096,67.1932,1.8471
ga,1,int__tai30_20_09,8192,59.5805,3.6345
ga,1,int__tai30_20_09,16384,43.2160,7.3577
ga,1,int__tai30_20_09,32768,31.1756,14.8196
ga,1,int__tai30_20_09,65536,24.6763,29.7230
ga,1,int__tai30_20_09,131072,22.5013,58.9200
ga,1,int__tai30_20_09,262144,18.9539,120.3852
ga,1,int__tai30_20_09,524288,17.4521,247.8247
ga,1,int__tai30_20_09,1048576,17.2450,493.5243
ga,1,int__tai30_20_09,1658724,16.9860,800.0003
ga_sembrado,1,int__tai30_20_09,1,20.1191,0.0880
ga_sembrado,1,int__tai30_20_09,2,20.1191,0.0880
ga_sembrado,1,int__tai30_20_09,4,20.1191,0.0890
ga_sembrado,1,int__tai30_20_09,8,20.1191,0.0900
ga_sembrado,1,int__tai30_20_09,16,20.1191,0.0920
ga_sembrado,1,int__tai30_20_09,32,20.1191,0.0980
ga_sembrado,1,int__tai30_20_09,64,20.1191,0.1120
ga_sembrado,1,int__tai30_20_09,128,20.1191,0.1375
ga_sembrado,1,int__tai30_20_09,256,20.1191,0.1816
ga_sembrado,1,int__tai30_20_09,512,20.1191,0.3246
ga_sembrado,1,int__tai30_20_09,1024,20.1191,0.5651
ga_sembrado,1,int__tai30_20_09,2048,20.1191,1.0282
ga_sembrado,1,int__tai30_20_09,4096,20.1191,1.9698
ga_sembrado,1,int__tai30_20_09,8192,20.2486,3.8632
ga_sembrado,1,int__tai30_20_09,16384,19.7825,7.6518
ga_sembrado,1,int__tai30_20_09,32768,19.4977,16.1968
ga_sembrado,1,int__tai30_20_09,65536,19.8343,36.5322
ga_sembrado,1,int__tai30_20_09,131072,19.5236,71.9617
ga_sembrado,1,int__tai30_20_09,262144,18.0994,131.2651
ga_sembrado,1,int__tai30_20_09,524288,17.7110,260.7967
ga_sembrado,1,int__tai30_20_09,1048576,17.7110,520.7282
ga_sembrado,1,int__tai30_20_09,1642943,17.5039,800.0011
regla_bon,1,int__tai30_20_09,1,20.1191,0.0570
regla_bon,1,int__tai30_20_09,2,20.1191,0.1030
regla_bon,1,int__tai30_20_09,4,20.1191,0.1940
regla_bon,1,int__tai30_20_09,8,20.1191,0.4420
regla_bon,1,int__tai30_20_09,16,20.1191,0.7910
regla_bon,1,int__tai30_20_09,32,20.1191,1.4438
regla_bon,1,int__tai30_20_09,64,20.1191,2.6100
regla_bon,1,int__tai30_20_09,128,19.0575,5.0069
regla_bon,1,int__tai30_20_09,256,18.8244,9.0589
regla_bon,1,int__tai30_20_09,512,18.8244,17.8026
regla_bon,1,int__tai30_20_09,1024,18.8244,34.4017
regla_bon,1,int__tai30_20_09,2048,18.5396,69.0296
regla_bon,1,int__tai30_20_09,4096,18.5396,135.9634
regla_bon,1,int__tai30_20_09,8192,18.1771,277.1880
regla_bon,1,int__tai30_20_09,16384,17.8664,537.8455
regla_bon,1,int__tai30_20_09,24095,17.8664,800.0037
ga,1,int__tai30_20_10,1,160.7201,0.0776
ga,1,int__tai30_20_10,2,133.1151,0.0776
ga,1,int__tai30_20_10,4,133.1151,0.0786
ga,1,int__tai30_20_10,8,120.7856,0.0796
ga,1,int__tai30_20_10,16,116.8031,0.0816
ga,1,int__tai30_20_10,32,111.6203,0.0866
ga,1,int__tai30_20_10,64,110.8292,0.0986
ga,1,int__tai30_20_10,128,103.3824,0.1146
ga,1,int__tai30_20_10,256,94.8172,0.1546
ga,1,int__tai30_20_10,512,94.8172,0.2716
ga,1,int__tai30_20_10,1024,84.5608,0.4866
ga,1,int__tai30_20_10,2048,82.0240,0.9291
ga,1,int__tai30_20_10,4096,76.9776,1.8466
ga,1,int__tai30_20_10,8192,65.7392,3.6194
ga,1,int__tai30_20_10,16384,50.8456,7.3342
ga,1,int__tai30_20_10,32768,36.5521,14.6866
ga,1,int__tai30_20_10,65536,29.5963,29.5124
ga,1,int__tai30_20_10,131072,25.3137,58.6399
ga,1,int__tai30_20_10,262144,24.1680,119.0217
ga,1,int__tai30_20_10,524288,21.5221,245.7186
ga,1,int__tai30_20_10,1048576,21.5221,489.6130
ga,1,int__tai30_20_10,1671120,20.4310,800.0008
ga_sembrado,1,int__tai30_20_10,1,31.2602,0.0880
ga_sembrado,1,int__tai30_20_10,2,31.2602,0.0880
ga_sembrado,1,int__tai30_20_10,4,31.2602,0.0890
ga_sembrado,1,int__tai30_20_10,8,31.2602,0.0900
ga_sembrado,1,int__tai30_20_10,16,31.2602,0.0930
ga_sembrado,1,int__tai30_20_10,32,31.2602,0.0990
ga_sembrado,1,int__tai30_20_10,64,31.2602,0.1100
ga_sembrado,1,int__tai30_20_10,128,31.2602,0.1380
ga_sembrado,1,int__tai30_20_10,256,31.2602,0.1866
ga_sembrado,1,int__tai30_20_10,512,31.2602,0.3376
ga_sembrado,1,int__tai30_20_10,1024,31.2602,0.5856
ga_sembrado,1,int__tai30_20_10,2048,31.2602,1.0422
ga_sembrado,1,int__tai30_20_10,4096,31.2602,1.9628
ga_sembrado,1,int__tai30_20_10,8192,30.9875,3.8642
ga_sembrado,1,int__tai30_20_10,16384,30.9056,7.6288
ga_sembrado,1,int__tai30_20_10,32768,30.4965,16.0522
ga_sembrado,1,int__tai30_20_10,65536,29.8691,35.8675
ga_sembrado,1,int__tai30_20_10,131072,29.2144,71.1146
ga_sembrado,1,int__tai30_20_10,262144,27.3050,130.1724
ga_sembrado,1,int__tai30_20_10,524288,27.2777,259.8517
ga_sembrado,1,int__tai30_20_10,1048576,26.8412,518.2667
ga_sembrado,1,int__tai30_20_10,1649351,26.8412,800.0011
regla_bon,1,int__tai30_20_10,1,31.2602,0.0560
regla_bon,1,int__tai30_20_10,2,30.6874,0.1130
regla_bon,1,int__tai30_20_10,4,30.9602,0.2230
regla_bon,1,int__tai30_20_10,8,29.0507,0.4900
regla_bon,1,int__tai30_20_10,16,28.3415,0.7950
regla_bon,1,int__tai30_20_10,32,28.5870,1.5408
regla_bon,1,int__tai30_20_10,64,28.5870,2.7070
regla_bon,1,int__tai30_20_10,128,28.5870,5.0779
regla_bon,1,int__tai30_20_10,256,27.3595,9.1439
regla_bon,1,int__tai30_20_10,512,25.9684,17.8936
regla_bon,1,int__tai30_20_10,1024,25.3955,34.5892
regla_bon,1,int__tai30_20_10,2048,25.3955,69.2627
regla_bon,1,int__tai30_20_10,4096,25.3955,136.2970
regla_bon,1,int__tai30_20_10,8192,24.9318,277.1125
regla_bon,1,int__tai30_20_10,16384,24.9318,538.5552
regla_bon,1,int__tai30_20_10,24110,24.1680,800.0027
ga,1,int__tai50_15_01,1,93.5326,0.1065
ga,1,int__tai50_15_01,2,87.6812,0.1075
ga,1,int__tai50_15_01,4,79.1304,0.1075
ga,1,int__tai50_15_01,8,79.1304,0.1095
ga,1,int__tai50_15_01,16,79.1304,0.1125
ga,1,int__tai50_15_01,32,75.6341,0.1195
ga,1,int__tai50_15_01,64,73.9493,0.1325
ga,1,int__tai50_15_01,128,70.7971,0.1575
ga,1,int__tai50_15_01,256,66.1594,0.2055
ga,1,int__tai50_15_01,512,66.1594,0.3485
ga,1,int__tai50_15_01,1024,64.6014,0.6210
ga,1,int__tai50_15_01,2048,53.2971,1.1771
ga,1,int__tai50_15_01,4096,51.3587,2.3590
ga,1,int__tai50_15_01,8192,46.1413,4.6114
ga,1,int__tai50_15_01,16384,30.4710,9.4596
ga,1,int__tai50_15_01,32768,21.7029,18.6026
ga,1,int__tai50_15_01,65536,16.0507,37.0622
ga,1,int__tai50_15_01,131072,13.5507,73.3863
ga,1,int__tai50_15_01,262144,11.8478,153.0385
ga,1,int__tai50_15_01,524288,9.2391,309.7728
ga,1,int__tai50_15_01,1048576,8.4601,623.8697
ga,1,int__tai50_15_01,1328775,8.0435,800.0008
ga_sembrado,1,int__tai50_15_01,1,23.2428,0.1150
ga_sembrado,1,int__tai50_15_01,2,23.2428,0.1160
ga_sembrado,1,int__tai50_15_01,4,23.2428,0.1180
ga_sembrado,1,int__tai50_15_01,8,23.2428,0.1200
ga_sembrado,1,int__tai50_15_01,16,23.2428,0.1225
ga_sembrado,1,int__tai50_15_01,32,23.2428,0.1295
ga_sembrado,1,int__tai50_15_01,64,23.2428,0.1435
ga_sembrado,1,int__tai50_15_01,128,23.2428,0.1836
ga_sembrado,1,int__tai50_15_01,256,23.2428,0.2636
ga_sembrado,1,int__tai50_15_01,512,23.2428,0.4216
ga_sembrado,1,int__tai50_15_01,1024,23.2428,0.7137
ga_sembrado,1,int__tai50_15_01,2048,23.2428,1.2933
ga_sembrado,1,int__tai50_15_01,4096,23.2428,2.4756
ga_sembrado,1,int__tai50_15_01,8192,22.7355,4.9368
ga_sembrado,1,int__tai50_15_01,16384,22.4457,9.9161
ga_sembrado,1,int__tai50_15_01,32768,20.8514,20.4283
ga_sembrado,1,int__tai50_15_01,65536,20.5072,45.1856
ga_sembrado,1,int__tai50_15_01,131072,18.7862,86.3738
ga_sembrado,1,int__tai50_15_01,262144,16.9203,160.9103
ga_sembrado,1,int__tai50_15_01,524288,16.4674,331.3018
ga_sembrado,1,int__tai50_15_01,1048576,16.4674,640.2423
ga_sembrado,1,int__tai50_15_01,1317742,16.4674,800.0011
regla_bon,1,int__tai50_15_01,1,23.2428,0.1100
regla_bon,1,int__tai50_15_01,2,23.2428,0.2050
regla_bon,1,int__tai50_15_01,4,22.7174,0.4570
regla_bon,1,int__tai50_15_01,8,19.1123,0.7780
regla_bon,1,int__tai50_15_01,16,19.1123,1.4257
regla_bon,1,int__tai50_15_01,32,18.4783,2.6060
regla_bon,1,int__tai50_15_01,64,18.4783,4.8869
regla_bon,1,int__tai50_15_01,128,18.4783,8.8954
regla_bon,1,int__tai50_15_01,256,18.4783,17.5430
regla_bon,1,int__tai50_15_01,512,18.4783,33.7959
regla_bon,1,int__tai50_15_01,1024,18.4420,68.1818
regla_bon,1,int__tai50_15_01,2048,18.1341,134.5449
regla_bon,1,int__tai50_15_01,4096,18.1341,274.3884
regla_bon,1,int__tai50_15_01,8192,17.0833,533.3995
regla_bon,1,int__tai50_15_01,12167,17.0833,800.0577
ga,1,int__tai50_15_02,1,91.5820,0.0920
ga,1,int__tai50_15_02,2,91.5820,0.0920
ga,1,int__tai50_15_02,4,91.5820,0.0930
ga,1,int__tai50_15_02,8,85.4136,0.0940
ga,1,int__tai50_15_02,16,79.9710,0.0960
ga,1,int__tai50_15_02,32,70.3737,0.1020
ga,1,int__tai50_15_02,64,70.3737,0.1130
ga,1,int__tai50_15_02,128,64.8766,0.1380
ga,1,int__tai50_15_02,256,64.8766,0.1850
ga,1,int__tai50_15_02,512,64.8766,0.3270
ga,1,int__tai50_15_02,1024,64.8766,0.6040
ga,1,int__tai50_15_02,2048,56.4405,1.1527
ga,1,int__tai50_15_02,4096,54.9710,2.3015
ga,1,int__tai50_15_02,8192,41.4369,4.5369
ga,1,int__tai50_15_02,16384,29.1727,9.3880
ga,1,int__tai50_15_02,32768,20.6821,18.4871
ga,1,int__tai50_15_02,65536,17.6524,36.9847
ga,1,int__tai50_15_02,131072,14.7859,73.2998
ga,1,int__tai50_15_02,262144,12.1009,151.9568
ga,1,int__tai50_15_02,524288,10.8491,308.7480
ga,1,int__tai50_15_02,1048576,10.8491,623.2990
ga,1,int__tai50_15_02,1328602,10.8491,800.0007
ga_sembrado,1,int__tai50_15_02,1,12.7358,0.1290
ga_sembrado,1,int__tai50_15_02,2,12.7358,0.1300
ga_sembrado,1,int__tai50_15_02,4,12.7358,0.1310
ga_sembrado,1,int__tai50_15_02,8,12.7358,0.1320
ga_sembrado,1,int__tai50_15_02,16,12.7358,0.1350
ga_sembrado,1,int__tai50_15_02,32,12.7358,0.1410
ga_sembrado,1,int__tai50_15_02,64,12.7358,0.1540
ga_sembrado,1,int__tai50_15_02,128,12.7358,0.1850
ga_sembrado,1,int__tai50_15_02,256,12.7358,0.2400
ga_sembrado,1,int__tai50_15_02,512,12.7358,0.3896
ga_sembrado,1,int__tai50_15_02,1024,12.7358,0.6836
ga_sembrado,1,int__tai50_15_02,2048,12.7358,1.2828
ga_sembrado,1,int__tai50_15_02,4096,12.7358,2.4711
ga_sembrado,1,int__tai50_15_02,8192,12.3549,4.9329
ga_sembrado,1,int__tai50_15_02,16384,12.2097,10.0221
ga_sembrado,1,int__tai50_15_02,32768,12.2097,20.7539
ga_sembrado,1,int__tai50_15_02,65536,11.9376,45.8868
ga_sembrado,1,int__tai50_15_02,131072,11.9013,87.2445
ga_sembrado,1,int__tai50_15_02,262144,10.8853,162.5528
ga_sembrado,1,int__tai50_15_02,524288,10.8853,332.9875
ga_sembrado,1,int__tai50_15_02,1048576,10.7039,642.9765
ga_sembrado,1,int__tai50_15_02,1312482,10.7039,800.0006
regla_bon,1,int__tai50_15_02,1,12.7358,0.1650
regla_bon,1,int__tai50_15_02,2,12.7358,0.2930
regla_bon,1,int__tai50_15_02,4,12.7358,0.4500
regla_bon,1,int__tai50_15_02,8,12.7358,0.8250
regla_bon,1,int__tai50_15_02,16,12.7358,1.5199
regla_bon,1,int__tai50_15_02,32,12.4456,2.6626
regla_bon,1,int__tai50_15_02,64,12.4456,5.0039
regla_bon,1,int__tai50_15_02,128,12.4456,8.9179
regla_bon,1,int__tai50_15_02,256,12.3549,17.5136
regla_bon,1,int__tai50_15_02,512,12.3549,33.5999
regla_bon,1,int__tai50_15_02,1024,12.3549,67.4997
regla_bon,1,int__tai50_15_02,2048,11.0486,132.8789
regla_bon,1,int__tai50_15_02,4096,11.0486,270.2919
regla_bon,1,int__tai50_15_02,8192,10.8853,526.5231
regla_bon,1,int__tai50_15_02,12342,10.8853,800.0667
ga,1,int__tai50_15_03,1,93.0622,0.0890
ga,1,int__tai50_15_03,2,75.8925,0.0890
ga,1,int__tai50_15_03,4,67.5193,0.0900
ga,1,int__tai50_15_03,8,67.5193,0.0920
ga,1,int__tai50_15_03,16,67.5193,0.0940
ga,1,int__tai50_15_03,32,62.8819,0.0990
ga,1,int__tai50_15_03,64,62.8819,0.1110
ga,1,int__tai50_15_03,128,62.8819,0.1340
ga,1,int__tai50_15_03,256,62.8819,0.1840
ga,1,int__tai50_15_03,512,59.5510,0.3300
ga,1,int__tai50_15_03,1024,56.4225,0.6010
ga,1,int__tai50_15_03,2048,53.9198,1.1427
ga,1,int__tai50_15_03,4096,47.3316,2.2695
ga,1,int__tai50_15_03,8192,41.9580,4.5049
ga,1,int__tai50_15_03,16384,27.6224,9.3405
ga,1,int__tai50_15_03,32768,18.4763,18.5041
ga,1,int__tai50_15_03,65536,15.3294,36.9597
ga,1,int__tai50_15_03,131072,11.2440,73.1138
ga,1,int__tai50_15_03,262144,8.7045,151.3613
ga,1,int__tai50_15_03,524288,6.5513,307.4634
ga,1,int__tai50_15_03,1048576,6.1097,620.5074
ga,1,int__tai50_15_03,1335427,5.9625,800.0027
ga_sembrado,1,int__tai50_15_03,1,11.7593,0.1350
ga_sembrado,1,int__tai50_15_03,2,11.7593,0.1350
ga_sembrado,1,int__tai50_15_03,4,11.7593,0.1360
ga_sembrado,1,int__tai50_15_03,8,11.7593,0.1380
ga_sembrado,1,int__tai50_15_03,16,11.7593,0.1410
ga_sembrado,1,int__tai50_15_03,32,11.7593,0.1470
ga_sembrado,1,int__tai50_15_03,64,11.7593,0.1600
ga_sembrado,1,int__tai50_15_03,128,11.7593,0.1840
ga_sembrado,1,int__tai50_15_03,256,11.7593,0.2390
ga_sembrado,1,int__tai50_15_03,512,11.7593,0.3836
ga_sembrado,1,int__tai50_15_03,1024,11.7593,0.6886
ga_sembrado,1,int__tai50_15_03,2048,11.7593,1.2688
ga_sembrado,1,int__tai50_15_03,4096,11.7593,2.4491
ga_sembrado,1,int__tai50_15_03,8192,11.3728,4.8819
ga_sembrado,1,int__tai50_15_03,16384,10.8392,9.8676
ga_sembrado,1,int__tai50_15_03,32768,10.5079,20.5369
ga_sembrado,1,int__tai50_15_03,65536,8.3916,45.6737
ga_sembrado,1,int__tai50_15_03,131072,6.6434,86.3533
ga_sembrado,1,int__tai50_15_03,262144,6.5329,161.0288
ga_sembrado,1,int__tai50_15_03,524288,6.4041,330.9447
ga_sembrado,1,int__tai50_15_03,1048576,5.1527,639.7656
ga_sembrado,1,int__tai50_15_03,1319764,5.1527,800.0056
regla_bon,1,int__tai50_15_03,1,11.7593,0.2070
regla_bon,1,int__tai50_15_03,2,11.7593,0.2880
regla_bon,1,int__tai50_15_03,4,11.4096,0.4290
regla_bon,1,int__tai50_15_03,8,11.4096,0.7270
regla_bon,1,int__tai50_15_03,16,11.0968,1.4038
regla_bon,1,int__tai50_15_03,32,9.1829,2.5551
regla_bon,1,int__tai50_15_03,64,9.1829,4.8729
regla_bon,1,int__tai50_15_03,128,8.8885,8.8719
regla_bon,1,int__tai50_15_03,256,8.8885,17.6426
regla_bon,1,int__tai50_15_03,512,8.7965,34.2097
regla_bon,1,int__tai50_15_03,1024,8.1156,68.6665
regla_bon,1,int__tai50_15_03,2048,8.1156,134.8686
regla_bon,1,int__tai50_15_03,4096,8.1156,275.1571
regla_bon,1,int__tai50_15_03,8192,8.1156,534.0045
regla_bon,1,int__tai50_15_03,12150,5.9625,800.0587
ga,1,int__tai50_15_04,1,82.3353,0.0940
ga,1,int__tai50_15_04,2,72.2085,0.0950
ga,1,int__tai50_15_04,4,69.6020,0.0950
ga,1,int__tai50_15_04,8,66.4142,0.0970
ga,1,int__tai50_15_04,16,64.2128,0.0990
ga,1,int__tai50_15_04,32,64.2128,0.1040
ga,1,int__tai50_15_04,64,64.2128,0.1140
ga,1,int__tai50_15_04,128,62.7334,0.1370
ga,1,int__tai50_15_04,256,57.0976,0.1830
ga,1,int__tai50_15_04,512,51.9549,0.3220
ga,1,int__tai50_15_04,1024,51.9901,0.6010
ga,1,int__tai50_15_04,2048,48.9081,1.1827
ga,1,int__tai50_15_04,4096,46.7594,2.3235
ga,1,int__tai50_15_04,8192,33.2159,4.5649
ga,1,int__tai50_15_04,16384,24.6918,9.3920
ga,1,int__tai50_15_04,32768,14.4417,18.4741
ga,1,int__tai50_15_04,65536,10.3734,36.8786
ga,1,int__tai50_15_04,131072,8.5065,73.0787
ga,1,int__tai50_15_04,262144,7.6788,151.8928
ga,1,int__tai50_15_04,524288,5.6534,308.3702
ga,1,int__tai50_15_04,1048576,4.3677,620.9881
ga,1,int__tai50_15_04,1334098,3.9274,800.0017
ga_sembrado,1,int__tai50_15_04,1,8.2071,0.1300
ga_sembrado,1,int__tai50_15_04,2,8.2071,0.1300
ga_sembrado,1,int__tai50_15_04,4,8.2071,0.1310
ga_sembrado,1,int__tai50_15_04,8,8.2071,0.1320
ga_sembrado,1,int__tai50_15_04,16,8.2071,0.1360
ga_sembrado,1,int__tai50_15_04,32,8.2071,0.1420
ga_sembrado,1,int__tai50_15_04,64,8.2071,0.1520
ga_sembrado,1,int__tai50_15_04,128,8.2071,0.1790
ga_sembrado,1,int__tai50_15_04,256,8.2071,0.2320
ga_sembrado,1,int__tai50_15_04,512,8.2071,0.3846
ga_sembrado,1,int__tai50_15_04,1024,8.2071,0.6756
ga_sembrado,1,int__tai50_15_04,2048,8.2071,1.2568
ga_sembrado,1,int__tai50_15_04,4096,8.2071,2.4426
ga_sembrado,1,int__tai50_15_04,8192,7.5203,4.8583
ga_sembrado,1,int__tai50_15_04,16384,7.4674,9.9376
ga_sembrado,1,int__tai50_15_04,32768,7.4146,20.4938
ga_sembrado,1,int__tai50_15_04,65536,6.7101,45.1951
ga_sembrado,1,int__tai50_15_04,131072,6.7101,86.3018
ga_sembrado,1,int__tai50_15_04,262144,6.1994,160.3918
ga_sembrado,1,int__tai50_15_04,524288,6.1289,331.4168
ga_sembrado,1,int__tai50_15_04,1048576,6.0761,639.9442
ga_sembrado,1,int__tai50_15_04,1318779,5.5125,800.0096
regla_bon,1,int__tai50_15_04,1,8.2071,0.1920
regla_bon,1,int__tai50_15_04,2,8.2071,0.3030
regla_bon,1,int__tai50_15_04,4,8.2071,0.4500
regla_bon,1,int__tai50_15_04,8,8.2071,0.7780
regla_bon,1,int__tai50_15_04,16,7.0800,1.4243
regla_bon,1,int__tai50_15_04,32,6.7277,2.5702
regla_bon,1,int__tai50_15_04,64,6.7277,4.8289
regla_bon,1,int__tai50_15_04,128,6.7277,8.8449
regla_bon,1,int__tai50_15_04,256,6.4107,17.4306
regla_bon,1,int__tai50_15_04,512,6.0056,33.6979
regla_bon,1,int__tai50_15_04,1024,6.0056,67.8107
regla_bon,1,int__tai50_15_04,2048,5.6710,133.7777
regla_bon,1,int__tai50_15_04,4096,5.6710,272.0670
regla_bon,1,int__tai50_15_04,8192,5.6710,529.8831
regla_bon,1,int__tai50_15_04,12236,5.6710,800.0037
ga,1,int__tai50_15_05,1,100.5599,0.1030
ga,1,int__tai50_15_05,2,101.4744,0.1030
ga,1,int__tai50_15_05,4,79.5819,0.1040
ga,1,int__tai50_15_05,8,79.5819,0.1050
ga,1,int__tai50_15_05,16,79.5819,0.1080
ga,1,int__tai50_15_05,32,79.5819,0.1160
ga,1,int__tai50_15_05,64,79.5819,0.1300
ga,1,int__tai50_15_05,128,77.3236,0.1760
ga,1,int__tai50_15_05,256,68.5144,0.2400
ga,1,int__tai50_15_05,512,68.5144,0.3859
ga,1,int__tai50_15_05,1024,64.9683,0.6890
ga,1,int__tai50_15_05,2048,61.2729,1.3581
ga,1,int__tai50_15_05,4096,53.5461,2.7551
ga,1,int__tai50_15_05,8192,45.6887,5.2864
ga,1,int__tai50_15_05,16384,34.0985,11.0517
ga,1,int__tai50_15_05,32768,24.1695,21.6671
ga,1,int__tai50_15_05,65536,18.3651,42.4096
ga,1,int__tai50_15_05,131072,16.2187,85.2652
ga,1,int__tai50_15_05,262144,15.0616,163.4628
ga,1,int__tai50_15_05,524288,12.3180,314.4732
ga,1,int__tai50_15_05,1048576,11.2542,635.4918
ga,1,int__tai50_15_05,1324797,10.2650,800.0008
ga_sembrado,1,int__tai50_15_05,1,15.5095,0.1070
ga_sembrado,1,int__tai50_15_05,2,15.5095,0.1070
ga_sembrado,1,int__tai50_15_05,4,15.5095,0.1080
ga_sembrado,1,int__tai50_15_05,8,15.5095,0.1090
ga_sembrado,1,int__tai50_15_05,16,15.5095,0.1120
ga_sembrado,1,int__tai50_15_05,32,15.5095,0.1190
ga_sembrado,1,int__tai50_15_05,64,15.5095,0.1300
ga_sembrado,1,int__tai50_15_05,128,15.5095,0.1530
ga_sembrado,1,int__tai50_15_05,256,15.5095,0.2040
ga_sembrado,1,int__tai50_15_05,512,15.5095,0.3621
ga_sembrado,1,int__tai50_15_05,1024,15.5095,0.6612
ga_sembrado,1,int__tai50_15_05,2048,15.5095,1.3084
ga_sembrado,1,int__tai50_15_05,4096,15.5095,2.4413
ga_sembrado,1,int__tai50_15_05,8192,15.5095,4.7578
ga_sembrado,1,int__tai50_15_05,16384,15.3975,10.8750
ga_sembrado,1,int__tai50_15_05,32768,13.1766,19.9833
ga_sembrado,1,int__tai50_15_05,65536,12.3554,38.7026
ga_sembrado,1,int__tai50_15_05,131072,11.8328,76.2014
ga_sembrado,1,int__tai50_15_05,262144,10.8996,150.6015
ga_sembrado,1,int__tai50_15_05,524288,9.9851,299.3412
ga_sembrado,1,int__tai50_15_05,1048576,9.9851,609.4428
ga_sembrado,1,int__tai50_15_05,1357614,9.9851,800.0007
regla_bon,1,int__tai50_15_05,1,15.5095,0.0931
regla_bon,1,int__tai50_15_05,2,15.5095,0.1566
regla_bon,1,int__tai50_15_05,4,15.5095,0.2862
regla_bon,1,int__tai50_15_05,8,15.5095,0.6227
regla_bon,1,int__tai50_15_05,16,14.0538,1.1544
regla_bon,1,int__tai50_15_05,32,14.0538,2.3161
regla_bon,1,int__tai50_15_05,64,13.9791,4.7764
regla_bon,1,int__tai50_15_05,128,13.9791,9.3328
regla_bon,1,int__tai50_15_05,256,12.8593,21.3104
regla_bon,1,int__tai50_15_05,512,12.7100,38.4240
regla_bon,1,int__tai50_15_05,1024,12.7100,71.7724
regla_bon,1,int__tai50_15_05,2048,11.6088,132.2832
regla_bon,1,int__tai50_15_05,4096,11.7954,256.0433
regla_bon,1,int__tai50_15_05,8192,11.7954,490.9289
regla_bon,1,int__tai50_15_05,13769,11.7954,800.0262
ga,1,int__tai50_15_06,1,98.6336,0.1080
ga,1,int__tai50_15_06,2,90.4711,0.1080
ga,1,int__tai50_15_06,4,81.5174,0.1090
ga,1,int__tai50_15_06,8,81.5174,0.1110
ga,1,int__tai50_15_06,16,78.4610,0.1140
ga,1,int__tai50_15_06,32,75.0989,0.1210
ga,1,int__tai50_15_06,64,63.7181,0.1340
ga,1,int__tai50_15_06,128,63.7181,0.1680
ga,1,int__tai50_15_06,256,63.7181,0.2490
ga,1,int__tai50_15_06,512,63.7181,0.3999
ga,1,int__tai50_15_06,1024,58.5761,0.7010
ga,1,int__tai50_15_06,2048,53.8655,1.3781
ga,1,int__tai50_15_06,4096,51.0428,2.8001
ga,1,int__tai50_15_06,8192,40.9385,5.2803
ga,1,int__tai50_15_06,16384,31.3556,10.9351
ga,1,int__tai50_15_06,32768,19.7771,21.6256
ga,1,int__tai50_15_06,65536,14.5991,42.4126
ga,1,int__tai50_15_06,131072,12.3517,85.0976
ga,1,int__tai50_15_06,262144,10.8414,163.2718
ga,1,int__tai50_15_06,524288,9.0255,314.1212
ga,1,int__tai50_15_06,1048576,7.8569,635.1462
ga,1,int__tai50_15_06,1325442,7.6951,800.0008
ga_sembrado,1,int__tai50_15_06,1,10.9313,0.0960
ga_sembrado,1,int__tai50_15_06,2,10.9313,0.0970
ga_sembrado,1,int__tai50_15_06,4,10.9313,0.0980
ga_sembrado,1,int__tai50_15_06,8,10.9313,0.1000
ga_sembrado,1,int__tai50_15_06,16,10.9313,0.1030
ga_sembrado,1,int__tai50_15_06,32,10.9313,0.1090
ga_sembrado,1,int__tai50_15_06,64,10.9313,0.1220
ga_sembrado,1,int__tai50_15_06,128,10.9313,0.1460
ga_sembrado,1,int__tai50_15_06,256,10.9313,0.2040
ga_sembrado,1,int__tai50_15_06,512,10.9313,0.3581
ga_sembrado,1,int__tai50_15_06,1024,10.9313,0.6377
ga_sembrado,1,int__tai50_15_06,2048,10.9313,1.2744
ga_sembrado,1,int__tai50_15_06,4096,10.9313,2.4294
ga_sembrado,1,int__tai50_15_06,8192,10.9313,4.7668
ga_sembrado,1,int__tai50_15_06,16384,10.8234,10.7882
ga_sembrado,1,int__tai50_15_06,32768,10.8234,19.8718
ga_sembrado,1,int__tai50_15_06,65536,9.7087,38.5378
ga_sembrado,1,int__tai50_15_06,131072,9.0255,76.1914
ga_sembrado,1,int__tai50_15_06,262144,7.6591,150.7400
ga_sembrado,1,int__tai50_15_06,524288,7.4793,299.5807
ga_sembrado,1,int__tai50_15_06,1048576,6.7242,607.6493
ga_sembrado,1,int__tai50_15_06,1359231,6.9759,800.0006
regla_bon,1,int__tai50_15_06,1,10.9313,0.0762
regla_bon,1,int__tai50_15_06,2,9.8885,0.1507
regla_bon,1,int__tai50_15_06,4,9.8885,0.2842
regla_bon,1,int__tai50_15_06,8,9.8885,0.6147
regla_bon,1,int__tai50_15_06,16,9.8885,1.1775
regla_bon,1,int__tai50_15_06,32,8.1805,2.4162
regla_bon,1,int__tai50_15_06,64,8.1805,4.8761
regla_bon,1,int__tai50_15_06,128,8.1805,9.5706
regla_bon,1,int__tai50_15_06,256,7.8209,22.1674
regla_bon,1,int__tai50_15_06,512,7.8209,39.2963
regla_bon,1,int__tai50_15_06,1024,7.8209,72.7529
regla_bon,1,int__tai50_15_06,2048,6.7961,134.1021
regla_bon,1,int__tai50_15_06,4096,6.7961,258.8411
regla_bon,1,int__tai50_15_06,8192,6.7961,493.6681
regla_bon,1,int__tai50_15_06,13673,6.7961,800.0333
ga,1,int__tai50_15_07,1,83.7241,0.1250
ga,1,int__tai50_15_07,2,83.7241,0.1260
ga,1,int__tai50_15_07,4,83.7241,0.1270
ga,1,int__tai50_15_07,8,71.3897,0.1290
ga,1,int__tai50_15_07,16,71.3897,0.1330
ga,1,int__tai50_15_07,32,71.3897,0.1420
ga,1,int__tai50_15_07,64,67.8899,0.1530
ga,1,int__tai50_15_07,128,66.3948,0.1790
ga,1,int__tai50_15_07,256,62.4193,0.2358
ga,1,int__tai50_15_07,512,61.7737,0.3809
ga,1,int__tai50_15_07,1024,53.0751,0.7130
ga,1,int__tai50_15_07,2048,50.3228,1.3421
ga,1,int__tai50_15_07,4096,44.7503,2.7641
ga,1,int__tai50_15_07,8192,36.1196,5.2584
ga,1,int__tai50_15_07,16384,28.0836,11.0353
ga,1,int__tai50_15_07,32768,21.1009,21.6131
ga,1,int__tai50_15_07,65536,14.5430,42.2806
ga,1,int__tai50_15_07,131072,12.4533,85.1162
ga,1,int__tai50_15_07,262144,11.4169,164.0129
ga,1,int__tai50_15_07,524288,8.4777,314.8746
ga,1,int__tai50_15_07,1048576,6.6599,634.1303
ga,1,int__tai50_15_07,1324935,6.0143,800.0008
ga_sembrado,1,int__tai50_15_07,1,9.6330,0.1040
ga_sembrado,1,int__tai50_15_07,2,9.6330,0.1050
ga_sembrado,1,int__tai50_15_07,4,9.6330,0.1060
ga_sembrado,1,int__tai50_15_07,8,9.6330,0.1070
ga_sembrado,1,int__tai50_15_07,16,9.6330,0.1100
ga_sembrado,1,int__tai50_15_07,32,9.6330,0.1170
ga_sembrado,1,int__tai50_15_07,64,9.6330,0.1300
ga_sembrado,1,int__tai50_15_07,128,9.6330,0.1560
ga_sembrado,1,int__tai50_15_07,256,9.6330,0.2131
ga_sembrado,1,int__tai50_15_07,512,9.6330,0.3568
ga_sembrado,1,int__tai50_15_07,1024,9.6330,0.6602
ga_sembrado,1,int__tai50_15_07,2048,9.6330,1.2924
ga_sembrado,1,int__tai50_15_07,4096,9.6330,2.4278
ga_sembrado,1,int__tai50_15_07,8192,9.5311,4.7549
ga_sembrado,1,int__tai50_15_07,16384,9.1403,10.7832
ga_sembrado,1,int__tai50_15_07,32768,8.9365,19.8068
ga_sembrado,1,int__tai50_15_07,65536,8.8005,38.5451
ga_sembrado,1,int__tai50_15_07,131072,8.7326,76.2054
ga_sembrado,1,int__tai50_15_07,262144,8.7326,150.8370
ga_sembrado,1,int__tai50_15_07,524288,6.3201,299.6478
ga_sembrado,1,int__tai50_15_07,1048576,5.5216,608.0768
ga_sembrado,1,int__tai50_15_07,1359202,5.5216,800.0008
regla_bon,1,int__tai50_15_07,1,9.6330,0.0795
regla_bon,1,int__tai50_15_07,2,9.6330,0.1480
regla_bon,1,int__tai50_15_07,4,9.6330,0.2990
regla_bon,1,int__tai50_15_07,8,9.6330,0.6526
regla_bon,1,int__tai50_15_07,16,9.6330,1.2073
regla_bon,1,int__tai50_15_07,32,9.4801,2.5331
regla_bon,1,int__tai50_15_07,64,9.4801,5.0059
regla_bon,1,int__tai50_15_07,128,9.4801,9.7635
regla_bon,1,int__tai50_15_07,256,8.8685,21.9346
regla_bon,1,int__tai50_15_07,512,8.8685,39.2081
regla_bon,1,int__tai50_15_07,1024,8.5967,72.7838
regla_bon,1,int__tai50_15_07,2048,8.5287,134.2259
regla_bon,1,int__tai50_15_07,4096,6.9997,259.2026
regla_bon,1,int__tai50_15_07,8192,6.9997,496.4916
regla_bon,1,int__tai50_15_07,13575,5.9633,800.0547
ga,1,int__tai50_15_08,1,98.9081,0.0999
ga,1,int__tai50_15_08,2,85.5459,0.0999
ga,1,int__tai50_15_08,4,80.1906,0.1009
ga,1,int__tai50_15_08,8,72.8250,0.1029
ga,1,int__tai50_15_08,16,72.8250,0.1059
ga,1,int__tai50_15_08,32,73.3622,0.1119
ga,1,int__tai50_15_08,64,73.3622,0.1259
ga,1,int__tai50_15_08,128,69.2201,0.1529
ga,1,int__tai50_15_08,256,54.8527,0.2019
ga,1,int__tai50_15_08,512,54.8527,0.3639
ga,1,int__tai50_15_08,1024,54.8527,0.7031
ga,1,int__tai50_15_08,2048,55.3206,1.3066
ga,1,int__tai50_15_08,4096,49.2721,2.6936
ga,1,int__tai50_15_08,8192,38.9601,5.1464
ga,1,int__tai50_15_08,16384,29.6014,10.9693
ga,1,int__tai50_15_08,32768,20.7626,21.6092
ga,1,int__tai50_15_08,65536,15.5633,42.3787
ga,1,int__tai50_15_08,131072,11.9931,85.4759
ga,1,int__tai50_15_08,262144,10.7279,163.9419
ga,1,int__tai50_15_08,524288,9.3241,314.9406
ga,1,int__tai50_15_08,1048576,9.3241,636.0971
ga,1,int__tai50_15_08,1320476,9.3241,800.0009
ga_sembrado,1,int__tai50_15_08,1,13.5529,0.1010
ga_sembrado,1,int__tai50_15_08,2,13.5529,0.1020
ga_sembrado,1,int__tai50_15_08,4,13.5529,0.1030
ga_sembrado,1,int__tai50_15_08,8,13.5529,0.1040
ga_sembrado,1,int__tai50_15_08,16,13.5529,0.1070
ga_sembrado,1,int__tai50_15_08,32,13.5529,0.1130
ga_sembrado,1,int__tai50_15_08,64,13.5529,0.1231
ga_sembrado,1,int__tai50_15_08,128,13.5529,0.1467
ga_sembrado,1,int__tai50_15_08,256,13.5529,0.1918
ga_sembrado,1,int__tai50_15_08,512,13.5529,0.3366
ga_sembrado,1,int__tai50_15_08,1024,13.5529,0.6592
ga_sembrado,1,int__tai50_15_08,2048,13.5529,1.2905
ga_sembrado,1,int__tai50_15_08,4096,13.5529,2.4343
ga_sembrado,1,int__tai50_15_08,8192,13.0503,4.9642
ga_sembrado,1,int__tai50_15_08,16384,12.8596,10.7190
ga_sembrado,1,int__tai50_15_08,32768,12.5130,19.8133
ga_sembrado,1,int__tai50_15_08,65536,11.9237,38.4736
ga_sembrado,1,int__tai50_15_08,131072,10.9185,76.0634
ga_sembrado,1,int__tai50_15_08,262144,10.1906,150.6900
ga_sembrado,1,int__tai50_15_08,524288,8.4575,299.4967
ga_sembrado,1,int__tai50_15_08,1048576,8.4575,609.7274
ga_sembrado,1,int__tai50_15_08,1357312,8.3709,800.0018
regla_bon,1,int__tai50_15_08,1,13.5529,0.0860
regla_bon,1,int__tai50_15_08,2,13.5529,0.1960
regla_bon,1,int__tai50_15_08,4,13.5529,0.3645
regla_bon,1,int__tai50_15_08,8,12.4263,0.6646
regla_bon,1,int__tai50_15_08,16,12.4263,1.1809
regla_bon,1,int__tai50_15_08,32,11.2652,2.4535
regla_bon,1,int__tai50_15_08,64,11.2652,4.9298
regla_bon,1,int__tai50_15_08,128,11.2652,9.8282
regla_bon,1,int__tai50_15_08,256,10.8839,23.1834
regla_bon,1,int__tai50_15_08,512,10.9532,40.2670
regla_bon,1,int__tai50_15_08,1024,8.5962,73.8364
regla_bon,1,int__tai50_15_08,2048,8.5962,135.3933
regla_bon,1,int__tai50_15_08,4096,8.5962,259.6283
regla_bon,1,int__tai50_15_08,8192,8.5962,495.1368
regla_bon,1,int__tai50_15_08,13637,8.5962,800.0062
ga,1,int__tai50_15_09,1,88.5687,0.0969
ga,1,int__tai50_15_09,2,88.5687,0.0969
ga,1,int__tai50_15_09,4,88.5687,0.0979
ga,1,int__tai50_15_09,8,84.2938,0.0989
ga,1,int__tai50_15_09,16,76.4030,0.1009
ga,1,int__tai50_15_09,32,76.4030,0.1109
ga,1,int__tai50_15_09,64,76.4030,0.1239
ga,1,int__tai50_15_09,128,70.4331,0.1499
ga,1,int__tai50_15_09,256,69.8493,0.1969
ga,1,int__tai50_15_09,512,69.2655,0.3609
ga,1,int__tai50_15_09,1024,61.1299,0.6911
ga,1,int__tai50_15_09,2048,59.2090,1.3057
ga,1,int__tai50_15_09,4096,46.8738,2.7076
ga,1,int__tai50_15_09,8192,45.9699,5.2034
ga,1,int__tai50_15_09,16384,31.9774,11.0263
ga,1,int__tai50_15_09,32768,25.2166,21.6072
ga,1,int__tai50_15_09,65536,17.8908,42.2627
ga,1,int__tai50_15_09,131072,13.6347,85.3761
ga,1,int__tai50_15_09,262144,11.6949,163.5068
ga,1,int__tai50_15_09,524288,10.9605,314.5156
ga,1,int__tai50_15_09,1048576,8.7571,635.5604
ga,1,int__tai50_15_09,1323953,8.5876,800.0009
ga_sembrado,1,int__tai50_15_09,1,16.7420,0.1000
ga_sembrado,1,int__tai50_15_09,2,16.7420,0.1010
ga_sembrado,1,int__tai50_15_09,4,16.7420,0.1010
ga_sembrado,1,int__tai50_15_09,8,16.7420,0.1030
ga_sembrado,1,int__tai50_15_09,16,16.7420,0.1050
ga_sembrado,1,int__tai50_15_09,32,16.7420,0.1110
ga_sembrado,1,int__tai50_15_09,64,16.7420,0.1230
ga_sembrado,1,int__tai50_15_09,128,16.7420,0.1446
ga_sembrado,1,int__tai50_15_09,256,16.7420,0.1907
ga_sembrado,1,int__tai50_15_09,512,16.7420,0.3376
ga_sembrado,1,int__tai50_15_09,1024,16.7420,0.6672
ga_sembrado,1,int__tai50_15_09,2048,16.7420,1.2765
ga_sembrado,1,int__tai50_15_09,4096,16.7420,2.4123
ga_sembrado,1,int__tai50_15_09,8192,16.1582,4.9102
ga_sembrado,1,int__tai50_15_09,16384,15.7815,10.7721
ga_sembrado,1,int__tai50_15_09,32768,13.9171,19.8133
ga_sembrado,1,int__tai50_15_09,65536,12.9190,38.5016
ga_sembrado,1,int__tai50_15_09,131072,12.3164,76.0424
ga_sembrado,1,int__tai50_15_09,262144,10.7156,150.5545
ga_sembrado,1,int__tai50_15_09,524288,9.6422,299.1552
ga_sembrado,1,int__tai50_15_09,1048576,9.0772,608.1643
ga_sembrado,1,int__tai50_15_09,1358952,9.0772,800.0008
regla_bon,1,int__tai50_15_09,1,16.7420,0.0810
regla_bon,1,int__tai50_15_09,2,16.7420,0.1470
regla_bon,1,int__tai50_15_09,4,15.6685,0.3485
regla_bon,1,int__tai50_15_09,8,14.8399,0.6385
regla_bon,1,int__tai50_15_09,16,14.8399,1.1658
regla_bon,1,int__tai50_15_09,32,12.9755,2.4145
regla_bon,1,int__tai50_15_09,64,12.9755,4.9368
regla_bon,1,int__tai50_15_09,128,12.9755,9.9068
regla_bon,1,int__tai50_15_09,256,12.9755,22.1483
regla_bon,1,int__tai50_15_09,512,12.9755,39.4759
regla_bon,1,int__tai50_15_09,1024,12.9755,73.3998
regla_bon,1,int__tai50_15_09,2048,11.0923,135.8709
regla_bon,1,int__tai50_15_09,4096,11.0923,262.1675
regla_bon,1,int__tai50_15_09,8192,11.0923,500.6400
regla_bon,1,int__tai50_15_09,13474,12.0527,800.0262
ga,1,int__tai50_15_10,1,90.7639,0.1017
ga,1,int__tai50_15_10,2,87.3669,0.1027
ga,1,int__tai50_15_10,4,87.3669,0.1037
ga,1,int__tai50_15_10,8,79.8568,0.1047
ga,1,int__tai50_15_10,16,79.8568,0.1087
ga,1,int__tai50_15_10,32,78.0206,0.1158
ga,1,int__tai50_15_10,64,69.6658,0.1278
ga,1,int__tai50_15_10,128,67.9765,0.1569
ga,1,int__tai50_15_10,256,64.4877,0.2099
ga,1,int__tai50_15_10,512,65.1855,0.3589
ga,1,int__tai50_15_10,1024,60.8336,0.7170
ga,1,int__tai50_15_10,2048,54.5171,1.3271
ga,1,int__tai50_15_10,4096,45.1891,2.7326
ga,1,int__tai50_15_10,8192,38.9827,5.2264
ga,1,int__tai50_15_10,16384,29.1774,10.8607
ga,1,int__tai50_15_10,32768,18.9497,21.4416
ga,1,int__tai50_15_10,65536,12.1006,42.0856
ga,1,int__tai50_15_10,131072,10.2277,84.7561
ga,1,int__tai50_15_10,262144,9.3830,162.6511
ga,1,int__tai50_15_10,524288,7.8039,312.8971
ga,1,int__tai50_15_10,1048576,6.8491,633.7652
ga,1,int__tai50_15_10,1327233,6.5369,800.0009
ga_sembrado,1,int__tai50_15_10,1,15.5343,0.1061
ga_sembrado,1,int__tai50_15_10,2,15.5343,0.1070
ga_sembrado,1,int__tai50_15_10,4,15.5343,0.1080
ga_sembrado,1,int__tai50_15_10,8,15.5343,0.1090
ga_sembrado,1,int__tai50_15_10,16,15.5343,0.1120
ga_sembrado,1,int__tai50_15_10,32,15.5343,0.1201
ga_sembrado,1,int__tai50_15_10,64,15.5343,0.1310
ga_sembrado,1,int__tai50_15_10,128,15.5343,0.1550
ga_sembrado,1,int__tai50_15_10,256,15.5343,0.2037
ga_sembrado,1,int__tai50_15_10,512,15.5343,0.3486
ga_sembrado,1,int__tai50_15_10,1024,15.5343,0.6762
ga_sembrado,1,int__tai50_15_10,2048,15.5343,1.2915
ga_sembrado,1,int__tai50_15_10,4096,15.5343,2.4373
ga_sembrado,1,int__tai50_15_10,8192,13.3676,4.8982
ga_sembrado,1,int__tai50_15_10,16384,12.8535,10.8613
ga_sembrado,1,int__tai50_15_10,32768,12.6882,19.9478
ga_sembrado,1,int__tai50_15_10,65536,11.1091,38.5866
ga_sembrado,1,int__tai50_15_10,131072,11.0356,76.0203
ga_sembrado,1,int__tai50_15_10,262144,9.7686,150.4354
ga_sembrado,1,int__tai50_15_10,524288,8.4098,298.7605
ga_sembrado,1,int__tai50_15_10,1048576,8.0977,605.2350
ga_sembrado,1,int__tai50_15_10,1362649,8.0977,800.0028
regla_bon,1,int__tai50_15_10,1,15.5343,0.0730
regla_bon,1,int__tai50_15_10,2,15.5343,0.1420
regla_bon,1,int__tai50_15_10,4,15.5343,0.3545
regla_bon,1,int__tai50_15_10,8,12.1190,0.6566
regla_bon,1,int__tai50_15_10,16,12.1190,1.1578
regla_bon,1,int__tai50_15_10,32,11.8068,2.4765
regla_bon,1,int__tai50_15_10,64,11.6967,4.9128
regla_bon,1,int__tai50_15_10,128,11.6967,9.6865
regla_bon,1,int__tai50_15_10,256,11.4763,21.5224
regla_bon,1,int__tai50_15_10,512,9.0158,38.3189
regla_bon,1,int__tai50_15_10,1024,9.0158,71.6612
regla_bon,1,int__tai50_15_10,2048,9.0158,131.8781
regla_bon,1,int__tai50_15_10,4096,9.0158,254.2572
regla_bon,1,int__tai50_15_10,8192,9.0158,486.8166
regla_bon,1,int__tai50_15_10,13886,8.5751,800.0126
ga,1,int__tai50_20_01,1,107.3745,0.1140
ga,1,int__tai50_20_01,2,101.7782,0.1150
ga,1,int__tai50_20_01,4,82.2176,0.1150
ga,1,int__tai50_20_01,8,82.2176,0.1170
ga,1,int__tai50_20_01,16,82.2176,0.1200
ga,1,int__tai50_20_01,32,82.2176,0.1260
ga,1,int__tai50_20_01,64,81.3633,0.1420
ga,1,int__tai50_20_01,128,81.3633,0.1740
ga,1,int__tai50_20_01,256,81.3633,0.2390
ga,1,int__tai50_20_01,512,81.3633,0.4256
ga,1,int__tai50_20_01,1024,79.0098,0.8397
ga,1,int__tai50_20_01,2048,73.0126,1.6984
ga,1,int__tai50_20_01,4096,65.7950,3.3257
ga,1,int__tai50_20_01,8192,57.8278,6.2943
ga,1,int__tai50_20_01,16384,46.0948,12.1059
ga,1,int__tai50_20_01,32768,32.6011,23.5591
ga,1,int__tai50_20_01,65536,24.4770,46.4736
ga,1,int__tai50_20_01,131072,21.0600,92.8634
ga,1,int__tai50_20_01,262144,19.0202,185.7856
ga,1,int__tai50_20_01,524288,17.2245,372.7042
ga,1,int__tai50_20_01,1048576,14.8013,741.7082
ga,1,int__tai50_20_01,1130120,14.7141,800.0010
ga_sembrado,1,int__tai50_20_01,1,15.3766,0.1150
ga_sembrado,1,int__tai50_20_01,2,15.3766,0.1160
ga_sembrado,1,int__tai50_20_01,4,15.3766,0.1170
ga_sembrado,1,int__tai50_20_01,8,15.3766,0.1190
ga_sembrado,1,int__tai50_20_01,16,15.3766,0.1240
ga_sembrado,1,int__tai50_20_01,32,15.3766,0.1330
ga_sembrado,1,int__tai50_20_01,64,15.3766,0.1500
ga_sembrado,1,int__tai50_20_01,128,15.3766,0.1815
ga_sembrado,1,int__tai50_20_01,256,15.3766,0.2395
ga_sembrado,1,int__tai50_20_01,512,15.3766,0.4200
ga_sembrado,1,int__tai50_20_01,1024,15.3766,0.7627
ga_sembrado,1,int__tai50_20_01,2048,15.3766,1.4718
ga_sembrado,1,int__tai50_20_01,4096,15.3766,2.9162
ga_sembrado,1,int__tai50_20_01,8192,13.7901,5.7949
ga_sembrado,1,int__tai50_20_01,16384,13.4589,11.4947
ga_sembrado,1,int__tai50_20_01,32768,13.2497,24.3966
ga_sembrado,1,int__tai50_20_01,65536,13.4589,47.5718
ga_sembrado,1,int__tai50_20_01,131072,12.7615,93.6571
ga_sembrado,1,int__tai50_20_01,262144,12.7615,185.7715
ga_sembrado,1,int__tai50_20_01,524288,12.2036,369.6432
ga_sembrado,1,int__tai50_20_01,1048576,10.6172,742.1772
ga_sembrado,1,int__tai50_20_01,1129948,10.6172,800.0018
regla_bon,1,int__tai50_20_01,1,15.3766,0.0800
regla_bon,1,int__tai50_20_01,2,15.3766,0.1560
regla_bon,1,int__tai50_20_01,4,15.3766,0.3100
regla_bon,1,int__tai50_20_01,8,15.3766,0.6286
regla_bon,1,int__tai50_20_01,16,14.1911,1.1978
regla_bon,1,int__tai50_20_01,32,14.1911,2.4212
regla_bon,1,int__tai50_20_01,64,12.7441,4.7702
regla_bon,1,int__tai50_20_01,128,12.7441,9.6825
regla_bon,1,int__tai50_20_01,256,12.7615,19.4779
regla_bon,1,int__tai50_20_01,512,12.7615,38.6094
regla_bon,1,int__tai50_20_01,1024,12.7615,78.7869
regla_bon,1,int__tai50_20_01,2048,12.7615,155.9127
regla_bon,1,int__tai50_20_01,4096,12.5174,309.3612
regla_bon,1,int__tai50_20_01,8192,12.5174,620.3487
regla_bon,1,int__tai50_20_01,10581,12.5349,800.0132
ga,1,int__tai50_20_02,1,118.6128,0.1095
ga,1,int__tai50_20_02,2,117.0094,0.1095
ga,1,int__tai50_20_02,4,109.5504,0.1110
ga,1,int__tai50_20_02,8,97.6473,0.1130
ga,1,int__tai50_20_02,16,97.6473,0.1170
ga,1,int__tai50_20_02,32,89.3168,0.1230
ga,1,int__tai50_20_02,64,90.9899,0.1380
ga,1,int__tai50_20_02,128,90.9899,0.1650
ga,1,int__tai50_20_02,256,84.0885,0.2260
ga,1,int__tai50_20_02,512,81.1258,0.4156
ga,1,int__tai50_20_02,1024,80.3764,0.8176
ga,1,int__tai50_20_02,2048,72.9871,1.6684
ga,1,int__tai50_20_02,4096,69.9895,3.2636
ga,1,int__tai50_20_02,8192,59.3587,6.1703
ga,1,int__tai50_20_02,16384,52.5444,11.7871
ga,1,int__tai50_20_02,32768,38.6894,23.1365
ga,1,int__tai50_20_02,65536,30.8121,45.8653
ga,1,int__tai50_20_02,131072,26.4726,91.0026
ga,1,int__tai50_20_02,262144,22.9697,182.7791
ga,1,int__tai50_20_02,524288,20.1115,366.9594
ga,1,int__tai50_20_02,1048576,17.7065,729.2430
ga,1,int__tai50_20_02,1150469,17.6020,800.0000
ga_sembrado,1,int__tai50_20_02,1,17.1837,0.1260
ga_sembrado,1,int__tai50_20_02,2,17.1837,0.1270
ga_sembrado,1,int__tai50_20_02,4,17.1837,0.1280
ga_sembrado,1,int__tai50_20_02,8,17.1837,0.1300
ga_sembrado,1,int__tai50_20_02,16,17.1837,0.1340
ga_sembrado,1,int__tai50_20_02,32,17.1837,0.1420
ga_sembrado,1,int__tai50_20_02,64,17.1837,0.1570
ga_sembrado,1,int__tai50_20_02,128,17.1837,0.1905
ga_sembrado,1,int__tai50_20_02,256,17.1837,0.2595
ga_sembrado,1,int__tai50_20_02,512,17.1837,0.4180
ga_sembrado,1,int__tai50_20_02,1024,17.1837,0.7957
ga_sembrado,1,int__tai50_20_02,2048,17.1837,1.4928
ga_sembrado,1,int__tai50_20_02,4096,17.1837,2.9552
ga_sembrado,1,int__tai50_20_02,8192,17.0617,5.8009
ga_sembrado,1,int__tai50_20_02,16384,17.0268,11.4249
ga_sembrado,1,int__tai50_20_02,32768,16.8874,24.0075
ga_sembrado,1,int__tai50_20_02,65536,16.6609,46.8500
ga_sembrado,1,int__tai50_20_02,131072,15.9115,91.9127
ga_sembrado,1,int__tai50_20_02,262144,14.9007,182.5935
ga_sembrado,1,int__tai50_20_02,524288,14.0641,363.5024
ga_sembrado,1,int__tai50_20_02,1048576,12.6176,730.3274
ga_sembrado,1,int__tai50_20_02,1148868,12.5654,800.0018
regla_bon,1,int__tai50_20_02,1,17.1837,0.0690
regla_bon,1,int__tai50_20_02,2,17.1837,0.1460
regla_bon,1,int__tai50_20_02,4,17.1837,0.2920
regla_bon,1,int__tai50_20_02,8,16.3297,0.6146
regla_bon,1,int__tai50_20_02,16,15.2492,1.1978
regla_bon,1,int__tai50_20_02,32,15.2492,2.4312
regla_bon,1,int__tai50_20_02,64,14.9181,4.8617
regla_bon,1,int__tai50_20_02,128,14.8658,9.6115
regla_bon,1,int__tai50_20_02,256,14.8658,19.0895
regla_bon,1,int__tai50_20_02,512,14.4998,38.2098
regla_bon,1,int__tai50_20_02,1024,13.2276,77.9481
regla_bon,1,int__tai50_20_02,2048,11.3628,154.8120
regla_bon,1,int__tai50_20_02,4096,11.3628,308.4535
regla_bon,1,int__tai50_20_02,8192,11.3628,619.3388
regla_bon,1,int__tai50_20_02,10591,11.3628,800.0422
ga,1,int__tai50_20_03,1,103.8475,0.1035
ga,1,int__tai50_20_03,2,103.8475,0.1045
ga,1,int__tai50_20_03,4,97.0962,0.1045
ga,1,int__tai50_20_03,8,95.4991,0.1065
ga,1,int__tai50_20_03,16,95.4991,0.1105
ga,1,int__tai50_20_03,32,87.2232,0.1185
ga,1,int__tai50_20_03,64,87.2232,0.1335
ga,1,int__tai50_20_03,128,80.6171,0.1645
ga,1,int__tai50_20_03,256,80.6171,0.2316
ga,1,int__tai50_20_03,512,76.2250,0.4071
ga,1,int__tai50_20_03,1024,72.7768,0.8182
ga,1,int__tai50_20_03,2048,71.8512,1.6606
ga,1,int__tai50_20_03,4096,66.1525,3.2621
ga,1,int__tai50_20_03,8192,55.4265,6.2038
ga,1,int__tai50_20_03,16384,42.3049,11.9183
ga,1,int__tai50_20_03,32768,28.7477,23.1350
ga,1,int__tai50_20_03,65536,18.3485,45.7797
ga,1,int__tai50_20_03,131072,15.1361,91.3047
ga,1,int__tai50_20_03,262144,12.1597,184.0929
ga,1,int__tai50_20_03,524288,10.9256,368.6651
ga,1,int__tai50_20_03,1048576,8.9655,734.4040
ga,1,int__tai50_20_03,1142044,8.9655,800.0005
ga_sembrado,1,int__tai50_20_03,1,13.3757,0.1165
ga_sembrado,1,int__tai50_20_03,2,13.3757,0.1165
ga_sembrado,1,int__tai50_20_03,4,13.3757,0.1175
ga_sembrado,1,int__tai50_20_03,8,13.3757,0.1185
ga_sembrado,1,int__tai50_20_03,16,13.3757,0.1215
ga_sembrado,1,int__tai50_20_03,32,13.3757,0.1275
ga_sembrado,1,int__tai50_20_03,64,13.3757,0.1385
ga_sembrado,1,int__tai50_20_03,128,13.3757,0.1625
ga_sembrado,1,int__tai50_20_03,256,13.3757,0.2235
ga_sembrado,1,int__tai50_20_03,512,13.3757,0.4071
ga_sembrado,1,int__tai50_20_03,1024,13.3757,0.7507
ga_sembrado,1,int__tai50_20_03,2048,13.3757,1.4893
ga_sembrado,1,int__tai50_20_03,4096,13.3757,2.8692
ga_sembrado,1,int__tai50_20_03,8192,12.5771,5.6899
ga_sembrado,1,int__tai50_20_03,16384,12.4319,11.2759
ga_sembrado,1,int__tai50_20_03,32768,12.6679,23.6218
ga_sembrado,1,int__tai50_20_03,65536,12.0145,46.4534
ga_sembrado,1,int__tai50_20_03,131072,11.4156,91.7817
ga_sembrado,1,int__tai50_20_03,262144,11.4156,182.5705
ga_sembrado,1,int__tai50_20_03,524288,11.1252,364.7011
ga_sembrado,1,int__tai50_20_03,1048576,10.8167,733.9668
ga_sembrado,1,int__tai50_20_03,1142941,10.8167,800.0018
regla_bon,1,int__tai50_20_03,1,13.3757,0.0830
regla_bon,1,int__tai50_20_03,2,13.3757,0.1650
regla_bon,1,int__tai50_20_03,4,13.3757,0.3351
regla_bon,1,int__tai50_20_03,8,13.3757,0.6352
regla_bon,1,int__tai50_20_03,16,13.3757,1.2879
regla_bon,1,int__tai50_20_03,32,13.3757,2.4692
regla_bon,1,int__tai50_20_03,64,13.3757,4.8402
regla_bon,1,int__tai50_20_03,128,12.3412,9.7761
regla_bon,1,int__tai50_20_03,256,11.4519,19.5871
regla_bon,1,int__tai50_20_03,512,11.4519,39.2815
regla_bon,1,int__tai50_20_03,1024,11.3430,79.7472
regla_bon,1,int__tai50_20_03,2048,11.2160,158.2648
regla_bon,1,int__tai50_20_03,4096,10.5263,313.4043
regla_bon,1,int__tai50_20_03,8192,10.5263,628.6649
regla_bon,1,int__tai50_20_03,10452,10.5263,800.0297
ga,1,int__tai50_20_04,1,99.2043,0.1311
ga,1,int__tai50_20_04,2,99.2043,0.1311
ga,1,int__tai50_20_04,4,99.2043,0.1321
ga,1,int__tai50_20_04,8,93.5233,0.1341
ga,1,int__tai50_20_04,16,93.5233,0.1381
ga,1,int__tai50_20_04,32,93.5233,0.1461
ga,1,int__tai50_20_04,64,84.5670,0.1611
ga,1,int__tai50_20_04,128,84.5670,0.1916
ga,1,int__tai50_20_04,256,84.5670,0.2576
ga,1,int__tai50_20_04,512,81.6432,0.4556
ga,1,int__tai50_20_04,1024,77.8868,0.8558
ga,1,int__tai50_20_04,2048,74.4264,1.6825
ga,1,int__tai50_20_04,4096,68.3753,3.2456
ga,1,int__tai50_20_04,8192,60.6218,6.1333
ga,1,int__tai50_20_04,16384,44.1525,11.8328
ga,1,int__tai50_20_04,32768,32.3279,23.0055
ga,1,int__tai50_20_04,65536,26.7765,45.5012
ga,1,int__tai50_20_04,131072,22.4833,90.9321
ga,1,int__tai50_20_04,262144,19.8187,183.2327
ga,1,int__tai50_20_04,524288,17.9497,367.1236
ga,1,int__tai50_20_04,1048576,16.2287,729.6278
ga,1,int__tai50_20_04,1149977,16.2287,800.0005
ga_sembrado,1,int__tai50_20_04,1,12.1577,0.1210
ga_sembrado,1,int__tai50_20_04,2,12.1577,0.1210
ga_sembrado,1,int__tai50_20_04,4,12.1577,0.1220
ga_sembrado,1,int__tai50_20_04,8,12.1577,0.1240
ga_sembrado,1,int__tai50_20_04,16,12.1577,0.1280
ga_sembrado,1,int__tai50_20_04,32,12.1577,0.1365
ga_sembrado,1,int__tai50_20_04,64,12.1577,0.1525
ga_sembrado,1,int__tai50_20_04,128,12.1577,0.1805
ga_sembrado,1,int__tai50_20_04,256,12.1577,0.2356
ga_sembrado,1,int__tai50_20_04,512,12.1577,0.3932
ga_sembrado,1,int__tai50_20_04,1024,12.1577,0.7517
ga_sembrado,1,int__tai50_20_04,2048,12.1577,1.4598
ga_sembrado,1,int__tai50_20_04,4096,12.1577,2.8462
ga_sembrado,1,int__tai50_20_04,8192,12.1392,5.5994
ga_sembrado,1,int__tai50_20_04,16384,11.7691,11.1294
ga_sembrado,1,int__tai50_20_04,32768,11.3249,23.9690
ga_sembrado,1,int__tai50_20_04,65536,10.8993,46.7015
ga_sembrado,1,int__tai50_20_04,131072,10.2887,91.8902
ga_sembrado,1,int__tai50_20_04,262144,10.0851,181.8789
ga_sembrado,1,int__tai50_20_04,524288,9.5855,361.9305
ga_sembrado,1,int__tai50_20_04,1048576,8.9748,726.7929
ga_sembrado,1,int__tai50_20_04,1153758,8.9563,800.0013
regla_bon,1,int__tai50_20_04,1,12.1577,0.0859
regla_bon,1,int__tai50_20_04,2,12.1577,0.1710
regla_bon,1,int__tai50_20_04,4,12.1577,0.3245
regla_bon,1,int__tai50_20_04,8,12.1577,0.5982
regla_bon,1,int__tai50_20_04,16,12.1577,1.1729
regla_bon,1,int__tai50_20_04,32,12.1577,2.3721
regla_bon,1,int__tai50_20_04,64,12.1577,4.7492
regla_bon,1,int__tai50_20_04,128,12.1577,9.6776
regla_bon,1,int__tai50_20_04,256,11.5655,19.3743
regla_bon,1,int__tai50_20_04,512,11.1214,38.7732
regla_bon,1,int__tai50_20_04,1024,11.1214,78.8744
regla_bon,1,int__tai50_20_04,2048,11.1214,156.1993
regla_bon,1,int__tai50_20_04,4096,10.4367,310.9680
regla_bon,1,int__tai50_20_04,8192,10.4182,623.3570
regla_bon,1,int__tai50_20_04,10535,10.1221,800.0082
ga,1,int__tai50_20_05,1,114.3119,0.1331
ga,1,int__tai50_20_05,2,114.3119,0.1331
ga,1,int__tai50_20_05,4,109.8532,0.1341
ga,1,int__tai50_20_05,8,102.5872,0.1361
ga,1,int__tai50_20_05,16,83.5229,0.1401
ga,1,int__tai50_20_05,32,83.5229,0.1481
ga,1,int__tai50_20_05,64,83.5229,0.1636
ga,1,int__tai50_20_05,128,83.5229,0.1956
ga,1,int__tai50_20_05,256,83.5229,0.2626
ga,1,int__tai50_20_05,512,81.4312,0.4696
ga,1,int__tai50_20_05,1024,81.4312,0.8588
ga,1,int__tai50_20_05,2048,73.8349,1.6505
ga,1,int__tai50_20_05,4096,70.8991,3.2116
ga,1,int__tai50_20_05,8192,62.2385,6.0883
ga,1,int__tai50_20_05,16384,49.4862,11.7698
ga,1,int__tai50_20_05,32768,35.9450,23.0675
ga,1,int__tai50_20_05,65536,26.5688,45.3235
ga,1,int__tai50_20_05,131072,21.5780,90.5815
ga,1,int__tai50_20_05,262144,18.0917,182.2102
ga,1,int__tai50_20_05,524288,16.4037,365.8754
ga,1,int__tai50_20_05,1048576,14.5138,727.8975
ga,1,int__tai50_20_05,1151883,14.1468,800.0005
ga_sembrado,1,int__tai50_20_05,1,20.4954,0.1215
ga_sembrado,1,int__tai50_20_05,2,20.4954,0.1215
ga_sembrado,1,int__tai50_20_05,4,20.4954,0.1225
ga_sembrado,1,int__tai50_20_05,8,20.4954,0.1245
ga_sembrado,1,int__tai50_20_05,16,20.4954,0.1285
ga_sembrado,1,int__tai50_20_05,32,20.4954,0.1365
ga_sembrado,1,int__tai50_20_05,64,20.4954,0.1525
ga_sembrado,1,int__tai50_20_05,128,20.4954,0.1846
ga_sembrado,1,int__tai50_20_05,256,20.4954,0.2506
ga_sembrado,1,int__tai50_20_05,512,20.4954,0.4302
ga_sembrado,1,int__tai50_20_05,1024,20.4954,0.7727
ga_sembrado,1,int__tai50_20_05,2048,20.4954,1.4928
ga_sembrado,1,int__tai50_20_05,4096,20.4954,2.8973
ga_sembrado,1,int__tai50_20_05,8192,20.4587,5.7285
ga_sembrado,1,int__tai50_20_05,16384,20.2569,11.3370
ga_sembrado,1,int__tai50_20_05,32768,20.0734,23.8560
ga_sembrado,1,int__tai50_20_05,65536,19.5413,46.5205
ga_sembrado,1,int__tai50_20_05,131072,19.4128,91.6662
ga_sembrado,1,int__tai50_20_05,262144,18.5688,182.0254
ga_sembrado,1,int__tai50_20_05,524288,17.4495,362.7396
ga_sembrado,1,int__tai50_20_05,1048576,16.0183,729.2711
ga_sembrado,1,int__tai50_20_05,1150624,15.8532,800.0013
regla_bon,1,int__tai50_20_05,1,20.4954,0.0750
regla_bon,1,int__tai50_20_05,2,18.9541,0.1640
regla_bon,1,int__tai50_20_05,4,18.9541,0.3075
regla_bon,1,int__tai50_20_05,8,18.9541,0.5992
regla_bon,1,int__tai50_20_05,16,18.9541,1.2019
regla_bon,1,int__tai50_20_05,32,18.9541,2.4361
regla_bon,1,int__tai50_20_05,64,17.5596,4.8162
regla_bon,1,int__tai50_20_05,128,17.5596,9.5851
regla_bon,1,int__tai50_20_05,256,16.9725,19.3083
regla_bon,1,int__tai50_20_05,512,16.0183,38.9306
regla_bon,1,int__tai50_20_05,1024,16.2569,78.8364
regla_bon,1,int__tai50_20_05,2048,16.0000,156.2083
regla_bon,1,int__tai50_20_05,4096,16.0000,310.7550
regla_bon,1,int__tai50_20_05,8192,16.0000,622.3354
regla_bon,1,int__tai50_20_05,10546,16.0000,800.0042
ga,1,int__tai50_20_06,1,104.1125,0.1291
ga,1,int__tai50_20_06,2,104.1125,0.1301
ga,1,int__tai50_20_06,4,95.2197,0.1311
ga,1,int__tai50_20_06,8,94.7803,0.1331
ga,1,int__tai50_20_06,16,94.7803,0.1381
ga,1,int__tai50_20_06,32,93.8313,0.1471
ga,1,int__tai50_20_06,64,88.9279,0.1641
ga,1,int__tai50_20_06,128,88.9279,0.1981
ga,1,int__tai50_20_06,256,83.6555,0.2626
ga,1,int__tai50_20_06,512,83.4446,0.4836
ga,1,int__tai50_20_06,1024,77.5923,0.8598
ga,1,int__tai50_20_06,2048,66.0633,1.7335
ga,1,int__tai50_20_06,4096,66.0633,3.2966
ga,1,int__tai50_20_06,8192,60.9842,6.1713
ga,1,int__tai50_20_06,16384,51.1072,11.8658
ga,1,int__tai50_20_06,32768,35.8875,23.1805
ga,1,int__tai50_20_06,65536,25.8699,45.7202
ga,1,int__tai50_20_06,131072,20.0176,91.0631
ga,1,int__tai50_20_06,262144,18.4007,183.2047
ga,1,int__tai50_20_06,524288,16.4675,366.7544
ga,1,int__tai50_20_06,1048576,14.3234,730.2125
ga,1,int__tai50_20_06,1149463,14.3234,800.0005
ga_sembrado,1,int__tai50_20_06,1,11.9332,0.1280
ga_sembrado,1,int__tai50_20_06,2,11.9332,0.1280
ga_sembrado,1,int__tai50_20_06,4,11.9332,0.1290
ga_sembrado,1,int__tai50_20_06,8,11.9332,0.1310
ga_sembrado,1,int__tai50_20_06,16,11.9332,0.1330
ga_sembrado,1,int__tai50_20_06,32,11.9332,0.1390
ga_sembrado,1,int__tai50_20_06,64,11.9332,0.1500
ga_sembrado,1,int__tai50_20_06,128,11.9332,0.1780
ga_sembrado,1,int__tai50_20_06,256,11.9332,0.2355
ga_sembrado,1,int__tai50_20_06,512,11.9332,0.4022
ga_sembrado,1,int__tai50_20_06,1024,11.9332,0.7397
ga_sembrado,1,int__tai50_20_06,2048,11.9332,1.4028
ga_sembrado,1,int__tai50_20_06,4096,11.9332,2.8107
ga_sembrado,1,int__tai50_20_06,8192,11.8278,5.5914
ga_sembrado,1,int__tai50_20_06,16384,11.4587,11.0084
ga_sembrado,1,int__tai50_20_06,32768,11.1072,23.4463
ga_sembrado,1,int__tai50_20_06,65536,10.8260,46.2414
ga_sembrado,1,int__tai50_20_06,131072,10.3163,91.1429
ga_sembrado,1,int__tai50_20_06,262144,9.6837,181.3632
ga_sembrado,1,int__tai50_20_06,524288,8.7170,361.8124
ga_sembrado,1,int__tai50_20_06,1048576,8.2777,727.2586
ga_sembrado,1,int__tai50_20_06,1153390,8.2777,800.0003
regla_bon,1,int__tai50_20_06,1,11.9332,0.0880
regla_bon,1,int__tai50_20_06,2,11.9332,0.1590
regla_bon,1,int__tai50_20_06,4,11.9332,0.3235
regla_bon,1,int__tai50_20_06,8,11.9332,0.6352
regla_bon,1,int__tai50_20_06,16,11.9332,1.2083
regla_bon,1,int__tai50_20_06,32,10.8436,2.4071
regla_bon,1,int__tai50_20_06,64,10.8436,4.8372
regla_bon,1,int__tai50_20_06,128,11.6696,9.7836
regla_bon,1,int__tai50_20_06,256,11.6696,19.5161
regla_bon,1,int__tai50_20_06,512,10.7381,38.7671
regla_bon,1,int__tai50_20_06,1024,11.2127,78.5239
regla_bon,1,int__tai50_20_06,2048,10.4218,155.4961
regla_bon,1,int__tai50_20_06,4096,10.4218,309.1791
regla_bon,1,int__tai50_20_06,8192,10.4218,622.0299
regla_bon,1,int__tai50_20_06,10550,10.4218,800.0542
ga,1,int__tai50_20_07,1,102.6372,0.1211
ga,1,int__tai50_20_07,2,98.1593,0.1211
ga,1,int__tai50_20_07,4,98.1593,0.1221
ga,1,int__tai50_20_07,8,91.3274,0.1241
ga,1,int__tai50_20_07,16,91.3274,0.1281
ga,1,int__tai50_20_07,32,90.4779,0.1371
ga,1,int__tai50_20_07,64,90.4779,0.1511
ga,1,int__tai50_20_07,128,87.9292,0.1781
ga,1,int__tai50_20_07,256,84.5487,0.2471
ga,1,int__tai50_20_07,512,77.5398,0.4407
ga,1,int__tai50_20_07,1024,77.5398,0.8524
ga,1,int__tai50_20_07,2048,77.5398,1.6322
ga,1,int__tai50_20_07,4096,68.7080,2.9155
ga,1,int__tai50_20_07,8192,56.0531,5.3725
ga,1,int__tai50_20_07,16384,48.2832,10.6411
ga,1,int__tai50_20_07,32768,38.3894,20.7255
ga,1,int__tai50_20_07,65536,26.2124,40.9548
ga,1,int__tai50_20_07,131072,21.8938,81.3003
ga,1,int__tai50_20_07,262144,19.9469,161.7282
ga,1,int__tai50_20_07,524288,17.7345,323.1734
ga,1,int__tai50_20_07,1048576,17.2920,646.4039
ga,1,int__tai50_20_07,1299580,16.8496,800.0004
ga_sembrado,1,int__tai50_20_07,1,15.1858,0.1140
ga_sembrado,1,int__tai50_20_07,2,15.1858,0.1140
ga_sembrado,1,int__tai50_20_07,4,15.1858,0.1150
ga_sembrado,1,int__tai50_20_07,8,15.1858,0.1170
ga_sembrado,1,int__tai50_20_07,16,15.1858,0.1200
ga_sembrado,1,int__tai50_20_07,32,15.1858,0.1260
ga_sembrado,1,int__tai50_20_07,64,15.1858,0.1390
ga_sembrado,1,int__tai50_20_07,128,15.1858,0.1715
ga_sembrado,1,int__tai50_20_07,256,15.1858,0.2220
ga_sembrado,1,int__tai50_20_07,512,15.1858,0.3700
ga_sembrado,1,int__tai50_20_07,1024,15.1858,0.6876
ga_sembrado,1,int__tai50_20_07,2048,15.1858,1.3238
ga_sembrado,1,int__tai50_20_07,4096,15.1858,2.5601
ga_sembrado,1,int__tai50_20_07,8192,14.9735,5.0908
ga_sembrado,1,int__tai50_20_07,16384,14.9204,9.9721
ga_sembrado,1,int__tai50_20_07,32768,14.2655,20.2072
ga_sembrado,1,int__tai50_20_07,65536,14.1947,40.2690
ga_sembrado,1,int__tai50_20_07,131072,13.6991,81.7153
ga_sembrado,1,int__tai50_20_07,262144,13.4690,162.1242
ga_sembrado,1,int__tai50_20_07,524288,12.7080,323.0935
ga_sembrado,1,int__tai50_20_07,1048576,10.6372,646.2215
ga_sembrado,1,int__tai50_20_07,1298829,10.4071,800.0001
regla_bon,1,int__tai50_20_07,1,15.1858,0.0696
regla_bon,1,int__tai50_20_07,2,15.1858,0.1216
regla_bon,1,int__tai50_20_07,4,15.1858,0.2471
regla_bon,1,int__tai50_20_07,8,14.1062,0.5164
regla_bon,1,int__tai50_20_07,16,14.1062,1.0705
regla_bon,1,int__tai50_20_07,32,12.8319,2.1277
regla_bon,1,int__tai50_20_07,64,12.8319,4.3105
regla_bon,1,int__tai50_20_07,128,12.3540,8.5353
regla_bon,1,int__tai50_20_07,256,12.3540,16.8785
regla_bon,1,int__tai50_20_07,512,12.3540,33.6265
regla_bon,1,int__tai50_20_07,1024,12.3540,67.0281
regla_bon,1,int__tai50_20_07,2048,11.9823,133.6496
regla_bon,1,int__tai50_20_07,4096,11.8053,268.9768
regla_bon,1,int__tai50_20_07,8192,11.8053,538.4166
regla_bon,1,int__tai50_20_07,12193,11.9292,800.0559
ga,1,int__tai50_20_08,1,116.1279,0.1051
ga,1,int__tai50_20_08,2,97.2162,0.1051
ga,1,int__tai50_20_08,4,97.2162,0.1061
ga,1,int__tai50_20_08,8,95.9591,0.1081
ga,1,int__tai50_20_08,16,90.3915,0.1111
ga,1,int__tai50_20_08,32,89.8707,0.1181
ga,1,int__tai50_20_08,64,87.0690,0.1341
ga,1,int__tai50_20_08,128,82.4353,0.1661
ga,1,int__tai50_20_08,256,82.4353,0.2351
ga,1,int__tai50_20_08,512,78.0891,0.4447
ga,1,int__tai50_20_08,1024,75.5747,0.8484
ga,1,int__tai50_20_08,2048,71.9468,1.6221
ga,1,int__tai50_20_08,4096,61.7098,2.8905
ga,1,int__tai50_20_08,8192,58.3333,5.3834
ga,1,int__tai50_20_08,16384,44.3966,10.4696
ga,1,int__tai50_20_08,32768,29.9030,20.3670
ga,1,int__tai50_20_08,65536,21.3901,40.4680
ga,1,int__tai50_20_08,131072,17.2234,81.3684
ga,1,int__tai50_20_08,262144,14.2062,163.6945
ga,1,int__tai50_20_08,524288,12.5180,325.9393
ga,1,int__tai50_20_08,1048576,11.6379,654.3366
ga,1,int__tai50_20_08,1281828,11.6379,800.0003
ga_sembrado,1,int__tai50_20_08,1,10.6322,0.0860
ga_sembrado,1,int__tai50_20_08,2,10.6322,0.0870
ga_sembrado,1,int__tai50_20_08,4,10.6322,0.0880
ga_sembrado,1,int__tai50_20_08,8,10.6322,0.0900
ga_sembrado,1,int__tai50_20_08,16,10.6322,0.0940
ga_sembrado,1,int__tai50_20_08,32,10.6322,0.1010
ga_sembrado,1,int__tai50_20_08,64,10.6322,0.1130
ga_sembrado,1,int__tai50_20_08,128,10.6322,0.1395
ga_sembrado,1,int__tai50_20_08,256,10.6322,0.1910
ga_sembrado,1,int__tai50_20_08,512,10.6322,0.3481
ga_sembrado,1,int__tai50_20_08,1024,10.6322,0.6741
ga_sembrado,1,int__tai50_20_08,2048,10.6322,1.3228
ga_sembrado,1,int__tai50_20_08,4096,10.6322,2.5491
ga_sembrado,1,int__tai50_20_08,8192,10.1652,5.0958
ga_sembrado,1,int__tai50_20_08,16384,9.8420,10.0885
ga_sembrado,1,int__tai50_20_08,32768,9.8240,20.2877
ga_sembrado,1,int__tai50_20_08,65536,9.4828,40.9979
ga_sembrado,1,int__tai50_20_08,131072,8.5848,83.4903
ga_sembrado,1,int__tai50_20_08,262144,8.2076,164.7251
ga_sembrado,1,int__tai50_20_08,524288,8.1358,327.2755
ga_sembrado,1,int__tai50_20_08,1048576,7.9203,653.9193
ga_sembrado,1,int__tai50_20_08,1283726,7.9203,800.0001
regla_bon,1,int__tai50_20_08,1,10.6322,0.0646
regla_bon,1,int__tai50_20_08,2,10.6322,0.1366
regla_bon,1,int__tai50_20_08,4,10.6322,0.2817
regla_bon,1,int__tai50_20_08,8,10.6322,0.5604
regla_bon,1,int__tai50_20_08,16,10.6322,1.0980
regla_bon,1,int__tai50_20_08,32,10.6322,2.1252
regla_bon,1,int__tai50_20_08,64,10.6322,4.2225
regla_bon,1,int__tai50_20_08,128,10.6322,8.4933
regla_bon,1,int__tai50_20_08,256,9.4289,16.8725
regla_bon,1,int__tai50_20_08,512,8.4591,33.8201
regla_bon,1,int__tai50_20_08,1024,8.4591,67.8659
regla_bon,1,int__tai50_20_08,2048,8.4052,135.6611
regla_bon,1,int__tai50_20_08,4096,8.4052,271.0718
regla_bon,1,int__tai50_20_08,8192,8.7284,542.6422
regla_bon,1,int__tai50_20_08,12117,8.7284,800.0099
ga,1,int__tai50_20_09,1,100.5698,0.1130
ga,1,int__tai50_20_09,2,100.5698,0.1140
ga,1,int__tai50_20_09,4,91.5337,0.1150
ga,1,int__tai50_20_09,8,81.0811,0.1160
ga,1,int__tai50_20_09,16,81.0811,0.1200
ga,1,int__tai50_20_09,32,78.7854,0.1250
ga,1,int__tai50_20_09,64,73.5428,0.1390
ga,1,int__tai50_20_09,128,68.7724,0.1681
ga,1,int__tai50_20_09,256,68.7724,0.2377
ga,1,int__tai50_20_09,512,68.7724,0.4437
ga,1,int__tai50_20_09,1024,62.8297,0.8653
ga,1,int__tai50_20_09,2048,62.8297,1.6336
ga,1,int__tai50_20_09,4096,58.2221,2.9333
ga,1,int__tai50_20_09,8192,48.1276,5.4334
ga,1,int__tai50_20_09,16384,37.8053,10.5701
ga,1,int__tai50_20_09,32768,27.4829,20.5339
ga,1,int__tai50_20_09,65536,21.1006,40.3399
ga,1,int__tai50_20_09,131072,17.9420,80.7094
ga,1,int__tai50_20_09,262144,15.8092,161.5821
ga,1,int__tai50_20_09,524288,13.8717,323.3458
ga,1,int__tai50_20_09,1048576,12.9274,646.2207
ga,1,int__tai50_20_09,1299033,12.1459,800.0003
ga_sembrado,1,int__tai50_20_09,1,12.8785,0.0920
ga_sembrado,1,int__tai50_20_09,2,12.8785,0.0930
ga_sembrado,1,int__tai50_20_09,4,12.8785,0.0940
ga_sembrado,1,int__tai50_20_09,8,12.8785,0.0960
ga_sembrado,1,int__tai50_20_09,16,12.8785,0.1000
ga_sembrado,1,int__tai50_20_09,32,12.8785,0.1060
ga_sembrado,1,int__tai50_20_09,64,12.8785,0.1200
ga_sembrado,1,int__tai50_20_09,128,12.8785,0.1450
ga_sembrado,1,int__tai50_20_09,256,12.8785,0.1950
ga_sembrado,1,int__tai50_20_09,512,12.8785,0.3646
ga_sembrado,1,int__tai50_20_09,1024,12.8785,0.6846
ga_sembrado,1,int__tai50_20_09,2048,12.8785,1.3059
ga_sembrado,1,int__tai50_20_09,4096,12.8785,2.5786
ga_sembrado,1,int__tai50_20_09,8192,12.6669,5.1139
ga_sembrado,1,int__tai50_20_09,16384,12.5529,10.0325
ga_sembrado,1,int__tai50_20_09,32768,12.2110,20.1947
ga_sembrado,1,int__tai50_20_09,65536,11.4621,40.1390
ga_sembrado,1,int__tai50_20_09,131072,11.4621,81.2562
ga_sembrado,1,int__tai50_20_09,262144,11.0062,161.5449
ga_sembrado,1,int__tai50_20_09,524288,10.1433,321.3807
ga_sembrado,1,int__tai50_20_09,1048576,9.8014,642.5370
ga_sembrado,1,int__tai50_20_09,1307029,9.1990,800.0007
regla_bon,1,int__tai50_20_09,1,12.8785,0.0790
regla_bon,1,int__tai50_20_09,2,12.8785,0.1425
regla_bon,1,int__tai50_20_09,4,12.8297,0.2771
regla_bon,1,int__tai50_20_09,8,13.5786,0.5458
regla_bon,1,int__tai50_20_09,16,12.2110,1.0624
regla_bon,1,int__tai50_20_09,32,12.9274,2.1222
regla_bon,1,int__tai50_20_09,64,11.5760,4.3909
regla_bon,1,int__tai50_20_09,128,9.1338,8.6563
regla_bon,1,int__tai50_20_09,256,9.1338,17.1025
regla_bon,1,int__tai50_20_09,512,9.1338,33.9905
regla_bon,1,int__tai50_20_09,1024,9.1338,67.4973
regla_bon,1,int__tai50_20_09,2048,8.7431,135.3501
regla_bon,1,int__tai50_20_09,4096,8.7431,271.4398
regla_bon,1,int__tai50_20_09,8192,8.7431,543.7311
regla_bon,1,int__tai50_20_09,12038,8.7431,800.0159
ga,1,int__tai50_20_10,1,104.8748,0.1256
ga,1,int__tai50_20_10,2,104.8748,0.1266
ga,1,int__tai50_20_10,4,102.1703,0.1277
ga,1,int__tai50_20_10,8,83.0050,0.1296
ga,1,int__tai50_20_10,16,83.0050,0.1336
ga,1,int__tai50_20_10,32,83.0050,0.1417
ga,1,int__tai50_20_10,64,83.0050,0.1566
ga,1,int__tai50_20_10,128,74.0568,0.1926
ga,1,int__tai50_20_10,256,74.0568,0.2987
ga,1,int__tai50_20_10,512,73.3055,0.5347
ga,1,int__tai50_20_10,1024,73.3055,0.9454
ga,1,int__tai50_20_10,2048,68.7813,1.6347
ga,1,int__tai50_20_10,4096,64.1569,2.8493
ga,1,int__tai50_20_10,8192,58.6978,5.2944
ga,1,int__tai50_20_10,16384,44.2404,10.5421
ga,1,int__tai50_20_10,32768,30.8681,20.5404
ga,1,int__tai50_20_10,65536,21.6861,40.3441
ga,1,int__tai50_20_10,131072,19.5159,80.1019
ga,1,int__tai50_20_10,262144,18.3973,160.8870
ga,1,int__tai50_20_10,524288,16.2604,322.2453
ga,1,int__tai50_20_10,1048576,14.5576,645.3958
ga,1,int__tai50_20_10,1300784,14.4073,800.0003
ga_sembrado,1,int__tai50_20_10,1,16.6945,0.1120
ga_sembrado,1,int__tai50_20_10,2,16.6945,0.1120
ga_sembrado,1,int__tai50_20_10,4,16.6945,0.1130
ga_sembrado,1,int__tai50_20_10,8,16.6945,0.1150
ga_sembrado,1,int__tai50_20_10,16,16.6945,0.1190
ga_sembrado,1,int__tai50_20_10,32,16.6945,0.1270
ga_sembrado,1,int__tai50_20_10,64,16.6945,0.1430
ga_sembrado,1,int__tai50_20_10,128,16.6945,0.1686
ga_sembrado,1,int__tai50_20_10,256,16.6945,0.2285
ga_sembrado,1,int__tai50_20_10,512,16.6945,0.3846
ga_sembrado,1,int__tai50_20_10,1024,16.6945,0.7081
ga_sembrado,1,int__tai50_20_10,2048,16.6945,1.3324
ga_sembrado,1,int__tai50_20_10,4096,16.6945,2.6116
ga_sembrado,1,int__tai50_20_10,8192,15.8097,5.2154
ga_sembrado,1,int__tai50_20_10,16384,15.4758,10.0886
ga_sembrado,1,int__tai50_20_10,32768,15.3422,20.0737
ga_sembrado,1,int__tai50_20_10,65536,14.5576,39.8986
ga_sembrado,1,int__tai50_20_10,131072,13.8898,80.9086
ga_sembrado,1,int__tai50_20_10,262144,13.8898,161.2589
ga_sembrado,1,int__tai50_20_10,524288,13.8898,321.7388
ga_sembrado,1,int__tai50_20_10,1048576,13.8898,643.8600
ga_sembrado,1,int__tai50_20_10,1303497,13.7396,800.0002
regla_bon,1,int__tai50_20_10,1,16.6945,0.0706
regla_bon,1,int__tai50_20_10,2,16.6945,0.1426
regla_bon,1,int__tai50_20_10,4,16.6945,0.2862
regla_bon,1,int__tai50_20_10,8,16.6945,0.5294
regla_bon,1,int__tai50_20_10,16,16.6945,1.0489
regla_bon,1,int__tai50_20_10,32,17.0618,2.1036
regla_bon,1,int__tai50_20_10,64,14.2070,4.2754
regla_bon,1,int__tai50_20_10,128,14.2070,8.6018
regla_bon,1,int__tai50_20_10,256,14.0067,17.0765
regla_bon,1,int__tai50_20_10,512,14.0067,33.7475
regla_bon,1,int__tai50_20_10,1024,14.0067,67.1932
regla_bon,1,int__tai50_20_10,2048,13.2721,134.0452
regla_bon,1,int__tai50_20_10,4096,12.8881,269.1654
regla_bon,1,int__tai50_20_10,8192,12.7713,540.4940
regla_bon,1,int__tai50_20_10,12131,12.7713,800.0755
