instance,cls,method,width,eps_bar,rel_width,coverage,e_mid,abs_dev
int__tai15_15_01,15_15,GP,1.0,6.8038,13.3515,1.0000,1468.0000,9.9879
int__tai15_15_01,15_15,GP,1.2,8.6619,,1.0000,1472.2000,12.7520
int__tai15_15_01,15_15,GP,1.4,10.1603,,1.0000,1476.4000,15.0007
int__tai15_15_01,15_15,EST,1.0,5.9990,15.9350,1.0000,1845.0000,11.0682
int__tai15_15_01,15_15,EST,1.2,7.3817,,1.0000,1845.0000,13.6192
int__tai15_15_01,15_15,EST,1.4,8.4667,,1.0000,1845.0000,15.6210
int__tai15_15_01,15_15,GT-MWKR,1.0,6.1283,14.6216,1.0000,1552.5000,9.5142
int__tai15_15_01,15_15,GT-MWKR,1.2,7.4147,,1.0000,1555.4000,11.5329
int__tai15_15_01,15_15,GT-MWKR,1.4,9.0701,,1.0000,1558.9000,14.1394
int__tai15_15_01,15_15,GP-nowidth,1.0,5.9745,14.7292,1.0000,1385.0000,8.2747
int__tai15_15_01,15_15,GP-nowidth,1.2,7.4480,,1.0000,1385.0000,10.3155
int__tai15_15_01,15_15,GP-nowidth,1.4,8.1527,,1.0000,1387.3000,11.3103
int__tai15_15_01,15_15,GP-rob1,1.0,4.8538,9.6543,1.0000,1533.0000,7.4408
int__tai15_15_01,15_15,GP-rob1,1.2,5.6765,,1.0000,1535.6000,8.7168
int__tai15_15_01,15_15,GP-rob1,1.4,6.5753,,1.0000,1538.2000,10.1142
int__tai15_15_01,15_15,GP-rob1-nw,1.0,5.8922,14.9705,1.0000,1523.0000,8.9739
int__tai15_15_01,15_15,GP-rob1-nw,1.2,7.1623,,1.0000,1525.3000,10.9247
int__tai15_15_01,15_15,GP-rob1-nw,1.4,8.3908,,1.0000,1528.1000,12.8221
int__tai15_15_01,15_15,GP-rob4,1.0,5.4289,12.1365,1.0000,1582.0000,8.5886
int__tai15_15_01,15_15,GP-rob4,1.2,6.6641,,1.0000,1582.0000,10.5426
int__tai15_15_01,15_15,GP-rob4,1.4,7.4560,,1.0000,1582.0000,11.7953
int__tai15_15_02,15_15,GP,1.0,6.1619,12.6012,1.0000,1420.5000,8.7530
int__tai15_15_02,15_15,GP,1.2,6.9634,,1.0000,1421.8000,9.9006
int__tai15_15_02,15_15,GP,1.4,7.9333,,1.0000,1423.1000,11.2899
int__tai15_15_02,15_15,EST,1.0,5.6059,13.8996,1.0000,1554.0000,8.7116
int__tai15_15_02,15_15,EST,1.2,6.4822,,1.0000,1554.7000,10.0779
int__tai15_15_02,15_15,EST,1.4,7.2602,,1.0000,1556.7000,11.3019
int__tai15_15_02,15_15,GT-MWKR,1.0,5.4951,12.7044,1.0000,1590.0000,8.7372
int__tai15_15_02,15_15,GT-MWKR,1.2,6.8736,,1.0000,1590.0000,10.9290
int__tai15_15_02,15_15,GT-MWKR,1.4,7.9048,,1.0000,1590.0000,12.5686
int__tai15_15_02,15_15,GP-nowidth,1.0,6.2070,13.8172,1.0000,1433.0000,8.8947
int__tai15_15_02,15_15,GP-nowidth,1.2,7.3578,,1.0000,1434.2000,10.5525
int__tai15_15_02,15_15,GP-nowidth,1.4,8.6441,,1.0000,1435.4000,12.4077
int__tai15_15_02,15_15,GP-rob1,1.0,5.2349,9.4142,1.0000,1476.5000,7.7293
int__tai15_15_02,15_15,GP-rob1,1.2,6.9126,,1.0000,1480.3000,10.2327
int__tai15_15_02,15_15,GP-rob1,1.4,9.0281,,1.0000,1485.2000,13.4086
int__tai15_15_02,15_15,GP-rob1-nw,1.0,4.4182,12.0991,1.0000,1372.0000,6.0618
int__tai15_15_02,15_15,GP-rob1-nw,1.2,5.1206,,1.0000,1373.8000,7.0347
int__tai15_15_02,15_15,GP-rob1-nw,1.4,5.8543,,1.0000,1376.5000,8.0585
int__tai15_15_02,15_15,GP-rob4,1.0,4.2530,9.1877,1.0000,1502.0000,6.3881
int__tai15_15_02,15_15,GP-rob4,1.2,5.0871,,1.0000,1502.8000,7.6449
int__tai15_15_02,15_15,GP-rob4,1.4,5.9835,,1.0000,1505.5000,9.0081
int__tai15_15_03,15_15,GP,1.0,5.4545,14.3217,1.0000,1389.5000,7.5791
int__tai15_15_03,15_15,GP,1.2,6.3536,,1.0000,1392.3000,8.8461
int__tai15_15_03,15_15,GP,1.4,7.1372,,1.0000,1395.1000,9.9571
int__tai15_15_03,15_15,EST,1.0,5.1855,12.0333,1.0000,1620.5000,8.4031
int__tai15_15_03,15_15,EST,1.2,6.7168,,1.0000,1624.9000,10.9142
int__tai15_15_03,15_15,EST,1.4,8.1071,,1.0000,1629.3000,13.2089
int__tai15_15_03,15_15,GT-MWKR,1.0,5.0526,11.2789,1.0000,1622.5000,8.1979
int__tai15_15_03,15_15,GT-MWKR,1.2,5.6263,,1.0000,1623.2000,9.1326
int__tai15_15_03,15_15,GT-MWKR,1.4,6.5145,,1.0000,1623.9000,10.5789
int__tai15_15_03,15_15,GP-nowidth,1.0,4.5847,10.9778,1.0000,1375.5000,6.3062
int__tai15_15_03,15_15,GP-nowidth,1.2,5.4899,,1.0000,1377.8000,7.5640
int__tai15_15_03,15_15,GP-nowidth,1.4,6.6098,,1.0000,1380.1000,9.1222
int__tai15_15_03,15_15,GP-rob1,1.0,3.9688,10.5546,1.0000,1487.5000,5.9037
int__tai15_15_03,15_15,GP-rob1,1.2,4.6860,,1.0000,1490.0000,6.9822
int__tai15_15_03,15_15,GP-rob1,1.4,5.5108,,1.0000,1492.5000,8.2249
int__tai15_15_03,15_15,GP-rob1-nw,1.0,4.8392,11.1819,1.0000,1413.0000,6.8378
int__tai15_15_03,15_15,GP-rob1-nw,1.2,6.1732,,1.0000,1416.2000,8.7425
int__tai15_15_03,15_15,GP-rob1-nw,1.4,7.2562,,1.0000,1419.4000,10.2994
int__tai15_15_03,15_15,GP-rob4,1.0,3.3637,8.6523,1.0000,1606.5000,5.4037
int__tai15_15_03,15_15,GP-rob4,1.2,4.0693,,1.0000,1607.1000,6.5398
int__tai15_15_03,15_15,GP-rob4,1.4,4.5010,,1.0000,1607.7000,7.2363
int__tai15_15_04,15_15,GP,1.0,5.8956,12.8012,1.0000,1328.0000,7.8293
int__tai15_15_04,15_15,GP,1.2,6.8689,,1.0000,1329.4000,9.1315
int__tai15_15_04,15_15,GP,1.4,7.9776,,1.0000,1330.8000,10.6166
int__tai15_15_04,15_15,EST,1.0,6.0675,15.6724,1.0000,1550.5000,9.4076
int__tai15_15_04,15_15,EST,1.2,7.0723,,1.0000,1552.5000,10.9797
int__tai15_15_04,15_15,EST,1.4,8.3326,,1.0000,1554.5000,12.9531
int__tai15_15_04,15_15,GT-MWKR,1.0,6.0574,13.9287,1.0000,1500.5000,9.0892
int__tai15_15_04,15_15,GT-MWKR,1.2,7.2071,,1.0000,1501.1000,10.8186
int__tai15_15_04,15_15,GT-MWKR,1.4,8.2811,,1.0000,1501.7000,12.4357
int__tai15_15_04,15_15,GP-nowidth,1.0,5.4658,12.3918,1.0000,1444.5000,7.8954
int__tai15_15_04,15_15,GP-nowidth,1.2,6.6307,,1.0000,1447.2000,9.5960
int__tai15_15_04,15_15,GP-nowidth,1.4,7.6718,,1.0000,1450.3000,11.1265
int__tai15_15_04,15_15,GP-rob1,1.0,4.1707,10.0463,1.0000,1403.5000,5.8536
int__tai15_15_04,15_15,GP-rob1,1.2,4.8492,,1.0000,1406.0000,6.8180
int__tai15_15_04,15_15,GP-rob1,1.4,5.5683,,1.0000,1409.0000,7.8457
int__tai15_15_04,15_15,GP-rob1-nw,1.0,5.4013,14.2450,1.0000,1404.0000,7.5834
int__tai15_15_04,15_15,GP-rob1-nw,1.2,6.0004,,1.0000,1406.0000,8.4365
int__tai15_15_04,15_15,GP-rob1-nw,1.4,6.7558,,1.0000,1408.0000,9.5121
int__tai15_15_04,15_15,GP-rob4,1.0,3.8197,9.6774,1.0000,1488.0000,5.6838
int__tai15_15_04,15_15,GP-rob4,1.2,4.6787,,1.0000,1489.6000,6.9694
int__tai15_15_04,15_15,GP-rob4,1.4,5.2681,,1.0000,1491.2000,7.8558
int__tai15_15_05,15_15,GP,1.0,4.5145,11.3960,1.0000,1404.0000,6.3383
int__tai15_15_05,15_15,GP,1.2,6.1173,,1.0000,1407.9000,8.6125
int__tai15_15_05,15_15,GP,1.4,7.4824,,1.0000,1411.8000,10.5637
int__tai15_15_05,15_15,EST,1.0,5.3174,13.8130,1.0000,1556.5000,8.2766
int__tai15_15_05,15_15,EST,1.2,6.6615,,1.0000,1559.1000,10.3859
int__tai15_15_05,15_15,EST,1.4,7.4462,,1.0000,1562.2000,11.6325
int__tai15_15_05,15_15,GT-MWKR,1.0,6.2005,14.3076,1.0000,1628.5000,10.0975
int__tai15_15_05,15_15,GT-MWKR,1.2,7.4631,,1.0000,1631.2000,12.1739
int__tai15_15_05,15_15,GT-MWKR,1.4,9.0016,,1.0000,1633.9000,14.7077
int__tai15_15_05,15_15,GP-nowidth,1.0,4.9096,11.1773,1.0000,1342.0000,6.5887
int__tai15_15_05,15_15,GP-nowidth,1.2,5.4635,,1.0000,1345.2000,7.3495
int__tai15_15_05,15_15,GP-nowidth,1.4,6.0922,,1.0000,1348.9000,8.2178
int__tai15_15_05,15_15,GP-rob1,1.0,3.5847,9.4280,1.0000,1591.0000,5.7032
int__tai15_15_05,15_15,GP-rob1,1.2,4.4140,,1.0000,1593.4000,7.0332
int__tai15_15_05,15_15,GP-rob1,1.4,4.8940,,1.0000,1595.8000,7.8098
int__tai15_15_05,15_15,GP-rob1-nw,1.0,5.2799,10.9453,1.0000,1407.0000,7.4288
int__tai15_15_05,15_15,GP-rob1-nw,1.2,6.5778,,1.0000,1410.0000,9.2746
int__tai15_15_05,15_15,GP-rob1-nw,1.4,8.3686,,1.0000,1413.5000,11.8291
int__tai15_15_05,15_15,GP-rob4,1.0,4.1259,9.7502,1.0000,1641.0000,6.7706
int__tai15_15_05,15_15,GP-rob4,1.2,4.7828,,1.0000,1642.6000,7.8562
int__tai15_15_05,15_15,GP-rob4,1.4,5.5250,,1.0000,1644.2000,9.0841
int__tai15_15_06,15_15,GP,1.0,5.1522,12.9261,1.0000,1408.0000,7.2543
int__tai15_15_06,15_15,GP,1.2,6.0395,,1.0000,1410.2000,8.5169
int__tai15_15_06,15_15,GP,1.4,6.8231,,1.0000,1412.4000,9.6369
int__tai15_15_06,15_15,EST,1.0,6.1207,15.6688,1.0000,1570.0000,9.6096
int__tai15_15_06,15_15,EST,1.2,6.8036,,1.0000,1573.0000,10.7021
int__tai15_15_06,15_15,EST,1.4,8.2508,,1.0000,1577.0000,13.0115
int__tai15_15_06,15_15,GT-MWKR,1.0,5.4410,13.5975,1.0000,1463.5000,7.9629
int__tai15_15_06,15_15,GT-MWKR,1.2,6.3889,,1.0000,1464.7000,9.3578
int__tai15_15_06,15_15,GT-MWKR,1.4,7.0888,,1.0000,1465.9000,10.3914
int__tai15_15_06,15_15,GP-nowidth,1.0,6.7028,15.8464,1.0000,1432.5000,9.6017
int__tai15_15_06,15_15,GP-nowidth,1.2,7.9280,,1.0000,1432.6000,11.3577
int__tai15_15_06,15_15,GP-nowidth,1.4,9.0588,,1.0000,1433.5000,12.9858
int__tai15_15_06,15_15,GP-rob1,1.0,5.4043,13.2714,1.0000,1507.0000,8.1443
int__tai15_15_06,15_15,GP-rob1,1.2,6.3423,,1.0000,1509.2000,9.5718
int__tai15_15_06,15_15,GP-rob1,1.4,7.5292,,1.0000,1511.7000,11.3819
int__tai15_15_06,15_15,GP-rob1-nw,1.0,5.0139,12.2534,1.0000,1444.5000,7.2425
int__tai15_15_06,15_15,GP-rob1-nw,1.2,5.4856,,1.0000,1446.4000,7.9344
int__tai15_15_06,15_15,GP-rob1-nw,1.4,6.6813,,1.0000,1450.1000,9.6885
int__tai15_15_06,15_15,GP-rob4,1.0,5.6248,12.0160,1.0000,1498.0000,8.4259
int__tai15_15_06,15_15,GP-rob4,1.2,6.6050,,1.0000,1499.1000,9.9016
int__tai15_15_06,15_15,GP-rob4,1.4,7.6355,,1.0000,1501.2000,11.4624
int__tai15_15_07,15_15,GP,1.0,6.8349,15.2355,1.0000,1444.0000,9.8696
int__tai15_15_07,15_15,GP,1.2,8.2221,,1.0000,1444.0000,11.8727
int__tai15_15_07,15_15,GP,1.4,9.2440,,1.0000,1444.7000,13.3547
int__tai15_15_07,15_15,EST,1.0,5.7446,15.7107,1.0000,1604.0000,9.2143
int__tai15_15_07,15_15,EST,1.2,7.0744,,1.0000,1605.5000,11.3579
int__tai15_15_07,15_15,EST,1.4,7.5384,,1.0000,1607.5000,12.1180
int__tai15_15_07,15_15,GT-MWKR,1.0,5.7849,16.4189,1.0000,1547.0000,8.9493
int__tai15_15_07,15_15,GT-MWKR,1.2,6.7217,,1.0000,1550.6000,10.4226
int__tai15_15_07,15_15,GT-MWKR,1.4,7.3972,,1.0000,1554.2000,11.4968
int__tai15_15_07,15_15,GP-nowidth,1.0,5.7424,14.8173,1.0000,1464.5000,8.4098
int__tai15_15_07,15_15,GP-nowidth,1.2,7.0165,,1.0000,1466.5000,10.2897
int__tai15_15_07,15_15,GP-nowidth,1.4,7.5338,,1.0000,1468.5000,11.0634
int__tai15_15_07,15_15,GP-rob1,1.0,5.0299,11.2175,1.0000,1462.0000,7.3537
int__tai15_15_07,15_15,GP-rob1,1.2,5.7992,,1.0000,1462.6000,8.4820
int__tai15_15_07,15_15,GP-rob1,1.4,6.8568,,1.0000,1464.2000,10.0397
int__tai15_15_07,15_15,GP-rob1-nw,1.0,4.8404,13.7283,1.0000,1384.0000,6.6991
int__tai15_15_07,15_15,GP-rob1-nw,1.2,6.1811,,1.0000,1386.7000,8.5713
int__tai15_15_07,15_15,GP-rob1-nw,1.4,6.8741,,1.0000,1389.9000,9.5543
int__tai15_15_07,15_15,GP-rob4,1.0,3.9505,8.6035,1.0000,1604.0000,6.3367
int__tai15_15_07,15_15,GP-rob4,1.2,4.8250,,1.0000,1605.2000,7.7451
int__tai15_15_07,15_15,GP-rob4,1.4,5.3768,,1.0000,1606.4000,8.6374
int__tai15_15_08,15_15,GP,1.0,6.2982,14.6691,1.0000,1397.5000,8.8018
int__tai15_15_08,15_15,GP,1.2,7.1018,,1.0000,1399.5000,9.9390
int__tai15_15_08,15_15,GP,1.4,8.7134,,1.0000,1401.7000,12.2135
int__tai15_15_08,15_15,EST,1.0,5.1338,14.2810,1.0000,1505.5000,7.7289
int__tai15_15_08,15_15,EST,1.2,5.8514,,1.0000,1507.1000,8.8186
int__tai15_15_08,15_15,EST,1.4,6.8824,,1.0000,1509.3000,10.3875
int__tai15_15_08,15_15,GT-MWKR,1.0,4.7944,11.4398,1.0000,1521.0000,7.2923
int__tai15_15_08,15_15,GT-MWKR,1.2,5.6830,,1.0000,1521.0000,8.6438
int__tai15_15_08,15_15,GT-MWKR,1.4,6.7932,,1.0000,1521.2000,10.3338
int__tai15_15_08,15_15,GP-nowidth,1.0,9.8317,13.6947,1.0000,1402.0000,13.7841
int__tai15_15_08,15_15,GP-nowidth,1.2,11.5164,,1.0000,1406.0000,16.1921
int__tai15_15_08,15_15,GP-nowidth,1.4,13.7531,,1.0000,1410.0000,19.3919
int__tai15_15_08,15_15,GP-rob1,1.0,4.4158,11.2536,1.0000,1404.0000,6.1999
int__tai15_15_08,15_15,GP-rob1,1.2,5.0507,,1.0000,1406.5000,7.1037
int__tai15_15_08,15_15,GP-rob1,1.4,5.9763,,1.0000,1409.0000,8.4206
int__tai15_15_08,15_15,GP-rob1-nw,1.0,7.1114,13.0186,1.0000,1398.0000,9.9418
int__tai15_15_08,15_15,GP-rob1-nw,1.2,8.4535,,1.0000,1401.5000,11.8476
int__tai15_15_08,15_15,GP-rob1-nw,1.4,10.3414,,1.0000,1406.9000,14.5494
int__tai15_15_08,15_15,GP-rob4,1.0,4.2794,9.6186,1.0000,1507.5000,6.4513
int__tai15_15_08,15_15,GP-rob4,1.2,5.0550,,1.0000,1510.1000,7.6336
int__tai15_15_08,15_15,GP-rob4,1.4,6.0939,,1.0000,1513.2000,9.2213
int__tai15_15_09,15_15,GP,1.0,5.3946,14.3278,1.0000,1528.5000,8.2457
int__tai15_15_09,15_15,GP,1.2,6.3375,,1.0000,1532.1000,9.7096
int__tai15_15_09,15_15,GP,1.4,7.2866,,1.0000,1535.9000,11.1915
int__tai15_15_09,15_15,EST,1.0,4.8861,13.4550,1.0000,1754.0000,8.5703
int__tai15_15_09,15_15,EST,1.2,5.5464,,1.0000,1756.2000,9.7407
int__tai15_15_09,15_15,EST,1.4,6.6795,,1.0000,1759.4000,11.7518
int__tai15_15_09,15_15,GT-MWKR,1.0,6.3808,16.8350,1.0000,1633.5000,10.4230
int__tai15_15_09,15_15,GT-MWKR,1.2,7.9121,,1.0000,1634.5000,12.9323
int__tai15_15_09,15_15,GT-MWKR,1.4,8.8978,,1.0000,1635.5000,14.5523
int__tai15_15_09,15_15,GP-nowidth,1.0,5.4337,14.8074,1.0000,1492.5000,8.1099
int__tai15_15_09,15_15,GP-nowidth,1.2,6.5882,,1.0000,1494.7000,9.8473
int__tai15_15_09,15_15,GP-nowidth,1.4,7.5722,,1.0000,1498.0000,11.3432
int__tai15_15_09,15_15,GP-rob1,1.0,7.8889,13.2124,1.0000,1544.0000,12.1805
int__tai15_15_09,15_15,GP-rob1,1.2,9.0304,,1.0000,1547.5000,13.9746
int__tai15_15_09,15_15,GP-rob1,1.4,10.4688,,1.0000,1551.8000,16.2455
int__tai15_15_09,15_15,GP-rob1-nw,1.0,4.9168,12.6309,1.0000,1480.5000,7.2794
int__tai15_15_09,15_15,GP-rob1-nw,1.2,6.0478,,1.0000,1482.5000,8.9658
int__tai15_15_09,15_15,GP-rob1-nw,1.4,6.6744,,1.0000,1484.7000,9.9095
int__tai15_15_09,15_15,GP-rob4,1.0,4.7519,13.7102,1.0000,1663.0000,7.9024
int__tai15_15_09,15_15,GP-rob4,1.2,5.8848,,1.0000,1663.7000,9.7906
int__tai15_15_09,15_15,GP-rob4,1.4,7.0420,,1.0000,1664.9000,11.7241
int__tai15_15_10,15_15,GP,1.0,4.6866,11.2391,1.0000,1432.5000,6.7136
int__tai15_15_10,15_15,GP,1.2,5.7683,,1.0000,1435.6000,8.2810
int__tai15_15_10,15_15,GP,1.4,6.8250,,1.0000,1438.7000,9.8192
int__tai15_15_10,15_15,EST,1.0,5.0105,13.9371,1.0000,1700.5000,8.5204
int__tai15_15_10,15_15,EST,1.2,6.2344,,1.0000,1702.3000,10.6128
int__tai15_15_10,15_15,EST,1.4,6.8234,,1.0000,1704.6000,11.6312
int__tai15_15_10,15_15,GT-MWKR,1.0,5.1601,14.7855,1.0000,1515.0000,7.8176
int__tai15_15_10,15_15,GT-MWKR,1.2,6.1260,,1.0000,1517.2000,9.2944
int__tai15_15_10,15_15,GT-MWKR,1.4,7.2255,,1.0000,1519.4000,10.9784
int__tai15_15_10,15_15,GP-nowidth,1.0,5.3047,14.1264,1.0000,1479.5000,7.8483
int__tai15_15_10,15_15,GP-nowidth,1.2,6.4134,,1.0000,1482.3000,9.5067
int__tai15_15_10,15_15,GP-nowidth,1.4,6.8764,,1.0000,1486.1000,10.2190
int__tai15_15_10,15_15,GP-rob1,1.0,4.7643,9.6594,1.0000,1615.0000,7.6944
int__tai15_15_10,15_15,GP-rob1,1.2,5.5365,,1.0000,1615.0000,8.9414
int__tai15_15_10,15_15,GP-rob1,1.4,6.3170,,1.0000,1615.0000,10.2019
int__tai15_15_10,15_15,GP-rob1-nw,1.0,5.4198,12.8047,1.0000,1538.5000,8.3383
int__tai15_15_10,15_15,GP-rob1-nw,1.2,6.2635,,1.0000,1540.4000,9.6482
int__tai15_15_10,15_15,GP-rob1-nw,1.4,7.2241,,1.0000,1542.3000,11.1417
int__tai15_15_10,15_15,GP-rob4,1.0,4.0152,9.0515,1.0000,1613.0000,6.4765
int__tai15_15_10,15_15,GP-rob4,1.2,4.7197,,1.0000,1613.3000,7.6143
int__tai15_15_10,15_15,GP-rob4,1.4,5.6470,,1.0000,1614.6000,9.1177
int__tai20_15_01,20_15,GP,1.0,4.6915,15.1145,1.0000,1594.5000,7.4805
int__tai20_15_01,20_15,GP,1.2,5.6962,,1.0000,1597.1000,9.0974
int__tai20_15_01,20_15,GP,1.4,6.0351,,1.0000,1599.8000,9.6549
int__tai20_15_01,20_15,EST,1.0,4.6225,14.4340,1.0000,2120.0000,9.7998
int__tai20_15_01,20_15,EST,1.2,5.7070,,1.0000,2120.3000,12.1005
int__tai20_15_01,20_15,EST,1.4,6.5104,,1.0000,2120.6000,13.8059
int__tai20_15_01,20_15,GT-MWKR,1.0,4.6755,15.1071,1.0000,1774.0000,8.2943
int__tai20_15_01,20_15,GT-MWKR,1.2,5.7473,,1.0000,1776.1000,10.2078
int__tai20_15_01,20_15,GT-MWKR,1.4,6.5416,,1.0000,1778.2000,11.6322
int__tai20_15_01,20_15,GP-nowidth,1.0,4.9103,13.4476,1.0000,1517.0000,7.4489
int__tai20_15_01,20_15,GP-nowidth,1.2,5.7658,,1.0000,1517.0000,8.7467
int__tai20_15_01,20_15,GP-nowidth,1.4,6.4230,,1.0000,1518.7000,9.7546
int__tai20_15_01,20_15,GP-rob1,1.0,3.7696,8.9901,1.0000,1624.0000,6.1218
int__tai20_15_01,20_15,GP-rob1,1.2,4.3254,,1.0000,1625.7000,7.0318
int__tai20_15_01,20_15,GP-rob1,1.4,5.3902,,1.0000,1629.4000,8.7829
int__tai20_15_01,20_15,GP-rob1-nw,1.0,4.6022,12.9552,1.0000,1551.5000,7.1403
int__tai20_15_01,20_15,GP-rob1-nw,1.2,5.6547,,1.0000,1552.4000,8.7783
int__tai20_15_01,20_15,GP-rob1-nw,1.4,6.2707,,1.0000,1555.2000,9.7522
int__tai20_15_01,20_15,GP-rob4,1.0,3.5951,8.7906,1.0000,1740.5000,6.2572
int__tai20_15_01,20_15,GP-rob4,1.2,4.3391,,1.0000,1742.0000,7.5587
int__tai20_15_01,20_15,GP-rob4,1.4,5.1910,,1.0000,1744.0000,9.0531
int__tai20_15_02,20_15,GP,1.0,4.6958,10.6965,1.0000,1608.0000,7.5508
int__tai20_15_02,20_15,GP,1.2,5.5732,,1.0000,1609.4000,8.9695
int__tai20_15_02,20_15,GP,1.4,6.1322,,1.0000,1611.3000,9.8808
int__tai20_15_02,20_15,EST,1.0,4.7668,14.1067,1.0000,2034.5000,9.6981
int__tai20_15_02,20_15,EST,1.2,5.4237,,1.0000,2035.8000,11.0415
int__tai20_15_02,20_15,EST,1.4,6.5816,,1.0000,2037.6000,13.4107
int__tai20_15_02,20_15,GT-MWKR,1.0,5.3471,15.7609,1.0000,1840.0000,9.8387
int__tai20_15_02,20_15,GT-MWKR,1.2,6.3985,,1.0000,1845.5000,11.8084
int__tai20_15_02,20_15,GT-MWKR,1.4,8.4030,,1.0000,1853.0000,15.5707
int__tai20_15_02,20_15,GP-nowidth,1.0,4.6021,12.1999,1.0000,1541.0000,7.0918
int__tai20_15_02,20_15,GP-nowidth,1.2,5.0116,,1.0000,1544.3000,7.7395
int__tai20_15_02,20_15,GP-nowidth,1.4,5.6476,,1.0000,1547.6000,8.7403
int__tai20_15_02,20_15,GP-rob1,1.0,4.3648,10.1228,1.0000,1669.5000,7.2870
int__tai20_15_02,20_15,GP-rob1,1.2,5.5948,,1.0000,1673.4000,9.3624
int__tai20_15_02,20_15,GP-rob1,1.4,6.7346,,1.0000,1677.3000,11.2959
int__tai20_15_02,20_15,GP-rob1-nw,1.0,4.1199,12.4228,1.0000,1537.5000,6.3343
int__tai20_15_02,20_15,GP-rob1-nw,1.2,4.8626,,1.0000,1540.8000,7.4923
int__tai20_15_02,20_15,GP-rob1-nw,1.4,5.6090,,1.0000,1544.8000,8.6648
int__tai20_15_02,20_15,GP-rob4,1.0,3.7827,9.0909,1.0000,1628.0000,6.1582
int__tai20_15_02,20_15,GP-rob4,1.2,4.4655,,1.0000,1630.5000,7.2810
int__tai20_15_02,20_15,GP-rob4,1.4,5.4142,,1.0000,1633.0000,8.8414
int__tai20_15_03,20_15,GP,1.0,4.5968,14.7978,1.0000,1520.5000,6.9894
int__tai20_15_03,20_15,GP,1.2,5.0977,,1.0000,1523.6000,7.7669
int__tai20_15_03,20_15,GP,1.4,5.9871,,1.0000,1527.4000,9.1447
int__tai20_15_03,20_15,EST,1.0,4.2611,13.3457,1.0000,2150.5000,9.1634
int__tai20_15_03,20_15,EST,1.2,4.7375,,1.0000,2153.1000,10.2004
int__tai20_15_03,20_15,EST,1.4,5.4904,,1.0000,2156.0000,11.8374
int__tai20_15_03,20_15,GT-MWKR,1.0,6.5277,16.1432,1.0000,1703.5000,11.1200
int__tai20_15_03,20_15,GT-MWKR,1.2,7.5161,,1.0000,1705.8000,12.8209
int__tai20_15_03,20_15,GT-MWKR,1.4,8.6980,,1.0000,1708.1000,14.8571
int__tai20_15_03,20_15,GP-nowidth,1.0,4.1370,12.9235,1.0000,1594.0000,6.5944
int__tai20_15_03,20_15,GP-nowidth,1.2,4.7845,,1.0000,1596.9000,7.6403
int__tai20_15_03,20_15,GP-nowidth,1.4,5.1544,,1.0000,1599.8000,8.2461
int__tai20_15_03,20_15,GP-rob1,1.0,3.4983,9.1868,1.0000,1611.0000,5.6357
int__tai20_15_03,20_15,GP-rob1,1.2,4.2207,,1.0000,1613.1000,6.8084
int__tai20_15_03,20_15,GP-rob1,1.4,4.9482,,1.0000,1617.3000,8.0027
int__tai20_15_03,20_15,GP-rob1-nw,1.0,4.9265,12.7445,1.0000,1585.0000,7.8086
int__tai20_15_03,20_15,GP-rob1-nw,1.2,6.1973,,1.0000,1590.1000,9.8543
int__tai20_15_03,20_15,GP-rob1-nw,1.4,7.7064,,1.0000,1595.7000,12.2970
int__tai20_15_03,20_15,GP-rob4,1.0,3.5910,8.8745,1.0000,1701.5000,6.1101
int__tai20_15_03,20_15,GP-rob4,1.2,4.2569,,1.0000,1702.2000,7.2461
int__tai20_15_03,20_15,GP-rob4,1.4,4.7713,,1.0000,1704.2000,8.1312
int__tai20_15_04,20_15,GP,1.0,3.7277,13.2020,1.0000,1522.5000,5.6754
int__tai20_15_04,20_15,GP,1.2,4.5052,,1.0000,1525.3000,6.8718
int__tai20_15_04,20_15,GP,1.4,5.2966,,1.0000,1528.5000,8.0958
int__tai20_15_04,20_15,EST,1.0,4.9766,12.6299,1.0000,1876.5000,9.3386
int__tai20_15_04,20_15,EST,1.2,5.9667,,1.0000,1878.0000,11.2055
int__tai20_15_04,20_15,EST,1.4,6.9450,,1.0000,1880.8000,13.0622
int__tai20_15_04,20_15,GT-MWKR,1.0,4.7231,12.8440,1.0000,1744.0000,8.2370
int__tai20_15_04,20_15,GT-MWKR,1.2,5.7590,,1.0000,1745.7000,10.0535
int__tai20_15_04,20_15,GT-MWKR,1.4,6.9239,,1.0000,1747.9000,12.1023
int__tai20_15_04,20_15,GP-nowidth,1.0,4.0890,13.8472,1.0000,1531.0000,6.2603
int__tai20_15_04,20_15,GP-nowidth,1.2,4.6602,,1.0000,1533.6000,7.1469
int__tai20_15_04,20_15,GP-nowidth,1.4,5.5661,,1.0000,1537.2000,8.5561
int__tai20_15_04,20_15,GP-rob1,1.0,3.4796,7.6561,1.0000,1698.0000,5.9084
int__tai20_15_04,20_15,GP-rob1,1.2,4.4764,,1.0000,1701.7000,7.6175
int__tai20_15_04,20_15,GP-rob1,1.4,5.8544,,1.0000,1705.9000,9.9869
int__tai20_15_04,20_15,GP-rob1-nw,1.0,4.5878,12.8514,1.0000,1494.0000,6.8541
int__tai20_15_04,20_15,GP-rob1-nw,1.2,5.8246,,1.0000,1494.8000,8.7067
int__tai20_15_04,20_15,GP-rob1-nw,1.4,6.5421,,1.0000,1495.6000,9.7844
int__tai20_15_04,20_15,GP-rob4,1.0,3.7813,9.2545,1.0000,1556.0000,5.8837
int__tai20_15_04,20_15,GP-rob4,1.2,4.6440,,1.0000,1556.2000,7.2269
int__tai20_15_04,20_15,GP-rob4,1.4,5.1449,,1.0000,1556.4000,8.0075
int__tai20_15_05,20_15,GP,1.0,4.1086,12.8041,1.0000,1562.0000,6.4176
int__tai20_15_05,20_15,GP,1.2,4.7640,,1.0000,1565.8000,7.4595
int__tai20_15_05,20_15,GP,1.4,5.5749,,1.0000,1569.6000,8.7504
int__tai20_15_05,20_15,EST,1.0,4.6182,15.1752,1.0000,1983.5000,9.1601
int__tai20_15_05,20_15,EST,1.2,5.4390,,1.0000,1986.2000,10.8028
int__tai20_15_05,20_15,EST,1.4,6.3502,,1.0000,1990.6000,12.6407
int__tai20_15_05,20_15,GT-MWKR,1.0,6.3603,14.4695,1.0000,1748.5000,11.1210
int__tai20_15_05,20_15,GT-MWKR,1.2,8.1099,,1.0000,1752.4000,14.2117
int__tai20_15_05,20_15,GT-MWKR,1.4,9.7121,,1.0000,1756.8000,17.0623
int__tai20_15_05,20_15,GP-nowidth,1.0,4.8905,15.2522,1.0000,1626.0000,7.9520
int__tai20_15_05,20_15,GP-nowidth,1.2,5.9615,,1.0000,1627.5000,9.7024
int__tai20_15_05,20_15,GP-nowidth,1.4,6.9421,,1.0000,1629.6000,11.3128
int__tai20_15_05,20_15,GP-rob1,1.0,3.5850,9.8584,1.0000,1765.0000,6.3275
int__tai20_15_05,20_15,GP-rob1,1.2,4.2732,,1.0000,1766.5000,7.5486
int__tai20_15_05,20_15,GP-rob1,1.4,4.6248,,1.0000,1769.1000,8.1818
int__tai20_15_05,20_15,GP-rob1-nw,1.0,4.4586,12.8906,1.0000,1536.0000,6.8484
int__tai20_15_05,20_15,GP-rob1-nw,1.2,5.3448,,1.0000,1540.3000,8.2327
int__tai20_15_05,20_15,GP-rob1-nw,1.4,6.4406,,1.0000,1544.6000,9.9481
int__tai20_15_05,20_15,GP-rob4,1.0,4.0632,9.8272,1.0000,1852.0000,7.5251
int__tai20_15_05,20_15,GP-rob4,1.2,5.1138,,1.0000,1854.0000,9.4809
int__tai20_15_05,20_15,GP-rob4,1.4,5.4021,,1.0000,1856.0000,10.0263
int__tai20_15_06,20_15,GP,1.0,4.8787,13.4267,1.0000,1571.5000,7.6668
int__tai20_15_06,20_15,GP,1.2,5.9999,,1.0000,1576.4000,9.4582
int__tai20_15_06,20_15,GP,1.4,7.4969,,1.0000,1581.3000,11.8549
int__tai20_15_06,20_15,EST,1.0,4.5739,13.4684,1.0000,1975.0000,9.0334
int__tai20_15_06,20_15,EST,1.2,5.1961,,1.0000,1976.3000,10.2691
int__tai20_15_06,20_15,EST,1.4,6.1013,,1.0000,1977.6000,12.0658
int__tai20_15_06,20_15,GT-MWKR,1.0,5.6058,14.7010,1.0000,1823.0000,10.2194
int__tai20_15_06,20_15,GT-MWKR,1.2,6.6520,,1.0000,1824.8000,12.1385
int__tai20_15_06,20_15,GT-MWKR,1.4,7.7198,,1.0000,1826.6000,14.1009
int__tai20_15_06,20_15,GP-nowidth,1.0,5.8928,16.5320,1.0000,1609.0000,9.4815
int__tai20_15_06,20_15,GP-nowidth,1.2,7.0325,,1.0000,1609.7000,11.3203
int__tai20_15_06,20_15,GP-nowidth,1.4,8.1514,,1.0000,1613.9000,13.1556
int__tai20_15_06,20_15,GP-rob1,1.0,4.2698,11.9144,1.0000,1729.0000,7.3825
int__tai20_15_06,20_15,GP-rob1,1.2,5.1846,,1.0000,1730.3000,8.9709
int__tai20_15_06,20_15,GP-rob1,1.4,5.5280,,1.0000,1732.7000,9.5784
int__tai20_15_06,20_15,GP-rob1-nw,1.0,5.2441,13.3581,1.0000,1617.0000,8.4796
int__tai20_15_06,20_15,GP-rob1-nw,1.2,5.8336,,1.0000,1618.4000,9.4411
int__tai20_15_06,20_15,GP-rob1-nw,1.4,6.5331,,1.0000,1619.8000,10.5823
int__tai20_15_06,20_15,GP-rob4,1.0,4.0049,10.6667,1.0000,1800.0000,7.2088
int__tai20_15_06,20_15,GP-rob4,1.2,4.8138,,1.0000,1800.0000,8.6648
int__tai20_15_06,20_15,GP-rob4,1.4,5.8800,,1.0000,1800.1000,10.5846
int__tai20_15_07,20_15,GP,1.0,7.7847,13.0369,1.0000,1664.5000,12.9576
int__tai20_15_07,20_15,GP,1.2,8.7238,,1.0000,1669.2000,14.5618
int__tai20_15_07,20_15,GP,1.4,9.9830,,1.0000,1673.9000,16.7105
int__tai20_15_07,20_15,EST,1.0,4.1183,13.9074,1.0000,2322.5000,9.5647
int__tai20_15_07,20_15,EST,1.2,5.2315,,1.0000,2326.6000,12.1717
int__tai20_15_07,20_15,EST,1.4,6.0678,,1.0000,2333.2000,14.1574
int__tai20_15_07,20_15,GT-MWKR,1.0,5.2431,14.4102,1.0000,1721.0000,9.0233
int__tai20_15_07,20_15,GT-MWKR,1.2,5.8289,,1.0000,1721.7000,10.0357
int__tai20_15_07,20_15,GT-MWKR,1.4,6.7911,,1.0000,1724.4000,11.7106
int__tai20_15_07,20_15,GP-nowidth,1.0,4.6794,13.5725,1.0000,1672.5000,7.8262
int__tai20_15_07,20_15,GP-nowidth,1.2,6.0420,,1.0000,1675.1000,10.1210
int__tai20_15_07,20_15,GP-nowidth,1.4,7.6041,,1.0000,1677.7000,12.7574
int__tai20_15_07,20_15,GP-rob1,1.0,4.1115,12.2631,1.0000,1794.0000,7.3760
int__tai20_15_07,20_15,GP-rob1,1.2,5.0815,,1.0000,1797.3000,9.1330
int__tai20_15_07,20_15,GP-rob1,1.4,6.1069,,1.0000,1801.1000,10.9992
int__tai20_15_07,20_15,GP-rob1-nw,1.0,4.5019,13.0719,1.0000,1683.0000,7.5767
int__tai20_15_07,20_15,GP-rob1-nw,1.2,5.4559,,1.0000,1685.5000,9.1959
int__tai20_15_07,20_15,GP-rob1-nw,1.4,6.2818,,1.0000,1688.0000,10.6036
int__tai20_15_07,20_15,GP-rob4,1.0,4.1451,11.0228,1.0000,1823.5000,7.5586
int__tai20_15_07,20_15,GP-rob4,1.2,4.9001,,1.0000,1825.8000,8.9466
int__tai20_15_07,20_15,GP-rob4,1.4,5.7769,,1.0000,1828.1000,10.5607
int__tai20_15_08,20_15,GP,1.0,5.1193,13.4587,1.0000,1701.5000,8.7105
int__tai20_15_08,20_15,GP,1.2,6.5482,,1.0000,1705.3000,11.1666
int__tai20_15_08,20_15,GP,1.4,7.5947,,1.0000,1709.3000,12.9816
int__tai20_15_08,20_15,EST,1.0,4.7720,14.0874,1.0000,1980.5000,9.4509
int__tai20_15_08,20_15,EST,1.2,5.8244,,1.0000,1983.0000,11.5499
int__tai20_15_08,20_15,EST,1.4,6.2420,,1.0000,1985.5000,12.3935
int__tai20_15_08,20_15,GT-MWKR,1.0,4.7225,13.0028,1.0000,1815.0000,8.5713
int__tai20_15_08,20_15,GT-MWKR,1.2,5.4385,,1.0000,1815.0000,9.8709
int__tai20_15_08,20_15,GT-MWKR,1.4,6.3488,,1.0000,1816.1000,11.5300
int__tai20_15_08,20_15,GP-nowidth,1.0,4.6373,13.7751,1.0000,1720.5000,7.9784
int__tai20_15_08,20_15,GP-nowidth,1.2,6.3184,,1.0000,1724.9000,10.8987
int__tai20_15_08,20_15,GP-nowidth,1.4,7.4508,,1.0000,1729.7000,12.8877
int__tai20_15_08,20_15,GP-rob1,1.0,3.4625,9.0521,1.0000,1756.5000,6.0818
int__tai20_15_08,20_15,GP-rob1,1.2,4.3934,,1.0000,1760.9000,7.7363
int__tai20_15_08,20_15,GP-rob1,1.4,5.4509,,1.0000,1765.8000,9.6253
int__tai20_15_08,20_15,GP-rob1-nw,1.0,4.6857,13.6773,1.0000,1667.0000,7.8111
int__tai20_15_08,20_15,GP-rob1-nw,1.2,5.6280,,1.0000,1670.0000,9.3988
int__tai20_15_08,20_15,GP-rob1-nw,1.4,6.4808,,1.0000,1673.0000,10.8423
int__tai20_15_08,20_15,GP-rob4,1.0,2.8069,7.4349,1.0000,1883.0000,5.2854
int__tai20_15_08,20_15,GP-rob4,1.2,3.2593,,1.0000,1884.0000,6.1405
int__tai20_15_08,20_15,GP-rob4,1.4,4.0384,,1.0000,1886.7000,7.6193
int__tai20_15_09,20_15,GP,1.0,4.6739,12.3241,1.0000,1598.5000,7.4713
int__tai20_15_09,20_15,GP,1.2,5.7322,,1.0000,1602.3000,9.1847
int__tai20_15_09,20_15,GP,1.4,7.0713,,1.0000,1606.1000,11.3572
int__tai20_15_09,20_15,EST,1.0,4.3653,13.5393,1.0000,1942.5000,8.4796
int__tai20_15_09,20_15,EST,1.2,5.2562,,1.0000,1944.3000,10.2196
int__tai20_15_09,20_15,EST,1.4,6.0546,,1.0000,1946.9000,11.7876
int__tai20_15_09,20_15,GT-MWKR,1.0,5.6487,14.5718,1.0000,1722.5000,9.7299
int__tai20_15_09,20_15,GT-MWKR,1.2,6.4199,,1.0000,1723.5000,11.0647
int__tai20_15_09,20_15,GT-MWKR,1.4,7.5760,,1.0000,1724.5000,13.0648
int__tai20_15_09,20_15,GP-nowidth,1.0,5.8261,13.1926,1.0000,1516.0000,8.8323
int__tai20_15_09,20_15,GP-nowidth,1.2,6.9245,,1.0000,1518.1000,10.5122
int__tai20_15_09,20_15,GP-nowidth,1.4,7.8686,,1.0000,1520.2000,11.9619
int__tai20_15_09,20_15,GP-rob1,1.0,4.1601,10.6796,1.0000,1648.0000,6.8559
int__tai20_15_09,20_15,GP-rob1,1.2,4.7397,,1.0000,1649.6000,7.8186
int__tai20_15_09,20_15,GP-rob1,1.4,5.7213,,1.0000,1651.7000,9.4499
int__tai20_15_09,20_15,GP-rob1-nw,1.0,5.7072,12.8800,1.0000,1529.5000,8.7292
int__tai20_15_09,20_15,GP-rob1-nw,1.2,7.3668,,1.0000,1534.0000,11.3007
int__tai20_15_09,20_15,GP-rob1-nw,1.4,9.2364,,1.0000,1539.5000,14.2194
int__tai20_15_09,20_15,GP-rob4,1.0,3.8347,9.9970,1.0000,1690.5000,6.4826
int__tai20_15_09,20_15,GP-rob4,1.2,4.6011,,1.0000,1692.8000,7.7888
int__tai20_15_09,20_15,GP-rob4,1.4,5.1257,,1.0000,1695.1000,8.6886
int__tai20_15_10,20_15,GP,1.0,4.0561,12.5685,1.0000,1551.5000,6.2931
int__tai20_15_10,20_15,GP,1.2,4.9688,,1.0000,1557.1000,7.7369
int__tai20_15_10,20_15,GP,1.4,5.8722,,1.0000,1562.7000,9.1765
int__tai20_15_10,20_15,EST,1.0,5.0867,16.0346,1.0000,1964.5000,9.9928
int__tai20_15_10,20_15,EST,1.2,5.9330,,1.0000,1968.0000,11.6761
int__tai20_15_10,20_15,EST,1.4,6.8600,,1.0000,1971.5000,13.5245
int__tai20_15_10,20_15,GT-MWKR,1.0,4.6409,13.6839,1.0000,1673.5000,7.7666
int__tai20_15_10,20_15,GT-MWKR,1.2,5.4615,,1.0000,1675.7000,9.1518
int__tai20_15_10,20_15,GT-MWKR,1.4,6.4081,,1.0000,1678.9000,10.7585
int__tai20_15_10,20_15,GP-nowidth,1.0,3.8997,11.3065,1.0000,1592.0000,6.2083
int__tai20_15_10,20_15,GP-nowidth,1.2,4.8113,,1.0000,1596.8000,7.6827
int__tai20_15_10,20_15,GP-nowidth,1.4,5.9620,,1.0000,1601.6000,9.5487
int__tai20_15_10,20_15,GP-rob1,1.0,2.9567,9.4058,1.0000,1775.5000,5.2495
int__tai20_15_10,20_15,GP-rob1,1.2,3.5981,,1.0000,1777.9000,6.3970
int__tai20_15_10,20_15,GP-rob1,1.4,4.3316,,1.0000,1780.3000,7.7115
int__tai20_15_10,20_15,GP-rob1-nw,1.0,3.8573,11.6473,1.0000,1502.5000,5.7956
int__tai20_15_10,20_15,GP-rob1-nw,1.2,4.8589,,1.0000,1506.2000,7.3185
int__tai20_15_10,20_15,GP-rob1-nw,1.4,5.8486,,1.0000,1511.3000,8.8389
int__tai20_15_10,20_15,GP-rob4,1.0,4.1865,10.1466,1.0000,1774.0000,7.4269
int__tai20_15_10,20_15,GP-rob4,1.2,4.9727,,1.0000,1776.1000,8.8320
int__tai20_15_10,20_15,GP-rob4,1.4,5.4563,,1.0000,1778.2000,9.7024
int__tai20_20_01,20_20,GP,1.0,3.8541,10.3343,1.0000,1974.0000,7.6079
int__tai20_20_01,20_20,GP,1.2,4.4682,,1.0000,1976.4000,8.8309
int__tai20_20_01,20_20,GP,1.4,5.1980,,1.0000,1978.8000,10.2857
int__tai20_20_01,20_20,EST,1.0,3.7061,12.1406,1.0000,2191.0000,8.1200
int__tai20_20_01,20_20,EST,1.2,4.5938,,1.0000,2195.8000,10.0870
int__tai20_20_01,20_20,EST,1.4,5.8025,,1.0000,2203.1000,12.7834
int__tai20_20_01,20_20,GT-MWKR,1.0,5.1557,14.4114,1.0000,2102.5000,10.8399
int__tai20_20_01,20_20,GT-MWKR,1.2,6.1484,,1.0000,2105.6000,12.9460
int__tai20_20_01,20_20,GT-MWKR,1.4,7.4328,,1.0000,2109.7000,15.6809
int__tai20_20_01,20_20,GP-nowidth,1.0,4.5936,12.6885,1.0000,1923.0000,8.8335
int__tai20_20_01,20_20,GP-nowidth,1.2,5.3663,,1.0000,1926.8000,10.3399
int__tai20_20_01,20_20,GP-nowidth,1.4,6.1174,,1.0000,1931.1000,11.8133
int__tai20_20_01,20_20,GP-rob1,1.0,3.5234,7.9412,1.0000,2040.0000,7.1876
int__tai20_20_01,20_20,GP-rob1,1.2,4.1446,,1.0000,2040.0000,8.4550
int__tai20_20_01,20_20,GP-rob1,1.4,4.9534,,1.0000,2040.0000,10.1049
int__tai20_20_01,20_20,GP-rob1-nw,1.0,4.1406,9.6135,1.0000,2018.0000,8.3558
int__tai20_20_01,20_20,GP-rob1-nw,1.2,5.7268,,1.0000,2024.7000,11.5950
int__tai20_20_01,20_20,GP-rob1-nw,1.4,7.5512,,1.0000,2031.4000,15.3396
int__tai20_20_01,20_20,GP-rob4,1.0,2.4952,6.0716,1.0000,2207.0000,5.5070
int__tai20_20_01,20_20,GP-rob4,1.2,2.9866,,1.0000,2208.0000,6.5945
int__tai20_20_01,20_20,GP-rob4,1.4,3.3924,,1.0000,2209.0000,7.4939
int__tai20_20_02,20_20,GP,1.0,4.3669,13.8571,1.0000,1833.0000,8.0046
int__tai20_20_02,20_20,GP,1.2,5.0771,,1.0000,1837.6000,9.3297
int__tai20_20_02,20_20,GP,1.4,6.2133,,1.0000,1842.7000,11.4493
int__tai20_20_02,20_20,EST,1.0,3.9742,12.8416,1.0000,2250.5000,8.9440
int__tai20_20_02,20_20,EST,1.2,4.6681,,1.0000,2253.1000,10.5177
int__tai20_20_02,20_20,EST,1.4,5.3231,,1.0000,2257.7000,12.0180
int__tai20_20_02,20_20,GT-MWKR,1.0,4.6755,14.0514,1.0000,2042.5000,9.5498
int__tai20_20_02,20_20,GT-MWKR,1.2,5.8008,,1.0000,2045.8000,11.8673
int__tai20_20_02,20_20,GT-MWKR,1.4,6.3388,,1.0000,2049.1000,12.9888
int__tai20_20_02,20_20,GP-nowidth,1.0,3.6268,10.8561,1.0000,1851.5000,6.7151
int__tai20_20_02,20_20,GP-nowidth,1.2,3.9278,,1.0000,1855.3000,7.2873
int__tai20_20_02,20_20,GP-nowidth,1.4,4.7260,,1.0000,1859.1000,8.7861
int__tai20_20_02,20_20,GP-rob1,1.0,3.5628,9.4312,1.0000,2057.0000,7.3286
int__tai20_20_02,20_20,GP-rob1,1.2,4.3258,,1.0000,2059.7000,8.9098
int__tai20_20_02,20_20,GP-rob1,1.4,5.2943,,1.0000,2064.9000,10.9323
int__tai20_20_02,20_20,GP-rob1-nw,1.0,3.8186,11.6081,1.0000,1878.0000,7.1714
int__tai20_20_02,20_20,GP-rob1-nw,1.2,4.3255,,1.0000,1880.2000,8.1329
int__tai20_20_02,20_20,GP-rob1-nw,1.4,4.9999,,1.0000,1884.7000,9.4233
int__tai20_20_02,20_20,GP-rob4,1.0,3.9319,11.3335,1.0000,2073.5000,8.1529
int__tai20_20_02,20_20,GP-rob4,1.2,4.8789,,1.0000,2076.0000,10.1286
int__tai20_20_02,20_20,GP-rob4,1.4,5.5585,,1.0000,2078.5000,11.5533
int__tai20_20_03,20_20,GP,1.0,3.0074,8.5594,1.0000,1787.5000,5.3757
int__tai20_20_03,20_20,GP,1.2,3.5453,,1.0000,1789.9000,6.3457
int__tai20_20_03,20_20,GP,1.4,4.0256,,1.0000,1792.3000,7.2151
int__tai20_20_03,20_20,EST,1.0,4.2446,12.3616,1.0000,2168.0000,9.2023
int__tai20_20_03,20_20,EST,1.2,4.7816,,1.0000,2168.8000,10.3702
int__tai20_20_03,20_20,EST,1.4,5.5728,,1.0000,2170.2000,12.0941
int__tai20_20_03,20_20,GT-MWKR,1.0,4.4040,11.1977,1.0000,2054.0000,9.0459
int__tai20_20_03,20_20,GT-MWKR,1.2,5.3069,,1.0000,2054.0000,10.9003
int__tai20_20_03,20_20,GT-MWKR,1.4,6.2497,,1.0000,2055.0000,12.8432
int__tai20_20_03,20_20,GP-nowidth,1.0,4.1809,10.4324,1.0000,1792.5000,7.4943
int__tai20_20_03,20_20,GP-nowidth,1.2,5.0920,,1.0000,1797.4000,9.1524
int__tai20_20_03,20_20,GP-nowidth,1.4,6.6489,,1.0000,1803.3000,11.9900
int__tai20_20_03,20_20,GP-rob1,1.0,3.6604,8.5353,1.0000,1898.0000,6.9474
int__tai20_20_03,20_20,GP-rob1,1.2,4.4132,,1.0000,1900.9000,8.3890
int__tai20_20_03,20_20,GP-rob1,1.4,5.4162,,1.0000,1904.4000,10.3146
int__tai20_20_03,20_20,GP-rob1-nw,1.0,3.6868,9.1156,1.0000,1843.0000,6.7947
int__tai20_20_03,20_20,GP-rob1-nw,1.2,4.4389,,1.0000,1845.5000,8.1920
int__tai20_20_03,20_20,GP-rob1-nw,1.4,4.8420,,1.0000,1848.0000,8.9480
int__tai20_20_03,20_20,GP-rob4,1.0,3.0851,8.4758,1.0000,2017.5000,6.2242
int__tai20_20_03,20_20,GP-rob4,1.2,3.6423,,1.0000,2019.0000,7.3538
int__tai20_20_03,20_20,GP-rob4,1.4,4.0333,,1.0000,2020.5000,8.1493
int__tai20_20_04,20_20,GP,1.0,4.2492,12.6933,1.0000,1875.0000,7.9672
int__tai20_20_04,20_20,GP,1.2,4.8157,,1.0000,1878.3000,9.0454
int__tai20_20_04,20_20,GP,1.4,5.8173,,1.0000,1882.6000,10.9517
int__tai20_20_04,20_20,EST,1.0,4.1367,12.5341,1.0000,2569.0000,10.6271
int__tai20_20_04,20_20,EST,1.2,5.1884,,1.0000,2569.0000,13.3289
int__tai20_20_04,20_20,EST,1.4,5.7324,,1.0000,2569.4000,14.7287
int__tai20_20_04,20_20,GT-MWKR,1.0,5.0906,13.9558,1.0000,2035.0000,10.3594
int__tai20_20_04,20_20,GT-MWKR,1.2,6.1841,,1.0000,2038.2000,12.6045
int__tai20_20_04,20_20,GT-MWKR,1.4,7.6562,,1.0000,2041.4000,15.6294
int__tai20_20_04,20_20,GP-nowidth,1.0,5.5530,11.2406,1.0000,1930.5000,10.7201
int__tai20_20_04,20_20,GP-nowidth,1.2,6.5216,,1.0000,1935.0000,12.6192
int__tai20_20_04,20_20,GP-nowidth,1.4,7.8127,,1.0000,1940.1000,15.1573
int__tai20_20_04,20_20,GP-rob1,1.0,2.9880,8.2972,1.0000,2073.0000,6.1942
int__tai20_20_04,20_20,GP-rob1,1.2,3.8206,,1.0000,2075.4000,7.9292
int__tai20_20_04,20_20,GP-rob1,1.4,4.5031,,1.0000,2077.8000,9.3566
int__tai20_20_04,20_20,GP-rob1-nw,1.0,4.1285,13.0412,1.0000,1917.0000,7.9144
int__tai20_20_04,20_20,GP-rob1-nw,1.2,5.0041,,1.0000,1920.9000,9.6124
int__tai20_20_04,20_20,GP-rob1-nw,1.4,5.6233,,1.0000,1924.8000,10.8238
int__tai20_20_04,20_20,GP-rob4,1.0,2.7862,8.6507,1.0000,2127.0000,5.9262
int__tai20_20_04,20_20,GP-rob4,1.2,3.2938,,1.0000,2128.8000,7.0118
int__tai20_20_04,20_20,GP-rob4,1.4,3.7472,,1.0000,2131.3000,7.9863
int__tai20_20_05,20_20,GP,1.0,4.2075,11.9978,1.0000,1817.0000,7.6451
int__tai20_20_05,20_20,GP,1.2,4.7848,,1.0000,1818.1000,8.6993
int__tai20_20_05,20_20,GP,1.4,5.5155,,1.0000,1819.2000,10.0339
int__tai20_20_05,20_20,EST,1.0,4.4121,13.1220,1.0000,2271.0000,10.0200
int__tai20_20_05,20_20,EST,1.2,5.4418,,1.0000,2271.0000,12.3583
int__tai20_20_05,20_20,EST,1.4,6.1845,,1.0000,2271.0000,14.0449
int__tai20_20_05,20_20,GT-MWKR,1.0,4.3970,12.1823,1.0000,2085.0000,9.1678
int__tai20_20_05,20_20,GT-MWKR,1.2,5.4118,,1.0000,2085.0000,11.2836
int__tai20_20_05,20_20,GT-MWKR,1.4,6.0558,,1.0000,2085.0000,12.6264
int__tai20_20_05,20_20,GP-nowidth,1.0,3.9480,12.3228,1.0000,1939.5000,7.6571
int__tai20_20_05,20_20,GP-nowidth,1.2,4.5674,,1.0000,1941.5000,8.8677
int__tai20_20_05,20_20,GP-nowidth,1.4,4.9643,,1.0000,1946.1000,9.6610
int__tai20_20_05,20_20,GP-rob1,1.0,3.4855,9.1329,1.0000,1949.0000,6.7933
int__tai20_20_05,20_20,GP-rob1,1.2,3.9701,,1.0000,1949.8000,7.7410
int__tai20_20_05,20_20,GP-rob1,1.4,4.5079,,1.0000,1951.9000,8.7990
int__tai20_20_05,20_20,GP-rob1-nw,1.0,3.8030,11.9967,1.0000,1825.5000,6.9423
int__tai20_20_05,20_20,GP-rob1-nw,1.2,4.1087,,1.0000,1829.0000,7.5148
int__tai20_20_05,20_20,GP-rob1-nw,1.4,4.9199,,1.0000,1832.5000,9.0157
int__tai20_20_05,20_20,GP-rob4,1.0,2.8911,9.4241,1.0000,2005.5000,5.7980
int__tai20_20_05,20_20,GP-rob4,1.2,3.4518,,1.0000,2007.3000,6.9287
int__tai20_20_05,20_20,GP-rob4,1.4,4.1275,,1.0000,2010.6000,8.2987
int__tai20_20_06,20_20,GP,1.0,4.2799,11.1937,1.0000,2019.0000,8.6410
int__tai20_20_06,20_20,GP,1.2,4.9150,,1.0000,2022.9000,9.9426
int__tai20_20_06,20_20,GP,1.4,6.3631,,1.0000,2026.8000,12.8968
int__tai20_20_06,20_20,EST,1.0,4.7863,12.0599,1.0000,2272.0000,10.8744
int__tai20_20_06,20_20,EST,1.2,5.9669,,1.0000,2276.8000,13.5853
int__tai20_20_06,20_20,EST,1.4,7.7561,,1.0000,2282.6000,17.7041
int__tai20_20_06,20_20,GT-MWKR,1.0,5.5213,11.2123,1.0000,2087.0000,11.5229
int__tai20_20_06,20_20,GT-MWKR,1.2,7.8994,,1.0000,2093.6000,16.5382
int__tai20_20_06,20_20,GT-MWKR,1.4,10.3497,,1.0000,2100.2000,21.7365
int__tai20_20_06,20_20,GP-nowidth,1.0,4.8533,10.5040,1.0000,1885.0000,9.1484
int__tai20_20_06,20_20,GP-nowidth,1.2,6.5078,,1.0000,1890.7000,12.3042
int__tai20_20_06,20_20,GP-nowidth,1.4,8.7277,,1.0000,1896.7000,16.5539
int__tai20_20_06,20_20,GP-rob1,1.0,3.4488,8.6059,1.0000,2033.5000,7.0130
int__tai20_20_06,20_20,GP-rob1,1.2,4.0342,,1.0000,2035.3000,8.2107
int__tai20_20_06,20_20,GP-rob1,1.4,4.3664,,1.0000,2037.7000,8.8974
int__tai20_20_06,20_20,GP-rob1-nw,1.0,4.5616,12.6449,1.0000,1898.0000,8.6579
int__tai20_20_06,20_20,GP-rob1-nw,1.2,5.6344,,1.0000,1900.9000,10.7105
int__tai20_20_06,20_20,GP-rob1-nw,1.4,6.3821,,1.0000,1904.4000,12.1540
int__tai20_20_06,20_20,GP-rob4,1.0,3.6008,9.8490,1.0000,2020.5000,7.2755
int__tai20_20_06,20_20,GP-rob4,1.2,4.3348,,1.0000,2021.5000,8.7627
int__tai20_20_06,20_20,GP-rob4,1.4,4.8858,,1.0000,2024.0000,9.8889
int__tai20_20_07,20_20,GP,1.0,3.8905,9.5713,1.0000,2006.0000,7.8044
int__tai20_20_07,20_20,GP,1.2,5.5732,,1.0000,2011.5000,11.2105
int__tai20_20_07,20_20,GP,1.4,7.0888,,1.0000,2017.0000,14.2981
int__tai20_20_07,20_20,EST,1.0,3.3441,11.8264,1.0000,2477.5000,8.2850
int__tai20_20_07,20_20,EST,1.2,3.8150,,1.0000,2481.2000,9.4659
int__tai20_20_07,20_20,EST,1.4,4.4665,,1.0000,2484.9000,11.0989
int__tai20_20_07,20_20,GT-MWKR,1.0,4.0938,12.8406,1.0000,2165.0000,8.8631
int__tai20_20_07,20_20,GT-MWKR,1.2,5.1210,,1.0000,2166.4000,11.0941
int__tai20_20_07,20_20,GT-MWKR,1.4,5.8520,,1.0000,2169.8000,12.6977
int__tai20_20_07,20_20,GP-nowidth,1.0,3.4363,9.9823,1.0000,1973.5000,6.7815
int__tai20_20_07,20_20,GP-nowidth,1.2,4.0584,,1.0000,1976.8000,8.0227
int__tai20_20_07,20_20,GP-nowidth,1.4,4.5317,,1.0000,1980.1000,8.9732
int__tai20_20_07,20_20,GP-rob1,1.0,2.9840,8.6338,1.0000,2108.0000,6.2902
int__tai20_20_07,20_20,GP-rob1,1.2,3.3883,,1.0000,2110.8000,7.1521
int__tai20_20_07,20_20,GP-rob1,1.4,3.9852,,1.0000,2114.7000,8.4275
int__tai20_20_07,20_20,GP-rob1-nw,1.0,3.0738,9.7832,1.0000,1983.0000,6.0953
int__tai20_20_07,20_20,GP-rob1-nw,1.2,3.8037,,1.0000,1986.2000,7.5548
int__tai20_20_07,20_20,GP-rob1-nw,1.4,4.5336,,1.0000,1989.5000,9.0196
int__tai20_20_07,20_20,GP-rob4,1.0,3.6788,6.5973,1.0000,2258.5000,8.3085
int__tai20_20_07,20_20,GP-rob4,1.2,4.8221,,1.0000,2261.6000,10.9057
int__tai20_20_07,20_20,GP-rob4,1.4,5.8065,,1.0000,2264.7000,13.1499
int__tai20_20_08,20_20,GP,1.0,3.6679,10.9878,1.0000,1802.0000,6.6095
int__tai20_20_08,20_20,GP,1.2,4.8229,,1.0000,1808.9000,8.7241
int__tai20_20_08,20_20,GP,1.4,6.7645,,1.0000,1816.3000,12.2864
int__tai20_20_08,20_20,EST,1.0,4.1798,13.6312,1.0000,2193.5000,9.1683
int__tai20_20_08,20_20,EST,1.2,5.1587,,1.0000,2195.8000,11.3276
int__tai20_20_08,20_20,EST,1.4,5.5274,,1.0000,2201.2000,12.1670
int__tai20_20_08,20_20,GT-MWKR,1.0,5.0232,12.7953,1.0000,2032.0000,10.2071
int__tai20_20_08,20_20,GT-MWKR,1.2,5.6119,,1.0000,2033.2000,11.4101
int__tai20_20_08,20_20,GT-MWKR,1.4,6.8518,,1.0000,2039.0000,13.9709
int__tai20_20_08,20_20,GP-nowidth,1.0,3.9174,12.9171,1.0000,1858.0000,7.2785
int__tai20_20_08,20_20,GP-nowidth,1.2,4.6485,,1.0000,1860.7000,8.6495
int__tai20_20_08,20_20,GP-nowidth,1.4,5.3501,,1.0000,1863.4000,9.9694
int__tai20_20_08,20_20,GP-rob1,1.0,2.7358,7.1571,1.0000,2012.0000,5.5044
int__tai20_20_08,20_20,GP-rob1,1.2,3.2064,,1.0000,2014.6000,6.4596
int__tai20_20_08,20_20,GP-rob1,1.4,4.1592,,1.0000,2018.2000,8.3941
int__tai20_20_08,20_20,GP-rob1-nw,1.0,3.5603,11.9061,1.0000,1831.0000,6.5189
int__tai20_20_08,20_20,GP-rob1-nw,1.2,4.3149,,1.0000,1836.0000,7.9222
int__tai20_20_08,20_20,GP-rob1-nw,1.4,5.2731,,1.0000,1841.3000,9.7093
int__tai20_20_08,20_20,GP-rob4,1.0,3.2671,7.7091,1.0000,2062.5000,6.7383
int__tai20_20_08,20_20,GP-rob4,1.2,3.5848,,1.0000,2065.7000,7.4051
int__tai20_20_08,20_20,GP-rob4,1.4,4.1619,,1.0000,2069.4000,8.6127
int__tai20_20_09,20_20,GP,1.0,4.7029,9.5392,1.0000,1855.5000,8.7263
int__tai20_20_09,20_20,GP,1.2,5.3873,,1.0000,1857.3000,10.0058
int__tai20_20_09,20_20,GP,1.4,6.7913,,1.0000,1861.9000,12.6448
int__tai20_20_09,20_20,EST,1.0,7.6201,14.0721,1.0000,2039.5000,15.5412
int__tai20_20_09,20_20,EST,1.2,10.0901,,1.0000,2046.6000,20.6504
int__tai20_20_09,20_20,EST,1.4,11.9614,,1.0000,2053.7000,24.5652
int__tai20_20_09,20_20,GT-MWKR,1.0,5.8903,12.8739,1.0000,2089.5000,12.3078
int__tai20_20_09,20_20,GT-MWKR,1.2,7.4069,,1.0000,2093.7000,15.5078
int__tai20_20_09,20_20,GT-MWKR,1.4,8.3575,,1.0000,2097.9000,17.5331
int__tai20_20_09,20_20,GP-nowidth,1.0,3.9635,10.7338,1.0000,1826.0000,7.2374
int__tai20_20_09,20_20,GP-nowidth,1.2,4.3566,,1.0000,1828.5000,7.9661
int__tai20_20_09,20_20,GP-nowidth,1.4,5.2866,,1.0000,1832.2000,9.6861
int__tai20_20_09,20_20,GP-rob1,1.0,2.8252,7.4180,1.0000,2089.5000,5.9032
int__tai20_20_09,20_20,GP-rob1,1.2,3.4010,,1.0000,2091.5000,7.1133
int__tai20_20_09,20_20,GP-rob1,1.4,4.0777,,1.0000,2094.0000,8.5388
int__tai20_20_09,20_20,GP-rob1-nw,1.0,4.0768,10.6109,1.0000,1866.0000,7.6073
int__tai20_20_09,20_20,GP-rob1-nw,1.2,5.0065,,1.0000,1868.8000,9.3562
int__tai20_20_09,20_20,GP-rob1-nw,1.4,5.7828,,1.0000,1872.9000,10.8306
int__tai20_20_09,20_20,GP-rob4,1.0,2.7859,7.8259,1.0000,2159.5000,6.0161
int__tai20_20_09,20_20,GP-rob4,1.2,3.3894,,1.0000,2160.9000,7.3242
int__tai20_20_09,20_20,GP-rob4,1.4,3.8442,,1.0000,2163.7000,8.3177
int__tai20_20_10,20_20,GP,1.0,4.0845,10.7972,1.0000,1787.5000,7.3011
int__tai20_20_10,20_20,GP,1.2,4.5986,,1.0000,1790.9000,8.2357
int__tai20_20_10,20_20,GP,1.4,4.9852,,1.0000,1795.5000,8.9509
int__tai20_20_10,20_20,EST,1.0,3.9255,12.8261,1.0000,2050.5000,8.0493
int__tai20_20_10,20_20,EST,1.2,4.7453,,1.0000,2053.5000,9.7444
int__tai20_20_10,20_20,EST,1.4,5.2364,,1.0000,2056.5000,10.7686
int__tai20_20_10,20_20,GT-MWKR,1.0,4.8399,12.8846,1.0000,2080.0000,10.0670
int__tai20_20_10,20_20,GT-MWKR,1.2,5.7924,,1.0000,2080.7000,12.0522
int__tai20_20_10,20_20,GT-MWKR,1.4,6.7843,,1.0000,2081.4000,14.1208
int__tai20_20_10,20_20,GP-nowidth,1.0,3.9110,11.9621,1.0000,1847.5000,7.2255
int__tai20_20_10,20_20,GP-nowidth,1.2,4.8064,,1.0000,1850.5000,8.8942
int__tai20_20_10,20_20,GP-nowidth,1.4,5.7567,,1.0000,1854.5000,10.6759
int__tai20_20_10,20_20,GP-rob1,1.0,2.7624,7.5210,1.0000,2021.0000,5.5829
int__tai20_20_10,20_20,GP-rob1,1.2,3.4132,,1.0000,2024.6000,6.9104
int__tai20_20_10,20_20,GP-rob1,1.4,4.8234,,1.0000,2028.7000,9.7852
int__tai20_20_10,20_20,GP-rob1-nw,1.0,3.1682,10.1433,1.0000,1814.0000,5.7472
int__tai20_20_10,20_20,GP-rob1-nw,1.2,4.1515,,1.0000,1820.3000,7.5570
int__tai20_20_10,20_20,GP-rob1-nw,1.4,5.6242,,1.0000,1827.1000,10.2759
int__tai20_20_10,20_20,GP-rob4,1.0,2.8510,6.7089,1.0000,2131.5000,6.0768
int__tai20_20_10,20_20,GP-rob4,1.2,3.4612,,1.0000,2133.9000,7.3859
int__tai20_20_10,20_20,GP-rob4,1.4,4.6028,,1.0000,2137.3000,9.8376
int__tai30_15_01,30_15,GP,1.0,3.4532,11.5236,1.0000,2195.5000,7.5815
int__tai30_15_01,30_15,GP,1.2,4.0140,,1.0000,2199.3000,8.8281
int__tai30_15_01,30_15,GP,1.4,4.5781,,1.0000,2204.1000,10.0905
int__tai30_15_01,30_15,EST,1.0,3.7966,13.4432,1.0000,2306.0000,8.7551
int__tai30_15_01,30_15,EST,1.2,4.8863,,1.0000,2307.7000,11.2761
int__tai30_15_01,30_15,EST,1.4,5.7780,,1.0000,2311.1000,13.3536
int__tai30_15_01,30_15,GT-MWKR,1.0,4.0136,12.3998,1.0000,2371.0000,9.5162
int__tai30_15_01,30_15,GT-MWKR,1.2,5.1210,,1.0000,2373.1000,12.1526
int__tai30_15_01,30_15,GT-MWKR,1.4,5.3660,,1.0000,2375.7000,12.7479
int__tai30_15_01,30_15,GP-nowidth,1.0,3.7126,12.1864,1.0000,2092.5000,7.7686
int__tai30_15_01,30_15,GP-nowidth,1.2,4.6386,,1.0000,2096.7000,9.7257
int__tai30_15_01,30_15,GP-nowidth,1.4,5.1623,,1.0000,2101.3000,10.8475
int__tai30_15_01,30_15,GP-rob1,1.0,2.7649,8.6275,1.0000,2167.5000,5.9930
int__tai30_15_01,30_15,GP-rob1,1.2,3.4531,,1.0000,2171.4000,7.4982
int__tai30_15_01,30_15,GP-rob1,1.4,4.0737,,1.0000,2176.4000,8.8660
int__tai30_15_01,30_15,GP-rob1-nw,1.0,4.0926,10.6616,1.0000,2101.0000,8.5985
int__tai30_15_01,30_15,GP-rob1-nw,1.2,5.1160,,1.0000,2104.8000,10.7681
int__tai30_15_01,30_15,GP-rob1-nw,1.4,6.2735,,1.0000,2110.1000,13.2376
int__tai30_15_01,30_15,GP-rob4,1.0,2.3922,6.4431,1.0000,2281.5000,5.4579
int__tai30_15_01,30_15,GP-rob4,1.2,2.9363,,1.0000,2283.3000,6.7044
int__tai30_15_01,30_15,GP-rob4,1.4,3.4968,,1.0000,2286.8000,7.9965
int__tai30_15_02,30_15,GP,1.0,3.9021,13.7882,1.0000,2110.5000,8.2353
int__tai30_15_02,30_15,GP,1.2,4.5445,,1.0000,2113.0000,9.6024
int__tai30_15_02,30_15,GP,1.4,5.4017,,1.0000,2115.8000,11.4289
int__tai30_15_02,30_15,EST,1.0,5.7502,14.3393,1.0000,2531.5000,14.5566
int__tai30_15_02,30_15,EST,1.2,6.3760,,1.0000,2536.0000,16.1696
int__tai30_15_02,30_15,EST,1.4,7.4697,,1.0000,2540.5000,18.9767
int__tai30_15_02,30_15,GT-MWKR,1.0,4.1578,13.2826,1.0000,2364.0000,9.8290
int__tai30_15_02,30_15,GT-MWKR,1.2,5.3372,,1.0000,2368.6000,12.6416
int__tai30_15_02,30_15,GT-MWKR,1.4,6.3423,,1.0000,2373.2000,15.0517
int__tai30_15_02,30_15,GP-nowidth,1.0,3.3379,11.0586,1.0000,2116.0000,7.0630
int__tai30_15_02,30_15,GP-nowidth,1.2,3.8705,,1.0000,2120.1000,8.2059
int__tai30_15_02,30_15,GP-nowidth,1.4,4.8474,,1.0000,2125.9000,10.3052
int__tai30_15_02,30_15,GP-rob1,1.0,2.9188,9.0629,1.0000,2273.0000,6.6344
int__tai30_15_02,30_15,GP-rob1,1.2,3.8575,,1.0000,2278.2000,8.7881
int__tai30_15_02,30_15,GP-rob1,1.4,5.0857,,1.0000,2284.0000,11.6158
int__tai30_15_02,30_15,GP-rob1-nw,1.0,3.7961,13.4911,1.0000,2112.5000,8.0192
int__tai30_15_02,30_15,GP-rob1-nw,1.2,4.2718,,1.0000,2115.6000,9.0374
int__tai30_15_02,30_15,GP-rob1-nw,1.4,5.2769,,1.0000,2121.3000,11.1938
int__tai30_15_02,30_15,GP-rob4,1.0,2.5037,7.2766,1.0000,2377.5000,5.9527
int__tai30_15_02,30_15,GP-rob4,1.2,3.0973,,1.0000,2380.7000,7.3737
int__tai30_15_02,30_15,GP-rob4,1.4,3.5623,,1.0000,2383.9000,8.4921
int__tai30_15_03,30_15,GP,1.0,3.7906,9.6951,1.0000,2279.5000,8.6407
int__tai30_15_03,30_15,GP,1.2,4.4315,,1.0000,2280.6000,10.1065
int__tai30_15_03,30_15,GP,1.4,5.6866,,1.0000,2287.6000,13.0087
int__tai30_15_03,30_15,EST,1.0,4.1636,14.9353,1.0000,2705.0000,11.2624
int__tai30_15_03,30_15,EST,1.2,4.9457,,1.0000,2710.4000,13.4049
int__tai30_15_03,30_15,EST,1.4,5.7488,,1.0000,2715.8000,15.6125
int__tai30_15_03,30_15,GT-MWKR,1.0,10.8855,15.6846,1.0000,2410.0000,26.2340
int__tai30_15_03,30_15,GT-MWKR,1.2,12.8933,,1.0000,2417.5000,31.1695
int__tai30_15_03,30_15,GT-MWKR,1.4,14.8713,,1.0000,2425.0000,36.0630
int__tai30_15_03,30_15,GP-nowidth,1.0,4.6040,15.0112,1.0000,2225.0000,10.2440
int__tai30_15_03,30_15,GP-nowidth,1.2,5.5701,,1.0000,2227.0000,12.4046
int__tai30_15_03,30_15,GP-nowidth,1.4,6.3776,,1.0000,2229.0000,14.2158
int__tai30_15_03,30_15,GP-rob1,1.0,3.9772,10.8783,1.0000,2362.5000,9.3961
int__tai30_15_03,30_15,GP-rob1,1.2,4.8685,,1.0000,2363.5000,11.5066
int__tai30_15_03,30_15,GP-rob1,1.4,5.1759,,1.0000,2365.6000,12.2440
int__tai30_15_03,30_15,GP-rob1-nw,1.0,4.1947,10.7461,1.0000,2298.5000,9.6415
int__tai30_15_03,30_15,GP-rob1-nw,1.2,5.2827,,1.0000,2302.4000,12.1630
int__tai30_15_03,30_15,GP-rob1-nw,1.4,6.3473,,1.0000,2307.6000,14.6470
int__tai30_15_03,30_15,GP-rob4,1.0,3.4033,8.7287,1.0000,2371.5000,8.0709
int__tai30_15_03,30_15,GP-rob4,1.2,4.2649,,1.0000,2376.5000,10.1355
int__tai30_15_03,30_15,GP-rob4,1.4,5.2975,,1.0000,2381.5000,12.6159
int__tai30_15_04,30_15,GP,1.0,3.0360,10.3831,1.0000,2205.5000,6.6958
int__tai30_15_04,30_15,GP,1.2,3.6738,,1.0000,2207.7000,8.1107
int__tai30_15_04,30_15,GP,1.4,4.4179,,1.0000,2212.4000,9.7743
int__tai30_15_04,30_15,EST,1.0,4.0758,13.6884,1.0000,2666.5000,10.8682
int__tai30_15_04,30_15,EST,1.2,5.0947,,1.0000,2667.6000,13.5906
int__tai30_15_04,30_15,EST,1.4,5.9232,,1.0000,2670.1000,15.8155
int__tai30_15_04,30_15,GT-MWKR,1.0,6.2627,13.0787,1.0000,2408.5000,15.0838
int__tai30_15_04,30_15,GT-MWKR,1.2,7.6033,,1.0000,2413.7000,18.3520
int__tai30_15_04,30_15,GT-MWKR,1.4,8.4807,,1.0000,2418.9000,20.5139
int__tai30_15_04,30_15,GP-nowidth,1.0,3.1165,11.9452,1.0000,2151.5000,6.7052
int__tai30_15_04,30_15,GP-nowidth,1.2,3.6653,,1.0000,2154.3000,7.8962
int__tai30_15_04,30_15,GP-nowidth,1.4,4.4624,,1.0000,2157.6000,9.6281
int__tai30_15_04,30_15,GP-rob1,1.0,3.8761,8.9643,1.0000,2298.0000,8.9072
int__tai30_15_04,30_15,GP-rob1,1.2,5.1329,,1.0000,2302.3000,11.8174
int__tai30_15_04,30_15,GP-rob1,1.4,6.3830,,1.0000,2307.1000,14.7263
int__tai30_15_04,30_15,GP-rob1-nw,1.0,3.7829,11.3529,1.0000,2228.5000,8.4302
int__tai30_15_04,30_15,GP-rob1-nw,1.2,4.7327,,1.0000,2232.8000,10.5672
int__tai30_15_04,30_15,GP-rob1-nw,1.4,5.7385,,1.0000,2238.6000,12.8462
int__tai30_15_04,30_15,GP-rob4,1.0,2.8240,8.0443,1.0000,2349.5000,6.6349
int__tai30_15_04,30_15,GP-rob4,1.2,3.3610,,1.0000,2351.5000,7.9035
int__tai30_15_04,30_15,GP-rob4,1.4,3.8754,,1.0000,2354.5000,9.1245
int__tai30_15_05,30_15,GP,1.0,4.2976,12.4569,1.0000,2175.5000,9.3493
int__tai30_15_05,30_15,GP,1.2,4.6877,,1.0000,2179.7000,10.2177
int__tai30_15_05,30_15,GP,1.4,5.7941,,1.0000,2184.9000,12.6596
int__tai30_15_05,30_15,EST,1.0,4.5905,13.4251,1.0000,2614.5000,12.0019
int__tai30_15_05,30_15,EST,1.2,5.5006,,1.0000,2619.6000,14.4094
int__tai30_15_05,30_15,EST,1.4,6.0280,,1.0000,2625.2000,15.8246
int__tai30_15_05,30_15,GT-MWKR,1.0,5.7266,15.2981,1.0000,2490.5000,14.2621
int__tai30_15_05,30_15,GT-MWKR,1.2,7.0348,,1.0000,2496.4000,17.5616
int__tai30_15_05,30_15,GT-MWKR,1.4,8.5482,,1.0000,2502.8000,21.3945
int__tai30_15_05,30_15,GP-nowidth,1.0,3.7747,12.0172,1.0000,2097.0000,7.9156
int__tai30_15_05,30_15,GP-nowidth,1.2,4.1274,,1.0000,2101.2000,8.6725
int__tai30_15_05,30_15,GP-nowidth,1.4,4.8486,,1.0000,2105.9000,10.2106
int__tai30_15_05,30_15,GP-rob1,1.0,2.6520,7.1018,1.0000,2351.5000,6.2363
int__tai30_15_05,30_15,GP-rob1,1.2,3.4602,,1.0000,2356.5000,8.1539
int__tai30_15_05,30_15,GP-rob1,1.4,4.9991,,1.0000,2361.9000,11.8073
int__tai30_15_05,30_15,GP-rob1-nw,1.0,3.3604,10.9811,1.0000,2222.0000,7.4669
int__tai30_15_05,30_15,GP-rob1-nw,1.2,4.0406,,1.0000,2225.6000,8.9928
int__tai30_15_05,30_15,GP-rob1-nw,1.4,5.3566,,1.0000,2234.4000,11.9688
int__tai30_15_05,30_15,GP-rob4,1.0,3.2495,8.8645,1.0000,2369.0000,7.6981
int__tai30_15_05,30_15,GP-rob4,1.2,3.9176,,1.0000,2372.9000,9.2962
int__tai30_15_05,30_15,GP-rob4,1.4,4.8374,,1.0000,2376.8000,11.4974
int__tai30_15_06,30_15,GP,1.0,3.6054,12.5694,1.0000,2251.5000,8.1175
int__tai30_15_06,30_15,GP,1.2,4.0126,,1.0000,2254.9000,9.0480
int__tai30_15_06,30_15,GP,1.4,4.7436,,1.0000,2259.3000,10.7172
int__tai30_15_06,30_15,EST,1.0,4.0734,12.3928,1.0000,2566.0000,10.4523
int__tai30_15_06,30_15,EST,1.2,4.4709,,1.0000,2567.9000,11.4809
int__tai30_15_06,30_15,EST,1.4,5.3283,,1.0000,2570.2000,13.6947
int__tai30_15_06,30_15,GT-MWKR,1.0,4.5737,13.3179,1.0000,2598.0000,11.8826
int__tai30_15_06,30_15,GT-MWKR,1.2,5.4826,,1.0000,2598.0000,14.2439
int__tai30_15_06,30_15,GT-MWKR,1.4,6.1874,,1.0000,2598.0000,16.0748
int__tai30_15_06,30_15,GP-nowidth,1.0,3.7396,13.1748,1.0000,2102.5000,7.8625
int__tai30_15_06,30_15,GP-nowidth,1.2,4.4738,,1.0000,2108.4000,9.4325
int__tai30_15_06,30_15,GP-nowidth,1.4,5.3613,,1.0000,2114.3000,11.3353
int__tai30_15_06,30_15,GP-rob1,1.0,3.5015,9.5806,1.0000,2181.5000,7.6385
int__tai30_15_06,30_15,GP-rob1,1.2,4.0936,,1.0000,2182.6000,8.9347
int__tai30_15_06,30_15,GP-rob1,1.4,4.2705,,1.0000,2187.3000,9.3409
int__tai30_15_06,30_15,GP-rob1-nw,1.0,4.0024,12.6679,1.0000,2084.0000,8.3410
int__tai30_15_06,30_15,GP-rob1-nw,1.2,4.2419,,1.0000,2087.8000,8.8563
int__tai30_15_06,30_15,GP-rob1-nw,1.4,5.3594,,1.0000,2091.6000,11.2097
int__tai30_15_06,30_15,GP-rob4,1.0,2.4166,6.5772,1.0000,2311.0000,5.5847
int__tai30_15_06,30_15,GP-rob4,1.2,2.6323,,1.0000,2312.3000,6.0868
int__tai30_15_06,30_15,GP-rob4,1.4,3.1852,,1.0000,2315.1000,7.3739
int__tai30_15_07,30_15,GP,1.0,4.1572,14.2619,1.0000,2096.5000,8.7155
int__tai30_15_07,30_15,GP,1.2,4.9155,,1.0000,2099.6000,10.3207
int__tai30_15_07,30_15,GP,1.4,5.6673,,1.0000,2104.8000,11.9285
int__tai30_15_07,30_15,EST,1.0,3.5585,12.5246,1.0000,2539.0000,9.0350
int__tai30_15_07,30_15,EST,1.2,4.4917,,1.0000,2544.1000,11.4272
int__tai30_15_07,30_15,EST,1.4,5.1577,,1.0000,2549.2000,13.1480
int__tai30_15_07,30_15,GT-MWKR,1.0,5.2061,13.8663,1.0000,2401.5000,12.5024
int__tai30_15_07,30_15,GT-MWKR,1.2,6.5664,,1.0000,2407.1000,15.8060
int__tai30_15_07,30_15,GT-MWKR,1.4,7.8701,,1.0000,2412.7000,18.9881
int__tai30_15_07,30_15,GP-nowidth,1.0,5.0912,13.5219,1.0000,2263.0000,11.5214
int__tai30_15_07,30_15,GP-nowidth,1.2,5.9923,,1.0000,2263.4000,13.5630
int__tai30_15_07,30_15,GP-nowidth,1.4,7.2233,,1.0000,2266.7000,16.3731
int__tai30_15_07,30_15,GP-rob1,1.0,2.4064,7.2928,1.0000,2262.5000,5.4445
int__tai30_15_07,30_15,GP-rob1,1.2,3.1958,,1.0000,2266.8000,7.2441
int__tai30_15_07,30_15,GP-rob1,1.4,4.3525,,1.0000,2273.0000,9.8933
int__tai30_15_07,30_15,GP-rob1-nw,1.0,4.6014,12.3527,1.0000,2121.0000,9.7596
int__tai30_15_07,30_15,GP-rob1-nw,1.2,5.3529,,1.0000,2125.0000,11.3748
int__tai30_15_07,30_15,GP-rob1-nw,1.4,6.6387,,1.0000,2131.0000,14.1470
int__tai30_15_07,30_15,GP-rob4,1.0,2.8157,7.2650,1.0000,2340.0000,6.5887
int__tai30_15_07,30_15,GP-rob4,1.2,3.2321,,1.0000,2342.4000,7.5708
int__tai30_15_07,30_15,GP-rob4,1.4,4.1712,,1.0000,2345.8000,9.7848
int__tai30_15_08,30_15,GP,1.0,5.3373,12.8888,1.0000,2009.5000,10.7253
int__tai30_15_08,30_15,GP,1.2,7.0374,,1.0000,2016.9000,14.1937
int__tai30_15_08,30_15,GP,1.4,9.4046,,1.0000,2024.8000,19.0425
int__tai30_15_08,30_15,EST,1.0,3.9464,13.1465,1.0000,2426.5000,9.5759
int__tai30_15_08,30_15,EST,1.2,4.5708,,1.0000,2430.5000,11.1093
int__tai30_15_08,30_15,EST,1.4,5.5049,,1.0000,2436.5000,13.4127
int__tai30_15_08,30_15,GT-MWKR,1.0,5.3794,15.0829,1.0000,2141.5000,11.5201
int__tai30_15_08,30_15,GT-MWKR,1.2,6.3632,,1.0000,2144.0000,13.6427
int__tai30_15_08,30_15,GT-MWKR,1.4,7.5319,,1.0000,2150.2000,16.1951
int__tai30_15_08,30_15,GP-nowidth,1.0,4.3383,13.4715,1.0000,2026.5000,8.7915
int__tai30_15_08,30_15,GP-nowidth,1.2,5.3150,,1.0000,2029.4000,10.7864
int__tai30_15_08,30_15,GP-nowidth,1.4,6.4424,,1.0000,2034.5000,13.1071
int__tai30_15_08,30_15,GP-rob1,1.0,3.3000,10.8047,1.0000,2193.5000,7.2385
int__tai30_15_08,30_15,GP-rob1,1.2,4.4626,,1.0000,2197.3000,9.8057
int__tai30_15_08,30_15,GP-rob1,1.4,5.0759,,1.0000,2201.5000,11.1746
int__tai30_15_08,30_15,GP-rob1-nw,1.0,3.4341,11.5645,1.0000,1997.5000,6.8596
int__tai30_15_08,30_15,GP-rob1-nw,1.2,4.0037,,1.0000,2003.3000,8.0207
int__tai30_15_08,30_15,GP-rob1-nw,1.4,5.0341,,1.0000,2009.1000,10.1141
int__tai30_15_08,30_15,GP-rob4,1.0,3.5258,10.6078,1.0000,2196.5000,7.7444
int__tai30_15_08,30_15,GP-rob4,1.2,4.3010,,1.0000,2200.9000,9.4660
int__tai30_15_08,30_15,GP-rob4,1.4,5.8813,,1.0000,2207.8000,12.9848
int__tai30_15_09,30_15,GP,1.0,3.4320,11.2452,1.0000,2196.5000,7.5383
int__tai30_15_09,30_15,GP,1.2,4.0803,,1.0000,2199.0000,8.9725
int__tai30_15_09,30_15,GP,1.4,4.8307,,1.0000,2201.5000,10.6349
int__tai30_15_09,30_15,EST,1.0,3.5413,13.3029,1.0000,2631.0000,9.3171
int__tai30_15_09,30_15,EST,1.2,4.1057,,1.0000,2635.0000,10.8185
int__tai30_15_09,30_15,EST,1.4,4.8020,,1.0000,2639.0000,12.6724
int__tai30_15_09,30_15,GT-MWKR,1.0,4.5174,13.0566,1.0000,2313.0000,10.4487
int__tai30_15_09,30_15,GT-MWKR,1.2,5.3635,,1.0000,2315.8000,12.4208
int__tai30_15_09,30_15,GT-MWKR,1.4,6.2430,,1.0000,2320.1000,14.4844
int__tai30_15_09,30_15,GP-nowidth,1.0,3.3383,11.4478,1.0000,2079.0000,6.9403
int__tai30_15_09,30_15,GP-nowidth,1.2,4.0474,,1.0000,2081.6000,8.4252
int__tai30_15_09,30_15,GP-nowidth,1.4,4.3015,,1.0000,2085.9000,8.9725
int__tai30_15_09,30_15,GP-rob1,1.0,3.1360,9.4770,1.0000,2237.0000,7.0153
int__tai30_15_09,30_15,GP-rob1,1.2,3.5259,,1.0000,2237.9000,7.8907
int__tai30_15_09,30_15,GP-rob1,1.4,4.0032,,1.0000,2240.7000,8.9701
int__tai30_15_09,30_15,GP-rob1-nw,1.0,3.2832,12.2372,1.0000,2116.5000,6.9489
int__tai30_15_09,30_15,GP-rob1-nw,1.2,3.8596,,1.0000,2120.5000,8.1842
int__tai30_15_09,30_15,GP-rob1-nw,1.4,4.4582,,1.0000,2124.5000,9.4713
int__tai30_15_09,30_15,GP-rob4,1.0,2.3425,7.0431,1.0000,2399.5000,5.6208
int__tai30_15_09,30_15,GP-rob4,1.2,2.7101,,1.0000,2401.5000,6.5082
int__tai30_15_09,30_15,GP-rob4,1.4,3.1886,,1.0000,2403.5000,7.6637
int__tai30_15_10,30_15,GP,1.0,4.7737,12.2449,1.0000,2082.5000,9.9413
int__tai30_15_10,30_15,GP,1.2,5.9176,,1.0000,2088.0000,12.3560
int__tai30_15_10,30_15,GP,1.4,6.9639,,1.0000,2094.0000,14.5824
int__tai30_15_10,30_15,EST,1.0,3.6196,12.2836,1.0000,2426.0000,8.7812
int__tai30_15_10,30_15,EST,1.2,4.1096,,1.0000,2429.9000,9.9860
int__tai30_15_10,30_15,EST,1.4,4.4604,,1.0000,2433.8000,10.8558
int__tai30_15_10,30_15,GT-MWKR,1.0,4.0797,12.0451,1.0000,2349.5000,9.5852
int__tai30_15_10,30_15,GT-MWKR,1.2,4.9769,,1.0000,2351.0000,11.7006
int__tai30_15_10,30_15,GT-MWKR,1.4,5.5481,,1.0000,2352.5000,13.0519
int__tai30_15_10,30_15,GP-nowidth,1.0,3.4887,11.6028,1.0000,2034.0000,7.0960
int__tai30_15_10,30_15,GP-nowidth,1.2,4.4836,,1.0000,2038.6000,9.1402
int__tai30_15_10,30_15,GP-nowidth,1.4,5.0106,,1.0000,2043.2000,10.2377
int__tai30_15_10,30_15,GP-rob1,1.0,3.0105,7.6054,1.0000,2169.5000,6.5314
int__tai30_15_10,30_15,GP-rob1,1.2,3.6278,,1.0000,2172.0000,7.8795
int__tai30_15_10,30_15,GP-rob1,1.4,4.3749,,1.0000,2175.1000,9.5158
int__tai30_15_10,30_15,GP-rob1-nw,1.0,3.3483,10.7496,1.0000,2121.0000,7.1017
int__tai30_15_10,30_15,GP-rob1-nw,1.2,4.2465,,1.0000,2125.7000,9.0269
int__tai30_15_10,30_15,GP-rob1-nw,1.4,4.9525,,1.0000,2130.9000,10.5533
int__tai30_15_10,30_15,GP-rob4,1.0,2.4889,7.5322,1.0000,2137.5000,5.3201
int__tai30_15_10,30_15,GP-rob4,1.2,2.8949,,1.0000,2140.7000,6.1972
int__tai30_15_10,30_15,GP-rob4,1.4,3.3557,,1.0000,2144.9000,7.1977
int__tai30_20_01,30_20,GP,1.0,3.9609,12.1534,1.0000,2542.5000,10.0705
int__tai30_20_01,30_20,GP,1.2,4.6162,,1.0000,2546.1000,11.7533
int__tai30_20_01,30_20,GP,1.4,5.3470,,1.0000,2549.7000,13.6334
int__tai30_20_01,30_20,EST,1.0,3.2946,12.0464,1.0000,2756.0000,9.0799
int__tai30_20_01,30_20,EST,1.2,4.0120,,1.0000,2759.0000,11.0691
int__tai30_20_01,30_20,EST,1.4,4.1471,,1.0000,2767.4000,11.4767
int__tai30_20_01,30_20,GT-MWKR,1.0,3.5852,12.4457,1.0000,2764.0000,9.9095
int__tai30_20_01,30_20,GT-MWKR,1.2,4.4912,,1.0000,2764.5000,12.4159
int__tai30_20_01,30_20,GT-MWKR,1.4,4.9009,,1.0000,2767.2000,13.5617
int__tai30_20_01,30_20,GP-nowidth,1.0,4.0799,11.0356,1.0000,2501.0000,10.2037
int__tai30_20_01,30_20,GP-nowidth,1.2,4.8081,,1.0000,2506.3000,12.0505
int__tai30_20_01,30_20,GP-nowidth,1.4,5.9297,,1.0000,2511.8000,14.8942
int__tai30_20_01,30_20,GP-rob1,1.0,2.8017,9.2426,1.0000,2607.5000,7.3054
int__tai30_20_01,30_20,GP-rob1,1.2,3.6862,,1.0000,2608.9000,9.6170
int__tai30_20_01,30_20,GP-rob1,1.4,3.7972,,1.0000,2614.3000,9.9269
int__tai30_20_01,30_20,GP-rob1-nw,1.0,2.9662,10.6901,1.0000,2441.5000,7.2419
int__tai30_20_01,30_20,GP-rob1-nw,1.2,3.3574,,1.0000,2446.2000,8.2128
int__tai30_20_01,30_20,GP-rob1-nw,1.4,4.2100,,1.0000,2452.9000,10.3267
int__tai30_20_01,30_20,GP-rob4,1.0,2.7932,9.1133,1.0000,2644.5000,7.3867
int__tai30_20_01,30_20,GP-rob4,1.2,3.3718,,1.0000,2647.9000,8.9282
int__tai30_20_01,30_20,GP-rob4,1.4,3.9583,,1.0000,2652.1000,10.4979
int__tai30_20_02,30_20,GP,1.0,3.4639,11.8250,1.0000,2342.5000,8.1143
int__tai30_20_02,30_20,GP,1.2,4.5755,,1.0000,2348.8000,10.7470
int__tai30_20_02,30_20,GP,1.4,6.1977,,1.0000,2355.6000,14.5993
int__tai30_20_02,30_20,EST,1.0,4.6229,10.9836,1.0000,3223.0000,14.8997
int__tai30_20_02,30_20,EST,1.2,5.9201,,1.0000,3229.7000,19.1200
int__tai30_20_02,30_20,EST,1.4,7.2779,,1.0000,3236.9000,23.5577
int__tai30_20_02,30_20,GT-MWKR,1.0,6.2563,13.8355,1.0000,2602.0000,16.2789
int__tai30_20_02,30_20,GT-MWKR,1.2,8.0280,,1.0000,2609.5000,20.9490
int__tai30_20_02,30_20,GT-MWKR,1.4,9.7291,,1.0000,2617.0000,25.4611
int__tai30_20_02,30_20,GP-nowidth,1.0,4.0702,12.1777,1.0000,2307.5000,9.3920
int__tai30_20_02,30_20,GP-nowidth,1.2,4.5339,,1.0000,2312.8000,10.4860
int__tai30_20_02,30_20,GP-nowidth,1.4,5.6233,,1.0000,2318.1000,13.0353
int__tai30_20_02,30_20,GP-rob1,1.0,2.8667,10.1411,1.0000,2623.0000,7.5193
int__tai30_20_02,30_20,GP-rob1,1.2,3.5703,,1.0000,2627.5000,9.3810
int__tai30_20_02,30_20,GP-rob1,1.4,4.3282,,1.0000,2632.7000,11.3947
int__tai30_20_02,30_20,GP-rob1-nw,1.0,3.4855,11.3484,1.0000,2317.5000,8.0777
int__tai30_20_02,30_20,GP-rob1-nw,1.2,3.9890,,1.0000,2320.1000,9.2548
int__tai30_20_02,30_20,GP-rob1-nw,1.4,4.9547,,1.0000,2324.8000,11.5187
int__tai30_20_02,30_20,GP-rob4,1.0,2.8494,9.6212,1.0000,2640.0000,7.5225
int__tai30_20_02,30_20,GP-rob4,1.2,3.2794,,1.0000,2642.3000,8.6651
int__tai30_20_02,30_20,GP-rob4,1.4,3.8347,,1.0000,2645.1000,10.1430
int__tai30_20_03,30_20,GP,1.0,5.2506,10.9354,1.0000,2213.0000,11.6196
int__tai30_20_03,30_20,GP,1.2,6.5664,,1.0000,2218.4000,14.5669
int__tai30_20_03,30_20,GP,1.4,7.5145,,1.0000,2224.0000,16.7122
int__tai30_20_03,30_20,EST,1.0,3.4102,11.4679,1.0000,3052.0000,10.4079
int__tai30_20_03,30_20,EST,1.2,4.1736,,1.0000,3052.9000,12.7417
int__tai30_20_03,30_20,EST,1.4,4.5493,,1.0000,3054.7000,13.8967
int__tai30_20_03,30_20,GT-MWKR,1.0,3.5958,12.2949,1.0000,2529.5000,9.0957
int__tai30_20_03,30_20,GT-MWKR,1.2,4.4788,,1.0000,2532.3000,11.3417
int__tai30_20_03,30_20,GT-MWKR,1.4,4.7243,,1.0000,2536.1000,11.9813
int__tai30_20_03,30_20,GP-nowidth,1.0,3.6548,10.8801,1.0000,2261.0000,8.2634
int__tai30_20_03,30_20,GP-nowidth,1.2,4.7267,,1.0000,2267.1000,10.7160
int__tai30_20_03,30_20,GP-nowidth,1.4,6.3106,,1.0000,2273.7000,14.3485
int__tai30_20_03,30_20,GP-rob1,1.0,3.1607,8.8273,1.0000,2311.0000,7.3044
int__tai30_20_03,30_20,GP-rob1,1.2,4.0911,,1.0000,2313.6000,9.4653
int__tai30_20_03,30_20,GP-rob1,1.4,4.6377,,1.0000,2316.2000,10.7418
int__tai30_20_03,30_20,GP-rob1-nw,1.0,3.7122,11.6619,1.0000,2289.5000,8.4990
int__tai30_20_03,30_20,GP-rob1-nw,1.2,4.8472,,1.0000,2293.7000,11.1180
int__tai30_20_03,30_20,GP-rob1-nw,1.4,5.5075,,1.0000,2297.9000,12.6558
int__tai30_20_03,30_20,GP-rob4,1.0,2.6438,7.6939,1.0000,2430.5000,6.4258
int__tai30_20_03,30_20,GP-rob4,1.2,3.2616,,1.0000,2434.5000,7.9404
int__tai30_20_03,30_20,GP-rob4,1.4,4.1084,,1.0000,2438.5000,10.0183
int__tai30_20_04,30_20,GP,1.0,6.0652,10.4060,1.0000,2450.5000,14.8627
int__tai30_20_04,30_20,GP,1.2,7.0063,,1.0000,2455.6000,17.2046
int__tai30_20_04,30_20,GP,1.4,7.9408,,1.0000,2460.7000,19.5400
int__tai30_20_04,30_20,EST,1.0,3.7003,12.9958,1.0000,2962.5000,10.9620
int__tai30_20_04,30_20,EST,1.2,4.4192,,1.0000,2965.1000,13.1035
int__tai30_20_04,30_20,EST,1.4,5.1700,,1.0000,2967.7000,15.3431
int__tai30_20_04,30_20,GT-MWKR,1.0,3.7253,11.5898,1.0000,2623.0000,9.7714
int__tai30_20_04,30_20,GT-MWKR,1.2,4.2162,,1.0000,2623.0000,11.0592
int__tai30_20_04,30_20,GT-MWKR,1.4,5.0788,,1.0000,2623.0000,13.3217
int__tai30_20_04,30_20,GP-nowidth,1.0,3.0939,9.1421,1.0000,2395.5000,7.4115
int__tai30_20_04,30_20,GP-nowidth,1.2,4.7520,,1.0000,2402.8000,11.4182
int__tai30_20_04,30_20,GP-nowidth,1.4,6.3572,,1.0000,2410.1000,15.3215
int__tai30_20_04,30_20,GP-rob1,1.0,2.6151,7.5102,1.0000,2450.0000,6.4069
int__tai30_20_04,30_20,GP-rob1,1.2,3.1407,,1.0000,2453.4000,7.7054
int__tai30_20_04,30_20,GP-rob1,1.4,4.0024,,1.0000,2457.8000,9.8370
int__tai30_20_04,30_20,GP-rob1-nw,1.0,3.6071,11.1439,1.0000,2369.0000,8.5452
int__tai30_20_04,30_20,GP-rob1-nw,1.2,3.9813,,1.0000,2370.8000,9.4388
int__tai30_20_04,30_20,GP-rob1-nw,1.4,4.8473,,1.0000,2372.6000,11.5006
int__tai30_20_04,30_20,GP-rob4,1.0,2.0078,6.0253,1.0000,2572.5000,5.1650
int__tai30_20_04,30_20,GP-rob4,1.2,2.3770,,1.0000,2574.3000,6.1191
int__tai30_20_04,30_20,GP-rob4,1.4,2.7708,,1.0000,2576.1000,7.1378
int__tai30_20_05,30_20,GP,1.0,3.2307,11.0724,1.0000,2294.0000,7.4111
int__tai30_20_05,30_20,GP,1.2,3.9419,,1.0000,2299.1000,9.0629
int__tai30_20_05,30_20,GP,1.4,4.6090,,1.0000,2304.2000,10.6200
int__tai30_20_05,30_20,EST,1.0,3.3831,12.3374,1.0000,2999.0000,10.1459
int__tai30_20_05,30_20,EST,1.2,4.4068,,1.0000,3005.3000,13.2436
int__tai30_20_05,30_20,EST,1.4,5.4322,,1.0000,3011.6000,16.3595
int__tai30_20_05,30_20,GT-MWKR,1.0,4.0912,12.9189,1.0000,2670.5000,10.9255
int__tai30_20_05,30_20,GT-MWKR,1.2,5.1633,,1.0000,2674.0000,13.8066
int__tai30_20_05,30_20,GT-MWKR,1.4,5.8593,,1.0000,2677.5000,15.6882
int__tai30_20_05,30_20,GP-nowidth,1.0,3.3457,11.4586,1.0000,2382.5000,7.9711
int__tai30_20_05,30_20,GP-nowidth,1.2,3.8715,,1.0000,2385.4000,9.2351
int__tai30_20_05,30_20,GP-nowidth,1.4,4.4350,,1.0000,2389.3000,10.5966
int__tai30_20_05,30_20,GP-rob1,1.0,2.4633,7.8431,1.0000,2499.0000,6.1559
int__tai30_20_05,30_20,GP-rob1,1.2,2.9383,,1.0000,2503.7000,7.3566
int__tai30_20_05,30_20,GP-rob1,1.4,3.7119,,1.0000,2508.9000,9.3128
int__tai30_20_05,30_20,GP-rob1-nw,1.0,3.0326,11.2893,1.0000,2400.5000,7.2798
int__tai30_20_05,30_20,GP-rob1-nw,1.2,3.5780,,1.0000,2402.3000,8.5955
int__tai30_20_05,30_20,GP-rob1-nw,1.4,4.0400,,1.0000,2404.5000,9.7141
int__tai30_20_05,30_20,GP-rob4,1.0,2.1156,6.1856,1.0000,2619.0000,5.5406
int__tai30_20_05,30_20,GP-rob4,1.2,2.5351,,1.0000,2621.7000,6.6463
int__tai30_20_05,30_20,GP-rob4,1.4,3.4710,,1.0000,2627.6000,9.1203
int__tai30_20_06,30_20,GP,1.0,3.4385,12.1035,1.0000,2396.0000,8.2387
int__tai30_20_06,30_20,GP,1.2,4.1528,,1.0000,2398.3000,9.9596
int__tai30_20_06,30_20,GP,1.4,4.7690,,1.0000,2400.6000,11.4484
int__tai30_20_06,30_20,EST,1.0,3.9157,12.5199,1.0000,3147.0000,12.3229
int__tai30_20_06,30_20,EST,1.2,4.6842,,1.0000,3153.6000,14.7720
int__tai30_20_06,30_20,EST,1.4,6.0676,,1.0000,3160.2000,19.1747
int__tai30_20_06,30_20,GT-MWKR,1.0,3.9841,12.5413,1.0000,2575.5000,10.2611
int__tai30_20_06,30_20,GT-MWKR,1.2,4.8683,,1.0000,2580.3000,12.5617
int__tai30_20_06,30_20,GT-MWKR,1.4,5.7895,,1.0000,2586.1000,14.9721
int__tai30_20_06,30_20,GP-nowidth,1.0,3.4441,9.9457,1.0000,2393.0000,8.2417
int__tai30_20_06,30_20,GP-nowidth,1.2,4.3806,,1.0000,2398.4000,10.5063
int__tai30_20_06,30_20,GP-nowidth,1.4,6.0104,,1.0000,2405.9000,14.4605
int__tai30_20_06,30_20,GP-rob1,1.0,2.5887,7.9078,1.0000,2516.5000,6.5144
int__tai30_20_06,30_20,GP-rob1,1.2,3.1221,,1.0000,2518.1000,7.8618
int__tai30_20_06,30_20,GP-rob1,1.4,3.9547,,1.0000,2522.0000,9.9737
int__tai30_20_06,30_20,GP-rob1-nw,1.0,3.7483,10.2532,1.0000,2389.5000,8.9565
int__tai30_20_06,30_20,GP-rob1-nw,1.2,5.0313,,1.0000,2396.2000,12.0560
int__tai30_20_06,30_20,GP-rob1-nw,1.4,6.4223,,1.0000,2403.4000,15.4353
int__tai30_20_06,30_20,GP-rob4,1.0,2.4958,8.0031,1.0000,2586.5000,6.4553
int__tai30_20_06,30_20,GP-rob4,1.2,3.3687,,1.0000,2591.4000,8.7295
int__tai30_20_06,30_20,GP-rob4,1.4,4.2170,,1.0000,2596.8000,10.9507
int__tai30_20_07,30_20,GP,1.0,3.3445,11.1894,1.0000,2270.0000,7.5919
int__tai30_20_07,30_20,GP,1.2,3.8528,,1.0000,2273.7000,8.7601
int__tai30_20_07,30_20,GP,1.4,4.3145,,1.0000,2277.5000,9.8262
int__tai30_20_07,30_20,EST,1.0,3.7386,12.2526,1.0000,2652.5000,9.9166
int__tai30_20_07,30_20,EST,1.2,4.1784,,1.0000,2655.7000,11.0965
int__tai30_20_07,30_20,EST,1.4,4.8403,,1.0000,2659.0000,12.8705
int__tai30_20_07,30_20,GT-MWKR,1.0,5.4354,12.1702,1.0000,2350.0000,12.7731
int__tai30_20_07,30_20,GT-MWKR,1.2,6.9170,,1.0000,2356.7000,16.3013
int__tai30_20_07,30_20,GT-MWKR,1.4,8.3342,,1.0000,2363.4000,19.6970
int__tai30_20_07,30_20,GP-nowidth,1.0,3.9874,11.0668,1.0000,2259.0000,9.0075
int__tai30_20_07,30_20,GP-nowidth,1.2,5.1994,,1.0000,2263.2000,11.7674
int__tai30_20_07,30_20,GP-nowidth,1.4,6.0115,,1.0000,2267.4000,13.6304
int__tai30_20_07,30_20,GP-rob1,1.0,2.3394,7.7847,1.0000,2415.0000,5.6497
int__tai30_20_07,30_20,GP-rob1,1.2,2.8210,,1.0000,2418.3000,6.8220
int__tai30_20_07,30_20,GP-rob1,1.4,3.4189,,1.0000,2421.7000,8.2795
int__tai30_20_07,30_20,GP-rob1-nw,1.0,4.6202,12.9812,1.0000,2234.0000,10.3215
int__tai30_20_07,30_20,GP-rob1-nw,1.2,6.3030,,1.0000,2242.3000,14.1332
int__tai30_20_07,30_20,GP-rob1-nw,1.4,7.5107,,1.0000,2250.6000,16.9036
int__tai30_20_07,30_20,GP-rob4,1.0,2.6239,7.8640,1.0000,2352.5000,6.1728
int__tai30_20_07,30_20,GP-rob4,1.2,3.3734,,1.0000,2355.7000,7.9467
int__tai30_20_07,30_20,GP-rob4,1.4,4.7683,,1.0000,2362.4000,11.2646
int__tai30_20_08,30_20,GP,1.0,3.8086,10.7583,1.0000,2314.5000,8.8151
int__tai30_20_08,30_20,GP,1.2,4.2780,,1.0000,2317.9000,9.9160
int__tai30_20_08,30_20,GP,1.4,5.0512,,1.0000,2322.3000,11.7303
int__tai30_20_08,30_20,EST,1.0,3.6644,12.9870,1.0000,3041.5000,11.1452
int__tai30_20_08,30_20,EST,1.2,4.6509,,1.0000,3048.1000,14.1764
int__tai30_20_08,30_20,EST,1.4,5.4067,,1.0000,3055.6000,16.5206
int__tai30_20_08,30_20,GT-MWKR,1.0,4.9442,15.9264,1.0000,2555.5000,12.6348
int__tai30_20_08,30_20,GT-MWKR,1.2,6.0382,,1.0000,2558.6000,15.4493
int__tai30_20_08,30_20,GT-MWKR,1.4,6.8153,,1.0000,2561.7000,17.4588
int__tai30_20_08,30_20,GP-nowidth,1.0,2.9980,10.4302,1.0000,2301.0000,6.8984
int__tai30_20_08,30_20,GP-nowidth,1.2,3.4337,,1.0000,2305.3000,7.9156
int__tai30_20_08,30_20,GP-nowidth,1.4,4.1673,,1.0000,2311.6000,9.6331
int__tai30_20_08,30_20,GP-rob1,1.0,2.8415,9.3528,1.0000,2395.0000,6.8054
int__tai30_20_08,30_20,GP-rob1,1.2,3.3356,,1.0000,2399.3000,8.0030
int__tai30_20_08,30_20,GP-rob1,1.4,4.1573,,1.0000,2404.2000,9.9950
int__tai30_20_08,30_20,GP-rob1-nw,1.0,3.7813,11.6411,1.0000,2379.5000,8.9975
int__tai30_20_08,30_20,GP-rob1-nw,1.2,4.3436,,1.0000,2381.8000,10.3457
int__tai30_20_08,30_20,GP-rob1-nw,1.4,5.0551,,1.0000,2387.2000,12.0676
int__tai30_20_08,30_20,GP-rob4,1.0,2.6994,7.6379,1.0000,2474.5000,6.6797
int__tai30_20_08,30_20,GP-rob4,1.2,3.6547,,1.0000,2479.4000,9.0616
int__tai30_20_08,30_20,GP-rob4,1.4,4.5100,,1.0000,2484.3000,11.2043
int__tai30_20_09,30_20,GP,1.0,3.4527,11.3387,1.0000,2319.5000,8.0084
int__tai30_20_09,30_20,GP,1.2,4.3739,,1.0000,2325.2000,10.1702
int__tai30_20_09,30_20,GP,1.4,5.5371,,1.0000,2332.4000,12.9148
int__tai30_20_09,30_20,EST,1.0,3.1310,11.1797,1.0000,2916.0000,9.1299
int__tai30_20_09,30_20,EST,1.2,3.6497,,1.0000,2916.8000,10.6454
int__tai30_20_09,30_20,EST,1.4,4.2216,,1.0000,2918.9000,12.3224
int__tai30_20_09,30_20,GT-MWKR,1.0,4.2190,11.9809,1.0000,2612.5000,11.0220
int__tai30_20_09,30_20,GT-MWKR,1.2,4.4444,,1.0000,2614.6000,11.6203
int__tai30_20_09,30_20,GT-MWKR,1.4,5.4675,,1.0000,2616.7000,14.3067
int__tai30_20_09,30_20,GP-nowidth,1.0,3.2331,10.8039,1.0000,2351.0000,7.6010
int__tai30_20_09,30_20,GP-nowidth,1.2,4.0184,,1.0000,2354.5000,9.4614
int__tai30_20_09,30_20,GP-nowidth,1.4,4.8002,,1.0000,2359.5000,11.3262
int__tai30_20_09,30_20,GP-rob1,1.0,3.3516,9.2179,1.0000,2397.5000,8.0355
int__tai30_20_09,30_20,GP-rob1,1.2,3.4291,,1.0000,2401.4000,8.2346
int__tai30_20_09,30_20,GP-rob1,1.4,3.6394,,1.0000,2406.3000,8.7574
int__tai30_20_09,30_20,GP-rob1-nw,1.0,3.0803,10.7937,1.0000,2362.5000,7.2772
int__tai30_20_09,30_20,GP-rob1-nw,1.2,3.7051,,1.0000,2364.4000,8.7603
int__tai30_20_09,30_20,GP-rob1-nw,1.4,4.0667,,1.0000,2369.2000,9.6348
int__tai30_20_09,30_20,GP-rob4,1.0,1.9110,6.1060,1.0000,2538.5000,4.8510
int__tai30_20_09,30_20,GP-rob4,1.2,2.4609,,1.0000,2542.3000,6.2564
int__tai30_20_09,30_20,GP-rob4,1.4,3.2423,,1.0000,2546.6000,8.2569
int__tai30_20_10,30_20,GP,1.0,3.6716,12.9676,1.0000,2406.0000,8.8338
int__tai30_20_10,30_20,GP,1.2,4.3702,,1.0000,2409.5000,10.5300
int__tai30_20_10,30_20,GP,1.4,5.0603,,1.0000,2413.0000,12.2105
int__tai30_20_10,30_20,EST,1.0,4.0876,14.3292,1.0000,2959.0000,12.0952
int__tai30_20_10,30_20,EST,1.2,4.7731,,1.0000,2959.4000,14.1255
int__tai30_20_10,30_20,EST,1.4,5.4604,,1.0000,2960.3000,16.1644
int__tai30_20_10,30_20,GT-MWKR,1.0,3.5570,12.0500,1.0000,2680.5000,9.5346
int__tai30_20_10,30_20,GT-MWKR,1.2,4.2674,,1.0000,2682.7000,11.4480
int__tai30_20_10,30_20,GT-MWKR,1.4,4.8132,,1.0000,2684.9000,12.9230
int__tai30_20_10,30_20,GP-nowidth,1.0,3.3661,12.3550,1.0000,2371.5000,7.9828
int__tai30_20_10,30_20,GP-nowidth,1.2,3.9106,,1.0000,2375.5000,9.2897
int__tai30_20_10,30_20,GP-nowidth,1.4,4.3925,,1.0000,2379.5000,10.4520
int__tai30_20_10,30_20,GP-rob1,1.0,3.1799,9.2921,1.0000,2507.5000,7.9736
int__tai30_20_10,30_20,GP-rob1,1.2,3.7140,,1.0000,2509.4000,9.3200
int__tai30_20_10,30_20,GP-rob1,1.4,4.1517,,1.0000,2512.3000,10.4303
int__tai30_20_10,30_20,GP-rob1-nw,1.0,2.9302,11.6155,1.0000,2445.0000,7.1644
int__tai30_20_10,30_20,GP-rob1-nw,1.2,3.6369,,1.0000,2448.4000,8.9045
int__tai30_20_10,30_20,GP-rob1-nw,1.4,4.1117,,1.0000,2452.8000,10.0852
int__tai30_20_10,30_20,GP-rob4,1.0,3.1490,9.3852,1.0000,2610.5000,8.2205
int__tai30_20_10,30_20,GP-rob4,1.2,3.7694,,1.0000,2611.8000,9.8450
int__tai30_20_10,30_20,GP-rob4,1.4,4.1089,,1.0000,2613.8000,10.7399
int__tai50_15_01,50_15,GP,1.0,2.9863,12.2593,1.0000,3401.5000,10.1578
int__tai50_15_01,50_15,GP,1.2,3.4725,,1.0000,3406.1000,11.8277
int__tai50_15_01,50_15,GP,1.4,4.0691,,1.0000,3413.3000,13.8890
int__tai50_15_01,50_15,EST,1.0,3.0913,11.9653,1.0000,3694.0000,11.4193
int__tai50_15_01,50_15,EST,1.2,3.8942,,1.0000,3700.5000,14.4106
int__tai50_15_01,50_15,EST,1.4,4.7040,,1.0000,3707.0000,17.4378
int__tai50_15_01,50_15,GT-MWKR,1.0,3.9689,15.9183,1.0000,3719.0000,14.7605
int__tai50_15_01,50_15,GT-MWKR,1.2,4.7590,,1.0000,3719.0000,17.6989
int__tai50_15_01,50_15,GT-MWKR,1.4,5.6347,,1.0000,3719.0000,20.9556
int__tai50_15_01,50_15,GP-nowidth,1.0,2.9857,13.3458,1.0000,3199.5000,9.5529
int__tai50_15_01,50_15,GP-nowidth,1.2,3.4975,,1.0000,3205.5000,11.2113
int__tai50_15_01,50_15,GP-nowidth,1.4,3.9839,,1.0000,3213.2000,12.8011
int__tai50_15_01,50_15,GP-rob1,1.0,2.6548,9.2513,1.0000,3599.5000,9.5559
int__tai50_15_01,50_15,GP-rob1,1.2,3.2153,,1.0000,3604.7000,11.5901
int__tai50_15_01,50_15,GP-rob1,1.4,3.8486,,1.0000,3611.0000,13.8973
int__tai50_15_01,50_15,GP-rob1-nw,1.0,2.8726,11.2421,1.0000,3309.0000,9.5053
int__tai50_15_01,50_15,GP-rob1-nw,1.2,3.9605,,1.0000,3318.0000,13.1410
int__tai50_15_01,50_15,GP-rob1-nw,1.4,5.3159,,1.0000,3328.0000,17.6914
int__tai50_15_01,50_15,GP-rob4,1.0,2.6456,8.7591,1.0000,3562.0000,9.4236
int__tai50_15_01,50_15,GP-rob4,1.2,3.2819,,1.0000,3564.9000,11.6998
int__tai50_15_01,50_15,GP-rob4,1.4,3.8001,,1.0000,3571.2000,13.5710
int__tai50_15_02,50_15,GP,1.0,3.4777,13.1960,1.0000,3107.0000,10.8053
int__tai50_15_02,50_15,GP,1.2,4.3095,,1.0000,3115.9000,13.4280
int__tai50_15_02,50_15,GP,1.4,5.3266,,1.0000,3125.9000,16.6505
int__tai50_15_02,50_15,EST,1.0,3.3604,13.2001,1.0000,3803.0000,12.7796
int__tai50_15_02,50_15,EST,1.2,3.7785,,1.0000,3807.6000,14.3870
int__tai50_15_02,50_15,EST,1.4,4.0902,,1.0000,3813.9000,15.5996
int__tai50_15_02,50_15,GT-MWKR,1.0,3.8258,12.9088,1.0000,3486.0000,13.3366
int__tai50_15_02,50_15,GT-MWKR,1.2,4.6645,,1.0000,3490.1000,16.2795
int__tai50_15_02,50_15,GT-MWKR,1.4,5.3412,,1.0000,3494.2000,18.6633
int__tai50_15_02,50_15,GP-nowidth,1.0,3.8684,12.6306,1.0000,3111.5000,12.0366
int__tai50_15_02,50_15,GP-nowidth,1.2,5.1079,,1.0000,3120.0000,15.9366
int__tai50_15_02,50_15,GP-nowidth,1.4,6.5953,,1.0000,3129.5000,20.6399
int__tai50_15_02,50_15,GP-rob1,1.0,2.7954,9.3081,1.0000,3223.0000,9.0095
int__tai50_15_02,50_15,GP-rob1,1.2,3.5629,,1.0000,3229.9000,11.5079
int__tai50_15_02,50_15,GP-rob1,1.4,4.3765,,1.0000,3236.8000,14.1660
int__tai50_15_02,50_15,GP-rob1-nw,1.0,3.5962,13.1654,1.0000,3175.0000,11.4180
int__tai50_15_02,50_15,GP-rob1-nw,1.2,4.1046,,1.0000,3181.3000,13.0579
int__tai50_15_02,50_15,GP-rob1-nw,1.4,4.7951,,1.0000,3188.6000,15.2897
int__tai50_15_02,50_15,GP-rob4,1.0,4.4993,8.7793,1.0000,3223.5000,14.5034
int__tai50_15_02,50_15,GP-rob4,1.2,6.2753,,1.0000,3231.8000,20.2804
int__tai50_15_02,50_15,GP-rob4,1.4,7.9157,,1.0000,3240.1000,25.6478
int__tai50_15_03,50_15,GP,1.0,3.9772,13.7988,1.0000,3036.5000,12.0768
int__tai50_15_03,50_15,GP,1.2,4.4066,,1.0000,3039.4000,13.3934
int__tai50_15_03,50_15,GP,1.4,5.2440,,1.0000,3043.3000,15.9591
int__tai50_15_03,50_15,EST,1.0,3.9312,15.9166,1.0000,3644.0000,14.3252
int__tai50_15_03,50_15,EST,1.2,4.5140,,1.0000,3646.6000,16.4607
int__tai50_15_03,50_15,EST,1.4,5.1012,,1.0000,3651.1000,18.6250
int__tai50_15_03,50_15,GT-MWKR,1.0,4.3988,15.5856,1.0000,3214.5000,14.1400
int__tai50_15_03,50_15,GT-MWKR,1.2,4.9776,,1.0000,3217.4000,16.0149
int__tai50_15_03,50_15,GT-MWKR,1.4,5.9289,,1.0000,3223.8000,19.1137
int__tai50_15_03,50_15,GP-nowidth,1.0,3.0669,13.0872,1.0000,3033.5000,9.3035
int__tai50_15_03,50_15,GP-nowidth,1.2,3.4918,,1.0000,3039.3000,10.6126
int__tai50_15_03,50_15,GP-nowidth,1.4,4.4492,,1.0000,3047.3000,13.5582
int__tai50_15_03,50_15,GP-rob1,1.0,2.9770,9.5086,1.0000,3134.0000,9.3299
int__tai50_15_03,50_15,GP-rob1,1.2,3.2767,,1.0000,3137.3000,10.2800
int__tai50_15_03,50_15,GP-rob1,1.4,3.8138,,1.0000,3141.8000,11.9822
int__tai50_15_03,50_15,GP-rob1-nw,1.0,4.7906,11.1689,1.0000,2981.5000,14.2831
int__tai50_15_03,50_15,GP-rob1-nw,1.2,7.2197,,1.0000,2992.7000,21.6065
int__tai50_15_03,50_15,GP-rob1-nw,1.4,9.3118,,1.0000,3003.9000,27.9717
int__tai50_15_03,50_15,GP-rob4,1.0,2.4389,8.2056,1.0000,3229.5000,7.8765
int__tai50_15_03,50_15,GP-rob4,1.2,2.7921,,1.0000,3233.5000,9.0284
int__tai50_15_03,50_15,GP-rob4,1.4,3.3430,,1.0000,3238.6000,10.8268
int__tai50_15_04,50_15,GP,1.0,4.3331,13.3464,1.0000,3072.0000,13.3112
int__tai50_15_04,50_15,GP,1.2,6.3339,,1.0000,3080.5000,19.5116
int__tai50_15_04,50_15,GP,1.4,7.6989,,1.0000,3089.4000,23.7851
int__tai50_15_04,50_15,EST,1.0,3.8990,15.3263,1.0000,3432.0000,13.3813
int__tai50_15_04,50_15,EST,1.2,4.3566,,1.0000,3437.3000,14.9750
int__tai50_15_04,50_15,EST,1.4,4.8713,,1.0000,3443.1000,16.7725
int__tai50_15_04,50_15,GT-MWKR,1.0,4.2555,16.4392,1.0000,3297.0000,14.0302
int__tai50_15_04,50_15,GT-MWKR,1.2,5.3212,,1.0000,3297.0000,17.5439
int__tai50_15_04,50_15,GT-MWKR,1.4,5.7650,,1.0000,3297.7000,19.0112
int__tai50_15_04,50_15,GP-nowidth,1.0,3.9055,14.3319,1.0000,2937.5000,11.4724
int__tai50_15_04,50_15,GP-nowidth,1.2,5.0849,,1.0000,2943.2000,14.9660
int__tai50_15_04,50_15,GP-nowidth,1.4,5.6565,,1.0000,2949.0000,16.6811
int__tai50_15_04,50_15,GP-rob1,1.0,3.3029,11.1939,1.0000,3153.5000,10.4156
int__tai50_15_04,50_15,GP-rob1,1.2,4.5899,,1.0000,3160.0000,14.5040
int__tai50_15_04,50_15,GP-rob1,1.4,5.7309,,1.0000,3169.9000,18.1665
int__tai50_15_04,50_15,GP-rob1-nw,1.0,3.5124,13.7989,1.0000,2949.5000,10.3598
int__tai50_15_04,50_15,GP-rob1-nw,1.2,4.2447,,1.0000,2955.6000,12.5456
int__tai50_15_04,50_15,GP-rob1-nw,1.4,4.9631,,1.0000,2963.1000,14.7061
int__tai50_15_04,50_15,GP-rob4,1.0,2.8249,8.8020,1.0000,3272.0000,9.2431
int__tai50_15_04,50_15,GP-rob4,1.2,3.8580,,1.0000,3278.3000,12.6477
int__tai50_15_04,50_15,GP-rob4,1.4,5.6785,,1.0000,3288.3000,18.6725
int__tai50_15_05,50_15,GP,1.0,2.7179,11.0842,1.0000,3094.5000,8.4104
int__tai50_15_05,50_15,GP,1.2,3.5451,,1.0000,3101.7000,10.9957
int__tai50_15_05,50_15,GP,1.4,4.4621,,1.0000,3109.4000,13.8745
int__tai50_15_05,50_15,EST,1.0,3.0731,13.6847,1.0000,3529.5000,10.8466
int__tai50_15_05,50_15,EST,1.2,3.6378,,1.0000,3532.9000,12.8519
int__tai50_15_05,50_15,EST,1.4,4.1117,,1.0000,3539.8000,14.5546
int__tai50_15_05,50_15,GT-MWKR,1.0,4.0712,14.0422,1.0000,3461.0000,14.0904
int__tai50_15_05,50_15,GT-MWKR,1.2,5.0128,,1.0000,3465.6000,17.3724
int__tai50_15_05,50_15,GT-MWKR,1.4,5.7337,,1.0000,3470.2000,19.8973
int__tai50_15_05,50_15,GP-nowidth,1.0,3.6904,12.1457,1.0000,3087.5000,11.3941
int__tai50_15_05,50_15,GP-nowidth,1.2,4.1836,,1.0000,3090.2000,12.9283
int__tai50_15_05,50_15,GP-nowidth,1.4,4.2458,,1.0000,3097.1000,13.1497
int__tai50_15_05,50_15,GP-rob1,1.0,2.8308,9.2045,1.0000,3281.0000,9.2880
int__tai50_15_05,50_15,GP-rob1,1.2,3.4364,,1.0000,3283.8000,11.2846
int__tai50_15_05,50_15,GP-rob1,1.4,4.3238,,1.0000,3291.5000,14.2317
int__tai50_15_05,50_15,GP-rob1-nw,1.0,4.8466,11.3607,1.0000,3116.0000,15.1019
int__tai50_15_05,50_15,GP-rob1-nw,1.2,6.4242,,1.0000,3124.5000,20.0723
int__tai50_15_05,50_15,GP-rob1-nw,1.4,7.4877,,1.0000,3133.0000,23.4589
int__tai50_15_05,50_15,GP-rob4,1.0,2.1983,7.7358,1.0000,3361.0000,7.3886
int__tai50_15_05,50_15,GP-rob4,1.2,2.6271,,1.0000,3361.6000,8.8313
int__tai50_15_05,50_15,GP-rob4,1.4,3.2097,,1.0000,3366.8000,10.8065
int__tai50_15_06,50_15,GP,1.0,3.1908,11.9287,1.0000,3085.0000,9.8436
int__tai50_15_06,50_15,GP,1.2,3.6346,,1.0000,3091.6000,11.2369
int__tai50_15_06,50_15,GP,1.4,4.6442,,1.0000,3098.7000,14.3909
int__tai50_15_06,50_15,EST,1.0,3.0982,12.4867,1.0000,3748.0000,11.6121
int__tai50_15_06,50_15,EST,1.2,3.7528,,1.0000,3750.9000,14.0763
int__tai50_15_06,50_15,EST,1.4,3.8800,,1.0000,3756.1000,14.5735
int__tai50_15_06,50_15,GT-MWKR,1.0,3.5216,15.2138,1.0000,3332.5000,11.7359
int__tai50_15_06,50_15,GT-MWKR,1.2,4.1939,,1.0000,3335.0000,13.9866
int__tai50_15_06,50_15,GT-MWKR,1.4,5.1250,,1.0000,3340.8000,17.1217
int__tai50_15_06,50_15,GP-nowidth,1.0,3.6559,12.3571,1.0000,3018.5000,11.0355
int__tai50_15_06,50_15,GP-nowidth,1.2,4.0926,,1.0000,3022.6000,12.3703
int__tai50_15_06,50_15,GP-nowidth,1.4,4.7165,,1.0000,3026.8000,14.2759
int__tai50_15_06,50_15,GP-rob1,1.0,2.4764,7.6043,1.0000,3235.0000,8.0113
int__tai50_15_06,50_15,GP-rob1,1.2,3.4627,,1.0000,3241.7000,11.2252
int__tai50_15_06,50_15,GP-rob1,1.4,5.7208,,1.0000,3251.1000,18.5990
int__tai50_15_06,50_15,GP-rob1-nw,1.0,3.4943,11.1760,1.0000,2997.5000,10.4741
int__tai50_15_06,50_15,GP-rob1-nw,1.2,4.3165,,1.0000,3003.6000,12.9649
int__tai50_15_06,50_15,GP-rob1-nw,1.4,4.9447,,1.0000,3009.7000,14.8821
int__tai50_15_06,50_15,GP-rob4,1.0,2.1539,7.4769,1.0000,3303.5000,7.1155
int__tai50_15_06,50_15,GP-rob4,1.2,2.5518,,1.0000,3306.6000,8.4377
int__tai50_15_06,50_15,GP-rob4,1.4,3.4452,,1.0000,3312.2000,11.4114
int__tai50_15_07,50_15,GP,1.0,2.9406,13.7300,1.0000,3226.5000,9.4877
int__tai50_15_07,50_15,GP,1.2,3.4418,,1.0000,3230.2000,11.1178
int__tai50_15_07,50_15,GP,1.4,4.1518,,1.0000,3233.9000,13.4266
int__tai50_15_07,50_15,EST,1.0,3.3782,14.0082,1.0000,3912.0000,13.2154
int__tai50_15_07,50_15,EST,1.2,4.1056,,1.0000,3920.3000,16.0951
int__tai50_15_07,50_15,EST,1.4,5.0482,,1.0000,3929.9000,19.8389
int__tai50_15_07,50_15,GT-MWKR,1.0,4.0135,14.9837,1.0000,3530.5000,14.1696
int__tai50_15_07,50_15,GT-MWKR,1.2,4.9898,,1.0000,3530.9000,17.6185
int__tai50_15_07,50_15,GT-MWKR,1.4,5.6855,,1.0000,3532.0000,20.0812
int__tai50_15_07,50_15,GP-nowidth,1.0,3.8706,13.2678,1.0000,3256.0000,12.6028
int__tai50_15_07,50_15,GP-nowidth,1.2,4.4754,,1.0000,3261.3000,14.5957
int__tai50_15_07,50_15,GP-nowidth,1.4,5.1161,,1.0000,3266.6000,16.7124
int__tai50_15_07,50_15,GP-rob1,1.0,2.7612,10.4738,1.0000,3408.5000,9.4117
int__tai50_15_07,50_15,GP-rob1,1.2,3.6411,,1.0000,3416.1000,12.4383
int__tai50_15_07,50_15,GP-rob1,1.4,4.7049,,1.0000,3424.7000,16.1130
int__tai50_15_07,50_15,GP-rob1-nw,1.0,3.4739,12.7116,1.0000,3131.0000,10.8768
int__tai50_15_07,50_15,GP-rob1-nw,1.2,3.7627,,1.0000,3137.2000,11.8043
int__tai50_15_07,50_15,GP-rob1-nw,1.4,4.4254,,1.0000,3143.4000,13.9109
int__tai50_15_07,50_15,GP-rob4,1.0,2.7009,10.4797,1.0000,3387.5000,9.1494
int__tai50_15_07,50_15,GP-rob4,1.2,3.2190,,1.0000,3394.3000,10.9264
int__tai50_15_07,50_15,GP-rob4,1.4,3.8101,,1.0000,3402.0000,12.9619
int__tai50_15_08,50_15,GP,1.0,3.4879,14.1026,1.0000,3276.0000,11.4263
int__tai50_15_08,50_15,GP,1.2,3.9001,,1.0000,3280.7000,12.7952
int__tai50_15_08,50_15,GP,1.4,4.3912,,1.0000,3288.9000,14.4421
int__tai50_15_08,50_15,EST,1.0,3.0921,12.5631,1.0000,3964.0000,12.2571
int__tai50_15_08,50_15,EST,1.2,3.6655,,1.0000,3970.7000,14.5546
int__tai50_15_08,50_15,EST,1.4,4.4478,,1.0000,3978.4000,17.6950
int__tai50_15_08,50_15,GT-MWKR,1.0,3.9399,14.7386,1.0000,3643.5000,14.3549
int__tai50_15_08,50_15,GT-MWKR,1.2,4.8005,,1.0000,3643.8000,17.4919
int__tai50_15_08,50_15,GT-MWKR,1.4,5.4315,,1.0000,3644.1000,19.7928
int__tai50_15_08,50_15,GP-nowidth,1.0,3.1086,13.6681,1.0000,3226.5000,10.0299
int__tai50_15_08,50_15,GP-nowidth,1.2,3.7896,,1.0000,3232.3000,12.2492
int__tai50_15_08,50_15,GP-nowidth,1.4,4.2461,,1.0000,3238.6000,13.7514
int__tai50_15_08,50_15,GP-rob1,1.0,4.5576,10.3331,1.0000,3377.5000,15.3934
int__tai50_15_08,50_15,GP-rob1,1.2,5.4256,,1.0000,3383.1000,18.3555
int__tai50_15_08,50_15,GP-rob1,1.4,6.9098,,1.0000,3391.1000,23.4317
int__tai50_15_08,50_15,GP-rob1-nw,1.0,2.9540,12.8621,1.0000,3141.0000,9.2786
int__tai50_15_08,50_15,GP-rob1-nw,1.2,3.4881,,1.0000,3146.4000,10.9751
int__tai50_15_08,50_15,GP-rob1-nw,1.4,4.0444,,1.0000,3152.8000,12.7511
int__tai50_15_08,50_15,GP-rob4,1.0,1.9447,7.2135,1.0000,3438.0000,6.6859
int__tai50_15_08,50_15,GP-rob4,1.2,2.3624,,1.0000,3440.0000,8.1266
int__tai50_15_08,50_15,GP-rob4,1.4,2.8921,,1.0000,3445.4000,9.9645
int__tai50_15_09,50_15,GP,1.0,3.8734,12.5504,1.0000,3099.5000,12.0056
int__tai50_15_09,50_15,GP,1.2,4.8187,,1.0000,3104.0000,14.9574
int__tai50_15_09,50_15,GP,1.4,5.9882,,1.0000,3108.5000,18.6144
int__tai50_15_09,50_15,EST,1.0,2.8600,14.7619,1.0000,3360.0000,9.6096
int__tai50_15_09,50_15,EST,1.2,3.5352,,1.0000,3363.3000,11.8901
int__tai50_15_09,50_15,EST,1.4,3.9391,,1.0000,3367.0000,13.2629
int__tai50_15_09,50_15,GT-MWKR,1.0,3.6036,12.9260,1.0000,3404.0000,12.2666
int__tai50_15_09,50_15,GT-MWKR,1.2,4.1400,,1.0000,3406.3000,14.1021
int__tai50_15_09,50_15,GT-MWKR,1.4,4.6026,,1.0000,3409.1000,15.6907
int__tai50_15_09,50_15,GP-nowidth,1.0,3.1405,11.4003,1.0000,3131.5000,9.8345
int__tai50_15_09,50_15,GP-nowidth,1.2,4.2277,,1.0000,3137.4000,13.2641
int__tai50_15_09,50_15,GP-nowidth,1.4,5.4902,,1.0000,3144.8000,17.2657
int__tai50_15_09,50_15,GP-rob1,1.0,2.4503,8.3386,1.0000,3166.0000,7.7575
int__tai50_15_09,50_15,GP-rob1,1.2,3.6781,,1.0000,3175.4000,11.6793
int__tai50_15_09,50_15,GP-rob1,1.4,5.9355,,1.0000,3186.3000,18.9122
int__tai50_15_09,50_15,GP-rob1-nw,1.0,3.4950,10.9615,1.0000,3120.0000,10.9044
int__tai50_15_09,50_15,GP-rob1-nw,1.2,5.2065,,1.0000,3129.2000,16.2921
int__tai50_15_09,50_15,GP-rob1-nw,1.4,7.2939,,1.0000,3139.4000,22.8986
int__tai50_15_09,50_15,GP-rob4,1.0,2.3221,7.6437,1.0000,3166.0000,7.3518
int__tai50_15_09,50_15,GP-rob4,1.2,3.2738,,1.0000,3173.0000,10.3877
int__tai50_15_09,50_15,GP-rob4,1.4,4.4181,,1.0000,3180.5000,14.0516
int__tai50_15_10,50_15,GP,1.0,3.1725,11.5067,1.0000,3146.0000,9.9808
int__tai50_15_10,50_15,GP,1.2,3.9434,,1.0000,3152.4000,12.4312
int__tai50_15_10,50_15,GP,1.4,4.8579,,1.0000,3158.8000,15.3450
int__tai50_15_10,50_15,EST,1.0,4.0755,15.3168,1.0000,3858.5000,15.7252
int__tai50_15_10,50_15,EST,1.2,4.5842,,1.0000,3862.4000,17.7059
int__tai50_15_10,50_15,EST,1.4,5.0870,,1.0000,3867.8000,19.6753
int__tai50_15_10,50_15,GT-MWKR,1.0,3.3232,12.9408,1.0000,3261.0000,10.8369
int__tai50_15_10,50_15,GT-MWKR,1.2,3.9078,,1.0000,3264.7000,12.7579
int__tai50_15_10,50_15,GT-MWKR,1.4,4.7533,,1.0000,3271.4000,15.5499
int__tai50_15_10,50_15,GP-nowidth,1.0,3.8078,11.8497,1.0000,3046.5000,11.6004
int__tai50_15_10,50_15,GP-nowidth,1.2,4.7189,,1.0000,3052.1000,14.4024
int__tai50_15_10,50_15,GP-nowidth,1.4,5.4909,,1.0000,3058.3000,16.7927
int__tai50_15_10,50_15,GP-rob1,1.0,3.2404,9.4675,1.0000,3380.0000,10.9527
int__tai50_15_10,50_15,GP-rob1,1.2,4.1062,,1.0000,3383.7000,13.8941
int__tai50_15_10,50_15,GP-rob1,1.4,4.8299,,1.0000,3387.4000,16.3608
int__tai50_15_10,50_15,GP-rob1-nw,1.0,3.1132,12.3649,1.0000,2960.0000,9.2150
int__tai50_15_10,50_15,GP-rob1-nw,1.2,3.7642,,1.0000,2966.1000,11.1651
int__tai50_15_10,50_15,GP-rob1-nw,1.4,3.8128,,1.0000,2973.1000,11.3358
int__tai50_15_10,50_15,GP-rob4,1.0,2.4440,7.5764,1.0000,3418.5000,8.3547
int__tai50_15_10,50_15,GP-rob4,1.2,3.2614,,1.0000,3423.9000,11.1668
int__tai50_15_10,50_15,GP-rob4,1.4,4.5288,,1.0000,3431.3000,15.5397
int__tai50_20_01,50_20,GP,1.0,2.9326,11.3629,1.0000,3309.0000,9.7040
int__tai50_20_01,50_20,GP,1.2,3.4213,,1.0000,3316.9000,11.3481
int__tai50_20_01,50_20,GP,1.4,4.5736,,1.0000,3327.3000,15.2179
int__tai50_20_01,50_20,EST,1.0,2.6060,10.5742,1.0000,4180.0000,10.8932
int__tai50_20_01,50_20,EST,1.2,3.1851,,1.0000,4187.4000,13.3372
int__tai50_20_01,50_20,EST,1.4,3.9791,,1.0000,4199.0000,16.7083
int__tai50_20_01,50_20,GT-MWKR,1.0,3.3967,13.9043,1.0000,3596.0000,12.2144
int__tai50_20_01,50_20,GT-MWKR,1.2,3.8601,,1.0000,3599.7000,13.8952
int__tai50_20_01,50_20,GT-MWKR,1.4,4.6150,,1.0000,3603.4000,16.6298
int__tai50_20_01,50_20,GP-nowidth,1.0,3.2221,11.8919,1.0000,3330.0000,10.7297
int__tai50_20_01,50_20,GP-nowidth,1.2,4.0803,,1.0000,3338.2000,13.6209
int__tai50_20_01,50_20,GP-nowidth,1.4,5.4655,,1.0000,3348.8000,18.3029
int__tai50_20_01,50_20,GP-rob1,1.0,2.7254,9.4698,1.0000,3527.0000,9.6125
int__tai50_20_01,50_20,GP-rob1,1.2,3.2916,,1.0000,3532.2000,11.6264
int__tai50_20_01,50_20,GP-rob1,1.4,4.1036,,1.0000,3538.9000,14.5224
int__tai50_20_01,50_20,GP-rob1-nw,1.0,3.0572,12.3032,1.0000,3430.0000,10.4863
int__tai50_20_01,50_20,GP-rob1-nw,1.2,3.4344,,1.0000,3433.8000,11.7930
int__tai50_20_01,50_20,GP-rob1-nw,1.4,3.8622,,1.0000,3440.7000,13.2886
int__tai50_20_01,50_20,GP-rob4,1.0,2.4919,8.7077,1.0000,3617.5000,9.0145
int__tai50_20_01,50_20,GP-rob4,1.2,2.7728,,1.0000,3620.8000,10.0397
int__tai50_20_01,50_20,GP-rob4,1.4,3.1199,,1.0000,3624.6000,11.3084
int__tai50_20_02,50_20,GP,1.0,3.1574,12.7900,1.0000,3362.0000,10.6153
int__tai50_20_02,50_20,GP,1.2,3.5464,,1.0000,3368.6000,11.9465
int__tai50_20_02,50_20,GP,1.4,4.0226,,1.0000,3375.7000,13.5791
int__tai50_20_02,50_20,EST,1.0,3.0051,13.8208,1.0000,4102.5000,12.3286
int__tai50_20_02,50_20,EST,1.2,3.5296,,1.0000,4110.4000,14.5079
int__tai50_20_02,50_20,EST,1.4,4.3151,,1.0000,4119.8000,17.7774
int__tai50_20_02,50_20,GT-MWKR,1.0,3.6301,13.5811,1.0000,3659.5000,13.2842
int__tai50_20_02,50_20,GT-MWKR,1.2,4.2353,,1.0000,3660.3000,15.5026
int__tai50_20_02,50_20,GT-MWKR,1.4,4.7542,,1.0000,3662.9000,17.4141
int__tai50_20_02,50_20,GP-nowidth,1.0,3.3264,11.7785,1.0000,3404.5000,11.3247
int__tai50_20_02,50_20,GP-nowidth,1.2,3.8214,,1.0000,3405.6000,13.0141
int__tai50_20_02,50_20,GP-nowidth,1.4,4.1671,,1.0000,3410.9000,14.2137
int__tai50_20_02,50_20,GP-rob1,1.0,2.1496,8.2548,1.0000,3767.5000,8.0987
int__tai50_20_02,50_20,GP-rob1,1.2,2.6038,,1.0000,3773.7000,9.8260
int__tai50_20_02,50_20,GP-rob1,1.4,3.0195,,1.0000,3779.9000,11.4133
int__tai50_20_02,50_20,GP-rob1-nw,1.0,3.1981,12.7037,1.0000,3282.5000,10.4978
int__tai50_20_02,50_20,GP-rob1-nw,1.2,3.5911,,1.0000,3289.3000,11.8120
int__tai50_20_02,50_20,GP-rob1-nw,1.4,3.8567,,1.0000,3297.4000,12.7171
int__tai50_20_02,50_20,GP-rob4,1.0,2.4015,8.0537,1.0000,3725.0000,8.9457
int__tai50_20_02,50_20,GP-rob4,1.2,2.7928,,1.0000,3728.7000,10.4136
int__tai50_20_02,50_20,GP-rob4,1.4,2.8722,,1.0000,3733.8000,10.7241
int__tai50_20_03,50_20,GP,1.0,3.2310,11.4295,1.0000,3123.5000,10.0920
int__tai50_20_03,50_20,GP,1.2,4.3609,,1.0000,3132.3000,13.6595
int__tai50_20_03,50_20,GP,1.4,5.4520,,1.0000,3141.1000,17.1253
int__tai50_20_03,50_20,EST,1.0,2.7786,14.0411,1.0000,3824.5000,10.6268
int__tai50_20_03,50_20,EST,1.2,2.9443,,1.0000,3830.0000,11.2769
int__tai50_20_03,50_20,EST,1.4,3.6781,,1.0000,3836.2000,14.1098
int__tai50_20_03,50_20,GT-MWKR,1.0,3.1011,13.5484,1.0000,3410.0000,10.5748
int__tai50_20_03,50_20,GT-MWKR,1.2,3.8817,,1.0000,3415.9000,13.2596
int__tai50_20_03,50_20,GT-MWKR,1.4,4.8722,,1.0000,3423.7000,16.6810
int__tai50_20_03,50_20,GP-nowidth,1.0,3.6140,13.7004,1.0000,3051.0000,11.0263
int__tai50_20_03,50_20,GP-nowidth,1.2,4.2652,,1.0000,3056.0000,13.0344
int__tai50_20_03,50_20,GP-nowidth,1.4,4.8562,,1.0000,3062.5000,14.8721
int__tai50_20_03,50_20,GP-rob1,1.0,2.3785,8.8443,1.0000,3392.0000,8.0680
int__tai50_20_03,50_20,GP-rob1,1.2,2.8955,,1.0000,3395.5000,9.8317
int__tai50_20_03,50_20,GP-rob1,1.4,3.3246,,1.0000,3400.3000,11.3047
int__tai50_20_03,50_20,GP-rob1-nw,1.0,3.8650,13.1051,1.0000,3212.5000,12.4162
int__tai50_20_03,50_20,GP-rob1-nw,1.2,4.5456,,1.0000,3214.9000,14.6136
int__tai50_20_03,50_20,GP-rob1-nw,1.4,5.0579,,1.0000,3217.3000,16.2727
int__tai50_20_03,50_20,GP-rob4,1.0,2.1934,8.9280,1.0000,3405.0000,7.4685
int__tai50_20_03,50_20,GP-rob4,1.2,2.7625,,1.0000,3411.3000,9.4237
int__tai50_20_03,50_20,GP-rob4,1.4,3.4918,,1.0000,3418.1000,11.9354
int__tai50_20_04,50_20,GP,1.0,3.4258,11.5163,1.0000,3030.5000,10.3820
int__tai50_20_04,50_20,GP,1.2,3.9018,,1.0000,3036.7000,11.8485
int__tai50_20_04,50_20,GP,1.4,4.6019,,1.0000,3043.4000,14.0055
int__tai50_20_04,50_20,EST,1.0,3.3300,13.8725,1.0000,3734.0000,12.4344
int__tai50_20_04,50_20,EST,1.2,3.4600,,1.0000,3740.7000,12.9430
int__tai50_20_04,50_20,EST,1.4,3.8544,,1.0000,3748.8000,14.4496
int__tai50_20_04,50_20,GT-MWKR,1.0,4.7567,13.8020,1.0000,3470.5000,16.5082
int__tai50_20_04,50_20,GT-MWKR,1.2,6.1468,,1.0000,3478.5000,21.3817
int__tai50_20_04,50_20,GT-MWKR,1.4,7.3918,,1.0000,3487.8000,25.7812
int__tai50_20_04,50_20,GP-nowidth,1.0,5.0344,13.0853,1.0000,3064.5000,15.4279
int__tai50_20_04,50_20,GP-nowidth,1.2,6.2729,,1.0000,3071.3000,19.2659
int__tai50_20_04,50_20,GP-nowidth,1.4,7.0034,,1.0000,3078.1000,21.5572
int__tai50_20_04,50_20,GP-rob1,1.0,2.4807,8.8127,1.0000,3268.0000,8.1069
int__tai50_20_04,50_20,GP-rob1,1.2,2.7356,,1.0000,3273.2000,8.9543
int__tai50_20_04,50_20,GP-rob1,1.4,3.3711,,1.0000,3280.0000,11.0572
int__tai50_20_04,50_20,GP-rob1-nw,1.0,3.9039,14.4169,1.0000,3211.5000,12.5373
int__tai50_20_04,50_20,GP-rob1-nw,1.2,4.4575,,1.0000,3216.1000,14.3357
int__tai50_20_04,50_20,GP-rob1-nw,1.4,5.2340,,1.0000,3221.2000,16.8596
int__tai50_20_04,50_20,GP-rob4,1.0,2.5311,8.4606,1.0000,3404.0000,8.6159
int__tai50_20_04,50_20,GP-rob4,1.2,3.1093,,1.0000,3410.1000,10.6031
int__tai50_20_04,50_20,GP-rob4,1.4,3.9338,,1.0000,3417.8000,13.4450
int__tai50_20_05,50_20,GP,1.0,2.7987,11.7862,1.0000,3283.5000,9.1895
int__tai50_20_05,50_20,GP,1.2,3.0742,,1.0000,3289.1000,10.1112
int__tai50_20_05,50_20,GP,1.4,3.3154,,1.0000,3296.3000,10.9285
int__tai50_20_05,50_20,EST,1.0,3.5257,11.6046,1.0000,3895.0000,13.7326
int__tai50_20_05,50_20,EST,1.2,4.5382,,1.0000,3903.2000,17.7136
int__tai50_20_05,50_20,EST,1.4,5.6539,,1.0000,3911.5000,22.1151
int__tai50_20_05,50_20,GT-MWKR,1.0,3.4711,13.2129,1.0000,3542.0000,12.2948
int__tai50_20_05,50_20,GT-MWKR,1.2,4.0504,,1.0000,3542.0000,14.3465
int__tai50_20_05,50_20,GT-MWKR,1.4,4.5711,,1.0000,3544.4000,16.2020
int__tai50_20_05,50_20,GP-nowidth,1.0,2.9324,11.7755,1.0000,3261.0000,9.5624
int__tai50_20_05,50_20,GP-nowidth,1.2,3.3049,,1.0000,3266.8000,10.7965
int__tai50_20_05,50_20,GP-nowidth,1.4,3.7542,,1.0000,3272.6000,12.2859
int__tai50_20_05,50_20,GP-rob1,1.0,2.3895,8.8725,1.0000,3392.5000,8.1064
int__tai50_20_05,50_20,GP-rob1,1.2,2.8983,,1.0000,3397.0000,9.8457
int__tai50_20_05,50_20,GP-rob1,1.4,3.4649,,1.0000,3403.6000,11.7930
int__tai50_20_05,50_20,GP-rob1-nw,1.0,2.7838,11.0820,1.0000,3239.5000,9.0181
int__tai50_20_05,50_20,GP-rob1-nw,1.2,3.3787,,1.0000,3246.7000,10.9697
int__tai50_20_05,50_20,GP-rob1-nw,1.4,3.8657,,1.0000,3254.4000,12.5806
int__tai50_20_05,50_20,GP-rob4,1.0,2.0540,8.2071,1.0000,3399.5000,6.9826
int__tai50_20_05,50_20,GP-rob4,1.2,2.4191,,1.0000,3404.7000,8.2363
int__tai50_20_05,50_20,GP-rob4,1.4,2.9355,,1.0000,3411.4000,10.0143
int__tai50_20_06,50_20,GP,1.0,3.4633,12.3410,1.0000,3184.5000,11.0287
int__tai50_20_06,50_20,GP,1.2,3.9712,,1.0000,3190.6000,12.6705
int__tai50_20_06,50_20,GP,1.4,4.8795,,1.0000,3197.8000,15.6036
int__tai50_20_06,50_20,EST,1.0,2.3898,10.8108,1.0000,4033.0000,9.6380
int__tai50_20_06,50_20,EST,1.2,2.7625,,1.0000,4039.4000,11.1588
int__tai50_20_06,50_20,EST,1.4,3.5143,,1.0000,4047.3000,14.2233
int__tai50_20_06,50_20,GT-MWKR,1.0,3.9721,14.7172,1.0000,3642.0000,14.4664
int__tai50_20_06,50_20,GT-MWKR,1.2,4.3722,,1.0000,3642.5000,15.9259
int__tai50_20_06,50_20,GT-MWKR,1.4,5.0850,,1.0000,3646.5000,18.5423
int__tai50_20_06,50_20,GP-nowidth,1.0,3.0851,12.5870,1.0000,3162.0000,9.7551
int__tai50_20_06,50_20,GP-nowidth,1.2,4.0307,,1.0000,3168.7000,12.7722
int__tai50_20_06,50_20,GP-nowidth,1.4,4.6255,,1.0000,3175.9000,14.6901
int__tai50_20_06,50_20,GP-rob1,1.0,2.4404,9.4307,1.0000,3478.0000,8.4877
int__tai50_20_06,50_20,GP-rob1,1.2,2.7642,,1.0000,3484.1000,9.6306
int__tai50_20_06,50_20,GP-rob1,1.4,3.4966,,1.0000,3491.6000,12.2089
int__tai50_20_06,50_20,GP-rob1-nw,1.0,3.2289,12.7049,1.0000,3203.5000,10.3436
int__tai50_20_06,50_20,GP-rob1-nw,1.2,3.9050,,1.0000,3207.2000,12.5240
int__tai50_20_06,50_20,GP-rob1-nw,1.4,4.1627,,1.0000,3213.5000,13.3767
int__tai50_20_06,50_20,GP-rob4,1.0,2.1795,7.1532,1.0000,3439.0000,7.4952
int__tai50_20_06,50_20,GP-rob4,1.2,2.6915,,1.0000,3442.3000,9.2650
int__tai50_20_06,50_20,GP-rob4,1.4,3.2846,,1.0000,3445.6000,11.3173
int__tai50_20_07,50_20,GP,1.0,3.2304,13.2145,1.0000,3254.0000,10.5117
int__tai50_20_07,50_20,GP,1.2,3.6321,,1.0000,3259.7000,11.8395
int__tai50_20_07,50_20,GP,1.4,3.9519,,1.0000,3269.8000,12.9219
int__tai50_20_07,50_20,EST,1.0,3.2723,13.7634,1.0000,3720.0000,12.1729
int__tai50_20_07,50_20,EST,1.2,3.6451,,1.0000,3723.8000,13.5738
int__tai50_20_07,50_20,EST,1.4,3.9673,,1.0000,3729.9000,14.7977
int__tai50_20_07,50_20,GT-MWKR,1.0,4.1865,15.6048,1.0000,3563.0000,14.9167
int__tai50_20_07,50_20,GT-MWKR,1.2,4.5938,,1.0000,3566.3000,16.3828
int__tai50_20_07,50_20,GT-MWKR,1.4,5.3412,,1.0000,3570.0000,19.0681
int__tai50_20_07,50_20,GP-nowidth,1.0,3.6813,13.7139,1.0000,3223.0000,11.8649
int__tai50_20_07,50_20,GP-nowidth,1.2,4.3878,,1.0000,3224.9000,14.1502
int__tai50_20_07,50_20,GP-nowidth,1.4,4.9611,,1.0000,3227.5000,16.0118
int__tai50_20_07,50_20,GP-rob1,1.0,2.7748,7.0568,1.0000,3528.5000,9.7908
int__tai50_20_07,50_20,GP-rob1,1.2,5.0532,,1.0000,3539.2000,17.8844
int__tai50_20_07,50_20,GP-rob1,1.4,7.5033,,1.0000,3551.4000,26.6472
int__tai50_20_07,50_20,GP-rob1-nw,1.0,3.3134,12.8500,1.0000,3089.5000,10.2368
int__tai50_20_07,50_20,GP-rob1-nw,1.2,3.3841,,1.0000,3096.4000,10.4787
int__tai50_20_07,50_20,GP-rob1-nw,1.4,3.7541,,1.0000,3105.5000,11.6583
int__tai50_20_07,50_20,GP-rob4,1.0,2.2742,7.7338,1.0000,3426.5000,7.7927
int__tai50_20_07,50_20,GP-rob4,1.2,3.2527,,1.0000,3434.5000,11.1714
int__tai50_20_07,50_20,GP-rob4,1.4,4.8239,,1.0000,3443.4000,16.6106
int__tai50_20_08,50_20,GP,1.0,3.1887,12.2727,1.0000,3080.0000,9.8210
int__tai50_20_08,50_20,GP,1.2,3.5340,,1.0000,3087.0000,10.9094
int__tai50_20_08,50_20,GP,1.4,4.4655,,1.0000,3095.2000,13.8216
int__tai50_20_08,50_20,EST,1.0,2.9795,12.3983,1.0000,4178.0000,12.4483
int__tai50_20_08,50_20,EST,1.2,3.4666,,1.0000,4180.5000,14.4921
int__tai50_20_08,50_20,EST,1.4,3.7994,,1.0000,4184.5000,15.8987
int__tai50_20_08,50_20,GT-MWKR,1.0,3.4948,13.9282,1.0000,3317.0000,11.5921
int__tai50_20_08,50_20,GT-MWKR,1.2,4.2984,,1.0000,3319.0000,14.2663
int__tai50_20_08,50_20,GT-MWKR,1.4,4.6347,,1.0000,3323.0000,15.4011
int__tai50_20_08,50_20,GP-nowidth,1.0,2.5795,11.4765,1.0000,3102.0000,8.0016
int__tai50_20_08,50_20,GP-nowidth,1.2,3.0118,,1.0000,3109.1000,9.3639
int__tai50_20_08,50_20,GP-nowidth,1.4,3.7221,,1.0000,3117.7000,11.6044
int__tai50_20_08,50_20,GP-rob1,1.0,3.1044,8.4464,1.0000,3279.5000,10.1810
int__tai50_20_08,50_20,GP-rob1,1.2,4.1562,,1.0000,3285.9000,13.6567
int__tai50_20_08,50_20,GP-rob1,1.4,5.8892,,1.0000,3295.4000,19.4072
int__tai50_20_08,50_20,GP-rob1-nw,1.0,2.9618,12.4919,1.0000,3090.0000,9.1519
int__tai50_20_08,50_20,GP-rob1-nw,1.2,3.3548,,1.0000,3098.8000,10.3958
int__tai50_20_08,50_20,GP-rob1-nw,1.4,4.0654,,1.0000,3107.6000,12.6336
int__tai50_20_08,50_20,GP-rob4,1.0,3.0835,10.4770,1.0000,3417.0000,10.5364
int__tai50_20_08,50_20,GP-rob4,1.2,3.8024,,1.0000,3421.4000,13.0094
int__tai50_20_08,50_20,GP-rob4,1.4,4.6431,,1.0000,3427.3000,15.9134
int__tai50_20_09,50_20,GP,1.0,3.8374,13.8180,1.0000,3466.5000,13.3025
int__tai50_20_09,50_20,GP,1.2,4.2243,,1.0000,3471.1000,14.6629
int__tai50_20_09,50_20,GP,1.4,4.8647,,1.0000,3475.7000,16.9081
int__tai50_20_09,50_20,EST,1.0,3.7809,13.1408,1.0000,4155.0000,15.7095
int__tai50_20_09,50_20,EST,1.2,4.4653,,1.0000,4163.0000,18.5891
int__tai50_20_09,50_20,EST,1.4,5.0816,,1.0000,4172.0000,21.2004
int__tai50_20_09,50_20,GT-MWKR,1.0,4.2096,14.4751,1.0000,3772.0000,15.8784
int__tai50_20_09,50_20,GT-MWKR,1.2,5.0824,,1.0000,3776.2000,19.1923
int__tai50_20_09,50_20,GT-MWKR,1.4,5.8220,,1.0000,3780.9000,22.0122
int__tai50_20_09,50_20,GP-nowidth,1.0,2.7186,13.1074,1.0000,3364.5000,9.1467
int__tai50_20_09,50_20,GP-nowidth,1.2,3.2761,,1.0000,3371.5000,11.0452
int__tai50_20_09,50_20,GP-nowidth,1.4,3.6697,,1.0000,3379.0000,12.3998
int__tai50_20_09,50_20,GP-rob1,1.0,2.2788,9.0403,1.0000,3860.5000,8.7971
int__tai50_20_09,50_20,GP-rob1,1.2,2.7475,,1.0000,3864.6000,10.6180
int__tai50_20_09,50_20,GP-rob1,1.4,3.5720,,1.0000,3874.1000,13.8384
int__tai50_20_09,50_20,GP-rob1-nw,1.0,3.3347,12.6328,1.0000,3483.0000,11.6149
int__tai50_20_09,50_20,GP-rob1-nw,1.2,3.6920,,1.0000,3490.0000,12.8852
int__tai50_20_09,50_20,GP-rob1-nw,1.4,4.0689,,1.0000,3498.2000,14.2337
int__tai50_20_09,50_20,GP-rob4,1.0,2.4437,8.3354,1.0000,3959.0000,9.6744
int__tai50_20_09,50_20,GP-rob4,1.2,3.0824,,1.0000,3964.2000,12.2192
int__tai50_20_09,50_20,GP-rob4,1.4,4.1440,,1.0000,3972.6000,16.4626
int__tai50_20_10,50_20,GP,1.0,3.1030,12.0744,1.0000,3495.0000,10.8449
int__tai50_20_10,50_20,GP,1.2,3.6674,,1.0000,3499.5000,12.8339
int__tai50_20_10,50_20,GP,1.4,4.1024,,1.0000,3504.0000,14.3748
int__tai50_20_10,50_20,EST,1.0,3.0191,13.5795,1.0000,4278.5000,12.9174
int__tai50_20_10,50_20,EST,1.2,3.5726,,1.0000,4285.8000,15.3116
int__tai50_20_10,50_20,EST,1.4,4.2641,,1.0000,4295.6000,18.3170
int__tai50_20_10,50_20,GT-MWKR,1.0,3.5230,13.5823,1.0000,3696.0000,13.0210
int__tai50_20_10,50_20,GT-MWKR,1.2,4.3267,,1.0000,3699.5000,16.0065
int__tai50_20_10,50_20,GT-MWKR,1.4,4.5876,,1.0000,3703.0000,16.9878
int__tai50_20_10,50_20,GP-nowidth,1.0,3.1101,11.5984,1.0000,3466.0000,10.7797
int__tai50_20_10,50_20,GP-nowidth,1.2,3.7471,,1.0000,3469.2000,12.9993
int__tai50_20_10,50_20,GP-nowidth,1.4,3.9960,,1.0000,3472.7000,13.8768
int__tai50_20_10,50_20,GP-rob1,1.0,4.8810,7.7064,1.0000,3815.0000,18.6209
int__tai50_20_10,50_20,GP-rob1,1.2,6.8582,,1.0000,3824.5000,26.2290
int__tai50_20_10,50_20,GP-rob1,1.4,9.6927,,1.0000,3838.7000,37.2074
int__tai50_20_10,50_20,GP-rob1-nw,1.0,2.9616,11.3347,1.0000,3529.0000,10.4516
int__tai50_20_10,50_20,GP-rob1-nw,1.2,3.4030,,1.0000,3533.2000,12.0233
int__tai50_20_10,50_20,GP-rob1-nw,1.4,3.9586,,1.0000,3539.9000,14.0132
int__tai50_20_10,50_20,GP-rob4,1.0,2.2297,8.1292,1.0000,3838.0000,8.5577
int__tai50_20_10,50_20,GP-rob4,1.2,3.0188,,1.0000,3845.9000,11.6100
int__tai50_20_10,50_20,GP-rob4,1.4,3.7673,,1.0000,3853.8000,14.5184
