instance,lb,sample_idx,lo,up
int__tai15_15_05,1224,0,1324.0,1484.0
int__tai15_15_05,1224,1,1330.0,1480.0
int__tai15_15_05,1224,2,1359.0,1588.0
int__tai15_15_05,1224,3,1371.0,1542.0
int__tai15_15_05,1224,4,1508.0,1664.0
int__tai15_15_05,1224,5,1320.0,1501.0
int__tai15_15_05,1224,6,1388.0,1578.0
int__tai15_15_05,1224,7,1293.0,1450.0
int__tai15_15_05,1224,8,1319.0,1490.0
int__tai15_15_05,1224,9,1349.0,1525.0
int__tai15_15_05,1224,10,1427.0,1635.0
int__tai15_15_05,1224,11,1356.0,1557.0
int__tai15_15_05,1224,12,1329.0,1543.0
int__tai15_15_05,1224,13,1313.0,1518.0
int__tai15_15_05,1224,14,1312.0,1482.0
int__tai15_15_05,1224,15,1367.0,1531.0
int__tai15_15_05,1224,16,1365.0,1541.0
int__tai15_15_05,1224,17,1341.0,1510.0
int__tai15_15_05,1224,18,1302.0,1487.0
int__tai15_15_05,1224,19,1337.0,1518.0
int__tai15_15_05,1224,20,1383.0,1554.0
int__tai15_15_05,1224,21,1409.0,1575.0
int__tai15_15_05,1224,22,1394.0,1613.0
int__tai15_15_05,1224,23,1352.0,1507.0
int__tai15_15_05,1224,24,1384.0,1556.0
int__tai15_15_05,1224,25,1314.0,1494.0
int__tai15_15_05,1224,26,1313.0,1483.0
int__tai15_15_05,1224,27,1309.0,1458.0
int__tai15_15_05,1224,28,1330.0,1476.0
int__tai15_15_05,1224,29,1372.0,1551.0
int__tai15_15_05,1224,30,1410.0,1615.0
int__tai15_15_05,1224,31,1403.0,1580.0
int__tai15_15_05,1224,32,1284.0,1476.0
int__tai15_15_05,1224,33,1298.0,1475.0
int__tai15_15_05,1224,34,1373.0,1529.0
int__tai15_15_05,1224,35,1349.0,1537.0
int__tai15_15_05,1224,36,1344.0,1553.0
int__tai15_15_05,1224,37,1413.0,1589.0
int__tai15_15_05,1224,38,1318.0,1486.0
int__tai15_15_05,1224,39,1312.0,1473.0
int__tai15_15_05,1224,40,1441.0,1605.0
int__tai15_15_05,1224,41,1379.0,1570.0
int__tai15_15_05,1224,42,1287.0,1470.0
int__tai15_15_05,1224,43,1465.0,1674.0
int__tai15_15_05,1224,44,1466.0,1670.0
int__tai15_15_05,1224,45,1424.0,1644.0
int__tai15_15_05,1224,46,1360.0,1536.0
int__tai15_15_05,1224,47,1340.0,1533.0
int__tai15_15_05,1224,48,1434.0,1617.0
int__tai15_15_05,1224,49,1401.0,1602.0
int__tai15_15_05,1224,50,1320.0,1555.0
int__tai15_15_05,1224,51,1349.0,1512.0
int__tai15_15_05,1224,52,1410.0,1569.0
int__tai15_15_05,1224,53,1347.0,1521.0
int__tai15_15_05,1224,54,1268.0,1427.0
int__tai15_15_05,1224,55,1355.0,1530.0
int__tai15_15_05,1224,56,1401.0,1604.0
int__tai15_15_05,1224,57,1352.0,1546.0
int__tai15_15_05,1224,58,1381.0,1552.0
int__tai15_15_05,1224,59,1407.0,1584.0
int__tai15_15_05,1224,60,1354.0,1547.0
int__tai15_15_05,1224,61,1335.0,1529.0
int__tai15_15_05,1224,62,1375.0,1529.0
int__tai15_15_05,1224,63,1329.0,1501.0
int__tai15_15_05,1224,64,1354.0,1478.0
int__tai15_15_05,1224,65,1332.0,1510.0
int__tai15_15_05,1224,66,1303.0,1475.0
int__tai15_15_05,1224,67,1309.0,1483.0
int__tai15_15_05,1224,68,1379.0,1560.0
int__tai15_15_05,1224,69,1375.0,1567.0
int__tai15_15_05,1224,70,1375.0,1547.0
int__tai15_15_05,1224,71,1334.0,1503.0
int__tai15_15_05,1224,72,1411.0,1597.0
int__tai15_15_05,1224,73,1422.0,1603.0
int__tai15_15_05,1224,74,1340.0,1482.0
int__tai15_15_05,1224,75,1384.0,1539.0
int__tai15_15_05,1224,76,1388.0,1553.0
int__tai15_15_05,1224,77,1429.0,1594.0
int__tai15_15_05,1224,78,1289.0,1485.0
int__tai15_15_05,1224,79,1369.0,1539.0
int__tai15_15_05,1224,80,1361.0,1520.0
int__tai15_15_05,1224,81,1397.0,1569.0
int__tai15_15_05,1224,82,1362.0,1521.0
int__tai15_15_05,1224,83,1455.0,1586.0
int__tai15_15_05,1224,84,1350.0,1496.0
int__tai15_15_05,1224,85,1320.0,1487.0
int__tai15_15_05,1224,86,1338.0,1518.0
int__tai15_15_05,1224,87,1352.0,1583.0
int__tai15_15_05,1224,88,1318.0,1488.0
int__tai15_15_05,1224,89,1383.0,1562.0
int__tai15_15_05,1224,90,1398.0,1546.0
int__tai15_15_05,1224,91,1388.0,1555.0
int__tai15_15_05,1224,92,1330.0,1478.0
int__tai15_15_05,1224,93,1449.0,1596.0
int__tai15_15_05,1224,94,1350.0,1564.0
int__tai15_15_05,1224,95,1308.0,1534.0
int__tai15_15_05,1224,96,1393.0,1571.0
int__tai15_15_05,1224,97,1365.0,1573.0
int__tai15_15_05,1224,98,1322.0,1513.0
int__tai15_15_05,1224,99,1330.0,1488.0
int__tai15_15_05,1224,100,1358.0,1498.0
int__tai15_15_05,1224,101,1350.0,1524.0
int__tai15_15_05,1224,102,1430.0,1618.0
int__tai15_15_05,1224,103,1347.0,1534.0
int__tai15_15_05,1224,104,1392.0,1582.0
int__tai15_15_05,1224,105,1298.0,1490.0
int__tai15_15_05,1224,106,1353.0,1542.0
int__tai15_15_05,1224,107,1318.0,1502.0
int__tai15_15_05,1224,108,1305.0,1498.0
int__tai15_15_05,1224,109,1371.0,1541.0
int__tai15_15_05,1224,110,1371.0,1542.0
int__tai15_15_05,1224,111,1295.0,1477.0
int__tai15_15_05,1224,112,1433.0,1621.0
int__tai15_15_05,1224,113,1353.0,1519.0
int__tai15_15_05,1224,114,1382.0,1570.0
int__tai15_15_05,1224,115,1367.0,1555.0
int__tai15_15_05,1224,116,1394.0,1553.0
int__tai15_15_05,1224,117,1345.0,1523.0
int__tai15_15_05,1224,118,1388.0,1565.0
int__tai15_15_05,1224,119,1345.0,1520.0
int__tai15_15_05,1224,120,1326.0,1489.0
int__tai15_15_05,1224,121,1327.0,1494.0
int__tai15_15_05,1224,122,1332.0,1513.0
int__tai15_15_05,1224,123,1413.0,1565.0
int__tai15_15_05,1224,124,1347.0,1498.0
int__tai15_15_05,1224,125,1343.0,1538.0
int__tai15_15_05,1224,126,1326.0,1509.0
int__tai15_15_05,1224,127,1339.0,1528.0
int__tai15_15_05,1224,128,1380.0,1581.0
int__tai15_15_05,1224,129,1366.0,1595.0
int__tai15_15_05,1224,130,1387.0,1600.0
int__tai15_15_05,1224,131,1284.0,1462.0
int__tai15_15_05,1224,132,1325.0,1515.0
int__tai15_15_05,1224,133,1317.0,1498.0
int__tai15_15_05,1224,134,1450.0,1642.0
int__tai15_15_05,1224,135,1297.0,1453.0
int__tai15_15_05,1224,136,1296.0,1477.0
int__tai15_15_05,1224,137,1446.0,1656.0
int__tai15_15_05,1224,138,1359.0,1525.0
int__tai15_15_05,1224,139,1311.0,1480.0
int__tai15_15_05,1224,140,1387.0,1556.0
int__tai15_15_05,1224,141,1348.0,1513.0
int__tai15_15_05,1224,142,1363.0,1560.0
int__tai15_15_05,1224,143,1329.0,1506.0
int__tai15_15_05,1224,144,1463.0,1647.0
int__tai15_15_05,1224,145,1362.0,1526.0
int__tai15_15_05,1224,146,1356.0,1553.0
int__tai15_15_05,1224,147,1298.0,1475.0
int__tai15_15_05,1224,148,1388.0,1566.0
int__tai15_15_05,1224,149,1358.0,1518.0
int__tai15_15_05,1224,150,1348.0,1519.0
int__tai15_15_05,1224,151,1410.0,1600.0
int__tai15_15_05,1224,152,1302.0,1476.0
int__tai15_15_05,1224,153,1343.0,1495.0
int__tai15_15_05,1224,154,1367.0,1575.0
int__tai15_15_05,1224,155,1321.0,1461.0
int__tai15_15_05,1224,156,1315.0,1489.0
int__tai15_15_05,1224,157,1299.0,1499.0
int__tai15_15_05,1224,158,1382.0,1575.0
int__tai15_15_05,1224,159,1407.0,1610.0
int__tai15_15_05,1224,160,1352.0,1532.0
int__tai15_15_05,1224,161,1338.0,1523.0
int__tai15_15_05,1224,162,1279.0,1471.0
int__tai15_15_05,1224,163,1449.0,1623.0
int__tai15_15_05,1224,164,1272.0,1460.0
int__tai15_15_05,1224,165,1325.0,1510.0
int__tai15_15_05,1224,166,1454.0,1644.0
int__tai15_15_05,1224,167,1341.0,1575.0
int__tai15_15_05,1224,168,1351.0,1503.0
int__tai15_15_05,1224,169,1336.0,1502.0
int__tai15_15_05,1224,170,1402.0,1594.0
int__tai15_15_05,1224,171,1347.0,1489.0
int__tai15_15_05,1224,172,1366.0,1514.0
int__tai15_15_05,1224,173,1355.0,1549.0
int__tai15_15_05,1224,174,1294.0,1480.0
int__tai15_15_05,1224,175,1384.0,1564.0
int__tai15_15_05,1224,176,1322.0,1506.0
int__tai15_15_05,1224,177,1332.0,1490.0
int__tai15_15_05,1224,178,1441.0,1603.0
int__tai15_15_05,1224,179,1371.0,1595.0
int__tai15_15_05,1224,180,1323.0,1515.0
int__tai15_15_05,1224,181,1286.0,1445.0
int__tai15_15_05,1224,182,1369.0,1519.0
int__tai15_15_05,1224,183,1386.0,1568.0
int__tai15_15_05,1224,184,1421.0,1607.0
int__tai15_15_05,1224,185,1391.0,1598.0
int__tai15_15_05,1224,186,1345.0,1525.0
int__tai15_15_05,1224,187,1365.0,1540.0
int__tai15_15_05,1224,188,1313.0,1473.0
int__tai15_15_05,1224,189,1377.0,1554.0
int__tai15_15_05,1224,190,1436.0,1635.0
int__tai15_15_05,1224,191,1381.0,1571.0
int__tai15_15_05,1224,192,1443.0,1601.0
int__tai15_15_05,1224,193,1340.0,1488.0
int__tai15_15_05,1224,194,1394.0,1617.0
int__tai15_15_05,1224,195,1409.0,1582.0
int__tai15_15_05,1224,196,1369.0,1577.0
int__tai15_15_05,1224,197,1380.0,1565.0
int__tai15_15_05,1224,198,1372.0,1579.0
int__tai15_15_05,1224,199,1303.0,1498.0
int__tai15_15_05,1224,200,1358.0,1512.0
int__tai15_15_05,1224,201,1371.0,1544.0
int__tai15_15_05,1224,202,1329.0,1501.0
int__tai15_15_05,1224,203,1316.0,1479.0
int__tai15_15_05,1224,204,1380.0,1548.0
int__tai15_15_05,1224,205,1417.0,1580.0
int__tai15_15_05,1224,206,1329.0,1493.0
int__tai15_15_05,1224,207,1355.0,1536.0
int__tai15_15_05,1224,208,1290.0,1459.0
int__tai15_15_05,1224,209,1365.0,1522.0
int__tai15_15_05,1224,210,1367.0,1533.0
int__tai15_15_05,1224,211,1368.0,1531.0
int__tai15_15_05,1224,212,1306.0,1478.0
int__tai15_15_05,1224,213,1335.0,1537.0
int__tai15_15_05,1224,214,1385.0,1576.0
int__tai15_15_05,1224,215,1337.0,1501.0
int__tai15_15_05,1224,216,1359.0,1551.0
int__tai15_15_05,1224,217,1305.0,1475.0
int__tai15_15_05,1224,218,1321.0,1505.0
int__tai15_15_05,1224,219,1351.0,1515.0
int__tai15_15_05,1224,220,1391.0,1562.0
int__tai15_15_05,1224,221,1298.0,1472.0
int__tai15_15_05,1224,222,1324.0,1485.0
int__tai15_15_05,1224,223,1323.0,1499.0
int__tai15_15_05,1224,224,1576.0,1756.0
int__tai15_15_05,1224,225,1359.0,1536.0
int__tai15_15_05,1224,226,1365.0,1517.0
int__tai15_15_05,1224,227,1384.0,1548.0
int__tai15_15_05,1224,228,1314.0,1516.0
int__tai15_15_05,1224,229,1364.0,1564.0
int__tai15_15_05,1224,230,1446.0,1605.0
int__tai15_15_05,1224,231,1393.0,1541.0
int__tai15_15_05,1224,232,1450.0,1608.0
int__tai15_15_05,1224,233,1347.0,1540.0
int__tai15_15_05,1224,234,1280.0,1462.0
int__tai15_15_05,1224,235,1318.0,1518.0
int__tai15_15_05,1224,236,1373.0,1578.0
int__tai15_15_05,1224,237,1444.0,1630.0
int__tai15_15_05,1224,238,1255.0,1455.0
int__tai15_15_05,1224,239,1392.0,1551.0
int__tai15_15_05,1224,240,1358.0,1547.0
int__tai15_15_05,1224,241,1411.0,1646.0
int__tai15_15_05,1224,242,1310.0,1483.0
int__tai15_15_05,1224,243,1427.0,1599.0
int__tai15_15_05,1224,244,1349.0,1517.0
int__tai15_15_05,1224,245,1388.0,1559.0
int__tai15_15_05,1224,246,1299.0,1472.0
int__tai15_15_05,1224,247,1333.0,1537.0
int__tai15_15_05,1224,248,1353.0,1534.0
int__tai15_15_05,1224,249,1311.0,1481.0
int__tai15_15_05,1224,250,1301.0,1454.0
int__tai15_15_05,1224,251,1363.0,1496.0
int__tai15_15_05,1224,252,1442.0,1602.0
int__tai15_15_05,1224,253,1417.0,1621.0
int__tai15_15_05,1224,254,1495.0,1654.0
int__tai15_15_05,1224,255,1289.0,1454.0
int__tai15_15_05,1224,256,1295.0,1475.0
int__tai15_15_05,1224,257,1396.0,1577.0
int__tai15_15_05,1224,258,1371.0,1541.0
int__tai15_15_05,1224,259,1384.0,1566.0
int__tai15_15_05,1224,260,1367.0,1543.0
int__tai15_15_05,1224,261,1397.0,1585.0
int__tai15_15_05,1224,262,1316.0,1481.0
int__tai15_15_05,1224,263,1339.0,1505.0
int__tai15_15_05,1224,264,1318.0,1486.0
int__tai15_15_05,1224,265,1347.0,1539.0
int__tai15_15_05,1224,266,1330.0,1524.0
int__tai15_15_05,1224,267,1341.0,1518.0
int__tai15_15_05,1224,268,1447.0,1615.0
int__tai15_15_05,1224,269,1333.0,1486.0
int__tai15_15_05,1224,270,1321.0,1477.0
int__tai15_15_05,1224,271,1347.0,1524.0
int__tai15_15_05,1224,272,1254.0,1501.0
int__tai15_15_05,1224,273,1403.0,1596.0
int__tai15_15_05,1224,274,1374.0,1522.0
int__tai15_15_05,1224,275,1357.0,1511.0
int__tai15_15_05,1224,276,1433.0,1609.0
int__tai15_15_05,1224,277,1350.0,1526.0
int__tai15_15_05,1224,278,1439.0,1669.0
int__tai15_15_05,1224,279,1406.0,1581.0
int__tai15_15_05,1224,280,1343.0,1522.0
int__tai15_15_05,1224,281,1306.0,1473.0
int__tai15_15_05,1224,282,1342.0,1520.0
int__tai15_15_05,1224,283,1370.0,1564.0
int__tai15_15_05,1224,284,1434.0,1632.0
int__tai15_15_05,1224,285,1361.0,1567.0
int__tai15_15_05,1224,286,1504.0,1677.0
int__tai15_15_05,1224,287,1344.0,1510.0
int__tai15_15_05,1224,288,1351.0,1542.0
int__tai15_15_05,1224,289,1312.0,1494.0
int__tai15_15_05,1224,290,1360.0,1530.0
int__tai15_15_05,1224,291,1394.0,1540.0
int__tai15_15_05,1224,292,1353.0,1573.0
int__tai15_15_05,1224,293,1409.0,1567.0
int__tai15_15_05,1224,294,1357.0,1517.0
int__tai15_15_05,1224,295,1396.0,1583.0
int__tai15_15_05,1224,296,1374.0,1606.0
int__tai15_15_05,1224,297,1275.0,1461.0
int__tai15_15_05,1224,298,1361.0,1536.0
int__tai15_15_05,1224,299,1357.0,1523.0
int__tai15_15_05,1224,300,1317.0,1526.0
int__tai15_15_05,1224,301,1366.0,1536.0
int__tai15_15_05,1224,302,1313.0,1485.0
int__tai15_15_05,1224,303,1423.0,1609.0
int__tai15_15_05,1224,304,1340.0,1495.0
int__tai15_15_05,1224,305,1426.0,1588.0
int__tai15_15_05,1224,306,1354.0,1523.0
int__tai15_15_05,1224,307,1383.0,1542.0
int__tai15_15_05,1224,308,1366.0,1528.0
int__tai15_15_05,1224,309,1373.0,1551.0
int__tai15_15_05,1224,310,1352.0,1522.0
int__tai15_15_05,1224,311,1371.0,1571.0
int__tai15_15_05,1224,312,1375.0,1561.0
int__tai15_15_05,1224,313,1334.0,1537.0
int__tai15_15_05,1224,314,1437.0,1615.0
int__tai15_15_05,1224,315,1371.0,1547.0
int__tai15_15_05,1224,316,1332.0,1536.0
int__tai15_15_05,1224,317,1430.0,1610.0
int__tai15_15_05,1224,318,1383.0,1559.0
int__tai15_15_05,1224,319,1319.0,1485.0
int__tai15_15_05,1224,320,1403.0,1565.0
int__tai15_15_05,1224,321,1335.0,1503.0
int__tai15_15_05,1224,322,1327.0,1494.0
int__tai15_15_05,1224,323,1332.0,1514.0
int__tai15_15_05,1224,324,1442.0,1602.0
int__tai15_15_05,1224,325,1348.0,1558.0
int__tai15_15_05,1224,326,1461.0,1635.0
int__tai15_15_05,1224,327,1365.0,1514.0
int__tai15_15_05,1224,328,1313.0,1500.0
int__tai15_15_05,1224,329,1357.0,1537.0
int__tai15_15_05,1224,330,1365.0,1545.0
int__tai15_15_05,1224,331,1396.0,1548.0
int__tai15_15_05,1224,332,1290.0,1489.0
int__tai15_15_05,1224,333,1365.0,1532.0
int__tai15_15_05,1224,334,1329.0,1483.0
int__tai15_15_05,1224,335,1338.0,1492.0
int__tai15_15_05,1224,336,1338.0,1498.0
int__tai15_15_05,1224,337,1322.0,1491.0
int__tai15_15_05,1224,338,1353.0,1507.0
int__tai15_15_05,1224,339,1403.0,1600.0
int__tai15_15_05,1224,340,1399.0,1566.0
int__tai15_15_05,1224,341,1451.0,1633.0
int__tai15_15_05,1224,342,1309.0,1457.0
int__tai15_15_05,1224,343,1380.0,1567.0
int__tai15_15_05,1224,344,1301.0,1460.0
int__tai15_15_05,1224,345,1288.0,1438.0
int__tai15_15_05,1224,346,1349.0,1530.0
int__tai15_15_05,1224,347,1322.0,1479.0
int__tai15_15_05,1224,348,1355.0,1540.0
int__tai15_15_05,1224,349,1353.0,1538.0
int__tai15_15_05,1224,350,1376.0,1571.0
int__tai15_15_05,1224,351,1352.0,1553.0
int__tai15_15_05,1224,352,1442.0,1635.0
int__tai15_15_05,1224,353,1399.0,1578.0
int__tai15_15_05,1224,354,1279.0,1423.0
int__tai15_15_05,1224,355,1287.0,1446.0
int__tai15_15_05,1224,356,1376.0,1544.0
int__tai15_15_05,1224,357,1378.0,1536.0
int__tai15_15_05,1224,358,1358.0,1575.0
int__tai15_15_05,1224,359,1294.0,1466.0
int__tai15_15_05,1224,360,1371.0,1493.0
int__tai15_15_05,1224,361,1343.0,1510.0
int__tai15_15_05,1224,362,1268.0,1450.0
int__tai15_15_05,1224,363,1382.0,1547.0
int__tai15_15_05,1224,364,1328.0,1480.0
int__tai15_15_05,1224,365,1460.0,1632.0
int__tai15_15_05,1224,366,1368.0,1533.0
int__tai15_15_05,1224,367,1379.0,1546.0
int__tai15_15_05,1224,368,1476.0,1643.0
int__tai15_15_05,1224,369,1330.0,1473.0
int__tai15_15_05,1224,370,1402.0,1576.0
int__tai15_15_05,1224,371,1418.0,1587.0
int__tai15_15_05,1224,372,1395.0,1565.0
int__tai15_15_05,1224,373,1288.0,1462.0
int__tai15_15_05,1224,374,1416.0,1580.0
int__tai15_15_05,1224,375,1419.0,1565.0
int__tai15_15_05,1224,376,1344.0,1511.0
int__tai15_15_05,1224,377,1412.0,1582.0
int__tai15_15_05,1224,378,1348.0,1564.0
int__tai15_15_05,1224,379,1314.0,1494.0
int__tai15_15_05,1224,380,1271.0,1440.0
int__tai15_15_05,1224,381,1381.0,1560.0
int__tai15_15_05,1224,382,1313.0,1505.0
int__tai15_15_05,1224,383,1383.0,1581.0
int__tai15_15_05,1224,384,1318.0,1494.0
int__tai15_15_05,1224,385,1312.0,1476.0
int__tai15_15_05,1224,386,1311.0,1471.0
int__tai15_15_05,1224,387,1341.0,1533.0
int__tai15_15_05,1224,388,1357.0,1546.0
int__tai15_15_05,1224,389,1408.0,1553.0
int__tai15_15_05,1224,390,1415.0,1610.0
int__tai15_15_05,1224,391,1383.0,1551.0
int__tai15_15_05,1224,392,1395.0,1567.0
int__tai15_15_05,1224,393,1384.0,1559.0
int__tai15_15_05,1224,394,1425.0,1597.0
int__tai15_15_05,1224,395,1357.0,1560.0
int__tai15_15_05,1224,396,1385.0,1564.0
int__tai15_15_05,1224,397,1350.0,1551.0
int__tai15_15_05,1224,398,1353.0,1482.0
int__tai15_15_05,1224,399,1321.0,1497.0
int__tai15_15_05,1224,400,1382.0,1551.0
int__tai15_15_05,1224,401,1299.0,1469.0
int__tai15_15_05,1224,402,1443.0,1647.0
int__tai15_15_05,1224,403,1355.0,1573.0
int__tai15_15_05,1224,404,1381.0,1565.0
int__tai15_15_05,1224,405,1291.0,1437.0
int__tai15_15_05,1224,406,1366.0,1523.0
int__tai15_15_05,1224,407,1414.0,1602.0
int__tai15_15_05,1224,408,1381.0,1545.0
int__tai15_15_05,1224,409,1346.0,1518.0
int__tai15_15_05,1224,410,1294.0,1468.0
int__tai15_15_05,1224,411,1340.0,1524.0
int__tai15_15_05,1224,412,1327.0,1527.0
int__tai15_15_05,1224,413,1355.0,1544.0
int__tai15_15_05,1224,414,1349.0,1489.0
int__tai15_15_05,1224,415,1316.0,1490.0
int__tai15_15_05,1224,416,1363.0,1499.0
int__tai15_15_05,1224,417,1369.0,1575.0
int__tai15_15_05,1224,418,1324.0,1519.0
int__tai15_15_05,1224,419,1360.0,1549.0
int__tai15_15_05,1224,420,1321.0,1499.0
int__tai15_15_05,1224,421,1297.0,1457.0
int__tai15_15_05,1224,422,1388.0,1581.0
int__tai15_15_05,1224,423,1310.0,1485.0
int__tai15_15_05,1224,424,1376.0,1574.0
int__tai15_15_05,1224,425,1373.0,1522.0
int__tai15_15_05,1224,426,1306.0,1488.0
int__tai15_15_05,1224,427,1370.0,1556.0
int__tai15_15_05,1224,428,1339.0,1563.0
int__tai15_15_05,1224,429,1375.0,1510.0
int__tai15_15_05,1224,430,1367.0,1563.0
int__tai15_15_05,1224,431,1327.0,1489.0
int__tai15_15_05,1224,432,1395.0,1555.0
int__tai15_15_05,1224,433,1311.0,1517.0
int__tai15_15_05,1224,434,1418.0,1580.0
int__tai15_15_05,1224,435,1268.0,1424.0
int__tai15_15_05,1224,436,1329.0,1462.0
int__tai15_15_05,1224,437,1421.0,1604.0
int__tai15_15_05,1224,438,1355.0,1550.0
int__tai15_15_05,1224,439,1359.0,1546.0
int__tai15_15_05,1224,440,1450.0,1630.0
int__tai15_15_05,1224,441,1325.0,1508.0
int__tai15_15_05,1224,442,1355.0,1560.0
int__tai15_15_05,1224,443,1345.0,1525.0
int__tai15_15_05,1224,444,1322.0,1521.0
int__tai15_15_05,1224,445,1358.0,1530.0
int__tai15_15_05,1224,446,1384.0,1568.0
int__tai15_15_05,1224,447,1447.0,1619.0
int__tai15_15_05,1224,448,1360.0,1570.0
int__tai15_15_05,1224,449,1362.0,1518.0
int__tai15_15_05,1224,450,1474.0,1644.0
int__tai15_15_05,1224,451,1400.0,1554.0
int__tai15_15_05,1224,452,1387.0,1560.0
int__tai15_15_05,1224,453,1355.0,1557.0
int__tai15_15_05,1224,454,1370.0,1558.0
int__tai15_15_05,1224,455,1355.0,1546.0
int__tai15_15_05,1224,456,1391.0,1583.0
int__tai15_15_05,1224,457,1426.0,1631.0
int__tai15_15_05,1224,458,1355.0,1548.0
int__tai15_15_05,1224,459,1353.0,1523.0
int__tai15_15_05,1224,460,1357.0,1511.0
int__tai15_15_05,1224,461,1321.0,1503.0
int__tai15_15_05,1224,462,1366.0,1503.0
int__tai15_15_05,1224,463,1384.0,1528.0
int__tai15_15_05,1224,464,1323.0,1503.0
int__tai15_15_05,1224,465,1397.0,1547.0
int__tai15_15_05,1224,466,1316.0,1487.0
int__tai15_15_05,1224,467,1361.0,1564.0
int__tai15_15_05,1224,468,1344.0,1507.0
int__tai15_15_05,1224,469,1362.0,1524.0
int__tai15_15_05,1224,470,1498.0,1680.0
int__tai15_15_05,1224,471,1346.0,1504.0
int__tai15_15_05,1224,472,1411.0,1609.0
int__tai15_15_05,1224,473,1323.0,1529.0
int__tai15_15_05,1224,474,1410.0,1542.0
int__tai15_15_05,1224,475,1433.0,1607.0
int__tai15_15_05,1224,476,1364.0,1552.0
int__tai15_15_05,1224,477,1405.0,1593.0
int__tai15_15_05,1224,478,1377.0,1556.0
int__tai15_15_05,1224,479,1329.0,1510.0
int__tai15_15_05,1224,480,1293.0,1496.0
int__tai15_15_05,1224,481,1329.0,1525.0
int__tai15_15_05,1224,482,1336.0,1517.0
int__tai15_15_05,1224,483,1324.0,1510.0
int__tai15_15_05,1224,484,1399.0,1590.0
int__tai15_15_05,1224,485,1404.0,1613.0
int__tai15_15_05,1224,486,1309.0,1497.0
int__tai15_15_05,1224,487,1345.0,1515.0
int__tai15_15_05,1224,488,1272.0,1421.0
int__tai15_15_05,1224,489,1424.0,1628.0
int__tai15_15_05,1224,490,1390.0,1553.0
int__tai15_15_05,1224,491,1292.0,1488.0
int__tai15_15_05,1224,492,1292.0,1473.0
int__tai15_15_05,1224,493,1410.0,1602.0
int__tai15_15_05,1224,494,1325.0,1493.0
int__tai15_15_05,1224,495,1358.0,1522.0
int__tai15_15_05,1224,496,1331.0,1531.0
int__tai15_15_05,1224,497,1356.0,1544.0
int__tai15_15_05,1224,498,1409.0,1575.0
int__tai15_15_05,1224,499,1360.0,1541.0
int__tai15_15_05,1224,500,1304.0,1484.0
int__tai15_15_05,1224,501,1379.0,1594.0
int__tai15_15_05,1224,502,1338.0,1498.0
int__tai15_15_05,1224,503,1380.0,1559.0
int__tai15_15_05,1224,504,1269.0,1460.0
int__tai15_15_05,1224,505,1525.0,1747.0
int__tai15_15_05,1224,506,1376.0,1549.0
int__tai15_15_05,1224,507,1431.0,1604.0
int__tai15_15_05,1224,508,1328.0,1511.0
int__tai15_15_05,1224,509,1313.0,1502.0
int__tai15_15_05,1224,510,1318.0,1476.0
int__tai15_15_05,1224,511,1331.0,1522.0
int__tai15_15_05,1224,512,1411.0,1597.0
int__tai15_15_05,1224,513,1325.0,1512.0
int__tai15_15_05,1224,514,1392.0,1571.0
int__tai15_15_05,1224,515,1392.0,1544.0
int__tai15_15_05,1224,516,1396.0,1572.0
int__tai15_15_05,1224,517,1360.0,1552.0
int__tai15_15_05,1224,518,1355.0,1515.0
int__tai15_15_05,1224,519,1439.0,1605.0
int__tai15_15_05,1224,520,1307.0,1482.0
int__tai15_15_05,1224,521,1292.0,1453.0
int__tai15_15_05,1224,522,1394.0,1560.0
int__tai15_15_05,1224,523,1360.0,1545.0
int__tai15_15_05,1224,524,1393.0,1575.0
int__tai15_15_05,1224,525,1359.0,1554.0
int__tai15_15_05,1224,526,1327.0,1487.0
int__tai15_15_05,1224,527,1465.0,1678.0
int__tai15_15_05,1224,528,1358.0,1561.0
int__tai15_15_05,1224,529,1426.0,1591.0
int__tai15_15_05,1224,530,1422.0,1616.0
int__tai15_15_05,1224,531,1356.0,1545.0
int__tai15_15_05,1224,532,1352.0,1520.0
int__tai15_15_05,1224,533,1310.0,1490.0
int__tai15_15_05,1224,534,1324.0,1490.0
int__tai15_15_05,1224,535,1317.0,1499.0
int__tai15_15_05,1224,536,1405.0,1573.0
int__tai15_15_05,1224,537,1398.0,1552.0
int__tai15_15_05,1224,538,1405.0,1566.0
int__tai15_15_05,1224,539,1348.0,1528.0
int__tai15_15_05,1224,540,1384.0,1584.0
int__tai15_15_05,1224,541,1341.0,1551.0
int__tai15_15_05,1224,542,1416.0,1610.0
int__tai15_15_05,1224,543,1286.0,1437.0
int__tai15_15_05,1224,544,1356.0,1517.0
int__tai15_15_05,1224,545,1321.0,1519.0
int__tai15_15_05,1224,546,1307.0,1468.0
int__tai15_15_05,1224,547,1336.0,1510.0
int__tai15_15_05,1224,548,1287.0,1444.0
int__tai15_15_05,1224,549,1413.0,1619.0
int__tai15_15_05,1224,550,1359.0,1561.0
int__tai15_15_05,1224,551,1422.0,1620.0
int__tai15_15_05,1224,552,1420.0,1630.0
int__tai15_15_05,1224,553,1352.0,1535.0
int__tai15_15_05,1224,554,1376.0,1537.0
int__tai15_15_05,1224,555,1354.0,1508.0
int__tai15_15_05,1224,556,1470.0,1665.0
int__tai15_15_05,1224,557,1307.0,1473.0
int__tai15_15_05,1224,558,1384.0,1555.0
int__tai15_15_05,1224,559,1376.0,1575.0
int__tai15_15_05,1224,560,1306.0,1455.0
int__tai15_15_05,1224,561,1435.0,1585.0
int__tai15_15_05,1224,562,1374.0,1551.0
int__tai15_15_05,1224,563,1331.0,1487.0
int__tai15_15_05,1224,564,1263.0,1420.0
int__tai15_15_05,1224,565,1412.0,1620.0
int__tai15_15_05,1224,566,1380.0,1544.0
int__tai15_15_05,1224,567,1314.0,1492.0
int__tai15_15_05,1224,568,1409.0,1584.0
int__tai15_15_05,1224,569,1479.0,1709.0
int__tai15_15_05,1224,570,1324.0,1495.0
int__tai15_15_05,1224,571,1379.0,1551.0
int__tai15_15_05,1224,572,1336.0,1516.0
int__tai15_15_05,1224,573,1374.0,1578.0
int__tai15_15_05,1224,574,1431.0,1626.0
int__tai15_15_05,1224,575,1513.0,1730.0
int__tai15_15_05,1224,576,1289.0,1458.0
int__tai15_15_05,1224,577,1334.0,1502.0
int__tai15_15_05,1224,578,1334.0,1510.0
int__tai15_15_05,1224,579,1339.0,1529.0
int__tai15_15_05,1224,580,1300.0,1470.0
int__tai15_15_05,1224,581,1273.0,1458.0
int__tai15_15_05,1224,582,1419.0,1609.0
int__tai15_15_05,1224,583,1378.0,1538.0
int__tai15_15_05,1224,584,1321.0,1535.0
int__tai15_15_05,1224,585,1417.0,1603.0
int__tai15_15_05,1224,586,1356.0,1540.0
int__tai15_15_05,1224,587,1405.0,1577.0
int__tai15_15_05,1224,588,1277.0,1460.0
int__tai15_15_05,1224,589,1333.0,1512.0
int__tai15_15_05,1224,590,1319.0,1471.0
int__tai15_15_05,1224,591,1353.0,1528.0
int__tai15_15_05,1224,592,1344.0,1497.0
int__tai15_15_05,1224,593,1374.0,1548.0
int__tai15_15_05,1224,594,1369.0,1532.0
int__tai15_15_05,1224,595,1450.0,1632.0
int__tai15_15_05,1224,596,1326.0,1516.0
int__tai15_15_05,1224,597,1372.0,1557.0
int__tai15_15_05,1224,598,1450.0,1623.0
int__tai15_15_05,1224,599,1295.0,1473.0
int__tai15_15_05,1224,600,1316.0,1500.0
int__tai15_15_05,1224,601,1350.0,1504.0
int__tai15_15_05,1224,602,1430.0,1599.0
int__tai15_15_05,1224,603,1383.0,1585.0
int__tai15_15_05,1224,604,1356.0,1536.0
int__tai15_15_05,1224,605,1371.0,1556.0
int__tai15_15_05,1224,606,1267.0,1463.0
int__tai15_15_05,1224,607,1396.0,1597.0
int__tai15_15_05,1224,608,1284.0,1473.0
int__tai15_15_05,1224,609,1385.0,1551.0
int__tai15_15_05,1224,610,1321.0,1528.0
int__tai15_15_05,1224,611,1325.0,1502.0
int__tai15_15_05,1224,612,1391.0,1557.0
int__tai15_15_05,1224,613,1335.0,1502.0
int__tai15_15_05,1224,614,1279.0,1447.0
int__tai15_15_05,1224,615,1392.0,1547.0
int__tai15_15_05,1224,616,1383.0,1525.0
int__tai15_15_05,1224,617,1332.0,1511.0
int__tai15_15_05,1224,618,1284.0,1468.0
int__tai15_15_05,1224,619,1337.0,1532.0
int__tai15_15_05,1224,620,1324.0,1498.0
int__tai15_15_05,1224,621,1360.0,1551.0
int__tai15_15_05,1224,622,1315.0,1471.0
int__tai15_15_05,1224,623,1372.0,1570.0
int__tai15_15_05,1224,624,1445.0,1598.0
int__tai15_15_05,1224,625,1436.0,1625.0
int__tai15_15_05,1224,626,1320.0,1504.0
int__tai15_15_05,1224,627,1418.0,1601.0
int__tai15_15_05,1224,628,1302.0,1474.0
int__tai15_15_05,1224,629,1358.0,1522.0
int__tai15_15_05,1224,630,1355.0,1559.0
int__tai15_15_05,1224,631,1354.0,1558.0
int__tai15_15_05,1224,632,1312.0,1490.0
int__tai15_15_05,1224,633,1399.0,1590.0
int__tai15_15_05,1224,634,1350.0,1507.0
int__tai15_15_05,1224,635,1406.0,1597.0
int__tai15_15_05,1224,636,1307.0,1491.0
int__tai15_15_05,1224,637,1300.0,1463.0
int__tai15_15_05,1224,638,1338.0,1536.0
int__tai15_15_05,1224,639,1390.0,1591.0
int__tai15_15_05,1224,640,1365.0,1561.0
int__tai15_15_05,1224,641,1379.0,1574.0
int__tai15_15_05,1224,642,1350.0,1516.0
int__tai15_15_05,1224,643,1371.0,1586.0
int__tai15_15_05,1224,644,1301.0,1494.0
int__tai15_15_05,1224,645,1401.0,1567.0
int__tai15_15_05,1224,646,1376.0,1514.0
int__tai15_15_05,1224,647,1367.0,1528.0
int__tai15_15_05,1224,648,1274.0,1437.0
int__tai15_15_05,1224,649,1436.0,1622.0
int__tai15_15_05,1224,650,1371.0,1553.0
int__tai15_15_05,1224,651,1315.0,1481.0
int__tai15_15_05,1224,652,1339.0,1540.0
int__tai15_15_05,1224,653,1335.0,1495.0
int__tai15_15_05,1224,654,1369.0,1553.0
int__tai15_15_05,1224,655,1395.0,1565.0
int__tai15_15_05,1224,656,1336.0,1530.0
int__tai15_15_05,1224,657,1400.0,1588.0
int__tai15_15_05,1224,658,1365.0,1519.0
int__tai15_15_05,1224,659,1467.0,1661.0
int__tai15_15_05,1224,660,1371.0,1573.0
int__tai15_15_05,1224,661,1292.0,1444.0
int__tai15_15_05,1224,662,1359.0,1516.0
int__tai15_15_05,1224,663,1294.0,1451.0
int__tai15_15_05,1224,664,1314.0,1502.0
int__tai15_15_05,1224,665,1296.0,1443.0
int__tai15_15_05,1224,666,1366.0,1522.0
int__tai15_15_05,1224,667,1315.0,1529.0
int__tai15_15_05,1224,668,1303.0,1486.0
int__tai15_15_05,1224,669,1330.0,1528.0
int__tai15_15_05,1224,670,1282.0,1433.0
int__tai15_15_05,1224,671,1454.0,1632.0
int__tai15_15_05,1224,672,1346.0,1558.0
int__tai15_15_05,1224,673,1294.0,1491.0
int__tai15_15_05,1224,674,1338.0,1508.0
int__tai15_15_05,1224,675,1372.0,1549.0
int__tai15_15_05,1224,676,1377.0,1579.0
int__tai15_15_05,1224,677,1321.0,1482.0
int__tai15_15_05,1224,678,1376.0,1526.0
int__tai15_15_05,1224,679,1357.0,1546.0
int__tai15_15_05,1224,680,1368.0,1561.0
int__tai15_15_05,1224,681,1336.0,1484.0
int__tai15_15_05,1224,682,1329.0,1484.0
int__tai15_15_05,1224,683,1383.0,1584.0
int__tai15_15_05,1224,684,1371.0,1562.0
int__tai15_15_05,1224,685,1340.0,1533.0
int__tai15_15_05,1224,686,1300.0,1509.0
int__tai15_15_05,1224,687,1302.0,1476.0
int__tai15_15_05,1224,688,1359.0,1567.0
int__tai15_15_05,1224,689,1444.0,1600.0
int__tai15_15_05,1224,690,1380.0,1549.0
int__tai15_15_05,1224,691,1359.0,1555.0
int__tai15_15_05,1224,692,1373.0,1525.0
int__tai15_15_05,1224,693,1412.0,1621.0
int__tai15_15_05,1224,694,1369.0,1539.0
int__tai15_15_05,1224,695,1333.0,1519.0
int__tai15_15_05,1224,696,1405.0,1583.0
int__tai15_15_05,1224,697,1312.0,1477.0
int__tai15_15_05,1224,698,1371.0,1571.0
int__tai15_15_05,1224,699,1321.0,1531.0
int__tai15_15_05,1224,700,1391.0,1558.0
int__tai15_15_05,1224,701,1360.0,1518.0
int__tai15_15_05,1224,702,1325.0,1495.0
int__tai15_15_05,1224,703,1284.0,1458.0
int__tai15_15_05,1224,704,1353.0,1495.0
int__tai15_15_05,1224,705,1384.0,1546.0
int__tai15_15_05,1224,706,1451.0,1628.0
int__tai15_15_05,1224,707,1443.0,1624.0
int__tai15_15_05,1224,708,1334.0,1509.0
int__tai15_15_05,1224,709,1294.0,1484.0
int__tai15_15_05,1224,710,1341.0,1525.0
int__tai15_15_05,1224,711,1344.0,1510.0
int__tai15_15_05,1224,712,1351.0,1495.0
int__tai15_15_05,1224,713,1482.0,1660.0
int__tai15_15_05,1224,714,1394.0,1629.0
int__tai15_15_05,1224,715,1393.0,1569.0
int__tai15_15_05,1224,716,1358.0,1542.0
int__tai15_15_05,1224,717,1326.0,1527.0
int__tai15_15_05,1224,718,1292.0,1501.0
int__tai15_15_05,1224,719,1347.0,1532.0
int__tai15_15_05,1224,720,1345.0,1498.0
int__tai15_15_05,1224,721,1303.0,1476.0
int__tai15_15_05,1224,722,1407.0,1586.0
int__tai15_15_05,1224,723,1350.0,1528.0
int__tai15_15_05,1224,724,1334.0,1530.0
int__tai15_15_05,1224,725,1379.0,1550.0
int__tai15_15_05,1224,726,1361.0,1568.0
int__tai15_15_05,1224,727,1381.0,1539.0
int__tai15_15_05,1224,728,1318.0,1516.0
int__tai15_15_05,1224,729,1360.0,1556.0
int__tai15_15_05,1224,730,1475.0,1695.0
int__tai15_15_05,1224,731,1377.0,1561.0
int__tai15_15_05,1224,732,1331.0,1489.0
int__tai15_15_05,1224,733,1312.0,1514.0
int__tai15_15_05,1224,734,1412.0,1632.0
int__tai15_15_05,1224,735,1353.0,1526.0
int__tai15_15_05,1224,736,1334.0,1519.0
int__tai15_15_05,1224,737,1400.0,1560.0
int__tai15_15_05,1224,738,1326.0,1533.0
int__tai15_15_05,1224,739,1429.0,1590.0
int__tai15_15_05,1224,740,1417.0,1590.0
int__tai15_15_05,1224,741,1423.0,1591.0
int__tai15_15_05,1224,742,1321.0,1507.0
int__tai15_15_05,1224,743,1402.0,1594.0
int__tai15_15_05,1224,744,1394.0,1569.0
int__tai15_15_05,1224,745,1367.0,1556.0
int__tai15_15_05,1224,746,1398.0,1568.0
int__tai15_15_05,1224,747,1360.0,1542.0
int__tai15_15_05,1224,748,1366.0,1525.0
int__tai15_15_05,1224,749,1310.0,1482.0
int__tai15_15_05,1224,750,1287.0,1468.0
int__tai15_15_05,1224,751,1363.0,1545.0
int__tai15_15_05,1224,752,1295.0,1451.0
int__tai15_15_05,1224,753,1429.0,1619.0
int__tai15_15_05,1224,754,1330.0,1495.0
int__tai15_15_05,1224,755,1393.0,1589.0
int__tai15_15_05,1224,756,1350.0,1502.0
int__tai15_15_05,1224,757,1353.0,1535.0
int__tai15_15_05,1224,758,1395.0,1566.0
int__tai15_15_05,1224,759,1501.0,1668.0
int__tai15_15_05,1224,760,1304.0,1486.0
int__tai15_15_05,1224,761,1327.0,1507.0
int__tai15_15_05,1224,762,1412.0,1576.0
int__tai15_15_05,1224,763,1354.0,1534.0
int__tai15_15_05,1224,764,1384.0,1566.0
int__tai15_15_05,1224,765,1457.0,1640.0
int__tai15_15_05,1224,766,1360.0,1557.0
int__tai15_15_05,1224,767,1352.0,1528.0
int__tai15_15_05,1224,768,1310.0,1488.0
int__tai15_15_05,1224,769,1409.0,1585.0
int__tai15_15_05,1224,770,1426.0,1580.0
int__tai15_15_05,1224,771,1332.0,1498.0
int__tai15_15_05,1224,772,1403.0,1585.0
int__tai15_15_05,1224,773,1353.0,1514.0
int__tai15_15_05,1224,774,1357.0,1553.0
int__tai15_15_05,1224,775,1407.0,1586.0
int__tai15_15_05,1224,776,1325.0,1479.0
int__tai15_15_05,1224,777,1304.0,1476.0
int__tai15_15_05,1224,778,1311.0,1475.0
int__tai15_15_05,1224,779,1289.0,1465.0
int__tai15_15_05,1224,780,1388.0,1582.0
int__tai15_15_05,1224,781,1427.0,1569.0
int__tai15_15_05,1224,782,1405.0,1579.0
int__tai15_15_05,1224,783,1438.0,1610.0
int__tai15_15_05,1224,784,1250.0,1430.0
int__tai15_15_05,1224,785,1373.0,1520.0
int__tai15_15_05,1224,786,1301.0,1470.0
int__tai15_15_05,1224,787,1327.0,1537.0
int__tai15_15_05,1224,788,1383.0,1573.0
int__tai15_15_05,1224,789,1302.0,1463.0
int__tai15_15_05,1224,790,1360.0,1524.0
int__tai15_15_05,1224,791,1394.0,1549.0
int__tai15_15_05,1224,792,1319.0,1502.0
int__tai15_15_05,1224,793,1534.0,1738.0
int__tai15_15_05,1224,794,1281.0,1459.0
int__tai15_15_05,1224,795,1359.0,1564.0
int__tai15_15_05,1224,796,1324.0,1484.0
int__tai15_15_05,1224,797,1293.0,1469.0
int__tai15_15_05,1224,798,1329.0,1496.0
int__tai15_15_05,1224,799,1338.0,1533.0
int__tai15_15_05,1224,800,1319.0,1510.0
int__tai15_15_05,1224,801,1303.0,1492.0
int__tai15_15_05,1224,802,1395.0,1545.0
int__tai15_15_05,1224,803,1432.0,1619.0
int__tai15_15_05,1224,804,1355.0,1526.0
int__tai15_15_05,1224,805,1433.0,1651.0
int__tai15_15_05,1224,806,1394.0,1574.0
int__tai15_15_05,1224,807,1297.0,1500.0
int__tai15_15_05,1224,808,1422.0,1622.0
int__tai15_15_05,1224,809,1350.0,1560.0
int__tai15_15_05,1224,810,1296.0,1499.0
int__tai15_15_05,1224,811,1431.0,1583.0
int__tai15_15_05,1224,812,1368.0,1555.0
int__tai15_15_05,1224,813,1346.0,1493.0
int__tai15_15_05,1224,814,1342.0,1529.0
int__tai15_15_05,1224,815,1366.0,1552.0
int__tai15_15_05,1224,816,1358.0,1523.0
int__tai15_15_05,1224,817,1415.0,1595.0
int__tai15_15_05,1224,818,1327.0,1478.0
int__tai15_15_05,1224,819,1406.0,1568.0
int__tai15_15_05,1224,820,1362.0,1548.0
int__tai15_15_05,1224,821,1335.0,1511.0
int__tai15_15_05,1224,822,1386.0,1589.0
int__tai15_15_05,1224,823,1370.0,1562.0
int__tai15_15_05,1224,824,1416.0,1568.0
int__tai15_15_05,1224,825,1429.0,1610.0
int__tai15_15_05,1224,826,1360.0,1516.0
int__tai15_15_05,1224,827,1329.0,1495.0
int__tai15_15_05,1224,828,1376.0,1564.0
int__tai15_15_05,1224,829,1282.0,1460.0
int__tai15_15_05,1224,830,1353.0,1539.0
int__tai15_15_05,1224,831,1358.0,1525.0
int__tai15_15_05,1224,832,1365.0,1532.0
int__tai15_15_05,1224,833,1291.0,1448.0
int__tai15_15_05,1224,834,1393.0,1591.0
int__tai15_15_05,1224,835,1351.0,1539.0
int__tai15_15_05,1224,836,1294.0,1464.0
int__tai15_15_05,1224,837,1324.0,1476.0
int__tai15_15_05,1224,838,1394.0,1562.0
int__tai15_15_05,1224,839,1369.0,1533.0
int__tai15_15_05,1224,840,1353.0,1516.0
int__tai15_15_05,1224,841,1379.0,1546.0
int__tai15_15_05,1224,842,1346.0,1547.0
int__tai15_15_05,1224,843,1406.0,1552.0
int__tai15_15_05,1224,844,1350.0,1504.0
int__tai15_15_05,1224,845,1372.0,1576.0
int__tai15_15_05,1224,846,1342.0,1528.0
int__tai15_15_05,1224,847,1384.0,1546.0
int__tai15_15_05,1224,848,1295.0,1452.0
int__tai15_15_05,1224,849,1372.0,1520.0
int__tai15_15_05,1224,850,1389.0,1553.0
int__tai15_15_05,1224,851,1287.0,1444.0
int__tai15_15_05,1224,852,1427.0,1603.0
int__tai15_15_05,1224,853,1305.0,1483.0
int__tai15_15_05,1224,854,1344.0,1512.0
int__tai15_15_05,1224,855,1324.0,1504.0
int__tai15_15_05,1224,856,1320.0,1526.0
int__tai15_15_05,1224,857,1326.0,1472.0
int__tai15_15_05,1224,858,1365.0,1542.0
int__tai15_15_05,1224,859,1397.0,1571.0
int__tai15_15_05,1224,860,1403.0,1589.0
int__tai15_15_05,1224,861,1350.0,1496.0
int__tai15_15_05,1224,862,1297.0,1423.0
int__tai15_15_05,1224,863,1404.0,1586.0
int__tai15_15_05,1224,864,1420.0,1594.0
int__tai15_15_05,1224,865,1324.0,1476.0
int__tai15_15_05,1224,866,1492.0,1658.0
int__tai15_15_05,1224,867,1406.0,1558.0
int__tai15_15_05,1224,868,1479.0,1617.0
int__tai15_15_05,1224,869,1435.0,1623.0
int__tai15_15_05,1224,870,1376.0,1546.0
int__tai15_15_05,1224,871,1349.0,1555.0
int__tai15_15_05,1224,872,1329.0,1507.0
int__tai15_15_05,1224,873,1439.0,1644.0
int__tai15_15_05,1224,874,1434.0,1637.0
int__tai15_15_05,1224,875,1333.0,1486.0
int__tai15_15_05,1224,876,1361.0,1519.0
int__tai15_15_05,1224,877,1328.0,1470.0
int__tai15_15_05,1224,878,1417.0,1649.0
int__tai15_15_05,1224,879,1456.0,1626.0
int__tai15_15_05,1224,880,1391.0,1566.0
int__tai15_15_05,1224,881,1343.0,1506.0
int__tai15_15_05,1224,882,1435.0,1631.0
int__tai15_15_05,1224,883,1316.0,1491.0
int__tai15_15_05,1224,884,1273.0,1437.0
int__tai15_15_05,1224,885,1355.0,1513.0
int__tai15_15_05,1224,886,1385.0,1571.0
int__tai15_15_05,1224,887,1403.0,1594.0
int__tai15_15_05,1224,888,1345.0,1501.0
int__tai15_15_05,1224,889,1366.0,1567.0
int__tai15_15_05,1224,890,1333.0,1489.0
int__tai15_15_05,1224,891,1326.0,1538.0
int__tai15_15_05,1224,892,1421.0,1603.0
int__tai15_15_05,1224,893,1370.0,1549.0
int__tai15_15_05,1224,894,1348.0,1513.0
int__tai15_15_05,1224,895,1278.0,1457.0
int__tai15_15_05,1224,896,1305.0,1491.0
int__tai15_15_05,1224,897,1382.0,1554.0
int__tai15_15_05,1224,898,1442.0,1628.0
int__tai15_15_05,1224,899,1311.0,1515.0
int__tai15_15_05,1224,900,1306.0,1466.0
int__tai15_15_05,1224,901,1297.0,1449.0
int__tai15_15_05,1224,902,1323.0,1499.0
int__tai15_15_05,1224,903,1311.0,1487.0
int__tai15_15_05,1224,904,1352.0,1536.0
int__tai15_15_05,1224,905,1309.0,1474.0
int__tai15_15_05,1224,906,1304.0,1452.0
int__tai15_15_05,1224,907,1422.0,1630.0
int__tai15_15_05,1224,908,1355.0,1573.0
int__tai15_15_05,1224,909,1509.0,1703.0
int__tai15_15_05,1224,910,1324.0,1519.0
int__tai15_15_05,1224,911,1343.0,1513.0
int__tai15_15_05,1224,912,1304.0,1485.0
int__tai15_15_05,1224,913,1394.0,1624.0
int__tai15_15_05,1224,914,1361.0,1553.0
int__tai15_15_05,1224,915,1324.0,1488.0
int__tai15_15_05,1224,916,1391.0,1586.0
int__tai15_15_05,1224,917,1472.0,1657.0
int__tai15_15_05,1224,918,1394.0,1559.0
int__tai15_15_05,1224,919,1331.0,1522.0
int__tai15_15_05,1224,920,1351.0,1554.0
int__tai15_15_05,1224,921,1406.0,1524.0
int__tai15_15_05,1224,922,1438.0,1618.0
int__tai15_15_05,1224,923,1335.0,1509.0
int__tai15_15_05,1224,924,1372.0,1552.0
int__tai15_15_05,1224,925,1476.0,1621.0
int__tai15_15_05,1224,926,1369.0,1532.0
int__tai15_15_05,1224,927,1342.0,1512.0
int__tai15_15_05,1224,928,1408.0,1579.0
int__tai15_15_05,1224,929,1322.0,1440.0
int__tai15_15_05,1224,930,1402.0,1607.0
int__tai15_15_05,1224,931,1415.0,1628.0
int__tai15_15_05,1224,932,1292.0,1464.0
int__tai15_15_05,1224,933,1299.0,1481.0
int__tai15_15_05,1224,934,1336.0,1495.0
int__tai15_15_05,1224,935,1364.0,1543.0
int__tai15_15_05,1224,936,1454.0,1680.0
int__tai15_15_05,1224,937,1337.0,1490.0
int__tai15_15_05,1224,938,1448.0,1630.0
int__tai15_15_05,1224,939,1326.0,1476.0
int__tai15_15_05,1224,940,1379.0,1547.0
int__tai15_15_05,1224,941,1371.0,1539.0
int__tai15_15_05,1224,942,1361.0,1521.0
int__tai15_15_05,1224,943,1326.0,1467.0
int__tai15_15_05,1224,944,1448.0,1606.0
int__tai15_15_05,1224,945,1358.0,1558.0
int__tai15_15_05,1224,946,1400.0,1560.0
int__tai15_15_05,1224,947,1377.0,1532.0
int__tai15_15_05,1224,948,1323.0,1534.0
int__tai15_15_05,1224,949,1325.0,1503.0
int__tai15_15_05,1224,950,1279.0,1450.0
int__tai15_15_05,1224,951,1434.0,1596.0
int__tai15_15_05,1224,952,1391.0,1549.0
int__tai15_15_05,1224,953,1287.0,1450.0
int__tai15_15_05,1224,954,1255.0,1440.0
int__tai15_15_05,1224,955,1305.0,1496.0
int__tai15_15_05,1224,956,1320.0,1519.0
int__tai15_15_05,1224,957,1351.0,1493.0
int__tai15_15_05,1224,958,1341.0,1473.0
int__tai15_15_05,1224,959,1480.0,1672.0
int__tai15_15_05,1224,960,1337.0,1473.0
int__tai15_15_05,1224,961,1350.0,1540.0
int__tai15_15_05,1224,962,1330.0,1509.0
int__tai15_15_05,1224,963,1320.0,1529.0
int__tai15_15_05,1224,964,1350.0,1525.0
int__tai15_15_05,1224,965,1356.0,1519.0
int__tai15_15_05,1224,966,1388.0,1518.0
int__tai15_15_05,1224,967,1378.0,1569.0
int__tai15_15_05,1224,968,1380.0,1548.0
int__tai15_15_05,1224,969,1361.0,1533.0
int__tai15_15_05,1224,970,1427.0,1629.0
int__tai15_15_05,1224,971,1330.0,1468.0
int__tai15_15_05,1224,972,1408.0,1594.0
int__tai15_15_05,1224,973,1411.0,1583.0
int__tai15_15_05,1224,974,1298.0,1491.0
int__tai15_15_05,1224,975,1345.0,1495.0
int__tai15_15_05,1224,976,1349.0,1511.0
int__tai15_15_05,1224,977,1314.0,1481.0
int__tai15_15_05,1224,978,1437.0,1601.0
int__tai15_15_05,1224,979,1311.0,1482.0
int__tai15_15_05,1224,980,1312.0,1480.0
int__tai15_15_05,1224,981,1352.0,1541.0
int__tai15_15_05,1224,982,1372.0,1550.0
int__tai15_15_05,1224,983,1323.0,1491.0
int__tai15_15_05,1224,984,1299.0,1496.0
int__tai15_15_05,1224,985,1348.0,1546.0
int__tai15_15_05,1224,986,1302.0,1454.0
int__tai15_15_05,1224,987,1410.0,1596.0
int__tai15_15_05,1224,988,1377.0,1555.0
int__tai15_15_05,1224,989,1386.0,1558.0
int__tai15_15_05,1224,990,1344.0,1539.0
int__tai15_15_05,1224,991,1336.0,1496.0
int__tai15_15_05,1224,992,1314.0,1525.0
int__tai15_15_05,1224,993,1346.0,1532.0
int__tai15_15_05,1224,994,1502.0,1682.0
int__tai15_15_05,1224,995,1325.0,1502.0
int__tai15_15_05,1224,996,1425.0,1637.0
int__tai15_15_05,1224,997,1366.0,1540.0
int__tai15_15_05,1224,998,1335.0,1503.0
int__tai15_15_05,1224,999,1373.0,1567.0
int__tai15_15_05,1224,1000,1310.0,1493.0
int__tai15_15_05,1224,1001,1353.0,1529.0
int__tai15_15_05,1224,1002,1362.0,1514.0
int__tai15_15_05,1224,1003,1308.0,1506.0
int__tai15_15_05,1224,1004,1297.0,1457.0
int__tai15_15_05,1224,1005,1324.0,1488.0
int__tai15_15_05,1224,1006,1348.0,1536.0
int__tai15_15_05,1224,1007,1361.0,1533.0
int__tai15_15_05,1224,1008,1380.0,1557.0
int__tai15_15_05,1224,1009,1313.0,1485.0
int__tai15_15_05,1224,1010,1384.0,1595.0
int__tai15_15_05,1224,1011,1426.0,1596.0
int__tai15_15_05,1224,1012,1324.0,1484.0
int__tai15_15_05,1224,1013,1321.0,1502.0
int__tai15_15_05,1224,1014,1327.0,1475.0
int__tai15_15_05,1224,1015,1370.0,1535.0
int__tai15_15_05,1224,1016,1441.0,1630.0
int__tai15_15_05,1224,1017,1313.0,1488.0
int__tai15_15_05,1224,1018,1376.0,1551.0
int__tai15_15_05,1224,1019,1286.0,1480.0
int__tai15_15_05,1224,1020,1365.0,1539.0
int__tai15_15_05,1224,1021,1371.0,1511.0
int__tai15_15_05,1224,1022,1434.0,1593.0
int__tai15_15_05,1224,1023,1329.0,1520.0
int__tai20_15_01,1357,0,1474.0,1715.0
int__tai20_15_01,1357,1,1613.0,1863.0
int__tai20_15_01,1357,2,1605.0,1871.0
int__tai20_15_01,1357,3,1520.0,1761.0
int__tai20_15_01,1357,4,1530.0,1728.0
int__tai20_15_01,1357,5,1533.0,1759.0
int__tai20_15_01,1357,6,1512.0,1740.0
int__tai20_15_01,1357,7,1455.0,1695.0
int__tai20_15_01,1357,8,1560.0,1778.0
int__tai20_15_01,1357,9,1575.0,1832.0
int__tai20_15_01,1357,10,1530.0,1800.0
int__tai20_15_01,1357,11,1490.0,1697.0
int__tai20_15_01,1357,12,1530.0,1779.0
int__tai20_15_01,1357,13,1685.0,1888.0
int__tai20_15_01,1357,14,1538.0,1775.0
int__tai20_15_01,1357,15,1534.0,1757.0
int__tai20_15_01,1357,16,1586.0,1818.0
int__tai20_15_01,1357,17,1525.0,1724.0
int__tai20_15_01,1357,18,1548.0,1768.0
int__tai20_15_01,1357,19,1496.0,1718.0
int__tai20_15_01,1357,20,1589.0,1846.0
int__tai20_15_01,1357,21,1621.0,1857.0
int__tai20_15_01,1357,22,1469.0,1689.0
int__tai20_15_01,1357,23,1535.0,1769.0
int__tai20_15_01,1357,24,1546.0,1786.0
int__tai20_15_01,1357,25,1582.0,1841.0
int__tai20_15_01,1357,26,1520.0,1750.0
int__tai20_15_01,1357,27,1484.0,1741.0
int__tai20_15_01,1357,28,1600.0,1806.0
int__tai20_15_01,1357,29,1583.0,1818.0
int__tai20_15_01,1357,30,1571.0,1825.0
int__tai20_15_01,1357,31,1467.0,1699.0
int__tai20_15_01,1357,32,1542.0,1813.0
int__tai20_15_01,1357,33,1516.0,1771.0
int__tai20_15_01,1357,34,1583.0,1855.0
int__tai20_15_01,1357,35,1504.0,1749.0
int__tai20_15_01,1357,36,1563.0,1796.0
int__tai20_15_01,1357,37,1580.0,1777.0
int__tai20_15_01,1357,38,1554.0,1812.0
int__tai20_15_01,1357,39,1488.0,1704.0
int__tai20_15_01,1357,40,1477.0,1710.0
int__tai20_15_01,1357,41,1612.0,1854.0
int__tai20_15_01,1357,42,1531.0,1766.0
int__tai20_15_01,1357,43,1568.0,1821.0
int__tai20_15_01,1357,44,1655.0,1937.0
int__tai20_15_01,1357,45,1548.0,1792.0
int__tai20_15_01,1357,46,1568.0,1830.0
int__tai20_15_01,1357,47,1546.0,1787.0
int__tai20_15_01,1357,48,1539.0,1801.0
int__tai20_15_01,1357,49,1609.0,1846.0
int__tai20_15_01,1357,50,1608.0,1862.0
int__tai20_15_01,1357,51,1521.0,1770.0
int__tai20_15_01,1357,52,1563.0,1789.0
int__tai20_15_01,1357,53,1563.0,1791.0
int__tai20_15_01,1357,54,1592.0,1897.0
int__tai20_15_01,1357,55,1556.0,1804.0
int__tai20_15_01,1357,56,1588.0,1824.0
int__tai20_15_01,1357,57,1572.0,1823.0
int__tai20_15_01,1357,58,1581.0,1810.0
int__tai20_15_01,1357,59,1515.0,1735.0
int__tai20_15_01,1357,60,1555.0,1803.0
int__tai20_15_01,1357,61,1621.0,1847.0
int__tai20_15_01,1357,62,1528.0,1747.0
int__tai20_15_01,1357,63,1456.0,1689.0
int__tai20_15_01,1357,64,1626.0,1868.0
int__tai20_15_01,1357,65,1506.0,1754.0
int__tai20_15_01,1357,66,1517.0,1743.0
int__tai20_15_01,1357,67,1474.0,1706.0
int__tai20_15_01,1357,68,1587.0,1819.0
int__tai20_15_01,1357,69,1551.0,1762.0
int__tai20_15_01,1357,70,1634.0,1880.0
int__tai20_15_01,1357,71,1548.0,1785.0
int__tai20_15_01,1357,72,1606.0,1860.0
int__tai20_15_01,1357,73,1528.0,1763.0
int__tai20_15_01,1357,74,1533.0,1786.0
int__tai20_15_01,1357,75,1503.0,1753.0
int__tai20_15_01,1357,76,1545.0,1762.0
int__tai20_15_01,1357,77,1590.0,1829.0
int__tai20_15_01,1357,78,1450.0,1672.0
int__tai20_15_01,1357,79,1492.0,1732.0
int__tai20_15_01,1357,80,1450.0,1679.0
int__tai20_15_01,1357,81,1508.0,1737.0
int__tai20_15_01,1357,82,1535.0,1760.0
int__tai20_15_01,1357,83,1618.0,1846.0
int__tai20_15_01,1357,84,1563.0,1816.0
int__tai20_15_01,1357,85,1579.0,1827.0
int__tai20_15_01,1357,86,1564.0,1814.0
int__tai20_15_01,1357,87,1517.0,1776.0
int__tai20_15_01,1357,88,1617.0,1901.0
int__tai20_15_01,1357,89,1507.0,1719.0
int__tai20_15_01,1357,90,1548.0,1788.0
int__tai20_15_01,1357,91,1539.0,1785.0
int__tai20_15_01,1357,92,1499.0,1733.0
int__tai20_15_01,1357,93,1639.0,1872.0
int__tai20_15_01,1357,94,1485.0,1701.0
int__tai20_15_01,1357,95,1563.0,1756.0
int__tai20_15_01,1357,96,1525.0,1736.0
int__tai20_15_01,1357,97,1574.0,1826.0
int__tai20_15_01,1357,98,1567.0,1813.0
int__tai20_15_01,1357,99,1578.0,1814.0
int__tai20_15_01,1357,100,1463.0,1705.0
int__tai20_15_01,1357,101,1582.0,1817.0
int__tai20_15_01,1357,102,1558.0,1778.0
int__tai20_15_01,1357,103,1611.0,1853.0
int__tai20_15_01,1357,104,1519.0,1752.0
int__tai20_15_01,1357,105,1521.0,1763.0
int__tai20_15_01,1357,106,1616.0,1840.0
int__tai20_15_01,1357,107,1583.0,1827.0
int__tai20_15_01,1357,108,1511.0,1727.0
int__tai20_15_01,1357,109,1593.0,1864.0
int__tai20_15_01,1357,110,1520.0,1737.0
int__tai20_15_01,1357,111,1519.0,1766.0
int__tai20_15_01,1357,112,1538.0,1750.0
int__tai20_15_01,1357,113,1517.0,1763.0
int__tai20_15_01,1357,114,1684.0,1922.0
int__tai20_15_01,1357,115,1530.0,1779.0
int__tai20_15_01,1357,116,1569.0,1789.0
int__tai20_15_01,1357,117,1563.0,1791.0
int__tai20_15_01,1357,118,1491.0,1713.0
int__tai20_15_01,1357,119,1522.0,1754.0
int__tai20_15_01,1357,120,1701.0,1925.0
int__tai20_15_01,1357,121,1525.0,1734.0
int__tai20_15_01,1357,122,1540.0,1762.0
int__tai20_15_01,1357,123,1470.0,1687.0
int__tai20_15_01,1357,124,1538.0,1776.0
int__tai20_15_01,1357,125,1541.0,1764.0
int__tai20_15_01,1357,126,1509.0,1751.0
int__tai20_15_01,1357,127,1561.0,1782.0
int__tai20_15_01,1357,128,1714.0,1975.0
int__tai20_15_01,1357,129,1591.0,1824.0
int__tai20_15_01,1357,130,1560.0,1773.0
int__tai20_15_01,1357,131,1525.0,1761.0
int__tai20_15_01,1357,132,1557.0,1812.0
int__tai20_15_01,1357,133,1548.0,1796.0
int__tai20_15_01,1357,134,1519.0,1737.0
int__tai20_15_01,1357,135,1597.0,1845.0
int__tai20_15_01,1357,136,1565.0,1812.0
int__tai20_15_01,1357,137,1534.0,1788.0
int__tai20_15_01,1357,138,1541.0,1751.0
int__tai20_15_01,1357,139,1536.0,1790.0
int__tai20_15_01,1357,140,1552.0,1791.0
int__tai20_15_01,1357,141,1591.0,1855.0
int__tai20_15_01,1357,142,1532.0,1767.0
int__tai20_15_01,1357,143,1594.0,1818.0
int__tai20_15_01,1357,144,1580.0,1821.0
int__tai20_15_01,1357,145,1526.0,1762.0
int__tai20_15_01,1357,146,1542.0,1793.0
int__tai20_15_01,1357,147,1494.0,1740.0
int__tai20_15_01,1357,148,1561.0,1773.0
int__tai20_15_01,1357,149,1595.0,1832.0
int__tai20_15_01,1357,150,1569.0,1794.0
int__tai20_15_01,1357,151,1697.0,1967.0
int__tai20_15_01,1357,152,1516.0,1730.0
int__tai20_15_01,1357,153,1537.0,1791.0
int__tai20_15_01,1357,154,1509.0,1755.0
int__tai20_15_01,1357,155,1535.0,1790.0
int__tai20_15_01,1357,156,1559.0,1840.0
int__tai20_15_01,1357,157,1491.0,1719.0
int__tai20_15_01,1357,158,1514.0,1724.0
int__tai20_15_01,1357,159,1486.0,1727.0
int__tai20_15_01,1357,160,1628.0,1843.0
int__tai20_15_01,1357,161,1545.0,1801.0
int__tai20_15_01,1357,162,1668.0,1940.0
int__tai20_15_01,1357,163,1505.0,1749.0
int__tai20_15_01,1357,164,1586.0,1818.0
int__tai20_15_01,1357,165,1560.0,1808.0
int__tai20_15_01,1357,166,1594.0,1802.0
int__tai20_15_01,1357,167,1505.0,1734.0
int__tai20_15_01,1357,168,1548.0,1793.0
int__tai20_15_01,1357,169,1554.0,1813.0
int__tai20_15_01,1357,170,1603.0,1803.0
int__tai20_15_01,1357,171,1566.0,1810.0
int__tai20_15_01,1357,172,1646.0,1888.0
int__tai20_15_01,1357,173,1582.0,1827.0
int__tai20_15_01,1357,174,1569.0,1785.0
int__tai20_15_01,1357,175,1506.0,1725.0
int__tai20_15_01,1357,176,1554.0,1793.0
int__tai20_15_01,1357,177,1579.0,1808.0
int__tai20_15_01,1357,178,1501.0,1747.0
int__tai20_15_01,1357,179,1489.0,1712.0
int__tai20_15_01,1357,180,1494.0,1754.0
int__tai20_15_01,1357,181,1560.0,1811.0
int__tai20_15_01,1357,182,1558.0,1793.0
int__tai20_15_01,1357,183,1550.0,1772.0
int__tai20_15_01,1357,184,1555.0,1803.0
int__tai20_15_01,1357,185,1538.0,1760.0
int__tai20_15_01,1357,186,1524.0,1766.0
int__tai20_15_01,1357,187,1489.0,1722.0
int__tai20_15_01,1357,188,1558.0,1796.0
int__tai20_15_01,1357,189,1628.0,1862.0
int__tai20_15_01,1357,190,1642.0,1849.0
int__tai20_15_01,1357,191,1615.0,1847.0
int__tai20_15_01,1357,192,1555.0,1795.0
int__tai20_15_01,1357,193,1526.0,1767.0
int__tai20_15_01,1357,194,1553.0,1786.0
int__tai20_15_01,1357,195,1574.0,1810.0
int__tai20_15_01,1357,196,1520.0,1726.0
int__tai20_15_01,1357,197,1485.0,1722.0
int__tai20_15_01,1357,198,1528.0,1722.0
int__tai20_15_01,1357,199,1521.0,1762.0
int__tai20_15_01,1357,200,1503.0,1754.0
int__tai20_15_01,1357,201,1525.0,1761.0
int__tai20_15_01,1357,202,1597.0,1797.0
int__tai20_15_01,1357,203,1638.0,1876.0
int__tai20_15_01,1357,204,1571.0,1793.0
int__tai20_15_01,1357,205,1559.0,1798.0
int__tai20_15_01,1357,206,1558.0,1795.0
int__tai20_15_01,1357,207,1620.0,1882.0
int__tai20_15_01,1357,208,1659.0,1911.0
int__tai20_15_01,1357,209,1524.0,1767.0
int__tai20_15_01,1357,210,1605.0,1836.0
int__tai20_15_01,1357,211,1523.0,1759.0
int__tai20_15_01,1357,212,1585.0,1830.0
int__tai20_15_01,1357,213,1511.0,1749.0
int__tai20_15_01,1357,214,1517.0,1741.0
int__tai20_15_01,1357,215,1624.0,1828.0
int__tai20_15_01,1357,216,1498.0,1702.0
int__tai20_15_01,1357,217,1575.0,1821.0
int__tai20_15_01,1357,218,1577.0,1824.0
int__tai20_15_01,1357,219,1564.0,1821.0
int__tai20_15_01,1357,220,1510.0,1746.0
int__tai20_15_01,1357,221,1505.0,1764.0
int__tai20_15_01,1357,222,1579.0,1805.0
int__tai20_15_01,1357,223,1595.0,1837.0
int__tai20_15_01,1357,224,1609.0,1868.0
int__tai20_15_01,1357,225,1536.0,1748.0
int__tai20_15_01,1357,226,1575.0,1798.0
int__tai20_15_01,1357,227,1535.0,1775.0
int__tai20_15_01,1357,228,1579.0,1825.0
int__tai20_15_01,1357,229,1575.0,1795.0
int__tai20_15_01,1357,230,1548.0,1812.0
int__tai20_15_01,1357,231,1587.0,1800.0
int__tai20_15_01,1357,232,1541.0,1775.0
int__tai20_15_01,1357,233,1623.0,1860.0
int__tai20_15_01,1357,234,1534.0,1797.0
int__tai20_15_01,1357,235,1521.0,1750.0
int__tai20_15_01,1357,236,1519.0,1749.0
int__tai20_15_01,1357,237,1500.0,1722.0
int__tai20_15_01,1357,238,1653.0,1886.0
int__tai20_15_01,1357,239,1532.0,1758.0
int__tai20_15_01,1357,240,1568.0,1789.0
int__tai20_15_01,1357,241,1604.0,1855.0
int__tai20_15_01,1357,242,1542.0,1781.0
int__tai20_15_01,1357,243,1543.0,1766.0
int__tai20_15_01,1357,244,1541.0,1787.0
int__tai20_15_01,1357,245,1578.0,1812.0
int__tai20_15_01,1357,246,1495.0,1707.0
int__tai20_15_01,1357,247,1542.0,1786.0
int__tai20_15_01,1357,248,1500.0,1756.0
int__tai20_15_01,1357,249,1585.0,1827.0
int__tai20_15_01,1357,250,1560.0,1783.0
int__tai20_15_01,1357,251,1562.0,1818.0
int__tai20_15_01,1357,252,1515.0,1758.0
int__tai20_15_01,1357,253,1539.0,1795.0
int__tai20_15_01,1357,254,1524.0,1750.0
int__tai20_15_01,1357,255,1669.0,1936.0
int__tai20_15_01,1357,256,1566.0,1796.0
int__tai20_15_01,1357,257,1561.0,1790.0
int__tai20_15_01,1357,258,1583.0,1826.0
int__tai20_15_01,1357,259,1629.0,1872.0
int__tai20_15_01,1357,260,1533.0,1781.0
int__tai20_15_01,1357,261,1551.0,1739.0
int__tai20_15_01,1357,262,1573.0,1815.0
int__tai20_15_01,1357,263,1512.0,1758.0
int__tai20_15_01,1357,264,1573.0,1803.0
int__tai20_15_01,1357,265,1508.0,1739.0
int__tai20_15_01,1357,266,1568.0,1827.0
int__tai20_15_01,1357,267,1538.0,1751.0
int__tai20_15_01,1357,268,1583.0,1832.0
int__tai20_15_01,1357,269,1555.0,1777.0
int__tai20_15_01,1357,270,1552.0,1798.0
int__tai20_15_01,1357,271,1595.0,1815.0
int__tai20_15_01,1357,272,1512.0,1748.0
int__tai20_15_01,1357,273,1532.0,1777.0
int__tai20_15_01,1357,274,1518.0,1775.0
int__tai20_15_01,1357,275,1525.0,1751.0
int__tai20_15_01,1357,276,1502.0,1734.0
int__tai20_15_01,1357,277,1577.0,1810.0
int__tai20_15_01,1357,278,1578.0,1798.0
int__tai20_15_01,1357,279,1530.0,1785.0
int__tai20_15_01,1357,280,1503.0,1733.0
int__tai20_15_01,1357,281,1515.0,1792.0
int__tai20_15_01,1357,282,1505.0,1746.0
int__tai20_15_01,1357,283,1530.0,1755.0
int__tai20_15_01,1357,284,1498.0,1716.0
int__tai20_15_01,1357,285,1594.0,1796.0
int__tai20_15_01,1357,286,1562.0,1796.0
int__tai20_15_01,1357,287,1543.0,1802.0
int__tai20_15_01,1357,288,1629.0,1880.0
int__tai20_15_01,1357,289,1525.0,1759.0
int__tai20_15_01,1357,290,1607.0,1848.0
int__tai20_15_01,1357,291,1510.0,1743.0
int__tai20_15_01,1357,292,1519.0,1754.0
int__tai20_15_01,1357,293,1528.0,1773.0
int__tai20_15_01,1357,294,1576.0,1832.0
int__tai20_15_01,1357,295,1593.0,1830.0
int__tai20_15_01,1357,296,1724.0,2001.0
int__tai20_15_01,1357,297,1558.0,1810.0
int__tai20_15_01,1357,298,1578.0,1820.0
int__tai20_15_01,1357,299,1558.0,1808.0
int__tai20_15_01,1357,300,1545.0,1781.0
int__tai20_15_01,1357,301,1554.0,1804.0
int__tai20_15_01,1357,302,1564.0,1792.0
int__tai20_15_01,1357,303,1580.0,1801.0
int__tai20_15_01,1357,304,1542.0,1788.0
int__tai20_15_01,1357,305,1578.0,1831.0
int__tai20_15_01,1357,306,1512.0,1742.0
int__tai20_15_01,1357,307,1598.0,1842.0
int__tai20_15_01,1357,308,1542.0,1782.0
int__tai20_15_01,1357,309,1530.0,1767.0
int__tai20_15_01,1357,310,1555.0,1791.0
int__tai20_15_01,1357,311,1534.0,1776.0
int__tai20_15_01,1357,312,1480.0,1723.0
int__tai20_15_01,1357,313,1582.0,1828.0
int__tai20_15_01,1357,314,1559.0,1801.0
int__tai20_15_01,1357,315,1508.0,1753.0
int__tai20_15_01,1357,316,1542.0,1773.0
int__tai20_15_01,1357,317,1492.0,1723.0
int__tai20_15_01,1357,318,1491.0,1729.0
int__tai20_15_01,1357,319,1645.0,1907.0
int__tai20_15_01,1357,320,1563.0,1791.0
int__tai20_15_01,1357,321,1449.0,1672.0
int__tai20_15_01,1357,322,1514.0,1741.0
int__tai20_15_01,1357,323,1542.0,1790.0
int__tai20_15_01,1357,324,1530.0,1779.0
int__tai20_15_01,1357,325,1547.0,1780.0
int__tai20_15_01,1357,326,1553.0,1789.0
int__tai20_15_01,1357,327,1560.0,1784.0
int__tai20_15_01,1357,328,1568.0,1818.0
int__tai20_15_01,1357,329,1623.0,1873.0
int__tai20_15_01,1357,330,1488.0,1716.0
int__tai20_15_01,1357,331,1547.0,1785.0
int__tai20_15_01,1357,332,1618.0,1855.0
int__tai20_15_01,1357,333,1574.0,1829.0
int__tai20_15_01,1357,334,1530.0,1753.0
int__tai20_15_01,1357,335,1494.0,1748.0
int__tai20_15_01,1357,336,1536.0,1800.0
int__tai20_15_01,1357,337,1522.0,1772.0
int__tai20_15_01,1357,338,1534.0,1781.0
int__tai20_15_01,1357,339,1515.0,1755.0
int__tai20_15_01,1357,340,1539.0,1778.0
int__tai20_15_01,1357,341,1589.0,1853.0
int__tai20_15_01,1357,342,1544.0,1796.0
int__tai20_15_01,1357,343,1533.0,1791.0
int__tai20_15_01,1357,344,1576.0,1814.0
int__tai20_15_01,1357,345,1594.0,1840.0
int__tai20_15_01,1357,346,1547.0,1787.0
int__tai20_15_01,1357,347,1597.0,1837.0
int__tai20_15_01,1357,348,1582.0,1820.0
int__tai20_15_01,1357,349,1558.0,1782.0
int__tai20_15_01,1357,350,1583.0,1806.0
int__tai20_15_01,1357,351,1564.0,1808.0
int__tai20_15_01,1357,352,1525.0,1781.0
int__tai20_15_01,1357,353,1517.0,1767.0
int__tai20_15_01,1357,354,1660.0,1884.0
int__tai20_15_01,1357,355,1537.0,1794.0
int__tai20_15_01,1357,356,1609.0,1829.0
int__tai20_15_01,1357,357,1628.0,1877.0
int__tai20_15_01,1357,358,1564.0,1801.0
int__tai20_15_01,1357,359,1578.0,1826.0
int__tai20_15_01,1357,360,1489.0,1716.0
int__tai20_15_01,1357,361,1529.0,1761.0
int__tai20_15_01,1357,362,1572.0,1819.0
int__tai20_15_01,1357,363,1537.0,1762.0
int__tai20_15_01,1357,364,1526.0,1738.0
int__tai20_15_01,1357,365,1518.0,1763.0
int__tai20_15_01,1357,366,1530.0,1769.0
int__tai20_15_01,1357,367,1580.0,1848.0
int__tai20_15_01,1357,368,1511.0,1765.0
int__tai20_15_01,1357,369,1484.0,1718.0
int__tai20_15_01,1357,370,1546.0,1773.0
int__tai20_15_01,1357,371,1584.0,1830.0
int__tai20_15_01,1357,372,1642.0,1893.0
int__tai20_15_01,1357,373,1563.0,1783.0
int__tai20_15_01,1357,374,1527.0,1739.0
int__tai20_15_01,1357,375,1618.0,1804.0
int__tai20_15_01,1357,376,1486.0,1715.0
int__tai20_15_01,1357,377,1517.0,1737.0
int__tai20_15_01,1357,378,1578.0,1825.0
int__tai20_15_01,1357,379,1609.0,1817.0
int__tai20_15_01,1357,380,1505.0,1742.0
int__tai20_15_01,1357,381,1575.0,1801.0
int__tai20_15_01,1357,382,1591.0,1818.0
int__tai20_15_01,1357,383,1530.0,1763.0
int__tai20_15_01,1357,384,1566.0,1810.0
int__tai20_15_01,1357,385,1662.0,1910.0
int__tai20_15_01,1357,386,1583.0,1785.0
int__tai20_15_01,1357,387,1508.0,1764.0
int__tai20_15_01,1357,388,1597.0,1847.0
int__tai20_15_01,1357,389,1503.0,1760.0
int__tai20_15_01,1357,390,1577.0,1824.0
int__tai20_15_01,1357,391,1559.0,1820.0
int__tai20_15_01,1357,392,1633.0,1855.0
int__tai20_15_01,1357,393,1621.0,1874.0
int__tai20_15_01,1357,394,1514.0,1764.0
int__tai20_15_01,1357,395,1518.0,1774.0
int__tai20_15_01,1357,396,1493.0,1723.0
int__tai20_15_01,1357,397,1618.0,1883.0
int__tai20_15_01,1357,398,1474.0,1703.0
int__tai20_15_01,1357,399,1595.0,1839.0
int__tai20_15_01,1357,400,1491.0,1759.0
int__tai20_15_01,1357,401,1615.0,1847.0
int__tai20_15_01,1357,402,1647.0,1889.0
int__tai20_15_01,1357,403,1620.0,1900.0
int__tai20_15_01,1357,404,1639.0,1883.0
int__tai20_15_01,1357,405,1523.0,1789.0
int__tai20_15_01,1357,406,1444.0,1699.0
int__tai20_15_01,1357,407,1568.0,1798.0
int__tai20_15_01,1357,408,1578.0,1820.0
int__tai20_15_01,1357,409,1612.0,1855.0
int__tai20_15_01,1357,410,1517.0,1754.0
int__tai20_15_01,1357,411,1588.0,1857.0
int__tai20_15_01,1357,412,1617.0,1810.0
int__tai20_15_01,1357,413,1511.0,1745.0
int__tai20_15_01,1357,414,1582.0,1836.0
int__tai20_15_01,1357,415,1533.0,1767.0
int__tai20_15_01,1357,416,1680.0,1928.0
int__tai20_15_01,1357,417,1521.0,1757.0
int__tai20_15_01,1357,418,1483.0,1694.0
int__tai20_15_01,1357,419,1556.0,1795.0
int__tai20_15_01,1357,420,1538.0,1797.0
int__tai20_15_01,1357,421,1484.0,1722.0
int__tai20_15_01,1357,422,1539.0,1780.0
int__tai20_15_01,1357,423,1555.0,1791.0
int__tai20_15_01,1357,424,1582.0,1811.0
int__tai20_15_01,1357,425,1578.0,1796.0
int__tai20_15_01,1357,426,1521.0,1775.0
int__tai20_15_01,1357,427,1575.0,1795.0
int__tai20_15_01,1357,428,1558.0,1815.0
int__tai20_15_01,1357,429,1583.0,1833.0
int__tai20_15_01,1357,430,1549.0,1742.0
int__tai20_15_01,1357,431,1581.0,1825.0
int__tai20_15_01,1357,432,1564.0,1816.0
int__tai20_15_01,1357,433,1549.0,1790.0
int__tai20_15_01,1357,434,1584.0,1801.0
int__tai20_15_01,1357,435,1525.0,1771.0
int__tai20_15_01,1357,436,1557.0,1757.0
int__tai20_15_01,1357,437,1575.0,1809.0
int__tai20_15_01,1357,438,1621.0,1829.0
int__tai20_15_01,1357,439,1528.0,1750.0
int__tai20_15_01,1357,440,1597.0,1839.0
int__tai20_15_01,1357,441,1593.0,1832.0
int__tai20_15_01,1357,442,1591.0,1803.0
int__tai20_15_01,1357,443,1610.0,1868.0
int__tai20_15_01,1357,444,1548.0,1768.0
int__tai20_15_01,1357,445,1546.0,1774.0
int__tai20_15_01,1357,446,1629.0,1863.0
int__tai20_15_01,1357,447,1557.0,1789.0
int__tai20_15_01,1357,448,1556.0,1786.0
int__tai20_15_01,1357,449,1563.0,1802.0
int__tai20_15_01,1357,450,1559.0,1803.0
int__tai20_15_01,1357,451,1570.0,1792.0
int__tai20_15_01,1357,452,1568.0,1813.0
int__tai20_15_01,1357,453,1529.0,1767.0
int__tai20_15_01,1357,454,1584.0,1840.0
int__tai20_15_01,1357,455,1763.0,2006.0
int__tai20_15_01,1357,456,1600.0,1835.0
int__tai20_15_01,1357,457,1569.0,1826.0
int__tai20_15_01,1357,458,1627.0,1869.0
int__tai20_15_01,1357,459,1524.0,1772.0
int__tai20_15_01,1357,460,1514.0,1775.0
int__tai20_15_01,1357,461,1576.0,1825.0
int__tai20_15_01,1357,462,1623.0,1883.0
int__tai20_15_01,1357,463,1554.0,1811.0
int__tai20_15_01,1357,464,1555.0,1791.0
int__tai20_15_01,1357,465,1560.0,1797.0
int__tai20_15_01,1357,466,1618.0,1858.0
int__tai20_15_01,1357,467,1555.0,1800.0
int__tai20_15_01,1357,468,1592.0,1805.0
int__tai20_15_01,1357,469,1535.0,1748.0
int__tai20_15_01,1357,470,1727.0,1963.0
int__tai20_15_01,1357,471,1542.0,1758.0
int__tai20_15_01,1357,472,1561.0,1807.0
int__tai20_15_01,1357,473,1541.0,1795.0
int__tai20_15_01,1357,474,1628.0,1854.0
int__tai20_15_01,1357,475,1636.0,1878.0
int__tai20_15_01,1357,476,1551.0,1779.0
int__tai20_15_01,1357,477,1581.0,1814.0
int__tai20_15_01,1357,478,1549.0,1761.0
int__tai20_15_01,1357,479,1612.0,1820.0
int__tai20_15_01,1357,480,1606.0,1820.0
int__tai20_15_01,1357,481,1516.0,1766.0
int__tai20_15_01,1357,482,1502.0,1760.0
int__tai20_15_01,1357,483,1509.0,1737.0
int__tai20_15_01,1357,484,1458.0,1683.0
int__tai20_15_01,1357,485,1527.0,1766.0
int__tai20_15_01,1357,486,1552.0,1759.0
int__tai20_15_01,1357,487,1606.0,1800.0
int__tai20_15_01,1357,488,1564.0,1806.0
int__tai20_15_01,1357,489,1522.0,1772.0
int__tai20_15_01,1357,490,1539.0,1768.0
int__tai20_15_01,1357,491,1629.0,1883.0
int__tai20_15_01,1357,492,1604.0,1840.0
int__tai20_15_01,1357,493,1553.0,1799.0
int__tai20_15_01,1357,494,1541.0,1783.0
int__tai20_15_01,1357,495,1513.0,1761.0
int__tai20_15_01,1357,496,1515.0,1771.0
int__tai20_15_01,1357,497,1573.0,1821.0
int__tai20_15_01,1357,498,1571.0,1828.0
int__tai20_15_01,1357,499,1571.0,1823.0
int__tai20_15_01,1357,500,1574.0,1818.0
int__tai20_15_01,1357,501,1460.0,1695.0
int__tai20_15_01,1357,502,1572.0,1827.0
int__tai20_15_01,1357,503,1623.0,1880.0
int__tai20_15_01,1357,504,1565.0,1797.0
int__tai20_15_01,1357,505,1548.0,1781.0
int__tai20_15_01,1357,506,1587.0,1811.0
int__tai20_15_01,1357,507,1511.0,1741.0
int__tai20_15_01,1357,508,1566.0,1778.0
int__tai20_15_01,1357,509,1546.0,1792.0
int__tai20_15_01,1357,510,1472.0,1713.0
int__tai20_15_01,1357,511,1596.0,1858.0
int__tai20_15_01,1357,512,1630.0,1859.0
int__tai20_15_01,1357,513,1547.0,1779.0
int__tai20_15_01,1357,514,1438.0,1684.0
int__tai20_15_01,1357,515,1541.0,1769.0
int__tai20_15_01,1357,516,1546.0,1787.0
int__tai20_15_01,1357,517,1534.0,1762.0
int__tai20_15_01,1357,518,1475.0,1703.0
int__tai20_15_01,1357,519,1718.0,2002.0
int__tai20_15_01,1357,520,1562.0,1810.0
int__tai20_15_01,1357,521,1544.0,1802.0
int__tai20_15_01,1357,522,1510.0,1742.0
int__tai20_15_01,1357,523,1551.0,1777.0
int__tai20_15_01,1357,524,1513.0,1744.0
int__tai20_15_01,1357,525,1586.0,1810.0
int__tai20_15_01,1357,526,1581.0,1822.0
int__tai20_15_01,1357,527,1629.0,1858.0
int__tai20_15_01,1357,528,1575.0,1817.0
int__tai20_15_01,1357,529,1626.0,1856.0
int__tai20_15_01,1357,530,1571.0,1821.0
int__tai20_15_01,1357,531,1500.0,1753.0
int__tai20_15_01,1357,532,1527.0,1797.0
int__tai20_15_01,1357,533,1535.0,1745.0
int__tai20_15_01,1357,534,1516.0,1773.0
int__tai20_15_01,1357,535,1565.0,1780.0
int__tai20_15_01,1357,536,1579.0,1840.0
int__tai20_15_01,1357,537,1606.0,1872.0
int__tai20_15_01,1357,538,1583.0,1830.0
int__tai20_15_01,1357,539,1527.0,1753.0
int__tai20_15_01,1357,540,1558.0,1796.0
int__tai20_15_01,1357,541,1520.0,1741.0
int__tai20_15_01,1357,542,1504.0,1727.0
int__tai20_15_01,1357,543,1552.0,1796.0
int__tai20_15_01,1357,544,1542.0,1796.0
int__tai20_15_01,1357,545,1523.0,1726.0
int__tai20_15_01,1357,546,1569.0,1817.0
int__tai20_15_01,1357,547,1545.0,1759.0
int__tai20_15_01,1357,548,1628.0,1868.0
int__tai20_15_01,1357,549,1545.0,1755.0
int__tai20_15_01,1357,550,1603.0,1843.0
int__tai20_15_01,1357,551,1530.0,1785.0
int__tai20_15_01,1357,552,1600.0,1868.0
int__tai20_15_01,1357,553,1522.0,1761.0
int__tai20_15_01,1357,554,1517.0,1744.0
int__tai20_15_01,1357,555,1539.0,1773.0
int__tai20_15_01,1357,556,1614.0,1831.0
int__tai20_15_01,1357,557,1559.0,1806.0
int__tai20_15_01,1357,558,1585.0,1850.0
int__tai20_15_01,1357,559,1519.0,1740.0
int__tai20_15_01,1357,560,1552.0,1779.0
int__tai20_15_01,1357,561,1501.0,1721.0
int__tai20_15_01,1357,562,1576.0,1819.0
int__tai20_15_01,1357,563,1598.0,1831.0
int__tai20_15_01,1357,564,1586.0,1838.0
int__tai20_15_01,1357,565,1520.0,1727.0
int__tai20_15_01,1357,566,1569.0,1835.0
int__tai20_15_01,1357,567,1582.0,1827.0
int__tai20_15_01,1357,568,1562.0,1782.0
int__tai20_15_01,1357,569,1529.0,1740.0
int__tai20_15_01,1357,570,1573.0,1812.0
int__tai20_15_01,1357,571,1658.0,1900.0
int__tai20_15_01,1357,572,1541.0,1784.0
int__tai20_15_01,1357,573,1541.0,1775.0
int__tai20_15_01,1357,574,1565.0,1806.0
int__tai20_15_01,1357,575,1504.0,1724.0
int__tai20_15_01,1357,576,1595.0,1830.0
int__tai20_15_01,1357,577,1558.0,1794.0
int__tai20_15_01,1357,578,1563.0,1795.0
int__tai20_15_01,1357,579,1580.0,1828.0
int__tai20_15_01,1357,580,1554.0,1801.0
int__tai20_15_01,1357,581,1592.0,1840.0
int__tai20_15_01,1357,582,1605.0,1864.0
int__tai20_15_01,1357,583,1568.0,1808.0
int__tai20_15_01,1357,584,1512.0,1747.0
int__tai20_15_01,1357,585,1578.0,1805.0
int__tai20_15_01,1357,586,1548.0,1770.0
int__tai20_15_01,1357,587,1513.0,1717.0
int__tai20_15_01,1357,588,1546.0,1801.0
int__tai20_15_01,1357,589,1547.0,1791.0
int__tai20_15_01,1357,590,1598.0,1825.0
int__tai20_15_01,1357,591,1562.0,1794.0
int__tai20_15_01,1357,592,1529.0,1772.0
int__tai20_15_01,1357,593,1512.0,1764.0
int__tai20_15_01,1357,594,1571.0,1825.0
int__tai20_15_01,1357,595,1561.0,1818.0
int__tai20_15_01,1357,596,1513.0,1774.0
int__tai20_15_01,1357,597,1624.0,1864.0
int__tai20_15_01,1357,598,1534.0,1766.0
int__tai20_15_01,1357,599,1563.0,1794.0
int__tai20_15_01,1357,600,1564.0,1836.0
int__tai20_15_01,1357,601,1537.0,1775.0
int__tai20_15_01,1357,602,1480.0,1729.0
int__tai20_15_01,1357,603,1473.0,1710.0
int__tai20_15_01,1357,604,1569.0,1815.0
int__tai20_15_01,1357,605,1497.0,1713.0
int__tai20_15_01,1357,606,1524.0,1789.0
int__tai20_15_01,1357,607,1629.0,1854.0
int__tai20_15_01,1357,608,1645.0,1877.0
int__tai20_15_01,1357,609,1549.0,1771.0
int__tai20_15_01,1357,610,1620.0,1850.0
int__tai20_15_01,1357,611,1528.0,1779.0
int__tai20_15_01,1357,612,1585.0,1819.0
int__tai20_15_01,1357,613,1533.0,1753.0
int__tai20_15_01,1357,614,1529.0,1740.0
int__tai20_15_01,1357,615,1567.0,1812.0
int__tai20_15_01,1357,616,1481.0,1725.0
int__tai20_15_01,1357,617,1522.0,1778.0
int__tai20_15_01,1357,618,1565.0,1783.0
int__tai20_15_01,1357,619,1573.0,1797.0
int__tai20_15_01,1357,620,1494.0,1745.0
int__tai20_15_01,1357,621,1581.0,1857.0
int__tai20_15_01,1357,622,1497.0,1718.0
int__tai20_15_01,1357,623,1540.0,1776.0
int__tai20_15_01,1357,624,1559.0,1775.0
int__tai20_15_01,1357,625,1511.0,1753.0
int__tai20_15_01,1357,626,1520.0,1766.0
int__tai20_15_01,1357,627,1482.0,1715.0
int__tai20_15_01,1357,628,1612.0,1846.0
int__tai20_15_01,1357,629,1653.0,1901.0
int__tai20_15_01,1357,630,1552.0,1798.0
int__tai20_15_01,1357,631,1494.0,1723.0
int__tai20_15_01,1357,632,1609.0,1852.0
int__tai20_15_01,1357,633,1544.0,1816.0
int__tai20_15_01,1357,634,1629.0,1880.0
int__tai20_15_01,1357,635,1533.0,1782.0
int__tai20_15_01,1357,636,1613.0,1871.0
int__tai20_15_01,1357,637,1499.0,1731.0
int__tai20_15_01,1357,638,1478.0,1726.0
int__tai20_15_01,1357,639,1502.0,1731.0
int__tai20_15_01,1357,640,1522.0,1777.0
int__tai20_15_01,1357,641,1510.0,1745.0
int__tai20_15_01,1357,642,1524.0,1768.0
int__tai20_15_01,1357,643,1568.0,1799.0
int__tai20_15_01,1357,644,1561.0,1794.0
int__tai20_15_01,1357,645,1527.0,1754.0
int__tai20_15_01,1357,646,1506.0,1738.0
int__tai20_15_01,1357,647,1533.0,1767.0
int__tai20_15_01,1357,648,1722.0,1990.0
int__tai20_15_01,1357,649,1497.0,1700.0
int__tai20_15_01,1357,650,1496.0,1725.0
int__tai20_15_01,1357,651,1537.0,1788.0
int__tai20_15_01,1357,652,1595.0,1806.0
int__tai20_15_01,1357,653,1599.0,1841.0
int__tai20_15_01,1357,654,1517.0,1735.0
int__tai20_15_01,1357,655,1542.0,1742.0
int__tai20_15_01,1357,656,1553.0,1769.0
int__tai20_15_01,1357,657,1511.0,1744.0
int__tai20_15_01,1357,658,1514.0,1737.0
int__tai20_15_01,1357,659,1529.0,1762.0
int__tai20_15_01,1357,660,1577.0,1813.0
int__tai20_15_01,1357,661,1599.0,1834.0
int__tai20_15_01,1357,662,1544.0,1785.0
int__tai20_15_01,1357,663,1479.0,1688.0
int__tai20_15_01,1357,664,1685.0,1894.0
int__tai20_15_01,1357,665,1530.0,1770.0
int__tai20_15_01,1357,666,1502.0,1724.0
int__tai20_15_01,1357,667,1600.0,1845.0
int__tai20_15_01,1357,668,1569.0,1778.0
int__tai20_15_01,1357,669,1479.0,1695.0
int__tai20_15_01,1357,670,1451.0,1671.0
int__tai20_15_01,1357,671,1525.0,1754.0
int__tai20_15_01,1357,672,1536.0,1786.0
int__tai20_15_01,1357,673,1569.0,1813.0
int__tai20_15_01,1357,674,1637.0,1868.0
int__tai20_15_01,1357,675,1560.0,1805.0
int__tai20_15_01,1357,676,1511.0,1740.0
int__tai20_15_01,1357,677,1569.0,1807.0
int__tai20_15_01,1357,678,1542.0,1776.0
int__tai20_15_01,1357,679,1582.0,1856.0
int__tai20_15_01,1357,680,1547.0,1774.0
int__tai20_15_01,1357,681,1561.0,1782.0
int__tai20_15_01,1357,682,1481.0,1734.0
int__tai20_15_01,1357,683,1586.0,1823.0
int__tai20_15_01,1357,684,1563.0,1803.0
int__tai20_15_01,1357,685,1654.0,1939.0
int__tai20_15_01,1357,686,1635.0,1905.0
int__tai20_15_01,1357,687,1578.0,1827.0
int__tai20_15_01,1357,688,1566.0,1812.0
int__tai20_15_01,1357,689,1566.0,1770.0
int__tai20_15_01,1357,690,1538.0,1766.0
int__tai20_15_01,1357,691,1521.0,1749.0
int__tai20_15_01,1357,692,1501.0,1739.0
int__tai20_15_01,1357,693,1594.0,1809.0
int__tai20_15_01,1357,694,1565.0,1831.0
int__tai20_15_01,1357,695,1507.0,1728.0
int__tai20_15_01,1357,696,1577.0,1782.0
int__tai20_15_01,1357,697,1566.0,1789.0
int__tai20_15_01,1357,698,1559.0,1828.0
int__tai20_15_01,1357,699,1510.0,1743.0
int__tai20_15_01,1357,700,1484.0,1721.0
int__tai20_15_01,1357,701,1528.0,1758.0
int__tai20_15_01,1357,702,1558.0,1797.0
int__tai20_15_01,1357,703,1495.0,1724.0
int__tai20_15_01,1357,704,1582.0,1803.0
int__tai20_15_01,1357,705,1614.0,1846.0
int__tai20_15_01,1357,706,1590.0,1839.0
int__tai20_15_01,1357,707,1637.0,1882.0
int__tai20_15_01,1357,708,1633.0,1899.0
int__tai20_15_01,1357,709,1492.0,1726.0
int__tai20_15_01,1357,710,1603.0,1837.0
int__tai20_15_01,1357,711,1616.0,1850.0
int__tai20_15_01,1357,712,1554.0,1809.0
int__tai20_15_01,1357,713,1520.0,1727.0
int__tai20_15_01,1357,714,1495.0,1718.0
int__tai20_15_01,1357,715,1578.0,1820.0
int__tai20_15_01,1357,716,1571.0,1787.0
int__tai20_15_01,1357,717,1563.0,1869.0
int__tai20_15_01,1357,718,1504.0,1754.0
int__tai20_15_01,1357,719,1531.0,1775.0
int__tai20_15_01,1357,720,1567.0,1805.0
int__tai20_15_01,1357,721,1537.0,1793.0
int__tai20_15_01,1357,722,1453.0,1668.0
int__tai20_15_01,1357,723,1533.0,1775.0
int__tai20_15_01,1357,724,1486.0,1729.0
int__tai20_15_01,1357,725,1583.0,1849.0
int__tai20_15_01,1357,726,1529.0,1766.0
int__tai20_15_01,1357,727,1532.0,1765.0
int__tai20_15_01,1357,728,1575.0,1829.0
int__tai20_15_01,1357,729,1556.0,1863.0
int__tai20_15_01,1357,730,1546.0,1763.0
int__tai20_15_01,1357,731,1533.0,1781.0
int__tai20_15_01,1357,732,1539.0,1797.0
int__tai20_15_01,1357,733,1513.0,1719.0
int__tai20_15_01,1357,734,1575.0,1833.0
int__tai20_15_01,1357,735,1602.0,1833.0
int__tai20_15_01,1357,736,1610.0,1875.0
int__tai20_15_01,1357,737,1546.0,1791.0
int__tai20_15_01,1357,738,1565.0,1804.0
int__tai20_15_01,1357,739,1547.0,1741.0
int__tai20_15_01,1357,740,1585.0,1811.0
int__tai20_15_01,1357,741,1586.0,1866.0
int__tai20_15_01,1357,742,1590.0,1836.0
int__tai20_15_01,1357,743,1542.0,1786.0
int__tai20_15_01,1357,744,1519.0,1786.0
int__tai20_15_01,1357,745,1482.0,1678.0
int__tai20_15_01,1357,746,1543.0,1784.0
int__tai20_15_01,1357,747,1611.0,1825.0
int__tai20_15_01,1357,748,1607.0,1866.0
int__tai20_15_01,1357,749,1514.0,1764.0
int__tai20_15_01,1357,750,1587.0,1811.0
int__tai20_15_01,1357,751,1637.0,1875.0
int__tai20_15_01,1357,752,1551.0,1750.0
int__tai20_15_01,1357,753,1633.0,1896.0
int__tai20_15_01,1357,754,1528.0,1782.0
int__tai20_15_01,1357,755,1546.0,1793.0
int__tai20_15_01,1357,756,1527.0,1742.0
int__tai20_15_01,1357,757,1603.0,1874.0
int__tai20_15_01,1357,758,1596.0,1852.0
int__tai20_15_01,1357,759,1551.0,1773.0
int__tai20_15_01,1357,760,1511.0,1718.0
int__tai20_15_01,1357,761,1522.0,1749.0
int__tai20_15_01,1357,762,1608.0,1844.0
int__tai20_15_01,1357,763,1618.0,1878.0
int__tai20_15_01,1357,764,1574.0,1789.0
int__tai20_15_01,1357,765,1586.0,1830.0
int__tai20_15_01,1357,766,1567.0,1811.0
int__tai20_15_01,1357,767,1583.0,1795.0
int__tai20_15_01,1357,768,1575.0,1803.0
int__tai20_15_01,1357,769,1544.0,1777.0
int__tai20_15_01,1357,770,1554.0,1781.0
int__tai20_15_01,1357,771,1527.0,1756.0
int__tai20_15_01,1357,772,1503.0,1724.0
int__tai20_15_01,1357,773,1510.0,1746.0
int__tai20_15_01,1357,774,1653.0,1887.0
int__tai20_15_01,1357,775,1534.0,1788.0
int__tai20_15_01,1357,776,1566.0,1812.0
int__tai20_15_01,1357,777,1603.0,1846.0
int__tai20_15_01,1357,778,1522.0,1744.0
int__tai20_15_01,1357,779,1515.0,1742.0
int__tai20_15_01,1357,780,1547.0,1788.0
int__tai20_15_01,1357,781,1615.0,1865.0
int__tai20_15_01,1357,782,1545.0,1798.0
int__tai20_15_01,1357,783,1521.0,1744.0
int__tai20_15_01,1357,784,1590.0,1848.0
int__tai20_15_01,1357,785,1524.0,1764.0
int__tai20_15_01,1357,786,1551.0,1831.0
int__tai20_15_01,1357,787,1509.0,1740.0
int__tai20_15_01,1357,788,1537.0,1767.0
int__tai20_15_01,1357,789,1530.0,1772.0
int__tai20_15_01,1357,790,1519.0,1742.0
int__tai20_15_01,1357,791,1535.0,1724.0
int__tai20_15_01,1357,792,1583.0,1837.0
int__tai20_15_01,1357,793,1572.0,1830.0
int__tai20_15_01,1357,794,1568.0,1806.0
int__tai20_15_01,1357,795,1505.0,1748.0
int__tai20_15_01,1357,796,1570.0,1806.0
int__tai20_15_01,1357,797,1539.0,1782.0
int__tai20_15_01,1357,798,1595.0,1853.0
int__tai20_15_01,1357,799,1595.0,1837.0
int__tai20_15_01,1357,800,1566.0,1813.0
int__tai20_15_01,1357,801,1546.0,1782.0
int__tai20_15_01,1357,802,1505.0,1747.0
int__tai20_15_01,1357,803,1520.0,1759.0
int__tai20_15_01,1357,804,1559.0,1788.0
int__tai20_15_01,1357,805,1524.0,1773.0
int__tai20_15_01,1357,806,1630.0,1896.0
int__tai20_15_01,1357,807,1596.0,1841.0
int__tai20_15_01,1357,808,1583.0,1818.0
int__tai20_15_01,1357,809,1643.0,1885.0
int__tai20_15_01,1357,810,1537.0,1773.0
int__tai20_15_01,1357,811,1529.0,1757.0
int__tai20_15_01,1357,812,1576.0,1820.0
int__tai20_15_01,1357,813,1572.0,1816.0
int__tai20_15_01,1357,814,1621.0,1867.0
int__tai20_15_01,1357,815,1590.0,1801.0
int__tai20_15_01,1357,816,1515.0,1764.0
int__tai20_15_01,1357,817,1552.0,1767.0
int__tai20_15_01,1357,818,1554.0,1822.0
int__tai20_15_01,1357,819,1507.0,1745.0
int__tai20_15_01,1357,820,1550.0,1802.0
int__tai20_15_01,1357,821,1551.0,1813.0
int__tai20_15_01,1357,822,1551.0,1785.0
int__tai20_15_01,1357,823,1560.0,1812.0
int__tai20_15_01,1357,824,1606.0,1842.0
int__tai20_15_01,1357,825,1513.0,1737.0
int__tai20_15_01,1357,826,1572.0,1795.0
int__tai20_15_01,1357,827,1537.0,1740.0
int__tai20_15_01,1357,828,1476.0,1707.0
int__tai20_15_01,1357,829,1582.0,1824.0
int__tai20_15_01,1357,830,1585.0,1827.0
int__tai20_15_01,1357,831,1527.0,1791.0
int__tai20_15_01,1357,832,1571.0,1826.0
int__tai20_15_01,1357,833,1555.0,1805.0
int__tai20_15_01,1357,834,1646.0,1908.0
int__tai20_15_01,1357,835,1559.0,1783.0
int__tai20_15_01,1357,836,1581.0,1819.0
int__tai20_15_01,1357,837,1507.0,1745.0
int__tai20_15_01,1357,838,1479.0,1719.0
int__tai20_15_01,1357,839,1568.0,1808.0
int__tai20_15_01,1357,840,1511.0,1744.0
int__tai20_15_01,1357,841,1583.0,1799.0
int__tai20_15_01,1357,842,1564.0,1796.0
int__tai20_15_01,1357,843,1583.0,1800.0
int__tai20_15_01,1357,844,1605.0,1837.0
int__tai20_15_01,1357,845,1541.0,1777.0
int__tai20_15_01,1357,846,1574.0,1792.0
int__tai20_15_01,1357,847,1514.0,1748.0
int__tai20_15_01,1357,848,1586.0,1840.0
int__tai20_15_01,1357,849,1574.0,1796.0
int__tai20_15_01,1357,850,1523.0,1750.0
int__tai20_15_01,1357,851,1493.0,1691.0
int__tai20_15_01,1357,852,1582.0,1831.0
int__tai20_15_01,1357,853,1549.0,1802.0
int__tai20_15_01,1357,854,1601.0,1837.0
int__tai20_15_01,1357,855,1520.0,1740.0
int__tai20_15_01,1357,856,1550.0,1792.0
int__tai20_15_01,1357,857,1616.0,1884.0
int__tai20_15_01,1357,858,1511.0,1725.0
int__tai20_15_01,1357,859,1587.0,1821.0
int__tai20_15_01,1357,860,1581.0,1851.0
int__tai20_15_01,1357,861,1580.0,1824.0
int__tai20_15_01,1357,862,1529.0,1771.0
int__tai20_15_01,1357,863,1559.0,1776.0
int__tai20_15_01,1357,864,1564.0,1800.0
int__tai20_15_01,1357,865,1606.0,1833.0
int__tai20_15_01,1357,866,1586.0,1800.0
int__tai20_15_01,1357,867,1524.0,1737.0
int__tai20_15_01,1357,868,1537.0,1777.0
int__tai20_15_01,1357,869,1550.0,1783.0
int__tai20_15_01,1357,870,1526.0,1763.0
int__tai20_15_01,1357,871,1581.0,1793.0
int__tai20_15_01,1357,872,1638.0,1882.0
int__tai20_15_01,1357,873,1536.0,1803.0
int__tai20_15_01,1357,874,1613.0,1883.0
int__tai20_15_01,1357,875,1600.0,1824.0
int__tai20_15_01,1357,876,1550.0,1760.0
int__tai20_15_01,1357,877,1531.0,1781.0
int__tai20_15_01,1357,878,1564.0,1822.0
int__tai20_15_01,1357,879,1597.0,1819.0
int__tai20_15_01,1357,880,1498.0,1711.0
int__tai20_15_01,1357,881,1560.0,1771.0
int__tai20_15_01,1357,882,1538.0,1781.0
int__tai20_15_01,1357,883,1454.0,1666.0
int__tai20_15_01,1357,884,1538.0,1778.0
int__tai20_15_01,1357,885,1584.0,1829.0
int__tai20_15_01,1357,886,1619.0,1868.0
int__tai20_15_01,1357,887,1486.0,1732.0
int__tai20_15_01,1357,888,1488.0,1730.0
int__tai20_15_01,1357,889,1524.0,1765.0
int__tai20_15_01,1357,890,1583.0,1788.0
int__tai20_15_01,1357,891,1538.0,1761.0
int__tai20_15_01,1357,892,1506.0,1751.0
int__tai20_15_01,1357,893,1613.0,1834.0
int__tai20_15_01,1357,894,1523.0,1788.0
int__tai20_15_01,1357,895,1512.0,1774.0
int__tai20_15_01,1357,896,1596.0,1832.0
int__tai20_15_01,1357,897,1522.0,1758.0
int__tai20_15_01,1357,898,1598.0,1820.0
int__tai20_15_01,1357,899,1613.0,1833.0
int__tai20_15_01,1357,900,1564.0,1802.0
int__tai20_15_01,1357,901,1438.0,1668.0
int__tai20_15_01,1357,902,1584.0,1804.0
int__tai20_15_01,1357,903,1584.0,1820.0
int__tai20_15_01,1357,904,1485.0,1714.0
int__tai20_15_01,1357,905,1526.0,1719.0
int__tai20_15_01,1357,906,1649.0,1890.0
int__tai20_15_01,1357,907,1614.0,1851.0
int__tai20_15_01,1357,908,1490.0,1726.0
int__tai20_15_01,1357,909,1604.0,1833.0
int__tai20_15_01,1357,910,1571.0,1841.0
int__tai20_15_01,1357,911,1509.0,1735.0
int__tai20_15_01,1357,912,1532.0,1767.0
int__tai20_15_01,1357,913,1514.0,1757.0
int__tai20_15_01,1357,914,1523.0,1745.0
int__tai20_15_01,1357,915,1600.0,1831.0
int__tai20_15_01,1357,916,1528.0,1752.0
int__tai20_15_01,1357,917,1556.0,1773.0
int__tai20_15_01,1357,918,1642.0,1870.0
int__tai20_15_01,1357,919,1527.0,1755.0
int__tai20_15_01,1357,920,1540.0,1769.0
int__tai20_15_01,1357,921,1513.0,1741.0
int__tai20_15_01,1357,922,1539.0,1777.0
int__tai20_15_01,1357,923,1460.0,1700.0
int__tai20_15_01,1357,924,1561.0,1782.0
int__tai20_15_01,1357,925,1559.0,1805.0
int__tai20_15_01,1357,926,1475.0,1705.0
int__tai20_15_01,1357,927,1608.0,1861.0
int__tai20_15_01,1357,928,1562.0,1803.0
int__tai20_15_01,1357,929,1513.0,1763.0
int__tai20_15_01,1357,930,1508.0,1781.0
int__tai20_15_01,1357,931,1449.0,1669.0
int__tai20_15_01,1357,932,1498.0,1727.0
int__tai20_15_01,1357,933,1485.0,1703.0
int__tai20_15_01,1357,934,1582.0,1821.0
int__tai20_15_01,1357,935,1572.0,1801.0
int__tai20_15_01,1357,936,1560.0,1807.0
int__tai20_15_01,1357,937,1534.0,1767.0
int__tai20_15_01,1357,938,1456.0,1695.0
int__tai20_15_01,1357,939,1609.0,1823.0
int__tai20_15_01,1357,940,1582.0,1841.0
int__tai20_15_01,1357,941,1567.0,1810.0
int__tai20_15_01,1357,942,1509.0,1752.0
int__tai20_15_01,1357,943,1597.0,1861.0
int__tai20_15_01,1357,944,1549.0,1795.0
int__tai20_15_01,1357,945,1462.0,1698.0
int__tai20_15_01,1357,946,1564.0,1802.0
int__tai20_15_01,1357,947,1632.0,1876.0
int__tai20_15_01,1357,948,1678.0,1951.0
int__tai20_15_01,1357,949,1513.0,1738.0
int__tai20_15_01,1357,950,1514.0,1749.0
int__tai20_15_01,1357,951,1544.0,1773.0
int__tai20_15_01,1357,952,1710.0,1972.0
int__tai20_15_01,1357,953,1503.0,1723.0
int__tai20_15_01,1357,954,1504.0,1737.0
int__tai20_15_01,1357,955,1540.0,1776.0
int__tai20_15_01,1357,956,1601.0,1819.0
int__tai20_15_01,1357,957,1482.0,1694.0
int__tai20_15_01,1357,958,1508.0,1724.0
int__tai20_15_01,1357,959,1539.0,1771.0
int__tai20_15_01,1357,960,1510.0,1779.0
int__tai20_15_01,1357,961,1513.0,1743.0
int__tai20_15_01,1357,962,1553.0,1795.0
int__tai20_15_01,1357,963,1567.0,1793.0
int__tai20_15_01,1357,964,1541.0,1763.0
int__tai20_15_01,1357,965,1518.0,1765.0
int__tai20_15_01,1357,966,1550.0,1778.0
int__tai20_15_01,1357,967,1603.0,1880.0
int__tai20_15_01,1357,968,1536.0,1777.0
int__tai20_15_01,1357,969,1556.0,1772.0
int__tai20_15_01,1357,970,1533.0,1764.0
int__tai20_15_01,1357,971,1545.0,1791.0
int__tai20_15_01,1357,972,1551.0,1807.0
int__tai20_15_01,1357,973,1543.0,1818.0
int__tai20_15_01,1357,974,1557.0,1797.0
int__tai20_15_01,1357,975,1585.0,1794.0
int__tai20_15_01,1357,976,1538.0,1721.0
int__tai20_15_01,1357,977,1555.0,1767.0
int__tai20_15_01,1357,978,1559.0,1787.0
int__tai20_15_01,1357,979,1583.0,1841.0
int__tai20_15_01,1357,980,1613.0,1860.0
int__tai20_15_01,1357,981,1543.0,1781.0
int__tai20_15_01,1357,982,1490.0,1734.0
int__tai20_15_01,1357,983,1608.0,1804.0
int__tai20_15_01,1357,984,1619.0,1859.0
int__tai20_15_01,1357,985,1617.0,1864.0
int__tai20_15_01,1357,986,1552.0,1802.0
int__tai20_15_01,1357,987,1616.0,1854.0
int__tai20_15_01,1357,988,1523.0,1742.0
int__tai20_15_01,1357,989,1478.0,1734.0
int__tai20_15_01,1357,990,1595.0,1826.0
int__tai20_15_01,1357,991,1619.0,1817.0
int__tai20_15_01,1357,992,1524.0,1754.0
int__tai20_15_01,1357,993,1548.0,1785.0
int__tai20_15_01,1357,994,1589.0,1823.0
int__tai20_15_01,1357,995,1524.0,1780.0
int__tai20_15_01,1357,996,1558.0,1803.0
int__tai20_15_01,1357,997,1626.0,1876.0
int__tai20_15_01,1357,998,1591.0,1841.0
int__tai20_15_01,1357,999,1536.0,1764.0
int__tai20_15_01,1357,1000,1585.0,1808.0
int__tai20_15_01,1357,1001,1552.0,1756.0
int__tai20_15_01,1357,1002,1489.0,1685.0
int__tai20_15_01,1357,1003,1558.0,1811.0
int__tai20_15_01,1357,1004,1607.0,1856.0
int__tai20_15_01,1357,1005,1529.0,1758.0
int__tai20_15_01,1357,1006,1544.0,1813.0
int__tai20_15_01,1357,1007,1531.0,1742.0
int__tai20_15_01,1357,1008,1630.0,1885.0
int__tai20_15_01,1357,1009,1596.0,1853.0
int__tai20_15_01,1357,1010,1594.0,1800.0
int__tai20_15_01,1357,1011,1583.0,1819.0
int__tai20_15_01,1357,1012,1571.0,1820.0
int__tai20_15_01,1357,1013,1551.0,1781.0
int__tai20_15_01,1357,1014,1554.0,1799.0
int__tai20_15_01,1357,1015,1571.0,1834.0
int__tai20_15_01,1357,1016,1571.0,1791.0
int__tai20_15_01,1357,1017,1649.0,1896.0
int__tai20_15_01,1357,1018,1502.0,1734.0
int__tai20_15_01,1357,1019,1669.0,1917.0
int__tai20_15_01,1357,1020,1542.0,1799.0
int__tai20_15_01,1357,1021,1577.0,1807.0
int__tai20_15_01,1357,1022,1564.0,1784.0
int__tai20_15_01,1357,1023,1530.0,1782.0
int__tai20_15_07,1462,0,1556.0,1773.0
int__tai20_15_07,1462,1,1719.0,2011.0
int__tai20_15_07,1462,2,1697.0,1914.0
int__tai20_15_07,1462,3,1600.0,1837.0
int__tai20_15_07,1462,4,1567.0,1773.0
int__tai20_15_07,1462,5,1613.0,1863.0
int__tai20_15_07,1462,6,1662.0,1873.0
int__tai20_15_07,1462,7,1596.0,1837.0
int__tai20_15_07,1462,8,1625.0,1900.0
int__tai20_15_07,1462,9,1614.0,1870.0
int__tai20_15_07,1462,10,1596.0,1847.0
int__tai20_15_07,1462,11,1593.0,1856.0
int__tai20_15_07,1462,12,1618.0,1826.0
int__tai20_15_07,1462,13,1616.0,1842.0
int__tai20_15_07,1462,14,1559.0,1788.0
int__tai20_15_07,1462,15,1662.0,1901.0
int__tai20_15_07,1462,16,1628.0,1875.0
int__tai20_15_07,1462,17,1596.0,1839.0
int__tai20_15_07,1462,18,1578.0,1820.0
int__tai20_15_07,1462,19,1601.0,1858.0
int__tai20_15_07,1462,20,1646.0,1883.0
int__tai20_15_07,1462,21,1651.0,1911.0
int__tai20_15_07,1462,22,1575.0,1803.0
int__tai20_15_07,1462,23,1600.0,1821.0
int__tai20_15_07,1462,24,1576.0,1828.0
int__tai20_15_07,1462,25,1613.0,1842.0
int__tai20_15_07,1462,26,1585.0,1821.0
int__tai20_15_07,1462,27,1567.0,1821.0
int__tai20_15_07,1462,28,1598.0,1860.0
int__tai20_15_07,1462,29,1593.0,1797.0
int__tai20_15_07,1462,30,1585.0,1801.0
int__tai20_15_07,1462,31,1610.0,1847.0
int__tai20_15_07,1462,32,1594.0,1833.0
int__tai20_15_07,1462,33,1601.0,1828.0
int__tai20_15_07,1462,34,1584.0,1821.0
int__tai20_15_07,1462,35,1627.0,1873.0
int__tai20_15_07,1462,36,1632.0,1878.0
int__tai20_15_07,1462,37,1656.0,1899.0
int__tai20_15_07,1462,38,1645.0,1895.0
int__tai20_15_07,1462,39,1523.0,1773.0
int__tai20_15_07,1462,40,1552.0,1810.0
int__tai20_15_07,1462,41,1584.0,1823.0
int__tai20_15_07,1462,42,1590.0,1806.0
int__tai20_15_07,1462,43,1604.0,1801.0
int__tai20_15_07,1462,44,1681.0,1932.0
int__tai20_15_07,1462,45,1624.0,1862.0
int__tai20_15_07,1462,46,1601.0,1797.0
int__tai20_15_07,1462,47,1765.0,1998.0
int__tai20_15_07,1462,48,1589.0,1815.0
int__tai20_15_07,1462,49,1603.0,1769.0
int__tai20_15_07,1462,50,1674.0,1903.0
int__tai20_15_07,1462,51,1548.0,1771.0
int__tai20_15_07,1462,52,1582.0,1795.0
int__tai20_15_07,1462,53,1682.0,1936.0
int__tai20_15_07,1462,54,1581.0,1792.0
int__tai20_15_07,1462,55,1659.0,1871.0
int__tai20_15_07,1462,56,1624.0,1896.0
int__tai20_15_07,1462,57,1559.0,1806.0
int__tai20_15_07,1462,58,1607.0,1875.0
int__tai20_15_07,1462,59,1680.0,1901.0
int__tai20_15_07,1462,60,1669.0,1943.0
int__tai20_15_07,1462,61,1630.0,1899.0
int__tai20_15_07,1462,62,1647.0,1879.0
int__tai20_15_07,1462,63,1614.0,1833.0
int__tai20_15_07,1462,64,1625.0,1887.0
int__tai20_15_07,1462,65,1614.0,1837.0
int__tai20_15_07,1462,66,1629.0,1891.0
int__tai20_15_07,1462,67,1622.0,1870.0
int__tai20_15_07,1462,68,1615.0,1844.0
int__tai20_15_07,1462,69,1577.0,1800.0
int__tai20_15_07,1462,70,1612.0,1871.0
int__tai20_15_07,1462,71,1577.0,1766.0
int__tai20_15_07,1462,72,1580.0,1828.0
int__tai20_15_07,1462,73,1658.0,1854.0
int__tai20_15_07,1462,74,1568.0,1785.0
int__tai20_15_07,1462,75,1558.0,1782.0
int__tai20_15_07,1462,76,1598.0,1813.0
int__tai20_15_07,1462,77,1637.0,1863.0
int__tai20_15_07,1462,78,1660.0,1901.0
int__tai20_15_07,1462,79,1680.0,1895.0
int__tai20_15_07,1462,80,1627.0,1871.0
int__tai20_15_07,1462,81,1711.0,1966.0
int__tai20_15_07,1462,82,1841.0,2106.0
int__tai20_15_07,1462,83,1766.0,2009.0
int__tai20_15_07,1462,84,1606.0,1820.0
int__tai20_15_07,1462,85,1647.0,1901.0
int__tai20_15_07,1462,86,1506.0,1764.0
int__tai20_15_07,1462,87,1638.0,1888.0
int__tai20_15_07,1462,88,1592.0,1814.0
int__tai20_15_07,1462,89,1643.0,1842.0
int__tai20_15_07,1462,90,1652.0,1860.0
int__tai20_15_07,1462,91,1688.0,1934.0
int__tai20_15_07,1462,92,1565.0,1796.0
int__tai20_15_07,1462,93,1547.0,1760.0
int__tai20_15_07,1462,94,1704.0,1948.0
int__tai20_15_07,1462,95,1542.0,1762.0
int__tai20_15_07,1462,96,1622.0,1862.0
int__tai20_15_07,1462,97,1635.0,1854.0
int__tai20_15_07,1462,98,1603.0,1838.0
int__tai20_15_07,1462,99,1593.0,1805.0
int__tai20_15_07,1462,100,1627.0,1820.0
int__tai20_15_07,1462,101,1645.0,1843.0
int__tai20_15_07,1462,102,1569.0,1821.0
int__tai20_15_07,1462,103,1722.0,1959.0
int__tai20_15_07,1462,104,1614.0,1852.0
int__tai20_15_07,1462,105,1572.0,1846.0
int__tai20_15_07,1462,106,1617.0,1854.0
int__tai20_15_07,1462,107,1619.0,1831.0
int__tai20_15_07,1462,108,1562.0,1813.0
int__tai20_15_07,1462,109,1628.0,1874.0
int__tai20_15_07,1462,110,1597.0,1835.0
int__tai20_15_07,1462,111,1553.0,1780.0
int__tai20_15_07,1462,112,1553.0,1795.0
int__tai20_15_07,1462,113,1542.0,1767.0
int__tai20_15_07,1462,114,1697.0,1971.0
int__tai20_15_07,1462,115,1713.0,1923.0
int__tai20_15_07,1462,116,1570.0,1773.0
int__tai20_15_07,1462,117,1608.0,1878.0
int__tai20_15_07,1462,118,1579.0,1875.0
int__tai20_15_07,1462,119,1658.0,1882.0
int__tai20_15_07,1462,120,1655.0,1871.0
int__tai20_15_07,1462,121,1640.0,1922.0
int__tai20_15_07,1462,122,1706.0,1928.0
int__tai20_15_07,1462,123,1615.0,1887.0
int__tai20_15_07,1462,124,1545.0,1782.0
int__tai20_15_07,1462,125,1588.0,1813.0
int__tai20_15_07,1462,126,1641.0,1879.0
int__tai20_15_07,1462,127,1622.0,1832.0
int__tai20_15_07,1462,128,1584.0,1828.0
int__tai20_15_07,1462,129,1549.0,1791.0
int__tai20_15_07,1462,130,1599.0,1822.0
int__tai20_15_07,1462,131,1642.0,1867.0
int__tai20_15_07,1462,132,1615.0,1875.0
int__tai20_15_07,1462,133,1697.0,1956.0
int__tai20_15_07,1462,134,1549.0,1807.0
int__tai20_15_07,1462,135,1641.0,1872.0
int__tai20_15_07,1462,136,1590.0,1849.0
int__tai20_15_07,1462,137,1740.0,2001.0
int__tai20_15_07,1462,138,1679.0,1897.0
int__tai20_15_07,1462,139,1579.0,1841.0
int__tai20_15_07,1462,140,1599.0,1836.0
int__tai20_15_07,1462,141,1571.0,1819.0
int__tai20_15_07,1462,142,1577.0,1803.0
int__tai20_15_07,1462,143,1761.0,2016.0
int__tai20_15_07,1462,144,1652.0,1914.0
int__tai20_15_07,1462,145,1600.0,1828.0
int__tai20_15_07,1462,146,1656.0,1908.0
int__tai20_15_07,1462,147,1597.0,1846.0
int__tai20_15_07,1462,148,1587.0,1818.0
int__tai20_15_07,1462,149,1707.0,1993.0
int__tai20_15_07,1462,150,1595.0,1845.0
int__tai20_15_07,1462,151,1628.0,1879.0
int__tai20_15_07,1462,152,1586.0,1798.0
int__tai20_15_07,1462,153,1754.0,2020.0
int__tai20_15_07,1462,154,1636.0,1868.0
int__tai20_15_07,1462,155,1589.0,1834.0
int__tai20_15_07,1462,156,1563.0,1786.0
int__tai20_15_07,1462,157,1607.0,1827.0
int__tai20_15_07,1462,158,1635.0,1889.0
int__tai20_15_07,1462,159,1663.0,1936.0
int__tai20_15_07,1462,160,1528.0,1765.0
int__tai20_15_07,1462,161,1586.0,1819.0
int__tai20_15_07,1462,162,1604.0,1834.0
int__tai20_15_07,1462,163,1747.0,1976.0
int__tai20_15_07,1462,164,1659.0,1891.0
int__tai20_15_07,1462,165,1651.0,1892.0
int__tai20_15_07,1462,166,1577.0,1803.0
int__tai20_15_07,1462,167,1612.0,1883.0
int__tai20_15_07,1462,168,1585.0,1795.0
int__tai20_15_07,1462,169,1687.0,1955.0
int__tai20_15_07,1462,170,1631.0,1882.0
int__tai20_15_07,1462,171,1663.0,1890.0
int__tai20_15_07,1462,172,1628.0,1841.0
int__tai20_15_07,1462,173,1546.0,1800.0
int__tai20_15_07,1462,174,1682.0,1875.0
int__tai20_15_07,1462,175,1593.0,1811.0
int__tai20_15_07,1462,176,1568.0,1787.0
int__tai20_15_07,1462,177,1647.0,1857.0
int__tai20_15_07,1462,178,1558.0,1807.0
int__tai20_15_07,1462,179,1666.0,1916.0
int__tai20_15_07,1462,180,1626.0,1849.0
int__tai20_15_07,1462,181,1731.0,2007.0
int__tai20_15_07,1462,182,1548.0,1798.0
int__tai20_15_07,1462,183,1604.0,1860.0
int__tai20_15_07,1462,184,1541.0,1788.0
int__tai20_15_07,1462,185,1630.0,1878.0
int__tai20_15_07,1462,186,1519.0,1755.0
int__tai20_15_07,1462,187,1580.0,1825.0
int__tai20_15_07,1462,188,1619.0,1845.0
int__tai20_15_07,1462,189,1668.0,1937.0
int__tai20_15_07,1462,190,1565.0,1789.0
int__tai20_15_07,1462,191,1662.0,1935.0
int__tai20_15_07,1462,192,1609.0,1845.0
int__tai20_15_07,1462,193,1672.0,1926.0
int__tai20_15_07,1462,194,1616.0,1846.0
int__tai20_15_07,1462,195,1524.0,1784.0
int__tai20_15_07,1462,196,1578.0,1801.0
int__tai20_15_07,1462,197,1641.0,1885.0
int__tai20_15_07,1462,198,1644.0,1916.0
int__tai20_15_07,1462,199,1728.0,1987.0
int__tai20_15_07,1462,200,1556.0,1823.0
int__tai20_15_07,1462,201,1590.0,1805.0
int__tai20_15_07,1462,202,1575.0,1835.0
int__tai20_15_07,1462,203,1812.0,2091.0
int__tai20_15_07,1462,204,1572.0,1809.0
int__tai20_15_07,1462,205,1625.0,1866.0
int__tai20_15_07,1462,206,1607.0,1872.0
int__tai20_15_07,1462,207,1612.0,1853.0
int__tai20_15_07,1462,208,1650.0,1920.0
int__tai20_15_07,1462,209,1556.0,1786.0
int__tai20_15_07,1462,210,1516.0,1747.0
int__tai20_15_07,1462,211,1666.0,1908.0
int__tai20_15_07,1462,212,1687.0,1917.0
int__tai20_15_07,1462,213,1622.0,1874.0
int__tai20_15_07,1462,214,1623.0,1886.0
int__tai20_15_07,1462,215,1618.0,1885.0
int__tai20_15_07,1462,216,1564.0,1797.0
int__tai20_15_07,1462,217,1607.0,1849.0
int__tai20_15_07,1462,218,1601.0,1787.0
int__tai20_15_07,1462,219,1640.0,1866.0
int__tai20_15_07,1462,220,1688.0,1956.0
int__tai20_15_07,1462,221,1562.0,1794.0
int__tai20_15_07,1462,222,1582.0,1830.0
int__tai20_15_07,1462,223,1583.0,1803.0
int__tai20_15_07,1462,224,1582.0,1838.0
int__tai20_15_07,1462,225,1676.0,1913.0
int__tai20_15_07,1462,226,1605.0,1875.0
int__tai20_15_07,1462,227,1636.0,1858.0
int__tai20_15_07,1462,228,1685.0,1914.0
int__tai20_15_07,1462,229,1662.0,1887.0
int__tai20_15_07,1462,230,1780.0,2068.0
int__tai20_15_07,1462,231,1599.0,1861.0
int__tai20_15_07,1462,232,1585.0,1841.0
int__tai20_15_07,1462,233,1616.0,1884.0
int__tai20_15_07,1462,234,1640.0,1823.0
int__tai20_15_07,1462,235,1583.0,1833.0
int__tai20_15_07,1462,236,1578.0,1814.0
int__tai20_15_07,1462,237,1703.0,1907.0
int__tai20_15_07,1462,238,1667.0,1944.0
int__tai20_15_07,1462,239,1632.0,1872.0
int__tai20_15_07,1462,240,1496.0,1731.0
int__tai20_15_07,1462,241,1588.0,1820.0
int__tai20_15_07,1462,242,1655.0,1887.0
int__tai20_15_07,1462,243,1684.0,1900.0
int__tai20_15_07,1462,244,1679.0,1917.0
int__tai20_15_07,1462,245,1581.0,1802.0
int__tai20_15_07,1462,246,1612.0,1854.0
int__tai20_15_07,1462,247,1654.0,1884.0
int__tai20_15_07,1462,248,1576.0,1778.0
int__tai20_15_07,1462,249,1575.0,1751.0
int__tai20_15_07,1462,250,1568.0,1780.0
int__tai20_15_07,1462,251,1562.0,1795.0
int__tai20_15_07,1462,252,1641.0,1857.0
int__tai20_15_07,1462,253,1623.0,1863.0
int__tai20_15_07,1462,254,1645.0,1917.0
int__tai20_15_07,1462,255,1575.0,1821.0
int__tai20_15_07,1462,256,1630.0,1849.0
int__tai20_15_07,1462,257,1673.0,1889.0
int__tai20_15_07,1462,258,1693.0,1891.0
int__tai20_15_07,1462,259,1573.0,1792.0
int__tai20_15_07,1462,260,1573.0,1819.0
int__tai20_15_07,1462,261,1613.0,1820.0
int__tai20_15_07,1462,262,1583.0,1776.0
int__tai20_15_07,1462,263,1709.0,1957.0
int__tai20_15_07,1462,264,1719.0,1897.0
int__tai20_15_07,1462,265,1664.0,1870.0
int__tai20_15_07,1462,266,1636.0,1889.0
int__tai20_15_07,1462,267,1596.0,1830.0
int__tai20_15_07,1462,268,1577.0,1803.0
int__tai20_15_07,1462,269,1596.0,1861.0
int__tai20_15_07,1462,270,1625.0,1838.0
int__tai20_15_07,1462,271,1602.0,1849.0
int__tai20_15_07,1462,272,1652.0,1907.0
int__tai20_15_07,1462,273,1579.0,1818.0
int__tai20_15_07,1462,274,1562.0,1818.0
int__tai20_15_07,1462,275,1666.0,1894.0
int__tai20_15_07,1462,276,1545.0,1788.0
int__tai20_15_07,1462,277,1577.0,1792.0
int__tai20_15_07,1462,278,1578.0,1818.0
int__tai20_15_07,1462,279,1741.0,2022.0
int__tai20_15_07,1462,280,1692.0,1913.0
int__tai20_15_07,1462,281,1582.0,1783.0
int__tai20_15_07,1462,282,1622.0,1852.0
int__tai20_15_07,1462,283,1581.0,1813.0
int__tai20_15_07,1462,284,1642.0,1830.0
int__tai20_15_07,1462,285,1562.0,1807.0
int__tai20_15_07,1462,286,1633.0,1878.0
int__tai20_15_07,1462,287,1571.0,1776.0
int__tai20_15_07,1462,288,1591.0,1799.0
int__tai20_15_07,1462,289,1583.0,1836.0
int__tai20_15_07,1462,290,1586.0,1831.0
int__tai20_15_07,1462,291,1560.0,1801.0
int__tai20_15_07,1462,292,1620.0,1857.0
int__tai20_15_07,1462,293,1766.0,2019.0
int__tai20_15_07,1462,294,1641.0,1861.0
int__tai20_15_07,1462,295,1537.0,1782.0
int__tai20_15_07,1462,296,1588.0,1816.0
int__tai20_15_07,1462,297,1651.0,1857.0
int__tai20_15_07,1462,298,1655.0,1875.0
int__tai20_15_07,1462,299,1701.0,1947.0
int__tai20_15_07,1462,300,1676.0,1933.0
int__tai20_15_07,1462,301,1721.0,1948.0
int__tai20_15_07,1462,302,1619.0,1847.0
int__tai20_15_07,1462,303,1631.0,1833.0
int__tai20_15_07,1462,304,1534.0,1779.0
int__tai20_15_07,1462,305,1611.0,1843.0
int__tai20_15_07,1462,306,1584.0,1827.0
int__tai20_15_07,1462,307,1565.0,1811.0
int__tai20_15_07,1462,308,1626.0,1852.0
int__tai20_15_07,1462,309,1622.0,1852.0
int__tai20_15_07,1462,310,1607.0,1852.0
int__tai20_15_07,1462,311,1640.0,1895.0
int__tai20_15_07,1462,312,1676.0,1877.0
int__tai20_15_07,1462,313,1599.0,1865.0
int__tai20_15_07,1462,314,1607.0,1859.0
int__tai20_15_07,1462,315,1765.0,2038.0
int__tai20_15_07,1462,316,1725.0,1927.0
int__tai20_15_07,1462,317,1582.0,1812.0
int__tai20_15_07,1462,318,1554.0,1797.0
int__tai20_15_07,1462,319,1589.0,1832.0
int__tai20_15_07,1462,320,1524.0,1759.0
int__tai20_15_07,1462,321,1626.0,1851.0
int__tai20_15_07,1462,322,1604.0,1808.0
int__tai20_15_07,1462,323,1645.0,1893.0
int__tai20_15_07,1462,324,1658.0,1865.0
int__tai20_15_07,1462,325,1711.0,1950.0
int__tai20_15_07,1462,326,1581.0,1809.0
int__tai20_15_07,1462,327,1672.0,1872.0
int__tai20_15_07,1462,328,1533.0,1801.0
int__tai20_15_07,1462,329,1602.0,1803.0
int__tai20_15_07,1462,330,1625.0,1852.0
int__tai20_15_07,1462,331,1586.0,1856.0
int__tai20_15_07,1462,332,1662.0,1896.0
int__tai20_15_07,1462,333,1774.0,2050.0
int__tai20_15_07,1462,334,1566.0,1847.0
int__tai20_15_07,1462,335,1605.0,1840.0
int__tai20_15_07,1462,336,1627.0,1886.0
int__tai20_15_07,1462,337,1647.0,1894.0
int__tai20_15_07,1462,338,1644.0,1922.0
int__tai20_15_07,1462,339,1676.0,1926.0
int__tai20_15_07,1462,340,1789.0,2082.0
int__tai20_15_07,1462,341,1641.0,1913.0
int__tai20_15_07,1462,342,1546.0,1794.0
int__tai20_15_07,1462,343,1691.0,1957.0
int__tai20_15_07,1462,344,1592.0,1824.0
int__tai20_15_07,1462,345,1623.0,1833.0
int__tai20_15_07,1462,346,1708.0,1982.0
int__tai20_15_07,1462,347,1599.0,1849.0
int__tai20_15_07,1462,348,1614.0,1836.0
int__tai20_15_07,1462,349,1580.0,1836.0
int__tai20_15_07,1462,350,1678.0,1925.0
int__tai20_15_07,1462,351,1643.0,1833.0
int__tai20_15_07,1462,352,1608.0,1852.0
int__tai20_15_07,1462,353,1652.0,1903.0
int__tai20_15_07,1462,354,1599.0,1795.0
int__tai20_15_07,1462,355,1615.0,1847.0
int__tai20_15_07,1462,356,1595.0,1840.0
int__tai20_15_07,1462,357,1616.0,1855.0
int__tai20_15_07,1462,358,1715.0,1977.0
int__tai20_15_07,1462,359,1639.0,1889.0
int__tai20_15_07,1462,360,1599.0,1828.0
int__tai20_15_07,1462,361,1590.0,1824.0
int__tai20_15_07,1462,362,1606.0,1837.0
int__tai20_15_07,1462,363,1576.0,1799.0
int__tai20_15_07,1462,364,1620.0,1842.0
int__tai20_15_07,1462,365,1633.0,1892.0
int__tai20_15_07,1462,366,1615.0,1863.0
int__tai20_15_07,1462,367,1668.0,1876.0
int__tai20_15_07,1462,368,1611.0,1833.0
int__tai20_15_07,1462,369,1624.0,1856.0
int__tai20_15_07,1462,370,1754.0,2022.0
int__tai20_15_07,1462,371,1666.0,1894.0
int__tai20_15_07,1462,372,1583.0,1842.0
int__tai20_15_07,1462,373,1690.0,1934.0
int__tai20_15_07,1462,374,1605.0,1819.0
int__tai20_15_07,1462,375,1580.0,1810.0
int__tai20_15_07,1462,376,1656.0,1878.0
int__tai20_15_07,1462,377,1615.0,1831.0
int__tai20_15_07,1462,378,1696.0,1973.0
int__tai20_15_07,1462,379,1654.0,1884.0
int__tai20_15_07,1462,380,1642.0,1835.0
int__tai20_15_07,1462,381,1601.0,1847.0
int__tai20_15_07,1462,382,1710.0,1978.0
int__tai20_15_07,1462,383,1550.0,1796.0
int__tai20_15_07,1462,384,1662.0,1884.0
int__tai20_15_07,1462,385,1674.0,1930.0
int__tai20_15_07,1462,386,1644.0,1896.0
int__tai20_15_07,1462,387,1625.0,1889.0
int__tai20_15_07,1462,388,1648.0,1916.0
int__tai20_15_07,1462,389,1563.0,1813.0
int__tai20_15_07,1462,390,1650.0,1910.0
int__tai20_15_07,1462,391,1731.0,1948.0
int__tai20_15_07,1462,392,1636.0,1876.0
int__tai20_15_07,1462,393,1554.0,1764.0
int__tai20_15_07,1462,394,1594.0,1859.0
int__tai20_15_07,1462,395,1640.0,1846.0
int__tai20_15_07,1462,396,1673.0,1907.0
int__tai20_15_07,1462,397,1565.0,1814.0
int__tai20_15_07,1462,398,1525.0,1757.0
int__tai20_15_07,1462,399,1649.0,1908.0
int__tai20_15_07,1462,400,1604.0,1842.0
int__tai20_15_07,1462,401,1650.0,1864.0
int__tai20_15_07,1462,402,1575.0,1805.0
int__tai20_15_07,1462,403,1735.0,1942.0
int__tai20_15_07,1462,404,1601.0,1823.0
int__tai20_15_07,1462,405,1613.0,1861.0
int__tai20_15_07,1462,406,1573.0,1807.0
int__tai20_15_07,1462,407,1762.0,2024.0
int__tai20_15_07,1462,408,1652.0,1838.0
int__tai20_15_07,1462,409,1747.0,2051.0
int__tai20_15_07,1462,410,1572.0,1781.0
int__tai20_15_07,1462,411,1588.0,1818.0
int__tai20_15_07,1462,412,1641.0,1882.0
int__tai20_15_07,1462,413,1590.0,1818.0
int__tai20_15_07,1462,414,1582.0,1785.0
int__tai20_15_07,1462,415,1554.0,1826.0
int__tai20_15_07,1462,416,1660.0,1870.0
int__tai20_15_07,1462,417,1691.0,1937.0
int__tai20_15_07,1462,418,1881.0,2132.0
int__tai20_15_07,1462,419,1688.0,1945.0
int__tai20_15_07,1462,420,1619.0,1804.0
int__tai20_15_07,1462,421,1612.0,1856.0
int__tai20_15_07,1462,422,1577.0,1807.0
int__tai20_15_07,1462,423,1555.0,1755.0
int__tai20_15_07,1462,424,1571.0,1783.0
int__tai20_15_07,1462,425,1730.0,1926.0
int__tai20_15_07,1462,426,1549.0,1806.0
int__tai20_15_07,1462,427,1594.0,1830.0
int__tai20_15_07,1462,428,1726.0,1969.0
int__tai20_15_07,1462,429,1757.0,2046.0
int__tai20_15_07,1462,430,1758.0,2006.0
int__tai20_15_07,1462,431,1696.0,1898.0
int__tai20_15_07,1462,432,1633.0,1865.0
int__tai20_15_07,1462,433,1565.0,1800.0
int__tai20_15_07,1462,434,1647.0,1887.0
int__tai20_15_07,1462,435,1613.0,1859.0
int__tai20_15_07,1462,436,1631.0,1872.0
int__tai20_15_07,1462,437,1626.0,1851.0
int__tai20_15_07,1462,438,1619.0,1860.0
int__tai20_15_07,1462,439,1546.0,1797.0
int__tai20_15_07,1462,440,1600.0,1813.0
int__tai20_15_07,1462,441,1629.0,1852.0
int__tai20_15_07,1462,442,1723.0,1932.0
int__tai20_15_07,1462,443,1704.0,1971.0
int__tai20_15_07,1462,444,1579.0,1810.0
int__tai20_15_07,1462,445,1615.0,1812.0
int__tai20_15_07,1462,446,1613.0,1859.0
int__tai20_15_07,1462,447,1645.0,1915.0
int__tai20_15_07,1462,448,1762.0,2016.0
int__tai20_15_07,1462,449,1580.0,1806.0
int__tai20_15_07,1462,450,1634.0,1862.0
int__tai20_15_07,1462,451,1626.0,1859.0
int__tai20_15_07,1462,452,1662.0,1904.0
int__tai20_15_07,1462,453,1559.0,1787.0
int__tai20_15_07,1462,454,1618.0,1841.0
int__tai20_15_07,1462,455,1661.0,1887.0
int__tai20_15_07,1462,456,1625.0,1915.0
int__tai20_15_07,1462,457,1656.0,1892.0
int__tai20_15_07,1462,458,1601.0,1864.0
int__tai20_15_07,1462,459,1550.0,1784.0
int__tai20_15_07,1462,460,1637.0,1889.0
int__tai20_15_07,1462,461,1612.0,1862.0
int__tai20_15_07,1462,462,1655.0,1909.0
int__tai20_15_07,1462,463,1658.0,1924.0
int__tai20_15_07,1462,464,1556.0,1779.0
int__tai20_15_07,1462,465,1715.0,1964.0
int__tai20_15_07,1462,466,1595.0,1873.0
int__tai20_15_07,1462,467,1807.0,2075.0
int__tai20_15_07,1462,468,1537.0,1792.0
int__tai20_15_07,1462,469,1695.0,1952.0
int__tai20_15_07,1462,470,1591.0,1833.0
int__tai20_15_07,1462,471,1588.0,1839.0
int__tai20_15_07,1462,472,1652.0,1878.0
int__tai20_15_07,1462,473,1545.0,1768.0
int__tai20_15_07,1462,474,1542.0,1788.0
int__tai20_15_07,1462,475,1728.0,2004.0
int__tai20_15_07,1462,476,1573.0,1826.0
int__tai20_15_07,1462,477,1694.0,1939.0
int__tai20_15_07,1462,478,1640.0,1893.0
int__tai20_15_07,1462,479,1616.0,1846.0
int__tai20_15_07,1462,480,1606.0,1812.0
int__tai20_15_07,1462,481,1635.0,1893.0
int__tai20_15_07,1462,482,1694.0,1955.0
int__tai20_15_07,1462,483,1644.0,1834.0
int__tai20_15_07,1462,484,1590.0,1813.0
int__tai20_15_07,1462,485,1644.0,1879.0
int__tai20_15_07,1462,486,1567.0,1811.0
int__tai20_15_07,1462,487,1692.0,1923.0
int__tai20_15_07,1462,488,1596.0,1826.0
int__tai20_15_07,1462,489,1677.0,1901.0
int__tai20_15_07,1462,490,1609.0,1865.0
int__tai20_15_07,1462,491,1627.0,1854.0
int__tai20_15_07,1462,492,1706.0,1988.0
int__tai20_15_07,1462,493,1646.0,1822.0
int__tai20_15_07,1462,494,1670.0,1921.0
int__tai20_15_07,1462,495,1637.0,1877.0
int__tai20_15_07,1462,496,1616.0,1860.0
int__tai20_15_07,1462,497,1555.0,1815.0
int__tai20_15_07,1462,498,1588.0,1808.0
int__tai20_15_07,1462,499,1550.0,1784.0
int__tai20_15_07,1462,500,1543.0,1768.0
int__tai20_15_07,1462,501,1567.0,1827.0
int__tai20_15_07,1462,502,1640.0,1913.0
int__tai20_15_07,1462,503,1616.0,1887.0
int__tai20_15_07,1462,504,1584.0,1800.0
int__tai20_15_07,1462,505,1567.0,1794.0
int__tai20_15_07,1462,506,1619.0,1886.0
int__tai20_15_07,1462,507,1557.0,1780.0
int__tai20_15_07,1462,508,1609.0,1863.0
int__tai20_15_07,1462,509,1675.0,1896.0
int__tai20_15_07,1462,510,1714.0,1993.0
int__tai20_15_07,1462,511,1733.0,1962.0
int__tai20_15_07,1462,512,1587.0,1847.0
int__tai20_15_07,1462,513,1597.0,1817.0
int__tai20_15_07,1462,514,1598.0,1834.0
int__tai20_15_07,1462,515,1652.0,1882.0
int__tai20_15_07,1462,516,1558.0,1794.0
int__tai20_15_07,1462,517,1635.0,1893.0
int__tai20_15_07,1462,518,1670.0,1914.0
int__tai20_15_07,1462,519,1605.0,1859.0
int__tai20_15_07,1462,520,1595.0,1870.0
int__tai20_15_07,1462,521,1619.0,1855.0
int__tai20_15_07,1462,522,1659.0,1909.0
int__tai20_15_07,1462,523,1646.0,1868.0
int__tai20_15_07,1462,524,1599.0,1873.0
int__tai20_15_07,1462,525,1674.0,1901.0
int__tai20_15_07,1462,526,1564.0,1816.0
int__tai20_15_07,1462,527,1504.0,1749.0
int__tai20_15_07,1462,528,1599.0,1811.0
int__tai20_15_07,1462,529,1861.0,2100.0
int__tai20_15_07,1462,530,1670.0,1908.0
int__tai20_15_07,1462,531,1658.0,1904.0
int__tai20_15_07,1462,532,1593.0,1824.0
int__tai20_15_07,1462,533,1581.0,1784.0
int__tai20_15_07,1462,534,1771.0,2016.0
int__tai20_15_07,1462,535,1658.0,1856.0
int__tai20_15_07,1462,536,1551.0,1779.0
int__tai20_15_07,1462,537,1533.0,1797.0
int__tai20_15_07,1462,538,1586.0,1798.0
int__tai20_15_07,1462,539,1586.0,1825.0
int__tai20_15_07,1462,540,1700.0,1943.0
int__tai20_15_07,1462,541,1576.0,1827.0
int__tai20_15_07,1462,542,1573.0,1814.0
int__tai20_15_07,1462,543,1641.0,1841.0
int__tai20_15_07,1462,544,1575.0,1823.0
int__tai20_15_07,1462,545,1648.0,1913.0
int__tai20_15_07,1462,546,1573.0,1788.0
int__tai20_15_07,1462,547,1705.0,1957.0
int__tai20_15_07,1462,548,1670.0,1894.0
int__tai20_15_07,1462,549,1572.0,1816.0
int__tai20_15_07,1462,550,1599.0,1824.0
int__tai20_15_07,1462,551,1632.0,1890.0
int__tai20_15_07,1462,552,1654.0,1914.0
int__tai20_15_07,1462,553,1735.0,1992.0
int__tai20_15_07,1462,554,1601.0,1821.0
int__tai20_15_07,1462,555,1560.0,1798.0
int__tai20_15_07,1462,556,1598.0,1848.0
int__tai20_15_07,1462,557,1584.0,1827.0
int__tai20_15_07,1462,558,1653.0,1925.0
int__tai20_15_07,1462,559,1515.0,1772.0
int__tai20_15_07,1462,560,1620.0,1846.0
int__tai20_15_07,1462,561,1662.0,1913.0
int__tai20_15_07,1462,562,1557.0,1799.0
int__tai20_15_07,1462,563,1584.0,1840.0
int__tai20_15_07,1462,564,1639.0,1849.0
int__tai20_15_07,1462,565,1591.0,1826.0
int__tai20_15_07,1462,566,1578.0,1829.0
int__tai20_15_07,1462,567,1643.0,1908.0
int__tai20_15_07,1462,568,1577.0,1843.0
int__tai20_15_07,1462,569,1683.0,1932.0
int__tai20_15_07,1462,570,1688.0,1918.0
int__tai20_15_07,1462,571,1737.0,2009.0
int__tai20_15_07,1462,572,1709.0,1916.0
int__tai20_15_07,1462,573,1630.0,1873.0
int__tai20_15_07,1462,574,1586.0,1804.0
int__tai20_15_07,1462,575,1777.0,1983.0
int__tai20_15_07,1462,576,1622.0,1865.0
int__tai20_15_07,1462,577,1596.0,1829.0
int__tai20_15_07,1462,578,1605.0,1845.0
int__tai20_15_07,1462,579,1661.0,1905.0
int__tai20_15_07,1462,580,1577.0,1816.0
int__tai20_15_07,1462,581,1658.0,1883.0
int__tai20_15_07,1462,582,1630.0,1852.0
int__tai20_15_07,1462,583,1755.0,1992.0
int__tai20_15_07,1462,584,1591.0,1826.0
int__tai20_15_07,1462,585,1562.0,1814.0
int__tai20_15_07,1462,586,1561.0,1805.0
int__tai20_15_07,1462,587,1713.0,1905.0
int__tai20_15_07,1462,588,1609.0,1854.0
int__tai20_15_07,1462,589,1672.0,1908.0
int__tai20_15_07,1462,590,1734.0,1978.0
int__tai20_15_07,1462,591,1580.0,1825.0
int__tai20_15_07,1462,592,1598.0,1846.0
int__tai20_15_07,1462,593,1611.0,1865.0
int__tai20_15_07,1462,594,1585.0,1809.0
int__tai20_15_07,1462,595,1699.0,1995.0
int__tai20_15_07,1462,596,1604.0,1862.0
int__tai20_15_07,1462,597,1637.0,1910.0
int__tai20_15_07,1462,598,1563.0,1804.0
int__tai20_15_07,1462,599,1631.0,1861.0
int__tai20_15_07,1462,600,1553.0,1772.0
int__tai20_15_07,1462,601,1563.0,1793.0
int__tai20_15_07,1462,602,1673.0,1915.0
int__tai20_15_07,1462,603,1635.0,1859.0
int__tai20_15_07,1462,604,1568.0,1828.0
int__tai20_15_07,1462,605,1709.0,1952.0
int__tai20_15_07,1462,606,1636.0,1886.0
int__tai20_15_07,1462,607,1693.0,1983.0
int__tai20_15_07,1462,608,1671.0,1943.0
int__tai20_15_07,1462,609,1642.0,1905.0
int__tai20_15_07,1462,610,1569.0,1781.0
int__tai20_15_07,1462,611,1666.0,1907.0
int__tai20_15_07,1462,612,1655.0,1892.0
int__tai20_15_07,1462,613,1614.0,1847.0
int__tai20_15_07,1462,614,1588.0,1815.0
int__tai20_15_07,1462,615,1720.0,2022.0
int__tai20_15_07,1462,616,1629.0,1847.0
int__tai20_15_07,1462,617,1625.0,1823.0
int__tai20_15_07,1462,618,1617.0,1858.0
int__tai20_15_07,1462,619,1652.0,1880.0
int__tai20_15_07,1462,620,1605.0,1821.0
int__tai20_15_07,1462,621,1590.0,1812.0
int__tai20_15_07,1462,622,1646.0,1880.0
int__tai20_15_07,1462,623,1640.0,1887.0
int__tai20_15_07,1462,624,1677.0,1967.0
int__tai20_15_07,1462,625,1671.0,1925.0
int__tai20_15_07,1462,626,1653.0,1863.0
int__tai20_15_07,1462,627,1600.0,1860.0
int__tai20_15_07,1462,628,1580.0,1801.0
int__tai20_15_07,1462,629,1617.0,1864.0
int__tai20_15_07,1462,630,1607.0,1820.0
int__tai20_15_07,1462,631,1711.0,1955.0
int__tai20_15_07,1462,632,1612.0,1860.0
int__tai20_15_07,1462,633,1687.0,1889.0
int__tai20_15_07,1462,634,1637.0,1872.0
int__tai20_15_07,1462,635,1560.0,1777.0
int__tai20_15_07,1462,636,1677.0,1929.0
int__tai20_15_07,1462,637,1615.0,1839.0
int__tai20_15_07,1462,638,1658.0,1883.0
int__tai20_15_07,1462,639,1675.0,1868.0
int__tai20_15_07,1462,640,1643.0,1822.0
int__tai20_15_07,1462,641,1593.0,1811.0
int__tai20_15_07,1462,642,1565.0,1799.0
int__tai20_15_07,1462,643,1680.0,1892.0
int__tai20_15_07,1462,644,1557.0,1797.0
int__tai20_15_07,1462,645,1635.0,1889.0
int__tai20_15_07,1462,646,1595.0,1825.0
int__tai20_15_07,1462,647,1555.0,1793.0
int__tai20_15_07,1462,648,1592.0,1846.0
int__tai20_15_07,1462,649,1631.0,1902.0
int__tai20_15_07,1462,650,1652.0,1886.0
int__tai20_15_07,1462,651,1537.0,1785.0
int__tai20_15_07,1462,652,1580.0,1791.0
int__tai20_15_07,1462,653,1602.0,1856.0
int__tai20_15_07,1462,654,1565.0,1827.0
int__tai20_15_07,1462,655,1640.0,1904.0
int__tai20_15_07,1462,656,1643.0,1895.0
int__tai20_15_07,1462,657,1632.0,1889.0
int__tai20_15_07,1462,658,1624.0,1874.0
int__tai20_15_07,1462,659,1579.0,1768.0
int__tai20_15_07,1462,660,1705.0,1966.0
int__tai20_15_07,1462,661,1720.0,1990.0
int__tai20_15_07,1462,662,1620.0,1905.0
int__tai20_15_07,1462,663,1633.0,1837.0
int__tai20_15_07,1462,664,1609.0,1862.0
int__tai20_15_07,1462,665,1697.0,1895.0
int__tai20_15_07,1462,666,1600.0,1844.0
int__tai20_15_07,1462,667,1609.0,1851.0
int__tai20_15_07,1462,668,1589.0,1826.0
int__tai20_15_07,1462,669,1586.0,1862.0
int__tai20_15_07,1462,670,1576.0,1821.0
int__tai20_15_07,1462,671,1514.0,1753.0
int__tai20_15_07,1462,672,1666.0,1902.0
int__tai20_15_07,1462,673,1561.0,1811.0
int__tai20_15_07,1462,674,1560.0,1806.0
int__tai20_15_07,1462,675,1635.0,1864.0
int__tai20_15_07,1462,676,1659.0,1855.0
int__tai20_15_07,1462,677,1627.0,1814.0
int__tai20_15_07,1462,678,1539.0,1789.0
int__tai20_15_07,1462,679,1588.0,1788.0
int__tai20_15_07,1462,680,1718.0,1970.0
int__tai20_15_07,1462,681,1664.0,1918.0
int__tai20_15_07,1462,682,1568.0,1786.0
int__tai20_15_07,1462,683,1661.0,1875.0
int__tai20_15_07,1462,684,1571.0,1832.0
int__tai20_15_07,1462,685,1573.0,1811.0
int__tai20_15_07,1462,686,1571.0,1829.0
int__tai20_15_07,1462,687,1607.0,1847.0
int__tai20_15_07,1462,688,1596.0,1788.0
int__tai20_15_07,1462,689,1674.0,1981.0
int__tai20_15_07,1462,690,1574.0,1803.0
int__tai20_15_07,1462,691,1616.0,1858.0
int__tai20_15_07,1462,692,1649.0,1883.0
int__tai20_15_07,1462,693,1583.0,1797.0
int__tai20_15_07,1462,694,1640.0,1893.0
int__tai20_15_07,1462,695,1647.0,1927.0
int__tai20_15_07,1462,696,1570.0,1772.0
int__tai20_15_07,1462,697,1660.0,1884.0
int__tai20_15_07,1462,698,1630.0,1872.0
int__tai20_15_07,1462,699,1670.0,1902.0
int__tai20_15_07,1462,700,1601.0,1851.0
int__tai20_15_07,1462,701,1531.0,1769.0
int__tai20_15_07,1462,702,1568.0,1797.0
int__tai20_15_07,1462,703,1587.0,1807.0
int__tai20_15_07,1462,704,1623.0,1888.0
int__tai20_15_07,1462,705,1591.0,1836.0
int__tai20_15_07,1462,706,1564.0,1776.0
int__tai20_15_07,1462,707,1740.0,2003.0
int__tai20_15_07,1462,708,1631.0,1863.0
int__tai20_15_07,1462,709,1547.0,1798.0
int__tai20_15_07,1462,710,1654.0,1913.0
int__tai20_15_07,1462,711,1641.0,1817.0
int__tai20_15_07,1462,712,1613.0,1853.0
int__tai20_15_07,1462,713,1697.0,1932.0
int__tai20_15_07,1462,714,1594.0,1797.0
int__tai20_15_07,1462,715,1636.0,1847.0
int__tai20_15_07,1462,716,1620.0,1867.0
int__tai20_15_07,1462,717,1749.0,1984.0
int__tai20_15_07,1462,718,1608.0,1863.0
int__tai20_15_07,1462,719,1642.0,1896.0
int__tai20_15_07,1462,720,1635.0,1856.0
int__tai20_15_07,1462,721,1584.0,1809.0
int__tai20_15_07,1462,722,1562.0,1799.0
int__tai20_15_07,1462,723,1784.0,2084.0
int__tai20_15_07,1462,724,1597.0,1839.0
int__tai20_15_07,1462,725,1605.0,1854.0
int__tai20_15_07,1462,726,1668.0,1924.0
int__tai20_15_07,1462,727,1737.0,1964.0
int__tai20_15_07,1462,728,1566.0,1809.0
int__tai20_15_07,1462,729,1587.0,1839.0
int__tai20_15_07,1462,730,1574.0,1824.0
int__tai20_15_07,1462,731,1507.0,1734.0
int__tai20_15_07,1462,732,1584.0,1813.0
int__tai20_15_07,1462,733,1585.0,1819.0
int__tai20_15_07,1462,734,1611.0,1858.0
int__tai20_15_07,1462,735,1626.0,1874.0
int__tai20_15_07,1462,736,1553.0,1769.0
int__tai20_15_07,1462,737,1626.0,1864.0
int__tai20_15_07,1462,738,1678.0,1927.0
int__tai20_15_07,1462,739,1732.0,1944.0
int__tai20_15_07,1462,740,1627.0,1806.0
int__tai20_15_07,1462,741,1666.0,1938.0
int__tai20_15_07,1462,742,1643.0,1853.0
int__tai20_15_07,1462,743,1586.0,1808.0
int__tai20_15_07,1462,744,1573.0,1775.0
int__tai20_15_07,1462,745,1574.0,1828.0
int__tai20_15_07,1462,746,1661.0,1932.0
int__tai20_15_07,1462,747,1652.0,1887.0
int__tai20_15_07,1462,748,1565.0,1834.0
int__tai20_15_07,1462,749,1608.0,1852.0
int__tai20_15_07,1462,750,1575.0,1816.0
int__tai20_15_07,1462,751,1549.0,1795.0
int__tai20_15_07,1462,752,1705.0,1974.0
int__tai20_15_07,1462,753,1698.0,1956.0
int__tai20_15_07,1462,754,1755.0,2038.0
int__tai20_15_07,1462,755,1702.0,1976.0
int__tai20_15_07,1462,756,1660.0,1927.0
int__tai20_15_07,1462,757,1649.0,1874.0
int__tai20_15_07,1462,758,1644.0,1878.0
int__tai20_15_07,1462,759,1619.0,1845.0
int__tai20_15_07,1462,760,1582.0,1848.0
int__tai20_15_07,1462,761,1527.0,1765.0
int__tai20_15_07,1462,762,1689.0,1925.0
int__tai20_15_07,1462,763,1585.0,1821.0
int__tai20_15_07,1462,764,1630.0,1880.0
int__tai20_15_07,1462,765,1654.0,1896.0
int__tai20_15_07,1462,766,1587.0,1815.0
int__tai20_15_07,1462,767,1583.0,1804.0
int__tai20_15_07,1462,768,1524.0,1779.0
int__tai20_15_07,1462,769,1591.0,1856.0
int__tai20_15_07,1462,770,1580.0,1836.0
int__tai20_15_07,1462,771,1580.0,1810.0
int__tai20_15_07,1462,772,1544.0,1795.0
int__tai20_15_07,1462,773,1632.0,1829.0
int__tai20_15_07,1462,774,1548.0,1803.0
int__tai20_15_07,1462,775,1606.0,1841.0
int__tai20_15_07,1462,776,1772.0,2045.0
int__tai20_15_07,1462,777,1698.0,1969.0
int__tai20_15_07,1462,778,1606.0,1868.0
int__tai20_15_07,1462,779,1571.0,1784.0
int__tai20_15_07,1462,780,1633.0,1862.0
int__tai20_15_07,1462,781,1639.0,1868.0
int__tai20_15_07,1462,782,1636.0,1874.0
int__tai20_15_07,1462,783,1681.0,1871.0
int__tai20_15_07,1462,784,1636.0,1861.0
int__tai20_15_07,1462,785,1678.0,1903.0
int__tai20_15_07,1462,786,1669.0,1935.0
int__tai20_15_07,1462,787,1632.0,1872.0
int__tai20_15_07,1462,788,1649.0,1918.0
int__tai20_15_07,1462,789,1622.0,1869.0
int__tai20_15_07,1462,790,1698.0,1944.0
int__tai20_15_07,1462,791,1557.0,1829.0
int__tai20_15_07,1462,792,1558.0,1786.0
int__tai20_15_07,1462,793,1620.0,1872.0
int__tai20_15_07,1462,794,1610.0,1833.0
int__tai20_15_07,1462,795,1602.0,1846.0
int__tai20_15_07,1462,796,1631.0,1882.0
int__tai20_15_07,1462,797,1650.0,1927.0
int__tai20_15_07,1462,798,1626.0,1866.0
int__tai20_15_07,1462,799,1549.0,1801.0
int__tai20_15_07,1462,800,1638.0,1936.0
int__tai20_15_07,1462,801,1566.0,1798.0
int__tai20_15_07,1462,802,1607.0,1871.0
int__tai20_15_07,1462,803,1595.0,1859.0
int__tai20_15_07,1462,804,1622.0,1884.0
int__tai20_15_07,1462,805,1590.0,1836.0
int__tai20_15_07,1462,806,1616.0,1832.0
int__tai20_15_07,1462,807,1553.0,1785.0
int__tai20_15_07,1462,808,1735.0,1941.0
int__tai20_15_07,1462,809,1702.0,1901.0
int__tai20_15_07,1462,810,1585.0,1828.0
int__tai20_15_07,1462,811,1582.0,1806.0
int__tai20_15_07,1462,812,1635.0,1875.0
int__tai20_15_07,1462,813,1624.0,1896.0
int__tai20_15_07,1462,814,1608.0,1843.0
int__tai20_15_07,1462,815,1647.0,1875.0
int__tai20_15_07,1462,816,1623.0,1849.0
int__tai20_15_07,1462,817,1613.0,1870.0
int__tai20_15_07,1462,818,1611.0,1815.0
int__tai20_15_07,1462,819,1571.0,1823.0
int__tai20_15_07,1462,820,1617.0,1835.0
int__tai20_15_07,1462,821,1713.0,1967.0
int__tai20_15_07,1462,822,1668.0,1870.0
int__tai20_15_07,1462,823,1541.0,1788.0
int__tai20_15_07,1462,824,1541.0,1792.0
int__tai20_15_07,1462,825,1659.0,1886.0
int__tai20_15_07,1462,826,1576.0,1813.0
int__tai20_15_07,1462,827,1644.0,1881.0
int__tai20_15_07,1462,828,1551.0,1792.0
int__tai20_15_07,1462,829,1622.0,1830.0
int__tai20_15_07,1462,830,1648.0,1874.0
int__tai20_15_07,1462,831,1562.0,1779.0
int__tai20_15_07,1462,832,1749.0,2005.0
int__tai20_15_07,1462,833,1643.0,1896.0
int__tai20_15_07,1462,834,1657.0,1886.0
int__tai20_15_07,1462,835,1594.0,1831.0
int__tai20_15_07,1462,836,1624.0,1869.0
int__tai20_15_07,1462,837,1668.0,1906.0
int__tai20_15_07,1462,838,1664.0,1905.0
int__tai20_15_07,1462,839,1614.0,1844.0
int__tai20_15_07,1462,840,1665.0,1883.0
int__tai20_15_07,1462,841,1730.0,1988.0
int__tai20_15_07,1462,842,1588.0,1783.0
int__tai20_15_07,1462,843,1670.0,1913.0
int__tai20_15_07,1462,844,1567.0,1803.0
int__tai20_15_07,1462,845,1632.0,1893.0
int__tai20_15_07,1462,846,1705.0,1989.0
int__tai20_15_07,1462,847,1706.0,1950.0
int__tai20_15_07,1462,848,1592.0,1785.0
int__tai20_15_07,1462,849,1654.0,1893.0
int__tai20_15_07,1462,850,1643.0,1871.0
int__tai20_15_07,1462,851,1731.0,1995.0
int__tai20_15_07,1462,852,1593.0,1824.0
int__tai20_15_07,1462,853,1618.0,1885.0
int__tai20_15_07,1462,854,1641.0,1853.0
int__tai20_15_07,1462,855,1674.0,1878.0
int__tai20_15_07,1462,856,1715.0,1922.0
int__tai20_15_07,1462,857,1632.0,1863.0
int__tai20_15_07,1462,858,1573.0,1798.0
int__tai20_15_07,1462,859,1689.0,1948.0
int__tai20_15_07,1462,860,1707.0,1927.0
int__tai20_15_07,1462,861,1641.0,1834.0
int__tai20_15_07,1462,862,1629.0,1889.0
int__tai20_15_07,1462,863,1595.0,1801.0
int__tai20_15_07,1462,864,1593.0,1804.0
int__tai20_15_07,1462,865,1689.0,1895.0
int__tai20_15_07,1462,866,1644.0,1863.0
int__tai20_15_07,1462,867,1596.0,1827.0
int__tai20_15_07,1462,868,1572.0,1804.0
int__tai20_15_07,1462,869,1612.0,1846.0
int__tai20_15_07,1462,870,1590.0,1831.0
int__tai20_15_07,1462,871,1584.0,1850.0
int__tai20_15_07,1462,872,1652.0,1892.0
int__tai20_15_07,1462,873,1556.0,1778.0
int__tai20_15_07,1462,874,1594.0,1819.0
int__tai20_15_07,1462,875,1632.0,1849.0
int__tai20_15_07,1462,876,1652.0,1914.0
int__tai20_15_07,1462,877,1698.0,1989.0
int__tai20_15_07,1462,878,1621.0,1846.0
int__tai20_15_07,1462,879,1653.0,1883.0
int__tai20_15_07,1462,880,1618.0,1849.0
int__tai20_15_07,1462,881,1616.0,1849.0
int__tai20_15_07,1462,882,1564.0,1778.0
int__tai20_15_07,1462,883,1587.0,1819.0
int__tai20_15_07,1462,884,1592.0,1804.0
int__tai20_15_07,1462,885,1590.0,1830.0
int__tai20_15_07,1462,886,1742.0,2034.0
int__tai20_15_07,1462,887,1677.0,1927.0
int__tai20_15_07,1462,888,1617.0,1866.0
int__tai20_15_07,1462,889,1593.0,1825.0
int__tai20_15_07,1462,890,1626.0,1887.0
int__tai20_15_07,1462,891,1594.0,1809.0
int__tai20_15_07,1462,892,1561.0,1795.0
int__tai20_15_07,1462,893,1566.0,1792.0
int__tai20_15_07,1462,894,1688.0,1979.0
int__tai20_15_07,1462,895,1676.0,1929.0
int__tai20_15_07,1462,896,1624.0,1872.0
int__tai20_15_07,1462,897,1669.0,1953.0
int__tai20_15_07,1462,898,1601.0,1841.0
int__tai20_15_07,1462,899,1564.0,1786.0
int__tai20_15_07,1462,900,1601.0,1847.0
int__tai20_15_07,1462,901,1569.0,1802.0
int__tai20_15_07,1462,902,1593.0,1859.0
int__tai20_15_07,1462,903,1606.0,1848.0
int__tai20_15_07,1462,904,1556.0,1780.0
int__tai20_15_07,1462,905,1577.0,1809.0
int__tai20_15_07,1462,906,1557.0,1813.0
int__tai20_15_07,1462,907,1614.0,1873.0
int__tai20_15_07,1462,908,1566.0,1820.0
int__tai20_15_07,1462,909,1554.0,1772.0
int__tai20_15_07,1462,910,1615.0,1846.0
int__tai20_15_07,1462,911,1629.0,1873.0
int__tai20_15_07,1462,912,1629.0,1876.0
int__tai20_15_07,1462,913,1616.0,1871.0
int__tai20_15_07,1462,914,1679.0,1955.0
int__tai20_15_07,1462,915,1595.0,1840.0
int__tai20_15_07,1462,916,1616.0,1829.0
int__tai20_15_07,1462,917,1640.0,1819.0
int__tai20_15_07,1462,918,1650.0,1835.0
int__tai20_15_07,1462,919,1561.0,1790.0
int__tai20_15_07,1462,920,1592.0,1840.0
int__tai20_15_07,1462,921,1714.0,1898.0
int__tai20_15_07,1462,922,1665.0,1923.0
int__tai20_15_07,1462,923,1599.0,1817.0
int__tai20_15_07,1462,924,1628.0,1870.0
int__tai20_15_07,1462,925,1593.0,1859.0
int__tai20_15_07,1462,926,1566.0,1775.0
int__tai20_15_07,1462,927,1569.0,1811.0
int__tai20_15_07,1462,928,1655.0,1872.0
int__tai20_15_07,1462,929,1604.0,1855.0
int__tai20_15_07,1462,930,1773.0,1979.0
int__tai20_15_07,1462,931,1628.0,1855.0
int__tai20_15_07,1462,932,1561.0,1767.0
int__tai20_15_07,1462,933,1653.0,1945.0
int__tai20_15_07,1462,934,1676.0,1915.0
int__tai20_15_07,1462,935,1628.0,1846.0
int__tai20_15_07,1462,936,1719.0,1935.0
int__tai20_15_07,1462,937,1639.0,1863.0
int__tai20_15_07,1462,938,1619.0,1810.0
int__tai20_15_07,1462,939,1569.0,1774.0
int__tai20_15_07,1462,940,1647.0,1910.0
int__tai20_15_07,1462,941,1589.0,1810.0
int__tai20_15_07,1462,942,1581.0,1806.0
int__tai20_15_07,1462,943,1617.0,1822.0
int__tai20_15_07,1462,944,1585.0,1823.0
int__tai20_15_07,1462,945,1557.0,1792.0
int__tai20_15_07,1462,946,1547.0,1790.0
int__tai20_15_07,1462,947,1658.0,1903.0
int__tai20_15_07,1462,948,1604.0,1848.0
int__tai20_15_07,1462,949,1633.0,1859.0
int__tai20_15_07,1462,950,1582.0,1863.0
int__tai20_15_07,1462,951,1588.0,1818.0
int__tai20_15_07,1462,952,1635.0,1917.0
int__tai20_15_07,1462,953,1656.0,1902.0
int__tai20_15_07,1462,954,1762.0,1997.0
int__tai20_15_07,1462,955,1698.0,1936.0
int__tai20_15_07,1462,956,1693.0,1922.0
int__tai20_15_07,1462,957,1703.0,1999.0
int__tai20_15_07,1462,958,1551.0,1799.0
int__tai20_15_07,1462,959,1633.0,1853.0
int__tai20_15_07,1462,960,1649.0,1937.0
int__tai20_15_07,1462,961,1607.0,1841.0
int__tai20_15_07,1462,962,1578.0,1836.0
int__tai20_15_07,1462,963,1628.0,1853.0
int__tai20_15_07,1462,964,1626.0,1859.0
int__tai20_15_07,1462,965,1626.0,1834.0
int__tai20_15_07,1462,966,1666.0,1888.0
int__tai20_15_07,1462,967,1691.0,1944.0
int__tai20_15_07,1462,968,1623.0,1852.0
int__tai20_15_07,1462,969,1683.0,1947.0
int__tai20_15_07,1462,970,1591.0,1819.0
int__tai20_15_07,1462,971,1686.0,1962.0
int__tai20_15_07,1462,972,1601.0,1802.0
int__tai20_15_07,1462,973,1596.0,1782.0
int__tai20_15_07,1462,974,1689.0,1963.0
int__tai20_15_07,1462,975,1702.0,1985.0
int__tai20_15_07,1462,976,1552.0,1812.0
int__tai20_15_07,1462,977,1585.0,1837.0
int__tai20_15_07,1462,978,1563.0,1789.0
int__tai20_15_07,1462,979,1582.0,1798.0
int__tai20_15_07,1462,980,1700.0,1944.0
int__tai20_15_07,1462,981,1573.0,1797.0
int__tai20_15_07,1462,982,1574.0,1856.0
int__tai20_15_07,1462,983,1631.0,1878.0
int__tai20_15_07,1462,984,1592.0,1799.0
int__tai20_15_07,1462,985,1729.0,1976.0
int__tai20_15_07,1462,986,1690.0,1935.0
int__tai20_15_07,1462,987,1652.0,1886.0
int__tai20_15_07,1462,988,1703.0,1977.0
int__tai20_15_07,1462,989,1538.0,1774.0
int__tai20_15_07,1462,990,1628.0,1858.0
int__tai20_15_07,1462,991,1604.0,1836.0
int__tai20_15_07,1462,992,1580.0,1830.0
int__tai20_15_07,1462,993,1696.0,1926.0
int__tai20_15_07,1462,994,1641.0,1865.0
int__tai20_15_07,1462,995,1616.0,1858.0
int__tai20_15_07,1462,996,1557.0,1832.0
int__tai20_15_07,1462,997,1651.0,1866.0
int__tai20_15_07,1462,998,1673.0,1904.0
int__tai20_15_07,1462,999,1708.0,1919.0
int__tai20_15_07,1462,1000,1628.0,1886.0
int__tai20_15_07,1462,1001,1683.0,1935.0
int__tai20_15_07,1462,1002,1594.0,1845.0
int__tai20_15_07,1462,1003,1618.0,1866.0
int__tai20_15_07,1462,1004,1636.0,1876.0
int__tai20_15_07,1462,1005,1550.0,1773.0
int__tai20_15_07,1462,1006,1611.0,1846.0
int__tai20_15_07,1462,1007,1756.0,1995.0
int__tai20_15_07,1462,1008,1608.0,1822.0
int__tai20_15_07,1462,1009,1717.0,1973.0
int__tai20_15_07,1462,1010,1630.0,1865.0
int__tai20_15_07,1462,1011,1563.0,1808.0
int__tai20_15_07,1462,1012,1589.0,1824.0
int__tai20_15_07,1462,1013,1567.0,1791.0
int__tai20_15_07,1462,1014,1547.0,1783.0
int__tai20_15_07,1462,1015,1601.0,1853.0
int__tai20_15_07,1462,1016,1592.0,1845.0
int__tai20_15_07,1462,1017,1597.0,1834.0
int__tai20_15_07,1462,1018,1571.0,1811.0
int__tai20_15_07,1462,1019,1574.0,1832.0
int__tai20_15_07,1462,1020,1564.0,1780.0
int__tai20_15_07,1462,1021,1611.0,1864.0
int__tai20_15_07,1462,1022,1685.0,1909.0
int__tai20_15_07,1462,1023,1601.0,1852.0
int__tai20_20_03,1518,0,1711.0,1864.0
int__tai20_20_03,1518,1,1804.0,2012.0
int__tai20_20_03,1518,2,1817.0,2039.0
int__tai20_20_03,1518,3,1789.0,2003.0
int__tai20_20_03,1518,4,1827.0,2033.0
int__tai20_20_03,1518,5,1778.0,1966.0
int__tai20_20_03,1518,6,1742.0,1932.0
int__tai20_20_03,1518,7,1879.0,2070.0
int__tai20_20_03,1518,8,1800.0,1978.0
int__tai20_20_03,1518,9,1770.0,1965.0
int__tai20_20_03,1518,10,1835.0,2004.0
int__tai20_20_03,1518,11,1715.0,1957.0
int__tai20_20_03,1518,12,1865.0,2066.0
int__tai20_20_03,1518,13,1761.0,1947.0
int__tai20_20_03,1518,14,1806.0,1997.0
int__tai20_20_03,1518,15,1891.0,2084.0
int__tai20_20_03,1518,16,1805.0,1980.0
int__tai20_20_03,1518,17,1819.0,2047.0
int__tai20_20_03,1518,18,1816.0,2013.0
int__tai20_20_03,1518,19,1760.0,1991.0
int__tai20_20_03,1518,20,1840.0,2056.0
int__tai20_20_03,1518,21,1854.0,2076.0
int__tai20_20_03,1518,22,1857.0,2089.0
int__tai20_20_03,1518,23,1743.0,1936.0
int__tai20_20_03,1518,24,1777.0,1957.0
int__tai20_20_03,1518,25,1798.0,1978.0
int__tai20_20_03,1518,26,1757.0,1974.0
int__tai20_20_03,1518,27,1727.0,1919.0
int__tai20_20_03,1518,28,1795.0,1987.0
int__tai20_20_03,1518,29,1733.0,1932.0
int__tai20_20_03,1518,30,1844.0,2059.0
int__tai20_20_03,1518,31,1833.0,2001.0
int__tai20_20_03,1518,32,1798.0,2020.0
int__tai20_20_03,1518,33,1798.0,1976.0
int__tai20_20_03,1518,34,1796.0,2003.0
int__tai20_20_03,1518,35,1785.0,1969.0
int__tai20_20_03,1518,36,1751.0,1937.0
int__tai20_20_03,1518,37,1716.0,1909.0
int__tai20_20_03,1518,38,1860.0,2038.0
int__tai20_20_03,1518,39,1747.0,1938.0
int__tai20_20_03,1518,40,1758.0,1992.0
int__tai20_20_03,1518,41,1827.0,2036.0
int__tai20_20_03,1518,42,1881.0,2121.0
int__tai20_20_03,1518,43,1846.0,2048.0
int__tai20_20_03,1518,44,1877.0,2062.0
int__tai20_20_03,1518,45,1733.0,1934.0
int__tai20_20_03,1518,46,1750.0,1956.0
int__tai20_20_03,1518,47,1864.0,2046.0
int__tai20_20_03,1518,48,1831.0,2043.0
int__tai20_20_03,1518,49,1732.0,1927.0
int__tai20_20_03,1518,50,1754.0,1963.0
int__tai20_20_03,1518,51,1772.0,1959.0
int__tai20_20_03,1518,52,1761.0,1917.0
int__tai20_20_03,1518,53,1856.0,2028.0
int__tai20_20_03,1518,54,1813.0,2022.0
int__tai20_20_03,1518,55,1723.0,1948.0
int__tai20_20_03,1518,56,1878.0,2080.0
int__tai20_20_03,1518,57,1728.0,1950.0
int__tai20_20_03,1518,58,1799.0,2013.0
int__tai20_20_03,1518,59,1773.0,1993.0
int__tai20_20_03,1518,60,1868.0,2060.0
int__tai20_20_03,1518,61,1844.0,2037.0
int__tai20_20_03,1518,62,1754.0,1966.0
int__tai20_20_03,1518,63,1813.0,2014.0
int__tai20_20_03,1518,64,1800.0,2002.0
int__tai20_20_03,1518,65,1779.0,1984.0
int__tai20_20_03,1518,66,1874.0,2080.0
int__tai20_20_03,1518,67,1779.0,1991.0
int__tai20_20_03,1518,68,1741.0,1948.0
int__tai20_20_03,1518,69,1785.0,1997.0
int__tai20_20_03,1518,70,1826.0,2040.0
int__tai20_20_03,1518,71,1765.0,1962.0
int__tai20_20_03,1518,72,1837.0,2072.0
int__tai20_20_03,1518,73,1746.0,1921.0
int__tai20_20_03,1518,74,1779.0,1967.0
int__tai20_20_03,1518,75,1833.0,2052.0
int__tai20_20_03,1518,76,1747.0,1937.0
int__tai20_20_03,1518,77,1820.0,2026.0
int__tai20_20_03,1518,78,1935.0,2160.0
int__tai20_20_03,1518,79,1817.0,1981.0
int__tai20_20_03,1518,80,1751.0,1971.0
int__tai20_20_03,1518,81,1776.0,2020.0
int__tai20_20_03,1518,82,1675.0,1887.0
int__tai20_20_03,1518,83,1803.0,2001.0
int__tai20_20_03,1518,84,1861.0,2061.0
int__tai20_20_03,1518,85,1804.0,2003.0
int__tai20_20_03,1518,86,1776.0,2025.0
int__tai20_20_03,1518,87,1782.0,1982.0
int__tai20_20_03,1518,88,1747.0,1938.0
int__tai20_20_03,1518,89,1851.0,2044.0
int__tai20_20_03,1518,90,1759.0,1970.0
int__tai20_20_03,1518,91,1927.0,2127.0
int__tai20_20_03,1518,92,1776.0,1975.0
int__tai20_20_03,1518,93,1744.0,1946.0
int__tai20_20_03,1518,94,1802.0,2020.0
int__tai20_20_03,1518,95,1748.0,1948.0
int__tai20_20_03,1518,96,1738.0,1968.0
int__tai20_20_03,1518,97,1807.0,1991.0
int__tai20_20_03,1518,98,1816.0,2002.0
int__tai20_20_03,1518,99,1791.0,2026.0
int__tai20_20_03,1518,100,1751.0,1978.0
int__tai20_20_03,1518,101,1791.0,2007.0
int__tai20_20_03,1518,102,1864.0,2076.0
int__tai20_20_03,1518,103,1764.0,1982.0
int__tai20_20_03,1518,104,1801.0,2018.0
int__tai20_20_03,1518,105,1694.0,1881.0
int__tai20_20_03,1518,106,1744.0,1982.0
int__tai20_20_03,1518,107,1872.0,2084.0
int__tai20_20_03,1518,108,1880.0,2101.0
int__tai20_20_03,1518,109,1760.0,1932.0
int__tai20_20_03,1518,110,1758.0,1969.0
int__tai20_20_03,1518,111,1804.0,1975.0
int__tai20_20_03,1518,112,1705.0,1929.0
int__tai20_20_03,1518,113,1842.0,2020.0
int__tai20_20_03,1518,114,1773.0,1948.0
int__tai20_20_03,1518,115,1942.0,2137.0
int__tai20_20_03,1518,116,1699.0,1896.0
int__tai20_20_03,1518,117,1744.0,1922.0
int__tai20_20_03,1518,118,1798.0,2001.0
int__tai20_20_03,1518,119,1811.0,2000.0
int__tai20_20_03,1518,120,1860.0,2097.0
int__tai20_20_03,1518,121,1858.0,2046.0
int__tai20_20_03,1518,122,1727.0,1929.0
int__tai20_20_03,1518,123,1799.0,2001.0
int__tai20_20_03,1518,124,1915.0,2150.0
int__tai20_20_03,1518,125,1786.0,2021.0
int__tai20_20_03,1518,126,1766.0,1978.0
int__tai20_20_03,1518,127,1774.0,1968.0
int__tai20_20_03,1518,128,1776.0,1969.0
int__tai20_20_03,1518,129,1722.0,1906.0
int__tai20_20_03,1518,130,1769.0,1987.0
int__tai20_20_03,1518,131,1722.0,1920.0
int__tai20_20_03,1518,132,1841.0,2081.0
int__tai20_20_03,1518,133,1739.0,1925.0
int__tai20_20_03,1518,134,1738.0,1925.0
int__tai20_20_03,1518,135,1812.0,2030.0
int__tai20_20_03,1518,136,1848.0,2065.0
int__tai20_20_03,1518,137,1746.0,1950.0
int__tai20_20_03,1518,138,1711.0,1893.0
int__tai20_20_03,1518,139,1739.0,1942.0
int__tai20_20_03,1518,140,1740.0,1934.0
int__tai20_20_03,1518,141,1821.0,1990.0
int__tai20_20_03,1518,142,1809.0,1986.0
int__tai20_20_03,1518,143,1803.0,1986.0
int__tai20_20_03,1518,144,1865.0,2106.0
int__tai20_20_03,1518,145,1788.0,1977.0
int__tai20_20_03,1518,146,1803.0,1979.0
int__tai20_20_03,1518,147,1752.0,1958.0
int__tai20_20_03,1518,148,1806.0,2007.0
int__tai20_20_03,1518,149,1742.0,1913.0
int__tai20_20_03,1518,150,1795.0,1997.0
int__tai20_20_03,1518,151,1691.0,1896.0
int__tai20_20_03,1518,152,1809.0,2019.0
int__tai20_20_03,1518,153,1851.0,2041.0
int__tai20_20_03,1518,154,1839.0,2059.0
int__tai20_20_03,1518,155,1768.0,1957.0
int__tai20_20_03,1518,156,1775.0,1974.0
int__tai20_20_03,1518,157,1734.0,1903.0
int__tai20_20_03,1518,158,1939.0,2176.0
int__tai20_20_03,1518,159,1736.0,1949.0
int__tai20_20_03,1518,160,1763.0,1949.0
int__tai20_20_03,1518,161,1871.0,2105.0
int__tai20_20_03,1518,162,1747.0,1950.0
int__tai20_20_03,1518,163,1745.0,1958.0
int__tai20_20_03,1518,164,1738.0,1945.0
int__tai20_20_03,1518,165,1827.0,2028.0
int__tai20_20_03,1518,166,1717.0,1923.0
int__tai20_20_03,1518,167,1819.0,2032.0
int__tai20_20_03,1518,168,1791.0,2023.0
int__tai20_20_03,1518,169,1770.0,1979.0
int__tai20_20_03,1518,170,1787.0,2008.0
int__tai20_20_03,1518,171,1803.0,1977.0
int__tai20_20_03,1518,172,1776.0,1971.0
int__tai20_20_03,1518,173,1787.0,2001.0
int__tai20_20_03,1518,174,1752.0,1919.0
int__tai20_20_03,1518,175,1815.0,2020.0
int__tai20_20_03,1518,176,2053.0,2270.0
int__tai20_20_03,1518,177,1780.0,1977.0
int__tai20_20_03,1518,178,1807.0,2017.0
int__tai20_20_03,1518,179,1892.0,2114.0
int__tai20_20_03,1518,180,1844.0,2055.0
int__tai20_20_03,1518,181,1758.0,1964.0
int__tai20_20_03,1518,182,1833.0,2050.0
int__tai20_20_03,1518,183,1821.0,2024.0
int__tai20_20_03,1518,184,1720.0,1939.0
int__tai20_20_03,1518,185,1746.0,1924.0
int__tai20_20_03,1518,186,1854.0,2024.0
int__tai20_20_03,1518,187,1762.0,1939.0
int__tai20_20_03,1518,188,1839.0,2023.0
int__tai20_20_03,1518,189,1813.0,2033.0
int__tai20_20_03,1518,190,1747.0,1939.0
int__tai20_20_03,1518,191,1722.0,1920.0
int__tai20_20_03,1518,192,1851.0,2104.0
int__tai20_20_03,1518,193,1843.0,2066.0
int__tai20_20_03,1518,194,1714.0,1911.0
int__tai20_20_03,1518,195,1780.0,1981.0
int__tai20_20_03,1518,196,1778.0,2014.0
int__tai20_20_03,1518,197,1717.0,1913.0
int__tai20_20_03,1518,198,1806.0,2017.0
int__tai20_20_03,1518,199,1680.0,1901.0
int__tai20_20_03,1518,200,1788.0,2017.0
int__tai20_20_03,1518,201,1769.0,1958.0
int__tai20_20_03,1518,202,1829.0,2009.0
int__tai20_20_03,1518,203,1693.0,1862.0
int__tai20_20_03,1518,204,1821.0,2046.0
int__tai20_20_03,1518,205,1814.0,2064.0
int__tai20_20_03,1518,206,1899.0,2105.0
int__tai20_20_03,1518,207,1957.0,2155.0
int__tai20_20_03,1518,208,1747.0,1919.0
int__tai20_20_03,1518,209,1925.0,2112.0
int__tai20_20_03,1518,210,1724.0,1928.0
int__tai20_20_03,1518,211,1756.0,1931.0
int__tai20_20_03,1518,212,1813.0,2005.0
int__tai20_20_03,1518,213,1720.0,1931.0
int__tai20_20_03,1518,214,1717.0,1909.0
int__tai20_20_03,1518,215,1845.0,2068.0
int__tai20_20_03,1518,216,1801.0,1977.0
int__tai20_20_03,1518,217,1892.0,2106.0
int__tai20_20_03,1518,218,1819.0,2015.0
int__tai20_20_03,1518,219,1767.0,1959.0
int__tai20_20_03,1518,220,1704.0,1924.0
int__tai20_20_03,1518,221,1821.0,2023.0
int__tai20_20_03,1518,222,1738.0,1935.0
int__tai20_20_03,1518,223,1738.0,1948.0
int__tai20_20_03,1518,224,1875.0,2048.0
int__tai20_20_03,1518,225,1900.0,2107.0
int__tai20_20_03,1518,226,1807.0,2016.0
int__tai20_20_03,1518,227,1854.0,2088.0
int__tai20_20_03,1518,228,1864.0,2056.0
int__tai20_20_03,1518,229,1775.0,1973.0
int__tai20_20_03,1518,230,1738.0,1975.0
int__tai20_20_03,1518,231,1794.0,1976.0
int__tai20_20_03,1518,232,1753.0,1952.0
int__tai20_20_03,1518,233,1746.0,1945.0
int__tai20_20_03,1518,234,1823.0,2015.0
int__tai20_20_03,1518,235,1732.0,1940.0
int__tai20_20_03,1518,236,1802.0,1993.0
int__tai20_20_03,1518,237,1845.0,2055.0
int__tai20_20_03,1518,238,1743.0,1954.0
int__tai20_20_03,1518,239,1783.0,1962.0
int__tai20_20_03,1518,240,1788.0,1989.0
int__tai20_20_03,1518,241,1836.0,2046.0
int__tai20_20_03,1518,242,1796.0,2045.0
int__tai20_20_03,1518,243,1838.0,2011.0
int__tai20_20_03,1518,244,1736.0,1930.0
int__tai20_20_03,1518,245,1804.0,2012.0
int__tai20_20_03,1518,246,1727.0,1955.0
int__tai20_20_03,1518,247,1848.0,2058.0
int__tai20_20_03,1518,248,1715.0,1908.0
int__tai20_20_03,1518,249,1712.0,1904.0
int__tai20_20_03,1518,250,1679.0,1879.0
int__tai20_20_03,1518,251,1761.0,1982.0
int__tai20_20_03,1518,252,1899.0,2103.0
int__tai20_20_03,1518,253,1837.0,2055.0
int__tai20_20_03,1518,254,1766.0,1982.0
int__tai20_20_03,1518,255,1739.0,1960.0
int__tai20_20_03,1518,256,1829.0,2034.0
int__tai20_20_03,1518,257,1784.0,2000.0
int__tai20_20_03,1518,258,1794.0,1997.0
int__tai20_20_03,1518,259,1672.0,1902.0
int__tai20_20_03,1518,260,1761.0,1945.0
int__tai20_20_03,1518,261,1773.0,1982.0
int__tai20_20_03,1518,262,1730.0,1934.0
int__tai20_20_03,1518,263,1710.0,1909.0
int__tai20_20_03,1518,264,1769.0,1984.0
int__tai20_20_03,1518,265,1721.0,1917.0
int__tai20_20_03,1518,266,1810.0,2065.0
int__tai20_20_03,1518,267,1809.0,2030.0
int__tai20_20_03,1518,268,1780.0,1957.0
int__tai20_20_03,1518,269,1739.0,1926.0
int__tai20_20_03,1518,270,1783.0,2023.0
int__tai20_20_03,1518,271,1817.0,2031.0
int__tai20_20_03,1518,272,1776.0,1979.0
int__tai20_20_03,1518,273,1941.0,2156.0
int__tai20_20_03,1518,274,1885.0,2082.0
int__tai20_20_03,1518,275,1836.0,2050.0
int__tai20_20_03,1518,276,1742.0,1957.0
int__tai20_20_03,1518,277,1760.0,1951.0
int__tai20_20_03,1518,278,1905.0,2136.0
int__tai20_20_03,1518,279,1726.0,1914.0
int__tai20_20_03,1518,280,1833.0,2052.0
int__tai20_20_03,1518,281,1848.0,2038.0
int__tai20_20_03,1518,282,1812.0,2018.0
int__tai20_20_03,1518,283,1839.0,2056.0
int__tai20_20_03,1518,284,1765.0,1973.0
int__tai20_20_03,1518,285,1722.0,1916.0
int__tai20_20_03,1518,286,1870.0,2048.0
int__tai20_20_03,1518,287,1699.0,1889.0
int__tai20_20_03,1518,288,1883.0,2095.0
int__tai20_20_03,1518,289,1805.0,1972.0
int__tai20_20_03,1518,290,1784.0,1981.0
int__tai20_20_03,1518,291,1778.0,1955.0
int__tai20_20_03,1518,292,1849.0,2051.0
int__tai20_20_03,1518,293,1777.0,1970.0
int__tai20_20_03,1518,294,1786.0,1958.0
int__tai20_20_03,1518,295,1787.0,2009.0
int__tai20_20_03,1518,296,1820.0,2018.0
int__tai20_20_03,1518,297,1748.0,1946.0
int__tai20_20_03,1518,298,1812.0,2043.0
int__tai20_20_03,1518,299,1884.0,2107.0
int__tai20_20_03,1518,300,1740.0,1946.0
int__tai20_20_03,1518,301,1846.0,2027.0
int__tai20_20_03,1518,302,1785.0,1990.0
int__tai20_20_03,1518,303,1808.0,2061.0
int__tai20_20_03,1518,304,1952.0,2181.0
int__tai20_20_03,1518,305,1748.0,1943.0
int__tai20_20_03,1518,306,1785.0,2003.0
int__tai20_20_03,1518,307,1818.0,2048.0
int__tai20_20_03,1518,308,1886.0,2122.0
int__tai20_20_03,1518,309,1748.0,1982.0
int__tai20_20_03,1518,310,1766.0,1984.0
int__tai20_20_03,1518,311,1800.0,1992.0
int__tai20_20_03,1518,312,1718.0,1915.0
int__tai20_20_03,1518,313,1774.0,2021.0
int__tai20_20_03,1518,314,1886.0,2087.0
int__tai20_20_03,1518,315,1780.0,2014.0
int__tai20_20_03,1518,316,1901.0,2094.0
int__tai20_20_03,1518,317,1744.0,1935.0
int__tai20_20_03,1518,318,1745.0,1968.0
int__tai20_20_03,1518,319,1827.0,2040.0
int__tai20_20_03,1518,320,2019.0,2260.0
int__tai20_20_03,1518,321,1771.0,1982.0
int__tai20_20_03,1518,322,1868.0,2048.0
int__tai20_20_03,1518,323,1792.0,2017.0
int__tai20_20_03,1518,324,1841.0,2045.0
int__tai20_20_03,1518,325,1797.0,2011.0
int__tai20_20_03,1518,326,1769.0,1984.0
int__tai20_20_03,1518,327,1785.0,1998.0
int__tai20_20_03,1518,328,1745.0,1954.0
int__tai20_20_03,1518,329,1826.0,2013.0
int__tai20_20_03,1518,330,1737.0,1922.0
int__tai20_20_03,1518,331,1839.0,2060.0
int__tai20_20_03,1518,332,1789.0,2018.0
int__tai20_20_03,1518,333,1865.0,2055.0
int__tai20_20_03,1518,334,1910.0,2112.0
int__tai20_20_03,1518,335,1842.0,2018.0
int__tai20_20_03,1518,336,1721.0,1908.0
int__tai20_20_03,1518,337,1853.0,2083.0
int__tai20_20_03,1518,338,1734.0,1922.0
int__tai20_20_03,1518,339,1786.0,1963.0
int__tai20_20_03,1518,340,1766.0,1949.0
int__tai20_20_03,1518,341,1758.0,1950.0
int__tai20_20_03,1518,342,1768.0,1957.0
int__tai20_20_03,1518,343,1835.0,2028.0
int__tai20_20_03,1518,344,1860.0,2088.0
int__tai20_20_03,1518,345,1783.0,2010.0
int__tai20_20_03,1518,346,1784.0,1984.0
int__tai20_20_03,1518,347,1720.0,1942.0
int__tai20_20_03,1518,348,1797.0,1995.0
int__tai20_20_03,1518,349,1828.0,2056.0
int__tai20_20_03,1518,350,1796.0,2028.0
int__tai20_20_03,1518,351,1866.0,2114.0
int__tai20_20_03,1518,352,1722.0,1927.0
int__tai20_20_03,1518,353,1783.0,1973.0
int__tai20_20_03,1518,354,1933.0,2125.0
int__tai20_20_03,1518,355,1832.0,2022.0
int__tai20_20_03,1518,356,1773.0,1986.0
int__tai20_20_03,1518,357,1828.0,2020.0
int__tai20_20_03,1518,358,1748.0,1953.0
int__tai20_20_03,1518,359,1900.0,2097.0
int__tai20_20_03,1518,360,1754.0,1956.0
int__tai20_20_03,1518,361,1838.0,2053.0
int__tai20_20_03,1518,362,1690.0,1898.0
int__tai20_20_03,1518,363,1752.0,1944.0
int__tai20_20_03,1518,364,1809.0,2057.0
int__tai20_20_03,1518,365,1760.0,1942.0
int__tai20_20_03,1518,366,1873.0,2084.0
int__tai20_20_03,1518,367,1807.0,2008.0
int__tai20_20_03,1518,368,1779.0,1992.0
int__tai20_20_03,1518,369,1865.0,2067.0
int__tai20_20_03,1518,370,1895.0,2126.0
int__tai20_20_03,1518,371,1808.0,1973.0
int__tai20_20_03,1518,372,1780.0,1983.0
int__tai20_20_03,1518,373,1741.0,1921.0
int__tai20_20_03,1518,374,1737.0,1920.0
int__tai20_20_03,1518,375,1839.0,2034.0
int__tai20_20_03,1518,376,1837.0,2015.0
int__tai20_20_03,1518,377,1835.0,2040.0
int__tai20_20_03,1518,378,1766.0,1980.0
int__tai20_20_03,1518,379,1780.0,2020.0
int__tai20_20_03,1518,380,1841.0,2059.0
int__tai20_20_03,1518,381,1779.0,1979.0
int__tai20_20_03,1518,382,1736.0,1938.0
int__tai20_20_03,1518,383,1744.0,1952.0
int__tai20_20_03,1518,384,1930.0,2137.0
int__tai20_20_03,1518,385,1827.0,2021.0
int__tai20_20_03,1518,386,1796.0,1989.0
int__tai20_20_03,1518,387,1749.0,1947.0
int__tai20_20_03,1518,388,1665.0,1875.0
int__tai20_20_03,1518,389,1933.0,2167.0
int__tai20_20_03,1518,390,1814.0,2029.0
int__tai20_20_03,1518,391,1811.0,1995.0
int__tai20_20_03,1518,392,1859.0,2064.0
int__tai20_20_03,1518,393,1817.0,2051.0
int__tai20_20_03,1518,394,1801.0,2023.0
int__tai20_20_03,1518,395,1804.0,1991.0
int__tai20_20_03,1518,396,1771.0,1977.0
int__tai20_20_03,1518,397,1827.0,2063.0
int__tai20_20_03,1518,398,1837.0,2017.0
int__tai20_20_03,1518,399,1805.0,2023.0
int__tai20_20_03,1518,400,1738.0,1942.0
int__tai20_20_03,1518,401,1803.0,2000.0
int__tai20_20_03,1518,402,1793.0,2016.0
int__tai20_20_03,1518,403,1784.0,1985.0
int__tai20_20_03,1518,404,1816.0,2031.0
int__tai20_20_03,1518,405,1789.0,1995.0
int__tai20_20_03,1518,406,1711.0,1870.0
int__tai20_20_03,1518,407,1824.0,2030.0
int__tai20_20_03,1518,408,1806.0,2030.0
int__tai20_20_03,1518,409,1794.0,2006.0
int__tai20_20_03,1518,410,1821.0,2036.0
int__tai20_20_03,1518,411,1987.0,2196.0
int__tai20_20_03,1518,412,1790.0,2007.0
int__tai20_20_03,1518,413,1779.0,1965.0
int__tai20_20_03,1518,414,1765.0,1932.0
int__tai20_20_03,1518,415,1750.0,1957.0
int__tai20_20_03,1518,416,1725.0,1947.0
int__tai20_20_03,1518,417,1842.0,2051.0
int__tai20_20_03,1518,418,1786.0,1984.0
int__tai20_20_03,1518,419,1767.0,1979.0
int__tai20_20_03,1518,420,1738.0,1936.0
int__tai20_20_03,1518,421,1738.0,1951.0
int__tai20_20_03,1518,422,1733.0,1947.0
int__tai20_20_03,1518,423,1907.0,2145.0
int__tai20_20_03,1518,424,1783.0,1985.0
int__tai20_20_03,1518,425,1921.0,2189.0
int__tai20_20_03,1518,426,1828.0,2026.0
int__tai20_20_03,1518,427,1826.0,2034.0
int__tai20_20_03,1518,428,1731.0,1932.0
int__tai20_20_03,1518,429,1849.0,2045.0
int__tai20_20_03,1518,430,1947.0,2175.0
int__tai20_20_03,1518,431,1784.0,1998.0
int__tai20_20_03,1518,432,1689.0,1900.0
int__tai20_20_03,1518,433,1748.0,1940.0
int__tai20_20_03,1518,434,1805.0,2002.0
int__tai20_20_03,1518,435,1838.0,2086.0
int__tai20_20_03,1518,436,1869.0,2084.0
int__tai20_20_03,1518,437,1752.0,1964.0
int__tai20_20_03,1518,438,1730.0,1964.0
int__tai20_20_03,1518,439,1769.0,1967.0
int__tai20_20_03,1518,440,1768.0,1972.0
int__tai20_20_03,1518,441,1768.0,1952.0
int__tai20_20_03,1518,442,1787.0,1985.0
int__tai20_20_03,1518,443,1810.0,2022.0
int__tai20_20_03,1518,444,1782.0,2028.0
int__tai20_20_03,1518,445,1725.0,1911.0
int__tai20_20_03,1518,446,1873.0,2100.0
int__tai20_20_03,1518,447,1731.0,1913.0
int__tai20_20_03,1518,448,1768.0,1939.0
int__tai20_20_03,1518,449,1824.0,2023.0
int__tai20_20_03,1518,450,1780.0,1999.0
int__tai20_20_03,1518,451,1749.0,1972.0
int__tai20_20_03,1518,452,1871.0,2054.0
int__tai20_20_03,1518,453,1717.0,1940.0
int__tai20_20_03,1518,454,1866.0,2113.0
int__tai20_20_03,1518,455,1818.0,2006.0
int__tai20_20_03,1518,456,1700.0,1896.0
int__tai20_20_03,1518,457,1800.0,2006.0
int__tai20_20_03,1518,458,1867.0,2106.0
int__tai20_20_03,1518,459,1794.0,1992.0
int__tai20_20_03,1518,460,1841.0,2037.0
int__tai20_20_03,1518,461,1774.0,2004.0
int__tai20_20_03,1518,462,1767.0,2007.0
int__tai20_20_03,1518,463,1773.0,1967.0
int__tai20_20_03,1518,464,1841.0,2055.0
int__tai20_20_03,1518,465,1769.0,2005.0
int__tai20_20_03,1518,466,1879.0,2108.0
int__tai20_20_03,1518,467,1809.0,2018.0
int__tai20_20_03,1518,468,1887.0,2136.0
int__tai20_20_03,1518,469,1810.0,2034.0
int__tai20_20_03,1518,470,1906.0,2123.0
int__tai20_20_03,1518,471,1886.0,2098.0
int__tai20_20_03,1518,472,1835.0,2083.0
int__tai20_20_03,1518,473,1721.0,1951.0
int__tai20_20_03,1518,474,1840.0,2046.0
int__tai20_20_03,1518,475,1773.0,1980.0
int__tai20_20_03,1518,476,1735.0,1933.0
int__tai20_20_03,1518,477,1803.0,1987.0
int__tai20_20_03,1518,478,1795.0,2001.0
int__tai20_20_03,1518,479,1757.0,1950.0
int__tai20_20_03,1518,480,1792.0,1987.0
int__tai20_20_03,1518,481,1785.0,1950.0
int__tai20_20_03,1518,482,1893.0,2099.0
int__tai20_20_03,1518,483,1719.0,1934.0
int__tai20_20_03,1518,484,1741.0,1969.0
int__tai20_20_03,1518,485,1815.0,2018.0
int__tai20_20_03,1518,486,1734.0,1938.0
int__tai20_20_03,1518,487,1794.0,1997.0
int__tai20_20_03,1518,488,1780.0,2022.0
int__tai20_20_03,1518,489,1783.0,1976.0
int__tai20_20_03,1518,490,1886.0,2078.0
int__tai20_20_03,1518,491,1745.0,1945.0
int__tai20_20_03,1518,492,1806.0,2014.0
int__tai20_20_03,1518,493,1859.0,2060.0
int__tai20_20_03,1518,494,1762.0,1946.0
int__tai20_20_03,1518,495,1644.0,1844.0
int__tai20_20_03,1518,496,1708.0,1941.0
int__tai20_20_03,1518,497,1785.0,1964.0
int__tai20_20_03,1518,498,1752.0,1957.0
int__tai20_20_03,1518,499,1904.0,2102.0
int__tai20_20_03,1518,500,1836.0,2048.0
int__tai20_20_03,1518,501,1724.0,1926.0
int__tai20_20_03,1518,502,1735.0,1928.0
int__tai20_20_03,1518,503,1824.0,2050.0
int__tai20_20_03,1518,504,1719.0,1900.0
int__tai20_20_03,1518,505,1763.0,1949.0
int__tai20_20_03,1518,506,1743.0,1941.0
int__tai20_20_03,1518,507,1793.0,2005.0
int__tai20_20_03,1518,508,1793.0,1963.0
int__tai20_20_03,1518,509,1825.0,1989.0
int__tai20_20_03,1518,510,1795.0,1975.0
int__tai20_20_03,1518,511,1782.0,1976.0
int__tai20_20_03,1518,512,1808.0,2007.0
int__tai20_20_03,1518,513,1756.0,1937.0
int__tai20_20_03,1518,514,1816.0,2027.0
int__tai20_20_03,1518,515,1804.0,2036.0
int__tai20_20_03,1518,516,1730.0,1950.0
int__tai20_20_03,1518,517,1720.0,1940.0
int__tai20_20_03,1518,518,1762.0,1969.0
int__tai20_20_03,1518,519,1907.0,2128.0
int__tai20_20_03,1518,520,1786.0,2014.0
int__tai20_20_03,1518,521,1772.0,1993.0
int__tai20_20_03,1518,522,1848.0,2024.0
int__tai20_20_03,1518,523,1796.0,1971.0
int__tai20_20_03,1518,524,1755.0,1975.0
int__tai20_20_03,1518,525,1700.0,1912.0
int__tai20_20_03,1518,526,1779.0,1976.0
int__tai20_20_03,1518,527,1840.0,2022.0
int__tai20_20_03,1518,528,1850.0,2045.0
int__tai20_20_03,1518,529,1754.0,1946.0
int__tai20_20_03,1518,530,1751.0,1927.0
int__tai20_20_03,1518,531,1786.0,1987.0
int__tai20_20_03,1518,532,1739.0,1926.0
int__tai20_20_03,1518,533,1744.0,1945.0
int__tai20_20_03,1518,534,1831.0,2044.0
int__tai20_20_03,1518,535,1794.0,2013.0
int__tai20_20_03,1518,536,1740.0,1911.0
int__tai20_20_03,1518,537,1779.0,1971.0
int__tai20_20_03,1518,538,1721.0,1897.0
int__tai20_20_03,1518,539,1768.0,1967.0
int__tai20_20_03,1518,540,1760.0,1950.0
int__tai20_20_03,1518,541,1784.0,2020.0
int__tai20_20_03,1518,542,1896.0,2093.0
int__tai20_20_03,1518,543,1834.0,2052.0
int__tai20_20_03,1518,544,1866.0,2073.0
int__tai20_20_03,1518,545,1693.0,1870.0
int__tai20_20_03,1518,546,1724.0,1906.0
int__tai20_20_03,1518,547,1750.0,1989.0
int__tai20_20_03,1518,548,1845.0,2048.0
int__tai20_20_03,1518,549,1716.0,1907.0
int__tai20_20_03,1518,550,1797.0,1979.0
int__tai20_20_03,1518,551,1863.0,2058.0
int__tai20_20_03,1518,552,1817.0,2024.0
int__tai20_20_03,1518,553,1730.0,1941.0
int__tai20_20_03,1518,554,1782.0,1975.0
int__tai20_20_03,1518,555,1770.0,1973.0
int__tai20_20_03,1518,556,1803.0,1993.0
int__tai20_20_03,1518,557,1709.0,1916.0
int__tai20_20_03,1518,558,1902.0,2127.0
int__tai20_20_03,1518,559,1721.0,1935.0
int__tai20_20_03,1518,560,1842.0,2038.0
int__tai20_20_03,1518,561,1754.0,1988.0
int__tai20_20_03,1518,562,1761.0,1954.0
int__tai20_20_03,1518,563,1835.0,2042.0
int__tai20_20_03,1518,564,1888.0,2088.0
int__tai20_20_03,1518,565,1819.0,2029.0
int__tai20_20_03,1518,566,1771.0,1957.0
int__tai20_20_03,1518,567,1781.0,1992.0
int__tai20_20_03,1518,568,1793.0,2001.0
int__tai20_20_03,1518,569,1722.0,1909.0
int__tai20_20_03,1518,570,1808.0,2036.0
int__tai20_20_03,1518,571,1766.0,1960.0
int__tai20_20_03,1518,572,1767.0,1956.0
int__tai20_20_03,1518,573,1826.0,2020.0
int__tai20_20_03,1518,574,1757.0,1950.0
int__tai20_20_03,1518,575,1715.0,1903.0
int__tai20_20_03,1518,576,1764.0,1976.0
int__tai20_20_03,1518,577,1729.0,1960.0
int__tai20_20_03,1518,578,1870.0,2058.0
int__tai20_20_03,1518,579,1790.0,2011.0
int__tai20_20_03,1518,580,1798.0,1989.0
int__tai20_20_03,1518,581,1689.0,1907.0
int__tai20_20_03,1518,582,1764.0,1958.0
int__tai20_20_03,1518,583,1731.0,1921.0
int__tai20_20_03,1518,584,1813.0,2043.0
int__tai20_20_03,1518,585,1768.0,1959.0
int__tai20_20_03,1518,586,1859.0,2060.0
int__tai20_20_03,1518,587,1764.0,1955.0
int__tai20_20_03,1518,588,1807.0,2019.0
int__tai20_20_03,1518,589,1799.0,2009.0
int__tai20_20_03,1518,590,1801.0,2000.0
int__tai20_20_03,1518,591,1753.0,1976.0
int__tai20_20_03,1518,592,1725.0,1943.0
int__tai20_20_03,1518,593,1770.0,1949.0
int__tai20_20_03,1518,594,1730.0,1923.0
int__tai20_20_03,1518,595,1769.0,1973.0
int__tai20_20_03,1518,596,1868.0,2100.0
int__tai20_20_03,1518,597,1749.0,1981.0
int__tai20_20_03,1518,598,1849.0,2051.0
int__tai20_20_03,1518,599,1777.0,1985.0
int__tai20_20_03,1518,600,1716.0,1921.0
int__tai20_20_03,1518,601,1747.0,1931.0
int__tai20_20_03,1518,602,1796.0,1994.0
int__tai20_20_03,1518,603,1746.0,1955.0
int__tai20_20_03,1518,604,1874.0,2053.0
int__tai20_20_03,1518,605,1740.0,1949.0
int__tai20_20_03,1518,606,1655.0,1854.0
int__tai20_20_03,1518,607,1838.0,2044.0
int__tai20_20_03,1518,608,1712.0,1890.0
int__tai20_20_03,1518,609,1830.0,2030.0
int__tai20_20_03,1518,610,1883.0,2058.0
int__tai20_20_03,1518,611,1769.0,1976.0
int__tai20_20_03,1518,612,1749.0,1954.0
int__tai20_20_03,1518,613,1819.0,2038.0
int__tai20_20_03,1518,614,1738.0,1924.0
int__tai20_20_03,1518,615,1760.0,1987.0
int__tai20_20_03,1518,616,1810.0,2040.0
int__tai20_20_03,1518,617,1862.0,2065.0
int__tai20_20_03,1518,618,1751.0,1965.0
int__tai20_20_03,1518,619,1798.0,2010.0
int__tai20_20_03,1518,620,1775.0,1985.0
int__tai20_20_03,1518,621,1845.0,2071.0
int__tai20_20_03,1518,622,1860.0,2055.0
int__tai20_20_03,1518,623,1795.0,1987.0
int__tai20_20_03,1518,624,1721.0,1905.0
int__tai20_20_03,1518,625,1796.0,1974.0
int__tai20_20_03,1518,626,1736.0,1938.0
int__tai20_20_03,1518,627,1745.0,1943.0
int__tai20_20_03,1518,628,1691.0,1893.0
int__tai20_20_03,1518,629,1893.0,2100.0
int__tai20_20_03,1518,630,1752.0,1980.0
int__tai20_20_03,1518,631,1759.0,1977.0
int__tai20_20_03,1518,632,1785.0,2018.0
int__tai20_20_03,1518,633,1832.0,2039.0
int__tai20_20_03,1518,634,1714.0,1917.0
int__tai20_20_03,1518,635,1810.0,2029.0
int__tai20_20_03,1518,636,1782.0,1991.0
int__tai20_20_03,1518,637,1814.0,2017.0
int__tai20_20_03,1518,638,1885.0,2092.0
int__tai20_20_03,1518,639,1871.0,2083.0
int__tai20_20_03,1518,640,1820.0,2012.0
int__tai20_20_03,1518,641,1755.0,1989.0
int__tai20_20_03,1518,642,1934.0,2166.0
int__tai20_20_03,1518,643,1746.0,1957.0
int__tai20_20_03,1518,644,1814.0,2033.0
int__tai20_20_03,1518,645,1747.0,1959.0
int__tai20_20_03,1518,646,1889.0,2082.0
int__tai20_20_03,1518,647,1829.0,2026.0
int__tai20_20_03,1518,648,1825.0,2029.0
int__tai20_20_03,1518,649,1766.0,1959.0
int__tai20_20_03,1518,650,1806.0,1991.0
int__tai20_20_03,1518,651,1741.0,1970.0
int__tai20_20_03,1518,652,1865.0,2021.0
int__tai20_20_03,1518,653,1822.0,2032.0
int__tai20_20_03,1518,654,1811.0,2001.0
int__tai20_20_03,1518,655,1685.0,1908.0
int__tai20_20_03,1518,656,1783.0,1975.0
int__tai20_20_03,1518,657,1733.0,1913.0
int__tai20_20_03,1518,658,1837.0,2030.0
int__tai20_20_03,1518,659,1673.0,1854.0
int__tai20_20_03,1518,660,1695.0,1895.0
int__tai20_20_03,1518,661,1765.0,1984.0
int__tai20_20_03,1518,662,1770.0,1966.0
int__tai20_20_03,1518,663,1728.0,1913.0
int__tai20_20_03,1518,664,1747.0,1956.0
int__tai20_20_03,1518,665,1734.0,1930.0
int__tai20_20_03,1518,666,1826.0,2021.0
int__tai20_20_03,1518,667,1691.0,1934.0
int__tai20_20_03,1518,668,1812.0,1987.0
int__tai20_20_03,1518,669,1744.0,1950.0
int__tai20_20_03,1518,670,1762.0,2004.0
int__tai20_20_03,1518,671,1726.0,1918.0
int__tai20_20_03,1518,672,1852.0,2081.0
int__tai20_20_03,1518,673,1795.0,2011.0
int__tai20_20_03,1518,674,1886.0,2108.0
int__tai20_20_03,1518,675,1767.0,1929.0
int__tai20_20_03,1518,676,1931.0,2139.0
int__tai20_20_03,1518,677,1803.0,2009.0
int__tai20_20_03,1518,678,1767.0,1963.0
int__tai20_20_03,1518,679,1769.0,1993.0
int__tai20_20_03,1518,680,1921.0,2128.0
int__tai20_20_03,1518,681,1749.0,1974.0
int__tai20_20_03,1518,682,1771.0,1977.0
int__tai20_20_03,1518,683,1830.0,2053.0
int__tai20_20_03,1518,684,1846.0,2058.0
int__tai20_20_03,1518,685,1991.0,2209.0
int__tai20_20_03,1518,686,1719.0,1911.0
int__tai20_20_03,1518,687,1779.0,1956.0
int__tai20_20_03,1518,688,1730.0,1931.0
int__tai20_20_03,1518,689,1757.0,1937.0
int__tai20_20_03,1518,690,1685.0,1876.0
int__tai20_20_03,1518,691,1806.0,2042.0
int__tai20_20_03,1518,692,1810.0,2055.0
int__tai20_20_03,1518,693,1709.0,1906.0
int__tai20_20_03,1518,694,1790.0,2007.0
int__tai20_20_03,1518,695,1773.0,1973.0
int__tai20_20_03,1518,696,1862.0,2096.0
int__tai20_20_03,1518,697,1807.0,2027.0
int__tai20_20_03,1518,698,1860.0,2065.0
int__tai20_20_03,1518,699,1733.0,1906.0
int__tai20_20_03,1518,700,1794.0,2018.0
int__tai20_20_03,1518,701,1914.0,2126.0
int__tai20_20_03,1518,702,1821.0,2000.0
int__tai20_20_03,1518,703,1948.0,2206.0
int__tai20_20_03,1518,704,1897.0,2106.0
int__tai20_20_03,1518,705,1771.0,1968.0
int__tai20_20_03,1518,706,1774.0,2001.0
int__tai20_20_03,1518,707,1732.0,1905.0
int__tai20_20_03,1518,708,1898.0,2111.0
int__tai20_20_03,1518,709,1774.0,1990.0
int__tai20_20_03,1518,710,1746.0,1943.0
int__tai20_20_03,1518,711,1814.0,2024.0
int__tai20_20_03,1518,712,1847.0,2040.0
int__tai20_20_03,1518,713,1768.0,1932.0
int__tai20_20_03,1518,714,1876.0,2106.0
int__tai20_20_03,1518,715,1758.0,1956.0
int__tai20_20_03,1518,716,1782.0,1988.0
int__tai20_20_03,1518,717,1841.0,2070.0
int__tai20_20_03,1518,718,1828.0,2030.0
int__tai20_20_03,1518,719,1817.0,2052.0
int__tai20_20_03,1518,720,1816.0,2026.0
int__tai20_20_03,1518,721,1841.0,1994.0
int__tai20_20_03,1518,722,1765.0,1971.0
int__tai20_20_03,1518,723,1926.0,2150.0
int__tai20_20_03,1518,724,1751.0,1969.0
int__tai20_20_03,1518,725,1677.0,1892.0
int__tai20_20_03,1518,726,1780.0,2014.0
int__tai20_20_03,1518,727,1808.0,2024.0
int__tai20_20_03,1518,728,1789.0,2019.0
int__tai20_20_03,1518,729,1774.0,1982.0
int__tai20_20_03,1518,730,1810.0,2008.0
int__tai20_20_03,1518,731,1737.0,1947.0
int__tai20_20_03,1518,732,1750.0,1942.0
int__tai20_20_03,1518,733,1722.0,1926.0
int__tai20_20_03,1518,734,1821.0,2026.0
int__tai20_20_03,1518,735,1790.0,1993.0
int__tai20_20_03,1518,736,1755.0,1931.0
int__tai20_20_03,1518,737,1781.0,1969.0
int__tai20_20_03,1518,738,1919.0,2109.0
int__tai20_20_03,1518,739,1758.0,1966.0
int__tai20_20_03,1518,740,1881.0,2075.0
int__tai20_20_03,1518,741,1759.0,1953.0
int__tai20_20_03,1518,742,1908.0,2133.0
int__tai20_20_03,1518,743,1763.0,1968.0
int__tai20_20_03,1518,744,1750.0,1939.0
int__tai20_20_03,1518,745,1864.0,2105.0
int__tai20_20_03,1518,746,1873.0,2054.0
int__tai20_20_03,1518,747,1768.0,1940.0
int__tai20_20_03,1518,748,1695.0,1890.0
int__tai20_20_03,1518,749,1644.0,1855.0
int__tai20_20_03,1518,750,1819.0,2050.0
int__tai20_20_03,1518,751,1771.0,1976.0
int__tai20_20_03,1518,752,1761.0,1973.0
int__tai20_20_03,1518,753,1819.0,1994.0
int__tai20_20_03,1518,754,1846.0,2059.0
int__tai20_20_03,1518,755,1834.0,2040.0
int__tai20_20_03,1518,756,1798.0,1976.0
int__tai20_20_03,1518,757,1781.0,1948.0
int__tai20_20_03,1518,758,1824.0,2007.0
int__tai20_20_03,1518,759,1750.0,1957.0
int__tai20_20_03,1518,760,1828.0,2037.0
int__tai20_20_03,1518,761,1795.0,2008.0
int__tai20_20_03,1518,762,1873.0,2080.0
int__tai20_20_03,1518,763,1922.0,2181.0
int__tai20_20_03,1518,764,1803.0,2033.0
int__tai20_20_03,1518,765,1738.0,1931.0
int__tai20_20_03,1518,766,1807.0,1988.0
int__tai20_20_03,1518,767,1842.0,2070.0
int__tai20_20_03,1518,768,1667.0,1894.0
int__tai20_20_03,1518,769,1801.0,2022.0
int__tai20_20_03,1518,770,1859.0,2062.0
int__tai20_20_03,1518,771,1757.0,1966.0
int__tai20_20_03,1518,772,1752.0,1948.0
int__tai20_20_03,1518,773,1764.0,1989.0
int__tai20_20_03,1518,774,1756.0,1958.0
int__tai20_20_03,1518,775,1862.0,2096.0
int__tai20_20_03,1518,776,1875.0,2101.0
int__tai20_20_03,1518,777,1829.0,2000.0
int__tai20_20_03,1518,778,1737.0,1951.0
int__tai20_20_03,1518,779,1830.0,1996.0
int__tai20_20_03,1518,780,1823.0,2034.0
int__tai20_20_03,1518,781,1772.0,1960.0
int__tai20_20_03,1518,782,1791.0,1962.0
int__tai20_20_03,1518,783,1778.0,1986.0
int__tai20_20_03,1518,784,1782.0,2037.0
int__tai20_20_03,1518,785,1694.0,1905.0
int__tai20_20_03,1518,786,1797.0,2008.0
int__tai20_20_03,1518,787,1891.0,2094.0
int__tai20_20_03,1518,788,1772.0,1968.0
int__tai20_20_03,1518,789,1767.0,1969.0
int__tai20_20_03,1518,790,1760.0,1971.0
int__tai20_20_03,1518,791,1818.0,2020.0
int__tai20_20_03,1518,792,1875.0,2061.0
int__tai20_20_03,1518,793,1848.0,2068.0
int__tai20_20_03,1518,794,1943.0,2145.0
int__tai20_20_03,1518,795,1784.0,1979.0
int__tai20_20_03,1518,796,1772.0,1992.0
int__tai20_20_03,1518,797,1798.0,1989.0
int__tai20_20_03,1518,798,1851.0,2036.0
int__tai20_20_03,1518,799,1755.0,1962.0
int__tai20_20_03,1518,800,1711.0,1899.0
int__tai20_20_03,1518,801,1949.0,2156.0
int__tai20_20_03,1518,802,1882.0,2072.0
int__tai20_20_03,1518,803,1827.0,2013.0
int__tai20_20_03,1518,804,1792.0,1994.0
int__tai20_20_03,1518,805,1769.0,1968.0
int__tai20_20_03,1518,806,1780.0,1949.0
int__tai20_20_03,1518,807,1876.0,2107.0
int__tai20_20_03,1518,808,1802.0,2004.0
int__tai20_20_03,1518,809,1814.0,2015.0
int__tai20_20_03,1518,810,1813.0,2017.0
int__tai20_20_03,1518,811,1752.0,1925.0
int__tai20_20_03,1518,812,1769.0,1971.0
int__tai20_20_03,1518,813,1836.0,2041.0
int__tai20_20_03,1518,814,1732.0,1941.0
int__tai20_20_03,1518,815,1769.0,1976.0
int__tai20_20_03,1518,816,1811.0,2052.0
int__tai20_20_03,1518,817,1722.0,1913.0
int__tai20_20_03,1518,818,1904.0,2139.0
int__tai20_20_03,1518,819,1809.0,2027.0
int__tai20_20_03,1518,820,1808.0,2057.0
int__tai20_20_03,1518,821,1784.0,1996.0
int__tai20_20_03,1518,822,1757.0,1958.0
int__tai20_20_03,1518,823,1790.0,2002.0
int__tai20_20_03,1518,824,1799.0,1992.0
int__tai20_20_03,1518,825,1812.0,2004.0
int__tai20_20_03,1518,826,1810.0,2022.0
int__tai20_20_03,1518,827,1763.0,1951.0
int__tai20_20_03,1518,828,1745.0,1912.0
int__tai20_20_03,1518,829,1825.0,2048.0
int__tai20_20_03,1518,830,1701.0,1878.0
int__tai20_20_03,1518,831,1814.0,2035.0
int__tai20_20_03,1518,832,1754.0,1961.0
int__tai20_20_03,1518,833,1836.0,2050.0
int__tai20_20_03,1518,834,1726.0,1937.0
int__tai20_20_03,1518,835,1784.0,1996.0
int__tai20_20_03,1518,836,1906.0,2129.0
int__tai20_20_03,1518,837,1808.0,2016.0
int__tai20_20_03,1518,838,1748.0,1925.0
int__tai20_20_03,1518,839,1895.0,2097.0
int__tai20_20_03,1518,840,1768.0,1959.0
int__tai20_20_03,1518,841,1769.0,1948.0
int__tai20_20_03,1518,842,1799.0,1969.0
int__tai20_20_03,1518,843,1819.0,1984.0
int__tai20_20_03,1518,844,1901.0,2114.0
int__tai20_20_03,1518,845,1746.0,1947.0
int__tai20_20_03,1518,846,1850.0,2020.0
int__tai20_20_03,1518,847,1733.0,1914.0
int__tai20_20_03,1518,848,1877.0,2103.0
int__tai20_20_03,1518,849,1840.0,2033.0
int__tai20_20_03,1518,850,1668.0,1874.0
int__tai20_20_03,1518,851,1723.0,1920.0
int__tai20_20_03,1518,852,1698.0,1915.0
int__tai20_20_03,1518,853,1801.0,2004.0
int__tai20_20_03,1518,854,1798.0,1983.0
int__tai20_20_03,1518,855,1712.0,1920.0
int__tai20_20_03,1518,856,1749.0,1958.0
int__tai20_20_03,1518,857,1794.0,2025.0
int__tai20_20_03,1518,858,1832.0,2013.0
int__tai20_20_03,1518,859,1744.0,1920.0
int__tai20_20_03,1518,860,1836.0,2050.0
int__tai20_20_03,1518,861,1792.0,2022.0
int__tai20_20_03,1518,862,1772.0,1967.0
int__tai20_20_03,1518,863,1760.0,1952.0
int__tai20_20_03,1518,864,1789.0,1993.0
int__tai20_20_03,1518,865,1849.0,2038.0
int__tai20_20_03,1518,866,1867.0,2101.0
int__tai20_20_03,1518,867,1747.0,1967.0
int__tai20_20_03,1518,868,1772.0,1951.0
int__tai20_20_03,1518,869,1806.0,2014.0
int__tai20_20_03,1518,870,1730.0,1942.0
int__tai20_20_03,1518,871,1785.0,1990.0
int__tai20_20_03,1518,872,1835.0,2029.0
int__tai20_20_03,1518,873,1890.0,2133.0
int__tai20_20_03,1518,874,1762.0,1948.0
int__tai20_20_03,1518,875,1761.0,1968.0
int__tai20_20_03,1518,876,1726.0,1976.0
int__tai20_20_03,1518,877,1830.0,2026.0
int__tai20_20_03,1518,878,1775.0,1994.0
int__tai20_20_03,1518,879,1820.0,2006.0
int__tai20_20_03,1518,880,1795.0,1996.0
int__tai20_20_03,1518,881,1840.0,2065.0
int__tai20_20_03,1518,882,1741.0,1940.0
int__tai20_20_03,1518,883,1826.0,2019.0
int__tai20_20_03,1518,884,1837.0,2061.0
int__tai20_20_03,1518,885,1843.0,2094.0
int__tai20_20_03,1518,886,1791.0,1993.0
int__tai20_20_03,1518,887,1735.0,1968.0
int__tai20_20_03,1518,888,1748.0,1945.0
int__tai20_20_03,1518,889,1828.0,2025.0
int__tai20_20_03,1518,890,1750.0,1945.0
int__tai20_20_03,1518,891,1723.0,1933.0
int__tai20_20_03,1518,892,1766.0,1934.0
int__tai20_20_03,1518,893,1807.0,1994.0
int__tai20_20_03,1518,894,1755.0,1975.0
int__tai20_20_03,1518,895,1731.0,1935.0
int__tai20_20_03,1518,896,1809.0,1999.0
int__tai20_20_03,1518,897,1815.0,2001.0
int__tai20_20_03,1518,898,1773.0,1969.0
int__tai20_20_03,1518,899,1706.0,1918.0
int__tai20_20_03,1518,900,1858.0,2077.0
int__tai20_20_03,1518,901,1733.0,1951.0
int__tai20_20_03,1518,902,1801.0,2058.0
int__tai20_20_03,1518,903,1768.0,2021.0
int__tai20_20_03,1518,904,1780.0,1969.0
int__tai20_20_03,1518,905,1700.0,1894.0
int__tai20_20_03,1518,906,1803.0,2059.0
int__tai20_20_03,1518,907,1745.0,1897.0
int__tai20_20_03,1518,908,1751.0,1921.0
int__tai20_20_03,1518,909,1764.0,1959.0
int__tai20_20_03,1518,910,1726.0,1939.0
int__tai20_20_03,1518,911,1847.0,2055.0
int__tai20_20_03,1518,912,1792.0,2023.0
int__tai20_20_03,1518,913,1719.0,1941.0
int__tai20_20_03,1518,914,1944.0,2122.0
int__tai20_20_03,1518,915,1748.0,1915.0
int__tai20_20_03,1518,916,1786.0,1988.0
int__tai20_20_03,1518,917,1858.0,2044.0
int__tai20_20_03,1518,918,1800.0,2041.0
int__tai20_20_03,1518,919,1772.0,1986.0
int__tai20_20_03,1518,920,1766.0,1986.0
int__tai20_20_03,1518,921,1793.0,1977.0
int__tai20_20_03,1518,922,1818.0,2011.0
int__tai20_20_03,1518,923,1806.0,2023.0
int__tai20_20_03,1518,924,1757.0,1926.0
int__tai20_20_03,1518,925,1894.0,2094.0
int__tai20_20_03,1518,926,1709.0,1909.0
int__tai20_20_03,1518,927,1820.0,2042.0
int__tai20_20_03,1518,928,1720.0,1913.0
int__tai20_20_03,1518,929,1799.0,2019.0
int__tai20_20_03,1518,930,1895.0,2071.0
int__tai20_20_03,1518,931,1849.0,2082.0
int__tai20_20_03,1518,932,1813.0,2025.0
int__tai20_20_03,1518,933,1768.0,1949.0
int__tai20_20_03,1518,934,1737.0,1962.0
int__tai20_20_03,1518,935,1808.0,2032.0
int__tai20_20_03,1518,936,1711.0,1911.0
int__tai20_20_03,1518,937,1924.0,2168.0
int__tai20_20_03,1518,938,1801.0,2001.0
int__tai20_20_03,1518,939,1838.0,2036.0
int__tai20_20_03,1518,940,1795.0,1968.0
int__tai20_20_03,1518,941,1849.0,2056.0
int__tai20_20_03,1518,942,1830.0,2039.0
int__tai20_20_03,1518,943,1802.0,2020.0
int__tai20_20_03,1518,944,1752.0,1912.0
int__tai20_20_03,1518,945,1821.0,2014.0
int__tai20_20_03,1518,946,1864.0,2079.0
int__tai20_20_03,1518,947,1739.0,1944.0
int__tai20_20_03,1518,948,1729.0,1914.0
int__tai20_20_03,1518,949,1757.0,1938.0
int__tai20_20_03,1518,950,1839.0,2096.0
int__tai20_20_03,1518,951,1793.0,1998.0
int__tai20_20_03,1518,952,1760.0,1960.0
int__tai20_20_03,1518,953,1787.0,1977.0
int__tai20_20_03,1518,954,1793.0,2013.0
int__tai20_20_03,1518,955,1906.0,2121.0
int__tai20_20_03,1518,956,1854.0,2054.0
int__tai20_20_03,1518,957,1794.0,2001.0
int__tai20_20_03,1518,958,1824.0,2025.0
int__tai20_20_03,1518,959,1789.0,2021.0
int__tai20_20_03,1518,960,1728.0,1934.0
int__tai20_20_03,1518,961,1902.0,2106.0
int__tai20_20_03,1518,962,1696.0,1904.0
int__tai20_20_03,1518,963,1926.0,2151.0
int__tai20_20_03,1518,964,1797.0,1989.0
int__tai20_20_03,1518,965,1791.0,1975.0
int__tai20_20_03,1518,966,1784.0,1978.0
int__tai20_20_03,1518,967,1785.0,2003.0
int__tai20_20_03,1518,968,1823.0,2045.0
int__tai20_20_03,1518,969,1826.0,2063.0
int__tai20_20_03,1518,970,1772.0,1989.0
int__tai20_20_03,1518,971,1861.0,2086.0
int__tai20_20_03,1518,972,1659.0,1837.0
int__tai20_20_03,1518,973,1831.0,2003.0
int__tai20_20_03,1518,974,1787.0,1994.0
int__tai20_20_03,1518,975,1763.0,1977.0
int__tai20_20_03,1518,976,1798.0,1986.0
int__tai20_20_03,1518,977,1852.0,2083.0
int__tai20_20_03,1518,978,1779.0,1971.0
int__tai20_20_03,1518,979,1780.0,1976.0
int__tai20_20_03,1518,980,1806.0,2018.0
int__tai20_20_03,1518,981,1736.0,1928.0
int__tai20_20_03,1518,982,1782.0,1984.0
int__tai20_20_03,1518,983,1769.0,1971.0
int__tai20_20_03,1518,984,1803.0,1993.0
int__tai20_20_03,1518,985,1839.0,2048.0
int__tai20_20_03,1518,986,1844.0,2039.0
int__tai20_20_03,1518,987,1852.0,2074.0
int__tai20_20_03,1518,988,1756.0,1942.0
int__tai20_20_03,1518,989,1900.0,2104.0
int__tai20_20_03,1518,990,1779.0,2003.0
int__tai20_20_03,1518,991,1779.0,1949.0
int__tai20_20_03,1518,992,1770.0,1973.0
int__tai20_20_03,1518,993,1754.0,1965.0
int__tai20_20_03,1518,994,1748.0,1953.0
int__tai20_20_03,1518,995,1917.0,2130.0
int__tai20_20_03,1518,996,1811.0,1982.0
int__tai20_20_03,1518,997,1768.0,1991.0
int__tai20_20_03,1518,998,1752.0,1935.0
int__tai20_20_03,1518,999,1723.0,1931.0
int__tai20_20_03,1518,1000,1756.0,1960.0
int__tai20_20_03,1518,1001,1704.0,1904.0
int__tai20_20_03,1518,1002,1767.0,1968.0
int__tai20_20_03,1518,1003,1878.0,2114.0
int__tai20_20_03,1518,1004,1792.0,2027.0
int__tai20_20_03,1518,1005,1796.0,1996.0
int__tai20_20_03,1518,1006,1798.0,2030.0
int__tai20_20_03,1518,1007,1785.0,1947.0
int__tai20_20_03,1518,1008,1765.0,1953.0
int__tai20_20_03,1518,1009,1700.0,1888.0
int__tai20_20_03,1518,1010,1814.0,2000.0
int__tai20_20_03,1518,1011,1802.0,2008.0
int__tai20_20_03,1518,1012,1740.0,1931.0
int__tai20_20_03,1518,1013,1830.0,2046.0
int__tai20_20_03,1518,1014,1819.0,1979.0
int__tai20_20_03,1518,1015,1798.0,2012.0
int__tai20_20_03,1518,1016,1771.0,1934.0
int__tai20_20_03,1518,1017,1783.0,1980.0
int__tai20_20_03,1518,1018,1743.0,1935.0
int__tai20_20_03,1518,1019,1840.0,2025.0
int__tai20_20_03,1518,1020,1742.0,1916.0
int__tai20_20_03,1518,1021,1906.0,2126.0
int__tai20_20_03,1518,1022,1847.0,2078.0
int__tai20_20_03,1518,1023,1983.0,2195.0
int__tai20_20_09,1583,0,1767.0,1944.0
int__tai20_20_09,1583,1,1924.0,2164.0
int__tai20_20_09,1583,2,1731.0,1925.0
int__tai20_20_09,1583,3,1837.0,2035.0
int__tai20_20_09,1583,4,1777.0,1987.0
int__tai20_20_09,1583,5,1863.0,2050.0
int__tai20_20_09,1583,6,1884.0,2131.0
int__tai20_20_09,1583,7,1795.0,2018.0
int__tai20_20_09,1583,8,1815.0,2007.0
int__tai20_20_09,1583,9,1825.0,2017.0
int__tai20_20_09,1583,10,1806.0,2039.0
int__tai20_20_09,1583,11,1873.0,2075.0
int__tai20_20_09,1583,12,1741.0,1945.0
int__tai20_20_09,1583,13,1831.0,2044.0
int__tai20_20_09,1583,14,2005.0,2259.0
int__tai20_20_09,1583,15,1725.0,1939.0
int__tai20_20_09,1583,16,1885.0,2140.0
int__tai20_20_09,1583,17,1824.0,2030.0
int__tai20_20_09,1583,18,1800.0,2027.0
int__tai20_20_09,1583,19,1790.0,1955.0
int__tai20_20_09,1583,20,1725.0,1941.0
int__tai20_20_09,1583,21,1832.0,2009.0
int__tai20_20_09,1583,22,1779.0,2012.0
int__tai20_20_09,1583,23,1797.0,1986.0
int__tai20_20_09,1583,24,1829.0,2054.0
int__tai20_20_09,1583,25,1850.0,2041.0
int__tai20_20_09,1583,26,1801.0,2022.0
int__tai20_20_09,1583,27,1885.0,2079.0
int__tai20_20_09,1583,28,1873.0,2095.0
int__tai20_20_09,1583,29,1814.0,2000.0
int__tai20_20_09,1583,30,1862.0,2028.0
int__tai20_20_09,1583,31,1830.0,2067.0
int__tai20_20_09,1583,32,1822.0,2030.0
int__tai20_20_09,1583,33,1866.0,2072.0
int__tai20_20_09,1583,34,1788.0,1968.0
int__tai20_20_09,1583,35,1772.0,1954.0
int__tai20_20_09,1583,36,1860.0,2064.0
int__tai20_20_09,1583,37,1844.0,2031.0
int__tai20_20_09,1583,38,1809.0,2008.0
int__tai20_20_09,1583,39,1835.0,2083.0
int__tai20_20_09,1583,40,1788.0,1973.0
int__tai20_20_09,1583,41,1829.0,2047.0
int__tai20_20_09,1583,42,1867.0,2089.0
int__tai20_20_09,1583,43,1790.0,2022.0
int__tai20_20_09,1583,44,1830.0,2017.0
int__tai20_20_09,1583,45,1881.0,2094.0
int__tai20_20_09,1583,46,1874.0,2095.0
int__tai20_20_09,1583,47,1860.0,2060.0
int__tai20_20_09,1583,48,1803.0,2003.0
int__tai20_20_09,1583,49,1774.0,2029.0
int__tai20_20_09,1583,50,1834.0,2066.0
int__tai20_20_09,1583,51,1790.0,1988.0
int__tai20_20_09,1583,52,1788.0,2004.0
int__tai20_20_09,1583,53,1887.0,2081.0
int__tai20_20_09,1583,54,1839.0,2043.0
int__tai20_20_09,1583,55,1893.0,2126.0
int__tai20_20_09,1583,56,1836.0,2032.0
int__tai20_20_09,1583,57,1746.0,1958.0
int__tai20_20_09,1583,58,1840.0,2040.0
int__tai20_20_09,1583,59,1851.0,2043.0
int__tai20_20_09,1583,60,1887.0,2123.0
int__tai20_20_09,1583,61,1735.0,1931.0
int__tai20_20_09,1583,62,1778.0,2007.0
int__tai20_20_09,1583,63,1887.0,2074.0
int__tai20_20_09,1583,64,1842.0,2065.0
int__tai20_20_09,1583,65,1883.0,2065.0
int__tai20_20_09,1583,66,1819.0,2023.0
int__tai20_20_09,1583,67,1784.0,1961.0
int__tai20_20_09,1583,68,1801.0,2013.0
int__tai20_20_09,1583,69,1833.0,2053.0
int__tai20_20_09,1583,70,1815.0,2003.0
int__tai20_20_09,1583,71,1789.0,2014.0
int__tai20_20_09,1583,72,1763.0,1959.0
int__tai20_20_09,1583,73,1812.0,2056.0
int__tai20_20_09,1583,74,1799.0,2020.0
int__tai20_20_09,1583,75,1891.0,2100.0
int__tai20_20_09,1583,76,1837.0,2080.0
int__tai20_20_09,1583,77,1859.0,2072.0
int__tai20_20_09,1583,78,1743.0,1943.0
int__tai20_20_09,1583,79,1854.0,2096.0
int__tai20_20_09,1583,80,1781.0,1993.0
int__tai20_20_09,1583,81,1885.0,2096.0
int__tai20_20_09,1583,82,1799.0,2006.0
int__tai20_20_09,1583,83,1816.0,2038.0
int__tai20_20_09,1583,84,1737.0,1972.0
int__tai20_20_09,1583,85,1831.0,2016.0
int__tai20_20_09,1583,86,1793.0,1979.0
int__tai20_20_09,1583,87,1893.0,2085.0
int__tai20_20_09,1583,88,1837.0,2037.0
int__tai20_20_09,1583,89,1853.0,2063.0
int__tai20_20_09,1583,90,1850.0,2058.0
int__tai20_20_09,1583,91,1811.0,2010.0
int__tai20_20_09,1583,92,1784.0,1996.0
int__tai20_20_09,1583,93,1783.0,1971.0
int__tai20_20_09,1583,94,1733.0,1942.0
int__tai20_20_09,1583,95,1823.0,2044.0
int__tai20_20_09,1583,96,1759.0,1969.0
int__tai20_20_09,1583,97,1831.0,2006.0
int__tai20_20_09,1583,98,1843.0,2038.0
int__tai20_20_09,1583,99,1824.0,2032.0
int__tai20_20_09,1583,100,1807.0,1996.0
int__tai20_20_09,1583,101,1825.0,2043.0
int__tai20_20_09,1583,102,1946.0,2141.0
int__tai20_20_09,1583,103,1852.0,2041.0
int__tai20_20_09,1583,104,1878.0,2060.0
int__tai20_20_09,1583,105,1903.0,2120.0
int__tai20_20_09,1583,106,1789.0,1982.0
int__tai20_20_09,1583,107,1818.0,1985.0
int__tai20_20_09,1583,108,1829.0,2029.0
int__tai20_20_09,1583,109,1828.0,2028.0
int__tai20_20_09,1583,110,1757.0,1991.0
int__tai20_20_09,1583,111,1777.0,1969.0
int__tai20_20_09,1583,112,1848.0,2037.0
int__tai20_20_09,1583,113,1861.0,2101.0
int__tai20_20_09,1583,114,1861.0,2073.0
int__tai20_20_09,1583,115,1863.0,2078.0
int__tai20_20_09,1583,116,1731.0,1944.0
int__tai20_20_09,1583,117,1741.0,1974.0
int__tai20_20_09,1583,118,1921.0,2162.0
int__tai20_20_09,1583,119,1788.0,2009.0
int__tai20_20_09,1583,120,1783.0,1997.0
int__tai20_20_09,1583,121,1739.0,1941.0
int__tai20_20_09,1583,122,1832.0,2034.0
int__tai20_20_09,1583,123,1892.0,2093.0
int__tai20_20_09,1583,124,1787.0,1973.0
int__tai20_20_09,1583,125,1870.0,2058.0
int__tai20_20_09,1583,126,1803.0,1998.0
int__tai20_20_09,1583,127,1864.0,2074.0
int__tai20_20_09,1583,128,1828.0,2076.0
int__tai20_20_09,1583,129,1804.0,2029.0
int__tai20_20_09,1583,130,1775.0,1995.0
int__tai20_20_09,1583,131,1740.0,1967.0
int__tai20_20_09,1583,132,1793.0,1999.0
int__tai20_20_09,1583,133,1746.0,1937.0
int__tai20_20_09,1583,134,1815.0,2051.0
int__tai20_20_09,1583,135,1834.0,2020.0
int__tai20_20_09,1583,136,1885.0,2123.0
int__tai20_20_09,1583,137,1837.0,2054.0
int__tai20_20_09,1583,138,1829.0,2031.0
int__tai20_20_09,1583,139,1863.0,2060.0
int__tai20_20_09,1583,140,1832.0,2051.0
int__tai20_20_09,1583,141,1813.0,2014.0
int__tai20_20_09,1583,142,1871.0,2058.0
int__tai20_20_09,1583,143,2007.0,2225.0
int__tai20_20_09,1583,144,1993.0,2236.0
int__tai20_20_09,1583,145,1907.0,2122.0
int__tai20_20_09,1583,146,1782.0,1965.0
int__tai20_20_09,1583,147,1789.0,2008.0
int__tai20_20_09,1583,148,1809.0,2001.0
int__tai20_20_09,1583,149,1748.0,1951.0
int__tai20_20_09,1583,150,1860.0,2110.0
int__tai20_20_09,1583,151,1825.0,1988.0
int__tai20_20_09,1583,152,1994.0,2201.0
int__tai20_20_09,1583,153,1722.0,1918.0
int__tai20_20_09,1583,154,1906.0,2136.0
int__tai20_20_09,1583,155,1830.0,2010.0
int__tai20_20_09,1583,156,1775.0,2013.0
int__tai20_20_09,1583,157,1853.0,2081.0
int__tai20_20_09,1583,158,1863.0,2118.0
int__tai20_20_09,1583,159,1880.0,2099.0
int__tai20_20_09,1583,160,1832.0,2021.0
int__tai20_20_09,1583,161,1866.0,2087.0
int__tai20_20_09,1583,162,1815.0,1991.0
int__tai20_20_09,1583,163,1828.0,2046.0
int__tai20_20_09,1583,164,1794.0,1958.0
int__tai20_20_09,1583,165,2052.0,2263.0
int__tai20_20_09,1583,166,1806.0,2010.0
int__tai20_20_09,1583,167,1863.0,2079.0
int__tai20_20_09,1583,168,1898.0,2066.0
int__tai20_20_09,1583,169,1796.0,2018.0
int__tai20_20_09,1583,170,1781.0,1998.0
int__tai20_20_09,1583,171,1748.0,1945.0
int__tai20_20_09,1583,172,1900.0,2178.0
int__tai20_20_09,1583,173,1883.0,2062.0
int__tai20_20_09,1583,174,1907.0,2125.0
int__tai20_20_09,1583,175,1752.0,1990.0
int__tai20_20_09,1583,176,1949.0,2208.0
int__tai20_20_09,1583,177,1871.0,2091.0
int__tai20_20_09,1583,178,1902.0,2126.0
int__tai20_20_09,1583,179,1835.0,2057.0
int__tai20_20_09,1583,180,1770.0,1975.0
int__tai20_20_09,1583,181,1840.0,2049.0
int__tai20_20_09,1583,182,1815.0,2019.0
int__tai20_20_09,1583,183,1858.0,2086.0
int__tai20_20_09,1583,184,1806.0,2042.0
int__tai20_20_09,1583,185,1760.0,1964.0
int__tai20_20_09,1583,186,1810.0,1995.0
int__tai20_20_09,1583,187,1763.0,1967.0
int__tai20_20_09,1583,188,1809.0,2025.0
int__tai20_20_09,1583,189,1814.0,2025.0
int__tai20_20_09,1583,190,1737.0,1971.0
int__tai20_20_09,1583,191,1740.0,1916.0
int__tai20_20_09,1583,192,1843.0,2046.0
int__tai20_20_09,1583,193,1795.0,2048.0
int__tai20_20_09,1583,194,1818.0,2030.0
int__tai20_20_09,1583,195,1843.0,2057.0
int__tai20_20_09,1583,196,1840.0,2050.0
int__tai20_20_09,1583,197,1795.0,2005.0
int__tai20_20_09,1583,198,1801.0,2001.0
int__tai20_20_09,1583,199,2029.0,2293.0
int__tai20_20_09,1583,200,1807.0,2007.0
int__tai20_20_09,1583,201,1714.0,1890.0
int__tai20_20_09,1583,202,1849.0,2067.0
int__tai20_20_09,1583,203,1871.0,2083.0
int__tai20_20_09,1583,204,1779.0,2001.0
int__tai20_20_09,1583,205,1830.0,2050.0
int__tai20_20_09,1583,206,1759.0,1982.0
int__tai20_20_09,1583,207,1813.0,2015.0
int__tai20_20_09,1583,208,1899.0,2107.0
int__tai20_20_09,1583,209,1859.0,2078.0
int__tai20_20_09,1583,210,1724.0,1949.0
int__tai20_20_09,1583,211,1776.0,1996.0
int__tai20_20_09,1583,212,1810.0,2011.0
int__tai20_20_09,1583,213,1870.0,2072.0
int__tai20_20_09,1583,214,1854.0,2091.0
int__tai20_20_09,1583,215,1783.0,1990.0
int__tai20_20_09,1583,216,2023.0,2282.0
int__tai20_20_09,1583,217,1862.0,2040.0
int__tai20_20_09,1583,218,1759.0,1942.0
int__tai20_20_09,1583,219,1780.0,2029.0
int__tai20_20_09,1583,220,1805.0,2014.0
int__tai20_20_09,1583,221,1924.0,2166.0
int__tai20_20_09,1583,222,1852.0,2081.0
int__tai20_20_09,1583,223,1758.0,1975.0
int__tai20_20_09,1583,224,1826.0,2041.0
int__tai20_20_09,1583,225,1821.0,1990.0
int__tai20_20_09,1583,226,1793.0,1997.0
int__tai20_20_09,1583,227,1824.0,2030.0
int__tai20_20_09,1583,228,1786.0,1988.0
int__tai20_20_09,1583,229,1756.0,1931.0
int__tai20_20_09,1583,230,1985.0,2170.0
int__tai20_20_09,1583,231,1874.0,2082.0
int__tai20_20_09,1583,232,1880.0,2066.0
int__tai20_20_09,1583,233,1822.0,2040.0
int__tai20_20_09,1583,234,1846.0,2057.0
int__tai20_20_09,1583,235,1839.0,2038.0
int__tai20_20_09,1583,236,1846.0,2054.0
int__tai20_20_09,1583,237,1935.0,2169.0
int__tai20_20_09,1583,238,1771.0,1990.0
int__tai20_20_09,1583,239,1848.0,2036.0
int__tai20_20_09,1583,240,1765.0,1985.0
int__tai20_20_09,1583,241,1888.0,2080.0
int__tai20_20_09,1583,242,1833.0,2009.0
int__tai20_20_09,1583,243,1905.0,2105.0
int__tai20_20_09,1583,244,1849.0,2058.0
int__tai20_20_09,1583,245,1832.0,2016.0
int__tai20_20_09,1583,246,1860.0,2055.0
int__tai20_20_09,1583,247,1783.0,1988.0
int__tai20_20_09,1583,248,1819.0,2006.0
int__tai20_20_09,1583,249,1744.0,1964.0
int__tai20_20_09,1583,250,1744.0,1961.0
int__tai20_20_09,1583,251,1878.0,2108.0
int__tai20_20_09,1583,252,1803.0,2026.0
int__tai20_20_09,1583,253,1838.0,2024.0
int__tai20_20_09,1583,254,1800.0,2010.0
int__tai20_20_09,1583,255,1774.0,2005.0
int__tai20_20_09,1583,256,1763.0,1960.0
int__tai20_20_09,1583,257,1875.0,2064.0
int__tai20_20_09,1583,258,1907.0,2122.0
int__tai20_20_09,1583,259,1800.0,2009.0
int__tai20_20_09,1583,260,1892.0,2150.0
int__tai20_20_09,1583,261,1769.0,1951.0
int__tai20_20_09,1583,262,1782.0,1990.0
int__tai20_20_09,1583,263,1820.0,2023.0
int__tai20_20_09,1583,264,1838.0,2074.0
int__tai20_20_09,1583,265,1851.0,2077.0
int__tai20_20_09,1583,266,1870.0,2115.0
int__tai20_20_09,1583,267,1848.0,2077.0
int__tai20_20_09,1583,268,1834.0,2027.0
int__tai20_20_09,1583,269,1768.0,1972.0
int__tai20_20_09,1583,270,1869.0,2057.0
int__tai20_20_09,1583,271,1852.0,2056.0
int__tai20_20_09,1583,272,1797.0,2030.0
int__tai20_20_09,1583,273,1757.0,1950.0
int__tai20_20_09,1583,274,1951.0,2123.0
int__tai20_20_09,1583,275,1975.0,2251.0
int__tai20_20_09,1583,276,1777.0,1991.0
int__tai20_20_09,1583,277,1761.0,1992.0
int__tai20_20_09,1583,278,1878.0,2119.0
int__tai20_20_09,1583,279,1889.0,2078.0
int__tai20_20_09,1583,280,1847.0,2027.0
int__tai20_20_09,1583,281,1807.0,2025.0
int__tai20_20_09,1583,282,1868.0,2079.0
int__tai20_20_09,1583,283,1824.0,2056.0
int__tai20_20_09,1583,284,1802.0,2011.0
int__tai20_20_09,1583,285,2000.0,2248.0
int__tai20_20_09,1583,286,1800.0,2032.0
int__tai20_20_09,1583,287,1804.0,2013.0
int__tai20_20_09,1583,288,1970.0,2189.0
int__tai20_20_09,1583,289,1784.0,1961.0
int__tai20_20_09,1583,290,1913.0,2124.0
int__tai20_20_09,1583,291,1755.0,1986.0
int__tai20_20_09,1583,292,1815.0,1983.0
int__tai20_20_09,1583,293,1802.0,2026.0
int__tai20_20_09,1583,294,1850.0,2068.0
int__tai20_20_09,1583,295,1783.0,1989.0
int__tai20_20_09,1583,296,1811.0,1998.0
int__tai20_20_09,1583,297,1815.0,2001.0
int__tai20_20_09,1583,298,1884.0,2102.0
int__tai20_20_09,1583,299,1861.0,2090.0
int__tai20_20_09,1583,300,1812.0,2035.0
int__tai20_20_09,1583,301,1806.0,1991.0
int__tai20_20_09,1583,302,1788.0,1996.0
int__tai20_20_09,1583,303,1775.0,1966.0
int__tai20_20_09,1583,304,1839.0,2038.0
int__tai20_20_09,1583,305,1776.0,1984.0
int__tai20_20_09,1583,306,1778.0,1998.0
int__tai20_20_09,1583,307,1762.0,1992.0
int__tai20_20_09,1583,308,1822.0,2049.0
int__tai20_20_09,1583,309,1791.0,1993.0
int__tai20_20_09,1583,310,1840.0,2063.0
int__tai20_20_09,1583,311,1821.0,2042.0
int__tai20_20_09,1583,312,1775.0,1985.0
int__tai20_20_09,1583,313,1940.0,2172.0
int__tai20_20_09,1583,314,1809.0,2057.0
int__tai20_20_09,1583,315,1764.0,1972.0
int__tai20_20_09,1583,316,1823.0,2014.0
int__tai20_20_09,1583,317,1730.0,1944.0
int__tai20_20_09,1583,318,1874.0,2084.0
int__tai20_20_09,1583,319,1789.0,1982.0
int__tai20_20_09,1583,320,1853.0,2055.0
int__tai20_20_09,1583,321,1815.0,2042.0
int__tai20_20_09,1583,322,1909.0,2138.0
int__tai20_20_09,1583,323,1812.0,2026.0
int__tai20_20_09,1583,324,1793.0,2013.0
int__tai20_20_09,1583,325,1884.0,2126.0
int__tai20_20_09,1583,326,1826.0,2002.0
int__tai20_20_09,1583,327,1805.0,2053.0
int__tai20_20_09,1583,328,1840.0,2054.0
int__tai20_20_09,1583,329,1802.0,2005.0
int__tai20_20_09,1583,330,1780.0,1979.0
int__tai20_20_09,1583,331,1802.0,2017.0
int__tai20_20_09,1583,332,1804.0,2021.0
int__tai20_20_09,1583,333,1777.0,1987.0
int__tai20_20_09,1583,334,1916.0,2103.0
int__tai20_20_09,1583,335,1804.0,2021.0
int__tai20_20_09,1583,336,1750.0,1971.0
int__tai20_20_09,1583,337,1827.0,2034.0
int__tai20_20_09,1583,338,1836.0,2080.0
int__tai20_20_09,1583,339,1818.0,2044.0
int__tai20_20_09,1583,340,1722.0,1950.0
int__tai20_20_09,1583,341,1841.0,2048.0
int__tai20_20_09,1583,342,1804.0,2050.0
int__tai20_20_09,1583,343,1773.0,1995.0
int__tai20_20_09,1583,344,1831.0,2053.0
int__tai20_20_09,1583,345,1866.0,2063.0
int__tai20_20_09,1583,346,1845.0,2075.0
int__tai20_20_09,1583,347,1861.0,2077.0
int__tai20_20_09,1583,348,1871.0,2056.0
int__tai20_20_09,1583,349,1805.0,1985.0
int__tai20_20_09,1583,350,1870.0,2056.0
int__tai20_20_09,1583,351,1882.0,2095.0
int__tai20_20_09,1583,352,1803.0,2012.0
int__tai20_20_09,1583,353,1786.0,1986.0
int__tai20_20_09,1583,354,1912.0,2140.0
int__tai20_20_09,1583,355,1886.0,2120.0
int__tai20_20_09,1583,356,1801.0,1997.0
int__tai20_20_09,1583,357,1892.0,2080.0
int__tai20_20_09,1583,358,1827.0,2006.0
int__tai20_20_09,1583,359,1870.0,2102.0
int__tai20_20_09,1583,360,1862.0,2110.0
int__tai20_20_09,1583,361,1840.0,2039.0
int__tai20_20_09,1583,362,1891.0,2084.0
int__tai20_20_09,1583,363,1809.0,2027.0
int__tai20_20_09,1583,364,1938.0,2166.0
int__tai20_20_09,1583,365,1878.0,2091.0
int__tai20_20_09,1583,366,1873.0,2080.0
int__tai20_20_09,1583,367,1826.0,2020.0
int__tai20_20_09,1583,368,1845.0,2043.0
int__tai20_20_09,1583,369,1772.0,1954.0
int__tai20_20_09,1583,370,1769.0,1944.0
int__tai20_20_09,1583,371,1825.0,2002.0
int__tai20_20_09,1583,372,1826.0,2015.0
int__tai20_20_09,1583,373,1896.0,2162.0
int__tai20_20_09,1583,374,1859.0,2092.0
int__tai20_20_09,1583,375,1831.0,2066.0
int__tai20_20_09,1583,376,1714.0,1923.0
int__tai20_20_09,1583,377,1810.0,2004.0
int__tai20_20_09,1583,378,1940.0,2175.0
int__tai20_20_09,1583,379,1909.0,2125.0
int__tai20_20_09,1583,380,1761.0,2036.0
int__tai20_20_09,1583,381,1797.0,2018.0
int__tai20_20_09,1583,382,1842.0,2024.0
int__tai20_20_09,1583,383,1878.0,2070.0
int__tai20_20_09,1583,384,1870.0,2081.0
int__tai20_20_09,1583,385,1786.0,1990.0
int__tai20_20_09,1583,386,1754.0,1964.0
int__tai20_20_09,1583,387,1865.0,2033.0
int__tai20_20_09,1583,388,1738.0,1934.0
int__tai20_20_09,1583,389,1859.0,2017.0
int__tai20_20_09,1583,390,1791.0,2028.0
int__tai20_20_09,1583,391,1807.0,2008.0
int__tai20_20_09,1583,392,1800.0,1994.0
int__tai20_20_09,1583,393,1781.0,1973.0
int__tai20_20_09,1583,394,1784.0,1999.0
int__tai20_20_09,1583,395,1787.0,1991.0
int__tai20_20_09,1583,396,1864.0,2050.0
int__tai20_20_09,1583,397,1846.0,2073.0
int__tai20_20_09,1583,398,1782.0,1975.0
int__tai20_20_09,1583,399,1873.0,2090.0
int__tai20_20_09,1583,400,1789.0,1994.0
int__tai20_20_09,1583,401,1956.0,2166.0
int__tai20_20_09,1583,402,1782.0,1961.0
int__tai20_20_09,1583,403,1853.0,2065.0
int__tai20_20_09,1583,404,1839.0,2030.0
int__tai20_20_09,1583,405,1779.0,1992.0
int__tai20_20_09,1583,406,1826.0,2046.0
int__tai20_20_09,1583,407,1927.0,2187.0
int__tai20_20_09,1583,408,1742.0,1959.0
int__tai20_20_09,1583,409,1809.0,2009.0
int__tai20_20_09,1583,410,1779.0,1994.0
int__tai20_20_09,1583,411,1807.0,2001.0
int__tai20_20_09,1583,412,1807.0,2009.0
int__tai20_20_09,1583,413,1797.0,1971.0
int__tai20_20_09,1583,414,1780.0,1988.0
int__tai20_20_09,1583,415,1789.0,2031.0
int__tai20_20_09,1583,416,1853.0,2017.0
int__tai20_20_09,1583,417,1842.0,2050.0
int__tai20_20_09,1583,418,1887.0,2126.0
int__tai20_20_09,1583,419,1745.0,1938.0
int__tai20_20_09,1583,420,1842.0,2050.0
int__tai20_20_09,1583,421,1853.0,2101.0
int__tai20_20_09,1583,422,1786.0,1996.0
int__tai20_20_09,1583,423,1787.0,2000.0
int__tai20_20_09,1583,424,1841.0,2099.0
int__tai20_20_09,1583,425,1854.0,2018.0
int__tai20_20_09,1583,426,1868.0,2090.0
int__tai20_20_09,1583,427,1860.0,2098.0
int__tai20_20_09,1583,428,1796.0,2037.0
int__tai20_20_09,1583,429,1798.0,1988.0
int__tai20_20_09,1583,430,1795.0,2031.0
int__tai20_20_09,1583,431,1865.0,2089.0
int__tai20_20_09,1583,432,1851.0,2064.0
int__tai20_20_09,1583,433,1863.0,2092.0
int__tai20_20_09,1583,434,1907.0,2112.0
int__tai20_20_09,1583,435,1807.0,1996.0
int__tai20_20_09,1583,436,1850.0,2104.0
int__tai20_20_09,1583,437,1887.0,2124.0
int__tai20_20_09,1583,438,1798.0,1991.0
int__tai20_20_09,1583,439,1841.0,2021.0
int__tai20_20_09,1583,440,1755.0,1977.0
int__tai20_20_09,1583,441,1781.0,1974.0
int__tai20_20_09,1583,442,1822.0,2013.0
int__tai20_20_09,1583,443,1838.0,2071.0
int__tai20_20_09,1583,444,1767.0,1958.0
int__tai20_20_09,1583,445,1903.0,2110.0
int__tai20_20_09,1583,446,1750.0,1991.0
int__tai20_20_09,1583,447,1896.0,2130.0
int__tai20_20_09,1583,448,1767.0,1951.0
int__tai20_20_09,1583,449,1814.0,2014.0
int__tai20_20_09,1583,450,1912.0,2110.0
int__tai20_20_09,1583,451,1786.0,2035.0
int__tai20_20_09,1583,452,1844.0,2032.0
int__tai20_20_09,1583,453,1762.0,1991.0
int__tai20_20_09,1583,454,1827.0,2040.0
int__tai20_20_09,1583,455,1874.0,2101.0
int__tai20_20_09,1583,456,1745.0,1957.0
int__tai20_20_09,1583,457,1756.0,1966.0
int__tai20_20_09,1583,458,1740.0,1925.0
int__tai20_20_09,1583,459,1904.0,2140.0
int__tai20_20_09,1583,460,1806.0,2004.0
int__tai20_20_09,1583,461,1827.0,2017.0
int__tai20_20_09,1583,462,1793.0,1996.0
int__tai20_20_09,1583,463,1907.0,2117.0
int__tai20_20_09,1583,464,1797.0,2011.0
int__tai20_20_09,1583,465,1761.0,1980.0
int__tai20_20_09,1583,466,1798.0,1997.0
int__tai20_20_09,1583,467,1769.0,1958.0
int__tai20_20_09,1583,468,1776.0,1979.0
int__tai20_20_09,1583,469,1781.0,1995.0
int__tai20_20_09,1583,470,1943.0,2170.0
int__tai20_20_09,1583,471,1804.0,2011.0
int__tai20_20_09,1583,472,1806.0,1988.0
int__tai20_20_09,1583,473,1889.0,2137.0
int__tai20_20_09,1583,474,1793.0,1994.0
int__tai20_20_09,1583,475,1881.0,2112.0
int__tai20_20_09,1583,476,1969.0,2246.0
int__tai20_20_09,1583,477,1780.0,1980.0
int__tai20_20_09,1583,478,1819.0,1989.0
int__tai20_20_09,1583,479,1765.0,1977.0
int__tai20_20_09,1583,480,1943.0,2143.0
int__tai20_20_09,1583,481,1799.0,1988.0
int__tai20_20_09,1583,482,1808.0,1969.0
int__tai20_20_09,1583,483,1868.0,2061.0
int__tai20_20_09,1583,484,1773.0,1985.0
int__tai20_20_09,1583,485,1795.0,1997.0
int__tai20_20_09,1583,486,1797.0,2030.0
int__tai20_20_09,1583,487,1742.0,1958.0
int__tai20_20_09,1583,488,1767.0,1970.0
int__tai20_20_09,1583,489,1864.0,2096.0
int__tai20_20_09,1583,490,1831.0,1991.0
int__tai20_20_09,1583,491,1827.0,2031.0
int__tai20_20_09,1583,492,1754.0,1965.0
int__tai20_20_09,1583,493,1828.0,2022.0
int__tai20_20_09,1583,494,1804.0,2002.0
int__tai20_20_09,1583,495,1834.0,2037.0
int__tai20_20_09,1583,496,1738.0,1933.0
int__tai20_20_09,1583,497,1796.0,1971.0
int__tai20_20_09,1583,498,1848.0,2082.0
int__tai20_20_09,1583,499,1809.0,2005.0
int__tai20_20_09,1583,500,1800.0,1979.0
int__tai20_20_09,1583,501,1816.0,2030.0
int__tai20_20_09,1583,502,1906.0,2133.0
int__tai20_20_09,1583,503,1754.0,1982.0
int__tai20_20_09,1583,504,1782.0,2038.0
int__tai20_20_09,1583,505,1812.0,2013.0
int__tai20_20_09,1583,506,1782.0,2012.0
int__tai20_20_09,1583,507,1840.0,2061.0
int__tai20_20_09,1583,508,1863.0,2072.0
int__tai20_20_09,1583,509,1754.0,1998.0
int__tai20_20_09,1583,510,1883.0,2082.0
int__tai20_20_09,1583,511,1809.0,2003.0
int__tai20_20_09,1583,512,1891.0,2086.0
int__tai20_20_09,1583,513,1806.0,2001.0
int__tai20_20_09,1583,514,1835.0,2067.0
int__tai20_20_09,1583,515,1843.0,2065.0
int__tai20_20_09,1583,516,1789.0,1973.0
int__tai20_20_09,1583,517,1785.0,1962.0
int__tai20_20_09,1583,518,1813.0,2020.0
int__tai20_20_09,1583,519,1839.0,2033.0
int__tai20_20_09,1583,520,1903.0,2113.0
int__tai20_20_09,1583,521,1868.0,2098.0
int__tai20_20_09,1583,522,1838.0,2028.0
int__tai20_20_09,1583,523,1796.0,1985.0
int__tai20_20_09,1583,524,1760.0,1942.0
int__tai20_20_09,1583,525,1842.0,2046.0
int__tai20_20_09,1583,526,1753.0,1943.0
int__tai20_20_09,1583,527,1749.0,1975.0
int__tai20_20_09,1583,528,1844.0,2033.0
int__tai20_20_09,1583,529,1788.0,2032.0
int__tai20_20_09,1583,530,1764.0,1972.0
int__tai20_20_09,1583,531,1893.0,2135.0
int__tai20_20_09,1583,532,1770.0,1994.0
int__tai20_20_09,1583,533,1900.0,2108.0
int__tai20_20_09,1583,534,1835.0,2022.0
int__tai20_20_09,1583,535,1833.0,2042.0
int__tai20_20_09,1583,536,1755.0,1947.0
int__tai20_20_09,1583,537,1790.0,2004.0
int__tai20_20_09,1583,538,1863.0,2074.0
int__tai20_20_09,1583,539,1727.0,1960.0
int__tai20_20_09,1583,540,1850.0,2035.0
int__tai20_20_09,1583,541,1888.0,2090.0
int__tai20_20_09,1583,542,1838.0,2036.0
int__tai20_20_09,1583,543,1824.0,2069.0
int__tai20_20_09,1583,544,1883.0,2086.0
int__tai20_20_09,1583,545,1839.0,2058.0
int__tai20_20_09,1583,546,1736.0,1923.0
int__tai20_20_09,1583,547,1852.0,2061.0
int__tai20_20_09,1583,548,1827.0,2037.0
int__tai20_20_09,1583,549,1900.0,2116.0
int__tai20_20_09,1583,550,1943.0,2187.0
int__tai20_20_09,1583,551,1756.0,1982.0
int__tai20_20_09,1583,552,1802.0,2040.0
int__tai20_20_09,1583,553,1802.0,1982.0
int__tai20_20_09,1583,554,1783.0,2005.0
int__tai20_20_09,1583,555,1754.0,1979.0
int__tai20_20_09,1583,556,1897.0,2102.0
int__tai20_20_09,1583,557,1830.0,2032.0
int__tai20_20_09,1583,558,1731.0,1942.0
int__tai20_20_09,1583,559,1888.0,2108.0
int__tai20_20_09,1583,560,1846.0,2027.0
int__tai20_20_09,1583,561,1888.0,2142.0
int__tai20_20_09,1583,562,1779.0,2003.0
int__tai20_20_09,1583,563,1872.0,2110.0
int__tai20_20_09,1583,564,1878.0,2084.0
int__tai20_20_09,1583,565,1886.0,2068.0
int__tai20_20_09,1583,566,1875.0,2126.0
int__tai20_20_09,1583,567,1855.0,2027.0
int__tai20_20_09,1583,568,1889.0,2070.0
int__tai20_20_09,1583,569,1755.0,1938.0
int__tai20_20_09,1583,570,1794.0,2007.0
int__tai20_20_09,1583,571,1867.0,2101.0
int__tai20_20_09,1583,572,1823.0,2049.0
int__tai20_20_09,1583,573,1862.0,2064.0
int__tai20_20_09,1583,574,1772.0,1998.0
int__tai20_20_09,1583,575,1758.0,2002.0
int__tai20_20_09,1583,576,1829.0,2037.0
int__tai20_20_09,1583,577,1835.0,2072.0
int__tai20_20_09,1583,578,1893.0,2085.0
int__tai20_20_09,1583,579,1790.0,1990.0
int__tai20_20_09,1583,580,1741.0,1964.0
int__tai20_20_09,1583,581,1844.0,2025.0
int__tai20_20_09,1583,582,1862.0,2063.0
int__tai20_20_09,1583,583,1825.0,2023.0
int__tai20_20_09,1583,584,1842.0,2007.0
int__tai20_20_09,1583,585,1835.0,2049.0
int__tai20_20_09,1583,586,1902.0,2090.0
int__tai20_20_09,1583,587,1999.0,2217.0
int__tai20_20_09,1583,588,1813.0,2016.0
int__tai20_20_09,1583,589,1834.0,2020.0
int__tai20_20_09,1583,590,1741.0,1970.0
int__tai20_20_09,1583,591,1819.0,2018.0
int__tai20_20_09,1583,592,1915.0,2104.0
int__tai20_20_09,1583,593,1799.0,2045.0
int__tai20_20_09,1583,594,1789.0,2038.0
int__tai20_20_09,1583,595,1819.0,2008.0
int__tai20_20_09,1583,596,1900.0,2107.0
int__tai20_20_09,1583,597,1784.0,1993.0
int__tai20_20_09,1583,598,1941.0,2186.0
int__tai20_20_09,1583,599,1854.0,2051.0
int__tai20_20_09,1583,600,1766.0,1990.0
int__tai20_20_09,1583,601,1824.0,2062.0
int__tai20_20_09,1583,602,1811.0,2032.0
int__tai20_20_09,1583,603,1881.0,2116.0
int__tai20_20_09,1583,604,1958.0,2209.0
int__tai20_20_09,1583,605,1860.0,2087.0
int__tai20_20_09,1583,606,1901.0,2123.0
int__tai20_20_09,1583,607,1809.0,2008.0
int__tai20_20_09,1583,608,1889.0,2125.0
int__tai20_20_09,1583,609,1901.0,2146.0
int__tai20_20_09,1583,610,1756.0,1977.0
int__tai20_20_09,1583,611,1826.0,2066.0
int__tai20_20_09,1583,612,1806.0,2007.0
int__tai20_20_09,1583,613,1814.0,1963.0
int__tai20_20_09,1583,614,1826.0,2059.0
int__tai20_20_09,1583,615,1899.0,2072.0
int__tai20_20_09,1583,616,1742.0,1950.0
int__tai20_20_09,1583,617,1809.0,2007.0
int__tai20_20_09,1583,618,1796.0,1986.0
int__tai20_20_09,1583,619,1856.0,2078.0
int__tai20_20_09,1583,620,1803.0,2013.0
int__tai20_20_09,1583,621,1834.0,2041.0
int__tai20_20_09,1583,622,1768.0,1976.0
int__tai20_20_09,1583,623,1861.0,2071.0
int__tai20_20_09,1583,624,1799.0,2015.0
int__tai20_20_09,1583,625,1987.0,2238.0
int__tai20_20_09,1583,626,1863.0,2055.0
int__tai20_20_09,1583,627,1823.0,1992.0
int__tai20_20_09,1583,628,1742.0,1937.0
int__tai20_20_09,1583,629,1878.0,2079.0
int__tai20_20_09,1583,630,1938.0,2166.0
int__tai20_20_09,1583,631,1811.0,2008.0
int__tai20_20_09,1583,632,1811.0,2029.0
int__tai20_20_09,1583,633,1787.0,2009.0
int__tai20_20_09,1583,634,1834.0,2047.0
int__tai20_20_09,1583,635,1906.0,2125.0
int__tai20_20_09,1583,636,1797.0,2026.0
int__tai20_20_09,1583,637,1838.0,2052.0
int__tai20_20_09,1583,638,1768.0,1962.0
int__tai20_20_09,1583,639,1743.0,1958.0
int__tai20_20_09,1583,640,1878.0,2086.0
int__tai20_20_09,1583,641,1855.0,2064.0
int__tai20_20_09,1583,642,1817.0,1993.0
int__tai20_20_09,1583,643,1744.0,1945.0
int__tai20_20_09,1583,644,1903.0,2073.0
int__tai20_20_09,1583,645,1760.0,2011.0
int__tai20_20_09,1583,646,1803.0,2010.0
int__tai20_20_09,1583,647,1768.0,1967.0
int__tai20_20_09,1583,648,1896.0,2160.0
int__tai20_20_09,1583,649,1819.0,2008.0
int__tai20_20_09,1583,650,1834.0,2096.0
int__tai20_20_09,1583,651,1791.0,1958.0
int__tai20_20_09,1583,652,1796.0,1976.0
int__tai20_20_09,1583,653,1820.0,2041.0
int__tai20_20_09,1583,654,1840.0,2068.0
int__tai20_20_09,1583,655,1827.0,1989.0
int__tai20_20_09,1583,656,1757.0,1946.0
int__tai20_20_09,1583,657,1809.0,2060.0
int__tai20_20_09,1583,658,1800.0,2001.0
int__tai20_20_09,1583,659,1771.0,1965.0
int__tai20_20_09,1583,660,1808.0,2017.0
int__tai20_20_09,1583,661,1783.0,1995.0
int__tai20_20_09,1583,662,1800.0,2013.0
int__tai20_20_09,1583,663,1798.0,2004.0
int__tai20_20_09,1583,664,1819.0,2035.0
int__tai20_20_09,1583,665,1786.0,1986.0
int__tai20_20_09,1583,666,1810.0,2029.0
int__tai20_20_09,1583,667,1783.0,1974.0
int__tai20_20_09,1583,668,1766.0,2011.0
int__tai20_20_09,1583,669,1830.0,2051.0
int__tai20_20_09,1583,670,1803.0,1981.0
int__tai20_20_09,1583,671,1752.0,1966.0
int__tai20_20_09,1583,672,1778.0,1982.0
int__tai20_20_09,1583,673,1785.0,2031.0
int__tai20_20_09,1583,674,1805.0,1968.0
int__tai20_20_09,1583,675,1872.0,2090.0
int__tai20_20_09,1583,676,2073.0,2321.0
int__tai20_20_09,1583,677,1822.0,2044.0
int__tai20_20_09,1583,678,1836.0,2031.0
int__tai20_20_09,1583,679,1927.0,2107.0
int__tai20_20_09,1583,680,1792.0,1995.0
int__tai20_20_09,1583,681,1837.0,2031.0
int__tai20_20_09,1583,682,1801.0,1989.0
int__tai20_20_09,1583,683,1761.0,1979.0
int__tai20_20_09,1583,684,1844.0,2069.0
int__tai20_20_09,1583,685,1841.0,2059.0
int__tai20_20_09,1583,686,1827.0,2036.0
int__tai20_20_09,1583,687,1769.0,1968.0
int__tai20_20_09,1583,688,1816.0,1999.0
int__tai20_20_09,1583,689,1768.0,1963.0
int__tai20_20_09,1583,690,1808.0,2027.0
int__tai20_20_09,1583,691,1883.0,2070.0
int__tai20_20_09,1583,692,1785.0,1953.0
int__tai20_20_09,1583,693,1835.0,2066.0
int__tai20_20_09,1583,694,1818.0,2049.0
int__tai20_20_09,1583,695,1771.0,1969.0
int__tai20_20_09,1583,696,1845.0,2092.0
int__tai20_20_09,1583,697,1741.0,1975.0
int__tai20_20_09,1583,698,1972.0,2193.0
int__tai20_20_09,1583,699,1828.0,2064.0
int__tai20_20_09,1583,700,1797.0,2003.0
int__tai20_20_09,1583,701,1895.0,2081.0
int__tai20_20_09,1583,702,1805.0,2011.0
int__tai20_20_09,1583,703,1840.0,2052.0
int__tai20_20_09,1583,704,1728.0,1948.0
int__tai20_20_09,1583,705,1850.0,2075.0
int__tai20_20_09,1583,706,1881.0,2117.0
int__tai20_20_09,1583,707,1765.0,1967.0
int__tai20_20_09,1583,708,1957.0,2179.0
int__tai20_20_09,1583,709,1820.0,2049.0
int__tai20_20_09,1583,710,1862.0,2053.0
int__tai20_20_09,1583,711,1800.0,1999.0
int__tai20_20_09,1583,712,1761.0,1965.0
int__tai20_20_09,1583,713,1797.0,1992.0
int__tai20_20_09,1583,714,1913.0,2118.0
int__tai20_20_09,1583,715,1844.0,2090.0
int__tai20_20_09,1583,716,1876.0,2083.0
int__tai20_20_09,1583,717,1765.0,1958.0
int__tai20_20_09,1583,718,1864.0,2058.0
int__tai20_20_09,1583,719,1789.0,2017.0
int__tai20_20_09,1583,720,1920.0,2128.0
int__tai20_20_09,1583,721,1984.0,2224.0
int__tai20_20_09,1583,722,1786.0,1971.0
int__tai20_20_09,1583,723,1703.0,1890.0
int__tai20_20_09,1583,724,1788.0,2011.0
int__tai20_20_09,1583,725,1774.0,1977.0
int__tai20_20_09,1583,726,1889.0,2124.0
int__tai20_20_09,1583,727,1753.0,1958.0
int__tai20_20_09,1583,728,1777.0,1968.0
int__tai20_20_09,1583,729,1846.0,2056.0
int__tai20_20_09,1583,730,1763.0,1983.0
int__tai20_20_09,1583,731,1827.0,2030.0
int__tai20_20_09,1583,732,1804.0,2013.0
int__tai20_20_09,1583,733,1782.0,1958.0
int__tai20_20_09,1583,734,1773.0,1939.0
int__tai20_20_09,1583,735,1828.0,2056.0
int__tai20_20_09,1583,736,1895.0,2149.0
int__tai20_20_09,1583,737,1818.0,2005.0
int__tai20_20_09,1583,738,1913.0,2145.0
int__tai20_20_09,1583,739,1837.0,1994.0
int__tai20_20_09,1583,740,1739.0,1911.0
int__tai20_20_09,1583,741,1756.0,1948.0
int__tai20_20_09,1583,742,1779.0,2000.0
int__tai20_20_09,1583,743,1772.0,1948.0
int__tai20_20_09,1583,744,1776.0,1972.0
int__tai20_20_09,1583,745,1804.0,2002.0
int__tai20_20_09,1583,746,1833.0,2077.0
int__tai20_20_09,1583,747,1956.0,2177.0
int__tai20_20_09,1583,748,1739.0,1966.0
int__tai20_20_09,1583,749,1828.0,2046.0
int__tai20_20_09,1583,750,1905.0,2110.0
int__tai20_20_09,1583,751,1787.0,2005.0
int__tai20_20_09,1583,752,1807.0,2023.0
int__tai20_20_09,1583,753,1778.0,1994.0
int__tai20_20_09,1583,754,1865.0,2097.0
int__tai20_20_09,1583,755,1832.0,2043.0
int__tai20_20_09,1583,756,1811.0,2020.0
int__tai20_20_09,1583,757,1841.0,2089.0
int__tai20_20_09,1583,758,1804.0,1968.0
int__tai20_20_09,1583,759,1883.0,2100.0
int__tai20_20_09,1583,760,1820.0,2020.0
int__tai20_20_09,1583,761,1858.0,2069.0
int__tai20_20_09,1583,762,1845.0,2037.0
int__tai20_20_09,1583,763,1890.0,2109.0
int__tai20_20_09,1583,764,1808.0,2016.0
int__tai20_20_09,1583,765,1818.0,2045.0
int__tai20_20_09,1583,766,1800.0,2017.0
int__tai20_20_09,1583,767,1805.0,2032.0
int__tai20_20_09,1583,768,1996.0,2193.0
int__tai20_20_09,1583,769,1860.0,2081.0
int__tai20_20_09,1583,770,1728.0,1927.0
int__tai20_20_09,1583,771,1744.0,1966.0
int__tai20_20_09,1583,772,1848.0,2100.0
int__tai20_20_09,1583,773,1831.0,2016.0
int__tai20_20_09,1583,774,1873.0,2079.0
int__tai20_20_09,1583,775,1816.0,2051.0
int__tai20_20_09,1583,776,1839.0,2015.0
int__tai20_20_09,1583,777,1929.0,2099.0
int__tai20_20_09,1583,778,1907.0,2107.0
int__tai20_20_09,1583,779,1768.0,1988.0
int__tai20_20_09,1583,780,1825.0,2033.0
int__tai20_20_09,1583,781,1826.0,2015.0
int__tai20_20_09,1583,782,1883.0,2098.0
int__tai20_20_09,1583,783,1779.0,1964.0
int__tai20_20_09,1583,784,1761.0,1983.0
int__tai20_20_09,1583,785,1735.0,1909.0
int__tai20_20_09,1583,786,1892.0,2133.0
int__tai20_20_09,1583,787,1865.0,2075.0
int__tai20_20_09,1583,788,1820.0,2038.0
int__tai20_20_09,1583,789,1785.0,1979.0
int__tai20_20_09,1583,790,1743.0,1955.0
int__tai20_20_09,1583,791,1834.0,2050.0
int__tai20_20_09,1583,792,1861.0,2085.0
int__tai20_20_09,1583,793,1900.0,2154.0
int__tai20_20_09,1583,794,1825.0,2028.0
int__tai20_20_09,1583,795,1859.0,2041.0
int__tai20_20_09,1583,796,1757.0,1977.0
int__tai20_20_09,1583,797,1796.0,2025.0
int__tai20_20_09,1583,798,1785.0,2008.0
int__tai20_20_09,1583,799,1835.0,2085.0
int__tai20_20_09,1583,800,1838.0,2056.0
int__tai20_20_09,1583,801,1797.0,2021.0
int__tai20_20_09,1583,802,1814.0,2037.0
int__tai20_20_09,1583,803,1826.0,2030.0
int__tai20_20_09,1583,804,1817.0,2004.0
int__tai20_20_09,1583,805,1823.0,2016.0
int__tai20_20_09,1583,806,1914.0,2135.0
int__tai20_20_09,1583,807,1837.0,2023.0
int__tai20_20_09,1583,808,1845.0,2009.0
int__tai20_20_09,1583,809,1893.0,2128.0
int__tai20_20_09,1583,810,1896.0,2123.0
int__tai20_20_09,1583,811,1786.0,1983.0
int__tai20_20_09,1583,812,1797.0,2017.0
int__tai20_20_09,1583,813,1881.0,2121.0
int__tai20_20_09,1583,814,1850.0,2038.0
int__tai20_20_09,1583,815,1884.0,2025.0
int__tai20_20_09,1583,816,1788.0,1985.0
int__tai20_20_09,1583,817,1829.0,2042.0
int__tai20_20_09,1583,818,1766.0,1972.0
int__tai20_20_09,1583,819,1738.0,1937.0
int__tai20_20_09,1583,820,1769.0,1981.0
int__tai20_20_09,1583,821,1855.0,2048.0
int__tai20_20_09,1583,822,1810.0,2011.0
int__tai20_20_09,1583,823,1779.0,1983.0
int__tai20_20_09,1583,824,1796.0,1991.0
int__tai20_20_09,1583,825,1866.0,2092.0
int__tai20_20_09,1583,826,1788.0,1991.0
int__tai20_20_09,1583,827,1803.0,1991.0
int__tai20_20_09,1583,828,1971.0,2153.0
int__tai20_20_09,1583,829,1786.0,1992.0
int__tai20_20_09,1583,830,1899.0,2099.0
int__tai20_20_09,1583,831,1921.0,2128.0
int__tai20_20_09,1583,832,1785.0,2006.0
int__tai20_20_09,1583,833,1756.0,1931.0
int__tai20_20_09,1583,834,1791.0,1973.0
int__tai20_20_09,1583,835,1878.0,2106.0
int__tai20_20_09,1583,836,1808.0,2020.0
int__tai20_20_09,1583,837,1823.0,2029.0
int__tai20_20_09,1583,838,1936.0,2135.0
int__tai20_20_09,1583,839,2025.0,2261.0
int__tai20_20_09,1583,840,1812.0,2022.0
int__tai20_20_09,1583,841,1823.0,2051.0
int__tai20_20_09,1583,842,1769.0,1961.0
int__tai20_20_09,1583,843,1818.0,2062.0
int__tai20_20_09,1583,844,1862.0,2064.0
int__tai20_20_09,1583,845,1829.0,2041.0
int__tai20_20_09,1583,846,1771.0,1977.0
int__tai20_20_09,1583,847,1756.0,2015.0
int__tai20_20_09,1583,848,1776.0,1968.0
int__tai20_20_09,1583,849,1869.0,2063.0
int__tai20_20_09,1583,850,1804.0,2020.0
int__tai20_20_09,1583,851,1882.0,2082.0
int__tai20_20_09,1583,852,1767.0,1957.0
int__tai20_20_09,1583,853,1775.0,1993.0
int__tai20_20_09,1583,854,1823.0,1988.0
int__tai20_20_09,1583,855,1880.0,2094.0
int__tai20_20_09,1583,856,1794.0,1990.0
int__tai20_20_09,1583,857,1795.0,2017.0
int__tai20_20_09,1583,858,1759.0,1980.0
int__tai20_20_09,1583,859,1804.0,2002.0
int__tai20_20_09,1583,860,1786.0,1980.0
int__tai20_20_09,1583,861,1905.0,2112.0
int__tai20_20_09,1583,862,1778.0,1991.0
int__tai20_20_09,1583,863,1898.0,2153.0
int__tai20_20_09,1583,864,1773.0,1983.0
int__tai20_20_09,1583,865,1896.0,2082.0
int__tai20_20_09,1583,866,1798.0,2026.0
int__tai20_20_09,1583,867,1877.0,2068.0
int__tai20_20_09,1583,868,1833.0,1997.0
int__tai20_20_09,1583,869,1872.0,2102.0
int__tai20_20_09,1583,870,1852.0,2053.0
int__tai20_20_09,1583,871,1806.0,2013.0
int__tai20_20_09,1583,872,1883.0,2099.0
int__tai20_20_09,1583,873,1926.0,2153.0
int__tai20_20_09,1583,874,1791.0,1986.0
int__tai20_20_09,1583,875,1781.0,2005.0
int__tai20_20_09,1583,876,1832.0,2038.0
int__tai20_20_09,1583,877,1834.0,2079.0
int__tai20_20_09,1583,878,1893.0,2152.0
int__tai20_20_09,1583,879,1954.0,2195.0
int__tai20_20_09,1583,880,1982.0,2224.0
int__tai20_20_09,1583,881,1831.0,2015.0
int__tai20_20_09,1583,882,1846.0,2036.0
int__tai20_20_09,1583,883,1818.0,2026.0
int__tai20_20_09,1583,884,1808.0,2006.0
int__tai20_20_09,1583,885,1819.0,2006.0
int__tai20_20_09,1583,886,1862.0,2074.0
int__tai20_20_09,1583,887,1744.0,1910.0
int__tai20_20_09,1583,888,1882.0,2089.0
int__tai20_20_09,1583,889,1780.0,1988.0
int__tai20_20_09,1583,890,1822.0,2000.0
int__tai20_20_09,1583,891,1831.0,2048.0
int__tai20_20_09,1583,892,1739.0,1977.0
int__tai20_20_09,1583,893,1822.0,2014.0
int__tai20_20_09,1583,894,1829.0,2024.0
int__tai20_20_09,1583,895,1860.0,2080.0
int__tai20_20_09,1583,896,1785.0,1980.0
int__tai20_20_09,1583,897,1873.0,2093.0
int__tai20_20_09,1583,898,1759.0,1953.0
int__tai20_20_09,1583,899,1806.0,1986.0
int__tai20_20_09,1583,900,1985.0,2197.0
int__tai20_20_09,1583,901,1775.0,2024.0
int__tai20_20_09,1583,902,1867.0,2093.0
int__tai20_20_09,1583,903,1785.0,2022.0
int__tai20_20_09,1583,904,1891.0,2106.0
int__tai20_20_09,1583,905,1779.0,1986.0
int__tai20_20_09,1583,906,1756.0,1950.0
int__tai20_20_09,1583,907,1816.0,2022.0
int__tai20_20_09,1583,908,1838.0,2065.0
int__tai20_20_09,1583,909,1857.0,2092.0
int__tai20_20_09,1583,910,1814.0,2012.0
int__tai20_20_09,1583,911,1912.0,2143.0
int__tai20_20_09,1583,912,1992.0,2210.0
int__tai20_20_09,1583,913,1814.0,2045.0
int__tai20_20_09,1583,914,1902.0,2119.0
int__tai20_20_09,1583,915,1824.0,2023.0
int__tai20_20_09,1583,916,1786.0,2014.0
int__tai20_20_09,1583,917,1862.0,2085.0
int__tai20_20_09,1583,918,1789.0,2014.0
int__tai20_20_09,1583,919,1772.0,1950.0
int__tai20_20_09,1583,920,1776.0,1986.0
int__tai20_20_09,1583,921,1923.0,2144.0
int__tai20_20_09,1583,922,1843.0,2038.0
int__tai20_20_09,1583,923,1929.0,2131.0
int__tai20_20_09,1583,924,1885.0,2101.0
int__tai20_20_09,1583,925,1769.0,1964.0
int__tai20_20_09,1583,926,1760.0,2005.0
int__tai20_20_09,1583,927,1728.0,1934.0
int__tai20_20_09,1583,928,1733.0,1967.0
int__tai20_20_09,1583,929,1786.0,2000.0
int__tai20_20_09,1583,930,1808.0,2005.0
int__tai20_20_09,1583,931,1838.0,2023.0
int__tai20_20_09,1583,932,1863.0,2101.0
int__tai20_20_09,1583,933,1878.0,2084.0
int__tai20_20_09,1583,934,1820.0,2039.0
int__tai20_20_09,1583,935,1723.0,1952.0
int__tai20_20_09,1583,936,1760.0,1956.0
int__tai20_20_09,1583,937,1837.0,2072.0
int__tai20_20_09,1583,938,1845.0,2028.0
int__tai20_20_09,1583,939,1773.0,1997.0
int__tai20_20_09,1583,940,1870.0,2077.0
int__tai20_20_09,1583,941,1841.0,2025.0
int__tai20_20_09,1583,942,1761.0,1975.0
int__tai20_20_09,1583,943,1865.0,2138.0
int__tai20_20_09,1583,944,2015.0,2250.0
int__tai20_20_09,1583,945,1830.0,2055.0
int__tai20_20_09,1583,946,1855.0,2044.0
int__tai20_20_09,1583,947,1804.0,1984.0
int__tai20_20_09,1583,948,1861.0,2075.0
int__tai20_20_09,1583,949,1810.0,2022.0
int__tai20_20_09,1583,950,1899.0,2117.0
int__tai20_20_09,1583,951,1803.0,1995.0
int__tai20_20_09,1583,952,1727.0,1918.0
int__tai20_20_09,1583,953,1819.0,2048.0
int__tai20_20_09,1583,954,1880.0,2084.0
int__tai20_20_09,1583,955,1796.0,2016.0
int__tai20_20_09,1583,956,1789.0,2034.0
int__tai20_20_09,1583,957,1850.0,2061.0
int__tai20_20_09,1583,958,1790.0,1978.0
int__tai20_20_09,1583,959,1830.0,2060.0
int__tai20_20_09,1583,960,1749.0,1955.0
int__tai20_20_09,1583,961,1813.0,2045.0
int__tai20_20_09,1583,962,1943.0,2140.0
int__tai20_20_09,1583,963,1742.0,1939.0
int__tai20_20_09,1583,964,1831.0,2053.0
int__tai20_20_09,1583,965,1784.0,2000.0
int__tai20_20_09,1583,966,1819.0,2028.0
int__tai20_20_09,1583,967,1831.0,2068.0
int__tai20_20_09,1583,968,1935.0,2118.0
int__tai20_20_09,1583,969,1851.0,2070.0
int__tai20_20_09,1583,970,1863.0,2076.0
int__tai20_20_09,1583,971,1785.0,1973.0
int__tai20_20_09,1583,972,1777.0,2009.0
int__tai20_20_09,1583,973,1895.0,2137.0
int__tai20_20_09,1583,974,1944.0,2201.0
int__tai20_20_09,1583,975,1789.0,1966.0
int__tai20_20_09,1583,976,1798.0,2021.0
int__tai20_20_09,1583,977,1843.0,2038.0
int__tai20_20_09,1583,978,1818.0,2053.0
int__tai20_20_09,1583,979,1834.0,2076.0
int__tai20_20_09,1583,980,1812.0,2031.0
int__tai20_20_09,1583,981,1841.0,2041.0
int__tai20_20_09,1583,982,1819.0,2007.0
int__tai20_20_09,1583,983,1803.0,1987.0
int__tai20_20_09,1583,984,1847.0,2079.0
int__tai20_20_09,1583,985,1824.0,2054.0
int__tai20_20_09,1583,986,2005.0,2238.0
int__tai20_20_09,1583,987,1836.0,2050.0
int__tai20_20_09,1583,988,1824.0,2049.0
int__tai20_20_09,1583,989,1867.0,2062.0
int__tai20_20_09,1583,990,1818.0,2037.0
int__tai20_20_09,1583,991,1849.0,2027.0
int__tai20_20_09,1583,992,1915.0,2120.0
int__tai20_20_09,1583,993,1811.0,2023.0
int__tai20_20_09,1583,994,1765.0,1995.0
int__tai20_20_09,1583,995,1828.0,2052.0
int__tai20_20_09,1583,996,1786.0,1980.0
int__tai20_20_09,1583,997,1959.0,2187.0
int__tai20_20_09,1583,998,1752.0,2001.0
int__tai20_20_09,1583,999,1901.0,2108.0
int__tai20_20_09,1583,1000,1878.0,2086.0
int__tai20_20_09,1583,1001,1786.0,1974.0
int__tai20_20_09,1583,1002,1781.0,1970.0
int__tai20_20_09,1583,1003,1908.0,2102.0
int__tai20_20_09,1583,1004,1831.0,2051.0
int__tai20_20_09,1583,1005,1930.0,2138.0
int__tai20_20_09,1583,1006,1789.0,1969.0
int__tai20_20_09,1583,1007,1874.0,2072.0
int__tai20_20_09,1583,1008,1753.0,1977.0
int__tai20_20_09,1583,1009,1773.0,1972.0
int__tai20_20_09,1583,1010,1844.0,2092.0
int__tai20_20_09,1583,1011,1849.0,2075.0
int__tai20_20_09,1583,1012,1828.0,2027.0
int__tai20_20_09,1583,1013,1871.0,2072.0
int__tai20_20_09,1583,1014,1904.0,2126.0
int__tai20_20_09,1583,1015,1824.0,2040.0
int__tai20_20_09,1583,1016,1817.0,2025.0
int__tai20_20_09,1583,1017,1835.0,2052.0
int__tai20_20_09,1583,1018,1793.0,2004.0
int__tai20_20_09,1583,1019,1888.0,2116.0
int__tai20_20_09,1583,1020,1931.0,2144.0
int__tai20_20_09,1583,1021,1825.0,2013.0
int__tai20_20_09,1583,1022,1726.0,1958.0
int__tai20_20_09,1583,1023,1858.0,2051.0
int__tai30_15_05,2007,0,2040.0,2311.0
int__tai30_15_05,2007,1,2074.0,2372.0
int__tai30_15_05,2007,2,2121.0,2365.0
int__tai30_15_05,2007,3,2161.0,2425.0
int__tai30_15_05,2007,4,2107.0,2380.0
int__tai30_15_05,2007,5,2118.0,2431.0
int__tai30_15_05,2007,6,2266.0,2556.0
int__tai30_15_05,2007,7,2163.0,2440.0
int__tai30_15_05,2007,8,2092.0,2380.0
int__tai30_15_05,2007,9,2161.0,2465.0
int__tai30_15_05,2007,10,2063.0,2346.0
int__tai30_15_05,2007,11,2133.0,2386.0
int__tai30_15_05,2007,12,2104.0,2429.0
int__tai30_15_05,2007,13,2117.0,2418.0
int__tai30_15_05,2007,14,2067.0,2319.0
int__tai30_15_05,2007,15,2146.0,2420.0
int__tai30_15_05,2007,16,2182.0,2436.0
int__tai30_15_05,2007,17,2221.0,2508.0
int__tai30_15_05,2007,18,2107.0,2400.0
int__tai30_15_05,2007,19,2081.0,2351.0
int__tai30_15_05,2007,20,2229.0,2441.0
int__tai30_15_05,2007,21,2064.0,2330.0
int__tai30_15_05,2007,22,2090.0,2388.0
int__tai30_15_05,2007,23,2047.0,2283.0
int__tai30_15_05,2007,24,2190.0,2476.0
int__tai30_15_05,2007,25,2096.0,2401.0
int__tai30_15_05,2007,26,2098.0,2378.0
int__tai30_15_05,2007,27,1992.0,2301.0
int__tai30_15_05,2007,28,2124.0,2425.0
int__tai30_15_05,2007,29,2071.0,2350.0
int__tai30_15_05,2007,30,2201.0,2523.0
int__tai30_15_05,2007,31,2146.0,2384.0
int__tai30_15_05,2007,32,2242.0,2551.0
int__tai30_15_05,2007,33,2157.0,2460.0
int__tai30_15_05,2007,34,2060.0,2333.0
int__tai30_15_05,2007,35,2194.0,2505.0
int__tai30_15_05,2007,36,2208.0,2491.0
int__tai30_15_05,2007,37,2079.0,2364.0
int__tai30_15_05,2007,38,2171.0,2408.0
int__tai30_15_05,2007,39,2240.0,2545.0
int__tai30_15_05,2007,40,2063.0,2356.0
int__tai30_15_05,2007,41,2127.0,2405.0
int__tai30_15_05,2007,42,2084.0,2341.0
int__tai30_15_05,2007,43,2168.0,2419.0
int__tai30_15_05,2007,44,2250.0,2553.0
int__tai30_15_05,2007,45,2112.0,2400.0
int__tai30_15_05,2007,46,2020.0,2321.0
int__tai30_15_05,2007,47,2095.0,2410.0
int__tai30_15_05,2007,48,2185.0,2462.0
int__tai30_15_05,2007,49,2054.0,2331.0
int__tai30_15_05,2007,50,2066.0,2348.0
int__tai30_15_05,2007,51,2179.0,2426.0
int__tai30_15_05,2007,52,2139.0,2417.0
int__tai30_15_05,2007,53,2050.0,2325.0
int__tai30_15_05,2007,54,2193.0,2481.0
int__tai30_15_05,2007,55,2174.0,2450.0
int__tai30_15_05,2007,56,2068.0,2367.0
int__tai30_15_05,2007,57,2122.0,2404.0
int__tai30_15_05,2007,58,2189.0,2502.0
int__tai30_15_05,2007,59,2283.0,2571.0
int__tai30_15_05,2007,60,2115.0,2386.0
int__tai30_15_05,2007,61,2151.0,2392.0
int__tai30_15_05,2007,62,2105.0,2335.0
int__tai30_15_05,2007,63,2081.0,2334.0
int__tai30_15_05,2007,64,2092.0,2387.0
int__tai30_15_05,2007,65,2121.0,2418.0
int__tai30_15_05,2007,66,2089.0,2325.0
int__tai30_15_05,2007,67,2130.0,2417.0
int__tai30_15_05,2007,68,2225.0,2472.0
int__tai30_15_05,2007,69,2136.0,2425.0
int__tai30_15_05,2007,70,2082.0,2340.0
int__tai30_15_05,2007,71,2158.0,2435.0
int__tai30_15_05,2007,72,2207.0,2528.0
int__tai30_15_05,2007,73,2156.0,2447.0
int__tai30_15_05,2007,74,2143.0,2447.0
int__tai30_15_05,2007,75,2168.0,2393.0
int__tai30_15_05,2007,76,2064.0,2378.0
int__tai30_15_05,2007,77,2090.0,2352.0
int__tai30_15_05,2007,78,2131.0,2402.0
int__tai30_15_05,2007,79,2171.0,2490.0
int__tai30_15_05,2007,80,2183.0,2484.0
int__tai30_15_05,2007,81,2080.0,2371.0
int__tai30_15_05,2007,82,2054.0,2325.0
int__tai30_15_05,2007,83,2187.0,2430.0
int__tai30_15_05,2007,84,2085.0,2358.0
int__tai30_15_05,2007,85,2140.0,2454.0
int__tai30_15_05,2007,86,2119.0,2407.0
int__tai30_15_05,2007,87,2089.0,2388.0
int__tai30_15_05,2007,88,2215.0,2475.0
int__tai30_15_05,2007,89,2180.0,2459.0
int__tai30_15_05,2007,90,2202.0,2470.0
int__tai30_15_05,2007,91,2140.0,2410.0
int__tai30_15_05,2007,92,2084.0,2326.0
int__tai30_15_05,2007,93,2187.0,2473.0
int__tai30_15_05,2007,94,2087.0,2347.0
int__tai30_15_05,2007,95,2151.0,2431.0
int__tai30_15_05,2007,96,2098.0,2384.0
int__tai30_15_05,2007,97,2147.0,2417.0
int__tai30_15_05,2007,98,2208.0,2487.0
int__tai30_15_05,2007,99,2065.0,2354.0
int__tai30_15_05,2007,100,2237.0,2550.0
int__tai30_15_05,2007,101,2137.0,2395.0
int__tai30_15_05,2007,102,2060.0,2386.0
int__tai30_15_05,2007,103,2083.0,2367.0
int__tai30_15_05,2007,104,2145.0,2402.0
int__tai30_15_05,2007,105,2165.0,2517.0
int__tai30_15_05,2007,106,2271.0,2523.0
int__tai30_15_05,2007,107,2075.0,2336.0
int__tai30_15_05,2007,108,2087.0,2343.0
int__tai30_15_05,2007,109,2158.0,2431.0
int__tai30_15_05,2007,110,2104.0,2387.0
int__tai30_15_05,2007,111,2093.0,2383.0
int__tai30_15_05,2007,112,2047.0,2327.0
int__tai30_15_05,2007,113,2182.0,2416.0
int__tai30_15_05,2007,114,2061.0,2372.0
int__tai30_15_05,2007,115,2123.0,2378.0
int__tai30_15_05,2007,116,2083.0,2371.0
int__tai30_15_05,2007,117,2116.0,2367.0
int__tai30_15_05,2007,118,2122.0,2384.0
int__tai30_15_05,2007,119,2060.0,2298.0
int__tai30_15_05,2007,120,2139.0,2381.0
int__tai30_15_05,2007,121,2075.0,2401.0
int__tai30_15_05,2007,122,2273.0,2577.0
int__tai30_15_05,2007,123,2111.0,2366.0
int__tai30_15_05,2007,124,2061.0,2367.0
int__tai30_15_05,2007,125,2155.0,2429.0
int__tai30_15_05,2007,126,2059.0,2343.0
int__tai30_15_05,2007,127,2232.0,2521.0
int__tai30_15_05,2007,128,2065.0,2383.0
int__tai30_15_05,2007,129,2082.0,2315.0
int__tai30_15_05,2007,130,2121.0,2371.0
int__tai30_15_05,2007,131,2114.0,2486.0
int__tai30_15_05,2007,132,2206.0,2468.0
int__tai30_15_05,2007,133,2112.0,2392.0
int__tai30_15_05,2007,134,2022.0,2343.0
int__tai30_15_05,2007,135,2084.0,2333.0
int__tai30_15_05,2007,136,2079.0,2388.0
int__tai30_15_05,2007,137,2098.0,2410.0
int__tai30_15_05,2007,138,2132.0,2403.0
int__tai30_15_05,2007,139,2115.0,2430.0
int__tai30_15_05,2007,140,2101.0,2350.0
int__tai30_15_05,2007,141,2079.0,2379.0
int__tai30_15_05,2007,142,2180.0,2506.0
int__tai30_15_05,2007,143,2140.0,2416.0
int__tai30_15_05,2007,144,2089.0,2373.0
int__tai30_15_05,2007,145,2082.0,2362.0
int__tai30_15_05,2007,146,2166.0,2461.0
int__tai30_15_05,2007,147,2159.0,2409.0
int__tai30_15_05,2007,148,2164.0,2479.0
int__tai30_15_05,2007,149,2020.0,2335.0
int__tai30_15_05,2007,150,2096.0,2387.0
int__tai30_15_05,2007,151,2135.0,2439.0
int__tai30_15_05,2007,152,2164.0,2423.0
int__tai30_15_05,2007,153,2172.0,2452.0
int__tai30_15_05,2007,154,2177.0,2456.0
int__tai30_15_05,2007,155,2109.0,2339.0
int__tai30_15_05,2007,156,2292.0,2575.0
int__tai30_15_05,2007,157,2061.0,2333.0
int__tai30_15_05,2007,158,2062.0,2297.0
int__tai30_15_05,2007,159,2168.0,2485.0
int__tai30_15_05,2007,160,2136.0,2376.0
int__tai30_15_05,2007,161,2149.0,2410.0
int__tai30_15_05,2007,162,2123.0,2410.0
int__tai30_15_05,2007,163,2128.0,2412.0
int__tai30_15_05,2007,164,2154.0,2436.0
int__tai30_15_05,2007,165,2105.0,2361.0
int__tai30_15_05,2007,166,2090.0,2374.0
int__tai30_15_05,2007,167,2087.0,2352.0
int__tai30_15_05,2007,168,2128.0,2422.0
int__tai30_15_05,2007,169,2202.0,2445.0
int__tai30_15_05,2007,170,2236.0,2514.0
int__tai30_15_05,2007,171,2118.0,2416.0
int__tai30_15_05,2007,172,2162.0,2434.0
int__tai30_15_05,2007,173,2188.0,2466.0
int__tai30_15_05,2007,174,2116.0,2378.0
int__tai30_15_05,2007,175,2150.0,2378.0
int__tai30_15_05,2007,176,2092.0,2348.0
int__tai30_15_05,2007,177,2124.0,2423.0
int__tai30_15_05,2007,178,2135.0,2423.0
int__tai30_15_05,2007,179,2112.0,2399.0
int__tai30_15_05,2007,180,2076.0,2307.0
int__tai30_15_05,2007,181,2075.0,2318.0
int__tai30_15_05,2007,182,2062.0,2325.0
int__tai30_15_05,2007,183,2262.0,2546.0
int__tai30_15_05,2007,184,2094.0,2403.0
int__tai30_15_05,2007,185,2200.0,2482.0
int__tai30_15_05,2007,186,2224.0,2488.0
int__tai30_15_05,2007,187,2178.0,2424.0
int__tai30_15_05,2007,188,2022.0,2317.0
int__tai30_15_05,2007,189,2135.0,2449.0
int__tai30_15_05,2007,190,2094.0,2342.0
int__tai30_15_05,2007,191,2178.0,2474.0
int__tai30_15_05,2007,192,2121.0,2378.0
int__tai30_15_05,2007,193,2205.0,2466.0
int__tai30_15_05,2007,194,2200.0,2511.0
int__tai30_15_05,2007,195,2135.0,2412.0
int__tai30_15_05,2007,196,2224.0,2538.0
int__tai30_15_05,2007,197,2042.0,2320.0
int__tai30_15_05,2007,198,2253.0,2515.0
int__tai30_15_05,2007,199,2135.0,2408.0
int__tai30_15_05,2007,200,2226.0,2553.0
int__tai30_15_05,2007,201,2149.0,2442.0
int__tai30_15_05,2007,202,2132.0,2473.0
int__tai30_15_05,2007,203,2094.0,2357.0
int__tai30_15_05,2007,204,2059.0,2312.0
int__tai30_15_05,2007,205,2121.0,2408.0
int__tai30_15_05,2007,206,2098.0,2362.0
int__tai30_15_05,2007,207,2152.0,2442.0
int__tai30_15_05,2007,208,2279.0,2612.0
int__tai30_15_05,2007,209,2102.0,2395.0
int__tai30_15_05,2007,210,2201.0,2480.0
int__tai30_15_05,2007,211,2117.0,2366.0
int__tai30_15_05,2007,212,2059.0,2337.0
int__tai30_15_05,2007,213,2135.0,2402.0
int__tai30_15_05,2007,214,2136.0,2425.0
int__tai30_15_05,2007,215,2178.0,2456.0
int__tai30_15_05,2007,216,2043.0,2340.0
int__tai30_15_05,2007,217,2136.0,2399.0
int__tai30_15_05,2007,218,2079.0,2355.0
int__tai30_15_05,2007,219,2212.0,2481.0
int__tai30_15_05,2007,220,2152.0,2432.0
int__tai30_15_05,2007,221,2199.0,2544.0
int__tai30_15_05,2007,222,1994.0,2272.0
int__tai30_15_05,2007,223,2163.0,2430.0
int__tai30_15_05,2007,224,2271.0,2539.0
int__tai30_15_05,2007,225,2058.0,2345.0
int__tai30_15_05,2007,226,2170.0,2499.0
int__tai30_15_05,2007,227,2135.0,2457.0
int__tai30_15_05,2007,228,2185.0,2467.0
int__tai30_15_05,2007,229,2099.0,2346.0
int__tai30_15_05,2007,230,2096.0,2359.0
int__tai30_15_05,2007,231,2150.0,2427.0
int__tai30_15_05,2007,232,2153.0,2410.0
int__tai30_15_05,2007,233,2150.0,2423.0
int__tai30_15_05,2007,234,2069.0,2356.0
int__tai30_15_05,2007,235,2183.0,2440.0
int__tai30_15_05,2007,236,2235.0,2522.0
int__tai30_15_05,2007,237,2126.0,2395.0
int__tai30_15_05,2007,238,2131.0,2345.0
int__tai30_15_05,2007,239,2209.0,2502.0
int__tai30_15_05,2007,240,2126.0,2375.0
int__tai30_15_05,2007,241,2118.0,2388.0
int__tai30_15_05,2007,242,2111.0,2374.0
int__tai30_15_05,2007,243,2090.0,2374.0
int__tai30_15_05,2007,244,2104.0,2364.0
int__tai30_15_05,2007,245,2077.0,2357.0
int__tai30_15_05,2007,246,2083.0,2392.0
int__tai30_15_05,2007,247,2156.0,2460.0
int__tai30_15_05,2007,248,2115.0,2377.0
int__tai30_15_05,2007,249,2100.0,2376.0
int__tai30_15_05,2007,250,2069.0,2350.0
int__tai30_15_05,2007,251,2189.0,2484.0
int__tai30_15_05,2007,252,2151.0,2412.0
int__tai30_15_05,2007,253,2095.0,2423.0
int__tai30_15_05,2007,254,2098.0,2329.0
int__tai30_15_05,2007,255,2052.0,2367.0
int__tai30_15_05,2007,256,2150.0,2425.0
int__tai30_15_05,2007,257,2141.0,2410.0
int__tai30_15_05,2007,258,2164.0,2418.0
int__tai30_15_05,2007,259,2139.0,2434.0
int__tai30_15_05,2007,260,2203.0,2491.0
int__tai30_15_05,2007,261,2059.0,2339.0
int__tai30_15_05,2007,262,2033.0,2336.0
int__tai30_15_05,2007,263,2090.0,2384.0
int__tai30_15_05,2007,264,2186.0,2427.0
int__tai30_15_05,2007,265,2061.0,2371.0
int__tai30_15_05,2007,266,2126.0,2400.0
int__tai30_15_05,2007,267,2118.0,2362.0
int__tai30_15_05,2007,268,2104.0,2365.0
int__tai30_15_05,2007,269,2127.0,2411.0
int__tai30_15_05,2007,270,2154.0,2423.0
int__tai30_15_05,2007,271,2063.0,2337.0
int__tai30_15_05,2007,272,2029.0,2279.0
int__tai30_15_05,2007,273,2083.0,2338.0
int__tai30_15_05,2007,274,2190.0,2485.0
int__tai30_15_05,2007,275,2246.0,2515.0
int__tai30_15_05,2007,276,2109.0,2426.0
int__tai30_15_05,2007,277,2257.0,2593.0
int__tai30_15_05,2007,278,2134.0,2428.0
int__tai30_15_05,2007,279,2129.0,2410.0
int__tai30_15_05,2007,280,2190.0,2443.0
int__tai30_15_05,2007,281,2374.0,2670.0
int__tai30_15_05,2007,282,2154.0,2438.0
int__tai30_15_05,2007,283,2179.0,2500.0
int__tai30_15_05,2007,284,2082.0,2321.0
int__tai30_15_05,2007,285,2090.0,2391.0
int__tai30_15_05,2007,286,2105.0,2385.0
int__tai30_15_05,2007,287,2144.0,2469.0
int__tai30_15_05,2007,288,2223.0,2515.0
int__tai30_15_05,2007,289,2083.0,2384.0
int__tai30_15_05,2007,290,2158.0,2485.0
int__tai30_15_05,2007,291,2169.0,2438.0
int__tai30_15_05,2007,292,2051.0,2340.0
int__tai30_15_05,2007,293,2096.0,2346.0
int__tai30_15_05,2007,294,2116.0,2404.0
int__tai30_15_05,2007,295,2056.0,2338.0
int__tai30_15_05,2007,296,2213.0,2450.0
int__tai30_15_05,2007,297,2105.0,2363.0
int__tai30_15_05,2007,298,2215.0,2475.0
int__tai30_15_05,2007,299,2085.0,2354.0
int__tai30_15_05,2007,300,2093.0,2379.0
int__tai30_15_05,2007,301,2133.0,2387.0
int__tai30_15_05,2007,302,2197.0,2450.0
int__tai30_15_05,2007,303,2085.0,2343.0
int__tai30_15_05,2007,304,2111.0,2405.0
int__tai30_15_05,2007,305,2126.0,2417.0
int__tai30_15_05,2007,306,2103.0,2392.0
int__tai30_15_05,2007,307,2068.0,2375.0
int__tai30_15_05,2007,308,2092.0,2371.0
int__tai30_15_05,2007,309,2140.0,2366.0
int__tai30_15_05,2007,310,2139.0,2381.0
int__tai30_15_05,2007,311,2194.0,2500.0
int__tai30_15_05,2007,312,2192.0,2467.0
int__tai30_15_05,2007,313,2113.0,2389.0
int__tai30_15_05,2007,314,2094.0,2356.0
int__tai30_15_05,2007,315,2210.0,2443.0
int__tai30_15_05,2007,316,2248.0,2506.0
int__tai30_15_05,2007,317,2056.0,2354.0
int__tai30_15_05,2007,318,2115.0,2412.0
int__tai30_15_05,2007,319,2212.0,2509.0
int__tai30_15_05,2007,320,2165.0,2396.0
int__tai30_15_05,2007,321,2178.0,2450.0
int__tai30_15_05,2007,322,2141.0,2460.0
int__tai30_15_05,2007,323,2060.0,2302.0
int__tai30_15_05,2007,324,2278.0,2592.0
int__tai30_15_05,2007,325,2124.0,2408.0
int__tai30_15_05,2007,326,2142.0,2434.0
int__tai30_15_05,2007,327,2144.0,2464.0
int__tai30_15_05,2007,328,2080.0,2372.0
int__tai30_15_05,2007,329,2110.0,2357.0
int__tai30_15_05,2007,330,2036.0,2324.0
int__tai30_15_05,2007,331,2092.0,2355.0
int__tai30_15_05,2007,332,2254.0,2588.0
int__tai30_15_05,2007,333,2166.0,2477.0
int__tai30_15_05,2007,334,2135.0,2397.0
int__tai30_15_05,2007,335,2094.0,2354.0
int__tai30_15_05,2007,336,2202.0,2496.0
int__tai30_15_05,2007,337,2097.0,2333.0
int__tai30_15_05,2007,338,2089.0,2357.0
int__tai30_15_05,2007,339,2199.0,2532.0
int__tai30_15_05,2007,340,2009.0,2290.0
int__tai30_15_05,2007,341,2183.0,2503.0
int__tai30_15_05,2007,342,2170.0,2405.0
int__tai30_15_05,2007,343,2126.0,2365.0
int__tai30_15_05,2007,344,2060.0,2361.0
int__tai30_15_05,2007,345,2109.0,2394.0
int__tai30_15_05,2007,346,2250.0,2502.0
int__tai30_15_05,2007,347,2098.0,2370.0
int__tai30_15_05,2007,348,2121.0,2385.0
int__tai30_15_05,2007,349,2061.0,2318.0
int__tai30_15_05,2007,350,2138.0,2464.0
int__tai30_15_05,2007,351,2093.0,2317.0
int__tai30_15_05,2007,352,2146.0,2420.0
int__tai30_15_05,2007,353,2176.0,2480.0
int__tai30_15_05,2007,354,2111.0,2356.0
int__tai30_15_05,2007,355,2132.0,2395.0
int__tai30_15_05,2007,356,2150.0,2390.0
int__tai30_15_05,2007,357,2210.0,2493.0
int__tai30_15_05,2007,358,2136.0,2410.0
int__tai30_15_05,2007,359,2177.0,2468.0
int__tai30_15_05,2007,360,2243.0,2549.0
int__tai30_15_05,2007,361,2070.0,2330.0
int__tai30_15_05,2007,362,2088.0,2389.0
int__tai30_15_05,2007,363,2121.0,2431.0
int__tai30_15_05,2007,364,2206.0,2503.0
int__tai30_15_05,2007,365,2136.0,2433.0
int__tai30_15_05,2007,366,2145.0,2406.0
int__tai30_15_05,2007,367,2089.0,2409.0
int__tai30_15_05,2007,368,2175.0,2390.0
int__tai30_15_05,2007,369,2276.0,2497.0
int__tai30_15_05,2007,370,2319.0,2612.0
int__tai30_15_05,2007,371,2153.0,2458.0
int__tai30_15_05,2007,372,2166.0,2489.0
int__tai30_15_05,2007,373,2111.0,2354.0
int__tai30_15_05,2007,374,2173.0,2483.0
int__tai30_15_05,2007,375,2120.0,2381.0
int__tai30_15_05,2007,376,2207.0,2477.0
int__tai30_15_05,2007,377,2116.0,2357.0
int__tai30_15_05,2007,378,2164.0,2429.0
int__tai30_15_05,2007,379,2086.0,2369.0
int__tai30_15_05,2007,380,2197.0,2475.0
int__tai30_15_05,2007,381,2134.0,2374.0
int__tai30_15_05,2007,382,2205.0,2507.0
int__tai30_15_05,2007,383,2102.0,2346.0
int__tai30_15_05,2007,384,2104.0,2365.0
int__tai30_15_05,2007,385,2127.0,2425.0
int__tai30_15_05,2007,386,2086.0,2380.0
int__tai30_15_05,2007,387,2152.0,2425.0
int__tai30_15_05,2007,388,2138.0,2450.0
int__tai30_15_05,2007,389,2207.0,2479.0
int__tai30_15_05,2007,390,2225.0,2487.0
int__tai30_15_05,2007,391,2023.0,2284.0
int__tai30_15_05,2007,392,2105.0,2368.0
int__tai30_15_05,2007,393,2048.0,2309.0
int__tai30_15_05,2007,394,2100.0,2384.0
int__tai30_15_05,2007,395,2145.0,2413.0
int__tai30_15_05,2007,396,2125.0,2410.0
int__tai30_15_05,2007,397,2113.0,2402.0
int__tai30_15_05,2007,398,2307.0,2616.0
int__tai30_15_05,2007,399,2093.0,2372.0
int__tai30_15_05,2007,400,2115.0,2363.0
int__tai30_15_05,2007,401,2078.0,2343.0
int__tai30_15_05,2007,402,2167.0,2421.0
int__tai30_15_05,2007,403,2094.0,2390.0
int__tai30_15_05,2007,404,2098.0,2400.0
int__tai30_15_05,2007,405,2171.0,2441.0
int__tai30_15_05,2007,406,2120.0,2426.0
int__tai30_15_05,2007,407,2185.0,2503.0
int__tai30_15_05,2007,408,2107.0,2379.0
int__tai30_15_05,2007,409,2188.0,2446.0
int__tai30_15_05,2007,410,2161.0,2488.0
int__tai30_15_05,2007,411,2140.0,2386.0
int__tai30_15_05,2007,412,2151.0,2453.0
int__tai30_15_05,2007,413,2186.0,2438.0
int__tai30_15_05,2007,414,2184.0,2416.0
int__tai30_15_05,2007,415,2039.0,2314.0
int__tai30_15_05,2007,416,2099.0,2375.0
int__tai30_15_05,2007,417,2134.0,2410.0
int__tai30_15_05,2007,418,2109.0,2406.0
int__tai30_15_05,2007,419,2176.0,2393.0
int__tai30_15_05,2007,420,2058.0,2338.0
int__tai30_15_05,2007,421,2100.0,2396.0
int__tai30_15_05,2007,422,2065.0,2315.0
int__tai30_15_05,2007,423,2149.0,2402.0
int__tai30_15_05,2007,424,2108.0,2395.0
int__tai30_15_05,2007,425,2137.0,2422.0
int__tai30_15_05,2007,426,2102.0,2376.0
int__tai30_15_05,2007,427,2076.0,2393.0
int__tai30_15_05,2007,428,2152.0,2446.0
int__tai30_15_05,2007,429,2195.0,2490.0
int__tai30_15_05,2007,430,2133.0,2424.0
int__tai30_15_05,2007,431,2073.0,2339.0
int__tai30_15_05,2007,432,2192.0,2472.0
int__tai30_15_05,2007,433,2066.0,2313.0
int__tai30_15_05,2007,434,2111.0,2356.0
int__tai30_15_05,2007,435,2083.0,2345.0
int__tai30_15_05,2007,436,2109.0,2407.0
int__tai30_15_05,2007,437,2100.0,2357.0
int__tai30_15_05,2007,438,2088.0,2378.0
int__tai30_15_05,2007,439,2085.0,2373.0
int__tai30_15_05,2007,440,2115.0,2401.0
int__tai30_15_05,2007,441,2152.0,2444.0
int__tai30_15_05,2007,442,2025.0,2310.0
int__tai30_15_05,2007,443,2129.0,2381.0
int__tai30_15_05,2007,444,2096.0,2380.0
int__tai30_15_05,2007,445,2116.0,2405.0
int__tai30_15_05,2007,446,2022.0,2329.0
int__tai30_15_05,2007,447,2042.0,2345.0
int__tai30_15_05,2007,448,2159.0,2417.0
int__tai30_15_05,2007,449,2186.0,2497.0
int__tai30_15_05,2007,450,2265.0,2545.0
int__tai30_15_05,2007,451,2093.0,2388.0
int__tai30_15_05,2007,452,2126.0,2492.0
int__tai30_15_05,2007,453,2088.0,2351.0
int__tai30_15_05,2007,454,2154.0,2410.0
int__tai30_15_05,2007,455,1992.0,2271.0
int__tai30_15_05,2007,456,2138.0,2407.0
int__tai30_15_05,2007,457,2260.0,2565.0
int__tai30_15_05,2007,458,2096.0,2362.0
int__tai30_15_05,2007,459,2077.0,2372.0
int__tai30_15_05,2007,460,2200.0,2453.0
int__tai30_15_05,2007,461,2171.0,2459.0
int__tai30_15_05,2007,462,2091.0,2397.0
int__tai30_15_05,2007,463,2064.0,2316.0
int__tai30_15_05,2007,464,2155.0,2453.0
int__tai30_15_05,2007,465,2149.0,2373.0
int__tai30_15_05,2007,466,2196.0,2461.0
int__tai30_15_05,2007,467,2094.0,2384.0
int__tai30_15_05,2007,468,2074.0,2344.0
int__tai30_15_05,2007,469,2185.0,2435.0
int__tai30_15_05,2007,470,2031.0,2302.0
int__tai30_15_05,2007,471,2121.0,2418.0
int__tai30_15_05,2007,472,2068.0,2345.0
int__tai30_15_05,2007,473,2161.0,2433.0
int__tai30_15_05,2007,474,2100.0,2370.0
int__tai30_15_05,2007,475,2054.0,2329.0
int__tai30_15_05,2007,476,2132.0,2462.0
int__tai30_15_05,2007,477,2083.0,2363.0
int__tai30_15_05,2007,478,2084.0,2378.0
int__tai30_15_05,2007,479,2171.0,2419.0
int__tai30_15_05,2007,480,2123.0,2389.0
int__tai30_15_05,2007,481,2131.0,2403.0
int__tai30_15_05,2007,482,2184.0,2447.0
int__tai30_15_05,2007,483,2200.0,2474.0
int__tai30_15_05,2007,484,2140.0,2445.0
int__tai30_15_05,2007,485,2183.0,2449.0
int__tai30_15_05,2007,486,2106.0,2378.0
int__tai30_15_05,2007,487,2076.0,2330.0
int__tai30_15_05,2007,488,2135.0,2478.0
int__tai30_15_05,2007,489,2203.0,2456.0
int__tai30_15_05,2007,490,2145.0,2388.0
int__tai30_15_05,2007,491,2102.0,2341.0
int__tai30_15_05,2007,492,2044.0,2317.0
int__tai30_15_05,2007,493,2095.0,2345.0
int__tai30_15_05,2007,494,2179.0,2438.0
int__tai30_15_05,2007,495,2060.0,2309.0
int__tai30_15_05,2007,496,2168.0,2498.0
int__tai30_15_05,2007,497,2109.0,2400.0
int__tai30_15_05,2007,498,2030.0,2321.0
int__tai30_15_05,2007,499,2161.0,2431.0
int__tai30_15_05,2007,500,2164.0,2462.0
int__tai30_15_05,2007,501,2252.0,2548.0
int__tai30_15_05,2007,502,2195.0,2464.0
int__tai30_15_05,2007,503,2214.0,2502.0
int__tai30_15_05,2007,504,2141.0,2419.0
int__tai30_15_05,2007,505,2219.0,2501.0
int__tai30_15_05,2007,506,2064.0,2325.0
int__tai30_15_05,2007,507,2132.0,2440.0
int__tai30_15_05,2007,508,2065.0,2344.0
int__tai30_15_05,2007,509,2091.0,2340.0
int__tai30_15_05,2007,510,2153.0,2382.0
int__tai30_15_05,2007,511,2135.0,2463.0
int__tai30_15_05,2007,512,2081.0,2367.0
int__tai30_15_05,2007,513,2080.0,2421.0
int__tai30_15_05,2007,514,2050.0,2351.0
int__tai30_15_05,2007,515,2119.0,2383.0
int__tai30_15_05,2007,516,2081.0,2370.0
int__tai30_15_05,2007,517,2163.0,2381.0
int__tai30_15_05,2007,518,2034.0,2346.0
int__tai30_15_05,2007,519,2027.0,2319.0
int__tai30_15_05,2007,520,2068.0,2339.0
int__tai30_15_05,2007,521,2106.0,2367.0
int__tai30_15_05,2007,522,2040.0,2340.0
int__tai30_15_05,2007,523,2173.0,2463.0
int__tai30_15_05,2007,524,2151.0,2451.0
int__tai30_15_05,2007,525,2069.0,2369.0
int__tai30_15_05,2007,526,2145.0,2416.0
int__tai30_15_05,2007,527,2126.0,2363.0
int__tai30_15_05,2007,528,2097.0,2381.0
int__tai30_15_05,2007,529,2067.0,2368.0
int__tai30_15_05,2007,530,2120.0,2400.0
int__tai30_15_05,2007,531,2086.0,2353.0
int__tai30_15_05,2007,532,2097.0,2390.0
int__tai30_15_05,2007,533,2092.0,2341.0
int__tai30_15_05,2007,534,2174.0,2456.0
int__tai30_15_05,2007,535,2132.0,2390.0
int__tai30_15_05,2007,536,2252.0,2557.0
int__tai30_15_05,2007,537,2168.0,2475.0
int__tai30_15_05,2007,538,2119.0,2405.0
int__tai30_15_05,2007,539,2051.0,2328.0
int__tai30_15_05,2007,540,2160.0,2411.0
int__tai30_15_05,2007,541,2180.0,2478.0
int__tai30_15_05,2007,542,2209.0,2491.0
int__tai30_15_05,2007,543,2082.0,2338.0
int__tai30_15_05,2007,544,2127.0,2422.0
int__tai30_15_05,2007,545,2187.0,2469.0
int__tai30_15_05,2007,546,2032.0,2308.0
int__tai30_15_05,2007,547,2063.0,2334.0
int__tai30_15_05,2007,548,2102.0,2408.0
int__tai30_15_05,2007,549,2203.0,2491.0
int__tai30_15_05,2007,550,2215.0,2543.0
int__tai30_15_05,2007,551,2116.0,2376.0
int__tai30_15_05,2007,552,2167.0,2457.0
int__tai30_15_05,2007,553,2139.0,2374.0
int__tai30_15_05,2007,554,2091.0,2403.0
int__tai30_15_05,2007,555,2067.0,2306.0
int__tai30_15_05,2007,556,2192.0,2470.0
int__tai30_15_05,2007,557,2141.0,2415.0
int__tai30_15_05,2007,558,2074.0,2332.0
int__tai30_15_05,2007,559,2259.0,2559.0
int__tai30_15_05,2007,560,2110.0,2394.0
int__tai30_15_05,2007,561,2087.0,2412.0
int__tai30_15_05,2007,562,2223.0,2486.0
int__tai30_15_05,2007,563,2141.0,2453.0
int__tai30_15_05,2007,564,2143.0,2410.0
int__tai30_15_05,2007,565,2107.0,2421.0
int__tai30_15_05,2007,566,2192.0,2440.0
int__tai30_15_05,2007,567,2260.0,2555.0
int__tai30_15_05,2007,568,2113.0,2392.0
int__tai30_15_05,2007,569,2111.0,2447.0
int__tai30_15_05,2007,570,2172.0,2492.0
int__tai30_15_05,2007,571,2087.0,2392.0
int__tai30_15_05,2007,572,2244.0,2536.0
int__tai30_15_05,2007,573,2099.0,2406.0
int__tai30_15_05,2007,574,2029.0,2313.0
int__tai30_15_05,2007,575,2123.0,2448.0
int__tai30_15_05,2007,576,2180.0,2502.0
int__tai30_15_05,2007,577,2089.0,2360.0
int__tai30_15_05,2007,578,2210.0,2487.0
int__tai30_15_05,2007,579,2026.0,2308.0
int__tai30_15_05,2007,580,2097.0,2449.0
int__tai30_15_05,2007,581,2203.0,2492.0
int__tai30_15_05,2007,582,2137.0,2407.0
int__tai30_15_05,2007,583,2162.0,2433.0
int__tai30_15_05,2007,584,2063.0,2297.0
int__tai30_15_05,2007,585,2232.0,2506.0
int__tai30_15_05,2007,586,2097.0,2378.0
int__tai30_15_05,2007,587,2055.0,2326.0
int__tai30_15_05,2007,588,2174.0,2440.0
int__tai30_15_05,2007,589,2127.0,2388.0
int__tai30_15_05,2007,590,2106.0,2381.0
int__tai30_15_05,2007,591,2126.0,2407.0
int__tai30_15_05,2007,592,2082.0,2377.0
int__tai30_15_05,2007,593,2158.0,2440.0
int__tai30_15_05,2007,594,2175.0,2465.0
int__tai30_15_05,2007,595,2194.0,2435.0
int__tai30_15_05,2007,596,2142.0,2416.0
int__tai30_15_05,2007,597,2229.0,2560.0
int__tai30_15_05,2007,598,2191.0,2491.0
int__tai30_15_05,2007,599,2090.0,2351.0
int__tai30_15_05,2007,600,2172.0,2420.0
int__tai30_15_05,2007,601,2217.0,2551.0
int__tai30_15_05,2007,602,2156.0,2441.0
int__tai30_15_05,2007,603,2082.0,2428.0
int__tai30_15_05,2007,604,2291.0,2568.0
int__tai30_15_05,2007,605,2197.0,2472.0
int__tai30_15_05,2007,606,2048.0,2308.0
int__tai30_15_05,2007,607,2139.0,2410.0
int__tai30_15_05,2007,608,2196.0,2454.0
int__tai30_15_05,2007,609,2232.0,2534.0
int__tai30_15_05,2007,610,2093.0,2349.0
int__tai30_15_05,2007,611,2105.0,2412.0
int__tai30_15_05,2007,612,2103.0,2389.0
int__tai30_15_05,2007,613,2064.0,2356.0
int__tai30_15_05,2007,614,2081.0,2328.0
int__tai30_15_05,2007,615,2057.0,2337.0
int__tai30_15_05,2007,616,2059.0,2291.0
int__tai30_15_05,2007,617,2124.0,2393.0
int__tai30_15_05,2007,618,2123.0,2373.0
int__tai30_15_05,2007,619,2119.0,2407.0
int__tai30_15_05,2007,620,2149.0,2442.0
int__tai30_15_05,2007,621,2074.0,2341.0
int__tai30_15_05,2007,622,2033.0,2288.0
int__tai30_15_05,2007,623,2130.0,2366.0
int__tai30_15_05,2007,624,2190.0,2449.0
int__tai30_15_05,2007,625,2188.0,2471.0
int__tai30_15_05,2007,626,2069.0,2342.0
int__tai30_15_05,2007,627,2061.0,2357.0
int__tai30_15_05,2007,628,2167.0,2428.0
int__tai30_15_05,2007,629,2163.0,2474.0
int__tai30_15_05,2007,630,2142.0,2428.0
int__tai30_15_05,2007,631,2075.0,2322.0
int__tai30_15_05,2007,632,2092.0,2350.0
int__tai30_15_05,2007,633,2105.0,2403.0
int__tai30_15_05,2007,634,2145.0,2408.0
int__tai30_15_05,2007,635,2081.0,2354.0
int__tai30_15_05,2007,636,2108.0,2375.0
int__tai30_15_05,2007,637,2112.0,2424.0
int__tai30_15_05,2007,638,2069.0,2366.0
int__tai30_15_05,2007,639,2162.0,2441.0
int__tai30_15_05,2007,640,2230.0,2543.0
int__tai30_15_05,2007,641,2247.0,2517.0
int__tai30_15_05,2007,642,2122.0,2433.0
int__tai30_15_05,2007,643,2148.0,2416.0
int__tai30_15_05,2007,644,2107.0,2377.0
int__tai30_15_05,2007,645,2185.0,2411.0
int__tai30_15_05,2007,646,2135.0,2490.0
int__tai30_15_05,2007,647,2149.0,2375.0
int__tai30_15_05,2007,648,2097.0,2377.0
int__tai30_15_05,2007,649,2163.0,2393.0
int__tai30_15_05,2007,650,2202.0,2516.0
int__tai30_15_05,2007,651,2166.0,2446.0
int__tai30_15_05,2007,652,2097.0,2379.0
int__tai30_15_05,2007,653,2114.0,2389.0
int__tai30_15_05,2007,654,2069.0,2343.0
int__tai30_15_05,2007,655,2145.0,2421.0
int__tai30_15_05,2007,656,2184.0,2475.0
int__tai30_15_05,2007,657,2081.0,2372.0
int__tai30_15_05,2007,658,2185.0,2481.0
int__tai30_15_05,2007,659,2122.0,2389.0
int__tai30_15_05,2007,660,2121.0,2431.0
int__tai30_15_05,2007,661,2081.0,2378.0
int__tai30_15_05,2007,662,2032.0,2295.0
int__tai30_15_05,2007,663,2220.0,2516.0
int__tai30_15_05,2007,664,2278.0,2581.0
int__tai30_15_05,2007,665,2129.0,2381.0
int__tai30_15_05,2007,666,2134.0,2417.0
int__tai30_15_05,2007,667,2132.0,2429.0
int__tai30_15_05,2007,668,2141.0,2429.0
int__tai30_15_05,2007,669,2187.0,2466.0
int__tai30_15_05,2007,670,2115.0,2326.0
int__tai30_15_05,2007,671,2077.0,2368.0
int__tai30_15_05,2007,672,2151.0,2446.0
int__tai30_15_05,2007,673,2133.0,2424.0
int__tai30_15_05,2007,674,2130.0,2421.0
int__tai30_15_05,2007,675,2081.0,2360.0
int__tai30_15_05,2007,676,2152.0,2437.0
int__tai30_15_05,2007,677,2104.0,2406.0
int__tai30_15_05,2007,678,2134.0,2430.0
int__tai30_15_05,2007,679,2208.0,2508.0
int__tai30_15_05,2007,680,2065.0,2336.0
int__tai30_15_05,2007,681,2119.0,2343.0
int__tai30_15_05,2007,682,2110.0,2409.0
int__tai30_15_05,2007,683,2094.0,2418.0
int__tai30_15_05,2007,684,2101.0,2377.0
int__tai30_15_05,2007,685,2139.0,2383.0
int__tai30_15_05,2007,686,2084.0,2369.0
int__tai30_15_05,2007,687,2102.0,2376.0
int__tai30_15_05,2007,688,2165.0,2465.0
int__tai30_15_05,2007,689,2196.0,2437.0
int__tai30_15_05,2007,690,2106.0,2366.0
int__tai30_15_05,2007,691,2153.0,2399.0
int__tai30_15_05,2007,692,2105.0,2463.0
int__tai30_15_05,2007,693,2144.0,2408.0
int__tai30_15_05,2007,694,2134.0,2412.0
int__tai30_15_05,2007,695,2129.0,2440.0
int__tai30_15_05,2007,696,2113.0,2384.0
int__tai30_15_05,2007,697,2069.0,2350.0
int__tai30_15_05,2007,698,2155.0,2430.0
int__tai30_15_05,2007,699,2133.0,2403.0
int__tai30_15_05,2007,700,2131.0,2422.0
int__tai30_15_05,2007,701,2160.0,2489.0
int__tai30_15_05,2007,702,2184.0,2454.0
int__tai30_15_05,2007,703,2118.0,2347.0
int__tai30_15_05,2007,704,2127.0,2431.0
int__tai30_15_05,2007,705,2069.0,2326.0
int__tai30_15_05,2007,706,2174.0,2478.0
int__tai30_15_05,2007,707,2079.0,2323.0
int__tai30_15_05,2007,708,2005.0,2289.0
int__tai30_15_05,2007,709,2135.0,2446.0
int__tai30_15_05,2007,710,2294.0,2593.0
int__tai30_15_05,2007,711,2153.0,2419.0
int__tai30_15_05,2007,712,2223.0,2527.0
int__tai30_15_05,2007,713,2113.0,2402.0
int__tai30_15_05,2007,714,2121.0,2378.0
int__tai30_15_05,2007,715,2197.0,2466.0
int__tai30_15_05,2007,716,2020.0,2340.0
int__tai30_15_05,2007,717,2222.0,2484.0
int__tai30_15_05,2007,718,2127.0,2409.0
int__tai30_15_05,2007,719,2161.0,2430.0
int__tai30_15_05,2007,720,2109.0,2390.0
int__tai30_15_05,2007,721,2105.0,2378.0
int__tai30_15_05,2007,722,2131.0,2434.0
int__tai30_15_05,2007,723,2386.0,2754.0
int__tai30_15_05,2007,724,2144.0,2434.0
int__tai30_15_05,2007,725,2276.0,2530.0
int__tai30_15_05,2007,726,2179.0,2433.0
int__tai30_15_05,2007,727,2184.0,2460.0
int__tai30_15_05,2007,728,2122.0,2395.0
int__tai30_15_05,2007,729,2116.0,2365.0
int__tai30_15_05,2007,730,2219.0,2493.0
int__tai30_15_05,2007,731,2025.0,2313.0
int__tai30_15_05,2007,732,2062.0,2354.0
int__tai30_15_05,2007,733,2104.0,2412.0
int__tai30_15_05,2007,734,2079.0,2370.0
int__tai30_15_05,2007,735,2054.0,2334.0
int__tai30_15_05,2007,736,2090.0,2348.0
int__tai30_15_05,2007,737,2072.0,2368.0
int__tai30_15_05,2007,738,2141.0,2426.0
int__tai30_15_05,2007,739,2091.0,2400.0
int__tai30_15_05,2007,740,2212.0,2500.0
int__tai30_15_05,2007,741,2144.0,2462.0
int__tai30_15_05,2007,742,2189.0,2469.0
int__tai30_15_05,2007,743,2399.0,2707.0
int__tai30_15_05,2007,744,2112.0,2420.0
int__tai30_15_05,2007,745,2068.0,2345.0
int__tai30_15_05,2007,746,2182.0,2487.0
int__tai30_15_05,2007,747,2153.0,2409.0
int__tai30_15_05,2007,748,2040.0,2327.0
int__tai30_15_05,2007,749,2147.0,2404.0
int__tai30_15_05,2007,750,2147.0,2422.0
int__tai30_15_05,2007,751,2097.0,2362.0
int__tai30_15_05,2007,752,2062.0,2359.0
int__tai30_15_05,2007,753,2198.0,2539.0
int__tai30_15_05,2007,754,2156.0,2436.0
int__tai30_15_05,2007,755,2231.0,2498.0
int__tai30_15_05,2007,756,2122.0,2426.0
int__tai30_15_05,2007,757,2206.0,2470.0
int__tai30_15_05,2007,758,2246.0,2548.0
int__tai30_15_05,2007,759,2068.0,2381.0
int__tai30_15_05,2007,760,2211.0,2518.0
int__tai30_15_05,2007,761,2013.0,2269.0
int__tai30_15_05,2007,762,2112.0,2375.0
int__tai30_15_05,2007,763,2095.0,2366.0
int__tai30_15_05,2007,764,2048.0,2326.0
int__tai30_15_05,2007,765,2123.0,2463.0
int__tai30_15_05,2007,766,2163.0,2427.0
int__tai30_15_05,2007,767,2166.0,2436.0
int__tai30_15_05,2007,768,2227.0,2495.0
int__tai30_15_05,2007,769,2168.0,2481.0
int__tai30_15_05,2007,770,2031.0,2310.0
int__tai30_15_05,2007,771,2131.0,2444.0
int__tai30_15_05,2007,772,2120.0,2374.0
int__tai30_15_05,2007,773,2188.0,2442.0
int__tai30_15_05,2007,774,2124.0,2355.0
int__tai30_15_05,2007,775,2128.0,2393.0
int__tai30_15_05,2007,776,2119.0,2403.0
int__tai30_15_05,2007,777,2215.0,2484.0
int__tai30_15_05,2007,778,2061.0,2315.0
int__tai30_15_05,2007,779,2087.0,2418.0
int__tai30_15_05,2007,780,2191.0,2438.0
int__tai30_15_05,2007,781,2072.0,2322.0
int__tai30_15_05,2007,782,2141.0,2420.0
int__tai30_15_05,2007,783,2084.0,2357.0
int__tai30_15_05,2007,784,2187.0,2435.0
int__tai30_15_05,2007,785,2169.0,2469.0
int__tai30_15_05,2007,786,2101.0,2344.0
int__tai30_15_05,2007,787,2176.0,2463.0
int__tai30_15_05,2007,788,2237.0,2512.0
int__tai30_15_05,2007,789,2093.0,2357.0
int__tai30_15_05,2007,790,2098.0,2405.0
int__tai30_15_05,2007,791,2127.0,2415.0
int__tai30_15_05,2007,792,2166.0,2437.0
int__tai30_15_05,2007,793,2001.0,2270.0
int__tai30_15_05,2007,794,2217.0,2471.0
int__tai30_15_05,2007,795,2158.0,2437.0
int__tai30_15_05,2007,796,2116.0,2376.0
int__tai30_15_05,2007,797,2094.0,2341.0
int__tai30_15_05,2007,798,2150.0,2422.0
int__tai30_15_05,2007,799,2071.0,2361.0
int__tai30_15_05,2007,800,2116.0,2409.0
int__tai30_15_05,2007,801,2133.0,2426.0
int__tai30_15_05,2007,802,2120.0,2392.0
int__tai30_15_05,2007,803,2140.0,2420.0
int__tai30_15_05,2007,804,2102.0,2329.0
int__tai30_15_05,2007,805,2112.0,2373.0
int__tai30_15_05,2007,806,2126.0,2408.0
int__tai30_15_05,2007,807,2237.0,2532.0
int__tai30_15_05,2007,808,2109.0,2417.0
int__tai30_15_05,2007,809,2192.0,2497.0
int__tai30_15_05,2007,810,2139.0,2425.0
int__tai30_15_05,2007,811,2058.0,2369.0
int__tai30_15_05,2007,812,2137.0,2416.0
int__tai30_15_05,2007,813,2076.0,2384.0
int__tai30_15_05,2007,814,2059.0,2353.0
int__tai30_15_05,2007,815,2159.0,2458.0
int__tai30_15_05,2007,816,2119.0,2419.0
int__tai30_15_05,2007,817,2062.0,2351.0
int__tai30_15_05,2007,818,2109.0,2384.0
int__tai30_15_05,2007,819,2073.0,2352.0
int__tai30_15_05,2007,820,2187.0,2493.0
int__tai30_15_05,2007,821,2004.0,2270.0
int__tai30_15_05,2007,822,2165.0,2424.0
int__tai30_15_05,2007,823,2134.0,2417.0
int__tai30_15_05,2007,824,2066.0,2299.0
int__tai30_15_05,2007,825,2142.0,2491.0
int__tai30_15_05,2007,826,2181.0,2500.0
int__tai30_15_05,2007,827,2173.0,2452.0
int__tai30_15_05,2007,828,2277.0,2557.0
int__tai30_15_05,2007,829,2064.0,2323.0
int__tai30_15_05,2007,830,2076.0,2381.0
int__tai30_15_05,2007,831,2100.0,2383.0
int__tai30_15_05,2007,832,2082.0,2337.0
int__tai30_15_05,2007,833,2084.0,2404.0
int__tai30_15_05,2007,834,2109.0,2433.0
int__tai30_15_05,2007,835,2199.0,2507.0
int__tai30_15_05,2007,836,2175.0,2484.0
int__tai30_15_05,2007,837,2139.0,2376.0
int__tai30_15_05,2007,838,2153.0,2411.0
int__tai30_15_05,2007,839,2250.0,2538.0
int__tai30_15_05,2007,840,2225.0,2524.0
int__tai30_15_05,2007,841,2093.0,2376.0
int__tai30_15_05,2007,842,2113.0,2380.0
int__tai30_15_05,2007,843,2169.0,2416.0
int__tai30_15_05,2007,844,2183.0,2499.0
int__tai30_15_05,2007,845,2261.0,2595.0
int__tai30_15_05,2007,846,2068.0,2370.0
int__tai30_15_05,2007,847,2149.0,2409.0
int__tai30_15_05,2007,848,2086.0,2383.0
int__tai30_15_05,2007,849,2015.0,2334.0
int__tai30_15_05,2007,850,2161.0,2439.0
int__tai30_15_05,2007,851,2229.0,2501.0
int__tai30_15_05,2007,852,2055.0,2311.0
int__tai30_15_05,2007,853,2129.0,2393.0
int__tai30_15_05,2007,854,2088.0,2384.0
int__tai30_15_05,2007,855,2111.0,2386.0
int__tai30_15_05,2007,856,2150.0,2467.0
int__tai30_15_05,2007,857,2209.0,2526.0
int__tai30_15_05,2007,858,2083.0,2354.0
int__tai30_15_05,2007,859,2081.0,2408.0
int__tai30_15_05,2007,860,2111.0,2397.0
int__tai30_15_05,2007,861,2103.0,2363.0
int__tai30_15_05,2007,862,2029.0,2294.0
int__tai30_15_05,2007,863,2061.0,2321.0
int__tai30_15_05,2007,864,2081.0,2430.0
int__tai30_15_05,2007,865,2082.0,2380.0
int__tai30_15_05,2007,866,2141.0,2396.0
int__tai30_15_05,2007,867,2094.0,2404.0
int__tai30_15_05,2007,868,2153.0,2425.0
int__tai30_15_05,2007,869,2153.0,2419.0
int__tai30_15_05,2007,870,2178.0,2418.0
int__tai30_15_05,2007,871,2090.0,2369.0
int__tai30_15_05,2007,872,2088.0,2383.0
int__tai30_15_05,2007,873,2101.0,2375.0
int__tai30_15_05,2007,874,2113.0,2391.0
int__tai30_15_05,2007,875,2133.0,2412.0
int__tai30_15_05,2007,876,2148.0,2404.0
int__tai30_15_05,2007,877,2144.0,2416.0
int__tai30_15_05,2007,878,2043.0,2360.0
int__tai30_15_05,2007,879,2175.0,2497.0
int__tai30_15_05,2007,880,2113.0,2344.0
int__tai30_15_05,2007,881,2144.0,2412.0
int__tai30_15_05,2007,882,2174.0,2432.0
int__tai30_15_05,2007,883,2043.0,2312.0
int__tai30_15_05,2007,884,2215.0,2550.0
int__tai30_15_05,2007,885,2156.0,2444.0
int__tai30_15_05,2007,886,2110.0,2411.0
int__tai30_15_05,2007,887,2069.0,2306.0
int__tai30_15_05,2007,888,2200.0,2505.0
int__tai30_15_05,2007,889,2107.0,2372.0
int__tai30_15_05,2007,890,2288.0,2562.0
int__tai30_15_05,2007,891,2164.0,2478.0
int__tai30_15_05,2007,892,2087.0,2371.0
int__tai30_15_05,2007,893,2084.0,2374.0
int__tai30_15_05,2007,894,2114.0,2352.0
int__tai30_15_05,2007,895,2065.0,2351.0
int__tai30_15_05,2007,896,2184.0,2421.0
int__tai30_15_05,2007,897,2097.0,2364.0
int__tai30_15_05,2007,898,2114.0,2417.0
int__tai30_15_05,2007,899,2172.0,2443.0
int__tai30_15_05,2007,900,2139.0,2464.0
int__tai30_15_05,2007,901,2162.0,2430.0
int__tai30_15_05,2007,902,2090.0,2367.0
int__tai30_15_05,2007,903,2110.0,2329.0
int__tai30_15_05,2007,904,2041.0,2311.0
int__tai30_15_05,2007,905,2156.0,2390.0
int__tai30_15_05,2007,906,2148.0,2425.0
int__tai30_15_05,2007,907,2067.0,2350.0
int__tai30_15_05,2007,908,2071.0,2337.0
int__tai30_15_05,2007,909,2140.0,2374.0
int__tai30_15_05,2007,910,2081.0,2361.0
int__tai30_15_05,2007,911,2107.0,2401.0
int__tai30_15_05,2007,912,2182.0,2436.0
int__tai30_15_05,2007,913,2180.0,2475.0
int__tai30_15_05,2007,914,2143.0,2428.0
int__tai30_15_05,2007,915,2093.0,2410.0
int__tai30_15_05,2007,916,2150.0,2410.0
int__tai30_15_05,2007,917,2122.0,2396.0
int__tai30_15_05,2007,918,2108.0,2381.0
int__tai30_15_05,2007,919,2118.0,2407.0
int__tai30_15_05,2007,920,2131.0,2452.0
int__tai30_15_05,2007,921,2296.0,2591.0
int__tai30_15_05,2007,922,2172.0,2531.0
int__tai30_15_05,2007,923,2050.0,2306.0
int__tai30_15_05,2007,924,2186.0,2449.0
int__tai30_15_05,2007,925,2162.0,2395.0
int__tai30_15_05,2007,926,2113.0,2439.0
int__tai30_15_05,2007,927,2084.0,2361.0
int__tai30_15_05,2007,928,2155.0,2389.0
int__tai30_15_05,2007,929,2195.0,2431.0
int__tai30_15_05,2007,930,2116.0,2349.0
int__tai30_15_05,2007,931,2165.0,2437.0
int__tai30_15_05,2007,932,2153.0,2441.0
int__tai30_15_05,2007,933,2139.0,2462.0
int__tai30_15_05,2007,934,2188.0,2433.0
int__tai30_15_05,2007,935,2177.0,2460.0
int__tai30_15_05,2007,936,2168.0,2450.0
int__tai30_15_05,2007,937,2258.0,2510.0
int__tai30_15_05,2007,938,2206.0,2513.0
int__tai30_15_05,2007,939,2112.0,2411.0
int__tai30_15_05,2007,940,2068.0,2367.0
int__tai30_15_05,2007,941,2111.0,2365.0
int__tai30_15_05,2007,942,2062.0,2357.0
int__tai30_15_05,2007,943,2048.0,2351.0
int__tai30_15_05,2007,944,2063.0,2333.0
int__tai30_15_05,2007,945,2183.0,2457.0
int__tai30_15_05,2007,946,2084.0,2327.0
int__tai30_15_05,2007,947,2082.0,2339.0
int__tai30_15_05,2007,948,2063.0,2383.0
int__tai30_15_05,2007,949,2164.0,2427.0
int__tai30_15_05,2007,950,2090.0,2366.0
int__tai30_15_05,2007,951,2203.0,2504.0
int__tai30_15_05,2007,952,2060.0,2336.0
int__tai30_15_05,2007,953,2240.0,2547.0
int__tai30_15_05,2007,954,2174.0,2424.0
int__tai30_15_05,2007,955,2176.0,2450.0
int__tai30_15_05,2007,956,2150.0,2395.0
int__tai30_15_05,2007,957,2284.0,2632.0
int__tai30_15_05,2007,958,2086.0,2354.0
int__tai30_15_05,2007,959,2114.0,2419.0
int__tai30_15_05,2007,960,2140.0,2454.0
int__tai30_15_05,2007,961,2098.0,2386.0
int__tai30_15_05,2007,962,2194.0,2489.0
int__tai30_15_05,2007,963,2093.0,2405.0
int__tai30_15_05,2007,964,2062.0,2384.0
int__tai30_15_05,2007,965,2115.0,2415.0
int__tai30_15_05,2007,966,2365.0,2681.0
int__tai30_15_05,2007,967,2054.0,2358.0
int__tai30_15_05,2007,968,2080.0,2325.0
int__tai30_15_05,2007,969,2003.0,2297.0
int__tai30_15_05,2007,970,2081.0,2351.0
int__tai30_15_05,2007,971,2131.0,2401.0
int__tai30_15_05,2007,972,2063.0,2326.0
int__tai30_15_05,2007,973,2094.0,2336.0
int__tai30_15_05,2007,974,2157.0,2367.0
int__tai30_15_05,2007,975,2212.0,2470.0
int__tai30_15_05,2007,976,2100.0,2373.0
int__tai30_15_05,2007,977,2195.0,2506.0
int__tai30_15_05,2007,978,2074.0,2338.0
int__tai30_15_05,2007,979,2083.0,2330.0
int__tai30_15_05,2007,980,2121.0,2443.0
int__tai30_15_05,2007,981,2191.0,2477.0
int__tai30_15_05,2007,982,2141.0,2407.0
int__tai30_15_05,2007,983,2102.0,2428.0
int__tai30_15_05,2007,984,2129.0,2393.0
int__tai30_15_05,2007,985,2077.0,2319.0
int__tai30_15_05,2007,986,2158.0,2454.0
int__tai30_15_05,2007,987,2090.0,2365.0
int__tai30_15_05,2007,988,2075.0,2338.0
int__tai30_15_05,2007,989,2307.0,2568.0
int__tai30_15_05,2007,990,2306.0,2601.0
int__tai30_15_05,2007,991,2124.0,2426.0
int__tai30_15_05,2007,992,2046.0,2295.0
int__tai30_15_05,2007,993,2108.0,2425.0
int__tai30_15_05,2007,994,2134.0,2439.0
int__tai30_15_05,2007,995,2094.0,2357.0
int__tai30_15_05,2007,996,2131.0,2450.0
int__tai30_15_05,2007,997,2190.0,2466.0
int__tai30_15_05,2007,998,2028.0,2280.0
int__tai30_15_05,2007,999,2150.0,2392.0
int__tai30_15_05,2007,1000,2104.0,2399.0
int__tai30_15_05,2007,1001,2054.0,2369.0
int__tai30_15_05,2007,1002,2143.0,2415.0
int__tai30_15_05,2007,1003,2163.0,2433.0
int__tai30_15_05,2007,1004,2134.0,2407.0
int__tai30_15_05,2007,1005,2047.0,2322.0
int__tai30_15_05,2007,1006,2164.0,2494.0
int__tai30_15_05,2007,1007,2144.0,2434.0
int__tai30_15_05,2007,1008,2133.0,2401.0
int__tai30_15_05,2007,1009,2160.0,2419.0
int__tai30_15_05,2007,1010,2070.0,2334.0
int__tai30_15_05,2007,1011,2136.0,2422.0
int__tai30_15_05,2007,1012,2124.0,2416.0
int__tai30_15_05,2007,1013,2128.0,2422.0
int__tai30_15_05,2007,1014,2101.0,2355.0
int__tai30_15_05,2007,1015,2234.0,2524.0
int__tai30_15_05,2007,1016,2231.0,2537.0
int__tai30_15_05,2007,1017,2116.0,2395.0
int__tai30_15_05,2007,1018,2158.0,2436.0
int__tai30_15_05,2007,1019,2120.0,2380.0
int__tai30_15_05,2007,1020,2119.0,2401.0
int__tai30_15_05,2007,1021,2181.0,2482.0
int__tai30_15_05,2007,1022,2120.0,2409.0
int__tai30_15_05,2007,1023,2021.0,2354.0
int__tai30_20_01,1906,0,2388.0,2697.0
int__tai30_20_01,1906,1,2453.0,2711.0
int__tai30_20_01,1906,2,2413.0,2700.0
int__tai30_20_01,1906,3,2462.0,2754.0
int__tai30_20_01,1906,4,2506.0,2812.0
int__tai30_20_01,1906,5,2450.0,2790.0
int__tai30_20_01,1906,6,2574.0,2884.0
int__tai30_20_01,1906,7,2357.0,2669.0
int__tai30_20_01,1906,8,2401.0,2715.0
int__tai30_20_01,1906,9,2305.0,2584.0
int__tai30_20_01,1906,10,2462.0,2758.0
int__tai30_20_01,1906,11,2538.0,2825.0
int__tai30_20_01,1906,12,2615.0,2949.0
int__tai30_20_01,1906,13,2406.0,2698.0
int__tai30_20_01,1906,14,2412.0,2698.0
int__tai30_20_01,1906,15,2454.0,2765.0
int__tai30_20_01,1906,16,2452.0,2714.0
int__tai30_20_01,1906,17,2482.0,2763.0
int__tai30_20_01,1906,18,2566.0,2879.0
int__tai30_20_01,1906,19,2520.0,2800.0
int__tai30_20_01,1906,20,2526.0,2846.0
int__tai30_20_01,1906,21,2438.0,2746.0
int__tai30_20_01,1906,22,2383.0,2738.0
int__tai30_20_01,1906,23,2378.0,2678.0
int__tai30_20_01,1906,24,2386.0,2653.0
int__tai30_20_01,1906,25,2499.0,2812.0
int__tai30_20_01,1906,26,2358.0,2705.0
int__tai30_20_01,1906,27,2370.0,2709.0
int__tai30_20_01,1906,28,2426.0,2747.0
int__tai30_20_01,1906,29,2408.0,2736.0
int__tai30_20_01,1906,30,2391.0,2685.0
int__tai30_20_01,1906,31,2547.0,2852.0
int__tai30_20_01,1906,32,2392.0,2683.0
int__tai30_20_01,1906,33,2485.0,2756.0
int__tai30_20_01,1906,34,2373.0,2675.0
int__tai30_20_01,1906,35,2338.0,2636.0
int__tai30_20_01,1906,36,2352.0,2644.0
int__tai30_20_01,1906,37,2390.0,2665.0
int__tai30_20_01,1906,38,2367.0,2664.0
int__tai30_20_01,1906,39,2402.0,2686.0
int__tai30_20_01,1906,40,2398.0,2681.0
int__tai30_20_01,1906,41,2452.0,2753.0
int__tai30_20_01,1906,42,2453.0,2743.0
int__tai30_20_01,1906,43,2443.0,2746.0
int__tai30_20_01,1906,44,2543.0,2864.0
int__tai30_20_01,1906,45,2471.0,2803.0
int__tai30_20_01,1906,46,2367.0,2691.0
int__tai30_20_01,1906,47,2447.0,2815.0
int__tai30_20_01,1906,48,2469.0,2803.0
int__tai30_20_01,1906,49,2442.0,2738.0
int__tai30_20_01,1906,50,2511.0,2787.0
int__tai30_20_01,1906,51,2439.0,2751.0
int__tai30_20_01,1906,52,2479.0,2772.0
int__tai30_20_01,1906,53,2430.0,2737.0
int__tai30_20_01,1906,54,2422.0,2724.0
int__tai30_20_01,1906,55,2402.0,2710.0
int__tai30_20_01,1906,56,2427.0,2747.0
int__tai30_20_01,1906,57,2439.0,2793.0
int__tai30_20_01,1906,58,2523.0,2838.0
int__tai30_20_01,1906,59,2367.0,2629.0
int__tai30_20_01,1906,60,2428.0,2762.0
int__tai30_20_01,1906,61,2505.0,2868.0
int__tai30_20_01,1906,62,2440.0,2707.0
int__tai30_20_01,1906,63,2490.0,2798.0
int__tai30_20_01,1906,64,2396.0,2690.0
int__tai30_20_01,1906,65,2494.0,2825.0
int__tai30_20_01,1906,66,2563.0,2842.0
int__tai30_20_01,1906,67,2439.0,2755.0
int__tai30_20_01,1906,68,2373.0,2637.0
int__tai30_20_01,1906,69,2318.0,2623.0
int__tai30_20_01,1906,70,2298.0,2592.0
int__tai30_20_01,1906,71,2554.0,2831.0
int__tai30_20_01,1906,72,2543.0,2825.0
int__tai30_20_01,1906,73,2421.0,2741.0
int__tai30_20_01,1906,74,2357.0,2661.0
int__tai30_20_01,1906,75,2474.0,2746.0
int__tai30_20_01,1906,76,2415.0,2715.0
int__tai30_20_01,1906,77,2481.0,2768.0
int__tai30_20_01,1906,78,2338.0,2662.0
int__tai30_20_01,1906,79,2384.0,2699.0
int__tai30_20_01,1906,80,2398.0,2706.0
int__tai30_20_01,1906,81,2396.0,2710.0
int__tai30_20_01,1906,82,2520.0,2821.0
int__tai30_20_01,1906,83,2507.0,2813.0
int__tai30_20_01,1906,84,2378.0,2680.0
int__tai30_20_01,1906,85,2385.0,2718.0
int__tai30_20_01,1906,86,2454.0,2746.0
int__tai30_20_01,1906,87,2388.0,2692.0
int__tai30_20_01,1906,88,2470.0,2782.0
int__tai30_20_01,1906,89,2297.0,2621.0
int__tai30_20_01,1906,90,2473.0,2751.0
int__tai30_20_01,1906,91,2431.0,2734.0
int__tai30_20_01,1906,92,2388.0,2656.0
int__tai30_20_01,1906,93,2354.0,2616.0
int__tai30_20_01,1906,94,2388.0,2665.0
int__tai30_20_01,1906,95,2338.0,2626.0
int__tai30_20_01,1906,96,2398.0,2697.0
int__tai30_20_01,1906,97,2521.0,2840.0
int__tai30_20_01,1906,98,2436.0,2756.0
int__tai30_20_01,1906,99,2388.0,2687.0
int__tai30_20_01,1906,100,2458.0,2773.0
int__tai30_20_01,1906,101,2421.0,2722.0
int__tai30_20_01,1906,102,2528.0,2850.0
int__tai30_20_01,1906,103,2497.0,2795.0
int__tai30_20_01,1906,104,2492.0,2823.0
int__tai30_20_01,1906,105,2442.0,2745.0
int__tai30_20_01,1906,106,2663.0,2985.0
int__tai30_20_01,1906,107,2359.0,2655.0
int__tai30_20_01,1906,108,2412.0,2745.0
int__tai30_20_01,1906,109,2411.0,2700.0
int__tai30_20_01,1906,110,2513.0,2842.0
int__tai30_20_01,1906,111,2364.0,2694.0
int__tai30_20_01,1906,112,2371.0,2669.0
int__tai30_20_01,1906,113,2540.0,2846.0
int__tai30_20_01,1906,114,2556.0,2877.0
int__tai30_20_01,1906,115,2462.0,2726.0
int__tai30_20_01,1906,116,2416.0,2710.0
int__tai30_20_01,1906,117,2464.0,2778.0
int__tai30_20_01,1906,118,2551.0,2897.0
int__tai30_20_01,1906,119,2421.0,2725.0
int__tai30_20_01,1906,120,2413.0,2723.0
int__tai30_20_01,1906,121,2463.0,2757.0
int__tai30_20_01,1906,122,2561.0,2856.0
int__tai30_20_01,1906,123,2263.0,2556.0
int__tai30_20_01,1906,124,2549.0,2862.0
int__tai30_20_01,1906,125,2416.0,2700.0
int__tai30_20_01,1906,126,2414.0,2730.0
int__tai30_20_01,1906,127,2441.0,2724.0
int__tai30_20_01,1906,128,2527.0,2855.0
int__tai30_20_01,1906,129,2555.0,2852.0
int__tai30_20_01,1906,130,2389.0,2692.0
int__tai30_20_01,1906,131,2582.0,2957.0
int__tai30_20_01,1906,132,2583.0,2870.0
int__tai30_20_01,1906,133,2489.0,2804.0
int__tai30_20_01,1906,134,2421.0,2741.0
int__tai30_20_01,1906,135,2335.0,2617.0
int__tai30_20_01,1906,136,2432.0,2716.0
int__tai30_20_01,1906,137,2351.0,2654.0
int__tai30_20_01,1906,138,2401.0,2706.0
int__tai30_20_01,1906,139,2307.0,2600.0
int__tai30_20_01,1906,140,2402.0,2723.0
int__tai30_20_01,1906,141,2363.0,2667.0
int__tai30_20_01,1906,142,2537.0,2831.0
int__tai30_20_01,1906,143,2362.0,2672.0
int__tai30_20_01,1906,144,2439.0,2752.0
int__tai30_20_01,1906,145,2376.0,2657.0
int__tai30_20_01,1906,146,2535.0,2852.0
int__tai30_20_01,1906,147,2332.0,2622.0
int__tai30_20_01,1906,148,2402.0,2725.0
int__tai30_20_01,1906,149,2455.0,2751.0
int__tai30_20_01,1906,150,2468.0,2778.0
int__tai30_20_01,1906,151,2418.0,2722.0
int__tai30_20_01,1906,152,2410.0,2711.0
int__tai30_20_01,1906,153,2469.0,2759.0
int__tai30_20_01,1906,154,2340.0,2616.0
int__tai30_20_01,1906,155,2371.0,2667.0
int__tai30_20_01,1906,156,2422.0,2745.0
int__tai30_20_01,1906,157,2426.0,2728.0
int__tai30_20_01,1906,158,2415.0,2713.0
int__tai30_20_01,1906,159,2439.0,2733.0
int__tai30_20_01,1906,160,2521.0,2830.0
int__tai30_20_01,1906,161,2369.0,2672.0
int__tai30_20_01,1906,162,2365.0,2662.0
int__tai30_20_01,1906,163,2497.0,2776.0
int__tai30_20_01,1906,164,2369.0,2655.0
int__tai30_20_01,1906,165,2486.0,2813.0
int__tai30_20_01,1906,166,2332.0,2635.0
int__tai30_20_01,1906,167,2660.0,2972.0
int__tai30_20_01,1906,168,2434.0,2736.0
int__tai30_20_01,1906,169,2438.0,2737.0
int__tai30_20_01,1906,170,2410.0,2710.0
int__tai30_20_01,1906,171,2355.0,2634.0
int__tai30_20_01,1906,172,2532.0,2866.0
int__tai30_20_01,1906,173,2323.0,2624.0
int__tai30_20_01,1906,174,2552.0,2846.0
int__tai30_20_01,1906,175,2333.0,2643.0
int__tai30_20_01,1906,176,2584.0,2893.0
int__tai30_20_01,1906,177,2388.0,2670.0
int__tai30_20_01,1906,178,2522.0,2851.0
int__tai30_20_01,1906,179,2549.0,2854.0
int__tai30_20_01,1906,180,2493.0,2808.0
int__tai30_20_01,1906,181,2403.0,2695.0
int__tai30_20_01,1906,182,2321.0,2611.0
int__tai30_20_01,1906,183,2422.0,2734.0
int__tai30_20_01,1906,184,2483.0,2764.0
int__tai30_20_01,1906,185,2388.0,2694.0
int__tai30_20_01,1906,186,2393.0,2681.0
int__tai30_20_01,1906,187,2373.0,2647.0
int__tai30_20_01,1906,188,2400.0,2685.0
int__tai30_20_01,1906,189,2431.0,2709.0
int__tai30_20_01,1906,190,2418.0,2768.0
int__tai30_20_01,1906,191,2371.0,2701.0
int__tai30_20_01,1906,192,2386.0,2684.0
int__tai30_20_01,1906,193,2521.0,2838.0
int__tai30_20_01,1906,194,2333.0,2658.0
int__tai30_20_01,1906,195,2442.0,2736.0
int__tai30_20_01,1906,196,2423.0,2692.0
int__tai30_20_01,1906,197,2389.0,2641.0
int__tai30_20_01,1906,198,2404.0,2722.0
int__tai30_20_01,1906,199,2482.0,2814.0
int__tai30_20_01,1906,200,2377.0,2673.0
int__tai30_20_01,1906,201,2551.0,2891.0
int__tai30_20_01,1906,202,2390.0,2681.0
int__tai30_20_01,1906,203,2417.0,2717.0
int__tai30_20_01,1906,204,2450.0,2778.0
int__tai30_20_01,1906,205,2465.0,2783.0
int__tai30_20_01,1906,206,2547.0,2872.0
int__tai30_20_01,1906,207,2503.0,2807.0
int__tai30_20_01,1906,208,2409.0,2675.0
int__tai30_20_01,1906,209,2428.0,2730.0
int__tai30_20_01,1906,210,2413.0,2707.0
int__tai30_20_01,1906,211,2474.0,2822.0
int__tai30_20_01,1906,212,2463.0,2773.0
int__tai30_20_01,1906,213,2413.0,2701.0
int__tai30_20_01,1906,214,2434.0,2713.0
int__tai30_20_01,1906,215,2506.0,2838.0
int__tai30_20_01,1906,216,2471.0,2818.0
int__tai30_20_01,1906,217,2479.0,2762.0
int__tai30_20_01,1906,218,2489.0,2806.0
int__tai30_20_01,1906,219,2564.0,2867.0
int__tai30_20_01,1906,220,2446.0,2758.0
int__tai30_20_01,1906,221,2477.0,2790.0
int__tai30_20_01,1906,222,2482.0,2794.0
int__tai30_20_01,1906,223,2425.0,2723.0
int__tai30_20_01,1906,224,2502.0,2813.0
int__tai30_20_01,1906,225,2448.0,2742.0
int__tai30_20_01,1906,226,2406.0,2699.0
int__tai30_20_01,1906,227,2430.0,2725.0
int__tai30_20_01,1906,228,2351.0,2640.0
int__tai30_20_01,1906,229,2419.0,2703.0
int__tai30_20_01,1906,230,2426.0,2734.0
int__tai30_20_01,1906,231,2431.0,2729.0
int__tai30_20_01,1906,232,2443.0,2758.0
int__tai30_20_01,1906,233,2443.0,2725.0
int__tai30_20_01,1906,234,2447.0,2771.0
int__tai30_20_01,1906,235,2484.0,2779.0
int__tai30_20_01,1906,236,2403.0,2709.0
int__tai30_20_01,1906,237,2437.0,2741.0
int__tai30_20_01,1906,238,2398.0,2699.0
int__tai30_20_01,1906,239,2402.0,2678.0
int__tai30_20_01,1906,240,2471.0,2795.0
int__tai30_20_01,1906,241,2438.0,2714.0
int__tai30_20_01,1906,242,2460.0,2760.0
int__tai30_20_01,1906,243,2586.0,2904.0
int__tai30_20_01,1906,244,2470.0,2774.0
int__tai30_20_01,1906,245,2393.0,2704.0
int__tai30_20_01,1906,246,2412.0,2721.0
int__tai30_20_01,1906,247,2339.0,2613.0
int__tai30_20_01,1906,248,2436.0,2749.0
int__tai30_20_01,1906,249,2427.0,2704.0
int__tai30_20_01,1906,250,2449.0,2793.0
int__tai30_20_01,1906,251,2394.0,2688.0
int__tai30_20_01,1906,252,2363.0,2648.0
int__tai30_20_01,1906,253,2508.0,2801.0
int__tai30_20_01,1906,254,2413.0,2709.0
int__tai30_20_01,1906,255,2508.0,2809.0
int__tai30_20_01,1906,256,2418.0,2737.0
int__tai30_20_01,1906,257,2495.0,2828.0
int__tai30_20_01,1906,258,2390.0,2701.0
int__tai30_20_01,1906,259,2392.0,2693.0
int__tai30_20_01,1906,260,2415.0,2717.0
int__tai30_20_01,1906,261,2373.0,2640.0
int__tai30_20_01,1906,262,2329.0,2613.0
int__tai30_20_01,1906,263,2425.0,2740.0
int__tai30_20_01,1906,264,2334.0,2624.0
int__tai30_20_01,1906,265,2373.0,2658.0
int__tai30_20_01,1906,266,2468.0,2774.0
int__tai30_20_01,1906,267,2527.0,2794.0
int__tai30_20_01,1906,268,2397.0,2677.0
int__tai30_20_01,1906,269,2438.0,2765.0
int__tai30_20_01,1906,270,2525.0,2870.0
int__tai30_20_01,1906,271,2422.0,2718.0
int__tai30_20_01,1906,272,2393.0,2704.0
int__tai30_20_01,1906,273,2405.0,2736.0
int__tai30_20_01,1906,274,2567.0,2918.0
int__tai30_20_01,1906,275,2471.0,2767.0
int__tai30_20_01,1906,276,2338.0,2645.0
int__tai30_20_01,1906,277,2547.0,2856.0
int__tai30_20_01,1906,278,2470.0,2795.0
int__tai30_20_01,1906,279,2364.0,2626.0
int__tai30_20_01,1906,280,2454.0,2758.0
int__tai30_20_01,1906,281,2452.0,2769.0
int__tai30_20_01,1906,282,2441.0,2724.0
int__tai30_20_01,1906,283,2419.0,2713.0
int__tai30_20_01,1906,284,2500.0,2820.0
int__tai30_20_01,1906,285,2448.0,2737.0
int__tai30_20_01,1906,286,2516.0,2814.0
int__tai30_20_01,1906,287,2360.0,2661.0
int__tai30_20_01,1906,288,2387.0,2661.0
int__tai30_20_01,1906,289,2433.0,2726.0
int__tai30_20_01,1906,290,2570.0,2872.0
int__tai30_20_01,1906,291,2395.0,2696.0
int__tai30_20_01,1906,292,2459.0,2716.0
int__tai30_20_01,1906,293,2368.0,2658.0
int__tai30_20_01,1906,294,2441.0,2720.0
int__tai30_20_01,1906,295,2444.0,2764.0
int__tai30_20_01,1906,296,2368.0,2668.0
int__tai30_20_01,1906,297,2368.0,2654.0
int__tai30_20_01,1906,298,2542.0,2864.0
int__tai30_20_01,1906,299,2612.0,2910.0
int__tai30_20_01,1906,300,2454.0,2741.0
int__tai30_20_01,1906,301,2410.0,2693.0
int__tai30_20_01,1906,302,2413.0,2724.0
int__tai30_20_01,1906,303,2377.0,2667.0
int__tai30_20_01,1906,304,2477.0,2800.0
int__tai30_20_01,1906,305,2430.0,2703.0
int__tai30_20_01,1906,306,2498.0,2827.0
int__tai30_20_01,1906,307,2491.0,2787.0
int__tai30_20_01,1906,308,2399.0,2706.0
int__tai30_20_01,1906,309,2498.0,2822.0
int__tai30_20_01,1906,310,2354.0,2657.0
int__tai30_20_01,1906,311,2435.0,2699.0
int__tai30_20_01,1906,312,2533.0,2803.0
int__tai30_20_01,1906,313,2361.0,2636.0
int__tai30_20_01,1906,314,2358.0,2667.0
int__tai30_20_01,1906,315,2369.0,2684.0
int__tai30_20_01,1906,316,2342.0,2642.0
int__tai30_20_01,1906,317,2551.0,2854.0
int__tai30_20_01,1906,318,2395.0,2691.0
int__tai30_20_01,1906,319,2335.0,2618.0
int__tai30_20_01,1906,320,2394.0,2658.0
int__tai30_20_01,1906,321,2505.0,2829.0
int__tai30_20_01,1906,322,2476.0,2759.0
int__tai30_20_01,1906,323,2457.0,2762.0
int__tai30_20_01,1906,324,2400.0,2701.0
int__tai30_20_01,1906,325,2464.0,2784.0
int__tai30_20_01,1906,326,2576.0,2926.0
int__tai30_20_01,1906,327,2334.0,2641.0
int__tai30_20_01,1906,328,2402.0,2705.0
int__tai30_20_01,1906,329,2386.0,2696.0
int__tai30_20_01,1906,330,2454.0,2747.0
int__tai30_20_01,1906,331,2379.0,2665.0
int__tai30_20_01,1906,332,2487.0,2798.0
int__tai30_20_01,1906,333,2448.0,2764.0
int__tai30_20_01,1906,334,2376.0,2691.0
int__tai30_20_01,1906,335,2340.0,2667.0
int__tai30_20_01,1906,336,2430.0,2724.0
int__tai30_20_01,1906,337,2527.0,2842.0
int__tai30_20_01,1906,338,2325.0,2621.0
int__tai30_20_01,1906,339,2417.0,2685.0
int__tai30_20_01,1906,340,2388.0,2700.0
int__tai30_20_01,1906,341,2379.0,2622.0
int__tai30_20_01,1906,342,2410.0,2714.0
int__tai30_20_01,1906,343,2476.0,2792.0
int__tai30_20_01,1906,344,2344.0,2648.0
int__tai30_20_01,1906,345,2533.0,2826.0
int__tai30_20_01,1906,346,2461.0,2741.0
int__tai30_20_01,1906,347,2508.0,2808.0
int__tai30_20_01,1906,348,2460.0,2753.0
int__tai30_20_01,1906,349,2562.0,2820.0
int__tai30_20_01,1906,350,2536.0,2849.0
int__tai30_20_01,1906,351,2342.0,2603.0
int__tai30_20_01,1906,352,2400.0,2722.0
int__tai30_20_01,1906,353,2337.0,2617.0
int__tai30_20_01,1906,354,2518.0,2835.0
int__tai30_20_01,1906,355,2484.0,2780.0
int__tai30_20_01,1906,356,2390.0,2703.0
int__tai30_20_01,1906,357,2507.0,2805.0
int__tai30_20_01,1906,358,2490.0,2801.0
int__tai30_20_01,1906,359,2308.0,2585.0
int__tai30_20_01,1906,360,2486.0,2790.0
int__tai30_20_01,1906,361,2360.0,2668.0
int__tai30_20_01,1906,362,2442.0,2736.0
int__tai30_20_01,1906,363,2427.0,2742.0
int__tai30_20_01,1906,364,2443.0,2746.0
int__tai30_20_01,1906,365,2400.0,2682.0
int__tai30_20_01,1906,366,2389.0,2688.0
int__tai30_20_01,1906,367,2528.0,2854.0
int__tai30_20_01,1906,368,2370.0,2648.0
int__tai30_20_01,1906,369,2304.0,2596.0
int__tai30_20_01,1906,370,2518.0,2847.0
int__tai30_20_01,1906,371,2495.0,2809.0
int__tai30_20_01,1906,372,2510.0,2796.0
int__tai30_20_01,1906,373,2442.0,2743.0
int__tai30_20_01,1906,374,2523.0,2823.0
int__tai30_20_01,1906,375,2397.0,2695.0
int__tai30_20_01,1906,376,2483.0,2793.0
int__tai30_20_01,1906,377,2482.0,2765.0
int__tai30_20_01,1906,378,2458.0,2757.0
int__tai30_20_01,1906,379,2385.0,2685.0
int__tai30_20_01,1906,380,2421.0,2707.0
int__tai30_20_01,1906,381,2394.0,2711.0
int__tai30_20_01,1906,382,2363.0,2638.0
int__tai30_20_01,1906,383,2456.0,2750.0
int__tai30_20_01,1906,384,2433.0,2758.0
int__tai30_20_01,1906,385,2363.0,2679.0
int__tai30_20_01,1906,386,2384.0,2668.0
int__tai30_20_01,1906,387,2401.0,2721.0
int__tai30_20_01,1906,388,2494.0,2798.0
int__tai30_20_01,1906,389,2338.0,2632.0
int__tai30_20_01,1906,390,2357.0,2659.0
int__tai30_20_01,1906,391,2398.0,2684.0
int__tai30_20_01,1906,392,2453.0,2781.0
int__tai30_20_01,1906,393,2521.0,2841.0
int__tai30_20_01,1906,394,2412.0,2704.0
int__tai30_20_01,1906,395,2325.0,2644.0
int__tai30_20_01,1906,396,2473.0,2773.0
int__tai30_20_01,1906,397,2384.0,2697.0
int__tai30_20_01,1906,398,2379.0,2744.0
int__tai30_20_01,1906,399,2462.0,2729.0
int__tai30_20_01,1906,400,2462.0,2784.0
int__tai30_20_01,1906,401,2320.0,2620.0
int__tai30_20_01,1906,402,2603.0,2969.0
int__tai30_20_01,1906,403,2440.0,2716.0
int__tai30_20_01,1906,404,2512.0,2790.0
int__tai30_20_01,1906,405,2528.0,2891.0
int__tai30_20_01,1906,406,2420.0,2704.0
int__tai30_20_01,1906,407,2403.0,2705.0
int__tai30_20_01,1906,408,2447.0,2759.0
int__tai30_20_01,1906,409,2467.0,2753.0
int__tai30_20_01,1906,410,2437.0,2741.0
int__tai30_20_01,1906,411,2418.0,2695.0
int__tai30_20_01,1906,412,2443.0,2744.0
int__tai30_20_01,1906,413,2496.0,2797.0
int__tai30_20_01,1906,414,2505.0,2824.0
int__tai30_20_01,1906,415,2469.0,2755.0
int__tai30_20_01,1906,416,2451.0,2726.0
int__tai30_20_01,1906,417,2318.0,2633.0
int__tai30_20_01,1906,418,2430.0,2715.0
int__tai30_20_01,1906,419,2444.0,2758.0
int__tai30_20_01,1906,420,2451.0,2785.0
int__tai30_20_01,1906,421,2383.0,2701.0
int__tai30_20_01,1906,422,2339.0,2645.0
int__tai30_20_01,1906,423,2473.0,2760.0
int__tai30_20_01,1906,424,2453.0,2771.0
int__tai30_20_01,1906,425,2497.0,2845.0
int__tai30_20_01,1906,426,2417.0,2715.0
int__tai30_20_01,1906,427,2484.0,2763.0
int__tai30_20_01,1906,428,2414.0,2727.0
int__tai30_20_01,1906,429,2431.0,2772.0
int__tai30_20_01,1906,430,2492.0,2808.0
int__tai30_20_01,1906,431,2306.0,2610.0
int__tai30_20_01,1906,432,2559.0,2898.0
int__tai30_20_01,1906,433,2602.0,2929.0
int__tai30_20_01,1906,434,2428.0,2736.0
int__tai30_20_01,1906,435,2402.0,2653.0
int__tai30_20_01,1906,436,2462.0,2771.0
int__tai30_20_01,1906,437,2422.0,2727.0
int__tai30_20_01,1906,438,2388.0,2668.0
int__tai30_20_01,1906,439,2491.0,2805.0
int__tai30_20_01,1906,440,2372.0,2674.0
int__tai30_20_01,1906,441,2374.0,2678.0
int__tai30_20_01,1906,442,2470.0,2774.0
int__tai30_20_01,1906,443,2388.0,2664.0
int__tai30_20_01,1906,444,2402.0,2656.0
int__tai30_20_01,1906,445,2389.0,2705.0
int__tai30_20_01,1906,446,2350.0,2645.0
int__tai30_20_01,1906,447,2328.0,2644.0
int__tai30_20_01,1906,448,2490.0,2781.0
int__tai30_20_01,1906,449,2442.0,2762.0
int__tai30_20_01,1906,450,2420.0,2742.0
int__tai30_20_01,1906,451,2396.0,2674.0
int__tai30_20_01,1906,452,2423.0,2679.0
int__tai30_20_01,1906,453,2508.0,2845.0
int__tai30_20_01,1906,454,2532.0,2866.0
int__tai30_20_01,1906,455,2460.0,2766.0
int__tai30_20_01,1906,456,2471.0,2775.0
int__tai30_20_01,1906,457,2468.0,2747.0
int__tai30_20_01,1906,458,2620.0,2929.0
int__tai30_20_01,1906,459,2391.0,2696.0
int__tai30_20_01,1906,460,2419.0,2727.0
int__tai30_20_01,1906,461,2519.0,2811.0
int__tai30_20_01,1906,462,2394.0,2706.0
int__tai30_20_01,1906,463,2403.0,2707.0
int__tai30_20_01,1906,464,2407.0,2682.0
int__tai30_20_01,1906,465,2383.0,2699.0
int__tai30_20_01,1906,466,2345.0,2628.0
int__tai30_20_01,1906,467,2421.0,2735.0
int__tai30_20_01,1906,468,2434.0,2699.0
int__tai30_20_01,1906,469,2425.0,2712.0
int__tai30_20_01,1906,470,2402.0,2726.0
int__tai30_20_01,1906,471,2352.0,2674.0
int__tai30_20_01,1906,472,2284.0,2574.0
int__tai30_20_01,1906,473,2452.0,2728.0
int__tai30_20_01,1906,474,2355.0,2650.0
int__tai30_20_01,1906,475,2467.0,2752.0
int__tai30_20_01,1906,476,2543.0,2880.0
int__tai30_20_01,1906,477,2355.0,2634.0
int__tai30_20_01,1906,478,2354.0,2654.0
int__tai30_20_01,1906,479,2369.0,2689.0
int__tai30_20_01,1906,480,2581.0,2929.0
int__tai30_20_01,1906,481,2466.0,2782.0
int__tai30_20_01,1906,482,2536.0,2856.0
int__tai30_20_01,1906,483,2440.0,2714.0
int__tai30_20_01,1906,484,2337.0,2624.0
int__tai30_20_01,1906,485,2449.0,2754.0
int__tai30_20_01,1906,486,2479.0,2818.0
int__tai30_20_01,1906,487,2387.0,2704.0
int__tai30_20_01,1906,488,2318.0,2625.0
int__tai30_20_01,1906,489,2413.0,2686.0
int__tai30_20_01,1906,490,2408.0,2693.0
int__tai30_20_01,1906,491,2382.0,2685.0
int__tai30_20_01,1906,492,2418.0,2686.0
int__tai30_20_01,1906,493,2342.0,2654.0
int__tai30_20_01,1906,494,2301.0,2588.0
int__tai30_20_01,1906,495,2355.0,2677.0
int__tai30_20_01,1906,496,2437.0,2743.0
int__tai30_20_01,1906,497,2444.0,2772.0
int__tai30_20_01,1906,498,2365.0,2692.0
int__tai30_20_01,1906,499,2525.0,2808.0
int__tai30_20_01,1906,500,2438.0,2712.0
int__tai30_20_01,1906,501,2373.0,2687.0
int__tai30_20_01,1906,502,2419.0,2719.0
int__tai30_20_01,1906,503,2625.0,2967.0
int__tai30_20_01,1906,504,2419.0,2733.0
int__tai30_20_01,1906,505,2439.0,2762.0
int__tai30_20_01,1906,506,2560.0,2912.0
int__tai30_20_01,1906,507,2413.0,2699.0
int__tai30_20_01,1906,508,2408.0,2658.0
int__tai30_20_01,1906,509,2393.0,2703.0
int__tai30_20_01,1906,510,2423.0,2730.0
int__tai30_20_01,1906,511,2394.0,2705.0
int__tai30_20_01,1906,512,2402.0,2724.0
int__tai30_20_01,1906,513,2456.0,2741.0
int__tai30_20_01,1906,514,2383.0,2679.0
int__tai30_20_01,1906,515,2335.0,2630.0
int__tai30_20_01,1906,516,2579.0,2934.0
int__tai30_20_01,1906,517,2491.0,2776.0
int__tai30_20_01,1906,518,2397.0,2694.0
int__tai30_20_01,1906,519,2495.0,2821.0
int__tai30_20_01,1906,520,2392.0,2675.0
int__tai30_20_01,1906,521,2457.0,2804.0
int__tai30_20_01,1906,522,2390.0,2698.0
int__tai30_20_01,1906,523,2364.0,2671.0
int__tai30_20_01,1906,524,2335.0,2652.0
int__tai30_20_01,1906,525,2553.0,2869.0
int__tai30_20_01,1906,526,2441.0,2738.0
int__tai30_20_01,1906,527,2535.0,2843.0
int__tai30_20_01,1906,528,2541.0,2878.0
int__tai30_20_01,1906,529,2419.0,2724.0
int__tai30_20_01,1906,530,2464.0,2748.0
int__tai30_20_01,1906,531,2416.0,2705.0
int__tai30_20_01,1906,532,2510.0,2849.0
int__tai30_20_01,1906,533,2469.0,2808.0
int__tai30_20_01,1906,534,2406.0,2695.0
int__tai30_20_01,1906,535,2369.0,2677.0
int__tai30_20_01,1906,536,2393.0,2674.0
int__tai30_20_01,1906,537,2462.0,2749.0
int__tai30_20_01,1906,538,2395.0,2672.0
int__tai30_20_01,1906,539,2363.0,2672.0
int__tai30_20_01,1906,540,2641.0,2949.0
int__tai30_20_01,1906,541,2513.0,2799.0
int__tai30_20_01,1906,542,2380.0,2695.0
int__tai30_20_01,1906,543,2481.0,2791.0
int__tai30_20_01,1906,544,2402.0,2692.0
int__tai30_20_01,1906,545,2447.0,2755.0
int__tai30_20_01,1906,546,2403.0,2693.0
int__tai30_20_01,1906,547,2367.0,2639.0
int__tai30_20_01,1906,548,2486.0,2794.0
int__tai30_20_01,1906,549,2437.0,2756.0
int__tai30_20_01,1906,550,2353.0,2633.0
int__tai30_20_01,1906,551,2451.0,2741.0
int__tai30_20_01,1906,552,2476.0,2812.0
int__tai30_20_01,1906,553,2421.0,2730.0
int__tai30_20_01,1906,554,2443.0,2731.0
int__tai30_20_01,1906,555,2376.0,2667.0
int__tai30_20_01,1906,556,2366.0,2674.0
int__tai30_20_01,1906,557,2569.0,2870.0
int__tai30_20_01,1906,558,2365.0,2665.0
int__tai30_20_01,1906,559,2381.0,2682.0
int__tai30_20_01,1906,560,2462.0,2754.0
int__tai30_20_01,1906,561,2334.0,2621.0
int__tai30_20_01,1906,562,2488.0,2792.0
int__tai30_20_01,1906,563,2610.0,2916.0
int__tai30_20_01,1906,564,2351.0,2633.0
int__tai30_20_01,1906,565,2389.0,2705.0
int__tai30_20_01,1906,566,2523.0,2826.0
int__tai30_20_01,1906,567,2531.0,2835.0
int__tai30_20_01,1906,568,2331.0,2635.0
int__tai30_20_01,1906,569,2433.0,2719.0
int__tai30_20_01,1906,570,2336.0,2620.0
int__tai30_20_01,1906,571,2414.0,2666.0
int__tai30_20_01,1906,572,2540.0,2862.0
int__tai30_20_01,1906,573,2432.0,2731.0
int__tai30_20_01,1906,574,2321.0,2622.0
int__tai30_20_01,1906,575,2419.0,2696.0
int__tai30_20_01,1906,576,2416.0,2714.0
int__tai30_20_01,1906,577,2424.0,2728.0
int__tai30_20_01,1906,578,2530.0,2830.0
int__tai30_20_01,1906,579,2461.0,2784.0
int__tai30_20_01,1906,580,2365.0,2644.0
int__tai30_20_01,1906,581,2397.0,2688.0
int__tai30_20_01,1906,582,2403.0,2696.0
int__tai30_20_01,1906,583,2437.0,2705.0
int__tai30_20_01,1906,584,2406.0,2699.0
int__tai30_20_01,1906,585,2698.0,3023.0
int__tai30_20_01,1906,586,2400.0,2716.0
int__tai30_20_01,1906,587,2578.0,2905.0
int__tai30_20_01,1906,588,2485.0,2801.0
int__tai30_20_01,1906,589,2397.0,2658.0
int__tai30_20_01,1906,590,2403.0,2685.0
int__tai30_20_01,1906,591,2449.0,2768.0
int__tai30_20_01,1906,592,2392.0,2679.0
int__tai30_20_01,1906,593,2417.0,2720.0
int__tai30_20_01,1906,594,2409.0,2695.0
int__tai30_20_01,1906,595,2406.0,2724.0
int__tai30_20_01,1906,596,2376.0,2689.0
int__tai30_20_01,1906,597,2400.0,2730.0
int__tai30_20_01,1906,598,2594.0,2930.0
int__tai30_20_01,1906,599,2448.0,2739.0
int__tai30_20_01,1906,600,2375.0,2673.0
int__tai30_20_01,1906,601,2330.0,2625.0
int__tai30_20_01,1906,602,2398.0,2672.0
int__tai30_20_01,1906,603,2461.0,2756.0
int__tai30_20_01,1906,604,2369.0,2659.0
int__tai30_20_01,1906,605,2436.0,2725.0
int__tai30_20_01,1906,606,2405.0,2723.0
int__tai30_20_01,1906,607,2390.0,2680.0
int__tai30_20_01,1906,608,2385.0,2681.0
int__tai30_20_01,1906,609,2594.0,2933.0
int__tai30_20_01,1906,610,2434.0,2708.0
int__tai30_20_01,1906,611,2516.0,2830.0
int__tai30_20_01,1906,612,2390.0,2703.0
int__tai30_20_01,1906,613,2421.0,2728.0
int__tai30_20_01,1906,614,2363.0,2667.0
int__tai30_20_01,1906,615,2343.0,2665.0
int__tai30_20_01,1906,616,2467.0,2803.0
int__tai30_20_01,1906,617,2528.0,2819.0
int__tai30_20_01,1906,618,2282.0,2605.0
int__tai30_20_01,1906,619,2448.0,2742.0
int__tai30_20_01,1906,620,2430.0,2723.0
int__tai30_20_01,1906,621,2385.0,2686.0
int__tai30_20_01,1906,622,2390.0,2676.0
int__tai30_20_01,1906,623,2412.0,2712.0
int__tai30_20_01,1906,624,2434.0,2751.0
int__tai30_20_01,1906,625,2494.0,2808.0
int__tai30_20_01,1906,626,2387.0,2681.0
int__tai30_20_01,1906,627,2461.0,2773.0
int__tai30_20_01,1906,628,2396.0,2674.0
int__tai30_20_01,1906,629,2468.0,2784.0
int__tai30_20_01,1906,630,2404.0,2717.0
int__tai30_20_01,1906,631,2504.0,2828.0
int__tai30_20_01,1906,632,2487.0,2846.0
int__tai30_20_01,1906,633,2336.0,2643.0
int__tai30_20_01,1906,634,2575.0,2910.0
int__tai30_20_01,1906,635,2463.0,2780.0
int__tai30_20_01,1906,636,2419.0,2727.0
int__tai30_20_01,1906,637,2396.0,2673.0
int__tai30_20_01,1906,638,2461.0,2766.0
int__tai30_20_01,1906,639,2302.0,2605.0
int__tai30_20_01,1906,640,2491.0,2825.0
int__tai30_20_01,1906,641,2486.0,2784.0
int__tai30_20_01,1906,642,2372.0,2656.0
int__tai30_20_01,1906,643,2367.0,2649.0
int__tai30_20_01,1906,644,2429.0,2701.0
int__tai30_20_01,1906,645,2502.0,2817.0
int__tai30_20_01,1906,646,2512.0,2848.0
int__tai30_20_01,1906,647,2405.0,2730.0
int__tai30_20_01,1906,648,2399.0,2720.0
int__tai30_20_01,1906,649,2435.0,2784.0
int__tai30_20_01,1906,650,2383.0,2711.0
int__tai30_20_01,1906,651,2433.0,2752.0
int__tai30_20_01,1906,652,2393.0,2700.0
int__tai30_20_01,1906,653,2386.0,2694.0
int__tai30_20_01,1906,654,2443.0,2717.0
int__tai30_20_01,1906,655,2533.0,2804.0
int__tai30_20_01,1906,656,2370.0,2657.0
int__tai30_20_01,1906,657,2473.0,2798.0
int__tai30_20_01,1906,658,2443.0,2756.0
int__tai30_20_01,1906,659,2531.0,2836.0
int__tai30_20_01,1906,660,2374.0,2686.0
int__tai30_20_01,1906,661,2413.0,2716.0
int__tai30_20_01,1906,662,2452.0,2751.0
int__tai30_20_01,1906,663,2431.0,2752.0
int__tai30_20_01,1906,664,2388.0,2700.0
int__tai30_20_01,1906,665,2580.0,2880.0
int__tai30_20_01,1906,666,2376.0,2687.0
int__tai30_20_01,1906,667,2346.0,2663.0
int__tai30_20_01,1906,668,2424.0,2698.0
int__tai30_20_01,1906,669,2465.0,2783.0
int__tai30_20_01,1906,670,2325.0,2601.0
int__tai30_20_01,1906,671,2367.0,2674.0
int__tai30_20_01,1906,672,2400.0,2723.0
int__tai30_20_01,1906,673,2563.0,2861.0
int__tai30_20_01,1906,674,2438.0,2735.0
int__tai30_20_01,1906,675,2453.0,2773.0
int__tai30_20_01,1906,676,2436.0,2739.0
int__tai30_20_01,1906,677,2505.0,2780.0
int__tai30_20_01,1906,678,2494.0,2840.0
int__tai30_20_01,1906,679,2531.0,2871.0
int__tai30_20_01,1906,680,2408.0,2718.0
int__tai30_20_01,1906,681,2578.0,2869.0
int__tai30_20_01,1906,682,2416.0,2717.0
int__tai30_20_01,1906,683,2505.0,2830.0
int__tai30_20_01,1906,684,2376.0,2692.0
int__tai30_20_01,1906,685,2328.0,2615.0
int__tai30_20_01,1906,686,2454.0,2754.0
int__tai30_20_01,1906,687,2454.0,2773.0
int__tai30_20_01,1906,688,2612.0,2903.0
int__tai30_20_01,1906,689,2291.0,2560.0
int__tai30_20_01,1906,690,2371.0,2677.0
int__tai30_20_01,1906,691,2477.0,2789.0
int__tai30_20_01,1906,692,2385.0,2681.0
int__tai30_20_01,1906,693,2374.0,2672.0
int__tai30_20_01,1906,694,2499.0,2812.0
int__tai30_20_01,1906,695,2387.0,2711.0
int__tai30_20_01,1906,696,2510.0,2844.0
int__tai30_20_01,1906,697,2417.0,2733.0
int__tai30_20_01,1906,698,2432.0,2744.0
int__tai30_20_01,1906,699,2596.0,2893.0
int__tai30_20_01,1906,700,2399.0,2715.0
int__tai30_20_01,1906,701,2503.0,2808.0
int__tai30_20_01,1906,702,2564.0,2887.0
int__tai30_20_01,1906,703,2473.0,2812.0
int__tai30_20_01,1906,704,2476.0,2805.0
int__tai30_20_01,1906,705,2339.0,2623.0
int__tai30_20_01,1906,706,2410.0,2678.0
int__tai30_20_01,1906,707,2381.0,2688.0
int__tai30_20_01,1906,708,2402.0,2686.0
int__tai30_20_01,1906,709,2310.0,2585.0
int__tai30_20_01,1906,710,2453.0,2801.0
int__tai30_20_01,1906,711,2445.0,2764.0
int__tai30_20_01,1906,712,2415.0,2750.0
int__tai30_20_01,1906,713,2539.0,2845.0
int__tai30_20_01,1906,714,2334.0,2630.0
int__tai30_20_01,1906,715,2528.0,2826.0
int__tai30_20_01,1906,716,2445.0,2708.0
int__tai30_20_01,1906,717,2443.0,2716.0
int__tai30_20_01,1906,718,2510.0,2832.0
int__tai30_20_01,1906,719,2530.0,2805.0
int__tai30_20_01,1906,720,2368.0,2665.0
int__tai30_20_01,1906,721,2364.0,2669.0
int__tai30_20_01,1906,722,2406.0,2717.0
int__tai30_20_01,1906,723,2524.0,2827.0
int__tai30_20_01,1906,724,2588.0,2965.0
int__tai30_20_01,1906,725,2472.0,2767.0
int__tai30_20_01,1906,726,2372.0,2662.0
int__tai30_20_01,1906,727,2346.0,2643.0
int__tai30_20_01,1906,728,2486.0,2816.0
int__tai30_20_01,1906,729,2451.0,2762.0
int__tai30_20_01,1906,730,2491.0,2778.0
int__tai30_20_01,1906,731,2563.0,2883.0
int__tai30_20_01,1906,732,2408.0,2713.0
int__tai30_20_01,1906,733,2558.0,2893.0
int__tai30_20_01,1906,734,2522.0,2857.0
int__tai30_20_01,1906,735,2362.0,2679.0
int__tai30_20_01,1906,736,2422.0,2728.0
int__tai30_20_01,1906,737,2477.0,2812.0
int__tai30_20_01,1906,738,2449.0,2764.0
int__tai30_20_01,1906,739,2504.0,2826.0
int__tai30_20_01,1906,740,2359.0,2640.0
int__tai30_20_01,1906,741,2384.0,2687.0
int__tai30_20_01,1906,742,2357.0,2620.0
int__tai30_20_01,1906,743,2523.0,2837.0
int__tai30_20_01,1906,744,2441.0,2757.0
int__tai30_20_01,1906,745,2462.0,2766.0
int__tai30_20_01,1906,746,2446.0,2747.0
int__tai30_20_01,1906,747,2415.0,2786.0
int__tai30_20_01,1906,748,2529.0,2784.0
int__tai30_20_01,1906,749,2412.0,2729.0
int__tai30_20_01,1906,750,2445.0,2803.0
int__tai30_20_01,1906,751,2433.0,2747.0
int__tai30_20_01,1906,752,2415.0,2705.0
int__tai30_20_01,1906,753,2380.0,2672.0
int__tai30_20_01,1906,754,2490.0,2821.0
int__tai30_20_01,1906,755,2382.0,2671.0
int__tai30_20_01,1906,756,2443.0,2738.0
int__tai30_20_01,1906,757,2616.0,2911.0
int__tai30_20_01,1906,758,2374.0,2668.0
int__tai30_20_01,1906,759,2580.0,2893.0
int__tai30_20_01,1906,760,2532.0,2823.0
int__tai30_20_01,1906,761,2451.0,2759.0
int__tai30_20_01,1906,762,2499.0,2798.0
int__tai30_20_01,1906,763,2431.0,2742.0
int__tai30_20_01,1906,764,2387.0,2649.0
int__tai30_20_01,1906,765,2360.0,2651.0
int__tai30_20_01,1906,766,2426.0,2735.0
int__tai30_20_01,1906,767,2420.0,2705.0
int__tai30_20_01,1906,768,2422.0,2717.0
int__tai30_20_01,1906,769,2457.0,2732.0
int__tai30_20_01,1906,770,2350.0,2654.0
int__tai30_20_01,1906,771,2376.0,2690.0
int__tai30_20_01,1906,772,2321.0,2659.0
int__tai30_20_01,1906,773,2451.0,2796.0
int__tai30_20_01,1906,774,2385.0,2687.0
int__tai30_20_01,1906,775,2412.0,2720.0
int__tai30_20_01,1906,776,2424.0,2739.0
int__tai30_20_01,1906,777,2374.0,2637.0
int__tai30_20_01,1906,778,2447.0,2750.0
int__tai30_20_01,1906,779,2362.0,2675.0
int__tai30_20_01,1906,780,2450.0,2755.0
int__tai30_20_01,1906,781,2439.0,2721.0
int__tai30_20_01,1906,782,2420.0,2726.0
int__tai30_20_01,1906,783,2592.0,2918.0
int__tai30_20_01,1906,784,2614.0,2947.0
int__tai30_20_01,1906,785,2490.0,2763.0
int__tai30_20_01,1906,786,2354.0,2669.0
int__tai30_20_01,1906,787,2571.0,2851.0
int__tai30_20_01,1906,788,2501.0,2812.0
int__tai30_20_01,1906,789,2450.0,2748.0
int__tai30_20_01,1906,790,2601.0,2932.0
int__tai30_20_01,1906,791,2515.0,2789.0
int__tai30_20_01,1906,792,2414.0,2688.0
int__tai30_20_01,1906,793,2403.0,2709.0
int__tai30_20_01,1906,794,2409.0,2669.0
int__tai30_20_01,1906,795,2403.0,2714.0
int__tai30_20_01,1906,796,2488.0,2814.0
int__tai30_20_01,1906,797,2370.0,2656.0
int__tai30_20_01,1906,798,2491.0,2820.0
int__tai30_20_01,1906,799,2411.0,2742.0
int__tai30_20_01,1906,800,2423.0,2695.0
int__tai30_20_01,1906,801,2358.0,2655.0
int__tai30_20_01,1906,802,2421.0,2723.0
int__tai30_20_01,1906,803,2463.0,2743.0
int__tai30_20_01,1906,804,2402.0,2686.0
int__tai30_20_01,1906,805,2412.0,2732.0
int__tai30_20_01,1906,806,2399.0,2702.0
int__tai30_20_01,1906,807,2414.0,2679.0
int__tai30_20_01,1906,808,2435.0,2741.0
int__tai30_20_01,1906,809,2461.0,2763.0
int__tai30_20_01,1906,810,2553.0,2857.0
int__tai30_20_01,1906,811,2468.0,2750.0
int__tai30_20_01,1906,812,2417.0,2706.0
int__tai30_20_01,1906,813,2437.0,2747.0
int__tai30_20_01,1906,814,2537.0,2859.0
int__tai30_20_01,1906,815,2435.0,2775.0
int__tai30_20_01,1906,816,2382.0,2650.0
int__tai30_20_01,1906,817,2467.0,2781.0
int__tai30_20_01,1906,818,2432.0,2732.0
int__tai30_20_01,1906,819,2387.0,2715.0
int__tai30_20_01,1906,820,2362.0,2628.0
int__tai30_20_01,1906,821,2474.0,2800.0
int__tai30_20_01,1906,822,2367.0,2681.0
int__tai30_20_01,1906,823,2478.0,2793.0
int__tai30_20_01,1906,824,2336.0,2648.0
int__tai30_20_01,1906,825,2442.0,2730.0
int__tai30_20_01,1906,826,2496.0,2806.0
int__tai30_20_01,1906,827,2409.0,2756.0
int__tai30_20_01,1906,828,2333.0,2629.0
int__tai30_20_01,1906,829,2443.0,2780.0
int__tai30_20_01,1906,830,2439.0,2724.0
int__tai30_20_01,1906,831,2480.0,2764.0
int__tai30_20_01,1906,832,2396.0,2703.0
int__tai30_20_01,1906,833,2424.0,2716.0
int__tai30_20_01,1906,834,2505.0,2793.0
int__tai30_20_01,1906,835,2438.0,2762.0
int__tai30_20_01,1906,836,2495.0,2817.0
int__tai30_20_01,1906,837,2536.0,2863.0
int__tai30_20_01,1906,838,2411.0,2717.0
int__tai30_20_01,1906,839,2520.0,2824.0
int__tai30_20_01,1906,840,2368.0,2669.0
int__tai30_20_01,1906,841,2434.0,2761.0
int__tai30_20_01,1906,842,2400.0,2684.0
int__tai30_20_01,1906,843,2384.0,2663.0
int__tai30_20_01,1906,844,2527.0,2815.0
int__tai30_20_01,1906,845,2476.0,2802.0
int__tai30_20_01,1906,846,2435.0,2730.0
int__tai30_20_01,1906,847,2426.0,2717.0
int__tai30_20_01,1906,848,2503.0,2812.0
int__tai30_20_01,1906,849,2525.0,2838.0
int__tai30_20_01,1906,850,2330.0,2632.0
int__tai30_20_01,1906,851,2444.0,2729.0
int__tai30_20_01,1906,852,2387.0,2691.0
int__tai30_20_01,1906,853,2496.0,2801.0
int__tai30_20_01,1906,854,2409.0,2673.0
int__tai30_20_01,1906,855,2428.0,2730.0
int__tai30_20_01,1906,856,2431.0,2750.0
int__tai30_20_01,1906,857,2453.0,2735.0
int__tai30_20_01,1906,858,2487.0,2756.0
int__tai30_20_01,1906,859,2497.0,2874.0
int__tai30_20_01,1906,860,2375.0,2663.0
int__tai30_20_01,1906,861,2421.0,2716.0
int__tai30_20_01,1906,862,2411.0,2737.0
int__tai30_20_01,1906,863,2407.0,2693.0
int__tai30_20_01,1906,864,2391.0,2664.0
int__tai30_20_01,1906,865,2406.0,2745.0
int__tai30_20_01,1906,866,2418.0,2727.0
int__tai30_20_01,1906,867,2402.0,2716.0
int__tai30_20_01,1906,868,2413.0,2754.0
int__tai30_20_01,1906,869,2374.0,2666.0
int__tai30_20_01,1906,870,2330.0,2592.0
int__tai30_20_01,1906,871,2441.0,2737.0
int__tai30_20_01,1906,872,2412.0,2703.0
int__tai30_20_01,1906,873,2540.0,2811.0
int__tai30_20_01,1906,874,2458.0,2800.0
int__tai30_20_01,1906,875,2456.0,2764.0
int__tai30_20_01,1906,876,2391.0,2690.0
int__tai30_20_01,1906,877,2424.0,2737.0
int__tai30_20_01,1906,878,2460.0,2778.0
int__tai30_20_01,1906,879,2365.0,2642.0
int__tai30_20_01,1906,880,2523.0,2872.0
int__tai30_20_01,1906,881,2490.0,2792.0
int__tai30_20_01,1906,882,2488.0,2810.0
int__tai30_20_01,1906,883,2424.0,2718.0
int__tai30_20_01,1906,884,2516.0,2841.0
int__tai30_20_01,1906,885,2355.0,2631.0
int__tai30_20_01,1906,886,2379.0,2689.0
int__tai30_20_01,1906,887,2395.0,2684.0
int__tai30_20_01,1906,888,2398.0,2690.0
int__tai30_20_01,1906,889,2336.0,2616.0
int__tai30_20_01,1906,890,2398.0,2695.0
int__tai30_20_01,1906,891,2536.0,2815.0
int__tai30_20_01,1906,892,2349.0,2642.0
int__tai30_20_01,1906,893,2369.0,2649.0
int__tai30_20_01,1906,894,2430.0,2715.0
int__tai30_20_01,1906,895,2464.0,2767.0
int__tai30_20_01,1906,896,2463.0,2778.0
int__tai30_20_01,1906,897,2456.0,2756.0
int__tai30_20_01,1906,898,2357.0,2647.0
int__tai30_20_01,1906,899,2384.0,2657.0
int__tai30_20_01,1906,900,2465.0,2769.0
int__tai30_20_01,1906,901,2422.0,2696.0
int__tai30_20_01,1906,902,2492.0,2814.0
int__tai30_20_01,1906,903,2531.0,2784.0
int__tai30_20_01,1906,904,2400.0,2684.0
int__tai30_20_01,1906,905,2392.0,2676.0
int__tai30_20_01,1906,906,2343.0,2641.0
int__tai30_20_01,1906,907,2334.0,2626.0
int__tai30_20_01,1906,908,2372.0,2703.0
int__tai30_20_01,1906,909,2456.0,2768.0
int__tai30_20_01,1906,910,2457.0,2743.0
int__tai30_20_01,1906,911,2433.0,2716.0
int__tai30_20_01,1906,912,2392.0,2665.0
int__tai30_20_01,1906,913,2383.0,2708.0
int__tai30_20_01,1906,914,2390.0,2668.0
int__tai30_20_01,1906,915,2536.0,2855.0
int__tai30_20_01,1906,916,2397.0,2700.0
int__tai30_20_01,1906,917,2455.0,2751.0
int__tai30_20_01,1906,918,2334.0,2616.0
int__tai30_20_01,1906,919,2374.0,2641.0
int__tai30_20_01,1906,920,2323.0,2629.0
int__tai30_20_01,1906,921,2386.0,2660.0
int__tai30_20_01,1906,922,2458.0,2797.0
int__tai30_20_01,1906,923,2399.0,2713.0
int__tai30_20_01,1906,924,2456.0,2761.0
int__tai30_20_01,1906,925,2509.0,2834.0
int__tai30_20_01,1906,926,2385.0,2696.0
int__tai30_20_01,1906,927,2500.0,2815.0
int__tai30_20_01,1906,928,2320.0,2638.0
int__tai30_20_01,1906,929,2445.0,2758.0
int__tai30_20_01,1906,930,2409.0,2715.0
int__tai30_20_01,1906,931,2468.0,2783.0
int__tai30_20_01,1906,932,2409.0,2701.0
int__tai30_20_01,1906,933,2382.0,2725.0
int__tai30_20_01,1906,934,2438.0,2772.0
int__tai30_20_01,1906,935,2426.0,2747.0
int__tai30_20_01,1906,936,2368.0,2672.0
int__tai30_20_01,1906,937,2431.0,2767.0
int__tai30_20_01,1906,938,2473.0,2768.0
int__tai30_20_01,1906,939,2468.0,2790.0
int__tai30_20_01,1906,940,2418.0,2710.0
int__tai30_20_01,1906,941,2412.0,2760.0
int__tai30_20_01,1906,942,2339.0,2612.0
int__tai30_20_01,1906,943,2432.0,2727.0
int__tai30_20_01,1906,944,2406.0,2750.0
int__tai30_20_01,1906,945,2392.0,2684.0
int__tai30_20_01,1906,946,2420.0,2731.0
int__tai30_20_01,1906,947,2445.0,2748.0
int__tai30_20_01,1906,948,2550.0,2890.0
int__tai30_20_01,1906,949,2471.0,2794.0
int__tai30_20_01,1906,950,2373.0,2681.0
int__tai30_20_01,1906,951,2490.0,2771.0
int__tai30_20_01,1906,952,2438.0,2738.0
int__tai30_20_01,1906,953,2507.0,2831.0
int__tai30_20_01,1906,954,2542.0,2889.0
int__tai30_20_01,1906,955,2520.0,2836.0
int__tai30_20_01,1906,956,2479.0,2813.0
int__tai30_20_01,1906,957,2419.0,2699.0
int__tai30_20_01,1906,958,2470.0,2774.0
int__tai30_20_01,1906,959,2447.0,2699.0
int__tai30_20_01,1906,960,2390.0,2690.0
int__tai30_20_01,1906,961,2391.0,2688.0
int__tai30_20_01,1906,962,2562.0,2899.0
int__tai30_20_01,1906,963,2532.0,2805.0
int__tai30_20_01,1906,964,2510.0,2825.0
int__tai30_20_01,1906,965,2406.0,2731.0
int__tai30_20_01,1906,966,2438.0,2743.0
int__tai30_20_01,1906,967,2400.0,2702.0
int__tai30_20_01,1906,968,2419.0,2739.0
int__tai30_20_01,1906,969,2385.0,2682.0
int__tai30_20_01,1906,970,2496.0,2802.0
int__tai30_20_01,1906,971,2395.0,2707.0
int__tai30_20_01,1906,972,2449.0,2769.0
int__tai30_20_01,1906,973,2534.0,2859.0
int__tai30_20_01,1906,974,2452.0,2746.0
int__tai30_20_01,1906,975,2373.0,2692.0
int__tai30_20_01,1906,976,2507.0,2819.0
int__tai30_20_01,1906,977,2386.0,2645.0
int__tai30_20_01,1906,978,2431.0,2717.0
int__tai30_20_01,1906,979,2366.0,2671.0
int__tai30_20_01,1906,980,2511.0,2823.0
int__tai30_20_01,1906,981,2401.0,2681.0
int__tai30_20_01,1906,982,2413.0,2748.0
int__tai30_20_01,1906,983,2419.0,2714.0
int__tai30_20_01,1906,984,2426.0,2695.0
int__tai30_20_01,1906,985,2421.0,2721.0
int__tai30_20_01,1906,986,2500.0,2779.0
int__tai30_20_01,1906,987,2498.0,2833.0
int__tai30_20_01,1906,988,2391.0,2719.0
int__tai30_20_01,1906,989,2327.0,2607.0
int__tai30_20_01,1906,990,2431.0,2721.0
int__tai30_20_01,1906,991,2439.0,2757.0
int__tai30_20_01,1906,992,2498.0,2799.0
int__tai30_20_01,1906,993,2431.0,2753.0
int__tai30_20_01,1906,994,2357.0,2663.0
int__tai30_20_01,1906,995,2375.0,2668.0
int__tai30_20_01,1906,996,2356.0,2639.0
int__tai30_20_01,1906,997,2362.0,2645.0
int__tai30_20_01,1906,998,2390.0,2699.0
int__tai30_20_01,1906,999,2362.0,2666.0
int__tai30_20_01,1906,1000,2409.0,2733.0
int__tai30_20_01,1906,1001,2514.0,2841.0
int__tai30_20_01,1906,1002,2474.0,2782.0
int__tai30_20_01,1906,1003,2524.0,2832.0
int__tai30_20_01,1906,1004,2525.0,2826.0
int__tai30_20_01,1906,1005,2325.0,2594.0
int__tai30_20_01,1906,1006,2487.0,2797.0
int__tai30_20_01,1906,1007,2416.0,2726.0
int__tai30_20_01,1906,1008,2413.0,2671.0
int__tai30_20_01,1906,1009,2507.0,2814.0
int__tai30_20_01,1906,1010,2353.0,2612.0
int__tai30_20_01,1906,1011,2507.0,2846.0
int__tai30_20_01,1906,1012,2476.0,2781.0
int__tai30_20_01,1906,1013,2505.0,2817.0
int__tai30_20_01,1906,1014,2472.0,2761.0
int__tai30_20_01,1906,1015,2368.0,2654.0
int__tai30_20_01,1906,1016,2438.0,2753.0
int__tai30_20_01,1906,1017,2513.0,2828.0
int__tai30_20_01,1906,1018,2391.0,2699.0
int__tai30_20_01,1906,1019,2437.0,2720.0
int__tai30_20_01,1906,1020,2343.0,2647.0
int__tai30_20_01,1906,1021,2446.0,2741.0
int__tai30_20_01,1906,1022,2506.0,2806.0
int__tai30_20_01,1906,1023,2435.0,2733.0
int__tai30_20_07,1807,0,2143.0,2397.0
int__tai30_20_07,1807,1,2241.0,2547.0
int__tai30_20_07,1807,2,2141.0,2387.0
int__tai30_20_07,1807,3,2155.0,2396.0
int__tai30_20_07,1807,4,2100.0,2359.0
int__tai30_20_07,1807,5,2097.0,2374.0
int__tai30_20_07,1807,6,2141.0,2429.0
int__tai30_20_07,1807,7,2208.0,2506.0
int__tai30_20_07,1807,8,2276.0,2579.0
int__tai30_20_07,1807,9,2222.0,2501.0
int__tai30_20_07,1807,10,2283.0,2591.0
int__tai30_20_07,1807,11,2211.0,2488.0
int__tai30_20_07,1807,12,2156.0,2438.0
int__tai30_20_07,1807,13,2219.0,2532.0
int__tai30_20_07,1807,14,2091.0,2355.0
int__tai30_20_07,1807,15,2156.0,2405.0
int__tai30_20_07,1807,16,2123.0,2421.0
int__tai30_20_07,1807,17,2149.0,2403.0
int__tai30_20_07,1807,18,2119.0,2378.0
int__tai30_20_07,1807,19,2214.0,2488.0
int__tai30_20_07,1807,20,2105.0,2382.0
int__tai30_20_07,1807,21,2155.0,2409.0
int__tai30_20_07,1807,22,2203.0,2470.0
int__tai30_20_07,1807,23,2215.0,2475.0
int__tai30_20_07,1807,24,2194.0,2449.0
int__tai30_20_07,1807,25,2172.0,2446.0
int__tai30_20_07,1807,26,2175.0,2432.0
int__tai30_20_07,1807,27,2246.0,2536.0
int__tai30_20_07,1807,28,2125.0,2401.0
int__tai30_20_07,1807,29,2195.0,2503.0
int__tai30_20_07,1807,30,2238.0,2553.0
int__tai30_20_07,1807,31,2195.0,2485.0
int__tai30_20_07,1807,32,2123.0,2396.0
int__tai30_20_07,1807,33,2151.0,2450.0
int__tai30_20_07,1807,34,2153.0,2399.0
int__tai30_20_07,1807,35,2150.0,2422.0
int__tai30_20_07,1807,36,2108.0,2386.0
int__tai30_20_07,1807,37,2282.0,2520.0
int__tai30_20_07,1807,38,2103.0,2349.0
int__tai30_20_07,1807,39,2200.0,2469.0
int__tai30_20_07,1807,40,2111.0,2380.0
int__tai30_20_07,1807,41,2238.0,2508.0
int__tai30_20_07,1807,42,2307.0,2608.0
int__tai30_20_07,1807,43,2206.0,2449.0
int__tai30_20_07,1807,44,2120.0,2384.0
int__tai30_20_07,1807,45,2195.0,2461.0
int__tai30_20_07,1807,46,2105.0,2410.0
int__tai30_20_07,1807,47,2221.0,2500.0
int__tai30_20_07,1807,48,2233.0,2510.0
int__tai30_20_07,1807,49,2118.0,2362.0
int__tai30_20_07,1807,50,2116.0,2357.0
int__tai30_20_07,1807,51,2163.0,2416.0
int__tai30_20_07,1807,52,2111.0,2372.0
int__tai30_20_07,1807,53,2180.0,2467.0
int__tai30_20_07,1807,54,2128.0,2405.0
int__tai30_20_07,1807,55,2134.0,2365.0
int__tai30_20_07,1807,56,2107.0,2409.0
int__tai30_20_07,1807,57,2297.0,2554.0
int__tai30_20_07,1807,58,2139.0,2403.0
int__tai30_20_07,1807,59,2154.0,2439.0
int__tai30_20_07,1807,60,2090.0,2357.0
int__tai30_20_07,1807,61,2254.0,2515.0
int__tai30_20_07,1807,62,2149.0,2385.0
int__tai30_20_07,1807,63,2192.0,2457.0
int__tai30_20_07,1807,64,2083.0,2315.0
int__tai30_20_07,1807,65,2195.0,2474.0
int__tai30_20_07,1807,66,2188.0,2497.0
int__tai30_20_07,1807,67,2195.0,2540.0
int__tai30_20_07,1807,68,2217.0,2482.0
int__tai30_20_07,1807,69,2157.0,2422.0
int__tai30_20_07,1807,70,2190.0,2457.0
int__tai30_20_07,1807,71,2332.0,2588.0
int__tai30_20_07,1807,72,2186.0,2490.0
int__tai30_20_07,1807,73,2147.0,2421.0
int__tai30_20_07,1807,74,2228.0,2534.0
int__tai30_20_07,1807,75,2154.0,2413.0
int__tai30_20_07,1807,76,2286.0,2582.0
int__tai30_20_07,1807,77,2182.0,2459.0
int__tai30_20_07,1807,78,2211.0,2447.0
int__tai30_20_07,1807,79,2145.0,2413.0
int__tai30_20_07,1807,80,2122.0,2394.0
int__tai30_20_07,1807,81,2208.0,2499.0
int__tai30_20_07,1807,82,2180.0,2454.0
int__tai30_20_07,1807,83,2221.0,2475.0
int__tai30_20_07,1807,84,2219.0,2505.0
int__tai30_20_07,1807,85,2137.0,2387.0
int__tai30_20_07,1807,86,2208.0,2449.0
int__tai30_20_07,1807,87,2178.0,2448.0
int__tai30_20_07,1807,88,2180.0,2455.0
int__tai30_20_07,1807,89,2263.0,2546.0
int__tai30_20_07,1807,90,2157.0,2415.0
int__tai30_20_07,1807,91,2258.0,2521.0
int__tai30_20_07,1807,92,2133.0,2360.0
int__tai30_20_07,1807,93,2092.0,2345.0
int__tai30_20_07,1807,94,2221.0,2508.0
int__tai30_20_07,1807,95,2136.0,2415.0
int__tai30_20_07,1807,96,2088.0,2394.0
int__tai30_20_07,1807,97,2185.0,2464.0
int__tai30_20_07,1807,98,2213.0,2435.0
int__tai30_20_07,1807,99,2125.0,2379.0
int__tai30_20_07,1807,100,2180.0,2453.0
int__tai30_20_07,1807,101,2222.0,2491.0
int__tai30_20_07,1807,102,2136.0,2409.0
int__tai30_20_07,1807,103,2120.0,2412.0
int__tai30_20_07,1807,104,2213.0,2507.0
int__tai30_20_07,1807,105,2157.0,2459.0
int__tai30_20_07,1807,106,2222.0,2519.0
int__tai30_20_07,1807,107,2112.0,2374.0
int__tai30_20_07,1807,108,2293.0,2597.0
int__tai30_20_07,1807,109,2142.0,2474.0
int__tai30_20_07,1807,110,2172.0,2440.0
int__tai30_20_07,1807,111,2188.0,2430.0
int__tai30_20_07,1807,112,2172.0,2469.0
int__tai30_20_07,1807,113,2142.0,2410.0
int__tai30_20_07,1807,114,2163.0,2413.0
int__tai30_20_07,1807,115,2074.0,2349.0
int__tai30_20_07,1807,116,2277.0,2519.0
int__tai30_20_07,1807,117,2165.0,2455.0
int__tai30_20_07,1807,118,2157.0,2413.0
int__tai30_20_07,1807,119,2322.0,2627.0
int__tai30_20_07,1807,120,2217.0,2504.0
int__tai30_20_07,1807,121,2154.0,2406.0
int__tai30_20_07,1807,122,2168.0,2451.0
int__tai30_20_07,1807,123,2171.0,2458.0
int__tai30_20_07,1807,124,2166.0,2417.0
int__tai30_20_07,1807,125,2206.0,2465.0
int__tai30_20_07,1807,126,2140.0,2436.0
int__tai30_20_07,1807,127,2111.0,2393.0
int__tai30_20_07,1807,128,2175.0,2511.0
int__tai30_20_07,1807,129,2219.0,2515.0
int__tai30_20_07,1807,130,2210.0,2461.0
int__tai30_20_07,1807,131,2163.0,2430.0
int__tai30_20_07,1807,132,2196.0,2478.0
int__tai30_20_07,1807,133,2114.0,2364.0
int__tai30_20_07,1807,134,2127.0,2406.0
int__tai30_20_07,1807,135,2193.0,2460.0
int__tai30_20_07,1807,136,2156.0,2433.0
int__tai30_20_07,1807,137,2188.0,2439.0
int__tai30_20_07,1807,138,2160.0,2436.0
int__tai30_20_07,1807,139,2203.0,2489.0
int__tai30_20_07,1807,140,2248.0,2549.0
int__tai30_20_07,1807,141,2169.0,2424.0
int__tai30_20_07,1807,142,2214.0,2502.0
int__tai30_20_07,1807,143,2137.0,2393.0
int__tai30_20_07,1807,144,2091.0,2341.0
int__tai30_20_07,1807,145,2179.0,2400.0
int__tai30_20_07,1807,146,2185.0,2481.0
int__tai30_20_07,1807,147,2186.0,2421.0
int__tai30_20_07,1807,148,2261.0,2542.0
int__tai30_20_07,1807,149,2065.0,2362.0
int__tai30_20_07,1807,150,2105.0,2401.0
int__tai30_20_07,1807,151,2165.0,2475.0
int__tai30_20_07,1807,152,2112.0,2368.0
int__tai30_20_07,1807,153,2140.0,2396.0
int__tai30_20_07,1807,154,2172.0,2437.0
int__tai30_20_07,1807,155,2227.0,2491.0
int__tai30_20_07,1807,156,2216.0,2536.0
int__tai30_20_07,1807,157,2112.0,2390.0
int__tai30_20_07,1807,158,2251.0,2516.0
int__tai30_20_07,1807,159,2166.0,2450.0
int__tai30_20_07,1807,160,2164.0,2444.0
int__tai30_20_07,1807,161,2265.0,2580.0
int__tai30_20_07,1807,162,2201.0,2471.0
int__tai30_20_07,1807,163,2269.0,2574.0
int__tai30_20_07,1807,164,2272.0,2591.0
int__tai30_20_07,1807,165,2194.0,2482.0
int__tai30_20_07,1807,166,2166.0,2454.0
int__tai30_20_07,1807,167,2150.0,2449.0
int__tai30_20_07,1807,168,2240.0,2499.0
int__tai30_20_07,1807,169,2160.0,2406.0
int__tai30_20_07,1807,170,2131.0,2436.0
int__tai30_20_07,1807,171,2169.0,2432.0
int__tai30_20_07,1807,172,2206.0,2467.0
int__tai30_20_07,1807,173,2227.0,2490.0
int__tai30_20_07,1807,174,2088.0,2358.0
int__tai30_20_07,1807,175,2092.0,2348.0
int__tai30_20_07,1807,176,2169.0,2455.0
int__tai30_20_07,1807,177,2190.0,2456.0
int__tai30_20_07,1807,178,2168.0,2421.0
int__tai30_20_07,1807,179,2286.0,2567.0
int__tai30_20_07,1807,180,2179.0,2444.0
int__tai30_20_07,1807,181,2169.0,2460.0
int__tai30_20_07,1807,182,2183.0,2460.0
int__tai30_20_07,1807,183,2310.0,2594.0
int__tai30_20_07,1807,184,2308.0,2583.0
int__tai30_20_07,1807,185,2224.0,2502.0
int__tai30_20_07,1807,186,2208.0,2492.0
int__tai30_20_07,1807,187,2220.0,2486.0
int__tai30_20_07,1807,188,2114.0,2366.0
int__tai30_20_07,1807,189,2099.0,2385.0
int__tai30_20_07,1807,190,2314.0,2573.0
int__tai30_20_07,1807,191,2089.0,2345.0
int__tai30_20_07,1807,192,2167.0,2467.0
int__tai30_20_07,1807,193,2168.0,2430.0
int__tai30_20_07,1807,194,2185.0,2462.0
int__tai30_20_07,1807,195,2090.0,2358.0
int__tai30_20_07,1807,196,2138.0,2424.0
int__tai30_20_07,1807,197,2249.0,2553.0
int__tai30_20_07,1807,198,2205.0,2479.0
int__tai30_20_07,1807,199,2173.0,2470.0
int__tai30_20_07,1807,200,2272.0,2590.0
int__tai30_20_07,1807,201,2105.0,2383.0
int__tai30_20_07,1807,202,2166.0,2434.0
int__tai30_20_07,1807,203,2093.0,2357.0
int__tai30_20_07,1807,204,2123.0,2400.0
int__tai30_20_07,1807,205,2329.0,2621.0
int__tai30_20_07,1807,206,2283.0,2613.0
int__tai30_20_07,1807,207,2194.0,2475.0
int__tai30_20_07,1807,208,2155.0,2435.0
int__tai30_20_07,1807,209,2320.0,2616.0
int__tai30_20_07,1807,210,2146.0,2444.0
int__tai30_20_07,1807,211,2215.0,2508.0
int__tai30_20_07,1807,212,2188.0,2456.0
int__tai30_20_07,1807,213,2130.0,2401.0
int__tai30_20_07,1807,214,2204.0,2489.0
int__tai30_20_07,1807,215,2196.0,2459.0
int__tai30_20_07,1807,216,2174.0,2428.0
int__tai30_20_07,1807,217,2137.0,2446.0
int__tai30_20_07,1807,218,2331.0,2586.0
int__tai30_20_07,1807,219,2192.0,2501.0
int__tai30_20_07,1807,220,2138.0,2388.0
int__tai30_20_07,1807,221,2108.0,2398.0
int__tai30_20_07,1807,222,2107.0,2377.0
int__tai30_20_07,1807,223,2214.0,2420.0
int__tai30_20_07,1807,224,2244.0,2527.0
int__tai30_20_07,1807,225,2183.0,2426.0
int__tai30_20_07,1807,226,2153.0,2417.0
int__tai30_20_07,1807,227,2231.0,2505.0
int__tai30_20_07,1807,228,2191.0,2465.0
int__tai30_20_07,1807,229,2171.0,2454.0
int__tai30_20_07,1807,230,2152.0,2407.0
int__tai30_20_07,1807,231,2227.0,2522.0
int__tai30_20_07,1807,232,2178.0,2459.0
int__tai30_20_07,1807,233,2212.0,2555.0
int__tai30_20_07,1807,234,2237.0,2523.0
int__tai30_20_07,1807,235,2107.0,2459.0
int__tai30_20_07,1807,236,2223.0,2535.0
int__tai30_20_07,1807,237,2176.0,2450.0
int__tai30_20_07,1807,238,2249.0,2536.0
int__tai30_20_07,1807,239,2256.0,2545.0
int__tai30_20_07,1807,240,2156.0,2381.0
int__tai30_20_07,1807,241,2238.0,2499.0
int__tai30_20_07,1807,242,2100.0,2354.0
int__tai30_20_07,1807,243,2168.0,2456.0
int__tai30_20_07,1807,244,2191.0,2505.0
int__tai30_20_07,1807,245,2112.0,2384.0
int__tai30_20_07,1807,246,2205.0,2488.0
int__tai30_20_07,1807,247,2093.0,2367.0
int__tai30_20_07,1807,248,2177.0,2423.0
int__tai30_20_07,1807,249,2113.0,2401.0
int__tai30_20_07,1807,250,2141.0,2379.0
int__tai30_20_07,1807,251,2113.0,2394.0
int__tai30_20_07,1807,252,2178.0,2478.0
int__tai30_20_07,1807,253,2188.0,2472.0
int__tai30_20_07,1807,254,2103.0,2359.0
int__tai30_20_07,1807,255,2243.0,2528.0
int__tai30_20_07,1807,256,2136.0,2425.0
int__tai30_20_07,1807,257,2134.0,2410.0
int__tai30_20_07,1807,258,2084.0,2333.0
int__tai30_20_07,1807,259,2161.0,2427.0
int__tai30_20_07,1807,260,2133.0,2392.0
int__tai30_20_07,1807,261,2079.0,2321.0
int__tai30_20_07,1807,262,2149.0,2405.0
int__tai30_20_07,1807,263,2188.0,2468.0
int__tai30_20_07,1807,264,2117.0,2425.0
int__tai30_20_07,1807,265,2209.0,2457.0
int__tai30_20_07,1807,266,2190.0,2470.0
int__tai30_20_07,1807,267,2082.0,2323.0
int__tai30_20_07,1807,268,2286.0,2558.0
int__tai30_20_07,1807,269,2158.0,2431.0
int__tai30_20_07,1807,270,2243.0,2525.0
int__tai30_20_07,1807,271,2232.0,2498.0
int__tai30_20_07,1807,272,2230.0,2484.0
int__tai30_20_07,1807,273,2117.0,2393.0
int__tai30_20_07,1807,274,2120.0,2370.0
int__tai30_20_07,1807,275,2154.0,2411.0
int__tai30_20_07,1807,276,2123.0,2422.0
int__tai30_20_07,1807,277,2239.0,2499.0
int__tai30_20_07,1807,278,2106.0,2374.0
int__tai30_20_07,1807,279,2202.0,2464.0
int__tai30_20_07,1807,280,2156.0,2416.0
int__tai30_20_07,1807,281,2247.0,2507.0
int__tai30_20_07,1807,282,2183.0,2427.0
int__tai30_20_07,1807,283,2126.0,2382.0
int__tai30_20_07,1807,284,2211.0,2493.0
int__tai30_20_07,1807,285,2229.0,2524.0
int__tai30_20_07,1807,286,2091.0,2363.0
int__tai30_20_07,1807,287,2178.0,2485.0
int__tai30_20_07,1807,288,2099.0,2416.0
int__tai30_20_07,1807,289,2195.0,2476.0
int__tai30_20_07,1807,290,2155.0,2428.0
int__tai30_20_07,1807,291,2108.0,2402.0
int__tai30_20_07,1807,292,2130.0,2417.0
int__tai30_20_07,1807,293,2100.0,2373.0
int__tai30_20_07,1807,294,2129.0,2412.0
int__tai30_20_07,1807,295,2147.0,2455.0
int__tai30_20_07,1807,296,2209.0,2475.0
int__tai30_20_07,1807,297,2113.0,2395.0
int__tai30_20_07,1807,298,2241.0,2491.0
int__tai30_20_07,1807,299,2192.0,2446.0
int__tai30_20_07,1807,300,2129.0,2413.0
int__tai30_20_07,1807,301,2197.0,2473.0
int__tai30_20_07,1807,302,2250.0,2549.0
int__tai30_20_07,1807,303,2214.0,2538.0
int__tai30_20_07,1807,304,2201.0,2463.0
int__tai30_20_07,1807,305,2138.0,2467.0
int__tai30_20_07,1807,306,2129.0,2417.0
int__tai30_20_07,1807,307,2102.0,2366.0
int__tai30_20_07,1807,308,2141.0,2394.0
int__tai30_20_07,1807,309,2223.0,2509.0
int__tai30_20_07,1807,310,2260.0,2576.0
int__tai30_20_07,1807,311,2149.0,2427.0
int__tai30_20_07,1807,312,2169.0,2445.0
int__tai30_20_07,1807,313,2081.0,2347.0
int__tai30_20_07,1807,314,2108.0,2345.0
int__tai30_20_07,1807,315,2126.0,2409.0
int__tai30_20_07,1807,316,2170.0,2453.0
int__tai30_20_07,1807,317,2090.0,2344.0
int__tai30_20_07,1807,318,2174.0,2410.0
int__tai30_20_07,1807,319,2213.0,2483.0
int__tai30_20_07,1807,320,2245.0,2516.0
int__tai30_20_07,1807,321,2115.0,2378.0
int__tai30_20_07,1807,322,2166.0,2436.0
int__tai30_20_07,1807,323,2180.0,2429.0
int__tai30_20_07,1807,324,2097.0,2370.0
int__tai30_20_07,1807,325,2294.0,2575.0
int__tai30_20_07,1807,326,2246.0,2502.0
int__tai30_20_07,1807,327,2110.0,2376.0
int__tai30_20_07,1807,328,2094.0,2337.0
int__tai30_20_07,1807,329,2109.0,2374.0
int__tai30_20_07,1807,330,2181.0,2444.0
int__tai30_20_07,1807,331,2178.0,2447.0
int__tai30_20_07,1807,332,2097.0,2362.0
int__tai30_20_07,1807,333,2205.0,2484.0
int__tai30_20_07,1807,334,2098.0,2368.0
int__tai30_20_07,1807,335,2164.0,2432.0
int__tai30_20_07,1807,336,2134.0,2416.0
int__tai30_20_07,1807,337,2195.0,2485.0
int__tai30_20_07,1807,338,2329.0,2616.0
int__tai30_20_07,1807,339,2138.0,2377.0
int__tai30_20_07,1807,340,2118.0,2430.0
int__tai30_20_07,1807,341,2161.0,2434.0
int__tai30_20_07,1807,342,2148.0,2414.0
int__tai30_20_07,1807,343,2238.0,2529.0
int__tai30_20_07,1807,344,2148.0,2397.0
int__tai30_20_07,1807,345,2082.0,2341.0
int__tai30_20_07,1807,346,2113.0,2382.0
int__tai30_20_07,1807,347,2247.0,2489.0
int__tai30_20_07,1807,348,2125.0,2380.0
int__tai30_20_07,1807,349,2313.0,2586.0
int__tai30_20_07,1807,350,2257.0,2475.0
int__tai30_20_07,1807,351,2086.0,2342.0
int__tai30_20_07,1807,352,2049.0,2322.0
int__tai30_20_07,1807,353,2135.0,2423.0
int__tai30_20_07,1807,354,2227.0,2489.0
int__tai30_20_07,1807,355,2217.0,2505.0
int__tai30_20_07,1807,356,2235.0,2501.0
int__tai30_20_07,1807,357,2161.0,2447.0
int__tai30_20_07,1807,358,2157.0,2423.0
int__tai30_20_07,1807,359,2098.0,2359.0
int__tai30_20_07,1807,360,2150.0,2399.0
int__tai30_20_07,1807,361,2121.0,2417.0
int__tai30_20_07,1807,362,2140.0,2422.0
int__tai30_20_07,1807,363,2119.0,2381.0
int__tai30_20_07,1807,364,2186.0,2461.0
int__tai30_20_07,1807,365,2177.0,2433.0
int__tai30_20_07,1807,366,2135.0,2406.0
int__tai30_20_07,1807,367,2114.0,2383.0
int__tai30_20_07,1807,368,2081.0,2347.0
int__tai30_20_07,1807,369,2173.0,2410.0
int__tai30_20_07,1807,370,2211.0,2484.0
int__tai30_20_07,1807,371,2244.0,2538.0
int__tai30_20_07,1807,372,2137.0,2412.0
int__tai30_20_07,1807,373,2119.0,2375.0
int__tai30_20_07,1807,374,2251.0,2543.0
int__tai30_20_07,1807,375,2205.0,2458.0
int__tai30_20_07,1807,376,2135.0,2428.0
int__tai30_20_07,1807,377,2149.0,2421.0
int__tai30_20_07,1807,378,2252.0,2556.0
int__tai30_20_07,1807,379,2164.0,2473.0
int__tai30_20_07,1807,380,2282.0,2561.0
int__tai30_20_07,1807,381,2176.0,2469.0
int__tai30_20_07,1807,382,2235.0,2519.0
int__tai30_20_07,1807,383,2188.0,2448.0
int__tai30_20_07,1807,384,2190.0,2463.0
int__tai30_20_07,1807,385,2132.0,2418.0
int__tai30_20_07,1807,386,2103.0,2357.0
int__tai30_20_07,1807,387,2169.0,2447.0
int__tai30_20_07,1807,388,2237.0,2522.0
int__tai30_20_07,1807,389,2113.0,2393.0
int__tai30_20_07,1807,390,2150.0,2416.0
int__tai30_20_07,1807,391,2213.0,2499.0
int__tai30_20_07,1807,392,2097.0,2398.0
int__tai30_20_07,1807,393,2274.0,2566.0
int__tai30_20_07,1807,394,2077.0,2361.0
int__tai30_20_07,1807,395,2118.0,2397.0
int__tai30_20_07,1807,396,2117.0,2379.0
int__tai30_20_07,1807,397,2115.0,2411.0
int__tai30_20_07,1807,398,2174.0,2450.0
int__tai30_20_07,1807,399,2198.0,2469.0
int__tai30_20_07,1807,400,2097.0,2347.0
int__tai30_20_07,1807,401,2242.0,2554.0
int__tai30_20_07,1807,402,2198.0,2466.0
int__tai30_20_07,1807,403,2136.0,2425.0
int__tai30_20_07,1807,404,2168.0,2479.0
int__tai30_20_07,1807,405,2211.0,2458.0
int__tai30_20_07,1807,406,2275.0,2546.0
int__tai30_20_07,1807,407,2105.0,2365.0
int__tai30_20_07,1807,408,2153.0,2418.0
int__tai30_20_07,1807,409,2180.0,2467.0
int__tai30_20_07,1807,410,2158.0,2427.0
int__tai30_20_07,1807,411,2212.0,2502.0
int__tai30_20_07,1807,412,2114.0,2371.0
int__tai30_20_07,1807,413,2154.0,2413.0
int__tai30_20_07,1807,414,2287.0,2589.0
int__tai30_20_07,1807,415,2226.0,2489.0
int__tai30_20_07,1807,416,2157.0,2398.0
int__tai30_20_07,1807,417,2113.0,2387.0
int__tai30_20_07,1807,418,2229.0,2529.0
int__tai30_20_07,1807,419,2171.0,2452.0
int__tai30_20_07,1807,420,2135.0,2448.0
int__tai30_20_07,1807,421,2119.0,2403.0
int__tai30_20_07,1807,422,2119.0,2416.0
int__tai30_20_07,1807,423,2131.0,2400.0
int__tai30_20_07,1807,424,2211.0,2474.0
int__tai30_20_07,1807,425,2107.0,2373.0
int__tai30_20_07,1807,426,2152.0,2409.0
int__tai30_20_07,1807,427,2099.0,2361.0
int__tai30_20_07,1807,428,2134.0,2417.0
int__tai30_20_07,1807,429,2147.0,2455.0
int__tai30_20_07,1807,430,2174.0,2444.0
int__tai30_20_07,1807,431,2210.0,2492.0
int__tai30_20_07,1807,432,2179.0,2455.0
int__tai30_20_07,1807,433,2123.0,2450.0
int__tai30_20_07,1807,434,2180.0,2436.0
int__tai30_20_07,1807,435,2186.0,2496.0
int__tai30_20_07,1807,436,2099.0,2364.0
int__tai30_20_07,1807,437,2150.0,2412.0
int__tai30_20_07,1807,438,2218.0,2477.0
int__tai30_20_07,1807,439,2220.0,2497.0
int__tai30_20_07,1807,440,2161.0,2416.0
int__tai30_20_07,1807,441,2224.0,2453.0
int__tai30_20_07,1807,442,2194.0,2469.0
int__tai30_20_07,1807,443,2133.0,2403.0
int__tai30_20_07,1807,444,2196.0,2467.0
int__tai30_20_07,1807,445,2158.0,2465.0
int__tai30_20_07,1807,446,2176.0,2432.0
int__tai30_20_07,1807,447,2127.0,2431.0
int__tai30_20_07,1807,448,2160.0,2439.0
int__tai30_20_07,1807,449,2133.0,2396.0
int__tai30_20_07,1807,450,2154.0,2440.0
int__tai30_20_07,1807,451,2154.0,2414.0
int__tai30_20_07,1807,452,2139.0,2380.0
int__tai30_20_07,1807,453,2236.0,2500.0
int__tai30_20_07,1807,454,2156.0,2474.0
int__tai30_20_07,1807,455,2161.0,2417.0
int__tai30_20_07,1807,456,2155.0,2424.0
int__tai30_20_07,1807,457,2192.0,2479.0
int__tai30_20_07,1807,458,2125.0,2400.0
int__tai30_20_07,1807,459,2158.0,2436.0
int__tai30_20_07,1807,460,2162.0,2400.0
int__tai30_20_07,1807,461,2249.0,2503.0
int__tai30_20_07,1807,462,2195.0,2508.0
int__tai30_20_07,1807,463,2171.0,2436.0
int__tai30_20_07,1807,464,2126.0,2396.0
int__tai30_20_07,1807,465,2096.0,2327.0
int__tai30_20_07,1807,466,2086.0,2350.0
int__tai30_20_07,1807,467,2094.0,2342.0
int__tai30_20_07,1807,468,2168.0,2449.0
int__tai30_20_07,1807,469,2153.0,2414.0
int__tai30_20_07,1807,470,2166.0,2451.0
int__tai30_20_07,1807,471,2141.0,2394.0
int__tai30_20_07,1807,472,2306.0,2610.0
int__tai30_20_07,1807,473,2124.0,2388.0
int__tai30_20_07,1807,474,2149.0,2411.0
int__tai30_20_07,1807,475,2211.0,2455.0
int__tai30_20_07,1807,476,2256.0,2552.0
int__tai30_20_07,1807,477,2159.0,2411.0
int__tai30_20_07,1807,478,2118.0,2376.0
int__tai30_20_07,1807,479,2170.0,2439.0
int__tai30_20_07,1807,480,2196.0,2474.0
int__tai30_20_07,1807,481,2169.0,2432.0
int__tai30_20_07,1807,482,2152.0,2404.0
int__tai30_20_07,1807,483,2169.0,2413.0
int__tai30_20_07,1807,484,2140.0,2423.0
int__tai30_20_07,1807,485,2089.0,2354.0
int__tai30_20_07,1807,486,2147.0,2432.0
int__tai30_20_07,1807,487,2156.0,2441.0
int__tai30_20_07,1807,488,2216.0,2469.0
int__tai30_20_07,1807,489,2083.0,2337.0
int__tai30_20_07,1807,490,2286.0,2569.0
int__tai30_20_07,1807,491,2223.0,2497.0
int__tai30_20_07,1807,492,2240.0,2515.0
int__tai30_20_07,1807,493,2115.0,2393.0
int__tai30_20_07,1807,494,2195.0,2481.0
int__tai30_20_07,1807,495,2113.0,2389.0
int__tai30_20_07,1807,496,2184.0,2476.0
int__tai30_20_07,1807,497,2369.0,2625.0
int__tai30_20_07,1807,498,2274.0,2558.0
int__tai30_20_07,1807,499,2140.0,2421.0
int__tai30_20_07,1807,500,2129.0,2409.0
int__tai30_20_07,1807,501,2248.0,2492.0
int__tai30_20_07,1807,502,2134.0,2438.0
int__tai30_20_07,1807,503,2237.0,2522.0
int__tai30_20_07,1807,504,2213.0,2466.0
int__tai30_20_07,1807,505,2267.0,2540.0
int__tai30_20_07,1807,506,2111.0,2377.0
int__tai30_20_07,1807,507,2257.0,2522.0
int__tai30_20_07,1807,508,2152.0,2432.0
int__tai30_20_07,1807,509,2193.0,2496.0
int__tai30_20_07,1807,510,2170.0,2433.0
int__tai30_20_07,1807,511,2114.0,2375.0
int__tai30_20_07,1807,512,2151.0,2455.0
int__tai30_20_07,1807,513,2156.0,2429.0
int__tai30_20_07,1807,514,2129.0,2422.0
int__tai30_20_07,1807,515,2121.0,2373.0
int__tai30_20_07,1807,516,2165.0,2420.0
int__tai30_20_07,1807,517,2188.0,2433.0
int__tai30_20_07,1807,518,2365.0,2651.0
int__tai30_20_07,1807,519,2128.0,2384.0
int__tai30_20_07,1807,520,2156.0,2466.0
int__tai30_20_07,1807,521,2167.0,2504.0
int__tai30_20_07,1807,522,2117.0,2387.0
int__tai30_20_07,1807,523,2151.0,2465.0
int__tai30_20_07,1807,524,2185.0,2417.0
int__tai30_20_07,1807,525,2111.0,2403.0
int__tai30_20_07,1807,526,2197.0,2475.0
int__tai30_20_07,1807,527,2181.0,2422.0
int__tai30_20_07,1807,528,2148.0,2383.0
int__tai30_20_07,1807,529,2224.0,2531.0
int__tai30_20_07,1807,530,2203.0,2500.0
int__tai30_20_07,1807,531,2269.0,2580.0
int__tai30_20_07,1807,532,2162.0,2434.0
int__tai30_20_07,1807,533,2160.0,2454.0
int__tai30_20_07,1807,534,2256.0,2546.0
int__tai30_20_07,1807,535,2244.0,2499.0
int__tai30_20_07,1807,536,2273.0,2585.0
int__tai30_20_07,1807,537,2129.0,2392.0
int__tai30_20_07,1807,538,2248.0,2496.0
int__tai30_20_07,1807,539,2142.0,2399.0
int__tai30_20_07,1807,540,2127.0,2404.0
int__tai30_20_07,1807,541,2204.0,2494.0
int__tai30_20_07,1807,542,2093.0,2375.0
int__tai30_20_07,1807,543,2241.0,2530.0
int__tai30_20_07,1807,544,2184.0,2420.0
int__tai30_20_07,1807,545,2151.0,2404.0
int__tai30_20_07,1807,546,2134.0,2423.0
int__tai30_20_07,1807,547,2145.0,2382.0
int__tai30_20_07,1807,548,2178.0,2501.0
int__tai30_20_07,1807,549,2077.0,2369.0
int__tai30_20_07,1807,550,2078.0,2325.0
int__tai30_20_07,1807,551,2083.0,2390.0
int__tai30_20_07,1807,552,2164.0,2435.0
int__tai30_20_07,1807,553,2163.0,2440.0
int__tai30_20_07,1807,554,2221.0,2476.0
int__tai30_20_07,1807,555,2195.0,2462.0
int__tai30_20_07,1807,556,2163.0,2416.0
int__tai30_20_07,1807,557,2253.0,2556.0
int__tai30_20_07,1807,558,2209.0,2496.0
int__tai30_20_07,1807,559,2181.0,2467.0
int__tai30_20_07,1807,560,2142.0,2389.0
int__tai30_20_07,1807,561,2116.0,2403.0
int__tai30_20_07,1807,562,2145.0,2425.0
int__tai30_20_07,1807,563,2160.0,2424.0
int__tai30_20_07,1807,564,2090.0,2362.0
int__tai30_20_07,1807,565,2173.0,2470.0
int__tai30_20_07,1807,566,2148.0,2448.0
int__tai30_20_07,1807,567,2201.0,2495.0
int__tai30_20_07,1807,568,2236.0,2515.0
int__tai30_20_07,1807,569,2306.0,2540.0
int__tai30_20_07,1807,570,2149.0,2434.0
int__tai30_20_07,1807,571,2242.0,2565.0
int__tai30_20_07,1807,572,2196.0,2437.0
int__tai30_20_07,1807,573,2209.0,2497.0
int__tai30_20_07,1807,574,2207.0,2516.0
int__tai30_20_07,1807,575,2209.0,2480.0
int__tai30_20_07,1807,576,2145.0,2447.0
int__tai30_20_07,1807,577,2266.0,2577.0
int__tai30_20_07,1807,578,2213.0,2487.0
int__tai30_20_07,1807,579,2221.0,2482.0
int__tai30_20_07,1807,580,2180.0,2467.0
int__tai30_20_07,1807,581,2131.0,2417.0
int__tai30_20_07,1807,582,2138.0,2397.0
int__tai30_20_07,1807,583,2098.0,2357.0
int__tai30_20_07,1807,584,2179.0,2488.0
int__tai30_20_07,1807,585,2238.0,2499.0
int__tai30_20_07,1807,586,2126.0,2375.0
int__tai30_20_07,1807,587,2149.0,2422.0
int__tai30_20_07,1807,588,2259.0,2519.0
int__tai30_20_07,1807,589,2153.0,2434.0
int__tai30_20_07,1807,590,2085.0,2337.0
int__tai30_20_07,1807,591,2085.0,2329.0
int__tai30_20_07,1807,592,2136.0,2431.0
int__tai30_20_07,1807,593,2164.0,2438.0
int__tai30_20_07,1807,594,2200.0,2457.0
int__tai30_20_07,1807,595,2254.0,2513.0
int__tai30_20_07,1807,596,2274.0,2563.0
int__tai30_20_07,1807,597,2207.0,2462.0
int__tai30_20_07,1807,598,2164.0,2434.0
int__tai30_20_07,1807,599,2236.0,2478.0
int__tai30_20_07,1807,600,2212.0,2484.0
int__tai30_20_07,1807,601,2125.0,2402.0
int__tai30_20_07,1807,602,2116.0,2380.0
int__tai30_20_07,1807,603,2093.0,2357.0
int__tai30_20_07,1807,604,2224.0,2493.0
int__tai30_20_07,1807,605,2126.0,2422.0
int__tai30_20_07,1807,606,2177.0,2463.0
int__tai30_20_07,1807,607,2120.0,2378.0
int__tai30_20_07,1807,608,2169.0,2426.0
int__tai30_20_07,1807,609,2225.0,2518.0
int__tai30_20_07,1807,610,2212.0,2501.0
int__tai30_20_07,1807,611,2162.0,2421.0
int__tai30_20_07,1807,612,2204.0,2499.0
int__tai30_20_07,1807,613,2246.0,2558.0
int__tai30_20_07,1807,614,2099.0,2369.0
int__tai30_20_07,1807,615,2114.0,2377.0
int__tai30_20_07,1807,616,2137.0,2396.0
int__tai30_20_07,1807,617,2125.0,2394.0
int__tai30_20_07,1807,618,2227.0,2478.0
int__tai30_20_07,1807,619,2169.0,2417.0
int__tai30_20_07,1807,620,2095.0,2337.0
int__tai30_20_07,1807,621,2142.0,2408.0
int__tai30_20_07,1807,622,2175.0,2415.0
int__tai30_20_07,1807,623,2203.0,2457.0
int__tai30_20_07,1807,624,2301.0,2554.0
int__tai30_20_07,1807,625,2114.0,2374.0
int__tai30_20_07,1807,626,2267.0,2601.0
int__tai30_20_07,1807,627,2202.0,2499.0
int__tai30_20_07,1807,628,2153.0,2469.0
int__tai30_20_07,1807,629,2198.0,2482.0
int__tai30_20_07,1807,630,2157.0,2447.0
int__tai30_20_07,1807,631,2130.0,2383.0
int__tai30_20_07,1807,632,2175.0,2454.0
int__tai30_20_07,1807,633,2223.0,2466.0
int__tai30_20_07,1807,634,2230.0,2482.0
int__tai30_20_07,1807,635,2276.0,2551.0
int__tai30_20_07,1807,636,2175.0,2431.0
int__tai30_20_07,1807,637,2166.0,2458.0
int__tai30_20_07,1807,638,2196.0,2435.0
int__tai30_20_07,1807,639,2092.0,2363.0
int__tai30_20_07,1807,640,2204.0,2520.0
int__tai30_20_07,1807,641,2121.0,2390.0
int__tai30_20_07,1807,642,2223.0,2494.0
int__tai30_20_07,1807,643,2153.0,2407.0
int__tai30_20_07,1807,644,2182.0,2454.0
int__tai30_20_07,1807,645,2061.0,2327.0
int__tai30_20_07,1807,646,2257.0,2537.0
int__tai30_20_07,1807,647,2109.0,2377.0
int__tai30_20_07,1807,648,2061.0,2314.0
int__tai30_20_07,1807,649,2188.0,2424.0
int__tai30_20_07,1807,650,2098.0,2410.0
int__tai30_20_07,1807,651,2144.0,2443.0
int__tai30_20_07,1807,652,2146.0,2409.0
int__tai30_20_07,1807,653,2195.0,2482.0
int__tai30_20_07,1807,654,2195.0,2455.0
int__tai30_20_07,1807,655,2147.0,2431.0
int__tai30_20_07,1807,656,2191.0,2457.0
int__tai30_20_07,1807,657,2146.0,2392.0
int__tai30_20_07,1807,658,2157.0,2462.0
int__tai30_20_07,1807,659,2204.0,2487.0
int__tai30_20_07,1807,660,2168.0,2424.0
int__tai30_20_07,1807,661,2197.0,2469.0
int__tai30_20_07,1807,662,2170.0,2466.0
int__tai30_20_07,1807,663,2167.0,2451.0
int__tai30_20_07,1807,664,2195.0,2410.0
int__tai30_20_07,1807,665,2212.0,2479.0
int__tai30_20_07,1807,666,2253.0,2489.0
int__tai30_20_07,1807,667,2369.0,2641.0
int__tai30_20_07,1807,668,2125.0,2381.0
int__tai30_20_07,1807,669,2186.0,2468.0
int__tai30_20_07,1807,670,2132.0,2387.0
int__tai30_20_07,1807,671,2135.0,2393.0
int__tai30_20_07,1807,672,2195.0,2422.0
int__tai30_20_07,1807,673,2120.0,2381.0
int__tai30_20_07,1807,674,2168.0,2426.0
int__tai30_20_07,1807,675,2147.0,2396.0
int__tai30_20_07,1807,676,2136.0,2398.0
int__tai30_20_07,1807,677,2070.0,2341.0
int__tai30_20_07,1807,678,2132.0,2415.0
int__tai30_20_07,1807,679,2202.0,2471.0
int__tai30_20_07,1807,680,2045.0,2316.0
int__tai30_20_07,1807,681,2161.0,2435.0
int__tai30_20_07,1807,682,2174.0,2472.0
int__tai30_20_07,1807,683,2166.0,2445.0
int__tai30_20_07,1807,684,2229.0,2467.0
int__tai30_20_07,1807,685,2155.0,2416.0
int__tai30_20_07,1807,686,2192.0,2446.0
int__tai30_20_07,1807,687,2185.0,2393.0
int__tai30_20_07,1807,688,2206.0,2490.0
int__tai30_20_07,1807,689,2174.0,2458.0
int__tai30_20_07,1807,690,2105.0,2361.0
int__tai30_20_07,1807,691,2144.0,2408.0
int__tai30_20_07,1807,692,2199.0,2458.0
int__tai30_20_07,1807,693,2195.0,2442.0
int__tai30_20_07,1807,694,2146.0,2417.0
int__tai30_20_07,1807,695,2156.0,2448.0
int__tai30_20_07,1807,696,2207.0,2461.0
int__tai30_20_07,1807,697,2216.0,2446.0
int__tai30_20_07,1807,698,2175.0,2463.0
int__tai30_20_07,1807,699,2125.0,2389.0
int__tai30_20_07,1807,700,2181.0,2457.0
int__tai30_20_07,1807,701,2099.0,2364.0
int__tai30_20_07,1807,702,2149.0,2415.0
int__tai30_20_07,1807,703,2181.0,2473.0
int__tai30_20_07,1807,704,2141.0,2417.0
int__tai30_20_07,1807,705,2141.0,2413.0
int__tai30_20_07,1807,706,2128.0,2403.0
int__tai30_20_07,1807,707,2127.0,2386.0
int__tai30_20_07,1807,708,2212.0,2476.0
int__tai30_20_07,1807,709,2067.0,2356.0
int__tai30_20_07,1807,710,2141.0,2442.0
int__tai30_20_07,1807,711,2171.0,2415.0
int__tai30_20_07,1807,712,2255.0,2508.0
int__tai30_20_07,1807,713,2278.0,2552.0
int__tai30_20_07,1807,714,2221.0,2514.0
int__tai30_20_07,1807,715,2165.0,2437.0
int__tai30_20_07,1807,716,2146.0,2400.0
int__tai30_20_07,1807,717,2177.0,2438.0
int__tai30_20_07,1807,718,2136.0,2443.0
int__tai30_20_07,1807,719,2087.0,2364.0
int__tai30_20_07,1807,720,2207.0,2485.0
int__tai30_20_07,1807,721,2221.0,2512.0
int__tai30_20_07,1807,722,2191.0,2473.0
int__tai30_20_07,1807,723,2135.0,2400.0
int__tai30_20_07,1807,724,2145.0,2381.0
int__tai30_20_07,1807,725,2167.0,2438.0
int__tai30_20_07,1807,726,2182.0,2479.0
int__tai30_20_07,1807,727,2169.0,2436.0
int__tai30_20_07,1807,728,2046.0,2326.0
int__tai30_20_07,1807,729,2273.0,2568.0
int__tai30_20_07,1807,730,2122.0,2398.0
int__tai30_20_07,1807,731,2231.0,2557.0
int__tai30_20_07,1807,732,2146.0,2398.0
int__tai30_20_07,1807,733,2148.0,2441.0
int__tai30_20_07,1807,734,2144.0,2389.0
int__tai30_20_07,1807,735,2139.0,2383.0
int__tai30_20_07,1807,736,2104.0,2355.0
int__tai30_20_07,1807,737,2126.0,2436.0
int__tai30_20_07,1807,738,2109.0,2376.0
int__tai30_20_07,1807,739,2083.0,2340.0
int__tai30_20_07,1807,740,2128.0,2390.0
int__tai30_20_07,1807,741,2147.0,2420.0
int__tai30_20_07,1807,742,2120.0,2372.0
int__tai30_20_07,1807,743,2244.0,2500.0
int__tai30_20_07,1807,744,2134.0,2428.0
int__tai30_20_07,1807,745,2171.0,2466.0
int__tai30_20_07,1807,746,2189.0,2501.0
int__tai30_20_07,1807,747,2159.0,2397.0
int__tai30_20_07,1807,748,2138.0,2367.0
int__tai30_20_07,1807,749,2169.0,2455.0
int__tai30_20_07,1807,750,2190.0,2467.0
int__tai30_20_07,1807,751,2120.0,2389.0
int__tai30_20_07,1807,752,2126.0,2380.0
int__tai30_20_07,1807,753,2131.0,2409.0
int__tai30_20_07,1807,754,2152.0,2464.0
int__tai30_20_07,1807,755,2261.0,2531.0
int__tai30_20_07,1807,756,2110.0,2380.0
int__tai30_20_07,1807,757,2152.0,2441.0
int__tai30_20_07,1807,758,2168.0,2480.0
int__tai30_20_07,1807,759,2102.0,2345.0
int__tai30_20_07,1807,760,2119.0,2408.0
int__tai30_20_07,1807,761,2112.0,2368.0
int__tai30_20_07,1807,762,2135.0,2391.0
int__tai30_20_07,1807,763,2181.0,2476.0
int__tai30_20_07,1807,764,2175.0,2439.0
int__tai30_20_07,1807,765,2195.0,2476.0
int__tai30_20_07,1807,766,2143.0,2406.0
int__tai30_20_07,1807,767,2141.0,2415.0
int__tai30_20_07,1807,768,2225.0,2489.0
int__tai30_20_07,1807,769,2146.0,2382.0
int__tai30_20_07,1807,770,2090.0,2354.0
int__tai30_20_07,1807,771,2095.0,2378.0
int__tai30_20_07,1807,772,2172.0,2462.0
int__tai30_20_07,1807,773,2084.0,2345.0
int__tai30_20_07,1807,774,2176.0,2406.0
int__tai30_20_07,1807,775,2308.0,2617.0
int__tai30_20_07,1807,776,2254.0,2533.0
int__tai30_20_07,1807,777,2139.0,2410.0
int__tai30_20_07,1807,778,2251.0,2512.0
int__tai30_20_07,1807,779,2129.0,2388.0
int__tai30_20_07,1807,780,2189.0,2478.0
int__tai30_20_07,1807,781,2123.0,2403.0
int__tai30_20_07,1807,782,2240.0,2573.0
int__tai30_20_07,1807,783,2106.0,2373.0
int__tai30_20_07,1807,784,2186.0,2447.0
int__tai30_20_07,1807,785,2137.0,2424.0
int__tai30_20_07,1807,786,2155.0,2417.0
int__tai30_20_07,1807,787,2182.0,2442.0
int__tai30_20_07,1807,788,2118.0,2365.0
int__tai30_20_07,1807,789,2160.0,2462.0
int__tai30_20_07,1807,790,2239.0,2499.0
int__tai30_20_07,1807,791,2173.0,2460.0
int__tai30_20_07,1807,792,2128.0,2394.0
int__tai30_20_07,1807,793,2131.0,2394.0
int__tai30_20_07,1807,794,2177.0,2425.0
int__tai30_20_07,1807,795,2185.0,2451.0
int__tai30_20_07,1807,796,2253.0,2554.0
int__tai30_20_07,1807,797,2142.0,2449.0
int__tai30_20_07,1807,798,2136.0,2383.0
int__tai30_20_07,1807,799,2143.0,2398.0
int__tai30_20_07,1807,800,2165.0,2403.0
int__tai30_20_07,1807,801,2148.0,2415.0
int__tai30_20_07,1807,802,2195.0,2460.0
int__tai30_20_07,1807,803,2141.0,2420.0
int__tai30_20_07,1807,804,2175.0,2478.0
int__tai30_20_07,1807,805,2205.0,2449.0
int__tai30_20_07,1807,806,2127.0,2373.0
int__tai30_20_07,1807,807,2193.0,2505.0
int__tai30_20_07,1807,808,2151.0,2443.0
int__tai30_20_07,1807,809,2252.0,2512.0
int__tai30_20_07,1807,810,2302.0,2602.0
int__tai30_20_07,1807,811,2106.0,2378.0
int__tai30_20_07,1807,812,2192.0,2449.0
int__tai30_20_07,1807,813,2247.0,2474.0
int__tai30_20_07,1807,814,2221.0,2502.0
int__tai30_20_07,1807,815,2170.0,2414.0
int__tai30_20_07,1807,816,2317.0,2589.0
int__tai30_20_07,1807,817,2173.0,2426.0
int__tai30_20_07,1807,818,2144.0,2418.0
int__tai30_20_07,1807,819,2137.0,2381.0
int__tai30_20_07,1807,820,2108.0,2387.0
int__tai30_20_07,1807,821,2265.0,2523.0
int__tai30_20_07,1807,822,2223.0,2493.0
int__tai30_20_07,1807,823,2132.0,2423.0
int__tai30_20_07,1807,824,2180.0,2429.0
int__tai30_20_07,1807,825,2096.0,2368.0
int__tai30_20_07,1807,826,2142.0,2419.0
int__tai30_20_07,1807,827,2146.0,2427.0
int__tai30_20_07,1807,828,2206.0,2469.0
int__tai30_20_07,1807,829,2085.0,2341.0
int__tai30_20_07,1807,830,2145.0,2437.0
int__tai30_20_07,1807,831,2127.0,2407.0
int__tai30_20_07,1807,832,2184.0,2444.0
int__tai30_20_07,1807,833,2157.0,2456.0
int__tai30_20_07,1807,834,2120.0,2387.0
int__tai30_20_07,1807,835,2253.0,2536.0
int__tai30_20_07,1807,836,2118.0,2419.0
int__tai30_20_07,1807,837,2331.0,2620.0
int__tai30_20_07,1807,838,2117.0,2384.0
int__tai30_20_07,1807,839,2189.0,2491.0
int__tai30_20_07,1807,840,2121.0,2403.0
int__tai30_20_07,1807,841,2168.0,2439.0
int__tai30_20_07,1807,842,2110.0,2371.0
int__tai30_20_07,1807,843,2169.0,2438.0
int__tai30_20_07,1807,844,2124.0,2386.0
int__tai30_20_07,1807,845,2230.0,2508.0
int__tai30_20_07,1807,846,2177.0,2489.0
int__tai30_20_07,1807,847,2177.0,2411.0
int__tai30_20_07,1807,848,2195.0,2472.0
int__tai30_20_07,1807,849,2280.0,2580.0
int__tai30_20_07,1807,850,2178.0,2429.0
int__tai30_20_07,1807,851,2217.0,2492.0
int__tai30_20_07,1807,852,2224.0,2480.0
int__tai30_20_07,1807,853,2144.0,2396.0
int__tai30_20_07,1807,854,2129.0,2435.0
int__tai30_20_07,1807,855,2146.0,2406.0
int__tai30_20_07,1807,856,2213.0,2515.0
int__tai30_20_07,1807,857,2190.0,2474.0
int__tai30_20_07,1807,858,2081.0,2341.0
int__tai30_20_07,1807,859,2183.0,2436.0
int__tai30_20_07,1807,860,2121.0,2384.0
int__tai30_20_07,1807,861,2146.0,2395.0
int__tai30_20_07,1807,862,2133.0,2420.0
int__tai30_20_07,1807,863,2235.0,2492.0
int__tai30_20_07,1807,864,2187.0,2451.0
int__tai30_20_07,1807,865,2164.0,2438.0
int__tai30_20_07,1807,866,2165.0,2402.0
int__tai30_20_07,1807,867,2202.0,2453.0
int__tai30_20_07,1807,868,2147.0,2452.0
int__tai30_20_07,1807,869,2171.0,2437.0
int__tai30_20_07,1807,870,2179.0,2463.0
int__tai30_20_07,1807,871,2188.0,2480.0
int__tai30_20_07,1807,872,2158.0,2425.0
int__tai30_20_07,1807,873,2247.0,2492.0
int__tai30_20_07,1807,874,2196.0,2480.0
int__tai30_20_07,1807,875,2122.0,2401.0
int__tai30_20_07,1807,876,2150.0,2412.0
int__tai30_20_07,1807,877,2247.0,2560.0
int__tai30_20_07,1807,878,2284.0,2565.0
int__tai30_20_07,1807,879,2171.0,2426.0
int__tai30_20_07,1807,880,2126.0,2433.0
int__tai30_20_07,1807,881,2140.0,2411.0
int__tai30_20_07,1807,882,2243.0,2501.0
int__tai30_20_07,1807,883,2206.0,2455.0
int__tai30_20_07,1807,884,2142.0,2395.0
int__tai30_20_07,1807,885,2142.0,2414.0
int__tai30_20_07,1807,886,2133.0,2455.0
int__tai30_20_07,1807,887,2157.0,2408.0
int__tai30_20_07,1807,888,2078.0,2346.0
int__tai30_20_07,1807,889,2100.0,2342.0
int__tai30_20_07,1807,890,2206.0,2473.0
int__tai30_20_07,1807,891,2162.0,2443.0
int__tai30_20_07,1807,892,2127.0,2381.0
int__tai30_20_07,1807,893,2276.0,2572.0
int__tai30_20_07,1807,894,2201.0,2451.0
int__tai30_20_07,1807,895,2182.0,2456.0
int__tai30_20_07,1807,896,2176.0,2467.0
int__tai30_20_07,1807,897,2200.0,2500.0
int__tai30_20_07,1807,898,2155.0,2424.0
int__tai30_20_07,1807,899,2123.0,2391.0
int__tai30_20_07,1807,900,2155.0,2413.0
int__tai30_20_07,1807,901,2171.0,2439.0
int__tai30_20_07,1807,902,2167.0,2424.0
int__tai30_20_07,1807,903,2194.0,2487.0
int__tai30_20_07,1807,904,2215.0,2498.0
int__tai30_20_07,1807,905,2087.0,2343.0
int__tai30_20_07,1807,906,2125.0,2377.0
int__tai30_20_07,1807,907,2201.0,2466.0
int__tai30_20_07,1807,908,2140.0,2411.0
int__tai30_20_07,1807,909,2151.0,2445.0
int__tai30_20_07,1807,910,2098.0,2389.0
int__tai30_20_07,1807,911,2161.0,2456.0
int__tai30_20_07,1807,912,2229.0,2508.0
int__tai30_20_07,1807,913,2205.0,2472.0
int__tai30_20_07,1807,914,2213.0,2508.0
int__tai30_20_07,1807,915,2185.0,2453.0
int__tai30_20_07,1807,916,2187.0,2474.0
int__tai30_20_07,1807,917,2172.0,2443.0
int__tai30_20_07,1807,918,2161.0,2405.0
int__tai30_20_07,1807,919,2187.0,2459.0
int__tai30_20_07,1807,920,2183.0,2415.0
int__tai30_20_07,1807,921,2162.0,2412.0
int__tai30_20_07,1807,922,2194.0,2436.0
int__tai30_20_07,1807,923,2142.0,2410.0
int__tai30_20_07,1807,924,2140.0,2421.0
int__tai30_20_07,1807,925,2083.0,2347.0
int__tai30_20_07,1807,926,2253.0,2475.0
int__tai30_20_07,1807,927,2139.0,2409.0
int__tai30_20_07,1807,928,2123.0,2447.0
int__tai30_20_07,1807,929,2124.0,2393.0
int__tai30_20_07,1807,930,2153.0,2420.0
int__tai30_20_07,1807,931,2136.0,2371.0
int__tai30_20_07,1807,932,2138.0,2398.0
int__tai30_20_07,1807,933,2110.0,2375.0
int__tai30_20_07,1807,934,2169.0,2435.0
int__tai30_20_07,1807,935,2119.0,2381.0
int__tai30_20_07,1807,936,2123.0,2385.0
int__tai30_20_07,1807,937,2146.0,2400.0
int__tai30_20_07,1807,938,2224.0,2486.0
int__tai30_20_07,1807,939,2185.0,2470.0
int__tai30_20_07,1807,940,2139.0,2423.0
int__tai30_20_07,1807,941,2143.0,2434.0
int__tai30_20_07,1807,942,2128.0,2396.0
int__tai30_20_07,1807,943,2169.0,2458.0
int__tai30_20_07,1807,944,2249.0,2532.0
int__tai30_20_07,1807,945,2165.0,2410.0
int__tai30_20_07,1807,946,2328.0,2594.0
int__tai30_20_07,1807,947,2140.0,2402.0
int__tai30_20_07,1807,948,2161.0,2410.0
int__tai30_20_07,1807,949,2093.0,2378.0
int__tai30_20_07,1807,950,2408.0,2649.0
int__tai30_20_07,1807,951,2169.0,2411.0
int__tai30_20_07,1807,952,2099.0,2344.0
int__tai30_20_07,1807,953,2086.0,2346.0
int__tai30_20_07,1807,954,2199.0,2456.0
int__tai30_20_07,1807,955,2170.0,2458.0
int__tai30_20_07,1807,956,2239.0,2493.0
int__tai30_20_07,1807,957,2202.0,2453.0
int__tai30_20_07,1807,958,2212.0,2465.0
int__tai30_20_07,1807,959,2188.0,2519.0
int__tai30_20_07,1807,960,2224.0,2480.0
int__tai30_20_07,1807,961,2151.0,2476.0
int__tai30_20_07,1807,962,2097.0,2361.0
int__tai30_20_07,1807,963,2197.0,2446.0
int__tai30_20_07,1807,964,2167.0,2467.0
int__tai30_20_07,1807,965,2183.0,2494.0
int__tai30_20_07,1807,966,2167.0,2453.0
int__tai30_20_07,1807,967,2289.0,2607.0
int__tai30_20_07,1807,968,2127.0,2398.0
int__tai30_20_07,1807,969,2155.0,2416.0
int__tai30_20_07,1807,970,2183.0,2464.0
int__tai30_20_07,1807,971,2116.0,2391.0
int__tai30_20_07,1807,972,2267.0,2512.0
int__tai30_20_07,1807,973,2085.0,2385.0
int__tai30_20_07,1807,974,2135.0,2456.0
int__tai30_20_07,1807,975,2110.0,2387.0
int__tai30_20_07,1807,976,2246.0,2511.0
int__tai30_20_07,1807,977,2208.0,2483.0
int__tai30_20_07,1807,978,2205.0,2495.0
int__tai30_20_07,1807,979,2182.0,2459.0
int__tai30_20_07,1807,980,2089.0,2302.0
int__tai30_20_07,1807,981,2172.0,2386.0
int__tai30_20_07,1807,982,2118.0,2377.0
int__tai30_20_07,1807,983,2220.0,2515.0
int__tai30_20_07,1807,984,2138.0,2390.0
int__tai30_20_07,1807,985,2283.0,2546.0
int__tai30_20_07,1807,986,2209.0,2513.0
int__tai30_20_07,1807,987,2158.0,2438.0
int__tai30_20_07,1807,988,2143.0,2427.0
int__tai30_20_07,1807,989,2161.0,2432.0
int__tai30_20_07,1807,990,2112.0,2415.0
int__tai30_20_07,1807,991,2374.0,2700.0
int__tai30_20_07,1807,992,2172.0,2450.0
int__tai30_20_07,1807,993,2248.0,2498.0
int__tai30_20_07,1807,994,2144.0,2404.0
int__tai30_20_07,1807,995,2127.0,2409.0
int__tai30_20_07,1807,996,2132.0,2422.0
int__tai30_20_07,1807,997,2164.0,2420.0
int__tai30_20_07,1807,998,2147.0,2398.0
int__tai30_20_07,1807,999,2216.0,2461.0
int__tai30_20_07,1807,1000,2137.0,2415.0
int__tai30_20_07,1807,1001,2134.0,2435.0
int__tai30_20_07,1807,1002,2083.0,2354.0
int__tai30_20_07,1807,1003,2192.0,2482.0
int__tai30_20_07,1807,1004,2165.0,2435.0
int__tai30_20_07,1807,1005,2078.0,2358.0
int__tai30_20_07,1807,1006,2244.0,2566.0
int__tai30_20_07,1807,1007,2159.0,2463.0
int__tai30_20_07,1807,1008,2112.0,2388.0
int__tai30_20_07,1807,1009,2157.0,2414.0
int__tai30_20_07,1807,1010,2235.0,2487.0
int__tai30_20_07,1807,1011,2113.0,2384.0
int__tai30_20_07,1807,1012,2176.0,2463.0
int__tai30_20_07,1807,1013,2171.0,2419.0
int__tai30_20_07,1807,1014,2126.0,2357.0
int__tai30_20_07,1807,1015,2086.0,2382.0
int__tai30_20_07,1807,1016,2209.0,2474.0
int__tai30_20_07,1807,1017,2154.0,2420.0
int__tai30_20_07,1807,1018,2158.0,2442.0
int__tai30_20_07,1807,1019,2157.0,2449.0
int__tai30_20_07,1807,1020,2128.0,2392.0
int__tai30_20_07,1807,1021,2212.0,2509.0
int__tai30_20_07,1807,1022,2126.0,2361.0
int__tai30_20_07,1807,1023,2150.0,2419.0
int__tai50_15_03,2717,0,2827.0,3246.0
int__tai50_15_03,2717,1,2906.0,3338.0
int__tai50_15_03,2717,2,2869.0,3265.0
int__tai50_15_03,2717,3,2796.0,3227.0
int__tai50_15_03,2717,4,2842.0,3266.0
int__tai50_15_03,2717,5,2910.0,3327.0
int__tai50_15_03,2717,6,2775.0,3180.0
int__tai50_15_03,2717,7,2781.0,3178.0
int__tai50_15_03,2717,8,2771.0,3157.0
int__tai50_15_03,2717,9,2789.0,3206.0
int__tai50_15_03,2717,10,2785.0,3181.0
int__tai50_15_03,2717,11,2837.0,3248.0
int__tai50_15_03,2717,12,2798.0,3208.0
int__tai50_15_03,2717,13,2798.0,3212.0
int__tai50_15_03,2717,14,2865.0,3294.0
int__tai50_15_03,2717,15,2832.0,3226.0
int__tai50_15_03,2717,16,2951.0,3338.0
int__tai50_15_03,2717,17,2829.0,3234.0
int__tai50_15_03,2717,18,2805.0,3239.0
int__tai50_15_03,2717,19,2898.0,3322.0
int__tai50_15_03,2717,20,2851.0,3267.0
int__tai50_15_03,2717,21,2984.0,3410.0
int__tai50_15_03,2717,22,2855.0,3234.0
int__tai50_15_03,2717,23,2831.0,3253.0
int__tai50_15_03,2717,24,2851.0,3256.0
int__tai50_15_03,2717,25,2946.0,3382.0
int__tai50_15_03,2717,26,2903.0,3327.0
int__tai50_15_03,2717,27,2895.0,3300.0
int__tai50_15_03,2717,28,2884.0,3281.0
int__tai50_15_03,2717,29,2840.0,3275.0
int__tai50_15_03,2717,30,2841.0,3257.0
int__tai50_15_03,2717,31,2836.0,3195.0
int__tai50_15_03,2717,32,2874.0,3295.0
int__tai50_15_03,2717,33,2858.0,3270.0
int__tai50_15_03,2717,34,2860.0,3215.0
int__tai50_15_03,2717,35,2830.0,3216.0
int__tai50_15_03,2717,36,2897.0,3298.0
int__tai50_15_03,2717,37,2869.0,3261.0
int__tai50_15_03,2717,38,2870.0,3220.0
int__tai50_15_03,2717,39,2791.0,3227.0
int__tai50_15_03,2717,40,2963.0,3378.0
int__tai50_15_03,2717,41,2858.0,3275.0
int__tai50_15_03,2717,42,2826.0,3251.0
int__tai50_15_03,2717,43,2852.0,3322.0
int__tai50_15_03,2717,44,2856.0,3308.0
int__tai50_15_03,2717,45,2833.0,3254.0
int__tai50_15_03,2717,46,2908.0,3346.0
int__tai50_15_03,2717,47,2820.0,3244.0
int__tai50_15_03,2717,48,2928.0,3304.0
int__tai50_15_03,2717,49,2845.0,3218.0
int__tai50_15_03,2717,50,2841.0,3242.0
int__tai50_15_03,2717,51,2846.0,3252.0
int__tai50_15_03,2717,52,2804.0,3214.0
int__tai50_15_03,2717,53,2797.0,3197.0
int__tai50_15_03,2717,54,2844.0,3268.0
int__tai50_15_03,2717,55,2862.0,3282.0
int__tai50_15_03,2717,56,2862.0,3247.0
int__tai50_15_03,2717,57,2851.0,3277.0
int__tai50_15_03,2717,58,2784.0,3189.0
int__tai50_15_03,2717,59,2942.0,3422.0
int__tai50_15_03,2717,60,2815.0,3202.0
int__tai50_15_03,2717,61,2845.0,3233.0
int__tai50_15_03,2717,62,2754.0,3163.0
int__tai50_15_03,2717,63,2922.0,3318.0
int__tai50_15_03,2717,64,2786.0,3219.0
int__tai50_15_03,2717,65,2841.0,3269.0
int__tai50_15_03,2717,66,2864.0,3288.0
int__tai50_15_03,2717,67,2885.0,3293.0
int__tai50_15_03,2717,68,2784.0,3204.0
int__tai50_15_03,2717,69,2824.0,3201.0
int__tai50_15_03,2717,70,2846.0,3283.0
int__tai50_15_03,2717,71,2864.0,3268.0
int__tai50_15_03,2717,72,2832.0,3240.0
int__tai50_15_03,2717,73,2810.0,3209.0
int__tai50_15_03,2717,74,2784.0,3190.0
int__tai50_15_03,2717,75,2850.0,3274.0
int__tai50_15_03,2717,76,2801.0,3179.0
int__tai50_15_03,2717,77,2958.0,3345.0
int__tai50_15_03,2717,78,2833.0,3257.0
int__tai50_15_03,2717,79,2856.0,3219.0
int__tai50_15_03,2717,80,2882.0,3324.0
int__tai50_15_03,2717,81,2834.0,3207.0
int__tai50_15_03,2717,82,2805.0,3280.0
int__tai50_15_03,2717,83,2822.0,3221.0
int__tai50_15_03,2717,84,2791.0,3183.0
int__tai50_15_03,2717,85,2869.0,3281.0
int__tai50_15_03,2717,86,2884.0,3275.0
int__tai50_15_03,2717,87,2848.0,3267.0
int__tai50_15_03,2717,88,2858.0,3331.0
int__tai50_15_03,2717,89,2904.0,3298.0
int__tai50_15_03,2717,90,2912.0,3321.0
int__tai50_15_03,2717,91,2892.0,3295.0
int__tai50_15_03,2717,92,2783.0,3204.0
int__tai50_15_03,2717,93,2913.0,3285.0
int__tai50_15_03,2717,94,2805.0,3249.0
int__tai50_15_03,2717,95,2826.0,3232.0
int__tai50_15_03,2717,96,2967.0,3360.0
int__tai50_15_03,2717,97,2847.0,3231.0
int__tai50_15_03,2717,98,2805.0,3226.0
int__tai50_15_03,2717,99,2817.0,3176.0
int__tai50_15_03,2717,100,2867.0,3262.0
int__tai50_15_03,2717,101,2839.0,3198.0
int__tai50_15_03,2717,102,2861.0,3214.0
int__tai50_15_03,2717,103,2915.0,3347.0
int__tai50_15_03,2717,104,2884.0,3270.0
int__tai50_15_03,2717,105,2826.0,3228.0
int__tai50_15_03,2717,106,2916.0,3353.0
int__tai50_15_03,2717,107,2830.0,3238.0
int__tai50_15_03,2717,108,2942.0,3343.0
int__tai50_15_03,2717,109,2792.0,3196.0
int__tai50_15_03,2717,110,2869.0,3303.0
int__tai50_15_03,2717,111,2860.0,3282.0
int__tai50_15_03,2717,112,2782.0,3182.0
int__tai50_15_03,2717,113,2841.0,3255.0
int__tai50_15_03,2717,114,2844.0,3289.0
int__tai50_15_03,2717,115,2763.0,3211.0
int__tai50_15_03,2717,116,2795.0,3221.0
int__tai50_15_03,2717,117,2817.0,3242.0
int__tai50_15_03,2717,118,2828.0,3242.0
int__tai50_15_03,2717,119,2854.0,3251.0
int__tai50_15_03,2717,120,2912.0,3381.0
int__tai50_15_03,2717,121,2799.0,3244.0
int__tai50_15_03,2717,122,2848.0,3270.0
int__tai50_15_03,2717,123,2844.0,3292.0
int__tai50_15_03,2717,124,2846.0,3235.0
int__tai50_15_03,2717,125,2881.0,3287.0
int__tai50_15_03,2717,126,2806.0,3205.0
int__tai50_15_03,2717,127,2859.0,3264.0
int__tai50_15_03,2717,128,2759.0,3191.0
int__tai50_15_03,2717,129,2831.0,3246.0
int__tai50_15_03,2717,130,2807.0,3242.0
int__tai50_15_03,2717,131,2869.0,3269.0
int__tai50_15_03,2717,132,2820.0,3203.0
int__tai50_15_03,2717,133,2846.0,3293.0
int__tai50_15_03,2717,134,2817.0,3169.0
int__tai50_15_03,2717,135,2916.0,3353.0
int__tai50_15_03,2717,136,2814.0,3224.0
int__tai50_15_03,2717,137,2824.0,3216.0
int__tai50_15_03,2717,138,2900.0,3300.0
int__tai50_15_03,2717,139,2817.0,3224.0
int__tai50_15_03,2717,140,2841.0,3261.0
int__tai50_15_03,2717,141,2898.0,3340.0
int__tai50_15_03,2717,142,2787.0,3200.0
int__tai50_15_03,2717,143,2865.0,3271.0
int__tai50_15_03,2717,144,2860.0,3302.0
int__tai50_15_03,2717,145,2827.0,3271.0
int__tai50_15_03,2717,146,2908.0,3250.0
int__tai50_15_03,2717,147,2827.0,3219.0
int__tai50_15_03,2717,148,2815.0,3236.0
int__tai50_15_03,2717,149,2887.0,3210.0
int__tai50_15_03,2717,150,2895.0,3270.0
int__tai50_15_03,2717,151,2850.0,3263.0
int__tai50_15_03,2717,152,2872.0,3289.0
int__tai50_15_03,2717,153,2769.0,3160.0
int__tai50_15_03,2717,154,2824.0,3200.0
int__tai50_15_03,2717,155,2819.0,3201.0
int__tai50_15_03,2717,156,2898.0,3285.0
int__tai50_15_03,2717,157,2821.0,3266.0
int__tai50_15_03,2717,158,2800.0,3193.0
int__tai50_15_03,2717,159,2803.0,3208.0
int__tai50_15_03,2717,160,2886.0,3269.0
int__tai50_15_03,2717,161,2807.0,3218.0
int__tai50_15_03,2717,162,2889.0,3293.0
int__tai50_15_03,2717,163,2801.0,3191.0
int__tai50_15_03,2717,164,2794.0,3173.0
int__tai50_15_03,2717,165,2830.0,3234.0
int__tai50_15_03,2717,166,2835.0,3223.0
int__tai50_15_03,2717,167,2847.0,3256.0
int__tai50_15_03,2717,168,2861.0,3284.0
int__tai50_15_03,2717,169,2821.0,3230.0
int__tai50_15_03,2717,170,2816.0,3245.0
int__tai50_15_03,2717,171,2897.0,3320.0
int__tai50_15_03,2717,172,2869.0,3275.0
int__tai50_15_03,2717,173,2851.0,3253.0
int__tai50_15_03,2717,174,2892.0,3281.0
int__tai50_15_03,2717,175,2908.0,3304.0
int__tai50_15_03,2717,176,2814.0,3208.0
int__tai50_15_03,2717,177,2784.0,3184.0
int__tai50_15_03,2717,178,2860.0,3273.0
int__tai50_15_03,2717,179,2860.0,3244.0
int__tai50_15_03,2717,180,2850.0,3275.0
int__tai50_15_03,2717,181,2933.0,3398.0
int__tai50_15_03,2717,182,2777.0,3186.0
int__tai50_15_03,2717,183,2774.0,3195.0
int__tai50_15_03,2717,184,2895.0,3293.0
int__tai50_15_03,2717,185,2872.0,3278.0
int__tai50_15_03,2717,186,2775.0,3208.0
int__tai50_15_03,2717,187,2816.0,3232.0
int__tai50_15_03,2717,188,2886.0,3294.0
int__tai50_15_03,2717,189,2791.0,3169.0
int__tai50_15_03,2717,190,2809.0,3254.0
int__tai50_15_03,2717,191,2823.0,3217.0
int__tai50_15_03,2717,192,2816.0,3231.0
int__tai50_15_03,2717,193,2841.0,3272.0
int__tai50_15_03,2717,194,2865.0,3292.0
int__tai50_15_03,2717,195,2822.0,3253.0
int__tai50_15_03,2717,196,2858.0,3291.0
int__tai50_15_03,2717,197,2738.0,3165.0
int__tai50_15_03,2717,198,2854.0,3199.0
int__tai50_15_03,2717,199,2882.0,3258.0
int__tai50_15_03,2717,200,2820.0,3267.0
int__tai50_15_03,2717,201,2858.0,3245.0
int__tai50_15_03,2717,202,2827.0,3211.0
int__tai50_15_03,2717,203,2972.0,3389.0
int__tai50_15_03,2717,204,2938.0,3331.0
int__tai50_15_03,2717,205,2802.0,3234.0
int__tai50_15_03,2717,206,2884.0,3340.0
int__tai50_15_03,2717,207,2820.0,3242.0
int__tai50_15_03,2717,208,2836.0,3283.0
int__tai50_15_03,2717,209,2873.0,3287.0
int__tai50_15_03,2717,210,2862.0,3284.0
int__tai50_15_03,2717,211,2818.0,3211.0
int__tai50_15_03,2717,212,2794.0,3176.0
int__tai50_15_03,2717,213,2867.0,3228.0
int__tai50_15_03,2717,214,2783.0,3210.0
int__tai50_15_03,2717,215,2827.0,3251.0
int__tai50_15_03,2717,216,2935.0,3370.0
int__tai50_15_03,2717,217,2809.0,3185.0
int__tai50_15_03,2717,218,2826.0,3220.0
int__tai50_15_03,2717,219,2761.0,3229.0
int__tai50_15_03,2717,220,2923.0,3336.0
int__tai50_15_03,2717,221,2811.0,3183.0
int__tai50_15_03,2717,222,2927.0,3374.0
int__tai50_15_03,2717,223,2799.0,3186.0
int__tai50_15_03,2717,224,2857.0,3289.0
int__tai50_15_03,2717,225,2855.0,3237.0
int__tai50_15_03,2717,226,2821.0,3241.0
int__tai50_15_03,2717,227,2785.0,3244.0
int__tai50_15_03,2717,228,2871.0,3301.0
int__tai50_15_03,2717,229,2794.0,3188.0
int__tai50_15_03,2717,230,2894.0,3314.0
int__tai50_15_03,2717,231,2945.0,3374.0
int__tai50_15_03,2717,232,2813.0,3257.0
int__tai50_15_03,2717,233,2873.0,3241.0
int__tai50_15_03,2717,234,2763.0,3201.0
int__tai50_15_03,2717,235,2837.0,3243.0
int__tai50_15_03,2717,236,2958.0,3361.0
int__tai50_15_03,2717,237,2867.0,3235.0
int__tai50_15_03,2717,238,2825.0,3217.0
int__tai50_15_03,2717,239,2819.0,3188.0
int__tai50_15_03,2717,240,2792.0,3221.0
int__tai50_15_03,2717,241,2861.0,3282.0
int__tai50_15_03,2717,242,2744.0,3168.0
int__tai50_15_03,2717,243,2795.0,3183.0
int__tai50_15_03,2717,244,2847.0,3242.0
int__tai50_15_03,2717,245,2806.0,3209.0
int__tai50_15_03,2717,246,2937.0,3372.0
int__tai50_15_03,2717,247,2853.0,3238.0
int__tai50_15_03,2717,248,2876.0,3294.0
int__tai50_15_03,2717,249,2781.0,3170.0
int__tai50_15_03,2717,250,2876.0,3314.0
int__tai50_15_03,2717,251,2801.0,3155.0
int__tai50_15_03,2717,252,2850.0,3262.0
int__tai50_15_03,2717,253,2865.0,3243.0
int__tai50_15_03,2717,254,2882.0,3278.0
int__tai50_15_03,2717,255,2813.0,3232.0
int__tai50_15_03,2717,256,2888.0,3247.0
int__tai50_15_03,2717,257,2886.0,3313.0
int__tai50_15_03,2717,258,2851.0,3256.0
int__tai50_15_03,2717,259,2850.0,3248.0
int__tai50_15_03,2717,260,2830.0,3214.0
int__tai50_15_03,2717,261,2785.0,3197.0
int__tai50_15_03,2717,262,2819.0,3222.0
int__tai50_15_03,2717,263,2793.0,3240.0
int__tai50_15_03,2717,264,2809.0,3165.0
int__tai50_15_03,2717,265,2840.0,3204.0
int__tai50_15_03,2717,266,2850.0,3223.0
int__tai50_15_03,2717,267,2811.0,3204.0
int__tai50_15_03,2717,268,2900.0,3290.0
int__tai50_15_03,2717,269,2880.0,3260.0
int__tai50_15_03,2717,270,2893.0,3264.0
int__tai50_15_03,2717,271,2915.0,3304.0
int__tai50_15_03,2717,272,2804.0,3158.0
int__tai50_15_03,2717,273,2963.0,3360.0
int__tai50_15_03,2717,274,2814.0,3208.0
int__tai50_15_03,2717,275,2842.0,3259.0
int__tai50_15_03,2717,276,2902.0,3349.0
int__tai50_15_03,2717,277,2789.0,3206.0
int__tai50_15_03,2717,278,2795.0,3214.0
int__tai50_15_03,2717,279,2900.0,3296.0
int__tai50_15_03,2717,280,2834.0,3239.0
int__tai50_15_03,2717,281,2873.0,3309.0
int__tai50_15_03,2717,282,2967.0,3363.0
int__tai50_15_03,2717,283,2834.0,3280.0
int__tai50_15_03,2717,284,2877.0,3323.0
int__tai50_15_03,2717,285,2880.0,3260.0
int__tai50_15_03,2717,286,2883.0,3295.0
int__tai50_15_03,2717,287,2807.0,3201.0
int__tai50_15_03,2717,288,2772.0,3191.0
int__tai50_15_03,2717,289,2821.0,3244.0
int__tai50_15_03,2717,290,2878.0,3289.0
int__tai50_15_03,2717,291,2924.0,3358.0
int__tai50_15_03,2717,292,2815.0,3256.0
int__tai50_15_03,2717,293,2806.0,3243.0
int__tai50_15_03,2717,294,2806.0,3226.0
int__tai50_15_03,2717,295,2790.0,3192.0
int__tai50_15_03,2717,296,2809.0,3232.0
int__tai50_15_03,2717,297,2837.0,3276.0
int__tai50_15_03,2717,298,2873.0,3271.0
int__tai50_15_03,2717,299,2820.0,3227.0
int__tai50_15_03,2717,300,2920.0,3349.0
int__tai50_15_03,2717,301,2787.0,3135.0
int__tai50_15_03,2717,302,2818.0,3218.0
int__tai50_15_03,2717,303,2857.0,3262.0
int__tai50_15_03,2717,304,2894.0,3337.0
int__tai50_15_03,2717,305,2794.0,3211.0
int__tai50_15_03,2717,306,2846.0,3258.0
int__tai50_15_03,2717,307,2829.0,3186.0
int__tai50_15_03,2717,308,2909.0,3367.0
int__tai50_15_03,2717,309,2796.0,3226.0
int__tai50_15_03,2717,310,2872.0,3263.0
int__tai50_15_03,2717,311,2897.0,3309.0
int__tai50_15_03,2717,312,2882.0,3316.0
int__tai50_15_03,2717,313,2846.0,3284.0
int__tai50_15_03,2717,314,2891.0,3260.0
int__tai50_15_03,2717,315,2796.0,3210.0
int__tai50_15_03,2717,316,2945.0,3375.0
int__tai50_15_03,2717,317,2761.0,3171.0
int__tai50_15_03,2717,318,2842.0,3260.0
int__tai50_15_03,2717,319,2846.0,3300.0
int__tai50_15_03,2717,320,2808.0,3235.0
int__tai50_15_03,2717,321,2790.0,3194.0
int__tai50_15_03,2717,322,2836.0,3243.0
int__tai50_15_03,2717,323,2786.0,3190.0
int__tai50_15_03,2717,324,2886.0,3289.0
int__tai50_15_03,2717,325,2745.0,3171.0
int__tai50_15_03,2717,326,2847.0,3265.0
int__tai50_15_03,2717,327,2842.0,3212.0
int__tai50_15_03,2717,328,2847.0,3217.0
int__tai50_15_03,2717,329,2832.0,3242.0
int__tai50_15_03,2717,330,2833.0,3247.0
int__tai50_15_03,2717,331,2818.0,3238.0
int__tai50_15_03,2717,332,2849.0,3213.0
int__tai50_15_03,2717,333,2853.0,3268.0
int__tai50_15_03,2717,334,2803.0,3240.0
int__tai50_15_03,2717,335,2844.0,3251.0
int__tai50_15_03,2717,336,2866.0,3291.0
int__tai50_15_03,2717,337,2796.0,3224.0
int__tai50_15_03,2717,338,2859.0,3253.0
int__tai50_15_03,2717,339,2802.0,3184.0
int__tai50_15_03,2717,340,2824.0,3259.0
int__tai50_15_03,2717,341,2756.0,3161.0
int__tai50_15_03,2717,342,2769.0,3200.0
int__tai50_15_03,2717,343,2832.0,3283.0
int__tai50_15_03,2717,344,2861.0,3316.0
int__tai50_15_03,2717,345,2791.0,3191.0
int__tai50_15_03,2717,346,2757.0,3222.0
int__tai50_15_03,2717,347,2896.0,3305.0
int__tai50_15_03,2717,348,2876.0,3303.0
int__tai50_15_03,2717,349,2895.0,3341.0
int__tai50_15_03,2717,350,2843.0,3263.0
int__tai50_15_03,2717,351,2857.0,3212.0
int__tai50_15_03,2717,352,2882.0,3281.0
int__tai50_15_03,2717,353,2823.0,3235.0
int__tai50_15_03,2717,354,2862.0,3273.0
int__tai50_15_03,2717,355,2908.0,3341.0
int__tai50_15_03,2717,356,2802.0,3235.0
int__tai50_15_03,2717,357,2856.0,3260.0
int__tai50_15_03,2717,358,2829.0,3228.0
int__tai50_15_03,2717,359,2813.0,3191.0
int__tai50_15_03,2717,360,2808.0,3202.0
int__tai50_15_03,2717,361,2885.0,3258.0
int__tai50_15_03,2717,362,2825.0,3194.0
int__tai50_15_03,2717,363,2828.0,3209.0
int__tai50_15_03,2717,364,2860.0,3248.0
int__tai50_15_03,2717,365,2844.0,3270.0
int__tai50_15_03,2717,366,2837.0,3268.0
int__tai50_15_03,2717,367,2797.0,3223.0
int__tai50_15_03,2717,368,2767.0,3174.0
int__tai50_15_03,2717,369,2773.0,3190.0
int__tai50_15_03,2717,370,2882.0,3305.0
int__tai50_15_03,2717,371,2949.0,3376.0
int__tai50_15_03,2717,372,2851.0,3271.0
int__tai50_15_03,2717,373,2882.0,3245.0
int__tai50_15_03,2717,374,2823.0,3208.0
int__tai50_15_03,2717,375,2868.0,3245.0
int__tai50_15_03,2717,376,2846.0,3279.0
int__tai50_15_03,2717,377,2802.0,3228.0
int__tai50_15_03,2717,378,2858.0,3246.0
int__tai50_15_03,2717,379,3016.0,3482.0
int__tai50_15_03,2717,380,2929.0,3389.0
int__tai50_15_03,2717,381,2789.0,3176.0
int__tai50_15_03,2717,382,2839.0,3198.0
int__tai50_15_03,2717,383,2847.0,3221.0
int__tai50_15_03,2717,384,2867.0,3332.0
int__tai50_15_03,2717,385,2863.0,3259.0
int__tai50_15_03,2717,386,2851.0,3249.0
int__tai50_15_03,2717,387,2934.0,3344.0
int__tai50_15_03,2717,388,2761.0,3205.0
int__tai50_15_03,2717,389,2883.0,3346.0
int__tai50_15_03,2717,390,2847.0,3240.0
int__tai50_15_03,2717,391,2890.0,3310.0
int__tai50_15_03,2717,392,2834.0,3208.0
int__tai50_15_03,2717,393,2882.0,3294.0
int__tai50_15_03,2717,394,2849.0,3238.0
int__tai50_15_03,2717,395,2818.0,3249.0
int__tai50_15_03,2717,396,2828.0,3205.0
int__tai50_15_03,2717,397,2825.0,3207.0
int__tai50_15_03,2717,398,2838.0,3262.0
int__tai50_15_03,2717,399,2781.0,3189.0
int__tai50_15_03,2717,400,2798.0,3191.0
int__tai50_15_03,2717,401,2776.0,3189.0
int__tai50_15_03,2717,402,2883.0,3285.0
int__tai50_15_03,2717,403,2797.0,3196.0
int__tai50_15_03,2717,404,2745.0,3186.0
int__tai50_15_03,2717,405,2793.0,3181.0
int__tai50_15_03,2717,406,2859.0,3257.0
int__tai50_15_03,2717,407,2874.0,3276.0
int__tai50_15_03,2717,408,2833.0,3255.0
int__tai50_15_03,2717,409,2849.0,3293.0
int__tai50_15_03,2717,410,2912.0,3341.0
int__tai50_15_03,2717,411,2845.0,3283.0
int__tai50_15_03,2717,412,2879.0,3273.0
int__tai50_15_03,2717,413,2796.0,3201.0
int__tai50_15_03,2717,414,2847.0,3246.0
int__tai50_15_03,2717,415,2788.0,3206.0
int__tai50_15_03,2717,416,2871.0,3272.0
int__tai50_15_03,2717,417,2835.0,3269.0
int__tai50_15_03,2717,418,2889.0,3320.0
int__tai50_15_03,2717,419,2813.0,3176.0
int__tai50_15_03,2717,420,2847.0,3271.0
int__tai50_15_03,2717,421,2837.0,3262.0
int__tai50_15_03,2717,422,2878.0,3292.0
int__tai50_15_03,2717,423,2855.0,3267.0
int__tai50_15_03,2717,424,2802.0,3262.0
int__tai50_15_03,2717,425,2819.0,3252.0
int__tai50_15_03,2717,426,2759.0,3180.0
int__tai50_15_03,2717,427,2807.0,3231.0
int__tai50_15_03,2717,428,2834.0,3229.0
int__tai50_15_03,2717,429,2893.0,3314.0
int__tai50_15_03,2717,430,2922.0,3304.0
int__tai50_15_03,2717,431,2829.0,3260.0
int__tai50_15_03,2717,432,2817.0,3203.0
int__tai50_15_03,2717,433,2810.0,3210.0
int__tai50_15_03,2717,434,2944.0,3388.0
int__tai50_15_03,2717,435,2832.0,3240.0
int__tai50_15_03,2717,436,2892.0,3260.0
int__tai50_15_03,2717,437,2800.0,3183.0
int__tai50_15_03,2717,438,2865.0,3262.0
int__tai50_15_03,2717,439,2743.0,3172.0
int__tai50_15_03,2717,440,2843.0,3250.0
int__tai50_15_03,2717,441,2732.0,3136.0
int__tai50_15_03,2717,442,2815.0,3251.0
int__tai50_15_03,2717,443,2787.0,3218.0
int__tai50_15_03,2717,444,2849.0,3260.0
int__tai50_15_03,2717,445,2847.0,3255.0
int__tai50_15_03,2717,446,2778.0,3209.0
int__tai50_15_03,2717,447,2791.0,3234.0
int__tai50_15_03,2717,448,2902.0,3371.0
int__tai50_15_03,2717,449,2922.0,3306.0
int__tai50_15_03,2717,450,2858.0,3252.0
int__tai50_15_03,2717,451,2855.0,3295.0
int__tai50_15_03,2717,452,2837.0,3239.0
int__tai50_15_03,2717,453,2831.0,3259.0
int__tai50_15_03,2717,454,2867.0,3264.0
int__tai50_15_03,2717,455,2801.0,3255.0
int__tai50_15_03,2717,456,2888.0,3317.0
int__tai50_15_03,2717,457,2793.0,3201.0
int__tai50_15_03,2717,458,2775.0,3205.0
int__tai50_15_03,2717,459,2829.0,3223.0
int__tai50_15_03,2717,460,2905.0,3320.0
int__tai50_15_03,2717,461,2949.0,3308.0
int__tai50_15_03,2717,462,2838.0,3224.0
int__tai50_15_03,2717,463,2889.0,3294.0
int__tai50_15_03,2717,464,2815.0,3202.0
int__tai50_15_03,2717,465,2783.0,3193.0
int__tai50_15_03,2717,466,2818.0,3157.0
int__tai50_15_03,2717,467,2863.0,3257.0
int__tai50_15_03,2717,468,2861.0,3316.0
int__tai50_15_03,2717,469,2840.0,3238.0
int__tai50_15_03,2717,470,2901.0,3306.0
int__tai50_15_03,2717,471,2880.0,3238.0
int__tai50_15_03,2717,472,2763.0,3195.0
int__tai50_15_03,2717,473,2800.0,3224.0
int__tai50_15_03,2717,474,2820.0,3221.0
int__tai50_15_03,2717,475,2876.0,3333.0
int__tai50_15_03,2717,476,2803.0,3205.0
int__tai50_15_03,2717,477,2914.0,3268.0
int__tai50_15_03,2717,478,2789.0,3193.0
int__tai50_15_03,2717,479,2792.0,3196.0
int__tai50_15_03,2717,480,2832.0,3220.0
int__tai50_15_03,2717,481,2819.0,3223.0
int__tai50_15_03,2717,482,2815.0,3241.0
int__tai50_15_03,2717,483,2812.0,3189.0
int__tai50_15_03,2717,484,2801.0,3233.0
int__tai50_15_03,2717,485,2917.0,3291.0
int__tai50_15_03,2717,486,2964.0,3403.0
int__tai50_15_03,2717,487,2872.0,3261.0
int__tai50_15_03,2717,488,2857.0,3255.0
int__tai50_15_03,2717,489,2870.0,3293.0
int__tai50_15_03,2717,490,2846.0,3289.0
int__tai50_15_03,2717,491,2866.0,3297.0
int__tai50_15_03,2717,492,2867.0,3290.0
int__tai50_15_03,2717,493,2777.0,3212.0
int__tai50_15_03,2717,494,2883.0,3266.0
int__tai50_15_03,2717,495,2824.0,3254.0
int__tai50_15_03,2717,496,2777.0,3177.0
int__tai50_15_03,2717,497,2844.0,3251.0
int__tai50_15_03,2717,498,2782.0,3214.0
int__tai50_15_03,2717,499,2835.0,3243.0
int__tai50_15_03,2717,500,2843.0,3248.0
int__tai50_15_03,2717,501,2861.0,3295.0
int__tai50_15_03,2717,502,2808.0,3202.0
int__tai50_15_03,2717,503,2830.0,3208.0
int__tai50_15_03,2717,504,2794.0,3211.0
int__tai50_15_03,2717,505,2805.0,3227.0
int__tai50_15_03,2717,506,2855.0,3243.0
int__tai50_15_03,2717,507,2806.0,3198.0
int__tai50_15_03,2717,508,2968.0,3416.0
int__tai50_15_03,2717,509,2904.0,3343.0
int__tai50_15_03,2717,510,2812.0,3243.0
int__tai50_15_03,2717,511,2851.0,3235.0
int__tai50_15_03,2717,512,2910.0,3344.0
int__tai50_15_03,2717,513,2862.0,3277.0
int__tai50_15_03,2717,514,2822.0,3232.0
int__tai50_15_03,2717,515,2785.0,3209.0
int__tai50_15_03,2717,516,2819.0,3223.0
int__tai50_15_03,2717,517,2809.0,3238.0
int__tai50_15_03,2717,518,2831.0,3225.0
int__tai50_15_03,2717,519,2853.0,3238.0
int__tai50_15_03,2717,520,2803.0,3238.0
int__tai50_15_03,2717,521,2914.0,3310.0
int__tai50_15_03,2717,522,2840.0,3224.0
int__tai50_15_03,2717,523,2849.0,3289.0
int__tai50_15_03,2717,524,2835.0,3214.0
int__tai50_15_03,2717,525,2850.0,3291.0
int__tai50_15_03,2717,526,2853.0,3287.0
int__tai50_15_03,2717,527,2892.0,3222.0
int__tai50_15_03,2717,528,2965.0,3387.0
int__tai50_15_03,2717,529,2918.0,3337.0
int__tai50_15_03,2717,530,2767.0,3150.0
int__tai50_15_03,2717,531,2795.0,3217.0
int__tai50_15_03,2717,532,2831.0,3227.0
int__tai50_15_03,2717,533,2851.0,3276.0
int__tai50_15_03,2717,534,2756.0,3182.0
int__tai50_15_03,2717,535,2911.0,3325.0
int__tai50_15_03,2717,536,2938.0,3328.0
int__tai50_15_03,2717,537,2913.0,3279.0
int__tai50_15_03,2717,538,2788.0,3227.0
int__tai50_15_03,2717,539,2846.0,3256.0
int__tai50_15_03,2717,540,2815.0,3241.0
int__tai50_15_03,2717,541,2843.0,3251.0
int__tai50_15_03,2717,542,2856.0,3231.0
int__tai50_15_03,2717,543,2858.0,3249.0
int__tai50_15_03,2717,544,2855.0,3283.0
int__tai50_15_03,2717,545,2819.0,3196.0
int__tai50_15_03,2717,546,2896.0,3315.0
int__tai50_15_03,2717,547,2885.0,3247.0
int__tai50_15_03,2717,548,2852.0,3237.0
int__tai50_15_03,2717,549,2835.0,3253.0
int__tai50_15_03,2717,550,2795.0,3232.0
int__tai50_15_03,2717,551,2903.0,3307.0
int__tai50_15_03,2717,552,2867.0,3285.0
int__tai50_15_03,2717,553,2903.0,3304.0
int__tai50_15_03,2717,554,2901.0,3301.0
int__tai50_15_03,2717,555,2826.0,3243.0
int__tai50_15_03,2717,556,2864.0,3257.0
int__tai50_15_03,2717,557,2805.0,3201.0
int__tai50_15_03,2717,558,2827.0,3254.0
int__tai50_15_03,2717,559,2875.0,3261.0
int__tai50_15_03,2717,560,2840.0,3238.0
int__tai50_15_03,2717,561,2823.0,3258.0
int__tai50_15_03,2717,562,2926.0,3350.0
int__tai50_15_03,2717,563,2847.0,3221.0
int__tai50_15_03,2717,564,2821.0,3272.0
int__tai50_15_03,2717,565,2831.0,3233.0
int__tai50_15_03,2717,566,2863.0,3246.0
int__tai50_15_03,2717,567,2798.0,3170.0
int__tai50_15_03,2717,568,2848.0,3259.0
int__tai50_15_03,2717,569,2948.0,3362.0
int__tai50_15_03,2717,570,2818.0,3233.0
int__tai50_15_03,2717,571,2803.0,3183.0
int__tai50_15_03,2717,572,2855.0,3302.0
int__tai50_15_03,2717,573,2877.0,3281.0
int__tai50_15_03,2717,574,2839.0,3311.0
int__tai50_15_03,2717,575,2827.0,3239.0
int__tai50_15_03,2717,576,2994.0,3415.0
int__tai50_15_03,2717,577,2840.0,3243.0
int__tai50_15_03,2717,578,2776.0,3153.0
int__tai50_15_03,2717,579,2755.0,3145.0
int__tai50_15_03,2717,580,2882.0,3273.0
int__tai50_15_03,2717,581,2849.0,3264.0
int__tai50_15_03,2717,582,2913.0,3313.0
int__tai50_15_03,2717,583,2816.0,3191.0
int__tai50_15_03,2717,584,2970.0,3374.0
int__tai50_15_03,2717,585,2856.0,3229.0
int__tai50_15_03,2717,586,2894.0,3280.0
int__tai50_15_03,2717,587,2927.0,3324.0
int__tai50_15_03,2717,588,2825.0,3215.0
int__tai50_15_03,2717,589,2802.0,3254.0
int__tai50_15_03,2717,590,2871.0,3298.0
int__tai50_15_03,2717,591,2867.0,3242.0
int__tai50_15_03,2717,592,2876.0,3288.0
int__tai50_15_03,2717,593,2831.0,3246.0
int__tai50_15_03,2717,594,2812.0,3241.0
int__tai50_15_03,2717,595,2797.0,3189.0
int__tai50_15_03,2717,596,2845.0,3231.0
int__tai50_15_03,2717,597,2817.0,3231.0
int__tai50_15_03,2717,598,2902.0,3311.0
int__tai50_15_03,2717,599,2840.0,3221.0
int__tai50_15_03,2717,600,2887.0,3355.0
int__tai50_15_03,2717,601,2855.0,3257.0
int__tai50_15_03,2717,602,2831.0,3270.0
int__tai50_15_03,2717,603,2804.0,3214.0
int__tai50_15_03,2717,604,2764.0,3136.0
int__tai50_15_03,2717,605,2796.0,3214.0
int__tai50_15_03,2717,606,2791.0,3200.0
int__tai50_15_03,2717,607,2834.0,3263.0
int__tai50_15_03,2717,608,2829.0,3245.0
int__tai50_15_03,2717,609,2854.0,3270.0
int__tai50_15_03,2717,610,2792.0,3237.0
int__tai50_15_03,2717,611,2825.0,3229.0
int__tai50_15_03,2717,612,2806.0,3212.0
int__tai50_15_03,2717,613,2837.0,3235.0
int__tai50_15_03,2717,614,2995.0,3461.0
int__tai50_15_03,2717,615,2848.0,3241.0
int__tai50_15_03,2717,616,2865.0,3251.0
int__tai50_15_03,2717,617,2790.0,3220.0
int__tai50_15_03,2717,618,2776.0,3198.0
int__tai50_15_03,2717,619,2897.0,3304.0
int__tai50_15_03,2717,620,2864.0,3234.0
int__tai50_15_03,2717,621,2876.0,3273.0
int__tai50_15_03,2717,622,2878.0,3305.0
int__tai50_15_03,2717,623,2779.0,3188.0
int__tai50_15_03,2717,624,2835.0,3237.0
int__tai50_15_03,2717,625,2829.0,3249.0
int__tai50_15_03,2717,626,2846.0,3252.0
int__tai50_15_03,2717,627,2827.0,3231.0
int__tai50_15_03,2717,628,2836.0,3272.0
int__tai50_15_03,2717,629,2777.0,3206.0
int__tai50_15_03,2717,630,2838.0,3256.0
int__tai50_15_03,2717,631,2816.0,3221.0
int__tai50_15_03,2717,632,2868.0,3293.0
int__tai50_15_03,2717,633,2823.0,3231.0
int__tai50_15_03,2717,634,2865.0,3268.0
int__tai50_15_03,2717,635,2944.0,3347.0
int__tai50_15_03,2717,636,2874.0,3288.0
int__tai50_15_03,2717,637,2856.0,3229.0
int__tai50_15_03,2717,638,2826.0,3247.0
int__tai50_15_03,2717,639,2871.0,3271.0
int__tai50_15_03,2717,640,2795.0,3223.0
int__tai50_15_03,2717,641,2845.0,3271.0
int__tai50_15_03,2717,642,2783.0,3182.0
int__tai50_15_03,2717,643,2825.0,3226.0
int__tai50_15_03,2717,644,2814.0,3205.0
int__tai50_15_03,2717,645,2835.0,3233.0
int__tai50_15_03,2717,646,2838.0,3253.0
int__tai50_15_03,2717,647,2862.0,3250.0
int__tai50_15_03,2717,648,2832.0,3254.0
int__tai50_15_03,2717,649,2806.0,3218.0
int__tai50_15_03,2717,650,2920.0,3324.0
int__tai50_15_03,2717,651,2922.0,3335.0
int__tai50_15_03,2717,652,2855.0,3271.0
int__tai50_15_03,2717,653,2901.0,3310.0
int__tai50_15_03,2717,654,2859.0,3260.0
int__tai50_15_03,2717,655,2792.0,3212.0
int__tai50_15_03,2717,656,2927.0,3290.0
int__tai50_15_03,2717,657,2829.0,3241.0
int__tai50_15_03,2717,658,2845.0,3245.0
int__tai50_15_03,2717,659,2938.0,3341.0
int__tai50_15_03,2717,660,2809.0,3222.0
int__tai50_15_03,2717,661,2880.0,3301.0
int__tai50_15_03,2717,662,2830.0,3218.0
int__tai50_15_03,2717,663,2803.0,3207.0
int__tai50_15_03,2717,664,2822.0,3253.0
int__tai50_15_03,2717,665,3006.0,3360.0
int__tai50_15_03,2717,666,2767.0,3226.0
int__tai50_15_03,2717,667,2799.0,3191.0
int__tai50_15_03,2717,668,2803.0,3258.0
int__tai50_15_03,2717,669,2864.0,3291.0
int__tai50_15_03,2717,670,2782.0,3144.0
int__tai50_15_03,2717,671,2800.0,3175.0
int__tai50_15_03,2717,672,2815.0,3211.0
int__tai50_15_03,2717,673,2899.0,3300.0
int__tai50_15_03,2717,674,2860.0,3263.0
int__tai50_15_03,2717,675,2928.0,3344.0
int__tai50_15_03,2717,676,2952.0,3403.0
int__tai50_15_03,2717,677,2817.0,3223.0
int__tai50_15_03,2717,678,2800.0,3205.0
int__tai50_15_03,2717,679,2928.0,3358.0
int__tai50_15_03,2717,680,2883.0,3314.0
int__tai50_15_03,2717,681,2798.0,3231.0
int__tai50_15_03,2717,682,2837.0,3287.0
int__tai50_15_03,2717,683,2828.0,3243.0
int__tai50_15_03,2717,684,2962.0,3415.0
int__tai50_15_03,2717,685,2797.0,3217.0
int__tai50_15_03,2717,686,2792.0,3211.0
int__tai50_15_03,2717,687,2870.0,3321.0
int__tai50_15_03,2717,688,2805.0,3243.0
int__tai50_15_03,2717,689,2796.0,3211.0
int__tai50_15_03,2717,690,2857.0,3258.0
int__tai50_15_03,2717,691,2830.0,3226.0
int__tai50_15_03,2717,692,2790.0,3208.0
int__tai50_15_03,2717,693,2772.0,3206.0
int__tai50_15_03,2717,694,2856.0,3194.0
int__tai50_15_03,2717,695,2878.0,3252.0
int__tai50_15_03,2717,696,2868.0,3278.0
int__tai50_15_03,2717,697,2905.0,3300.0
int__tai50_15_03,2717,698,2891.0,3334.0
int__tai50_15_03,2717,699,2792.0,3177.0
int__tai50_15_03,2717,700,2798.0,3235.0
int__tai50_15_03,2717,701,2854.0,3245.0
int__tai50_15_03,2717,702,2884.0,3278.0
int__tai50_15_03,2717,703,2909.0,3309.0
int__tai50_15_03,2717,704,2823.0,3254.0
int__tai50_15_03,2717,705,2814.0,3227.0
int__tai50_15_03,2717,706,2892.0,3344.0
int__tai50_15_03,2717,707,2801.0,3216.0
int__tai50_15_03,2717,708,2860.0,3262.0
int__tai50_15_03,2717,709,2827.0,3195.0
int__tai50_15_03,2717,710,2800.0,3226.0
int__tai50_15_03,2717,711,2866.0,3268.0
int__tai50_15_03,2717,712,2920.0,3324.0
int__tai50_15_03,2717,713,2798.0,3193.0
int__tai50_15_03,2717,714,2925.0,3337.0
int__tai50_15_03,2717,715,2808.0,3206.0
int__tai50_15_03,2717,716,2814.0,3235.0
int__tai50_15_03,2717,717,2830.0,3238.0
int__tai50_15_03,2717,718,2840.0,3267.0
int__tai50_15_03,2717,719,2875.0,3273.0
int__tai50_15_03,2717,720,2820.0,3238.0
int__tai50_15_03,2717,721,2786.0,3207.0
int__tai50_15_03,2717,722,2828.0,3240.0
int__tai50_15_03,2717,723,2804.0,3232.0
int__tai50_15_03,2717,724,2829.0,3209.0
int__tai50_15_03,2717,725,2734.0,3122.0
int__tai50_15_03,2717,726,2864.0,3300.0
int__tai50_15_03,2717,727,2814.0,3246.0
int__tai50_15_03,2717,728,2833.0,3232.0
int__tai50_15_03,2717,729,2850.0,3258.0
int__tai50_15_03,2717,730,2948.0,3356.0
int__tai50_15_03,2717,731,2792.0,3234.0
int__tai50_15_03,2717,732,2789.0,3223.0
int__tai50_15_03,2717,733,2959.0,3346.0
int__tai50_15_03,2717,734,2839.0,3290.0
int__tai50_15_03,2717,735,2891.0,3301.0
int__tai50_15_03,2717,736,2869.0,3278.0
int__tai50_15_03,2717,737,2852.0,3267.0
int__tai50_15_03,2717,738,2907.0,3287.0
int__tai50_15_03,2717,739,2875.0,3276.0
int__tai50_15_03,2717,740,2780.0,3189.0
int__tai50_15_03,2717,741,2775.0,3159.0
int__tai50_15_03,2717,742,2841.0,3225.0
int__tai50_15_03,2717,743,2850.0,3230.0
int__tai50_15_03,2717,744,2935.0,3323.0
int__tai50_15_03,2717,745,2729.0,3165.0
int__tai50_15_03,2717,746,2912.0,3329.0
int__tai50_15_03,2717,747,2814.0,3226.0
int__tai50_15_03,2717,748,2812.0,3207.0
int__tai50_15_03,2717,749,2861.0,3251.0
int__tai50_15_03,2717,750,2853.0,3252.0
int__tai50_15_03,2717,751,2816.0,3217.0
int__tai50_15_03,2717,752,2888.0,3318.0
int__tai50_15_03,2717,753,2834.0,3263.0
int__tai50_15_03,2717,754,2803.0,3214.0
int__tai50_15_03,2717,755,2816.0,3237.0
int__tai50_15_03,2717,756,2841.0,3292.0
int__tai50_15_03,2717,757,2838.0,3237.0
int__tai50_15_03,2717,758,2823.0,3213.0
int__tai50_15_03,2717,759,2908.0,3346.0
int__tai50_15_03,2717,760,2819.0,3212.0
int__tai50_15_03,2717,761,2800.0,3222.0
int__tai50_15_03,2717,762,2788.0,3197.0
int__tai50_15_03,2717,763,2930.0,3313.0
int__tai50_15_03,2717,764,2833.0,3236.0
int__tai50_15_03,2717,765,2864.0,3254.0
int__tai50_15_03,2717,766,2897.0,3335.0
int__tai50_15_03,2717,767,2862.0,3291.0
int__tai50_15_03,2717,768,2885.0,3273.0
int__tai50_15_03,2717,769,2887.0,3239.0
int__tai50_15_03,2717,770,2833.0,3225.0
int__tai50_15_03,2717,771,2888.0,3335.0
int__tai50_15_03,2717,772,2741.0,3168.0
int__tai50_15_03,2717,773,2760.0,3157.0
int__tai50_15_03,2717,774,2768.0,3159.0
int__tai50_15_03,2717,775,2808.0,3235.0
int__tai50_15_03,2717,776,2854.0,3246.0
int__tai50_15_03,2717,777,2863.0,3307.0
int__tai50_15_03,2717,778,2826.0,3192.0
int__tai50_15_03,2717,779,2852.0,3220.0
int__tai50_15_03,2717,780,2794.0,3181.0
int__tai50_15_03,2717,781,2854.0,3275.0
int__tai50_15_03,2717,782,2848.0,3255.0
int__tai50_15_03,2717,783,2914.0,3319.0
int__tai50_15_03,2717,784,2846.0,3253.0
int__tai50_15_03,2717,785,2946.0,3349.0
int__tai50_15_03,2717,786,2816.0,3240.0
int__tai50_15_03,2717,787,2835.0,3267.0
int__tai50_15_03,2717,788,2856.0,3269.0
int__tai50_15_03,2717,789,2943.0,3351.0
int__tai50_15_03,2717,790,2797.0,3171.0
int__tai50_15_03,2717,791,2862.0,3235.0
int__tai50_15_03,2717,792,2915.0,3324.0
int__tai50_15_03,2717,793,2810.0,3248.0
int__tai50_15_03,2717,794,2947.0,3375.0
int__tai50_15_03,2717,795,2850.0,3283.0
int__tai50_15_03,2717,796,2926.0,3326.0
int__tai50_15_03,2717,797,2884.0,3269.0
int__tai50_15_03,2717,798,2876.0,3277.0
int__tai50_15_03,2717,799,2892.0,3322.0
int__tai50_15_03,2717,800,2863.0,3277.0
int__tai50_15_03,2717,801,2896.0,3326.0
int__tai50_15_03,2717,802,2851.0,3215.0
int__tai50_15_03,2717,803,2833.0,3223.0
int__tai50_15_03,2717,804,2894.0,3262.0
int__tai50_15_03,2717,805,2807.0,3206.0
int__tai50_15_03,2717,806,2870.0,3250.0
int__tai50_15_03,2717,807,2888.0,3261.0
int__tai50_15_03,2717,808,2882.0,3292.0
int__tai50_15_03,2717,809,2747.0,3139.0
int__tai50_15_03,2717,810,2874.0,3255.0
int__tai50_15_03,2717,811,2845.0,3211.0
int__tai50_15_03,2717,812,2871.0,3268.0
int__tai50_15_03,2717,813,2904.0,3262.0
int__tai50_15_03,2717,814,2946.0,3368.0
int__tai50_15_03,2717,815,2879.0,3225.0
int__tai50_15_03,2717,816,2822.0,3218.0
int__tai50_15_03,2717,817,2866.0,3246.0
int__tai50_15_03,2717,818,2799.0,3137.0
int__tai50_15_03,2717,819,2745.0,3161.0
int__tai50_15_03,2717,820,2836.0,3234.0
int__tai50_15_03,2717,821,2871.0,3257.0
int__tai50_15_03,2717,822,2883.0,3316.0
int__tai50_15_03,2717,823,2774.0,3183.0
int__tai50_15_03,2717,824,2912.0,3347.0
int__tai50_15_03,2717,825,2855.0,3272.0
int__tai50_15_03,2717,826,2845.0,3255.0
int__tai50_15_03,2717,827,2858.0,3222.0
int__tai50_15_03,2717,828,2917.0,3342.0
int__tai50_15_03,2717,829,2846.0,3287.0
int__tai50_15_03,2717,830,2803.0,3207.0
int__tai50_15_03,2717,831,2929.0,3330.0
int__tai50_15_03,2717,832,2910.0,3302.0
int__tai50_15_03,2717,833,2812.0,3221.0
int__tai50_15_03,2717,834,2883.0,3293.0
int__tai50_15_03,2717,835,2871.0,3228.0
int__tai50_15_03,2717,836,2841.0,3246.0
int__tai50_15_03,2717,837,2783.0,3214.0
int__tai50_15_03,2717,838,2820.0,3262.0
int__tai50_15_03,2717,839,2863.0,3274.0
int__tai50_15_03,2717,840,2844.0,3282.0
int__tai50_15_03,2717,841,2887.0,3306.0
int__tai50_15_03,2717,842,2813.0,3196.0
int__tai50_15_03,2717,843,2817.0,3238.0
int__tai50_15_03,2717,844,2918.0,3342.0
int__tai50_15_03,2717,845,2809.0,3216.0
int__tai50_15_03,2717,846,2747.0,3161.0
int__tai50_15_03,2717,847,2864.0,3193.0
int__tai50_15_03,2717,848,2843.0,3261.0
int__tai50_15_03,2717,849,2773.0,3207.0
int__tai50_15_03,2717,850,2870.0,3242.0
int__tai50_15_03,2717,851,2834.0,3282.0
int__tai50_15_03,2717,852,2915.0,3314.0
int__tai50_15_03,2717,853,2849.0,3278.0
int__tai50_15_03,2717,854,2834.0,3246.0
int__tai50_15_03,2717,855,2791.0,3207.0
int__tai50_15_03,2717,856,2827.0,3202.0
int__tai50_15_03,2717,857,2829.0,3262.0
int__tai50_15_03,2717,858,2844.0,3275.0
int__tai50_15_03,2717,859,2849.0,3254.0
int__tai50_15_03,2717,860,2840.0,3275.0
int__tai50_15_03,2717,861,2840.0,3262.0
int__tai50_15_03,2717,862,2852.0,3241.0
int__tai50_15_03,2717,863,2879.0,3257.0
int__tai50_15_03,2717,864,2773.0,3188.0
int__tai50_15_03,2717,865,2854.0,3211.0
int__tai50_15_03,2717,866,2856.0,3256.0
int__tai50_15_03,2717,867,2747.0,3154.0
int__tai50_15_03,2717,868,2872.0,3264.0
int__tai50_15_03,2717,869,2744.0,3149.0
int__tai50_15_03,2717,870,2902.0,3281.0
int__tai50_15_03,2717,871,2872.0,3306.0
int__tai50_15_03,2717,872,2822.0,3211.0
int__tai50_15_03,2717,873,2810.0,3214.0
int__tai50_15_03,2717,874,2836.0,3276.0
int__tai50_15_03,2717,875,2947.0,3315.0
int__tai50_15_03,2717,876,2874.0,3302.0
int__tai50_15_03,2717,877,2847.0,3259.0
int__tai50_15_03,2717,878,2917.0,3357.0
int__tai50_15_03,2717,879,3011.0,3445.0
int__tai50_15_03,2717,880,2800.0,3236.0
int__tai50_15_03,2717,881,2876.0,3304.0
int__tai50_15_03,2717,882,2780.0,3171.0
int__tai50_15_03,2717,883,2905.0,3230.0
int__tai50_15_03,2717,884,2891.0,3362.0
int__tai50_15_03,2717,885,2856.0,3242.0
int__tai50_15_03,2717,886,2920.0,3334.0
int__tai50_15_03,2717,887,2880.0,3255.0
int__tai50_15_03,2717,888,2841.0,3254.0
int__tai50_15_03,2717,889,2862.0,3251.0
int__tai50_15_03,2717,890,2834.0,3217.0
int__tai50_15_03,2717,891,2895.0,3340.0
int__tai50_15_03,2717,892,2818.0,3221.0
int__tai50_15_03,2717,893,2838.0,3221.0
int__tai50_15_03,2717,894,2856.0,3233.0
int__tai50_15_03,2717,895,2836.0,3186.0
int__tai50_15_03,2717,896,2903.0,3308.0
int__tai50_15_03,2717,897,2861.0,3252.0
int__tai50_15_03,2717,898,2890.0,3251.0
int__tai50_15_03,2717,899,2783.0,3184.0
int__tai50_15_03,2717,900,2868.0,3292.0
int__tai50_15_03,2717,901,2856.0,3249.0
int__tai50_15_03,2717,902,2826.0,3125.0
int__tai50_15_03,2717,903,2831.0,3252.0
int__tai50_15_03,2717,904,2962.0,3393.0
int__tai50_15_03,2717,905,2988.0,3388.0
int__tai50_15_03,2717,906,2846.0,3236.0
int__tai50_15_03,2717,907,2776.0,3204.0
int__tai50_15_03,2717,908,2910.0,3315.0
int__tai50_15_03,2717,909,2822.0,3234.0
int__tai50_15_03,2717,910,2837.0,3227.0
int__tai50_15_03,2717,911,2819.0,3240.0
int__tai50_15_03,2717,912,2860.0,3240.0
int__tai50_15_03,2717,913,2772.0,3195.0
int__tai50_15_03,2717,914,2821.0,3220.0
int__tai50_15_03,2717,915,2842.0,3219.0
int__tai50_15_03,2717,916,2746.0,3185.0
int__tai50_15_03,2717,917,2848.0,3274.0
int__tai50_15_03,2717,918,2874.0,3307.0
int__tai50_15_03,2717,919,2888.0,3332.0
int__tai50_15_03,2717,920,2843.0,3243.0
int__tai50_15_03,2717,921,2839.0,3292.0
int__tai50_15_03,2717,922,2895.0,3350.0
int__tai50_15_03,2717,923,2802.0,3211.0
int__tai50_15_03,2717,924,2868.0,3279.0
int__tai50_15_03,2717,925,2859.0,3281.0
int__tai50_15_03,2717,926,2855.0,3257.0
int__tai50_15_03,2717,927,2823.0,3271.0
int__tai50_15_03,2717,928,2910.0,3338.0
int__tai50_15_03,2717,929,2809.0,3208.0
int__tai50_15_03,2717,930,2825.0,3249.0
int__tai50_15_03,2717,931,2910.0,3343.0
int__tai50_15_03,2717,932,2937.0,3331.0
int__tai50_15_03,2717,933,2870.0,3263.0
int__tai50_15_03,2717,934,2857.0,3259.0
int__tai50_15_03,2717,935,2821.0,3255.0
int__tai50_15_03,2717,936,2836.0,3248.0
int__tai50_15_03,2717,937,2902.0,3255.0
int__tai50_15_03,2717,938,2863.0,3277.0
int__tai50_15_03,2717,939,2724.0,3145.0
int__tai50_15_03,2717,940,2809.0,3208.0
int__tai50_15_03,2717,941,2742.0,3136.0
int__tai50_15_03,2717,942,2890.0,3322.0
int__tai50_15_03,2717,943,2825.0,3217.0
int__tai50_15_03,2717,944,2802.0,3220.0
int__tai50_15_03,2717,945,2785.0,3181.0
int__tai50_15_03,2717,946,2888.0,3328.0
int__tai50_15_03,2717,947,2740.0,3123.0
int__tai50_15_03,2717,948,2817.0,3215.0
int__tai50_15_03,2717,949,2866.0,3297.0
int__tai50_15_03,2717,950,2846.0,3279.0
int__tai50_15_03,2717,951,2859.0,3314.0
int__tai50_15_03,2717,952,2821.0,3228.0
int__tai50_15_03,2717,953,2799.0,3175.0
int__tai50_15_03,2717,954,2834.0,3218.0
int__tai50_15_03,2717,955,2881.0,3277.0
int__tai50_15_03,2717,956,2888.0,3305.0
int__tai50_15_03,2717,957,2810.0,3202.0
int__tai50_15_03,2717,958,2932.0,3326.0
int__tai50_15_03,2717,959,2904.0,3289.0
int__tai50_15_03,2717,960,2831.0,3199.0
int__tai50_15_03,2717,961,3012.0,3419.0
int__tai50_15_03,2717,962,2816.0,3233.0
int__tai50_15_03,2717,963,2782.0,3225.0
int__tai50_15_03,2717,964,2861.0,3256.0
int__tai50_15_03,2717,965,2888.0,3259.0
int__tai50_15_03,2717,966,2931.0,3339.0
int__tai50_15_03,2717,967,2787.0,3198.0
int__tai50_15_03,2717,968,2779.0,3178.0
int__tai50_15_03,2717,969,2809.0,3221.0
int__tai50_15_03,2717,970,2860.0,3280.0
int__tai50_15_03,2717,971,2887.0,3316.0
int__tai50_15_03,2717,972,2865.0,3287.0
int__tai50_15_03,2717,973,2821.0,3243.0
int__tai50_15_03,2717,974,2875.0,3287.0
int__tai50_15_03,2717,975,2778.0,3191.0
int__tai50_15_03,2717,976,2914.0,3316.0
int__tai50_15_03,2717,977,2823.0,3230.0
int__tai50_15_03,2717,978,2791.0,3197.0
int__tai50_15_03,2717,979,2795.0,3239.0
int__tai50_15_03,2717,980,2934.0,3327.0
int__tai50_15_03,2717,981,2844.0,3268.0
int__tai50_15_03,2717,982,2868.0,3303.0
int__tai50_15_03,2717,983,2846.0,3231.0
int__tai50_15_03,2717,984,2856.0,3230.0
int__tai50_15_03,2717,985,2799.0,3259.0
int__tai50_15_03,2717,986,2842.0,3234.0
int__tai50_15_03,2717,987,2808.0,3188.0
int__tai50_15_03,2717,988,2864.0,3290.0
int__tai50_15_03,2717,989,2798.0,3228.0
int__tai50_15_03,2717,990,2824.0,3271.0
int__tai50_15_03,2717,991,2846.0,3244.0
int__tai50_15_03,2717,992,2901.0,3283.0
int__tai50_15_03,2717,993,2817.0,3197.0
int__tai50_15_03,2717,994,2774.0,3158.0
int__tai50_15_03,2717,995,2771.0,3210.0
int__tai50_15_03,2717,996,2907.0,3300.0
int__tai50_15_03,2717,997,2815.0,3209.0
int__tai50_15_03,2717,998,2892.0,3302.0
int__tai50_15_03,2717,999,2868.0,3275.0
int__tai50_15_03,2717,1000,2882.0,3304.0
int__tai50_15_03,2717,1001,2864.0,3251.0
int__tai50_15_03,2717,1002,2885.0,3317.0
int__tai50_15_03,2717,1003,2881.0,3291.0
int__tai50_15_03,2717,1004,2795.0,3209.0
int__tai50_15_03,2717,1005,2894.0,3287.0
int__tai50_15_03,2717,1006,2793.0,3213.0
int__tai50_15_03,2717,1007,2816.0,3240.0
int__tai50_15_03,2717,1008,2868.0,3224.0
int__tai50_15_03,2717,1009,2820.0,3196.0
int__tai50_15_03,2717,1010,2928.0,3299.0
int__tai50_15_03,2717,1011,2808.0,3242.0
int__tai50_15_03,2717,1012,2849.0,3279.0
int__tai50_15_03,2717,1013,2828.0,3252.0
int__tai50_15_03,2717,1014,2799.0,3223.0
int__tai50_15_03,2717,1015,2793.0,3217.0
int__tai50_15_03,2717,1016,2799.0,3225.0
int__tai50_15_03,2717,1017,2842.0,3245.0
int__tai50_15_03,2717,1018,2856.0,3302.0
int__tai50_15_03,2717,1019,2826.0,3209.0
int__tai50_15_03,2717,1020,2846.0,3242.0
int__tai50_15_03,2717,1021,2813.0,3254.0
int__tai50_15_03,2717,1022,2854.0,3242.0
int__tai50_15_03,2717,1023,2915.0,3340.0
int__tai50_15_09,2655,0,2905.0,3294.0
int__tai50_15_09,2655,1,2966.0,3378.0
int__tai50_15_09,2655,2,2887.0,3313.0
int__tai50_15_09,2655,3,2944.0,3315.0
int__tai50_15_09,2655,4,2928.0,3352.0
int__tai50_15_09,2655,5,2914.0,3334.0
int__tai50_15_09,2655,6,2946.0,3281.0
int__tai50_15_09,2655,7,2849.0,3242.0
int__tai50_15_09,2655,8,2890.0,3287.0
int__tai50_15_09,2655,9,2904.0,3330.0
int__tai50_15_09,2655,10,2910.0,3349.0
int__tai50_15_09,2655,11,2924.0,3334.0
int__tai50_15_09,2655,12,2988.0,3380.0
int__tai50_15_09,2655,13,2828.0,3248.0
int__tai50_15_09,2655,14,2996.0,3342.0
int__tai50_15_09,2655,15,2922.0,3310.0
int__tai50_15_09,2655,16,2916.0,3299.0
int__tai50_15_09,2655,17,2959.0,3365.0
int__tai50_15_09,2655,18,2965.0,3370.0
int__tai50_15_09,2655,19,2892.0,3278.0
int__tai50_15_09,2655,20,2879.0,3283.0
int__tai50_15_09,2655,21,2947.0,3369.0
int__tai50_15_09,2655,22,2914.0,3309.0
int__tai50_15_09,2655,23,2954.0,3386.0
int__tai50_15_09,2655,24,2897.0,3341.0
int__tai50_15_09,2655,25,2954.0,3332.0
int__tai50_15_09,2655,26,2955.0,3338.0
int__tai50_15_09,2655,27,2950.0,3383.0
int__tai50_15_09,2655,28,2838.0,3200.0
int__tai50_15_09,2655,29,2997.0,3427.0
int__tai50_15_09,2655,30,2910.0,3329.0
int__tai50_15_09,2655,31,2877.0,3232.0
int__tai50_15_09,2655,32,2853.0,3264.0
int__tai50_15_09,2655,33,2933.0,3336.0
int__tai50_15_09,2655,34,2883.0,3241.0
int__tai50_15_09,2655,35,2821.0,3245.0
int__tai50_15_09,2655,36,2942.0,3303.0
int__tai50_15_09,2655,37,2914.0,3333.0
int__tai50_15_09,2655,38,3004.0,3454.0
int__tai50_15_09,2655,39,2780.0,3162.0
int__tai50_15_09,2655,40,2937.0,3327.0
int__tai50_15_09,2655,41,2813.0,3220.0
int__tai50_15_09,2655,42,2991.0,3407.0
int__tai50_15_09,2655,43,2920.0,3291.0
int__tai50_15_09,2655,44,2868.0,3281.0
int__tai50_15_09,2655,45,2898.0,3300.0
int__tai50_15_09,2655,46,2846.0,3297.0
int__tai50_15_09,2655,47,2894.0,3320.0
int__tai50_15_09,2655,48,2893.0,3300.0
int__tai50_15_09,2655,49,2895.0,3343.0
int__tai50_15_09,2655,50,2913.0,3336.0
int__tai50_15_09,2655,51,2995.0,3443.0
int__tai50_15_09,2655,52,2891.0,3292.0
int__tai50_15_09,2655,53,2926.0,3349.0
int__tai50_15_09,2655,54,2833.0,3246.0
int__tai50_15_09,2655,55,2995.0,3355.0
int__tai50_15_09,2655,56,2929.0,3314.0
int__tai50_15_09,2655,57,2887.0,3244.0
int__tai50_15_09,2655,58,2971.0,3404.0
int__tai50_15_09,2655,59,3079.0,3523.0
int__tai50_15_09,2655,60,3037.0,3471.0
int__tai50_15_09,2655,61,2971.0,3353.0
int__tai50_15_09,2655,62,2839.0,3213.0
int__tai50_15_09,2655,63,2915.0,3295.0
int__tai50_15_09,2655,64,2858.0,3274.0
int__tai50_15_09,2655,65,2827.0,3275.0
int__tai50_15_09,2655,66,3010.0,3492.0
int__tai50_15_09,2655,67,2912.0,3338.0
int__tai50_15_09,2655,68,2872.0,3286.0
int__tai50_15_09,2655,69,2956.0,3318.0
int__tai50_15_09,2655,70,2838.0,3240.0
int__tai50_15_09,2655,71,2879.0,3296.0
int__tai50_15_09,2655,72,2969.0,3370.0
int__tai50_15_09,2655,73,2870.0,3274.0
int__tai50_15_09,2655,74,2899.0,3288.0
int__tai50_15_09,2655,75,2910.0,3331.0
int__tai50_15_09,2655,76,2868.0,3294.0
int__tai50_15_09,2655,77,2936.0,3371.0
int__tai50_15_09,2655,78,2901.0,3288.0
int__tai50_15_09,2655,79,2877.0,3269.0
int__tai50_15_09,2655,80,2871.0,3260.0
int__tai50_15_09,2655,81,2915.0,3304.0
int__tai50_15_09,2655,82,2888.0,3298.0
int__tai50_15_09,2655,83,2863.0,3252.0
int__tai50_15_09,2655,84,2915.0,3280.0
int__tai50_15_09,2655,85,2870.0,3278.0
int__tai50_15_09,2655,86,2936.0,3326.0
int__tai50_15_09,2655,87,2874.0,3277.0
int__tai50_15_09,2655,88,2950.0,3345.0
int__tai50_15_09,2655,89,2810.0,3215.0
int__tai50_15_09,2655,90,2845.0,3277.0
int__tai50_15_09,2655,91,2893.0,3302.0
int__tai50_15_09,2655,92,2879.0,3270.0
int__tai50_15_09,2655,93,2946.0,3337.0
int__tai50_15_09,2655,94,2879.0,3254.0
int__tai50_15_09,2655,95,2962.0,3361.0
int__tai50_15_09,2655,96,2921.0,3349.0
int__tai50_15_09,2655,97,2957.0,3344.0
int__tai50_15_09,2655,98,2871.0,3276.0
int__tai50_15_09,2655,99,2912.0,3348.0
int__tai50_15_09,2655,100,2875.0,3267.0
int__tai50_15_09,2655,101,2891.0,3299.0
int__tai50_15_09,2655,102,2958.0,3366.0
int__tai50_15_09,2655,103,2975.0,3399.0
int__tai50_15_09,2655,104,2894.0,3287.0
int__tai50_15_09,2655,105,2894.0,3284.0
int__tai50_15_09,2655,106,2921.0,3302.0
int__tai50_15_09,2655,107,2996.0,3445.0
int__tai50_15_09,2655,108,2908.0,3316.0
int__tai50_15_09,2655,109,2896.0,3273.0
int__tai50_15_09,2655,110,2906.0,3331.0
int__tai50_15_09,2655,111,2848.0,3273.0
int__tai50_15_09,2655,112,2925.0,3313.0
int__tai50_15_09,2655,113,2918.0,3347.0
int__tai50_15_09,2655,114,2891.0,3312.0
int__tai50_15_09,2655,115,2922.0,3294.0
int__tai50_15_09,2655,116,2848.0,3237.0
int__tai50_15_09,2655,117,2925.0,3304.0
int__tai50_15_09,2655,118,2838.0,3252.0
int__tai50_15_09,2655,119,2897.0,3325.0
int__tai50_15_09,2655,120,2918.0,3331.0
int__tai50_15_09,2655,121,2930.0,3355.0
int__tai50_15_09,2655,122,2901.0,3311.0
int__tai50_15_09,2655,123,2882.0,3286.0
int__tai50_15_09,2655,124,2930.0,3319.0
int__tai50_15_09,2655,125,2919.0,3329.0
int__tai50_15_09,2655,126,2974.0,3347.0
int__tai50_15_09,2655,127,2988.0,3408.0
int__tai50_15_09,2655,128,2935.0,3353.0
int__tai50_15_09,2655,129,2955.0,3392.0
int__tai50_15_09,2655,130,2884.0,3315.0
int__tai50_15_09,2655,131,2917.0,3304.0
int__tai50_15_09,2655,132,2948.0,3295.0
int__tai50_15_09,2655,133,2907.0,3319.0
int__tai50_15_09,2655,134,2854.0,3243.0
int__tai50_15_09,2655,135,2919.0,3285.0
int__tai50_15_09,2655,136,2891.0,3307.0
int__tai50_15_09,2655,137,3013.0,3418.0
int__tai50_15_09,2655,138,2846.0,3242.0
int__tai50_15_09,2655,139,2862.0,3273.0
int__tai50_15_09,2655,140,2850.0,3239.0
int__tai50_15_09,2655,141,2938.0,3299.0
int__tai50_15_09,2655,142,2951.0,3338.0
int__tai50_15_09,2655,143,2795.0,3228.0
int__tai50_15_09,2655,144,2893.0,3282.0
int__tai50_15_09,2655,145,2965.0,3354.0
int__tai50_15_09,2655,146,2906.0,3309.0
int__tai50_15_09,2655,147,2935.0,3380.0
int__tai50_15_09,2655,148,2988.0,3415.0
int__tai50_15_09,2655,149,2870.0,3277.0
int__tai50_15_09,2655,150,2911.0,3350.0
int__tai50_15_09,2655,151,2928.0,3355.0
int__tai50_15_09,2655,152,2919.0,3350.0
int__tai50_15_09,2655,153,2949.0,3370.0
int__tai50_15_09,2655,154,2875.0,3244.0
int__tai50_15_09,2655,155,2856.0,3278.0
int__tai50_15_09,2655,156,2913.0,3355.0
int__tai50_15_09,2655,157,2968.0,3352.0
int__tai50_15_09,2655,158,2855.0,3264.0
int__tai50_15_09,2655,159,2879.0,3307.0
int__tai50_15_09,2655,160,2992.0,3372.0
int__tai50_15_09,2655,161,2875.0,3277.0
int__tai50_15_09,2655,162,2901.0,3295.0
int__tai50_15_09,2655,163,2912.0,3340.0
int__tai50_15_09,2655,164,2953.0,3379.0
int__tai50_15_09,2655,165,2941.0,3328.0
int__tai50_15_09,2655,166,2902.0,3296.0
int__tai50_15_09,2655,167,3003.0,3401.0
int__tai50_15_09,2655,168,2952.0,3371.0
int__tai50_15_09,2655,169,2905.0,3303.0
int__tai50_15_09,2655,170,2870.0,3261.0
int__tai50_15_09,2655,171,2900.0,3298.0
int__tai50_15_09,2655,172,2946.0,3331.0
int__tai50_15_09,2655,173,3006.0,3408.0
int__tai50_15_09,2655,174,2879.0,3306.0
int__tai50_15_09,2655,175,2928.0,3334.0
int__tai50_15_09,2655,176,2975.0,3382.0
int__tai50_15_09,2655,177,2892.0,3332.0
int__tai50_15_09,2655,178,2988.0,3426.0
int__tai50_15_09,2655,179,2938.0,3321.0
int__tai50_15_09,2655,180,2938.0,3365.0
int__tai50_15_09,2655,181,2870.0,3268.0
int__tai50_15_09,2655,182,2893.0,3306.0
int__tai50_15_09,2655,183,2841.0,3250.0
int__tai50_15_09,2655,184,2994.0,3438.0
int__tai50_15_09,2655,185,2907.0,3341.0
int__tai50_15_09,2655,186,2950.0,3316.0
int__tai50_15_09,2655,187,2928.0,3350.0
int__tai50_15_09,2655,188,2972.0,3348.0
int__tai50_15_09,2655,189,2877.0,3300.0
int__tai50_15_09,2655,190,2900.0,3331.0
int__tai50_15_09,2655,191,2929.0,3301.0
int__tai50_15_09,2655,192,2917.0,3301.0
int__tai50_15_09,2655,193,2893.0,3281.0
int__tai50_15_09,2655,194,2943.0,3333.0
int__tai50_15_09,2655,195,2851.0,3275.0
int__tai50_15_09,2655,196,2885.0,3288.0
int__tai50_15_09,2655,197,3030.0,3423.0
int__tai50_15_09,2655,198,2849.0,3274.0
int__tai50_15_09,2655,199,2818.0,3217.0
int__tai50_15_09,2655,200,2965.0,3388.0
int__tai50_15_09,2655,201,2865.0,3303.0
int__tai50_15_09,2655,202,2859.0,3287.0
int__tai50_15_09,2655,203,2930.0,3331.0
int__tai50_15_09,2655,204,3025.0,3442.0
int__tai50_15_09,2655,205,2864.0,3271.0
int__tai50_15_09,2655,206,2957.0,3320.0
int__tai50_15_09,2655,207,2844.0,3273.0
int__tai50_15_09,2655,208,2892.0,3304.0
int__tai50_15_09,2655,209,2859.0,3269.0
int__tai50_15_09,2655,210,2953.0,3387.0
int__tai50_15_09,2655,211,2854.0,3235.0
int__tai50_15_09,2655,212,2856.0,3271.0
int__tai50_15_09,2655,213,2940.0,3348.0
int__tai50_15_09,2655,214,2893.0,3288.0
int__tai50_15_09,2655,215,2901.0,3298.0
int__tai50_15_09,2655,216,2984.0,3388.0
int__tai50_15_09,2655,217,2941.0,3337.0
int__tai50_15_09,2655,218,2932.0,3324.0
int__tai50_15_09,2655,219,2940.0,3337.0
int__tai50_15_09,2655,220,2908.0,3337.0
int__tai50_15_09,2655,221,2898.0,3302.0
int__tai50_15_09,2655,222,2931.0,3307.0
int__tai50_15_09,2655,223,2911.0,3299.0
int__tai50_15_09,2655,224,2886.0,3283.0
int__tai50_15_09,2655,225,2840.0,3266.0
int__tai50_15_09,2655,226,2858.0,3255.0
int__tai50_15_09,2655,227,2985.0,3373.0
int__tai50_15_09,2655,228,3061.0,3485.0
int__tai50_15_09,2655,229,2918.0,3290.0
int__tai50_15_09,2655,230,2896.0,3328.0
int__tai50_15_09,2655,231,2926.0,3285.0
int__tai50_15_09,2655,232,2775.0,3156.0
int__tai50_15_09,2655,233,2894.0,3305.0
int__tai50_15_09,2655,234,2961.0,3335.0
int__tai50_15_09,2655,235,2879.0,3268.0
int__tai50_15_09,2655,236,2863.0,3294.0
int__tai50_15_09,2655,237,2842.0,3222.0
int__tai50_15_09,2655,238,3039.0,3452.0
int__tai50_15_09,2655,239,2921.0,3355.0
int__tai50_15_09,2655,240,2870.0,3284.0
int__tai50_15_09,2655,241,2812.0,3173.0
int__tai50_15_09,2655,242,2929.0,3358.0
int__tai50_15_09,2655,243,2954.0,3343.0
int__tai50_15_09,2655,244,2886.0,3261.0
int__tai50_15_09,2655,245,2921.0,3290.0
int__tai50_15_09,2655,246,2948.0,3372.0
int__tai50_15_09,2655,247,2857.0,3276.0
int__tai50_15_09,2655,248,2873.0,3289.0
int__tai50_15_09,2655,249,2878.0,3281.0
int__tai50_15_09,2655,250,2865.0,3263.0
int__tai50_15_09,2655,251,2886.0,3241.0
int__tai50_15_09,2655,252,2906.0,3292.0
int__tai50_15_09,2655,253,2974.0,3385.0
int__tai50_15_09,2655,254,2890.0,3319.0
int__tai50_15_09,2655,255,2875.0,3278.0
int__tai50_15_09,2655,256,2810.0,3233.0
int__tai50_15_09,2655,257,2903.0,3308.0
int__tai50_15_09,2655,258,2927.0,3281.0
int__tai50_15_09,2655,259,2955.0,3369.0
int__tai50_15_09,2655,260,2837.0,3255.0
int__tai50_15_09,2655,261,2979.0,3365.0
int__tai50_15_09,2655,262,2917.0,3330.0
int__tai50_15_09,2655,263,2885.0,3278.0
int__tai50_15_09,2655,264,3009.0,3388.0
int__tai50_15_09,2655,265,2979.0,3358.0
int__tai50_15_09,2655,266,2928.0,3333.0
int__tai50_15_09,2655,267,2857.0,3258.0
int__tai50_15_09,2655,268,2946.0,3363.0
int__tai50_15_09,2655,269,2872.0,3267.0
int__tai50_15_09,2655,270,2945.0,3386.0
int__tai50_15_09,2655,271,2917.0,3327.0
int__tai50_15_09,2655,272,2981.0,3373.0
int__tai50_15_09,2655,273,2806.0,3225.0
int__tai50_15_09,2655,274,2874.0,3242.0
int__tai50_15_09,2655,275,3071.0,3501.0
int__tai50_15_09,2655,276,2982.0,3408.0
int__tai50_15_09,2655,277,2895.0,3274.0
int__tai50_15_09,2655,278,2828.0,3210.0
int__tai50_15_09,2655,279,3039.0,3420.0
int__tai50_15_09,2655,280,2879.0,3255.0
int__tai50_15_09,2655,281,2891.0,3299.0
int__tai50_15_09,2655,282,2961.0,3368.0
int__tai50_15_09,2655,283,2864.0,3256.0
int__tai50_15_09,2655,284,2891.0,3324.0
int__tai50_15_09,2655,285,2852.0,3260.0
int__tai50_15_09,2655,286,2904.0,3319.0
int__tai50_15_09,2655,287,2839.0,3250.0
int__tai50_15_09,2655,288,2975.0,3333.0
int__tai50_15_09,2655,289,2923.0,3299.0
int__tai50_15_09,2655,290,2943.0,3334.0
int__tai50_15_09,2655,291,3061.0,3495.0
int__tai50_15_09,2655,292,2960.0,3364.0
int__tai50_15_09,2655,293,2965.0,3376.0
int__tai50_15_09,2655,294,2914.0,3347.0
int__tai50_15_09,2655,295,2800.0,3196.0
int__tai50_15_09,2655,296,2865.0,3285.0
int__tai50_15_09,2655,297,2853.0,3249.0
int__tai50_15_09,2655,298,2982.0,3368.0
int__tai50_15_09,2655,299,2942.0,3316.0
int__tai50_15_09,2655,300,2939.0,3364.0
int__tai50_15_09,2655,301,2940.0,3315.0
int__tai50_15_09,2655,302,3026.0,3460.0
int__tai50_15_09,2655,303,3018.0,3456.0
int__tai50_15_09,2655,304,2831.0,3248.0
int__tai50_15_09,2655,305,2878.0,3306.0
int__tai50_15_09,2655,306,2895.0,3292.0
int__tai50_15_09,2655,307,2901.0,3324.0
int__tai50_15_09,2655,308,2974.0,3364.0
int__tai50_15_09,2655,309,2904.0,3302.0
int__tai50_15_09,2655,310,2925.0,3340.0
int__tai50_15_09,2655,311,2977.0,3372.0
int__tai50_15_09,2655,312,2835.0,3214.0
int__tai50_15_09,2655,313,2840.0,3251.0
int__tai50_15_09,2655,314,2897.0,3277.0
int__tai50_15_09,2655,315,2952.0,3355.0
int__tai50_15_09,2655,316,2947.0,3349.0
int__tai50_15_09,2655,317,2872.0,3263.0
int__tai50_15_09,2655,318,2921.0,3344.0
int__tai50_15_09,2655,319,2908.0,3305.0
int__tai50_15_09,2655,320,2852.0,3270.0
int__tai50_15_09,2655,321,2921.0,3303.0
int__tai50_15_09,2655,322,2932.0,3307.0
int__tai50_15_09,2655,323,2907.0,3300.0
int__tai50_15_09,2655,324,2957.0,3363.0
int__tai50_15_09,2655,325,3026.0,3419.0
int__tai50_15_09,2655,326,2979.0,3356.0
int__tai50_15_09,2655,327,2894.0,3298.0
int__tai50_15_09,2655,328,2951.0,3367.0
int__tai50_15_09,2655,329,2925.0,3343.0
int__tai50_15_09,2655,330,2899.0,3320.0
int__tai50_15_09,2655,331,2961.0,3356.0
int__tai50_15_09,2655,332,2861.0,3248.0
int__tai50_15_09,2655,333,2908.0,3371.0
int__tai50_15_09,2655,334,2946.0,3359.0
int__tai50_15_09,2655,335,2845.0,3252.0
int__tai50_15_09,2655,336,2966.0,3425.0
int__tai50_15_09,2655,337,2914.0,3310.0
int__tai50_15_09,2655,338,2895.0,3304.0
int__tai50_15_09,2655,339,2911.0,3323.0
int__tai50_15_09,2655,340,2895.0,3291.0
int__tai50_15_09,2655,341,2886.0,3252.0
int__tai50_15_09,2655,342,2884.0,3275.0
int__tai50_15_09,2655,343,3032.0,3433.0
int__tai50_15_09,2655,344,2853.0,3226.0
int__tai50_15_09,2655,345,2824.0,3243.0
int__tai50_15_09,2655,346,2993.0,3419.0
int__tai50_15_09,2655,347,2865.0,3266.0
int__tai50_15_09,2655,348,2967.0,3386.0
int__tai50_15_09,2655,349,2901.0,3294.0
int__tai50_15_09,2655,350,2836.0,3243.0
int__tai50_15_09,2655,351,2897.0,3332.0
int__tai50_15_09,2655,352,2910.0,3342.0
int__tai50_15_09,2655,353,2935.0,3309.0
int__tai50_15_09,2655,354,2893.0,3293.0
int__tai50_15_09,2655,355,2934.0,3353.0
int__tai50_15_09,2655,356,2872.0,3295.0
int__tai50_15_09,2655,357,2949.0,3382.0
int__tai50_15_09,2655,358,2903.0,3311.0
int__tai50_15_09,2655,359,2843.0,3277.0
int__tai50_15_09,2655,360,2944.0,3376.0
int__tai50_15_09,2655,361,2837.0,3270.0
int__tai50_15_09,2655,362,2951.0,3376.0
int__tai50_15_09,2655,363,2921.0,3340.0
int__tai50_15_09,2655,364,3050.0,3467.0
int__tai50_15_09,2655,365,2888.0,3270.0
int__tai50_15_09,2655,366,2904.0,3273.0
int__tai50_15_09,2655,367,2886.0,3295.0
int__tai50_15_09,2655,368,2845.0,3272.0
int__tai50_15_09,2655,369,2957.0,3366.0
int__tai50_15_09,2655,370,2941.0,3325.0
int__tai50_15_09,2655,371,2888.0,3283.0
int__tai50_15_09,2655,372,3005.0,3425.0
int__tai50_15_09,2655,373,2904.0,3334.0
int__tai50_15_09,2655,374,2904.0,3322.0
int__tai50_15_09,2655,375,2880.0,3244.0
int__tai50_15_09,2655,376,2883.0,3288.0
int__tai50_15_09,2655,377,2881.0,3264.0
int__tai50_15_09,2655,378,2988.0,3410.0
int__tai50_15_09,2655,379,2969.0,3417.0
int__tai50_15_09,2655,380,2898.0,3249.0
int__tai50_15_09,2655,381,2896.0,3282.0
int__tai50_15_09,2655,382,2918.0,3284.0
int__tai50_15_09,2655,383,2940.0,3310.0
int__tai50_15_09,2655,384,2939.0,3335.0
int__tai50_15_09,2655,385,2983.0,3377.0
int__tai50_15_09,2655,386,3023.0,3438.0
int__tai50_15_09,2655,387,2820.0,3232.0
int__tai50_15_09,2655,388,2842.0,3248.0
int__tai50_15_09,2655,389,2946.0,3343.0
int__tai50_15_09,2655,390,2909.0,3309.0
int__tai50_15_09,2655,391,2793.0,3203.0
int__tai50_15_09,2655,392,2944.0,3348.0
int__tai50_15_09,2655,393,2876.0,3305.0
int__tai50_15_09,2655,394,2883.0,3304.0
int__tai50_15_09,2655,395,2938.0,3347.0
int__tai50_15_09,2655,396,2902.0,3310.0
int__tai50_15_09,2655,397,2964.0,3379.0
int__tai50_15_09,2655,398,3000.0,3441.0
int__tai50_15_09,2655,399,2921.0,3311.0
int__tai50_15_09,2655,400,2896.0,3327.0
int__tai50_15_09,2655,401,2846.0,3257.0
int__tai50_15_09,2655,402,2905.0,3311.0
int__tai50_15_09,2655,403,2885.0,3247.0
int__tai50_15_09,2655,404,2964.0,3375.0
int__tai50_15_09,2655,405,2891.0,3300.0
int__tai50_15_09,2655,406,2875.0,3276.0
int__tai50_15_09,2655,407,2883.0,3280.0
int__tai50_15_09,2655,408,2875.0,3233.0
int__tai50_15_09,2655,409,2948.0,3328.0
int__tai50_15_09,2655,410,2866.0,3263.0
int__tai50_15_09,2655,411,2920.0,3313.0
int__tai50_15_09,2655,412,2899.0,3322.0
int__tai50_15_09,2655,413,2928.0,3320.0
int__tai50_15_09,2655,414,2939.0,3346.0
int__tai50_15_09,2655,415,2879.0,3301.0
int__tai50_15_09,2655,416,2890.0,3269.0
int__tai50_15_09,2655,417,2920.0,3334.0
int__tai50_15_09,2655,418,2806.0,3213.0
int__tai50_15_09,2655,419,2883.0,3298.0
int__tai50_15_09,2655,420,2918.0,3307.0
int__tai50_15_09,2655,421,2956.0,3366.0
int__tai50_15_09,2655,422,2859.0,3256.0
int__tai50_15_09,2655,423,2934.0,3316.0
int__tai50_15_09,2655,424,2970.0,3348.0
int__tai50_15_09,2655,425,2998.0,3458.0
int__tai50_15_09,2655,426,2894.0,3327.0
int__tai50_15_09,2655,427,2897.0,3280.0
int__tai50_15_09,2655,428,2939.0,3355.0
int__tai50_15_09,2655,429,2951.0,3372.0
int__tai50_15_09,2655,430,2914.0,3364.0
int__tai50_15_09,2655,431,2952.0,3344.0
int__tai50_15_09,2655,432,2999.0,3401.0
int__tai50_15_09,2655,433,2961.0,3313.0
int__tai50_15_09,2655,434,2982.0,3402.0
int__tai50_15_09,2655,435,2889.0,3314.0
int__tai50_15_09,2655,436,2976.0,3384.0
int__tai50_15_09,2655,437,2850.0,3244.0
int__tai50_15_09,2655,438,2897.0,3267.0
int__tai50_15_09,2655,439,2898.0,3292.0
int__tai50_15_09,2655,440,2916.0,3341.0
int__tai50_15_09,2655,441,2832.0,3254.0
int__tai50_15_09,2655,442,2850.0,3214.0
int__tai50_15_09,2655,443,2843.0,3263.0
int__tai50_15_09,2655,444,2932.0,3373.0
int__tai50_15_09,2655,445,2924.0,3356.0
int__tai50_15_09,2655,446,2878.0,3329.0
int__tai50_15_09,2655,447,2905.0,3326.0
int__tai50_15_09,2655,448,2971.0,3333.0
int__tai50_15_09,2655,449,2841.0,3209.0
int__tai50_15_09,2655,450,2844.0,3243.0
int__tai50_15_09,2655,451,2912.0,3300.0
int__tai50_15_09,2655,452,2967.0,3361.0
int__tai50_15_09,2655,453,3008.0,3411.0
int__tai50_15_09,2655,454,3042.0,3474.0
int__tai50_15_09,2655,455,2933.0,3367.0
int__tai50_15_09,2655,456,2904.0,3266.0
int__tai50_15_09,2655,457,2897.0,3331.0
int__tai50_15_09,2655,458,2858.0,3290.0
int__tai50_15_09,2655,459,2890.0,3271.0
int__tai50_15_09,2655,460,2972.0,3362.0
int__tai50_15_09,2655,461,2886.0,3294.0
int__tai50_15_09,2655,462,2880.0,3288.0
int__tai50_15_09,2655,463,2989.0,3395.0
int__tai50_15_09,2655,464,2887.0,3268.0
int__tai50_15_09,2655,465,2866.0,3309.0
int__tai50_15_09,2655,466,2898.0,3301.0
int__tai50_15_09,2655,467,2924.0,3358.0
int__tai50_15_09,2655,468,2857.0,3277.0
int__tai50_15_09,2655,469,2950.0,3322.0
int__tai50_15_09,2655,470,3031.0,3471.0
int__tai50_15_09,2655,471,2919.0,3319.0
int__tai50_15_09,2655,472,2901.0,3283.0
int__tai50_15_09,2655,473,2924.0,3384.0
int__tai50_15_09,2655,474,2958.0,3309.0
int__tai50_15_09,2655,475,2896.0,3298.0
int__tai50_15_09,2655,476,2944.0,3342.0
int__tai50_15_09,2655,477,2922.0,3348.0
int__tai50_15_09,2655,478,2856.0,3282.0
int__tai50_15_09,2655,479,2860.0,3254.0
int__tai50_15_09,2655,480,2876.0,3294.0
int__tai50_15_09,2655,481,2922.0,3339.0
int__tai50_15_09,2655,482,2983.0,3382.0
int__tai50_15_09,2655,483,2986.0,3409.0
int__tai50_15_09,2655,484,2821.0,3213.0
int__tai50_15_09,2655,485,2913.0,3316.0
int__tai50_15_09,2655,486,2898.0,3340.0
int__tai50_15_09,2655,487,2891.0,3307.0
int__tai50_15_09,2655,488,2946.0,3326.0
int__tai50_15_09,2655,489,2943.0,3370.0
int__tai50_15_09,2655,490,2919.0,3334.0
int__tai50_15_09,2655,491,2834.0,3249.0
int__tai50_15_09,2655,492,2860.0,3263.0
int__tai50_15_09,2655,493,2895.0,3330.0
int__tai50_15_09,2655,494,2956.0,3375.0
int__tai50_15_09,2655,495,2982.0,3372.0
int__tai50_15_09,2655,496,2911.0,3305.0
int__tai50_15_09,2655,497,2915.0,3309.0
int__tai50_15_09,2655,498,2943.0,3366.0
int__tai50_15_09,2655,499,2821.0,3228.0
int__tai50_15_09,2655,500,2962.0,3311.0
int__tai50_15_09,2655,501,2873.0,3277.0
int__tai50_15_09,2655,502,2917.0,3312.0
int__tai50_15_09,2655,503,2891.0,3315.0
int__tai50_15_09,2655,504,3005.0,3427.0
int__tai50_15_09,2655,505,2899.0,3306.0
int__tai50_15_09,2655,506,2801.0,3251.0
int__tai50_15_09,2655,507,2997.0,3382.0
int__tai50_15_09,2655,508,2848.0,3269.0
int__tai50_15_09,2655,509,2909.0,3306.0
int__tai50_15_09,2655,510,2906.0,3331.0
int__tai50_15_09,2655,511,2888.0,3280.0
int__tai50_15_09,2655,512,2842.0,3234.0
int__tai50_15_09,2655,513,2869.0,3259.0
int__tai50_15_09,2655,514,2970.0,3442.0
int__tai50_15_09,2655,515,2882.0,3236.0
int__tai50_15_09,2655,516,2914.0,3297.0
int__tai50_15_09,2655,517,2937.0,3356.0
int__tai50_15_09,2655,518,2998.0,3415.0
int__tai50_15_09,2655,519,3015.0,3467.0
int__tai50_15_09,2655,520,2970.0,3389.0
int__tai50_15_09,2655,521,2967.0,3432.0
int__tai50_15_09,2655,522,2924.0,3295.0
int__tai50_15_09,2655,523,2893.0,3375.0
int__tai50_15_09,2655,524,2847.0,3218.0
int__tai50_15_09,2655,525,2865.0,3246.0
int__tai50_15_09,2655,526,3012.0,3449.0
int__tai50_15_09,2655,527,2946.0,3374.0
int__tai50_15_09,2655,528,2963.0,3387.0
int__tai50_15_09,2655,529,2995.0,3404.0
int__tai50_15_09,2655,530,2857.0,3277.0
int__tai50_15_09,2655,531,2938.0,3358.0
int__tai50_15_09,2655,532,2832.0,3224.0
int__tai50_15_09,2655,533,2862.0,3262.0
int__tai50_15_09,2655,534,2948.0,3373.0
int__tai50_15_09,2655,535,2870.0,3267.0
int__tai50_15_09,2655,536,2897.0,3328.0
int__tai50_15_09,2655,537,2897.0,3300.0
int__tai50_15_09,2655,538,2905.0,3288.0
int__tai50_15_09,2655,539,2998.0,3415.0
int__tai50_15_09,2655,540,2967.0,3331.0
int__tai50_15_09,2655,541,2901.0,3317.0
int__tai50_15_09,2655,542,2900.0,3277.0
int__tai50_15_09,2655,543,3020.0,3347.0
int__tai50_15_09,2655,544,2870.0,3258.0
int__tai50_15_09,2655,545,2924.0,3325.0
int__tai50_15_09,2655,546,2862.0,3296.0
int__tai50_15_09,2655,547,2960.0,3354.0
int__tai50_15_09,2655,548,2787.0,3208.0
int__tai50_15_09,2655,549,2881.0,3269.0
int__tai50_15_09,2655,550,2880.0,3273.0
int__tai50_15_09,2655,551,2905.0,3297.0
int__tai50_15_09,2655,552,2902.0,3321.0
int__tai50_15_09,2655,553,2857.0,3309.0
int__tai50_15_09,2655,554,2872.0,3288.0
int__tai50_15_09,2655,555,3016.0,3412.0
int__tai50_15_09,2655,556,2901.0,3321.0
int__tai50_15_09,2655,557,2957.0,3380.0
int__tai50_15_09,2655,558,2948.0,3388.0
int__tai50_15_09,2655,559,2883.0,3281.0
int__tai50_15_09,2655,560,2911.0,3327.0
int__tai50_15_09,2655,561,2863.0,3265.0
int__tai50_15_09,2655,562,2935.0,3358.0
int__tai50_15_09,2655,563,2957.0,3314.0
int__tai50_15_09,2655,564,2869.0,3277.0
int__tai50_15_09,2655,565,2860.0,3274.0
int__tai50_15_09,2655,566,2899.0,3318.0
int__tai50_15_09,2655,567,2979.0,3370.0
int__tai50_15_09,2655,568,2893.0,3298.0
int__tai50_15_09,2655,569,2930.0,3378.0
int__tai50_15_09,2655,570,2962.0,3372.0
int__tai50_15_09,2655,571,2867.0,3251.0
int__tai50_15_09,2655,572,2965.0,3414.0
int__tai50_15_09,2655,573,2863.0,3293.0
int__tai50_15_09,2655,574,2944.0,3334.0
int__tai50_15_09,2655,575,2920.0,3289.0
int__tai50_15_09,2655,576,2968.0,3382.0
int__tai50_15_09,2655,577,2955.0,3366.0
int__tai50_15_09,2655,578,2985.0,3390.0
int__tai50_15_09,2655,579,2952.0,3388.0
int__tai50_15_09,2655,580,2877.0,3265.0
int__tai50_15_09,2655,581,2892.0,3293.0
int__tai50_15_09,2655,582,2910.0,3328.0
int__tai50_15_09,2655,583,2898.0,3284.0
int__tai50_15_09,2655,584,2873.0,3292.0
int__tai50_15_09,2655,585,2942.0,3330.0
int__tai50_15_09,2655,586,2987.0,3412.0
int__tai50_15_09,2655,587,2963.0,3412.0
int__tai50_15_09,2655,588,2974.0,3407.0
int__tai50_15_09,2655,589,2883.0,3238.0
int__tai50_15_09,2655,590,2905.0,3306.0
int__tai50_15_09,2655,591,2965.0,3389.0
int__tai50_15_09,2655,592,2911.0,3290.0
int__tai50_15_09,2655,593,2874.0,3192.0
int__tai50_15_09,2655,594,2865.0,3262.0
int__tai50_15_09,2655,595,2929.0,3308.0
int__tai50_15_09,2655,596,2869.0,3290.0
int__tai50_15_09,2655,597,2952.0,3374.0
int__tai50_15_09,2655,598,2899.0,3320.0
int__tai50_15_09,2655,599,2886.0,3281.0
int__tai50_15_09,2655,600,2906.0,3317.0
int__tai50_15_09,2655,601,2922.0,3309.0
int__tai50_15_09,2655,602,2834.0,3240.0
int__tai50_15_09,2655,603,2864.0,3261.0
int__tai50_15_09,2655,604,2880.0,3253.0
int__tai50_15_09,2655,605,2900.0,3316.0
int__tai50_15_09,2655,606,3035.0,3476.0
int__tai50_15_09,2655,607,2963.0,3424.0
int__tai50_15_09,2655,608,2931.0,3332.0
int__tai50_15_09,2655,609,2938.0,3347.0
int__tai50_15_09,2655,610,2935.0,3358.0
int__tai50_15_09,2655,611,2904.0,3298.0
int__tai50_15_09,2655,612,2907.0,3319.0
int__tai50_15_09,2655,613,2842.0,3200.0
int__tai50_15_09,2655,614,2899.0,3327.0
int__tai50_15_09,2655,615,2935.0,3373.0
int__tai50_15_09,2655,616,2925.0,3324.0
int__tai50_15_09,2655,617,2891.0,3305.0
int__tai50_15_09,2655,618,2951.0,3399.0
int__tai50_15_09,2655,619,2937.0,3347.0
int__tai50_15_09,2655,620,2926.0,3345.0
int__tai50_15_09,2655,621,2899.0,3294.0
int__tai50_15_09,2655,622,2926.0,3349.0
int__tai50_15_09,2655,623,2851.0,3251.0
int__tai50_15_09,2655,624,2945.0,3337.0
int__tai50_15_09,2655,625,2822.0,3244.0
int__tai50_15_09,2655,626,2935.0,3347.0
int__tai50_15_09,2655,627,2861.0,3270.0
int__tai50_15_09,2655,628,3008.0,3408.0
int__tai50_15_09,2655,629,2994.0,3357.0
int__tai50_15_09,2655,630,2964.0,3351.0
int__tai50_15_09,2655,631,2906.0,3312.0
int__tai50_15_09,2655,632,2867.0,3287.0
int__tai50_15_09,2655,633,2897.0,3298.0
int__tai50_15_09,2655,634,2928.0,3307.0
int__tai50_15_09,2655,635,2908.0,3324.0
int__tai50_15_09,2655,636,2995.0,3412.0
int__tai50_15_09,2655,637,2916.0,3352.0
int__tai50_15_09,2655,638,2971.0,3387.0
int__tai50_15_09,2655,639,2970.0,3370.0
int__tai50_15_09,2655,640,2862.0,3262.0
int__tai50_15_09,2655,641,2923.0,3344.0
int__tai50_15_09,2655,642,2952.0,3346.0
int__tai50_15_09,2655,643,2871.0,3277.0
int__tai50_15_09,2655,644,2876.0,3295.0
int__tai50_15_09,2655,645,2921.0,3306.0
int__tai50_15_09,2655,646,2863.0,3238.0
int__tai50_15_09,2655,647,2928.0,3331.0
int__tai50_15_09,2655,648,2910.0,3312.0
int__tai50_15_09,2655,649,2926.0,3371.0
int__tai50_15_09,2655,650,2885.0,3264.0
int__tai50_15_09,2655,651,2902.0,3271.0
int__tai50_15_09,2655,652,2909.0,3308.0
int__tai50_15_09,2655,653,2975.0,3409.0
int__tai50_15_09,2655,654,3028.0,3407.0
int__tai50_15_09,2655,655,2849.0,3297.0
int__tai50_15_09,2655,656,2921.0,3321.0
int__tai50_15_09,2655,657,2989.0,3455.0
int__tai50_15_09,2655,658,3000.0,3410.0
int__tai50_15_09,2655,659,2902.0,3292.0
int__tai50_15_09,2655,660,2956.0,3355.0
int__tai50_15_09,2655,661,3055.0,3454.0
int__tai50_15_09,2655,662,2938.0,3360.0
int__tai50_15_09,2655,663,2990.0,3392.0
int__tai50_15_09,2655,664,2972.0,3402.0
int__tai50_15_09,2655,665,2938.0,3314.0
int__tai50_15_09,2655,666,3133.0,3524.0
int__tai50_15_09,2655,667,2906.0,3295.0
int__tai50_15_09,2655,668,2910.0,3324.0
int__tai50_15_09,2655,669,2984.0,3408.0
int__tai50_15_09,2655,670,2938.0,3328.0
int__tai50_15_09,2655,671,2884.0,3273.0
int__tai50_15_09,2655,672,2957.0,3377.0
int__tai50_15_09,2655,673,2920.0,3301.0
int__tai50_15_09,2655,674,2966.0,3331.0
int__tai50_15_09,2655,675,2974.0,3412.0
int__tai50_15_09,2655,676,2963.0,3372.0
int__tai50_15_09,2655,677,2887.0,3279.0
int__tai50_15_09,2655,678,2958.0,3405.0
int__tai50_15_09,2655,679,2907.0,3255.0
int__tai50_15_09,2655,680,2851.0,3250.0
int__tai50_15_09,2655,681,2937.0,3374.0
int__tai50_15_09,2655,682,2959.0,3369.0
int__tai50_15_09,2655,683,2890.0,3341.0
int__tai50_15_09,2655,684,2889.0,3332.0
int__tai50_15_09,2655,685,2961.0,3381.0
int__tai50_15_09,2655,686,2883.0,3331.0
int__tai50_15_09,2655,687,2922.0,3302.0
int__tai50_15_09,2655,688,2906.0,3327.0
int__tai50_15_09,2655,689,2852.0,3282.0
int__tai50_15_09,2655,690,2911.0,3301.0
int__tai50_15_09,2655,691,2972.0,3349.0
int__tai50_15_09,2655,692,2890.0,3284.0
int__tai50_15_09,2655,693,2897.0,3305.0
int__tai50_15_09,2655,694,2873.0,3266.0
int__tai50_15_09,2655,695,2894.0,3322.0
int__tai50_15_09,2655,696,2907.0,3336.0
int__tai50_15_09,2655,697,2989.0,3405.0
int__tai50_15_09,2655,698,2940.0,3335.0
int__tai50_15_09,2655,699,2930.0,3349.0
int__tai50_15_09,2655,700,2877.0,3267.0
int__tai50_15_09,2655,701,2901.0,3307.0
int__tai50_15_09,2655,702,2907.0,3344.0
int__tai50_15_09,2655,703,2842.0,3267.0
int__tai50_15_09,2655,704,2942.0,3352.0
int__tai50_15_09,2655,705,2889.0,3269.0
int__tai50_15_09,2655,706,2935.0,3362.0
int__tai50_15_09,2655,707,2896.0,3296.0
int__tai50_15_09,2655,708,2929.0,3323.0
int__tai50_15_09,2655,709,2892.0,3292.0
int__tai50_15_09,2655,710,2890.0,3289.0
int__tai50_15_09,2655,711,2921.0,3321.0
int__tai50_15_09,2655,712,2980.0,3393.0
int__tai50_15_09,2655,713,2826.0,3228.0
int__tai50_15_09,2655,714,2989.0,3384.0
int__tai50_15_09,2655,715,2900.0,3301.0
int__tai50_15_09,2655,716,2937.0,3307.0
int__tai50_15_09,2655,717,2905.0,3271.0
int__tai50_15_09,2655,718,2853.0,3216.0
int__tai50_15_09,2655,719,2943.0,3363.0
int__tai50_15_09,2655,720,2881.0,3306.0
int__tai50_15_09,2655,721,2927.0,3331.0
int__tai50_15_09,2655,722,2935.0,3363.0
int__tai50_15_09,2655,723,2914.0,3357.0
int__tai50_15_09,2655,724,2868.0,3271.0
int__tai50_15_09,2655,725,2984.0,3371.0
int__tai50_15_09,2655,726,2896.0,3287.0
int__tai50_15_09,2655,727,2961.0,3384.0
int__tai50_15_09,2655,728,2886.0,3280.0
int__tai50_15_09,2655,729,2896.0,3313.0
int__tai50_15_09,2655,730,2922.0,3303.0
int__tai50_15_09,2655,731,2938.0,3327.0
int__tai50_15_09,2655,732,2874.0,3287.0
int__tai50_15_09,2655,733,2872.0,3285.0
int__tai50_15_09,2655,734,2873.0,3293.0
int__tai50_15_09,2655,735,2940.0,3342.0
int__tai50_15_09,2655,736,2886.0,3259.0
int__tai50_15_09,2655,737,2957.0,3304.0
int__tai50_15_09,2655,738,2962.0,3314.0
int__tai50_15_09,2655,739,2853.0,3273.0
int__tai50_15_09,2655,740,2897.0,3312.0
int__tai50_15_09,2655,741,2939.0,3317.0
int__tai50_15_09,2655,742,2913.0,3317.0
int__tai50_15_09,2655,743,2835.0,3243.0
int__tai50_15_09,2655,744,2936.0,3367.0
int__tai50_15_09,2655,745,2899.0,3293.0
int__tai50_15_09,2655,746,2924.0,3365.0
int__tai50_15_09,2655,747,2857.0,3258.0
int__tai50_15_09,2655,748,2815.0,3215.0
int__tai50_15_09,2655,749,2895.0,3289.0
int__tai50_15_09,2655,750,2896.0,3309.0
int__tai50_15_09,2655,751,2862.0,3246.0
int__tai50_15_09,2655,752,2859.0,3246.0
int__tai50_15_09,2655,753,2869.0,3308.0
int__tai50_15_09,2655,754,2874.0,3273.0
int__tai50_15_09,2655,755,2878.0,3302.0
int__tai50_15_09,2655,756,2805.0,3184.0
int__tai50_15_09,2655,757,3029.0,3425.0
int__tai50_15_09,2655,758,2903.0,3281.0
int__tai50_15_09,2655,759,2885.0,3295.0
int__tai50_15_09,2655,760,2945.0,3345.0
int__tai50_15_09,2655,761,2987.0,3373.0
int__tai50_15_09,2655,762,2906.0,3334.0
int__tai50_15_09,2655,763,2979.0,3376.0
int__tai50_15_09,2655,764,2887.0,3255.0
int__tai50_15_09,2655,765,2880.0,3274.0
int__tai50_15_09,2655,766,2925.0,3348.0
int__tai50_15_09,2655,767,3109.0,3557.0
int__tai50_15_09,2655,768,2917.0,3330.0
int__tai50_15_09,2655,769,2949.0,3349.0
int__tai50_15_09,2655,770,2932.0,3324.0
int__tai50_15_09,2655,771,2836.0,3223.0
int__tai50_15_09,2655,772,3022.0,3421.0
int__tai50_15_09,2655,773,2850.0,3257.0
int__tai50_15_09,2655,774,3014.0,3438.0
int__tai50_15_09,2655,775,2986.0,3421.0
int__tai50_15_09,2655,776,2977.0,3385.0
int__tai50_15_09,2655,777,2902.0,3306.0
int__tai50_15_09,2655,778,2942.0,3349.0
int__tai50_15_09,2655,779,2841.0,3231.0
int__tai50_15_09,2655,780,2863.0,3252.0
int__tai50_15_09,2655,781,2913.0,3277.0
int__tai50_15_09,2655,782,2916.0,3334.0
int__tai50_15_09,2655,783,2854.0,3249.0
int__tai50_15_09,2655,784,2931.0,3324.0
int__tai50_15_09,2655,785,2903.0,3322.0
int__tai50_15_09,2655,786,3032.0,3414.0
int__tai50_15_09,2655,787,2887.0,3307.0
int__tai50_15_09,2655,788,2966.0,3396.0
int__tai50_15_09,2655,789,2872.0,3281.0
int__tai50_15_09,2655,790,2849.0,3269.0
int__tai50_15_09,2655,791,2894.0,3327.0
int__tai50_15_09,2655,792,2953.0,3376.0
int__tai50_15_09,2655,793,2987.0,3375.0
int__tai50_15_09,2655,794,2909.0,3314.0
int__tai50_15_09,2655,795,2962.0,3397.0
int__tai50_15_09,2655,796,2973.0,3391.0
int__tai50_15_09,2655,797,2968.0,3398.0
int__tai50_15_09,2655,798,2915.0,3312.0
int__tai50_15_09,2655,799,2951.0,3382.0
int__tai50_15_09,2655,800,2984.0,3422.0
int__tai50_15_09,2655,801,2870.0,3227.0
int__tai50_15_09,2655,802,2912.0,3329.0
int__tai50_15_09,2655,803,2930.0,3355.0
int__tai50_15_09,2655,804,2858.0,3283.0
int__tai50_15_09,2655,805,2900.0,3334.0
int__tai50_15_09,2655,806,2882.0,3305.0
int__tai50_15_09,2655,807,3008.0,3420.0
int__tai50_15_09,2655,808,2978.0,3370.0
int__tai50_15_09,2655,809,2909.0,3326.0
int__tai50_15_09,2655,810,2935.0,3329.0
int__tai50_15_09,2655,811,2886.0,3281.0
int__tai50_15_09,2655,812,2874.0,3268.0
int__tai50_15_09,2655,813,2918.0,3278.0
int__tai50_15_09,2655,814,2899.0,3319.0
int__tai50_15_09,2655,815,3051.0,3406.0
int__tai50_15_09,2655,816,2942.0,3339.0
int__tai50_15_09,2655,817,2909.0,3334.0
int__tai50_15_09,2655,818,2889.0,3269.0
int__tai50_15_09,2655,819,2949.0,3313.0
int__tai50_15_09,2655,820,2886.0,3238.0
int__tai50_15_09,2655,821,2952.0,3336.0
int__tai50_15_09,2655,822,2871.0,3225.0
int__tai50_15_09,2655,823,2890.0,3320.0
int__tai50_15_09,2655,824,2875.0,3275.0
int__tai50_15_09,2655,825,2875.0,3313.0
int__tai50_15_09,2655,826,2909.0,3323.0
int__tai50_15_09,2655,827,2901.0,3292.0
int__tai50_15_09,2655,828,2829.0,3232.0
int__tai50_15_09,2655,829,2944.0,3373.0
int__tai50_15_09,2655,830,2918.0,3305.0
int__tai50_15_09,2655,831,2947.0,3360.0
int__tai50_15_09,2655,832,2940.0,3372.0
int__tai50_15_09,2655,833,2884.0,3295.0
int__tai50_15_09,2655,834,2893.0,3260.0
int__tai50_15_09,2655,835,2907.0,3292.0
int__tai50_15_09,2655,836,2877.0,3279.0
int__tai50_15_09,2655,837,2897.0,3293.0
int__tai50_15_09,2655,838,2837.0,3284.0
int__tai50_15_09,2655,839,2871.0,3265.0
int__tai50_15_09,2655,840,2965.0,3331.0
int__tai50_15_09,2655,841,2892.0,3316.0
int__tai50_15_09,2655,842,2911.0,3322.0
int__tai50_15_09,2655,843,2865.0,3296.0
int__tai50_15_09,2655,844,2913.0,3300.0
int__tai50_15_09,2655,845,2903.0,3333.0
int__tai50_15_09,2655,846,2889.0,3290.0
int__tai50_15_09,2655,847,2862.0,3245.0
int__tai50_15_09,2655,848,2952.0,3337.0
int__tai50_15_09,2655,849,2883.0,3289.0
int__tai50_15_09,2655,850,2991.0,3336.0
int__tai50_15_09,2655,851,2869.0,3242.0
int__tai50_15_09,2655,852,2983.0,3434.0
int__tai50_15_09,2655,853,2968.0,3418.0
int__tai50_15_09,2655,854,2965.0,3385.0
int__tai50_15_09,2655,855,2891.0,3309.0
int__tai50_15_09,2655,856,2913.0,3327.0
int__tai50_15_09,2655,857,2909.0,3341.0
int__tai50_15_09,2655,858,3013.0,3422.0
int__tai50_15_09,2655,859,2866.0,3278.0
int__tai50_15_09,2655,860,2992.0,3414.0
int__tai50_15_09,2655,861,2946.0,3391.0
int__tai50_15_09,2655,862,2883.0,3310.0
int__tai50_15_09,2655,863,2915.0,3355.0
int__tai50_15_09,2655,864,2902.0,3308.0
int__tai50_15_09,2655,865,2897.0,3302.0
int__tai50_15_09,2655,866,2858.0,3267.0
int__tai50_15_09,2655,867,2870.0,3281.0
int__tai50_15_09,2655,868,2940.0,3371.0
int__tai50_15_09,2655,869,2934.0,3363.0
int__tai50_15_09,2655,870,2945.0,3329.0
int__tai50_15_09,2655,871,3045.0,3465.0
int__tai50_15_09,2655,872,2920.0,3304.0
int__tai50_15_09,2655,873,2972.0,3423.0
int__tai50_15_09,2655,874,2955.0,3356.0
int__tai50_15_09,2655,875,2883.0,3264.0
int__tai50_15_09,2655,876,2869.0,3303.0
int__tai50_15_09,2655,877,3005.0,3384.0
int__tai50_15_09,2655,878,2991.0,3444.0
int__tai50_15_09,2655,879,2921.0,3343.0
int__tai50_15_09,2655,880,2957.0,3348.0
int__tai50_15_09,2655,881,2873.0,3327.0
int__tai50_15_09,2655,882,2953.0,3400.0
int__tai50_15_09,2655,883,2858.0,3252.0
int__tai50_15_09,2655,884,2951.0,3328.0
int__tai50_15_09,2655,885,2867.0,3280.0
int__tai50_15_09,2655,886,2950.0,3349.0
int__tai50_15_09,2655,887,2953.0,3360.0
int__tai50_15_09,2655,888,2923.0,3332.0
int__tai50_15_09,2655,889,2947.0,3349.0
int__tai50_15_09,2655,890,2904.0,3290.0
int__tai50_15_09,2655,891,2933.0,3360.0
int__tai50_15_09,2655,892,2908.0,3367.0
int__tai50_15_09,2655,893,2936.0,3306.0
int__tai50_15_09,2655,894,2945.0,3357.0
int__tai50_15_09,2655,895,2858.0,3244.0
int__tai50_15_09,2655,896,2888.0,3312.0
int__tai50_15_09,2655,897,2941.0,3301.0
int__tai50_15_09,2655,898,2974.0,3427.0
int__tai50_15_09,2655,899,2907.0,3346.0
int__tai50_15_09,2655,900,2984.0,3336.0
int__tai50_15_09,2655,901,2986.0,3373.0
int__tai50_15_09,2655,902,2846.0,3252.0
int__tai50_15_09,2655,903,2942.0,3368.0
int__tai50_15_09,2655,904,2911.0,3293.0
int__tai50_15_09,2655,905,2908.0,3314.0
int__tai50_15_09,2655,906,2986.0,3399.0
int__tai50_15_09,2655,907,2951.0,3315.0
int__tai50_15_09,2655,908,2959.0,3352.0
int__tai50_15_09,2655,909,2917.0,3321.0
int__tai50_15_09,2655,910,2795.0,3201.0
int__tai50_15_09,2655,911,2938.0,3349.0
int__tai50_15_09,2655,912,2878.0,3255.0
int__tai50_15_09,2655,913,2931.0,3345.0
int__tai50_15_09,2655,914,2857.0,3294.0
int__tai50_15_09,2655,915,2866.0,3248.0
int__tai50_15_09,2655,916,2880.0,3277.0
int__tai50_15_09,2655,917,2913.0,3305.0
int__tai50_15_09,2655,918,2994.0,3379.0
int__tai50_15_09,2655,919,2847.0,3243.0
int__tai50_15_09,2655,920,2999.0,3392.0
int__tai50_15_09,2655,921,2884.0,3285.0
int__tai50_15_09,2655,922,3012.0,3397.0
int__tai50_15_09,2655,923,2907.0,3313.0
int__tai50_15_09,2655,924,2934.0,3364.0
int__tai50_15_09,2655,925,2910.0,3297.0
int__tai50_15_09,2655,926,2949.0,3386.0
int__tai50_15_09,2655,927,2944.0,3341.0
int__tai50_15_09,2655,928,2888.0,3214.0
int__tai50_15_09,2655,929,2871.0,3277.0
int__tai50_15_09,2655,930,2938.0,3331.0
int__tai50_15_09,2655,931,2836.0,3260.0
int__tai50_15_09,2655,932,2931.0,3368.0
int__tai50_15_09,2655,933,2920.0,3334.0
int__tai50_15_09,2655,934,2887.0,3268.0
int__tai50_15_09,2655,935,2921.0,3300.0
int__tai50_15_09,2655,936,2884.0,3285.0
int__tai50_15_09,2655,937,2904.0,3305.0
int__tai50_15_09,2655,938,2856.0,3292.0
int__tai50_15_09,2655,939,2954.0,3385.0
int__tai50_15_09,2655,940,2817.0,3232.0
int__tai50_15_09,2655,941,2904.0,3275.0
int__tai50_15_09,2655,942,2842.0,3285.0
int__tai50_15_09,2655,943,2943.0,3354.0
int__tai50_15_09,2655,944,2897.0,3281.0
int__tai50_15_09,2655,945,2921.0,3322.0
int__tai50_15_09,2655,946,2914.0,3334.0
int__tai50_15_09,2655,947,2974.0,3373.0
int__tai50_15_09,2655,948,2932.0,3335.0
int__tai50_15_09,2655,949,2933.0,3371.0
int__tai50_15_09,2655,950,2927.0,3338.0
int__tai50_15_09,2655,951,2914.0,3362.0
int__tai50_15_09,2655,952,2963.0,3397.0
int__tai50_15_09,2655,953,2861.0,3298.0
int__tai50_15_09,2655,954,2862.0,3284.0
int__tai50_15_09,2655,955,2903.0,3332.0
int__tai50_15_09,2655,956,2908.0,3316.0
int__tai50_15_09,2655,957,2903.0,3245.0
int__tai50_15_09,2655,958,2926.0,3318.0
int__tai50_15_09,2655,959,2838.0,3243.0
int__tai50_15_09,2655,960,2988.0,3402.0
int__tai50_15_09,2655,961,3007.0,3451.0
int__tai50_15_09,2655,962,2929.0,3342.0
int__tai50_15_09,2655,963,3018.0,3385.0
int__tai50_15_09,2655,964,2929.0,3293.0
int__tai50_15_09,2655,965,2938.0,3340.0
int__tai50_15_09,2655,966,2852.0,3260.0
int__tai50_15_09,2655,967,2871.0,3308.0
int__tai50_15_09,2655,968,2886.0,3301.0
int__tai50_15_09,2655,969,2840.0,3197.0
int__tai50_15_09,2655,970,2969.0,3421.0
int__tai50_15_09,2655,971,2909.0,3258.0
int__tai50_15_09,2655,972,2969.0,3347.0
int__tai50_15_09,2655,973,2924.0,3339.0
int__tai50_15_09,2655,974,2868.0,3225.0
int__tai50_15_09,2655,975,2881.0,3277.0
int__tai50_15_09,2655,976,2915.0,3312.0
int__tai50_15_09,2655,977,2900.0,3297.0
int__tai50_15_09,2655,978,2923.0,3338.0
int__tai50_15_09,2655,979,3002.0,3423.0
int__tai50_15_09,2655,980,2921.0,3353.0
int__tai50_15_09,2655,981,2978.0,3375.0
int__tai50_15_09,2655,982,2901.0,3270.0
int__tai50_15_09,2655,983,2876.0,3308.0
int__tai50_15_09,2655,984,2943.0,3330.0
int__tai50_15_09,2655,985,2953.0,3344.0
int__tai50_15_09,2655,986,2936.0,3352.0
int__tai50_15_09,2655,987,2855.0,3256.0
int__tai50_15_09,2655,988,2878.0,3261.0
int__tai50_15_09,2655,989,2848.0,3229.0
int__tai50_15_09,2655,990,2887.0,3285.0
int__tai50_15_09,2655,991,2922.0,3326.0
int__tai50_15_09,2655,992,2916.0,3305.0
int__tai50_15_09,2655,993,2926.0,3345.0
int__tai50_15_09,2655,994,3064.0,3511.0
int__tai50_15_09,2655,995,3048.0,3432.0
int__tai50_15_09,2655,996,2900.0,3295.0
int__tai50_15_09,2655,997,2934.0,3330.0
int__tai50_15_09,2655,998,2982.0,3345.0
int__tai50_15_09,2655,999,2904.0,3267.0
int__tai50_15_09,2655,1000,2905.0,3290.0
int__tai50_15_09,2655,1001,2976.0,3378.0
int__tai50_15_09,2655,1002,2878.0,3260.0
int__tai50_15_09,2655,1003,2972.0,3380.0
int__tai50_15_09,2655,1004,2947.0,3369.0
int__tai50_15_09,2655,1005,2957.0,3352.0
int__tai50_15_09,2655,1006,3035.0,3461.0
int__tai50_15_09,2655,1007,2840.0,3261.0
int__tai50_15_09,2655,1008,2943.0,3382.0
int__tai50_15_09,2655,1009,2943.0,3345.0
int__tai50_15_09,2655,1010,2986.0,3395.0
int__tai50_15_09,2655,1011,2923.0,3305.0
int__tai50_15_09,2655,1012,2879.0,3261.0
int__tai50_15_09,2655,1013,2950.0,3346.0
int__tai50_15_09,2655,1014,2996.0,3421.0
int__tai50_15_09,2655,1015,2930.0,3358.0
int__tai50_15_09,2655,1016,2878.0,3279.0
int__tai50_15_09,2655,1017,2889.0,3267.0
int__tai50_15_09,2655,1018,2857.0,3293.0
int__tai50_15_09,2655,1019,2914.0,3326.0
int__tai50_15_09,2655,1020,2895.0,3243.0
int__tai50_15_09,2655,1021,2904.0,3283.0
int__tai50_15_09,2655,1022,2933.0,3311.0
int__tai50_15_09,2655,1023,2887.0,3299.0
int__tai50_20_05,2725,0,3090.0,3477.0
int__tai50_20_05,2725,1,3149.0,3507.0
int__tai50_20_05,2725,2,3182.0,3561.0
int__tai50_20_05,2725,3,3085.0,3482.0
int__tai50_20_05,2725,4,3161.0,3549.0
int__tai50_20_05,2725,5,3110.0,3481.0
int__tai50_20_05,2725,6,3184.0,3608.0
int__tai50_20_05,2725,7,3147.0,3538.0
int__tai50_20_05,2725,8,3077.0,3462.0
int__tai50_20_05,2725,9,3144.0,3518.0
int__tai50_20_05,2725,10,3163.0,3560.0
int__tai50_20_05,2725,11,3139.0,3550.0
int__tai50_20_05,2725,12,3126.0,3509.0
int__tai50_20_05,2725,13,3147.0,3524.0
int__tai50_20_05,2725,14,3014.0,3402.0
int__tai50_20_05,2725,15,3212.0,3651.0
int__tai50_20_05,2725,16,3217.0,3584.0
int__tai50_20_05,2725,17,3113.0,3492.0
int__tai50_20_05,2725,18,3126.0,3525.0
int__tai50_20_05,2725,19,3044.0,3449.0
int__tai50_20_05,2725,20,3163.0,3548.0
int__tai50_20_05,2725,21,3177.0,3587.0
int__tai50_20_05,2725,22,3211.0,3622.0
int__tai50_20_05,2725,23,3096.0,3482.0
int__tai50_20_05,2725,24,3194.0,3556.0
int__tai50_20_05,2725,25,3183.0,3589.0
int__tai50_20_05,2725,26,3074.0,3478.0
int__tai50_20_05,2725,27,3194.0,3625.0
int__tai50_20_05,2725,28,3227.0,3624.0
int__tai50_20_05,2725,29,3146.0,3516.0
int__tai50_20_05,2725,30,3200.0,3627.0
int__tai50_20_05,2725,31,3117.0,3538.0
int__tai50_20_05,2725,32,3124.0,3527.0
int__tai50_20_05,2725,33,3096.0,3510.0
int__tai50_20_05,2725,34,3120.0,3485.0
int__tai50_20_05,2725,35,3196.0,3626.0
int__tai50_20_05,2725,36,3175.0,3546.0
int__tai50_20_05,2725,37,3158.0,3546.0
int__tai50_20_05,2725,38,3102.0,3502.0
int__tai50_20_05,2725,39,3156.0,3550.0
int__tai50_20_05,2725,40,3126.0,3560.0
int__tai50_20_05,2725,41,3077.0,3476.0
int__tai50_20_05,2725,42,3123.0,3499.0
int__tai50_20_05,2725,43,3169.0,3602.0
int__tai50_20_05,2725,44,3081.0,3485.0
int__tai50_20_05,2725,45,3094.0,3507.0
int__tai50_20_05,2725,46,3261.0,3659.0
int__tai50_20_05,2725,47,3108.0,3504.0
int__tai50_20_05,2725,48,3136.0,3544.0
int__tai50_20_05,2725,49,3196.0,3593.0
int__tai50_20_05,2725,50,3122.0,3513.0
int__tai50_20_05,2725,51,3137.0,3504.0
int__tai50_20_05,2725,52,3116.0,3540.0
int__tai50_20_05,2725,53,3191.0,3573.0
int__tai50_20_05,2725,54,3110.0,3502.0
int__tai50_20_05,2725,55,3089.0,3501.0
int__tai50_20_05,2725,56,3153.0,3549.0
int__tai50_20_05,2725,57,3061.0,3456.0
int__tai50_20_05,2725,58,3227.0,3645.0
int__tai50_20_05,2725,59,3214.0,3618.0
int__tai50_20_05,2725,60,3230.0,3636.0
int__tai50_20_05,2725,61,3124.0,3568.0
int__tai50_20_05,2725,62,3155.0,3541.0
int__tai50_20_05,2725,63,3154.0,3561.0
int__tai50_20_05,2725,64,3160.0,3563.0
int__tai50_20_05,2725,65,3154.0,3552.0
int__tai50_20_05,2725,66,3092.0,3525.0
int__tai50_20_05,2725,67,3103.0,3476.0
int__tai50_20_05,2725,68,3246.0,3668.0
int__tai50_20_05,2725,69,3195.0,3574.0
int__tai50_20_05,2725,70,3159.0,3532.0
int__tai50_20_05,2725,71,3124.0,3505.0
int__tai50_20_05,2725,72,3065.0,3493.0
int__tai50_20_05,2725,73,3184.0,3633.0
int__tai50_20_05,2725,74,3109.0,3514.0
int__tai50_20_05,2725,75,3217.0,3651.0
int__tai50_20_05,2725,76,3237.0,3635.0
int__tai50_20_05,2725,77,3162.0,3582.0
int__tai50_20_05,2725,78,3239.0,3649.0
int__tai50_20_05,2725,79,3109.0,3509.0
int__tai50_20_05,2725,80,3149.0,3565.0
int__tai50_20_05,2725,81,3207.0,3634.0
int__tai50_20_05,2725,82,3198.0,3622.0
int__tai50_20_05,2725,83,3167.0,3600.0
int__tai50_20_05,2725,84,3135.0,3510.0
int__tai50_20_05,2725,85,3118.0,3508.0
int__tai50_20_05,2725,86,3152.0,3546.0
int__tai50_20_05,2725,87,3221.0,3648.0
int__tai50_20_05,2725,88,3195.0,3577.0
int__tai50_20_05,2725,89,3157.0,3552.0
int__tai50_20_05,2725,90,3097.0,3485.0
int__tai50_20_05,2725,91,3244.0,3641.0
int__tai50_20_05,2725,92,3182.0,3613.0
int__tai50_20_05,2725,93,3119.0,3530.0
int__tai50_20_05,2725,94,3210.0,3593.0
int__tai50_20_05,2725,95,3116.0,3538.0
int__tai50_20_05,2725,96,3052.0,3445.0
int__tai50_20_05,2725,97,3212.0,3637.0
int__tai50_20_05,2725,98,3089.0,3510.0
int__tai50_20_05,2725,99,3083.0,3477.0
int__tai50_20_05,2725,100,3232.0,3652.0
int__tai50_20_05,2725,101,3132.0,3541.0
int__tai50_20_05,2725,102,3117.0,3527.0
int__tai50_20_05,2725,103,3060.0,3489.0
int__tai50_20_05,2725,104,3311.0,3693.0
int__tai50_20_05,2725,105,3118.0,3510.0
int__tai50_20_05,2725,106,3189.0,3617.0
int__tai50_20_05,2725,107,3085.0,3474.0
int__tai50_20_05,2725,108,3034.0,3409.0
int__tai50_20_05,2725,109,3174.0,3560.0
int__tai50_20_05,2725,110,3176.0,3527.0
int__tai50_20_05,2725,111,3079.0,3487.0
int__tai50_20_05,2725,112,3132.0,3502.0
int__tai50_20_05,2725,113,3061.0,3457.0
int__tai50_20_05,2725,114,3168.0,3579.0
int__tai50_20_05,2725,115,3103.0,3520.0
int__tai50_20_05,2725,116,3172.0,3524.0
int__tai50_20_05,2725,117,3069.0,3430.0
int__tai50_20_05,2725,118,3069.0,3441.0
int__tai50_20_05,2725,119,3192.0,3621.0
int__tai50_20_05,2725,120,3138.0,3526.0
int__tai50_20_05,2725,121,3243.0,3679.0
int__tai50_20_05,2725,122,3152.0,3527.0
int__tai50_20_05,2725,123,3129.0,3547.0
int__tai50_20_05,2725,124,3249.0,3658.0
int__tai50_20_05,2725,125,3100.0,3540.0
int__tai50_20_05,2725,126,3161.0,3539.0
int__tai50_20_05,2725,127,3050.0,3457.0
int__tai50_20_05,2725,128,3133.0,3527.0
int__tai50_20_05,2725,129,3148.0,3534.0
int__tai50_20_05,2725,130,3231.0,3614.0
int__tai50_20_05,2725,131,3233.0,3628.0
int__tai50_20_05,2725,132,3151.0,3542.0
int__tai50_20_05,2725,133,3123.0,3538.0
int__tai50_20_05,2725,134,3184.0,3574.0
int__tai50_20_05,2725,135,3150.0,3528.0
int__tai50_20_05,2725,136,3181.0,3576.0
int__tai50_20_05,2725,137,3162.0,3575.0
int__tai50_20_05,2725,138,3222.0,3619.0
int__tai50_20_05,2725,139,3207.0,3617.0
int__tai50_20_05,2725,140,3165.0,3570.0
int__tai50_20_05,2725,141,3071.0,3465.0
int__tai50_20_05,2725,142,3075.0,3449.0
int__tai50_20_05,2725,143,3112.0,3538.0
int__tai50_20_05,2725,144,3143.0,3554.0
int__tai50_20_05,2725,145,3145.0,3538.0
int__tai50_20_05,2725,146,3217.0,3632.0
int__tai50_20_05,2725,147,3143.0,3550.0
int__tai50_20_05,2725,148,3168.0,3561.0
int__tai50_20_05,2725,149,3141.0,3555.0
int__tai50_20_05,2725,150,3205.0,3638.0
int__tai50_20_05,2725,151,3204.0,3579.0
int__tai50_20_05,2725,152,3031.0,3428.0
int__tai50_20_05,2725,153,3037.0,3438.0
int__tai50_20_05,2725,154,3126.0,3547.0
int__tai50_20_05,2725,155,3096.0,3472.0
int__tai50_20_05,2725,156,3188.0,3549.0
int__tai50_20_05,2725,157,3118.0,3546.0
int__tai50_20_05,2725,158,3180.0,3599.0
int__tai50_20_05,2725,159,3065.0,3460.0
int__tai50_20_05,2725,160,3074.0,3460.0
int__tai50_20_05,2725,161,3121.0,3521.0
int__tai50_20_05,2725,162,3156.0,3558.0
int__tai50_20_05,2725,163,3110.0,3525.0
int__tai50_20_05,2725,164,3099.0,3561.0
int__tai50_20_05,2725,165,3161.0,3535.0
int__tai50_20_05,2725,166,3156.0,3577.0
int__tai50_20_05,2725,167,3107.0,3455.0
int__tai50_20_05,2725,168,3170.0,3560.0
int__tai50_20_05,2725,169,3149.0,3528.0
int__tai50_20_05,2725,170,3102.0,3519.0
int__tai50_20_05,2725,171,3146.0,3567.0
int__tai50_20_05,2725,172,3113.0,3528.0
int__tai50_20_05,2725,173,3078.0,3453.0
int__tai50_20_05,2725,174,3231.0,3643.0
int__tai50_20_05,2725,175,3203.0,3621.0
int__tai50_20_05,2725,176,3193.0,3622.0
int__tai50_20_05,2725,177,3217.0,3613.0
int__tai50_20_05,2725,178,3086.0,3450.0
int__tai50_20_05,2725,179,3107.0,3476.0
int__tai50_20_05,2725,180,3194.0,3578.0
int__tai50_20_05,2725,181,3063.0,3477.0
int__tai50_20_05,2725,182,3151.0,3573.0
int__tai50_20_05,2725,183,3127.0,3551.0
int__tai50_20_05,2725,184,3230.0,3658.0
int__tai50_20_05,2725,185,3212.0,3595.0
int__tai50_20_05,2725,186,3134.0,3494.0
int__tai50_20_05,2725,187,3038.0,3472.0
int__tai50_20_05,2725,188,3215.0,3627.0
int__tai50_20_05,2725,189,3112.0,3523.0
int__tai50_20_05,2725,190,3181.0,3573.0
int__tai50_20_05,2725,191,3180.0,3594.0
int__tai50_20_05,2725,192,3106.0,3463.0
int__tai50_20_05,2725,193,3174.0,3526.0
int__tai50_20_05,2725,194,3173.0,3549.0
int__tai50_20_05,2725,195,3080.0,3485.0
int__tai50_20_05,2725,196,3165.0,3571.0
int__tai50_20_05,2725,197,3201.0,3614.0
int__tai50_20_05,2725,198,3147.0,3537.0
int__tai50_20_05,2725,199,3134.0,3530.0
int__tai50_20_05,2725,200,3156.0,3575.0
int__tai50_20_05,2725,201,3110.0,3536.0
int__tai50_20_05,2725,202,3110.0,3477.0
int__tai50_20_05,2725,203,3192.0,3617.0
int__tai50_20_05,2725,204,3250.0,3638.0
int__tai50_20_05,2725,205,3125.0,3500.0
int__tai50_20_05,2725,206,3087.0,3483.0
int__tai50_20_05,2725,207,3125.0,3548.0
int__tai50_20_05,2725,208,3077.0,3496.0
int__tai50_20_05,2725,209,3142.0,3540.0
int__tai50_20_05,2725,210,3089.0,3496.0
int__tai50_20_05,2725,211,3203.0,3636.0
int__tai50_20_05,2725,212,3167.0,3546.0
int__tai50_20_05,2725,213,3052.0,3443.0
int__tai50_20_05,2725,214,3073.0,3488.0
int__tai50_20_05,2725,215,3168.0,3576.0
int__tai50_20_05,2725,216,3132.0,3530.0
int__tai50_20_05,2725,217,3189.0,3582.0
int__tai50_20_05,2725,218,3184.0,3577.0
int__tai50_20_05,2725,219,3099.0,3501.0
int__tai50_20_05,2725,220,3186.0,3617.0
int__tai50_20_05,2725,221,3070.0,3454.0
int__tai50_20_05,2725,222,3134.0,3497.0
int__tai50_20_05,2725,223,3184.0,3600.0
int__tai50_20_05,2725,224,3133.0,3536.0
int__tai50_20_05,2725,225,3116.0,3506.0
int__tai50_20_05,2725,226,3089.0,3471.0
int__tai50_20_05,2725,227,3289.0,3714.0
int__tai50_20_05,2725,228,3166.0,3549.0
int__tai50_20_05,2725,229,3191.0,3568.0
int__tai50_20_05,2725,230,3065.0,3444.0
int__tai50_20_05,2725,231,3302.0,3736.0
int__tai50_20_05,2725,232,3099.0,3493.0
int__tai50_20_05,2725,233,3239.0,3647.0
int__tai50_20_05,2725,234,3190.0,3577.0
int__tai50_20_05,2725,235,3088.0,3465.0
int__tai50_20_05,2725,236,3187.0,3549.0
int__tai50_20_05,2725,237,3168.0,3550.0
int__tai50_20_05,2725,238,3163.0,3530.0
int__tai50_20_05,2725,239,3220.0,3639.0
int__tai50_20_05,2725,240,3173.0,3576.0
int__tai50_20_05,2725,241,3193.0,3596.0
int__tai50_20_05,2725,242,3061.0,3475.0
int__tai50_20_05,2725,243,3181.0,3560.0
int__tai50_20_05,2725,244,3133.0,3492.0
int__tai50_20_05,2725,245,3123.0,3497.0
int__tai50_20_05,2725,246,3247.0,3663.0
int__tai50_20_05,2725,247,3025.0,3381.0
int__tai50_20_05,2725,248,3158.0,3576.0
int__tai50_20_05,2725,249,3106.0,3487.0
int__tai50_20_05,2725,250,3174.0,3560.0
int__tai50_20_05,2725,251,3102.0,3505.0
int__tai50_20_05,2725,252,3162.0,3546.0
int__tai50_20_05,2725,253,3083.0,3486.0
int__tai50_20_05,2725,254,3171.0,3553.0
int__tai50_20_05,2725,255,3157.0,3581.0
int__tai50_20_05,2725,256,3157.0,3586.0
int__tai50_20_05,2725,257,3183.0,3580.0
int__tai50_20_05,2725,258,3238.0,3624.0
int__tai50_20_05,2725,259,3035.0,3425.0
int__tai50_20_05,2725,260,3192.0,3635.0
int__tai50_20_05,2725,261,3141.0,3511.0
int__tai50_20_05,2725,262,3095.0,3505.0
int__tai50_20_05,2725,263,3201.0,3637.0
int__tai50_20_05,2725,264,3107.0,3504.0
int__tai50_20_05,2725,265,3066.0,3475.0
int__tai50_20_05,2725,266,3177.0,3586.0
int__tai50_20_05,2725,267,3095.0,3500.0
int__tai50_20_05,2725,268,3163.0,3591.0
int__tai50_20_05,2725,269,3188.0,3603.0
int__tai50_20_05,2725,270,3092.0,3444.0
int__tai50_20_05,2725,271,3177.0,3593.0
int__tai50_20_05,2725,272,3140.0,3543.0
int__tai50_20_05,2725,273,3120.0,3487.0
int__tai50_20_05,2725,274,3163.0,3582.0
int__tai50_20_05,2725,275,3154.0,3541.0
int__tai50_20_05,2725,276,3089.0,3457.0
int__tai50_20_05,2725,277,3106.0,3489.0
int__tai50_20_05,2725,278,3192.0,3622.0
int__tai50_20_05,2725,279,3141.0,3515.0
int__tai50_20_05,2725,280,3160.0,3556.0
int__tai50_20_05,2725,281,3229.0,3628.0
int__tai50_20_05,2725,282,3187.0,3575.0
int__tai50_20_05,2725,283,3096.0,3512.0
int__tai50_20_05,2725,284,3156.0,3551.0
int__tai50_20_05,2725,285,3140.0,3524.0
int__tai50_20_05,2725,286,3096.0,3535.0
int__tai50_20_05,2725,287,3091.0,3496.0
int__tai50_20_05,2725,288,3178.0,3581.0
int__tai50_20_05,2725,289,3112.0,3510.0
int__tai50_20_05,2725,290,3135.0,3481.0
int__tai50_20_05,2725,291,3168.0,3542.0
int__tai50_20_05,2725,292,3173.0,3604.0
int__tai50_20_05,2725,293,3132.0,3545.0
int__tai50_20_05,2725,294,3265.0,3661.0
int__tai50_20_05,2725,295,3124.0,3509.0
int__tai50_20_05,2725,296,3107.0,3481.0
int__tai50_20_05,2725,297,3130.0,3509.0
int__tai50_20_05,2725,298,3235.0,3653.0
int__tai50_20_05,2725,299,3185.0,3591.0
int__tai50_20_05,2725,300,3227.0,3635.0
int__tai50_20_05,2725,301,3280.0,3688.0
int__tai50_20_05,2725,302,3075.0,3458.0
int__tai50_20_05,2725,303,3187.0,3590.0
int__tai50_20_05,2725,304,3121.0,3502.0
int__tai50_20_05,2725,305,3094.0,3481.0
int__tai50_20_05,2725,306,3172.0,3555.0
int__tai50_20_05,2725,307,3138.0,3507.0
int__tai50_20_05,2725,308,3194.0,3593.0
int__tai50_20_05,2725,309,3198.0,3568.0
int__tai50_20_05,2725,310,3227.0,3661.0
int__tai50_20_05,2725,311,3164.0,3550.0
int__tai50_20_05,2725,312,3200.0,3521.0
int__tai50_20_05,2725,313,3158.0,3552.0
int__tai50_20_05,2725,314,3062.0,3434.0
int__tai50_20_05,2725,315,3125.0,3536.0
int__tai50_20_05,2725,316,3225.0,3636.0
int__tai50_20_05,2725,317,3186.0,3611.0
int__tai50_20_05,2725,318,3101.0,3491.0
int__tai50_20_05,2725,319,3192.0,3597.0
int__tai50_20_05,2725,320,3148.0,3553.0
int__tai50_20_05,2725,321,3162.0,3572.0
int__tai50_20_05,2725,322,3062.0,3435.0
int__tai50_20_05,2725,323,3123.0,3530.0
int__tai50_20_05,2725,324,3109.0,3514.0
int__tai50_20_05,2725,325,3093.0,3518.0
int__tai50_20_05,2725,326,3123.0,3529.0
int__tai50_20_05,2725,327,3226.0,3629.0
int__tai50_20_05,2725,328,3005.0,3375.0
int__tai50_20_05,2725,329,3059.0,3441.0
int__tai50_20_05,2725,330,3096.0,3508.0
int__tai50_20_05,2725,331,3245.0,3662.0
int__tai50_20_05,2725,332,3220.0,3624.0
int__tai50_20_05,2725,333,3229.0,3598.0
int__tai50_20_05,2725,334,3105.0,3518.0
int__tai50_20_05,2725,335,3142.0,3533.0
int__tai50_20_05,2725,336,3201.0,3630.0
int__tai50_20_05,2725,337,3121.0,3475.0
int__tai50_20_05,2725,338,3142.0,3571.0
int__tai50_20_05,2725,339,3214.0,3657.0
int__tai50_20_05,2725,340,3210.0,3645.0
int__tai50_20_05,2725,341,3093.0,3490.0
int__tai50_20_05,2725,342,3095.0,3510.0
int__tai50_20_05,2725,343,3076.0,3480.0
int__tai50_20_05,2725,344,3207.0,3613.0
int__tai50_20_05,2725,345,3194.0,3581.0
int__tai50_20_05,2725,346,3167.0,3548.0
int__tai50_20_05,2725,347,3161.0,3569.0
int__tai50_20_05,2725,348,3144.0,3553.0
int__tai50_20_05,2725,349,3184.0,3603.0
int__tai50_20_05,2725,350,3170.0,3595.0
int__tai50_20_05,2725,351,3175.0,3609.0
int__tai50_20_05,2725,352,3115.0,3516.0
int__tai50_20_05,2725,353,3130.0,3554.0
int__tai50_20_05,2725,354,3093.0,3501.0
int__tai50_20_05,2725,355,3246.0,3634.0
int__tai50_20_05,2725,356,3151.0,3563.0
int__tai50_20_05,2725,357,3071.0,3485.0
int__tai50_20_05,2725,358,3122.0,3523.0
int__tai50_20_05,2725,359,3142.0,3569.0
int__tai50_20_05,2725,360,3113.0,3536.0
int__tai50_20_05,2725,361,3070.0,3459.0
int__tai50_20_05,2725,362,3205.0,3606.0
int__tai50_20_05,2725,363,3138.0,3514.0
int__tai50_20_05,2725,364,3294.0,3747.0
int__tai50_20_05,2725,365,3099.0,3478.0
int__tai50_20_05,2725,366,3089.0,3473.0
int__tai50_20_05,2725,367,3173.0,3526.0
int__tai50_20_05,2725,368,3102.0,3501.0
int__tai50_20_05,2725,369,3179.0,3571.0
int__tai50_20_05,2725,370,3129.0,3509.0
int__tai50_20_05,2725,371,3101.0,3480.0
int__tai50_20_05,2725,372,3197.0,3603.0
int__tai50_20_05,2725,373,3112.0,3477.0
int__tai50_20_05,2725,374,3120.0,3498.0
int__tai50_20_05,2725,375,3202.0,3626.0
int__tai50_20_05,2725,376,3057.0,3426.0
int__tai50_20_05,2725,377,3195.0,3572.0
int__tai50_20_05,2725,378,3221.0,3653.0
int__tai50_20_05,2725,379,3221.0,3609.0
int__tai50_20_05,2725,380,3122.0,3505.0
int__tai50_20_05,2725,381,3050.0,3454.0
int__tai50_20_05,2725,382,3136.0,3521.0
int__tai50_20_05,2725,383,3178.0,3597.0
int__tai50_20_05,2725,384,3130.0,3452.0
int__tai50_20_05,2725,385,3203.0,3571.0
int__tai50_20_05,2725,386,3147.0,3568.0
int__tai50_20_05,2725,387,3130.0,3499.0
int__tai50_20_05,2725,388,3151.0,3559.0
int__tai50_20_05,2725,389,3133.0,3528.0
int__tai50_20_05,2725,390,3108.0,3514.0
int__tai50_20_05,2725,391,3119.0,3502.0
int__tai50_20_05,2725,392,3088.0,3470.0
int__tai50_20_05,2725,393,3109.0,3486.0
int__tai50_20_05,2725,394,3051.0,3443.0
int__tai50_20_05,2725,395,3109.0,3489.0
int__tai50_20_05,2725,396,3204.0,3631.0
int__tai50_20_05,2725,397,3220.0,3580.0
int__tai50_20_05,2725,398,3157.0,3555.0
int__tai50_20_05,2725,399,3163.0,3571.0
int__tai50_20_05,2725,400,3088.0,3518.0
int__tai50_20_05,2725,401,3085.0,3503.0
int__tai50_20_05,2725,402,3154.0,3568.0
int__tai50_20_05,2725,403,3148.0,3536.0
int__tai50_20_05,2725,404,3104.0,3529.0
int__tai50_20_05,2725,405,3072.0,3460.0
int__tai50_20_05,2725,406,3241.0,3635.0
int__tai50_20_05,2725,407,3191.0,3627.0
int__tai50_20_05,2725,408,3184.0,3573.0
int__tai50_20_05,2725,409,3133.0,3507.0
int__tai50_20_05,2725,410,3216.0,3645.0
int__tai50_20_05,2725,411,3118.0,3547.0
int__tai50_20_05,2725,412,3200.0,3606.0
int__tai50_20_05,2725,413,3219.0,3579.0
int__tai50_20_05,2725,414,3169.0,3578.0
int__tai50_20_05,2725,415,3126.0,3539.0
int__tai50_20_05,2725,416,3190.0,3614.0
int__tai50_20_05,2725,417,3105.0,3492.0
int__tai50_20_05,2725,418,3152.0,3537.0
int__tai50_20_05,2725,419,3112.0,3524.0
int__tai50_20_05,2725,420,3192.0,3611.0
int__tai50_20_05,2725,421,3094.0,3501.0
int__tai50_20_05,2725,422,3208.0,3641.0
int__tai50_20_05,2725,423,3103.0,3533.0
int__tai50_20_05,2725,424,3122.0,3525.0
int__tai50_20_05,2725,425,3138.0,3513.0
int__tai50_20_05,2725,426,3121.0,3535.0
int__tai50_20_05,2725,427,3078.0,3462.0
int__tai50_20_05,2725,428,3167.0,3551.0
int__tai50_20_05,2725,429,3171.0,3575.0
int__tai50_20_05,2725,430,3102.0,3452.0
int__tai50_20_05,2725,431,3170.0,3572.0
int__tai50_20_05,2725,432,3202.0,3600.0
int__tai50_20_05,2725,433,3083.0,3472.0
int__tai50_20_05,2725,434,3120.0,3487.0
int__tai50_20_05,2725,435,3232.0,3623.0
int__tai50_20_05,2725,436,3111.0,3507.0
int__tai50_20_05,2725,437,3200.0,3570.0
int__tai50_20_05,2725,438,3169.0,3581.0
int__tai50_20_05,2725,439,3269.0,3659.0
int__tai50_20_05,2725,440,3146.0,3569.0
int__tai50_20_05,2725,441,3097.0,3493.0
int__tai50_20_05,2725,442,3069.0,3465.0
int__tai50_20_05,2725,443,3075.0,3480.0
int__tai50_20_05,2725,444,3145.0,3573.0
int__tai50_20_05,2725,445,3174.0,3550.0
int__tai50_20_05,2725,446,3231.0,3648.0
int__tai50_20_05,2725,447,3056.0,3459.0
int__tai50_20_05,2725,448,3175.0,3575.0
int__tai50_20_05,2725,449,3082.0,3459.0
int__tai50_20_05,2725,450,3196.0,3596.0
int__tai50_20_05,2725,451,3087.0,3489.0
int__tai50_20_05,2725,452,3163.0,3552.0
int__tai50_20_05,2725,453,3241.0,3645.0
int__tai50_20_05,2725,454,3158.0,3541.0
int__tai50_20_05,2725,455,3110.0,3504.0
int__tai50_20_05,2725,456,3141.0,3552.0
int__tai50_20_05,2725,457,3177.0,3561.0
int__tai50_20_05,2725,458,3099.0,3493.0
int__tai50_20_05,2725,459,3034.0,3441.0
int__tai50_20_05,2725,460,3192.0,3611.0
int__tai50_20_05,2725,461,3140.0,3547.0
int__tai50_20_05,2725,462,3102.0,3490.0
int__tai50_20_05,2725,463,3152.0,3581.0
int__tai50_20_05,2725,464,3109.0,3501.0
int__tai50_20_05,2725,465,3067.0,3483.0
int__tai50_20_05,2725,466,3202.0,3585.0
int__tai50_20_05,2725,467,3090.0,3447.0
int__tai50_20_05,2725,468,3161.0,3534.0
int__tai50_20_05,2725,469,3215.0,3658.0
int__tai50_20_05,2725,470,3177.0,3550.0
int__tai50_20_05,2725,471,3215.0,3596.0
int__tai50_20_05,2725,472,3130.0,3530.0
int__tai50_20_05,2725,473,3128.0,3539.0
int__tai50_20_05,2725,474,3172.0,3548.0
int__tai50_20_05,2725,475,3133.0,3574.0
int__tai50_20_05,2725,476,3058.0,3438.0
int__tai50_20_05,2725,477,3124.0,3494.0
int__tai50_20_05,2725,478,3096.0,3468.0
int__tai50_20_05,2725,479,3211.0,3584.0
int__tai50_20_05,2725,480,3154.0,3574.0
int__tai50_20_05,2725,481,3166.0,3543.0
int__tai50_20_05,2725,482,3168.0,3557.0
int__tai50_20_05,2725,483,3260.0,3678.0
int__tai50_20_05,2725,484,3170.0,3553.0
int__tai50_20_05,2725,485,3087.0,3492.0
int__tai50_20_05,2725,486,3319.0,3753.0
int__tai50_20_05,2725,487,3039.0,3463.0
int__tai50_20_05,2725,488,3187.0,3595.0
int__tai50_20_05,2725,489,3249.0,3648.0
int__tai50_20_05,2725,490,3183.0,3592.0
int__tai50_20_05,2725,491,3181.0,3603.0
int__tai50_20_05,2725,492,3125.0,3514.0
int__tai50_20_05,2725,493,3134.0,3535.0
int__tai50_20_05,2725,494,3141.0,3504.0
int__tai50_20_05,2725,495,3171.0,3578.0
int__tai50_20_05,2725,496,3215.0,3668.0
int__tai50_20_05,2725,497,3090.0,3495.0
int__tai50_20_05,2725,498,3177.0,3564.0
int__tai50_20_05,2725,499,3100.0,3494.0
int__tai50_20_05,2725,500,3222.0,3608.0
int__tai50_20_05,2725,501,3220.0,3646.0
int__tai50_20_05,2725,502,3264.0,3680.0
int__tai50_20_05,2725,503,3180.0,3574.0
int__tai50_20_05,2725,504,3182.0,3553.0
int__tai50_20_05,2725,505,3173.0,3553.0
int__tai50_20_05,2725,506,3113.0,3531.0
int__tai50_20_05,2725,507,3194.0,3607.0
int__tai50_20_05,2725,508,3113.0,3514.0
int__tai50_20_05,2725,509,3152.0,3532.0
int__tai50_20_05,2725,510,3089.0,3482.0
int__tai50_20_05,2725,511,3261.0,3640.0
int__tai50_20_05,2725,512,3141.0,3521.0
int__tai50_20_05,2725,513,3258.0,3655.0
int__tai50_20_05,2725,514,3069.0,3477.0
int__tai50_20_05,2725,515,3172.0,3584.0
int__tai50_20_05,2725,516,3198.0,3617.0
int__tai50_20_05,2725,517,3148.0,3552.0
int__tai50_20_05,2725,518,3118.0,3482.0
int__tai50_20_05,2725,519,3176.0,3585.0
int__tai50_20_05,2725,520,3134.0,3542.0
int__tai50_20_05,2725,521,3140.0,3516.0
int__tai50_20_05,2725,522,3092.0,3502.0
int__tai50_20_05,2725,523,3136.0,3544.0
int__tai50_20_05,2725,524,3136.0,3538.0
int__tai50_20_05,2725,525,3101.0,3495.0
int__tai50_20_05,2725,526,3051.0,3456.0
int__tai50_20_05,2725,527,3141.0,3552.0
int__tai50_20_05,2725,528,3136.0,3561.0
int__tai50_20_05,2725,529,3158.0,3621.0
int__tai50_20_05,2725,530,3176.0,3619.0
int__tai50_20_05,2725,531,3110.0,3506.0
int__tai50_20_05,2725,532,3175.0,3593.0
int__tai50_20_05,2725,533,3086.0,3468.0
int__tai50_20_05,2725,534,3111.0,3501.0
int__tai50_20_05,2725,535,3158.0,3537.0
int__tai50_20_05,2725,536,3100.0,3462.0
int__tai50_20_05,2725,537,3158.0,3598.0
int__tai50_20_05,2725,538,3229.0,3596.0
int__tai50_20_05,2725,539,3072.0,3449.0
int__tai50_20_05,2725,540,3235.0,3667.0
int__tai50_20_05,2725,541,3255.0,3692.0
int__tai50_20_05,2725,542,3149.0,3516.0
int__tai50_20_05,2725,543,3101.0,3481.0
int__tai50_20_05,2725,544,3096.0,3468.0
int__tai50_20_05,2725,545,3117.0,3528.0
int__tai50_20_05,2725,546,3120.0,3521.0
int__tai50_20_05,2725,547,3260.0,3700.0
int__tai50_20_05,2725,548,3156.0,3522.0
int__tai50_20_05,2725,549,3199.0,3643.0
int__tai50_20_05,2725,550,3104.0,3469.0
int__tai50_20_05,2725,551,3143.0,3521.0
int__tai50_20_05,2725,552,3215.0,3603.0
int__tai50_20_05,2725,553,3117.0,3504.0
int__tai50_20_05,2725,554,3162.0,3561.0
int__tai50_20_05,2725,555,3188.0,3622.0
int__tai50_20_05,2725,556,3103.0,3494.0
int__tai50_20_05,2725,557,3122.0,3512.0
int__tai50_20_05,2725,558,3133.0,3518.0
int__tai50_20_05,2725,559,3024.0,3416.0
int__tai50_20_05,2725,560,3253.0,3654.0
int__tai50_20_05,2725,561,3155.0,3574.0
int__tai50_20_05,2725,562,3131.0,3481.0
int__tai50_20_05,2725,563,3160.0,3585.0
int__tai50_20_05,2725,564,3109.0,3503.0
int__tai50_20_05,2725,565,3057.0,3433.0
int__tai50_20_05,2725,566,3142.0,3544.0
int__tai50_20_05,2725,567,3164.0,3593.0
int__tai50_20_05,2725,568,3208.0,3596.0
int__tai50_20_05,2725,569,3253.0,3637.0
int__tai50_20_05,2725,570,3133.0,3503.0
int__tai50_20_05,2725,571,3093.0,3498.0
int__tai50_20_05,2725,572,3065.0,3461.0
int__tai50_20_05,2725,573,3165.0,3549.0
int__tai50_20_05,2725,574,3119.0,3514.0
int__tai50_20_05,2725,575,3096.0,3496.0
int__tai50_20_05,2725,576,3185.0,3566.0
int__tai50_20_05,2725,577,3147.0,3583.0
int__tai50_20_05,2725,578,3140.0,3557.0
int__tai50_20_05,2725,579,3114.0,3519.0
int__tai50_20_05,2725,580,3204.0,3592.0
int__tai50_20_05,2725,581,3272.0,3706.0
int__tai50_20_05,2725,582,3217.0,3656.0
int__tai50_20_05,2725,583,3138.0,3527.0
int__tai50_20_05,2725,584,3134.0,3524.0
int__tai50_20_05,2725,585,3172.0,3568.0
int__tai50_20_05,2725,586,3180.0,3603.0
int__tai50_20_05,2725,587,3143.0,3555.0
int__tai50_20_05,2725,588,3173.0,3581.0
int__tai50_20_05,2725,589,3162.0,3547.0
int__tai50_20_05,2725,590,3166.0,3562.0
int__tai50_20_05,2725,591,3123.0,3487.0
int__tai50_20_05,2725,592,3116.0,3500.0
int__tai50_20_05,2725,593,3092.0,3458.0
int__tai50_20_05,2725,594,3143.0,3532.0
int__tai50_20_05,2725,595,3126.0,3539.0
int__tai50_20_05,2725,596,3117.0,3526.0
int__tai50_20_05,2725,597,3079.0,3443.0
int__tai50_20_05,2725,598,3148.0,3538.0
int__tai50_20_05,2725,599,3190.0,3590.0
int__tai50_20_05,2725,600,3166.0,3566.0
int__tai50_20_05,2725,601,3223.0,3616.0
int__tai50_20_05,2725,602,3174.0,3607.0
int__tai50_20_05,2725,603,3099.0,3476.0
int__tai50_20_05,2725,604,3151.0,3551.0
int__tai50_20_05,2725,605,3108.0,3506.0
int__tai50_20_05,2725,606,3157.0,3568.0
int__tai50_20_05,2725,607,3193.0,3596.0
int__tai50_20_05,2725,608,3094.0,3519.0
int__tai50_20_05,2725,609,3144.0,3558.0
int__tai50_20_05,2725,610,3207.0,3605.0
int__tai50_20_05,2725,611,3165.0,3546.0
int__tai50_20_05,2725,612,3054.0,3499.0
int__tai50_20_05,2725,613,3168.0,3564.0
int__tai50_20_05,2725,614,3287.0,3680.0
int__tai50_20_05,2725,615,3082.0,3460.0
int__tai50_20_05,2725,616,3158.0,3546.0
int__tai50_20_05,2725,617,3139.0,3549.0
int__tai50_20_05,2725,618,3058.0,3467.0
int__tai50_20_05,2725,619,3191.0,3628.0
int__tai50_20_05,2725,620,3196.0,3602.0
int__tai50_20_05,2725,621,3123.0,3519.0
int__tai50_20_05,2725,622,3052.0,3453.0
int__tai50_20_05,2725,623,3225.0,3641.0
int__tai50_20_05,2725,624,3198.0,3544.0
int__tai50_20_05,2725,625,3058.0,3466.0
int__tai50_20_05,2725,626,3117.0,3533.0
int__tai50_20_05,2725,627,3054.0,3433.0
int__tai50_20_05,2725,628,3263.0,3671.0
int__tai50_20_05,2725,629,3182.0,3597.0
int__tai50_20_05,2725,630,3117.0,3540.0
int__tai50_20_05,2725,631,3218.0,3638.0
int__tai50_20_05,2725,632,3083.0,3486.0
int__tai50_20_05,2725,633,3271.0,3693.0
int__tai50_20_05,2725,634,3048.0,3432.0
int__tai50_20_05,2725,635,3149.0,3557.0
int__tai50_20_05,2725,636,3135.0,3507.0
int__tai50_20_05,2725,637,3164.0,3587.0
int__tai50_20_05,2725,638,3146.0,3572.0
int__tai50_20_05,2725,639,3258.0,3666.0
int__tai50_20_05,2725,640,3216.0,3599.0
int__tai50_20_05,2725,641,3133.0,3532.0
int__tai50_20_05,2725,642,3083.0,3503.0
int__tai50_20_05,2725,643,3062.0,3443.0
int__tai50_20_05,2725,644,3204.0,3607.0
int__tai50_20_05,2725,645,3162.0,3577.0
int__tai50_20_05,2725,646,3143.0,3567.0
int__tai50_20_05,2725,647,3203.0,3558.0
int__tai50_20_05,2725,648,3071.0,3467.0
int__tai50_20_05,2725,649,3119.0,3503.0
int__tai50_20_05,2725,650,3050.0,3447.0
int__tai50_20_05,2725,651,3136.0,3552.0
int__tai50_20_05,2725,652,3106.0,3517.0
int__tai50_20_05,2725,653,3128.0,3538.0
int__tai50_20_05,2725,654,3203.0,3601.0
int__tai50_20_05,2725,655,3130.0,3527.0
int__tai50_20_05,2725,656,3198.0,3602.0
int__tai50_20_05,2725,657,3158.0,3585.0
int__tai50_20_05,2725,658,3139.0,3535.0
int__tai50_20_05,2725,659,3223.0,3657.0
int__tai50_20_05,2725,660,3123.0,3505.0
int__tai50_20_05,2725,661,3098.0,3510.0
int__tai50_20_05,2725,662,3170.0,3550.0
int__tai50_20_05,2725,663,3108.0,3491.0
int__tai50_20_05,2725,664,3097.0,3495.0
int__tai50_20_05,2725,665,3236.0,3641.0
int__tai50_20_05,2725,666,3148.0,3532.0
int__tai50_20_05,2725,667,3100.0,3536.0
int__tai50_20_05,2725,668,3166.0,3523.0
int__tai50_20_05,2725,669,3296.0,3726.0
int__tai50_20_05,2725,670,3101.0,3515.0
int__tai50_20_05,2725,671,3144.0,3532.0
int__tai50_20_05,2725,672,3117.0,3523.0
int__tai50_20_05,2725,673,3055.0,3472.0
int__tai50_20_05,2725,674,3190.0,3543.0
int__tai50_20_05,2725,675,3143.0,3501.0
int__tai50_20_05,2725,676,3111.0,3494.0
int__tai50_20_05,2725,677,3072.0,3477.0
int__tai50_20_05,2725,678,3124.0,3511.0
int__tai50_20_05,2725,679,3150.0,3542.0
int__tai50_20_05,2725,680,3242.0,3661.0
int__tai50_20_05,2725,681,3163.0,3597.0
int__tai50_20_05,2725,682,3170.0,3596.0
int__tai50_20_05,2725,683,3156.0,3584.0
int__tai50_20_05,2725,684,3197.0,3535.0
int__tai50_20_05,2725,685,3078.0,3445.0
int__tai50_20_05,2725,686,3160.0,3539.0
int__tai50_20_05,2725,687,3189.0,3564.0
int__tai50_20_05,2725,688,3191.0,3594.0
int__tai50_20_05,2725,689,3097.0,3484.0
int__tai50_20_05,2725,690,3202.0,3608.0
int__tai50_20_05,2725,691,3130.0,3511.0
int__tai50_20_05,2725,692,3068.0,3457.0
int__tai50_20_05,2725,693,3197.0,3631.0
int__tai50_20_05,2725,694,3091.0,3472.0
int__tai50_20_05,2725,695,3101.0,3480.0
int__tai50_20_05,2725,696,3085.0,3483.0
int__tai50_20_05,2725,697,3231.0,3646.0
int__tai50_20_05,2725,698,3093.0,3469.0
int__tai50_20_05,2725,699,3133.0,3511.0
int__tai50_20_05,2725,700,3109.0,3492.0
int__tai50_20_05,2725,701,3147.0,3547.0
int__tai50_20_05,2725,702,3176.0,3601.0
int__tai50_20_05,2725,703,3060.0,3433.0
int__tai50_20_05,2725,704,3237.0,3632.0
int__tai50_20_05,2725,705,3183.0,3553.0
int__tai50_20_05,2725,706,3110.0,3489.0
int__tai50_20_05,2725,707,3130.0,3519.0
int__tai50_20_05,2725,708,3216.0,3597.0
int__tai50_20_05,2725,709,3130.0,3531.0
int__tai50_20_05,2725,710,3119.0,3515.0
int__tai50_20_05,2725,711,3229.0,3611.0
int__tai50_20_05,2725,712,3125.0,3509.0
int__tai50_20_05,2725,713,3067.0,3435.0
int__tai50_20_05,2725,714,3124.0,3532.0
int__tai50_20_05,2725,715,3200.0,3597.0
int__tai50_20_05,2725,716,3288.0,3761.0
int__tai50_20_05,2725,717,3189.0,3561.0
int__tai50_20_05,2725,718,3047.0,3463.0
int__tai50_20_05,2725,719,3107.0,3519.0
int__tai50_20_05,2725,720,3146.0,3541.0
int__tai50_20_05,2725,721,3238.0,3670.0
int__tai50_20_05,2725,722,3153.0,3560.0
int__tai50_20_05,2725,723,3218.0,3673.0
int__tai50_20_05,2725,724,3148.0,3559.0
int__tai50_20_05,2725,725,3156.0,3551.0
int__tai50_20_05,2725,726,3153.0,3561.0
int__tai50_20_05,2725,727,3283.0,3715.0
int__tai50_20_05,2725,728,3262.0,3684.0
int__tai50_20_05,2725,729,3178.0,3559.0
int__tai50_20_05,2725,730,3252.0,3687.0
int__tai50_20_05,2725,731,3180.0,3583.0
int__tai50_20_05,2725,732,3057.0,3447.0
int__tai50_20_05,2725,733,3116.0,3531.0
int__tai50_20_05,2725,734,3154.0,3531.0
int__tai50_20_05,2725,735,3185.0,3578.0
int__tai50_20_05,2725,736,3221.0,3614.0
int__tai50_20_05,2725,737,3159.0,3540.0
int__tai50_20_05,2725,738,3095.0,3501.0
int__tai50_20_05,2725,739,3140.0,3570.0
int__tai50_20_05,2725,740,3281.0,3655.0
int__tai50_20_05,2725,741,3150.0,3545.0
int__tai50_20_05,2725,742,3199.0,3594.0
int__tai50_20_05,2725,743,3194.0,3626.0
int__tai50_20_05,2725,744,3147.0,3537.0
int__tai50_20_05,2725,745,3096.0,3443.0
int__tai50_20_05,2725,746,3105.0,3514.0
int__tai50_20_05,2725,747,3150.0,3540.0
int__tai50_20_05,2725,748,3116.0,3513.0
int__tai50_20_05,2725,749,3138.0,3528.0
int__tai50_20_05,2725,750,3131.0,3538.0
int__tai50_20_05,2725,751,3253.0,3639.0
int__tai50_20_05,2725,752,3193.0,3625.0
int__tai50_20_05,2725,753,3199.0,3609.0
int__tai50_20_05,2725,754,3113.0,3500.0
int__tai50_20_05,2725,755,3210.0,3613.0
int__tai50_20_05,2725,756,3276.0,3698.0
int__tai50_20_05,2725,757,3142.0,3543.0
int__tai50_20_05,2725,758,3153.0,3560.0
int__tai50_20_05,2725,759,3107.0,3497.0
int__tai50_20_05,2725,760,3177.0,3554.0
int__tai50_20_05,2725,761,3116.0,3492.0
int__tai50_20_05,2725,762,3096.0,3506.0
int__tai50_20_05,2725,763,3090.0,3449.0
int__tai50_20_05,2725,764,3210.0,3596.0
int__tai50_20_05,2725,765,3198.0,3603.0
int__tai50_20_05,2725,766,3074.0,3474.0
int__tai50_20_05,2725,767,3100.0,3516.0
int__tai50_20_05,2725,768,3206.0,3586.0
int__tai50_20_05,2725,769,3135.0,3564.0
int__tai50_20_05,2725,770,3190.0,3597.0
int__tai50_20_05,2725,771,3029.0,3423.0
int__tai50_20_05,2725,772,3191.0,3582.0
int__tai50_20_05,2725,773,3124.0,3507.0
int__tai50_20_05,2725,774,3143.0,3541.0
int__tai50_20_05,2725,775,3266.0,3647.0
int__tai50_20_05,2725,776,3070.0,3460.0
int__tai50_20_05,2725,777,3076.0,3459.0
int__tai50_20_05,2725,778,3107.0,3501.0
int__tai50_20_05,2725,779,3152.0,3543.0
int__tai50_20_05,2725,780,3199.0,3621.0
int__tai50_20_05,2725,781,3184.0,3603.0
int__tai50_20_05,2725,782,3188.0,3594.0
int__tai50_20_05,2725,783,3085.0,3514.0
int__tai50_20_05,2725,784,3055.0,3445.0
int__tai50_20_05,2725,785,3133.0,3507.0
int__tai50_20_05,2725,786,3167.0,3561.0
int__tai50_20_05,2725,787,3086.0,3475.0
int__tai50_20_05,2725,788,3169.0,3566.0
int__tai50_20_05,2725,789,3107.0,3528.0
int__tai50_20_05,2725,790,3214.0,3607.0
int__tai50_20_05,2725,791,3187.0,3579.0
int__tai50_20_05,2725,792,3220.0,3626.0
int__tai50_20_05,2725,793,3067.0,3460.0
int__tai50_20_05,2725,794,3168.0,3574.0
int__tai50_20_05,2725,795,3176.0,3597.0
int__tai50_20_05,2725,796,3160.0,3532.0
int__tai50_20_05,2725,797,3164.0,3585.0
int__tai50_20_05,2725,798,3263.0,3708.0
int__tai50_20_05,2725,799,3224.0,3648.0
int__tai50_20_05,2725,800,3092.0,3488.0
int__tai50_20_05,2725,801,3150.0,3540.0
int__tai50_20_05,2725,802,3142.0,3545.0
int__tai50_20_05,2725,803,3132.0,3525.0
int__tai50_20_05,2725,804,3129.0,3515.0
int__tai50_20_05,2725,805,3093.0,3489.0
int__tai50_20_05,2725,806,3160.0,3578.0
int__tai50_20_05,2725,807,3238.0,3650.0
int__tai50_20_05,2725,808,3321.0,3742.0
int__tai50_20_05,2725,809,3136.0,3553.0
int__tai50_20_05,2725,810,3180.0,3590.0
int__tai50_20_05,2725,811,3167.0,3517.0
int__tai50_20_05,2725,812,3129.0,3529.0
int__tai50_20_05,2725,813,3139.0,3546.0
int__tai50_20_05,2725,814,3218.0,3610.0
int__tai50_20_05,2725,815,3193.0,3578.0
int__tai50_20_05,2725,816,3159.0,3564.0
int__tai50_20_05,2725,817,3195.0,3582.0
int__tai50_20_05,2725,818,3090.0,3471.0
int__tai50_20_05,2725,819,3145.0,3511.0
int__tai50_20_05,2725,820,3107.0,3479.0
int__tai50_20_05,2725,821,3180.0,3541.0
int__tai50_20_05,2725,822,3111.0,3505.0
int__tai50_20_05,2725,823,3260.0,3699.0
int__tai50_20_05,2725,824,3144.0,3542.0
int__tai50_20_05,2725,825,3139.0,3526.0
int__tai50_20_05,2725,826,3070.0,3464.0
int__tai50_20_05,2725,827,3128.0,3508.0
int__tai50_20_05,2725,828,3221.0,3603.0
int__tai50_20_05,2725,829,3210.0,3586.0
int__tai50_20_05,2725,830,3182.0,3574.0
int__tai50_20_05,2725,831,3103.0,3529.0
int__tai50_20_05,2725,832,3169.0,3558.0
int__tai50_20_05,2725,833,3094.0,3458.0
int__tai50_20_05,2725,834,3182.0,3559.0
int__tai50_20_05,2725,835,3167.0,3564.0
int__tai50_20_05,2725,836,3135.0,3549.0
int__tai50_20_05,2725,837,3130.0,3513.0
int__tai50_20_05,2725,838,3094.0,3480.0
int__tai50_20_05,2725,839,3013.0,3417.0
int__tai50_20_05,2725,840,3179.0,3547.0
int__tai50_20_05,2725,841,3145.0,3513.0
int__tai50_20_05,2725,842,3159.0,3574.0
int__tai50_20_05,2725,843,3210.0,3596.0
int__tai50_20_05,2725,844,3115.0,3541.0
int__tai50_20_05,2725,845,3212.0,3636.0
int__tai50_20_05,2725,846,3154.0,3549.0
int__tai50_20_05,2725,847,3156.0,3554.0
int__tai50_20_05,2725,848,3127.0,3530.0
int__tai50_20_05,2725,849,3096.0,3471.0
int__tai50_20_05,2725,850,3190.0,3590.0
int__tai50_20_05,2725,851,3151.0,3565.0
int__tai50_20_05,2725,852,3145.0,3542.0
int__tai50_20_05,2725,853,3218.0,3600.0
int__tai50_20_05,2725,854,3232.0,3652.0
int__tai50_20_05,2725,855,3143.0,3559.0
int__tai50_20_05,2725,856,3252.0,3665.0
int__tai50_20_05,2725,857,3108.0,3480.0
int__tai50_20_05,2725,858,3090.0,3493.0
int__tai50_20_05,2725,859,3172.0,3561.0
int__tai50_20_05,2725,860,3098.0,3532.0
int__tai50_20_05,2725,861,3123.0,3515.0
int__tai50_20_05,2725,862,3111.0,3523.0
int__tai50_20_05,2725,863,3140.0,3540.0
int__tai50_20_05,2725,864,3078.0,3482.0
int__tai50_20_05,2725,865,3288.0,3674.0
int__tai50_20_05,2725,866,3218.0,3616.0
int__tai50_20_05,2725,867,3144.0,3554.0
int__tai50_20_05,2725,868,3115.0,3521.0
int__tai50_20_05,2725,869,3314.0,3712.0
int__tai50_20_05,2725,870,3070.0,3478.0
int__tai50_20_05,2725,871,3194.0,3573.0
int__tai50_20_05,2725,872,3198.0,3601.0
int__tai50_20_05,2725,873,3098.0,3500.0
int__tai50_20_05,2725,874,3139.0,3470.0
int__tai50_20_05,2725,875,3122.0,3519.0
int__tai50_20_05,2725,876,3140.0,3582.0
int__tai50_20_05,2725,877,3155.0,3569.0
int__tai50_20_05,2725,878,3212.0,3633.0
int__tai50_20_05,2725,879,3142.0,3528.0
int__tai50_20_05,2725,880,3122.0,3509.0
int__tai50_20_05,2725,881,3140.0,3555.0
int__tai50_20_05,2725,882,3292.0,3723.0
int__tai50_20_05,2725,883,3132.0,3530.0
int__tai50_20_05,2725,884,3205.0,3587.0
int__tai50_20_05,2725,885,3092.0,3450.0
int__tai50_20_05,2725,886,3109.0,3512.0
int__tai50_20_05,2725,887,3090.0,3499.0
int__tai50_20_05,2725,888,3171.0,3578.0
int__tai50_20_05,2725,889,3219.0,3670.0
int__tai50_20_05,2725,890,3129.0,3540.0
int__tai50_20_05,2725,891,3138.0,3573.0
int__tai50_20_05,2725,892,3109.0,3486.0
int__tai50_20_05,2725,893,3109.0,3521.0
int__tai50_20_05,2725,894,3155.0,3573.0
int__tai50_20_05,2725,895,3165.0,3567.0
int__tai50_20_05,2725,896,3172.0,3573.0
int__tai50_20_05,2725,897,3190.0,3580.0
int__tai50_20_05,2725,898,3059.0,3482.0
int__tai50_20_05,2725,899,3096.0,3495.0
int__tai50_20_05,2725,900,3111.0,3498.0
int__tai50_20_05,2725,901,3140.0,3524.0
int__tai50_20_05,2725,902,3134.0,3548.0
int__tai50_20_05,2725,903,3102.0,3485.0
int__tai50_20_05,2725,904,3081.0,3509.0
int__tai50_20_05,2725,905,3123.0,3538.0
int__tai50_20_05,2725,906,3188.0,3593.0
int__tai50_20_05,2725,907,3169.0,3564.0
int__tai50_20_05,2725,908,3140.0,3526.0
int__tai50_20_05,2725,909,3299.0,3692.0
int__tai50_20_05,2725,910,3213.0,3613.0
int__tai50_20_05,2725,911,3224.0,3598.0
int__tai50_20_05,2725,912,3170.0,3555.0
int__tai50_20_05,2725,913,3145.0,3533.0
int__tai50_20_05,2725,914,3066.0,3445.0
int__tai50_20_05,2725,915,3196.0,3604.0
int__tai50_20_05,2725,916,3149.0,3574.0
int__tai50_20_05,2725,917,3137.0,3572.0
int__tai50_20_05,2725,918,3168.0,3562.0
int__tai50_20_05,2725,919,3286.0,3700.0
int__tai50_20_05,2725,920,3246.0,3630.0
int__tai50_20_05,2725,921,3057.0,3452.0
int__tai50_20_05,2725,922,3203.0,3602.0
int__tai50_20_05,2725,923,3125.0,3564.0
int__tai50_20_05,2725,924,3106.0,3513.0
int__tai50_20_05,2725,925,3138.0,3546.0
int__tai50_20_05,2725,926,3063.0,3487.0
int__tai50_20_05,2725,927,3184.0,3544.0
int__tai50_20_05,2725,928,3140.0,3517.0
int__tai50_20_05,2725,929,3070.0,3454.0
int__tai50_20_05,2725,930,3134.0,3535.0
int__tai50_20_05,2725,931,3085.0,3485.0
int__tai50_20_05,2725,932,3103.0,3485.0
int__tai50_20_05,2725,933,3162.0,3553.0
int__tai50_20_05,2725,934,3224.0,3627.0
int__tai50_20_05,2725,935,3166.0,3586.0
int__tai50_20_05,2725,936,3151.0,3552.0
int__tai50_20_05,2725,937,3169.0,3563.0
int__tai50_20_05,2725,938,3113.0,3516.0
int__tai50_20_05,2725,939,3284.0,3665.0
int__tai50_20_05,2725,940,3101.0,3509.0
int__tai50_20_05,2725,941,3192.0,3610.0
int__tai50_20_05,2725,942,3084.0,3500.0
int__tai50_20_05,2725,943,3113.0,3499.0
int__tai50_20_05,2725,944,3291.0,3698.0
int__tai50_20_05,2725,945,3175.0,3577.0
int__tai50_20_05,2725,946,3194.0,3573.0
int__tai50_20_05,2725,947,3159.0,3492.0
int__tai50_20_05,2725,948,3167.0,3581.0
int__tai50_20_05,2725,949,3165.0,3540.0
int__tai50_20_05,2725,950,3157.0,3544.0
int__tai50_20_05,2725,951,3063.0,3463.0
int__tai50_20_05,2725,952,3240.0,3632.0
int__tai50_20_05,2725,953,2989.0,3370.0
int__tai50_20_05,2725,954,3086.0,3482.0
int__tai50_20_05,2725,955,3180.0,3564.0
int__tai50_20_05,2725,956,3050.0,3466.0
int__tai50_20_05,2725,957,3155.0,3564.0
int__tai50_20_05,2725,958,3143.0,3524.0
int__tai50_20_05,2725,959,3270.0,3666.0
int__tai50_20_05,2725,960,3252.0,3647.0
int__tai50_20_05,2725,961,3154.0,3557.0
int__tai50_20_05,2725,962,3243.0,3612.0
int__tai50_20_05,2725,963,3122.0,3513.0
int__tai50_20_05,2725,964,3158.0,3569.0
int__tai50_20_05,2725,965,3091.0,3489.0
int__tai50_20_05,2725,966,3193.0,3636.0
int__tai50_20_05,2725,967,3175.0,3555.0
int__tai50_20_05,2725,968,3125.0,3528.0
int__tai50_20_05,2725,969,3209.0,3607.0
int__tai50_20_05,2725,970,3219.0,3664.0
int__tai50_20_05,2725,971,3103.0,3503.0
int__tai50_20_05,2725,972,3060.0,3457.0
int__tai50_20_05,2725,973,3116.0,3506.0
int__tai50_20_05,2725,974,3163.0,3539.0
int__tai50_20_05,2725,975,3182.0,3621.0
int__tai50_20_05,2725,976,3157.0,3576.0
int__tai50_20_05,2725,977,3180.0,3595.0
int__tai50_20_05,2725,978,3124.0,3554.0
int__tai50_20_05,2725,979,3103.0,3479.0
int__tai50_20_05,2725,980,3138.0,3541.0
int__tai50_20_05,2725,981,3138.0,3554.0
int__tai50_20_05,2725,982,3119.0,3500.0
int__tai50_20_05,2725,983,3182.0,3607.0
int__tai50_20_05,2725,984,3096.0,3474.0
int__tai50_20_05,2725,985,3204.0,3591.0
int__tai50_20_05,2725,986,3095.0,3476.0
int__tai50_20_05,2725,987,3110.0,3487.0
int__tai50_20_05,2725,988,3080.0,3474.0
int__tai50_20_05,2725,989,3154.0,3559.0
int__tai50_20_05,2725,990,3285.0,3715.0
int__tai50_20_05,2725,991,3278.0,3649.0
int__tai50_20_05,2725,992,3115.0,3558.0
int__tai50_20_05,2725,993,3182.0,3579.0
int__tai50_20_05,2725,994,3240.0,3577.0
int__tai50_20_05,2725,995,3124.0,3525.0
int__tai50_20_05,2725,996,3171.0,3566.0
int__tai50_20_05,2725,997,3094.0,3506.0
int__tai50_20_05,2725,998,3059.0,3437.0
int__tai50_20_05,2725,999,3203.0,3591.0
int__tai50_20_05,2725,1000,3130.0,3561.0
int__tai50_20_05,2725,1001,3133.0,3504.0
int__tai50_20_05,2725,1002,3197.0,3603.0
int__tai50_20_05,2725,1003,3221.0,3631.0
int__tai50_20_05,2725,1004,3093.0,3486.0
int__tai50_20_05,2725,1005,3193.0,3594.0
int__tai50_20_05,2725,1006,3058.0,3466.0
int__tai50_20_05,2725,1007,3165.0,3570.0
int__tai50_20_05,2725,1008,3034.0,3474.0
int__tai50_20_05,2725,1009,3164.0,3576.0
int__tai50_20_05,2725,1010,3180.0,3553.0
int__tai50_20_05,2725,1011,3218.0,3616.0
int__tai50_20_05,2725,1012,3111.0,3518.0
int__tai50_20_05,2725,1013,3225.0,3649.0
int__tai50_20_05,2725,1014,3134.0,3527.0
int__tai50_20_05,2725,1015,3168.0,3610.0
int__tai50_20_05,2725,1016,3134.0,3533.0
int__tai50_20_05,2725,1017,3107.0,3501.0
int__tai50_20_05,2725,1018,3083.0,3490.0
int__tai50_20_05,2725,1019,3117.0,3514.0
int__tai50_20_05,2725,1020,3096.0,3465.0
int__tai50_20_05,2725,1021,3143.0,3481.0
int__tai50_20_05,2725,1022,3102.0,3471.0
int__tai50_20_05,2725,1023,3163.0,3549.0
