instance,lb,sample_idx,lo,up
int__tai15_15_06,1238,0,1317.0,1499.0
int__tai15_15_06,1238,1,1307.0,1509.0
int__tai15_15_06,1238,2,1352.0,1566.0
int__tai15_15_06,1238,3,1310.0,1493.0
int__tai15_15_06,1238,4,1493.0,1674.0
int__tai15_15_06,1238,5,1301.0,1501.0
int__tai15_15_06,1238,6,1268.0,1440.0
int__tai15_15_06,1238,7,1345.0,1529.0
int__tai15_15_06,1238,8,1354.0,1557.0
int__tai15_15_06,1238,9,1319.0,1481.0
int__tai15_15_06,1238,10,1366.0,1562.0
int__tai15_15_06,1238,11,1273.0,1432.0
int__tai15_15_06,1238,12,1328.0,1510.0
int__tai15_15_06,1238,13,1333.0,1570.0
int__tai15_15_06,1238,14,1323.0,1495.0
int__tai15_15_06,1238,15,1373.0,1565.0
int__tai15_15_06,1238,16,1292.0,1460.0
int__tai15_15_06,1238,17,1387.0,1576.0
int__tai15_15_06,1238,18,1341.0,1540.0
int__tai15_15_06,1238,19,1316.0,1526.0
int__tai15_15_06,1238,20,1410.0,1604.0
int__tai15_15_06,1238,21,1350.0,1562.0
int__tai15_15_06,1238,22,1331.0,1505.0
int__tai15_15_06,1238,23,1280.0,1443.0
int__tai15_15_06,1238,24,1272.0,1480.0
int__tai15_15_06,1238,25,1281.0,1459.0
int__tai15_15_06,1238,26,1339.0,1524.0
int__tai15_15_06,1238,27,1422.0,1625.0
int__tai15_15_06,1238,28,1378.0,1553.0
int__tai15_15_06,1238,29,1307.0,1507.0
int__tai15_15_06,1238,30,1352.0,1570.0
int__tai15_15_06,1238,31,1374.0,1574.0
int__tai15_15_06,1238,32,1378.0,1555.0
int__tai15_15_06,1238,33,1344.0,1575.0
int__tai15_15_06,1238,34,1327.0,1528.0
int__tai15_15_06,1238,35,1371.0,1541.0
int__tai15_15_06,1238,36,1347.0,1525.0
int__tai15_15_06,1238,37,1272.0,1488.0
int__tai15_15_06,1238,38,1339.0,1541.0
int__tai15_15_06,1238,39,1337.0,1558.0
int__tai15_15_06,1238,40,1322.0,1512.0
int__tai15_15_06,1238,41,1322.0,1502.0
int__tai15_15_06,1238,42,1399.0,1599.0
int__tai15_15_06,1238,43,1344.0,1534.0
int__tai15_15_06,1238,44,1341.0,1523.0
int__tai15_15_06,1238,45,1371.0,1570.0
int__tai15_15_06,1238,46,1330.0,1556.0
int__tai15_15_06,1238,47,1304.0,1501.0
int__tai15_15_06,1238,48,1413.0,1581.0
int__tai15_15_06,1238,49,1403.0,1616.0
int__tai15_15_06,1238,50,1318.0,1500.0
int__tai15_15_06,1238,51,1402.0,1625.0
int__tai15_15_06,1238,52,1365.0,1575.0
int__tai15_15_06,1238,53,1325.0,1517.0
int__tai15_15_06,1238,54,1269.0,1473.0
int__tai15_15_06,1238,55,1344.0,1526.0
int__tai15_15_06,1238,56,1416.0,1589.0
int__tai15_15_06,1238,57,1311.0,1486.0
int__tai15_15_06,1238,58,1351.0,1523.0
int__tai15_15_06,1238,59,1399.0,1635.0
int__tai15_15_06,1238,60,1289.0,1490.0
int__tai15_15_06,1238,61,1329.0,1516.0
int__tai15_15_06,1238,62,1310.0,1522.0
int__tai15_15_06,1238,63,1314.0,1527.0
int__tai15_15_06,1238,64,1421.0,1595.0
int__tai15_15_06,1238,65,1364.0,1604.0
int__tai15_15_06,1238,66,1361.0,1547.0
int__tai15_15_06,1238,67,1376.0,1564.0
int__tai15_15_06,1238,68,1318.0,1521.0
int__tai15_15_06,1238,69,1416.0,1598.0
int__tai15_15_06,1238,70,1372.0,1544.0
int__tai15_15_06,1238,71,1291.0,1478.0
int__tai15_15_06,1238,72,1311.0,1474.0
int__tai15_15_06,1238,73,1449.0,1616.0
int__tai15_15_06,1238,74,1329.0,1560.0
int__tai15_15_06,1238,75,1429.0,1636.0
int__tai15_15_06,1238,76,1449.0,1618.0
int__tai15_15_06,1238,77,1318.0,1505.0
int__tai15_15_06,1238,78,1369.0,1547.0
int__tai15_15_06,1238,79,1270.0,1460.0
int__tai15_15_06,1238,80,1303.0,1460.0
int__tai15_15_06,1238,81,1358.0,1554.0
int__tai15_15_06,1238,82,1324.0,1509.0
int__tai15_15_06,1238,83,1289.0,1481.0
int__tai15_15_06,1238,84,1370.0,1552.0
int__tai15_15_06,1238,85,1339.0,1531.0
int__tai15_15_06,1238,86,1332.0,1511.0
int__tai15_15_06,1238,87,1331.0,1528.0
int__tai15_15_06,1238,88,1286.0,1462.0
int__tai15_15_06,1238,89,1366.0,1541.0
int__tai15_15_06,1238,90,1289.0,1481.0
int__tai15_15_06,1238,91,1379.0,1570.0
int__tai15_15_06,1238,92,1345.0,1553.0
int__tai15_15_06,1238,93,1334.0,1535.0
int__tai15_15_06,1238,94,1373.0,1555.0
int__tai15_15_06,1238,95,1379.0,1526.0
int__tai15_15_06,1238,96,1381.0,1562.0
int__tai15_15_06,1238,97,1419.0,1589.0
int__tai15_15_06,1238,98,1346.0,1578.0
int__tai15_15_06,1238,99,1349.0,1521.0
int__tai15_15_06,1238,100,1336.0,1513.0
int__tai15_15_06,1238,101,1345.0,1517.0
int__tai15_15_06,1238,102,1359.0,1531.0
int__tai15_15_06,1238,103,1281.0,1474.0
int__tai15_15_06,1238,104,1374.0,1506.0
int__tai15_15_06,1238,105,1299.0,1483.0
int__tai15_15_06,1238,106,1463.0,1679.0
int__tai15_15_06,1238,107,1397.0,1615.0
int__tai15_15_06,1238,108,1362.0,1545.0
int__tai15_15_06,1238,109,1328.0,1542.0
int__tai15_15_06,1238,110,1317.0,1511.0
int__tai15_15_06,1238,111,1366.0,1571.0
int__tai15_15_06,1238,112,1342.0,1512.0
int__tai15_15_06,1238,113,1281.0,1470.0
int__tai15_15_06,1238,114,1320.0,1512.0
int__tai15_15_06,1238,115,1331.0,1519.0
int__tai15_15_06,1238,116,1269.0,1477.0
int__tai15_15_06,1238,117,1314.0,1551.0
int__tai15_15_06,1238,118,1351.0,1544.0
int__tai15_15_06,1238,119,1302.0,1496.0
int__tai15_15_06,1238,120,1297.0,1473.0
int__tai15_15_06,1238,121,1368.0,1536.0
int__tai15_15_06,1238,122,1342.0,1516.0
int__tai15_15_06,1238,123,1434.0,1625.0
int__tai15_15_06,1238,124,1324.0,1527.0
int__tai15_15_06,1238,125,1301.0,1499.0
int__tai15_15_06,1238,126,1437.0,1614.0
int__tai15_15_06,1238,127,1447.0,1636.0
int__tai15_15_06,1238,128,1317.0,1524.0
int__tai15_15_06,1238,129,1370.0,1545.0
int__tai15_15_06,1238,130,1330.0,1510.0
int__tai15_15_06,1238,131,1322.0,1507.0
int__tai15_15_06,1238,132,1453.0,1626.0
int__tai15_15_06,1238,133,1338.0,1556.0
int__tai15_15_06,1238,134,1342.0,1563.0
int__tai15_15_06,1238,135,1365.0,1542.0
int__tai15_15_06,1238,136,1294.0,1479.0
int__tai15_15_06,1238,137,1237.0,1439.0
int__tai15_15_06,1238,138,1324.0,1523.0
int__tai15_15_06,1238,139,1288.0,1478.0
int__tai15_15_06,1238,140,1340.0,1516.0
int__tai15_15_06,1238,141,1323.0,1515.0
int__tai15_15_06,1238,142,1313.0,1498.0
int__tai15_15_06,1238,143,1405.0,1589.0
int__tai15_15_06,1238,144,1322.0,1504.0
int__tai15_15_06,1238,145,1329.0,1497.0
int__tai15_15_06,1238,146,1386.0,1568.0
int__tai15_15_06,1238,147,1335.0,1530.0
int__tai15_15_06,1238,148,1317.0,1474.0
int__tai15_15_06,1238,149,1335.0,1527.0
int__tai15_15_06,1238,150,1277.0,1493.0
int__tai15_15_06,1238,151,1302.0,1473.0
int__tai15_15_06,1238,152,1311.0,1505.0
int__tai15_15_06,1238,153,1374.0,1552.0
int__tai15_15_06,1238,154,1352.0,1540.0
int__tai15_15_06,1238,155,1387.0,1558.0
int__tai15_15_06,1238,156,1328.0,1527.0
int__tai15_15_06,1238,157,1304.0,1492.0
int__tai15_15_06,1238,158,1412.0,1596.0
int__tai15_15_06,1238,159,1338.0,1512.0
int__tai15_15_06,1238,160,1359.0,1573.0
int__tai15_15_06,1238,161,1326.0,1500.0
int__tai15_15_06,1238,162,1342.0,1502.0
int__tai15_15_06,1238,163,1353.0,1538.0
int__tai15_15_06,1238,164,1349.0,1530.0
int__tai15_15_06,1238,165,1356.0,1576.0
int__tai15_15_06,1238,166,1312.0,1502.0
int__tai15_15_06,1238,167,1314.0,1541.0
int__tai15_15_06,1238,168,1357.0,1511.0
int__tai15_15_06,1238,169,1311.0,1490.0
int__tai15_15_06,1238,170,1346.0,1523.0
int__tai15_15_06,1238,171,1411.0,1578.0
int__tai15_15_06,1238,172,1287.0,1481.0
int__tai15_15_06,1238,173,1332.0,1532.0
int__tai15_15_06,1238,174,1345.0,1499.0
int__tai15_15_06,1238,175,1366.0,1556.0
int__tai15_15_06,1238,176,1519.0,1751.0
int__tai15_15_06,1238,177,1360.0,1560.0
int__tai15_15_06,1238,178,1332.0,1527.0
int__tai15_15_06,1238,179,1314.0,1488.0
int__tai15_15_06,1238,180,1356.0,1536.0
int__tai15_15_06,1238,181,1356.0,1543.0
int__tai15_15_06,1238,182,1328.0,1538.0
int__tai15_15_06,1238,183,1355.0,1549.0
int__tai15_15_06,1238,184,1346.0,1555.0
int__tai15_15_06,1238,185,1331.0,1511.0
int__tai15_15_06,1238,186,1342.0,1491.0
int__tai15_15_06,1238,187,1304.0,1498.0
int__tai15_15_06,1238,188,1395.0,1593.0
int__tai15_15_06,1238,189,1332.0,1526.0
int__tai15_15_06,1238,190,1343.0,1530.0
int__tai15_15_06,1238,191,1383.0,1572.0
int__tai15_15_06,1238,192,1266.0,1485.0
int__tai15_15_06,1238,193,1363.0,1557.0
int__tai15_15_06,1238,194,1456.0,1686.0
int__tai15_15_06,1238,195,1312.0,1515.0
int__tai15_15_06,1238,196,1288.0,1480.0
int__tai15_15_06,1238,197,1339.0,1530.0
int__tai15_15_06,1238,198,1391.0,1562.0
int__tai15_15_06,1238,199,1378.0,1601.0
int__tai15_15_06,1238,200,1347.0,1517.0
int__tai15_15_06,1238,201,1375.0,1558.0
int__tai15_15_06,1238,202,1353.0,1522.0
int__tai15_15_06,1238,203,1485.0,1675.0
int__tai15_15_06,1238,204,1306.0,1515.0
int__tai15_15_06,1238,205,1307.0,1525.0
int__tai15_15_06,1238,206,1319.0,1517.0
int__tai15_15_06,1238,207,1301.0,1486.0
int__tai15_15_06,1238,208,1299.0,1506.0
int__tai15_15_06,1238,209,1310.0,1504.0
int__tai15_15_06,1238,210,1346.0,1547.0
int__tai15_15_06,1238,211,1387.0,1578.0
int__tai15_15_06,1238,212,1343.0,1550.0
int__tai15_15_06,1238,213,1377.0,1561.0
int__tai15_15_06,1238,214,1515.0,1723.0
int__tai15_15_06,1238,215,1364.0,1561.0
int__tai15_15_06,1238,216,1337.0,1526.0
int__tai15_15_06,1238,217,1318.0,1509.0
int__tai15_15_06,1238,218,1375.0,1582.0
int__tai15_15_06,1238,219,1399.0,1596.0
int__tai15_15_06,1238,220,1418.0,1608.0
int__tai15_15_06,1238,221,1356.0,1541.0
int__tai15_15_06,1238,222,1350.0,1552.0
int__tai15_15_06,1238,223,1293.0,1492.0
int__tai15_15_06,1238,224,1320.0,1510.0
int__tai15_15_06,1238,225,1338.0,1535.0
int__tai15_15_06,1238,226,1323.0,1518.0
int__tai15_15_06,1238,227,1355.0,1537.0
int__tai15_15_06,1238,228,1328.0,1506.0
int__tai15_15_06,1238,229,1343.0,1534.0
int__tai15_15_06,1238,230,1293.0,1483.0
int__tai15_15_06,1238,231,1310.0,1499.0
int__tai15_15_06,1238,232,1283.0,1490.0
int__tai15_15_06,1238,233,1396.0,1609.0
int__tai15_15_06,1238,234,1313.0,1495.0
int__tai15_15_06,1238,235,1396.0,1546.0
int__tai15_15_06,1238,236,1291.0,1462.0
int__tai15_15_06,1238,237,1366.0,1558.0
int__tai15_15_06,1238,238,1293.0,1508.0
int__tai15_15_06,1238,239,1346.0,1541.0
int__tai15_15_06,1238,240,1341.0,1558.0
int__tai15_15_06,1238,241,1391.0,1583.0
int__tai15_15_06,1238,242,1301.0,1502.0
int__tai15_15_06,1238,243,1319.0,1500.0
int__tai15_15_06,1238,244,1325.0,1525.0
int__tai15_15_06,1238,245,1310.0,1515.0
int__tai15_15_06,1238,246,1300.0,1492.0
int__tai15_15_06,1238,247,1384.0,1566.0
int__tai15_15_06,1238,248,1339.0,1540.0
int__tai15_15_06,1238,249,1367.0,1585.0
int__tai15_15_06,1238,250,1443.0,1642.0
int__tai15_15_06,1238,251,1286.0,1470.0
int__tai15_15_06,1238,252,1336.0,1530.0
int__tai15_15_06,1238,253,1288.0,1484.0
int__tai15_15_06,1238,254,1318.0,1541.0
int__tai15_15_06,1238,255,1368.0,1566.0
int__tai15_15_06,1238,256,1299.0,1470.0
int__tai15_15_06,1238,257,1341.0,1503.0
int__tai15_15_06,1238,258,1385.0,1559.0
int__tai15_15_06,1238,259,1420.0,1629.0
int__tai15_15_06,1238,260,1369.0,1535.0
int__tai15_15_06,1238,261,1372.0,1570.0
int__tai15_15_06,1238,262,1366.0,1555.0
int__tai15_15_06,1238,263,1301.0,1511.0
int__tai15_15_06,1238,264,1321.0,1521.0
int__tai15_15_06,1238,265,1396.0,1591.0
int__tai15_15_06,1238,266,1335.0,1535.0
int__tai15_15_06,1238,267,1337.0,1494.0
int__tai15_15_06,1238,268,1365.0,1621.0
int__tai15_15_06,1238,269,1313.0,1495.0
int__tai15_15_06,1238,270,1374.0,1594.0
int__tai15_15_06,1238,271,1283.0,1492.0
int__tai15_15_06,1238,272,1333.0,1526.0
int__tai15_15_06,1238,273,1363.0,1546.0
int__tai15_15_06,1238,274,1379.0,1598.0
int__tai15_15_06,1238,275,1334.0,1519.0
int__tai15_15_06,1238,276,1514.0,1743.0
int__tai15_15_06,1238,277,1323.0,1512.0
int__tai15_15_06,1238,278,1398.0,1580.0
int__tai15_15_06,1238,279,1327.0,1509.0
int__tai15_15_06,1238,280,1293.0,1508.0
int__tai15_15_06,1238,281,1315.0,1517.0
int__tai15_15_06,1238,282,1361.0,1565.0
int__tai15_15_06,1238,283,1445.0,1629.0
int__tai15_15_06,1238,284,1360.0,1569.0
int__tai15_15_06,1238,285,1419.0,1596.0
int__tai15_15_06,1238,286,1337.0,1529.0
int__tai15_15_06,1238,287,1405.0,1663.0
int__tai15_15_06,1238,288,1294.0,1496.0
int__tai15_15_06,1238,289,1300.0,1489.0
int__tai15_15_06,1238,290,1340.0,1549.0
int__tai15_15_06,1238,291,1413.0,1573.0
int__tai15_15_06,1238,292,1339.0,1507.0
int__tai15_15_06,1238,293,1340.0,1527.0
int__tai15_15_06,1238,294,1301.0,1492.0
int__tai15_15_06,1238,295,1365.0,1541.0
int__tai15_15_06,1238,296,1377.0,1585.0
int__tai15_15_06,1238,297,1371.0,1555.0
int__tai15_15_06,1238,298,1380.0,1582.0
int__tai15_15_06,1238,299,1338.0,1505.0
int__tai15_15_06,1238,300,1392.0,1580.0
int__tai15_15_06,1238,301,1357.0,1547.0
int__tai15_15_06,1238,302,1343.0,1528.0
int__tai15_15_06,1238,303,1367.0,1583.0
int__tai15_15_06,1238,304,1297.0,1473.0
int__tai15_15_06,1238,305,1284.0,1484.0
int__tai15_15_06,1238,306,1367.0,1588.0
int__tai15_15_06,1238,307,1325.0,1523.0
int__tai15_15_06,1238,308,1356.0,1526.0
int__tai15_15_06,1238,309,1363.0,1534.0
int__tai15_15_06,1238,310,1350.0,1542.0
int__tai15_15_06,1238,311,1397.0,1589.0
int__tai15_15_06,1238,312,1346.0,1552.0
int__tai15_15_06,1238,313,1416.0,1639.0
int__tai15_15_06,1238,314,1462.0,1637.0
int__tai15_15_06,1238,315,1319.0,1511.0
int__tai15_15_06,1238,316,1278.0,1450.0
int__tai15_15_06,1238,317,1321.0,1487.0
int__tai15_15_06,1238,318,1378.0,1548.0
int__tai15_15_06,1238,319,1501.0,1707.0
int__tai15_15_06,1238,320,1335.0,1509.0
int__tai15_15_06,1238,321,1394.0,1560.0
int__tai15_15_06,1238,322,1339.0,1536.0
int__tai15_15_06,1238,323,1334.0,1518.0
int__tai15_15_06,1238,324,1351.0,1563.0
int__tai15_15_06,1238,325,1331.0,1489.0
int__tai15_15_06,1238,326,1411.0,1594.0
int__tai15_15_06,1238,327,1342.0,1488.0
int__tai15_15_06,1238,328,1327.0,1494.0
int__tai15_15_06,1238,329,1372.0,1543.0
int__tai15_15_06,1238,330,1342.0,1520.0
int__tai15_15_06,1238,331,1354.0,1558.0
int__tai15_15_06,1238,332,1316.0,1523.0
int__tai15_15_06,1238,333,1333.0,1555.0
int__tai15_15_06,1238,334,1363.0,1538.0
int__tai15_15_06,1238,335,1321.0,1526.0
int__tai15_15_06,1238,336,1325.0,1518.0
int__tai15_15_06,1238,337,1319.0,1517.0
int__tai15_15_06,1238,338,1358.0,1526.0
int__tai15_15_06,1238,339,1412.0,1652.0
int__tai15_15_06,1238,340,1370.0,1551.0
int__tai15_15_06,1238,341,1331.0,1513.0
int__tai15_15_06,1238,342,1345.0,1533.0
int__tai15_15_06,1238,343,1331.0,1506.0
int__tai15_15_06,1238,344,1347.0,1531.0
int__tai15_15_06,1238,345,1365.0,1555.0
int__tai15_15_06,1238,346,1351.0,1548.0
int__tai15_15_06,1238,347,1351.0,1513.0
int__tai15_15_06,1238,348,1328.0,1539.0
int__tai15_15_06,1238,349,1350.0,1558.0
int__tai15_15_06,1238,350,1406.0,1608.0
int__tai15_15_06,1238,351,1335.0,1549.0
int__tai15_15_06,1238,352,1352.0,1503.0
int__tai15_15_06,1238,353,1324.0,1516.0
int__tai15_15_06,1238,354,1251.0,1437.0
int__tai15_15_06,1238,355,1320.0,1507.0
int__tai15_15_06,1238,356,1335.0,1546.0
int__tai15_15_06,1238,357,1312.0,1499.0
int__tai15_15_06,1238,358,1396.0,1604.0
int__tai15_15_06,1238,359,1283.0,1491.0
int__tai15_15_06,1238,360,1285.0,1495.0
int__tai15_15_06,1238,361,1290.0,1476.0
int__tai15_15_06,1238,362,1409.0,1606.0
int__tai15_15_06,1238,363,1291.0,1455.0
int__tai15_15_06,1238,364,1306.0,1523.0
int__tai15_15_06,1238,365,1304.0,1474.0
int__tai15_15_06,1238,366,1330.0,1498.0
int__tai15_15_06,1238,367,1331.0,1554.0
int__tai15_15_06,1238,368,1318.0,1527.0
int__tai15_15_06,1238,369,1302.0,1513.0
int__tai15_15_06,1238,370,1332.0,1553.0
int__tai15_15_06,1238,371,1364.0,1517.0
int__tai15_15_06,1238,372,1359.0,1587.0
int__tai15_15_06,1238,373,1318.0,1522.0
int__tai15_15_06,1238,374,1338.0,1546.0
int__tai15_15_06,1238,375,1352.0,1520.0
int__tai15_15_06,1238,376,1315.0,1496.0
int__tai15_15_06,1238,377,1318.0,1508.0
int__tai15_15_06,1238,378,1356.0,1536.0
int__tai15_15_06,1238,379,1358.0,1528.0
int__tai15_15_06,1238,380,1335.0,1562.0
int__tai15_15_06,1238,381,1313.0,1499.0
int__tai15_15_06,1238,382,1297.0,1478.0
int__tai15_15_06,1238,383,1320.0,1520.0
int__tai15_15_06,1238,384,1296.0,1505.0
int__tai15_15_06,1238,385,1357.0,1533.0
int__tai15_15_06,1238,386,1404.0,1624.0
int__tai15_15_06,1238,387,1375.0,1558.0
int__tai15_15_06,1238,388,1323.0,1543.0
int__tai15_15_06,1238,389,1368.0,1551.0
int__tai15_15_06,1238,390,1349.0,1543.0
int__tai15_15_06,1238,391,1339.0,1527.0
int__tai15_15_06,1238,392,1342.0,1517.0
int__tai15_15_06,1238,393,1345.0,1508.0
int__tai15_15_06,1238,394,1447.0,1627.0
int__tai15_15_06,1238,395,1340.0,1500.0
int__tai15_15_06,1238,396,1418.0,1576.0
int__tai15_15_06,1238,397,1333.0,1525.0
int__tai15_15_06,1238,398,1362.0,1532.0
int__tai15_15_06,1238,399,1403.0,1585.0
int__tai15_15_06,1238,400,1288.0,1478.0
int__tai15_15_06,1238,401,1337.0,1539.0
int__tai15_15_06,1238,402,1341.0,1537.0
int__tai15_15_06,1238,403,1355.0,1515.0
int__tai15_15_06,1238,404,1314.0,1500.0
int__tai15_15_06,1238,405,1316.0,1527.0
int__tai15_15_06,1238,406,1367.0,1564.0
int__tai15_15_06,1238,407,1297.0,1501.0
int__tai15_15_06,1238,408,1323.0,1514.0
int__tai15_15_06,1238,409,1338.0,1542.0
int__tai15_15_06,1238,410,1380.0,1530.0
int__tai15_15_06,1238,411,1319.0,1493.0
int__tai15_15_06,1238,412,1432.0,1636.0
int__tai15_15_06,1238,413,1287.0,1460.0
int__tai15_15_06,1238,414,1317.0,1523.0
int__tai15_15_06,1238,415,1334.0,1530.0
int__tai15_15_06,1238,416,1348.0,1570.0
int__tai15_15_06,1238,417,1312.0,1496.0
int__tai15_15_06,1238,418,1342.0,1508.0
int__tai15_15_06,1238,419,1325.0,1508.0
int__tai15_15_06,1238,420,1347.0,1528.0
int__tai15_15_06,1238,421,1319.0,1497.0
int__tai15_15_06,1238,422,1315.0,1529.0
int__tai15_15_06,1238,423,1363.0,1525.0
int__tai15_15_06,1238,424,1317.0,1491.0
int__tai15_15_06,1238,425,1359.0,1541.0
int__tai15_15_06,1238,426,1367.0,1531.0
int__tai15_15_06,1238,427,1446.0,1627.0
int__tai15_15_06,1238,428,1521.0,1725.0
int__tai15_15_06,1238,429,1333.0,1533.0
int__tai15_15_06,1238,430,1343.0,1521.0
int__tai15_15_06,1238,431,1310.0,1486.0
int__tai15_15_06,1238,432,1473.0,1669.0
int__tai15_15_06,1238,433,1386.0,1588.0
int__tai15_15_06,1238,434,1323.0,1511.0
int__tai15_15_06,1238,435,1402.0,1611.0
int__tai15_15_06,1238,436,1333.0,1518.0
int__tai15_15_06,1238,437,1385.0,1567.0
int__tai15_15_06,1238,438,1281.0,1457.0
int__tai15_15_06,1238,439,1453.0,1672.0
int__tai15_15_06,1238,440,1306.0,1498.0
int__tai15_15_06,1238,441,1329.0,1553.0
int__tai15_15_06,1238,442,1329.0,1526.0
int__tai15_15_06,1238,443,1329.0,1517.0
int__tai15_15_06,1238,444,1324.0,1527.0
int__tai15_15_06,1238,445,1338.0,1532.0
int__tai15_15_06,1238,446,1375.0,1575.0
int__tai15_15_06,1238,447,1309.0,1508.0
int__tai15_15_06,1238,448,1377.0,1551.0
int__tai15_15_06,1238,449,1319.0,1504.0
int__tai15_15_06,1238,450,1323.0,1486.0
int__tai15_15_06,1238,451,1417.0,1620.0
int__tai15_15_06,1238,452,1367.0,1550.0
int__tai15_15_06,1238,453,1326.0,1503.0
int__tai15_15_06,1238,454,1404.0,1584.0
int__tai15_15_06,1238,455,1338.0,1534.0
int__tai15_15_06,1238,456,1353.0,1525.0
int__tai15_15_06,1238,457,1315.0,1511.0
int__tai15_15_06,1238,458,1356.0,1526.0
int__tai15_15_06,1238,459,1371.0,1532.0
int__tai15_15_06,1238,460,1331.0,1508.0
int__tai15_15_06,1238,461,1321.0,1497.0
int__tai15_15_06,1238,462,1407.0,1589.0
int__tai15_15_06,1238,463,1345.0,1543.0
int__tai15_15_06,1238,464,1298.0,1511.0
int__tai15_15_06,1238,465,1346.0,1510.0
int__tai15_15_06,1238,466,1308.0,1497.0
int__tai15_15_06,1238,467,1391.0,1610.0
int__tai15_15_06,1238,468,1367.0,1551.0
int__tai15_15_06,1238,469,1308.0,1518.0
int__tai15_15_06,1238,470,1370.0,1559.0
int__tai15_15_06,1238,471,1333.0,1506.0
int__tai15_15_06,1238,472,1303.0,1485.0
int__tai15_15_06,1238,473,1333.0,1539.0
int__tai15_15_06,1238,474,1417.0,1600.0
int__tai15_15_06,1238,475,1396.0,1576.0
int__tai15_15_06,1238,476,1358.0,1562.0
int__tai15_15_06,1238,477,1359.0,1577.0
int__tai15_15_06,1238,478,1328.0,1516.0
int__tai15_15_06,1238,479,1429.0,1652.0
int__tai15_15_06,1238,480,1318.0,1551.0
int__tai15_15_06,1238,481,1302.0,1516.0
int__tai15_15_06,1238,482,1346.0,1542.0
int__tai15_15_06,1238,483,1339.0,1540.0
int__tai15_15_06,1238,484,1322.0,1470.0
int__tai15_15_06,1238,485,1392.0,1580.0
int__tai15_15_06,1238,486,1363.0,1505.0
int__tai15_15_06,1238,487,1287.0,1476.0
int__tai15_15_06,1238,488,1359.0,1555.0
int__tai15_15_06,1238,489,1380.0,1573.0
int__tai15_15_06,1238,490,1345.0,1545.0
int__tai15_15_06,1238,491,1386.0,1601.0
int__tai15_15_06,1238,492,1302.0,1492.0
int__tai15_15_06,1238,493,1347.0,1520.0
int__tai15_15_06,1238,494,1423.0,1613.0
int__tai15_15_06,1238,495,1338.0,1530.0
int__tai15_15_06,1238,496,1337.0,1541.0
int__tai15_15_06,1238,497,1531.0,1715.0
int__tai15_15_06,1238,498,1363.0,1541.0
int__tai15_15_06,1238,499,1345.0,1524.0
int__tai15_15_06,1238,500,1326.0,1500.0
int__tai15_15_06,1238,501,1342.0,1511.0
int__tai15_15_06,1238,502,1321.0,1506.0
int__tai15_15_06,1238,503,1347.0,1541.0
int__tai15_15_06,1238,504,1312.0,1498.0
int__tai15_15_06,1238,505,1319.0,1517.0
int__tai15_15_06,1238,506,1395.0,1569.0
int__tai15_15_06,1238,507,1331.0,1543.0
int__tai15_15_06,1238,508,1450.0,1631.0
int__tai15_15_06,1238,509,1368.0,1607.0
int__tai15_15_06,1238,510,1317.0,1496.0
int__tai15_15_06,1238,511,1454.0,1632.0
int__tai15_15_06,1238,512,1280.0,1466.0
int__tai15_15_06,1238,513,1409.0,1663.0
int__tai15_15_06,1238,514,1365.0,1532.0
int__tai15_15_06,1238,515,1367.0,1531.0
int__tai15_15_06,1238,516,1380.0,1581.0
int__tai15_15_06,1238,517,1339.0,1537.0
int__tai15_15_06,1238,518,1392.0,1560.0
int__tai15_15_06,1238,519,1415.0,1615.0
int__tai15_15_06,1238,520,1343.0,1511.0
int__tai15_15_06,1238,521,1309.0,1486.0
int__tai15_15_06,1238,522,1293.0,1503.0
int__tai15_15_06,1238,523,1328.0,1490.0
int__tai15_15_06,1238,524,1295.0,1525.0
int__tai15_15_06,1238,525,1454.0,1660.0
int__tai15_15_06,1238,526,1446.0,1645.0
int__tai15_15_06,1238,527,1376.0,1571.0
int__tai15_15_06,1238,528,1453.0,1671.0
int__tai15_15_06,1238,529,1313.0,1531.0
int__tai15_15_06,1238,530,1364.0,1549.0
int__tai15_15_06,1238,531,1303.0,1501.0
int__tai15_15_06,1238,532,1303.0,1504.0
int__tai15_15_06,1238,533,1354.0,1524.0
int__tai15_15_06,1238,534,1344.0,1555.0
int__tai15_15_06,1238,535,1347.0,1521.0
int__tai15_15_06,1238,536,1329.0,1516.0
int__tai15_15_06,1238,537,1434.0,1611.0
int__tai15_15_06,1238,538,1340.0,1518.0
int__tai15_15_06,1238,539,1356.0,1577.0
int__tai15_15_06,1238,540,1368.0,1558.0
int__tai15_15_06,1238,541,1369.0,1572.0
int__tai15_15_06,1238,542,1343.0,1507.0
int__tai15_15_06,1238,543,1297.0,1503.0
int__tai15_15_06,1238,544,1341.0,1539.0
int__tai15_15_06,1238,545,1360.0,1552.0
int__tai15_15_06,1238,546,1453.0,1685.0
int__tai15_15_06,1238,547,1385.0,1559.0
int__tai15_15_06,1238,548,1348.0,1512.0
int__tai15_15_06,1238,549,1332.0,1507.0
int__tai15_15_06,1238,550,1379.0,1552.0
int__tai15_15_06,1238,551,1335.0,1507.0
int__tai15_15_06,1238,552,1306.0,1482.0
int__tai15_15_06,1238,553,1333.0,1509.0
int__tai15_15_06,1238,554,1252.0,1452.0
int__tai15_15_06,1238,555,1382.0,1606.0
int__tai15_15_06,1238,556,1429.0,1618.0
int__tai15_15_06,1238,557,1341.0,1539.0
int__tai15_15_06,1238,558,1338.0,1511.0
int__tai15_15_06,1238,559,1265.0,1463.0
int__tai15_15_06,1238,560,1393.0,1581.0
int__tai15_15_06,1238,561,1345.0,1544.0
int__tai15_15_06,1238,562,1327.0,1511.0
int__tai15_15_06,1238,563,1350.0,1519.0
int__tai15_15_06,1238,564,1344.0,1515.0
int__tai15_15_06,1238,565,1333.0,1531.0
int__tai15_15_06,1238,566,1324.0,1512.0
int__tai15_15_06,1238,567,1343.0,1545.0
int__tai15_15_06,1238,568,1354.0,1552.0
int__tai15_15_06,1238,569,1438.0,1634.0
int__tai15_15_06,1238,570,1401.0,1596.0
int__tai15_15_06,1238,571,1382.0,1598.0
int__tai15_15_06,1238,572,1354.0,1534.0
int__tai15_15_06,1238,573,1367.0,1591.0
int__tai15_15_06,1238,574,1350.0,1564.0
int__tai15_15_06,1238,575,1343.0,1546.0
int__tai15_15_06,1238,576,1311.0,1490.0
int__tai15_15_06,1238,577,1377.0,1589.0
int__tai15_15_06,1238,578,1325.0,1520.0
int__tai15_15_06,1238,579,1295.0,1527.0
int__tai15_15_06,1238,580,1335.0,1496.0
int__tai15_15_06,1238,581,1344.0,1515.0
int__tai15_15_06,1238,582,1335.0,1529.0
int__tai15_15_06,1238,583,1317.0,1528.0
int__tai15_15_06,1238,584,1251.0,1474.0
int__tai15_15_06,1238,585,1368.0,1566.0
int__tai15_15_06,1238,586,1311.0,1485.0
int__tai15_15_06,1238,587,1358.0,1565.0
int__tai15_15_06,1238,588,1306.0,1517.0
int__tai15_15_06,1238,589,1395.0,1577.0
int__tai15_15_06,1238,590,1274.0,1482.0
int__tai15_15_06,1238,591,1347.0,1539.0
int__tai15_15_06,1238,592,1312.0,1505.0
int__tai15_15_06,1238,593,1397.0,1575.0
int__tai15_15_06,1238,594,1324.0,1508.0
int__tai15_15_06,1238,595,1415.0,1664.0
int__tai15_15_06,1238,596,1429.0,1628.0
int__tai15_15_06,1238,597,1355.0,1546.0
int__tai15_15_06,1238,598,1348.0,1534.0
int__tai15_15_06,1238,599,1362.0,1551.0
int__tai15_15_06,1238,600,1370.0,1557.0
int__tai15_15_06,1238,601,1355.0,1541.0
int__tai15_15_06,1238,602,1370.0,1579.0
int__tai15_15_06,1238,603,1407.0,1588.0
int__tai15_15_06,1238,604,1388.0,1548.0
int__tai15_15_06,1238,605,1378.0,1574.0
int__tai15_15_06,1238,606,1359.0,1539.0
int__tai15_15_06,1238,607,1398.0,1578.0
int__tai15_15_06,1238,608,1413.0,1605.0
int__tai15_15_06,1238,609,1312.0,1488.0
int__tai15_15_06,1238,610,1346.0,1516.0
int__tai15_15_06,1238,611,1391.0,1571.0
int__tai15_15_06,1238,612,1290.0,1491.0
int__tai15_15_06,1238,613,1324.0,1533.0
int__tai15_15_06,1238,614,1414.0,1612.0
int__tai15_15_06,1238,615,1334.0,1514.0
int__tai15_15_06,1238,616,1359.0,1545.0
int__tai15_15_06,1238,617,1353.0,1542.0
int__tai15_15_06,1238,618,1304.0,1514.0
int__tai15_15_06,1238,619,1328.0,1520.0
int__tai15_15_06,1238,620,1358.0,1547.0
int__tai15_15_06,1238,621,1471.0,1711.0
int__tai15_15_06,1238,622,1371.0,1545.0
int__tai15_15_06,1238,623,1302.0,1476.0
int__tai15_15_06,1238,624,1353.0,1532.0
int__tai15_15_06,1238,625,1441.0,1621.0
int__tai15_15_06,1238,626,1413.0,1605.0
int__tai15_15_06,1238,627,1374.0,1568.0
int__tai15_15_06,1238,628,1345.0,1521.0
int__tai15_15_06,1238,629,1305.0,1477.0
int__tai15_15_06,1238,630,1481.0,1640.0
int__tai15_15_06,1238,631,1369.0,1544.0
int__tai15_15_06,1238,632,1389.0,1583.0
int__tai15_15_06,1238,633,1378.0,1556.0
int__tai15_15_06,1238,634,1363.0,1535.0
int__tai15_15_06,1238,635,1344.0,1541.0
int__tai15_15_06,1238,636,1324.0,1519.0
int__tai15_15_06,1238,637,1368.0,1574.0
int__tai15_15_06,1238,638,1370.0,1557.0
int__tai15_15_06,1238,639,1294.0,1485.0
int__tai15_15_06,1238,640,1379.0,1560.0
int__tai15_15_06,1238,641,1351.0,1499.0
int__tai15_15_06,1238,642,1300.0,1488.0
int__tai15_15_06,1238,643,1290.0,1491.0
int__tai15_15_06,1238,644,1279.0,1452.0
int__tai15_15_06,1238,645,1300.0,1476.0
int__tai15_15_06,1238,646,1351.0,1541.0
int__tai15_15_06,1238,647,1518.0,1720.0
int__tai15_15_06,1238,648,1393.0,1591.0
int__tai15_15_06,1238,649,1319.0,1509.0
int__tai15_15_06,1238,650,1364.0,1551.0
int__tai15_15_06,1238,651,1412.0,1614.0
int__tai15_15_06,1238,652,1357.0,1570.0
int__tai15_15_06,1238,653,1309.0,1484.0
int__tai15_15_06,1238,654,1405.0,1626.0
int__tai15_15_06,1238,655,1325.0,1541.0
int__tai15_15_06,1238,656,1310.0,1516.0
int__tai15_15_06,1238,657,1335.0,1514.0
int__tai15_15_06,1238,658,1310.0,1471.0
int__tai15_15_06,1238,659,1275.0,1509.0
int__tai15_15_06,1238,660,1310.0,1488.0
int__tai15_15_06,1238,661,1331.0,1535.0
int__tai15_15_06,1238,662,1333.0,1503.0
int__tai15_15_06,1238,663,1322.0,1536.0
int__tai15_15_06,1238,664,1295.0,1486.0
int__tai15_15_06,1238,665,1291.0,1472.0
int__tai15_15_06,1238,666,1341.0,1519.0
int__tai15_15_06,1238,667,1362.0,1572.0
int__tai15_15_06,1238,668,1299.0,1487.0
int__tai15_15_06,1238,669,1291.0,1489.0
int__tai15_15_06,1238,670,1397.0,1575.0
int__tai15_15_06,1238,671,1364.0,1568.0
int__tai15_15_06,1238,672,1346.0,1531.0
int__tai15_15_06,1238,673,1319.0,1496.0
int__tai15_15_06,1238,674,1318.0,1502.0
int__tai15_15_06,1238,675,1352.0,1533.0
int__tai15_15_06,1238,676,1411.0,1599.0
int__tai15_15_06,1238,677,1426.0,1626.0
int__tai15_15_06,1238,678,1319.0,1528.0
int__tai15_15_06,1238,679,1346.0,1524.0
int__tai15_15_06,1238,680,1360.0,1551.0
int__tai15_15_06,1238,681,1340.0,1515.0
int__tai15_15_06,1238,682,1331.0,1526.0
int__tai15_15_06,1238,683,1304.0,1513.0
int__tai15_15_06,1238,684,1345.0,1551.0
int__tai15_15_06,1238,685,1366.0,1574.0
int__tai15_15_06,1238,686,1323.0,1487.0
int__tai15_15_06,1238,687,1269.0,1458.0
int__tai15_15_06,1238,688,1341.0,1536.0
int__tai15_15_06,1238,689,1310.0,1524.0
int__tai15_15_06,1238,690,1280.0,1474.0
int__tai15_15_06,1238,691,1359.0,1537.0
int__tai15_15_06,1238,692,1338.0,1549.0
int__tai15_15_06,1238,693,1338.0,1510.0
int__tai15_15_06,1238,694,1379.0,1595.0
int__tai15_15_06,1238,695,1337.0,1526.0
int__tai15_15_06,1238,696,1318.0,1512.0
int__tai15_15_06,1238,697,1294.0,1491.0
int__tai15_15_06,1238,698,1331.0,1513.0
int__tai15_15_06,1238,699,1265.0,1442.0
int__tai15_15_06,1238,700,1346.0,1523.0
int__tai15_15_06,1238,701,1314.0,1501.0
int__tai15_15_06,1238,702,1361.0,1551.0
int__tai15_15_06,1238,703,1253.0,1451.0
int__tai15_15_06,1238,704,1317.0,1499.0
int__tai15_15_06,1238,705,1378.0,1610.0
int__tai15_15_06,1238,706,1369.0,1557.0
int__tai15_15_06,1238,707,1346.0,1557.0
int__tai15_15_06,1238,708,1360.0,1558.0
int__tai15_15_06,1238,709,1293.0,1457.0
int__tai15_15_06,1238,710,1318.0,1522.0
int__tai15_15_06,1238,711,1365.0,1574.0
int__tai15_15_06,1238,712,1324.0,1528.0
int__tai15_15_06,1238,713,1347.0,1500.0
int__tai15_15_06,1238,714,1434.0,1628.0
int__tai15_15_06,1238,715,1547.0,1778.0
int__tai15_15_06,1238,716,1304.0,1488.0
int__tai15_15_06,1238,717,1326.0,1516.0
int__tai15_15_06,1238,718,1284.0,1474.0
int__tai15_15_06,1238,719,1341.0,1529.0
int__tai15_15_06,1238,720,1343.0,1506.0
int__tai15_15_06,1238,721,1375.0,1544.0
int__tai15_15_06,1238,722,1360.0,1551.0
int__tai15_15_06,1238,723,1385.0,1598.0
int__tai15_15_06,1238,724,1292.0,1487.0
int__tai15_15_06,1238,725,1316.0,1528.0
int__tai15_15_06,1238,726,1362.0,1544.0
int__tai15_15_06,1238,727,1412.0,1626.0
int__tai15_15_06,1238,728,1321.0,1501.0
int__tai15_15_06,1238,729,1358.0,1532.0
int__tai15_15_06,1238,730,1376.0,1580.0
int__tai15_15_06,1238,731,1356.0,1559.0
int__tai15_15_06,1238,732,1367.0,1534.0
int__tai15_15_06,1238,733,1322.0,1523.0
int__tai15_15_06,1238,734,1341.0,1512.0
int__tai15_15_06,1238,735,1331.0,1499.0
int__tai15_15_06,1238,736,1313.0,1526.0
int__tai15_15_06,1238,737,1324.0,1498.0
int__tai15_15_06,1238,738,1331.0,1509.0
int__tai15_15_06,1238,739,1341.0,1529.0
int__tai15_15_06,1238,740,1349.0,1523.0
int__tai15_15_06,1238,741,1475.0,1635.0
int__tai15_15_06,1238,742,1319.0,1509.0
int__tai15_15_06,1238,743,1416.0,1610.0
int__tai15_15_06,1238,744,1393.0,1563.0
int__tai15_15_06,1238,745,1334.0,1489.0
int__tai15_15_06,1238,746,1320.0,1510.0
int__tai15_15_06,1238,747,1407.0,1579.0
int__tai15_15_06,1238,748,1293.0,1497.0
int__tai15_15_06,1238,749,1374.0,1562.0
int__tai15_15_06,1238,750,1314.0,1503.0
int__tai15_15_06,1238,751,1376.0,1561.0
int__tai15_15_06,1238,752,1337.0,1538.0
int__tai15_15_06,1238,753,1323.0,1483.0
int__tai15_15_06,1238,754,1471.0,1657.0
int__tai15_15_06,1238,755,1311.0,1480.0
int__tai15_15_06,1238,756,1311.0,1517.0
int__tai15_15_06,1238,757,1270.0,1475.0
int__tai15_15_06,1238,758,1357.0,1568.0
int__tai15_15_06,1238,759,1362.0,1550.0
int__tai15_15_06,1238,760,1445.0,1682.0
int__tai15_15_06,1238,761,1353.0,1554.0
int__tai15_15_06,1238,762,1368.0,1540.0
int__tai15_15_06,1238,763,1318.0,1503.0
int__tai15_15_06,1238,764,1348.0,1529.0
int__tai15_15_06,1238,765,1322.0,1522.0
int__tai15_15_06,1238,766,1385.0,1550.0
int__tai15_15_06,1238,767,1360.0,1540.0
int__tai15_15_06,1238,768,1314.0,1497.0
int__tai15_15_06,1238,769,1350.0,1524.0
int__tai15_15_06,1238,770,1319.0,1478.0
int__tai15_15_06,1238,771,1353.0,1496.0
int__tai15_15_06,1238,772,1318.0,1524.0
int__tai15_15_06,1238,773,1345.0,1506.0
int__tai15_15_06,1238,774,1472.0,1664.0
int__tai15_15_06,1238,775,1320.0,1514.0
int__tai15_15_06,1238,776,1369.0,1571.0
int__tai15_15_06,1238,777,1433.0,1604.0
int__tai15_15_06,1238,778,1360.0,1584.0
int__tai15_15_06,1238,779,1381.0,1593.0
int__tai15_15_06,1238,780,1341.0,1552.0
int__tai15_15_06,1238,781,1339.0,1525.0
int__tai15_15_06,1238,782,1314.0,1542.0
int__tai15_15_06,1238,783,1349.0,1532.0
int__tai15_15_06,1238,784,1315.0,1530.0
int__tai15_15_06,1238,785,1302.0,1468.0
int__tai15_15_06,1238,786,1350.0,1543.0
int__tai15_15_06,1238,787,1416.0,1623.0
int__tai15_15_06,1238,788,1329.0,1496.0
int__tai15_15_06,1238,789,1369.0,1580.0
int__tai15_15_06,1238,790,1365.0,1527.0
int__tai15_15_06,1238,791,1312.0,1490.0
int__tai15_15_06,1238,792,1336.0,1536.0
int__tai15_15_06,1238,793,1349.0,1569.0
int__tai15_15_06,1238,794,1292.0,1482.0
int__tai15_15_06,1238,795,1412.0,1587.0
int__tai15_15_06,1238,796,1369.0,1531.0
int__tai15_15_06,1238,797,1352.0,1525.0
int__tai15_15_06,1238,798,1341.0,1530.0
int__tai15_15_06,1238,799,1348.0,1528.0
int__tai15_15_06,1238,800,1377.0,1535.0
int__tai15_15_06,1238,801,1324.0,1526.0
int__tai15_15_06,1238,802,1428.0,1613.0
int__tai15_15_06,1238,803,1344.0,1514.0
int__tai15_15_06,1238,804,1330.0,1537.0
int__tai15_15_06,1238,805,1448.0,1630.0
int__tai15_15_06,1238,806,1356.0,1541.0
int__tai15_15_06,1238,807,1359.0,1535.0
int__tai15_15_06,1238,808,1358.0,1553.0
int__tai15_15_06,1238,809,1402.0,1620.0
int__tai15_15_06,1238,810,1313.0,1523.0
int__tai15_15_06,1238,811,1368.0,1561.0
int__tai15_15_06,1238,812,1344.0,1571.0
int__tai15_15_06,1238,813,1329.0,1479.0
int__tai15_15_06,1238,814,1282.0,1487.0
int__tai15_15_06,1238,815,1309.0,1507.0
int__tai15_15_06,1238,816,1296.0,1523.0
int__tai15_15_06,1238,817,1298.0,1476.0
int__tai15_15_06,1238,818,1298.0,1479.0
int__tai15_15_06,1238,819,1309.0,1499.0
int__tai15_15_06,1238,820,1332.0,1519.0
int__tai15_15_06,1238,821,1301.0,1476.0
int__tai15_15_06,1238,822,1331.0,1530.0
int__tai15_15_06,1238,823,1367.0,1573.0
int__tai15_15_06,1238,824,1289.0,1512.0
int__tai15_15_06,1238,825,1280.0,1474.0
int__tai15_15_06,1238,826,1312.0,1478.0
int__tai15_15_06,1238,827,1291.0,1505.0
int__tai15_15_06,1238,828,1340.0,1533.0
int__tai15_15_06,1238,829,1377.0,1568.0
int__tai15_15_06,1238,830,1371.0,1562.0
int__tai15_15_06,1238,831,1367.0,1598.0
int__tai15_15_06,1238,832,1410.0,1597.0
int__tai15_15_06,1238,833,1403.0,1599.0
int__tai15_15_06,1238,834,1383.0,1604.0
int__tai15_15_06,1238,835,1369.0,1539.0
int__tai15_15_06,1238,836,1407.0,1603.0
int__tai15_15_06,1238,837,1346.0,1581.0
int__tai15_15_06,1238,838,1381.0,1604.0
int__tai15_15_06,1238,839,1348.0,1574.0
int__tai15_15_06,1238,840,1359.0,1563.0
int__tai15_15_06,1238,841,1380.0,1584.0
int__tai15_15_06,1238,842,1391.0,1546.0
int__tai15_15_06,1238,843,1470.0,1677.0
int__tai15_15_06,1238,844,1328.0,1494.0
int__tai15_15_06,1238,845,1408.0,1605.0
int__tai15_15_06,1238,846,1291.0,1495.0
int__tai15_15_06,1238,847,1317.0,1499.0
int__tai15_15_06,1238,848,1431.0,1585.0
int__tai15_15_06,1238,849,1360.0,1577.0
int__tai15_15_06,1238,850,1338.0,1569.0
int__tai15_15_06,1238,851,1348.0,1542.0
int__tai15_15_06,1238,852,1356.0,1516.0
int__tai15_15_06,1238,853,1309.0,1478.0
int__tai15_15_06,1238,854,1393.0,1619.0
int__tai15_15_06,1238,855,1286.0,1501.0
int__tai15_15_06,1238,856,1297.0,1486.0
int__tai15_15_06,1238,857,1398.0,1587.0
int__tai15_15_06,1238,858,1295.0,1483.0
int__tai15_15_06,1238,859,1340.0,1523.0
int__tai15_15_06,1238,860,1452.0,1671.0
int__tai15_15_06,1238,861,1323.0,1536.0
int__tai15_15_06,1238,862,1302.0,1478.0
int__tai15_15_06,1238,863,1313.0,1511.0
int__tai15_15_06,1238,864,1394.0,1566.0
int__tai15_15_06,1238,865,1304.0,1497.0
int__tai15_15_06,1238,866,1357.0,1523.0
int__tai15_15_06,1238,867,1305.0,1510.0
int__tai15_15_06,1238,868,1337.0,1574.0
int__tai15_15_06,1238,869,1366.0,1558.0
int__tai15_15_06,1238,870,1393.0,1544.0
int__tai15_15_06,1238,871,1295.0,1503.0
int__tai15_15_06,1238,872,1280.0,1455.0
int__tai15_15_06,1238,873,1331.0,1533.0
int__tai15_15_06,1238,874,1413.0,1624.0
int__tai15_15_06,1238,875,1374.0,1564.0
int__tai15_15_06,1238,876,1374.0,1580.0
int__tai15_15_06,1238,877,1365.0,1558.0
int__tai15_15_06,1238,878,1366.0,1555.0
int__tai15_15_06,1238,879,1321.0,1518.0
int__tai15_15_06,1238,880,1376.0,1572.0
int__tai15_15_06,1238,881,1381.0,1524.0
int__tai15_15_06,1238,882,1334.0,1526.0
int__tai15_15_06,1238,883,1325.0,1494.0
int__tai15_15_06,1238,884,1336.0,1539.0
int__tai15_15_06,1238,885,1375.0,1565.0
int__tai15_15_06,1238,886,1375.0,1551.0
int__tai15_15_06,1238,887,1340.0,1541.0
int__tai15_15_06,1238,888,1324.0,1524.0
int__tai15_15_06,1238,889,1293.0,1510.0
int__tai15_15_06,1238,890,1332.0,1515.0
int__tai15_15_06,1238,891,1322.0,1554.0
int__tai15_15_06,1238,892,1360.0,1556.0
int__tai15_15_06,1238,893,1340.0,1564.0
int__tai15_15_06,1238,894,1288.0,1478.0
int__tai15_15_06,1238,895,1366.0,1557.0
int__tai15_15_06,1238,896,1364.0,1588.0
int__tai15_15_06,1238,897,1316.0,1509.0
int__tai15_15_06,1238,898,1357.0,1559.0
int__tai15_15_06,1238,899,1313.0,1519.0
int__tai15_15_06,1238,900,1520.0,1748.0
int__tai15_15_06,1238,901,1371.0,1547.0
int__tai15_15_06,1238,902,1356.0,1572.0
int__tai15_15_06,1238,903,1282.0,1486.0
int__tai15_15_06,1238,904,1309.0,1483.0
int__tai15_15_06,1238,905,1319.0,1539.0
int__tai15_15_06,1238,906,1304.0,1501.0
int__tai15_15_06,1238,907,1365.0,1539.0
int__tai15_15_06,1238,908,1334.0,1528.0
int__tai15_15_06,1238,909,1409.0,1617.0
int__tai15_15_06,1238,910,1346.0,1560.0
int__tai15_15_06,1238,911,1348.0,1540.0
int__tai15_15_06,1238,912,1286.0,1514.0
int__tai15_15_06,1238,913,1391.0,1599.0
int__tai15_15_06,1238,914,1320.0,1503.0
int__tai15_15_06,1238,915,1359.0,1560.0
int__tai15_15_06,1238,916,1324.0,1527.0
int__tai15_15_06,1238,917,1351.0,1547.0
int__tai15_15_06,1238,918,1335.0,1523.0
int__tai15_15_06,1238,919,1369.0,1552.0
int__tai15_15_06,1238,920,1354.0,1568.0
int__tai15_15_06,1238,921,1370.0,1545.0
int__tai15_15_06,1238,922,1363.0,1567.0
int__tai15_15_06,1238,923,1350.0,1538.0
int__tai15_15_06,1238,924,1301.0,1500.0
int__tai15_15_06,1238,925,1334.0,1535.0
int__tai15_15_06,1238,926,1345.0,1533.0
int__tai15_15_06,1238,927,1317.0,1515.0
int__tai15_15_06,1238,928,1333.0,1495.0
int__tai15_15_06,1238,929,1356.0,1536.0
int__tai15_15_06,1238,930,1309.0,1485.0
int__tai15_15_06,1238,931,1365.0,1527.0
int__tai15_15_06,1238,932,1357.0,1525.0
int__tai15_15_06,1238,933,1322.0,1497.0
int__tai15_15_06,1238,934,1297.0,1507.0
int__tai15_15_06,1238,935,1325.0,1535.0
int__tai15_15_06,1238,936,1436.0,1642.0
int__tai15_15_06,1238,937,1302.0,1496.0
int__tai15_15_06,1238,938,1332.0,1524.0
int__tai15_15_06,1238,939,1271.0,1458.0
int__tai15_15_06,1238,940,1305.0,1471.0
int__tai15_15_06,1238,941,1324.0,1500.0
int__tai15_15_06,1238,942,1349.0,1511.0
int__tai15_15_06,1238,943,1415.0,1554.0
int__tai15_15_06,1238,944,1335.0,1524.0
int__tai15_15_06,1238,945,1304.0,1506.0
int__tai15_15_06,1238,946,1307.0,1507.0
int__tai15_15_06,1238,947,1336.0,1517.0
int__tai15_15_06,1238,948,1327.0,1523.0
int__tai15_15_06,1238,949,1354.0,1540.0
int__tai15_15_06,1238,950,1344.0,1539.0
int__tai15_15_06,1238,951,1306.0,1479.0
int__tai15_15_06,1238,952,1417.0,1587.0
int__tai15_15_06,1238,953,1305.0,1515.0
int__tai15_15_06,1238,954,1276.0,1464.0
int__tai15_15_06,1238,955,1333.0,1497.0
int__tai15_15_06,1238,956,1381.0,1554.0
int__tai15_15_06,1238,957,1350.0,1538.0
int__tai15_15_06,1238,958,1311.0,1521.0
int__tai15_15_06,1238,959,1291.0,1469.0
int__tai15_15_06,1238,960,1313.0,1493.0
int__tai15_15_06,1238,961,1329.0,1535.0
int__tai15_15_06,1238,962,1397.0,1594.0
int__tai15_15_06,1238,963,1290.0,1490.0
int__tai15_15_06,1238,964,1374.0,1565.0
int__tai15_15_06,1238,965,1316.0,1490.0
int__tai15_15_06,1238,966,1354.0,1597.0
int__tai15_15_06,1238,967,1369.0,1533.0
int__tai15_15_06,1238,968,1318.0,1491.0
int__tai15_15_06,1238,969,1325.0,1510.0
int__tai15_15_06,1238,970,1398.0,1564.0
int__tai15_15_06,1238,971,1291.0,1474.0
int__tai15_15_06,1238,972,1317.0,1502.0
int__tai15_15_06,1238,973,1416.0,1583.0
int__tai15_15_06,1238,974,1316.0,1494.0
int__tai15_15_06,1238,975,1304.0,1470.0
int__tai15_15_06,1238,976,1320.0,1521.0
int__tai15_15_06,1238,977,1276.0,1470.0
int__tai15_15_06,1238,978,1302.0,1488.0
int__tai15_15_06,1238,979,1383.0,1522.0
int__tai15_15_06,1238,980,1353.0,1544.0
int__tai15_15_06,1238,981,1324.0,1535.0
int__tai15_15_06,1238,982,1478.0,1647.0
int__tai15_15_06,1238,983,1416.0,1599.0
int__tai15_15_06,1238,984,1323.0,1498.0
int__tai15_15_06,1238,985,1380.0,1557.0
int__tai15_15_06,1238,986,1338.0,1541.0
int__tai15_15_06,1238,987,1375.0,1505.0
int__tai15_15_06,1238,988,1340.0,1526.0
int__tai15_15_06,1238,989,1303.0,1513.0
int__tai15_15_06,1238,990,1278.0,1477.0
int__tai15_15_06,1238,991,1357.0,1553.0
int__tai15_15_06,1238,992,1355.0,1535.0
int__tai15_15_06,1238,993,1359.0,1510.0
int__tai15_15_06,1238,994,1377.0,1562.0
int__tai15_15_06,1238,995,1430.0,1639.0
int__tai15_15_06,1238,996,1436.0,1623.0
int__tai15_15_06,1238,997,1358.0,1518.0
int__tai15_15_06,1238,998,1423.0,1616.0
int__tai15_15_06,1238,999,1364.0,1588.0
int__tai15_15_06,1238,1000,1352.0,1539.0
int__tai15_15_06,1238,1001,1359.0,1561.0
int__tai15_15_06,1238,1002,1350.0,1543.0
int__tai15_15_06,1238,1003,1407.0,1600.0
int__tai15_15_06,1238,1004,1372.0,1550.0
int__tai15_15_06,1238,1005,1366.0,1570.0
int__tai15_15_06,1238,1006,1376.0,1589.0
int__tai15_15_06,1238,1007,1326.0,1508.0
int__tai15_15_06,1238,1008,1348.0,1538.0
int__tai15_15_06,1238,1009,1387.0,1580.0
int__tai15_15_06,1238,1010,1367.0,1567.0
int__tai15_15_06,1238,1011,1325.0,1539.0
int__tai15_15_06,1238,1012,1390.0,1610.0
int__tai15_15_06,1238,1013,1406.0,1587.0
int__tai15_15_06,1238,1014,1303.0,1515.0
int__tai15_15_06,1238,1015,1289.0,1481.0
int__tai15_15_06,1238,1016,1310.0,1491.0
int__tai15_15_06,1238,1017,1309.0,1496.0
int__tai15_15_06,1238,1018,1372.0,1562.0
int__tai15_15_06,1238,1019,1416.0,1602.0
int__tai15_15_06,1238,1020,1390.0,1609.0
int__tai15_15_06,1238,1021,1381.0,1570.0
int__tai15_15_06,1238,1022,1313.0,1514.0
int__tai15_15_06,1238,1023,1370.0,1569.0
int__tai20_15_02,1367,0,1522.0,1694.0
int__tai20_15_02,1367,1,1565.0,1803.0
int__tai20_15_02,1367,2,1594.0,1814.0
int__tai20_15_02,1367,3,1478.0,1680.0
int__tai20_15_02,1367,4,1590.0,1785.0
int__tai20_15_02,1367,5,1552.0,1758.0
int__tai20_15_02,1367,6,1538.0,1757.0
int__tai20_15_02,1367,7,1544.0,1766.0
int__tai20_15_02,1367,8,1510.0,1703.0
int__tai20_15_02,1367,9,1549.0,1761.0
int__tai20_15_02,1367,10,1479.0,1670.0
int__tai20_15_02,1367,11,1553.0,1801.0
int__tai20_15_02,1367,12,1598.0,1836.0
int__tai20_15_02,1367,13,1522.0,1761.0
int__tai20_15_02,1367,14,1599.0,1797.0
int__tai20_15_02,1367,15,1528.0,1754.0
int__tai20_15_02,1367,16,1466.0,1672.0
int__tai20_15_02,1367,17,1545.0,1788.0
int__tai20_15_02,1367,18,1579.0,1776.0
int__tai20_15_02,1367,19,1555.0,1758.0
int__tai20_15_02,1367,20,1553.0,1749.0
int__tai20_15_02,1367,21,1535.0,1732.0
int__tai20_15_02,1367,22,1529.0,1755.0
int__tai20_15_02,1367,23,1479.0,1670.0
int__tai20_15_02,1367,24,1478.0,1690.0
int__tai20_15_02,1367,25,1573.0,1796.0
int__tai20_15_02,1367,26,1513.0,1728.0
int__tai20_15_02,1367,27,1503.0,1735.0
int__tai20_15_02,1367,28,1503.0,1697.0
int__tai20_15_02,1367,29,1516.0,1731.0
int__tai20_15_02,1367,30,1555.0,1787.0
int__tai20_15_02,1367,31,1493.0,1700.0
int__tai20_15_02,1367,32,1562.0,1776.0
int__tai20_15_02,1367,33,1560.0,1766.0
int__tai20_15_02,1367,34,1549.0,1795.0
int__tai20_15_02,1367,35,1605.0,1832.0
int__tai20_15_02,1367,36,1570.0,1764.0
int__tai20_15_02,1367,37,1485.0,1686.0
int__tai20_15_02,1367,38,1552.0,1740.0
int__tai20_15_02,1367,39,1519.0,1718.0
int__tai20_15_02,1367,40,1504.0,1692.0
int__tai20_15_02,1367,41,1691.0,1871.0
int__tai20_15_02,1367,42,1636.0,1877.0
int__tai20_15_02,1367,43,1497.0,1704.0
int__tai20_15_02,1367,44,1524.0,1770.0
int__tai20_15_02,1367,45,1508.0,1731.0
int__tai20_15_02,1367,46,1487.0,1701.0
int__tai20_15_02,1367,47,1547.0,1763.0
int__tai20_15_02,1367,48,1579.0,1779.0
int__tai20_15_02,1367,49,1491.0,1732.0
int__tai20_15_02,1367,50,1635.0,1889.0
int__tai20_15_02,1367,51,1486.0,1689.0
int__tai20_15_02,1367,52,1625.0,1821.0
int__tai20_15_02,1367,53,1588.0,1809.0
int__tai20_15_02,1367,54,1562.0,1779.0
int__tai20_15_02,1367,55,1638.0,1864.0
int__tai20_15_02,1367,56,1485.0,1688.0
int__tai20_15_02,1367,57,1439.0,1634.0
int__tai20_15_02,1367,58,1498.0,1712.0
int__tai20_15_02,1367,59,1525.0,1736.0
int__tai20_15_02,1367,60,1542.0,1739.0
int__tai20_15_02,1367,61,1555.0,1754.0
int__tai20_15_02,1367,62,1519.0,1706.0
int__tai20_15_02,1367,63,1502.0,1741.0
int__tai20_15_02,1367,64,1563.0,1766.0
int__tai20_15_02,1367,65,1499.0,1710.0
int__tai20_15_02,1367,66,1506.0,1730.0
int__tai20_15_02,1367,67,1517.0,1720.0
int__tai20_15_02,1367,68,1520.0,1744.0
int__tai20_15_02,1367,69,1522.0,1759.0
int__tai20_15_02,1367,70,1575.0,1793.0
int__tai20_15_02,1367,71,1522.0,1757.0
int__tai20_15_02,1367,72,1550.0,1777.0
int__tai20_15_02,1367,73,1611.0,1803.0
int__tai20_15_02,1367,74,1549.0,1753.0
int__tai20_15_02,1367,75,1501.0,1727.0
int__tai20_15_02,1367,76,1495.0,1705.0
int__tai20_15_02,1367,77,1586.0,1800.0
int__tai20_15_02,1367,78,1490.0,1738.0
int__tai20_15_02,1367,79,1548.0,1739.0
int__tai20_15_02,1367,80,1467.0,1676.0
int__tai20_15_02,1367,81,1569.0,1769.0
int__tai20_15_02,1367,82,1525.0,1738.0
int__tai20_15_02,1367,83,1520.0,1733.0
int__tai20_15_02,1367,84,1570.0,1776.0
int__tai20_15_02,1367,85,1551.0,1737.0
int__tai20_15_02,1367,86,1559.0,1751.0
int__tai20_15_02,1367,87,1518.0,1724.0
int__tai20_15_02,1367,88,1568.0,1771.0
int__tai20_15_02,1367,89,1616.0,1802.0
int__tai20_15_02,1367,90,1524.0,1704.0
int__tai20_15_02,1367,91,1530.0,1734.0
int__tai20_15_02,1367,92,1534.0,1760.0
int__tai20_15_02,1367,93,1591.0,1819.0
int__tai20_15_02,1367,94,1479.0,1673.0
int__tai20_15_02,1367,95,1599.0,1835.0
int__tai20_15_02,1367,96,1550.0,1756.0
int__tai20_15_02,1367,97,1503.0,1717.0
int__tai20_15_02,1367,98,1501.0,1725.0
int__tai20_15_02,1367,99,1531.0,1776.0
int__tai20_15_02,1367,100,1556.0,1764.0
int__tai20_15_02,1367,101,1619.0,1844.0
int__tai20_15_02,1367,102,1437.0,1653.0
int__tai20_15_02,1367,103,1539.0,1740.0
int__tai20_15_02,1367,104,1577.0,1805.0
int__tai20_15_02,1367,105,1472.0,1712.0
int__tai20_15_02,1367,106,1544.0,1708.0
int__tai20_15_02,1367,107,1552.0,1742.0
int__tai20_15_02,1367,108,1503.0,1707.0
int__tai20_15_02,1367,109,1441.0,1675.0
int__tai20_15_02,1367,110,1542.0,1721.0
int__tai20_15_02,1367,111,1624.0,1849.0
int__tai20_15_02,1367,112,1501.0,1720.0
int__tai20_15_02,1367,113,1489.0,1689.0
int__tai20_15_02,1367,114,1509.0,1708.0
int__tai20_15_02,1367,115,1607.0,1813.0
int__tai20_15_02,1367,116,1543.0,1752.0
int__tai20_15_02,1367,117,1512.0,1754.0
int__tai20_15_02,1367,118,1548.0,1757.0
int__tai20_15_02,1367,119,1568.0,1773.0
int__tai20_15_02,1367,120,1552.0,1778.0
int__tai20_15_02,1367,121,1505.0,1692.0
int__tai20_15_02,1367,122,1460.0,1699.0
int__tai20_15_02,1367,123,1605.0,1821.0
int__tai20_15_02,1367,124,1574.0,1812.0
int__tai20_15_02,1367,125,1536.0,1743.0
int__tai20_15_02,1367,126,1539.0,1772.0
int__tai20_15_02,1367,127,1501.0,1713.0
int__tai20_15_02,1367,128,1636.0,1877.0
int__tai20_15_02,1367,129,1440.0,1663.0
int__tai20_15_02,1367,130,1632.0,1893.0
int__tai20_15_02,1367,131,1618.0,1822.0
int__tai20_15_02,1367,132,1500.0,1714.0
int__tai20_15_02,1367,133,1566.0,1770.0
int__tai20_15_02,1367,134,1465.0,1683.0
int__tai20_15_02,1367,135,1546.0,1728.0
int__tai20_15_02,1367,136,1519.0,1740.0
int__tai20_15_02,1367,137,1580.0,1769.0
int__tai20_15_02,1367,138,1555.0,1764.0
int__tai20_15_02,1367,139,1670.0,1912.0
int__tai20_15_02,1367,140,1602.0,1842.0
int__tai20_15_02,1367,141,1574.0,1766.0
int__tai20_15_02,1367,142,1564.0,1792.0
int__tai20_15_02,1367,143,1518.0,1742.0
int__tai20_15_02,1367,144,1526.0,1773.0
int__tai20_15_02,1367,145,1570.0,1806.0
int__tai20_15_02,1367,146,1564.0,1753.0
int__tai20_15_02,1367,147,1538.0,1755.0
int__tai20_15_02,1367,148,1509.0,1704.0
int__tai20_15_02,1367,149,1518.0,1762.0
int__tai20_15_02,1367,150,1628.0,1806.0
int__tai20_15_02,1367,151,1543.0,1756.0
int__tai20_15_02,1367,152,1616.0,1843.0
int__tai20_15_02,1367,153,1598.0,1795.0
int__tai20_15_02,1367,154,1574.0,1784.0
int__tai20_15_02,1367,155,1509.0,1723.0
int__tai20_15_02,1367,156,1507.0,1733.0
int__tai20_15_02,1367,157,1465.0,1700.0
int__tai20_15_02,1367,158,1566.0,1798.0
int__tai20_15_02,1367,159,1536.0,1749.0
int__tai20_15_02,1367,160,1490.0,1716.0
int__tai20_15_02,1367,161,1424.0,1655.0
int__tai20_15_02,1367,162,1600.0,1815.0
int__tai20_15_02,1367,163,1638.0,1862.0
int__tai20_15_02,1367,164,1470.0,1680.0
int__tai20_15_02,1367,165,1558.0,1778.0
int__tai20_15_02,1367,166,1521.0,1728.0
int__tai20_15_02,1367,167,1476.0,1691.0
int__tai20_15_02,1367,168,1512.0,1768.0
int__tai20_15_02,1367,169,1528.0,1750.0
int__tai20_15_02,1367,170,1546.0,1774.0
int__tai20_15_02,1367,171,1527.0,1720.0
int__tai20_15_02,1367,172,1473.0,1672.0
int__tai20_15_02,1367,173,1530.0,1744.0
int__tai20_15_02,1367,174,1468.0,1705.0
int__tai20_15_02,1367,175,1560.0,1792.0
int__tai20_15_02,1367,176,1509.0,1735.0
int__tai20_15_02,1367,177,1492.0,1747.0
int__tai20_15_02,1367,178,1602.0,1814.0
int__tai20_15_02,1367,179,1522.0,1701.0
int__tai20_15_02,1367,180,1514.0,1731.0
int__tai20_15_02,1367,181,1607.0,1863.0
int__tai20_15_02,1367,182,1511.0,1724.0
int__tai20_15_02,1367,183,1613.0,1827.0
int__tai20_15_02,1367,184,1482.0,1685.0
int__tai20_15_02,1367,185,1484.0,1701.0
int__tai20_15_02,1367,186,1519.0,1728.0
int__tai20_15_02,1367,187,1484.0,1719.0
int__tai20_15_02,1367,188,1555.0,1753.0
int__tai20_15_02,1367,189,1530.0,1758.0
int__tai20_15_02,1367,190,1472.0,1688.0
int__tai20_15_02,1367,191,1632.0,1865.0
int__tai20_15_02,1367,192,1539.0,1755.0
int__tai20_15_02,1367,193,1525.0,1739.0
int__tai20_15_02,1367,194,1531.0,1747.0
int__tai20_15_02,1367,195,1532.0,1741.0
int__tai20_15_02,1367,196,1548.0,1749.0
int__tai20_15_02,1367,197,1621.0,1844.0
int__tai20_15_02,1367,198,1513.0,1705.0
int__tai20_15_02,1367,199,1587.0,1810.0
int__tai20_15_02,1367,200,1536.0,1759.0
int__tai20_15_02,1367,201,1536.0,1768.0
int__tai20_15_02,1367,202,1505.0,1719.0
int__tai20_15_02,1367,203,1662.0,1890.0
int__tai20_15_02,1367,204,1543.0,1763.0
int__tai20_15_02,1367,205,1602.0,1782.0
int__tai20_15_02,1367,206,1463.0,1669.0
int__tai20_15_02,1367,207,1523.0,1738.0
int__tai20_15_02,1367,208,1504.0,1724.0
int__tai20_15_02,1367,209,1602.0,1807.0
int__tai20_15_02,1367,210,1573.0,1807.0
int__tai20_15_02,1367,211,1543.0,1777.0
int__tai20_15_02,1367,212,1495.0,1688.0
int__tai20_15_02,1367,213,1539.0,1758.0
int__tai20_15_02,1367,214,1621.0,1829.0
int__tai20_15_02,1367,215,1594.0,1791.0
int__tai20_15_02,1367,216,1484.0,1695.0
int__tai20_15_02,1367,217,1523.0,1740.0
int__tai20_15_02,1367,218,1525.0,1714.0
int__tai20_15_02,1367,219,1576.0,1767.0
int__tai20_15_02,1367,220,1480.0,1697.0
int__tai20_15_02,1367,221,1674.0,1904.0
int__tai20_15_02,1367,222,1553.0,1743.0
int__tai20_15_02,1367,223,1505.0,1699.0
int__tai20_15_02,1367,224,1692.0,1897.0
int__tai20_15_02,1367,225,1513.0,1697.0
int__tai20_15_02,1367,226,1550.0,1755.0
int__tai20_15_02,1367,227,1518.0,1750.0
int__tai20_15_02,1367,228,1557.0,1795.0
int__tai20_15_02,1367,229,1576.0,1793.0
int__tai20_15_02,1367,230,1600.0,1819.0
int__tai20_15_02,1367,231,1518.0,1718.0
int__tai20_15_02,1367,232,1571.0,1806.0
int__tai20_15_02,1367,233,1484.0,1713.0
int__tai20_15_02,1367,234,1505.0,1725.0
int__tai20_15_02,1367,235,1533.0,1754.0
int__tai20_15_02,1367,236,1514.0,1736.0
int__tai20_15_02,1367,237,1559.0,1762.0
int__tai20_15_02,1367,238,1570.0,1795.0
int__tai20_15_02,1367,239,1543.0,1715.0
int__tai20_15_02,1367,240,1495.0,1701.0
int__tai20_15_02,1367,241,1503.0,1712.0
int__tai20_15_02,1367,242,1593.0,1797.0
int__tai20_15_02,1367,243,1569.0,1751.0
int__tai20_15_02,1367,244,1568.0,1823.0
int__tai20_15_02,1367,245,1473.0,1692.0
int__tai20_15_02,1367,246,1529.0,1751.0
int__tai20_15_02,1367,247,1567.0,1760.0
int__tai20_15_02,1367,248,1581.0,1812.0
int__tai20_15_02,1367,249,1473.0,1683.0
int__tai20_15_02,1367,250,1490.0,1720.0
int__tai20_15_02,1367,251,1481.0,1683.0
int__tai20_15_02,1367,252,1567.0,1791.0
int__tai20_15_02,1367,253,1521.0,1706.0
int__tai20_15_02,1367,254,1530.0,1730.0
int__tai20_15_02,1367,255,1579.0,1802.0
int__tai20_15_02,1367,256,1601.0,1794.0
int__tai20_15_02,1367,257,1542.0,1719.0
int__tai20_15_02,1367,258,1534.0,1748.0
int__tai20_15_02,1367,259,1547.0,1729.0
int__tai20_15_02,1367,260,1489.0,1711.0
int__tai20_15_02,1367,261,1556.0,1759.0
int__tai20_15_02,1367,262,1656.0,1836.0
int__tai20_15_02,1367,263,1601.0,1790.0
int__tai20_15_02,1367,264,1490.0,1703.0
int__tai20_15_02,1367,265,1572.0,1781.0
int__tai20_15_02,1367,266,1581.0,1808.0
int__tai20_15_02,1367,267,1576.0,1791.0
int__tai20_15_02,1367,268,1598.0,1818.0
int__tai20_15_02,1367,269,1446.0,1651.0
int__tai20_15_02,1367,270,1513.0,1697.0
int__tai20_15_02,1367,271,1507.0,1721.0
int__tai20_15_02,1367,272,1436.0,1629.0
int__tai20_15_02,1367,273,1531.0,1753.0
int__tai20_15_02,1367,274,1691.0,1937.0
int__tai20_15_02,1367,275,1615.0,1827.0
int__tai20_15_02,1367,276,1499.0,1705.0
int__tai20_15_02,1367,277,1537.0,1775.0
int__tai20_15_02,1367,278,1512.0,1720.0
int__tai20_15_02,1367,279,1499.0,1712.0
int__tai20_15_02,1367,280,1481.0,1675.0
int__tai20_15_02,1367,281,1471.0,1691.0
int__tai20_15_02,1367,282,1501.0,1731.0
int__tai20_15_02,1367,283,1522.0,1738.0
int__tai20_15_02,1367,284,1492.0,1690.0
int__tai20_15_02,1367,285,1554.0,1783.0
int__tai20_15_02,1367,286,1525.0,1777.0
int__tai20_15_02,1367,287,1588.0,1785.0
int__tai20_15_02,1367,288,1549.0,1736.0
int__tai20_15_02,1367,289,1519.0,1750.0
int__tai20_15_02,1367,290,1554.0,1783.0
int__tai20_15_02,1367,291,1465.0,1677.0
int__tai20_15_02,1367,292,1609.0,1805.0
int__tai20_15_02,1367,293,1565.0,1765.0
int__tai20_15_02,1367,294,1493.0,1689.0
int__tai20_15_02,1367,295,1571.0,1746.0
int__tai20_15_02,1367,296,1696.0,1946.0
int__tai20_15_02,1367,297,1545.0,1783.0
int__tai20_15_02,1367,298,1518.0,1747.0
int__tai20_15_02,1367,299,1463.0,1688.0
int__tai20_15_02,1367,300,1553.0,1783.0
int__tai20_15_02,1367,301,1630.0,1826.0
int__tai20_15_02,1367,302,1511.0,1743.0
int__tai20_15_02,1367,303,1536.0,1785.0
int__tai20_15_02,1367,304,1509.0,1738.0
int__tai20_15_02,1367,305,1544.0,1748.0
int__tai20_15_02,1367,306,1600.0,1818.0
int__tai20_15_02,1367,307,1572.0,1792.0
int__tai20_15_02,1367,308,1510.0,1702.0
int__tai20_15_02,1367,309,1540.0,1762.0
int__tai20_15_02,1367,310,1492.0,1703.0
int__tai20_15_02,1367,311,1579.0,1795.0
int__tai20_15_02,1367,312,1467.0,1669.0
int__tai20_15_02,1367,313,1525.0,1738.0
int__tai20_15_02,1367,314,1531.0,1728.0
int__tai20_15_02,1367,315,1546.0,1764.0
int__tai20_15_02,1367,316,1495.0,1710.0
int__tai20_15_02,1367,317,1504.0,1743.0
int__tai20_15_02,1367,318,1600.0,1817.0
int__tai20_15_02,1367,319,1501.0,1700.0
int__tai20_15_02,1367,320,1629.0,1818.0
int__tai20_15_02,1367,321,1495.0,1699.0
int__tai20_15_02,1367,322,1533.0,1739.0
int__tai20_15_02,1367,323,1449.0,1648.0
int__tai20_15_02,1367,324,1534.0,1736.0
int__tai20_15_02,1367,325,1542.0,1769.0
int__tai20_15_02,1367,326,1569.0,1766.0
int__tai20_15_02,1367,327,1573.0,1817.0
int__tai20_15_02,1367,328,1622.0,1840.0
int__tai20_15_02,1367,329,1536.0,1770.0
int__tai20_15_02,1367,330,1500.0,1728.0
int__tai20_15_02,1367,331,1525.0,1737.0
int__tai20_15_02,1367,332,1649.0,1849.0
int__tai20_15_02,1367,333,1491.0,1706.0
int__tai20_15_02,1367,334,1594.0,1812.0
int__tai20_15_02,1367,335,1632.0,1836.0
int__tai20_15_02,1367,336,1578.0,1802.0
int__tai20_15_02,1367,337,1597.0,1818.0
int__tai20_15_02,1367,338,1609.0,1810.0
int__tai20_15_02,1367,339,1583.0,1773.0
int__tai20_15_02,1367,340,1577.0,1750.0
int__tai20_15_02,1367,341,1520.0,1699.0
int__tai20_15_02,1367,342,1621.0,1854.0
int__tai20_15_02,1367,343,1541.0,1757.0
int__tai20_15_02,1367,344,1512.0,1723.0
int__tai20_15_02,1367,345,1549.0,1752.0
int__tai20_15_02,1367,346,1508.0,1743.0
int__tai20_15_02,1367,347,1502.0,1734.0
int__tai20_15_02,1367,348,1533.0,1703.0
int__tai20_15_02,1367,349,1544.0,1769.0
int__tai20_15_02,1367,350,1621.0,1793.0
int__tai20_15_02,1367,351,1509.0,1757.0
int__tai20_15_02,1367,352,1577.0,1811.0
int__tai20_15_02,1367,353,1585.0,1823.0
int__tai20_15_02,1367,354,1566.0,1736.0
int__tai20_15_02,1367,355,1488.0,1698.0
int__tai20_15_02,1367,356,1564.0,1800.0
int__tai20_15_02,1367,357,1488.0,1718.0
int__tai20_15_02,1367,358,1520.0,1735.0
int__tai20_15_02,1367,359,1547.0,1768.0
int__tai20_15_02,1367,360,1559.0,1764.0
int__tai20_15_02,1367,361,1533.0,1753.0
int__tai20_15_02,1367,362,1490.0,1690.0
int__tai20_15_02,1367,363,1573.0,1758.0
int__tai20_15_02,1367,364,1597.0,1795.0
int__tai20_15_02,1367,365,1559.0,1757.0
int__tai20_15_02,1367,366,1514.0,1733.0
int__tai20_15_02,1367,367,1590.0,1816.0
int__tai20_15_02,1367,368,1512.0,1728.0
int__tai20_15_02,1367,369,1515.0,1734.0
int__tai20_15_02,1367,370,1580.0,1814.0
int__tai20_15_02,1367,371,1519.0,1740.0
int__tai20_15_02,1367,372,1623.0,1875.0
int__tai20_15_02,1367,373,1543.0,1753.0
int__tai20_15_02,1367,374,1513.0,1708.0
int__tai20_15_02,1367,375,1539.0,1713.0
int__tai20_15_02,1367,376,1557.0,1733.0
int__tai20_15_02,1367,377,1557.0,1795.0
int__tai20_15_02,1367,378,1487.0,1656.0
int__tai20_15_02,1367,379,1581.0,1798.0
int__tai20_15_02,1367,380,1474.0,1655.0
int__tai20_15_02,1367,381,1549.0,1764.0
int__tai20_15_02,1367,382,1462.0,1695.0
int__tai20_15_02,1367,383,1501.0,1682.0
int__tai20_15_02,1367,384,1578.0,1765.0
int__tai20_15_02,1367,385,1538.0,1727.0
int__tai20_15_02,1367,386,1484.0,1685.0
int__tai20_15_02,1367,387,1480.0,1698.0
int__tai20_15_02,1367,388,1555.0,1740.0
int__tai20_15_02,1367,389,1526.0,1723.0
int__tai20_15_02,1367,390,1621.0,1812.0
int__tai20_15_02,1367,391,1588.0,1817.0
int__tai20_15_02,1367,392,1553.0,1767.0
int__tai20_15_02,1367,393,1560.0,1770.0
int__tai20_15_02,1367,394,1641.0,1872.0
int__tai20_15_02,1367,395,1438.0,1666.0
int__tai20_15_02,1367,396,1583.0,1801.0
int__tai20_15_02,1367,397,1489.0,1698.0
int__tai20_15_02,1367,398,1541.0,1761.0
int__tai20_15_02,1367,399,1537.0,1732.0
int__tai20_15_02,1367,400,1564.0,1829.0
int__tai20_15_02,1367,401,1455.0,1661.0
int__tai20_15_02,1367,402,1515.0,1748.0
int__tai20_15_02,1367,403,1528.0,1766.0
int__tai20_15_02,1367,404,1529.0,1740.0
int__tai20_15_02,1367,405,1616.0,1825.0
int__tai20_15_02,1367,406,1576.0,1782.0
int__tai20_15_02,1367,407,1448.0,1658.0
int__tai20_15_02,1367,408,1602.0,1851.0
int__tai20_15_02,1367,409,1502.0,1692.0
int__tai20_15_02,1367,410,1503.0,1718.0
int__tai20_15_02,1367,411,1537.0,1761.0
int__tai20_15_02,1367,412,1480.0,1678.0
int__tai20_15_02,1367,413,1498.0,1723.0
int__tai20_15_02,1367,414,1500.0,1710.0
int__tai20_15_02,1367,415,1542.0,1737.0
int__tai20_15_02,1367,416,1589.0,1794.0
int__tai20_15_02,1367,417,1586.0,1803.0
int__tai20_15_02,1367,418,1514.0,1754.0
int__tai20_15_02,1367,419,1625.0,1855.0
int__tai20_15_02,1367,420,1586.0,1789.0
int__tai20_15_02,1367,421,1508.0,1761.0
int__tai20_15_02,1367,422,1528.0,1732.0
int__tai20_15_02,1367,423,1491.0,1720.0
int__tai20_15_02,1367,424,1520.0,1708.0
int__tai20_15_02,1367,425,1550.0,1744.0
int__tai20_15_02,1367,426,1517.0,1714.0
int__tai20_15_02,1367,427,1539.0,1744.0
int__tai20_15_02,1367,428,1548.0,1778.0
int__tai20_15_02,1367,429,1539.0,1741.0
int__tai20_15_02,1367,430,1541.0,1782.0
int__tai20_15_02,1367,431,1517.0,1707.0
int__tai20_15_02,1367,432,1496.0,1717.0
int__tai20_15_02,1367,433,1518.0,1746.0
int__tai20_15_02,1367,434,1617.0,1845.0
int__tai20_15_02,1367,435,1509.0,1738.0
int__tai20_15_02,1367,436,1561.0,1780.0
int__tai20_15_02,1367,437,1495.0,1701.0
int__tai20_15_02,1367,438,1591.0,1783.0
int__tai20_15_02,1367,439,1416.0,1645.0
int__tai20_15_02,1367,440,1536.0,1733.0
int__tai20_15_02,1367,441,1565.0,1775.0
int__tai20_15_02,1367,442,1536.0,1756.0
int__tai20_15_02,1367,443,1550.0,1757.0
int__tai20_15_02,1367,444,1543.0,1746.0
int__tai20_15_02,1367,445,1537.0,1765.0
int__tai20_15_02,1367,446,1536.0,1737.0
int__tai20_15_02,1367,447,1567.0,1771.0
int__tai20_15_02,1367,448,1594.0,1810.0
int__tai20_15_02,1367,449,1515.0,1745.0
int__tai20_15_02,1367,450,1596.0,1802.0
int__tai20_15_02,1367,451,1592.0,1805.0
int__tai20_15_02,1367,452,1560.0,1763.0
int__tai20_15_02,1367,453,1595.0,1808.0
int__tai20_15_02,1367,454,1483.0,1690.0
int__tai20_15_02,1367,455,1517.0,1721.0
int__tai20_15_02,1367,456,1560.0,1758.0
int__tai20_15_02,1367,457,1534.0,1743.0
int__tai20_15_02,1367,458,1542.0,1736.0
int__tai20_15_02,1367,459,1543.0,1756.0
int__tai20_15_02,1367,460,1481.0,1689.0
int__tai20_15_02,1367,461,1542.0,1762.0
int__tai20_15_02,1367,462,1531.0,1732.0
int__tai20_15_02,1367,463,1676.0,1895.0
int__tai20_15_02,1367,464,1586.0,1767.0
int__tai20_15_02,1367,465,1589.0,1821.0
int__tai20_15_02,1367,466,1625.0,1858.0
int__tai20_15_02,1367,467,1542.0,1753.0
int__tai20_15_02,1367,468,1542.0,1744.0
int__tai20_15_02,1367,469,1495.0,1699.0
int__tai20_15_02,1367,470,1612.0,1856.0
int__tai20_15_02,1367,471,1554.0,1779.0
int__tai20_15_02,1367,472,1515.0,1701.0
int__tai20_15_02,1367,473,1536.0,1741.0
int__tai20_15_02,1367,474,1564.0,1765.0
int__tai20_15_02,1367,475,1599.0,1808.0
int__tai20_15_02,1367,476,1523.0,1764.0
int__tai20_15_02,1367,477,1524.0,1760.0
int__tai20_15_02,1367,478,1611.0,1784.0
int__tai20_15_02,1367,479,1567.0,1762.0
int__tai20_15_02,1367,480,1555.0,1746.0
int__tai20_15_02,1367,481,1594.0,1804.0
int__tai20_15_02,1367,482,1641.0,1838.0
int__tai20_15_02,1367,483,1528.0,1746.0
int__tai20_15_02,1367,484,1527.0,1753.0
int__tai20_15_02,1367,485,1591.0,1814.0
int__tai20_15_02,1367,486,1532.0,1729.0
int__tai20_15_02,1367,487,1529.0,1742.0
int__tai20_15_02,1367,488,1576.0,1800.0
int__tai20_15_02,1367,489,1538.0,1727.0
int__tai20_15_02,1367,490,1542.0,1768.0
int__tai20_15_02,1367,491,1504.0,1726.0
int__tai20_15_02,1367,492,1405.0,1632.0
int__tai20_15_02,1367,493,1487.0,1724.0
int__tai20_15_02,1367,494,1534.0,1723.0
int__tai20_15_02,1367,495,1495.0,1701.0
int__tai20_15_02,1367,496,1565.0,1766.0
int__tai20_15_02,1367,497,1571.0,1805.0
int__tai20_15_02,1367,498,1577.0,1775.0
int__tai20_15_02,1367,499,1613.0,1829.0
int__tai20_15_02,1367,500,1553.0,1749.0
int__tai20_15_02,1367,501,1509.0,1710.0
int__tai20_15_02,1367,502,1609.0,1786.0
int__tai20_15_02,1367,503,1527.0,1744.0
int__tai20_15_02,1367,504,1594.0,1825.0
int__tai20_15_02,1367,505,1491.0,1729.0
int__tai20_15_02,1367,506,1512.0,1717.0
int__tai20_15_02,1367,507,1431.0,1671.0
int__tai20_15_02,1367,508,1685.0,1863.0
int__tai20_15_02,1367,509,1525.0,1731.0
int__tai20_15_02,1367,510,1625.0,1825.0
int__tai20_15_02,1367,511,1589.0,1785.0
int__tai20_15_02,1367,512,1554.0,1737.0
int__tai20_15_02,1367,513,1558.0,1782.0
int__tai20_15_02,1367,514,1507.0,1699.0
int__tai20_15_02,1367,515,1556.0,1770.0
int__tai20_15_02,1367,516,1593.0,1789.0
int__tai20_15_02,1367,517,1542.0,1775.0
int__tai20_15_02,1367,518,1521.0,1726.0
int__tai20_15_02,1367,519,1637.0,1845.0
int__tai20_15_02,1367,520,1568.0,1743.0
int__tai20_15_02,1367,521,1510.0,1693.0
int__tai20_15_02,1367,522,1505.0,1734.0
int__tai20_15_02,1367,523,1539.0,1747.0
int__tai20_15_02,1367,524,1554.0,1776.0
int__tai20_15_02,1367,525,1504.0,1737.0
int__tai20_15_02,1367,526,1522.0,1723.0
int__tai20_15_02,1367,527,1481.0,1692.0
int__tai20_15_02,1367,528,1598.0,1795.0
int__tai20_15_02,1367,529,1465.0,1683.0
int__tai20_15_02,1367,530,1656.0,1865.0
int__tai20_15_02,1367,531,1479.0,1717.0
int__tai20_15_02,1367,532,1536.0,1756.0
int__tai20_15_02,1367,533,1583.0,1773.0
int__tai20_15_02,1367,534,1563.0,1804.0
int__tai20_15_02,1367,535,1505.0,1725.0
int__tai20_15_02,1367,536,1540.0,1766.0
int__tai20_15_02,1367,537,1515.0,1722.0
int__tai20_15_02,1367,538,1471.0,1698.0
int__tai20_15_02,1367,539,1502.0,1707.0
int__tai20_15_02,1367,540,1518.0,1746.0
int__tai20_15_02,1367,541,1543.0,1739.0
int__tai20_15_02,1367,542,1500.0,1713.0
int__tai20_15_02,1367,543,1554.0,1773.0
int__tai20_15_02,1367,544,1501.0,1736.0
int__tai20_15_02,1367,545,1513.0,1712.0
int__tai20_15_02,1367,546,1517.0,1732.0
int__tai20_15_02,1367,547,1560.0,1757.0
int__tai20_15_02,1367,548,1538.0,1747.0
int__tai20_15_02,1367,549,1522.0,1725.0
int__tai20_15_02,1367,550,1500.0,1708.0
int__tai20_15_02,1367,551,1531.0,1727.0
int__tai20_15_02,1367,552,1519.0,1744.0
int__tai20_15_02,1367,553,1510.0,1726.0
int__tai20_15_02,1367,554,1582.0,1774.0
int__tai20_15_02,1367,555,1539.0,1762.0
int__tai20_15_02,1367,556,1528.0,1738.0
int__tai20_15_02,1367,557,1609.0,1803.0
int__tai20_15_02,1367,558,1617.0,1810.0
int__tai20_15_02,1367,559,1481.0,1680.0
int__tai20_15_02,1367,560,1582.0,1806.0
int__tai20_15_02,1367,561,1483.0,1666.0
int__tai20_15_02,1367,562,1536.0,1729.0
int__tai20_15_02,1367,563,1539.0,1750.0
int__tai20_15_02,1367,564,1591.0,1779.0
int__tai20_15_02,1367,565,1536.0,1751.0
int__tai20_15_02,1367,566,1575.0,1778.0
int__tai20_15_02,1367,567,1562.0,1742.0
int__tai20_15_02,1367,568,1579.0,1783.0
int__tai20_15_02,1367,569,1527.0,1751.0
int__tai20_15_02,1367,570,1625.0,1862.0
int__tai20_15_02,1367,571,1572.0,1801.0
int__tai20_15_02,1367,572,1534.0,1757.0
int__tai20_15_02,1367,573,1510.0,1685.0
int__tai20_15_02,1367,574,1487.0,1687.0
int__tai20_15_02,1367,575,1511.0,1720.0
int__tai20_15_02,1367,576,1569.0,1792.0
int__tai20_15_02,1367,577,1507.0,1733.0
int__tai20_15_02,1367,578,1708.0,1967.0
int__tai20_15_02,1367,579,1511.0,1739.0
int__tai20_15_02,1367,580,1518.0,1703.0
int__tai20_15_02,1367,581,1526.0,1740.0
int__tai20_15_02,1367,582,1545.0,1759.0
int__tai20_15_02,1367,583,1660.0,1902.0
int__tai20_15_02,1367,584,1494.0,1714.0
int__tai20_15_02,1367,585,1611.0,1792.0
int__tai20_15_02,1367,586,1514.0,1712.0
int__tai20_15_02,1367,587,1600.0,1834.0
int__tai20_15_02,1367,588,1604.0,1827.0
int__tai20_15_02,1367,589,1528.0,1762.0
int__tai20_15_02,1367,590,1602.0,1820.0
int__tai20_15_02,1367,591,1553.0,1774.0
int__tai20_15_02,1367,592,1508.0,1731.0
int__tai20_15_02,1367,593,1477.0,1700.0
int__tai20_15_02,1367,594,1495.0,1685.0
int__tai20_15_02,1367,595,1733.0,1918.0
int__tai20_15_02,1367,596,1477.0,1713.0
int__tai20_15_02,1367,597,1582.0,1756.0
int__tai20_15_02,1367,598,1600.0,1810.0
int__tai20_15_02,1367,599,1506.0,1733.0
int__tai20_15_02,1367,600,1556.0,1796.0
int__tai20_15_02,1367,601,1528.0,1723.0
int__tai20_15_02,1367,602,1569.0,1760.0
int__tai20_15_02,1367,603,1492.0,1730.0
int__tai20_15_02,1367,604,1534.0,1737.0
int__tai20_15_02,1367,605,1534.0,1738.0
int__tai20_15_02,1367,606,1503.0,1720.0
int__tai20_15_02,1367,607,1527.0,1747.0
int__tai20_15_02,1367,608,1567.0,1737.0
int__tai20_15_02,1367,609,1635.0,1830.0
int__tai20_15_02,1367,610,1494.0,1696.0
int__tai20_15_02,1367,611,1481.0,1694.0
int__tai20_15_02,1367,612,1549.0,1767.0
int__tai20_15_02,1367,613,1569.0,1783.0
int__tai20_15_02,1367,614,1556.0,1790.0
int__tai20_15_02,1367,615,1517.0,1724.0
int__tai20_15_02,1367,616,1525.0,1740.0
int__tai20_15_02,1367,617,1582.0,1820.0
int__tai20_15_02,1367,618,1524.0,1756.0
int__tai20_15_02,1367,619,1487.0,1737.0
int__tai20_15_02,1367,620,1509.0,1709.0
int__tai20_15_02,1367,621,1497.0,1746.0
int__tai20_15_02,1367,622,1659.0,1867.0
int__tai20_15_02,1367,623,1536.0,1770.0
int__tai20_15_02,1367,624,1643.0,1861.0
int__tai20_15_02,1367,625,1542.0,1749.0
int__tai20_15_02,1367,626,1529.0,1747.0
int__tai20_15_02,1367,627,1578.0,1767.0
int__tai20_15_02,1367,628,1490.0,1712.0
int__tai20_15_02,1367,629,1438.0,1669.0
int__tai20_15_02,1367,630,1542.0,1763.0
int__tai20_15_02,1367,631,1462.0,1689.0
int__tai20_15_02,1367,632,1543.0,1762.0
int__tai20_15_02,1367,633,1500.0,1721.0
int__tai20_15_02,1367,634,1608.0,1841.0
int__tai20_15_02,1367,635,1600.0,1798.0
int__tai20_15_02,1367,636,1559.0,1770.0
int__tai20_15_02,1367,637,1522.0,1726.0
int__tai20_15_02,1367,638,1539.0,1769.0
int__tai20_15_02,1367,639,1576.0,1774.0
int__tai20_15_02,1367,640,1475.0,1712.0
int__tai20_15_02,1367,641,1477.0,1685.0
int__tai20_15_02,1367,642,1535.0,1742.0
int__tai20_15_02,1367,643,1598.0,1800.0
int__tai20_15_02,1367,644,1534.0,1759.0
int__tai20_15_02,1367,645,1516.0,1749.0
int__tai20_15_02,1367,646,1567.0,1767.0
int__tai20_15_02,1367,647,1500.0,1712.0
int__tai20_15_02,1367,648,1503.0,1713.0
int__tai20_15_02,1367,649,1579.0,1785.0
int__tai20_15_02,1367,650,1508.0,1718.0
int__tai20_15_02,1367,651,1531.0,1716.0
int__tai20_15_02,1367,652,1562.0,1741.0
int__tai20_15_02,1367,653,1461.0,1665.0
int__tai20_15_02,1367,654,1509.0,1709.0
int__tai20_15_02,1367,655,1581.0,1796.0
int__tai20_15_02,1367,656,1509.0,1689.0
int__tai20_15_02,1367,657,1451.0,1661.0
int__tai20_15_02,1367,658,1532.0,1737.0
int__tai20_15_02,1367,659,1520.0,1714.0
int__tai20_15_02,1367,660,1520.0,1743.0
int__tai20_15_02,1367,661,1531.0,1754.0
int__tai20_15_02,1367,662,1498.0,1713.0
int__tai20_15_02,1367,663,1549.0,1743.0
int__tai20_15_02,1367,664,1526.0,1770.0
int__tai20_15_02,1367,665,1504.0,1738.0
int__tai20_15_02,1367,666,1533.0,1773.0
int__tai20_15_02,1367,667,1525.0,1731.0
int__tai20_15_02,1367,668,1601.0,1837.0
int__tai20_15_02,1367,669,1517.0,1736.0
int__tai20_15_02,1367,670,1614.0,1810.0
int__tai20_15_02,1367,671,1546.0,1735.0
int__tai20_15_02,1367,672,1492.0,1718.0
int__tai20_15_02,1367,673,1523.0,1721.0
int__tai20_15_02,1367,674,1585.0,1808.0
int__tai20_15_02,1367,675,1502.0,1720.0
int__tai20_15_02,1367,676,1528.0,1748.0
int__tai20_15_02,1367,677,1529.0,1731.0
int__tai20_15_02,1367,678,1537.0,1749.0
int__tai20_15_02,1367,679,1628.0,1848.0
int__tai20_15_02,1367,680,1494.0,1698.0
int__tai20_15_02,1367,681,1550.0,1731.0
int__tai20_15_02,1367,682,1488.0,1693.0
int__tai20_15_02,1367,683,1512.0,1748.0
int__tai20_15_02,1367,684,1599.0,1800.0
int__tai20_15_02,1367,685,1580.0,1797.0
int__tai20_15_02,1367,686,1536.0,1740.0
int__tai20_15_02,1367,687,1475.0,1686.0
int__tai20_15_02,1367,688,1561.0,1782.0
int__tai20_15_02,1367,689,1657.0,1905.0
int__tai20_15_02,1367,690,1487.0,1698.0
int__tai20_15_02,1367,691,1504.0,1722.0
int__tai20_15_02,1367,692,1616.0,1841.0
int__tai20_15_02,1367,693,1518.0,1711.0
int__tai20_15_02,1367,694,1553.0,1780.0
int__tai20_15_02,1367,695,1560.0,1787.0
int__tai20_15_02,1367,696,1538.0,1748.0
int__tai20_15_02,1367,697,1490.0,1717.0
int__tai20_15_02,1367,698,1567.0,1792.0
int__tai20_15_02,1367,699,1572.0,1771.0
int__tai20_15_02,1367,700,1576.0,1771.0
int__tai20_15_02,1367,701,1547.0,1779.0
int__tai20_15_02,1367,702,1535.0,1745.0
int__tai20_15_02,1367,703,1527.0,1740.0
int__tai20_15_02,1367,704,1497.0,1726.0
int__tai20_15_02,1367,705,1542.0,1749.0
int__tai20_15_02,1367,706,1474.0,1684.0
int__tai20_15_02,1367,707,1463.0,1641.0
int__tai20_15_02,1367,708,1526.0,1752.0
int__tai20_15_02,1367,709,1477.0,1683.0
int__tai20_15_02,1367,710,1531.0,1745.0
int__tai20_15_02,1367,711,1549.0,1754.0
int__tai20_15_02,1367,712,1476.0,1685.0
int__tai20_15_02,1367,713,1495.0,1708.0
int__tai20_15_02,1367,714,1507.0,1750.0
int__tai20_15_02,1367,715,1712.0,1974.0
int__tai20_15_02,1367,716,1518.0,1704.0
int__tai20_15_02,1367,717,1553.0,1792.0
int__tai20_15_02,1367,718,1633.0,1848.0
int__tai20_15_02,1367,719,1522.0,1728.0
int__tai20_15_02,1367,720,1498.0,1710.0
int__tai20_15_02,1367,721,1515.0,1748.0
int__tai20_15_02,1367,722,1552.0,1744.0
int__tai20_15_02,1367,723,1525.0,1731.0
int__tai20_15_02,1367,724,1543.0,1774.0
int__tai20_15_02,1367,725,1553.0,1788.0
int__tai20_15_02,1367,726,1519.0,1727.0
int__tai20_15_02,1367,727,1509.0,1708.0
int__tai20_15_02,1367,728,1524.0,1728.0
int__tai20_15_02,1367,729,1509.0,1702.0
int__tai20_15_02,1367,730,1486.0,1691.0
int__tai20_15_02,1367,731,1568.0,1804.0
int__tai20_15_02,1367,732,1554.0,1766.0
int__tai20_15_02,1367,733,1461.0,1675.0
int__tai20_15_02,1367,734,1562.0,1756.0
int__tai20_15_02,1367,735,1510.0,1695.0
int__tai20_15_02,1367,736,1487.0,1688.0
int__tai20_15_02,1367,737,1580.0,1786.0
int__tai20_15_02,1367,738,1518.0,1723.0
int__tai20_15_02,1367,739,1567.0,1788.0
int__tai20_15_02,1367,740,1526.0,1754.0
int__tai20_15_02,1367,741,1606.0,1805.0
int__tai20_15_02,1367,742,1444.0,1646.0
int__tai20_15_02,1367,743,1602.0,1806.0
int__tai20_15_02,1367,744,1458.0,1692.0
int__tai20_15_02,1367,745,1503.0,1699.0
int__tai20_15_02,1367,746,1496.0,1708.0
int__tai20_15_02,1367,747,1482.0,1689.0
int__tai20_15_02,1367,748,1508.0,1726.0
int__tai20_15_02,1367,749,1544.0,1763.0
int__tai20_15_02,1367,750,1516.0,1708.0
int__tai20_15_02,1367,751,1504.0,1711.0
int__tai20_15_02,1367,752,1647.0,1841.0
int__tai20_15_02,1367,753,1553.0,1770.0
int__tai20_15_02,1367,754,1476.0,1683.0
int__tai20_15_02,1367,755,1521.0,1711.0
int__tai20_15_02,1367,756,1509.0,1725.0
int__tai20_15_02,1367,757,1476.0,1686.0
int__tai20_15_02,1367,758,1542.0,1756.0
int__tai20_15_02,1367,759,1603.0,1833.0
int__tai20_15_02,1367,760,1481.0,1681.0
int__tai20_15_02,1367,761,1469.0,1694.0
int__tai20_15_02,1367,762,1565.0,1779.0
int__tai20_15_02,1367,763,1484.0,1704.0
int__tai20_15_02,1367,764,1455.0,1663.0
int__tai20_15_02,1367,765,1540.0,1736.0
int__tai20_15_02,1367,766,1607.0,1817.0
int__tai20_15_02,1367,767,1535.0,1788.0
int__tai20_15_02,1367,768,1630.0,1875.0
int__tai20_15_02,1367,769,1509.0,1689.0
int__tai20_15_02,1367,770,1539.0,1771.0
int__tai20_15_02,1367,771,1577.0,1819.0
int__tai20_15_02,1367,772,1638.0,1827.0
int__tai20_15_02,1367,773,1508.0,1692.0
int__tai20_15_02,1367,774,1509.0,1721.0
int__tai20_15_02,1367,775,1513.0,1713.0
int__tai20_15_02,1367,776,1576.0,1834.0
int__tai20_15_02,1367,777,1513.0,1736.0
int__tai20_15_02,1367,778,1517.0,1750.0
int__tai20_15_02,1367,779,1513.0,1722.0
int__tai20_15_02,1367,780,1592.0,1795.0
int__tai20_15_02,1367,781,1535.0,1726.0
int__tai20_15_02,1367,782,1612.0,1821.0
int__tai20_15_02,1367,783,1505.0,1687.0
int__tai20_15_02,1367,784,1537.0,1773.0
int__tai20_15_02,1367,785,1543.0,1754.0
int__tai20_15_02,1367,786,1606.0,1790.0
int__tai20_15_02,1367,787,1508.0,1750.0
int__tai20_15_02,1367,788,1575.0,1809.0
int__tai20_15_02,1367,789,1538.0,1758.0
int__tai20_15_02,1367,790,1534.0,1732.0
int__tai20_15_02,1367,791,1522.0,1726.0
int__tai20_15_02,1367,792,1513.0,1735.0
int__tai20_15_02,1367,793,1556.0,1763.0
int__tai20_15_02,1367,794,1569.0,1787.0
int__tai20_15_02,1367,795,1589.0,1809.0
int__tai20_15_02,1367,796,1578.0,1798.0
int__tai20_15_02,1367,797,1554.0,1766.0
int__tai20_15_02,1367,798,1510.0,1729.0
int__tai20_15_02,1367,799,1511.0,1718.0
int__tai20_15_02,1367,800,1502.0,1729.0
int__tai20_15_02,1367,801,1545.0,1709.0
int__tai20_15_02,1367,802,1491.0,1699.0
int__tai20_15_02,1367,803,1498.0,1725.0
int__tai20_15_02,1367,804,1544.0,1755.0
int__tai20_15_02,1367,805,1606.0,1804.0
int__tai20_15_02,1367,806,1524.0,1742.0
int__tai20_15_02,1367,807,1507.0,1710.0
int__tai20_15_02,1367,808,1571.0,1752.0
int__tai20_15_02,1367,809,1531.0,1715.0
int__tai20_15_02,1367,810,1564.0,1797.0
int__tai20_15_02,1367,811,1491.0,1697.0
int__tai20_15_02,1367,812,1483.0,1684.0
int__tai20_15_02,1367,813,1569.0,1785.0
int__tai20_15_02,1367,814,1588.0,1787.0
int__tai20_15_02,1367,815,1467.0,1717.0
int__tai20_15_02,1367,816,1589.0,1807.0
int__tai20_15_02,1367,817,1626.0,1808.0
int__tai20_15_02,1367,818,1557.0,1763.0
int__tai20_15_02,1367,819,1522.0,1733.0
int__tai20_15_02,1367,820,1520.0,1739.0
int__tai20_15_02,1367,821,1601.0,1813.0
int__tai20_15_02,1367,822,1580.0,1799.0
int__tai20_15_02,1367,823,1546.0,1720.0
int__tai20_15_02,1367,824,1536.0,1758.0
int__tai20_15_02,1367,825,1575.0,1785.0
int__tai20_15_02,1367,826,1529.0,1711.0
int__tai20_15_02,1367,827,1567.0,1784.0
int__tai20_15_02,1367,828,1566.0,1797.0
int__tai20_15_02,1367,829,1593.0,1808.0
int__tai20_15_02,1367,830,1537.0,1741.0
int__tai20_15_02,1367,831,1493.0,1735.0
int__tai20_15_02,1367,832,1521.0,1705.0
int__tai20_15_02,1367,833,1477.0,1699.0
int__tai20_15_02,1367,834,1545.0,1762.0
int__tai20_15_02,1367,835,1564.0,1758.0
int__tai20_15_02,1367,836,1643.0,1850.0
int__tai20_15_02,1367,837,1532.0,1720.0
int__tai20_15_02,1367,838,1501.0,1719.0
int__tai20_15_02,1367,839,1666.0,1878.0
int__tai20_15_02,1367,840,1524.0,1723.0
int__tai20_15_02,1367,841,1569.0,1791.0
int__tai20_15_02,1367,842,1537.0,1745.0
int__tai20_15_02,1367,843,1578.0,1787.0
int__tai20_15_02,1367,844,1504.0,1731.0
int__tai20_15_02,1367,845,1514.0,1731.0
int__tai20_15_02,1367,846,1596.0,1785.0
int__tai20_15_02,1367,847,1531.0,1735.0
int__tai20_15_02,1367,848,1629.0,1845.0
int__tai20_15_02,1367,849,1534.0,1733.0
int__tai20_15_02,1367,850,1535.0,1762.0
int__tai20_15_02,1367,851,1485.0,1736.0
int__tai20_15_02,1367,852,1464.0,1655.0
int__tai20_15_02,1367,853,1534.0,1745.0
int__tai20_15_02,1367,854,1561.0,1792.0
int__tai20_15_02,1367,855,1676.0,1907.0
int__tai20_15_02,1367,856,1494.0,1701.0
int__tai20_15_02,1367,857,1501.0,1743.0
int__tai20_15_02,1367,858,1604.0,1840.0
int__tai20_15_02,1367,859,1585.0,1824.0
int__tai20_15_02,1367,860,1509.0,1728.0
int__tai20_15_02,1367,861,1497.0,1687.0
int__tai20_15_02,1367,862,1505.0,1740.0
int__tai20_15_02,1367,863,1632.0,1870.0
int__tai20_15_02,1367,864,1534.0,1751.0
int__tai20_15_02,1367,865,1474.0,1691.0
int__tai20_15_02,1367,866,1545.0,1772.0
int__tai20_15_02,1367,867,1516.0,1758.0
int__tai20_15_02,1367,868,1611.0,1830.0
int__tai20_15_02,1367,869,1494.0,1701.0
int__tai20_15_02,1367,870,1515.0,1750.0
int__tai20_15_02,1367,871,1611.0,1852.0
int__tai20_15_02,1367,872,1556.0,1774.0
int__tai20_15_02,1367,873,1491.0,1723.0
int__tai20_15_02,1367,874,1585.0,1816.0
int__tai20_15_02,1367,875,1488.0,1676.0
int__tai20_15_02,1367,876,1498.0,1720.0
int__tai20_15_02,1367,877,1538.0,1740.0
int__tai20_15_02,1367,878,1598.0,1813.0
int__tai20_15_02,1367,879,1547.0,1743.0
int__tai20_15_02,1367,880,1479.0,1703.0
int__tai20_15_02,1367,881,1545.0,1731.0
int__tai20_15_02,1367,882,1543.0,1761.0
int__tai20_15_02,1367,883,1502.0,1718.0
int__tai20_15_02,1367,884,1532.0,1750.0
int__tai20_15_02,1367,885,1554.0,1781.0
int__tai20_15_02,1367,886,1459.0,1653.0
int__tai20_15_02,1367,887,1503.0,1714.0
int__tai20_15_02,1367,888,1506.0,1760.0
int__tai20_15_02,1367,889,1513.0,1724.0
int__tai20_15_02,1367,890,1470.0,1690.0
int__tai20_15_02,1367,891,1482.0,1698.0
int__tai20_15_02,1367,892,1527.0,1717.0
int__tai20_15_02,1367,893,1476.0,1682.0
int__tai20_15_02,1367,894,1748.0,2010.0
int__tai20_15_02,1367,895,1524.0,1761.0
int__tai20_15_02,1367,896,1544.0,1770.0
int__tai20_15_02,1367,897,1546.0,1730.0
int__tai20_15_02,1367,898,1545.0,1747.0
int__tai20_15_02,1367,899,1527.0,1754.0
int__tai20_15_02,1367,900,1467.0,1667.0
int__tai20_15_02,1367,901,1602.0,1832.0
int__tai20_15_02,1367,902,1554.0,1776.0
int__tai20_15_02,1367,903,1601.0,1805.0
int__tai20_15_02,1367,904,1516.0,1733.0
int__tai20_15_02,1367,905,1506.0,1737.0
int__tai20_15_02,1367,906,1530.0,1727.0
int__tai20_15_02,1367,907,1495.0,1713.0
int__tai20_15_02,1367,908,1545.0,1770.0
int__tai20_15_02,1367,909,1533.0,1725.0
int__tai20_15_02,1367,910,1593.0,1781.0
int__tai20_15_02,1367,911,1526.0,1753.0
int__tai20_15_02,1367,912,1555.0,1770.0
int__tai20_15_02,1367,913,1496.0,1724.0
int__tai20_15_02,1367,914,1594.0,1814.0
int__tai20_15_02,1367,915,1527.0,1751.0
int__tai20_15_02,1367,916,1601.0,1767.0
int__tai20_15_02,1367,917,1566.0,1740.0
int__tai20_15_02,1367,918,1504.0,1702.0
int__tai20_15_02,1367,919,1571.0,1776.0
int__tai20_15_02,1367,920,1523.0,1748.0
int__tai20_15_02,1367,921,1620.0,1858.0
int__tai20_15_02,1367,922,1580.0,1797.0
int__tai20_15_02,1367,923,1558.0,1774.0
int__tai20_15_02,1367,924,1537.0,1757.0
int__tai20_15_02,1367,925,1545.0,1738.0
int__tai20_15_02,1367,926,1482.0,1700.0
int__tai20_15_02,1367,927,1547.0,1760.0
int__tai20_15_02,1367,928,1516.0,1723.0
int__tai20_15_02,1367,929,1532.0,1752.0
int__tai20_15_02,1367,930,1508.0,1701.0
int__tai20_15_02,1367,931,1508.0,1699.0
int__tai20_15_02,1367,932,1584.0,1783.0
int__tai20_15_02,1367,933,1586.0,1808.0
int__tai20_15_02,1367,934,1548.0,1756.0
int__tai20_15_02,1367,935,1514.0,1711.0
int__tai20_15_02,1367,936,1671.0,1895.0
int__tai20_15_02,1367,937,1519.0,1730.0
int__tai20_15_02,1367,938,1492.0,1692.0
int__tai20_15_02,1367,939,1544.0,1731.0
int__tai20_15_02,1367,940,1513.0,1712.0
int__tai20_15_02,1367,941,1494.0,1697.0
int__tai20_15_02,1367,942,1513.0,1706.0
int__tai20_15_02,1367,943,1494.0,1723.0
int__tai20_15_02,1367,944,1503.0,1701.0
int__tai20_15_02,1367,945,1621.0,1886.0
int__tai20_15_02,1367,946,1501.0,1717.0
int__tai20_15_02,1367,947,1620.0,1825.0
int__tai20_15_02,1367,948,1480.0,1682.0
int__tai20_15_02,1367,949,1488.0,1700.0
int__tai20_15_02,1367,950,1508.0,1707.0
int__tai20_15_02,1367,951,1563.0,1764.0
int__tai20_15_02,1367,952,1638.0,1838.0
int__tai20_15_02,1367,953,1599.0,1823.0
int__tai20_15_02,1367,954,1455.0,1684.0
int__tai20_15_02,1367,955,1612.0,1817.0
int__tai20_15_02,1367,956,1543.0,1776.0
int__tai20_15_02,1367,957,1570.0,1830.0
int__tai20_15_02,1367,958,1480.0,1694.0
int__tai20_15_02,1367,959,1547.0,1751.0
int__tai20_15_02,1367,960,1656.0,1867.0
int__tai20_15_02,1367,961,1622.0,1842.0
int__tai20_15_02,1367,962,1578.0,1770.0
int__tai20_15_02,1367,963,1493.0,1698.0
int__tai20_15_02,1367,964,1613.0,1807.0
int__tai20_15_02,1367,965,1479.0,1696.0
int__tai20_15_02,1367,966,1585.0,1783.0
int__tai20_15_02,1367,967,1578.0,1789.0
int__tai20_15_02,1367,968,1525.0,1723.0
int__tai20_15_02,1367,969,1560.0,1811.0
int__tai20_15_02,1367,970,1578.0,1769.0
int__tai20_15_02,1367,971,1501.0,1726.0
int__tai20_15_02,1367,972,1454.0,1677.0
int__tai20_15_02,1367,973,1515.0,1726.0
int__tai20_15_02,1367,974,1598.0,1827.0
int__tai20_15_02,1367,975,1466.0,1668.0
int__tai20_15_02,1367,976,1539.0,1764.0
int__tai20_15_02,1367,977,1618.0,1850.0
int__tai20_15_02,1367,978,1596.0,1842.0
int__tai20_15_02,1367,979,1556.0,1796.0
int__tai20_15_02,1367,980,1542.0,1765.0
int__tai20_15_02,1367,981,1648.0,1906.0
int__tai20_15_02,1367,982,1521.0,1712.0
int__tai20_15_02,1367,983,1532.0,1730.0
int__tai20_15_02,1367,984,1484.0,1699.0
int__tai20_15_02,1367,985,1538.0,1722.0
int__tai20_15_02,1367,986,1554.0,1760.0
int__tai20_15_02,1367,987,1683.0,1892.0
int__tai20_15_02,1367,988,1536.0,1754.0
int__tai20_15_02,1367,989,1596.0,1814.0
int__tai20_15_02,1367,990,1606.0,1810.0
int__tai20_15_02,1367,991,1612.0,1831.0
int__tai20_15_02,1367,992,1603.0,1822.0
int__tai20_15_02,1367,993,1515.0,1717.0
int__tai20_15_02,1367,994,1578.0,1798.0
int__tai20_15_02,1367,995,1548.0,1724.0
int__tai20_15_02,1367,996,1682.0,1860.0
int__tai20_15_02,1367,997,1510.0,1726.0
int__tai20_15_02,1367,998,1485.0,1697.0
int__tai20_15_02,1367,999,1528.0,1742.0
int__tai20_15_02,1367,1000,1582.0,1776.0
int__tai20_15_02,1367,1001,1548.0,1785.0
int__tai20_15_02,1367,1002,1611.0,1819.0
int__tai20_15_02,1367,1003,1475.0,1670.0
int__tai20_15_02,1367,1004,1582.0,1788.0
int__tai20_15_02,1367,1005,1569.0,1810.0
int__tai20_15_02,1367,1006,1589.0,1805.0
int__tai20_15_02,1367,1007,1541.0,1740.0
int__tai20_15_02,1367,1008,1512.0,1710.0
int__tai20_15_02,1367,1009,1558.0,1786.0
int__tai20_15_02,1367,1010,1600.0,1772.0
int__tai20_15_02,1367,1011,1645.0,1880.0
int__tai20_15_02,1367,1012,1529.0,1747.0
int__tai20_15_02,1367,1013,1511.0,1710.0
int__tai20_15_02,1367,1014,1499.0,1722.0
int__tai20_15_02,1367,1015,1571.0,1782.0
int__tai20_15_02,1367,1016,1496.0,1704.0
int__tai20_15_02,1367,1017,1639.0,1875.0
int__tai20_15_02,1367,1018,1554.0,1744.0
int__tai20_15_02,1367,1019,1573.0,1776.0
int__tai20_15_02,1367,1020,1531.0,1737.0
int__tai20_15_02,1367,1021,1599.0,1767.0
int__tai20_15_02,1367,1022,1556.0,1748.0
int__tai20_15_02,1367,1023,1471.0,1674.0
int__tai20_15_08,1377,0,1587.0,1816.0
int__tai20_15_08,1377,1,1645.0,1878.0
int__tai20_15_08,1377,2,1576.0,1816.0
int__tai20_15_08,1377,3,1518.0,1754.0
int__tai20_15_08,1377,4,1611.0,1819.0
int__tai20_15_08,1377,5,1591.0,1828.0
int__tai20_15_08,1377,6,1554.0,1754.0
int__tai20_15_08,1377,7,1686.0,1958.0
int__tai20_15_08,1377,8,1606.0,1853.0
int__tai20_15_08,1377,9,1626.0,1840.0
int__tai20_15_08,1377,10,1603.0,1831.0
int__tai20_15_08,1377,11,1778.0,2024.0
int__tai20_15_08,1377,12,1596.0,1825.0
int__tai20_15_08,1377,13,1688.0,1967.0
int__tai20_15_08,1377,14,1613.0,1850.0
int__tai20_15_08,1377,15,1684.0,1931.0
int__tai20_15_08,1377,16,1582.0,1798.0
int__tai20_15_08,1377,17,1549.0,1767.0
int__tai20_15_08,1377,18,1612.0,1843.0
int__tai20_15_08,1377,19,1741.0,1953.0
int__tai20_15_08,1377,20,1577.0,1796.0
int__tai20_15_08,1377,21,1718.0,1928.0
int__tai20_15_08,1377,22,1593.0,1805.0
int__tai20_15_08,1377,23,1641.0,1861.0
int__tai20_15_08,1377,24,1687.0,1914.0
int__tai20_15_08,1377,25,1556.0,1797.0
int__tai20_15_08,1377,26,1635.0,1919.0
int__tai20_15_08,1377,27,1614.0,1846.0
int__tai20_15_08,1377,28,1577.0,1812.0
int__tai20_15_08,1377,29,1582.0,1783.0
int__tai20_15_08,1377,30,1548.0,1791.0
int__tai20_15_08,1377,31,1611.0,1825.0
int__tai20_15_08,1377,32,1634.0,1852.0
int__tai20_15_08,1377,33,1599.0,1868.0
int__tai20_15_08,1377,34,1612.0,1836.0
int__tai20_15_08,1377,35,1686.0,1962.0
int__tai20_15_08,1377,36,1609.0,1863.0
int__tai20_15_08,1377,37,1627.0,1887.0
int__tai20_15_08,1377,38,1622.0,1874.0
int__tai20_15_08,1377,39,1557.0,1776.0
int__tai20_15_08,1377,40,1624.0,1868.0
int__tai20_15_08,1377,41,1587.0,1825.0
int__tai20_15_08,1377,42,1590.0,1832.0
int__tai20_15_08,1377,43,1653.0,1869.0
int__tai20_15_08,1377,44,1651.0,1891.0
int__tai20_15_08,1377,45,1571.0,1796.0
int__tai20_15_08,1377,46,1587.0,1807.0
int__tai20_15_08,1377,47,1764.0,1988.0
int__tai20_15_08,1377,48,1650.0,1914.0
int__tai20_15_08,1377,49,1585.0,1840.0
int__tai20_15_08,1377,50,1777.0,2049.0
int__tai20_15_08,1377,51,1713.0,1956.0
int__tai20_15_08,1377,52,1654.0,1918.0
int__tai20_15_08,1377,53,1562.0,1819.0
int__tai20_15_08,1377,54,1617.0,1853.0
int__tai20_15_08,1377,55,1576.0,1796.0
int__tai20_15_08,1377,56,1544.0,1785.0
int__tai20_15_08,1377,57,1718.0,1935.0
int__tai20_15_08,1377,58,1571.0,1789.0
int__tai20_15_08,1377,59,1684.0,1878.0
int__tai20_15_08,1377,60,1639.0,1888.0
int__tai20_15_08,1377,61,1627.0,1876.0
int__tai20_15_08,1377,62,1649.0,1927.0
int__tai20_15_08,1377,63,1603.0,1847.0
int__tai20_15_08,1377,64,1605.0,1846.0
int__tai20_15_08,1377,65,1642.0,1857.0
int__tai20_15_08,1377,66,1741.0,1938.0
int__tai20_15_08,1377,67,1627.0,1887.0
int__tai20_15_08,1377,68,1635.0,1889.0
int__tai20_15_08,1377,69,1597.0,1839.0
int__tai20_15_08,1377,70,1550.0,1779.0
int__tai20_15_08,1377,71,1635.0,1887.0
int__tai20_15_08,1377,72,1635.0,1863.0
int__tai20_15_08,1377,73,1615.0,1869.0
int__tai20_15_08,1377,74,1629.0,1871.0
int__tai20_15_08,1377,75,1712.0,1962.0
int__tai20_15_08,1377,76,1654.0,1914.0
int__tai20_15_08,1377,77,1648.0,1921.0
int__tai20_15_08,1377,78,1596.0,1856.0
int__tai20_15_08,1377,79,1630.0,1880.0
int__tai20_15_08,1377,80,1609.0,1838.0
int__tai20_15_08,1377,81,1612.0,1838.0
int__tai20_15_08,1377,82,1664.0,1904.0
int__tai20_15_08,1377,83,1587.0,1850.0
int__tai20_15_08,1377,84,1626.0,1816.0
int__tai20_15_08,1377,85,1593.0,1815.0
int__tai20_15_08,1377,86,1773.0,2028.0
int__tai20_15_08,1377,87,1607.0,1845.0
int__tai20_15_08,1377,88,1586.0,1817.0
int__tai20_15_08,1377,89,1600.0,1850.0
int__tai20_15_08,1377,90,1604.0,1839.0
int__tai20_15_08,1377,91,1644.0,1877.0
int__tai20_15_08,1377,92,1620.0,1865.0
int__tai20_15_08,1377,93,1677.0,1899.0
int__tai20_15_08,1377,94,1619.0,1873.0
int__tai20_15_08,1377,95,1622.0,1882.0
int__tai20_15_08,1377,96,1590.0,1814.0
int__tai20_15_08,1377,97,1690.0,1928.0
int__tai20_15_08,1377,98,1634.0,1888.0
int__tai20_15_08,1377,99,1611.0,1840.0
int__tai20_15_08,1377,100,1583.0,1827.0
int__tai20_15_08,1377,101,1595.0,1847.0
int__tai20_15_08,1377,102,1586.0,1850.0
int__tai20_15_08,1377,103,1624.0,1883.0
int__tai20_15_08,1377,104,1603.0,1867.0
int__tai20_15_08,1377,105,1597.0,1835.0
int__tai20_15_08,1377,106,1612.0,1818.0
int__tai20_15_08,1377,107,1623.0,1872.0
int__tai20_15_08,1377,108,1566.0,1812.0
int__tai20_15_08,1377,109,1603.0,1871.0
int__tai20_15_08,1377,110,1625.0,1868.0
int__tai20_15_08,1377,111,1590.0,1822.0
int__tai20_15_08,1377,112,1617.0,1854.0
int__tai20_15_08,1377,113,1644.0,1878.0
int__tai20_15_08,1377,114,1660.0,1891.0
int__tai20_15_08,1377,115,1564.0,1808.0
int__tai20_15_08,1377,116,1617.0,1850.0
int__tai20_15_08,1377,117,1597.0,1851.0
int__tai20_15_08,1377,118,1514.0,1773.0
int__tai20_15_08,1377,119,1600.0,1850.0
int__tai20_15_08,1377,120,1621.0,1878.0
int__tai20_15_08,1377,121,1623.0,1886.0
int__tai20_15_08,1377,122,1680.0,1983.0
int__tai20_15_08,1377,123,1609.0,1873.0
int__tai20_15_08,1377,124,1587.0,1844.0
int__tai20_15_08,1377,125,1631.0,1852.0
int__tai20_15_08,1377,126,1564.0,1796.0
int__tai20_15_08,1377,127,1608.0,1867.0
int__tai20_15_08,1377,128,1715.0,1985.0
int__tai20_15_08,1377,129,1626.0,1874.0
int__tai20_15_08,1377,130,1607.0,1837.0
int__tai20_15_08,1377,131,1607.0,1832.0
int__tai20_15_08,1377,132,1663.0,1899.0
int__tai20_15_08,1377,133,1607.0,1841.0
int__tai20_15_08,1377,134,1692.0,1964.0
int__tai20_15_08,1377,135,1602.0,1850.0
int__tai20_15_08,1377,136,1682.0,1908.0
int__tai20_15_08,1377,137,1779.0,2027.0
int__tai20_15_08,1377,138,1657.0,1901.0
int__tai20_15_08,1377,139,1577.0,1769.0
int__tai20_15_08,1377,140,1687.0,1920.0
int__tai20_15_08,1377,141,1678.0,1914.0
int__tai20_15_08,1377,142,1586.0,1846.0
int__tai20_15_08,1377,143,1603.0,1821.0
int__tai20_15_08,1377,144,1642.0,1842.0
int__tai20_15_08,1377,145,1690.0,1944.0
int__tai20_15_08,1377,146,1640.0,1823.0
int__tai20_15_08,1377,147,1635.0,1841.0
int__tai20_15_08,1377,148,1548.0,1768.0
int__tai20_15_08,1377,149,1653.0,1883.0
int__tai20_15_08,1377,150,1653.0,1903.0
int__tai20_15_08,1377,151,1746.0,2040.0
int__tai20_15_08,1377,152,1720.0,1951.0
int__tai20_15_08,1377,153,1634.0,1888.0
int__tai20_15_08,1377,154,1610.0,1827.0
int__tai20_15_08,1377,155,1596.0,1810.0
int__tai20_15_08,1377,156,1613.0,1830.0
int__tai20_15_08,1377,157,1656.0,1915.0
int__tai20_15_08,1377,158,1600.0,1847.0
int__tai20_15_08,1377,159,1566.0,1792.0
int__tai20_15_08,1377,160,1629.0,1871.0
int__tai20_15_08,1377,161,1631.0,1884.0
int__tai20_15_08,1377,162,1576.0,1825.0
int__tai20_15_08,1377,163,1624.0,1861.0
int__tai20_15_08,1377,164,1594.0,1799.0
int__tai20_15_08,1377,165,1584.0,1823.0
int__tai20_15_08,1377,166,1642.0,1881.0
int__tai20_15_08,1377,167,1590.0,1838.0
int__tai20_15_08,1377,168,1558.0,1803.0
int__tai20_15_08,1377,169,1649.0,1875.0
int__tai20_15_08,1377,170,1719.0,1936.0
int__tai20_15_08,1377,171,1654.0,1886.0
int__tai20_15_08,1377,172,1653.0,1897.0
int__tai20_15_08,1377,173,1711.0,1940.0
int__tai20_15_08,1377,174,1623.0,1832.0
int__tai20_15_08,1377,175,1637.0,1871.0
int__tai20_15_08,1377,176,1676.0,1899.0
int__tai20_15_08,1377,177,1749.0,2010.0
int__tai20_15_08,1377,178,1545.0,1778.0
int__tai20_15_08,1377,179,1633.0,1866.0
int__tai20_15_08,1377,180,1660.0,1899.0
int__tai20_15_08,1377,181,1629.0,1863.0
int__tai20_15_08,1377,182,1597.0,1868.0
int__tai20_15_08,1377,183,1613.0,1865.0
int__tai20_15_08,1377,184,1697.0,1922.0
int__tai20_15_08,1377,185,1675.0,1916.0
int__tai20_15_08,1377,186,1562.0,1791.0
int__tai20_15_08,1377,187,1656.0,1868.0
int__tai20_15_08,1377,188,1605.0,1839.0
int__tai20_15_08,1377,189,1590.0,1822.0
int__tai20_15_08,1377,190,1631.0,1865.0
int__tai20_15_08,1377,191,1670.0,1924.0
int__tai20_15_08,1377,192,1629.0,1804.0
int__tai20_15_08,1377,193,1643.0,1888.0
int__tai20_15_08,1377,194,1582.0,1790.0
int__tai20_15_08,1377,195,1651.0,1868.0
int__tai20_15_08,1377,196,1660.0,1903.0
int__tai20_15_08,1377,197,1582.0,1820.0
int__tai20_15_08,1377,198,1531.0,1754.0
int__tai20_15_08,1377,199,1610.0,1812.0
int__tai20_15_08,1377,200,1629.0,1875.0
int__tai20_15_08,1377,201,1656.0,1880.0
int__tai20_15_08,1377,202,1661.0,1928.0
int__tai20_15_08,1377,203,1566.0,1814.0
int__tai20_15_08,1377,204,1585.0,1846.0
int__tai20_15_08,1377,205,1624.0,1845.0
int__tai20_15_08,1377,206,1644.0,1904.0
int__tai20_15_08,1377,207,1637.0,1887.0
int__tai20_15_08,1377,208,1635.0,1905.0
int__tai20_15_08,1377,209,1587.0,1833.0
int__tai20_15_08,1377,210,1688.0,1906.0
int__tai20_15_08,1377,211,1640.0,1888.0
int__tai20_15_08,1377,212,1815.0,2014.0
int__tai20_15_08,1377,213,1651.0,1875.0
int__tai20_15_08,1377,214,1579.0,1851.0
int__tai20_15_08,1377,215,1620.0,1870.0
int__tai20_15_08,1377,216,1587.0,1833.0
int__tai20_15_08,1377,217,1586.0,1846.0
int__tai20_15_08,1377,218,1626.0,1883.0
int__tai20_15_08,1377,219,1631.0,1874.0
int__tai20_15_08,1377,220,1647.0,1877.0
int__tai20_15_08,1377,221,1715.0,1973.0
int__tai20_15_08,1377,222,1614.0,1879.0
int__tai20_15_08,1377,223,1623.0,1863.0
int__tai20_15_08,1377,224,1621.0,1840.0
int__tai20_15_08,1377,225,1786.0,1997.0
int__tai20_15_08,1377,226,1519.0,1747.0
int__tai20_15_08,1377,227,1662.0,1899.0
int__tai20_15_08,1377,228,1579.0,1817.0
int__tai20_15_08,1377,229,1685.0,1952.0
int__tai20_15_08,1377,230,1685.0,1909.0
int__tai20_15_08,1377,231,1644.0,1857.0
int__tai20_15_08,1377,232,1592.0,1850.0
int__tai20_15_08,1377,233,1578.0,1837.0
int__tai20_15_08,1377,234,1680.0,1882.0
int__tai20_15_08,1377,235,1605.0,1815.0
int__tai20_15_08,1377,236,1619.0,1869.0
int__tai20_15_08,1377,237,1775.0,2009.0
int__tai20_15_08,1377,238,1614.0,1843.0
int__tai20_15_08,1377,239,1624.0,1868.0
int__tai20_15_08,1377,240,1600.0,1858.0
int__tai20_15_08,1377,241,1606.0,1844.0
int__tai20_15_08,1377,242,1659.0,1910.0
int__tai20_15_08,1377,243,1593.0,1856.0
int__tai20_15_08,1377,244,1666.0,1951.0
int__tai20_15_08,1377,245,1678.0,1908.0
int__tai20_15_08,1377,246,1564.0,1818.0
int__tai20_15_08,1377,247,1530.0,1788.0
int__tai20_15_08,1377,248,1575.0,1815.0
int__tai20_15_08,1377,249,1615.0,1854.0
int__tai20_15_08,1377,250,1622.0,1840.0
int__tai20_15_08,1377,251,1612.0,1842.0
int__tai20_15_08,1377,252,1583.0,1818.0
int__tai20_15_08,1377,253,1615.0,1873.0
int__tai20_15_08,1377,254,1604.0,1850.0
int__tai20_15_08,1377,255,1631.0,1875.0
int__tai20_15_08,1377,256,1691.0,1961.0
int__tai20_15_08,1377,257,1637.0,1847.0
int__tai20_15_08,1377,258,1621.0,1855.0
int__tai20_15_08,1377,259,1618.0,1858.0
int__tai20_15_08,1377,260,1593.0,1824.0
int__tai20_15_08,1377,261,1667.0,1911.0
int__tai20_15_08,1377,262,1629.0,1870.0
int__tai20_15_08,1377,263,1594.0,1820.0
int__tai20_15_08,1377,264,1641.0,1892.0
int__tai20_15_08,1377,265,1599.0,1857.0
int__tai20_15_08,1377,266,1610.0,1851.0
int__tai20_15_08,1377,267,1692.0,1928.0
int__tai20_15_08,1377,268,1597.0,1816.0
int__tai20_15_08,1377,269,1576.0,1852.0
int__tai20_15_08,1377,270,1612.0,1821.0
int__tai20_15_08,1377,271,1530.0,1768.0
int__tai20_15_08,1377,272,1644.0,1873.0
int__tai20_15_08,1377,273,1660.0,1880.0
int__tai20_15_08,1377,274,1572.0,1814.0
int__tai20_15_08,1377,275,1612.0,1833.0
int__tai20_15_08,1377,276,1600.0,1852.0
int__tai20_15_08,1377,277,1612.0,1864.0
int__tai20_15_08,1377,278,1612.0,1840.0
int__tai20_15_08,1377,279,1593.0,1816.0
int__tai20_15_08,1377,280,1635.0,1887.0
int__tai20_15_08,1377,281,1606.0,1846.0
int__tai20_15_08,1377,282,1589.0,1836.0
int__tai20_15_08,1377,283,1648.0,1913.0
int__tai20_15_08,1377,284,1555.0,1776.0
int__tai20_15_08,1377,285,1606.0,1858.0
int__tai20_15_08,1377,286,1702.0,1974.0
int__tai20_15_08,1377,287,1634.0,1918.0
int__tai20_15_08,1377,288,1584.0,1850.0
int__tai20_15_08,1377,289,1597.0,1828.0
int__tai20_15_08,1377,290,1648.0,1907.0
int__tai20_15_08,1377,291,1571.0,1787.0
int__tai20_15_08,1377,292,1609.0,1858.0
int__tai20_15_08,1377,293,1663.0,1893.0
int__tai20_15_08,1377,294,1600.0,1850.0
int__tai20_15_08,1377,295,1720.0,1966.0
int__tai20_15_08,1377,296,1553.0,1769.0
int__tai20_15_08,1377,297,1641.0,1897.0
int__tai20_15_08,1377,298,1613.0,1815.0
int__tai20_15_08,1377,299,1661.0,1897.0
int__tai20_15_08,1377,300,1599.0,1837.0
int__tai20_15_08,1377,301,1647.0,1912.0
int__tai20_15_08,1377,302,1627.0,1886.0
int__tai20_15_08,1377,303,1626.0,1862.0
int__tai20_15_08,1377,304,1564.0,1807.0
int__tai20_15_08,1377,305,1588.0,1825.0
int__tai20_15_08,1377,306,1622.0,1871.0
int__tai20_15_08,1377,307,1647.0,1878.0
int__tai20_15_08,1377,308,1630.0,1875.0
int__tai20_15_08,1377,309,1562.0,1814.0
int__tai20_15_08,1377,310,1536.0,1776.0
int__tai20_15_08,1377,311,1643.0,1889.0
int__tai20_15_08,1377,312,1698.0,1946.0
int__tai20_15_08,1377,313,1624.0,1866.0
int__tai20_15_08,1377,314,1712.0,1952.0
int__tai20_15_08,1377,315,1526.0,1782.0
int__tai20_15_08,1377,316,1607.0,1850.0
int__tai20_15_08,1377,317,1592.0,1836.0
int__tai20_15_08,1377,318,1548.0,1811.0
int__tai20_15_08,1377,319,1601.0,1851.0
int__tai20_15_08,1377,320,1613.0,1835.0
int__tai20_15_08,1377,321,1705.0,1961.0
int__tai20_15_08,1377,322,1679.0,1895.0
int__tai20_15_08,1377,323,1742.0,1988.0
int__tai20_15_08,1377,324,1586.0,1846.0
int__tai20_15_08,1377,325,1601.0,1807.0
int__tai20_15_08,1377,326,1542.0,1772.0
int__tai20_15_08,1377,327,1604.0,1843.0
int__tai20_15_08,1377,328,1651.0,1896.0
int__tai20_15_08,1377,329,1684.0,1952.0
int__tai20_15_08,1377,330,1641.0,1883.0
int__tai20_15_08,1377,331,1577.0,1836.0
int__tai20_15_08,1377,332,1643.0,1864.0
int__tai20_15_08,1377,333,1657.0,1899.0
int__tai20_15_08,1377,334,1652.0,1880.0
int__tai20_15_08,1377,335,1573.0,1824.0
int__tai20_15_08,1377,336,1654.0,1900.0
int__tai20_15_08,1377,337,1555.0,1817.0
int__tai20_15_08,1377,338,1634.0,1864.0
int__tai20_15_08,1377,339,1689.0,1931.0
int__tai20_15_08,1377,340,1614.0,1866.0
int__tai20_15_08,1377,341,1653.0,1875.0
int__tai20_15_08,1377,342,1620.0,1840.0
int__tai20_15_08,1377,343,1618.0,1875.0
int__tai20_15_08,1377,344,1722.0,1933.0
int__tai20_15_08,1377,345,1622.0,1867.0
int__tai20_15_08,1377,346,1597.0,1806.0
int__tai20_15_08,1377,347,1659.0,1909.0
int__tai20_15_08,1377,348,1609.0,1861.0
int__tai20_15_08,1377,349,1681.0,1949.0
int__tai20_15_08,1377,350,1698.0,1913.0
int__tai20_15_08,1377,351,1626.0,1874.0
int__tai20_15_08,1377,352,1603.0,1851.0
int__tai20_15_08,1377,353,1628.0,1872.0
int__tai20_15_08,1377,354,1654.0,1896.0
int__tai20_15_08,1377,355,1660.0,1916.0
int__tai20_15_08,1377,356,1598.0,1808.0
int__tai20_15_08,1377,357,1626.0,1837.0
int__tai20_15_08,1377,358,1641.0,1909.0
int__tai20_15_08,1377,359,1640.0,1835.0
int__tai20_15_08,1377,360,1628.0,1826.0
int__tai20_15_08,1377,361,1658.0,1925.0
int__tai20_15_08,1377,362,1606.0,1871.0
int__tai20_15_08,1377,363,1564.0,1805.0
int__tai20_15_08,1377,364,1608.0,1877.0
int__tai20_15_08,1377,365,1653.0,1897.0
int__tai20_15_08,1377,366,1582.0,1825.0
int__tai20_15_08,1377,367,1645.0,1865.0
int__tai20_15_08,1377,368,1631.0,1879.0
int__tai20_15_08,1377,369,1615.0,1836.0
int__tai20_15_08,1377,370,1657.0,1884.0
int__tai20_15_08,1377,371,1610.0,1827.0
int__tai20_15_08,1377,372,1614.0,1867.0
int__tai20_15_08,1377,373,1645.0,1874.0
int__tai20_15_08,1377,374,1643.0,1903.0
int__tai20_15_08,1377,375,1587.0,1807.0
int__tai20_15_08,1377,376,1599.0,1847.0
int__tai20_15_08,1377,377,1580.0,1832.0
int__tai20_15_08,1377,378,1613.0,1841.0
int__tai20_15_08,1377,379,1619.0,1894.0
int__tai20_15_08,1377,380,1710.0,1986.0
int__tai20_15_08,1377,381,1586.0,1850.0
int__tai20_15_08,1377,382,1647.0,1850.0
int__tai20_15_08,1377,383,1628.0,1855.0
int__tai20_15_08,1377,384,1612.0,1862.0
int__tai20_15_08,1377,385,1633.0,1860.0
int__tai20_15_08,1377,386,1637.0,1882.0
int__tai20_15_08,1377,387,1675.0,1931.0
int__tai20_15_08,1377,388,1653.0,1899.0
int__tai20_15_08,1377,389,1517.0,1768.0
int__tai20_15_08,1377,390,1650.0,1908.0
int__tai20_15_08,1377,391,1633.0,1870.0
int__tai20_15_08,1377,392,1622.0,1882.0
int__tai20_15_08,1377,393,1597.0,1849.0
int__tai20_15_08,1377,394,1689.0,1945.0
int__tai20_15_08,1377,395,1597.0,1841.0
int__tai20_15_08,1377,396,1553.0,1785.0
int__tai20_15_08,1377,397,1665.0,1906.0
int__tai20_15_08,1377,398,1679.0,1935.0
int__tai20_15_08,1377,399,1623.0,1875.0
int__tai20_15_08,1377,400,1565.0,1802.0
int__tai20_15_08,1377,401,1645.0,1883.0
int__tai20_15_08,1377,402,1611.0,1839.0
int__tai20_15_08,1377,403,1697.0,1923.0
int__tai20_15_08,1377,404,1576.0,1791.0
int__tai20_15_08,1377,405,1715.0,1978.0
int__tai20_15_08,1377,406,1671.0,1893.0
int__tai20_15_08,1377,407,1631.0,1865.0
int__tai20_15_08,1377,408,1661.0,1933.0
int__tai20_15_08,1377,409,1572.0,1813.0
int__tai20_15_08,1377,410,1600.0,1853.0
int__tai20_15_08,1377,411,1644.0,1867.0
int__tai20_15_08,1377,412,1594.0,1850.0
int__tai20_15_08,1377,413,1639.0,1875.0
int__tai20_15_08,1377,414,1602.0,1880.0
int__tai20_15_08,1377,415,1627.0,1872.0
int__tai20_15_08,1377,416,1663.0,1915.0
int__tai20_15_08,1377,417,1660.0,1898.0
int__tai20_15_08,1377,418,1637.0,1849.0
int__tai20_15_08,1377,419,1563.0,1811.0
int__tai20_15_08,1377,420,1612.0,1858.0
int__tai20_15_08,1377,421,1603.0,1840.0
int__tai20_15_08,1377,422,1640.0,1914.0
int__tai20_15_08,1377,423,1606.0,1853.0
int__tai20_15_08,1377,424,1701.0,1955.0
int__tai20_15_08,1377,425,1639.0,1852.0
int__tai20_15_08,1377,426,1618.0,1892.0
int__tai20_15_08,1377,427,1636.0,1868.0
int__tai20_15_08,1377,428,1783.0,2005.0
int__tai20_15_08,1377,429,1613.0,1865.0
int__tai20_15_08,1377,430,1753.0,2012.0
int__tai20_15_08,1377,431,1553.0,1777.0
int__tai20_15_08,1377,432,1594.0,1837.0
int__tai20_15_08,1377,433,1542.0,1769.0
int__tai20_15_08,1377,434,1500.0,1743.0
int__tai20_15_08,1377,435,1589.0,1831.0
int__tai20_15_08,1377,436,1595.0,1814.0
int__tai20_15_08,1377,437,1669.0,1927.0
int__tai20_15_08,1377,438,1816.0,2051.0
int__tai20_15_08,1377,439,1607.0,1828.0
int__tai20_15_08,1377,440,1606.0,1855.0
int__tai20_15_08,1377,441,1657.0,1901.0
int__tai20_15_08,1377,442,1630.0,1864.0
int__tai20_15_08,1377,443,1641.0,1885.0
int__tai20_15_08,1377,444,1543.0,1755.0
int__tai20_15_08,1377,445,1640.0,1904.0
int__tai20_15_08,1377,446,1576.0,1817.0
int__tai20_15_08,1377,447,1615.0,1886.0
int__tai20_15_08,1377,448,1616.0,1850.0
int__tai20_15_08,1377,449,1561.0,1791.0
int__tai20_15_08,1377,450,1600.0,1851.0
int__tai20_15_08,1377,451,1573.0,1801.0
int__tai20_15_08,1377,452,1635.0,1870.0
int__tai20_15_08,1377,453,1592.0,1814.0
int__tai20_15_08,1377,454,1575.0,1790.0
int__tai20_15_08,1377,455,1590.0,1826.0
int__tai20_15_08,1377,456,1595.0,1840.0
int__tai20_15_08,1377,457,1676.0,1899.0
int__tai20_15_08,1377,458,1723.0,1934.0
int__tai20_15_08,1377,459,1580.0,1832.0
int__tai20_15_08,1377,460,1555.0,1814.0
int__tai20_15_08,1377,461,1587.0,1828.0
int__tai20_15_08,1377,462,1646.0,1870.0
int__tai20_15_08,1377,463,1640.0,1915.0
int__tai20_15_08,1377,464,1587.0,1826.0
int__tai20_15_08,1377,465,1580.0,1832.0
int__tai20_15_08,1377,466,1725.0,1940.0
int__tai20_15_08,1377,467,1639.0,1820.0
int__tai20_15_08,1377,468,1601.0,1843.0
int__tai20_15_08,1377,469,1647.0,1871.0
int__tai20_15_08,1377,470,1732.0,1984.0
int__tai20_15_08,1377,471,1659.0,1917.0
int__tai20_15_08,1377,472,1611.0,1862.0
int__tai20_15_08,1377,473,1620.0,1892.0
int__tai20_15_08,1377,474,1606.0,1855.0
int__tai20_15_08,1377,475,1674.0,1927.0
int__tai20_15_08,1377,476,1653.0,1897.0
int__tai20_15_08,1377,477,1581.0,1816.0
int__tai20_15_08,1377,478,1603.0,1848.0
int__tai20_15_08,1377,479,1629.0,1886.0
int__tai20_15_08,1377,480,1621.0,1811.0
int__tai20_15_08,1377,481,1643.0,1916.0
int__tai20_15_08,1377,482,1613.0,1884.0
int__tai20_15_08,1377,483,1551.0,1779.0
int__tai20_15_08,1377,484,1715.0,1985.0
int__tai20_15_08,1377,485,1603.0,1849.0
int__tai20_15_08,1377,486,1572.0,1822.0
int__tai20_15_08,1377,487,1608.0,1887.0
int__tai20_15_08,1377,488,1624.0,1875.0
int__tai20_15_08,1377,489,1639.0,1876.0
int__tai20_15_08,1377,490,1611.0,1855.0
int__tai20_15_08,1377,491,1583.0,1831.0
int__tai20_15_08,1377,492,1619.0,1826.0
int__tai20_15_08,1377,493,1623.0,1876.0
int__tai20_15_08,1377,494,1683.0,1922.0
int__tai20_15_08,1377,495,1613.0,1847.0
int__tai20_15_08,1377,496,1624.0,1863.0
int__tai20_15_08,1377,497,1630.0,1881.0
int__tai20_15_08,1377,498,1672.0,1908.0
int__tai20_15_08,1377,499,1586.0,1846.0
int__tai20_15_08,1377,500,1576.0,1837.0
int__tai20_15_08,1377,501,1613.0,1847.0
int__tai20_15_08,1377,502,1649.0,1896.0
int__tai20_15_08,1377,503,1678.0,1917.0
int__tai20_15_08,1377,504,1627.0,1826.0
int__tai20_15_08,1377,505,1678.0,1915.0
int__tai20_15_08,1377,506,1588.0,1840.0
int__tai20_15_08,1377,507,1613.0,1845.0
int__tai20_15_08,1377,508,1643.0,1879.0
int__tai20_15_08,1377,509,1638.0,1894.0
int__tai20_15_08,1377,510,1689.0,1915.0
int__tai20_15_08,1377,511,1664.0,1902.0
int__tai20_15_08,1377,512,1688.0,1902.0
int__tai20_15_08,1377,513,1641.0,1865.0
int__tai20_15_08,1377,514,1626.0,1880.0
int__tai20_15_08,1377,515,1602.0,1838.0
int__tai20_15_08,1377,516,1608.0,1838.0
int__tai20_15_08,1377,517,1717.0,1950.0
int__tai20_15_08,1377,518,1581.0,1823.0
int__tai20_15_08,1377,519,1711.0,1987.0
int__tai20_15_08,1377,520,1564.0,1783.0
int__tai20_15_08,1377,521,1666.0,1898.0
int__tai20_15_08,1377,522,1600.0,1850.0
int__tai20_15_08,1377,523,1625.0,1861.0
int__tai20_15_08,1377,524,1565.0,1792.0
int__tai20_15_08,1377,525,1666.0,1912.0
int__tai20_15_08,1377,526,1569.0,1803.0
int__tai20_15_08,1377,527,1633.0,1846.0
int__tai20_15_08,1377,528,1588.0,1828.0
int__tai20_15_08,1377,529,1590.0,1828.0
int__tai20_15_08,1377,530,1650.0,1862.0
int__tai20_15_08,1377,531,1663.0,1935.0
int__tai20_15_08,1377,532,1666.0,1927.0
int__tai20_15_08,1377,533,1581.0,1809.0
int__tai20_15_08,1377,534,1671.0,1904.0
int__tai20_15_08,1377,535,1605.0,1775.0
int__tai20_15_08,1377,536,1644.0,1869.0
int__tai20_15_08,1377,537,1574.0,1811.0
int__tai20_15_08,1377,538,1599.0,1833.0
int__tai20_15_08,1377,539,1578.0,1816.0
int__tai20_15_08,1377,540,1649.0,1911.0
int__tai20_15_08,1377,541,1552.0,1786.0
int__tai20_15_08,1377,542,1663.0,1904.0
int__tai20_15_08,1377,543,1564.0,1820.0
int__tai20_15_08,1377,544,1579.0,1797.0
int__tai20_15_08,1377,545,1631.0,1908.0
int__tai20_15_08,1377,546,1549.0,1792.0
int__tai20_15_08,1377,547,1662.0,1892.0
int__tai20_15_08,1377,548,1600.0,1838.0
int__tai20_15_08,1377,549,1600.0,1836.0
int__tai20_15_08,1377,550,1646.0,1887.0
int__tai20_15_08,1377,551,1598.0,1801.0
int__tai20_15_08,1377,552,1683.0,1939.0
int__tai20_15_08,1377,553,1702.0,1947.0
int__tai20_15_08,1377,554,1574.0,1801.0
int__tai20_15_08,1377,555,1612.0,1868.0
int__tai20_15_08,1377,556,1627.0,1865.0
int__tai20_15_08,1377,557,1588.0,1846.0
int__tai20_15_08,1377,558,1568.0,1828.0
int__tai20_15_08,1377,559,1562.0,1804.0
int__tai20_15_08,1377,560,1528.0,1754.0
int__tai20_15_08,1377,561,1629.0,1875.0
int__tai20_15_08,1377,562,1736.0,1954.0
int__tai20_15_08,1377,563,1653.0,1889.0
int__tai20_15_08,1377,564,1631.0,1875.0
int__tai20_15_08,1377,565,1641.0,1869.0
int__tai20_15_08,1377,566,1612.0,1846.0
int__tai20_15_08,1377,567,1651.0,1869.0
int__tai20_15_08,1377,568,1669.0,1931.0
int__tai20_15_08,1377,569,1632.0,1848.0
int__tai20_15_08,1377,570,1572.0,1827.0
int__tai20_15_08,1377,571,1621.0,1865.0
int__tai20_15_08,1377,572,1594.0,1855.0
int__tai20_15_08,1377,573,1610.0,1865.0
int__tai20_15_08,1377,574,1764.0,1997.0
int__tai20_15_08,1377,575,1604.0,1838.0
int__tai20_15_08,1377,576,1628.0,1878.0
int__tai20_15_08,1377,577,1645.0,1888.0
int__tai20_15_08,1377,578,1626.0,1851.0
int__tai20_15_08,1377,579,1671.0,1926.0
int__tai20_15_08,1377,580,1622.0,1888.0
int__tai20_15_08,1377,581,1695.0,1949.0
int__tai20_15_08,1377,582,1663.0,1979.0
int__tai20_15_08,1377,583,1558.0,1816.0
int__tai20_15_08,1377,584,1594.0,1834.0
int__tai20_15_08,1377,585,1623.0,1873.0
int__tai20_15_08,1377,586,1564.0,1769.0
int__tai20_15_08,1377,587,1728.0,1968.0
int__tai20_15_08,1377,588,1569.0,1801.0
int__tai20_15_08,1377,589,1627.0,1858.0
int__tai20_15_08,1377,590,1636.0,1862.0
int__tai20_15_08,1377,591,1647.0,1856.0
int__tai20_15_08,1377,592,1696.0,1919.0
int__tai20_15_08,1377,593,1586.0,1840.0
int__tai20_15_08,1377,594,1576.0,1805.0
int__tai20_15_08,1377,595,1565.0,1796.0
int__tai20_15_08,1377,596,1593.0,1829.0
int__tai20_15_08,1377,597,1609.0,1845.0
int__tai20_15_08,1377,598,1666.0,1926.0
int__tai20_15_08,1377,599,1678.0,1913.0
int__tai20_15_08,1377,600,1637.0,1866.0
int__tai20_15_08,1377,601,1566.0,1810.0
int__tai20_15_08,1377,602,1688.0,1904.0
int__tai20_15_08,1377,603,1590.0,1851.0
int__tai20_15_08,1377,604,1788.0,2072.0
int__tai20_15_08,1377,605,1597.0,1837.0
int__tai20_15_08,1377,606,1685.0,1938.0
int__tai20_15_08,1377,607,1705.0,1943.0
int__tai20_15_08,1377,608,1695.0,1934.0
int__tai20_15_08,1377,609,1623.0,1876.0
int__tai20_15_08,1377,610,1602.0,1837.0
int__tai20_15_08,1377,611,1587.0,1824.0
int__tai20_15_08,1377,612,1594.0,1842.0
int__tai20_15_08,1377,613,1669.0,1888.0
int__tai20_15_08,1377,614,1617.0,1856.0
int__tai20_15_08,1377,615,1573.0,1793.0
int__tai20_15_08,1377,616,1574.0,1788.0
int__tai20_15_08,1377,617,1738.0,1959.0
int__tai20_15_08,1377,618,1677.0,1890.0
int__tai20_15_08,1377,619,1642.0,1886.0
int__tai20_15_08,1377,620,1682.0,1940.0
int__tai20_15_08,1377,621,1589.0,1841.0
int__tai20_15_08,1377,622,1622.0,1877.0
int__tai20_15_08,1377,623,1626.0,1853.0
int__tai20_15_08,1377,624,1621.0,1813.0
int__tai20_15_08,1377,625,1648.0,1914.0
int__tai20_15_08,1377,626,1683.0,1920.0
int__tai20_15_08,1377,627,1562.0,1817.0
int__tai20_15_08,1377,628,1643.0,1883.0
int__tai20_15_08,1377,629,1572.0,1815.0
int__tai20_15_08,1377,630,1592.0,1804.0
int__tai20_15_08,1377,631,1659.0,1925.0
int__tai20_15_08,1377,632,1597.0,1812.0
int__tai20_15_08,1377,633,1672.0,1912.0
int__tai20_15_08,1377,634,1623.0,1876.0
int__tai20_15_08,1377,635,1579.0,1797.0
int__tai20_15_08,1377,636,1622.0,1851.0
int__tai20_15_08,1377,637,1515.0,1781.0
int__tai20_15_08,1377,638,1590.0,1834.0
int__tai20_15_08,1377,639,1682.0,1925.0
int__tai20_15_08,1377,640,1590.0,1822.0
int__tai20_15_08,1377,641,1622.0,1862.0
int__tai20_15_08,1377,642,1595.0,1855.0
int__tai20_15_08,1377,643,1618.0,1859.0
int__tai20_15_08,1377,644,1584.0,1807.0
int__tai20_15_08,1377,645,1603.0,1865.0
int__tai20_15_08,1377,646,1634.0,1855.0
int__tai20_15_08,1377,647,1690.0,1874.0
int__tai20_15_08,1377,648,1595.0,1849.0
int__tai20_15_08,1377,649,1580.0,1821.0
int__tai20_15_08,1377,650,1566.0,1821.0
int__tai20_15_08,1377,651,1615.0,1858.0
int__tai20_15_08,1377,652,1506.0,1768.0
int__tai20_15_08,1377,653,1571.0,1805.0
int__tai20_15_08,1377,654,1605.0,1850.0
int__tai20_15_08,1377,655,1729.0,1981.0
int__tai20_15_08,1377,656,1586.0,1852.0
int__tai20_15_08,1377,657,1648.0,1918.0
int__tai20_15_08,1377,658,1632.0,1855.0
int__tai20_15_08,1377,659,1651.0,1892.0
int__tai20_15_08,1377,660,1657.0,1900.0
int__tai20_15_08,1377,661,1580.0,1810.0
int__tai20_15_08,1377,662,1670.0,1909.0
int__tai20_15_08,1377,663,1592.0,1850.0
int__tai20_15_08,1377,664,1621.0,1865.0
int__tai20_15_08,1377,665,1638.0,1887.0
int__tai20_15_08,1377,666,1682.0,1941.0
int__tai20_15_08,1377,667,1560.0,1815.0
int__tai20_15_08,1377,668,1667.0,1929.0
int__tai20_15_08,1377,669,1655.0,1891.0
int__tai20_15_08,1377,670,1621.0,1875.0
int__tai20_15_08,1377,671,1619.0,1853.0
int__tai20_15_08,1377,672,1632.0,1858.0
int__tai20_15_08,1377,673,1577.0,1822.0
int__tai20_15_08,1377,674,1633.0,1865.0
int__tai20_15_08,1377,675,1648.0,1846.0
int__tai20_15_08,1377,676,1590.0,1837.0
int__tai20_15_08,1377,677,1594.0,1820.0
int__tai20_15_08,1377,678,1664.0,1891.0
int__tai20_15_08,1377,679,1693.0,1921.0
int__tai20_15_08,1377,680,1719.0,1941.0
int__tai20_15_08,1377,681,1601.0,1846.0
int__tai20_15_08,1377,682,1572.0,1806.0
int__tai20_15_08,1377,683,1657.0,1913.0
int__tai20_15_08,1377,684,1657.0,1880.0
int__tai20_15_08,1377,685,1615.0,1855.0
int__tai20_15_08,1377,686,1608.0,1843.0
int__tai20_15_08,1377,687,1627.0,1894.0
int__tai20_15_08,1377,688,1674.0,1936.0
int__tai20_15_08,1377,689,1774.0,2044.0
int__tai20_15_08,1377,690,1563.0,1768.0
int__tai20_15_08,1377,691,1687.0,1962.0
int__tai20_15_08,1377,692,1629.0,1851.0
int__tai20_15_08,1377,693,1628.0,1867.0
int__tai20_15_08,1377,694,1543.0,1776.0
int__tai20_15_08,1377,695,1588.0,1837.0
int__tai20_15_08,1377,696,1643.0,1878.0
int__tai20_15_08,1377,697,1670.0,1915.0
int__tai20_15_08,1377,698,1591.0,1843.0
int__tai20_15_08,1377,699,1723.0,1953.0
int__tai20_15_08,1377,700,1643.0,1887.0
int__tai20_15_08,1377,701,1551.0,1801.0
int__tai20_15_08,1377,702,1638.0,1866.0
int__tai20_15_08,1377,703,1655.0,1901.0
int__tai20_15_08,1377,704,1629.0,1836.0
int__tai20_15_08,1377,705,1607.0,1855.0
int__tai20_15_08,1377,706,1645.0,1893.0
int__tai20_15_08,1377,707,1681.0,1880.0
int__tai20_15_08,1377,708,1656.0,1881.0
int__tai20_15_08,1377,709,1610.0,1855.0
int__tai20_15_08,1377,710,1691.0,1905.0
int__tai20_15_08,1377,711,1592.0,1840.0
int__tai20_15_08,1377,712,1632.0,1899.0
int__tai20_15_08,1377,713,1658.0,1894.0
int__tai20_15_08,1377,714,1587.0,1798.0
int__tai20_15_08,1377,715,1613.0,1855.0
int__tai20_15_08,1377,716,1614.0,1862.0
int__tai20_15_08,1377,717,1692.0,1928.0
int__tai20_15_08,1377,718,1684.0,1913.0
int__tai20_15_08,1377,719,1582.0,1848.0
int__tai20_15_08,1377,720,1624.0,1876.0
int__tai20_15_08,1377,721,1619.0,1862.0
int__tai20_15_08,1377,722,1683.0,1939.0
int__tai20_15_08,1377,723,1671.0,1897.0
int__tai20_15_08,1377,724,1683.0,1950.0
int__tai20_15_08,1377,725,1729.0,1928.0
int__tai20_15_08,1377,726,1728.0,1963.0
int__tai20_15_08,1377,727,1691.0,1913.0
int__tai20_15_08,1377,728,1661.0,1915.0
int__tai20_15_08,1377,729,1646.0,1872.0
int__tai20_15_08,1377,730,1650.0,1868.0
int__tai20_15_08,1377,731,1663.0,1912.0
int__tai20_15_08,1377,732,1650.0,1894.0
int__tai20_15_08,1377,733,1707.0,1923.0
int__tai20_15_08,1377,734,1647.0,1907.0
int__tai20_15_08,1377,735,1673.0,1890.0
int__tai20_15_08,1377,736,1626.0,1880.0
int__tai20_15_08,1377,737,1567.0,1795.0
int__tai20_15_08,1377,738,1625.0,1880.0
int__tai20_15_08,1377,739,1633.0,1907.0
int__tai20_15_08,1377,740,1659.0,1871.0
int__tai20_15_08,1377,741,1655.0,1889.0
int__tai20_15_08,1377,742,1610.0,1852.0
int__tai20_15_08,1377,743,1630.0,1856.0
int__tai20_15_08,1377,744,1601.0,1840.0
int__tai20_15_08,1377,745,1569.0,1786.0
int__tai20_15_08,1377,746,1578.0,1814.0
int__tai20_15_08,1377,747,1695.0,1947.0
int__tai20_15_08,1377,748,1638.0,1891.0
int__tai20_15_08,1377,749,1662.0,1918.0
int__tai20_15_08,1377,750,1614.0,1884.0
int__tai20_15_08,1377,751,1766.0,2026.0
int__tai20_15_08,1377,752,1639.0,1890.0
int__tai20_15_08,1377,753,1573.0,1829.0
int__tai20_15_08,1377,754,1636.0,1849.0
int__tai20_15_08,1377,755,1657.0,1931.0
int__tai20_15_08,1377,756,1589.0,1831.0
int__tai20_15_08,1377,757,1659.0,1868.0
int__tai20_15_08,1377,758,1700.0,1952.0
int__tai20_15_08,1377,759,1575.0,1788.0
int__tai20_15_08,1377,760,1642.0,1871.0
int__tai20_15_08,1377,761,1690.0,1924.0
int__tai20_15_08,1377,762,1574.0,1822.0
int__tai20_15_08,1377,763,1613.0,1857.0
int__tai20_15_08,1377,764,1602.0,1836.0
int__tai20_15_08,1377,765,1583.0,1825.0
int__tai20_15_08,1377,766,1573.0,1783.0
int__tai20_15_08,1377,767,1600.0,1857.0
int__tai20_15_08,1377,768,1656.0,1930.0
int__tai20_15_08,1377,769,1572.0,1808.0
int__tai20_15_08,1377,770,1637.0,1883.0
int__tai20_15_08,1377,771,1659.0,1914.0
int__tai20_15_08,1377,772,1596.0,1852.0
int__tai20_15_08,1377,773,1595.0,1846.0
int__tai20_15_08,1377,774,1580.0,1836.0
int__tai20_15_08,1377,775,1519.0,1774.0
int__tai20_15_08,1377,776,1689.0,1961.0
int__tai20_15_08,1377,777,1644.0,1902.0
int__tai20_15_08,1377,778,1604.0,1857.0
int__tai20_15_08,1377,779,1588.0,1850.0
int__tai20_15_08,1377,780,1630.0,1839.0
int__tai20_15_08,1377,781,1616.0,1877.0
int__tai20_15_08,1377,782,1563.0,1795.0
int__tai20_15_08,1377,783,1630.0,1852.0
int__tai20_15_08,1377,784,1626.0,1872.0
int__tai20_15_08,1377,785,1538.0,1778.0
int__tai20_15_08,1377,786,1688.0,1899.0
int__tai20_15_08,1377,787,1598.0,1819.0
int__tai20_15_08,1377,788,1602.0,1831.0
int__tai20_15_08,1377,789,1614.0,1850.0
int__tai20_15_08,1377,790,1615.0,1850.0
int__tai20_15_08,1377,791,1570.0,1779.0
int__tai20_15_08,1377,792,1600.0,1875.0
int__tai20_15_08,1377,793,1706.0,1940.0
int__tai20_15_08,1377,794,1632.0,1886.0
int__tai20_15_08,1377,795,1673.0,1921.0
int__tai20_15_08,1377,796,1634.0,1913.0
int__tai20_15_08,1377,797,1597.0,1827.0
int__tai20_15_08,1377,798,1751.0,2010.0
int__tai20_15_08,1377,799,1724.0,1986.0
int__tai20_15_08,1377,800,1615.0,1872.0
int__tai20_15_08,1377,801,1657.0,1905.0
int__tai20_15_08,1377,802,1681.0,1941.0
int__tai20_15_08,1377,803,1641.0,1899.0
int__tai20_15_08,1377,804,1649.0,1869.0
int__tai20_15_08,1377,805,1577.0,1811.0
int__tai20_15_08,1377,806,1560.0,1769.0
int__tai20_15_08,1377,807,1676.0,1909.0
int__tai20_15_08,1377,808,1633.0,1896.0
int__tai20_15_08,1377,809,1572.0,1788.0
int__tai20_15_08,1377,810,1543.0,1791.0
int__tai20_15_08,1377,811,1588.0,1799.0
int__tai20_15_08,1377,812,1607.0,1827.0
int__tai20_15_08,1377,813,1555.0,1828.0
int__tai20_15_08,1377,814,1663.0,1924.0
int__tai20_15_08,1377,815,1624.0,1892.0
int__tai20_15_08,1377,816,1614.0,1880.0
int__tai20_15_08,1377,817,1648.0,1871.0
int__tai20_15_08,1377,818,1623.0,1855.0
int__tai20_15_08,1377,819,1546.0,1771.0
int__tai20_15_08,1377,820,1539.0,1769.0
int__tai20_15_08,1377,821,1595.0,1839.0
int__tai20_15_08,1377,822,1591.0,1838.0
int__tai20_15_08,1377,823,1630.0,1848.0
int__tai20_15_08,1377,824,1606.0,1851.0
int__tai20_15_08,1377,825,1624.0,1877.0
int__tai20_15_08,1377,826,1572.0,1828.0
int__tai20_15_08,1377,827,1618.0,1876.0
int__tai20_15_08,1377,828,1708.0,1963.0
int__tai20_15_08,1377,829,1659.0,1867.0
int__tai20_15_08,1377,830,1676.0,1899.0
int__tai20_15_08,1377,831,1668.0,1902.0
int__tai20_15_08,1377,832,1584.0,1825.0
int__tai20_15_08,1377,833,1698.0,1947.0
int__tai20_15_08,1377,834,1633.0,1879.0
int__tai20_15_08,1377,835,1556.0,1764.0
int__tai20_15_08,1377,836,1567.0,1803.0
int__tai20_15_08,1377,837,1622.0,1860.0
int__tai20_15_08,1377,838,1669.0,1883.0
int__tai20_15_08,1377,839,1662.0,1890.0
int__tai20_15_08,1377,840,1597.0,1830.0
int__tai20_15_08,1377,841,1639.0,1854.0
int__tai20_15_08,1377,842,1679.0,1941.0
int__tai20_15_08,1377,843,1659.0,1929.0
int__tai20_15_08,1377,844,1587.0,1811.0
int__tai20_15_08,1377,845,1659.0,1913.0
int__tai20_15_08,1377,846,1647.0,1889.0
int__tai20_15_08,1377,847,1659.0,1913.0
int__tai20_15_08,1377,848,1702.0,1951.0
int__tai20_15_08,1377,849,1661.0,1918.0
int__tai20_15_08,1377,850,1640.0,1902.0
int__tai20_15_08,1377,851,1592.0,1825.0
int__tai20_15_08,1377,852,1571.0,1817.0
int__tai20_15_08,1377,853,1623.0,1853.0
int__tai20_15_08,1377,854,1799.0,2044.0
int__tai20_15_08,1377,855,1671.0,1899.0
int__tai20_15_08,1377,856,1654.0,1915.0
int__tai20_15_08,1377,857,1679.0,1899.0
int__tai20_15_08,1377,858,1610.0,1824.0
int__tai20_15_08,1377,859,1629.0,1872.0
int__tai20_15_08,1377,860,1640.0,1893.0
int__tai20_15_08,1377,861,1648.0,1914.0
int__tai20_15_08,1377,862,1646.0,1882.0
int__tai20_15_08,1377,863,1583.0,1825.0
int__tai20_15_08,1377,864,1774.0,2032.0
int__tai20_15_08,1377,865,1616.0,1873.0
int__tai20_15_08,1377,866,1670.0,1904.0
int__tai20_15_08,1377,867,1567.0,1781.0
int__tai20_15_08,1377,868,1612.0,1855.0
int__tai20_15_08,1377,869,1716.0,1954.0
int__tai20_15_08,1377,870,1644.0,1877.0
int__tai20_15_08,1377,871,1622.0,1844.0
int__tai20_15_08,1377,872,1664.0,1866.0
int__tai20_15_08,1377,873,1659.0,1925.0
int__tai20_15_08,1377,874,1535.0,1788.0
int__tai20_15_08,1377,875,1600.0,1846.0
int__tai20_15_08,1377,876,1527.0,1779.0
int__tai20_15_08,1377,877,1791.0,2005.0
int__tai20_15_08,1377,878,1656.0,1918.0
int__tai20_15_08,1377,879,1649.0,1880.0
int__tai20_15_08,1377,880,1587.0,1849.0
int__tai20_15_08,1377,881,1671.0,1915.0
int__tai20_15_08,1377,882,1623.0,1853.0
int__tai20_15_08,1377,883,1614.0,1845.0
int__tai20_15_08,1377,884,1661.0,1903.0
int__tai20_15_08,1377,885,1643.0,1885.0
int__tai20_15_08,1377,886,1661.0,1898.0
int__tai20_15_08,1377,887,1561.0,1803.0
int__tai20_15_08,1377,888,1591.0,1801.0
int__tai20_15_08,1377,889,1692.0,1937.0
int__tai20_15_08,1377,890,1636.0,1887.0
int__tai20_15_08,1377,891,1612.0,1848.0
int__tai20_15_08,1377,892,1688.0,1940.0
int__tai20_15_08,1377,893,1588.0,1795.0
int__tai20_15_08,1377,894,1621.0,1830.0
int__tai20_15_08,1377,895,1615.0,1859.0
int__tai20_15_08,1377,896,1595.0,1841.0
int__tai20_15_08,1377,897,1615.0,1860.0
int__tai20_15_08,1377,898,1613.0,1863.0
int__tai20_15_08,1377,899,1578.0,1810.0
int__tai20_15_08,1377,900,1604.0,1854.0
int__tai20_15_08,1377,901,1590.0,1852.0
int__tai20_15_08,1377,902,1567.0,1805.0
int__tai20_15_08,1377,903,1665.0,1931.0
int__tai20_15_08,1377,904,1606.0,1846.0
int__tai20_15_08,1377,905,1549.0,1797.0
int__tai20_15_08,1377,906,1635.0,1886.0
int__tai20_15_08,1377,907,1660.0,1912.0
int__tai20_15_08,1377,908,1637.0,1900.0
int__tai20_15_08,1377,909,1694.0,1928.0
int__tai20_15_08,1377,910,1609.0,1855.0
int__tai20_15_08,1377,911,1593.0,1851.0
int__tai20_15_08,1377,912,1555.0,1782.0
int__tai20_15_08,1377,913,1592.0,1823.0
int__tai20_15_08,1377,914,1662.0,1915.0
int__tai20_15_08,1377,915,1636.0,1897.0
int__tai20_15_08,1377,916,1619.0,1849.0
int__tai20_15_08,1377,917,1609.0,1835.0
int__tai20_15_08,1377,918,1594.0,1839.0
int__tai20_15_08,1377,919,1616.0,1879.0
int__tai20_15_08,1377,920,1666.0,1905.0
int__tai20_15_08,1377,921,1611.0,1859.0
int__tai20_15_08,1377,922,1610.0,1826.0
int__tai20_15_08,1377,923,1668.0,1914.0
int__tai20_15_08,1377,924,1581.0,1816.0
int__tai20_15_08,1377,925,1590.0,1820.0
int__tai20_15_08,1377,926,1557.0,1781.0
int__tai20_15_08,1377,927,1625.0,1877.0
int__tai20_15_08,1377,928,1660.0,1908.0
int__tai20_15_08,1377,929,1679.0,1927.0
int__tai20_15_08,1377,930,1691.0,1946.0
int__tai20_15_08,1377,931,1626.0,1859.0
int__tai20_15_08,1377,932,1604.0,1844.0
int__tai20_15_08,1377,933,1593.0,1827.0
int__tai20_15_08,1377,934,1670.0,1895.0
int__tai20_15_08,1377,935,1702.0,1936.0
int__tai20_15_08,1377,936,1627.0,1853.0
int__tai20_15_08,1377,937,1633.0,1875.0
int__tai20_15_08,1377,938,1717.0,1991.0
int__tai20_15_08,1377,939,1699.0,1954.0
int__tai20_15_08,1377,940,1557.0,1803.0
int__tai20_15_08,1377,941,1620.0,1859.0
int__tai20_15_08,1377,942,1587.0,1837.0
int__tai20_15_08,1377,943,1691.0,1935.0
int__tai20_15_08,1377,944,1641.0,1875.0
int__tai20_15_08,1377,945,1648.0,1818.0
int__tai20_15_08,1377,946,1578.0,1810.0
int__tai20_15_08,1377,947,1646.0,1850.0
int__tai20_15_08,1377,948,1602.0,1823.0
int__tai20_15_08,1377,949,1549.0,1783.0
int__tai20_15_08,1377,950,1601.0,1851.0
int__tai20_15_08,1377,951,1624.0,1846.0
int__tai20_15_08,1377,952,1613.0,1852.0
int__tai20_15_08,1377,953,1615.0,1849.0
int__tai20_15_08,1377,954,1694.0,1942.0
int__tai20_15_08,1377,955,1570.0,1815.0
int__tai20_15_08,1377,956,1610.0,1872.0
int__tai20_15_08,1377,957,1625.0,1862.0
int__tai20_15_08,1377,958,1602.0,1842.0
int__tai20_15_08,1377,959,1644.0,1883.0
int__tai20_15_08,1377,960,1721.0,1971.0
int__tai20_15_08,1377,961,1656.0,1918.0
int__tai20_15_08,1377,962,1585.0,1831.0
int__tai20_15_08,1377,963,1533.0,1754.0
int__tai20_15_08,1377,964,1640.0,1883.0
int__tai20_15_08,1377,965,1661.0,1921.0
int__tai20_15_08,1377,966,1609.0,1840.0
int__tai20_15_08,1377,967,1559.0,1804.0
int__tai20_15_08,1377,968,1708.0,1925.0
int__tai20_15_08,1377,969,1645.0,1876.0
int__tai20_15_08,1377,970,1643.0,1881.0
int__tai20_15_08,1377,971,1748.0,1978.0
int__tai20_15_08,1377,972,1669.0,1897.0
int__tai20_15_08,1377,973,1648.0,1902.0
int__tai20_15_08,1377,974,1562.0,1792.0
int__tai20_15_08,1377,975,1661.0,1903.0
int__tai20_15_08,1377,976,1579.0,1791.0
int__tai20_15_08,1377,977,1600.0,1844.0
int__tai20_15_08,1377,978,1558.0,1793.0
int__tai20_15_08,1377,979,1581.0,1833.0
int__tai20_15_08,1377,980,1674.0,1898.0
int__tai20_15_08,1377,981,1545.0,1796.0
int__tai20_15_08,1377,982,1583.0,1852.0
int__tai20_15_08,1377,983,1607.0,1835.0
int__tai20_15_08,1377,984,1664.0,1904.0
int__tai20_15_08,1377,985,1665.0,1877.0
int__tai20_15_08,1377,986,1625.0,1850.0
int__tai20_15_08,1377,987,1605.0,1822.0
int__tai20_15_08,1377,988,1676.0,1899.0
int__tai20_15_08,1377,989,1581.0,1837.0
int__tai20_15_08,1377,990,1562.0,1816.0
int__tai20_15_08,1377,991,1631.0,1880.0
int__tai20_15_08,1377,992,1589.0,1814.0
int__tai20_15_08,1377,993,1571.0,1814.0
int__tai20_15_08,1377,994,1624.0,1919.0
int__tai20_15_08,1377,995,1641.0,1868.0
int__tai20_15_08,1377,996,1667.0,1894.0
int__tai20_15_08,1377,997,1667.0,1916.0
int__tai20_15_08,1377,998,1638.0,1864.0
int__tai20_15_08,1377,999,1624.0,1878.0
int__tai20_15_08,1377,1000,1660.0,1915.0
int__tai20_15_08,1377,1001,1619.0,1865.0
int__tai20_15_08,1377,1002,1588.0,1820.0
int__tai20_15_08,1377,1003,1742.0,1960.0
int__tai20_15_08,1377,1004,1706.0,1939.0
int__tai20_15_08,1377,1005,1643.0,1880.0
int__tai20_15_08,1377,1006,1607.0,1842.0
int__tai20_15_08,1377,1007,1605.0,1861.0
int__tai20_15_08,1377,1008,1606.0,1852.0
int__tai20_15_08,1377,1009,1728.0,2000.0
int__tai20_15_08,1377,1010,1675.0,1935.0
int__tai20_15_08,1377,1011,1602.0,1843.0
int__tai20_15_08,1377,1012,1676.0,1898.0
int__tai20_15_08,1377,1013,1636.0,1880.0
int__tai20_15_08,1377,1014,1792.0,2048.0
int__tai20_15_08,1377,1015,1653.0,1894.0
int__tai20_15_08,1377,1016,1559.0,1783.0
int__tai20_15_08,1377,1017,1598.0,1806.0
int__tai20_15_08,1377,1018,1654.0,1882.0
int__tai20_15_08,1377,1019,1579.0,1815.0
int__tai20_15_08,1377,1020,1583.0,1801.0
int__tai20_15_08,1377,1021,1609.0,1870.0
int__tai20_15_08,1377,1022,1605.0,1837.0
int__tai20_15_08,1377,1023,1639.0,1853.0
int__tai20_20_04,1644,0,1756.0,1994.0
int__tai20_20_04,1644,1,1775.0,2055.0
int__tai20_20_04,1644,2,1775.0,2000.0
int__tai20_20_04,1644,3,1761.0,1984.0
int__tai20_20_04,1644,4,1898.0,2143.0
int__tai20_20_04,1644,5,1781.0,2016.0
int__tai20_20_04,1644,6,1877.0,2129.0
int__tai20_20_04,1644,7,1781.0,2016.0
int__tai20_20_04,1644,8,1939.0,2197.0
int__tai20_20_04,1644,9,1857.0,2130.0
int__tai20_20_04,1644,10,1813.0,2034.0
int__tai20_20_04,1644,11,1772.0,2025.0
int__tai20_20_04,1644,12,1878.0,2120.0
int__tai20_20_04,1644,13,1756.0,2014.0
int__tai20_20_04,1644,14,1890.0,2155.0
int__tai20_20_04,1644,15,1780.0,2036.0
int__tai20_20_04,1644,16,1812.0,2050.0
int__tai20_20_04,1644,17,1903.0,2149.0
int__tai20_20_04,1644,18,1767.0,1999.0
int__tai20_20_04,1644,19,1755.0,2006.0
int__tai20_20_04,1644,20,1979.0,2258.0
int__tai20_20_04,1644,21,1848.0,2075.0
int__tai20_20_04,1644,22,1906.0,2157.0
int__tai20_20_04,1644,23,1868.0,2076.0
int__tai20_20_04,1644,24,1783.0,2071.0
int__tai20_20_04,1644,25,1837.0,2094.0
int__tai20_20_04,1644,26,1893.0,2144.0
int__tai20_20_04,1644,27,1929.0,2126.0
int__tai20_20_04,1644,28,1864.0,2175.0
int__tai20_20_04,1644,29,1820.0,2085.0
int__tai20_20_04,1644,30,1759.0,1993.0
int__tai20_20_04,1644,31,1815.0,2037.0
int__tai20_20_04,1644,32,1872.0,2155.0
int__tai20_20_04,1644,33,1816.0,2066.0
int__tai20_20_04,1644,34,1808.0,2019.0
int__tai20_20_04,1644,35,1876.0,2098.0
int__tai20_20_04,1644,36,1899.0,2126.0
int__tai20_20_04,1644,37,2031.0,2274.0
int__tai20_20_04,1644,38,1903.0,2199.0
int__tai20_20_04,1644,39,1790.0,1998.0
int__tai20_20_04,1644,40,1860.0,2160.0
int__tai20_20_04,1644,41,1830.0,2102.0
int__tai20_20_04,1644,42,1875.0,2179.0
int__tai20_20_04,1644,43,1857.0,2089.0
int__tai20_20_04,1644,44,1857.0,2080.0
int__tai20_20_04,1644,45,1817.0,2030.0
int__tai20_20_04,1644,46,1989.0,2196.0
int__tai20_20_04,1644,47,1921.0,2179.0
int__tai20_20_04,1644,48,1912.0,2162.0
int__tai20_20_04,1644,49,1810.0,2027.0
int__tai20_20_04,1644,50,1879.0,2124.0
int__tai20_20_04,1644,51,1860.0,2055.0
int__tai20_20_04,1644,52,1787.0,2021.0
int__tai20_20_04,1644,53,1791.0,2031.0
int__tai20_20_04,1644,54,1787.0,2008.0
int__tai20_20_04,1644,55,1796.0,2019.0
int__tai20_20_04,1644,56,1833.0,2048.0
int__tai20_20_04,1644,57,1791.0,2046.0
int__tai20_20_04,1644,58,1841.0,2103.0
int__tai20_20_04,1644,59,1791.0,2053.0
int__tai20_20_04,1644,60,1841.0,2094.0
int__tai20_20_04,1644,61,1803.0,2070.0
int__tai20_20_04,1644,62,1829.0,2055.0
int__tai20_20_04,1644,63,1825.0,2069.0
int__tai20_20_04,1644,64,1881.0,2115.0
int__tai20_20_04,1644,65,1789.0,2039.0
int__tai20_20_04,1644,66,1832.0,2090.0
int__tai20_20_04,1644,67,1856.0,2070.0
int__tai20_20_04,1644,68,1773.0,2026.0
int__tai20_20_04,1644,69,1867.0,2069.0
int__tai20_20_04,1644,70,1892.0,2159.0
int__tai20_20_04,1644,71,1794.0,1997.0
int__tai20_20_04,1644,72,1935.0,2162.0
int__tai20_20_04,1644,73,1858.0,2054.0
int__tai20_20_04,1644,74,1838.0,2059.0
int__tai20_20_04,1644,75,1849.0,2092.0
int__tai20_20_04,1644,76,1807.0,2027.0
int__tai20_20_04,1644,77,1785.0,2023.0
int__tai20_20_04,1644,78,1792.0,2045.0
int__tai20_20_04,1644,79,1764.0,1998.0
int__tai20_20_04,1644,80,1882.0,2120.0
int__tai20_20_04,1644,81,1830.0,2074.0
int__tai20_20_04,1644,82,1814.0,2042.0
int__tai20_20_04,1644,83,1802.0,2012.0
int__tai20_20_04,1644,84,1795.0,2012.0
int__tai20_20_04,1644,85,1809.0,2055.0
int__tai20_20_04,1644,86,1811.0,2031.0
int__tai20_20_04,1644,87,1839.0,2073.0
int__tai20_20_04,1644,88,1801.0,2046.0
int__tai20_20_04,1644,89,2022.0,2276.0
int__tai20_20_04,1644,90,1869.0,2091.0
int__tai20_20_04,1644,91,1766.0,2019.0
int__tai20_20_04,1644,92,1840.0,2026.0
int__tai20_20_04,1644,93,1860.0,2153.0
int__tai20_20_04,1644,94,1826.0,2083.0
int__tai20_20_04,1644,95,1801.0,2030.0
int__tai20_20_04,1644,96,1888.0,2090.0
int__tai20_20_04,1644,97,1774.0,2006.0
int__tai20_20_04,1644,98,1873.0,2104.0
int__tai20_20_04,1644,99,1754.0,2000.0
int__tai20_20_04,1644,100,1752.0,2013.0
int__tai20_20_04,1644,101,1845.0,2112.0
int__tai20_20_04,1644,102,1813.0,2040.0
int__tai20_20_04,1644,103,1826.0,2081.0
int__tai20_20_04,1644,104,1894.0,2194.0
int__tai20_20_04,1644,105,1828.0,2069.0
int__tai20_20_04,1644,106,1887.0,2113.0
int__tai20_20_04,1644,107,1760.0,2006.0
int__tai20_20_04,1644,108,1839.0,2084.0
int__tai20_20_04,1644,109,2028.0,2275.0
int__tai20_20_04,1644,110,1780.0,2029.0
int__tai20_20_04,1644,111,1799.0,2050.0
int__tai20_20_04,1644,112,1825.0,2062.0
int__tai20_20_04,1644,113,1855.0,2110.0
int__tai20_20_04,1644,114,1897.0,2161.0
int__tai20_20_04,1644,115,1823.0,2048.0
int__tai20_20_04,1644,116,1775.0,2032.0
int__tai20_20_04,1644,117,1744.0,1989.0
int__tai20_20_04,1644,118,1846.0,2086.0
int__tai20_20_04,1644,119,1877.0,2115.0
int__tai20_20_04,1644,120,1823.0,2065.0
int__tai20_20_04,1644,121,1957.0,2246.0
int__tai20_20_04,1644,122,1911.0,2161.0
int__tai20_20_04,1644,123,1792.0,2051.0
int__tai20_20_04,1644,124,1838.0,2037.0
int__tai20_20_04,1644,125,1970.0,2203.0
int__tai20_20_04,1644,126,1840.0,2094.0
int__tai20_20_04,1644,127,1831.0,2070.0
int__tai20_20_04,1644,128,1792.0,2055.0
int__tai20_20_04,1644,129,1793.0,2038.0
int__tai20_20_04,1644,130,1853.0,2089.0
int__tai20_20_04,1644,131,1806.0,2020.0
int__tai20_20_04,1644,132,1923.0,2175.0
int__tai20_20_04,1644,133,1768.0,2003.0
int__tai20_20_04,1644,134,1961.0,2236.0
int__tai20_20_04,1644,135,1829.0,2080.0
int__tai20_20_04,1644,136,1817.0,2070.0
int__tai20_20_04,1644,137,1830.0,2063.0
int__tai20_20_04,1644,138,1821.0,2059.0
int__tai20_20_04,1644,139,1943.0,2169.0
int__tai20_20_04,1644,140,1903.0,2174.0
int__tai20_20_04,1644,141,1772.0,1997.0
int__tai20_20_04,1644,142,1783.0,2023.0
int__tai20_20_04,1644,143,1864.0,2137.0
int__tai20_20_04,1644,144,1846.0,2063.0
int__tai20_20_04,1644,145,1942.0,2186.0
int__tai20_20_04,1644,146,1833.0,2089.0
int__tai20_20_04,1644,147,1821.0,2071.0
int__tai20_20_04,1644,148,1911.0,2190.0
int__tai20_20_04,1644,149,1735.0,1963.0
int__tai20_20_04,1644,150,1810.0,2051.0
int__tai20_20_04,1644,151,1850.0,2111.0
int__tai20_20_04,1644,152,1856.0,2116.0
int__tai20_20_04,1644,153,1819.0,2088.0
int__tai20_20_04,1644,154,1812.0,2087.0
int__tai20_20_04,1644,155,1737.0,1975.0
int__tai20_20_04,1644,156,1907.0,2146.0
int__tai20_20_04,1644,157,1732.0,2009.0
int__tai20_20_04,1644,158,1854.0,2099.0
int__tai20_20_04,1644,159,1854.0,2107.0
int__tai20_20_04,1644,160,1828.0,2069.0
int__tai20_20_04,1644,161,1836.0,2052.0
int__tai20_20_04,1644,162,1766.0,2004.0
int__tai20_20_04,1644,163,1785.0,2122.0
int__tai20_20_04,1644,164,1836.0,2060.0
int__tai20_20_04,1644,165,1820.0,2092.0
int__tai20_20_04,1644,166,1842.0,2098.0
int__tai20_20_04,1644,167,1933.0,2177.0
int__tai20_20_04,1644,168,1817.0,2058.0
int__tai20_20_04,1644,169,1859.0,2127.0
int__tai20_20_04,1644,170,1836.0,2058.0
int__tai20_20_04,1644,171,1841.0,2089.0
int__tai20_20_04,1644,172,1832.0,2133.0
int__tai20_20_04,1644,173,1831.0,2085.0
int__tai20_20_04,1644,174,1843.0,2116.0
int__tai20_20_04,1644,175,1857.0,2134.0
int__tai20_20_04,1644,176,1884.0,2084.0
int__tai20_20_04,1644,177,1862.0,2113.0
int__tai20_20_04,1644,178,1831.0,2093.0
int__tai20_20_04,1644,179,1865.0,2071.0
int__tai20_20_04,1644,180,1772.0,2017.0
int__tai20_20_04,1644,181,1725.0,1993.0
int__tai20_20_04,1644,182,1902.0,2194.0
int__tai20_20_04,1644,183,1958.0,2223.0
int__tai20_20_04,1644,184,1807.0,2066.0
int__tai20_20_04,1644,185,1907.0,2143.0
int__tai20_20_04,1644,186,1827.0,2088.0
int__tai20_20_04,1644,187,1828.0,2071.0
int__tai20_20_04,1644,188,1866.0,2119.0
int__tai20_20_04,1644,189,1835.0,2047.0
int__tai20_20_04,1644,190,1761.0,2010.0
int__tai20_20_04,1644,191,1939.0,2172.0
int__tai20_20_04,1644,192,1961.0,2255.0
int__tai20_20_04,1644,193,1881.0,2089.0
int__tai20_20_04,1644,194,1870.0,2109.0
int__tai20_20_04,1644,195,1842.0,2033.0
int__tai20_20_04,1644,196,1818.0,2051.0
int__tai20_20_04,1644,197,1745.0,1978.0
int__tai20_20_04,1644,198,1905.0,2154.0
int__tai20_20_04,1644,199,1834.0,2087.0
int__tai20_20_04,1644,200,1759.0,1998.0
int__tai20_20_04,1644,201,1840.0,2111.0
int__tai20_20_04,1644,202,1814.0,2085.0
int__tai20_20_04,1644,203,1877.0,2095.0
int__tai20_20_04,1644,204,1860.0,2108.0
int__tai20_20_04,1644,205,1805.0,2026.0
int__tai20_20_04,1644,206,1826.0,2076.0
int__tai20_20_04,1644,207,1744.0,2012.0
int__tai20_20_04,1644,208,1924.0,2211.0
int__tai20_20_04,1644,209,1852.0,2123.0
int__tai20_20_04,1644,210,1798.0,2044.0
int__tai20_20_04,1644,211,1819.0,2085.0
int__tai20_20_04,1644,212,1819.0,2088.0
int__tai20_20_04,1644,213,1787.0,2031.0
int__tai20_20_04,1644,214,1827.0,2077.0
int__tai20_20_04,1644,215,1880.0,2085.0
int__tai20_20_04,1644,216,1894.0,2170.0
int__tai20_20_04,1644,217,1778.0,2017.0
int__tai20_20_04,1644,218,1801.0,2077.0
int__tai20_20_04,1644,219,1900.0,2142.0
int__tai20_20_04,1644,220,1860.0,2076.0
int__tai20_20_04,1644,221,1772.0,2015.0
int__tai20_20_04,1644,222,1788.0,2024.0
int__tai20_20_04,1644,223,1866.0,2081.0
int__tai20_20_04,1644,224,1802.0,2004.0
int__tai20_20_04,1644,225,1907.0,2129.0
int__tai20_20_04,1644,226,1861.0,2109.0
int__tai20_20_04,1644,227,1847.0,2059.0
int__tai20_20_04,1644,228,1823.0,2062.0
int__tai20_20_04,1644,229,1767.0,2050.0
int__tai20_20_04,1644,230,1838.0,2074.0
int__tai20_20_04,1644,231,1852.0,2093.0
int__tai20_20_04,1644,232,1885.0,2123.0
int__tai20_20_04,1644,233,1791.0,2042.0
int__tai20_20_04,1644,234,1902.0,2107.0
int__tai20_20_04,1644,235,1876.0,2140.0
int__tai20_20_04,1644,236,1865.0,2083.0
int__tai20_20_04,1644,237,1786.0,2030.0
int__tai20_20_04,1644,238,1887.0,2146.0
int__tai20_20_04,1644,239,2028.0,2357.0
int__tai20_20_04,1644,240,1845.0,2071.0
int__tai20_20_04,1644,241,1844.0,2079.0
int__tai20_20_04,1644,242,1861.0,2097.0
int__tai20_20_04,1644,243,1823.0,2011.0
int__tai20_20_04,1644,244,1939.0,2206.0
int__tai20_20_04,1644,245,1786.0,2038.0
int__tai20_20_04,1644,246,1804.0,2042.0
int__tai20_20_04,1644,247,1892.0,2079.0
int__tai20_20_04,1644,248,1855.0,2057.0
int__tai20_20_04,1644,249,1840.0,2078.0
int__tai20_20_04,1644,250,1929.0,2183.0
int__tai20_20_04,1644,251,1859.0,2121.0
int__tai20_20_04,1644,252,1887.0,2135.0
int__tai20_20_04,1644,253,1915.0,2163.0
int__tai20_20_04,1644,254,1855.0,2089.0
int__tai20_20_04,1644,255,1867.0,2078.0
int__tai20_20_04,1644,256,1803.0,2047.0
int__tai20_20_04,1644,257,1832.0,2067.0
int__tai20_20_04,1644,258,1855.0,2063.0
int__tai20_20_04,1644,259,1860.0,2066.0
int__tai20_20_04,1644,260,1801.0,2080.0
int__tai20_20_04,1644,261,1809.0,2042.0
int__tai20_20_04,1644,262,1815.0,2017.0
int__tai20_20_04,1644,263,1820.0,2075.0
int__tai20_20_04,1644,264,1741.0,1992.0
int__tai20_20_04,1644,265,1854.0,2104.0
int__tai20_20_04,1644,266,1808.0,2050.0
int__tai20_20_04,1644,267,1879.0,2081.0
int__tai20_20_04,1644,268,1896.0,2110.0
int__tai20_20_04,1644,269,1798.0,2025.0
int__tai20_20_04,1644,270,1962.0,2270.0
int__tai20_20_04,1644,271,1877.0,2146.0
int__tai20_20_04,1644,272,1781.0,2004.0
int__tai20_20_04,1644,273,1814.0,2039.0
int__tai20_20_04,1644,274,1820.0,2048.0
int__tai20_20_04,1644,275,1769.0,2012.0
int__tai20_20_04,1644,276,1832.0,2058.0
int__tai20_20_04,1644,277,1831.0,2095.0
int__tai20_20_04,1644,278,1939.0,2170.0
int__tai20_20_04,1644,279,1793.0,2036.0
int__tai20_20_04,1644,280,1980.0,2264.0
int__tai20_20_04,1644,281,1811.0,2043.0
int__tai20_20_04,1644,282,1895.0,2151.0
int__tai20_20_04,1644,283,1893.0,2122.0
int__tai20_20_04,1644,284,1819.0,2073.0
int__tai20_20_04,1644,285,1861.0,2146.0
int__tai20_20_04,1644,286,1844.0,2129.0
int__tai20_20_04,1644,287,1815.0,2049.0
int__tai20_20_04,1644,288,1834.0,2114.0
int__tai20_20_04,1644,289,1840.0,2084.0
int__tai20_20_04,1644,290,1822.0,2012.0
int__tai20_20_04,1644,291,1803.0,2100.0
int__tai20_20_04,1644,292,1875.0,2100.0
int__tai20_20_04,1644,293,1809.0,2064.0
int__tai20_20_04,1644,294,1842.0,2076.0
int__tai20_20_04,1644,295,1908.0,2129.0
int__tai20_20_04,1644,296,1832.0,2056.0
int__tai20_20_04,1644,297,1816.0,2088.0
int__tai20_20_04,1644,298,1922.0,2223.0
int__tai20_20_04,1644,299,1882.0,2168.0
int__tai20_20_04,1644,300,1811.0,2061.0
int__tai20_20_04,1644,301,1809.0,2015.0
int__tai20_20_04,1644,302,1857.0,2101.0
int__tai20_20_04,1644,303,1788.0,2024.0
int__tai20_20_04,1644,304,1864.0,2062.0
int__tai20_20_04,1644,305,1908.0,2122.0
int__tai20_20_04,1644,306,1886.0,2139.0
int__tai20_20_04,1644,307,1844.0,2068.0
int__tai20_20_04,1644,308,1841.0,2086.0
int__tai20_20_04,1644,309,1920.0,2190.0
int__tai20_20_04,1644,310,1868.0,2061.0
int__tai20_20_04,1644,311,1776.0,1980.0
int__tai20_20_04,1644,312,1807.0,2031.0
int__tai20_20_04,1644,313,1914.0,2198.0
int__tai20_20_04,1644,314,1820.0,2057.0
int__tai20_20_04,1644,315,1723.0,1966.0
int__tai20_20_04,1644,316,1829.0,2071.0
int__tai20_20_04,1644,317,1761.0,2025.0
int__tai20_20_04,1644,318,1774.0,1973.0
int__tai20_20_04,1644,319,1854.0,2075.0
int__tai20_20_04,1644,320,1792.0,2065.0
int__tai20_20_04,1644,321,1825.0,2128.0
int__tai20_20_04,1644,322,1821.0,2067.0
int__tai20_20_04,1644,323,1810.0,2077.0
int__tai20_20_04,1644,324,1896.0,2109.0
int__tai20_20_04,1644,325,1850.0,2114.0
int__tai20_20_04,1644,326,1857.0,2143.0
int__tai20_20_04,1644,327,1724.0,1981.0
int__tai20_20_04,1644,328,1788.0,2055.0
int__tai20_20_04,1644,329,1935.0,2186.0
int__tai20_20_04,1644,330,1811.0,2040.0
int__tai20_20_04,1644,331,1853.0,2103.0
int__tai20_20_04,1644,332,1841.0,2096.0
int__tai20_20_04,1644,333,1854.0,2085.0
int__tai20_20_04,1644,334,1845.0,2109.0
int__tai20_20_04,1644,335,1831.0,2048.0
int__tai20_20_04,1644,336,1838.0,2106.0
int__tai20_20_04,1644,337,1759.0,1998.0
int__tai20_20_04,1644,338,1955.0,2225.0
int__tai20_20_04,1644,339,1892.0,2148.0
int__tai20_20_04,1644,340,2036.0,2310.0
int__tai20_20_04,1644,341,1820.0,2045.0
int__tai20_20_04,1644,342,1812.0,2052.0
int__tai20_20_04,1644,343,1808.0,2055.0
int__tai20_20_04,1644,344,1847.0,2085.0
int__tai20_20_04,1644,345,1762.0,2006.0
int__tai20_20_04,1644,346,1847.0,2116.0
int__tai20_20_04,1644,347,1887.0,2098.0
int__tai20_20_04,1644,348,1780.0,2011.0
int__tai20_20_04,1644,349,1822.0,2080.0
int__tai20_20_04,1644,350,1874.0,2124.0
int__tai20_20_04,1644,351,1806.0,2050.0
int__tai20_20_04,1644,352,1899.0,2163.0
int__tai20_20_04,1644,353,1906.0,2184.0
int__tai20_20_04,1644,354,1971.0,2252.0
int__tai20_20_04,1644,355,1833.0,2091.0
int__tai20_20_04,1644,356,1865.0,2132.0
int__tai20_20_04,1644,357,1959.0,2169.0
int__tai20_20_04,1644,358,1957.0,2164.0
int__tai20_20_04,1644,359,1820.0,2080.0
int__tai20_20_04,1644,360,1824.0,2076.0
int__tai20_20_04,1644,361,1786.0,2053.0
int__tai20_20_04,1644,362,1781.0,1996.0
int__tai20_20_04,1644,363,1856.0,2115.0
int__tai20_20_04,1644,364,1855.0,2082.0
int__tai20_20_04,1644,365,1828.0,2072.0
int__tai20_20_04,1644,366,1777.0,2012.0
int__tai20_20_04,1644,367,1881.0,2111.0
int__tai20_20_04,1644,368,1760.0,2015.0
int__tai20_20_04,1644,369,1798.0,2023.0
int__tai20_20_04,1644,370,1834.0,2118.0
int__tai20_20_04,1644,371,1858.0,2092.0
int__tai20_20_04,1644,372,1844.0,2096.0
int__tai20_20_04,1644,373,1835.0,2093.0
int__tai20_20_04,1644,374,1796.0,2033.0
int__tai20_20_04,1644,375,1748.0,1997.0
int__tai20_20_04,1644,376,1847.0,2087.0
int__tai20_20_04,1644,377,1829.0,2091.0
int__tai20_20_04,1644,378,1898.0,2152.0
int__tai20_20_04,1644,379,1815.0,2069.0
int__tai20_20_04,1644,380,1864.0,2112.0
int__tai20_20_04,1644,381,1758.0,1991.0
int__tai20_20_04,1644,382,1998.0,2212.0
int__tai20_20_04,1644,383,1870.0,2114.0
int__tai20_20_04,1644,384,1876.0,2099.0
int__tai20_20_04,1644,385,1870.0,2117.0
int__tai20_20_04,1644,386,1872.0,2120.0
int__tai20_20_04,1644,387,1966.0,2230.0
int__tai20_20_04,1644,388,1930.0,2175.0
int__tai20_20_04,1644,389,1914.0,2198.0
int__tai20_20_04,1644,390,1840.0,2096.0
int__tai20_20_04,1644,391,1809.0,2043.0
int__tai20_20_04,1644,392,1808.0,2048.0
int__tai20_20_04,1644,393,1841.0,2093.0
int__tai20_20_04,1644,394,1839.0,2077.0
int__tai20_20_04,1644,395,1801.0,2041.0
int__tai20_20_04,1644,396,1840.0,2050.0
int__tai20_20_04,1644,397,1908.0,2171.0
int__tai20_20_04,1644,398,1816.0,2068.0
int__tai20_20_04,1644,399,1771.0,2012.0
int__tai20_20_04,1644,400,1901.0,2076.0
int__tai20_20_04,1644,401,1803.0,2047.0
int__tai20_20_04,1644,402,1764.0,1999.0
int__tai20_20_04,1644,403,1962.0,2199.0
int__tai20_20_04,1644,404,1841.0,2088.0
int__tai20_20_04,1644,405,1839.0,2076.0
int__tai20_20_04,1644,406,1822.0,2104.0
int__tai20_20_04,1644,407,1835.0,2060.0
int__tai20_20_04,1644,408,1731.0,1984.0
int__tai20_20_04,1644,409,1807.0,2105.0
int__tai20_20_04,1644,410,1761.0,2016.0
int__tai20_20_04,1644,411,1952.0,2187.0
int__tai20_20_04,1644,412,1879.0,2165.0
int__tai20_20_04,1644,413,1846.0,2101.0
int__tai20_20_04,1644,414,1790.0,2014.0
int__tai20_20_04,1644,415,1852.0,2100.0
int__tai20_20_04,1644,416,1841.0,2121.0
int__tai20_20_04,1644,417,1840.0,2090.0
int__tai20_20_04,1644,418,1811.0,2056.0
int__tai20_20_04,1644,419,1835.0,2077.0
int__tai20_20_04,1644,420,1845.0,2065.0
int__tai20_20_04,1644,421,1822.0,2003.0
int__tai20_20_04,1644,422,1983.0,2201.0
int__tai20_20_04,1644,423,1772.0,2007.0
int__tai20_20_04,1644,424,2001.0,2228.0
int__tai20_20_04,1644,425,1888.0,2138.0
int__tai20_20_04,1644,426,1823.0,2015.0
int__tai20_20_04,1644,427,1837.0,2061.0
int__tai20_20_04,1644,428,1856.0,2102.0
int__tai20_20_04,1644,429,1846.0,2054.0
int__tai20_20_04,1644,430,1909.0,2171.0
int__tai20_20_04,1644,431,1867.0,2131.0
int__tai20_20_04,1644,432,1854.0,2074.0
int__tai20_20_04,1644,433,1843.0,2111.0
int__tai20_20_04,1644,434,1793.0,2050.0
int__tai20_20_04,1644,435,1826.0,2022.0
int__tai20_20_04,1644,436,1861.0,2123.0
int__tai20_20_04,1644,437,1793.0,2037.0
int__tai20_20_04,1644,438,1811.0,2064.0
int__tai20_20_04,1644,439,1877.0,2089.0
int__tai20_20_04,1644,440,1819.0,2060.0
int__tai20_20_04,1644,441,1859.0,2096.0
int__tai20_20_04,1644,442,1836.0,2051.0
int__tai20_20_04,1644,443,1920.0,2155.0
int__tai20_20_04,1644,444,1802.0,2054.0
int__tai20_20_04,1644,445,1830.0,2077.0
int__tai20_20_04,1644,446,1985.0,2204.0
int__tai20_20_04,1644,447,1881.0,2151.0
int__tai20_20_04,1644,448,1849.0,2099.0
int__tai20_20_04,1644,449,1840.0,2060.0
int__tai20_20_04,1644,450,1862.0,2067.0
int__tai20_20_04,1644,451,1814.0,2056.0
int__tai20_20_04,1644,452,2000.0,2248.0
int__tai20_20_04,1644,453,1831.0,2028.0
int__tai20_20_04,1644,454,1817.0,2052.0
int__tai20_20_04,1644,455,1866.0,2110.0
int__tai20_20_04,1644,456,1840.0,2049.0
int__tai20_20_04,1644,457,1826.0,2085.0
int__tai20_20_04,1644,458,1854.0,2115.0
int__tai20_20_04,1644,459,1921.0,2130.0
int__tai20_20_04,1644,460,1872.0,2139.0
int__tai20_20_04,1644,461,1773.0,1993.0
int__tai20_20_04,1644,462,1809.0,2046.0
int__tai20_20_04,1644,463,1846.0,2120.0
int__tai20_20_04,1644,464,1834.0,2060.0
int__tai20_20_04,1644,465,1812.0,2078.0
int__tai20_20_04,1644,466,1750.0,2004.0
int__tai20_20_04,1644,467,1882.0,2106.0
int__tai20_20_04,1644,468,1898.0,2106.0
int__tai20_20_04,1644,469,1768.0,1989.0
int__tai20_20_04,1644,470,1834.0,2046.0
int__tai20_20_04,1644,471,1813.0,2053.0
int__tai20_20_04,1644,472,1806.0,2053.0
int__tai20_20_04,1644,473,1780.0,2012.0
int__tai20_20_04,1644,474,1850.0,2115.0
int__tai20_20_04,1644,475,1812.0,2031.0
int__tai20_20_04,1644,476,1785.0,2039.0
int__tai20_20_04,1644,477,1883.0,2146.0
int__tai20_20_04,1644,478,1838.0,2096.0
int__tai20_20_04,1644,479,1792.0,2015.0
int__tai20_20_04,1644,480,1927.0,2172.0
int__tai20_20_04,1644,481,1824.0,2043.0
int__tai20_20_04,1644,482,1816.0,2047.0
int__tai20_20_04,1644,483,1887.0,2130.0
int__tai20_20_04,1644,484,1878.0,2100.0
int__tai20_20_04,1644,485,1757.0,2011.0
int__tai20_20_04,1644,486,1792.0,2031.0
int__tai20_20_04,1644,487,1831.0,2065.0
int__tai20_20_04,1644,488,1875.0,2115.0
int__tai20_20_04,1644,489,1808.0,2045.0
int__tai20_20_04,1644,490,1845.0,2095.0
int__tai20_20_04,1644,491,1864.0,2125.0
int__tai20_20_04,1644,492,1819.0,2054.0
int__tai20_20_04,1644,493,1856.0,2105.0
int__tai20_20_04,1644,494,1806.0,2040.0
int__tai20_20_04,1644,495,1811.0,2061.0
int__tai20_20_04,1644,496,1830.0,2041.0
int__tai20_20_04,1644,497,1899.0,2122.0
int__tai20_20_04,1644,498,1807.0,2063.0
int__tai20_20_04,1644,499,1773.0,1991.0
int__tai20_20_04,1644,500,1803.0,2072.0
int__tai20_20_04,1644,501,1762.0,2031.0
int__tai20_20_04,1644,502,1939.0,2217.0
int__tai20_20_04,1644,503,1849.0,2145.0
int__tai20_20_04,1644,504,1758.0,2012.0
int__tai20_20_04,1644,505,1811.0,2057.0
int__tai20_20_04,1644,506,1821.0,2049.0
int__tai20_20_04,1644,507,1842.0,2073.0
int__tai20_20_04,1644,508,1883.0,2143.0
int__tai20_20_04,1644,509,1838.0,2085.0
int__tai20_20_04,1644,510,1846.0,2075.0
int__tai20_20_04,1644,511,1798.0,2064.0
int__tai20_20_04,1644,512,1812.0,2071.0
int__tai20_20_04,1644,513,1827.0,2044.0
int__tai20_20_04,1644,514,1730.0,1994.0
int__tai20_20_04,1644,515,1812.0,2048.0
int__tai20_20_04,1644,516,1822.0,2087.0
int__tai20_20_04,1644,517,1813.0,2040.0
int__tai20_20_04,1644,518,1843.0,2112.0
int__tai20_20_04,1644,519,1824.0,2071.0
int__tai20_20_04,1644,520,1844.0,2095.0
int__tai20_20_04,1644,521,1843.0,2091.0
int__tai20_20_04,1644,522,1824.0,2073.0
int__tai20_20_04,1644,523,1864.0,2101.0
int__tai20_20_04,1644,524,1870.0,2104.0
int__tai20_20_04,1644,525,1867.0,2141.0
int__tai20_20_04,1644,526,1817.0,2057.0
int__tai20_20_04,1644,527,1846.0,2067.0
int__tai20_20_04,1644,528,1946.0,2131.0
int__tai20_20_04,1644,529,1872.0,2121.0
int__tai20_20_04,1644,530,1956.0,2231.0
int__tai20_20_04,1644,531,1853.0,2136.0
int__tai20_20_04,1644,532,1809.0,2041.0
int__tai20_20_04,1644,533,1911.0,2110.0
int__tai20_20_04,1644,534,1902.0,2135.0
int__tai20_20_04,1644,535,1741.0,1981.0
int__tai20_20_04,1644,536,1804.0,2071.0
int__tai20_20_04,1644,537,1840.0,2102.0
int__tai20_20_04,1644,538,1911.0,2210.0
int__tai20_20_04,1644,539,1748.0,1989.0
int__tai20_20_04,1644,540,1771.0,2012.0
int__tai20_20_04,1644,541,1837.0,2075.0
int__tai20_20_04,1644,542,1795.0,2052.0
int__tai20_20_04,1644,543,1798.0,2055.0
int__tai20_20_04,1644,544,1825.0,2075.0
int__tai20_20_04,1644,545,1869.0,2130.0
int__tai20_20_04,1644,546,1844.0,2116.0
int__tai20_20_04,1644,547,1796.0,2025.0
int__tai20_20_04,1644,548,1795.0,2012.0
int__tai20_20_04,1644,549,1827.0,2060.0
int__tai20_20_04,1644,550,1829.0,2061.0
int__tai20_20_04,1644,551,1854.0,2126.0
int__tai20_20_04,1644,552,1957.0,2160.0
int__tai20_20_04,1644,553,1828.0,2057.0
int__tai20_20_04,1644,554,1816.0,2088.0
int__tai20_20_04,1644,555,1781.0,2027.0
int__tai20_20_04,1644,556,1776.0,2026.0
int__tai20_20_04,1644,557,1852.0,2077.0
int__tai20_20_04,1644,558,1842.0,2098.0
int__tai20_20_04,1644,559,1821.0,2055.0
int__tai20_20_04,1644,560,1853.0,2073.0
int__tai20_20_04,1644,561,1817.0,2072.0
int__tai20_20_04,1644,562,1892.0,2166.0
int__tai20_20_04,1644,563,1846.0,2078.0
int__tai20_20_04,1644,564,1829.0,2059.0
int__tai20_20_04,1644,565,1819.0,2026.0
int__tai20_20_04,1644,566,1936.0,2160.0
int__tai20_20_04,1644,567,1886.0,2132.0
int__tai20_20_04,1644,568,1854.0,2098.0
int__tai20_20_04,1644,569,1773.0,2026.0
int__tai20_20_04,1644,570,1845.0,2060.0
int__tai20_20_04,1644,571,1985.0,2240.0
int__tai20_20_04,1644,572,1862.0,2129.0
int__tai20_20_04,1644,573,1884.0,2098.0
int__tai20_20_04,1644,574,1812.0,2056.0
int__tai20_20_04,1644,575,1835.0,2076.0
int__tai20_20_04,1644,576,1826.0,2062.0
int__tai20_20_04,1644,577,1824.0,2022.0
int__tai20_20_04,1644,578,1911.0,2137.0
int__tai20_20_04,1644,579,1934.0,2189.0
int__tai20_20_04,1644,580,1818.0,2058.0
int__tai20_20_04,1644,581,1865.0,2091.0
int__tai20_20_04,1644,582,1883.0,2199.0
int__tai20_20_04,1644,583,1886.0,2102.0
int__tai20_20_04,1644,584,1769.0,2000.0
int__tai20_20_04,1644,585,1833.0,2091.0
int__tai20_20_04,1644,586,1926.0,2157.0
int__tai20_20_04,1644,587,1826.0,2069.0
int__tai20_20_04,1644,588,1839.0,2109.0
int__tai20_20_04,1644,589,1793.0,2031.0
int__tai20_20_04,1644,590,1813.0,2041.0
int__tai20_20_04,1644,591,1776.0,2004.0
int__tai20_20_04,1644,592,1736.0,1982.0
int__tai20_20_04,1644,593,1820.0,2050.0
int__tai20_20_04,1644,594,1906.0,2163.0
int__tai20_20_04,1644,595,1817.0,2041.0
int__tai20_20_04,1644,596,1834.0,2068.0
int__tai20_20_04,1644,597,1779.0,2021.0
int__tai20_20_04,1644,598,1847.0,2065.0
int__tai20_20_04,1644,599,1843.0,2134.0
int__tai20_20_04,1644,600,1795.0,2045.0
int__tai20_20_04,1644,601,1809.0,2077.0
int__tai20_20_04,1644,602,1880.0,2141.0
int__tai20_20_04,1644,603,1777.0,2024.0
int__tai20_20_04,1644,604,1978.0,2272.0
int__tai20_20_04,1644,605,1875.0,2112.0
int__tai20_20_04,1644,606,1826.0,2079.0
int__tai20_20_04,1644,607,1930.0,2172.0
int__tai20_20_04,1644,608,1804.0,2054.0
int__tai20_20_04,1644,609,1823.0,2051.0
int__tai20_20_04,1644,610,1808.0,2062.0
int__tai20_20_04,1644,611,1874.0,2112.0
int__tai20_20_04,1644,612,1902.0,2160.0
int__tai20_20_04,1644,613,1821.0,2089.0
int__tai20_20_04,1644,614,1867.0,2124.0
int__tai20_20_04,1644,615,1816.0,2055.0
int__tai20_20_04,1644,616,1890.0,2125.0
int__tai20_20_04,1644,617,1969.0,2226.0
int__tai20_20_04,1644,618,1759.0,2006.0
int__tai20_20_04,1644,619,1786.0,2035.0
int__tai20_20_04,1644,620,1871.0,2153.0
int__tai20_20_04,1644,621,1836.0,2058.0
int__tai20_20_04,1644,622,1849.0,2047.0
int__tai20_20_04,1644,623,1849.0,2090.0
int__tai20_20_04,1644,624,1896.0,2198.0
int__tai20_20_04,1644,625,1878.0,2095.0
int__tai20_20_04,1644,626,1856.0,2117.0
int__tai20_20_04,1644,627,1837.0,2020.0
int__tai20_20_04,1644,628,1810.0,2047.0
int__tai20_20_04,1644,629,1804.0,2083.0
int__tai20_20_04,1644,630,1781.0,2027.0
int__tai20_20_04,1644,631,1841.0,2057.0
int__tai20_20_04,1644,632,1818.0,2036.0
int__tai20_20_04,1644,633,1911.0,2156.0
int__tai20_20_04,1644,634,1767.0,1998.0
int__tai20_20_04,1644,635,1884.0,2096.0
int__tai20_20_04,1644,636,1806.0,2036.0
int__tai20_20_04,1644,637,1876.0,2155.0
int__tai20_20_04,1644,638,1888.0,2118.0
int__tai20_20_04,1644,639,1902.0,2153.0
int__tai20_20_04,1644,640,1839.0,2074.0
int__tai20_20_04,1644,641,1793.0,2064.0
int__tai20_20_04,1644,642,1827.0,2101.0
int__tai20_20_04,1644,643,1885.0,2146.0
int__tai20_20_04,1644,644,1882.0,2109.0
int__tai20_20_04,1644,645,1826.0,2056.0
int__tai20_20_04,1644,646,1845.0,2056.0
int__tai20_20_04,1644,647,1867.0,2085.0
int__tai20_20_04,1644,648,1749.0,1983.0
int__tai20_20_04,1644,649,1902.0,2128.0
int__tai20_20_04,1644,650,1817.0,2057.0
int__tai20_20_04,1644,651,1889.0,2087.0
int__tai20_20_04,1644,652,1814.0,2050.0
int__tai20_20_04,1644,653,1904.0,2138.0
int__tai20_20_04,1644,654,1847.0,2129.0
int__tai20_20_04,1644,655,1824.0,2068.0
int__tai20_20_04,1644,656,1893.0,2144.0
int__tai20_20_04,1644,657,1811.0,2035.0
int__tai20_20_04,1644,658,1876.0,2111.0
int__tai20_20_04,1644,659,1726.0,1961.0
int__tai20_20_04,1644,660,1762.0,2032.0
int__tai20_20_04,1644,661,1915.0,2127.0
int__tai20_20_04,1644,662,1845.0,2079.0
int__tai20_20_04,1644,663,1744.0,1986.0
int__tai20_20_04,1644,664,1869.0,2119.0
int__tai20_20_04,1644,665,1959.0,2241.0
int__tai20_20_04,1644,666,1817.0,2030.0
int__tai20_20_04,1644,667,1862.0,2095.0
int__tai20_20_04,1644,668,1835.0,2085.0
int__tai20_20_04,1644,669,1865.0,2108.0
int__tai20_20_04,1644,670,1949.0,2180.0
int__tai20_20_04,1644,671,1767.0,1975.0
int__tai20_20_04,1644,672,1767.0,2032.0
int__tai20_20_04,1644,673,1847.0,2154.0
int__tai20_20_04,1644,674,1849.0,2078.0
int__tai20_20_04,1644,675,1834.0,2109.0
int__tai20_20_04,1644,676,1767.0,2023.0
int__tai20_20_04,1644,677,1773.0,2000.0
int__tai20_20_04,1644,678,1833.0,2097.0
int__tai20_20_04,1644,679,1776.0,2029.0
int__tai20_20_04,1644,680,1868.0,2109.0
int__tai20_20_04,1644,681,1843.0,2099.0
int__tai20_20_04,1644,682,1804.0,2044.0
int__tai20_20_04,1644,683,1805.0,2050.0
int__tai20_20_04,1644,684,1882.0,2076.0
int__tai20_20_04,1644,685,1931.0,2183.0
int__tai20_20_04,1644,686,1853.0,2117.0
int__tai20_20_04,1644,687,1797.0,2002.0
int__tai20_20_04,1644,688,1925.0,2181.0
int__tai20_20_04,1644,689,1907.0,2197.0
int__tai20_20_04,1644,690,1789.0,2017.0
int__tai20_20_04,1644,691,1935.0,2176.0
int__tai20_20_04,1644,692,1826.0,2056.0
int__tai20_20_04,1644,693,1840.0,2083.0
int__tai20_20_04,1644,694,1834.0,2057.0
int__tai20_20_04,1644,695,1793.0,1982.0
int__tai20_20_04,1644,696,1902.0,2148.0
int__tai20_20_04,1644,697,1843.0,2099.0
int__tai20_20_04,1644,698,1825.0,2084.0
int__tai20_20_04,1644,699,1804.0,2034.0
int__tai20_20_04,1644,700,1819.0,2035.0
int__tai20_20_04,1644,701,1817.0,2091.0
int__tai20_20_04,1644,702,1790.0,2032.0
int__tai20_20_04,1644,703,1787.0,2030.0
int__tai20_20_04,1644,704,1746.0,1993.0
int__tai20_20_04,1644,705,1791.0,2051.0
int__tai20_20_04,1644,706,1857.0,2070.0
int__tai20_20_04,1644,707,1809.0,2070.0
int__tai20_20_04,1644,708,1804.0,2030.0
int__tai20_20_04,1644,709,1795.0,2027.0
int__tai20_20_04,1644,710,1845.0,2083.0
int__tai20_20_04,1644,711,1801.0,1998.0
int__tai20_20_04,1644,712,1866.0,2119.0
int__tai20_20_04,1644,713,1802.0,2036.0
int__tai20_20_04,1644,714,1846.0,2082.0
int__tai20_20_04,1644,715,1796.0,2028.0
int__tai20_20_04,1644,716,1864.0,2118.0
int__tai20_20_04,1644,717,1751.0,1983.0
int__tai20_20_04,1644,718,1878.0,2112.0
int__tai20_20_04,1644,719,1846.0,2090.0
int__tai20_20_04,1644,720,1814.0,2026.0
int__tai20_20_04,1644,721,1807.0,2039.0
int__tai20_20_04,1644,722,1871.0,2081.0
int__tai20_20_04,1644,723,1769.0,1996.0
int__tai20_20_04,1644,724,1830.0,2074.0
int__tai20_20_04,1644,725,1784.0,2039.0
int__tai20_20_04,1644,726,1856.0,2116.0
int__tai20_20_04,1644,727,1903.0,2156.0
int__tai20_20_04,1644,728,1848.0,2074.0
int__tai20_20_04,1644,729,1937.0,2186.0
int__tai20_20_04,1644,730,1822.0,2071.0
int__tai20_20_04,1644,731,1795.0,2105.0
int__tai20_20_04,1644,732,1821.0,2085.0
int__tai20_20_04,1644,733,1781.0,2022.0
int__tai20_20_04,1644,734,1858.0,2104.0
int__tai20_20_04,1644,735,1822.0,2054.0
int__tai20_20_04,1644,736,1801.0,2008.0
int__tai20_20_04,1644,737,1800.0,2060.0
int__tai20_20_04,1644,738,1773.0,2013.0
int__tai20_20_04,1644,739,1824.0,2098.0
int__tai20_20_04,1644,740,1917.0,2175.0
int__tai20_20_04,1644,741,1807.0,2049.0
int__tai20_20_04,1644,742,1874.0,2096.0
int__tai20_20_04,1644,743,1911.0,2143.0
int__tai20_20_04,1644,744,1785.0,2006.0
int__tai20_20_04,1644,745,1848.0,2103.0
int__tai20_20_04,1644,746,1856.0,2089.0
int__tai20_20_04,1644,747,1891.0,2128.0
int__tai20_20_04,1644,748,1855.0,2092.0
int__tai20_20_04,1644,749,1820.0,2051.0
int__tai20_20_04,1644,750,1821.0,2077.0
int__tai20_20_04,1644,751,1856.0,2090.0
int__tai20_20_04,1644,752,1769.0,2016.0
int__tai20_20_04,1644,753,1767.0,2021.0
int__tai20_20_04,1644,754,1872.0,2119.0
int__tai20_20_04,1644,755,1842.0,2054.0
int__tai20_20_04,1644,756,1841.0,2049.0
int__tai20_20_04,1644,757,1842.0,2071.0
int__tai20_20_04,1644,758,1824.0,2012.0
int__tai20_20_04,1644,759,1837.0,2081.0
int__tai20_20_04,1644,760,1793.0,2065.0
int__tai20_20_04,1644,761,1844.0,2126.0
int__tai20_20_04,1644,762,1762.0,2003.0
int__tai20_20_04,1644,763,1919.0,2174.0
int__tai20_20_04,1644,764,1837.0,2083.0
int__tai20_20_04,1644,765,1837.0,2060.0
int__tai20_20_04,1644,766,1821.0,2054.0
int__tai20_20_04,1644,767,1920.0,2181.0
int__tai20_20_04,1644,768,1858.0,2136.0
int__tai20_20_04,1644,769,1803.0,2034.0
int__tai20_20_04,1644,770,1779.0,1992.0
int__tai20_20_04,1644,771,1830.0,2104.0
int__tai20_20_04,1644,772,1781.0,2031.0
int__tai20_20_04,1644,773,1977.0,2235.0
int__tai20_20_04,1644,774,1859.0,2131.0
int__tai20_20_04,1644,775,1870.0,2100.0
int__tai20_20_04,1644,776,1779.0,2015.0
int__tai20_20_04,1644,777,1834.0,2046.0
int__tai20_20_04,1644,778,1883.0,2120.0
int__tai20_20_04,1644,779,1863.0,2079.0
int__tai20_20_04,1644,780,1784.0,2046.0
int__tai20_20_04,1644,781,1835.0,2042.0
int__tai20_20_04,1644,782,2051.0,2345.0
int__tai20_20_04,1644,783,1787.0,2017.0
int__tai20_20_04,1644,784,1860.0,2128.0
int__tai20_20_04,1644,785,1841.0,2062.0
int__tai20_20_04,1644,786,1828.0,2103.0
int__tai20_20_04,1644,787,1979.0,2175.0
int__tai20_20_04,1644,788,1784.0,2015.0
int__tai20_20_04,1644,789,1772.0,1992.0
int__tai20_20_04,1644,790,1758.0,1999.0
int__tai20_20_04,1644,791,1852.0,2107.0
int__tai20_20_04,1644,792,1838.0,2064.0
int__tai20_20_04,1644,793,1836.0,2067.0
int__tai20_20_04,1644,794,1887.0,2105.0
int__tai20_20_04,1644,795,1799.0,2057.0
int__tai20_20_04,1644,796,1826.0,2037.0
int__tai20_20_04,1644,797,1847.0,2095.0
int__tai20_20_04,1644,798,1919.0,2137.0
int__tai20_20_04,1644,799,1858.0,2103.0
int__tai20_20_04,1644,800,1827.0,2070.0
int__tai20_20_04,1644,801,1911.0,2215.0
int__tai20_20_04,1644,802,1904.0,2131.0
int__tai20_20_04,1644,803,1802.0,2062.0
int__tai20_20_04,1644,804,1779.0,2005.0
int__tai20_20_04,1644,805,1818.0,2081.0
int__tai20_20_04,1644,806,1943.0,2197.0
int__tai20_20_04,1644,807,1813.0,2062.0
int__tai20_20_04,1644,808,1853.0,2077.0
int__tai20_20_04,1644,809,1834.0,2103.0
int__tai20_20_04,1644,810,1866.0,2142.0
int__tai20_20_04,1644,811,1793.0,2061.0
int__tai20_20_04,1644,812,1919.0,2172.0
int__tai20_20_04,1644,813,1793.0,2041.0
int__tai20_20_04,1644,814,1789.0,2005.0
int__tai20_20_04,1644,815,1801.0,2051.0
int__tai20_20_04,1644,816,1794.0,2048.0
int__tai20_20_04,1644,817,1900.0,2178.0
int__tai20_20_04,1644,818,1912.0,2162.0
int__tai20_20_04,1644,819,1838.0,2079.0
int__tai20_20_04,1644,820,1876.0,2106.0
int__tai20_20_04,1644,821,1877.0,2111.0
int__tai20_20_04,1644,822,1808.0,2054.0
int__tai20_20_04,1644,823,1818.0,2017.0
int__tai20_20_04,1644,824,1848.0,2111.0
int__tai20_20_04,1644,825,1928.0,2156.0
int__tai20_20_04,1644,826,1960.0,2227.0
int__tai20_20_04,1644,827,1899.0,2140.0
int__tai20_20_04,1644,828,1865.0,2143.0
int__tai20_20_04,1644,829,1785.0,2048.0
int__tai20_20_04,1644,830,1750.0,2007.0
int__tai20_20_04,1644,831,1895.0,2164.0
int__tai20_20_04,1644,832,1846.0,2099.0
int__tai20_20_04,1644,833,1815.0,2035.0
int__tai20_20_04,1644,834,1808.0,2038.0
int__tai20_20_04,1644,835,1882.0,2132.0
int__tai20_20_04,1644,836,1928.0,2160.0
int__tai20_20_04,1644,837,1883.0,2079.0
int__tai20_20_04,1644,838,1819.0,2057.0
int__tai20_20_04,1644,839,1826.0,2083.0
int__tai20_20_04,1644,840,1870.0,2105.0
int__tai20_20_04,1644,841,1797.0,2055.0
int__tai20_20_04,1644,842,1841.0,2033.0
int__tai20_20_04,1644,843,1797.0,2029.0
int__tai20_20_04,1644,844,1838.0,2104.0
int__tai20_20_04,1644,845,1848.0,2063.0
int__tai20_20_04,1644,846,1903.0,2117.0
int__tai20_20_04,1644,847,1802.0,2037.0
int__tai20_20_04,1644,848,1760.0,2057.0
int__tai20_20_04,1644,849,1913.0,2174.0
int__tai20_20_04,1644,850,1759.0,2002.0
int__tai20_20_04,1644,851,1863.0,2141.0
int__tai20_20_04,1644,852,1899.0,2186.0
int__tai20_20_04,1644,853,1851.0,2131.0
int__tai20_20_04,1644,854,1803.0,2024.0
int__tai20_20_04,1644,855,1810.0,2051.0
int__tai20_20_04,1644,856,1804.0,2042.0
int__tai20_20_04,1644,857,1863.0,2147.0
int__tai20_20_04,1644,858,1865.0,2136.0
int__tai20_20_04,1644,859,1797.0,2040.0
int__tai20_20_04,1644,860,1832.0,2109.0
int__tai20_20_04,1644,861,1882.0,2128.0
int__tai20_20_04,1644,862,1856.0,2049.0
int__tai20_20_04,1644,863,1871.0,2089.0
int__tai20_20_04,1644,864,1796.0,2059.0
int__tai20_20_04,1644,865,1794.0,2053.0
int__tai20_20_04,1644,866,1923.0,2122.0
int__tai20_20_04,1644,867,1828.0,2072.0
int__tai20_20_04,1644,868,1806.0,2009.0
int__tai20_20_04,1644,869,1803.0,2059.0
int__tai20_20_04,1644,870,1853.0,2092.0
int__tai20_20_04,1644,871,1823.0,2092.0
int__tai20_20_04,1644,872,1897.0,2141.0
int__tai20_20_04,1644,873,1923.0,2159.0
int__tai20_20_04,1644,874,1907.0,2125.0
int__tai20_20_04,1644,875,1911.0,2149.0
int__tai20_20_04,1644,876,1862.0,2117.0
int__tai20_20_04,1644,877,2054.0,2373.0
int__tai20_20_04,1644,878,1903.0,2141.0
int__tai20_20_04,1644,879,1844.0,2075.0
int__tai20_20_04,1644,880,1803.0,2000.0
int__tai20_20_04,1644,881,1901.0,2084.0
int__tai20_20_04,1644,882,1810.0,2090.0
int__tai20_20_04,1644,883,1812.0,2044.0
int__tai20_20_04,1644,884,1797.0,2036.0
int__tai20_20_04,1644,885,1919.0,2168.0
int__tai20_20_04,1644,886,1808.0,2010.0
int__tai20_20_04,1644,887,1830.0,2086.0
int__tai20_20_04,1644,888,1829.0,2088.0
int__tai20_20_04,1644,889,1909.0,2200.0
int__tai20_20_04,1644,890,1862.0,2121.0
int__tai20_20_04,1644,891,1878.0,2083.0
int__tai20_20_04,1644,892,1799.0,2032.0
int__tai20_20_04,1644,893,1859.0,2111.0
int__tai20_20_04,1644,894,2118.0,2370.0
int__tai20_20_04,1644,895,1808.0,2052.0
int__tai20_20_04,1644,896,1808.0,2038.0
int__tai20_20_04,1644,897,1873.0,2071.0
int__tai20_20_04,1644,898,1937.0,2207.0
int__tai20_20_04,1644,899,1890.0,2115.0
int__tai20_20_04,1644,900,1842.0,2100.0
int__tai20_20_04,1644,901,1773.0,2045.0
int__tai20_20_04,1644,902,1885.0,2121.0
int__tai20_20_04,1644,903,1861.0,2123.0
int__tai20_20_04,1644,904,1762.0,2016.0
int__tai20_20_04,1644,905,1917.0,2142.0
int__tai20_20_04,1644,906,1816.0,2070.0
int__tai20_20_04,1644,907,1872.0,2110.0
int__tai20_20_04,1644,908,1846.0,2116.0
int__tai20_20_04,1644,909,1941.0,2200.0
int__tai20_20_04,1644,910,1825.0,2047.0
int__tai20_20_04,1644,911,1815.0,2037.0
int__tai20_20_04,1644,912,1782.0,2049.0
int__tai20_20_04,1644,913,1790.0,2036.0
int__tai20_20_04,1644,914,1867.0,2072.0
int__tai20_20_04,1644,915,1854.0,2084.0
int__tai20_20_04,1644,916,1818.0,2041.0
int__tai20_20_04,1644,917,1833.0,2071.0
int__tai20_20_04,1644,918,1822.0,2099.0
int__tai20_20_04,1644,919,1814.0,2062.0
int__tai20_20_04,1644,920,1844.0,2092.0
int__tai20_20_04,1644,921,1834.0,2102.0
int__tai20_20_04,1644,922,1825.0,2070.0
int__tai20_20_04,1644,923,1992.0,2194.0
int__tai20_20_04,1644,924,1787.0,2013.0
int__tai20_20_04,1644,925,1848.0,2090.0
int__tai20_20_04,1644,926,1793.0,2063.0
int__tai20_20_04,1644,927,1867.0,2073.0
int__tai20_20_04,1644,928,1817.0,2037.0
int__tai20_20_04,1644,929,1798.0,2069.0
int__tai20_20_04,1644,930,1826.0,2056.0
int__tai20_20_04,1644,931,1949.0,2169.0
int__tai20_20_04,1644,932,1783.0,2041.0
int__tai20_20_04,1644,933,1818.0,2070.0
int__tai20_20_04,1644,934,1932.0,2157.0
int__tai20_20_04,1644,935,1876.0,2094.0
int__tai20_20_04,1644,936,1853.0,2081.0
int__tai20_20_04,1644,937,1838.0,2036.0
int__tai20_20_04,1644,938,1795.0,2025.0
int__tai20_20_04,1644,939,1880.0,2104.0
int__tai20_20_04,1644,940,1803.0,2022.0
int__tai20_20_04,1644,941,1970.0,2200.0
int__tai20_20_04,1644,942,1847.0,2103.0
int__tai20_20_04,1644,943,1777.0,2032.0
int__tai20_20_04,1644,944,1974.0,2289.0
int__tai20_20_04,1644,945,1855.0,2072.0
int__tai20_20_04,1644,946,1899.0,2125.0
int__tai20_20_04,1644,947,1845.0,2113.0
int__tai20_20_04,1644,948,1851.0,2081.0
int__tai20_20_04,1644,949,1811.0,2074.0
int__tai20_20_04,1644,950,1805.0,2037.0
int__tai20_20_04,1644,951,1822.0,2056.0
int__tai20_20_04,1644,952,1840.0,2090.0
int__tai20_20_04,1644,953,1867.0,2139.0
int__tai20_20_04,1644,954,1806.0,2060.0
int__tai20_20_04,1644,955,1853.0,2069.0
int__tai20_20_04,1644,956,1844.0,2091.0
int__tai20_20_04,1644,957,1878.0,2120.0
int__tai20_20_04,1644,958,1882.0,2126.0
int__tai20_20_04,1644,959,1814.0,2090.0
int__tai20_20_04,1644,960,1846.0,2080.0
int__tai20_20_04,1644,961,1904.0,2178.0
int__tai20_20_04,1644,962,1868.0,2118.0
int__tai20_20_04,1644,963,1820.0,2086.0
int__tai20_20_04,1644,964,1793.0,2012.0
int__tai20_20_04,1644,965,1793.0,2019.0
int__tai20_20_04,1644,966,1794.0,2026.0
int__tai20_20_04,1644,967,1863.0,2087.0
int__tai20_20_04,1644,968,1851.0,2061.0
int__tai20_20_04,1644,969,1816.0,2075.0
int__tai20_20_04,1644,970,1809.0,2054.0
int__tai20_20_04,1644,971,1866.0,2084.0
int__tai20_20_04,1644,972,1936.0,2180.0
int__tai20_20_04,1644,973,1821.0,2023.0
int__tai20_20_04,1644,974,1785.0,1999.0
int__tai20_20_04,1644,975,1808.0,2020.0
int__tai20_20_04,1644,976,1827.0,2051.0
int__tai20_20_04,1644,977,1938.0,2229.0
int__tai20_20_04,1644,978,1750.0,1983.0
int__tai20_20_04,1644,979,1788.0,2052.0
int__tai20_20_04,1644,980,1847.0,2035.0
int__tai20_20_04,1644,981,1913.0,2165.0
int__tai20_20_04,1644,982,1824.0,2078.0
int__tai20_20_04,1644,983,1820.0,2075.0
int__tai20_20_04,1644,984,1746.0,1983.0
int__tai20_20_04,1644,985,1798.0,2043.0
int__tai20_20_04,1644,986,1900.0,2152.0
int__tai20_20_04,1644,987,1773.0,1996.0
int__tai20_20_04,1644,988,1806.0,2031.0
int__tai20_20_04,1644,989,1835.0,2080.0
int__tai20_20_04,1644,990,1779.0,2040.0
int__tai20_20_04,1644,991,1835.0,2066.0
int__tai20_20_04,1644,992,1850.0,2094.0
int__tai20_20_04,1644,993,1811.0,2077.0
int__tai20_20_04,1644,994,1823.0,2055.0
int__tai20_20_04,1644,995,1938.0,2156.0
int__tai20_20_04,1644,996,1844.0,2085.0
int__tai20_20_04,1644,997,1815.0,2083.0
int__tai20_20_04,1644,998,1883.0,2165.0
int__tai20_20_04,1644,999,1863.0,2124.0
int__tai20_20_04,1644,1000,1902.0,2169.0
int__tai20_20_04,1644,1001,1829.0,2072.0
int__tai20_20_04,1644,1002,1758.0,2002.0
int__tai20_20_04,1644,1003,1813.0,2038.0
int__tai20_20_04,1644,1004,1860.0,2123.0
int__tai20_20_04,1644,1005,1762.0,2021.0
int__tai20_20_04,1644,1006,1794.0,2060.0
int__tai20_20_04,1644,1007,1844.0,2048.0
int__tai20_20_04,1644,1008,1835.0,2102.0
int__tai20_20_04,1644,1009,1788.0,2053.0
int__tai20_20_04,1644,1010,1808.0,2070.0
int__tai20_20_04,1644,1011,1802.0,2039.0
int__tai20_20_04,1644,1012,1941.0,2154.0
int__tai20_20_04,1644,1013,1995.0,2198.0
int__tai20_20_04,1644,1014,1843.0,2054.0
int__tai20_20_04,1644,1015,1874.0,2150.0
int__tai20_20_04,1644,1016,1827.0,2061.0
int__tai20_20_04,1644,1017,1846.0,2107.0
int__tai20_20_04,1644,1018,1851.0,2084.0
int__tai20_20_04,1644,1019,1888.0,2100.0
int__tai20_20_04,1644,1020,1821.0,2028.0
int__tai20_20_04,1644,1021,1945.0,2210.0
int__tai20_20_04,1644,1022,1772.0,2027.0
int__tai20_20_04,1644,1023,1814.0,2070.0
int__tai20_20_10,1528,0,1691.0,1884.0
int__tai20_20_10,1528,1,1900.0,2196.0
int__tai20_20_10,1528,2,1685.0,1880.0
int__tai20_20_10,1528,3,1773.0,1997.0
int__tai20_20_10,1528,4,1852.0,2048.0
int__tai20_20_10,1528,5,1826.0,2072.0
int__tai20_20_10,1528,6,1776.0,1996.0
int__tai20_20_10,1528,7,1759.0,1956.0
int__tai20_20_10,1528,8,1793.0,2024.0
int__tai20_20_10,1528,9,1865.0,2080.0
int__tai20_20_10,1528,10,1746.0,1958.0
int__tai20_20_10,1528,11,1833.0,2063.0
int__tai20_20_10,1528,12,1836.0,2036.0
int__tai20_20_10,1528,13,1801.0,1988.0
int__tai20_20_10,1528,14,1840.0,2084.0
int__tai20_20_10,1528,15,1807.0,2043.0
int__tai20_20_10,1528,16,1722.0,1907.0
int__tai20_20_10,1528,17,1777.0,1976.0
int__tai20_20_10,1528,18,1839.0,2071.0
int__tai20_20_10,1528,19,1922.0,2169.0
int__tai20_20_10,1528,20,1827.0,2030.0
int__tai20_20_10,1528,21,1761.0,1966.0
int__tai20_20_10,1528,22,1768.0,2021.0
int__tai20_20_10,1528,23,1818.0,2028.0
int__tai20_20_10,1528,24,1716.0,1939.0
int__tai20_20_10,1528,25,1855.0,2077.0
int__tai20_20_10,1528,26,1747.0,1937.0
int__tai20_20_10,1528,27,1737.0,1957.0
int__tai20_20_10,1528,28,1806.0,2024.0
int__tai20_20_10,1528,29,1875.0,2135.0
int__tai20_20_10,1528,30,1799.0,2018.0
int__tai20_20_10,1528,31,1819.0,2061.0
int__tai20_20_10,1528,32,1891.0,2114.0
int__tai20_20_10,1528,33,1802.0,2019.0
int__tai20_20_10,1528,34,1836.0,2064.0
int__tai20_20_10,1528,35,1817.0,2003.0
int__tai20_20_10,1528,36,1852.0,2092.0
int__tai20_20_10,1528,37,1824.0,2041.0
int__tai20_20_10,1528,38,1851.0,2112.0
int__tai20_20_10,1528,39,1799.0,2023.0
int__tai20_20_10,1528,40,1809.0,2045.0
int__tai20_20_10,1528,41,1862.0,2100.0
int__tai20_20_10,1528,42,1743.0,1952.0
int__tai20_20_10,1528,43,1827.0,2073.0
int__tai20_20_10,1528,44,1856.0,2045.0
int__tai20_20_10,1528,45,1775.0,1995.0
int__tai20_20_10,1528,46,1762.0,1970.0
int__tai20_20_10,1528,47,1846.0,2056.0
int__tai20_20_10,1528,48,1813.0,1987.0
int__tai20_20_10,1528,49,1882.0,2081.0
int__tai20_20_10,1528,50,1761.0,1993.0
int__tai20_20_10,1528,51,1757.0,1997.0
int__tai20_20_10,1528,52,1719.0,1930.0
int__tai20_20_10,1528,53,1835.0,2054.0
int__tai20_20_10,1528,54,1694.0,1916.0
int__tai20_20_10,1528,55,1803.0,2012.0
int__tai20_20_10,1528,56,1795.0,1990.0
int__tai20_20_10,1528,57,1785.0,2023.0
int__tai20_20_10,1528,58,1911.0,2115.0
int__tai20_20_10,1528,59,1800.0,2019.0
int__tai20_20_10,1528,60,1807.0,2028.0
int__tai20_20_10,1528,61,1814.0,2030.0
int__tai20_20_10,1528,62,1746.0,1986.0
int__tai20_20_10,1528,63,1748.0,1973.0
int__tai20_20_10,1528,64,1784.0,1994.0
int__tai20_20_10,1528,65,1780.0,1982.0
int__tai20_20_10,1528,66,1814.0,2014.0
int__tai20_20_10,1528,67,1696.0,1911.0
int__tai20_20_10,1528,68,1775.0,2004.0
int__tai20_20_10,1528,69,1785.0,1996.0
int__tai20_20_10,1528,70,1744.0,1944.0
int__tai20_20_10,1528,71,1784.0,2005.0
int__tai20_20_10,1528,72,1884.0,2134.0
int__tai20_20_10,1528,73,1772.0,1966.0
int__tai20_20_10,1528,74,1795.0,2029.0
int__tai20_20_10,1528,75,1725.0,1954.0
int__tai20_20_10,1528,76,1787.0,2048.0
int__tai20_20_10,1528,77,1783.0,1988.0
int__tai20_20_10,1528,78,1760.0,1953.0
int__tai20_20_10,1528,79,1865.0,2064.0
int__tai20_20_10,1528,80,1800.0,2056.0
int__tai20_20_10,1528,81,1862.0,2127.0
int__tai20_20_10,1528,82,1767.0,1972.0
int__tai20_20_10,1528,83,1831.0,2065.0
int__tai20_20_10,1528,84,1750.0,1972.0
int__tai20_20_10,1528,85,1883.0,2126.0
int__tai20_20_10,1528,86,1850.0,2072.0
int__tai20_20_10,1528,87,1893.0,2152.0
int__tai20_20_10,1528,88,1788.0,2010.0
int__tai20_20_10,1528,89,1797.0,2009.0
int__tai20_20_10,1528,90,1760.0,1986.0
int__tai20_20_10,1528,91,1731.0,1960.0
int__tai20_20_10,1528,92,1868.0,2068.0
int__tai20_20_10,1528,93,1820.0,2028.0
int__tai20_20_10,1528,94,1799.0,2006.0
int__tai20_20_10,1528,95,1794.0,2018.0
int__tai20_20_10,1528,96,1876.0,2138.0
int__tai20_20_10,1528,97,1788.0,1993.0
int__tai20_20_10,1528,98,1861.0,2079.0
int__tai20_20_10,1528,99,1820.0,2049.0
int__tai20_20_10,1528,100,1800.0,2039.0
int__tai20_20_10,1528,101,1723.0,1950.0
int__tai20_20_10,1528,102,1830.0,2040.0
int__tai20_20_10,1528,103,1799.0,2048.0
int__tai20_20_10,1528,104,1893.0,2127.0
int__tai20_20_10,1528,105,1810.0,2041.0
int__tai20_20_10,1528,106,1747.0,1976.0
int__tai20_20_10,1528,107,1767.0,1984.0
int__tai20_20_10,1528,108,1893.0,2134.0
int__tai20_20_10,1528,109,1889.0,2100.0
int__tai20_20_10,1528,110,1849.0,2101.0
int__tai20_20_10,1528,111,1766.0,1951.0
int__tai20_20_10,1528,112,1776.0,2014.0
int__tai20_20_10,1528,113,1824.0,2025.0
int__tai20_20_10,1528,114,1821.0,2047.0
int__tai20_20_10,1528,115,1737.0,1957.0
int__tai20_20_10,1528,116,1712.0,1962.0
int__tai20_20_10,1528,117,1888.0,2106.0
int__tai20_20_10,1528,118,1774.0,1997.0
int__tai20_20_10,1528,119,1741.0,1974.0
int__tai20_20_10,1528,120,1819.0,2073.0
int__tai20_20_10,1528,121,1816.0,2020.0
int__tai20_20_10,1528,122,1791.0,2048.0
int__tai20_20_10,1528,123,1791.0,2044.0
int__tai20_20_10,1528,124,1820.0,2036.0
int__tai20_20_10,1528,125,1745.0,1940.0
int__tai20_20_10,1528,126,1937.0,2158.0
int__tai20_20_10,1528,127,1908.0,2130.0
int__tai20_20_10,1528,128,1735.0,1921.0
int__tai20_20_10,1528,129,1766.0,2021.0
int__tai20_20_10,1528,130,1794.0,2018.0
int__tai20_20_10,1528,131,1696.0,1898.0
int__tai20_20_10,1528,132,1763.0,1933.0
int__tai20_20_10,1528,133,1781.0,1973.0
int__tai20_20_10,1528,134,1800.0,2013.0
int__tai20_20_10,1528,135,1936.0,2150.0
int__tai20_20_10,1528,136,1850.0,2054.0
int__tai20_20_10,1528,137,1770.0,1989.0
int__tai20_20_10,1528,138,1796.0,2021.0
int__tai20_20_10,1528,139,1836.0,2060.0
int__tai20_20_10,1528,140,1787.0,2015.0
int__tai20_20_10,1528,141,1784.0,2023.0
int__tai20_20_10,1528,142,1758.0,1991.0
int__tai20_20_10,1528,143,1800.0,2043.0
int__tai20_20_10,1528,144,1915.0,2113.0
int__tai20_20_10,1528,145,1858.0,2081.0
int__tai20_20_10,1528,146,1849.0,2097.0
int__tai20_20_10,1528,147,1799.0,2008.0
int__tai20_20_10,1528,148,1786.0,1989.0
int__tai20_20_10,1528,149,1837.0,2043.0
int__tai20_20_10,1528,150,1838.0,2021.0
int__tai20_20_10,1528,151,1758.0,1986.0
int__tai20_20_10,1528,152,1855.0,2082.0
int__tai20_20_10,1528,153,1846.0,2089.0
int__tai20_20_10,1528,154,1866.0,2103.0
int__tai20_20_10,1528,155,1769.0,2008.0
int__tai20_20_10,1528,156,1779.0,2022.0
int__tai20_20_10,1528,157,1763.0,1964.0
int__tai20_20_10,1528,158,1847.0,2060.0
int__tai20_20_10,1528,159,1801.0,2018.0
int__tai20_20_10,1528,160,1712.0,1976.0
int__tai20_20_10,1528,161,1803.0,2024.0
int__tai20_20_10,1528,162,1785.0,1997.0
int__tai20_20_10,1528,163,1791.0,1989.0
int__tai20_20_10,1528,164,1779.0,2020.0
int__tai20_20_10,1528,165,1944.0,2189.0
int__tai20_20_10,1528,166,1815.0,2071.0
int__tai20_20_10,1528,167,1813.0,2020.0
int__tai20_20_10,1528,168,1830.0,2047.0
int__tai20_20_10,1528,169,1720.0,1957.0
int__tai20_20_10,1528,170,1754.0,2001.0
int__tai20_20_10,1528,171,1876.0,2164.0
int__tai20_20_10,1528,172,1758.0,2032.0
int__tai20_20_10,1528,173,1970.0,2213.0
int__tai20_20_10,1528,174,1713.0,1933.0
int__tai20_20_10,1528,175,1788.0,2013.0
int__tai20_20_10,1528,176,1894.0,2130.0
int__tai20_20_10,1528,177,1859.0,2095.0
int__tai20_20_10,1528,178,1762.0,1987.0
int__tai20_20_10,1528,179,1859.0,2099.0
int__tai20_20_10,1528,180,1773.0,1971.0
int__tai20_20_10,1528,181,1853.0,2085.0
int__tai20_20_10,1528,182,1848.0,2109.0
int__tai20_20_10,1528,183,1907.0,2165.0
int__tai20_20_10,1528,184,1806.0,2027.0
int__tai20_20_10,1528,185,1751.0,1953.0
int__tai20_20_10,1528,186,1819.0,1995.0
int__tai20_20_10,1528,187,1797.0,2023.0
int__tai20_20_10,1528,188,1919.0,2142.0
int__tai20_20_10,1528,189,1762.0,1976.0
int__tai20_20_10,1528,190,1763.0,1975.0
int__tai20_20_10,1528,191,1852.0,2145.0
int__tai20_20_10,1528,192,1763.0,1970.0
int__tai20_20_10,1528,193,1705.0,1925.0
int__tai20_20_10,1528,194,1788.0,2020.0
int__tai20_20_10,1528,195,1814.0,2053.0
int__tai20_20_10,1528,196,1761.0,2001.0
int__tai20_20_10,1528,197,1811.0,2037.0
int__tai20_20_10,1528,198,1835.0,2033.0
int__tai20_20_10,1528,199,1788.0,2009.0
int__tai20_20_10,1528,200,1731.0,1953.0
int__tai20_20_10,1528,201,1808.0,2015.0
int__tai20_20_10,1528,202,1767.0,1975.0
int__tai20_20_10,1528,203,1769.0,1989.0
int__tai20_20_10,1528,204,1725.0,1926.0
int__tai20_20_10,1528,205,1787.0,2006.0
int__tai20_20_10,1528,206,1805.0,2010.0
int__tai20_20_10,1528,207,1770.0,1956.0
int__tai20_20_10,1528,208,1818.0,2030.0
int__tai20_20_10,1528,209,1837.0,2065.0
int__tai20_20_10,1528,210,1857.0,2096.0
int__tai20_20_10,1528,211,1966.0,2203.0
int__tai20_20_10,1528,212,1909.0,2178.0
int__tai20_20_10,1528,213,1843.0,2043.0
int__tai20_20_10,1528,214,1796.0,2009.0
int__tai20_20_10,1528,215,1805.0,2024.0
int__tai20_20_10,1528,216,1824.0,2037.0
int__tai20_20_10,1528,217,1856.0,2109.0
int__tai20_20_10,1528,218,1711.0,1935.0
int__tai20_20_10,1528,219,1964.0,2184.0
int__tai20_20_10,1528,220,1858.0,2061.0
int__tai20_20_10,1528,221,1810.0,2058.0
int__tai20_20_10,1528,222,1990.0,2266.0
int__tai20_20_10,1528,223,1734.0,1960.0
int__tai20_20_10,1528,224,1837.0,2062.0
int__tai20_20_10,1528,225,1767.0,1986.0
int__tai20_20_10,1528,226,1803.0,1997.0
int__tai20_20_10,1528,227,1766.0,1980.0
int__tai20_20_10,1528,228,1722.0,1938.0
int__tai20_20_10,1528,229,1927.0,2178.0
int__tai20_20_10,1528,230,1712.0,1943.0
int__tai20_20_10,1528,231,1783.0,1998.0
int__tai20_20_10,1528,232,1743.0,1977.0
int__tai20_20_10,1528,233,1742.0,1980.0
int__tai20_20_10,1528,234,1922.0,2160.0
int__tai20_20_10,1528,235,1781.0,1995.0
int__tai20_20_10,1528,236,1786.0,2005.0
int__tai20_20_10,1528,237,1755.0,1958.0
int__tai20_20_10,1528,238,1754.0,1936.0
int__tai20_20_10,1528,239,1804.0,2037.0
int__tai20_20_10,1528,240,1826.0,2068.0
int__tai20_20_10,1528,241,1786.0,1987.0
int__tai20_20_10,1528,242,1878.0,2088.0
int__tai20_20_10,1528,243,1760.0,1987.0
int__tai20_20_10,1528,244,1874.0,2091.0
int__tai20_20_10,1528,245,1765.0,1970.0
int__tai20_20_10,1528,246,1816.0,2039.0
int__tai20_20_10,1528,247,1814.0,2056.0
int__tai20_20_10,1528,248,1782.0,2018.0
int__tai20_20_10,1528,249,1871.0,2107.0
int__tai20_20_10,1528,250,1775.0,1984.0
int__tai20_20_10,1528,251,1730.0,1967.0
int__tai20_20_10,1528,252,1806.0,2031.0
int__tai20_20_10,1528,253,1753.0,1977.0
int__tai20_20_10,1528,254,1945.0,2188.0
int__tai20_20_10,1528,255,1834.0,2070.0
int__tai20_20_10,1528,256,1898.0,2137.0
int__tai20_20_10,1528,257,1825.0,2033.0
int__tai20_20_10,1528,258,1758.0,1938.0
int__tai20_20_10,1528,259,1793.0,2011.0
int__tai20_20_10,1528,260,1850.0,2101.0
int__tai20_20_10,1528,261,1792.0,1999.0
int__tai20_20_10,1528,262,1774.0,2029.0
int__tai20_20_10,1528,263,1787.0,1995.0
int__tai20_20_10,1528,264,1790.0,2033.0
int__tai20_20_10,1528,265,1794.0,2014.0
int__tai20_20_10,1528,266,1862.0,2068.0
int__tai20_20_10,1528,267,1840.0,2068.0
int__tai20_20_10,1528,268,1790.0,1987.0
int__tai20_20_10,1528,269,1749.0,1970.0
int__tai20_20_10,1528,270,1800.0,2012.0
int__tai20_20_10,1528,271,1783.0,2019.0
int__tai20_20_10,1528,272,1819.0,2054.0
int__tai20_20_10,1528,273,1764.0,2010.0
int__tai20_20_10,1528,274,1739.0,1947.0
int__tai20_20_10,1528,275,1742.0,1955.0
int__tai20_20_10,1528,276,1799.0,2032.0
int__tai20_20_10,1528,277,1773.0,1994.0
int__tai20_20_10,1528,278,1868.0,2107.0
int__tai20_20_10,1528,279,1775.0,2001.0
int__tai20_20_10,1528,280,1769.0,1984.0
int__tai20_20_10,1528,281,1752.0,1956.0
int__tai20_20_10,1528,282,1795.0,2023.0
int__tai20_20_10,1528,283,1834.0,2066.0
int__tai20_20_10,1528,284,1909.0,2167.0
int__tai20_20_10,1528,285,1823.0,2059.0
int__tai20_20_10,1528,286,1785.0,2012.0
int__tai20_20_10,1528,287,1744.0,1917.0
int__tai20_20_10,1528,288,1876.0,2126.0
int__tai20_20_10,1528,289,1865.0,2097.0
int__tai20_20_10,1528,290,1873.0,2091.0
int__tai20_20_10,1528,291,1794.0,2014.0
int__tai20_20_10,1528,292,1820.0,2047.0
int__tai20_20_10,1528,293,1899.0,2147.0
int__tai20_20_10,1528,294,1802.0,2024.0
int__tai20_20_10,1528,295,1743.0,1955.0
int__tai20_20_10,1528,296,1768.0,2014.0
int__tai20_20_10,1528,297,1762.0,1976.0
int__tai20_20_10,1528,298,1810.0,2015.0
int__tai20_20_10,1528,299,1738.0,1981.0
int__tai20_20_10,1528,300,1789.0,2014.0
int__tai20_20_10,1528,301,1673.0,1893.0
int__tai20_20_10,1528,302,1774.0,1972.0
int__tai20_20_10,1528,303,1928.0,2163.0
int__tai20_20_10,1528,304,1843.0,2093.0
int__tai20_20_10,1528,305,1907.0,2123.0
int__tai20_20_10,1528,306,1846.0,2078.0
int__tai20_20_10,1528,307,1821.0,2082.0
int__tai20_20_10,1528,308,1864.0,2101.0
int__tai20_20_10,1528,309,1743.0,1957.0
int__tai20_20_10,1528,310,1850.0,2124.0
int__tai20_20_10,1528,311,1807.0,2025.0
int__tai20_20_10,1528,312,1841.0,2076.0
int__tai20_20_10,1528,313,1746.0,1987.0
int__tai20_20_10,1528,314,1853.0,2077.0
int__tai20_20_10,1528,315,1768.0,1969.0
int__tai20_20_10,1528,316,1834.0,2062.0
int__tai20_20_10,1528,317,1876.0,2070.0
int__tai20_20_10,1528,318,1712.0,1919.0
int__tai20_20_10,1528,319,1794.0,2030.0
int__tai20_20_10,1528,320,1722.0,1929.0
int__tai20_20_10,1528,321,1801.0,2008.0
int__tai20_20_10,1528,322,1817.0,2039.0
int__tai20_20_10,1528,323,1811.0,2058.0
int__tai20_20_10,1528,324,1787.0,2015.0
int__tai20_20_10,1528,325,1793.0,2041.0
int__tai20_20_10,1528,326,1829.0,2070.0
int__tai20_20_10,1528,327,1869.0,2073.0
int__tai20_20_10,1528,328,1846.0,2075.0
int__tai20_20_10,1528,329,1876.0,2099.0
int__tai20_20_10,1528,330,1746.0,1983.0
int__tai20_20_10,1528,331,1857.0,2117.0
int__tai20_20_10,1528,332,1755.0,1943.0
int__tai20_20_10,1528,333,1823.0,2039.0
int__tai20_20_10,1528,334,1842.0,2066.0
int__tai20_20_10,1528,335,1721.0,1956.0
int__tai20_20_10,1528,336,1774.0,2006.0
int__tai20_20_10,1528,337,1812.0,2029.0
int__tai20_20_10,1528,338,1785.0,2038.0
int__tai20_20_10,1528,339,1847.0,2076.0
int__tai20_20_10,1528,340,1963.0,2212.0
int__tai20_20_10,1528,341,1787.0,2002.0
int__tai20_20_10,1528,342,1847.0,2080.0
int__tai20_20_10,1528,343,1717.0,1935.0
int__tai20_20_10,1528,344,1852.0,2073.0
int__tai20_20_10,1528,345,1761.0,1975.0
int__tai20_20_10,1528,346,1799.0,2018.0
int__tai20_20_10,1528,347,1867.0,2091.0
int__tai20_20_10,1528,348,1787.0,2028.0
int__tai20_20_10,1528,349,1889.0,2128.0
int__tai20_20_10,1528,350,1799.0,2059.0
int__tai20_20_10,1528,351,1836.0,2024.0
int__tai20_20_10,1528,352,1817.0,2015.0
int__tai20_20_10,1528,353,1812.0,2059.0
int__tai20_20_10,1528,354,1812.0,2003.0
int__tai20_20_10,1528,355,1778.0,1999.0
int__tai20_20_10,1528,356,1858.0,2070.0
int__tai20_20_10,1528,357,1831.0,2103.0
int__tai20_20_10,1528,358,1850.0,2091.0
int__tai20_20_10,1528,359,1832.0,2044.0
int__tai20_20_10,1528,360,1817.0,2027.0
int__tai20_20_10,1528,361,1746.0,1986.0
int__tai20_20_10,1528,362,1874.0,2086.0
int__tai20_20_10,1528,363,1735.0,1956.0
int__tai20_20_10,1528,364,1901.0,2150.0
int__tai20_20_10,1528,365,1764.0,1976.0
int__tai20_20_10,1528,366,1816.0,2035.0
int__tai20_20_10,1528,367,1796.0,2042.0
int__tai20_20_10,1528,368,1713.0,1916.0
int__tai20_20_10,1528,369,1931.0,2203.0
int__tai20_20_10,1528,370,1968.0,2203.0
int__tai20_20_10,1528,371,1779.0,2013.0
int__tai20_20_10,1528,372,1788.0,2025.0
int__tai20_20_10,1528,373,1828.0,2073.0
int__tai20_20_10,1528,374,1853.0,2097.0
int__tai20_20_10,1528,375,1746.0,1968.0
int__tai20_20_10,1528,376,1784.0,2000.0
int__tai20_20_10,1528,377,1766.0,2000.0
int__tai20_20_10,1528,378,1899.0,2102.0
int__tai20_20_10,1528,379,1934.0,2146.0
int__tai20_20_10,1528,380,1883.0,2140.0
int__tai20_20_10,1528,381,1786.0,1998.0
int__tai20_20_10,1528,382,1734.0,1957.0
int__tai20_20_10,1528,383,1846.0,2078.0
int__tai20_20_10,1528,384,1884.0,2085.0
int__tai20_20_10,1528,385,1791.0,2022.0
int__tai20_20_10,1528,386,1810.0,2008.0
int__tai20_20_10,1528,387,1802.0,2024.0
int__tai20_20_10,1528,388,1843.0,2083.0
int__tai20_20_10,1528,389,1813.0,2041.0
int__tai20_20_10,1528,390,1812.0,2054.0
int__tai20_20_10,1528,391,1742.0,1963.0
int__tai20_20_10,1528,392,1897.0,2133.0
int__tai20_20_10,1528,393,1823.0,2001.0
int__tai20_20_10,1528,394,1807.0,2018.0
int__tai20_20_10,1528,395,1907.0,2134.0
int__tai20_20_10,1528,396,1776.0,2015.0
int__tai20_20_10,1528,397,1788.0,2016.0
int__tai20_20_10,1528,398,1838.0,2043.0
int__tai20_20_10,1528,399,1859.0,2095.0
int__tai20_20_10,1528,400,1772.0,1967.0
int__tai20_20_10,1528,401,1782.0,2002.0
int__tai20_20_10,1528,402,1711.0,1895.0
int__tai20_20_10,1528,403,1791.0,1992.0
int__tai20_20_10,1528,404,1870.0,2095.0
int__tai20_20_10,1528,405,1847.0,2086.0
int__tai20_20_10,1528,406,1827.0,2088.0
int__tai20_20_10,1528,407,1846.0,2078.0
int__tai20_20_10,1528,408,1754.0,1982.0
int__tai20_20_10,1528,409,1783.0,1998.0
int__tai20_20_10,1528,410,1793.0,1996.0
int__tai20_20_10,1528,411,1876.0,2102.0
int__tai20_20_10,1528,412,1868.0,2106.0
int__tai20_20_10,1528,413,1860.0,2095.0
int__tai20_20_10,1528,414,1782.0,2005.0
int__tai20_20_10,1528,415,1788.0,2024.0
int__tai20_20_10,1528,416,1767.0,1978.0
int__tai20_20_10,1528,417,1738.0,1964.0
int__tai20_20_10,1528,418,1832.0,2062.0
int__tai20_20_10,1528,419,1917.0,2143.0
int__tai20_20_10,1528,420,1848.0,2089.0
int__tai20_20_10,1528,421,1890.0,2130.0
int__tai20_20_10,1528,422,1689.0,1883.0
int__tai20_20_10,1528,423,1784.0,2006.0
int__tai20_20_10,1528,424,1782.0,2035.0
int__tai20_20_10,1528,425,1933.0,2152.0
int__tai20_20_10,1528,426,1762.0,1964.0
int__tai20_20_10,1528,427,1732.0,1966.0
int__tai20_20_10,1528,428,1799.0,2015.0
int__tai20_20_10,1528,429,1845.0,2116.0
int__tai20_20_10,1528,430,1745.0,1919.0
int__tai20_20_10,1528,431,1898.0,2131.0
int__tai20_20_10,1528,432,1889.0,2150.0
int__tai20_20_10,1528,433,1806.0,2009.0
int__tai20_20_10,1528,434,1890.0,2124.0
int__tai20_20_10,1528,435,1781.0,2002.0
int__tai20_20_10,1528,436,1834.0,2032.0
int__tai20_20_10,1528,437,1784.0,2043.0
int__tai20_20_10,1528,438,1831.0,2057.0
int__tai20_20_10,1528,439,1786.0,1963.0
int__tai20_20_10,1528,440,1736.0,1949.0
int__tai20_20_10,1528,441,1830.0,2036.0
int__tai20_20_10,1528,442,1864.0,2102.0
int__tai20_20_10,1528,443,1811.0,2031.0
int__tai20_20_10,1528,444,1757.0,1980.0
int__tai20_20_10,1528,445,1870.0,2043.0
int__tai20_20_10,1528,446,1776.0,2022.0
int__tai20_20_10,1528,447,1715.0,1942.0
int__tai20_20_10,1528,448,1740.0,1971.0
int__tai20_20_10,1528,449,1823.0,2063.0
int__tai20_20_10,1528,450,1744.0,1932.0
int__tai20_20_10,1528,451,1796.0,2006.0
int__tai20_20_10,1528,452,1885.0,2089.0
int__tai20_20_10,1528,453,1716.0,1908.0
int__tai20_20_10,1528,454,1719.0,1934.0
int__tai20_20_10,1528,455,1799.0,2057.0
int__tai20_20_10,1528,456,1846.0,2053.0
int__tai20_20_10,1528,457,1777.0,2014.0
int__tai20_20_10,1528,458,1781.0,1981.0
int__tai20_20_10,1528,459,1776.0,1983.0
int__tai20_20_10,1528,460,1722.0,1923.0
int__tai20_20_10,1528,461,1791.0,2015.0
int__tai20_20_10,1528,462,1719.0,1929.0
int__tai20_20_10,1528,463,1757.0,1968.0
int__tai20_20_10,1528,464,1924.0,2130.0
int__tai20_20_10,1528,465,1862.0,2078.0
int__tai20_20_10,1528,466,1797.0,2001.0
int__tai20_20_10,1528,467,1870.0,2062.0
int__tai20_20_10,1528,468,1832.0,2058.0
int__tai20_20_10,1528,469,1830.0,2043.0
int__tai20_20_10,1528,470,1977.0,2195.0
int__tai20_20_10,1528,471,1754.0,1986.0
int__tai20_20_10,1528,472,1853.0,2068.0
int__tai20_20_10,1528,473,1809.0,2003.0
int__tai20_20_10,1528,474,1858.0,2100.0
int__tai20_20_10,1528,475,1911.0,2134.0
int__tai20_20_10,1528,476,1797.0,2038.0
int__tai20_20_10,1528,477,1755.0,1985.0
int__tai20_20_10,1528,478,1786.0,2033.0
int__tai20_20_10,1528,479,1884.0,2114.0
int__tai20_20_10,1528,480,1749.0,1924.0
int__tai20_20_10,1528,481,1837.0,2060.0
int__tai20_20_10,1528,482,1892.0,2123.0
int__tai20_20_10,1528,483,1910.0,2144.0
int__tai20_20_10,1528,484,1792.0,1993.0
int__tai20_20_10,1528,485,1800.0,2032.0
int__tai20_20_10,1528,486,1724.0,1908.0
int__tai20_20_10,1528,487,1940.0,2175.0
int__tai20_20_10,1528,488,1830.0,2060.0
int__tai20_20_10,1528,489,1843.0,2053.0
int__tai20_20_10,1528,490,1858.0,2116.0
int__tai20_20_10,1528,491,1785.0,2023.0
int__tai20_20_10,1528,492,1760.0,1962.0
int__tai20_20_10,1528,493,1796.0,2049.0
int__tai20_20_10,1528,494,1796.0,2016.0
int__tai20_20_10,1528,495,1803.0,2049.0
int__tai20_20_10,1528,496,1821.0,2024.0
int__tai20_20_10,1528,497,1757.0,1958.0
int__tai20_20_10,1528,498,1832.0,2060.0
int__tai20_20_10,1528,499,1859.0,2057.0
int__tai20_20_10,1528,500,1779.0,2012.0
int__tai20_20_10,1528,501,1794.0,2043.0
int__tai20_20_10,1528,502,1783.0,1976.0
int__tai20_20_10,1528,503,1850.0,2098.0
int__tai20_20_10,1528,504,1830.0,2066.0
int__tai20_20_10,1528,505,1728.0,1942.0
int__tai20_20_10,1528,506,1863.0,2092.0
int__tai20_20_10,1528,507,1869.0,2115.0
int__tai20_20_10,1528,508,1816.0,2029.0
int__tai20_20_10,1528,509,1849.0,2092.0
int__tai20_20_10,1528,510,1811.0,2045.0
int__tai20_20_10,1528,511,1733.0,1969.0
int__tai20_20_10,1528,512,1829.0,2085.0
int__tai20_20_10,1528,513,1806.0,2035.0
int__tai20_20_10,1528,514,1775.0,1996.0
int__tai20_20_10,1528,515,1792.0,2023.0
int__tai20_20_10,1528,516,1806.0,2018.0
int__tai20_20_10,1528,517,1777.0,1987.0
int__tai20_20_10,1528,518,1762.0,1980.0
int__tai20_20_10,1528,519,1770.0,1998.0
int__tai20_20_10,1528,520,1848.0,2088.0
int__tai20_20_10,1528,521,1714.0,1924.0
int__tai20_20_10,1528,522,1797.0,2021.0
int__tai20_20_10,1528,523,1848.0,2082.0
int__tai20_20_10,1528,524,1786.0,1980.0
int__tai20_20_10,1528,525,1800.0,2032.0
int__tai20_20_10,1528,526,1850.0,2106.0
int__tai20_20_10,1528,527,1788.0,2028.0
int__tai20_20_10,1528,528,1814.0,2044.0
int__tai20_20_10,1528,529,1737.0,1979.0
int__tai20_20_10,1528,530,1802.0,2035.0
int__tai20_20_10,1528,531,1761.0,1962.0
int__tai20_20_10,1528,532,1774.0,2004.0
int__tai20_20_10,1528,533,1752.0,1967.0
int__tai20_20_10,1528,534,1774.0,2022.0
int__tai20_20_10,1528,535,1732.0,1930.0
int__tai20_20_10,1528,536,1821.0,2065.0
int__tai20_20_10,1528,537,1835.0,2071.0
int__tai20_20_10,1528,538,1862.0,2110.0
int__tai20_20_10,1528,539,1718.0,1947.0
int__tai20_20_10,1528,540,1831.0,2041.0
int__tai20_20_10,1528,541,1846.0,2058.0
int__tai20_20_10,1528,542,1844.0,2053.0
int__tai20_20_10,1528,543,1793.0,2019.0
int__tai20_20_10,1528,544,1809.0,2032.0
int__tai20_20_10,1528,545,1793.0,2024.0
int__tai20_20_10,1528,546,1797.0,2023.0
int__tai20_20_10,1528,547,1785.0,1987.0
int__tai20_20_10,1528,548,1856.0,2077.0
int__tai20_20_10,1528,549,1767.0,1994.0
int__tai20_20_10,1528,550,1788.0,1994.0
int__tai20_20_10,1528,551,1813.0,2075.0
int__tai20_20_10,1528,552,1782.0,2007.0
int__tai20_20_10,1528,553,1786.0,2032.0
int__tai20_20_10,1528,554,1852.0,2035.0
int__tai20_20_10,1528,555,1817.0,2040.0
int__tai20_20_10,1528,556,1752.0,1963.0
int__tai20_20_10,1528,557,1887.0,2089.0
int__tai20_20_10,1528,558,1789.0,1976.0
int__tai20_20_10,1528,559,1787.0,2014.0
int__tai20_20_10,1528,560,1715.0,1918.0
int__tai20_20_10,1528,561,1789.0,2003.0
int__tai20_20_10,1528,562,1751.0,1995.0
int__tai20_20_10,1528,563,1861.0,2072.0
int__tai20_20_10,1528,564,1893.0,2149.0
int__tai20_20_10,1528,565,1874.0,2044.0
int__tai20_20_10,1528,566,1893.0,2113.0
int__tai20_20_10,1528,567,1801.0,2020.0
int__tai20_20_10,1528,568,1992.0,2243.0
int__tai20_20_10,1528,569,1793.0,2025.0
int__tai20_20_10,1528,570,1759.0,1994.0
int__tai20_20_10,1528,571,1864.0,2077.0
int__tai20_20_10,1528,572,1712.0,1910.0
int__tai20_20_10,1528,573,1762.0,2003.0
int__tai20_20_10,1528,574,1732.0,1943.0
int__tai20_20_10,1528,575,1859.0,2106.0
int__tai20_20_10,1528,576,1827.0,2087.0
int__tai20_20_10,1528,577,1809.0,2051.0
int__tai20_20_10,1528,578,1883.0,2114.0
int__tai20_20_10,1528,579,1735.0,1969.0
int__tai20_20_10,1528,580,1917.0,2124.0
int__tai20_20_10,1528,581,1791.0,2052.0
int__tai20_20_10,1528,582,1787.0,2017.0
int__tai20_20_10,1528,583,1740.0,1978.0
int__tai20_20_10,1528,584,1742.0,1967.0
int__tai20_20_10,1528,585,1766.0,1969.0
int__tai20_20_10,1528,586,1787.0,2033.0
int__tai20_20_10,1528,587,1776.0,1984.0
int__tai20_20_10,1528,588,1847.0,2039.0
int__tai20_20_10,1528,589,1790.0,2030.0
int__tai20_20_10,1528,590,1839.0,2060.0
int__tai20_20_10,1528,591,1760.0,2027.0
int__tai20_20_10,1528,592,1861.0,2052.0
int__tai20_20_10,1528,593,1732.0,1958.0
int__tai20_20_10,1528,594,1777.0,2018.0
int__tai20_20_10,1528,595,1757.0,1981.0
int__tai20_20_10,1528,596,1872.0,2112.0
int__tai20_20_10,1528,597,1868.0,2080.0
int__tai20_20_10,1528,598,1757.0,1976.0
int__tai20_20_10,1528,599,1788.0,2024.0
int__tai20_20_10,1528,600,1921.0,2117.0
int__tai20_20_10,1528,601,1798.0,1997.0
int__tai20_20_10,1528,602,1827.0,2056.0
int__tai20_20_10,1528,603,1783.0,2014.0
int__tai20_20_10,1528,604,1799.0,2020.0
int__tai20_20_10,1528,605,1831.0,2071.0
int__tai20_20_10,1528,606,1779.0,2006.0
int__tai20_20_10,1528,607,1854.0,2075.0
int__tai20_20_10,1528,608,1879.0,2138.0
int__tai20_20_10,1528,609,1760.0,2004.0
int__tai20_20_10,1528,610,1823.0,2040.0
int__tai20_20_10,1528,611,1800.0,2035.0
int__tai20_20_10,1528,612,1869.0,2094.0
int__tai20_20_10,1528,613,1732.0,1958.0
int__tai20_20_10,1528,614,1809.0,2043.0
int__tai20_20_10,1528,615,1758.0,1985.0
int__tai20_20_10,1528,616,1753.0,1995.0
int__tai20_20_10,1528,617,1792.0,1990.0
int__tai20_20_10,1528,618,1780.0,1992.0
int__tai20_20_10,1528,619,1760.0,1971.0
int__tai20_20_10,1528,620,1758.0,1997.0
int__tai20_20_10,1528,621,1774.0,1993.0
int__tai20_20_10,1528,622,1729.0,1947.0
int__tai20_20_10,1528,623,1834.0,2064.0
int__tai20_20_10,1528,624,1785.0,1999.0
int__tai20_20_10,1528,625,1819.0,2047.0
int__tai20_20_10,1528,626,1725.0,1925.0
int__tai20_20_10,1528,627,1800.0,2027.0
int__tai20_20_10,1528,628,1769.0,1986.0
int__tai20_20_10,1528,629,1871.0,2117.0
int__tai20_20_10,1528,630,1745.0,1959.0
int__tai20_20_10,1528,631,1754.0,1959.0
int__tai20_20_10,1528,632,1788.0,2042.0
int__tai20_20_10,1528,633,1824.0,2043.0
int__tai20_20_10,1528,634,1776.0,2031.0
int__tai20_20_10,1528,635,1726.0,1960.0
int__tai20_20_10,1528,636,1705.0,1903.0
int__tai20_20_10,1528,637,1743.0,1973.0
int__tai20_20_10,1528,638,1754.0,1988.0
int__tai20_20_10,1528,639,1820.0,2012.0
int__tai20_20_10,1528,640,1827.0,2058.0
int__tai20_20_10,1528,641,1913.0,2177.0
int__tai20_20_10,1528,642,1750.0,1982.0
int__tai20_20_10,1528,643,1827.0,2038.0
int__tai20_20_10,1528,644,1736.0,1979.0
int__tai20_20_10,1528,645,1774.0,1995.0
int__tai20_20_10,1528,646,1755.0,1972.0
int__tai20_20_10,1528,647,1767.0,1995.0
int__tai20_20_10,1528,648,1764.0,2002.0
int__tai20_20_10,1528,649,1821.0,2051.0
int__tai20_20_10,1528,650,1893.0,2120.0
int__tai20_20_10,1528,651,1764.0,1991.0
int__tai20_20_10,1528,652,1735.0,1968.0
int__tai20_20_10,1528,653,1757.0,1977.0
int__tai20_20_10,1528,654,1740.0,1971.0
int__tai20_20_10,1528,655,1833.0,2055.0
int__tai20_20_10,1528,656,1812.0,2040.0
int__tai20_20_10,1528,657,1735.0,1956.0
int__tai20_20_10,1528,658,1884.0,2121.0
int__tai20_20_10,1528,659,1848.0,2070.0
int__tai20_20_10,1528,660,1792.0,2010.0
int__tai20_20_10,1528,661,1874.0,2094.0
int__tai20_20_10,1528,662,1700.0,1924.0
int__tai20_20_10,1528,663,1790.0,2011.0
int__tai20_20_10,1528,664,1812.0,2057.0
int__tai20_20_10,1528,665,1870.0,2073.0
int__tai20_20_10,1528,666,1790.0,1990.0
int__tai20_20_10,1528,667,1748.0,1964.0
int__tai20_20_10,1528,668,1890.0,2161.0
int__tai20_20_10,1528,669,1763.0,1977.0
int__tai20_20_10,1528,670,1865.0,2111.0
int__tai20_20_10,1528,671,1802.0,2034.0
int__tai20_20_10,1528,672,1705.0,1890.0
int__tai20_20_10,1528,673,1844.0,2054.0
int__tai20_20_10,1528,674,1843.0,2059.0
int__tai20_20_10,1528,675,1792.0,2027.0
int__tai20_20_10,1528,676,1775.0,1961.0
int__tai20_20_10,1528,677,1758.0,2001.0
int__tai20_20_10,1528,678,1769.0,2001.0
int__tai20_20_10,1528,679,1750.0,1993.0
int__tai20_20_10,1528,680,1796.0,1996.0
int__tai20_20_10,1528,681,1803.0,2022.0
int__tai20_20_10,1528,682,1730.0,1984.0
int__tai20_20_10,1528,683,1801.0,2050.0
int__tai20_20_10,1528,684,1995.0,2248.0
int__tai20_20_10,1528,685,1800.0,2015.0
int__tai20_20_10,1528,686,1822.0,2038.0
int__tai20_20_10,1528,687,1920.0,2085.0
int__tai20_20_10,1528,688,1838.0,2057.0
int__tai20_20_10,1528,689,1749.0,1916.0
int__tai20_20_10,1528,690,1709.0,1939.0
int__tai20_20_10,1528,691,1969.0,2223.0
int__tai20_20_10,1528,692,1709.0,1906.0
int__tai20_20_10,1528,693,1836.0,2068.0
int__tai20_20_10,1528,694,1864.0,2078.0
int__tai20_20_10,1528,695,1834.0,2086.0
int__tai20_20_10,1528,696,1865.0,2101.0
int__tai20_20_10,1528,697,1825.0,2051.0
int__tai20_20_10,1528,698,1769.0,2001.0
int__tai20_20_10,1528,699,1734.0,1968.0
int__tai20_20_10,1528,700,1729.0,1973.0
int__tai20_20_10,1528,701,1720.0,1936.0
int__tai20_20_10,1528,702,1811.0,2021.0
int__tai20_20_10,1528,703,1755.0,2004.0
int__tai20_20_10,1528,704,1806.0,2050.0
int__tai20_20_10,1528,705,1776.0,1985.0
int__tai20_20_10,1528,706,1801.0,2005.0
int__tai20_20_10,1528,707,1873.0,2127.0
int__tai20_20_10,1528,708,1909.0,2183.0
int__tai20_20_10,1528,709,1724.0,1933.0
int__tai20_20_10,1528,710,1817.0,2047.0
int__tai20_20_10,1528,711,1887.0,2115.0
int__tai20_20_10,1528,712,1794.0,1996.0
int__tai20_20_10,1528,713,1758.0,1967.0
int__tai20_20_10,1528,714,1849.0,2077.0
int__tai20_20_10,1528,715,1701.0,1915.0
int__tai20_20_10,1528,716,1803.0,2028.0
int__tai20_20_10,1528,717,1708.0,1934.0
int__tai20_20_10,1528,718,1788.0,2044.0
int__tai20_20_10,1528,719,1884.0,2109.0
int__tai20_20_10,1528,720,1784.0,2022.0
int__tai20_20_10,1528,721,1845.0,2071.0
int__tai20_20_10,1528,722,1762.0,1974.0
int__tai20_20_10,1528,723,1795.0,2001.0
int__tai20_20_10,1528,724,1765.0,2004.0
int__tai20_20_10,1528,725,1759.0,2004.0
int__tai20_20_10,1528,726,1801.0,2004.0
int__tai20_20_10,1528,727,1918.0,2145.0
int__tai20_20_10,1528,728,1820.0,2059.0
int__tai20_20_10,1528,729,1806.0,2042.0
int__tai20_20_10,1528,730,1815.0,2036.0
int__tai20_20_10,1528,731,1833.0,2081.0
int__tai20_20_10,1528,732,1713.0,1925.0
int__tai20_20_10,1528,733,1872.0,2128.0
int__tai20_20_10,1528,734,1812.0,2027.0
int__tai20_20_10,1528,735,1857.0,2050.0
int__tai20_20_10,1528,736,1784.0,2001.0
int__tai20_20_10,1528,737,1786.0,2014.0
int__tai20_20_10,1528,738,1747.0,1968.0
int__tai20_20_10,1528,739,1813.0,2004.0
int__tai20_20_10,1528,740,1868.0,2092.0
int__tai20_20_10,1528,741,1767.0,1989.0
int__tai20_20_10,1528,742,1747.0,1945.0
int__tai20_20_10,1528,743,1783.0,2020.0
int__tai20_20_10,1528,744,1813.0,2035.0
int__tai20_20_10,1528,745,1909.0,2175.0
int__tai20_20_10,1528,746,1829.0,2055.0
int__tai20_20_10,1528,747,1746.0,1988.0
int__tai20_20_10,1528,748,1735.0,1932.0
int__tai20_20_10,1528,749,1767.0,1976.0
int__tai20_20_10,1528,750,1795.0,2003.0
int__tai20_20_10,1528,751,1803.0,2049.0
int__tai20_20_10,1528,752,1842.0,2069.0
int__tai20_20_10,1528,753,1934.0,2155.0
int__tai20_20_10,1528,754,1774.0,1977.0
int__tai20_20_10,1528,755,1775.0,2006.0
int__tai20_20_10,1528,756,1943.0,2194.0
int__tai20_20_10,1528,757,1766.0,2008.0
int__tai20_20_10,1528,758,1767.0,1975.0
int__tai20_20_10,1528,759,1853.0,2090.0
int__tai20_20_10,1528,760,1871.0,2129.0
int__tai20_20_10,1528,761,1734.0,1936.0
int__tai20_20_10,1528,762,1750.0,1962.0
int__tai20_20_10,1528,763,1807.0,2036.0
int__tai20_20_10,1528,764,1769.0,2025.0
int__tai20_20_10,1528,765,1776.0,1979.0
int__tai20_20_10,1528,766,1756.0,1976.0
int__tai20_20_10,1528,767,1808.0,2020.0
int__tai20_20_10,1528,768,1857.0,2074.0
int__tai20_20_10,1528,769,1804.0,2014.0
int__tai20_20_10,1528,770,1791.0,2041.0
int__tai20_20_10,1528,771,1876.0,2107.0
int__tai20_20_10,1528,772,1778.0,2003.0
int__tai20_20_10,1528,773,1814.0,2040.0
int__tai20_20_10,1528,774,1883.0,2109.0
int__tai20_20_10,1528,775,1778.0,1982.0
int__tai20_20_10,1528,776,1717.0,1930.0
int__tai20_20_10,1528,777,1767.0,2023.0
int__tai20_20_10,1528,778,1788.0,1988.0
int__tai20_20_10,1528,779,1763.0,1990.0
int__tai20_20_10,1528,780,1793.0,2031.0
int__tai20_20_10,1528,781,1749.0,1981.0
int__tai20_20_10,1528,782,1835.0,2061.0
int__tai20_20_10,1528,783,1765.0,1989.0
int__tai20_20_10,1528,784,1822.0,2060.0
int__tai20_20_10,1528,785,1777.0,2015.0
int__tai20_20_10,1528,786,1816.0,2021.0
int__tai20_20_10,1528,787,1771.0,2009.0
int__tai20_20_10,1528,788,1841.0,2034.0
int__tai20_20_10,1528,789,1749.0,1961.0
int__tai20_20_10,1528,790,1751.0,1997.0
int__tai20_20_10,1528,791,1738.0,1943.0
int__tai20_20_10,1528,792,1882.0,2101.0
int__tai20_20_10,1528,793,1792.0,1999.0
int__tai20_20_10,1528,794,1820.0,2055.0
int__tai20_20_10,1528,795,1823.0,2046.0
int__tai20_20_10,1528,796,1802.0,2017.0
int__tai20_20_10,1528,797,1835.0,2060.0
int__tai20_20_10,1528,798,1828.0,2041.0
int__tai20_20_10,1528,799,1842.0,2051.0
int__tai20_20_10,1528,800,1829.0,2056.0
int__tai20_20_10,1528,801,1817.0,2024.0
int__tai20_20_10,1528,802,1855.0,2068.0
int__tai20_20_10,1528,803,1779.0,1994.0
int__tai20_20_10,1528,804,1750.0,1943.0
int__tai20_20_10,1528,805,1862.0,2069.0
int__tai20_20_10,1528,806,1776.0,1995.0
int__tai20_20_10,1528,807,1747.0,1957.0
int__tai20_20_10,1528,808,1845.0,2081.0
int__tai20_20_10,1528,809,1882.0,2175.0
int__tai20_20_10,1528,810,1842.0,2086.0
int__tai20_20_10,1528,811,1808.0,2018.0
int__tai20_20_10,1528,812,1812.0,2054.0
int__tai20_20_10,1528,813,1799.0,2053.0
int__tai20_20_10,1528,814,1842.0,2064.0
int__tai20_20_10,1528,815,1801.0,2048.0
int__tai20_20_10,1528,816,1788.0,1988.0
int__tai20_20_10,1528,817,1734.0,1980.0
int__tai20_20_10,1528,818,1852.0,2052.0
int__tai20_20_10,1528,819,1888.0,2118.0
int__tai20_20_10,1528,820,1803.0,2031.0
int__tai20_20_10,1528,821,1798.0,2017.0
int__tai20_20_10,1528,822,1745.0,1945.0
int__tai20_20_10,1528,823,1773.0,2002.0
int__tai20_20_10,1528,824,1783.0,2022.0
int__tai20_20_10,1528,825,1759.0,1971.0
int__tai20_20_10,1528,826,2058.0,2283.0
int__tai20_20_10,1528,827,1733.0,1958.0
int__tai20_20_10,1528,828,1828.0,2077.0
int__tai20_20_10,1528,829,1750.0,1944.0
int__tai20_20_10,1528,830,1891.0,2108.0
int__tai20_20_10,1528,831,1830.0,2064.0
int__tai20_20_10,1528,832,1772.0,2003.0
int__tai20_20_10,1528,833,1931.0,2159.0
int__tai20_20_10,1528,834,1759.0,1959.0
int__tai20_20_10,1528,835,1847.0,2036.0
int__tai20_20_10,1528,836,1792.0,1986.0
int__tai20_20_10,1528,837,1798.0,2003.0
int__tai20_20_10,1528,838,1675.0,1916.0
int__tai20_20_10,1528,839,1887.0,2101.0
int__tai20_20_10,1528,840,1812.0,2049.0
int__tai20_20_10,1528,841,1788.0,1997.0
int__tai20_20_10,1528,842,1865.0,2103.0
int__tai20_20_10,1528,843,1776.0,2011.0
int__tai20_20_10,1528,844,1788.0,2054.0
int__tai20_20_10,1528,845,1781.0,1997.0
int__tai20_20_10,1528,846,1790.0,2017.0
int__tai20_20_10,1528,847,1785.0,2014.0
int__tai20_20_10,1528,848,1870.0,2089.0
int__tai20_20_10,1528,849,1968.0,2165.0
int__tai20_20_10,1528,850,1802.0,2028.0
int__tai20_20_10,1528,851,1764.0,1993.0
int__tai20_20_10,1528,852,1918.0,2128.0
int__tai20_20_10,1528,853,1922.0,2155.0
int__tai20_20_10,1528,854,1803.0,2046.0
int__tai20_20_10,1528,855,1889.0,2129.0
int__tai20_20_10,1528,856,1792.0,2032.0
int__tai20_20_10,1528,857,1824.0,2019.0
int__tai20_20_10,1528,858,1801.0,2026.0
int__tai20_20_10,1528,859,1779.0,2013.0
int__tai20_20_10,1528,860,1919.0,2137.0
int__tai20_20_10,1528,861,1959.0,2180.0
int__tai20_20_10,1528,862,1801.0,2004.0
int__tai20_20_10,1528,863,1862.0,2100.0
int__tai20_20_10,1528,864,1719.0,1925.0
int__tai20_20_10,1528,865,1806.0,2068.0
int__tai20_20_10,1528,866,1725.0,1931.0
int__tai20_20_10,1528,867,1741.0,1935.0
int__tai20_20_10,1528,868,1784.0,2019.0
int__tai20_20_10,1528,869,1850.0,2070.0
int__tai20_20_10,1528,870,1895.0,2097.0
int__tai20_20_10,1528,871,1756.0,1971.0
int__tai20_20_10,1528,872,1954.0,2246.0
int__tai20_20_10,1528,873,1758.0,1994.0
int__tai20_20_10,1528,874,1778.0,1998.0
int__tai20_20_10,1528,875,1821.0,2049.0
int__tai20_20_10,1528,876,1815.0,2013.0
int__tai20_20_10,1528,877,1862.0,2091.0
int__tai20_20_10,1528,878,1852.0,2081.0
int__tai20_20_10,1528,879,1882.0,2108.0
int__tai20_20_10,1528,880,1798.0,1981.0
int__tai20_20_10,1528,881,1797.0,2044.0
int__tai20_20_10,1528,882,1853.0,2079.0
int__tai20_20_10,1528,883,1879.0,2106.0
int__tai20_20_10,1528,884,1707.0,1928.0
int__tai20_20_10,1528,885,1780.0,2000.0
int__tai20_20_10,1528,886,1817.0,2051.0
int__tai20_20_10,1528,887,1801.0,2048.0
int__tai20_20_10,1528,888,1684.0,1906.0
int__tai20_20_10,1528,889,1947.0,2169.0
int__tai20_20_10,1528,890,1808.0,2025.0
int__tai20_20_10,1528,891,1783.0,2017.0
int__tai20_20_10,1528,892,1827.0,2033.0
int__tai20_20_10,1528,893,1871.0,2087.0
int__tai20_20_10,1528,894,1862.0,2115.0
int__tai20_20_10,1528,895,1757.0,2002.0
int__tai20_20_10,1528,896,1770.0,1986.0
int__tai20_20_10,1528,897,1720.0,1952.0
int__tai20_20_10,1528,898,1799.0,2001.0
int__tai20_20_10,1528,899,1770.0,1991.0
int__tai20_20_10,1528,900,1763.0,2001.0
int__tai20_20_10,1528,901,1789.0,2025.0
int__tai20_20_10,1528,902,1741.0,1972.0
int__tai20_20_10,1528,903,1970.0,2192.0
int__tai20_20_10,1528,904,1823.0,2042.0
int__tai20_20_10,1528,905,1716.0,1941.0
int__tai20_20_10,1528,906,1902.0,2169.0
int__tai20_20_10,1528,907,1913.0,2157.0
int__tai20_20_10,1528,908,1827.0,2050.0
int__tai20_20_10,1528,909,1933.0,2164.0
int__tai20_20_10,1528,910,1791.0,1984.0
int__tai20_20_10,1528,911,1753.0,1968.0
int__tai20_20_10,1528,912,1774.0,2027.0
int__tai20_20_10,1528,913,1710.0,1898.0
int__tai20_20_10,1528,914,1868.0,2119.0
int__tai20_20_10,1528,915,1869.0,2125.0
int__tai20_20_10,1528,916,1752.0,1969.0
int__tai20_20_10,1528,917,1776.0,2006.0
int__tai20_20_10,1528,918,1719.0,1937.0
int__tai20_20_10,1528,919,1899.0,2117.0
int__tai20_20_10,1528,920,1843.0,2100.0
int__tai20_20_10,1528,921,1728.0,1946.0
int__tai20_20_10,1528,922,1730.0,1921.0
int__tai20_20_10,1528,923,1767.0,1996.0
int__tai20_20_10,1528,924,1699.0,1903.0
int__tai20_20_10,1528,925,1850.0,2115.0
int__tai20_20_10,1528,926,1829.0,2033.0
int__tai20_20_10,1528,927,1711.0,1960.0
int__tai20_20_10,1528,928,1773.0,2006.0
int__tai20_20_10,1528,929,1704.0,1932.0
int__tai20_20_10,1528,930,1778.0,1988.0
int__tai20_20_10,1528,931,1815.0,2068.0
int__tai20_20_10,1528,932,1848.0,2072.0
int__tai20_20_10,1528,933,1724.0,1935.0
int__tai20_20_10,1528,934,1775.0,1982.0
int__tai20_20_10,1528,935,1814.0,2052.0
int__tai20_20_10,1528,936,1864.0,2090.0
int__tai20_20_10,1528,937,1890.0,2123.0
int__tai20_20_10,1528,938,1678.0,1879.0
int__tai20_20_10,1528,939,1886.0,2067.0
int__tai20_20_10,1528,940,1770.0,1989.0
int__tai20_20_10,1528,941,1763.0,1959.0
int__tai20_20_10,1528,942,1793.0,2052.0
int__tai20_20_10,1528,943,1752.0,1964.0
int__tai20_20_10,1528,944,1801.0,2016.0
int__tai20_20_10,1528,945,1895.0,2078.0
int__tai20_20_10,1528,946,1768.0,2000.0
int__tai20_20_10,1528,947,1906.0,2142.0
int__tai20_20_10,1528,948,1780.0,1994.0
int__tai20_20_10,1528,949,1714.0,1964.0
int__tai20_20_10,1528,950,1809.0,2060.0
int__tai20_20_10,1528,951,1822.0,2049.0
int__tai20_20_10,1528,952,1786.0,2010.0
int__tai20_20_10,1528,953,1821.0,2038.0
int__tai20_20_10,1528,954,1793.0,2008.0
int__tai20_20_10,1528,955,1839.0,2054.0
int__tai20_20_10,1528,956,1829.0,2016.0
int__tai20_20_10,1528,957,1798.0,2004.0
int__tai20_20_10,1528,958,1894.0,2139.0
int__tai20_20_10,1528,959,1868.0,2049.0
int__tai20_20_10,1528,960,1740.0,1979.0
int__tai20_20_10,1528,961,1735.0,1927.0
int__tai20_20_10,1528,962,1879.0,2090.0
int__tai20_20_10,1528,963,1784.0,2001.0
int__tai20_20_10,1528,964,1806.0,2055.0
int__tai20_20_10,1528,965,1754.0,1989.0
int__tai20_20_10,1528,966,1749.0,1979.0
int__tai20_20_10,1528,967,1912.0,2134.0
int__tai20_20_10,1528,968,1760.0,1983.0
int__tai20_20_10,1528,969,1751.0,1983.0
int__tai20_20_10,1528,970,1769.0,1989.0
int__tai20_20_10,1528,971,1904.0,2146.0
int__tai20_20_10,1528,972,1799.0,2044.0
int__tai20_20_10,1528,973,1753.0,1980.0
int__tai20_20_10,1528,974,1823.0,2049.0
int__tai20_20_10,1528,975,1811.0,2039.0
int__tai20_20_10,1528,976,1735.0,1964.0
int__tai20_20_10,1528,977,1899.0,2171.0
int__tai20_20_10,1528,978,1718.0,1930.0
int__tai20_20_10,1528,979,1802.0,2006.0
int__tai20_20_10,1528,980,1803.0,2031.0
int__tai20_20_10,1528,981,1855.0,2096.0
int__tai20_20_10,1528,982,1803.0,2053.0
int__tai20_20_10,1528,983,1885.0,2127.0
int__tai20_20_10,1528,984,1759.0,1995.0
int__tai20_20_10,1528,985,1846.0,2054.0
int__tai20_20_10,1528,986,1738.0,1962.0
int__tai20_20_10,1528,987,1854.0,2086.0
int__tai20_20_10,1528,988,1854.0,2081.0
int__tai20_20_10,1528,989,1758.0,1965.0
int__tai20_20_10,1528,990,1771.0,1960.0
int__tai20_20_10,1528,991,1829.0,2043.0
int__tai20_20_10,1528,992,1715.0,1934.0
int__tai20_20_10,1528,993,1859.0,2081.0
int__tai20_20_10,1528,994,1806.0,2006.0
int__tai20_20_10,1528,995,1698.0,1916.0
int__tai20_20_10,1528,996,1773.0,2010.0
int__tai20_20_10,1528,997,1812.0,2053.0
int__tai20_20_10,1528,998,1742.0,1950.0
int__tai20_20_10,1528,999,1945.0,2197.0
int__tai20_20_10,1528,1000,1802.0,2025.0
int__tai20_20_10,1528,1001,1887.0,2127.0
int__tai20_20_10,1528,1002,1828.0,2067.0
int__tai20_20_10,1528,1003,1786.0,1997.0
int__tai20_20_10,1528,1004,1817.0,2053.0
int__tai20_20_10,1528,1005,1775.0,2020.0
int__tai20_20_10,1528,1006,1850.0,2046.0
int__tai20_20_10,1528,1007,1822.0,2037.0
int__tai20_20_10,1528,1008,1768.0,1981.0
int__tai20_20_10,1528,1009,1797.0,2008.0
int__tai20_20_10,1528,1010,1713.0,1927.0
int__tai20_20_10,1528,1011,1780.0,2016.0
int__tai20_20_10,1528,1012,1771.0,1988.0
int__tai20_20_10,1528,1013,1830.0,2063.0
int__tai20_20_10,1528,1014,1789.0,2016.0
int__tai20_20_10,1528,1015,1859.0,2070.0
int__tai20_20_10,1528,1016,1884.0,2123.0
int__tai20_20_10,1528,1017,1844.0,2078.0
int__tai20_20_10,1528,1018,1790.0,2026.0
int__tai20_20_10,1528,1019,1744.0,1960.0
int__tai20_20_10,1528,1020,1732.0,1913.0
int__tai20_20_10,1528,1021,1729.0,1955.0
int__tai20_20_10,1528,1022,1786.0,2016.0
int__tai20_20_10,1528,1023,1767.0,1985.0
int__tai30_15_06,1819,0,2110.0,2393.0
int__tai30_15_06,1819,1,2157.0,2473.0
int__tai30_15_06,1819,2,2033.0,2278.0
int__tai30_15_06,1819,3,2091.0,2362.0
int__tai30_15_06,1819,4,2180.0,2484.0
int__tai30_15_06,1819,5,2039.0,2276.0
int__tai30_15_06,1819,6,2223.0,2531.0
int__tai30_15_06,1819,7,2173.0,2483.0
int__tai30_15_06,1819,8,2132.0,2417.0
int__tai30_15_06,1819,9,2115.0,2338.0
int__tai30_15_06,1819,10,2088.0,2333.0
int__tai30_15_06,1819,11,2072.0,2332.0
int__tai30_15_06,1819,12,2122.0,2407.0
int__tai30_15_06,1819,13,2182.0,2483.0
int__tai30_15_06,1819,14,2298.0,2590.0
int__tai30_15_06,1819,15,2069.0,2312.0
int__tai30_15_06,1819,16,2113.0,2410.0
int__tai30_15_06,1819,17,2070.0,2338.0
int__tai30_15_06,1819,18,2234.0,2464.0
int__tai30_15_06,1819,19,2352.0,2612.0
int__tai30_15_06,1819,20,2130.0,2379.0
int__tai30_15_06,1819,21,2123.0,2406.0
int__tai30_15_06,1819,22,2145.0,2439.0
int__tai30_15_06,1819,23,2063.0,2371.0
int__tai30_15_06,1819,24,2066.0,2359.0
int__tai30_15_06,1819,25,2116.0,2376.0
int__tai30_15_06,1819,26,2071.0,2377.0
int__tai30_15_06,1819,27,2083.0,2355.0
int__tai30_15_06,1819,28,2215.0,2522.0
int__tai30_15_06,1819,29,2017.0,2301.0
int__tai30_15_06,1819,30,2005.0,2304.0
int__tai30_15_06,1819,31,2085.0,2371.0
int__tai30_15_06,1819,32,2085.0,2350.0
int__tai30_15_06,1819,33,2151.0,2414.0
int__tai30_15_06,1819,34,2218.0,2516.0
int__tai30_15_06,1819,35,2148.0,2413.0
int__tai30_15_06,1819,36,2099.0,2360.0
int__tai30_15_06,1819,37,2101.0,2368.0
int__tai30_15_06,1819,38,2098.0,2371.0
int__tai30_15_06,1819,39,2097.0,2428.0
int__tai30_15_06,1819,40,2144.0,2417.0
int__tai30_15_06,1819,41,2178.0,2410.0
int__tai30_15_06,1819,42,2160.0,2389.0
int__tai30_15_06,1819,43,2042.0,2319.0
int__tai30_15_06,1819,44,2192.0,2477.0
int__tai30_15_06,1819,45,2056.0,2331.0
int__tai30_15_06,1819,46,2139.0,2413.0
int__tai30_15_06,1819,47,2027.0,2283.0
int__tai30_15_06,1819,48,2108.0,2356.0
int__tai30_15_06,1819,49,2071.0,2304.0
int__tai30_15_06,1819,50,1971.0,2270.0
int__tai30_15_06,1819,51,2130.0,2399.0
int__tai30_15_06,1819,52,2276.0,2602.0
int__tai30_15_06,1819,53,2097.0,2363.0
int__tai30_15_06,1819,54,2211.0,2523.0
int__tai30_15_06,1819,55,2198.0,2465.0
int__tai30_15_06,1819,56,2055.0,2274.0
int__tai30_15_06,1819,57,2181.0,2491.0
int__tai30_15_06,1819,58,2125.0,2394.0
int__tai30_15_06,1819,59,2085.0,2371.0
int__tai30_15_06,1819,60,2198.0,2500.0
int__tai30_15_06,1819,61,2094.0,2373.0
int__tai30_15_06,1819,62,2111.0,2404.0
int__tai30_15_06,1819,63,2299.0,2565.0
int__tai30_15_06,1819,64,2136.0,2410.0
int__tai30_15_06,1819,65,2174.0,2436.0
int__tai30_15_06,1819,66,2157.0,2450.0
int__tai30_15_06,1819,67,2145.0,2377.0
int__tai30_15_06,1819,68,2112.0,2372.0
int__tai30_15_06,1819,69,2085.0,2363.0
int__tai30_15_06,1819,70,2043.0,2332.0
int__tai30_15_06,1819,71,2257.0,2543.0
int__tai30_15_06,1819,72,2159.0,2458.0
int__tai30_15_06,1819,73,2116.0,2410.0
int__tai30_15_06,1819,74,2109.0,2348.0
int__tai30_15_06,1819,75,2122.0,2392.0
int__tai30_15_06,1819,76,2000.0,2283.0
int__tai30_15_06,1819,77,2194.0,2525.0
int__tai30_15_06,1819,78,2060.0,2295.0
int__tai30_15_06,1819,79,2189.0,2478.0
int__tai30_15_06,1819,80,2078.0,2338.0
int__tai30_15_06,1819,81,2062.0,2349.0
int__tai30_15_06,1819,82,2024.0,2248.0
int__tai30_15_06,1819,83,2156.0,2432.0
int__tai30_15_06,1819,84,2036.0,2317.0
int__tai30_15_06,1819,85,2114.0,2416.0
int__tai30_15_06,1819,86,2048.0,2299.0
int__tai30_15_06,1819,87,2104.0,2392.0
int__tai30_15_06,1819,88,2154.0,2475.0
int__tai30_15_06,1819,89,2072.0,2354.0
int__tai30_15_06,1819,90,2201.0,2461.0
int__tai30_15_06,1819,91,2050.0,2358.0
int__tai30_15_06,1819,92,2138.0,2407.0
int__tai30_15_06,1819,93,2148.0,2445.0
int__tai30_15_06,1819,94,2065.0,2350.0
int__tai30_15_06,1819,95,2118.0,2399.0
int__tai30_15_06,1819,96,2104.0,2385.0
int__tai30_15_06,1819,97,2115.0,2347.0
int__tai30_15_06,1819,98,2081.0,2356.0
int__tai30_15_06,1819,99,2217.0,2481.0
int__tai30_15_06,1819,100,2197.0,2450.0
int__tai30_15_06,1819,101,2206.0,2490.0
int__tai30_15_06,1819,102,2108.0,2388.0
int__tai30_15_06,1819,103,2111.0,2363.0
int__tai30_15_06,1819,104,2096.0,2355.0
int__tai30_15_06,1819,105,2046.0,2304.0
int__tai30_15_06,1819,106,2191.0,2450.0
int__tai30_15_06,1819,107,2132.0,2381.0
int__tai30_15_06,1819,108,2150.0,2417.0
int__tai30_15_06,1819,109,2103.0,2389.0
int__tai30_15_06,1819,110,2088.0,2352.0
int__tai30_15_06,1819,111,2043.0,2288.0
int__tai30_15_06,1819,112,2098.0,2387.0
int__tai30_15_06,1819,113,2125.0,2454.0
int__tai30_15_06,1819,114,2217.0,2484.0
int__tai30_15_06,1819,115,2060.0,2309.0
int__tai30_15_06,1819,116,2247.0,2560.0
int__tai30_15_06,1819,117,2126.0,2424.0
int__tai30_15_06,1819,118,2065.0,2348.0
int__tai30_15_06,1819,119,2094.0,2393.0
int__tai30_15_06,1819,120,2217.0,2533.0
int__tai30_15_06,1819,121,2114.0,2413.0
int__tai30_15_06,1819,122,2120.0,2391.0
int__tai30_15_06,1819,123,2197.0,2448.0
int__tai30_15_06,1819,124,2137.0,2408.0
int__tai30_15_06,1819,125,2050.0,2318.0
int__tai30_15_06,1819,126,2150.0,2425.0
int__tai30_15_06,1819,127,2147.0,2446.0
int__tai30_15_06,1819,128,2116.0,2417.0
int__tai30_15_06,1819,129,2083.0,2368.0
int__tai30_15_06,1819,130,2127.0,2379.0
int__tai30_15_06,1819,131,2209.0,2461.0
int__tai30_15_06,1819,132,2104.0,2386.0
int__tai30_15_06,1819,133,2157.0,2431.0
int__tai30_15_06,1819,134,2148.0,2435.0
int__tai30_15_06,1819,135,2276.0,2600.0
int__tai30_15_06,1819,136,2118.0,2390.0
int__tai30_15_06,1819,137,2136.0,2409.0
int__tai30_15_06,1819,138,2120.0,2411.0
int__tai30_15_06,1819,139,2229.0,2483.0
int__tai30_15_06,1819,140,2105.0,2360.0
int__tai30_15_06,1819,141,2109.0,2389.0
int__tai30_15_06,1819,142,2148.0,2448.0
int__tai30_15_06,1819,143,2163.0,2460.0
int__tai30_15_06,1819,144,2082.0,2354.0
int__tai30_15_06,1819,145,2101.0,2411.0
int__tai30_15_06,1819,146,2125.0,2419.0
int__tai30_15_06,1819,147,2088.0,2330.0
int__tai30_15_06,1819,148,2119.0,2416.0
int__tai30_15_06,1819,149,2171.0,2460.0
int__tai30_15_06,1819,150,2026.0,2312.0
int__tai30_15_06,1819,151,2141.0,2447.0
int__tai30_15_06,1819,152,2109.0,2383.0
int__tai30_15_06,1819,153,2313.0,2591.0
int__tai30_15_06,1819,154,1993.0,2250.0
int__tai30_15_06,1819,155,2234.0,2536.0
int__tai30_15_06,1819,156,2275.0,2567.0
int__tai30_15_06,1819,157,2143.0,2437.0
int__tai30_15_06,1819,158,2082.0,2385.0
int__tai30_15_06,1819,159,2199.0,2458.0
int__tai30_15_06,1819,160,2187.0,2443.0
int__tai30_15_06,1819,161,2145.0,2429.0
int__tai30_15_06,1819,162,2162.0,2432.0
int__tai30_15_06,1819,163,2080.0,2356.0
int__tai30_15_06,1819,164,2103.0,2335.0
int__tai30_15_06,1819,165,2110.0,2346.0
int__tai30_15_06,1819,166,2236.0,2521.0
int__tai30_15_06,1819,167,2065.0,2358.0
int__tai30_15_06,1819,168,2213.0,2500.0
int__tai30_15_06,1819,169,2116.0,2376.0
int__tai30_15_06,1819,170,2203.0,2457.0
int__tai30_15_06,1819,171,2127.0,2376.0
int__tai30_15_06,1819,172,2122.0,2405.0
int__tai30_15_06,1819,173,2129.0,2407.0
int__tai30_15_06,1819,174,2165.0,2464.0
int__tai30_15_06,1819,175,2185.0,2448.0
int__tai30_15_06,1819,176,2118.0,2395.0
int__tai30_15_06,1819,177,2205.0,2508.0
int__tai30_15_06,1819,178,2091.0,2364.0
int__tai30_15_06,1819,179,2063.0,2324.0
int__tai30_15_06,1819,180,2039.0,2326.0
int__tai30_15_06,1819,181,2106.0,2365.0
int__tai30_15_06,1819,182,2089.0,2343.0
int__tai30_15_06,1819,183,2086.0,2345.0
int__tai30_15_06,1819,184,2184.0,2441.0
int__tai30_15_06,1819,185,2113.0,2367.0
int__tai30_15_06,1819,186,2120.0,2419.0
int__tai30_15_06,1819,187,2066.0,2395.0
int__tai30_15_06,1819,188,2082.0,2337.0
int__tai30_15_06,1819,189,2178.0,2428.0
int__tai30_15_06,1819,190,2119.0,2396.0
int__tai30_15_06,1819,191,2266.0,2540.0
int__tai30_15_06,1819,192,2037.0,2283.0
int__tai30_15_06,1819,193,2081.0,2366.0
int__tai30_15_06,1819,194,2132.0,2404.0
int__tai30_15_06,1819,195,2117.0,2419.0
int__tai30_15_06,1819,196,2050.0,2301.0
int__tai30_15_06,1819,197,2059.0,2348.0
int__tai30_15_06,1819,198,2156.0,2395.0
int__tai30_15_06,1819,199,2127.0,2433.0
int__tai30_15_06,1819,200,2142.0,2434.0
int__tai30_15_06,1819,201,2147.0,2438.0
int__tai30_15_06,1819,202,2113.0,2409.0
int__tai30_15_06,1819,203,2109.0,2380.0
int__tai30_15_06,1819,204,2012.0,2256.0
int__tai30_15_06,1819,205,2064.0,2352.0
int__tai30_15_06,1819,206,2071.0,2314.0
int__tai30_15_06,1819,207,2080.0,2368.0
int__tai30_15_06,1819,208,2114.0,2372.0
int__tai30_15_06,1819,209,2018.0,2285.0
int__tai30_15_06,1819,210,2080.0,2386.0
int__tai30_15_06,1819,211,2091.0,2357.0
int__tai30_15_06,1819,212,2143.0,2425.0
int__tai30_15_06,1819,213,2122.0,2389.0
int__tai30_15_06,1819,214,2112.0,2392.0
int__tai30_15_06,1819,215,2313.0,2637.0
int__tai30_15_06,1819,216,2088.0,2311.0
int__tai30_15_06,1819,217,2045.0,2337.0
int__tai30_15_06,1819,218,2104.0,2399.0
int__tai30_15_06,1819,219,2105.0,2379.0
int__tai30_15_06,1819,220,2151.0,2447.0
int__tai30_15_06,1819,221,2224.0,2527.0
int__tai30_15_06,1819,222,2017.0,2295.0
int__tai30_15_06,1819,223,2131.0,2383.0
int__tai30_15_06,1819,224,2057.0,2310.0
int__tai30_15_06,1819,225,2183.0,2462.0
int__tai30_15_06,1819,226,2204.0,2518.0
int__tai30_15_06,1819,227,2130.0,2382.0
int__tai30_15_06,1819,228,2133.0,2397.0
int__tai30_15_06,1819,229,2096.0,2399.0
int__tai30_15_06,1819,230,2171.0,2424.0
int__tai30_15_06,1819,231,2159.0,2425.0
int__tai30_15_06,1819,232,2232.0,2442.0
int__tai30_15_06,1819,233,2174.0,2446.0
int__tai30_15_06,1819,234,2191.0,2476.0
int__tai30_15_06,1819,235,2256.0,2558.0
int__tai30_15_06,1819,236,2139.0,2395.0
int__tai30_15_06,1819,237,2119.0,2371.0
int__tai30_15_06,1819,238,2165.0,2448.0
int__tai30_15_06,1819,239,2231.0,2555.0
int__tai30_15_06,1819,240,2116.0,2401.0
int__tai30_15_06,1819,241,2181.0,2491.0
int__tai30_15_06,1819,242,2203.0,2483.0
int__tai30_15_06,1819,243,2075.0,2345.0
int__tai30_15_06,1819,244,2096.0,2341.0
int__tai30_15_06,1819,245,2195.0,2458.0
int__tai30_15_06,1819,246,2146.0,2397.0
int__tai30_15_06,1819,247,2207.0,2506.0
int__tai30_15_06,1819,248,2095.0,2371.0
int__tai30_15_06,1819,249,2232.0,2515.0
int__tai30_15_06,1819,250,2076.0,2363.0
int__tai30_15_06,1819,251,2088.0,2372.0
int__tai30_15_06,1819,252,2042.0,2275.0
int__tai30_15_06,1819,253,2126.0,2434.0
int__tai30_15_06,1819,254,2214.0,2469.0
int__tai30_15_06,1819,255,2088.0,2406.0
int__tai30_15_06,1819,256,2121.0,2422.0
int__tai30_15_06,1819,257,2156.0,2433.0
int__tai30_15_06,1819,258,2222.0,2517.0
int__tai30_15_06,1819,259,2083.0,2359.0
int__tai30_15_06,1819,260,2149.0,2434.0
int__tai30_15_06,1819,261,2142.0,2463.0
int__tai30_15_06,1819,262,2174.0,2450.0
int__tai30_15_06,1819,263,2113.0,2384.0
int__tai30_15_06,1819,264,2173.0,2421.0
int__tai30_15_06,1819,265,2115.0,2395.0
int__tai30_15_06,1819,266,2215.0,2468.0
int__tai30_15_06,1819,267,2080.0,2368.0
int__tai30_15_06,1819,268,2204.0,2462.0
int__tai30_15_06,1819,269,2105.0,2380.0
int__tai30_15_06,1819,270,2099.0,2418.0
int__tai30_15_06,1819,271,2080.0,2340.0
int__tai30_15_06,1819,272,2059.0,2355.0
int__tai30_15_06,1819,273,2135.0,2406.0
int__tai30_15_06,1819,274,2077.0,2314.0
int__tai30_15_06,1819,275,2163.0,2461.0
int__tai30_15_06,1819,276,2014.0,2284.0
int__tai30_15_06,1819,277,2000.0,2281.0
int__tai30_15_06,1819,278,2145.0,2401.0
int__tai30_15_06,1819,279,2031.0,2300.0
int__tai30_15_06,1819,280,2094.0,2371.0
int__tai30_15_06,1819,281,2035.0,2315.0
int__tai30_15_06,1819,282,2219.0,2495.0
int__tai30_15_06,1819,283,2055.0,2304.0
int__tai30_15_06,1819,284,2043.0,2311.0
int__tai30_15_06,1819,285,2049.0,2319.0
int__tai30_15_06,1819,286,2188.0,2502.0
int__tai30_15_06,1819,287,2227.0,2479.0
int__tai30_15_06,1819,288,2076.0,2326.0
int__tai30_15_06,1819,289,2212.0,2454.0
int__tai30_15_06,1819,290,2093.0,2410.0
int__tai30_15_06,1819,291,2220.0,2484.0
int__tai30_15_06,1819,292,2080.0,2360.0
int__tai30_15_06,1819,293,2028.0,2291.0
int__tai30_15_06,1819,294,1996.0,2278.0
int__tai30_15_06,1819,295,2041.0,2280.0
int__tai30_15_06,1819,296,2103.0,2388.0
int__tai30_15_06,1819,297,2089.0,2358.0
int__tai30_15_06,1819,298,2069.0,2375.0
int__tai30_15_06,1819,299,2136.0,2395.0
int__tai30_15_06,1819,300,2099.0,2351.0
int__tai30_15_06,1819,301,2305.0,2609.0
int__tai30_15_06,1819,302,2139.0,2423.0
int__tai30_15_06,1819,303,2098.0,2378.0
int__tai30_15_06,1819,304,2087.0,2380.0
int__tai30_15_06,1819,305,2110.0,2390.0
int__tai30_15_06,1819,306,2140.0,2406.0
int__tai30_15_06,1819,307,2089.0,2353.0
int__tai30_15_06,1819,308,2067.0,2324.0
int__tai30_15_06,1819,309,2121.0,2418.0
int__tai30_15_06,1819,310,2139.0,2455.0
int__tai30_15_06,1819,311,2080.0,2324.0
int__tai30_15_06,1819,312,2157.0,2445.0
int__tai30_15_06,1819,313,2228.0,2482.0
int__tai30_15_06,1819,314,2151.0,2436.0
int__tai30_15_06,1819,315,2039.0,2326.0
int__tai30_15_06,1819,316,2193.0,2446.0
int__tai30_15_06,1819,317,2129.0,2440.0
int__tai30_15_06,1819,318,2173.0,2467.0
int__tai30_15_06,1819,319,2177.0,2484.0
int__tai30_15_06,1819,320,2152.0,2446.0
int__tai30_15_06,1819,321,2157.0,2430.0
int__tai30_15_06,1819,322,2191.0,2435.0
int__tai30_15_06,1819,323,2074.0,2328.0
int__tai30_15_06,1819,324,1995.0,2268.0
int__tai30_15_06,1819,325,2065.0,2335.0
int__tai30_15_06,1819,326,2027.0,2316.0
int__tai30_15_06,1819,327,2066.0,2345.0
int__tai30_15_06,1819,328,2141.0,2442.0
int__tai30_15_06,1819,329,2175.0,2483.0
int__tai30_15_06,1819,330,2036.0,2279.0
int__tai30_15_06,1819,331,2106.0,2405.0
int__tai30_15_06,1819,332,2103.0,2392.0
int__tai30_15_06,1819,333,2177.0,2463.0
int__tai30_15_06,1819,334,2124.0,2411.0
int__tai30_15_06,1819,335,2125.0,2427.0
int__tai30_15_06,1819,336,2181.0,2434.0
int__tai30_15_06,1819,337,2163.0,2401.0
int__tai30_15_06,1819,338,2180.0,2443.0
int__tai30_15_06,1819,339,2120.0,2347.0
int__tai30_15_06,1819,340,2151.0,2414.0
int__tai30_15_06,1819,341,2144.0,2425.0
int__tai30_15_06,1819,342,2070.0,2380.0
int__tai30_15_06,1819,343,2090.0,2329.0
int__tai30_15_06,1819,344,2163.0,2427.0
int__tai30_15_06,1819,345,2151.0,2445.0
int__tai30_15_06,1819,346,2100.0,2385.0
int__tai30_15_06,1819,347,2080.0,2345.0
int__tai30_15_06,1819,348,2280.0,2593.0
int__tai30_15_06,1819,349,2172.0,2444.0
int__tai30_15_06,1819,350,2132.0,2414.0
int__tai30_15_06,1819,351,2149.0,2401.0
int__tai30_15_06,1819,352,2146.0,2412.0
int__tai30_15_06,1819,353,2276.0,2593.0
int__tai30_15_06,1819,354,2071.0,2322.0
int__tai30_15_06,1819,355,2105.0,2378.0
int__tai30_15_06,1819,356,2101.0,2393.0
int__tai30_15_06,1819,357,2254.0,2566.0
int__tai30_15_06,1819,358,2164.0,2466.0
int__tai30_15_06,1819,359,2279.0,2613.0
int__tai30_15_06,1819,360,2152.0,2444.0
int__tai30_15_06,1819,361,2165.0,2475.0
int__tai30_15_06,1819,362,2198.0,2498.0
int__tai30_15_06,1819,363,2008.0,2249.0
int__tai30_15_06,1819,364,2074.0,2359.0
int__tai30_15_06,1819,365,2183.0,2466.0
int__tai30_15_06,1819,366,2049.0,2302.0
int__tai30_15_06,1819,367,2030.0,2303.0
int__tai30_15_06,1819,368,2082.0,2388.0
int__tai30_15_06,1819,369,2051.0,2332.0
int__tai30_15_06,1819,370,2125.0,2363.0
int__tai30_15_06,1819,371,2059.0,2342.0
int__tai30_15_06,1819,372,2112.0,2374.0
int__tai30_15_06,1819,373,2113.0,2392.0
int__tai30_15_06,1819,374,2082.0,2335.0
int__tai30_15_06,1819,375,2132.0,2420.0
int__tai30_15_06,1819,376,2064.0,2357.0
int__tai30_15_06,1819,377,2126.0,2397.0
int__tai30_15_06,1819,378,2175.0,2441.0
int__tai30_15_06,1819,379,2161.0,2399.0
int__tai30_15_06,1819,380,2064.0,2349.0
int__tai30_15_06,1819,381,2149.0,2470.0
int__tai30_15_06,1819,382,2061.0,2317.0
int__tai30_15_06,1819,383,2057.0,2352.0
int__tai30_15_06,1819,384,2223.0,2515.0
int__tai30_15_06,1819,385,2231.0,2536.0
int__tai30_15_06,1819,386,2228.0,2516.0
int__tai30_15_06,1819,387,2027.0,2304.0
int__tai30_15_06,1819,388,2144.0,2427.0
int__tai30_15_06,1819,389,2167.0,2441.0
int__tai30_15_06,1819,390,2090.0,2355.0
int__tai30_15_06,1819,391,2171.0,2422.0
int__tai30_15_06,1819,392,2107.0,2393.0
int__tai30_15_06,1819,393,2078.0,2382.0
int__tai30_15_06,1819,394,2151.0,2416.0
int__tai30_15_06,1819,395,2101.0,2371.0
int__tai30_15_06,1819,396,2062.0,2331.0
int__tai30_15_06,1819,397,2068.0,2301.0
int__tai30_15_06,1819,398,2142.0,2406.0
int__tai30_15_06,1819,399,2112.0,2380.0
int__tai30_15_06,1819,400,2130.0,2407.0
int__tai30_15_06,1819,401,2062.0,2329.0
int__tai30_15_06,1819,402,2124.0,2380.0
int__tai30_15_06,1819,403,2238.0,2561.0
int__tai30_15_06,1819,404,1994.0,2246.0
int__tai30_15_06,1819,405,2192.0,2464.0
int__tai30_15_06,1819,406,2162.0,2475.0
int__tai30_15_06,1819,407,2103.0,2423.0
int__tai30_15_06,1819,408,2085.0,2330.0
int__tai30_15_06,1819,409,2139.0,2459.0
int__tai30_15_06,1819,410,2041.0,2354.0
int__tai30_15_06,1819,411,2113.0,2344.0
int__tai30_15_06,1819,412,2281.0,2630.0
int__tai30_15_06,1819,413,2132.0,2422.0
int__tai30_15_06,1819,414,2161.0,2428.0
int__tai30_15_06,1819,415,2104.0,2372.0
int__tai30_15_06,1819,416,2057.0,2329.0
int__tai30_15_06,1819,417,2137.0,2430.0
int__tai30_15_06,1819,418,2154.0,2435.0
int__tai30_15_06,1819,419,2016.0,2272.0
int__tai30_15_06,1819,420,2143.0,2445.0
int__tai30_15_06,1819,421,2161.0,2436.0
int__tai30_15_06,1819,422,2185.0,2461.0
int__tai30_15_06,1819,423,2124.0,2471.0
int__tai30_15_06,1819,424,2082.0,2350.0
int__tai30_15_06,1819,425,2105.0,2395.0
int__tai30_15_06,1819,426,2113.0,2383.0
int__tai30_15_06,1819,427,2176.0,2466.0
int__tai30_15_06,1819,428,2154.0,2444.0
int__tai30_15_06,1819,429,2086.0,2376.0
int__tai30_15_06,1819,430,2144.0,2423.0
int__tai30_15_06,1819,431,2086.0,2381.0
int__tai30_15_06,1819,432,2075.0,2357.0
int__tai30_15_06,1819,433,2126.0,2418.0
int__tai30_15_06,1819,434,2080.0,2337.0
int__tai30_15_06,1819,435,2164.0,2455.0
int__tai30_15_06,1819,436,2080.0,2370.0
int__tai30_15_06,1819,437,2260.0,2559.0
int__tai30_15_06,1819,438,2121.0,2408.0
int__tai30_15_06,1819,439,2059.0,2313.0
int__tai30_15_06,1819,440,2136.0,2361.0
int__tai30_15_06,1819,441,2100.0,2385.0
int__tai30_15_06,1819,442,2108.0,2377.0
int__tai30_15_06,1819,443,2110.0,2410.0
int__tai30_15_06,1819,444,2125.0,2409.0
int__tai30_15_06,1819,445,2086.0,2349.0
int__tai30_15_06,1819,446,2074.0,2340.0
int__tai30_15_06,1819,447,2209.0,2481.0
int__tai30_15_06,1819,448,2145.0,2392.0
int__tai30_15_06,1819,449,2182.0,2468.0
int__tai30_15_06,1819,450,2164.0,2466.0
int__tai30_15_06,1819,451,2089.0,2353.0
int__tai30_15_06,1819,452,2240.0,2526.0
int__tai30_15_06,1819,453,2134.0,2379.0
int__tai30_15_06,1819,454,2143.0,2428.0
int__tai30_15_06,1819,455,2180.0,2445.0
int__tai30_15_06,1819,456,2085.0,2367.0
int__tai30_15_06,1819,457,2256.0,2574.0
int__tai30_15_06,1819,458,2335.0,2664.0
int__tai30_15_06,1819,459,2164.0,2492.0
int__tai30_15_06,1819,460,2131.0,2383.0
int__tai30_15_06,1819,461,2114.0,2402.0
int__tai30_15_06,1819,462,2095.0,2368.0
int__tai30_15_06,1819,463,2131.0,2417.0
int__tai30_15_06,1819,464,2175.0,2445.0
int__tai30_15_06,1819,465,2150.0,2461.0
int__tai30_15_06,1819,466,2312.0,2602.0
int__tai30_15_06,1819,467,2075.0,2352.0
int__tai30_15_06,1819,468,2082.0,2343.0
int__tai30_15_06,1819,469,2091.0,2390.0
int__tai30_15_06,1819,470,2197.0,2479.0
int__tai30_15_06,1819,471,2089.0,2367.0
int__tai30_15_06,1819,472,2093.0,2372.0
int__tai30_15_06,1819,473,2140.0,2413.0
int__tai30_15_06,1819,474,2407.0,2720.0
int__tai30_15_06,1819,475,2142.0,2412.0
int__tai30_15_06,1819,476,2185.0,2497.0
int__tai30_15_06,1819,477,2079.0,2344.0
int__tai30_15_06,1819,478,2125.0,2373.0
int__tai30_15_06,1819,479,2212.0,2498.0
int__tai30_15_06,1819,480,2197.0,2484.0
int__tai30_15_06,1819,481,2033.0,2333.0
int__tai30_15_06,1819,482,2210.0,2488.0
int__tai30_15_06,1819,483,2132.0,2396.0
int__tai30_15_06,1819,484,2148.0,2413.0
int__tai30_15_06,1819,485,2136.0,2394.0
int__tai30_15_06,1819,486,2075.0,2346.0
int__tai30_15_06,1819,487,2198.0,2460.0
int__tai30_15_06,1819,488,2190.0,2441.0
int__tai30_15_06,1819,489,2217.0,2497.0
int__tai30_15_06,1819,490,2172.0,2413.0
int__tai30_15_06,1819,491,2102.0,2365.0
int__tai30_15_06,1819,492,2049.0,2344.0
int__tai30_15_06,1819,493,2045.0,2324.0
int__tai30_15_06,1819,494,2021.0,2319.0
int__tai30_15_06,1819,495,2077.0,2338.0
int__tai30_15_06,1819,496,2112.0,2396.0
int__tai30_15_06,1819,497,2045.0,2297.0
int__tai30_15_06,1819,498,2116.0,2381.0
int__tai30_15_06,1819,499,2054.0,2331.0
int__tai30_15_06,1819,500,2095.0,2363.0
int__tai30_15_06,1819,501,2128.0,2383.0
int__tai30_15_06,1819,502,2090.0,2355.0
int__tai30_15_06,1819,503,2115.0,2367.0
int__tai30_15_06,1819,504,2217.0,2485.0
int__tai30_15_06,1819,505,2278.0,2579.0
int__tai30_15_06,1819,506,2169.0,2451.0
int__tai30_15_06,1819,507,2020.0,2292.0
int__tai30_15_06,1819,508,2097.0,2349.0
int__tai30_15_06,1819,509,2065.0,2300.0
int__tai30_15_06,1819,510,2045.0,2337.0
int__tai30_15_06,1819,511,2157.0,2464.0
int__tai30_15_06,1819,512,2163.0,2409.0
int__tai30_15_06,1819,513,2096.0,2366.0
int__tai30_15_06,1819,514,2058.0,2359.0
int__tai30_15_06,1819,515,2198.0,2503.0
int__tai30_15_06,1819,516,2155.0,2416.0
int__tai30_15_06,1819,517,2155.0,2439.0
int__tai30_15_06,1819,518,2161.0,2444.0
int__tai30_15_06,1819,519,2064.0,2316.0
int__tai30_15_06,1819,520,2188.0,2434.0
int__tai30_15_06,1819,521,2087.0,2357.0
int__tai30_15_06,1819,522,2150.0,2439.0
int__tai30_15_06,1819,523,2092.0,2374.0
int__tai30_15_06,1819,524,2103.0,2395.0
int__tai30_15_06,1819,525,2114.0,2374.0
int__tai30_15_06,1819,526,2119.0,2429.0
int__tai30_15_06,1819,527,2043.0,2309.0
int__tai30_15_06,1819,528,2146.0,2447.0
int__tai30_15_06,1819,529,2081.0,2313.0
int__tai30_15_06,1819,530,2052.0,2297.0
int__tai30_15_06,1819,531,2055.0,2310.0
int__tai30_15_06,1819,532,2283.0,2579.0
int__tai30_15_06,1819,533,2140.0,2377.0
int__tai30_15_06,1819,534,2196.0,2457.0
int__tai30_15_06,1819,535,2184.0,2488.0
int__tai30_15_06,1819,536,2110.0,2432.0
int__tai30_15_06,1819,537,2207.0,2480.0
int__tai30_15_06,1819,538,2057.0,2333.0
int__tai30_15_06,1819,539,2143.0,2455.0
int__tai30_15_06,1819,540,2032.0,2297.0
int__tai30_15_06,1819,541,2094.0,2415.0
int__tai30_15_06,1819,542,2075.0,2380.0
int__tai30_15_06,1819,543,2167.0,2445.0
int__tai30_15_06,1819,544,1967.0,2258.0
int__tai30_15_06,1819,545,2178.0,2453.0
int__tai30_15_06,1819,546,2247.0,2492.0
int__tai30_15_06,1819,547,2076.0,2360.0
int__tai30_15_06,1819,548,2055.0,2348.0
int__tai30_15_06,1819,549,2069.0,2323.0
int__tai30_15_06,1819,550,2138.0,2395.0
int__tai30_15_06,1819,551,2173.0,2492.0
int__tai30_15_06,1819,552,2045.0,2331.0
int__tai30_15_06,1819,553,2103.0,2354.0
int__tai30_15_06,1819,554,2195.0,2466.0
int__tai30_15_06,1819,555,2015.0,2297.0
int__tai30_15_06,1819,556,2361.0,2667.0
int__tai30_15_06,1819,557,2100.0,2353.0
int__tai30_15_06,1819,558,2157.0,2430.0
int__tai30_15_06,1819,559,2173.0,2458.0
int__tai30_15_06,1819,560,2150.0,2474.0
int__tai30_15_06,1819,561,2131.0,2404.0
int__tai30_15_06,1819,562,2137.0,2384.0
int__tai30_15_06,1819,563,2169.0,2478.0
int__tai30_15_06,1819,564,2186.0,2466.0
int__tai30_15_06,1819,565,2095.0,2422.0
int__tai30_15_06,1819,566,2126.0,2397.0
int__tai30_15_06,1819,567,2090.0,2414.0
int__tai30_15_06,1819,568,2108.0,2352.0
int__tai30_15_06,1819,569,2148.0,2443.0
int__tai30_15_06,1819,570,2214.0,2522.0
int__tai30_15_06,1819,571,2051.0,2321.0
int__tai30_15_06,1819,572,2097.0,2353.0
int__tai30_15_06,1819,573,2109.0,2372.0
int__tai30_15_06,1819,574,2031.0,2309.0
int__tai30_15_06,1819,575,2093.0,2383.0
int__tai30_15_06,1819,576,2217.0,2518.0
int__tai30_15_06,1819,577,2176.0,2466.0
int__tai30_15_06,1819,578,2177.0,2497.0
int__tai30_15_06,1819,579,2202.0,2484.0
int__tai30_15_06,1819,580,2021.0,2305.0
int__tai30_15_06,1819,581,2095.0,2403.0
int__tai30_15_06,1819,582,2081.0,2370.0
int__tai30_15_06,1819,583,2011.0,2277.0
int__tai30_15_06,1819,584,2092.0,2343.0
int__tai30_15_06,1819,585,2096.0,2354.0
int__tai30_15_06,1819,586,2153.0,2467.0
int__tai30_15_06,1819,587,2093.0,2358.0
int__tai30_15_06,1819,588,2186.0,2479.0
int__tai30_15_06,1819,589,2135.0,2405.0
int__tai30_15_06,1819,590,2095.0,2400.0
int__tai30_15_06,1819,591,2107.0,2358.0
int__tai30_15_06,1819,592,2107.0,2377.0
int__tai30_15_06,1819,593,2174.0,2469.0
int__tai30_15_06,1819,594,2225.0,2530.0
int__tai30_15_06,1819,595,2125.0,2404.0
int__tai30_15_06,1819,596,2157.0,2460.0
int__tai30_15_06,1819,597,1999.0,2275.0
int__tai30_15_06,1819,598,2216.0,2511.0
int__tai30_15_06,1819,599,2088.0,2321.0
int__tai30_15_06,1819,600,2108.0,2406.0
int__tai30_15_06,1819,601,2105.0,2442.0
int__tai30_15_06,1819,602,2204.0,2489.0
int__tai30_15_06,1819,603,2128.0,2396.0
int__tai30_15_06,1819,604,2162.0,2438.0
int__tai30_15_06,1819,605,2162.0,2401.0
int__tai30_15_06,1819,606,2296.0,2631.0
int__tai30_15_06,1819,607,2235.0,2510.0
int__tai30_15_06,1819,608,2075.0,2344.0
int__tai30_15_06,1819,609,2109.0,2369.0
int__tai30_15_06,1819,610,2019.0,2273.0
int__tai30_15_06,1819,611,2024.0,2328.0
int__tai30_15_06,1819,612,2029.0,2273.0
int__tai30_15_06,1819,613,2192.0,2502.0
int__tai30_15_06,1819,614,2129.0,2388.0
int__tai30_15_06,1819,615,2057.0,2356.0
int__tai30_15_06,1819,616,2136.0,2416.0
int__tai30_15_06,1819,617,2069.0,2304.0
int__tai30_15_06,1819,618,2101.0,2385.0
int__tai30_15_06,1819,619,2143.0,2419.0
int__tai30_15_06,1819,620,2158.0,2448.0
int__tai30_15_06,1819,621,2067.0,2359.0
int__tai30_15_06,1819,622,2073.0,2333.0
int__tai30_15_06,1819,623,2082.0,2339.0
int__tai30_15_06,1819,624,2151.0,2447.0
int__tai30_15_06,1819,625,2009.0,2265.0
int__tai30_15_06,1819,626,2122.0,2408.0
int__tai30_15_06,1819,627,2114.0,2398.0
int__tai30_15_06,1819,628,2035.0,2317.0
int__tai30_15_06,1819,629,2030.0,2299.0
int__tai30_15_06,1819,630,2096.0,2375.0
int__tai30_15_06,1819,631,2082.0,2360.0
int__tai30_15_06,1819,632,2070.0,2319.0
int__tai30_15_06,1819,633,2282.0,2632.0
int__tai30_15_06,1819,634,2279.0,2566.0
int__tai30_15_06,1819,635,2091.0,2363.0
int__tai30_15_06,1819,636,2028.0,2308.0
int__tai30_15_06,1819,637,2131.0,2386.0
int__tai30_15_06,1819,638,2098.0,2374.0
int__tai30_15_06,1819,639,2102.0,2361.0
int__tai30_15_06,1819,640,2228.0,2552.0
int__tai30_15_06,1819,641,2069.0,2333.0
int__tai30_15_06,1819,642,2101.0,2386.0
int__tai30_15_06,1819,643,2158.0,2419.0
int__tai30_15_06,1819,644,2136.0,2403.0
int__tai30_15_06,1819,645,2268.0,2560.0
int__tai30_15_06,1819,646,2119.0,2400.0
int__tai30_15_06,1819,647,2156.0,2431.0
int__tai30_15_06,1819,648,2197.0,2466.0
int__tai30_15_06,1819,649,2130.0,2403.0
int__tai30_15_06,1819,650,2087.0,2372.0
int__tai30_15_06,1819,651,2112.0,2367.0
int__tai30_15_06,1819,652,2133.0,2394.0
int__tai30_15_06,1819,653,2065.0,2317.0
int__tai30_15_06,1819,654,2075.0,2324.0
int__tai30_15_06,1819,655,2144.0,2405.0
int__tai30_15_06,1819,656,2134.0,2426.0
int__tai30_15_06,1819,657,2120.0,2408.0
int__tai30_15_06,1819,658,2075.0,2358.0
int__tai30_15_06,1819,659,2144.0,2408.0
int__tai30_15_06,1819,660,2090.0,2404.0
int__tai30_15_06,1819,661,2111.0,2400.0
int__tai30_15_06,1819,662,2060.0,2279.0
int__tai30_15_06,1819,663,2280.0,2583.0
int__tai30_15_06,1819,664,2105.0,2378.0
int__tai30_15_06,1819,665,2139.0,2414.0
int__tai30_15_06,1819,666,2054.0,2332.0
int__tai30_15_06,1819,667,2230.0,2510.0
int__tai30_15_06,1819,668,2189.0,2467.0
int__tai30_15_06,1819,669,2235.0,2529.0
int__tai30_15_06,1819,670,2270.0,2530.0
int__tai30_15_06,1819,671,2102.0,2369.0
int__tai30_15_06,1819,672,2210.0,2514.0
int__tai30_15_06,1819,673,2107.0,2411.0
int__tai30_15_06,1819,674,2086.0,2371.0
int__tai30_15_06,1819,675,2131.0,2384.0
int__tai30_15_06,1819,676,2254.0,2524.0
int__tai30_15_06,1819,677,2157.0,2448.0
int__tai30_15_06,1819,678,2154.0,2484.0
int__tai30_15_06,1819,679,2114.0,2385.0
int__tai30_15_06,1819,680,2116.0,2380.0
int__tai30_15_06,1819,681,2058.0,2336.0
int__tai30_15_06,1819,682,2064.0,2329.0
int__tai30_15_06,1819,683,2065.0,2377.0
int__tai30_15_06,1819,684,2064.0,2320.0
int__tai30_15_06,1819,685,2111.0,2394.0
int__tai30_15_06,1819,686,2065.0,2320.0
int__tai30_15_06,1819,687,2120.0,2416.0
int__tai30_15_06,1819,688,2063.0,2339.0
int__tai30_15_06,1819,689,2152.0,2463.0
int__tai30_15_06,1819,690,2102.0,2385.0
int__tai30_15_06,1819,691,2044.0,2345.0
int__tai30_15_06,1819,692,2107.0,2388.0
int__tai30_15_06,1819,693,2313.0,2611.0
int__tai30_15_06,1819,694,2070.0,2316.0
int__tai30_15_06,1819,695,2071.0,2331.0
int__tai30_15_06,1819,696,2159.0,2429.0
int__tai30_15_06,1819,697,2113.0,2408.0
int__tai30_15_06,1819,698,2205.0,2496.0
int__tai30_15_06,1819,699,2129.0,2389.0
int__tai30_15_06,1819,700,2056.0,2328.0
int__tai30_15_06,1819,701,2244.0,2553.0
int__tai30_15_06,1819,702,2137.0,2404.0
int__tai30_15_06,1819,703,2065.0,2338.0
int__tai30_15_06,1819,704,2275.0,2584.0
int__tai30_15_06,1819,705,2156.0,2415.0
int__tai30_15_06,1819,706,2163.0,2470.0
int__tai30_15_06,1819,707,2102.0,2373.0
int__tai30_15_06,1819,708,2089.0,2349.0
int__tai30_15_06,1819,709,2104.0,2348.0
int__tai30_15_06,1819,710,2079.0,2335.0
int__tai30_15_06,1819,711,2008.0,2318.0
int__tai30_15_06,1819,712,2081.0,2346.0
int__tai30_15_06,1819,713,2173.0,2433.0
int__tai30_15_06,1819,714,2146.0,2422.0
int__tai30_15_06,1819,715,2156.0,2446.0
int__tai30_15_06,1819,716,2246.0,2561.0
int__tai30_15_06,1819,717,2231.0,2538.0
int__tai30_15_06,1819,718,2116.0,2380.0
int__tai30_15_06,1819,719,2202.0,2491.0
int__tai30_15_06,1819,720,2080.0,2351.0
int__tai30_15_06,1819,721,2108.0,2408.0
int__tai30_15_06,1819,722,2123.0,2367.0
int__tai30_15_06,1819,723,2161.0,2463.0
int__tai30_15_06,1819,724,2110.0,2416.0
int__tai30_15_06,1819,725,2104.0,2346.0
int__tai30_15_06,1819,726,2121.0,2399.0
int__tai30_15_06,1819,727,2060.0,2339.0
int__tai30_15_06,1819,728,2141.0,2417.0
int__tai30_15_06,1819,729,2222.0,2535.0
int__tai30_15_06,1819,730,2170.0,2440.0
int__tai30_15_06,1819,731,2204.0,2517.0
int__tai30_15_06,1819,732,2148.0,2428.0
int__tai30_15_06,1819,733,2060.0,2372.0
int__tai30_15_06,1819,734,2048.0,2322.0
int__tai30_15_06,1819,735,2040.0,2340.0
int__tai30_15_06,1819,736,2065.0,2351.0
int__tai30_15_06,1819,737,2160.0,2453.0
int__tai30_15_06,1819,738,2083.0,2326.0
int__tai30_15_06,1819,739,2131.0,2382.0
int__tai30_15_06,1819,740,2071.0,2322.0
int__tai30_15_06,1819,741,2221.0,2508.0
int__tai30_15_06,1819,742,2121.0,2389.0
int__tai30_15_06,1819,743,2192.0,2460.0
int__tai30_15_06,1819,744,2056.0,2325.0
int__tai30_15_06,1819,745,2125.0,2359.0
int__tai30_15_06,1819,746,2146.0,2425.0
int__tai30_15_06,1819,747,2288.0,2622.0
int__tai30_15_06,1819,748,2081.0,2397.0
int__tai30_15_06,1819,749,2378.0,2639.0
int__tai30_15_06,1819,750,2067.0,2342.0
int__tai30_15_06,1819,751,2087.0,2353.0
int__tai30_15_06,1819,752,2154.0,2445.0
int__tai30_15_06,1819,753,2120.0,2380.0
int__tai30_15_06,1819,754,2112.0,2376.0
int__tai30_15_06,1819,755,2071.0,2351.0
int__tai30_15_06,1819,756,2095.0,2377.0
int__tai30_15_06,1819,757,1966.0,2212.0
int__tai30_15_06,1819,758,2131.0,2389.0
int__tai30_15_06,1819,759,2040.0,2317.0
int__tai30_15_06,1819,760,2012.0,2309.0
int__tai30_15_06,1819,761,2249.0,2597.0
int__tai30_15_06,1819,762,2125.0,2409.0
int__tai30_15_06,1819,763,2067.0,2346.0
int__tai30_15_06,1819,764,2163.0,2470.0
int__tai30_15_06,1819,765,2047.0,2313.0
int__tai30_15_06,1819,766,2197.0,2476.0
int__tai30_15_06,1819,767,2135.0,2428.0
int__tai30_15_06,1819,768,2129.0,2380.0
int__tai30_15_06,1819,769,2154.0,2413.0
int__tai30_15_06,1819,770,2087.0,2403.0
int__tai30_15_06,1819,771,2033.0,2293.0
int__tai30_15_06,1819,772,2155.0,2448.0
int__tai30_15_06,1819,773,2110.0,2369.0
int__tai30_15_06,1819,774,2132.0,2441.0
int__tai30_15_06,1819,775,2146.0,2416.0
int__tai30_15_06,1819,776,2161.0,2452.0
int__tai30_15_06,1819,777,2126.0,2392.0
int__tai30_15_06,1819,778,2135.0,2431.0
int__tai30_15_06,1819,779,2075.0,2354.0
int__tai30_15_06,1819,780,2159.0,2441.0
int__tai30_15_06,1819,781,2120.0,2432.0
int__tai30_15_06,1819,782,2123.0,2422.0
int__tai30_15_06,1819,783,2034.0,2299.0
int__tai30_15_06,1819,784,2238.0,2534.0
int__tai30_15_06,1819,785,2184.0,2438.0
int__tai30_15_06,1819,786,2214.0,2431.0
int__tai30_15_06,1819,787,2125.0,2415.0
int__tai30_15_06,1819,788,2042.0,2313.0
int__tai30_15_06,1819,789,2297.0,2590.0
int__tai30_15_06,1819,790,2141.0,2416.0
int__tai30_15_06,1819,791,2195.0,2464.0
int__tai30_15_06,1819,792,2079.0,2355.0
int__tai30_15_06,1819,793,2053.0,2324.0
int__tai30_15_06,1819,794,2287.0,2574.0
int__tai30_15_06,1819,795,2094.0,2322.0
int__tai30_15_06,1819,796,2031.0,2299.0
int__tai30_15_06,1819,797,2086.0,2409.0
int__tai30_15_06,1819,798,2206.0,2495.0
int__tai30_15_06,1819,799,2068.0,2336.0
int__tai30_15_06,1819,800,2066.0,2364.0
int__tai30_15_06,1819,801,2040.0,2321.0
int__tai30_15_06,1819,802,2181.0,2454.0
int__tai30_15_06,1819,803,2214.0,2502.0
int__tai30_15_06,1819,804,2138.0,2450.0
int__tai30_15_06,1819,805,2099.0,2345.0
int__tai30_15_06,1819,806,2125.0,2370.0
int__tai30_15_06,1819,807,2120.0,2429.0
int__tai30_15_06,1819,808,2132.0,2405.0
int__tai30_15_06,1819,809,2134.0,2423.0
int__tai30_15_06,1819,810,2226.0,2506.0
int__tai30_15_06,1819,811,2085.0,2369.0
int__tai30_15_06,1819,812,2019.0,2270.0
int__tai30_15_06,1819,813,2082.0,2351.0
int__tai30_15_06,1819,814,2090.0,2351.0
int__tai30_15_06,1819,815,2270.0,2565.0
int__tai30_15_06,1819,816,2111.0,2386.0
int__tai30_15_06,1819,817,2177.0,2411.0
int__tai30_15_06,1819,818,2109.0,2418.0
int__tai30_15_06,1819,819,2301.0,2575.0
int__tai30_15_06,1819,820,2075.0,2321.0
int__tai30_15_06,1819,821,2133.0,2433.0
int__tai30_15_06,1819,822,2141.0,2420.0
int__tai30_15_06,1819,823,2083.0,2352.0
int__tai30_15_06,1819,824,2223.0,2537.0
int__tai30_15_06,1819,825,2115.0,2382.0
int__tai30_15_06,1819,826,2077.0,2328.0
int__tai30_15_06,1819,827,2128.0,2413.0
int__tai30_15_06,1819,828,2149.0,2380.0
int__tai30_15_06,1819,829,2092.0,2350.0
int__tai30_15_06,1819,830,2058.0,2331.0
int__tai30_15_06,1819,831,2056.0,2332.0
int__tai30_15_06,1819,832,2056.0,2339.0
int__tai30_15_06,1819,833,2068.0,2345.0
int__tai30_15_06,1819,834,2247.0,2537.0
int__tai30_15_06,1819,835,2212.0,2557.0
int__tai30_15_06,1819,836,2059.0,2323.0
int__tai30_15_06,1819,837,2198.0,2485.0
int__tai30_15_06,1819,838,2249.0,2561.0
int__tai30_15_06,1819,839,2069.0,2326.0
int__tai30_15_06,1819,840,2091.0,2356.0
int__tai30_15_06,1819,841,2217.0,2536.0
int__tai30_15_06,1819,842,2106.0,2395.0
int__tai30_15_06,1819,843,2047.0,2341.0
int__tai30_15_06,1819,844,2151.0,2432.0
int__tai30_15_06,1819,845,2179.0,2433.0
int__tai30_15_06,1819,846,2036.0,2294.0
int__tai30_15_06,1819,847,2067.0,2360.0
int__tai30_15_06,1819,848,2196.0,2535.0
int__tai30_15_06,1819,849,2250.0,2527.0
int__tai30_15_06,1819,850,2159.0,2508.0
int__tai30_15_06,1819,851,2107.0,2397.0
int__tai30_15_06,1819,852,2067.0,2388.0
int__tai30_15_06,1819,853,2086.0,2361.0
int__tai30_15_06,1819,854,2089.0,2377.0
int__tai30_15_06,1819,855,2128.0,2391.0
int__tai30_15_06,1819,856,2146.0,2413.0
int__tai30_15_06,1819,857,2034.0,2275.0
int__tai30_15_06,1819,858,2035.0,2353.0
int__tai30_15_06,1819,859,2061.0,2350.0
int__tai30_15_06,1819,860,2051.0,2313.0
int__tai30_15_06,1819,861,2128.0,2356.0
int__tai30_15_06,1819,862,2018.0,2266.0
int__tai30_15_06,1819,863,2036.0,2354.0
int__tai30_15_06,1819,864,2116.0,2402.0
int__tai30_15_06,1819,865,2160.0,2454.0
int__tai30_15_06,1819,866,2060.0,2354.0
int__tai30_15_06,1819,867,2017.0,2301.0
int__tai30_15_06,1819,868,2202.0,2444.0
int__tai30_15_06,1819,869,2203.0,2481.0
int__tai30_15_06,1819,870,2119.0,2398.0
int__tai30_15_06,1819,871,2052.0,2303.0
int__tai30_15_06,1819,872,2170.0,2476.0
int__tai30_15_06,1819,873,2118.0,2391.0
int__tai30_15_06,1819,874,2117.0,2390.0
int__tai30_15_06,1819,875,2327.0,2625.0
int__tai30_15_06,1819,876,2240.0,2521.0
int__tai30_15_06,1819,877,2251.0,2536.0
int__tai30_15_06,1819,878,2085.0,2384.0
int__tai30_15_06,1819,879,2104.0,2361.0
int__tai30_15_06,1819,880,2248.0,2546.0
int__tai30_15_06,1819,881,2082.0,2326.0
int__tai30_15_06,1819,882,2033.0,2327.0
int__tai30_15_06,1819,883,2150.0,2416.0
int__tai30_15_06,1819,884,2158.0,2425.0
int__tai30_15_06,1819,885,2138.0,2414.0
int__tai30_15_06,1819,886,2139.0,2448.0
int__tai30_15_06,1819,887,2086.0,2400.0
int__tai30_15_06,1819,888,2269.0,2592.0
int__tai30_15_06,1819,889,2127.0,2368.0
int__tai30_15_06,1819,890,2021.0,2242.0
int__tai30_15_06,1819,891,2136.0,2406.0
int__tai30_15_06,1819,892,2141.0,2380.0
int__tai30_15_06,1819,893,2163.0,2453.0
int__tai30_15_06,1819,894,2200.0,2488.0
int__tai30_15_06,1819,895,2099.0,2345.0
int__tai30_15_06,1819,896,2106.0,2373.0
int__tai30_15_06,1819,897,2089.0,2358.0
int__tai30_15_06,1819,898,2135.0,2445.0
int__tai30_15_06,1819,899,2106.0,2394.0
int__tai30_15_06,1819,900,2162.0,2427.0
int__tai30_15_06,1819,901,2024.0,2303.0
int__tai30_15_06,1819,902,2088.0,2366.0
int__tai30_15_06,1819,903,2168.0,2453.0
int__tai30_15_06,1819,904,2072.0,2349.0
int__tai30_15_06,1819,905,2223.0,2501.0
int__tai30_15_06,1819,906,2110.0,2356.0
int__tai30_15_06,1819,907,2031.0,2287.0
int__tai30_15_06,1819,908,2086.0,2373.0
int__tai30_15_06,1819,909,2015.0,2318.0
int__tai30_15_06,1819,910,2109.0,2391.0
int__tai30_15_06,1819,911,2120.0,2407.0
int__tai30_15_06,1819,912,2165.0,2417.0
int__tai30_15_06,1819,913,2110.0,2409.0
int__tai30_15_06,1819,914,2105.0,2365.0
int__tai30_15_06,1819,915,2060.0,2360.0
int__tai30_15_06,1819,916,2208.0,2486.0
int__tai30_15_06,1819,917,2129.0,2442.0
int__tai30_15_06,1819,918,2022.0,2305.0
int__tai30_15_06,1819,919,2254.0,2576.0
int__tai30_15_06,1819,920,2072.0,2337.0
int__tai30_15_06,1819,921,2062.0,2347.0
int__tai30_15_06,1819,922,2089.0,2325.0
int__tai30_15_06,1819,923,2046.0,2333.0
int__tai30_15_06,1819,924,2284.0,2540.0
int__tai30_15_06,1819,925,2109.0,2382.0
int__tai30_15_06,1819,926,2047.0,2310.0
int__tai30_15_06,1819,927,2116.0,2414.0
int__tai30_15_06,1819,928,2086.0,2356.0
int__tai30_15_06,1819,929,2096.0,2354.0
int__tai30_15_06,1819,930,2175.0,2435.0
int__tai30_15_06,1819,931,2085.0,2293.0
int__tai30_15_06,1819,932,2113.0,2423.0
int__tai30_15_06,1819,933,2075.0,2366.0
int__tai30_15_06,1819,934,2097.0,2378.0
int__tai30_15_06,1819,935,2184.0,2498.0
int__tai30_15_06,1819,936,2078.0,2360.0
int__tai30_15_06,1819,937,2033.0,2281.0
int__tai30_15_06,1819,938,2060.0,2358.0
int__tai30_15_06,1819,939,2054.0,2344.0
int__tai30_15_06,1819,940,2100.0,2400.0
int__tai30_15_06,1819,941,2108.0,2429.0
int__tai30_15_06,1819,942,2115.0,2411.0
int__tai30_15_06,1819,943,2130.0,2397.0
int__tai30_15_06,1819,944,2182.0,2478.0
int__tai30_15_06,1819,945,2202.0,2468.0
int__tai30_15_06,1819,946,2161.0,2469.0
int__tai30_15_06,1819,947,2138.0,2413.0
int__tai30_15_06,1819,948,2089.0,2412.0
int__tai30_15_06,1819,949,2144.0,2419.0
int__tai30_15_06,1819,950,2085.0,2374.0
int__tai30_15_06,1819,951,2057.0,2349.0
int__tai30_15_06,1819,952,2048.0,2313.0
int__tai30_15_06,1819,953,2199.0,2477.0
int__tai30_15_06,1819,954,2056.0,2344.0
int__tai30_15_06,1819,955,2154.0,2414.0
int__tai30_15_06,1819,956,2166.0,2452.0
int__tai30_15_06,1819,957,2055.0,2343.0
int__tai30_15_06,1819,958,2146.0,2459.0
int__tai30_15_06,1819,959,2034.0,2341.0
int__tai30_15_06,1819,960,2170.0,2471.0
int__tai30_15_06,1819,961,2099.0,2361.0
int__tai30_15_06,1819,962,2289.0,2591.0
int__tai30_15_06,1819,963,2105.0,2353.0
int__tai30_15_06,1819,964,2075.0,2308.0
int__tai30_15_06,1819,965,2138.0,2423.0
int__tai30_15_06,1819,966,2106.0,2345.0
int__tai30_15_06,1819,967,2006.0,2285.0
int__tai30_15_06,1819,968,2109.0,2383.0
int__tai30_15_06,1819,969,2236.0,2530.0
int__tai30_15_06,1819,970,2176.0,2439.0
int__tai30_15_06,1819,971,2140.0,2366.0
int__tai30_15_06,1819,972,2057.0,2347.0
int__tai30_15_06,1819,973,2070.0,2291.0
int__tai30_15_06,1819,974,2100.0,2364.0
int__tai30_15_06,1819,975,2080.0,2360.0
int__tai30_15_06,1819,976,2101.0,2367.0
int__tai30_15_06,1819,977,2241.0,2563.0
int__tai30_15_06,1819,978,2069.0,2342.0
int__tai30_15_06,1819,979,2034.0,2311.0
int__tai30_15_06,1819,980,2164.0,2444.0
int__tai30_15_06,1819,981,2062.0,2332.0
int__tai30_15_06,1819,982,2252.0,2529.0
int__tai30_15_06,1819,983,2223.0,2514.0
int__tai30_15_06,1819,984,2049.0,2280.0
int__tai30_15_06,1819,985,2133.0,2441.0
int__tai30_15_06,1819,986,2108.0,2413.0
int__tai30_15_06,1819,987,2067.0,2326.0
int__tai30_15_06,1819,988,2122.0,2418.0
int__tai30_15_06,1819,989,2181.0,2511.0
int__tai30_15_06,1819,990,2124.0,2417.0
int__tai30_15_06,1819,991,2159.0,2463.0
int__tai30_15_06,1819,992,2126.0,2408.0
int__tai30_15_06,1819,993,2144.0,2388.0
int__tai30_15_06,1819,994,2087.0,2360.0
int__tai30_15_06,1819,995,2067.0,2371.0
int__tai30_15_06,1819,996,2057.0,2337.0
int__tai30_15_06,1819,997,2091.0,2405.0
int__tai30_15_06,1819,998,2095.0,2370.0
int__tai30_15_06,1819,999,2108.0,2389.0
int__tai30_15_06,1819,1000,2156.0,2453.0
int__tai30_15_06,1819,1001,2078.0,2364.0
int__tai30_15_06,1819,1002,1963.0,2236.0
int__tai30_15_06,1819,1003,2233.0,2504.0
int__tai30_15_06,1819,1004,2075.0,2356.0
int__tai30_15_06,1819,1005,2034.0,2277.0
int__tai30_15_06,1819,1006,2171.0,2453.0
int__tai30_15_06,1819,1007,1974.0,2232.0
int__tai30_15_06,1819,1008,2130.0,2424.0
int__tai30_15_06,1819,1009,2073.0,2341.0
int__tai30_15_06,1819,1010,2202.0,2488.0
int__tai30_15_06,1819,1011,2121.0,2397.0
int__tai30_15_06,1819,1012,2170.0,2437.0
int__tai30_15_06,1819,1013,2082.0,2324.0
int__tai30_15_06,1819,1014,2089.0,2392.0
int__tai30_15_06,1819,1015,2052.0,2339.0
int__tai30_15_06,1819,1016,2083.0,2385.0
int__tai30_15_06,1819,1017,2086.0,2354.0
int__tai30_15_06,1819,1018,2159.0,2432.0
int__tai30_15_06,1819,1019,2105.0,2378.0
int__tai30_15_06,1819,1020,2078.0,2317.0
int__tai30_15_06,1819,1021,2275.0,2530.0
int__tai30_15_06,1819,1022,2038.0,2336.0
int__tai30_15_06,1819,1023,2215.0,2529.0
int__tai30_20_02,1884,0,2204.0,2481.0
int__tai30_20_02,1884,1,2324.0,2589.0
int__tai30_20_02,1884,2,2340.0,2630.0
int__tai30_20_02,1884,3,2238.0,2526.0
int__tai30_20_02,1884,4,2309.0,2603.0
int__tai30_20_02,1884,5,2348.0,2645.0
int__tai30_20_02,1884,6,2369.0,2653.0
int__tai30_20_02,1884,7,2242.0,2528.0
int__tai30_20_02,1884,8,2218.0,2490.0
int__tai30_20_02,1884,9,2239.0,2518.0
int__tai30_20_02,1884,10,2286.0,2586.0
int__tai30_20_02,1884,11,2336.0,2634.0
int__tai30_20_02,1884,12,2234.0,2529.0
int__tai30_20_02,1884,13,2292.0,2598.0
int__tai30_20_02,1884,14,2328.0,2619.0
int__tai30_20_02,1884,15,2254.0,2565.0
int__tai30_20_02,1884,16,2224.0,2484.0
int__tai30_20_02,1884,17,2294.0,2575.0
int__tai30_20_02,1884,18,2281.0,2561.0
int__tai30_20_02,1884,19,2316.0,2557.0
int__tai30_20_02,1884,20,2259.0,2529.0
int__tai30_20_02,1884,21,2313.0,2553.0
int__tai30_20_02,1884,22,2296.0,2585.0
int__tai30_20_02,1884,23,2267.0,2547.0
int__tai30_20_02,1884,24,2305.0,2582.0
int__tai30_20_02,1884,25,2243.0,2546.0
int__tai30_20_02,1884,26,2256.0,2554.0
int__tai30_20_02,1884,27,2313.0,2590.0
int__tai30_20_02,1884,28,2341.0,2638.0
int__tai30_20_02,1884,29,2104.0,2397.0
int__tai30_20_02,1884,30,2215.0,2480.0
int__tai30_20_02,1884,31,2318.0,2613.0
int__tai30_20_02,1884,32,2227.0,2525.0
int__tai30_20_02,1884,33,2220.0,2506.0
int__tai30_20_02,1884,34,2314.0,2583.0
int__tai30_20_02,1884,35,2231.0,2544.0
int__tai30_20_02,1884,36,2300.0,2582.0
int__tai30_20_02,1884,37,2203.0,2479.0
int__tai30_20_02,1884,38,2213.0,2492.0
int__tai30_20_02,1884,39,2342.0,2615.0
int__tai30_20_02,1884,40,2249.0,2546.0
int__tai30_20_02,1884,41,2240.0,2515.0
int__tai30_20_02,1884,42,2340.0,2634.0
int__tai30_20_02,1884,43,2229.0,2522.0
int__tai30_20_02,1884,44,2346.0,2632.0
int__tai30_20_02,1884,45,2283.0,2578.0
int__tai30_20_02,1884,46,2300.0,2617.0
int__tai30_20_02,1884,47,2220.0,2497.0
int__tai30_20_02,1884,48,2256.0,2514.0
int__tai30_20_02,1884,49,2365.0,2700.0
int__tai30_20_02,1884,50,2311.0,2619.0
int__tai30_20_02,1884,51,2294.0,2584.0
int__tai30_20_02,1884,52,2264.0,2546.0
int__tai30_20_02,1884,53,2430.0,2743.0
int__tai30_20_02,1884,54,2211.0,2509.0
int__tai30_20_02,1884,55,2204.0,2494.0
int__tai30_20_02,1884,56,2260.0,2521.0
int__tai30_20_02,1884,57,2267.0,2563.0
int__tai30_20_02,1884,58,2335.0,2608.0
int__tai30_20_02,1884,59,2272.0,2538.0
int__tai30_20_02,1884,60,2205.0,2483.0
int__tai30_20_02,1884,61,2201.0,2470.0
int__tai30_20_02,1884,62,2329.0,2652.0
int__tai30_20_02,1884,63,2232.0,2530.0
int__tai30_20_02,1884,64,2311.0,2594.0
int__tai30_20_02,1884,65,2324.0,2660.0
int__tai30_20_02,1884,66,2237.0,2491.0
int__tai30_20_02,1884,67,2322.0,2620.0
int__tai30_20_02,1884,68,2257.0,2554.0
int__tai30_20_02,1884,69,2374.0,2698.0
int__tai30_20_02,1884,70,2295.0,2593.0
int__tai30_20_02,1884,71,2373.0,2654.0
int__tai30_20_02,1884,72,2218.0,2487.0
int__tai30_20_02,1884,73,2293.0,2600.0
int__tai30_20_02,1884,74,2284.0,2581.0
int__tai30_20_02,1884,75,2295.0,2568.0
int__tai30_20_02,1884,76,2347.0,2628.0
int__tai30_20_02,1884,77,2342.0,2647.0
int__tai30_20_02,1884,78,2198.0,2501.0
int__tai30_20_02,1884,79,2318.0,2603.0
int__tai30_20_02,1884,80,2229.0,2495.0
int__tai30_20_02,1884,81,2371.0,2665.0
int__tai30_20_02,1884,82,2390.0,2722.0
int__tai30_20_02,1884,83,2395.0,2635.0
int__tai30_20_02,1884,84,2271.0,2589.0
int__tai30_20_02,1884,85,2542.0,2834.0
int__tai30_20_02,1884,86,2304.0,2587.0
int__tai30_20_02,1884,87,2248.0,2517.0
int__tai30_20_02,1884,88,2284.0,2565.0
int__tai30_20_02,1884,89,2400.0,2719.0
int__tai30_20_02,1884,90,2323.0,2611.0
int__tai30_20_02,1884,91,2205.0,2511.0
int__tai30_20_02,1884,92,2379.0,2679.0
int__tai30_20_02,1884,93,2290.0,2579.0
int__tai30_20_02,1884,94,2206.0,2475.0
int__tai30_20_02,1884,95,2245.0,2545.0
int__tai30_20_02,1884,96,2330.0,2590.0
int__tai30_20_02,1884,97,2244.0,2513.0
int__tai30_20_02,1884,98,2178.0,2442.0
int__tai30_20_02,1884,99,2270.0,2557.0
int__tai30_20_02,1884,100,2245.0,2511.0
int__tai30_20_02,1884,101,2272.0,2565.0
int__tai30_20_02,1884,102,2410.0,2736.0
int__tai30_20_02,1884,103,2276.0,2545.0
int__tai30_20_02,1884,104,2281.0,2550.0
int__tai30_20_02,1884,105,2289.0,2584.0
int__tai30_20_02,1884,106,2317.0,2598.0
int__tai30_20_02,1884,107,2195.0,2471.0
int__tai30_20_02,1884,108,2374.0,2698.0
int__tai30_20_02,1884,109,2224.0,2524.0
int__tai30_20_02,1884,110,2302.0,2593.0
int__tai30_20_02,1884,111,2352.0,2651.0
int__tai30_20_02,1884,112,2269.0,2545.0
int__tai30_20_02,1884,113,2325.0,2640.0
int__tai30_20_02,1884,114,2094.0,2365.0
int__tai30_20_02,1884,115,2306.0,2561.0
int__tai30_20_02,1884,116,2304.0,2609.0
int__tai30_20_02,1884,117,2248.0,2521.0
int__tai30_20_02,1884,118,2279.0,2547.0
int__tai30_20_02,1884,119,2233.0,2501.0
int__tai30_20_02,1884,120,2329.0,2588.0
int__tai30_20_02,1884,121,2377.0,2646.0
int__tai30_20_02,1884,122,2263.0,2574.0
int__tai30_20_02,1884,123,2314.0,2593.0
int__tai30_20_02,1884,124,2389.0,2668.0
int__tai30_20_02,1884,125,2370.0,2704.0
int__tai30_20_02,1884,126,2308.0,2593.0
int__tai30_20_02,1884,127,2276.0,2534.0
int__tai30_20_02,1884,128,2373.0,2694.0
int__tai30_20_02,1884,129,2434.0,2745.0
int__tai30_20_02,1884,130,2252.0,2535.0
int__tai30_20_02,1884,131,2241.0,2548.0
int__tai30_20_02,1884,132,2269.0,2533.0
int__tai30_20_02,1884,133,2199.0,2512.0
int__tai30_20_02,1884,134,2296.0,2623.0
int__tai30_20_02,1884,135,2298.0,2581.0
int__tai30_20_02,1884,136,2321.0,2620.0
int__tai30_20_02,1884,137,2192.0,2464.0
int__tai30_20_02,1884,138,2272.0,2605.0
int__tai30_20_02,1884,139,2349.0,2662.0
int__tai30_20_02,1884,140,2219.0,2536.0
int__tai30_20_02,1884,141,2284.0,2566.0
int__tai30_20_02,1884,142,2264.0,2558.0
int__tai30_20_02,1884,143,2273.0,2553.0
int__tai30_20_02,1884,144,2224.0,2517.0
int__tai30_20_02,1884,145,2303.0,2593.0
int__tai30_20_02,1884,146,2294.0,2602.0
int__tai30_20_02,1884,147,2295.0,2525.0
int__tai30_20_02,1884,148,2261.0,2528.0
int__tai30_20_02,1884,149,2236.0,2509.0
int__tai30_20_02,1884,150,2206.0,2501.0
int__tai30_20_02,1884,151,2266.0,2542.0
int__tai30_20_02,1884,152,2233.0,2560.0
int__tai30_20_02,1884,153,2246.0,2539.0
int__tai30_20_02,1884,154,2206.0,2497.0
int__tai30_20_02,1884,155,2374.0,2690.0
int__tai30_20_02,1884,156,2471.0,2731.0
int__tai30_20_02,1884,157,2259.0,2534.0
int__tai30_20_02,1884,158,2244.0,2520.0
int__tai30_20_02,1884,159,2172.0,2471.0
int__tai30_20_02,1884,160,2245.0,2517.0
int__tai30_20_02,1884,161,2266.0,2548.0
int__tai30_20_02,1884,162,2337.0,2673.0
int__tai30_20_02,1884,163,2264.0,2594.0
int__tai30_20_02,1884,164,2264.0,2532.0
int__tai30_20_02,1884,165,2274.0,2536.0
int__tai30_20_02,1884,166,2375.0,2648.0
int__tai30_20_02,1884,167,2318.0,2602.0
int__tai30_20_02,1884,168,2295.0,2605.0
int__tai30_20_02,1884,169,2306.0,2598.0
int__tai30_20_02,1884,170,2199.0,2484.0
int__tai30_20_02,1884,171,2328.0,2612.0
int__tai30_20_02,1884,172,2271.0,2580.0
int__tai30_20_02,1884,173,2246.0,2535.0
int__tai30_20_02,1884,174,2237.0,2511.0
int__tai30_20_02,1884,175,2301.0,2556.0
int__tai30_20_02,1884,176,2269.0,2555.0
int__tai30_20_02,1884,177,2278.0,2562.0
int__tai30_20_02,1884,178,2292.0,2563.0
int__tai30_20_02,1884,179,2213.0,2493.0
int__tai30_20_02,1884,180,2314.0,2622.0
int__tai30_20_02,1884,181,2281.0,2578.0
int__tai30_20_02,1884,182,2219.0,2495.0
int__tai30_20_02,1884,183,2298.0,2596.0
int__tai30_20_02,1884,184,2196.0,2481.0
int__tai30_20_02,1884,185,2342.0,2653.0
int__tai30_20_02,1884,186,2341.0,2604.0
int__tai30_20_02,1884,187,2261.0,2566.0
int__tai30_20_02,1884,188,2314.0,2590.0
int__tai30_20_02,1884,189,2293.0,2564.0
int__tai30_20_02,1884,190,2326.0,2566.0
int__tai30_20_02,1884,191,2235.0,2533.0
int__tai30_20_02,1884,192,2322.0,2613.0
int__tai30_20_02,1884,193,2164.0,2453.0
int__tai30_20_02,1884,194,2233.0,2546.0
int__tai30_20_02,1884,195,2234.0,2546.0
int__tai30_20_02,1884,196,2325.0,2648.0
int__tai30_20_02,1884,197,2412.0,2765.0
int__tai30_20_02,1884,198,2340.0,2649.0
int__tai30_20_02,1884,199,2233.0,2539.0
int__tai30_20_02,1884,200,2311.0,2583.0
int__tai30_20_02,1884,201,2319.0,2551.0
int__tai30_20_02,1884,202,2291.0,2606.0
int__tai30_20_02,1884,203,2219.0,2511.0
int__tai30_20_02,1884,204,2302.0,2602.0
int__tai30_20_02,1884,205,2387.0,2668.0
int__tai30_20_02,1884,206,2277.0,2537.0
int__tai30_20_02,1884,207,2303.0,2582.0
int__tai30_20_02,1884,208,2300.0,2586.0
int__tai30_20_02,1884,209,2339.0,2644.0
int__tai30_20_02,1884,210,2304.0,2594.0
int__tai30_20_02,1884,211,2269.0,2537.0
int__tai30_20_02,1884,212,2327.0,2608.0
int__tai30_20_02,1884,213,2310.0,2556.0
int__tai30_20_02,1884,214,2251.0,2558.0
int__tai30_20_02,1884,215,2416.0,2738.0
int__tai30_20_02,1884,216,2290.0,2640.0
int__tai30_20_02,1884,217,2283.0,2603.0
int__tai30_20_02,1884,218,2196.0,2502.0
int__tai30_20_02,1884,219,2183.0,2487.0
int__tai30_20_02,1884,220,2176.0,2440.0
int__tai30_20_02,1884,221,2288.0,2596.0
int__tai30_20_02,1884,222,2270.0,2565.0
int__tai30_20_02,1884,223,2275.0,2577.0
int__tai30_20_02,1884,224,2206.0,2516.0
int__tai30_20_02,1884,225,2321.0,2595.0
int__tai30_20_02,1884,226,2347.0,2653.0
int__tai30_20_02,1884,227,2270.0,2566.0
int__tai30_20_02,1884,228,2319.0,2597.0
int__tai30_20_02,1884,229,2314.0,2640.0
int__tai30_20_02,1884,230,2197.0,2479.0
int__tai30_20_02,1884,231,2281.0,2594.0
int__tai30_20_02,1884,232,2340.0,2646.0
int__tai30_20_02,1884,233,2171.0,2436.0
int__tai30_20_02,1884,234,2326.0,2599.0
int__tai30_20_02,1884,235,2310.0,2604.0
int__tai30_20_02,1884,236,2349.0,2668.0
int__tai30_20_02,1884,237,2381.0,2721.0
int__tai30_20_02,1884,238,2215.0,2487.0
int__tai30_20_02,1884,239,2199.0,2434.0
int__tai30_20_02,1884,240,2171.0,2461.0
int__tai30_20_02,1884,241,2222.0,2535.0
int__tai30_20_02,1884,242,2269.0,2559.0
int__tai30_20_02,1884,243,2244.0,2510.0
int__tai30_20_02,1884,244,2267.0,2545.0
int__tai30_20_02,1884,245,2300.0,2606.0
int__tai30_20_02,1884,246,2199.0,2495.0
int__tai30_20_02,1884,247,2243.0,2544.0
int__tai30_20_02,1884,248,2212.0,2499.0
int__tai30_20_02,1884,249,2270.0,2551.0
int__tai30_20_02,1884,250,2294.0,2593.0
int__tai30_20_02,1884,251,2210.0,2477.0
int__tai30_20_02,1884,252,2315.0,2592.0
int__tai30_20_02,1884,253,2425.0,2703.0
int__tai30_20_02,1884,254,2297.0,2573.0
int__tai30_20_02,1884,255,2321.0,2600.0
int__tai30_20_02,1884,256,2245.0,2534.0
int__tai30_20_02,1884,257,2312.0,2592.0
int__tai30_20_02,1884,258,2229.0,2519.0
int__tai30_20_02,1884,259,2286.0,2595.0
int__tai30_20_02,1884,260,2256.0,2500.0
int__tai30_20_02,1884,261,2199.0,2512.0
int__tai30_20_02,1884,262,2516.0,2811.0
int__tai30_20_02,1884,263,2233.0,2552.0
int__tai30_20_02,1884,264,2219.0,2480.0
int__tai30_20_02,1884,265,2263.0,2496.0
int__tai30_20_02,1884,266,2314.0,2648.0
int__tai30_20_02,1884,267,2253.0,2539.0
int__tai30_20_02,1884,268,2409.0,2743.0
int__tai30_20_02,1884,269,2270.0,2527.0
int__tai30_20_02,1884,270,2343.0,2624.0
int__tai30_20_02,1884,271,2320.0,2601.0
int__tai30_20_02,1884,272,2216.0,2504.0
int__tai30_20_02,1884,273,2367.0,2628.0
int__tai30_20_02,1884,274,2356.0,2659.0
int__tai30_20_02,1884,275,2281.0,2572.0
int__tai30_20_02,1884,276,2238.0,2535.0
int__tai30_20_02,1884,277,2243.0,2497.0
int__tai30_20_02,1884,278,2260.0,2537.0
int__tai30_20_02,1884,279,2368.0,2666.0
int__tai30_20_02,1884,280,2198.0,2473.0
int__tai30_20_02,1884,281,2212.0,2496.0
int__tai30_20_02,1884,282,2213.0,2526.0
int__tai30_20_02,1884,283,2199.0,2495.0
int__tai30_20_02,1884,284,2252.0,2561.0
int__tai30_20_02,1884,285,2252.0,2548.0
int__tai30_20_02,1884,286,2265.0,2573.0
int__tai30_20_02,1884,287,2287.0,2581.0
int__tai30_20_02,1884,288,2302.0,2587.0
int__tai30_20_02,1884,289,2363.0,2627.0
int__tai30_20_02,1884,290,2302.0,2597.0
int__tai30_20_02,1884,291,2331.0,2630.0
int__tai30_20_02,1884,292,2312.0,2671.0
int__tai30_20_02,1884,293,2357.0,2613.0
int__tai30_20_02,1884,294,2215.0,2504.0
int__tai30_20_02,1884,295,2243.0,2561.0
int__tai30_20_02,1884,296,2359.0,2678.0
int__tai30_20_02,1884,297,2274.0,2553.0
int__tai30_20_02,1884,298,2298.0,2607.0
int__tai30_20_02,1884,299,2225.0,2490.0
int__tai30_20_02,1884,300,2240.0,2519.0
int__tai30_20_02,1884,301,2318.0,2623.0
int__tai30_20_02,1884,302,2321.0,2630.0
int__tai30_20_02,1884,303,2280.0,2569.0
int__tai30_20_02,1884,304,2200.0,2493.0
int__tai30_20_02,1884,305,2277.0,2556.0
int__tai30_20_02,1884,306,2303.0,2594.0
int__tai30_20_02,1884,307,2275.0,2562.0
int__tai30_20_02,1884,308,2297.0,2591.0
int__tai30_20_02,1884,309,2280.0,2552.0
int__tai30_20_02,1884,310,2258.0,2547.0
int__tai30_20_02,1884,311,2368.0,2691.0
int__tai30_20_02,1884,312,2336.0,2620.0
int__tai30_20_02,1884,313,2219.0,2523.0
int__tai30_20_02,1884,314,2240.0,2537.0
int__tai30_20_02,1884,315,2245.0,2549.0
int__tai30_20_02,1884,316,2207.0,2489.0
int__tai30_20_02,1884,317,2232.0,2529.0
int__tai30_20_02,1884,318,2325.0,2608.0
int__tai30_20_02,1884,319,2223.0,2551.0
int__tai30_20_02,1884,320,2321.0,2584.0
int__tai30_20_02,1884,321,2217.0,2480.0
int__tai30_20_02,1884,322,2436.0,2753.0
int__tai30_20_02,1884,323,2391.0,2666.0
int__tai30_20_02,1884,324,2220.0,2496.0
int__tai30_20_02,1884,325,2250.0,2573.0
int__tai30_20_02,1884,326,2382.0,2669.0
int__tai30_20_02,1884,327,2269.0,2543.0
int__tai30_20_02,1884,328,2254.0,2550.0
int__tai30_20_02,1884,329,2272.0,2554.0
int__tai30_20_02,1884,330,2284.0,2561.0
int__tai30_20_02,1884,331,2190.0,2488.0
int__tai30_20_02,1884,332,2197.0,2478.0
int__tai30_20_02,1884,333,2268.0,2560.0
int__tai30_20_02,1884,334,2324.0,2602.0
int__tai30_20_02,1884,335,2287.0,2568.0
int__tai30_20_02,1884,336,2267.0,2554.0
int__tai30_20_02,1884,337,2287.0,2551.0
int__tai30_20_02,1884,338,2235.0,2524.0
int__tai30_20_02,1884,339,2409.0,2704.0
int__tai30_20_02,1884,340,2289.0,2599.0
int__tai30_20_02,1884,341,2295.0,2604.0
int__tai30_20_02,1884,342,2349.0,2605.0
int__tai30_20_02,1884,343,2348.0,2653.0
int__tai30_20_02,1884,344,2213.0,2491.0
int__tai30_20_02,1884,345,2262.0,2560.0
int__tai30_20_02,1884,346,2332.0,2614.0
int__tai30_20_02,1884,347,2224.0,2518.0
int__tai30_20_02,1884,348,2320.0,2587.0
int__tai30_20_02,1884,349,2339.0,2595.0
int__tai30_20_02,1884,350,2157.0,2417.0
int__tai30_20_02,1884,351,2341.0,2615.0
int__tai30_20_02,1884,352,2282.0,2563.0
int__tai30_20_02,1884,353,2308.0,2598.0
int__tai30_20_02,1884,354,2267.0,2551.0
int__tai30_20_02,1884,355,2423.0,2798.0
int__tai30_20_02,1884,356,2303.0,2585.0
int__tai30_20_02,1884,357,2268.0,2551.0
int__tai30_20_02,1884,358,2276.0,2547.0
int__tai30_20_02,1884,359,2250.0,2539.0
int__tai30_20_02,1884,360,2212.0,2493.0
int__tai30_20_02,1884,361,2197.0,2460.0
int__tai30_20_02,1884,362,2248.0,2549.0
int__tai30_20_02,1884,363,2312.0,2596.0
int__tai30_20_02,1884,364,2304.0,2565.0
int__tai30_20_02,1884,365,2280.0,2561.0
int__tai30_20_02,1884,366,2295.0,2582.0
int__tai30_20_02,1884,367,2245.0,2498.0
int__tai30_20_02,1884,368,2266.0,2578.0
int__tai30_20_02,1884,369,2236.0,2542.0
int__tai30_20_02,1884,370,2310.0,2567.0
int__tai30_20_02,1884,371,2243.0,2543.0
int__tai30_20_02,1884,372,2354.0,2647.0
int__tai30_20_02,1884,373,2260.0,2527.0
int__tai30_20_02,1884,374,2287.0,2576.0
int__tai30_20_02,1884,375,2284.0,2598.0
int__tai30_20_02,1884,376,2401.0,2701.0
int__tai30_20_02,1884,377,2288.0,2552.0
int__tai30_20_02,1884,378,2201.0,2525.0
int__tai30_20_02,1884,379,2339.0,2659.0
int__tai30_20_02,1884,380,2310.0,2592.0
int__tai30_20_02,1884,381,2238.0,2526.0
int__tai30_20_02,1884,382,2329.0,2616.0
int__tai30_20_02,1884,383,2317.0,2632.0
int__tai30_20_02,1884,384,2340.0,2621.0
int__tai30_20_02,1884,385,2364.0,2699.0
int__tai30_20_02,1884,386,2296.0,2551.0
int__tai30_20_02,1884,387,2312.0,2634.0
int__tai30_20_02,1884,388,2293.0,2571.0
int__tai30_20_02,1884,389,2236.0,2464.0
int__tai30_20_02,1884,390,2301.0,2611.0
int__tai30_20_02,1884,391,2238.0,2568.0
int__tai30_20_02,1884,392,2275.0,2564.0
int__tai30_20_02,1884,393,2281.0,2505.0
int__tai30_20_02,1884,394,2242.0,2553.0
int__tai30_20_02,1884,395,2314.0,2619.0
int__tai30_20_02,1884,396,2259.0,2567.0
int__tai30_20_02,1884,397,2315.0,2595.0
int__tai30_20_02,1884,398,2269.0,2547.0
int__tai30_20_02,1884,399,2299.0,2592.0
int__tai30_20_02,1884,400,2261.0,2575.0
int__tai30_20_02,1884,401,2310.0,2632.0
int__tai30_20_02,1884,402,2257.0,2503.0
int__tai30_20_02,1884,403,2254.0,2530.0
int__tai30_20_02,1884,404,2368.0,2655.0
int__tai30_20_02,1884,405,2285.0,2572.0
int__tai30_20_02,1884,406,2324.0,2579.0
int__tai30_20_02,1884,407,2259.0,2559.0
int__tai30_20_02,1884,408,2289.0,2585.0
int__tai30_20_02,1884,409,2210.0,2465.0
int__tai30_20_02,1884,410,2293.0,2596.0
int__tai30_20_02,1884,411,2240.0,2487.0
int__tai30_20_02,1884,412,2289.0,2570.0
int__tai30_20_02,1884,413,2231.0,2516.0
int__tai30_20_02,1884,414,2302.0,2575.0
int__tai30_20_02,1884,415,2286.0,2598.0
int__tai30_20_02,1884,416,2219.0,2470.0
int__tai30_20_02,1884,417,2281.0,2601.0
int__tai30_20_02,1884,418,2110.0,2403.0
int__tai30_20_02,1884,419,2247.0,2548.0
int__tai30_20_02,1884,420,2251.0,2538.0
int__tai30_20_02,1884,421,2264.0,2573.0
int__tai30_20_02,1884,422,2269.0,2548.0
int__tai30_20_02,1884,423,2284.0,2554.0
int__tai30_20_02,1884,424,2254.0,2543.0
int__tai30_20_02,1884,425,2285.0,2598.0
int__tai30_20_02,1884,426,2316.0,2584.0
int__tai30_20_02,1884,427,2305.0,2626.0
int__tai30_20_02,1884,428,2314.0,2584.0
int__tai30_20_02,1884,429,2437.0,2694.0
int__tai30_20_02,1884,430,2291.0,2596.0
int__tai30_20_02,1884,431,2331.0,2629.0
int__tai30_20_02,1884,432,2434.0,2764.0
int__tai30_20_02,1884,433,2269.0,2553.0
int__tai30_20_02,1884,434,2285.0,2567.0
int__tai30_20_02,1884,435,2254.0,2539.0
int__tai30_20_02,1884,436,2243.0,2546.0
int__tai30_20_02,1884,437,2279.0,2583.0
int__tai30_20_02,1884,438,2257.0,2535.0
int__tai30_20_02,1884,439,2305.0,2609.0
int__tai30_20_02,1884,440,2235.0,2521.0
int__tai30_20_02,1884,441,2191.0,2448.0
int__tai30_20_02,1884,442,2200.0,2456.0
int__tai30_20_02,1884,443,2374.0,2642.0
int__tai30_20_02,1884,444,2301.0,2578.0
int__tai30_20_02,1884,445,2188.0,2494.0
int__tai30_20_02,1884,446,2220.0,2503.0
int__tai30_20_02,1884,447,2277.0,2531.0
int__tai30_20_02,1884,448,2311.0,2610.0
int__tai30_20_02,1884,449,2354.0,2658.0
int__tai30_20_02,1884,450,2272.0,2564.0
int__tai30_20_02,1884,451,2304.0,2562.0
int__tai30_20_02,1884,452,2350.0,2603.0
int__tai30_20_02,1884,453,2226.0,2511.0
int__tai30_20_02,1884,454,2329.0,2631.0
int__tai30_20_02,1884,455,2257.0,2536.0
int__tai30_20_02,1884,456,2234.0,2527.0
int__tai30_20_02,1884,457,2327.0,2631.0
int__tai30_20_02,1884,458,2258.0,2553.0
int__tai30_20_02,1884,459,2233.0,2540.0
int__tai30_20_02,1884,460,2266.0,2519.0
int__tai30_20_02,1884,461,2320.0,2618.0
int__tai30_20_02,1884,462,2379.0,2668.0
int__tai30_20_02,1884,463,2258.0,2548.0
int__tai30_20_02,1884,464,2226.0,2524.0
int__tai30_20_02,1884,465,2267.0,2573.0
int__tai30_20_02,1884,466,2184.0,2454.0
int__tai30_20_02,1884,467,2300.0,2614.0
int__tai30_20_02,1884,468,2313.0,2631.0
int__tai30_20_02,1884,469,2224.0,2526.0
int__tai30_20_02,1884,470,2201.0,2490.0
int__tai30_20_02,1884,471,2251.0,2531.0
int__tai30_20_02,1884,472,2244.0,2544.0
int__tai30_20_02,1884,473,2212.0,2485.0
int__tai30_20_02,1884,474,2307.0,2586.0
int__tai30_20_02,1884,475,2407.0,2713.0
int__tai30_20_02,1884,476,2218.0,2479.0
int__tai30_20_02,1884,477,2220.0,2477.0
int__tai30_20_02,1884,478,2205.0,2481.0
int__tai30_20_02,1884,479,2226.0,2478.0
int__tai30_20_02,1884,480,2377.0,2705.0
int__tai30_20_02,1884,481,2296.0,2522.0
int__tai30_20_02,1884,482,2315.0,2632.0
int__tai30_20_02,1884,483,2167.0,2452.0
int__tai30_20_02,1884,484,2215.0,2517.0
int__tai30_20_02,1884,485,2228.0,2488.0
int__tai30_20_02,1884,486,2303.0,2624.0
int__tai30_20_02,1884,487,2254.0,2537.0
int__tai30_20_02,1884,488,2235.0,2503.0
int__tai30_20_02,1884,489,2380.0,2674.0
int__tai30_20_02,1884,490,2303.0,2611.0
int__tai30_20_02,1884,491,2226.0,2528.0
int__tai30_20_02,1884,492,2286.0,2577.0
int__tai30_20_02,1884,493,2340.0,2628.0
int__tai30_20_02,1884,494,2236.0,2532.0
int__tai30_20_02,1884,495,2295.0,2579.0
int__tai30_20_02,1884,496,2171.0,2433.0
int__tai30_20_02,1884,497,2240.0,2490.0
int__tai30_20_02,1884,498,2289.0,2558.0
int__tai30_20_02,1884,499,2250.0,2527.0
int__tai30_20_02,1884,500,2251.0,2529.0
int__tai30_20_02,1884,501,2239.0,2535.0
int__tai30_20_02,1884,502,2237.0,2534.0
int__tai30_20_02,1884,503,2369.0,2625.0
int__tai30_20_02,1884,504,2372.0,2655.0
int__tai30_20_02,1884,505,2445.0,2723.0
int__tai30_20_02,1884,506,2298.0,2600.0
int__tai30_20_02,1884,507,2260.0,2531.0
int__tai30_20_02,1884,508,2307.0,2598.0
int__tai30_20_02,1884,509,2246.0,2567.0
int__tai30_20_02,1884,510,2271.0,2539.0
int__tai30_20_02,1884,511,2235.0,2509.0
int__tai30_20_02,1884,512,2286.0,2549.0
int__tai30_20_02,1884,513,2293.0,2578.0
int__tai30_20_02,1884,514,2218.0,2509.0
int__tai30_20_02,1884,515,2293.0,2588.0
int__tai30_20_02,1884,516,2379.0,2682.0
int__tai30_20_02,1884,517,2326.0,2614.0
int__tai30_20_02,1884,518,2253.0,2539.0
int__tai30_20_02,1884,519,2261.0,2595.0
int__tai30_20_02,1884,520,2210.0,2532.0
int__tai30_20_02,1884,521,2209.0,2492.0
int__tai30_20_02,1884,522,2277.0,2538.0
int__tai30_20_02,1884,523,2323.0,2599.0
int__tai30_20_02,1884,524,2274.0,2539.0
int__tai30_20_02,1884,525,2310.0,2613.0
int__tai30_20_02,1884,526,2253.0,2551.0
int__tai30_20_02,1884,527,2289.0,2573.0
int__tai30_20_02,1884,528,2155.0,2446.0
int__tai30_20_02,1884,529,2348.0,2653.0
int__tai30_20_02,1884,530,2282.0,2567.0
int__tai30_20_02,1884,531,2356.0,2634.0
int__tai30_20_02,1884,532,2209.0,2482.0
int__tai30_20_02,1884,533,2327.0,2595.0
int__tai30_20_02,1884,534,2299.0,2560.0
int__tai30_20_02,1884,535,2261.0,2545.0
int__tai30_20_02,1884,536,2273.0,2585.0
int__tai30_20_02,1884,537,2276.0,2571.0
int__tai30_20_02,1884,538,2207.0,2487.0
int__tai30_20_02,1884,539,2232.0,2533.0
int__tai30_20_02,1884,540,2367.0,2649.0
int__tai30_20_02,1884,541,2261.0,2554.0
int__tai30_20_02,1884,542,2220.0,2496.0
int__tai30_20_02,1884,543,2321.0,2590.0
int__tai30_20_02,1884,544,2298.0,2585.0
int__tai30_20_02,1884,545,2310.0,2598.0
int__tai30_20_02,1884,546,2189.0,2459.0
int__tai30_20_02,1884,547,2269.0,2511.0
int__tai30_20_02,1884,548,2269.0,2567.0
int__tai30_20_02,1884,549,2227.0,2496.0
int__tai30_20_02,1884,550,2290.0,2568.0
int__tai30_20_02,1884,551,2364.0,2633.0
int__tai30_20_02,1884,552,2252.0,2556.0
int__tai30_20_02,1884,553,2300.0,2579.0
int__tai30_20_02,1884,554,2222.0,2550.0
int__tai30_20_02,1884,555,2218.0,2484.0
int__tai30_20_02,1884,556,2140.0,2394.0
int__tai30_20_02,1884,557,2343.0,2587.0
int__tai30_20_02,1884,558,2305.0,2583.0
int__tai30_20_02,1884,559,2314.0,2607.0
int__tai30_20_02,1884,560,2334.0,2641.0
int__tai30_20_02,1884,561,2229.0,2508.0
int__tai30_20_02,1884,562,2190.0,2464.0
int__tai30_20_02,1884,563,2294.0,2564.0
int__tai30_20_02,1884,564,2213.0,2499.0
int__tai30_20_02,1884,565,2286.0,2575.0
int__tai30_20_02,1884,566,2320.0,2590.0
int__tai30_20_02,1884,567,2249.0,2528.0
int__tai30_20_02,1884,568,2239.0,2507.0
int__tai30_20_02,1884,569,2262.0,2517.0
int__tai30_20_02,1884,570,2287.0,2584.0
int__tai30_20_02,1884,571,2329.0,2650.0
int__tai30_20_02,1884,572,2249.0,2539.0
int__tai30_20_02,1884,573,2257.0,2565.0
int__tai30_20_02,1884,574,2266.0,2558.0
int__tai30_20_02,1884,575,2264.0,2549.0
int__tai30_20_02,1884,576,2245.0,2560.0
int__tai30_20_02,1884,577,2263.0,2570.0
int__tai30_20_02,1884,578,2265.0,2567.0
int__tai30_20_02,1884,579,2237.0,2483.0
int__tai30_20_02,1884,580,2253.0,2577.0
int__tai30_20_02,1884,581,2287.0,2559.0
int__tai30_20_02,1884,582,2222.0,2502.0
int__tai30_20_02,1884,583,2236.0,2543.0
int__tai30_20_02,1884,584,2288.0,2535.0
int__tai30_20_02,1884,585,2498.0,2815.0
int__tai30_20_02,1884,586,2232.0,2505.0
int__tai30_20_02,1884,587,2194.0,2485.0
int__tai30_20_02,1884,588,2339.0,2661.0
int__tai30_20_02,1884,589,2192.0,2461.0
int__tai30_20_02,1884,590,2276.0,2542.0
int__tai30_20_02,1884,591,2133.0,2398.0
int__tai30_20_02,1884,592,2314.0,2614.0
int__tai30_20_02,1884,593,2286.0,2606.0
int__tai30_20_02,1884,594,2286.0,2538.0
int__tai30_20_02,1884,595,2267.0,2549.0
int__tai30_20_02,1884,596,2358.0,2656.0
int__tai30_20_02,1884,597,2248.0,2537.0
int__tai30_20_02,1884,598,2231.0,2545.0
int__tai30_20_02,1884,599,2213.0,2472.0
int__tai30_20_02,1884,600,2341.0,2636.0
int__tai30_20_02,1884,601,2238.0,2470.0
int__tai30_20_02,1884,602,2177.0,2469.0
int__tai30_20_02,1884,603,2200.0,2481.0
int__tai30_20_02,1884,604,2362.0,2670.0
int__tai30_20_02,1884,605,2177.0,2449.0
int__tai30_20_02,1884,606,2277.0,2566.0
int__tai30_20_02,1884,607,2229.0,2487.0
int__tai30_20_02,1884,608,2250.0,2495.0
int__tai30_20_02,1884,609,2441.0,2785.0
int__tai30_20_02,1884,610,2228.0,2505.0
int__tai30_20_02,1884,611,2196.0,2461.0
int__tai30_20_02,1884,612,2219.0,2480.0
int__tai30_20_02,1884,613,2159.0,2436.0
int__tai30_20_02,1884,614,2331.0,2663.0
int__tai30_20_02,1884,615,2297.0,2589.0
int__tai30_20_02,1884,616,2229.0,2509.0
int__tai30_20_02,1884,617,2326.0,2623.0
int__tai30_20_02,1884,618,2316.0,2599.0
int__tai30_20_02,1884,619,2236.0,2517.0
int__tai30_20_02,1884,620,2260.0,2518.0
int__tai30_20_02,1884,621,2294.0,2585.0
int__tai30_20_02,1884,622,2165.0,2474.0
int__tai30_20_02,1884,623,2271.0,2579.0
int__tai30_20_02,1884,624,2159.0,2426.0
int__tai30_20_02,1884,625,2346.0,2635.0
int__tai30_20_02,1884,626,2329.0,2601.0
int__tai30_20_02,1884,627,2362.0,2640.0
int__tai30_20_02,1884,628,2280.0,2537.0
int__tai30_20_02,1884,629,2216.0,2536.0
int__tai30_20_02,1884,630,2269.0,2555.0
int__tai30_20_02,1884,631,2256.0,2546.0
int__tai30_20_02,1884,632,2479.0,2765.0
int__tai30_20_02,1884,633,2234.0,2534.0
int__tai30_20_02,1884,634,2297.0,2601.0
int__tai30_20_02,1884,635,2305.0,2573.0
int__tai30_20_02,1884,636,2259.0,2590.0
int__tai30_20_02,1884,637,2337.0,2618.0
int__tai30_20_02,1884,638,2275.0,2580.0
int__tai30_20_02,1884,639,2156.0,2459.0
int__tai30_20_02,1884,640,2258.0,2543.0
int__tai30_20_02,1884,641,2370.0,2658.0
int__tai30_20_02,1884,642,2262.0,2574.0
int__tai30_20_02,1884,643,2209.0,2464.0
int__tai30_20_02,1884,644,2324.0,2617.0
int__tai30_20_02,1884,645,2346.0,2643.0
int__tai30_20_02,1884,646,2186.0,2457.0
int__tai30_20_02,1884,647,2334.0,2616.0
int__tai30_20_02,1884,648,2404.0,2694.0
int__tai30_20_02,1884,649,2220.0,2499.0
int__tai30_20_02,1884,650,2334.0,2652.0
int__tai30_20_02,1884,651,2218.0,2479.0
int__tai30_20_02,1884,652,2232.0,2513.0
int__tai30_20_02,1884,653,2216.0,2492.0
int__tai30_20_02,1884,654,2287.0,2593.0
int__tai30_20_02,1884,655,2294.0,2605.0
int__tai30_20_02,1884,656,2351.0,2642.0
int__tai30_20_02,1884,657,2291.0,2605.0
int__tai30_20_02,1884,658,2219.0,2526.0
int__tai30_20_02,1884,659,2282.0,2592.0
int__tai30_20_02,1884,660,2446.0,2702.0
int__tai30_20_02,1884,661,2270.0,2591.0
int__tai30_20_02,1884,662,2216.0,2496.0
int__tai30_20_02,1884,663,2213.0,2502.0
int__tai30_20_02,1884,664,2285.0,2553.0
int__tai30_20_02,1884,665,2229.0,2529.0
int__tai30_20_02,1884,666,2259.0,2538.0
int__tai30_20_02,1884,667,2355.0,2647.0
int__tai30_20_02,1884,668,2310.0,2601.0
int__tai30_20_02,1884,669,2296.0,2563.0
int__tai30_20_02,1884,670,2225.0,2514.0
int__tai30_20_02,1884,671,2196.0,2492.0
int__tai30_20_02,1884,672,2283.0,2561.0
int__tai30_20_02,1884,673,2263.0,2541.0
int__tai30_20_02,1884,674,2168.0,2465.0
int__tai30_20_02,1884,675,2156.0,2401.0
int__tai30_20_02,1884,676,2305.0,2607.0
int__tai30_20_02,1884,677,2295.0,2563.0
int__tai30_20_02,1884,678,2198.0,2478.0
int__tai30_20_02,1884,679,2286.0,2537.0
int__tai30_20_02,1884,680,2269.0,2553.0
int__tai30_20_02,1884,681,2211.0,2514.0
int__tai30_20_02,1884,682,2253.0,2526.0
int__tai30_20_02,1884,683,2276.0,2561.0
int__tai30_20_02,1884,684,2330.0,2656.0
int__tai30_20_02,1884,685,2265.0,2543.0
int__tai30_20_02,1884,686,2214.0,2559.0
int__tai30_20_02,1884,687,2284.0,2585.0
int__tai30_20_02,1884,688,2260.0,2542.0
int__tai30_20_02,1884,689,2214.0,2494.0
int__tai30_20_02,1884,690,2242.0,2549.0
int__tai30_20_02,1884,691,2287.0,2584.0
int__tai30_20_02,1884,692,2236.0,2539.0
int__tai30_20_02,1884,693,2259.0,2573.0
int__tai30_20_02,1884,694,2230.0,2553.0
int__tai30_20_02,1884,695,2238.0,2499.0
int__tai30_20_02,1884,696,2270.0,2536.0
int__tai30_20_02,1884,697,2240.0,2560.0
int__tai30_20_02,1884,698,2198.0,2446.0
int__tai30_20_02,1884,699,2347.0,2634.0
int__tai30_20_02,1884,700,2370.0,2664.0
int__tai30_20_02,1884,701,2379.0,2668.0
int__tai30_20_02,1884,702,2172.0,2464.0
int__tai30_20_02,1884,703,2354.0,2681.0
int__tai30_20_02,1884,704,2320.0,2586.0
int__tai30_20_02,1884,705,2280.0,2568.0
int__tai30_20_02,1884,706,2221.0,2510.0
int__tai30_20_02,1884,707,2376.0,2666.0
int__tai30_20_02,1884,708,2225.0,2503.0
int__tai30_20_02,1884,709,2266.0,2611.0
int__tai30_20_02,1884,710,2264.0,2513.0
int__tai30_20_02,1884,711,2255.0,2571.0
int__tai30_20_02,1884,712,2191.0,2499.0
int__tai30_20_02,1884,713,2334.0,2671.0
int__tai30_20_02,1884,714,2377.0,2646.0
int__tai30_20_02,1884,715,2339.0,2642.0
int__tai30_20_02,1884,716,2448.0,2728.0
int__tai30_20_02,1884,717,2297.0,2573.0
int__tai30_20_02,1884,718,2186.0,2464.0
int__tai30_20_02,1884,719,2263.0,2588.0
int__tai30_20_02,1884,720,2254.0,2558.0
int__tai30_20_02,1884,721,2303.0,2554.0
int__tai30_20_02,1884,722,2312.0,2585.0
int__tai30_20_02,1884,723,2312.0,2592.0
int__tai30_20_02,1884,724,2251.0,2496.0
int__tai30_20_02,1884,725,2301.0,2595.0
int__tai30_20_02,1884,726,2250.0,2531.0
int__tai30_20_02,1884,727,2229.0,2506.0
int__tai30_20_02,1884,728,2258.0,2540.0
int__tai30_20_02,1884,729,2214.0,2454.0
int__tai30_20_02,1884,730,2411.0,2719.0
int__tai30_20_02,1884,731,2261.0,2573.0
int__tai30_20_02,1884,732,2241.0,2508.0
int__tai30_20_02,1884,733,2236.0,2541.0
int__tai30_20_02,1884,734,2186.0,2448.0
int__tai30_20_02,1884,735,2256.0,2552.0
int__tai30_20_02,1884,736,2249.0,2519.0
int__tai30_20_02,1884,737,2284.0,2574.0
int__tai30_20_02,1884,738,2306.0,2625.0
int__tai30_20_02,1884,739,2260.0,2572.0
int__tai30_20_02,1884,740,2328.0,2646.0
int__tai30_20_02,1884,741,2265.0,2536.0
int__tai30_20_02,1884,742,2199.0,2464.0
int__tai30_20_02,1884,743,2258.0,2542.0
int__tai30_20_02,1884,744,2334.0,2595.0
int__tai30_20_02,1884,745,2214.0,2511.0
int__tai30_20_02,1884,746,2271.0,2551.0
int__tai30_20_02,1884,747,2236.0,2508.0
int__tai30_20_02,1884,748,2279.0,2566.0
int__tai30_20_02,1884,749,2391.0,2686.0
int__tai30_20_02,1884,750,2268.0,2538.0
int__tai30_20_02,1884,751,2172.0,2464.0
int__tai30_20_02,1884,752,2352.0,2647.0
int__tai30_20_02,1884,753,2268.0,2545.0
int__tai30_20_02,1884,754,2251.0,2547.0
int__tai30_20_02,1884,755,2197.0,2478.0
int__tai30_20_02,1884,756,2248.0,2532.0
int__tai30_20_02,1884,757,2357.0,2667.0
int__tai30_20_02,1884,758,2298.0,2562.0
int__tai30_20_02,1884,759,2218.0,2502.0
int__tai30_20_02,1884,760,2270.0,2541.0
int__tai30_20_02,1884,761,2244.0,2530.0
int__tai30_20_02,1884,762,2295.0,2573.0
int__tai30_20_02,1884,763,2250.0,2513.0
int__tai30_20_02,1884,764,2220.0,2450.0
int__tai30_20_02,1884,765,2369.0,2657.0
int__tai30_20_02,1884,766,2229.0,2525.0
int__tai30_20_02,1884,767,2300.0,2595.0
int__tai30_20_02,1884,768,2219.0,2493.0
int__tai30_20_02,1884,769,2126.0,2449.0
int__tai30_20_02,1884,770,2298.0,2571.0
int__tai30_20_02,1884,771,2267.0,2554.0
int__tai30_20_02,1884,772,2394.0,2673.0
int__tai30_20_02,1884,773,2195.0,2468.0
int__tai30_20_02,1884,774,2339.0,2605.0
int__tai30_20_02,1884,775,2333.0,2643.0
int__tai30_20_02,1884,776,2357.0,2653.0
int__tai30_20_02,1884,777,2191.0,2481.0
int__tai30_20_02,1884,778,2363.0,2669.0
int__tai30_20_02,1884,779,2235.0,2500.0
int__tai30_20_02,1884,780,2250.0,2504.0
int__tai30_20_02,1884,781,2219.0,2529.0
int__tai30_20_02,1884,782,2272.0,2588.0
int__tai30_20_02,1884,783,2307.0,2601.0
int__tai30_20_02,1884,784,2319.0,2647.0
int__tai30_20_02,1884,785,2307.0,2599.0
int__tai30_20_02,1884,786,2246.0,2521.0
int__tai30_20_02,1884,787,2365.0,2683.0
int__tai30_20_02,1884,788,2205.0,2480.0
int__tai30_20_02,1884,789,2208.0,2475.0
int__tai30_20_02,1884,790,2298.0,2584.0
int__tai30_20_02,1884,791,2279.0,2557.0
int__tai30_20_02,1884,792,2406.0,2688.0
int__tai30_20_02,1884,793,2211.0,2515.0
int__tai30_20_02,1884,794,2266.0,2587.0
int__tai30_20_02,1884,795,2243.0,2555.0
int__tai30_20_02,1884,796,2281.0,2595.0
int__tai30_20_02,1884,797,2221.0,2498.0
int__tai30_20_02,1884,798,2279.0,2631.0
int__tai30_20_02,1884,799,2276.0,2584.0
int__tai30_20_02,1884,800,2320.0,2638.0
int__tai30_20_02,1884,801,2384.0,2673.0
int__tai30_20_02,1884,802,2231.0,2564.0
int__tai30_20_02,1884,803,2272.0,2553.0
int__tai30_20_02,1884,804,2327.0,2624.0
int__tai30_20_02,1884,805,2422.0,2752.0
int__tai30_20_02,1884,806,2300.0,2567.0
int__tai30_20_02,1884,807,2329.0,2620.0
int__tai30_20_02,1884,808,2266.0,2527.0
int__tai30_20_02,1884,809,2286.0,2599.0
int__tai30_20_02,1884,810,2323.0,2613.0
int__tai30_20_02,1884,811,2344.0,2626.0
int__tai30_20_02,1884,812,2207.0,2460.0
int__tai30_20_02,1884,813,2326.0,2629.0
int__tai30_20_02,1884,814,2377.0,2656.0
int__tai30_20_02,1884,815,2252.0,2553.0
int__tai30_20_02,1884,816,2230.0,2510.0
int__tai30_20_02,1884,817,2367.0,2628.0
int__tai30_20_02,1884,818,2234.0,2518.0
int__tai30_20_02,1884,819,2269.0,2574.0
int__tai30_20_02,1884,820,2313.0,2632.0
int__tai30_20_02,1884,821,2275.0,2522.0
int__tai30_20_02,1884,822,2325.0,2608.0
int__tai30_20_02,1884,823,2328.0,2636.0
int__tai30_20_02,1884,824,2238.0,2539.0
int__tai30_20_02,1884,825,2294.0,2557.0
int__tai30_20_02,1884,826,2339.0,2655.0
int__tai30_20_02,1884,827,2297.0,2576.0
int__tai30_20_02,1884,828,2217.0,2463.0
int__tai30_20_02,1884,829,2295.0,2608.0
int__tai30_20_02,1884,830,2205.0,2508.0
int__tai30_20_02,1884,831,2266.0,2562.0
int__tai30_20_02,1884,832,2194.0,2499.0
int__tai30_20_02,1884,833,2305.0,2590.0
int__tai30_20_02,1884,834,2321.0,2610.0
int__tai30_20_02,1884,835,2426.0,2687.0
int__tai30_20_02,1884,836,2270.0,2576.0
int__tai30_20_02,1884,837,2262.0,2541.0
int__tai30_20_02,1884,838,2295.0,2611.0
int__tai30_20_02,1884,839,2265.0,2584.0
int__tai30_20_02,1884,840,2280.0,2595.0
int__tai30_20_02,1884,841,2259.0,2563.0
int__tai30_20_02,1884,842,2320.0,2610.0
int__tai30_20_02,1884,843,2170.0,2491.0
int__tai30_20_02,1884,844,2214.0,2472.0
int__tai30_20_02,1884,845,2381.0,2695.0
int__tai30_20_02,1884,846,2258.0,2501.0
int__tai30_20_02,1884,847,2311.0,2628.0
int__tai30_20_02,1884,848,2360.0,2652.0
int__tai30_20_02,1884,849,2269.0,2581.0
int__tai30_20_02,1884,850,2240.0,2528.0
int__tai30_20_02,1884,851,2426.0,2724.0
int__tai30_20_02,1884,852,2304.0,2595.0
int__tai30_20_02,1884,853,2372.0,2650.0
int__tai30_20_02,1884,854,2357.0,2614.0
int__tai30_20_02,1884,855,2328.0,2658.0
int__tai30_20_02,1884,856,2286.0,2623.0
int__tai30_20_02,1884,857,2219.0,2498.0
int__tai30_20_02,1884,858,2234.0,2509.0
int__tai30_20_02,1884,859,2303.0,2625.0
int__tai30_20_02,1884,860,2268.0,2543.0
int__tai30_20_02,1884,861,2261.0,2528.0
int__tai30_20_02,1884,862,2198.0,2498.0
int__tai30_20_02,1884,863,2291.0,2593.0
int__tai30_20_02,1884,864,2265.0,2567.0
int__tai30_20_02,1884,865,2353.0,2641.0
int__tai30_20_02,1884,866,2253.0,2534.0
int__tai30_20_02,1884,867,2331.0,2614.0
int__tai30_20_02,1884,868,2238.0,2520.0
int__tai30_20_02,1884,869,2337.0,2629.0
int__tai30_20_02,1884,870,2317.0,2623.0
int__tai30_20_02,1884,871,2260.0,2553.0
int__tai30_20_02,1884,872,2420.0,2718.0
int__tai30_20_02,1884,873,2284.0,2586.0
int__tai30_20_02,1884,874,2373.0,2686.0
int__tai30_20_02,1884,875,2171.0,2466.0
int__tai30_20_02,1884,876,2213.0,2506.0
int__tai30_20_02,1884,877,2492.0,2820.0
int__tai30_20_02,1884,878,2294.0,2621.0
int__tai30_20_02,1884,879,2175.0,2442.0
int__tai30_20_02,1884,880,2249.0,2519.0
int__tai30_20_02,1884,881,2262.0,2555.0
int__tai30_20_02,1884,882,2248.0,2536.0
int__tai30_20_02,1884,883,2283.0,2557.0
int__tai30_20_02,1884,884,2268.0,2541.0
int__tai30_20_02,1884,885,2255.0,2536.0
int__tai30_20_02,1884,886,2299.0,2580.0
int__tai30_20_02,1884,887,2269.0,2545.0
int__tai30_20_02,1884,888,2257.0,2554.0
int__tai30_20_02,1884,889,2199.0,2486.0
int__tai30_20_02,1884,890,2263.0,2526.0
int__tai30_20_02,1884,891,2277.0,2566.0
int__tai30_20_02,1884,892,2223.0,2490.0
int__tai30_20_02,1884,893,2218.0,2516.0
int__tai30_20_02,1884,894,2345.0,2717.0
int__tai30_20_02,1884,895,2254.0,2568.0
int__tai30_20_02,1884,896,2308.0,2606.0
int__tai30_20_02,1884,897,2256.0,2466.0
int__tai30_20_02,1884,898,2227.0,2529.0
int__tai30_20_02,1884,899,2297.0,2591.0
int__tai30_20_02,1884,900,2328.0,2612.0
int__tai30_20_02,1884,901,2305.0,2602.0
int__tai30_20_02,1884,902,2379.0,2652.0
int__tai30_20_02,1884,903,2309.0,2620.0
int__tai30_20_02,1884,904,2293.0,2618.0
int__tai30_20_02,1884,905,2281.0,2552.0
int__tai30_20_02,1884,906,2176.0,2461.0
int__tai30_20_02,1884,907,2296.0,2531.0
int__tai30_20_02,1884,908,2260.0,2560.0
int__tai30_20_02,1884,909,2277.0,2554.0
int__tai30_20_02,1884,910,2234.0,2517.0
int__tai30_20_02,1884,911,2190.0,2480.0
int__tai30_20_02,1884,912,2187.0,2492.0
int__tai30_20_02,1884,913,2205.0,2498.0
int__tai30_20_02,1884,914,2267.0,2543.0
int__tai30_20_02,1884,915,2305.0,2598.0
int__tai30_20_02,1884,916,2365.0,2656.0
int__tai30_20_02,1884,917,2235.0,2524.0
int__tai30_20_02,1884,918,2182.0,2471.0
int__tai30_20_02,1884,919,2214.0,2500.0
int__tai30_20_02,1884,920,2189.0,2490.0
int__tai30_20_02,1884,921,2372.0,2700.0
int__tai30_20_02,1884,922,2266.0,2548.0
int__tai30_20_02,1884,923,2268.0,2552.0
int__tai30_20_02,1884,924,2295.0,2581.0
int__tai30_20_02,1884,925,2286.0,2569.0
int__tai30_20_02,1884,926,2270.0,2595.0
int__tai30_20_02,1884,927,2287.0,2577.0
int__tai30_20_02,1884,928,2225.0,2487.0
int__tai30_20_02,1884,929,2305.0,2600.0
int__tai30_20_02,1884,930,2221.0,2523.0
int__tai30_20_02,1884,931,2282.0,2600.0
int__tai30_20_02,1884,932,2379.0,2610.0
int__tai30_20_02,1884,933,2217.0,2518.0
int__tai30_20_02,1884,934,2394.0,2696.0
int__tai30_20_02,1884,935,2638.0,2955.0
int__tai30_20_02,1884,936,2334.0,2622.0
int__tai30_20_02,1884,937,2316.0,2619.0
int__tai30_20_02,1884,938,2153.0,2439.0
int__tai30_20_02,1884,939,2283.0,2591.0
int__tai30_20_02,1884,940,2324.0,2607.0
int__tai30_20_02,1884,941,2311.0,2613.0
int__tai30_20_02,1884,942,2377.0,2693.0
int__tai30_20_02,1884,943,2200.0,2479.0
int__tai30_20_02,1884,944,2378.0,2661.0
int__tai30_20_02,1884,945,2356.0,2647.0
int__tai30_20_02,1884,946,2271.0,2549.0
int__tai30_20_02,1884,947,2369.0,2654.0
int__tai30_20_02,1884,948,2327.0,2636.0
int__tai30_20_02,1884,949,2253.0,2522.0
int__tai30_20_02,1884,950,2404.0,2699.0
int__tai30_20_02,1884,951,2272.0,2560.0
int__tai30_20_02,1884,952,2261.0,2585.0
int__tai30_20_02,1884,953,2259.0,2508.0
int__tai30_20_02,1884,954,2413.0,2665.0
int__tai30_20_02,1884,955,2297.0,2620.0
int__tai30_20_02,1884,956,2239.0,2539.0
int__tai30_20_02,1884,957,2223.0,2501.0
int__tai30_20_02,1884,958,2265.0,2547.0
int__tai30_20_02,1884,959,2224.0,2507.0
int__tai30_20_02,1884,960,2248.0,2528.0
int__tai30_20_02,1884,961,2366.0,2644.0
int__tai30_20_02,1884,962,2312.0,2607.0
int__tai30_20_02,1884,963,2307.0,2614.0
int__tai30_20_02,1884,964,2256.0,2547.0
int__tai30_20_02,1884,965,2360.0,2649.0
int__tai30_20_02,1884,966,2179.0,2473.0
int__tai30_20_02,1884,967,2271.0,2587.0
int__tai30_20_02,1884,968,2354.0,2620.0
int__tai30_20_02,1884,969,2236.0,2556.0
int__tai30_20_02,1884,970,2283.0,2558.0
int__tai30_20_02,1884,971,2320.0,2626.0
int__tai30_20_02,1884,972,2298.0,2617.0
int__tai30_20_02,1884,973,2308.0,2588.0
int__tai30_20_02,1884,974,2299.0,2604.0
int__tai30_20_02,1884,975,2250.0,2500.0
int__tai30_20_02,1884,976,2211.0,2501.0
int__tai30_20_02,1884,977,2260.0,2533.0
int__tai30_20_02,1884,978,2372.0,2677.0
int__tai30_20_02,1884,979,2370.0,2653.0
int__tai30_20_02,1884,980,2256.0,2552.0
int__tai30_20_02,1884,981,2401.0,2699.0
int__tai30_20_02,1884,982,2387.0,2666.0
int__tai30_20_02,1884,983,2195.0,2450.0
int__tai30_20_02,1884,984,2261.0,2533.0
int__tai30_20_02,1884,985,2263.0,2544.0
int__tai30_20_02,1884,986,2342.0,2612.0
int__tai30_20_02,1884,987,2344.0,2657.0
int__tai30_20_02,1884,988,2533.0,2825.0
int__tai30_20_02,1884,989,2226.0,2489.0
int__tai30_20_02,1884,990,2302.0,2612.0
int__tai30_20_02,1884,991,2339.0,2606.0
int__tai30_20_02,1884,992,2270.0,2551.0
int__tai30_20_02,1884,993,2324.0,2587.0
int__tai30_20_02,1884,994,2265.0,2537.0
int__tai30_20_02,1884,995,2227.0,2495.0
int__tai30_20_02,1884,996,2356.0,2684.0
int__tai30_20_02,1884,997,2224.0,2496.0
int__tai30_20_02,1884,998,2234.0,2535.0
int__tai30_20_02,1884,999,2290.0,2569.0
int__tai30_20_02,1884,1000,2314.0,2609.0
int__tai30_20_02,1884,1001,2280.0,2580.0
int__tai30_20_02,1884,1002,2260.0,2579.0
int__tai30_20_02,1884,1003,2508.0,2841.0
int__tai30_20_02,1884,1004,2223.0,2512.0
int__tai30_20_02,1884,1005,2244.0,2528.0
int__tai30_20_02,1884,1006,2227.0,2528.0
int__tai30_20_02,1884,1007,2248.0,2546.0
int__tai30_20_02,1884,1008,2241.0,2501.0
int__tai30_20_02,1884,1009,2242.0,2505.0
int__tai30_20_02,1884,1010,2319.0,2590.0
int__tai30_20_02,1884,1011,2253.0,2537.0
int__tai30_20_02,1884,1012,2334.0,2629.0
int__tai30_20_02,1884,1013,2352.0,2598.0
int__tai30_20_02,1884,1014,2253.0,2532.0
int__tai30_20_02,1884,1015,2270.0,2540.0
int__tai30_20_02,1884,1016,2268.0,2568.0
int__tai30_20_02,1884,1017,2197.0,2496.0
int__tai30_20_02,1884,1018,2268.0,2546.0
int__tai30_20_02,1884,1019,2157.0,2464.0
int__tai30_20_02,1884,1020,2320.0,2602.0
int__tai30_20_02,1884,1021,2222.0,2525.0
int__tai30_20_02,1884,1022,2247.0,2497.0
int__tai30_20_02,1884,1023,2246.0,2518.0
int__tai30_20_08,1912,0,2190.0,2439.0
int__tai30_20_08,1912,1,2207.0,2483.0
int__tai30_20_08,1912,2,2228.0,2566.0
int__tai30_20_08,1912,3,2426.0,2709.0
int__tai30_20_08,1912,4,2482.0,2797.0
int__tai30_20_08,1912,5,2322.0,2590.0
int__tai30_20_08,1912,6,2226.0,2504.0
int__tai30_20_08,1912,7,2276.0,2548.0
int__tai30_20_08,1912,8,2264.0,2514.0
int__tai30_20_08,1912,9,2409.0,2708.0
int__tai30_20_08,1912,10,2339.0,2633.0
int__tai30_20_08,1912,11,2236.0,2526.0
int__tai30_20_08,1912,12,2299.0,2555.0
int__tai30_20_08,1912,13,2205.0,2469.0
int__tai30_20_08,1912,14,2304.0,2600.0
int__tai30_20_08,1912,15,2343.0,2644.0
int__tai30_20_08,1912,16,2345.0,2640.0
int__tai30_20_08,1912,17,2269.0,2557.0
int__tai30_20_08,1912,18,2261.0,2597.0
int__tai30_20_08,1912,19,2341.0,2654.0
int__tai30_20_08,1912,20,2230.0,2544.0
int__tai30_20_08,1912,21,2226.0,2521.0
int__tai30_20_08,1912,22,2306.0,2577.0
int__tai30_20_08,1912,23,2309.0,2545.0
int__tai30_20_08,1912,24,2370.0,2638.0
int__tai30_20_08,1912,25,2376.0,2655.0
int__tai30_20_08,1912,26,2289.0,2544.0
int__tai30_20_08,1912,27,2229.0,2536.0
int__tai30_20_08,1912,28,2264.0,2568.0
int__tai30_20_08,1912,29,2299.0,2590.0
int__tai30_20_08,1912,30,2370.0,2667.0
int__tai30_20_08,1912,31,2243.0,2499.0
int__tai30_20_08,1912,32,2286.0,2561.0
int__tai30_20_08,1912,33,2285.0,2589.0
int__tai30_20_08,1912,34,2269.0,2509.0
int__tai30_20_08,1912,35,2261.0,2575.0
int__tai30_20_08,1912,36,2279.0,2562.0
int__tai30_20_08,1912,37,2164.0,2442.0
int__tai30_20_08,1912,38,2199.0,2479.0
int__tai30_20_08,1912,39,2365.0,2639.0
int__tai30_20_08,1912,40,2214.0,2498.0
int__tai30_20_08,1912,41,2351.0,2655.0
int__tai30_20_08,1912,42,2224.0,2512.0
int__tai30_20_08,1912,43,2231.0,2493.0
int__tai30_20_08,1912,44,2224.0,2521.0
int__tai30_20_08,1912,45,2357.0,2622.0
int__tai30_20_08,1912,46,2210.0,2476.0
int__tai30_20_08,1912,47,2240.0,2522.0
int__tai30_20_08,1912,48,2404.0,2772.0
int__tai30_20_08,1912,49,2268.0,2530.0
int__tai30_20_08,1912,50,2364.0,2629.0
int__tai30_20_08,1912,51,2286.0,2533.0
int__tai30_20_08,1912,52,2282.0,2592.0
int__tai30_20_08,1912,53,2374.0,2659.0
int__tai30_20_08,1912,54,2289.0,2545.0
int__tai30_20_08,1912,55,2198.0,2471.0
int__tai30_20_08,1912,56,2196.0,2508.0
int__tai30_20_08,1912,57,2220.0,2486.0
int__tai30_20_08,1912,58,2409.0,2712.0
int__tai30_20_08,1912,59,2223.0,2497.0
int__tai30_20_08,1912,60,2294.0,2581.0
int__tai30_20_08,1912,61,2299.0,2611.0
int__tai30_20_08,1912,62,2278.0,2535.0
int__tai30_20_08,1912,63,2313.0,2573.0
int__tai30_20_08,1912,64,2524.0,2803.0
int__tai30_20_08,1912,65,2276.0,2571.0
int__tai30_20_08,1912,66,2450.0,2743.0
int__tai30_20_08,1912,67,2317.0,2596.0
int__tai30_20_08,1912,68,2201.0,2518.0
int__tai30_20_08,1912,69,2361.0,2613.0
int__tai30_20_08,1912,70,2225.0,2482.0
int__tai30_20_08,1912,71,2234.0,2500.0
int__tai30_20_08,1912,72,2257.0,2517.0
int__tai30_20_08,1912,73,2349.0,2677.0
int__tai30_20_08,1912,74,2255.0,2523.0
int__tai30_20_08,1912,75,2338.0,2611.0
int__tai30_20_08,1912,76,2240.0,2534.0
int__tai30_20_08,1912,77,2298.0,2588.0
int__tai30_20_08,1912,78,2251.0,2541.0
int__tai30_20_08,1912,79,2329.0,2569.0
int__tai30_20_08,1912,80,2199.0,2498.0
int__tai30_20_08,1912,81,2253.0,2528.0
int__tai30_20_08,1912,82,2437.0,2717.0
int__tai30_20_08,1912,83,2228.0,2552.0
int__tai30_20_08,1912,84,2183.0,2451.0
int__tai30_20_08,1912,85,2247.0,2540.0
int__tai30_20_08,1912,86,2220.0,2515.0
int__tai30_20_08,1912,87,2244.0,2488.0
int__tai30_20_08,1912,88,2192.0,2475.0
int__tai30_20_08,1912,89,2267.0,2553.0
int__tai30_20_08,1912,90,2345.0,2610.0
int__tai30_20_08,1912,91,2396.0,2705.0
int__tai30_20_08,1912,92,2259.0,2528.0
int__tai30_20_08,1912,93,2184.0,2496.0
int__tai30_20_08,1912,94,2353.0,2635.0
int__tai30_20_08,1912,95,2306.0,2581.0
int__tai30_20_08,1912,96,2359.0,2625.0
int__tai30_20_08,1912,97,2150.0,2436.0
int__tai30_20_08,1912,98,2234.0,2525.0
int__tai30_20_08,1912,99,2259.0,2517.0
int__tai30_20_08,1912,100,2170.0,2468.0
int__tai30_20_08,1912,101,2233.0,2522.0
int__tai30_20_08,1912,102,2282.0,2571.0
int__tai30_20_08,1912,103,2285.0,2581.0
int__tai30_20_08,1912,104,2306.0,2598.0
int__tai30_20_08,1912,105,2329.0,2593.0
int__tai30_20_08,1912,106,2340.0,2658.0
int__tai30_20_08,1912,107,2344.0,2624.0
int__tai30_20_08,1912,108,2349.0,2621.0
int__tai30_20_08,1912,109,2366.0,2630.0
int__tai30_20_08,1912,110,2342.0,2660.0
int__tai30_20_08,1912,111,2328.0,2630.0
int__tai30_20_08,1912,112,2316.0,2614.0
int__tai30_20_08,1912,113,2256.0,2552.0
int__tai30_20_08,1912,114,2287.0,2536.0
int__tai30_20_08,1912,115,2227.0,2504.0
int__tai30_20_08,1912,116,2201.0,2485.0
int__tai30_20_08,1912,117,2225.0,2563.0
int__tai30_20_08,1912,118,2249.0,2528.0
int__tai30_20_08,1912,119,2348.0,2632.0
int__tai30_20_08,1912,120,2219.0,2529.0
int__tai30_20_08,1912,121,2322.0,2571.0
int__tai30_20_08,1912,122,2283.0,2545.0
int__tai30_20_08,1912,123,2237.0,2520.0
int__tai30_20_08,1912,124,2222.0,2455.0
int__tai30_20_08,1912,125,2285.0,2568.0
int__tai30_20_08,1912,126,2271.0,2511.0
int__tai30_20_08,1912,127,2300.0,2576.0
int__tai30_20_08,1912,128,2310.0,2615.0
int__tai30_20_08,1912,129,2437.0,2728.0
int__tai30_20_08,1912,130,2241.0,2535.0
int__tai30_20_08,1912,131,2246.0,2555.0
int__tai30_20_08,1912,132,2303.0,2581.0
int__tai30_20_08,1912,133,2248.0,2584.0
int__tai30_20_08,1912,134,2248.0,2511.0
int__tai30_20_08,1912,135,2252.0,2585.0
int__tai30_20_08,1912,136,2332.0,2594.0
int__tai30_20_08,1912,137,2326.0,2597.0
int__tai30_20_08,1912,138,2260.0,2568.0
int__tai30_20_08,1912,139,2291.0,2569.0
int__tai30_20_08,1912,140,2307.0,2605.0
int__tai30_20_08,1912,141,2302.0,2610.0
int__tai30_20_08,1912,142,2221.0,2469.0
int__tai30_20_08,1912,143,2320.0,2602.0
int__tai30_20_08,1912,144,2326.0,2630.0
int__tai30_20_08,1912,145,2210.0,2500.0
int__tai30_20_08,1912,146,2210.0,2446.0
int__tai30_20_08,1912,147,2445.0,2754.0
int__tai30_20_08,1912,148,2327.0,2579.0
int__tai30_20_08,1912,149,2357.0,2662.0
int__tai30_20_08,1912,150,2366.0,2680.0
int__tai30_20_08,1912,151,2288.0,2581.0
int__tai30_20_08,1912,152,2246.0,2572.0
int__tai30_20_08,1912,153,2269.0,2576.0
int__tai30_20_08,1912,154,2341.0,2648.0
int__tai30_20_08,1912,155,2186.0,2466.0
int__tai30_20_08,1912,156,2355.0,2662.0
int__tai30_20_08,1912,157,2308.0,2587.0
int__tai30_20_08,1912,158,2180.0,2482.0
int__tai30_20_08,1912,159,2239.0,2525.0
int__tai30_20_08,1912,160,2244.0,2561.0
int__tai30_20_08,1912,161,2178.0,2462.0
int__tai30_20_08,1912,162,2226.0,2520.0
int__tai30_20_08,1912,163,2220.0,2477.0
int__tai30_20_08,1912,164,2295.0,2556.0
int__tai30_20_08,1912,165,2288.0,2603.0
int__tai30_20_08,1912,166,2326.0,2597.0
int__tai30_20_08,1912,167,2189.0,2472.0
int__tai30_20_08,1912,168,2313.0,2612.0
int__tai30_20_08,1912,169,2346.0,2602.0
int__tai30_20_08,1912,170,2250.0,2522.0
int__tai30_20_08,1912,171,2231.0,2504.0
int__tai30_20_08,1912,172,2328.0,2576.0
int__tai30_20_08,1912,173,2356.0,2647.0
int__tai30_20_08,1912,174,2223.0,2515.0
int__tai30_20_08,1912,175,2292.0,2552.0
int__tai30_20_08,1912,176,2291.0,2601.0
int__tai30_20_08,1912,177,2189.0,2459.0
int__tai30_20_08,1912,178,2279.0,2558.0
int__tai30_20_08,1912,179,2215.0,2542.0
int__tai30_20_08,1912,180,2364.0,2622.0
int__tai30_20_08,1912,181,2226.0,2495.0
int__tai30_20_08,1912,182,2407.0,2649.0
int__tai30_20_08,1912,183,2253.0,2557.0
int__tai30_20_08,1912,184,2365.0,2719.0
int__tai30_20_08,1912,185,2264.0,2545.0
int__tai30_20_08,1912,186,2326.0,2629.0
int__tai30_20_08,1912,187,2236.0,2523.0
int__tai30_20_08,1912,188,2215.0,2505.0
int__tai30_20_08,1912,189,2282.0,2564.0
int__tai30_20_08,1912,190,2473.0,2762.0
int__tai30_20_08,1912,191,2280.0,2598.0
int__tai30_20_08,1912,192,2252.0,2545.0
int__tai30_20_08,1912,193,2214.0,2510.0
int__tai30_20_08,1912,194,2301.0,2557.0
int__tai30_20_08,1912,195,2324.0,2608.0
int__tai30_20_08,1912,196,2390.0,2668.0
int__tai30_20_08,1912,197,2307.0,2626.0
int__tai30_20_08,1912,198,2399.0,2625.0
int__tai30_20_08,1912,199,2243.0,2531.0
int__tai30_20_08,1912,200,2187.0,2470.0
int__tai30_20_08,1912,201,2296.0,2600.0
int__tai30_20_08,1912,202,2392.0,2667.0
int__tai30_20_08,1912,203,2370.0,2695.0
int__tai30_20_08,1912,204,2264.0,2547.0
int__tai30_20_08,1912,205,2256.0,2531.0
int__tai30_20_08,1912,206,2344.0,2664.0
int__tai30_20_08,1912,207,2231.0,2523.0
int__tai30_20_08,1912,208,2284.0,2563.0
int__tai30_20_08,1912,209,2260.0,2540.0
int__tai30_20_08,1912,210,2277.0,2547.0
int__tai30_20_08,1912,211,2346.0,2641.0
int__tai30_20_08,1912,212,2256.0,2560.0
int__tai30_20_08,1912,213,2375.0,2679.0
int__tai30_20_08,1912,214,2416.0,2693.0
int__tai30_20_08,1912,215,2252.0,2575.0
int__tai30_20_08,1912,216,2380.0,2720.0
int__tai30_20_08,1912,217,2337.0,2616.0
int__tai30_20_08,1912,218,2364.0,2670.0
int__tai30_20_08,1912,219,2311.0,2579.0
int__tai30_20_08,1912,220,2348.0,2670.0
int__tai30_20_08,1912,221,2274.0,2541.0
int__tai30_20_08,1912,222,2334.0,2592.0
int__tai30_20_08,1912,223,2294.0,2589.0
int__tai30_20_08,1912,224,2270.0,2546.0
int__tai30_20_08,1912,225,2279.0,2577.0
int__tai30_20_08,1912,226,2386.0,2692.0
int__tai30_20_08,1912,227,2231.0,2526.0
int__tai30_20_08,1912,228,2336.0,2668.0
int__tai30_20_08,1912,229,2259.0,2544.0
int__tai30_20_08,1912,230,2241.0,2512.0
int__tai30_20_08,1912,231,2265.0,2533.0
int__tai30_20_08,1912,232,2333.0,2623.0
int__tai30_20_08,1912,233,2343.0,2613.0
int__tai30_20_08,1912,234,2307.0,2659.0
int__tai30_20_08,1912,235,2271.0,2601.0
int__tai30_20_08,1912,236,2301.0,2605.0
int__tai30_20_08,1912,237,2229.0,2521.0
int__tai30_20_08,1912,238,2219.0,2497.0
int__tai30_20_08,1912,239,2369.0,2665.0
int__tai30_20_08,1912,240,2240.0,2536.0
int__tai30_20_08,1912,241,2228.0,2506.0
int__tai30_20_08,1912,242,2290.0,2561.0
int__tai30_20_08,1912,243,2348.0,2614.0
int__tai30_20_08,1912,244,2304.0,2588.0
int__tai30_20_08,1912,245,2179.0,2436.0
int__tai30_20_08,1912,246,2336.0,2606.0
int__tai30_20_08,1912,247,2221.0,2515.0
int__tai30_20_08,1912,248,2246.0,2498.0
int__tai30_20_08,1912,249,2291.0,2574.0
int__tai30_20_08,1912,250,2258.0,2556.0
int__tai30_20_08,1912,251,2298.0,2602.0
int__tai30_20_08,1912,252,2344.0,2638.0
int__tai30_20_08,1912,253,2263.0,2528.0
int__tai30_20_08,1912,254,2217.0,2490.0
int__tai30_20_08,1912,255,2348.0,2613.0
int__tai30_20_08,1912,256,2234.0,2481.0
int__tai30_20_08,1912,257,2248.0,2535.0
int__tai30_20_08,1912,258,2267.0,2563.0
int__tai30_20_08,1912,259,2261.0,2524.0
int__tai30_20_08,1912,260,2309.0,2559.0
int__tai30_20_08,1912,261,2181.0,2453.0
int__tai30_20_08,1912,262,2274.0,2589.0
int__tai30_20_08,1912,263,2344.0,2588.0
int__tai30_20_08,1912,264,2282.0,2581.0
int__tai30_20_08,1912,265,2229.0,2481.0
int__tai30_20_08,1912,266,2248.0,2525.0
int__tai30_20_08,1912,267,2259.0,2545.0
int__tai30_20_08,1912,268,2283.0,2543.0
int__tai30_20_08,1912,269,2316.0,2633.0
int__tai30_20_08,1912,270,2276.0,2610.0
int__tai30_20_08,1912,271,2207.0,2429.0
int__tai30_20_08,1912,272,2254.0,2518.0
int__tai30_20_08,1912,273,2408.0,2644.0
int__tai30_20_08,1912,274,2405.0,2697.0
int__tai30_20_08,1912,275,2230.0,2517.0
int__tai30_20_08,1912,276,2231.0,2498.0
int__tai30_20_08,1912,277,2249.0,2559.0
int__tai30_20_08,1912,278,2233.0,2539.0
int__tai30_20_08,1912,279,2242.0,2525.0
int__tai30_20_08,1912,280,2227.0,2504.0
int__tai30_20_08,1912,281,2191.0,2462.0
int__tai30_20_08,1912,282,2301.0,2571.0
int__tai30_20_08,1912,283,2180.0,2470.0
int__tai30_20_08,1912,284,2315.0,2550.0
int__tai30_20_08,1912,285,2257.0,2536.0
int__tai30_20_08,1912,286,2254.0,2532.0
int__tai30_20_08,1912,287,2367.0,2671.0
int__tai30_20_08,1912,288,2296.0,2576.0
int__tai30_20_08,1912,289,2256.0,2504.0
int__tai30_20_08,1912,290,2232.0,2516.0
int__tai30_20_08,1912,291,2314.0,2611.0
int__tai30_20_08,1912,292,2360.0,2649.0
int__tai30_20_08,1912,293,2302.0,2554.0
int__tai30_20_08,1912,294,2231.0,2510.0
int__tai30_20_08,1912,295,2342.0,2614.0
int__tai30_20_08,1912,296,2192.0,2480.0
int__tai30_20_08,1912,297,2249.0,2515.0
int__tai30_20_08,1912,298,2346.0,2665.0
int__tai30_20_08,1912,299,2252.0,2492.0
int__tai30_20_08,1912,300,2281.0,2594.0
int__tai30_20_08,1912,301,2240.0,2499.0
int__tai30_20_08,1912,302,2178.0,2489.0
int__tai30_20_08,1912,303,2249.0,2548.0
int__tai30_20_08,1912,304,2357.0,2676.0
int__tai30_20_08,1912,305,2201.0,2492.0
int__tai30_20_08,1912,306,2344.0,2611.0
int__tai30_20_08,1912,307,2350.0,2595.0
int__tai30_20_08,1912,308,2360.0,2595.0
int__tai30_20_08,1912,309,2278.0,2566.0
int__tai30_20_08,1912,310,2200.0,2463.0
int__tai30_20_08,1912,311,2225.0,2518.0
int__tai30_20_08,1912,312,2283.0,2554.0
int__tai30_20_08,1912,313,2240.0,2536.0
int__tai30_20_08,1912,314,2263.0,2544.0
int__tai30_20_08,1912,315,2295.0,2591.0
int__tai30_20_08,1912,316,2304.0,2544.0
int__tai30_20_08,1912,317,2266.0,2570.0
int__tai30_20_08,1912,318,2340.0,2535.0
int__tai30_20_08,1912,319,2306.0,2588.0
int__tai30_20_08,1912,320,2294.0,2550.0
int__tai30_20_08,1912,321,2232.0,2444.0
int__tai30_20_08,1912,322,2229.0,2512.0
int__tai30_20_08,1912,323,2239.0,2537.0
int__tai30_20_08,1912,324,2212.0,2481.0
int__tai30_20_08,1912,325,2409.0,2735.0
int__tai30_20_08,1912,326,2214.0,2492.0
int__tai30_20_08,1912,327,2287.0,2565.0
int__tai30_20_08,1912,328,2341.0,2630.0
int__tai30_20_08,1912,329,2269.0,2560.0
int__tai30_20_08,1912,330,2259.0,2497.0
int__tai30_20_08,1912,331,2286.0,2579.0
int__tai30_20_08,1912,332,2255.0,2525.0
int__tai30_20_08,1912,333,2426.0,2683.0
int__tai30_20_08,1912,334,2226.0,2462.0
int__tai30_20_08,1912,335,2245.0,2569.0
int__tai30_20_08,1912,336,2189.0,2445.0
int__tai30_20_08,1912,337,2332.0,2591.0
int__tai30_20_08,1912,338,2324.0,2595.0
int__tai30_20_08,1912,339,2364.0,2619.0
int__tai30_20_08,1912,340,2309.0,2610.0
int__tai30_20_08,1912,341,2234.0,2527.0
int__tai30_20_08,1912,342,2259.0,2492.0
int__tai30_20_08,1912,343,2364.0,2650.0
int__tai30_20_08,1912,344,2231.0,2475.0
int__tai30_20_08,1912,345,2303.0,2600.0
int__tai30_20_08,1912,346,2350.0,2611.0
int__tai30_20_08,1912,347,2296.0,2590.0
int__tai30_20_08,1912,348,2175.0,2450.0
int__tai30_20_08,1912,349,2218.0,2455.0
int__tai30_20_08,1912,350,2262.0,2535.0
int__tai30_20_08,1912,351,2302.0,2586.0
int__tai30_20_08,1912,352,2214.0,2504.0
int__tai30_20_08,1912,353,2248.0,2531.0
int__tai30_20_08,1912,354,2354.0,2681.0
int__tai30_20_08,1912,355,2312.0,2584.0
int__tai30_20_08,1912,356,2219.0,2462.0
int__tai30_20_08,1912,357,2238.0,2508.0
int__tai30_20_08,1912,358,2389.0,2628.0
int__tai30_20_08,1912,359,2262.0,2539.0
int__tai30_20_08,1912,360,2270.0,2574.0
int__tai30_20_08,1912,361,2256.0,2527.0
int__tai30_20_08,1912,362,2296.0,2561.0
int__tai30_20_08,1912,363,2317.0,2603.0
int__tai30_20_08,1912,364,2236.0,2538.0
int__tai30_20_08,1912,365,2224.0,2516.0
int__tai30_20_08,1912,366,2281.0,2538.0
int__tai30_20_08,1912,367,2185.0,2443.0
int__tai30_20_08,1912,368,2286.0,2572.0
int__tai30_20_08,1912,369,2227.0,2546.0
int__tai30_20_08,1912,370,2241.0,2534.0
int__tai30_20_08,1912,371,2296.0,2586.0
int__tai30_20_08,1912,372,2243.0,2515.0
int__tai30_20_08,1912,373,2233.0,2498.0
int__tai30_20_08,1912,374,2282.0,2556.0
int__tai30_20_08,1912,375,2352.0,2618.0
int__tai30_20_08,1912,376,2407.0,2708.0
int__tai30_20_08,1912,377,2336.0,2616.0
int__tai30_20_08,1912,378,2305.0,2573.0
int__tai30_20_08,1912,379,2298.0,2598.0
int__tai30_20_08,1912,380,2296.0,2583.0
int__tai30_20_08,1912,381,2319.0,2617.0
int__tai30_20_08,1912,382,2235.0,2523.0
int__tai30_20_08,1912,383,2275.0,2534.0
int__tai30_20_08,1912,384,2323.0,2578.0
int__tai30_20_08,1912,385,2315.0,2579.0
int__tai30_20_08,1912,386,2255.0,2529.0
int__tai30_20_08,1912,387,2217.0,2445.0
int__tai30_20_08,1912,388,2292.0,2560.0
int__tai30_20_08,1912,389,2309.0,2609.0
int__tai30_20_08,1912,390,2253.0,2532.0
int__tai30_20_08,1912,391,2252.0,2525.0
int__tai30_20_08,1912,392,2242.0,2556.0
int__tai30_20_08,1912,393,2257.0,2538.0
int__tai30_20_08,1912,394,2216.0,2492.0
int__tai30_20_08,1912,395,2260.0,2561.0
int__tai30_20_08,1912,396,2171.0,2444.0
int__tai30_20_08,1912,397,2329.0,2629.0
int__tai30_20_08,1912,398,2308.0,2606.0
int__tai30_20_08,1912,399,2318.0,2619.0
int__tai30_20_08,1912,400,2292.0,2586.0
int__tai30_20_08,1912,401,2319.0,2522.0
int__tai30_20_08,1912,402,2279.0,2563.0
int__tai30_20_08,1912,403,2317.0,2591.0
int__tai30_20_08,1912,404,2311.0,2538.0
int__tai30_20_08,1912,405,2303.0,2591.0
int__tai30_20_08,1912,406,2314.0,2595.0
int__tai30_20_08,1912,407,2343.0,2646.0
int__tai30_20_08,1912,408,2210.0,2475.0
int__tai30_20_08,1912,409,2308.0,2556.0
int__tai30_20_08,1912,410,2387.0,2681.0
int__tai30_20_08,1912,411,2313.0,2562.0
int__tai30_20_08,1912,412,2429.0,2732.0
int__tai30_20_08,1912,413,2244.0,2527.0
int__tai30_20_08,1912,414,2284.0,2553.0
int__tai30_20_08,1912,415,2307.0,2556.0
int__tai30_20_08,1912,416,2345.0,2615.0
int__tai30_20_08,1912,417,2256.0,2516.0
int__tai30_20_08,1912,418,2344.0,2655.0
int__tai30_20_08,1912,419,2284.0,2590.0
int__tai30_20_08,1912,420,2326.0,2580.0
int__tai30_20_08,1912,421,2309.0,2631.0
int__tai30_20_08,1912,422,2307.0,2544.0
int__tai30_20_08,1912,423,2399.0,2685.0
int__tai30_20_08,1912,424,2286.0,2554.0
int__tai30_20_08,1912,425,2308.0,2557.0
int__tai30_20_08,1912,426,2339.0,2606.0
int__tai30_20_08,1912,427,2279.0,2549.0
int__tai30_20_08,1912,428,2351.0,2611.0
int__tai30_20_08,1912,429,2247.0,2542.0
int__tai30_20_08,1912,430,2228.0,2538.0
int__tai30_20_08,1912,431,2331.0,2584.0
int__tai30_20_08,1912,432,2288.0,2570.0
int__tai30_20_08,1912,433,2347.0,2642.0
int__tai30_20_08,1912,434,2249.0,2500.0
int__tai30_20_08,1912,435,2247.0,2539.0
int__tai30_20_08,1912,436,2286.0,2609.0
int__tai30_20_08,1912,437,2242.0,2540.0
int__tai30_20_08,1912,438,2219.0,2522.0
int__tai30_20_08,1912,439,2255.0,2523.0
int__tai30_20_08,1912,440,2305.0,2599.0
int__tai30_20_08,1912,441,2317.0,2647.0
int__tai30_20_08,1912,442,2194.0,2437.0
int__tai30_20_08,1912,443,2265.0,2562.0
int__tai30_20_08,1912,444,2307.0,2586.0
int__tai30_20_08,1912,445,2227.0,2525.0
int__tai30_20_08,1912,446,2201.0,2518.0
int__tai30_20_08,1912,447,2195.0,2440.0
int__tai30_20_08,1912,448,2239.0,2527.0
int__tai30_20_08,1912,449,2295.0,2556.0
int__tai30_20_08,1912,450,2227.0,2463.0
int__tai30_20_08,1912,451,2251.0,2547.0
int__tai30_20_08,1912,452,2288.0,2566.0
int__tai30_20_08,1912,453,2218.0,2470.0
int__tai30_20_08,1912,454,2245.0,2533.0
int__tai30_20_08,1912,455,2301.0,2591.0
int__tai30_20_08,1912,456,2249.0,2501.0
int__tai30_20_08,1912,457,2335.0,2604.0
int__tai30_20_08,1912,458,2297.0,2576.0
int__tai30_20_08,1912,459,2273.0,2555.0
int__tai30_20_08,1912,460,2301.0,2558.0
int__tai30_20_08,1912,461,2311.0,2611.0
int__tai30_20_08,1912,462,2229.0,2530.0
int__tai30_20_08,1912,463,2213.0,2508.0
int__tai30_20_08,1912,464,2274.0,2538.0
int__tai30_20_08,1912,465,2282.0,2591.0
int__tai30_20_08,1912,466,2184.0,2434.0
int__tai30_20_08,1912,467,2192.0,2468.0
int__tai30_20_08,1912,468,2243.0,2509.0
int__tai30_20_08,1912,469,2257.0,2536.0
int__tai30_20_08,1912,470,2252.0,2545.0
int__tai30_20_08,1912,471,2206.0,2462.0
int__tai30_20_08,1912,472,2374.0,2685.0
int__tai30_20_08,1912,473,2217.0,2481.0
int__tai30_20_08,1912,474,2360.0,2622.0
int__tai30_20_08,1912,475,2308.0,2534.0
int__tai30_20_08,1912,476,2356.0,2634.0
int__tai30_20_08,1912,477,2325.0,2644.0
int__tai30_20_08,1912,478,2304.0,2550.0
int__tai30_20_08,1912,479,2246.0,2514.0
int__tai30_20_08,1912,480,2288.0,2571.0
int__tai30_20_08,1912,481,2244.0,2487.0
int__tai30_20_08,1912,482,2351.0,2609.0
int__tai30_20_08,1912,483,2290.0,2591.0
int__tai30_20_08,1912,484,2352.0,2653.0
int__tai30_20_08,1912,485,2319.0,2610.0
int__tai30_20_08,1912,486,2283.0,2547.0
int__tai30_20_08,1912,487,2322.0,2580.0
int__tai30_20_08,1912,488,2341.0,2629.0
int__tai30_20_08,1912,489,2313.0,2605.0
int__tai30_20_08,1912,490,2330.0,2628.0
int__tai30_20_08,1912,491,2295.0,2542.0
int__tai30_20_08,1912,492,2155.0,2384.0
int__tai30_20_08,1912,493,2397.0,2745.0
int__tai30_20_08,1912,494,2243.0,2528.0
int__tai30_20_08,1912,495,2264.0,2540.0
int__tai30_20_08,1912,496,2230.0,2546.0
int__tai30_20_08,1912,497,2414.0,2722.0
int__tai30_20_08,1912,498,2274.0,2557.0
int__tai30_20_08,1912,499,2210.0,2475.0
int__tai30_20_08,1912,500,2185.0,2460.0
int__tai30_20_08,1912,501,2323.0,2629.0
int__tai30_20_08,1912,502,2274.0,2558.0
int__tai30_20_08,1912,503,2265.0,2576.0
int__tai30_20_08,1912,504,2243.0,2532.0
int__tai30_20_08,1912,505,2264.0,2523.0
int__tai30_20_08,1912,506,2191.0,2478.0
int__tai30_20_08,1912,507,2281.0,2598.0
int__tai30_20_08,1912,508,2274.0,2566.0
int__tai30_20_08,1912,509,2298.0,2590.0
int__tai30_20_08,1912,510,2288.0,2585.0
int__tai30_20_08,1912,511,2210.0,2507.0
int__tai30_20_08,1912,512,2404.0,2736.0
int__tai30_20_08,1912,513,2341.0,2643.0
int__tai30_20_08,1912,514,2198.0,2460.0
int__tai30_20_08,1912,515,2200.0,2451.0
int__tai30_20_08,1912,516,2283.0,2603.0
int__tai30_20_08,1912,517,2238.0,2507.0
int__tai30_20_08,1912,518,2359.0,2630.0
int__tai30_20_08,1912,519,2260.0,2531.0
int__tai30_20_08,1912,520,2260.0,2588.0
int__tai30_20_08,1912,521,2317.0,2637.0
int__tai30_20_08,1912,522,2289.0,2563.0
int__tai30_20_08,1912,523,2294.0,2594.0
int__tai30_20_08,1912,524,2237.0,2496.0
int__tai30_20_08,1912,525,2402.0,2693.0
int__tai30_20_08,1912,526,2257.0,2526.0
int__tai30_20_08,1912,527,2240.0,2542.0
int__tai30_20_08,1912,528,2194.0,2482.0
int__tai30_20_08,1912,529,2264.0,2534.0
int__tai30_20_08,1912,530,2259.0,2510.0
int__tai30_20_08,1912,531,2276.0,2536.0
int__tai30_20_08,1912,532,2291.0,2589.0
int__tai30_20_08,1912,533,2252.0,2554.0
int__tai30_20_08,1912,534,2255.0,2551.0
int__tai30_20_08,1912,535,2248.0,2521.0
int__tai30_20_08,1912,536,2401.0,2730.0
int__tai30_20_08,1912,537,2224.0,2472.0
int__tai30_20_08,1912,538,2200.0,2442.0
int__tai30_20_08,1912,539,2425.0,2690.0
int__tai30_20_08,1912,540,2397.0,2697.0
int__tai30_20_08,1912,541,2244.0,2494.0
int__tai30_20_08,1912,542,2301.0,2613.0
int__tai30_20_08,1912,543,2248.0,2557.0
int__tai30_20_08,1912,544,2273.0,2510.0
int__tai30_20_08,1912,545,2399.0,2676.0
int__tai30_20_08,1912,546,2278.0,2566.0
int__tai30_20_08,1912,547,2293.0,2525.0
int__tai30_20_08,1912,548,2210.0,2493.0
int__tai30_20_08,1912,549,2317.0,2597.0
int__tai30_20_08,1912,550,2317.0,2597.0
int__tai30_20_08,1912,551,2241.0,2530.0
int__tai30_20_08,1912,552,2292.0,2559.0
int__tai30_20_08,1912,553,2178.0,2477.0
int__tai30_20_08,1912,554,2273.0,2538.0
int__tai30_20_08,1912,555,2206.0,2496.0
int__tai30_20_08,1912,556,2231.0,2469.0
int__tai30_20_08,1912,557,2328.0,2606.0
int__tai30_20_08,1912,558,2352.0,2606.0
int__tai30_20_08,1912,559,2274.0,2569.0
int__tai30_20_08,1912,560,2269.0,2556.0
int__tai30_20_08,1912,561,2310.0,2622.0
int__tai30_20_08,1912,562,2279.0,2563.0
int__tai30_20_08,1912,563,2370.0,2657.0
int__tai30_20_08,1912,564,2251.0,2504.0
int__tai30_20_08,1912,565,2386.0,2694.0
int__tai30_20_08,1912,566,2347.0,2667.0
int__tai30_20_08,1912,567,2269.0,2583.0
int__tai30_20_08,1912,568,2325.0,2647.0
int__tai30_20_08,1912,569,2290.0,2558.0
int__tai30_20_08,1912,570,2244.0,2523.0
int__tai30_20_08,1912,571,2262.0,2542.0
int__tai30_20_08,1912,572,2223.0,2505.0
int__tai30_20_08,1912,573,2310.0,2609.0
int__tai30_20_08,1912,574,2327.0,2644.0
int__tai30_20_08,1912,575,2187.0,2504.0
int__tai30_20_08,1912,576,2347.0,2641.0
int__tai30_20_08,1912,577,2234.0,2512.0
int__tai30_20_08,1912,578,2150.0,2431.0
int__tai30_20_08,1912,579,2334.0,2668.0
int__tai30_20_08,1912,580,2398.0,2680.0
int__tai30_20_08,1912,581,2282.0,2556.0
int__tai30_20_08,1912,582,2252.0,2498.0
int__tai30_20_08,1912,583,2229.0,2505.0
int__tai30_20_08,1912,584,2243.0,2527.0
int__tai30_20_08,1912,585,2255.0,2497.0
int__tai30_20_08,1912,586,2222.0,2497.0
int__tai30_20_08,1912,587,2303.0,2559.0
int__tai30_20_08,1912,588,2471.0,2771.0
int__tai30_20_08,1912,589,2313.0,2587.0
int__tai30_20_08,1912,590,2210.0,2462.0
int__tai30_20_08,1912,591,2253.0,2503.0
int__tai30_20_08,1912,592,2324.0,2619.0
int__tai30_20_08,1912,593,2408.0,2673.0
int__tai30_20_08,1912,594,2263.0,2572.0
int__tai30_20_08,1912,595,2238.0,2525.0
int__tai30_20_08,1912,596,2268.0,2553.0
int__tai30_20_08,1912,597,2250.0,2588.0
int__tai30_20_08,1912,598,2345.0,2589.0
int__tai30_20_08,1912,599,2229.0,2530.0
int__tai30_20_08,1912,600,2207.0,2484.0
int__tai30_20_08,1912,601,2271.0,2558.0
int__tai30_20_08,1912,602,2345.0,2627.0
int__tai30_20_08,1912,603,2354.0,2674.0
int__tai30_20_08,1912,604,2190.0,2472.0
int__tai30_20_08,1912,605,2221.0,2499.0
int__tai30_20_08,1912,606,2269.0,2566.0
int__tai30_20_08,1912,607,2479.0,2760.0
int__tai30_20_08,1912,608,2296.0,2559.0
int__tai30_20_08,1912,609,2252.0,2504.0
int__tai30_20_08,1912,610,2372.0,2705.0
int__tai30_20_08,1912,611,2365.0,2618.0
int__tai30_20_08,1912,612,2307.0,2576.0
int__tai30_20_08,1912,613,2297.0,2610.0
int__tai30_20_08,1912,614,2258.0,2551.0
int__tai30_20_08,1912,615,2334.0,2547.0
int__tai30_20_08,1912,616,2213.0,2534.0
int__tai30_20_08,1912,617,2367.0,2665.0
int__tai30_20_08,1912,618,2279.0,2518.0
int__tai30_20_08,1912,619,2234.0,2488.0
int__tai30_20_08,1912,620,2356.0,2653.0
int__tai30_20_08,1912,621,2314.0,2602.0
int__tai30_20_08,1912,622,2219.0,2501.0
int__tai30_20_08,1912,623,2240.0,2504.0
int__tai30_20_08,1912,624,2235.0,2511.0
int__tai30_20_08,1912,625,2273.0,2543.0
int__tai30_20_08,1912,626,2331.0,2659.0
int__tai30_20_08,1912,627,2378.0,2665.0
int__tai30_20_08,1912,628,2315.0,2648.0
int__tai30_20_08,1912,629,2205.0,2479.0
int__tai30_20_08,1912,630,2284.0,2544.0
int__tai30_20_08,1912,631,2327.0,2571.0
int__tai30_20_08,1912,632,2176.0,2440.0
int__tai30_20_08,1912,633,2216.0,2492.0
int__tai30_20_08,1912,634,2256.0,2571.0
int__tai30_20_08,1912,635,2308.0,2622.0
int__tai30_20_08,1912,636,2198.0,2483.0
int__tai30_20_08,1912,637,2291.0,2568.0
int__tai30_20_08,1912,638,2345.0,2634.0
int__tai30_20_08,1912,639,2184.0,2470.0
int__tai30_20_08,1912,640,2309.0,2585.0
int__tai30_20_08,1912,641,2311.0,2592.0
int__tai30_20_08,1912,642,2314.0,2610.0
int__tai30_20_08,1912,643,2209.0,2520.0
int__tai30_20_08,1912,644,2250.0,2543.0
int__tai30_20_08,1912,645,2243.0,2542.0
int__tai30_20_08,1912,646,2314.0,2579.0
int__tai30_20_08,1912,647,2271.0,2526.0
int__tai30_20_08,1912,648,2346.0,2645.0
int__tai30_20_08,1912,649,2317.0,2614.0
int__tai30_20_08,1912,650,2297.0,2605.0
int__tai30_20_08,1912,651,2364.0,2700.0
int__tai30_20_08,1912,652,2266.0,2518.0
int__tai30_20_08,1912,653,2282.0,2573.0
int__tai30_20_08,1912,654,2247.0,2495.0
int__tai30_20_08,1912,655,2224.0,2528.0
int__tai30_20_08,1912,656,2357.0,2687.0
int__tai30_20_08,1912,657,2283.0,2568.0
int__tai30_20_08,1912,658,2203.0,2498.0
int__tai30_20_08,1912,659,2400.0,2696.0
int__tai30_20_08,1912,660,2228.0,2500.0
int__tai30_20_08,1912,661,2371.0,2642.0
int__tai30_20_08,1912,662,2323.0,2579.0
int__tai30_20_08,1912,663,2254.0,2533.0
int__tai30_20_08,1912,664,2334.0,2598.0
int__tai30_20_08,1912,665,2244.0,2485.0
int__tai30_20_08,1912,666,2321.0,2601.0
int__tai30_20_08,1912,667,2186.0,2495.0
int__tai30_20_08,1912,668,2262.0,2551.0
int__tai30_20_08,1912,669,2402.0,2699.0
int__tai30_20_08,1912,670,2244.0,2547.0
int__tai30_20_08,1912,671,2272.0,2534.0
int__tai30_20_08,1912,672,2201.0,2495.0
int__tai30_20_08,1912,673,2287.0,2563.0
int__tai30_20_08,1912,674,2233.0,2496.0
int__tai30_20_08,1912,675,2398.0,2679.0
int__tai30_20_08,1912,676,2260.0,2504.0
int__tai30_20_08,1912,677,2261.0,2555.0
int__tai30_20_08,1912,678,2224.0,2531.0
int__tai30_20_08,1912,679,2295.0,2608.0
int__tai30_20_08,1912,680,2204.0,2495.0
int__tai30_20_08,1912,681,2245.0,2548.0
int__tai30_20_08,1912,682,2249.0,2529.0
int__tai30_20_08,1912,683,2238.0,2481.0
int__tai30_20_08,1912,684,2313.0,2551.0
int__tai30_20_08,1912,685,2201.0,2480.0
int__tai30_20_08,1912,686,2354.0,2655.0
int__tai30_20_08,1912,687,2314.0,2591.0
int__tai30_20_08,1912,688,2364.0,2647.0
int__tai30_20_08,1912,689,2285.0,2531.0
int__tai30_20_08,1912,690,2388.0,2728.0
int__tai30_20_08,1912,691,2266.0,2557.0
int__tai30_20_08,1912,692,2299.0,2584.0
int__tai30_20_08,1912,693,2266.0,2558.0
int__tai30_20_08,1912,694,2336.0,2559.0
int__tai30_20_08,1912,695,2321.0,2615.0
int__tai30_20_08,1912,696,2289.0,2570.0
int__tai30_20_08,1912,697,2261.0,2513.0
int__tai30_20_08,1912,698,2250.0,2551.0
int__tai30_20_08,1912,699,2278.0,2577.0
int__tai30_20_08,1912,700,2283.0,2571.0
int__tai30_20_08,1912,701,2295.0,2618.0
int__tai30_20_08,1912,702,2185.0,2483.0
int__tai30_20_08,1912,703,2320.0,2635.0
int__tai30_20_08,1912,704,2238.0,2517.0
int__tai30_20_08,1912,705,2205.0,2504.0
int__tai30_20_08,1912,706,2282.0,2566.0
int__tai30_20_08,1912,707,2395.0,2646.0
int__tai30_20_08,1912,708,2231.0,2527.0
int__tai30_20_08,1912,709,2303.0,2625.0
int__tai30_20_08,1912,710,2249.0,2582.0
int__tai30_20_08,1912,711,2346.0,2608.0
int__tai30_20_08,1912,712,2330.0,2589.0
int__tai30_20_08,1912,713,2322.0,2620.0
int__tai30_20_08,1912,714,2328.0,2591.0
int__tai30_20_08,1912,715,2203.0,2465.0
int__tai30_20_08,1912,716,2241.0,2495.0
int__tai30_20_08,1912,717,2282.0,2508.0
int__tai30_20_08,1912,718,2339.0,2652.0
int__tai30_20_08,1912,719,2276.0,2512.0
int__tai30_20_08,1912,720,2230.0,2497.0
int__tai30_20_08,1912,721,2199.0,2478.0
int__tai30_20_08,1912,722,2285.0,2598.0
int__tai30_20_08,1912,723,2314.0,2581.0
int__tai30_20_08,1912,724,2350.0,2635.0
int__tai30_20_08,1912,725,2340.0,2670.0
int__tai30_20_08,1912,726,2264.0,2567.0
int__tai30_20_08,1912,727,2323.0,2570.0
int__tai30_20_08,1912,728,2315.0,2606.0
int__tai30_20_08,1912,729,2251.0,2536.0
int__tai30_20_08,1912,730,2322.0,2606.0
int__tai30_20_08,1912,731,2279.0,2549.0
int__tai30_20_08,1912,732,2367.0,2679.0
int__tai30_20_08,1912,733,2218.0,2526.0
int__tai30_20_08,1912,734,2247.0,2539.0
int__tai30_20_08,1912,735,2296.0,2590.0
int__tai30_20_08,1912,736,2205.0,2516.0
int__tai30_20_08,1912,737,2212.0,2490.0
int__tai30_20_08,1912,738,2375.0,2659.0
int__tai30_20_08,1912,739,2303.0,2532.0
int__tai30_20_08,1912,740,2367.0,2677.0
int__tai30_20_08,1912,741,2178.0,2473.0
int__tai30_20_08,1912,742,2267.0,2551.0
int__tai30_20_08,1912,743,2271.0,2545.0
int__tai30_20_08,1912,744,2316.0,2620.0
int__tai30_20_08,1912,745,2216.0,2503.0
int__tai30_20_08,1912,746,2318.0,2608.0
int__tai30_20_08,1912,747,2231.0,2535.0
int__tai30_20_08,1912,748,2352.0,2636.0
int__tai30_20_08,1912,749,2173.0,2449.0
int__tai30_20_08,1912,750,2316.0,2637.0
int__tai30_20_08,1912,751,2257.0,2560.0
int__tai30_20_08,1912,752,2250.0,2543.0
int__tai30_20_08,1912,753,2284.0,2559.0
int__tai30_20_08,1912,754,2220.0,2503.0
int__tai30_20_08,1912,755,2227.0,2475.0
int__tai30_20_08,1912,756,2326.0,2589.0
int__tai30_20_08,1912,757,2245.0,2537.0
int__tai30_20_08,1912,758,2273.0,2539.0
int__tai30_20_08,1912,759,2159.0,2464.0
int__tai30_20_08,1912,760,2270.0,2613.0
int__tai30_20_08,1912,761,2332.0,2613.0
int__tai30_20_08,1912,762,2323.0,2625.0
int__tai30_20_08,1912,763,2259.0,2521.0
int__tai30_20_08,1912,764,2321.0,2625.0
int__tai30_20_08,1912,765,2229.0,2528.0
int__tai30_20_08,1912,766,2323.0,2565.0
int__tai30_20_08,1912,767,2291.0,2580.0
int__tai30_20_08,1912,768,2322.0,2566.0
int__tai30_20_08,1912,769,2265.0,2520.0
int__tai30_20_08,1912,770,2194.0,2471.0
int__tai30_20_08,1912,771,2220.0,2510.0
int__tai30_20_08,1912,772,2198.0,2459.0
int__tai30_20_08,1912,773,2256.0,2543.0
int__tai30_20_08,1912,774,2225.0,2526.0
int__tai30_20_08,1912,775,2274.0,2509.0
int__tai30_20_08,1912,776,2171.0,2471.0
int__tai30_20_08,1912,777,2317.0,2581.0
int__tai30_20_08,1912,778,2261.0,2590.0
int__tai30_20_08,1912,779,2316.0,2605.0
int__tai30_20_08,1912,780,2299.0,2573.0
int__tai30_20_08,1912,781,2328.0,2598.0
int__tai30_20_08,1912,782,2224.0,2507.0
int__tai30_20_08,1912,783,2312.0,2594.0
int__tai30_20_08,1912,784,2269.0,2514.0
int__tai30_20_08,1912,785,2339.0,2640.0
int__tai30_20_08,1912,786,2255.0,2526.0
int__tai30_20_08,1912,787,2316.0,2579.0
int__tai30_20_08,1912,788,2297.0,2610.0
int__tai30_20_08,1912,789,2328.0,2615.0
int__tai30_20_08,1912,790,2198.0,2482.0
int__tai30_20_08,1912,791,2345.0,2621.0
int__tai30_20_08,1912,792,2216.0,2473.0
int__tai30_20_08,1912,793,2170.0,2429.0
int__tai30_20_08,1912,794,2217.0,2478.0
int__tai30_20_08,1912,795,2249.0,2535.0
int__tai30_20_08,1912,796,2311.0,2634.0
int__tai30_20_08,1912,797,2228.0,2531.0
int__tai30_20_08,1912,798,2283.0,2544.0
int__tai30_20_08,1912,799,2279.0,2566.0
int__tai30_20_08,1912,800,2288.0,2532.0
int__tai30_20_08,1912,801,2367.0,2673.0
int__tai30_20_08,1912,802,2295.0,2592.0
int__tai30_20_08,1912,803,2357.0,2643.0
int__tai30_20_08,1912,804,2273.0,2544.0
int__tai30_20_08,1912,805,2243.0,2523.0
int__tai30_20_08,1912,806,2230.0,2496.0
int__tai30_20_08,1912,807,2380.0,2674.0
int__tai30_20_08,1912,808,2269.0,2552.0
int__tai30_20_08,1912,809,2159.0,2424.0
int__tai30_20_08,1912,810,2244.0,2505.0
int__tai30_20_08,1912,811,2237.0,2525.0
int__tai30_20_08,1912,812,2273.0,2509.0
int__tai30_20_08,1912,813,2248.0,2529.0
int__tai30_20_08,1912,814,2224.0,2508.0
int__tai30_20_08,1912,815,2287.0,2559.0
int__tai30_20_08,1912,816,2314.0,2606.0
int__tai30_20_08,1912,817,2396.0,2670.0
int__tai30_20_08,1912,818,2434.0,2690.0
int__tai30_20_08,1912,819,2184.0,2462.0
int__tai30_20_08,1912,820,2257.0,2548.0
int__tai30_20_08,1912,821,2488.0,2787.0
int__tai30_20_08,1912,822,2319.0,2634.0
int__tai30_20_08,1912,823,2380.0,2716.0
int__tai30_20_08,1912,824,2312.0,2564.0
int__tai30_20_08,1912,825,2282.0,2561.0
int__tai30_20_08,1912,826,2236.0,2524.0
int__tai30_20_08,1912,827,2286.0,2596.0
int__tai30_20_08,1912,828,2285.0,2585.0
int__tai30_20_08,1912,829,2252.0,2563.0
int__tai30_20_08,1912,830,2283.0,2590.0
int__tai30_20_08,1912,831,2280.0,2590.0
int__tai30_20_08,1912,832,2341.0,2643.0
int__tai30_20_08,1912,833,2304.0,2575.0
int__tai30_20_08,1912,834,2254.0,2536.0
int__tai30_20_08,1912,835,2316.0,2584.0
int__tai30_20_08,1912,836,2245.0,2549.0
int__tai30_20_08,1912,837,2320.0,2615.0
int__tai30_20_08,1912,838,2263.0,2526.0
int__tai30_20_08,1912,839,2315.0,2616.0
int__tai30_20_08,1912,840,2341.0,2653.0
int__tai30_20_08,1912,841,2240.0,2530.0
int__tai30_20_08,1912,842,2233.0,2509.0
int__tai30_20_08,1912,843,2210.0,2517.0
int__tai30_20_08,1912,844,2256.0,2530.0
int__tai30_20_08,1912,845,2244.0,2514.0
int__tai30_20_08,1912,846,2189.0,2483.0
int__tai30_20_08,1912,847,2260.0,2532.0
int__tai30_20_08,1912,848,2326.0,2593.0
int__tai30_20_08,1912,849,2252.0,2539.0
int__tai30_20_08,1912,850,2308.0,2603.0
int__tai30_20_08,1912,851,2282.0,2541.0
int__tai30_20_08,1912,852,2185.0,2466.0
int__tai30_20_08,1912,853,2297.0,2574.0
int__tai30_20_08,1912,854,2373.0,2660.0
int__tai30_20_08,1912,855,2277.0,2589.0
int__tai30_20_08,1912,856,2307.0,2576.0
int__tai30_20_08,1912,857,2250.0,2533.0
int__tai30_20_08,1912,858,2233.0,2507.0
int__tai30_20_08,1912,859,2283.0,2568.0
int__tai30_20_08,1912,860,2294.0,2559.0
int__tai30_20_08,1912,861,2255.0,2532.0
int__tai30_20_08,1912,862,2221.0,2517.0
int__tai30_20_08,1912,863,2307.0,2564.0
int__tai30_20_08,1912,864,2278.0,2549.0
int__tai30_20_08,1912,865,2276.0,2556.0
int__tai30_20_08,1912,866,2246.0,2527.0
int__tai30_20_08,1912,867,2194.0,2477.0
int__tai30_20_08,1912,868,2332.0,2614.0
int__tai30_20_08,1912,869,2323.0,2613.0
int__tai30_20_08,1912,870,2343.0,2634.0
int__tai30_20_08,1912,871,2256.0,2546.0
int__tai30_20_08,1912,872,2227.0,2517.0
int__tai30_20_08,1912,873,2249.0,2516.0
int__tai30_20_08,1912,874,2276.0,2568.0
int__tai30_20_08,1912,875,2262.0,2502.0
int__tai30_20_08,1912,876,2227.0,2491.0
int__tai30_20_08,1912,877,2306.0,2593.0
int__tai30_20_08,1912,878,2347.0,2641.0
int__tai30_20_08,1912,879,2252.0,2507.0
int__tai30_20_08,1912,880,2399.0,2733.0
int__tai30_20_08,1912,881,2391.0,2661.0
int__tai30_20_08,1912,882,2233.0,2498.0
int__tai30_20_08,1912,883,2281.0,2576.0
int__tai30_20_08,1912,884,2159.0,2454.0
int__tai30_20_08,1912,885,2304.0,2556.0
int__tai30_20_08,1912,886,2195.0,2489.0
int__tai30_20_08,1912,887,2230.0,2525.0
int__tai30_20_08,1912,888,2296.0,2643.0
int__tai30_20_08,1912,889,2227.0,2515.0
int__tai30_20_08,1912,890,2177.0,2461.0
int__tai30_20_08,1912,891,2293.0,2559.0
int__tai30_20_08,1912,892,2295.0,2582.0
int__tai30_20_08,1912,893,2254.0,2549.0
int__tai30_20_08,1912,894,2203.0,2465.0
int__tai30_20_08,1912,895,2280.0,2540.0
int__tai30_20_08,1912,896,2305.0,2606.0
int__tai30_20_08,1912,897,2233.0,2504.0
int__tai30_20_08,1912,898,2244.0,2498.0
int__tai30_20_08,1912,899,2332.0,2641.0
int__tai30_20_08,1912,900,2310.0,2563.0
int__tai30_20_08,1912,901,2257.0,2533.0
int__tai30_20_08,1912,902,2344.0,2632.0
int__tai30_20_08,1912,903,2305.0,2595.0
int__tai30_20_08,1912,904,2261.0,2539.0
int__tai30_20_08,1912,905,2183.0,2483.0
int__tai30_20_08,1912,906,2272.0,2559.0
int__tai30_20_08,1912,907,2223.0,2527.0
int__tai30_20_08,1912,908,2305.0,2536.0
int__tai30_20_08,1912,909,2204.0,2524.0
int__tai30_20_08,1912,910,2236.0,2503.0
int__tai30_20_08,1912,911,2301.0,2551.0
int__tai30_20_08,1912,912,2305.0,2577.0
int__tai30_20_08,1912,913,2364.0,2666.0
int__tai30_20_08,1912,914,2218.0,2511.0
int__tai30_20_08,1912,915,2355.0,2645.0
int__tai30_20_08,1912,916,2370.0,2645.0
int__tai30_20_08,1912,917,2437.0,2713.0
int__tai30_20_08,1912,918,2189.0,2481.0
int__tai30_20_08,1912,919,2311.0,2556.0
int__tai30_20_08,1912,920,2248.0,2509.0
int__tai30_20_08,1912,921,2236.0,2500.0
int__tai30_20_08,1912,922,2386.0,2726.0
int__tai30_20_08,1912,923,2265.0,2589.0
int__tai30_20_08,1912,924,2270.0,2553.0
int__tai30_20_08,1912,925,2316.0,2553.0
int__tai30_20_08,1912,926,2273.0,2554.0
int__tai30_20_08,1912,927,2321.0,2585.0
int__tai30_20_08,1912,928,2287.0,2583.0
int__tai30_20_08,1912,929,2250.0,2573.0
int__tai30_20_08,1912,930,2234.0,2509.0
int__tai30_20_08,1912,931,2328.0,2646.0
int__tai30_20_08,1912,932,2171.0,2482.0
int__tai30_20_08,1912,933,2233.0,2509.0
int__tai30_20_08,1912,934,2303.0,2578.0
int__tai30_20_08,1912,935,2344.0,2624.0
int__tai30_20_08,1912,936,2248.0,2535.0
int__tai30_20_08,1912,937,2226.0,2486.0
int__tai30_20_08,1912,938,2206.0,2528.0
int__tai30_20_08,1912,939,2209.0,2496.0
int__tai30_20_08,1912,940,2242.0,2510.0
int__tai30_20_08,1912,941,2181.0,2454.0
int__tai30_20_08,1912,942,2334.0,2632.0
int__tai30_20_08,1912,943,2311.0,2595.0
int__tai30_20_08,1912,944,2431.0,2727.0
int__tai30_20_08,1912,945,2194.0,2471.0
int__tai30_20_08,1912,946,2299.0,2584.0
int__tai30_20_08,1912,947,2295.0,2610.0
int__tai30_20_08,1912,948,2272.0,2522.0
int__tai30_20_08,1912,949,2260.0,2528.0
int__tai30_20_08,1912,950,2233.0,2500.0
int__tai30_20_08,1912,951,2312.0,2643.0
int__tai30_20_08,1912,952,2253.0,2545.0
int__tai30_20_08,1912,953,2227.0,2505.0
int__tai30_20_08,1912,954,2203.0,2493.0
int__tai30_20_08,1912,955,2268.0,2548.0
int__tai30_20_08,1912,956,2289.0,2558.0
int__tai30_20_08,1912,957,2305.0,2601.0
int__tai30_20_08,1912,958,2288.0,2581.0
int__tai30_20_08,1912,959,2257.0,2522.0
int__tai30_20_08,1912,960,2248.0,2553.0
int__tai30_20_08,1912,961,2217.0,2478.0
int__tai30_20_08,1912,962,2384.0,2657.0
int__tai30_20_08,1912,963,2360.0,2602.0
int__tai30_20_08,1912,964,2285.0,2533.0
int__tai30_20_08,1912,965,2269.0,2589.0
int__tai30_20_08,1912,966,2274.0,2554.0
int__tai30_20_08,1912,967,2233.0,2507.0
int__tai30_20_08,1912,968,2406.0,2700.0
int__tai30_20_08,1912,969,2359.0,2648.0
int__tai30_20_08,1912,970,2259.0,2566.0
int__tai30_20_08,1912,971,2280.0,2549.0
int__tai30_20_08,1912,972,2260.0,2537.0
int__tai30_20_08,1912,973,2289.0,2581.0
int__tai30_20_08,1912,974,2270.0,2550.0
int__tai30_20_08,1912,975,2311.0,2584.0
int__tai30_20_08,1912,976,2310.0,2645.0
int__tai30_20_08,1912,977,2395.0,2705.0
int__tai30_20_08,1912,978,2201.0,2471.0
int__tai30_20_08,1912,979,2280.0,2599.0
int__tai30_20_08,1912,980,2231.0,2520.0
int__tai30_20_08,1912,981,2216.0,2472.0
int__tai30_20_08,1912,982,2280.0,2562.0
int__tai30_20_08,1912,983,2235.0,2524.0
int__tai30_20_08,1912,984,2309.0,2578.0
int__tai30_20_08,1912,985,2273.0,2507.0
int__tai30_20_08,1912,986,2319.0,2605.0
int__tai30_20_08,1912,987,2260.0,2493.0
int__tai30_20_08,1912,988,2208.0,2510.0
int__tai30_20_08,1912,989,2222.0,2506.0
int__tai30_20_08,1912,990,2278.0,2529.0
int__tai30_20_08,1912,991,2223.0,2515.0
int__tai30_20_08,1912,992,2257.0,2522.0
int__tai30_20_08,1912,993,2247.0,2521.0
int__tai30_20_08,1912,994,2244.0,2522.0
int__tai30_20_08,1912,995,2238.0,2503.0
int__tai30_20_08,1912,996,2355.0,2678.0
int__tai30_20_08,1912,997,2253.0,2497.0
int__tai30_20_08,1912,998,2218.0,2518.0
int__tai30_20_08,1912,999,2359.0,2706.0
int__tai30_20_08,1912,1000,2226.0,2520.0
int__tai30_20_08,1912,1001,2229.0,2479.0
int__tai30_20_08,1912,1002,2323.0,2669.0
int__tai30_20_08,1912,1003,2281.0,2563.0
int__tai30_20_08,1912,1004,2302.0,2618.0
int__tai30_20_08,1912,1005,2293.0,2618.0
int__tai30_20_08,1912,1006,2388.0,2669.0
int__tai30_20_08,1912,1007,2273.0,2534.0
int__tai30_20_08,1912,1008,2259.0,2514.0
int__tai30_20_08,1912,1009,2373.0,2682.0
int__tai30_20_08,1912,1010,2379.0,2686.0
int__tai30_20_08,1912,1011,2290.0,2589.0
int__tai30_20_08,1912,1012,2229.0,2464.0
int__tai30_20_08,1912,1013,2296.0,2595.0
int__tai30_20_08,1912,1014,2282.0,2544.0
int__tai30_20_08,1912,1015,2273.0,2562.0
int__tai30_20_08,1912,1016,2279.0,2580.0
int__tai30_20_08,1912,1017,2248.0,2552.0
int__tai30_20_08,1912,1018,2239.0,2522.0
int__tai30_20_08,1912,1019,2145.0,2417.0
int__tai30_20_08,1912,1020,2203.0,2480.0
int__tai30_20_08,1912,1021,2209.0,2447.0
int__tai30_20_08,1912,1022,2356.0,2661.0
int__tai30_20_08,1912,1023,2331.0,2637.0
int__tai50_15_04,2839,0,2867.0,3277.0
int__tai50_15_04,2839,1,2921.0,3315.0
int__tai50_15_04,2839,2,3006.0,3477.0
int__tai50_15_04,2839,3,2873.0,3325.0
int__tai50_15_04,2839,4,2942.0,3327.0
int__tai50_15_04,2839,5,2958.0,3442.0
int__tai50_15_04,2839,6,2946.0,3350.0
int__tai50_15_04,2839,7,2926.0,3388.0
int__tai50_15_04,2839,8,2835.0,3289.0
int__tai50_15_04,2839,9,2875.0,3319.0
int__tai50_15_04,2839,10,2923.0,3393.0
int__tai50_15_04,2839,11,2880.0,3312.0
int__tai50_15_04,2839,12,2829.0,3275.0
int__tai50_15_04,2839,13,2835.0,3248.0
int__tai50_15_04,2839,14,2890.0,3310.0
int__tai50_15_04,2839,15,2852.0,3268.0
int__tai50_15_04,2839,16,2864.0,3334.0
int__tai50_15_04,2839,17,2872.0,3322.0
int__tai50_15_04,2839,18,2862.0,3317.0
int__tai50_15_04,2839,19,2878.0,3308.0
int__tai50_15_04,2839,20,3056.0,3504.0
int__tai50_15_04,2839,21,2891.0,3273.0
int__tai50_15_04,2839,22,2902.0,3339.0
int__tai50_15_04,2839,23,2918.0,3397.0
int__tai50_15_04,2839,24,2899.0,3334.0
int__tai50_15_04,2839,25,2964.0,3388.0
int__tai50_15_04,2839,26,2935.0,3368.0
int__tai50_15_04,2839,27,2895.0,3344.0
int__tai50_15_04,2839,28,2885.0,3307.0
int__tai50_15_04,2839,29,2916.0,3369.0
int__tai50_15_04,2839,30,2915.0,3327.0
int__tai50_15_04,2839,31,2879.0,3322.0
int__tai50_15_04,2839,32,2918.0,3378.0
int__tai50_15_04,2839,33,2929.0,3383.0
int__tai50_15_04,2839,34,2905.0,3338.0
int__tai50_15_04,2839,35,2881.0,3312.0
int__tai50_15_04,2839,36,2917.0,3369.0
int__tai50_15_04,2839,37,2927.0,3394.0
int__tai50_15_04,2839,38,2825.0,3268.0
int__tai50_15_04,2839,39,2848.0,3312.0
int__tai50_15_04,2839,40,2894.0,3327.0
int__tai50_15_04,2839,41,2978.0,3387.0
int__tai50_15_04,2839,42,2929.0,3425.0
int__tai50_15_04,2839,43,2982.0,3400.0
int__tai50_15_04,2839,44,2988.0,3392.0
int__tai50_15_04,2839,45,2913.0,3373.0
int__tai50_15_04,2839,46,2823.0,3257.0
int__tai50_15_04,2839,47,2937.0,3397.0
int__tai50_15_04,2839,48,2862.0,3339.0
int__tai50_15_04,2839,49,2908.0,3316.0
int__tai50_15_04,2839,50,2935.0,3376.0
int__tai50_15_04,2839,51,2929.0,3381.0
int__tai50_15_04,2839,52,2907.0,3321.0
int__tai50_15_04,2839,53,2878.0,3325.0
int__tai50_15_04,2839,54,2953.0,3407.0
int__tai50_15_04,2839,55,2897.0,3326.0
int__tai50_15_04,2839,56,2843.0,3308.0
int__tai50_15_04,2839,57,2894.0,3364.0
int__tai50_15_04,2839,58,2993.0,3412.0
int__tai50_15_04,2839,59,2932.0,3338.0
int__tai50_15_04,2839,60,2938.0,3375.0
int__tai50_15_04,2839,61,2893.0,3343.0
int__tai50_15_04,2839,62,2919.0,3342.0
int__tai50_15_04,2839,63,2866.0,3291.0
int__tai50_15_04,2839,64,2805.0,3269.0
int__tai50_15_04,2839,65,2857.0,3251.0
int__tai50_15_04,2839,66,2964.0,3379.0
int__tai50_15_04,2839,67,2911.0,3322.0
int__tai50_15_04,2839,68,2890.0,3347.0
int__tai50_15_04,2839,69,2909.0,3342.0
int__tai50_15_04,2839,70,2957.0,3424.0
int__tai50_15_04,2839,71,2898.0,3357.0
int__tai50_15_04,2839,72,2881.0,3347.0
int__tai50_15_04,2839,73,2964.0,3415.0
int__tai50_15_04,2839,74,2923.0,3372.0
int__tai50_15_04,2839,75,3009.0,3452.0
int__tai50_15_04,2839,76,2958.0,3425.0
int__tai50_15_04,2839,77,2914.0,3369.0
int__tai50_15_04,2839,78,2884.0,3312.0
int__tai50_15_04,2839,79,2936.0,3353.0
int__tai50_15_04,2839,80,2984.0,3454.0
int__tai50_15_04,2839,81,2952.0,3385.0
int__tai50_15_04,2839,82,2862.0,3311.0
int__tai50_15_04,2839,83,2892.0,3320.0
int__tai50_15_04,2839,84,2890.0,3324.0
int__tai50_15_04,2839,85,2872.0,3310.0
int__tai50_15_04,2839,86,2857.0,3285.0
int__tai50_15_04,2839,87,2989.0,3440.0
int__tai50_15_04,2839,88,2831.0,3281.0
int__tai50_15_04,2839,89,3005.0,3461.0
int__tai50_15_04,2839,90,2954.0,3379.0
int__tai50_15_04,2839,91,2860.0,3265.0
int__tai50_15_04,2839,92,2886.0,3306.0
int__tai50_15_04,2839,93,2798.0,3261.0
int__tai50_15_04,2839,94,2848.0,3287.0
int__tai50_15_04,2839,95,2918.0,3354.0
int__tai50_15_04,2839,96,2881.0,3280.0
int__tai50_15_04,2839,97,2873.0,3332.0
int__tai50_15_04,2839,98,2972.0,3365.0
int__tai50_15_04,2839,99,2933.0,3356.0
int__tai50_15_04,2839,100,2825.0,3266.0
int__tai50_15_04,2839,101,2881.0,3329.0
int__tai50_15_04,2839,102,2835.0,3255.0
int__tai50_15_04,2839,103,2919.0,3374.0
int__tai50_15_04,2839,104,2895.0,3350.0
int__tai50_15_04,2839,105,2882.0,3315.0
int__tai50_15_04,2839,106,2853.0,3310.0
int__tai50_15_04,2839,107,2995.0,3492.0
int__tai50_15_04,2839,108,2866.0,3261.0
int__tai50_15_04,2839,109,2942.0,3376.0
int__tai50_15_04,2839,110,2932.0,3343.0
int__tai50_15_04,2839,111,2950.0,3376.0
int__tai50_15_04,2839,112,3010.0,3442.0
int__tai50_15_04,2839,113,2966.0,3392.0
int__tai50_15_04,2839,114,2953.0,3389.0
int__tai50_15_04,2839,115,2875.0,3328.0
int__tai50_15_04,2839,116,2842.0,3305.0
int__tai50_15_04,2839,117,2935.0,3375.0
int__tai50_15_04,2839,118,2843.0,3255.0
int__tai50_15_04,2839,119,2857.0,3282.0
int__tai50_15_04,2839,120,2874.0,3315.0
int__tai50_15_04,2839,121,2917.0,3392.0
int__tai50_15_04,2839,122,3028.0,3476.0
int__tai50_15_04,2839,123,2883.0,3336.0
int__tai50_15_04,2839,124,2852.0,3310.0
int__tai50_15_04,2839,125,2865.0,3330.0
int__tai50_15_04,2839,126,2963.0,3413.0
int__tai50_15_04,2839,127,2974.0,3411.0
int__tai50_15_04,2839,128,2862.0,3285.0
int__tai50_15_04,2839,129,2857.0,3298.0
int__tai50_15_04,2839,130,2851.0,3307.0
int__tai50_15_04,2839,131,2836.0,3289.0
int__tai50_15_04,2839,132,2892.0,3332.0
int__tai50_15_04,2839,133,2849.0,3250.0
int__tai50_15_04,2839,134,2895.0,3333.0
int__tai50_15_04,2839,135,2843.0,3281.0
int__tai50_15_04,2839,136,3013.0,3466.0
int__tai50_15_04,2839,137,2902.0,3368.0
int__tai50_15_04,2839,138,2855.0,3318.0
int__tai50_15_04,2839,139,2952.0,3410.0
int__tai50_15_04,2839,140,2862.0,3299.0
int__tai50_15_04,2839,141,3026.0,3464.0
int__tai50_15_04,2839,142,2883.0,3335.0
int__tai50_15_04,2839,143,2942.0,3390.0
int__tai50_15_04,2839,144,2942.0,3404.0
int__tai50_15_04,2839,145,2967.0,3354.0
int__tai50_15_04,2839,146,2888.0,3322.0
int__tai50_15_04,2839,147,2879.0,3308.0
int__tai50_15_04,2839,148,2821.0,3224.0
int__tai50_15_04,2839,149,2963.0,3407.0
int__tai50_15_04,2839,150,2901.0,3348.0
int__tai50_15_04,2839,151,3083.0,3506.0
int__tai50_15_04,2839,152,2989.0,3448.0
int__tai50_15_04,2839,153,2975.0,3399.0
int__tai50_15_04,2839,154,2806.0,3247.0
int__tai50_15_04,2839,155,2901.0,3294.0
int__tai50_15_04,2839,156,2850.0,3271.0
int__tai50_15_04,2839,157,2936.0,3375.0
int__tai50_15_04,2839,158,2884.0,3326.0
int__tai50_15_04,2839,159,2802.0,3219.0
int__tai50_15_04,2839,160,2861.0,3322.0
int__tai50_15_04,2839,161,2833.0,3246.0
int__tai50_15_04,2839,162,2914.0,3366.0
int__tai50_15_04,2839,163,2866.0,3294.0
int__tai50_15_04,2839,164,3005.0,3467.0
int__tai50_15_04,2839,165,2945.0,3409.0
int__tai50_15_04,2839,166,2910.0,3352.0
int__tai50_15_04,2839,167,2972.0,3438.0
int__tai50_15_04,2839,168,2942.0,3409.0
int__tai50_15_04,2839,169,2928.0,3346.0
int__tai50_15_04,2839,170,2920.0,3284.0
int__tai50_15_04,2839,171,2923.0,3349.0
int__tai50_15_04,2839,172,2992.0,3427.0
int__tai50_15_04,2839,173,2966.0,3438.0
int__tai50_15_04,2839,174,2868.0,3283.0
int__tai50_15_04,2839,175,2820.0,3289.0
int__tai50_15_04,2839,176,2906.0,3356.0
int__tai50_15_04,2839,177,2868.0,3305.0
int__tai50_15_04,2839,178,2942.0,3359.0
int__tai50_15_04,2839,179,3042.0,3501.0
int__tai50_15_04,2839,180,2962.0,3440.0
int__tai50_15_04,2839,181,2859.0,3311.0
int__tai50_15_04,2839,182,2961.0,3358.0
int__tai50_15_04,2839,183,2866.0,3347.0
int__tai50_15_04,2839,184,2806.0,3225.0
int__tai50_15_04,2839,185,3033.0,3498.0
int__tai50_15_04,2839,186,2863.0,3332.0
int__tai50_15_04,2839,187,2824.0,3284.0
int__tai50_15_04,2839,188,3026.0,3444.0
int__tai50_15_04,2839,189,2829.0,3307.0
int__tai50_15_04,2839,190,2937.0,3386.0
int__tai50_15_04,2839,191,2909.0,3339.0
int__tai50_15_04,2839,192,2879.0,3332.0
int__tai50_15_04,2839,193,2856.0,3303.0
int__tai50_15_04,2839,194,2842.0,3301.0
int__tai50_15_04,2839,195,2824.0,3274.0
int__tai50_15_04,2839,196,2879.0,3328.0
int__tai50_15_04,2839,197,2881.0,3307.0
int__tai50_15_04,2839,198,2933.0,3341.0
int__tai50_15_04,2839,199,2834.0,3250.0
int__tai50_15_04,2839,200,2930.0,3384.0
int__tai50_15_04,2839,201,2898.0,3368.0
int__tai50_15_04,2839,202,2863.0,3314.0
int__tai50_15_04,2839,203,2908.0,3352.0
int__tai50_15_04,2839,204,2942.0,3393.0
int__tai50_15_04,2839,205,2990.0,3490.0
int__tai50_15_04,2839,206,2898.0,3331.0
int__tai50_15_04,2839,207,2848.0,3278.0
int__tai50_15_04,2839,208,2868.0,3281.0
int__tai50_15_04,2839,209,2856.0,3253.0
int__tai50_15_04,2839,210,2910.0,3348.0
int__tai50_15_04,2839,211,2893.0,3274.0
int__tai50_15_04,2839,212,2957.0,3417.0
int__tai50_15_04,2839,213,2869.0,3304.0
int__tai50_15_04,2839,214,2854.0,3284.0
int__tai50_15_04,2839,215,2865.0,3320.0
int__tai50_15_04,2839,216,2987.0,3423.0
int__tai50_15_04,2839,217,2899.0,3357.0
int__tai50_15_04,2839,218,2852.0,3271.0
int__tai50_15_04,2839,219,2918.0,3295.0
int__tai50_15_04,2839,220,2918.0,3377.0
int__tai50_15_04,2839,221,2897.0,3275.0
int__tai50_15_04,2839,222,2868.0,3280.0
int__tai50_15_04,2839,223,2889.0,3338.0
int__tai50_15_04,2839,224,2996.0,3477.0
int__tai50_15_04,2839,225,2941.0,3417.0
int__tai50_15_04,2839,226,2837.0,3274.0
int__tai50_15_04,2839,227,2891.0,3355.0
int__tai50_15_04,2839,228,2825.0,3246.0
int__tai50_15_04,2839,229,2928.0,3395.0
int__tai50_15_04,2839,230,2939.0,3361.0
int__tai50_15_04,2839,231,2817.0,3294.0
int__tai50_15_04,2839,232,2906.0,3355.0
int__tai50_15_04,2839,233,2862.0,3284.0
int__tai50_15_04,2839,234,2841.0,3278.0
int__tai50_15_04,2839,235,2854.0,3310.0
int__tai50_15_04,2839,236,2863.0,3293.0
int__tai50_15_04,2839,237,2847.0,3291.0
int__tai50_15_04,2839,238,2866.0,3314.0
int__tai50_15_04,2839,239,2937.0,3372.0
int__tai50_15_04,2839,240,2935.0,3425.0
int__tai50_15_04,2839,241,2812.0,3236.0
int__tai50_15_04,2839,242,2864.0,3308.0
int__tai50_15_04,2839,243,2899.0,3303.0
int__tai50_15_04,2839,244,2854.0,3311.0
int__tai50_15_04,2839,245,2900.0,3311.0
int__tai50_15_04,2839,246,2847.0,3274.0
int__tai50_15_04,2839,247,2941.0,3365.0
int__tai50_15_04,2839,248,2876.0,3330.0
int__tai50_15_04,2839,249,2913.0,3335.0
int__tai50_15_04,2839,250,2940.0,3397.0
int__tai50_15_04,2839,251,2892.0,3318.0
int__tai50_15_04,2839,252,2846.0,3278.0
int__tai50_15_04,2839,253,2934.0,3394.0
int__tai50_15_04,2839,254,2894.0,3341.0
int__tai50_15_04,2839,255,2863.0,3299.0
int__tai50_15_04,2839,256,2892.0,3328.0
int__tai50_15_04,2839,257,2968.0,3405.0
int__tai50_15_04,2839,258,2865.0,3308.0
int__tai50_15_04,2839,259,2832.0,3284.0
int__tai50_15_04,2839,260,2969.0,3435.0
int__tai50_15_04,2839,261,2818.0,3244.0
int__tai50_15_04,2839,262,2948.0,3381.0
int__tai50_15_04,2839,263,2823.0,3264.0
int__tai50_15_04,2839,264,2957.0,3393.0
int__tai50_15_04,2839,265,2928.0,3386.0
int__tai50_15_04,2839,266,2957.0,3395.0
int__tai50_15_04,2839,267,2907.0,3340.0
int__tai50_15_04,2839,268,2883.0,3310.0
int__tai50_15_04,2839,269,2908.0,3328.0
int__tai50_15_04,2839,270,2959.0,3453.0
int__tai50_15_04,2839,271,2893.0,3346.0
int__tai50_15_04,2839,272,2827.0,3295.0
int__tai50_15_04,2839,273,2819.0,3271.0
int__tai50_15_04,2839,274,2927.0,3368.0
int__tai50_15_04,2839,275,2874.0,3292.0
int__tai50_15_04,2839,276,2825.0,3282.0
int__tai50_15_04,2839,277,2972.0,3410.0
int__tai50_15_04,2839,278,2826.0,3295.0
int__tai50_15_04,2839,279,2998.0,3451.0
int__tai50_15_04,2839,280,2909.0,3383.0
int__tai50_15_04,2839,281,2953.0,3405.0
int__tai50_15_04,2839,282,2829.0,3243.0
int__tai50_15_04,2839,283,2924.0,3376.0
int__tai50_15_04,2839,284,2904.0,3320.0
int__tai50_15_04,2839,285,2864.0,3322.0
int__tai50_15_04,2839,286,2922.0,3380.0
int__tai50_15_04,2839,287,2915.0,3378.0
int__tai50_15_04,2839,288,2864.0,3319.0
int__tai50_15_04,2839,289,2873.0,3305.0
int__tai50_15_04,2839,290,2962.0,3390.0
int__tai50_15_04,2839,291,2988.0,3431.0
int__tai50_15_04,2839,292,2874.0,3333.0
int__tai50_15_04,2839,293,2902.0,3345.0
int__tai50_15_04,2839,294,2879.0,3317.0
int__tai50_15_04,2839,295,2926.0,3362.0
int__tai50_15_04,2839,296,2987.0,3419.0
int__tai50_15_04,2839,297,2947.0,3388.0
int__tai50_15_04,2839,298,2901.0,3323.0
int__tai50_15_04,2839,299,2855.0,3307.0
int__tai50_15_04,2839,300,2924.0,3382.0
int__tai50_15_04,2839,301,2899.0,3337.0
int__tai50_15_04,2839,302,2961.0,3411.0
int__tai50_15_04,2839,303,2852.0,3298.0
int__tai50_15_04,2839,304,2879.0,3322.0
int__tai50_15_04,2839,305,2928.0,3368.0
int__tai50_15_04,2839,306,2886.0,3273.0
int__tai50_15_04,2839,307,2867.0,3297.0
int__tai50_15_04,2839,308,2934.0,3400.0
int__tai50_15_04,2839,309,2847.0,3276.0
int__tai50_15_04,2839,310,2905.0,3355.0
int__tai50_15_04,2839,311,2886.0,3334.0
int__tai50_15_04,2839,312,2910.0,3347.0
int__tai50_15_04,2839,313,2949.0,3401.0
int__tai50_15_04,2839,314,2929.0,3302.0
int__tai50_15_04,2839,315,2877.0,3349.0
int__tai50_15_04,2839,316,2961.0,3395.0
int__tai50_15_04,2839,317,2894.0,3319.0
int__tai50_15_04,2839,318,2846.0,3284.0
int__tai50_15_04,2839,319,2995.0,3433.0
int__tai50_15_04,2839,320,2962.0,3418.0
int__tai50_15_04,2839,321,2858.0,3322.0
int__tai50_15_04,2839,322,2793.0,3261.0
int__tai50_15_04,2839,323,2900.0,3368.0
int__tai50_15_04,2839,324,2940.0,3375.0
int__tai50_15_04,2839,325,2884.0,3338.0
int__tai50_15_04,2839,326,2888.0,3339.0
int__tai50_15_04,2839,327,2968.0,3377.0
int__tai50_15_04,2839,328,2945.0,3373.0
int__tai50_15_04,2839,329,2885.0,3297.0
int__tai50_15_04,2839,330,2938.0,3394.0
int__tai50_15_04,2839,331,2989.0,3401.0
int__tai50_15_04,2839,332,2981.0,3424.0
int__tai50_15_04,2839,333,2868.0,3340.0
int__tai50_15_04,2839,334,2837.0,3302.0
int__tai50_15_04,2839,335,2862.0,3299.0
int__tai50_15_04,2839,336,3005.0,3444.0
int__tai50_15_04,2839,337,2842.0,3278.0
int__tai50_15_04,2839,338,2900.0,3319.0
int__tai50_15_04,2839,339,2880.0,3308.0
int__tai50_15_04,2839,340,2885.0,3303.0
int__tai50_15_04,2839,341,2860.0,3313.0
int__tai50_15_04,2839,342,2957.0,3415.0
int__tai50_15_04,2839,343,2900.0,3361.0
int__tai50_15_04,2839,344,2881.0,3332.0
int__tai50_15_04,2839,345,2926.0,3358.0
int__tai50_15_04,2839,346,2888.0,3309.0
int__tai50_15_04,2839,347,2917.0,3354.0
int__tai50_15_04,2839,348,2894.0,3325.0
int__tai50_15_04,2839,349,2926.0,3387.0
int__tai50_15_04,2839,350,2888.0,3317.0
int__tai50_15_04,2839,351,2882.0,3327.0
int__tai50_15_04,2839,352,2865.0,3293.0
int__tai50_15_04,2839,353,2886.0,3320.0
int__tai50_15_04,2839,354,2978.0,3380.0
int__tai50_15_04,2839,355,2911.0,3329.0
int__tai50_15_04,2839,356,2906.0,3338.0
int__tai50_15_04,2839,357,2831.0,3249.0
int__tai50_15_04,2839,358,2868.0,3307.0
int__tai50_15_04,2839,359,2902.0,3320.0
int__tai50_15_04,2839,360,2864.0,3309.0
int__tai50_15_04,2839,361,2862.0,3338.0
int__tai50_15_04,2839,362,2863.0,3317.0
int__tai50_15_04,2839,363,2918.0,3379.0
int__tai50_15_04,2839,364,2915.0,3360.0
int__tai50_15_04,2839,365,3011.0,3492.0
int__tai50_15_04,2839,366,3003.0,3442.0
int__tai50_15_04,2839,367,2839.0,3294.0
int__tai50_15_04,2839,368,2906.0,3358.0
int__tai50_15_04,2839,369,2907.0,3300.0
int__tai50_15_04,2839,370,2919.0,3333.0
int__tai50_15_04,2839,371,2923.0,3382.0
int__tai50_15_04,2839,372,2913.0,3333.0
int__tai50_15_04,2839,373,2994.0,3366.0
int__tai50_15_04,2839,374,2932.0,3383.0
int__tai50_15_04,2839,375,3033.0,3476.0
int__tai50_15_04,2839,376,2904.0,3362.0
int__tai50_15_04,2839,377,2918.0,3383.0
int__tai50_15_04,2839,378,2947.0,3424.0
int__tai50_15_04,2839,379,2869.0,3302.0
int__tai50_15_04,2839,380,2856.0,3307.0
int__tai50_15_04,2839,381,2884.0,3306.0
int__tai50_15_04,2839,382,2846.0,3280.0
int__tai50_15_04,2839,383,2820.0,3234.0
int__tai50_15_04,2839,384,3024.0,3501.0
int__tai50_15_04,2839,385,2920.0,3376.0
int__tai50_15_04,2839,386,2907.0,3316.0
int__tai50_15_04,2839,387,2893.0,3334.0
int__tai50_15_04,2839,388,2865.0,3284.0
int__tai50_15_04,2839,389,3078.0,3522.0
int__tai50_15_04,2839,390,2918.0,3406.0
int__tai50_15_04,2839,391,2878.0,3278.0
int__tai50_15_04,2839,392,2927.0,3380.0
int__tai50_15_04,2839,393,2875.0,3317.0
int__tai50_15_04,2839,394,2818.0,3267.0
int__tai50_15_04,2839,395,2881.0,3322.0
int__tai50_15_04,2839,396,2915.0,3379.0
int__tai50_15_04,2839,397,2895.0,3341.0
int__tai50_15_04,2839,398,2936.0,3380.0
int__tai50_15_04,2839,399,2859.0,3311.0
int__tai50_15_04,2839,400,2881.0,3359.0
int__tai50_15_04,2839,401,2947.0,3409.0
int__tai50_15_04,2839,402,2935.0,3340.0
int__tai50_15_04,2839,403,2875.0,3289.0
int__tai50_15_04,2839,404,2867.0,3309.0
int__tai50_15_04,2839,405,2855.0,3328.0
int__tai50_15_04,2839,406,2834.0,3247.0
int__tai50_15_04,2839,407,2905.0,3357.0
int__tai50_15_04,2839,408,2898.0,3355.0
int__tai50_15_04,2839,409,2875.0,3292.0
int__tai50_15_04,2839,410,2887.0,3288.0
int__tai50_15_04,2839,411,2883.0,3327.0
int__tai50_15_04,2839,412,3002.0,3468.0
int__tai50_15_04,2839,413,2928.0,3406.0
int__tai50_15_04,2839,414,2816.0,3291.0
int__tai50_15_04,2839,415,2958.0,3397.0
int__tai50_15_04,2839,416,2914.0,3386.0
int__tai50_15_04,2839,417,2914.0,3315.0
int__tai50_15_04,2839,418,2832.0,3247.0
int__tai50_15_04,2839,419,2810.0,3272.0
int__tai50_15_04,2839,420,2944.0,3376.0
int__tai50_15_04,2839,421,2872.0,3279.0
int__tai50_15_04,2839,422,2966.0,3419.0
int__tai50_15_04,2839,423,2986.0,3466.0
int__tai50_15_04,2839,424,3013.0,3507.0
int__tai50_15_04,2839,425,2870.0,3299.0
int__tai50_15_04,2839,426,2875.0,3318.0
int__tai50_15_04,2839,427,2918.0,3374.0
int__tai50_15_04,2839,428,3018.0,3451.0
int__tai50_15_04,2839,429,2840.0,3254.0
int__tai50_15_04,2839,430,3074.0,3528.0
int__tai50_15_04,2839,431,2880.0,3293.0
int__tai50_15_04,2839,432,2882.0,3296.0
int__tai50_15_04,2839,433,2942.0,3370.0
int__tai50_15_04,2839,434,2861.0,3307.0
int__tai50_15_04,2839,435,2842.0,3256.0
int__tai50_15_04,2839,436,2865.0,3310.0
int__tai50_15_04,2839,437,3013.0,3492.0
int__tai50_15_04,2839,438,2831.0,3261.0
int__tai50_15_04,2839,439,2868.0,3336.0
int__tai50_15_04,2839,440,2847.0,3294.0
int__tai50_15_04,2839,441,2915.0,3347.0
int__tai50_15_04,2839,442,2856.0,3301.0
int__tai50_15_04,2839,443,2860.0,3295.0
int__tai50_15_04,2839,444,2923.0,3377.0
int__tai50_15_04,2839,445,2867.0,3288.0
int__tai50_15_04,2839,446,2962.0,3427.0
int__tai50_15_04,2839,447,2856.0,3284.0
int__tai50_15_04,2839,448,2894.0,3327.0
int__tai50_15_04,2839,449,2876.0,3310.0
int__tai50_15_04,2839,450,2810.0,3262.0
int__tai50_15_04,2839,451,2990.0,3416.0
int__tai50_15_04,2839,452,2905.0,3363.0
int__tai50_15_04,2839,453,2900.0,3306.0
int__tai50_15_04,2839,454,2904.0,3326.0
int__tai50_15_04,2839,455,2888.0,3335.0
int__tai50_15_04,2839,456,2899.0,3355.0
int__tai50_15_04,2839,457,2947.0,3412.0
int__tai50_15_04,2839,458,2908.0,3307.0
int__tai50_15_04,2839,459,2894.0,3307.0
int__tai50_15_04,2839,460,2954.0,3404.0
int__tai50_15_04,2839,461,2831.0,3281.0
int__tai50_15_04,2839,462,2835.0,3263.0
int__tai50_15_04,2839,463,2918.0,3383.0
int__tai50_15_04,2839,464,2911.0,3306.0
int__tai50_15_04,2839,465,2910.0,3366.0
int__tai50_15_04,2839,466,2863.0,3308.0
int__tai50_15_04,2839,467,2892.0,3309.0
int__tai50_15_04,2839,468,2939.0,3374.0
int__tai50_15_04,2839,469,3017.0,3509.0
int__tai50_15_04,2839,470,2822.0,3271.0
int__tai50_15_04,2839,471,2876.0,3284.0
int__tai50_15_04,2839,472,2905.0,3342.0
int__tai50_15_04,2839,473,2896.0,3367.0
int__tai50_15_04,2839,474,2931.0,3398.0
int__tai50_15_04,2839,475,2926.0,3361.0
int__tai50_15_04,2839,476,2943.0,3420.0
int__tai50_15_04,2839,477,2948.0,3364.0
int__tai50_15_04,2839,478,3012.0,3457.0
int__tai50_15_04,2839,479,2852.0,3295.0
int__tai50_15_04,2839,480,2940.0,3385.0
int__tai50_15_04,2839,481,2806.0,3252.0
int__tai50_15_04,2839,482,2850.0,3305.0
int__tai50_15_04,2839,483,2914.0,3385.0
int__tai50_15_04,2839,484,2865.0,3320.0
int__tai50_15_04,2839,485,2893.0,3366.0
int__tai50_15_04,2839,486,2922.0,3375.0
int__tai50_15_04,2839,487,2951.0,3398.0
int__tai50_15_04,2839,488,2934.0,3377.0
int__tai50_15_04,2839,489,2946.0,3379.0
int__tai50_15_04,2839,490,2848.0,3296.0
int__tai50_15_04,2839,491,2859.0,3262.0
int__tai50_15_04,2839,492,2999.0,3399.0
int__tai50_15_04,2839,493,2899.0,3341.0
int__tai50_15_04,2839,494,2907.0,3329.0
int__tai50_15_04,2839,495,2857.0,3294.0
int__tai50_15_04,2839,496,2919.0,3363.0
int__tai50_15_04,2839,497,2911.0,3341.0
int__tai50_15_04,2839,498,2942.0,3324.0
int__tai50_15_04,2839,499,2867.0,3340.0
int__tai50_15_04,2839,500,2921.0,3328.0
int__tai50_15_04,2839,501,2963.0,3364.0
int__tai50_15_04,2839,502,2832.0,3280.0
int__tai50_15_04,2839,503,2893.0,3312.0
int__tai50_15_04,2839,504,2858.0,3288.0
int__tai50_15_04,2839,505,2875.0,3305.0
int__tai50_15_04,2839,506,3048.0,3513.0
int__tai50_15_04,2839,507,2900.0,3329.0
int__tai50_15_04,2839,508,2985.0,3389.0
int__tai50_15_04,2839,509,2830.0,3299.0
int__tai50_15_04,2839,510,2884.0,3361.0
int__tai50_15_04,2839,511,2861.0,3315.0
int__tai50_15_04,2839,512,2990.0,3436.0
int__tai50_15_04,2839,513,2975.0,3397.0
int__tai50_15_04,2839,514,2859.0,3302.0
int__tai50_15_04,2839,515,2806.0,3243.0
int__tai50_15_04,2839,516,2937.0,3349.0
int__tai50_15_04,2839,517,2869.0,3288.0
int__tai50_15_04,2839,518,2947.0,3404.0
int__tai50_15_04,2839,519,2878.0,3306.0
int__tai50_15_04,2839,520,2880.0,3305.0
int__tai50_15_04,2839,521,2850.0,3285.0
int__tai50_15_04,2839,522,2856.0,3255.0
int__tai50_15_04,2839,523,2943.0,3387.0
int__tai50_15_04,2839,524,2936.0,3336.0
int__tai50_15_04,2839,525,2853.0,3289.0
int__tai50_15_04,2839,526,2886.0,3317.0
int__tai50_15_04,2839,527,2910.0,3310.0
int__tai50_15_04,2839,528,2999.0,3434.0
int__tai50_15_04,2839,529,2902.0,3360.0
int__tai50_15_04,2839,530,2893.0,3321.0
int__tai50_15_04,2839,531,2917.0,3357.0
int__tai50_15_04,2839,532,2849.0,3286.0
int__tai50_15_04,2839,533,2891.0,3357.0
int__tai50_15_04,2839,534,2875.0,3301.0
int__tai50_15_04,2839,535,2972.0,3380.0
int__tai50_15_04,2839,536,2843.0,3284.0
int__tai50_15_04,2839,537,2839.0,3304.0
int__tai50_15_04,2839,538,2950.0,3445.0
int__tai50_15_04,2839,539,2874.0,3303.0
int__tai50_15_04,2839,540,2853.0,3302.0
int__tai50_15_04,2839,541,2862.0,3274.0
int__tai50_15_04,2839,542,2846.0,3340.0
int__tai50_15_04,2839,543,2949.0,3366.0
int__tai50_15_04,2839,544,2865.0,3325.0
int__tai50_15_04,2839,545,2915.0,3353.0
int__tai50_15_04,2839,546,2853.0,3270.0
int__tai50_15_04,2839,547,2864.0,3265.0
int__tai50_15_04,2839,548,2926.0,3346.0
int__tai50_15_04,2839,549,2910.0,3334.0
int__tai50_15_04,2839,550,2827.0,3253.0
int__tai50_15_04,2839,551,2879.0,3343.0
int__tai50_15_04,2839,552,2918.0,3341.0
int__tai50_15_04,2839,553,2801.0,3259.0
int__tai50_15_04,2839,554,2861.0,3305.0
int__tai50_15_04,2839,555,2871.0,3272.0
int__tai50_15_04,2839,556,2840.0,3258.0
int__tai50_15_04,2839,557,2865.0,3318.0
int__tai50_15_04,2839,558,2847.0,3263.0
int__tai50_15_04,2839,559,2847.0,3285.0
int__tai50_15_04,2839,560,2988.0,3408.0
int__tai50_15_04,2839,561,2853.0,3275.0
int__tai50_15_04,2839,562,2829.0,3273.0
int__tai50_15_04,2839,563,2848.0,3290.0
int__tai50_15_04,2839,564,2986.0,3446.0
int__tai50_15_04,2839,565,2920.0,3339.0
int__tai50_15_04,2839,566,2897.0,3325.0
int__tai50_15_04,2839,567,2896.0,3334.0
int__tai50_15_04,2839,568,2882.0,3288.0
int__tai50_15_04,2839,569,2921.0,3421.0
int__tai50_15_04,2839,570,2922.0,3308.0
int__tai50_15_04,2839,571,2856.0,3285.0
int__tai50_15_04,2839,572,2913.0,3382.0
int__tai50_15_04,2839,573,2828.0,3250.0
int__tai50_15_04,2839,574,2922.0,3356.0
int__tai50_15_04,2839,575,2953.0,3358.0
int__tai50_15_04,2839,576,2904.0,3378.0
int__tai50_15_04,2839,577,2895.0,3319.0
int__tai50_15_04,2839,578,2894.0,3326.0
int__tai50_15_04,2839,579,2862.0,3330.0
int__tai50_15_04,2839,580,2889.0,3330.0
int__tai50_15_04,2839,581,2889.0,3317.0
int__tai50_15_04,2839,582,2843.0,3265.0
int__tai50_15_04,2839,583,2885.0,3319.0
int__tai50_15_04,2839,584,2874.0,3303.0
int__tai50_15_04,2839,585,2818.0,3239.0
int__tai50_15_04,2839,586,2793.0,3233.0
int__tai50_15_04,2839,587,2872.0,3312.0
int__tai50_15_04,2839,588,2852.0,3315.0
int__tai50_15_04,2839,589,2869.0,3289.0
int__tai50_15_04,2839,590,2956.0,3391.0
int__tai50_15_04,2839,591,2982.0,3365.0
int__tai50_15_04,2839,592,2848.0,3287.0
int__tai50_15_04,2839,593,2833.0,3262.0
int__tai50_15_04,2839,594,2868.0,3259.0
int__tai50_15_04,2839,595,2988.0,3413.0
int__tai50_15_04,2839,596,2877.0,3293.0
int__tai50_15_04,2839,597,3044.0,3529.0
int__tai50_15_04,2839,598,2864.0,3333.0
int__tai50_15_04,2839,599,2951.0,3382.0
int__tai50_15_04,2839,600,2817.0,3267.0
int__tai50_15_04,2839,601,2923.0,3337.0
int__tai50_15_04,2839,602,2939.0,3363.0
int__tai50_15_04,2839,603,2924.0,3345.0
int__tai50_15_04,2839,604,2930.0,3392.0
int__tai50_15_04,2839,605,2917.0,3367.0
int__tai50_15_04,2839,606,2888.0,3269.0
int__tai50_15_04,2839,607,2938.0,3402.0
int__tai50_15_04,2839,608,2859.0,3311.0
int__tai50_15_04,2839,609,2848.0,3292.0
int__tai50_15_04,2839,610,2943.0,3406.0
int__tai50_15_04,2839,611,2959.0,3350.0
int__tai50_15_04,2839,612,2978.0,3460.0
int__tai50_15_04,2839,613,2907.0,3338.0
int__tai50_15_04,2839,614,3018.0,3464.0
int__tai50_15_04,2839,615,2849.0,3290.0
int__tai50_15_04,2839,616,2879.0,3257.0
int__tai50_15_04,2839,617,2928.0,3388.0
int__tai50_15_04,2839,618,2970.0,3391.0
int__tai50_15_04,2839,619,2846.0,3251.0
int__tai50_15_04,2839,620,2880.0,3313.0
int__tai50_15_04,2839,621,2945.0,3376.0
int__tai50_15_04,2839,622,2929.0,3420.0
int__tai50_15_04,2839,623,2904.0,3341.0
int__tai50_15_04,2839,624,2844.0,3252.0
int__tai50_15_04,2839,625,2991.0,3425.0
int__tai50_15_04,2839,626,2856.0,3302.0
int__tai50_15_04,2839,627,2928.0,3331.0
int__tai50_15_04,2839,628,2872.0,3315.0
int__tai50_15_04,2839,629,2838.0,3267.0
int__tai50_15_04,2839,630,2864.0,3252.0
int__tai50_15_04,2839,631,2804.0,3279.0
int__tai50_15_04,2839,632,2872.0,3298.0
int__tai50_15_04,2839,633,2944.0,3358.0
int__tai50_15_04,2839,634,2934.0,3346.0
int__tai50_15_04,2839,635,2868.0,3266.0
int__tai50_15_04,2839,636,2958.0,3392.0
int__tai50_15_04,2839,637,2995.0,3424.0
int__tai50_15_04,2839,638,2949.0,3409.0
int__tai50_15_04,2839,639,2985.0,3471.0
int__tai50_15_04,2839,640,2907.0,3380.0
int__tai50_15_04,2839,641,2889.0,3339.0
int__tai50_15_04,2839,642,2874.0,3308.0
int__tai50_15_04,2839,643,2845.0,3265.0
int__tai50_15_04,2839,644,2893.0,3301.0
int__tai50_15_04,2839,645,2888.0,3321.0
int__tai50_15_04,2839,646,3047.0,3530.0
int__tai50_15_04,2839,647,2840.0,3264.0
int__tai50_15_04,2839,648,2983.0,3442.0
int__tai50_15_04,2839,649,2924.0,3356.0
int__tai50_15_04,2839,650,2871.0,3314.0
int__tai50_15_04,2839,651,2873.0,3331.0
int__tai50_15_04,2839,652,2862.0,3327.0
int__tai50_15_04,2839,653,2972.0,3445.0
int__tai50_15_04,2839,654,2871.0,3315.0
int__tai50_15_04,2839,655,2936.0,3313.0
int__tai50_15_04,2839,656,2875.0,3333.0
int__tai50_15_04,2839,657,2853.0,3326.0
int__tai50_15_04,2839,658,2899.0,3308.0
int__tai50_15_04,2839,659,2892.0,3333.0
int__tai50_15_04,2839,660,2903.0,3356.0
int__tai50_15_04,2839,661,2889.0,3290.0
int__tai50_15_04,2839,662,2877.0,3324.0
int__tai50_15_04,2839,663,2949.0,3373.0
int__tai50_15_04,2839,664,2905.0,3356.0
int__tai50_15_04,2839,665,2800.0,3248.0
int__tai50_15_04,2839,666,3041.0,3458.0
int__tai50_15_04,2839,667,2818.0,3260.0
int__tai50_15_04,2839,668,3061.0,3542.0
int__tai50_15_04,2839,669,2867.0,3261.0
int__tai50_15_04,2839,670,2956.0,3395.0
int__tai50_15_04,2839,671,2856.0,3264.0
int__tai50_15_04,2839,672,2849.0,3279.0
int__tai50_15_04,2839,673,2831.0,3257.0
int__tai50_15_04,2839,674,2834.0,3263.0
int__tai50_15_04,2839,675,2956.0,3463.0
int__tai50_15_04,2839,676,2922.0,3394.0
int__tai50_15_04,2839,677,2854.0,3306.0
int__tai50_15_04,2839,678,2873.0,3284.0
int__tai50_15_04,2839,679,2980.0,3414.0
int__tai50_15_04,2839,680,2832.0,3290.0
int__tai50_15_04,2839,681,2931.0,3362.0
int__tai50_15_04,2839,682,2857.0,3269.0
int__tai50_15_04,2839,683,2862.0,3308.0
int__tai50_15_04,2839,684,2882.0,3332.0
int__tai50_15_04,2839,685,2903.0,3315.0
int__tai50_15_04,2839,686,2935.0,3353.0
int__tai50_15_04,2839,687,2839.0,3274.0
int__tai50_15_04,2839,688,2836.0,3295.0
int__tai50_15_04,2839,689,2893.0,3301.0
int__tai50_15_04,2839,690,2963.0,3383.0
int__tai50_15_04,2839,691,2921.0,3331.0
int__tai50_15_04,2839,692,3033.0,3473.0
int__tai50_15_04,2839,693,2829.0,3249.0
int__tai50_15_04,2839,694,2867.0,3286.0
int__tai50_15_04,2839,695,2853.0,3293.0
int__tai50_15_04,2839,696,2885.0,3319.0
int__tai50_15_04,2839,697,2885.0,3307.0
int__tai50_15_04,2839,698,2972.0,3362.0
int__tai50_15_04,2839,699,3012.0,3439.0
int__tai50_15_04,2839,700,2981.0,3429.0
int__tai50_15_04,2839,701,2909.0,3376.0
int__tai50_15_04,2839,702,2985.0,3405.0
int__tai50_15_04,2839,703,2844.0,3290.0
int__tai50_15_04,2839,704,2871.0,3288.0
int__tai50_15_04,2839,705,2909.0,3341.0
int__tai50_15_04,2839,706,2913.0,3359.0
int__tai50_15_04,2839,707,2953.0,3420.0
int__tai50_15_04,2839,708,2949.0,3378.0
int__tai50_15_04,2839,709,2852.0,3289.0
int__tai50_15_04,2839,710,2895.0,3333.0
int__tai50_15_04,2839,711,2885.0,3320.0
int__tai50_15_04,2839,712,2839.0,3239.0
int__tai50_15_04,2839,713,2843.0,3276.0
int__tai50_15_04,2839,714,2998.0,3429.0
int__tai50_15_04,2839,715,2930.0,3310.0
int__tai50_15_04,2839,716,2979.0,3475.0
int__tai50_15_04,2839,717,2882.0,3304.0
int__tai50_15_04,2839,718,2920.0,3336.0
int__tai50_15_04,2839,719,2881.0,3344.0
int__tai50_15_04,2839,720,2848.0,3313.0
int__tai50_15_04,2839,721,2912.0,3366.0
int__tai50_15_04,2839,722,2830.0,3258.0
int__tai50_15_04,2839,723,2844.0,3287.0
int__tai50_15_04,2839,724,2934.0,3376.0
int__tai50_15_04,2839,725,2848.0,3303.0
int__tai50_15_04,2839,726,2886.0,3320.0
int__tai50_15_04,2839,727,2890.0,3323.0
int__tai50_15_04,2839,728,2898.0,3342.0
int__tai50_15_04,2839,729,2891.0,3347.0
int__tai50_15_04,2839,730,2937.0,3383.0
int__tai50_15_04,2839,731,3010.0,3435.0
int__tai50_15_04,2839,732,2839.0,3249.0
int__tai50_15_04,2839,733,2835.0,3257.0
int__tai50_15_04,2839,734,2904.0,3377.0
int__tai50_15_04,2839,735,2909.0,3334.0
int__tai50_15_04,2839,736,2899.0,3350.0
int__tai50_15_04,2839,737,2921.0,3358.0
int__tai50_15_04,2839,738,2927.0,3389.0
int__tai50_15_04,2839,739,2878.0,3363.0
int__tai50_15_04,2839,740,2944.0,3393.0
int__tai50_15_04,2839,741,2914.0,3322.0
int__tai50_15_04,2839,742,2954.0,3428.0
int__tai50_15_04,2839,743,2877.0,3306.0
int__tai50_15_04,2839,744,2936.0,3317.0
int__tai50_15_04,2839,745,2949.0,3410.0
int__tai50_15_04,2839,746,2932.0,3365.0
int__tai50_15_04,2839,747,2908.0,3360.0
int__tai50_15_04,2839,748,2874.0,3309.0
int__tai50_15_04,2839,749,2932.0,3347.0
int__tai50_15_04,2839,750,2956.0,3421.0
int__tai50_15_04,2839,751,2881.0,3369.0
int__tai50_15_04,2839,752,2919.0,3365.0
int__tai50_15_04,2839,753,2895.0,3364.0
int__tai50_15_04,2839,754,2977.0,3378.0
int__tai50_15_04,2839,755,2941.0,3372.0
int__tai50_15_04,2839,756,2907.0,3328.0
int__tai50_15_04,2839,757,2936.0,3404.0
int__tai50_15_04,2839,758,2982.0,3430.0
int__tai50_15_04,2839,759,2868.0,3306.0
int__tai50_15_04,2839,760,3026.0,3496.0
int__tai50_15_04,2839,761,2887.0,3339.0
int__tai50_15_04,2839,762,2900.0,3316.0
int__tai50_15_04,2839,763,2919.0,3399.0
int__tai50_15_04,2839,764,2874.0,3302.0
int__tai50_15_04,2839,765,2866.0,3272.0
int__tai50_15_04,2839,766,2966.0,3403.0
int__tai50_15_04,2839,767,2856.0,3276.0
int__tai50_15_04,2839,768,2954.0,3313.0
int__tai50_15_04,2839,769,2926.0,3373.0
int__tai50_15_04,2839,770,2919.0,3352.0
int__tai50_15_04,2839,771,2884.0,3316.0
int__tai50_15_04,2839,772,2903.0,3345.0
int__tai50_15_04,2839,773,2941.0,3390.0
int__tai50_15_04,2839,774,2846.0,3307.0
int__tai50_15_04,2839,775,2822.0,3266.0
int__tai50_15_04,2839,776,2867.0,3292.0
int__tai50_15_04,2839,777,2895.0,3325.0
int__tai50_15_04,2839,778,2932.0,3406.0
int__tai50_15_04,2839,779,2934.0,3393.0
int__tai50_15_04,2839,780,2891.0,3344.0
int__tai50_15_04,2839,781,2984.0,3451.0
int__tai50_15_04,2839,782,2865.0,3318.0
int__tai50_15_04,2839,783,3006.0,3430.0
int__tai50_15_04,2839,784,2899.0,3341.0
int__tai50_15_04,2839,785,2883.0,3346.0
int__tai50_15_04,2839,786,2923.0,3317.0
int__tai50_15_04,2839,787,2844.0,3271.0
int__tai50_15_04,2839,788,2914.0,3368.0
int__tai50_15_04,2839,789,2857.0,3252.0
int__tai50_15_04,2839,790,2971.0,3412.0
int__tai50_15_04,2839,791,2914.0,3314.0
int__tai50_15_04,2839,792,2898.0,3338.0
int__tai50_15_04,2839,793,2954.0,3386.0
int__tai50_15_04,2839,794,2925.0,3368.0
int__tai50_15_04,2839,795,2925.0,3414.0
int__tai50_15_04,2839,796,2854.0,3259.0
int__tai50_15_04,2839,797,2881.0,3364.0
int__tai50_15_04,2839,798,3067.0,3488.0
int__tai50_15_04,2839,799,2889.0,3340.0
int__tai50_15_04,2839,800,2912.0,3324.0
int__tai50_15_04,2839,801,2851.0,3303.0
int__tai50_15_04,2839,802,2928.0,3404.0
int__tai50_15_04,2839,803,2911.0,3338.0
int__tai50_15_04,2839,804,2907.0,3337.0
int__tai50_15_04,2839,805,2838.0,3303.0
int__tai50_15_04,2839,806,2868.0,3296.0
int__tai50_15_04,2839,807,2947.0,3368.0
int__tai50_15_04,2839,808,2903.0,3367.0
int__tai50_15_04,2839,809,2907.0,3362.0
int__tai50_15_04,2839,810,3029.0,3514.0
int__tai50_15_04,2839,811,2820.0,3248.0
int__tai50_15_04,2839,812,2864.0,3305.0
int__tai50_15_04,2839,813,2795.0,3235.0
int__tai50_15_04,2839,814,2970.0,3445.0
int__tai50_15_04,2839,815,2841.0,3252.0
int__tai50_15_04,2839,816,2886.0,3320.0
int__tai50_15_04,2839,817,2951.0,3390.0
int__tai50_15_04,2839,818,2868.0,3276.0
int__tai50_15_04,2839,819,2820.0,3244.0
int__tai50_15_04,2839,820,2872.0,3332.0
int__tai50_15_04,2839,821,2866.0,3283.0
int__tai50_15_04,2839,822,2916.0,3380.0
int__tai50_15_04,2839,823,2844.0,3294.0
int__tai50_15_04,2839,824,3019.0,3451.0
int__tai50_15_04,2839,825,2871.0,3291.0
int__tai50_15_04,2839,826,2823.0,3250.0
int__tai50_15_04,2839,827,2933.0,3365.0
int__tai50_15_04,2839,828,2886.0,3313.0
int__tai50_15_04,2839,829,2929.0,3361.0
int__tai50_15_04,2839,830,2829.0,3248.0
int__tai50_15_04,2839,831,2999.0,3459.0
int__tai50_15_04,2839,832,2892.0,3318.0
int__tai50_15_04,2839,833,2884.0,3321.0
int__tai50_15_04,2839,834,2919.0,3353.0
int__tai50_15_04,2839,835,3036.0,3503.0
int__tai50_15_04,2839,836,2947.0,3362.0
int__tai50_15_04,2839,837,2868.0,3306.0
int__tai50_15_04,2839,838,2914.0,3394.0
int__tai50_15_04,2839,839,2910.0,3318.0
int__tai50_15_04,2839,840,2809.0,3253.0
int__tai50_15_04,2839,841,2898.0,3342.0
int__tai50_15_04,2839,842,2868.0,3329.0
int__tai50_15_04,2839,843,2881.0,3356.0
int__tai50_15_04,2839,844,2915.0,3368.0
int__tai50_15_04,2839,845,2859.0,3320.0
int__tai50_15_04,2839,846,2868.0,3304.0
int__tai50_15_04,2839,847,2895.0,3315.0
int__tai50_15_04,2839,848,2884.0,3330.0
int__tai50_15_04,2839,849,2861.0,3305.0
int__tai50_15_04,2839,850,2842.0,3279.0
int__tai50_15_04,2839,851,2942.0,3407.0
int__tai50_15_04,2839,852,2900.0,3358.0
int__tai50_15_04,2839,853,2920.0,3358.0
int__tai50_15_04,2839,854,2881.0,3306.0
int__tai50_15_04,2839,855,2884.0,3339.0
int__tai50_15_04,2839,856,2935.0,3354.0
int__tai50_15_04,2839,857,2884.0,3333.0
int__tai50_15_04,2839,858,2922.0,3374.0
int__tai50_15_04,2839,859,2864.0,3325.0
int__tai50_15_04,2839,860,2874.0,3325.0
int__tai50_15_04,2839,861,2836.0,3265.0
int__tai50_15_04,2839,862,2932.0,3357.0
int__tai50_15_04,2839,863,2976.0,3407.0
int__tai50_15_04,2839,864,2893.0,3376.0
int__tai50_15_04,2839,865,2893.0,3324.0
int__tai50_15_04,2839,866,2974.0,3435.0
int__tai50_15_04,2839,867,2841.0,3266.0
int__tai50_15_04,2839,868,2909.0,3361.0
int__tai50_15_04,2839,869,2860.0,3307.0
int__tai50_15_04,2839,870,2881.0,3323.0
int__tai50_15_04,2839,871,2925.0,3378.0
int__tai50_15_04,2839,872,2848.0,3319.0
int__tai50_15_04,2839,873,2970.0,3383.0
int__tai50_15_04,2839,874,3105.0,3574.0
int__tai50_15_04,2839,875,2857.0,3275.0
int__tai50_15_04,2839,876,2896.0,3324.0
int__tai50_15_04,2839,877,2940.0,3398.0
int__tai50_15_04,2839,878,2947.0,3380.0
int__tai50_15_04,2839,879,2907.0,3355.0
int__tai50_15_04,2839,880,2840.0,3258.0
int__tai50_15_04,2839,881,2905.0,3308.0
int__tai50_15_04,2839,882,2911.0,3344.0
int__tai50_15_04,2839,883,2805.0,3271.0
int__tai50_15_04,2839,884,2987.0,3457.0
int__tai50_15_04,2839,885,2886.0,3335.0
int__tai50_15_04,2839,886,2831.0,3252.0
int__tai50_15_04,2839,887,2923.0,3364.0
int__tai50_15_04,2839,888,2897.0,3320.0
int__tai50_15_04,2839,889,2977.0,3442.0
int__tai50_15_04,2839,890,2839.0,3300.0
int__tai50_15_04,2839,891,3019.0,3478.0
int__tai50_15_04,2839,892,2902.0,3324.0
int__tai50_15_04,2839,893,2900.0,3359.0
int__tai50_15_04,2839,894,2877.0,3302.0
int__tai50_15_04,2839,895,2898.0,3339.0
int__tai50_15_04,2839,896,2920.0,3366.0
int__tai50_15_04,2839,897,2868.0,3277.0
int__tai50_15_04,2839,898,2963.0,3418.0
int__tai50_15_04,2839,899,2956.0,3395.0
int__tai50_15_04,2839,900,2851.0,3262.0
int__tai50_15_04,2839,901,2973.0,3426.0
int__tai50_15_04,2839,902,2871.0,3295.0
int__tai50_15_04,2839,903,2924.0,3347.0
int__tai50_15_04,2839,904,2984.0,3404.0
int__tai50_15_04,2839,905,2963.0,3411.0
int__tai50_15_04,2839,906,2923.0,3359.0
int__tai50_15_04,2839,907,2859.0,3331.0
int__tai50_15_04,2839,908,2937.0,3383.0
int__tai50_15_04,2839,909,2877.0,3327.0
int__tai50_15_04,2839,910,2877.0,3320.0
int__tai50_15_04,2839,911,2874.0,3257.0
int__tai50_15_04,2839,912,2887.0,3293.0
int__tai50_15_04,2839,913,2879.0,3316.0
int__tai50_15_04,2839,914,2867.0,3289.0
int__tai50_15_04,2839,915,3001.0,3383.0
int__tai50_15_04,2839,916,3036.0,3450.0
int__tai50_15_04,2839,917,2870.0,3254.0
int__tai50_15_04,2839,918,2874.0,3303.0
int__tai50_15_04,2839,919,2930.0,3350.0
int__tai50_15_04,2839,920,2936.0,3374.0
int__tai50_15_04,2839,921,2896.0,3316.0
int__tai50_15_04,2839,922,2894.0,3312.0
int__tai50_15_04,2839,923,2855.0,3279.0
int__tai50_15_04,2839,924,2885.0,3328.0
int__tai50_15_04,2839,925,2916.0,3362.0
int__tai50_15_04,2839,926,2851.0,3296.0
int__tai50_15_04,2839,927,2959.0,3427.0
int__tai50_15_04,2839,928,2848.0,3249.0
int__tai50_15_04,2839,929,3013.0,3452.0
int__tai50_15_04,2839,930,2875.0,3316.0
int__tai50_15_04,2839,931,2857.0,3337.0
int__tai50_15_04,2839,932,2804.0,3263.0
int__tai50_15_04,2839,933,2955.0,3343.0
int__tai50_15_04,2839,934,2942.0,3384.0
int__tai50_15_04,2839,935,2894.0,3343.0
int__tai50_15_04,2839,936,2953.0,3376.0
int__tai50_15_04,2839,937,2936.0,3376.0
int__tai50_15_04,2839,938,2892.0,3285.0
int__tai50_15_04,2839,939,2885.0,3313.0
int__tai50_15_04,2839,940,2909.0,3408.0
int__tai50_15_04,2839,941,2866.0,3318.0
int__tai50_15_04,2839,942,2856.0,3276.0
int__tai50_15_04,2839,943,2939.0,3395.0
int__tai50_15_04,2839,944,2896.0,3299.0
int__tai50_15_04,2839,945,2859.0,3316.0
int__tai50_15_04,2839,946,2993.0,3401.0
int__tai50_15_04,2839,947,2959.0,3343.0
int__tai50_15_04,2839,948,2927.0,3392.0
int__tai50_15_04,2839,949,2819.0,3284.0
int__tai50_15_04,2839,950,2938.0,3330.0
int__tai50_15_04,2839,951,2972.0,3406.0
int__tai50_15_04,2839,952,2902.0,3365.0
int__tai50_15_04,2839,953,2947.0,3426.0
int__tai50_15_04,2839,954,3014.0,3518.0
int__tai50_15_04,2839,955,2864.0,3314.0
int__tai50_15_04,2839,956,2784.0,3236.0
int__tai50_15_04,2839,957,2878.0,3312.0
int__tai50_15_04,2839,958,2873.0,3259.0
int__tai50_15_04,2839,959,2915.0,3358.0
int__tai50_15_04,2839,960,2939.0,3387.0
int__tai50_15_04,2839,961,2898.0,3359.0
int__tai50_15_04,2839,962,2897.0,3337.0
int__tai50_15_04,2839,963,2803.0,3232.0
int__tai50_15_04,2839,964,2906.0,3366.0
int__tai50_15_04,2839,965,2889.0,3316.0
int__tai50_15_04,2839,966,2912.0,3382.0
int__tai50_15_04,2839,967,2837.0,3274.0
int__tai50_15_04,2839,968,2940.0,3381.0
int__tai50_15_04,2839,969,2860.0,3309.0
int__tai50_15_04,2839,970,2928.0,3354.0
int__tai50_15_04,2839,971,2878.0,3297.0
int__tai50_15_04,2839,972,2897.0,3354.0
int__tai50_15_04,2839,973,2938.0,3385.0
int__tai50_15_04,2839,974,2897.0,3331.0
int__tai50_15_04,2839,975,2903.0,3351.0
int__tai50_15_04,2839,976,2982.0,3445.0
int__tai50_15_04,2839,977,2858.0,3320.0
int__tai50_15_04,2839,978,2939.0,3418.0
int__tai50_15_04,2839,979,2936.0,3438.0
int__tai50_15_04,2839,980,3008.0,3466.0
int__tai50_15_04,2839,981,2954.0,3390.0
int__tai50_15_04,2839,982,2939.0,3394.0
int__tai50_15_04,2839,983,2906.0,3356.0
int__tai50_15_04,2839,984,2843.0,3276.0
int__tai50_15_04,2839,985,2855.0,3302.0
int__tai50_15_04,2839,986,2936.0,3367.0
int__tai50_15_04,2839,987,2847.0,3304.0
int__tai50_15_04,2839,988,2882.0,3330.0
int__tai50_15_04,2839,989,3048.0,3493.0
int__tai50_15_04,2839,990,2976.0,3450.0
int__tai50_15_04,2839,991,2924.0,3385.0
int__tai50_15_04,2839,992,2952.0,3405.0
int__tai50_15_04,2839,993,2896.0,3317.0
int__tai50_15_04,2839,994,2936.0,3389.0
int__tai50_15_04,2839,995,2798.0,3234.0
int__tai50_15_04,2839,996,2954.0,3409.0
int__tai50_15_04,2839,997,2912.0,3362.0
int__tai50_15_04,2839,998,2900.0,3338.0
int__tai50_15_04,2839,999,2920.0,3338.0
int__tai50_15_04,2839,1000,2875.0,3318.0
int__tai50_15_04,2839,1001,3012.0,3447.0
int__tai50_15_04,2839,1002,2971.0,3408.0
int__tai50_15_04,2839,1003,2884.0,3372.0
int__tai50_15_04,2839,1004,2854.0,3264.0
int__tai50_15_04,2839,1005,2891.0,3338.0
int__tai50_15_04,2839,1006,2838.0,3245.0
int__tai50_15_04,2839,1007,2925.0,3368.0
int__tai50_15_04,2839,1008,2938.0,3402.0
int__tai50_15_04,2839,1009,2852.0,3279.0
int__tai50_15_04,2839,1010,2899.0,3359.0
int__tai50_15_04,2839,1011,2873.0,3322.0
int__tai50_15_04,2839,1012,2991.0,3417.0
int__tai50_15_04,2839,1013,2813.0,3263.0
int__tai50_15_04,2839,1014,2904.0,3344.0
int__tai50_15_04,2839,1015,2895.0,3325.0
int__tai50_15_04,2839,1016,2833.0,3247.0
int__tai50_15_04,2839,1017,2842.0,3256.0
int__tai50_15_04,2839,1018,2930.0,3379.0
int__tai50_15_04,2839,1019,2892.0,3363.0
int__tai50_15_04,2839,1020,2910.0,3320.0
int__tai50_15_04,2839,1021,2865.0,3289.0
int__tai50_15_04,2839,1022,2933.0,3315.0
int__tai50_15_04,2839,1023,3030.0,3498.0
int__tai50_15_10,2723,0,2965.0,3327.0
int__tai50_15_10,2723,1,3001.0,3398.0
int__tai50_15_10,2723,2,2999.0,3388.0
int__tai50_15_10,2723,3,2934.0,3301.0
int__tai50_15_10,2723,4,2976.0,3349.0
int__tai50_15_10,2723,5,2789.0,3155.0
int__tai50_15_10,2723,6,2934.0,3302.0
int__tai50_15_10,2723,7,2889.0,3308.0
int__tai50_15_10,2723,8,2957.0,3324.0
int__tai50_15_10,2723,9,2979.0,3356.0
int__tai50_15_10,2723,10,3038.0,3400.0
int__tai50_15_10,2723,11,2870.0,3228.0
int__tai50_15_10,2723,12,2803.0,3195.0
int__tai50_15_10,2723,13,2964.0,3342.0
int__tai50_15_10,2723,14,2908.0,3278.0
int__tai50_15_10,2723,15,2977.0,3399.0
int__tai50_15_10,2723,16,2888.0,3278.0
int__tai50_15_10,2723,17,2945.0,3312.0
int__tai50_15_10,2723,18,3082.0,3484.0
int__tai50_15_10,2723,19,3039.0,3440.0
int__tai50_15_10,2723,20,2914.0,3297.0
int__tai50_15_10,2723,21,2928.0,3300.0
int__tai50_15_10,2723,22,2872.0,3279.0
int__tai50_15_10,2723,23,2902.0,3221.0
int__tai50_15_10,2723,24,2948.0,3326.0
int__tai50_15_10,2723,25,2952.0,3336.0
int__tai50_15_10,2723,26,2843.0,3183.0
int__tai50_15_10,2723,27,2933.0,3317.0
int__tai50_15_10,2723,28,2889.0,3296.0
int__tai50_15_10,2723,29,2880.0,3240.0
int__tai50_15_10,2723,30,2877.0,3234.0
int__tai50_15_10,2723,31,2973.0,3339.0
int__tai50_15_10,2723,32,2947.0,3333.0
int__tai50_15_10,2723,33,2923.0,3272.0
int__tai50_15_10,2723,34,3017.0,3417.0
int__tai50_15_10,2723,35,2961.0,3345.0
int__tai50_15_10,2723,36,2933.0,3334.0
int__tai50_15_10,2723,37,2912.0,3294.0
int__tai50_15_10,2723,38,2849.0,3216.0
int__tai50_15_10,2723,39,2932.0,3293.0
int__tai50_15_10,2723,40,2981.0,3374.0
int__tai50_15_10,2723,41,2942.0,3329.0
int__tai50_15_10,2723,42,2897.0,3269.0
int__tai50_15_10,2723,43,2827.0,3275.0
int__tai50_15_10,2723,44,2906.0,3281.0
int__tai50_15_10,2723,45,2961.0,3335.0
int__tai50_15_10,2723,46,2918.0,3286.0
int__tai50_15_10,2723,47,3013.0,3385.0
int__tai50_15_10,2723,48,2947.0,3322.0
int__tai50_15_10,2723,49,2920.0,3270.0
int__tai50_15_10,2723,50,3004.0,3401.0
int__tai50_15_10,2723,51,3026.0,3426.0
int__tai50_15_10,2723,52,2862.0,3217.0
int__tai50_15_10,2723,53,2876.0,3267.0
int__tai50_15_10,2723,54,3074.0,3474.0
int__tai50_15_10,2723,55,3015.0,3392.0
int__tai50_15_10,2723,56,2930.0,3278.0
int__tai50_15_10,2723,57,2903.0,3309.0
int__tai50_15_10,2723,58,2864.0,3227.0
int__tai50_15_10,2723,59,2990.0,3377.0
int__tai50_15_10,2723,60,2949.0,3321.0
int__tai50_15_10,2723,61,3007.0,3406.0
int__tai50_15_10,2723,62,3019.0,3408.0
int__tai50_15_10,2723,63,3011.0,3414.0
int__tai50_15_10,2723,64,3007.0,3436.0
int__tai50_15_10,2723,65,2940.0,3317.0
int__tai50_15_10,2723,66,2943.0,3288.0
int__tai50_15_10,2723,67,2969.0,3300.0
int__tai50_15_10,2723,68,2997.0,3385.0
int__tai50_15_10,2723,69,3036.0,3414.0
int__tai50_15_10,2723,70,2904.0,3252.0
int__tai50_15_10,2723,71,2867.0,3221.0
int__tai50_15_10,2723,72,3050.0,3424.0
int__tai50_15_10,2723,73,3018.0,3422.0
int__tai50_15_10,2723,74,3024.0,3416.0
int__tai50_15_10,2723,75,2902.0,3235.0
int__tai50_15_10,2723,76,2868.0,3228.0
int__tai50_15_10,2723,77,3063.0,3417.0
int__tai50_15_10,2723,78,2905.0,3269.0
int__tai50_15_10,2723,79,3017.0,3398.0
int__tai50_15_10,2723,80,2951.0,3362.0
int__tai50_15_10,2723,81,2992.0,3359.0
int__tai50_15_10,2723,82,2910.0,3318.0
int__tai50_15_10,2723,83,2955.0,3327.0
int__tai50_15_10,2723,84,3038.0,3454.0
int__tai50_15_10,2723,85,2965.0,3396.0
int__tai50_15_10,2723,86,2907.0,3279.0
int__tai50_15_10,2723,87,2866.0,3244.0
int__tai50_15_10,2723,88,3101.0,3491.0
int__tai50_15_10,2723,89,3060.0,3444.0
int__tai50_15_10,2723,90,2963.0,3336.0
int__tai50_15_10,2723,91,2956.0,3328.0
int__tai50_15_10,2723,92,2966.0,3392.0
int__tai50_15_10,2723,93,3018.0,3362.0
int__tai50_15_10,2723,94,2977.0,3379.0
int__tai50_15_10,2723,95,3043.0,3403.0
int__tai50_15_10,2723,96,3021.0,3406.0
int__tai50_15_10,2723,97,2978.0,3356.0
int__tai50_15_10,2723,98,2910.0,3294.0
int__tai50_15_10,2723,99,3046.0,3420.0
int__tai50_15_10,2723,100,3035.0,3367.0
int__tai50_15_10,2723,101,2922.0,3282.0
int__tai50_15_10,2723,102,2952.0,3331.0
int__tai50_15_10,2723,103,2999.0,3367.0
int__tai50_15_10,2723,104,3061.0,3480.0
int__tai50_15_10,2723,105,2919.0,3302.0
int__tai50_15_10,2723,106,2833.0,3199.0
int__tai50_15_10,2723,107,2961.0,3325.0
int__tai50_15_10,2723,108,2959.0,3306.0
int__tai50_15_10,2723,109,2907.0,3301.0
int__tai50_15_10,2723,110,2871.0,3258.0
int__tai50_15_10,2723,111,2885.0,3271.0
int__tai50_15_10,2723,112,2888.0,3256.0
int__tai50_15_10,2723,113,2964.0,3339.0
int__tai50_15_10,2723,114,2938.0,3290.0
int__tai50_15_10,2723,115,3048.0,3438.0
int__tai50_15_10,2723,116,2865.0,3219.0
int__tai50_15_10,2723,117,2880.0,3295.0
int__tai50_15_10,2723,118,3071.0,3466.0
int__tai50_15_10,2723,119,2952.0,3320.0
int__tai50_15_10,2723,120,2999.0,3368.0
int__tai50_15_10,2723,121,3015.0,3379.0
int__tai50_15_10,2723,122,2901.0,3268.0
int__tai50_15_10,2723,123,2915.0,3329.0
int__tai50_15_10,2723,124,2926.0,3288.0
int__tai50_15_10,2723,125,3039.0,3408.0
int__tai50_15_10,2723,126,2933.0,3324.0
int__tai50_15_10,2723,127,2911.0,3279.0
int__tai50_15_10,2723,128,2955.0,3335.0
int__tai50_15_10,2723,129,2869.0,3194.0
int__tai50_15_10,2723,130,2980.0,3381.0
int__tai50_15_10,2723,131,2947.0,3324.0
int__tai50_15_10,2723,132,2818.0,3210.0
int__tai50_15_10,2723,133,3014.0,3393.0
int__tai50_15_10,2723,134,3092.0,3513.0
int__tai50_15_10,2723,135,2892.0,3290.0
int__tai50_15_10,2723,136,2951.0,3321.0
int__tai50_15_10,2723,137,2933.0,3332.0
int__tai50_15_10,2723,138,3111.0,3486.0
int__tai50_15_10,2723,139,2902.0,3275.0
int__tai50_15_10,2723,140,2953.0,3308.0
int__tai50_15_10,2723,141,2905.0,3296.0
int__tai50_15_10,2723,142,2930.0,3287.0
int__tai50_15_10,2723,143,2921.0,3272.0
int__tai50_15_10,2723,144,2832.0,3198.0
int__tai50_15_10,2723,145,2906.0,3259.0
int__tai50_15_10,2723,146,2982.0,3351.0
int__tai50_15_10,2723,147,2954.0,3347.0
int__tai50_15_10,2723,148,2986.0,3375.0
int__tai50_15_10,2723,149,2927.0,3312.0
int__tai50_15_10,2723,150,2923.0,3286.0
int__tai50_15_10,2723,151,2906.0,3287.0
int__tai50_15_10,2723,152,2909.0,3258.0
int__tai50_15_10,2723,153,3007.0,3421.0
int__tai50_15_10,2723,154,2910.0,3303.0
int__tai50_15_10,2723,155,2972.0,3382.0
int__tai50_15_10,2723,156,2922.0,3291.0
int__tai50_15_10,2723,157,2844.0,3217.0
int__tai50_15_10,2723,158,3018.0,3449.0
int__tai50_15_10,2723,159,2966.0,3349.0
int__tai50_15_10,2723,160,3003.0,3410.0
int__tai50_15_10,2723,161,2924.0,3308.0
int__tai50_15_10,2723,162,3062.0,3430.0
int__tai50_15_10,2723,163,2870.0,3273.0
int__tai50_15_10,2723,164,2869.0,3229.0
int__tai50_15_10,2723,165,2961.0,3340.0
int__tai50_15_10,2723,166,2940.0,3303.0
int__tai50_15_10,2723,167,2992.0,3373.0
int__tai50_15_10,2723,168,2953.0,3305.0
int__tai50_15_10,2723,169,2897.0,3293.0
int__tai50_15_10,2723,170,2972.0,3376.0
int__tai50_15_10,2723,171,2871.0,3250.0
int__tai50_15_10,2723,172,2903.0,3279.0
int__tai50_15_10,2723,173,2949.0,3344.0
int__tai50_15_10,2723,174,3015.0,3415.0
int__tai50_15_10,2723,175,2960.0,3312.0
int__tai50_15_10,2723,176,2901.0,3254.0
int__tai50_15_10,2723,177,2928.0,3338.0
int__tai50_15_10,2723,178,2935.0,3340.0
int__tai50_15_10,2723,179,2878.0,3265.0
int__tai50_15_10,2723,180,2947.0,3299.0
int__tai50_15_10,2723,181,3032.0,3473.0
int__tai50_15_10,2723,182,2982.0,3373.0
int__tai50_15_10,2723,183,2963.0,3331.0
int__tai50_15_10,2723,184,2973.0,3371.0
int__tai50_15_10,2723,185,2861.0,3234.0
int__tai50_15_10,2723,186,2913.0,3292.0
int__tai50_15_10,2723,187,3100.0,3510.0
int__tai50_15_10,2723,188,3047.0,3436.0
int__tai50_15_10,2723,189,2944.0,3317.0
int__tai50_15_10,2723,190,3008.0,3423.0
int__tai50_15_10,2723,191,2973.0,3352.0
int__tai50_15_10,2723,192,2966.0,3319.0
int__tai50_15_10,2723,193,2906.0,3270.0
int__tai50_15_10,2723,194,2921.0,3295.0
int__tai50_15_10,2723,195,2925.0,3335.0
int__tai50_15_10,2723,196,2980.0,3392.0
int__tai50_15_10,2723,197,2958.0,3344.0
int__tai50_15_10,2723,198,3014.0,3408.0
int__tai50_15_10,2723,199,2913.0,3314.0
int__tai50_15_10,2723,200,2940.0,3298.0
int__tai50_15_10,2723,201,3013.0,3407.0
int__tai50_15_10,2723,202,2918.0,3241.0
int__tai50_15_10,2723,203,2903.0,3278.0
int__tai50_15_10,2723,204,2971.0,3367.0
int__tai50_15_10,2723,205,3003.0,3371.0
int__tai50_15_10,2723,206,2933.0,3325.0
int__tai50_15_10,2723,207,2975.0,3393.0
int__tai50_15_10,2723,208,2921.0,3312.0
int__tai50_15_10,2723,209,2937.0,3300.0
int__tai50_15_10,2723,210,2906.0,3304.0
int__tai50_15_10,2723,211,3099.0,3460.0
int__tai50_15_10,2723,212,2963.0,3331.0
int__tai50_15_10,2723,213,2926.0,3290.0
int__tai50_15_10,2723,214,2967.0,3307.0
int__tai50_15_10,2723,215,2878.0,3246.0
int__tai50_15_10,2723,216,2899.0,3249.0
int__tai50_15_10,2723,217,2950.0,3312.0
int__tai50_15_10,2723,218,2881.0,3316.0
int__tai50_15_10,2723,219,3018.0,3433.0
int__tai50_15_10,2723,220,2950.0,3312.0
int__tai50_15_10,2723,221,2926.0,3360.0
int__tai50_15_10,2723,222,2939.0,3297.0
int__tai50_15_10,2723,223,2892.0,3290.0
int__tai50_15_10,2723,224,2917.0,3300.0
int__tai50_15_10,2723,225,3007.0,3405.0
int__tai50_15_10,2723,226,3015.0,3408.0
int__tai50_15_10,2723,227,2880.0,3201.0
int__tai50_15_10,2723,228,2938.0,3295.0
int__tai50_15_10,2723,229,2957.0,3397.0
int__tai50_15_10,2723,230,2907.0,3289.0
int__tai50_15_10,2723,231,2994.0,3389.0
int__tai50_15_10,2723,232,2886.0,3249.0
int__tai50_15_10,2723,233,2977.0,3350.0
int__tai50_15_10,2723,234,3052.0,3434.0
int__tai50_15_10,2723,235,2945.0,3267.0
int__tai50_15_10,2723,236,2949.0,3323.0
int__tai50_15_10,2723,237,2927.0,3314.0
int__tai50_15_10,2723,238,2895.0,3273.0
int__tai50_15_10,2723,239,3027.0,3392.0
int__tai50_15_10,2723,240,2902.0,3271.0
int__tai50_15_10,2723,241,2925.0,3280.0
int__tai50_15_10,2723,242,2912.0,3247.0
int__tai50_15_10,2723,243,2859.0,3213.0
int__tai50_15_10,2723,244,2993.0,3361.0
int__tai50_15_10,2723,245,2898.0,3259.0
int__tai50_15_10,2723,246,2844.0,3190.0
int__tai50_15_10,2723,247,2906.0,3272.0
int__tai50_15_10,2723,248,2933.0,3309.0
int__tai50_15_10,2723,249,2904.0,3281.0
int__tai50_15_10,2723,250,2988.0,3344.0
int__tai50_15_10,2723,251,2901.0,3242.0
int__tai50_15_10,2723,252,2881.0,3240.0
int__tai50_15_10,2723,253,2922.0,3289.0
int__tai50_15_10,2723,254,2894.0,3257.0
int__tai50_15_10,2723,255,2967.0,3350.0
int__tai50_15_10,2723,256,3000.0,3368.0
int__tai50_15_10,2723,257,2965.0,3352.0
int__tai50_15_10,2723,258,2951.0,3315.0
int__tai50_15_10,2723,259,2856.0,3217.0
int__tai50_15_10,2723,260,2854.0,3216.0
int__tai50_15_10,2723,261,3002.0,3349.0
int__tai50_15_10,2723,262,2946.0,3341.0
int__tai50_15_10,2723,263,2908.0,3268.0
int__tai50_15_10,2723,264,2949.0,3361.0
int__tai50_15_10,2723,265,2926.0,3299.0
int__tai50_15_10,2723,266,2998.0,3385.0
int__tai50_15_10,2723,267,2983.0,3398.0
int__tai50_15_10,2723,268,2902.0,3304.0
int__tai50_15_10,2723,269,2924.0,3284.0
int__tai50_15_10,2723,270,2938.0,3285.0
int__tai50_15_10,2723,271,2951.0,3341.0
int__tai50_15_10,2723,272,2940.0,3295.0
int__tai50_15_10,2723,273,2888.0,3255.0
int__tai50_15_10,2723,274,2954.0,3338.0
int__tai50_15_10,2723,275,2871.0,3225.0
int__tai50_15_10,2723,276,2944.0,3333.0
int__tai50_15_10,2723,277,2969.0,3313.0
int__tai50_15_10,2723,278,2902.0,3294.0
int__tai50_15_10,2723,279,2939.0,3359.0
int__tai50_15_10,2723,280,2900.0,3287.0
int__tai50_15_10,2723,281,2951.0,3339.0
int__tai50_15_10,2723,282,2955.0,3320.0
int__tai50_15_10,2723,283,2853.0,3197.0
int__tai50_15_10,2723,284,2995.0,3397.0
int__tai50_15_10,2723,285,2918.0,3309.0
int__tai50_15_10,2723,286,3048.0,3433.0
int__tai50_15_10,2723,287,2908.0,3286.0
int__tai50_15_10,2723,288,2895.0,3252.0
int__tai50_15_10,2723,289,3013.0,3386.0
int__tai50_15_10,2723,290,2982.0,3365.0
int__tai50_15_10,2723,291,2926.0,3290.0
int__tai50_15_10,2723,292,2964.0,3373.0
int__tai50_15_10,2723,293,2889.0,3254.0
int__tai50_15_10,2723,294,3005.0,3382.0
int__tai50_15_10,2723,295,2944.0,3358.0
int__tai50_15_10,2723,296,3036.0,3398.0
int__tai50_15_10,2723,297,2881.0,3248.0
int__tai50_15_10,2723,298,2987.0,3385.0
int__tai50_15_10,2723,299,2931.0,3284.0
int__tai50_15_10,2723,300,2877.0,3271.0
int__tai50_15_10,2723,301,2975.0,3362.0
int__tai50_15_10,2723,302,3005.0,3387.0
int__tai50_15_10,2723,303,2957.0,3333.0
int__tai50_15_10,2723,304,2888.0,3279.0
int__tai50_15_10,2723,305,2913.0,3305.0
int__tai50_15_10,2723,306,2934.0,3304.0
int__tai50_15_10,2723,307,2879.0,3267.0
int__tai50_15_10,2723,308,2805.0,3218.0
int__tai50_15_10,2723,309,2999.0,3407.0
int__tai50_15_10,2723,310,2886.0,3263.0
int__tai50_15_10,2723,311,2933.0,3284.0
int__tai50_15_10,2723,312,2982.0,3350.0
int__tai50_15_10,2723,313,2912.0,3294.0
int__tai50_15_10,2723,314,2882.0,3226.0
int__tai50_15_10,2723,315,2962.0,3310.0
int__tai50_15_10,2723,316,2978.0,3321.0
int__tai50_15_10,2723,317,2904.0,3274.0
int__tai50_15_10,2723,318,2960.0,3341.0
int__tai50_15_10,2723,319,2968.0,3364.0
int__tai50_15_10,2723,320,2960.0,3340.0
int__tai50_15_10,2723,321,2812.0,3187.0
int__tai50_15_10,2723,322,3032.0,3418.0
int__tai50_15_10,2723,323,2963.0,3339.0
int__tai50_15_10,2723,324,2905.0,3282.0
int__tai50_15_10,2723,325,2948.0,3311.0
int__tai50_15_10,2723,326,2914.0,3311.0
int__tai50_15_10,2723,327,2984.0,3346.0
int__tai50_15_10,2723,328,2822.0,3229.0
int__tai50_15_10,2723,329,2950.0,3340.0
int__tai50_15_10,2723,330,3044.0,3457.0
int__tai50_15_10,2723,331,2920.0,3264.0
int__tai50_15_10,2723,332,2937.0,3313.0
int__tai50_15_10,2723,333,2946.0,3315.0
int__tai50_15_10,2723,334,2994.0,3392.0
int__tai50_15_10,2723,335,2944.0,3329.0
int__tai50_15_10,2723,336,2940.0,3333.0
int__tai50_15_10,2723,337,2956.0,3342.0
int__tai50_15_10,2723,338,3077.0,3461.0
int__tai50_15_10,2723,339,2864.0,3260.0
int__tai50_15_10,2723,340,2900.0,3287.0
int__tai50_15_10,2723,341,2987.0,3330.0
int__tai50_15_10,2723,342,2891.0,3279.0
int__tai50_15_10,2723,343,2810.0,3194.0
int__tai50_15_10,2723,344,2907.0,3252.0
int__tai50_15_10,2723,345,2890.0,3284.0
int__tai50_15_10,2723,346,2933.0,3302.0
int__tai50_15_10,2723,347,2909.0,3267.0
int__tai50_15_10,2723,348,2962.0,3375.0
int__tai50_15_10,2723,349,3009.0,3365.0
int__tai50_15_10,2723,350,2915.0,3248.0
int__tai50_15_10,2723,351,2943.0,3318.0
int__tai50_15_10,2723,352,2998.0,3395.0
int__tai50_15_10,2723,353,2922.0,3296.0
int__tai50_15_10,2723,354,2923.0,3349.0
int__tai50_15_10,2723,355,2910.0,3269.0
int__tai50_15_10,2723,356,2907.0,3266.0
int__tai50_15_10,2723,357,2940.0,3333.0
int__tai50_15_10,2723,358,2886.0,3282.0
int__tai50_15_10,2723,359,3041.0,3398.0
int__tai50_15_10,2723,360,2935.0,3306.0
int__tai50_15_10,2723,361,2799.0,3164.0
int__tai50_15_10,2723,362,2975.0,3345.0
int__tai50_15_10,2723,363,2978.0,3403.0
int__tai50_15_10,2723,364,2885.0,3248.0
int__tai50_15_10,2723,365,2948.0,3330.0
int__tai50_15_10,2723,366,2931.0,3298.0
int__tai50_15_10,2723,367,2986.0,3399.0
int__tai50_15_10,2723,368,2979.0,3355.0
int__tai50_15_10,2723,369,2887.0,3259.0
int__tai50_15_10,2723,370,2930.0,3290.0
int__tai50_15_10,2723,371,2979.0,3363.0
int__tai50_15_10,2723,372,2999.0,3439.0
int__tai50_15_10,2723,373,2942.0,3306.0
int__tai50_15_10,2723,374,2966.0,3349.0
int__tai50_15_10,2723,375,2902.0,3247.0
int__tai50_15_10,2723,376,2953.0,3320.0
int__tai50_15_10,2723,377,2878.0,3254.0
int__tai50_15_10,2723,378,2916.0,3296.0
int__tai50_15_10,2723,379,2971.0,3342.0
int__tai50_15_10,2723,380,2889.0,3224.0
int__tai50_15_10,2723,381,2997.0,3367.0
int__tai50_15_10,2723,382,2988.0,3378.0
int__tai50_15_10,2723,383,2889.0,3237.0
int__tai50_15_10,2723,384,2925.0,3304.0
int__tai50_15_10,2723,385,2874.0,3273.0
int__tai50_15_10,2723,386,2863.0,3228.0
int__tai50_15_10,2723,387,2949.0,3336.0
int__tai50_15_10,2723,388,2977.0,3350.0
int__tai50_15_10,2723,389,2848.0,3243.0
int__tai50_15_10,2723,390,2879.0,3287.0
int__tai50_15_10,2723,391,2937.0,3327.0
int__tai50_15_10,2723,392,2980.0,3365.0
int__tai50_15_10,2723,393,2992.0,3392.0
int__tai50_15_10,2723,394,2953.0,3370.0
int__tai50_15_10,2723,395,2936.0,3312.0
int__tai50_15_10,2723,396,2924.0,3277.0
int__tai50_15_10,2723,397,2951.0,3339.0
int__tai50_15_10,2723,398,3107.0,3525.0
int__tai50_15_10,2723,399,2928.0,3274.0
int__tai50_15_10,2723,400,2926.0,3293.0
int__tai50_15_10,2723,401,2912.0,3287.0
int__tai50_15_10,2723,402,2988.0,3380.0
int__tai50_15_10,2723,403,3068.0,3445.0
int__tai50_15_10,2723,404,2994.0,3388.0
int__tai50_15_10,2723,405,2892.0,3270.0
int__tai50_15_10,2723,406,2909.0,3317.0
int__tai50_15_10,2723,407,2936.0,3286.0
int__tai50_15_10,2723,408,2934.0,3335.0
int__tai50_15_10,2723,409,2895.0,3260.0
int__tai50_15_10,2723,410,3038.0,3430.0
int__tai50_15_10,2723,411,2876.0,3259.0
int__tai50_15_10,2723,412,2872.0,3249.0
int__tai50_15_10,2723,413,2993.0,3383.0
int__tai50_15_10,2723,414,2913.0,3265.0
int__tai50_15_10,2723,415,2823.0,3195.0
int__tai50_15_10,2723,416,2941.0,3326.0
int__tai50_15_10,2723,417,2824.0,3213.0
int__tai50_15_10,2723,418,2979.0,3332.0
int__tai50_15_10,2723,419,3030.0,3457.0
int__tai50_15_10,2723,420,3001.0,3356.0
int__tai50_15_10,2723,421,2986.0,3424.0
int__tai50_15_10,2723,422,2900.0,3290.0
int__tai50_15_10,2723,423,2919.0,3323.0
int__tai50_15_10,2723,424,2896.0,3285.0
int__tai50_15_10,2723,425,2984.0,3364.0
int__tai50_15_10,2723,426,3018.0,3452.0
int__tai50_15_10,2723,427,3026.0,3444.0
int__tai50_15_10,2723,428,3049.0,3410.0
int__tai50_15_10,2723,429,2945.0,3333.0
int__tai50_15_10,2723,430,3021.0,3388.0
int__tai50_15_10,2723,431,3007.0,3378.0
int__tai50_15_10,2723,432,3065.0,3497.0
int__tai50_15_10,2723,433,2958.0,3377.0
int__tai50_15_10,2723,434,2880.0,3232.0
int__tai50_15_10,2723,435,2954.0,3332.0
int__tai50_15_10,2723,436,3017.0,3405.0
int__tai50_15_10,2723,437,3060.0,3445.0
int__tai50_15_10,2723,438,2948.0,3285.0
int__tai50_15_10,2723,439,2968.0,3373.0
int__tai50_15_10,2723,440,2995.0,3360.0
int__tai50_15_10,2723,441,2995.0,3395.0
int__tai50_15_10,2723,442,2903.0,3295.0
int__tai50_15_10,2723,443,2924.0,3292.0
int__tai50_15_10,2723,444,2948.0,3362.0
int__tai50_15_10,2723,445,2994.0,3355.0
int__tai50_15_10,2723,446,2971.0,3346.0
int__tai50_15_10,2723,447,2971.0,3372.0
int__tai50_15_10,2723,448,2988.0,3384.0
int__tai50_15_10,2723,449,2939.0,3318.0
int__tai50_15_10,2723,450,3078.0,3473.0
int__tai50_15_10,2723,451,3020.0,3397.0
int__tai50_15_10,2723,452,3028.0,3404.0
int__tai50_15_10,2723,453,3087.0,3484.0
int__tai50_15_10,2723,454,2894.0,3273.0
int__tai50_15_10,2723,455,2983.0,3381.0
int__tai50_15_10,2723,456,2940.0,3332.0
int__tai50_15_10,2723,457,2911.0,3302.0
int__tai50_15_10,2723,458,2924.0,3346.0
int__tai50_15_10,2723,459,2911.0,3291.0
int__tai50_15_10,2723,460,2978.0,3364.0
int__tai50_15_10,2723,461,2948.0,3353.0
int__tai50_15_10,2723,462,2911.0,3281.0
int__tai50_15_10,2723,463,2838.0,3199.0
int__tai50_15_10,2723,464,2857.0,3257.0
int__tai50_15_10,2723,465,3038.0,3377.0
int__tai50_15_10,2723,466,3015.0,3409.0
int__tai50_15_10,2723,467,2985.0,3344.0
int__tai50_15_10,2723,468,2928.0,3298.0
int__tai50_15_10,2723,469,2905.0,3294.0
int__tai50_15_10,2723,470,2957.0,3349.0
int__tai50_15_10,2723,471,2895.0,3242.0
int__tai50_15_10,2723,472,2995.0,3355.0
int__tai50_15_10,2723,473,2979.0,3362.0
int__tai50_15_10,2723,474,2926.0,3307.0
int__tai50_15_10,2723,475,2950.0,3326.0
int__tai50_15_10,2723,476,2909.0,3300.0
int__tai50_15_10,2723,477,3006.0,3387.0
int__tai50_15_10,2723,478,2871.0,3241.0
int__tai50_15_10,2723,479,2943.0,3328.0
int__tai50_15_10,2723,480,2921.0,3283.0
int__tai50_15_10,2723,481,2899.0,3282.0
int__tai50_15_10,2723,482,2989.0,3366.0
int__tai50_15_10,2723,483,2963.0,3374.0
int__tai50_15_10,2723,484,2881.0,3247.0
int__tai50_15_10,2723,485,2927.0,3302.0
int__tai50_15_10,2723,486,2905.0,3258.0
int__tai50_15_10,2723,487,2886.0,3247.0
int__tai50_15_10,2723,488,2976.0,3367.0
int__tai50_15_10,2723,489,2946.0,3346.0
int__tai50_15_10,2723,490,2920.0,3294.0
int__tai50_15_10,2723,491,2999.0,3351.0
int__tai50_15_10,2723,492,2937.0,3298.0
int__tai50_15_10,2723,493,2956.0,3306.0
int__tai50_15_10,2723,494,2933.0,3329.0
int__tai50_15_10,2723,495,2982.0,3376.0
int__tai50_15_10,2723,496,2972.0,3324.0
int__tai50_15_10,2723,497,2976.0,3355.0
int__tai50_15_10,2723,498,2996.0,3388.0
int__tai50_15_10,2723,499,2893.0,3287.0
int__tai50_15_10,2723,500,2881.0,3236.0
int__tai50_15_10,2723,501,3057.0,3466.0
int__tai50_15_10,2723,502,3083.0,3430.0
int__tai50_15_10,2723,503,2861.0,3281.0
int__tai50_15_10,2723,504,2932.0,3312.0
int__tai50_15_10,2723,505,2902.0,3288.0
int__tai50_15_10,2723,506,3004.0,3370.0
int__tai50_15_10,2723,507,2962.0,3386.0
int__tai50_15_10,2723,508,2893.0,3275.0
int__tai50_15_10,2723,509,3053.0,3422.0
int__tai50_15_10,2723,510,2976.0,3353.0
int__tai50_15_10,2723,511,2944.0,3320.0
int__tai50_15_10,2723,512,2969.0,3296.0
int__tai50_15_10,2723,513,3000.0,3389.0
int__tai50_15_10,2723,514,3002.0,3379.0
int__tai50_15_10,2723,515,2894.0,3267.0
int__tai50_15_10,2723,516,3038.0,3428.0
int__tai50_15_10,2723,517,2904.0,3277.0
int__tai50_15_10,2723,518,2956.0,3339.0
int__tai50_15_10,2723,519,2976.0,3314.0
int__tai50_15_10,2723,520,2909.0,3239.0
int__tai50_15_10,2723,521,2935.0,3357.0
int__tai50_15_10,2723,522,2856.0,3226.0
int__tai50_15_10,2723,523,2992.0,3372.0
int__tai50_15_10,2723,524,2804.0,3173.0
int__tai50_15_10,2723,525,3016.0,3360.0
int__tai50_15_10,2723,526,3034.0,3410.0
int__tai50_15_10,2723,527,2921.0,3292.0
int__tai50_15_10,2723,528,2980.0,3312.0
int__tai50_15_10,2723,529,2930.0,3270.0
int__tai50_15_10,2723,530,2953.0,3310.0
int__tai50_15_10,2723,531,2888.0,3293.0
int__tai50_15_10,2723,532,2952.0,3313.0
int__tai50_15_10,2723,533,2976.0,3336.0
int__tai50_15_10,2723,534,3091.0,3506.0
int__tai50_15_10,2723,535,2966.0,3318.0
int__tai50_15_10,2723,536,2938.0,3311.0
int__tai50_15_10,2723,537,2988.0,3323.0
int__tai50_15_10,2723,538,3007.0,3360.0
int__tai50_15_10,2723,539,2902.0,3272.0
int__tai50_15_10,2723,540,2998.0,3350.0
int__tai50_15_10,2723,541,2922.0,3275.0
int__tai50_15_10,2723,542,3031.0,3417.0
int__tai50_15_10,2723,543,2973.0,3339.0
int__tai50_15_10,2723,544,2903.0,3258.0
int__tai50_15_10,2723,545,2932.0,3293.0
int__tai50_15_10,2723,546,3048.0,3445.0
int__tai50_15_10,2723,547,2982.0,3386.0
int__tai50_15_10,2723,548,2871.0,3266.0
int__tai50_15_10,2723,549,2913.0,3286.0
int__tai50_15_10,2723,550,2909.0,3234.0
int__tai50_15_10,2723,551,2942.0,3309.0
int__tai50_15_10,2723,552,2983.0,3359.0
int__tai50_15_10,2723,553,3019.0,3441.0
int__tai50_15_10,2723,554,2926.0,3291.0
int__tai50_15_10,2723,555,3013.0,3409.0
int__tai50_15_10,2723,556,2902.0,3267.0
int__tai50_15_10,2723,557,2926.0,3261.0
int__tai50_15_10,2723,558,2978.0,3347.0
int__tai50_15_10,2723,559,2886.0,3235.0
int__tai50_15_10,2723,560,3014.0,3381.0
int__tai50_15_10,2723,561,2961.0,3345.0
int__tai50_15_10,2723,562,2857.0,3230.0
int__tai50_15_10,2723,563,2984.0,3371.0
int__tai50_15_10,2723,564,2882.0,3239.0
int__tai50_15_10,2723,565,2785.0,3190.0
int__tai50_15_10,2723,566,2953.0,3301.0
int__tai50_15_10,2723,567,2911.0,3279.0
int__tai50_15_10,2723,568,2909.0,3269.0
int__tai50_15_10,2723,569,2930.0,3329.0
int__tai50_15_10,2723,570,2968.0,3365.0
int__tai50_15_10,2723,571,2989.0,3345.0
int__tai50_15_10,2723,572,2891.0,3283.0
int__tai50_15_10,2723,573,2907.0,3326.0
int__tai50_15_10,2723,574,2929.0,3307.0
int__tai50_15_10,2723,575,2948.0,3320.0
int__tai50_15_10,2723,576,2902.0,3259.0
int__tai50_15_10,2723,577,2887.0,3226.0
int__tai50_15_10,2723,578,3018.0,3418.0
int__tai50_15_10,2723,579,2907.0,3286.0
int__tai50_15_10,2723,580,2985.0,3355.0
int__tai50_15_10,2723,581,2925.0,3225.0
int__tai50_15_10,2723,582,3018.0,3381.0
int__tai50_15_10,2723,583,2868.0,3236.0
int__tai50_15_10,2723,584,2905.0,3259.0
int__tai50_15_10,2723,585,2973.0,3359.0
int__tai50_15_10,2723,586,2963.0,3408.0
int__tai50_15_10,2723,587,2968.0,3331.0
int__tai50_15_10,2723,588,2833.0,3187.0
int__tai50_15_10,2723,589,2952.0,3326.0
int__tai50_15_10,2723,590,2978.0,3359.0
int__tai50_15_10,2723,591,2940.0,3321.0
int__tai50_15_10,2723,592,2989.0,3342.0
int__tai50_15_10,2723,593,2956.0,3336.0
int__tai50_15_10,2723,594,2885.0,3270.0
int__tai50_15_10,2723,595,2907.0,3264.0
int__tai50_15_10,2723,596,3044.0,3424.0
int__tai50_15_10,2723,597,2979.0,3338.0
int__tai50_15_10,2723,598,2966.0,3347.0
int__tai50_15_10,2723,599,3032.0,3383.0
int__tai50_15_10,2723,600,3006.0,3395.0
int__tai50_15_10,2723,601,2927.0,3268.0
int__tai50_15_10,2723,602,2910.0,3350.0
int__tai50_15_10,2723,603,3015.0,3393.0
int__tai50_15_10,2723,604,2898.0,3254.0
int__tai50_15_10,2723,605,2855.0,3232.0
int__tai50_15_10,2723,606,2983.0,3380.0
int__tai50_15_10,2723,607,2900.0,3259.0
int__tai50_15_10,2723,608,2895.0,3248.0
int__tai50_15_10,2723,609,2977.0,3382.0
int__tai50_15_10,2723,610,2881.0,3270.0
int__tai50_15_10,2723,611,3025.0,3386.0
int__tai50_15_10,2723,612,3123.0,3550.0
int__tai50_15_10,2723,613,3005.0,3404.0
int__tai50_15_10,2723,614,2953.0,3354.0
int__tai50_15_10,2723,615,2882.0,3285.0
int__tai50_15_10,2723,616,2939.0,3311.0
int__tai50_15_10,2723,617,3003.0,3385.0
int__tai50_15_10,2723,618,2995.0,3399.0
int__tai50_15_10,2723,619,2967.0,3326.0
int__tai50_15_10,2723,620,2950.0,3349.0
int__tai50_15_10,2723,621,2945.0,3298.0
int__tai50_15_10,2723,622,2990.0,3352.0
int__tai50_15_10,2723,623,3026.0,3396.0
int__tai50_15_10,2723,624,2931.0,3304.0
int__tai50_15_10,2723,625,3012.0,3391.0
int__tai50_15_10,2723,626,2916.0,3295.0
int__tai50_15_10,2723,627,2874.0,3240.0
int__tai50_15_10,2723,628,2993.0,3399.0
int__tai50_15_10,2723,629,2963.0,3383.0
int__tai50_15_10,2723,630,2900.0,3266.0
int__tai50_15_10,2723,631,2943.0,3353.0
int__tai50_15_10,2723,632,2937.0,3285.0
int__tai50_15_10,2723,633,2903.0,3270.0
int__tai50_15_10,2723,634,2993.0,3360.0
int__tai50_15_10,2723,635,2955.0,3337.0
int__tai50_15_10,2723,636,2919.0,3299.0
int__tai50_15_10,2723,637,2984.0,3374.0
int__tai50_15_10,2723,638,3085.0,3530.0
int__tai50_15_10,2723,639,2877.0,3252.0
int__tai50_15_10,2723,640,3005.0,3371.0
int__tai50_15_10,2723,641,2894.0,3288.0
int__tai50_15_10,2723,642,2947.0,3328.0
int__tai50_15_10,2723,643,2880.0,3257.0
int__tai50_15_10,2723,644,2920.0,3310.0
int__tai50_15_10,2723,645,2871.0,3238.0
int__tai50_15_10,2723,646,2968.0,3330.0
int__tai50_15_10,2723,647,2869.0,3271.0
int__tai50_15_10,2723,648,2984.0,3387.0
int__tai50_15_10,2723,649,2975.0,3343.0
int__tai50_15_10,2723,650,2916.0,3279.0
int__tai50_15_10,2723,651,2866.0,3248.0
int__tai50_15_10,2723,652,2899.0,3285.0
int__tai50_15_10,2723,653,2979.0,3322.0
int__tai50_15_10,2723,654,2996.0,3370.0
int__tai50_15_10,2723,655,2908.0,3306.0
int__tai50_15_10,2723,656,2842.0,3202.0
int__tai50_15_10,2723,657,2859.0,3227.0
int__tai50_15_10,2723,658,3006.0,3374.0
int__tai50_15_10,2723,659,3043.0,3467.0
int__tai50_15_10,2723,660,2854.0,3251.0
int__tai50_15_10,2723,661,2931.0,3321.0
int__tai50_15_10,2723,662,2949.0,3310.0
int__tai50_15_10,2723,663,3030.0,3377.0
int__tai50_15_10,2723,664,2973.0,3345.0
int__tai50_15_10,2723,665,3041.0,3425.0
int__tai50_15_10,2723,666,2858.0,3206.0
int__tai50_15_10,2723,667,3000.0,3365.0
int__tai50_15_10,2723,668,2924.0,3302.0
int__tai50_15_10,2723,669,3050.0,3432.0
int__tai50_15_10,2723,670,2912.0,3275.0
int__tai50_15_10,2723,671,2896.0,3262.0
int__tai50_15_10,2723,672,2933.0,3320.0
int__tai50_15_10,2723,673,2998.0,3395.0
int__tai50_15_10,2723,674,2943.0,3320.0
int__tai50_15_10,2723,675,2819.0,3194.0
int__tai50_15_10,2723,676,3095.0,3439.0
int__tai50_15_10,2723,677,2951.0,3326.0
int__tai50_15_10,2723,678,2873.0,3245.0
int__tai50_15_10,2723,679,2980.0,3359.0
int__tai50_15_10,2723,680,3005.0,3410.0
int__tai50_15_10,2723,681,2916.0,3277.0
int__tai50_15_10,2723,682,2880.0,3265.0
int__tai50_15_10,2723,683,2827.0,3268.0
int__tai50_15_10,2723,684,2968.0,3329.0
int__tai50_15_10,2723,685,2881.0,3255.0
int__tai50_15_10,2723,686,2833.0,3200.0
int__tai50_15_10,2723,687,3045.0,3478.0
int__tai50_15_10,2723,688,2980.0,3371.0
int__tai50_15_10,2723,689,2888.0,3283.0
int__tai50_15_10,2723,690,2905.0,3282.0
int__tai50_15_10,2723,691,2902.0,3241.0
int__tai50_15_10,2723,692,2948.0,3333.0
int__tai50_15_10,2723,693,2985.0,3363.0
int__tai50_15_10,2723,694,2904.0,3289.0
int__tai50_15_10,2723,695,2884.0,3235.0
int__tai50_15_10,2723,696,2934.0,3286.0
int__tai50_15_10,2723,697,2904.0,3252.0
int__tai50_15_10,2723,698,2975.0,3341.0
int__tai50_15_10,2723,699,3019.0,3383.0
int__tai50_15_10,2723,700,2905.0,3264.0
int__tai50_15_10,2723,701,2927.0,3305.0
int__tai50_15_10,2723,702,2890.0,3277.0
int__tai50_15_10,2723,703,2932.0,3303.0
int__tai50_15_10,2723,704,2943.0,3323.0
int__tai50_15_10,2723,705,2809.0,3220.0
int__tai50_15_10,2723,706,2969.0,3318.0
int__tai50_15_10,2723,707,2986.0,3347.0
int__tai50_15_10,2723,708,3037.0,3411.0
int__tai50_15_10,2723,709,2913.0,3259.0
int__tai50_15_10,2723,710,2874.0,3266.0
int__tai50_15_10,2723,711,2843.0,3228.0
int__tai50_15_10,2723,712,3057.0,3460.0
int__tai50_15_10,2723,713,3015.0,3386.0
int__tai50_15_10,2723,714,2979.0,3361.0
int__tai50_15_10,2723,715,2968.0,3342.0
int__tai50_15_10,2723,716,2991.0,3363.0
int__tai50_15_10,2723,717,2909.0,3298.0
int__tai50_15_10,2723,718,2867.0,3201.0
int__tai50_15_10,2723,719,2932.0,3342.0
int__tai50_15_10,2723,720,2887.0,3253.0
int__tai50_15_10,2723,721,2933.0,3320.0
int__tai50_15_10,2723,722,2947.0,3323.0
int__tai50_15_10,2723,723,2928.0,3318.0
int__tai50_15_10,2723,724,2976.0,3333.0
int__tai50_15_10,2723,725,2916.0,3275.0
int__tai50_15_10,2723,726,2881.0,3202.0
int__tai50_15_10,2723,727,2988.0,3369.0
int__tai50_15_10,2723,728,2986.0,3366.0
int__tai50_15_10,2723,729,3048.0,3425.0
int__tai50_15_10,2723,730,2954.0,3366.0
int__tai50_15_10,2723,731,2988.0,3336.0
int__tai50_15_10,2723,732,2986.0,3399.0
int__tai50_15_10,2723,733,2868.0,3251.0
int__tai50_15_10,2723,734,3024.0,3425.0
int__tai50_15_10,2723,735,2908.0,3225.0
int__tai50_15_10,2723,736,2940.0,3322.0
int__tai50_15_10,2723,737,2942.0,3342.0
int__tai50_15_10,2723,738,2972.0,3386.0
int__tai50_15_10,2723,739,2969.0,3330.0
int__tai50_15_10,2723,740,2931.0,3277.0
int__tai50_15_10,2723,741,2945.0,3316.0
int__tai50_15_10,2723,742,3022.0,3432.0
int__tai50_15_10,2723,743,2958.0,3340.0
int__tai50_15_10,2723,744,2956.0,3357.0
int__tai50_15_10,2723,745,2997.0,3385.0
int__tai50_15_10,2723,746,2939.0,3338.0
int__tai50_15_10,2723,747,2901.0,3291.0
int__tai50_15_10,2723,748,2874.0,3240.0
int__tai50_15_10,2723,749,3022.0,3424.0
int__tai50_15_10,2723,750,3002.0,3429.0
int__tai50_15_10,2723,751,2916.0,3280.0
int__tai50_15_10,2723,752,2947.0,3338.0
int__tai50_15_10,2723,753,3012.0,3430.0
int__tai50_15_10,2723,754,2899.0,3319.0
int__tai50_15_10,2723,755,3060.0,3408.0
int__tai50_15_10,2723,756,2829.0,3182.0
int__tai50_15_10,2723,757,2955.0,3329.0
int__tai50_15_10,2723,758,2899.0,3258.0
int__tai50_15_10,2723,759,2944.0,3303.0
int__tai50_15_10,2723,760,3082.0,3447.0
int__tai50_15_10,2723,761,2871.0,3244.0
int__tai50_15_10,2723,762,2822.0,3171.0
int__tai50_15_10,2723,763,2923.0,3293.0
int__tai50_15_10,2723,764,3000.0,3393.0
int__tai50_15_10,2723,765,3073.0,3497.0
int__tai50_15_10,2723,766,3078.0,3488.0
int__tai50_15_10,2723,767,3069.0,3466.0
int__tai50_15_10,2723,768,3011.0,3369.0
int__tai50_15_10,2723,769,2883.0,3277.0
int__tai50_15_10,2723,770,3115.0,3513.0
int__tai50_15_10,2723,771,3045.0,3467.0
int__tai50_15_10,2723,772,2879.0,3221.0
int__tai50_15_10,2723,773,2990.0,3400.0
int__tai50_15_10,2723,774,2984.0,3383.0
int__tai50_15_10,2723,775,2916.0,3257.0
int__tai50_15_10,2723,776,2991.0,3348.0
int__tai50_15_10,2723,777,2902.0,3303.0
int__tai50_15_10,2723,778,3027.0,3391.0
int__tai50_15_10,2723,779,2942.0,3338.0
int__tai50_15_10,2723,780,2915.0,3342.0
int__tai50_15_10,2723,781,3036.0,3417.0
int__tai50_15_10,2723,782,2911.0,3302.0
int__tai50_15_10,2723,783,2815.0,3189.0
int__tai50_15_10,2723,784,2936.0,3323.0
int__tai50_15_10,2723,785,3032.0,3418.0
int__tai50_15_10,2723,786,2879.0,3262.0
int__tai50_15_10,2723,787,2952.0,3332.0
int__tai50_15_10,2723,788,2889.0,3261.0
int__tai50_15_10,2723,789,3019.0,3409.0
int__tai50_15_10,2723,790,2892.0,3280.0
int__tai50_15_10,2723,791,2948.0,3314.0
int__tai50_15_10,2723,792,2934.0,3303.0
int__tai50_15_10,2723,793,2954.0,3331.0
int__tai50_15_10,2723,794,2905.0,3302.0
int__tai50_15_10,2723,795,2849.0,3212.0
int__tai50_15_10,2723,796,2930.0,3335.0
int__tai50_15_10,2723,797,3067.0,3475.0
int__tai50_15_10,2723,798,2946.0,3309.0
int__tai50_15_10,2723,799,2951.0,3321.0
int__tai50_15_10,2723,800,2987.0,3411.0
int__tai50_15_10,2723,801,2945.0,3343.0
int__tai50_15_10,2723,802,2854.0,3243.0
int__tai50_15_10,2723,803,2937.0,3314.0
int__tai50_15_10,2723,804,3006.0,3402.0
int__tai50_15_10,2723,805,2891.0,3224.0
int__tai50_15_10,2723,806,2871.0,3262.0
int__tai50_15_10,2723,807,3048.0,3441.0
int__tai50_15_10,2723,808,2888.0,3290.0
int__tai50_15_10,2723,809,2900.0,3252.0
int__tai50_15_10,2723,810,2953.0,3343.0
int__tai50_15_10,2723,811,3010.0,3384.0
int__tai50_15_10,2723,812,2866.0,3242.0
int__tai50_15_10,2723,813,3014.0,3368.0
int__tai50_15_10,2723,814,3098.0,3478.0
int__tai50_15_10,2723,815,2902.0,3249.0
int__tai50_15_10,2723,816,2978.0,3374.0
int__tai50_15_10,2723,817,2914.0,3295.0
int__tai50_15_10,2723,818,2914.0,3257.0
int__tai50_15_10,2723,819,2950.0,3339.0
int__tai50_15_10,2723,820,2924.0,3316.0
int__tai50_15_10,2723,821,2855.0,3202.0
int__tai50_15_10,2723,822,3018.0,3402.0
int__tai50_15_10,2723,823,2906.0,3317.0
int__tai50_15_10,2723,824,2865.0,3249.0
int__tai50_15_10,2723,825,2845.0,3205.0
int__tai50_15_10,2723,826,2919.0,3270.0
int__tai50_15_10,2723,827,2872.0,3231.0
int__tai50_15_10,2723,828,2949.0,3348.0
int__tai50_15_10,2723,829,2996.0,3396.0
int__tai50_15_10,2723,830,2932.0,3286.0
int__tai50_15_10,2723,831,2976.0,3381.0
int__tai50_15_10,2723,832,2974.0,3341.0
int__tai50_15_10,2723,833,2901.0,3243.0
int__tai50_15_10,2723,834,2855.0,3204.0
int__tai50_15_10,2723,835,2962.0,3343.0
int__tai50_15_10,2723,836,2989.0,3394.0
int__tai50_15_10,2723,837,2904.0,3270.0
int__tai50_15_10,2723,838,3053.0,3455.0
int__tai50_15_10,2723,839,2883.0,3253.0
int__tai50_15_10,2723,840,2830.0,3225.0
int__tai50_15_10,2723,841,2922.0,3287.0
int__tai50_15_10,2723,842,3041.0,3424.0
int__tai50_15_10,2723,843,2965.0,3360.0
int__tai50_15_10,2723,844,2941.0,3301.0
int__tai50_15_10,2723,845,3061.0,3476.0
int__tai50_15_10,2723,846,2838.0,3208.0
int__tai50_15_10,2723,847,2967.0,3349.0
int__tai50_15_10,2723,848,2847.0,3201.0
int__tai50_15_10,2723,849,2891.0,3243.0
int__tai50_15_10,2723,850,2954.0,3364.0
int__tai50_15_10,2723,851,2958.0,3338.0
int__tai50_15_10,2723,852,3080.0,3441.0
int__tai50_15_10,2723,853,2854.0,3241.0
int__tai50_15_10,2723,854,2842.0,3208.0
int__tai50_15_10,2723,855,3051.0,3449.0
int__tai50_15_10,2723,856,2951.0,3343.0
int__tai50_15_10,2723,857,2997.0,3400.0
int__tai50_15_10,2723,858,3017.0,3397.0
int__tai50_15_10,2723,859,2965.0,3369.0
int__tai50_15_10,2723,860,2985.0,3361.0
int__tai50_15_10,2723,861,2987.0,3378.0
int__tai50_15_10,2723,862,3037.0,3430.0
int__tai50_15_10,2723,863,3002.0,3373.0
int__tai50_15_10,2723,864,2888.0,3228.0
int__tai50_15_10,2723,865,2937.0,3309.0
int__tai50_15_10,2723,866,3021.0,3394.0
int__tai50_15_10,2723,867,2937.0,3343.0
int__tai50_15_10,2723,868,2993.0,3369.0
int__tai50_15_10,2723,869,2965.0,3340.0
int__tai50_15_10,2723,870,2949.0,3347.0
int__tai50_15_10,2723,871,2885.0,3237.0
int__tai50_15_10,2723,872,3015.0,3390.0
int__tai50_15_10,2723,873,2956.0,3338.0
int__tai50_15_10,2723,874,3018.0,3410.0
int__tai50_15_10,2723,875,3021.0,3410.0
int__tai50_15_10,2723,876,2880.0,3247.0
int__tai50_15_10,2723,877,2855.0,3227.0
int__tai50_15_10,2723,878,2955.0,3361.0
int__tai50_15_10,2723,879,2862.0,3229.0
int__tai50_15_10,2723,880,2940.0,3349.0
int__tai50_15_10,2723,881,2908.0,3277.0
int__tai50_15_10,2723,882,2971.0,3346.0
int__tai50_15_10,2723,883,2947.0,3339.0
int__tai50_15_10,2723,884,2915.0,3308.0
int__tai50_15_10,2723,885,2931.0,3317.0
int__tai50_15_10,2723,886,2998.0,3384.0
int__tai50_15_10,2723,887,2964.0,3350.0
int__tai50_15_10,2723,888,2985.0,3368.0
int__tai50_15_10,2723,889,2920.0,3290.0
int__tai50_15_10,2723,890,3052.0,3435.0
int__tai50_15_10,2723,891,2892.0,3260.0
int__tai50_15_10,2723,892,2925.0,3333.0
int__tai50_15_10,2723,893,2882.0,3233.0
int__tai50_15_10,2723,894,2956.0,3370.0
int__tai50_15_10,2723,895,2972.0,3407.0
int__tai50_15_10,2723,896,3047.0,3451.0
int__tai50_15_10,2723,897,2883.0,3260.0
int__tai50_15_10,2723,898,2974.0,3352.0
int__tai50_15_10,2723,899,2881.0,3248.0
int__tai50_15_10,2723,900,3067.0,3464.0
int__tai50_15_10,2723,901,3017.0,3408.0
int__tai50_15_10,2723,902,2973.0,3365.0
int__tai50_15_10,2723,903,2961.0,3337.0
int__tai50_15_10,2723,904,2951.0,3377.0
int__tai50_15_10,2723,905,2915.0,3280.0
int__tai50_15_10,2723,906,2939.0,3333.0
int__tai50_15_10,2723,907,2918.0,3263.0
int__tai50_15_10,2723,908,2845.0,3235.0
int__tai50_15_10,2723,909,2894.0,3248.0
int__tai50_15_10,2723,910,2923.0,3286.0
int__tai50_15_10,2723,911,2930.0,3306.0
int__tai50_15_10,2723,912,2916.0,3286.0
int__tai50_15_10,2723,913,2984.0,3386.0
int__tai50_15_10,2723,914,2981.0,3371.0
int__tai50_15_10,2723,915,3137.0,3515.0
int__tai50_15_10,2723,916,2904.0,3295.0
int__tai50_15_10,2723,917,2895.0,3265.0
int__tai50_15_10,2723,918,2930.0,3280.0
int__tai50_15_10,2723,919,2980.0,3334.0
int__tai50_15_10,2723,920,2906.0,3275.0
int__tai50_15_10,2723,921,3041.0,3433.0
int__tai50_15_10,2723,922,2963.0,3338.0
int__tai50_15_10,2723,923,2945.0,3331.0
int__tai50_15_10,2723,924,2950.0,3354.0
int__tai50_15_10,2723,925,2973.0,3343.0
int__tai50_15_10,2723,926,2976.0,3366.0
int__tai50_15_10,2723,927,3126.0,3554.0
int__tai50_15_10,2723,928,2966.0,3372.0
int__tai50_15_10,2723,929,2877.0,3274.0
int__tai50_15_10,2723,930,3051.0,3411.0
int__tai50_15_10,2723,931,2929.0,3298.0
int__tai50_15_10,2723,932,2872.0,3199.0
int__tai50_15_10,2723,933,3020.0,3407.0
int__tai50_15_10,2723,934,2934.0,3289.0
int__tai50_15_10,2723,935,2944.0,3324.0
int__tai50_15_10,2723,936,3051.0,3402.0
int__tai50_15_10,2723,937,2877.0,3247.0
int__tai50_15_10,2723,938,2965.0,3381.0
int__tai50_15_10,2723,939,2930.0,3319.0
int__tai50_15_10,2723,940,3023.0,3406.0
int__tai50_15_10,2723,941,3007.0,3453.0
int__tai50_15_10,2723,942,2974.0,3365.0
int__tai50_15_10,2723,943,2946.0,3324.0
int__tai50_15_10,2723,944,2967.0,3350.0
int__tai50_15_10,2723,945,2932.0,3311.0
int__tai50_15_10,2723,946,2894.0,3279.0
int__tai50_15_10,2723,947,2925.0,3271.0
int__tai50_15_10,2723,948,3017.0,3432.0
int__tai50_15_10,2723,949,3012.0,3407.0
int__tai50_15_10,2723,950,2894.0,3249.0
int__tai50_15_10,2723,951,3011.0,3390.0
int__tai50_15_10,2723,952,2990.0,3374.0
int__tai50_15_10,2723,953,2919.0,3283.0
int__tai50_15_10,2723,954,2974.0,3343.0
int__tai50_15_10,2723,955,2954.0,3327.0
int__tai50_15_10,2723,956,2941.0,3292.0
int__tai50_15_10,2723,957,2966.0,3376.0
int__tai50_15_10,2723,958,2987.0,3366.0
int__tai50_15_10,2723,959,2913.0,3338.0
int__tai50_15_10,2723,960,2974.0,3380.0
int__tai50_15_10,2723,961,2880.0,3244.0
int__tai50_15_10,2723,962,2829.0,3189.0
int__tai50_15_10,2723,963,2852.0,3230.0
int__tai50_15_10,2723,964,2911.0,3298.0
int__tai50_15_10,2723,965,2921.0,3302.0
int__tai50_15_10,2723,966,3003.0,3422.0
int__tai50_15_10,2723,967,3057.0,3450.0
int__tai50_15_10,2723,968,3013.0,3408.0
int__tai50_15_10,2723,969,2888.0,3239.0
int__tai50_15_10,2723,970,2918.0,3296.0
int__tai50_15_10,2723,971,2835.0,3238.0
int__tai50_15_10,2723,972,2884.0,3270.0
int__tai50_15_10,2723,973,3081.0,3471.0
int__tai50_15_10,2723,974,2961.0,3345.0
int__tai50_15_10,2723,975,2944.0,3357.0
int__tai50_15_10,2723,976,3002.0,3371.0
int__tai50_15_10,2723,977,2917.0,3287.0
int__tai50_15_10,2723,978,2852.0,3225.0
int__tai50_15_10,2723,979,2839.0,3211.0
int__tai50_15_10,2723,980,3043.0,3443.0
int__tai50_15_10,2723,981,2936.0,3307.0
int__tai50_15_10,2723,982,2933.0,3290.0
int__tai50_15_10,2723,983,3035.0,3428.0
int__tai50_15_10,2723,984,2889.0,3241.0
int__tai50_15_10,2723,985,3000.0,3381.0
int__tai50_15_10,2723,986,2919.0,3306.0
int__tai50_15_10,2723,987,2894.0,3260.0
int__tai50_15_10,2723,988,2932.0,3309.0
int__tai50_15_10,2723,989,2962.0,3355.0
int__tai50_15_10,2723,990,2897.0,3242.0
int__tai50_15_10,2723,991,3028.0,3380.0
int__tai50_15_10,2723,992,2947.0,3321.0
int__tai50_15_10,2723,993,2975.0,3315.0
int__tai50_15_10,2723,994,3030.0,3404.0
int__tai50_15_10,2723,995,2860.0,3267.0
int__tai50_15_10,2723,996,2902.0,3289.0
int__tai50_15_10,2723,997,2956.0,3332.0
int__tai50_15_10,2723,998,3042.0,3413.0
int__tai50_15_10,2723,999,2966.0,3335.0
int__tai50_15_10,2723,1000,2974.0,3347.0
int__tai50_15_10,2723,1001,2922.0,3282.0
int__tai50_15_10,2723,1002,3041.0,3411.0
int__tai50_15_10,2723,1003,2992.0,3363.0
int__tai50_15_10,2723,1004,3017.0,3380.0
int__tai50_15_10,2723,1005,2830.0,3199.0
int__tai50_15_10,2723,1006,2981.0,3391.0
int__tai50_15_10,2723,1007,2935.0,3317.0
int__tai50_15_10,2723,1008,2933.0,3304.0
int__tai50_15_10,2723,1009,2902.0,3272.0
int__tai50_15_10,2723,1010,2918.0,3333.0
int__tai50_15_10,2723,1011,3057.0,3407.0
int__tai50_15_10,2723,1012,2927.0,3297.0
int__tai50_15_10,2723,1013,2916.0,3285.0
int__tai50_15_10,2723,1014,3005.0,3411.0
int__tai50_15_10,2723,1015,2869.0,3229.0
int__tai50_15_10,2723,1016,2959.0,3349.0
int__tai50_15_10,2723,1017,3045.0,3429.0
int__tai50_15_10,2723,1018,3016.0,3400.0
int__tai50_15_10,2723,1019,3034.0,3452.0
int__tai50_15_10,2723,1020,2925.0,3303.0
int__tai50_15_10,2723,1021,2910.0,3294.0
int__tai50_15_10,2723,1022,2864.0,3213.0
int__tai50_15_10,2723,1023,3000.0,3434.0
int__tai50_20_06,2845,0,2988.0,3381.0
int__tai50_20_06,2845,1,3185.0,3538.0
int__tai50_20_06,2845,2,3117.0,3502.0
int__tai50_20_06,2845,3,3113.0,3519.0
int__tai50_20_06,2845,4,3022.0,3452.0
int__tai50_20_06,2845,5,3042.0,3451.0
int__tai50_20_06,2845,6,3094.0,3503.0
int__tai50_20_06,2845,7,3069.0,3479.0
int__tai50_20_06,2845,8,3087.0,3491.0
int__tai50_20_06,2845,9,3019.0,3404.0
int__tai50_20_06,2845,10,2989.0,3389.0
int__tai50_20_06,2845,11,3024.0,3434.0
int__tai50_20_06,2845,12,3005.0,3436.0
int__tai50_20_06,2845,13,3059.0,3446.0
int__tai50_20_06,2845,14,3053.0,3433.0
int__tai50_20_06,2845,15,3075.0,3503.0
int__tai50_20_06,2845,16,3069.0,3464.0
int__tai50_20_06,2845,17,3078.0,3462.0
int__tai50_20_06,2845,18,3093.0,3469.0
int__tai50_20_06,2845,19,3165.0,3565.0
int__tai50_20_06,2845,20,3007.0,3423.0
int__tai50_20_06,2845,21,3134.0,3547.0
int__tai50_20_06,2845,22,3034.0,3408.0
int__tai50_20_06,2845,23,3024.0,3431.0
int__tai50_20_06,2845,24,3009.0,3414.0
int__tai50_20_06,2845,25,3011.0,3397.0
int__tai50_20_06,2845,26,3020.0,3426.0
int__tai50_20_06,2845,27,3152.0,3538.0
int__tai50_20_06,2845,28,3062.0,3451.0
int__tai50_20_06,2845,29,3125.0,3529.0
int__tai50_20_06,2845,30,3066.0,3452.0
int__tai50_20_06,2845,31,3114.0,3552.0
int__tai50_20_06,2845,32,3077.0,3456.0
int__tai50_20_06,2845,33,3033.0,3428.0
int__tai50_20_06,2845,34,3064.0,3460.0
int__tai50_20_06,2845,35,3064.0,3472.0
int__tai50_20_06,2845,36,3052.0,3470.0
int__tai50_20_06,2845,37,3069.0,3431.0
int__tai50_20_06,2845,38,3049.0,3428.0
int__tai50_20_06,2845,39,3155.0,3540.0
int__tai50_20_06,2845,40,3093.0,3490.0
int__tai50_20_06,2845,41,3046.0,3451.0
int__tai50_20_06,2845,42,3029.0,3425.0
int__tai50_20_06,2845,43,3054.0,3457.0
int__tai50_20_06,2845,44,3050.0,3504.0
int__tai50_20_06,2845,45,3056.0,3458.0
int__tai50_20_06,2845,46,2983.0,3413.0
int__tai50_20_06,2845,47,3011.0,3406.0
int__tai50_20_06,2845,48,3165.0,3559.0
int__tai50_20_06,2845,49,3047.0,3504.0
int__tai50_20_06,2845,50,2980.0,3401.0
int__tai50_20_06,2845,51,3048.0,3435.0
int__tai50_20_06,2845,52,3083.0,3504.0
int__tai50_20_06,2845,53,3018.0,3429.0
int__tai50_20_06,2845,54,3105.0,3492.0
int__tai50_20_06,2845,55,3051.0,3451.0
int__tai50_20_06,2845,56,3020.0,3455.0
int__tai50_20_06,2845,57,3019.0,3399.0
int__tai50_20_06,2845,58,3125.0,3527.0
int__tai50_20_06,2845,59,3139.0,3520.0
int__tai50_20_06,2845,60,3030.0,3431.0
int__tai50_20_06,2845,61,2993.0,3398.0
int__tai50_20_06,2845,62,3098.0,3538.0
int__tai50_20_06,2845,63,3040.0,3446.0
int__tai50_20_06,2845,64,3099.0,3485.0
int__tai50_20_06,2845,65,3095.0,3521.0
int__tai50_20_06,2845,66,3066.0,3476.0
int__tai50_20_06,2845,67,3046.0,3448.0
int__tai50_20_06,2845,68,3018.0,3431.0
int__tai50_20_06,2845,69,3029.0,3432.0
int__tai50_20_06,2845,70,3073.0,3499.0
int__tai50_20_06,2845,71,3070.0,3499.0
int__tai50_20_06,2845,72,3030.0,3421.0
int__tai50_20_06,2845,73,3137.0,3563.0
int__tai50_20_06,2845,74,3009.0,3390.0
int__tai50_20_06,2845,75,3045.0,3443.0
int__tai50_20_06,2845,76,3056.0,3468.0
int__tai50_20_06,2845,77,3103.0,3539.0
int__tai50_20_06,2845,78,3115.0,3453.0
int__tai50_20_06,2845,79,3048.0,3478.0
int__tai50_20_06,2845,80,3077.0,3470.0
int__tai50_20_06,2845,81,3086.0,3461.0
int__tai50_20_06,2845,82,3085.0,3520.0
int__tai50_20_06,2845,83,3000.0,3406.0
int__tai50_20_06,2845,84,3059.0,3489.0
int__tai50_20_06,2845,85,3064.0,3470.0
int__tai50_20_06,2845,86,3066.0,3524.0
int__tai50_20_06,2845,87,3096.0,3487.0
int__tai50_20_06,2845,88,3051.0,3452.0
int__tai50_20_06,2845,89,3063.0,3437.0
int__tai50_20_06,2845,90,3068.0,3459.0
int__tai50_20_06,2845,91,3075.0,3511.0
int__tai50_20_06,2845,92,3047.0,3455.0
int__tai50_20_06,2845,93,3058.0,3422.0
int__tai50_20_06,2845,94,3069.0,3480.0
int__tai50_20_06,2845,95,3039.0,3432.0
int__tai50_20_06,2845,96,3002.0,3377.0
int__tai50_20_06,2845,97,3032.0,3449.0
int__tai50_20_06,2845,98,3161.0,3519.0
int__tai50_20_06,2845,99,3090.0,3476.0
int__tai50_20_06,2845,100,3196.0,3532.0
int__tai50_20_06,2845,101,3048.0,3429.0
int__tai50_20_06,2845,102,3091.0,3505.0
int__tai50_20_06,2845,103,3073.0,3489.0
int__tai50_20_06,2845,104,3045.0,3433.0
int__tai50_20_06,2845,105,3070.0,3465.0
int__tai50_20_06,2845,106,3074.0,3481.0
int__tai50_20_06,2845,107,3213.0,3643.0
int__tai50_20_06,2845,108,3020.0,3409.0
int__tai50_20_06,2845,109,3136.0,3521.0
int__tai50_20_06,2845,110,3005.0,3413.0
int__tai50_20_06,2845,111,3025.0,3458.0
int__tai50_20_06,2845,112,3054.0,3465.0
int__tai50_20_06,2845,113,2974.0,3396.0
int__tai50_20_06,2845,114,3030.0,3420.0
int__tai50_20_06,2845,115,3074.0,3460.0
int__tai50_20_06,2845,116,3094.0,3492.0
int__tai50_20_06,2845,117,3059.0,3464.0
int__tai50_20_06,2845,118,3072.0,3505.0
int__tai50_20_06,2845,119,3057.0,3451.0
int__tai50_20_06,2845,120,3061.0,3475.0
int__tai50_20_06,2845,121,3115.0,3554.0
int__tai50_20_06,2845,122,3020.0,3436.0
int__tai50_20_06,2845,123,3147.0,3556.0
int__tai50_20_06,2845,124,3092.0,3449.0
int__tai50_20_06,2845,125,3083.0,3535.0
int__tai50_20_06,2845,126,2999.0,3438.0
int__tai50_20_06,2845,127,3032.0,3414.0
int__tai50_20_06,2845,128,3084.0,3487.0
int__tai50_20_06,2845,129,3056.0,3486.0
int__tai50_20_06,2845,130,3121.0,3469.0
int__tai50_20_06,2845,131,3158.0,3607.0
int__tai50_20_06,2845,132,3112.0,3518.0
int__tai50_20_06,2845,133,3178.0,3596.0
int__tai50_20_06,2845,134,3036.0,3463.0
int__tai50_20_06,2845,135,3063.0,3478.0
int__tai50_20_06,2845,136,3066.0,3472.0
int__tai50_20_06,2845,137,3122.0,3501.0
int__tai50_20_06,2845,138,3049.0,3462.0
int__tai50_20_06,2845,139,3030.0,3456.0
int__tai50_20_06,2845,140,3136.0,3578.0
int__tai50_20_06,2845,141,3116.0,3551.0
int__tai50_20_06,2845,142,3062.0,3464.0
int__tai50_20_06,2845,143,3095.0,3472.0
int__tai50_20_06,2845,144,3078.0,3435.0
int__tai50_20_06,2845,145,3049.0,3456.0
int__tai50_20_06,2845,146,3060.0,3410.0
int__tai50_20_06,2845,147,3100.0,3531.0
int__tai50_20_06,2845,148,3034.0,3428.0
int__tai50_20_06,2845,149,3007.0,3408.0
int__tai50_20_06,2845,150,3060.0,3491.0
int__tai50_20_06,2845,151,3025.0,3414.0
int__tai50_20_06,2845,152,3004.0,3411.0
int__tai50_20_06,2845,153,3037.0,3442.0
int__tai50_20_06,2845,154,3142.0,3526.0
int__tai50_20_06,2845,155,3000.0,3426.0
int__tai50_20_06,2845,156,3076.0,3473.0
int__tai50_20_06,2845,157,3137.0,3526.0
int__tai50_20_06,2845,158,3169.0,3589.0
int__tai50_20_06,2845,159,3078.0,3457.0
int__tai50_20_06,2845,160,3112.0,3543.0
int__tai50_20_06,2845,161,3032.0,3429.0
int__tai50_20_06,2845,162,3173.0,3595.0
int__tai50_20_06,2845,163,3080.0,3443.0
int__tai50_20_06,2845,164,3054.0,3443.0
int__tai50_20_06,2845,165,3170.0,3560.0
int__tai50_20_06,2845,166,3056.0,3473.0
int__tai50_20_06,2845,167,3069.0,3492.0
int__tai50_20_06,2845,168,3071.0,3485.0
int__tai50_20_06,2845,169,2984.0,3428.0
int__tai50_20_06,2845,170,3104.0,3536.0
int__tai50_20_06,2845,171,3080.0,3462.0
int__tai50_20_06,2845,172,3132.0,3570.0
int__tai50_20_06,2845,173,3069.0,3517.0
int__tai50_20_06,2845,174,3126.0,3532.0
int__tai50_20_06,2845,175,3120.0,3605.0
int__tai50_20_06,2845,176,3031.0,3451.0
int__tai50_20_06,2845,177,3057.0,3476.0
int__tai50_20_06,2845,178,3049.0,3445.0
int__tai50_20_06,2845,179,3072.0,3489.0
int__tai50_20_06,2845,180,3045.0,3443.0
int__tai50_20_06,2845,181,3079.0,3476.0
int__tai50_20_06,2845,182,3101.0,3498.0
int__tai50_20_06,2845,183,3086.0,3461.0
int__tai50_20_06,2845,184,3090.0,3484.0
int__tai50_20_06,2845,185,3159.0,3569.0
int__tai50_20_06,2845,186,3050.0,3426.0
int__tai50_20_06,2845,187,3072.0,3477.0
int__tai50_20_06,2845,188,3056.0,3468.0
int__tai50_20_06,2845,189,3011.0,3423.0
int__tai50_20_06,2845,190,3081.0,3505.0
int__tai50_20_06,2845,191,3036.0,3473.0
int__tai50_20_06,2845,192,3042.0,3408.0
int__tai50_20_06,2845,193,3203.0,3584.0
int__tai50_20_06,2845,194,3031.0,3433.0
int__tai50_20_06,2845,195,3055.0,3472.0
int__tai50_20_06,2845,196,3177.0,3600.0
int__tai50_20_06,2845,197,3111.0,3515.0
int__tai50_20_06,2845,198,3035.0,3458.0
int__tai50_20_06,2845,199,3038.0,3429.0
int__tai50_20_06,2845,200,3182.0,3623.0
int__tai50_20_06,2845,201,3097.0,3498.0
int__tai50_20_06,2845,202,3032.0,3420.0
int__tai50_20_06,2845,203,3107.0,3567.0
int__tai50_20_06,2845,204,3059.0,3467.0
int__tai50_20_06,2845,205,3001.0,3418.0
int__tai50_20_06,2845,206,3076.0,3468.0
int__tai50_20_06,2845,207,3064.0,3467.0
int__tai50_20_06,2845,208,3015.0,3419.0
int__tai50_20_06,2845,209,2985.0,3410.0
int__tai50_20_06,2845,210,3014.0,3419.0
int__tai50_20_06,2845,211,3031.0,3451.0
int__tai50_20_06,2845,212,3132.0,3550.0
int__tai50_20_06,2845,213,3142.0,3536.0
int__tai50_20_06,2845,214,3051.0,3441.0
int__tai50_20_06,2845,215,2973.0,3388.0
int__tai50_20_06,2845,216,3059.0,3467.0
int__tai50_20_06,2845,217,3031.0,3462.0
int__tai50_20_06,2845,218,3164.0,3605.0
int__tai50_20_06,2845,219,3026.0,3427.0
int__tai50_20_06,2845,220,3012.0,3438.0
int__tai50_20_06,2845,221,3037.0,3408.0
int__tai50_20_06,2845,222,3145.0,3527.0
int__tai50_20_06,2845,223,3061.0,3467.0
int__tai50_20_06,2845,224,3007.0,3415.0
int__tai50_20_06,2845,225,3044.0,3457.0
int__tai50_20_06,2845,226,3085.0,3507.0
int__tai50_20_06,2845,227,3155.0,3568.0
int__tai50_20_06,2845,228,3116.0,3495.0
int__tai50_20_06,2845,229,3099.0,3536.0
int__tai50_20_06,2845,230,3154.0,3586.0
int__tai50_20_06,2845,231,3095.0,3544.0
int__tai50_20_06,2845,232,2991.0,3389.0
int__tai50_20_06,2845,233,3004.0,3399.0
int__tai50_20_06,2845,234,3104.0,3503.0
int__tai50_20_06,2845,235,3102.0,3480.0
int__tai50_20_06,2845,236,3061.0,3476.0
int__tai50_20_06,2845,237,3035.0,3486.0
int__tai50_20_06,2845,238,3104.0,3507.0
int__tai50_20_06,2845,239,3181.0,3633.0
int__tai50_20_06,2845,240,3049.0,3452.0
int__tai50_20_06,2845,241,3086.0,3504.0
int__tai50_20_06,2845,242,3073.0,3459.0
int__tai50_20_06,2845,243,3022.0,3437.0
int__tai50_20_06,2845,244,3091.0,3489.0
int__tai50_20_06,2845,245,3069.0,3450.0
int__tai50_20_06,2845,246,3067.0,3501.0
int__tai50_20_06,2845,247,3000.0,3397.0
int__tai50_20_06,2845,248,3138.0,3556.0
int__tai50_20_06,2845,249,3124.0,3580.0
int__tai50_20_06,2845,250,2998.0,3380.0
int__tai50_20_06,2845,251,3044.0,3474.0
int__tai50_20_06,2845,252,3054.0,3480.0
int__tai50_20_06,2845,253,3070.0,3467.0
int__tai50_20_06,2845,254,3058.0,3475.0
int__tai50_20_06,2845,255,3060.0,3490.0
int__tai50_20_06,2845,256,3063.0,3486.0
int__tai50_20_06,2845,257,3160.0,3568.0
int__tai50_20_06,2845,258,2989.0,3377.0
int__tai50_20_06,2845,259,2948.0,3321.0
int__tai50_20_06,2845,260,3065.0,3447.0
int__tai50_20_06,2845,261,3053.0,3463.0
int__tai50_20_06,2845,262,3016.0,3428.0
int__tai50_20_06,2845,263,3051.0,3433.0
int__tai50_20_06,2845,264,3058.0,3489.0
int__tai50_20_06,2845,265,3002.0,3477.0
int__tai50_20_06,2845,266,2981.0,3430.0
int__tai50_20_06,2845,267,3017.0,3417.0
int__tai50_20_06,2845,268,3127.0,3510.0
int__tai50_20_06,2845,269,3021.0,3422.0
int__tai50_20_06,2845,270,3063.0,3454.0
int__tai50_20_06,2845,271,3056.0,3440.0
int__tai50_20_06,2845,272,3038.0,3464.0
int__tai50_20_06,2845,273,3111.0,3581.0
int__tai50_20_06,2845,274,3010.0,3425.0
int__tai50_20_06,2845,275,3129.0,3570.0
int__tai50_20_06,2845,276,3006.0,3417.0
int__tai50_20_06,2845,277,3048.0,3470.0
int__tai50_20_06,2845,278,3059.0,3467.0
int__tai50_20_06,2845,279,3022.0,3407.0
int__tai50_20_06,2845,280,3116.0,3500.0
int__tai50_20_06,2845,281,3030.0,3450.0
int__tai50_20_06,2845,282,3050.0,3464.0
int__tai50_20_06,2845,283,3076.0,3500.0
int__tai50_20_06,2845,284,3036.0,3458.0
int__tai50_20_06,2845,285,3041.0,3464.0
int__tai50_20_06,2845,286,3123.0,3563.0
int__tai50_20_06,2845,287,3109.0,3514.0
int__tai50_20_06,2845,288,3035.0,3410.0
int__tai50_20_06,2845,289,3043.0,3471.0
int__tai50_20_06,2845,290,3099.0,3470.0
int__tai50_20_06,2845,291,3058.0,3452.0
int__tai50_20_06,2845,292,3035.0,3433.0
int__tai50_20_06,2845,293,3040.0,3457.0
int__tai50_20_06,2845,294,3118.0,3511.0
int__tai50_20_06,2845,295,3022.0,3428.0
int__tai50_20_06,2845,296,3088.0,3521.0
int__tai50_20_06,2845,297,3100.0,3524.0
int__tai50_20_06,2845,298,3028.0,3463.0
int__tai50_20_06,2845,299,3076.0,3504.0
int__tai50_20_06,2845,300,3083.0,3494.0
int__tai50_20_06,2845,301,3038.0,3456.0
int__tai50_20_06,2845,302,3048.0,3451.0
int__tai50_20_06,2845,303,2998.0,3413.0
int__tai50_20_06,2845,304,3062.0,3502.0
int__tai50_20_06,2845,305,3067.0,3498.0
int__tai50_20_06,2845,306,3168.0,3620.0
int__tai50_20_06,2845,307,3031.0,3459.0
int__tai50_20_06,2845,308,3025.0,3465.0
int__tai50_20_06,2845,309,2984.0,3375.0
int__tai50_20_06,2845,310,3134.0,3568.0
int__tai50_20_06,2845,311,3018.0,3438.0
int__tai50_20_06,2845,312,3132.0,3574.0
int__tai50_20_06,2845,313,3069.0,3453.0
int__tai50_20_06,2845,314,3060.0,3487.0
int__tai50_20_06,2845,315,3082.0,3513.0
int__tai50_20_06,2845,316,3118.0,3502.0
int__tai50_20_06,2845,317,3173.0,3584.0
int__tai50_20_06,2845,318,3045.0,3428.0
int__tai50_20_06,2845,319,2970.0,3372.0
int__tai50_20_06,2845,320,3041.0,3426.0
int__tai50_20_06,2845,321,3100.0,3538.0
int__tai50_20_06,2845,322,2972.0,3409.0
int__tai50_20_06,2845,323,3056.0,3481.0
int__tai50_20_06,2845,324,3063.0,3530.0
int__tai50_20_06,2845,325,3030.0,3393.0
int__tai50_20_06,2845,326,3099.0,3480.0
int__tai50_20_06,2845,327,3062.0,3507.0
int__tai50_20_06,2845,328,2968.0,3404.0
int__tai50_20_06,2845,329,3106.0,3542.0
int__tai50_20_06,2845,330,3091.0,3440.0
int__tai50_20_06,2845,331,3072.0,3462.0
int__tai50_20_06,2845,332,3049.0,3418.0
int__tai50_20_06,2845,333,3085.0,3490.0
int__tai50_20_06,2845,334,3113.0,3545.0
int__tai50_20_06,2845,335,3122.0,3485.0
int__tai50_20_06,2845,336,3004.0,3399.0
int__tai50_20_06,2845,337,3121.0,3542.0
int__tai50_20_06,2845,338,3055.0,3449.0
int__tai50_20_06,2845,339,3021.0,3428.0
int__tai50_20_06,2845,340,3070.0,3469.0
int__tai50_20_06,2845,341,3027.0,3428.0
int__tai50_20_06,2845,342,3105.0,3441.0
int__tai50_20_06,2845,343,2992.0,3409.0
int__tai50_20_06,2845,344,3071.0,3488.0
int__tai50_20_06,2845,345,3040.0,3467.0
int__tai50_20_06,2845,346,3096.0,3530.0
int__tai50_20_06,2845,347,3037.0,3476.0
int__tai50_20_06,2845,348,3095.0,3487.0
int__tai50_20_06,2845,349,3075.0,3491.0
int__tai50_20_06,2845,350,3033.0,3398.0
int__tai50_20_06,2845,351,3061.0,3457.0
int__tai50_20_06,2845,352,3122.0,3588.0
int__tai50_20_06,2845,353,3056.0,3462.0
int__tai50_20_06,2845,354,3120.0,3568.0
int__tai50_20_06,2845,355,3019.0,3407.0
int__tai50_20_06,2845,356,2997.0,3387.0
int__tai50_20_06,2845,357,3057.0,3456.0
int__tai50_20_06,2845,358,3132.0,3558.0
int__tai50_20_06,2845,359,3049.0,3487.0
int__tai50_20_06,2845,360,3125.0,3551.0
int__tai50_20_06,2845,361,3027.0,3432.0
int__tai50_20_06,2845,362,3036.0,3466.0
int__tai50_20_06,2845,363,3017.0,3417.0
int__tai50_20_06,2845,364,3063.0,3451.0
int__tai50_20_06,2845,365,3032.0,3427.0
int__tai50_20_06,2845,366,3092.0,3566.0
int__tai50_20_06,2845,367,3120.0,3532.0
int__tai50_20_06,2845,368,3052.0,3509.0
int__tai50_20_06,2845,369,3054.0,3455.0
int__tai50_20_06,2845,370,3130.0,3552.0
int__tai50_20_06,2845,371,3049.0,3459.0
int__tai50_20_06,2845,372,3072.0,3511.0
int__tai50_20_06,2845,373,3057.0,3476.0
int__tai50_20_06,2845,374,3053.0,3455.0
int__tai50_20_06,2845,375,3093.0,3495.0
int__tai50_20_06,2845,376,3117.0,3549.0
int__tai50_20_06,2845,377,3073.0,3471.0
int__tai50_20_06,2845,378,3082.0,3507.0
int__tai50_20_06,2845,379,3046.0,3461.0
int__tai50_20_06,2845,380,3132.0,3591.0
int__tai50_20_06,2845,381,3053.0,3452.0
int__tai50_20_06,2845,382,3016.0,3445.0
int__tai50_20_06,2845,383,3068.0,3506.0
int__tai50_20_06,2845,384,3076.0,3446.0
int__tai50_20_06,2845,385,3038.0,3430.0
int__tai50_20_06,2845,386,3019.0,3415.0
int__tai50_20_06,2845,387,3146.0,3564.0
int__tai50_20_06,2845,388,3059.0,3449.0
int__tai50_20_06,2845,389,3019.0,3392.0
int__tai50_20_06,2845,390,3063.0,3455.0
int__tai50_20_06,2845,391,3078.0,3494.0
int__tai50_20_06,2845,392,3099.0,3472.0
int__tai50_20_06,2845,393,3027.0,3463.0
int__tai50_20_06,2845,394,3024.0,3432.0
int__tai50_20_06,2845,395,3053.0,3445.0
int__tai50_20_06,2845,396,3068.0,3472.0
int__tai50_20_06,2845,397,3026.0,3411.0
int__tai50_20_06,2845,398,3035.0,3431.0
int__tai50_20_06,2845,399,3061.0,3434.0
int__tai50_20_06,2845,400,3037.0,3445.0
int__tai50_20_06,2845,401,3094.0,3480.0
int__tai50_20_06,2845,402,3071.0,3482.0
int__tai50_20_06,2845,403,3093.0,3467.0
int__tai50_20_06,2845,404,3003.0,3423.0
int__tai50_20_06,2845,405,3104.0,3496.0
int__tai50_20_06,2845,406,3035.0,3470.0
int__tai50_20_06,2845,407,3027.0,3428.0
int__tai50_20_06,2845,408,3059.0,3461.0
int__tai50_20_06,2845,409,3089.0,3500.0
int__tai50_20_06,2845,410,3027.0,3457.0
int__tai50_20_06,2845,411,3140.0,3560.0
int__tai50_20_06,2845,412,3067.0,3474.0
int__tai50_20_06,2845,413,3155.0,3594.0
int__tai50_20_06,2845,414,3054.0,3504.0
int__tai50_20_06,2845,415,3049.0,3494.0
int__tai50_20_06,2845,416,3252.0,3684.0
int__tai50_20_06,2845,417,3006.0,3453.0
int__tai50_20_06,2845,418,3018.0,3420.0
int__tai50_20_06,2845,419,3098.0,3515.0
int__tai50_20_06,2845,420,3041.0,3443.0
int__tai50_20_06,2845,421,3027.0,3429.0
int__tai50_20_06,2845,422,3047.0,3465.0
int__tai50_20_06,2845,423,2956.0,3352.0
int__tai50_20_06,2845,424,2956.0,3368.0
int__tai50_20_06,2845,425,3172.0,3573.0
int__tai50_20_06,2845,426,3080.0,3493.0
int__tai50_20_06,2845,427,3074.0,3503.0
int__tai50_20_06,2845,428,3048.0,3453.0
int__tai50_20_06,2845,429,3072.0,3458.0
int__tai50_20_06,2845,430,3098.0,3499.0
int__tai50_20_06,2845,431,3129.0,3520.0
int__tai50_20_06,2845,432,2970.0,3393.0
int__tai50_20_06,2845,433,3014.0,3409.0
int__tai50_20_06,2845,434,3031.0,3455.0
int__tai50_20_06,2845,435,3113.0,3542.0
int__tai50_20_06,2845,436,3095.0,3507.0
int__tai50_20_06,2845,437,3097.0,3483.0
int__tai50_20_06,2845,438,3066.0,3442.0
int__tai50_20_06,2845,439,2998.0,3408.0
int__tai50_20_06,2845,440,2977.0,3369.0
int__tai50_20_06,2845,441,3089.0,3496.0
int__tai50_20_06,2845,442,3005.0,3429.0
int__tai50_20_06,2845,443,3032.0,3426.0
int__tai50_20_06,2845,444,3133.0,3562.0
int__tai50_20_06,2845,445,3061.0,3460.0
int__tai50_20_06,2845,446,3046.0,3425.0
int__tai50_20_06,2845,447,3186.0,3611.0
int__tai50_20_06,2845,448,3085.0,3502.0
int__tai50_20_06,2845,449,3022.0,3452.0
int__tai50_20_06,2845,450,3113.0,3507.0
int__tai50_20_06,2845,451,3161.0,3581.0
int__tai50_20_06,2845,452,3093.0,3456.0
int__tai50_20_06,2845,453,3044.0,3447.0
int__tai50_20_06,2845,454,3039.0,3467.0
int__tai50_20_06,2845,455,3052.0,3472.0
int__tai50_20_06,2845,456,3037.0,3446.0
int__tai50_20_06,2845,457,3006.0,3436.0
int__tai50_20_06,2845,458,3069.0,3496.0
int__tai50_20_06,2845,459,3191.0,3622.0
int__tai50_20_06,2845,460,3082.0,3480.0
int__tai50_20_06,2845,461,3152.0,3552.0
int__tai50_20_06,2845,462,3079.0,3501.0
int__tai50_20_06,2845,463,3066.0,3438.0
int__tai50_20_06,2845,464,3103.0,3519.0
int__tai50_20_06,2845,465,3154.0,3591.0
int__tai50_20_06,2845,466,3060.0,3469.0
int__tai50_20_06,2845,467,3030.0,3441.0
int__tai50_20_06,2845,468,3080.0,3492.0
int__tai50_20_06,2845,469,2998.0,3393.0
int__tai50_20_06,2845,470,3037.0,3464.0
int__tai50_20_06,2845,471,3073.0,3482.0
int__tai50_20_06,2845,472,3037.0,3425.0
int__tai50_20_06,2845,473,2935.0,3377.0
int__tai50_20_06,2845,474,3059.0,3476.0
int__tai50_20_06,2845,475,2999.0,3440.0
int__tai50_20_06,2845,476,3092.0,3481.0
int__tai50_20_06,2845,477,3082.0,3470.0
int__tai50_20_06,2845,478,3145.0,3601.0
int__tai50_20_06,2845,479,3069.0,3521.0
int__tai50_20_06,2845,480,3197.0,3629.0
int__tai50_20_06,2845,481,3113.0,3535.0
int__tai50_20_06,2845,482,3014.0,3430.0
int__tai50_20_06,2845,483,3128.0,3556.0
int__tai50_20_06,2845,484,3055.0,3443.0
int__tai50_20_06,2845,485,3036.0,3468.0
int__tai50_20_06,2845,486,3060.0,3516.0
int__tai50_20_06,2845,487,3183.0,3572.0
int__tai50_20_06,2845,488,3027.0,3420.0
int__tai50_20_06,2845,489,3096.0,3541.0
int__tai50_20_06,2845,490,3006.0,3405.0
int__tai50_20_06,2845,491,3031.0,3463.0
int__tai50_20_06,2845,492,3128.0,3499.0
int__tai50_20_06,2845,493,3032.0,3456.0
int__tai50_20_06,2845,494,3146.0,3549.0
int__tai50_20_06,2845,495,3107.0,3501.0
int__tai50_20_06,2845,496,3091.0,3513.0
int__tai50_20_06,2845,497,3071.0,3447.0
int__tai50_20_06,2845,498,3117.0,3524.0
int__tai50_20_06,2845,499,3047.0,3438.0
int__tai50_20_06,2845,500,3134.0,3594.0
int__tai50_20_06,2845,501,3077.0,3455.0
int__tai50_20_06,2845,502,3074.0,3470.0
int__tai50_20_06,2845,503,3102.0,3506.0
int__tai50_20_06,2845,504,3055.0,3464.0
int__tai50_20_06,2845,505,3120.0,3509.0
int__tai50_20_06,2845,506,3077.0,3522.0
int__tai50_20_06,2845,507,3033.0,3436.0
int__tai50_20_06,2845,508,3074.0,3479.0
int__tai50_20_06,2845,509,3072.0,3479.0
int__tai50_20_06,2845,510,3117.0,3560.0
int__tai50_20_06,2845,511,3043.0,3481.0
int__tai50_20_06,2845,512,3074.0,3463.0
int__tai50_20_06,2845,513,3094.0,3526.0
int__tai50_20_06,2845,514,3180.0,3615.0
int__tai50_20_06,2845,515,3094.0,3502.0
int__tai50_20_06,2845,516,3064.0,3459.0
int__tai50_20_06,2845,517,3052.0,3464.0
int__tai50_20_06,2845,518,3122.0,3494.0
int__tai50_20_06,2845,519,3088.0,3476.0
int__tai50_20_06,2845,520,3056.0,3476.0
int__tai50_20_06,2845,521,3139.0,3513.0
int__tai50_20_06,2845,522,3046.0,3496.0
int__tai50_20_06,2845,523,3019.0,3441.0
int__tai50_20_06,2845,524,3142.0,3542.0
int__tai50_20_06,2845,525,3052.0,3454.0
int__tai50_20_06,2845,526,3021.0,3427.0
int__tai50_20_06,2845,527,3107.0,3507.0
int__tai50_20_06,2845,528,3079.0,3480.0
int__tai50_20_06,2845,529,3107.0,3482.0
int__tai50_20_06,2845,530,2997.0,3417.0
int__tai50_20_06,2845,531,3049.0,3416.0
int__tai50_20_06,2845,532,3094.0,3498.0
int__tai50_20_06,2845,533,2987.0,3409.0
int__tai50_20_06,2845,534,3051.0,3442.0
int__tai50_20_06,2845,535,3007.0,3421.0
int__tai50_20_06,2845,536,3033.0,3409.0
int__tai50_20_06,2845,537,3107.0,3529.0
int__tai50_20_06,2845,538,3000.0,3414.0
int__tai50_20_06,2845,539,3050.0,3469.0
int__tai50_20_06,2845,540,3046.0,3472.0
int__tai50_20_06,2845,541,3079.0,3521.0
int__tai50_20_06,2845,542,3060.0,3475.0
int__tai50_20_06,2845,543,3026.0,3366.0
int__tai50_20_06,2845,544,3047.0,3442.0
int__tai50_20_06,2845,545,3046.0,3476.0
int__tai50_20_06,2845,546,3062.0,3440.0
int__tai50_20_06,2845,547,3043.0,3436.0
int__tai50_20_06,2845,548,3058.0,3433.0
int__tai50_20_06,2845,549,3085.0,3514.0
int__tai50_20_06,2845,550,3043.0,3431.0
int__tai50_20_06,2845,551,3080.0,3503.0
int__tai50_20_06,2845,552,3011.0,3402.0
int__tai50_20_06,2845,553,3101.0,3484.0
int__tai50_20_06,2845,554,3063.0,3447.0
int__tai50_20_06,2845,555,3061.0,3444.0
int__tai50_20_06,2845,556,3035.0,3437.0
int__tai50_20_06,2845,557,3018.0,3404.0
int__tai50_20_06,2845,558,3063.0,3478.0
int__tai50_20_06,2845,559,3044.0,3413.0
int__tai50_20_06,2845,560,3073.0,3447.0
int__tai50_20_06,2845,561,3037.0,3438.0
int__tai50_20_06,2845,562,3149.0,3506.0
int__tai50_20_06,2845,563,3057.0,3477.0
int__tai50_20_06,2845,564,3019.0,3419.0
int__tai50_20_06,2845,565,3002.0,3444.0
int__tai50_20_06,2845,566,3081.0,3503.0
int__tai50_20_06,2845,567,3089.0,3498.0
int__tai50_20_06,2845,568,3105.0,3521.0
int__tai50_20_06,2845,569,3101.0,3519.0
int__tai50_20_06,2845,570,3070.0,3509.0
int__tai50_20_06,2845,571,3023.0,3432.0
int__tai50_20_06,2845,572,3010.0,3417.0
int__tai50_20_06,2845,573,3109.0,3546.0
int__tai50_20_06,2845,574,3060.0,3467.0
int__tai50_20_06,2845,575,3052.0,3447.0
int__tai50_20_06,2845,576,3048.0,3451.0
int__tai50_20_06,2845,577,3052.0,3491.0
int__tai50_20_06,2845,578,3158.0,3562.0
int__tai50_20_06,2845,579,3147.0,3543.0
int__tai50_20_06,2845,580,3078.0,3474.0
int__tai50_20_06,2845,581,3050.0,3482.0
int__tai50_20_06,2845,582,3031.0,3431.0
int__tai50_20_06,2845,583,3096.0,3504.0
int__tai50_20_06,2845,584,3039.0,3461.0
int__tai50_20_06,2845,585,3156.0,3556.0
int__tai50_20_06,2845,586,3024.0,3413.0
int__tai50_20_06,2845,587,3029.0,3429.0
int__tai50_20_06,2845,588,2989.0,3397.0
int__tai50_20_06,2845,589,3081.0,3471.0
int__tai50_20_06,2845,590,3062.0,3458.0
int__tai50_20_06,2845,591,3049.0,3451.0
int__tai50_20_06,2845,592,3023.0,3409.0
int__tai50_20_06,2845,593,3032.0,3420.0
int__tai50_20_06,2845,594,3079.0,3520.0
int__tai50_20_06,2845,595,3065.0,3440.0
int__tai50_20_06,2845,596,3019.0,3421.0
int__tai50_20_06,2845,597,3016.0,3423.0
int__tai50_20_06,2845,598,3035.0,3452.0
int__tai50_20_06,2845,599,3037.0,3467.0
int__tai50_20_06,2845,600,3088.0,3491.0
int__tai50_20_06,2845,601,3055.0,3448.0
int__tai50_20_06,2845,602,3064.0,3494.0
int__tai50_20_06,2845,603,3035.0,3411.0
int__tai50_20_06,2845,604,3141.0,3580.0
int__tai50_20_06,2845,605,2981.0,3387.0
int__tai50_20_06,2845,606,3084.0,3482.0
int__tai50_20_06,2845,607,3047.0,3441.0
int__tai50_20_06,2845,608,3099.0,3558.0
int__tai50_20_06,2845,609,3004.0,3397.0
int__tai50_20_06,2845,610,3057.0,3412.0
int__tai50_20_06,2845,611,3088.0,3508.0
int__tai50_20_06,2845,612,3037.0,3458.0
int__tai50_20_06,2845,613,3041.0,3425.0
int__tai50_20_06,2845,614,3154.0,3584.0
int__tai50_20_06,2845,615,3093.0,3518.0
int__tai50_20_06,2845,616,2957.0,3392.0
int__tai50_20_06,2845,617,3168.0,3568.0
int__tai50_20_06,2845,618,3028.0,3461.0
int__tai50_20_06,2845,619,3112.0,3508.0
int__tai50_20_06,2845,620,3131.0,3479.0
int__tai50_20_06,2845,621,3049.0,3465.0
int__tai50_20_06,2845,622,3084.0,3511.0
int__tai50_20_06,2845,623,3062.0,3471.0
int__tai50_20_06,2845,624,3014.0,3418.0
int__tai50_20_06,2845,625,3005.0,3450.0
int__tai50_20_06,2845,626,3065.0,3437.0
int__tai50_20_06,2845,627,3037.0,3474.0
int__tai50_20_06,2845,628,3082.0,3505.0
int__tai50_20_06,2845,629,3046.0,3463.0
int__tai50_20_06,2845,630,3077.0,3482.0
int__tai50_20_06,2845,631,3044.0,3497.0
int__tai50_20_06,2845,632,3155.0,3553.0
int__tai50_20_06,2845,633,3068.0,3475.0
int__tai50_20_06,2845,634,3118.0,3534.0
int__tai50_20_06,2845,635,3134.0,3563.0
int__tai50_20_06,2845,636,3052.0,3469.0
int__tai50_20_06,2845,637,3083.0,3449.0
int__tai50_20_06,2845,638,3114.0,3508.0
int__tai50_20_06,2845,639,3122.0,3546.0
int__tai50_20_06,2845,640,3086.0,3531.0
int__tai50_20_06,2845,641,3092.0,3470.0
int__tai50_20_06,2845,642,3081.0,3477.0
int__tai50_20_06,2845,643,3036.0,3435.0
int__tai50_20_06,2845,644,2977.0,3352.0
int__tai50_20_06,2845,645,3044.0,3450.0
int__tai50_20_06,2845,646,3075.0,3534.0
int__tai50_20_06,2845,647,3092.0,3503.0
int__tai50_20_06,2845,648,3078.0,3463.0
int__tai50_20_06,2845,649,3050.0,3473.0
int__tai50_20_06,2845,650,3061.0,3489.0
int__tai50_20_06,2845,651,3098.0,3503.0
int__tai50_20_06,2845,652,3050.0,3451.0
int__tai50_20_06,2845,653,3104.0,3527.0
int__tai50_20_06,2845,654,2994.0,3402.0
int__tai50_20_06,2845,655,3094.0,3509.0
int__tai50_20_06,2845,656,3084.0,3489.0
int__tai50_20_06,2845,657,3135.0,3499.0
int__tai50_20_06,2845,658,3049.0,3461.0
int__tai50_20_06,2845,659,3069.0,3465.0
int__tai50_20_06,2845,660,3039.0,3435.0
int__tai50_20_06,2845,661,3065.0,3498.0
int__tai50_20_06,2845,662,3061.0,3452.0
int__tai50_20_06,2845,663,3047.0,3437.0
int__tai50_20_06,2845,664,3034.0,3419.0
int__tai50_20_06,2845,665,3049.0,3443.0
int__tai50_20_06,2845,666,3041.0,3443.0
int__tai50_20_06,2845,667,3054.0,3473.0
int__tai50_20_06,2845,668,3101.0,3502.0
int__tai50_20_06,2845,669,2994.0,3456.0
int__tai50_20_06,2845,670,3090.0,3504.0
int__tai50_20_06,2845,671,3093.0,3519.0
int__tai50_20_06,2845,672,3030.0,3445.0
int__tai50_20_06,2845,673,3124.0,3500.0
int__tai50_20_06,2845,674,2992.0,3408.0
int__tai50_20_06,2845,675,3081.0,3447.0
int__tai50_20_06,2845,676,3049.0,3480.0
int__tai50_20_06,2845,677,3049.0,3482.0
int__tai50_20_06,2845,678,3045.0,3431.0
int__tai50_20_06,2845,679,3014.0,3432.0
int__tai50_20_06,2845,680,3117.0,3511.0
int__tai50_20_06,2845,681,3094.0,3496.0
int__tai50_20_06,2845,682,3084.0,3475.0
int__tai50_20_06,2845,683,3030.0,3417.0
int__tai50_20_06,2845,684,3161.0,3612.0
int__tai50_20_06,2845,685,3062.0,3487.0
int__tai50_20_06,2845,686,3028.0,3412.0
int__tai50_20_06,2845,687,3085.0,3478.0
int__tai50_20_06,2845,688,3031.0,3485.0
int__tai50_20_06,2845,689,3033.0,3447.0
int__tai50_20_06,2845,690,3119.0,3517.0
int__tai50_20_06,2845,691,3061.0,3502.0
int__tai50_20_06,2845,692,3052.0,3451.0
int__tai50_20_06,2845,693,2983.0,3393.0
int__tai50_20_06,2845,694,3110.0,3503.0
int__tai50_20_06,2845,695,3055.0,3443.0
int__tai50_20_06,2845,696,3051.0,3411.0
int__tai50_20_06,2845,697,3037.0,3468.0
int__tai50_20_06,2845,698,3044.0,3436.0
int__tai50_20_06,2845,699,3011.0,3411.0
int__tai50_20_06,2845,700,3060.0,3476.0
int__tai50_20_06,2845,701,3055.0,3502.0
int__tai50_20_06,2845,702,3132.0,3525.0
int__tai50_20_06,2845,703,3092.0,3489.0
int__tai50_20_06,2845,704,3093.0,3547.0
int__tai50_20_06,2845,705,3010.0,3423.0
int__tai50_20_06,2845,706,3158.0,3589.0
int__tai50_20_06,2845,707,3154.0,3614.0
int__tai50_20_06,2845,708,3086.0,3491.0
int__tai50_20_06,2845,709,3083.0,3461.0
int__tai50_20_06,2845,710,3116.0,3517.0
int__tai50_20_06,2845,711,3068.0,3489.0
int__tai50_20_06,2845,712,3063.0,3463.0
int__tai50_20_06,2845,713,3049.0,3458.0
int__tai50_20_06,2845,714,3122.0,3491.0
int__tai50_20_06,2845,715,3067.0,3484.0
int__tai50_20_06,2845,716,3282.0,3705.0
int__tai50_20_06,2845,717,2903.0,3340.0
int__tai50_20_06,2845,718,3082.0,3495.0
int__tai50_20_06,2845,719,3059.0,3474.0
int__tai50_20_06,2845,720,3031.0,3380.0
int__tai50_20_06,2845,721,3055.0,3427.0
int__tai50_20_06,2845,722,3023.0,3444.0
int__tai50_20_06,2845,723,3001.0,3401.0
int__tai50_20_06,2845,724,3036.0,3440.0
int__tai50_20_06,2845,725,3037.0,3460.0
int__tai50_20_06,2845,726,3143.0,3551.0
int__tai50_20_06,2845,727,3105.0,3508.0
int__tai50_20_06,2845,728,3081.0,3478.0
int__tai50_20_06,2845,729,3036.0,3442.0
int__tai50_20_06,2845,730,3087.0,3491.0
int__tai50_20_06,2845,731,3036.0,3432.0
int__tai50_20_06,2845,732,2988.0,3411.0
int__tai50_20_06,2845,733,3107.0,3473.0
int__tai50_20_06,2845,734,3012.0,3445.0
int__tai50_20_06,2845,735,3093.0,3533.0
int__tai50_20_06,2845,736,3058.0,3484.0
int__tai50_20_06,2845,737,3184.0,3592.0
int__tai50_20_06,2845,738,3107.0,3490.0
int__tai50_20_06,2845,739,3010.0,3416.0
int__tai50_20_06,2845,740,3035.0,3441.0
int__tai50_20_06,2845,741,3058.0,3465.0
int__tai50_20_06,2845,742,3050.0,3443.0
int__tai50_20_06,2845,743,3126.0,3557.0
int__tai50_20_06,2845,744,3040.0,3474.0
int__tai50_20_06,2845,745,3106.0,3487.0
int__tai50_20_06,2845,746,3043.0,3436.0
int__tai50_20_06,2845,747,3050.0,3476.0
int__tai50_20_06,2845,748,3069.0,3484.0
int__tai50_20_06,2845,749,3034.0,3444.0
int__tai50_20_06,2845,750,3128.0,3592.0
int__tai50_20_06,2845,751,3129.0,3540.0
int__tai50_20_06,2845,752,3086.0,3434.0
int__tai50_20_06,2845,753,3085.0,3499.0
int__tai50_20_06,2845,754,3119.0,3484.0
int__tai50_20_06,2845,755,3152.0,3573.0
int__tai50_20_06,2845,756,3045.0,3470.0
int__tai50_20_06,2845,757,3148.0,3593.0
int__tai50_20_06,2845,758,3050.0,3469.0
int__tai50_20_06,2845,759,3045.0,3455.0
int__tai50_20_06,2845,760,3038.0,3448.0
int__tai50_20_06,2845,761,3010.0,3425.0
int__tai50_20_06,2845,762,3105.0,3504.0
int__tai50_20_06,2845,763,2959.0,3357.0
int__tai50_20_06,2845,764,3129.0,3544.0
int__tai50_20_06,2845,765,3056.0,3455.0
int__tai50_20_06,2845,766,3060.0,3475.0
int__tai50_20_06,2845,767,3066.0,3502.0
int__tai50_20_06,2845,768,3079.0,3460.0
int__tai50_20_06,2845,769,3083.0,3463.0
int__tai50_20_06,2845,770,3164.0,3552.0
int__tai50_20_06,2845,771,3054.0,3486.0
int__tai50_20_06,2845,772,3068.0,3509.0
int__tai50_20_06,2845,773,3046.0,3464.0
int__tai50_20_06,2845,774,3002.0,3409.0
int__tai50_20_06,2845,775,3036.0,3440.0
int__tai50_20_06,2845,776,3014.0,3450.0
int__tai50_20_06,2845,777,3057.0,3460.0
int__tai50_20_06,2845,778,3080.0,3468.0
int__tai50_20_06,2845,779,3068.0,3493.0
int__tai50_20_06,2845,780,3081.0,3440.0
int__tai50_20_06,2845,781,3019.0,3416.0
int__tai50_20_06,2845,782,3101.0,3476.0
int__tai50_20_06,2845,783,3034.0,3460.0
int__tai50_20_06,2845,784,3062.0,3481.0
int__tai50_20_06,2845,785,3005.0,3430.0
int__tai50_20_06,2845,786,3042.0,3437.0
int__tai50_20_06,2845,787,3174.0,3584.0
int__tai50_20_06,2845,788,3013.0,3431.0
int__tai50_20_06,2845,789,3033.0,3425.0
int__tai50_20_06,2845,790,3190.0,3610.0
int__tai50_20_06,2845,791,3102.0,3514.0
int__tai50_20_06,2845,792,3025.0,3447.0
int__tai50_20_06,2845,793,3026.0,3457.0
int__tai50_20_06,2845,794,3067.0,3442.0
int__tai50_20_06,2845,795,3094.0,3544.0
int__tai50_20_06,2845,796,3096.0,3505.0
int__tai50_20_06,2845,797,3099.0,3517.0
int__tai50_20_06,2845,798,3003.0,3420.0
int__tai50_20_06,2845,799,3033.0,3440.0
int__tai50_20_06,2845,800,3055.0,3486.0
int__tai50_20_06,2845,801,2962.0,3357.0
int__tai50_20_06,2845,802,3058.0,3480.0
int__tai50_20_06,2845,803,3145.0,3579.0
int__tai50_20_06,2845,804,3073.0,3414.0
int__tai50_20_06,2845,805,3005.0,3415.0
int__tai50_20_06,2845,806,3148.0,3566.0
int__tai50_20_06,2845,807,3050.0,3453.0
int__tai50_20_06,2845,808,3089.0,3488.0
int__tai50_20_06,2845,809,3026.0,3407.0
int__tai50_20_06,2845,810,3115.0,3537.0
int__tai50_20_06,2845,811,2990.0,3397.0
int__tai50_20_06,2845,812,3086.0,3517.0
int__tai50_20_06,2845,813,3024.0,3403.0
int__tai50_20_06,2845,814,3107.0,3532.0
int__tai50_20_06,2845,815,3058.0,3484.0
int__tai50_20_06,2845,816,3061.0,3460.0
int__tai50_20_06,2845,817,3109.0,3547.0
int__tai50_20_06,2845,818,2983.0,3416.0
int__tai50_20_06,2845,819,3094.0,3508.0
int__tai50_20_06,2845,820,3127.0,3540.0
int__tai50_20_06,2845,821,3052.0,3475.0
int__tai50_20_06,2845,822,3069.0,3462.0
int__tai50_20_06,2845,823,3048.0,3487.0
int__tai50_20_06,2845,824,3043.0,3449.0
int__tai50_20_06,2845,825,3029.0,3397.0
int__tai50_20_06,2845,826,3047.0,3417.0
int__tai50_20_06,2845,827,3040.0,3437.0
int__tai50_20_06,2845,828,3106.0,3499.0
int__tai50_20_06,2845,829,3112.0,3549.0
int__tai50_20_06,2845,830,3007.0,3439.0
int__tai50_20_06,2845,831,3089.0,3430.0
int__tai50_20_06,2845,832,3032.0,3469.0
int__tai50_20_06,2845,833,2999.0,3464.0
int__tai50_20_06,2845,834,3016.0,3408.0
int__tai50_20_06,2845,835,3053.0,3438.0
int__tai50_20_06,2845,836,3048.0,3445.0
int__tai50_20_06,2845,837,3046.0,3459.0
int__tai50_20_06,2845,838,3019.0,3437.0
int__tai50_20_06,2845,839,3100.0,3521.0
int__tai50_20_06,2845,840,3077.0,3493.0
int__tai50_20_06,2845,841,3073.0,3475.0
int__tai50_20_06,2845,842,3146.0,3552.0
int__tai50_20_06,2845,843,3061.0,3465.0
int__tai50_20_06,2845,844,3074.0,3463.0
int__tai50_20_06,2845,845,3166.0,3548.0
int__tai50_20_06,2845,846,3054.0,3472.0
int__tai50_20_06,2845,847,3055.0,3451.0
int__tai50_20_06,2845,848,3066.0,3466.0
int__tai50_20_06,2845,849,3087.0,3467.0
int__tai50_20_06,2845,850,2972.0,3356.0
int__tai50_20_06,2845,851,3024.0,3460.0
int__tai50_20_06,2845,852,3116.0,3574.0
int__tai50_20_06,2845,853,3034.0,3476.0
int__tai50_20_06,2845,854,3037.0,3422.0
int__tai50_20_06,2845,855,3105.0,3472.0
int__tai50_20_06,2845,856,3036.0,3439.0
int__tai50_20_06,2845,857,3091.0,3490.0
int__tai50_20_06,2845,858,3054.0,3448.0
int__tai50_20_06,2845,859,3062.0,3478.0
int__tai50_20_06,2845,860,3045.0,3442.0
int__tai50_20_06,2845,861,2983.0,3398.0
int__tai50_20_06,2845,862,3131.0,3568.0
int__tai50_20_06,2845,863,3071.0,3495.0
int__tai50_20_06,2845,864,3089.0,3467.0
int__tai50_20_06,2845,865,3079.0,3464.0
int__tai50_20_06,2845,866,3022.0,3458.0
int__tai50_20_06,2845,867,3067.0,3479.0
int__tai50_20_06,2845,868,3128.0,3495.0
int__tai50_20_06,2845,869,3078.0,3483.0
int__tai50_20_06,2845,870,3043.0,3431.0
int__tai50_20_06,2845,871,3017.0,3406.0
int__tai50_20_06,2845,872,3028.0,3438.0
int__tai50_20_06,2845,873,3056.0,3478.0
int__tai50_20_06,2845,874,3048.0,3465.0
int__tai50_20_06,2845,875,3006.0,3422.0
int__tai50_20_06,2845,876,3116.0,3505.0
int__tai50_20_06,2845,877,3127.0,3554.0
int__tai50_20_06,2845,878,3026.0,3407.0
int__tai50_20_06,2845,879,3110.0,3473.0
int__tai50_20_06,2845,880,3011.0,3446.0
int__tai50_20_06,2845,881,3067.0,3485.0
int__tai50_20_06,2845,882,3026.0,3465.0
int__tai50_20_06,2845,883,3029.0,3421.0
int__tai50_20_06,2845,884,3110.0,3512.0
int__tai50_20_06,2845,885,3039.0,3433.0
int__tai50_20_06,2845,886,3133.0,3522.0
int__tai50_20_06,2845,887,3082.0,3469.0
int__tai50_20_06,2845,888,3165.0,3605.0
int__tai50_20_06,2845,889,3029.0,3431.0
int__tai50_20_06,2845,890,2983.0,3369.0
int__tai50_20_06,2845,891,3036.0,3452.0
int__tai50_20_06,2845,892,3068.0,3527.0
int__tai50_20_06,2845,893,3001.0,3415.0
int__tai50_20_06,2845,894,3069.0,3502.0
int__tai50_20_06,2845,895,3097.0,3472.0
int__tai50_20_06,2845,896,3047.0,3426.0
int__tai50_20_06,2845,897,3126.0,3547.0
int__tai50_20_06,2845,898,3118.0,3532.0
int__tai50_20_06,2845,899,3039.0,3446.0
int__tai50_20_06,2845,900,3075.0,3520.0
int__tai50_20_06,2845,901,3090.0,3471.0
int__tai50_20_06,2845,902,3096.0,3462.0
int__tai50_20_06,2845,903,3058.0,3464.0
int__tai50_20_06,2845,904,3057.0,3458.0
int__tai50_20_06,2845,905,3039.0,3474.0
int__tai50_20_06,2845,906,3053.0,3469.0
int__tai50_20_06,2845,907,3117.0,3507.0
int__tai50_20_06,2845,908,3084.0,3491.0
int__tai50_20_06,2845,909,3000.0,3424.0
int__tai50_20_06,2845,910,3169.0,3521.0
int__tai50_20_06,2845,911,3025.0,3438.0
int__tai50_20_06,2845,912,3058.0,3443.0
int__tai50_20_06,2845,913,3029.0,3423.0
int__tai50_20_06,2845,914,3098.0,3502.0
int__tai50_20_06,2845,915,3102.0,3521.0
int__tai50_20_06,2845,916,3136.0,3538.0
int__tai50_20_06,2845,917,3007.0,3446.0
int__tai50_20_06,2845,918,3080.0,3525.0
int__tai50_20_06,2845,919,2979.0,3393.0
int__tai50_20_06,2845,920,3038.0,3423.0
int__tai50_20_06,2845,921,2991.0,3419.0
int__tai50_20_06,2845,922,3186.0,3560.0
int__tai50_20_06,2845,923,3077.0,3485.0
int__tai50_20_06,2845,924,3024.0,3423.0
int__tai50_20_06,2845,925,3105.0,3552.0
int__tai50_20_06,2845,926,3072.0,3462.0
int__tai50_20_06,2845,927,3104.0,3499.0
int__tai50_20_06,2845,928,3055.0,3436.0
int__tai50_20_06,2845,929,2996.0,3426.0
int__tai50_20_06,2845,930,3129.0,3608.0
int__tai50_20_06,2845,931,3103.0,3544.0
int__tai50_20_06,2845,932,3091.0,3491.0
int__tai50_20_06,2845,933,3049.0,3455.0
int__tai50_20_06,2845,934,3069.0,3455.0
int__tai50_20_06,2845,935,3147.0,3565.0
int__tai50_20_06,2845,936,3108.0,3532.0
int__tai50_20_06,2845,937,3098.0,3532.0
int__tai50_20_06,2845,938,3009.0,3420.0
int__tai50_20_06,2845,939,3062.0,3507.0
int__tai50_20_06,2845,940,3003.0,3413.0
int__tai50_20_06,2845,941,3042.0,3432.0
int__tai50_20_06,2845,942,3086.0,3492.0
int__tai50_20_06,2845,943,3109.0,3551.0
int__tai50_20_06,2845,944,3116.0,3583.0
int__tai50_20_06,2845,945,3014.0,3426.0
int__tai50_20_06,2845,946,3079.0,3498.0
int__tai50_20_06,2845,947,2974.0,3390.0
int__tai50_20_06,2845,948,2993.0,3400.0
int__tai50_20_06,2845,949,3039.0,3456.0
int__tai50_20_06,2845,950,3097.0,3526.0
int__tai50_20_06,2845,951,3089.0,3531.0
int__tai50_20_06,2845,952,3019.0,3451.0
int__tai50_20_06,2845,953,3013.0,3420.0
int__tai50_20_06,2845,954,3021.0,3419.0
int__tai50_20_06,2845,955,3033.0,3425.0
int__tai50_20_06,2845,956,3154.0,3557.0
int__tai50_20_06,2845,957,3065.0,3481.0
int__tai50_20_06,2845,958,3078.0,3507.0
int__tai50_20_06,2845,959,3135.0,3609.0
int__tai50_20_06,2845,960,3084.0,3528.0
int__tai50_20_06,2845,961,3012.0,3400.0
int__tai50_20_06,2845,962,3019.0,3378.0
int__tai50_20_06,2845,963,3017.0,3427.0
int__tai50_20_06,2845,964,3066.0,3427.0
int__tai50_20_06,2845,965,3078.0,3433.0
int__tai50_20_06,2845,966,3009.0,3393.0
int__tai50_20_06,2845,967,3130.0,3542.0
int__tai50_20_06,2845,968,3071.0,3469.0
int__tai50_20_06,2845,969,3104.0,3547.0
int__tai50_20_06,2845,970,3157.0,3620.0
int__tai50_20_06,2845,971,3082.0,3488.0
int__tai50_20_06,2845,972,3008.0,3415.0
int__tai50_20_06,2845,973,3093.0,3443.0
int__tai50_20_06,2845,974,3097.0,3530.0
int__tai50_20_06,2845,975,3123.0,3502.0
int__tai50_20_06,2845,976,3069.0,3456.0
int__tai50_20_06,2845,977,3075.0,3482.0
int__tai50_20_06,2845,978,2971.0,3396.0
int__tai50_20_06,2845,979,3111.0,3535.0
int__tai50_20_06,2845,980,3091.0,3500.0
int__tai50_20_06,2845,981,3174.0,3622.0
int__tai50_20_06,2845,982,3058.0,3489.0
int__tai50_20_06,2845,983,3131.0,3553.0
int__tai50_20_06,2845,984,3087.0,3482.0
int__tai50_20_06,2845,985,3085.0,3481.0
int__tai50_20_06,2845,986,3095.0,3501.0
int__tai50_20_06,2845,987,3123.0,3519.0
int__tai50_20_06,2845,988,3013.0,3385.0
int__tai50_20_06,2845,989,3071.0,3478.0
int__tai50_20_06,2845,990,3012.0,3417.0
int__tai50_20_06,2845,991,3061.0,3463.0
int__tai50_20_06,2845,992,3088.0,3481.0
int__tai50_20_06,2845,993,3063.0,3450.0
int__tai50_20_06,2845,994,3018.0,3406.0
int__tai50_20_06,2845,995,3152.0,3612.0
int__tai50_20_06,2845,996,3026.0,3416.0
int__tai50_20_06,2845,997,3061.0,3439.0
int__tai50_20_06,2845,998,2993.0,3382.0
int__tai50_20_06,2845,999,3017.0,3437.0
int__tai50_20_06,2845,1000,3041.0,3448.0
int__tai50_20_06,2845,1001,3082.0,3475.0
int__tai50_20_06,2845,1002,3109.0,3537.0
int__tai50_20_06,2845,1003,3041.0,3471.0
int__tai50_20_06,2845,1004,3069.0,3462.0
int__tai50_20_06,2845,1005,3029.0,3433.0
int__tai50_20_06,2845,1006,3080.0,3498.0
int__tai50_20_06,2845,1007,3029.0,3434.0
int__tai50_20_06,2845,1008,3040.0,3451.0
int__tai50_20_06,2845,1009,3041.0,3423.0
int__tai50_20_06,2845,1010,3005.0,3427.0
int__tai50_20_06,2845,1011,3042.0,3464.0
int__tai50_20_06,2845,1012,3024.0,3432.0
int__tai50_20_06,2845,1013,3106.0,3545.0
int__tai50_20_06,2845,1014,3166.0,3617.0
int__tai50_20_06,2845,1015,3021.0,3425.0
int__tai50_20_06,2845,1016,3109.0,3526.0
int__tai50_20_06,2845,1017,3026.0,3402.0
int__tai50_20_06,2845,1018,3077.0,3468.0
int__tai50_20_06,2845,1019,3096.0,3520.0
int__tai50_20_06,2845,1020,3055.0,3446.0
int__tai50_20_06,2845,1021,3117.0,3536.0
int__tai50_20_06,2845,1022,3007.0,3384.0
int__tai50_20_06,2845,1023,3083.0,3454.0
