instance,lb,sample_idx,lo,up
int__tai15_15_03,1218,0,1290.0,1489.0
int__tai15_15_03,1218,1,1427.0,1599.0
int__tai15_15_03,1218,2,1286.0,1458.0
int__tai15_15_03,1218,3,1400.0,1547.0
int__tai15_15_03,1218,4,1304.0,1467.0
int__tai15_15_03,1218,5,1321.0,1465.0
int__tai15_15_03,1218,6,1374.0,1551.0
int__tai15_15_03,1218,7,1368.0,1548.0
int__tai15_15_03,1218,8,1328.0,1502.0
int__tai15_15_03,1218,9,1394.0,1585.0
int__tai15_15_03,1218,10,1305.0,1507.0
int__tai15_15_03,1218,11,1357.0,1565.0
int__tai15_15_03,1218,12,1333.0,1524.0
int__tai15_15_03,1218,13,1364.0,1552.0
int__tai15_15_03,1218,14,1365.0,1527.0
int__tai15_15_03,1218,15,1365.0,1563.0
int__tai15_15_03,1218,16,1473.0,1667.0
int__tai15_15_03,1218,17,1436.0,1644.0
int__tai15_15_03,1218,18,1350.0,1522.0
int__tai15_15_03,1218,19,1439.0,1635.0
int__tai15_15_03,1218,20,1341.0,1496.0
int__tai15_15_03,1218,21,1457.0,1622.0
int__tai15_15_03,1218,22,1387.0,1539.0
int__tai15_15_03,1218,23,1403.0,1593.0
int__tai15_15_03,1218,24,1391.0,1550.0
int__tai15_15_03,1218,25,1424.0,1614.0
int__tai15_15_03,1218,26,1339.0,1515.0
int__tai15_15_03,1218,27,1444.0,1632.0
int__tai15_15_03,1218,28,1315.0,1497.0
int__tai15_15_03,1218,29,1356.0,1522.0
int__tai15_15_03,1218,30,1442.0,1622.0
int__tai15_15_03,1218,31,1326.0,1517.0
int__tai15_15_03,1218,32,1455.0,1627.0
int__tai15_15_03,1218,33,1377.0,1567.0
int__tai15_15_03,1218,34,1372.0,1566.0
int__tai15_15_03,1218,35,1338.0,1553.0
int__tai15_15_03,1218,36,1341.0,1521.0
int__tai15_15_03,1218,37,1382.0,1578.0
int__tai15_15_03,1218,38,1402.0,1570.0
int__tai15_15_03,1218,39,1346.0,1534.0
int__tai15_15_03,1218,40,1365.0,1557.0
int__tai15_15_03,1218,41,1347.0,1529.0
int__tai15_15_03,1218,42,1368.0,1569.0
int__tai15_15_03,1218,43,1367.0,1553.0
int__tai15_15_03,1218,44,1363.0,1576.0
int__tai15_15_03,1218,45,1352.0,1567.0
int__tai15_15_03,1218,46,1380.0,1609.0
int__tai15_15_03,1218,47,1379.0,1551.0
int__tai15_15_03,1218,48,1397.0,1583.0
int__tai15_15_03,1218,49,1411.0,1609.0
int__tai15_15_03,1218,50,1360.0,1553.0
int__tai15_15_03,1218,51,1429.0,1603.0
int__tai15_15_03,1218,52,1469.0,1657.0
int__tai15_15_03,1218,53,1327.0,1509.0
int__tai15_15_03,1218,54,1363.0,1601.0
int__tai15_15_03,1218,55,1459.0,1636.0
int__tai15_15_03,1218,56,1401.0,1600.0
int__tai15_15_03,1218,57,1366.0,1550.0
int__tai15_15_03,1218,58,1563.0,1755.0
int__tai15_15_03,1218,59,1375.0,1549.0
int__tai15_15_03,1218,60,1380.0,1570.0
int__tai15_15_03,1218,61,1358.0,1531.0
int__tai15_15_03,1218,62,1362.0,1547.0
int__tai15_15_03,1218,63,1368.0,1538.0
int__tai15_15_03,1218,64,1377.0,1571.0
int__tai15_15_03,1218,65,1363.0,1537.0
int__tai15_15_03,1218,66,1406.0,1614.0
int__tai15_15_03,1218,67,1348.0,1538.0
int__tai15_15_03,1218,68,1373.0,1545.0
int__tai15_15_03,1218,69,1491.0,1658.0
int__tai15_15_03,1218,70,1380.0,1590.0
int__tai15_15_03,1218,71,1406.0,1579.0
int__tai15_15_03,1218,72,1332.0,1501.0
int__tai15_15_03,1218,73,1345.0,1499.0
int__tai15_15_03,1218,74,1398.0,1574.0
int__tai15_15_03,1218,75,1289.0,1479.0
int__tai15_15_03,1218,76,1330.0,1506.0
int__tai15_15_03,1218,77,1362.0,1544.0
int__tai15_15_03,1218,78,1451.0,1625.0
int__tai15_15_03,1218,79,1417.0,1620.0
int__tai15_15_03,1218,80,1377.0,1545.0
int__tai15_15_03,1218,81,1486.0,1684.0
int__tai15_15_03,1218,82,1425.0,1612.0
int__tai15_15_03,1218,83,1352.0,1552.0
int__tai15_15_03,1218,84,1413.0,1570.0
int__tai15_15_03,1218,85,1360.0,1517.0
int__tai15_15_03,1218,86,1351.0,1515.0
int__tai15_15_03,1218,87,1396.0,1592.0
int__tai15_15_03,1218,88,1372.0,1554.0
int__tai15_15_03,1218,89,1338.0,1504.0
int__tai15_15_03,1218,90,1453.0,1637.0
int__tai15_15_03,1218,91,1375.0,1583.0
int__tai15_15_03,1218,92,1407.0,1565.0
int__tai15_15_03,1218,93,1316.0,1510.0
int__tai15_15_03,1218,94,1400.0,1584.0
int__tai15_15_03,1218,95,1442.0,1668.0
int__tai15_15_03,1218,96,1343.0,1521.0
int__tai15_15_03,1218,97,1373.0,1550.0
int__tai15_15_03,1218,98,1379.0,1544.0
int__tai15_15_03,1218,99,1335.0,1481.0
int__tai15_15_03,1218,100,1462.0,1664.0
int__tai15_15_03,1218,101,1363.0,1533.0
int__tai15_15_03,1218,102,1363.0,1551.0
int__tai15_15_03,1218,103,1422.0,1625.0
int__tai15_15_03,1218,104,1381.0,1571.0
int__tai15_15_03,1218,105,1371.0,1558.0
int__tai15_15_03,1218,106,1341.0,1502.0
int__tai15_15_03,1218,107,1317.0,1479.0
int__tai15_15_03,1218,108,1324.0,1500.0
int__tai15_15_03,1218,109,1395.0,1535.0
int__tai15_15_03,1218,110,1365.0,1552.0
int__tai15_15_03,1218,111,1409.0,1596.0
int__tai15_15_03,1218,112,1396.0,1615.0
int__tai15_15_03,1218,113,1361.0,1569.0
int__tai15_15_03,1218,114,1336.0,1516.0
int__tai15_15_03,1218,115,1286.0,1459.0
int__tai15_15_03,1218,116,1353.0,1510.0
int__tai15_15_03,1218,117,1505.0,1715.0
int__tai15_15_03,1218,118,1348.0,1526.0
int__tai15_15_03,1218,119,1303.0,1498.0
int__tai15_15_03,1218,120,1335.0,1502.0
int__tai15_15_03,1218,121,1403.0,1575.0
int__tai15_15_03,1218,122,1340.0,1528.0
int__tai15_15_03,1218,123,1356.0,1548.0
int__tai15_15_03,1218,124,1361.0,1543.0
int__tai15_15_03,1218,125,1330.0,1524.0
int__tai15_15_03,1218,126,1475.0,1671.0
int__tai15_15_03,1218,127,1302.0,1463.0
int__tai15_15_03,1218,128,1411.0,1594.0
int__tai15_15_03,1218,129,1309.0,1502.0
int__tai15_15_03,1218,130,1348.0,1540.0
int__tai15_15_03,1218,131,1350.0,1505.0
int__tai15_15_03,1218,132,1381.0,1552.0
int__tai15_15_03,1218,133,1357.0,1528.0
int__tai15_15_03,1218,134,1389.0,1565.0
int__tai15_15_03,1218,135,1399.0,1581.0
int__tai15_15_03,1218,136,1390.0,1577.0
int__tai15_15_03,1218,137,1283.0,1467.0
int__tai15_15_03,1218,138,1385.0,1577.0
int__tai15_15_03,1218,139,1357.0,1515.0
int__tai15_15_03,1218,140,1362.0,1546.0
int__tai15_15_03,1218,141,1330.0,1512.0
int__tai15_15_03,1218,142,1486.0,1668.0
int__tai15_15_03,1218,143,1299.0,1499.0
int__tai15_15_03,1218,144,1362.0,1539.0
int__tai15_15_03,1218,145,1328.0,1486.0
int__tai15_15_03,1218,146,1300.0,1508.0
int__tai15_15_03,1218,147,1402.0,1588.0
int__tai15_15_03,1218,148,1370.0,1550.0
int__tai15_15_03,1218,149,1399.0,1587.0
int__tai15_15_03,1218,150,1346.0,1537.0
int__tai15_15_03,1218,151,1346.0,1539.0
int__tai15_15_03,1218,152,1411.0,1595.0
int__tai15_15_03,1218,153,1375.0,1586.0
int__tai15_15_03,1218,154,1305.0,1476.0
int__tai15_15_03,1218,155,1400.0,1576.0
int__tai15_15_03,1218,156,1335.0,1503.0
int__tai15_15_03,1218,157,1284.0,1465.0
int__tai15_15_03,1218,158,1366.0,1544.0
int__tai15_15_03,1218,159,1451.0,1644.0
int__tai15_15_03,1218,160,1360.0,1541.0
int__tai15_15_03,1218,161,1371.0,1565.0
int__tai15_15_03,1218,162,1361.0,1562.0
int__tai15_15_03,1218,163,1323.0,1486.0
int__tai15_15_03,1218,164,1304.0,1491.0
int__tai15_15_03,1218,165,1409.0,1567.0
int__tai15_15_03,1218,166,1312.0,1517.0
int__tai15_15_03,1218,167,1425.0,1623.0
int__tai15_15_03,1218,168,1369.0,1539.0
int__tai15_15_03,1218,169,1378.0,1546.0
int__tai15_15_03,1218,170,1389.0,1561.0
int__tai15_15_03,1218,171,1342.0,1504.0
int__tai15_15_03,1218,172,1299.0,1496.0
int__tai15_15_03,1218,173,1353.0,1533.0
int__tai15_15_03,1218,174,1442.0,1645.0
int__tai15_15_03,1218,175,1271.0,1433.0
int__tai15_15_03,1218,176,1368.0,1562.0
int__tai15_15_03,1218,177,1393.0,1574.0
int__tai15_15_03,1218,178,1398.0,1575.0
int__tai15_15_03,1218,179,1479.0,1679.0
int__tai15_15_03,1218,180,1291.0,1489.0
int__tai15_15_03,1218,181,1403.0,1581.0
int__tai15_15_03,1218,182,1252.0,1450.0
int__tai15_15_03,1218,183,1451.0,1646.0
int__tai15_15_03,1218,184,1374.0,1562.0
int__tai15_15_03,1218,185,1364.0,1526.0
int__tai15_15_03,1218,186,1390.0,1586.0
int__tai15_15_03,1218,187,1313.0,1481.0
int__tai15_15_03,1218,188,1360.0,1558.0
int__tai15_15_03,1218,189,1359.0,1555.0
int__tai15_15_03,1218,190,1409.0,1581.0
int__tai15_15_03,1218,191,1448.0,1622.0
int__tai15_15_03,1218,192,1449.0,1630.0
int__tai15_15_03,1218,193,1314.0,1472.0
int__tai15_15_03,1218,194,1415.0,1581.0
int__tai15_15_03,1218,195,1436.0,1634.0
int__tai15_15_03,1218,196,1303.0,1503.0
int__tai15_15_03,1218,197,1341.0,1538.0
int__tai15_15_03,1218,198,1323.0,1509.0
int__tai15_15_03,1218,199,1461.0,1619.0
int__tai15_15_03,1218,200,1394.0,1586.0
int__tai15_15_03,1218,201,1422.0,1632.0
int__tai15_15_03,1218,202,1357.0,1558.0
int__tai15_15_03,1218,203,1373.0,1540.0
int__tai15_15_03,1218,204,1412.0,1567.0
int__tai15_15_03,1218,205,1426.0,1614.0
int__tai15_15_03,1218,206,1314.0,1494.0
int__tai15_15_03,1218,207,1343.0,1532.0
int__tai15_15_03,1218,208,1383.0,1569.0
int__tai15_15_03,1218,209,1419.0,1566.0
int__tai15_15_03,1218,210,1328.0,1487.0
int__tai15_15_03,1218,211,1331.0,1540.0
int__tai15_15_03,1218,212,1393.0,1560.0
int__tai15_15_03,1218,213,1367.0,1538.0
int__tai15_15_03,1218,214,1320.0,1514.0
int__tai15_15_03,1218,215,1350.0,1544.0
int__tai15_15_03,1218,216,1427.0,1619.0
int__tai15_15_03,1218,217,1372.0,1550.0
int__tai15_15_03,1218,218,1400.0,1610.0
int__tai15_15_03,1218,219,1299.0,1501.0
int__tai15_15_03,1218,220,1349.0,1538.0
int__tai15_15_03,1218,221,1355.0,1558.0
int__tai15_15_03,1218,222,1408.0,1616.0
int__tai15_15_03,1218,223,1354.0,1525.0
int__tai15_15_03,1218,224,1314.0,1490.0
int__tai15_15_03,1218,225,1329.0,1529.0
int__tai15_15_03,1218,226,1353.0,1537.0
int__tai15_15_03,1218,227,1361.0,1538.0
int__tai15_15_03,1218,228,1318.0,1489.0
int__tai15_15_03,1218,229,1360.0,1534.0
int__tai15_15_03,1218,230,1316.0,1508.0
int__tai15_15_03,1218,231,1435.0,1611.0
int__tai15_15_03,1218,232,1380.0,1561.0
int__tai15_15_03,1218,233,1357.0,1509.0
int__tai15_15_03,1218,234,1335.0,1498.0
int__tai15_15_03,1218,235,1299.0,1495.0
int__tai15_15_03,1218,236,1306.0,1477.0
int__tai15_15_03,1218,237,1473.0,1639.0
int__tai15_15_03,1218,238,1304.0,1487.0
int__tai15_15_03,1218,239,1428.0,1624.0
int__tai15_15_03,1218,240,1405.0,1576.0
int__tai15_15_03,1218,241,1388.0,1583.0
int__tai15_15_03,1218,242,1380.0,1551.0
int__tai15_15_03,1218,243,1380.0,1572.0
int__tai15_15_03,1218,244,1376.0,1590.0
int__tai15_15_03,1218,245,1382.0,1587.0
int__tai15_15_03,1218,246,1316.0,1515.0
int__tai15_15_03,1218,247,1430.0,1614.0
int__tai15_15_03,1218,248,1325.0,1491.0
int__tai15_15_03,1218,249,1555.0,1767.0
int__tai15_15_03,1218,250,1361.0,1550.0
int__tai15_15_03,1218,251,1464.0,1682.0
int__tai15_15_03,1218,252,1408.0,1643.0
int__tai15_15_03,1218,253,1326.0,1510.0
int__tai15_15_03,1218,254,1402.0,1603.0
int__tai15_15_03,1218,255,1409.0,1590.0
int__tai15_15_03,1218,256,1348.0,1546.0
int__tai15_15_03,1218,257,1539.0,1734.0
int__tai15_15_03,1218,258,1368.0,1559.0
int__tai15_15_03,1218,259,1305.0,1483.0
int__tai15_15_03,1218,260,1346.0,1538.0
int__tai15_15_03,1218,261,1415.0,1571.0
int__tai15_15_03,1218,262,1300.0,1465.0
int__tai15_15_03,1218,263,1515.0,1731.0
int__tai15_15_03,1218,264,1330.0,1532.0
int__tai15_15_03,1218,265,1383.0,1577.0
int__tai15_15_03,1218,266,1439.0,1639.0
int__tai15_15_03,1218,267,1373.0,1557.0
int__tai15_15_03,1218,268,1385.0,1556.0
int__tai15_15_03,1218,269,1321.0,1483.0
int__tai15_15_03,1218,270,1452.0,1631.0
int__tai15_15_03,1218,271,1366.0,1562.0
int__tai15_15_03,1218,272,1313.0,1497.0
int__tai15_15_03,1218,273,1353.0,1541.0
int__tai15_15_03,1218,274,1382.0,1574.0
int__tai15_15_03,1218,275,1372.0,1548.0
int__tai15_15_03,1218,276,1423.0,1604.0
int__tai15_15_03,1218,277,1339.0,1518.0
int__tai15_15_03,1218,278,1449.0,1657.0
int__tai15_15_03,1218,279,1288.0,1437.0
int__tai15_15_03,1218,280,1338.0,1538.0
int__tai15_15_03,1218,281,1358.0,1556.0
int__tai15_15_03,1218,282,1323.0,1493.0
int__tai15_15_03,1218,283,1448.0,1620.0
int__tai15_15_03,1218,284,1407.0,1591.0
int__tai15_15_03,1218,285,1387.0,1569.0
int__tai15_15_03,1218,286,1342.0,1519.0
int__tai15_15_03,1218,287,1349.0,1507.0
int__tai15_15_03,1218,288,1352.0,1516.0
int__tai15_15_03,1218,289,1378.0,1553.0
int__tai15_15_03,1218,290,1345.0,1493.0
int__tai15_15_03,1218,291,1429.0,1603.0
int__tai15_15_03,1218,292,1323.0,1494.0
int__tai15_15_03,1218,293,1316.0,1516.0
int__tai15_15_03,1218,294,1365.0,1539.0
int__tai15_15_03,1218,295,1432.0,1625.0
int__tai15_15_03,1218,296,1435.0,1623.0
int__tai15_15_03,1218,297,1341.0,1495.0
int__tai15_15_03,1218,298,1406.0,1598.0
int__tai15_15_03,1218,299,1426.0,1630.0
int__tai15_15_03,1218,300,1366.0,1521.0
int__tai15_15_03,1218,301,1375.0,1553.0
int__tai15_15_03,1218,302,1427.0,1620.0
int__tai15_15_03,1218,303,1416.0,1620.0
int__tai15_15_03,1218,304,1363.0,1525.0
int__tai15_15_03,1218,305,1387.0,1539.0
int__tai15_15_03,1218,306,1441.0,1648.0
int__tai15_15_03,1218,307,1359.0,1568.0
int__tai15_15_03,1218,308,1373.0,1595.0
int__tai15_15_03,1218,309,1412.0,1564.0
int__tai15_15_03,1218,310,1471.0,1678.0
int__tai15_15_03,1218,311,1323.0,1511.0
int__tai15_15_03,1218,312,1388.0,1572.0
int__tai15_15_03,1218,313,1389.0,1568.0
int__tai15_15_03,1218,314,1354.0,1548.0
int__tai15_15_03,1218,315,1368.0,1550.0
int__tai15_15_03,1218,316,1386.0,1602.0
int__tai15_15_03,1218,317,1419.0,1573.0
int__tai15_15_03,1218,318,1382.0,1565.0
int__tai15_15_03,1218,319,1394.0,1534.0
int__tai15_15_03,1218,320,1331.0,1510.0
int__tai15_15_03,1218,321,1346.0,1524.0
int__tai15_15_03,1218,322,1415.0,1595.0
int__tai15_15_03,1218,323,1447.0,1645.0
int__tai15_15_03,1218,324,1431.0,1634.0
int__tai15_15_03,1218,325,1248.0,1447.0
int__tai15_15_03,1218,326,1486.0,1646.0
int__tai15_15_03,1218,327,1439.0,1669.0
int__tai15_15_03,1218,328,1427.0,1623.0
int__tai15_15_03,1218,329,1415.0,1614.0
int__tai15_15_03,1218,330,1334.0,1497.0
int__tai15_15_03,1218,331,1382.0,1575.0
int__tai15_15_03,1218,332,1380.0,1563.0
int__tai15_15_03,1218,333,1322.0,1515.0
int__tai15_15_03,1218,334,1334.0,1521.0
int__tai15_15_03,1218,335,1391.0,1575.0
int__tai15_15_03,1218,336,1435.0,1638.0
int__tai15_15_03,1218,337,1323.0,1496.0
int__tai15_15_03,1218,338,1383.0,1534.0
int__tai15_15_03,1218,339,1388.0,1576.0
int__tai15_15_03,1218,340,1403.0,1586.0
int__tai15_15_03,1218,341,1420.0,1591.0
int__tai15_15_03,1218,342,1416.0,1606.0
int__tai15_15_03,1218,343,1308.0,1485.0
int__tai15_15_03,1218,344,1328.0,1480.0
int__tai15_15_03,1218,345,1389.0,1576.0
int__tai15_15_03,1218,346,1338.0,1514.0
int__tai15_15_03,1218,347,1341.0,1522.0
int__tai15_15_03,1218,348,1373.0,1543.0
int__tai15_15_03,1218,349,1339.0,1514.0
int__tai15_15_03,1218,350,1394.0,1564.0
int__tai15_15_03,1218,351,1423.0,1605.0
int__tai15_15_03,1218,352,1381.0,1547.0
int__tai15_15_03,1218,353,1321.0,1515.0
int__tai15_15_03,1218,354,1332.0,1497.0
int__tai15_15_03,1218,355,1425.0,1589.0
int__tai15_15_03,1218,356,1388.0,1562.0
int__tai15_15_03,1218,357,1376.0,1571.0
int__tai15_15_03,1218,358,1329.0,1528.0
int__tai15_15_03,1218,359,1352.0,1518.0
int__tai15_15_03,1218,360,1357.0,1522.0
int__tai15_15_03,1218,361,1365.0,1561.0
int__tai15_15_03,1218,362,1398.0,1560.0
int__tai15_15_03,1218,363,1321.0,1513.0
int__tai15_15_03,1218,364,1352.0,1518.0
int__tai15_15_03,1218,365,1297.0,1496.0
int__tai15_15_03,1218,366,1411.0,1575.0
int__tai15_15_03,1218,367,1319.0,1477.0
int__tai15_15_03,1218,368,1296.0,1474.0
int__tai15_15_03,1218,369,1337.0,1521.0
int__tai15_15_03,1218,370,1382.0,1583.0
int__tai15_15_03,1218,371,1363.0,1558.0
int__tai15_15_03,1218,372,1443.0,1613.0
int__tai15_15_03,1218,373,1381.0,1573.0
int__tai15_15_03,1218,374,1369.0,1583.0
int__tai15_15_03,1218,375,1360.0,1536.0
int__tai15_15_03,1218,376,1344.0,1531.0
int__tai15_15_03,1218,377,1400.0,1608.0
int__tai15_15_03,1218,378,1450.0,1612.0
int__tai15_15_03,1218,379,1404.0,1598.0
int__tai15_15_03,1218,380,1372.0,1554.0
int__tai15_15_03,1218,381,1372.0,1555.0
int__tai15_15_03,1218,382,1330.0,1496.0
int__tai15_15_03,1218,383,1362.0,1564.0
int__tai15_15_03,1218,384,1374.0,1532.0
int__tai15_15_03,1218,385,1409.0,1607.0
int__tai15_15_03,1218,386,1413.0,1582.0
int__tai15_15_03,1218,387,1368.0,1550.0
int__tai15_15_03,1218,388,1354.0,1533.0
int__tai15_15_03,1218,389,1362.0,1516.0
int__tai15_15_03,1218,390,1392.0,1586.0
int__tai15_15_03,1218,391,1446.0,1660.0
int__tai15_15_03,1218,392,1408.0,1588.0
int__tai15_15_03,1218,393,1352.0,1532.0
int__tai15_15_03,1218,394,1335.0,1483.0
int__tai15_15_03,1218,395,1408.0,1583.0
int__tai15_15_03,1218,396,1344.0,1512.0
int__tai15_15_03,1218,397,1380.0,1568.0
int__tai15_15_03,1218,398,1435.0,1590.0
int__tai15_15_03,1218,399,1372.0,1549.0
int__tai15_15_03,1218,400,1347.0,1544.0
int__tai15_15_03,1218,401,1339.0,1539.0
int__tai15_15_03,1218,402,1278.0,1467.0
int__tai15_15_03,1218,403,1359.0,1564.0
int__tai15_15_03,1218,404,1286.0,1446.0
int__tai15_15_03,1218,405,1499.0,1684.0
int__tai15_15_03,1218,406,1405.0,1591.0
int__tai15_15_03,1218,407,1468.0,1640.0
int__tai15_15_03,1218,408,1444.0,1660.0
int__tai15_15_03,1218,409,1393.0,1584.0
int__tai15_15_03,1218,410,1357.0,1560.0
int__tai15_15_03,1218,411,1345.0,1514.0
int__tai15_15_03,1218,412,1382.0,1570.0
int__tai15_15_03,1218,413,1323.0,1493.0
int__tai15_15_03,1218,414,1355.0,1519.0
int__tai15_15_03,1218,415,1356.0,1533.0
int__tai15_15_03,1218,416,1371.0,1574.0
int__tai15_15_03,1218,417,1406.0,1581.0
int__tai15_15_03,1218,418,1331.0,1499.0
int__tai15_15_03,1218,419,1435.0,1589.0
int__tai15_15_03,1218,420,1342.0,1525.0
int__tai15_15_03,1218,421,1332.0,1528.0
int__tai15_15_03,1218,422,1329.0,1518.0
int__tai15_15_03,1218,423,1309.0,1493.0
int__tai15_15_03,1218,424,1391.0,1577.0
int__tai15_15_03,1218,425,1370.0,1555.0
int__tai15_15_03,1218,426,1316.0,1493.0
int__tai15_15_03,1218,427,1400.0,1610.0
int__tai15_15_03,1218,428,1565.0,1771.0
int__tai15_15_03,1218,429,1345.0,1514.0
int__tai15_15_03,1218,430,1463.0,1623.0
int__tai15_15_03,1218,431,1311.0,1476.0
int__tai15_15_03,1218,432,1384.0,1576.0
int__tai15_15_03,1218,433,1364.0,1572.0
int__tai15_15_03,1218,434,1363.0,1586.0
int__tai15_15_03,1218,435,1446.0,1600.0
int__tai15_15_03,1218,436,1375.0,1538.0
int__tai15_15_03,1218,437,1343.0,1534.0
int__tai15_15_03,1218,438,1407.0,1565.0
int__tai15_15_03,1218,439,1495.0,1654.0
int__tai15_15_03,1218,440,1305.0,1516.0
int__tai15_15_03,1218,441,1379.0,1537.0
int__tai15_15_03,1218,442,1343.0,1492.0
int__tai15_15_03,1218,443,1367.0,1537.0
int__tai15_15_03,1218,444,1358.0,1537.0
int__tai15_15_03,1218,445,1367.0,1552.0
int__tai15_15_03,1218,446,1432.0,1598.0
int__tai15_15_03,1218,447,1430.0,1597.0
int__tai15_15_03,1218,448,1456.0,1649.0
int__tai15_15_03,1218,449,1319.0,1516.0
int__tai15_15_03,1218,450,1325.0,1507.0
int__tai15_15_03,1218,451,1421.0,1638.0
int__tai15_15_03,1218,452,1470.0,1694.0
int__tai15_15_03,1218,453,1303.0,1515.0
int__tai15_15_03,1218,454,1378.0,1560.0
int__tai15_15_03,1218,455,1361.0,1534.0
int__tai15_15_03,1218,456,1433.0,1632.0
int__tai15_15_03,1218,457,1416.0,1624.0
int__tai15_15_03,1218,458,1354.0,1542.0
int__tai15_15_03,1218,459,1368.0,1561.0
int__tai15_15_03,1218,460,1337.0,1501.0
int__tai15_15_03,1218,461,1467.0,1653.0
int__tai15_15_03,1218,462,1452.0,1612.0
int__tai15_15_03,1218,463,1388.0,1543.0
int__tai15_15_03,1218,464,1478.0,1668.0
int__tai15_15_03,1218,465,1344.0,1530.0
int__tai15_15_03,1218,466,1270.0,1433.0
int__tai15_15_03,1218,467,1376.0,1581.0
int__tai15_15_03,1218,468,1546.0,1741.0
int__tai15_15_03,1218,469,1383.0,1590.0
int__tai15_15_03,1218,470,1404.0,1595.0
int__tai15_15_03,1218,471,1323.0,1482.0
int__tai15_15_03,1218,472,1357.0,1533.0
int__tai15_15_03,1218,473,1378.0,1558.0
int__tai15_15_03,1218,474,1404.0,1607.0
int__tai15_15_03,1218,475,1345.0,1505.0
int__tai15_15_03,1218,476,1311.0,1502.0
int__tai15_15_03,1218,477,1419.0,1593.0
int__tai15_15_03,1218,478,1361.0,1533.0
int__tai15_15_03,1218,479,1489.0,1701.0
int__tai15_15_03,1218,480,1379.0,1601.0
int__tai15_15_03,1218,481,1355.0,1528.0
int__tai15_15_03,1218,482,1353.0,1571.0
int__tai15_15_03,1218,483,1365.0,1516.0
int__tai15_15_03,1218,484,1370.0,1583.0
int__tai15_15_03,1218,485,1305.0,1497.0
int__tai15_15_03,1218,486,1388.0,1566.0
int__tai15_15_03,1218,487,1398.0,1589.0
int__tai15_15_03,1218,488,1396.0,1561.0
int__tai15_15_03,1218,489,1415.0,1589.0
int__tai15_15_03,1218,490,1337.0,1513.0
int__tai15_15_03,1218,491,1397.0,1598.0
int__tai15_15_03,1218,492,1408.0,1568.0
int__tai15_15_03,1218,493,1358.0,1524.0
int__tai15_15_03,1218,494,1321.0,1509.0
int__tai15_15_03,1218,495,1321.0,1514.0
int__tai15_15_03,1218,496,1322.0,1514.0
int__tai15_15_03,1218,497,1351.0,1550.0
int__tai15_15_03,1218,498,1397.0,1597.0
int__tai15_15_03,1218,499,1458.0,1643.0
int__tai15_15_03,1218,500,1290.0,1454.0
int__tai15_15_03,1218,501,1397.0,1584.0
int__tai15_15_03,1218,502,1312.0,1470.0
int__tai15_15_03,1218,503,1355.0,1563.0
int__tai15_15_03,1218,504,1320.0,1492.0
int__tai15_15_03,1218,505,1382.0,1579.0
int__tai15_15_03,1218,506,1298.0,1464.0
int__tai15_15_03,1218,507,1384.0,1542.0
int__tai15_15_03,1218,508,1364.0,1573.0
int__tai15_15_03,1218,509,1368.0,1546.0
int__tai15_15_03,1218,510,1313.0,1486.0
int__tai15_15_03,1218,511,1359.0,1534.0
int__tai15_15_03,1218,512,1338.0,1533.0
int__tai15_15_03,1218,513,1425.0,1610.0
int__tai15_15_03,1218,514,1360.0,1520.0
int__tai15_15_03,1218,515,1323.0,1514.0
int__tai15_15_03,1218,516,1351.0,1544.0
int__tai15_15_03,1218,517,1410.0,1570.0
int__tai15_15_03,1218,518,1404.0,1598.0
int__tai15_15_03,1218,519,1416.0,1585.0
int__tai15_15_03,1218,520,1430.0,1598.0
int__tai15_15_03,1218,521,1357.0,1552.0
int__tai15_15_03,1218,522,1372.0,1544.0
int__tai15_15_03,1218,523,1396.0,1604.0
int__tai15_15_03,1218,524,1405.0,1618.0
int__tai15_15_03,1218,525,1322.0,1501.0
int__tai15_15_03,1218,526,1380.0,1548.0
int__tai15_15_03,1218,527,1408.0,1637.0
int__tai15_15_03,1218,528,1450.0,1610.0
int__tai15_15_03,1218,529,1440.0,1636.0
int__tai15_15_03,1218,530,1363.0,1536.0
int__tai15_15_03,1218,531,1444.0,1617.0
int__tai15_15_03,1218,532,1377.0,1579.0
int__tai15_15_03,1218,533,1355.0,1563.0
int__tai15_15_03,1218,534,1401.0,1598.0
int__tai15_15_03,1218,535,1350.0,1531.0
int__tai15_15_03,1218,536,1328.0,1525.0
int__tai15_15_03,1218,537,1358.0,1542.0
int__tai15_15_03,1218,538,1415.0,1609.0
int__tai15_15_03,1218,539,1506.0,1692.0
int__tai15_15_03,1218,540,1420.0,1617.0
int__tai15_15_03,1218,541,1491.0,1666.0
int__tai15_15_03,1218,542,1385.0,1564.0
int__tai15_15_03,1218,543,1406.0,1574.0
int__tai15_15_03,1218,544,1413.0,1587.0
int__tai15_15_03,1218,545,1482.0,1648.0
int__tai15_15_03,1218,546,1402.0,1582.0
int__tai15_15_03,1218,547,1356.0,1551.0
int__tai15_15_03,1218,548,1375.0,1553.0
int__tai15_15_03,1218,549,1310.0,1479.0
int__tai15_15_03,1218,550,1347.0,1529.0
int__tai15_15_03,1218,551,1346.0,1527.0
int__tai15_15_03,1218,552,1383.0,1537.0
int__tai15_15_03,1218,553,1341.0,1515.0
int__tai15_15_03,1218,554,1353.0,1525.0
int__tai15_15_03,1218,555,1440.0,1583.0
int__tai15_15_03,1218,556,1468.0,1655.0
int__tai15_15_03,1218,557,1346.0,1547.0
int__tai15_15_03,1218,558,1530.0,1701.0
int__tai15_15_03,1218,559,1302.0,1494.0
int__tai15_15_03,1218,560,1344.0,1518.0
int__tai15_15_03,1218,561,1367.0,1569.0
int__tai15_15_03,1218,562,1320.0,1521.0
int__tai15_15_03,1218,563,1330.0,1542.0
int__tai15_15_03,1218,564,1395.0,1577.0
int__tai15_15_03,1218,565,1338.0,1506.0
int__tai15_15_03,1218,566,1360.0,1556.0
int__tai15_15_03,1218,567,1381.0,1575.0
int__tai15_15_03,1218,568,1289.0,1463.0
int__tai15_15_03,1218,569,1414.0,1610.0
int__tai15_15_03,1218,570,1389.0,1596.0
int__tai15_15_03,1218,571,1416.0,1630.0
int__tai15_15_03,1218,572,1354.0,1531.0
int__tai15_15_03,1218,573,1342.0,1508.0
int__tai15_15_03,1218,574,1407.0,1618.0
int__tai15_15_03,1218,575,1485.0,1701.0
int__tai15_15_03,1218,576,1358.0,1513.0
int__tai15_15_03,1218,577,1457.0,1662.0
int__tai15_15_03,1218,578,1390.0,1586.0
int__tai15_15_03,1218,579,1281.0,1474.0
int__tai15_15_03,1218,580,1357.0,1543.0
int__tai15_15_03,1218,581,1372.0,1547.0
int__tai15_15_03,1218,582,1416.0,1602.0
int__tai15_15_03,1218,583,1427.0,1605.0
int__tai15_15_03,1218,584,1390.0,1574.0
int__tai15_15_03,1218,585,1485.0,1635.0
int__tai15_15_03,1218,586,1373.0,1521.0
int__tai15_15_03,1218,587,1400.0,1605.0
int__tai15_15_03,1218,588,1396.0,1551.0
int__tai15_15_03,1218,589,1318.0,1474.0
int__tai15_15_03,1218,590,1317.0,1487.0
int__tai15_15_03,1218,591,1330.0,1517.0
int__tai15_15_03,1218,592,1388.0,1595.0
int__tai15_15_03,1218,593,1364.0,1528.0
int__tai15_15_03,1218,594,1366.0,1555.0
int__tai15_15_03,1218,595,1393.0,1572.0
int__tai15_15_03,1218,596,1408.0,1604.0
int__tai15_15_03,1218,597,1457.0,1649.0
int__tai15_15_03,1218,598,1341.0,1514.0
int__tai15_15_03,1218,599,1418.0,1580.0
int__tai15_15_03,1218,600,1330.0,1519.0
int__tai15_15_03,1218,601,1427.0,1625.0
int__tai15_15_03,1218,602,1484.0,1662.0
int__tai15_15_03,1218,603,1316.0,1492.0
int__tai15_15_03,1218,604,1301.0,1471.0
int__tai15_15_03,1218,605,1356.0,1566.0
int__tai15_15_03,1218,606,1444.0,1642.0
int__tai15_15_03,1218,607,1358.0,1546.0
int__tai15_15_03,1218,608,1428.0,1620.0
int__tai15_15_03,1218,609,1336.0,1530.0
int__tai15_15_03,1218,610,1375.0,1552.0
int__tai15_15_03,1218,611,1294.0,1468.0
int__tai15_15_03,1218,612,1400.0,1558.0
int__tai15_15_03,1218,613,1384.0,1546.0
int__tai15_15_03,1218,614,1372.0,1574.0
int__tai15_15_03,1218,615,1342.0,1530.0
int__tai15_15_03,1218,616,1420.0,1576.0
int__tai15_15_03,1218,617,1398.0,1568.0
int__tai15_15_03,1218,618,1336.0,1516.0
int__tai15_15_03,1218,619,1462.0,1680.0
int__tai15_15_03,1218,620,1350.0,1513.0
int__tai15_15_03,1218,621,1432.0,1592.0
int__tai15_15_03,1218,622,1418.0,1618.0
int__tai15_15_03,1218,623,1417.0,1595.0
int__tai15_15_03,1218,624,1454.0,1603.0
int__tai15_15_03,1218,625,1472.0,1645.0
int__tai15_15_03,1218,626,1403.0,1615.0
int__tai15_15_03,1218,627,1379.0,1595.0
int__tai15_15_03,1218,628,1336.0,1533.0
int__tai15_15_03,1218,629,1346.0,1524.0
int__tai15_15_03,1218,630,1325.0,1505.0
int__tai15_15_03,1218,631,1356.0,1530.0
int__tai15_15_03,1218,632,1345.0,1522.0
int__tai15_15_03,1218,633,1359.0,1542.0
int__tai15_15_03,1218,634,1415.0,1581.0
int__tai15_15_03,1218,635,1346.0,1545.0
int__tai15_15_03,1218,636,1423.0,1617.0
int__tai15_15_03,1218,637,1429.0,1621.0
int__tai15_15_03,1218,638,1389.0,1547.0
int__tai15_15_03,1218,639,1315.0,1494.0
int__tai15_15_03,1218,640,1401.0,1594.0
int__tai15_15_03,1218,641,1338.0,1516.0
int__tai15_15_03,1218,642,1338.0,1498.0
int__tai15_15_03,1218,643,1387.0,1584.0
int__tai15_15_03,1218,644,1309.0,1469.0
int__tai15_15_03,1218,645,1355.0,1531.0
int__tai15_15_03,1218,646,1484.0,1669.0
int__tai15_15_03,1218,647,1361.0,1528.0
int__tai15_15_03,1218,648,1468.0,1682.0
int__tai15_15_03,1218,649,1395.0,1581.0
int__tai15_15_03,1218,650,1419.0,1629.0
int__tai15_15_03,1218,651,1306.0,1478.0
int__tai15_15_03,1218,652,1402.0,1615.0
int__tai15_15_03,1218,653,1398.0,1571.0
int__tai15_15_03,1218,654,1375.0,1584.0
int__tai15_15_03,1218,655,1354.0,1547.0
int__tai15_15_03,1218,656,1344.0,1557.0
int__tai15_15_03,1218,657,1374.0,1531.0
int__tai15_15_03,1218,658,1369.0,1547.0
int__tai15_15_03,1218,659,1374.0,1563.0
int__tai15_15_03,1218,660,1381.0,1573.0
int__tai15_15_03,1218,661,1369.0,1551.0
int__tai15_15_03,1218,662,1389.0,1595.0
int__tai15_15_03,1218,663,1436.0,1626.0
int__tai15_15_03,1218,664,1404.0,1574.0
int__tai15_15_03,1218,665,1419.0,1621.0
int__tai15_15_03,1218,666,1348.0,1515.0
int__tai15_15_03,1218,667,1319.0,1509.0
int__tai15_15_03,1218,668,1337.0,1503.0
int__tai15_15_03,1218,669,1349.0,1526.0
int__tai15_15_03,1218,670,1323.0,1513.0
int__tai15_15_03,1218,671,1481.0,1688.0
int__tai15_15_03,1218,672,1383.0,1548.0
int__tai15_15_03,1218,673,1363.0,1557.0
int__tai15_15_03,1218,674,1419.0,1623.0
int__tai15_15_03,1218,675,1351.0,1517.0
int__tai15_15_03,1218,676,1380.0,1562.0
int__tai15_15_03,1218,677,1275.0,1472.0
int__tai15_15_03,1218,678,1387.0,1603.0
int__tai15_15_03,1218,679,1403.0,1611.0
int__tai15_15_03,1218,680,1322.0,1513.0
int__tai15_15_03,1218,681,1348.0,1506.0
int__tai15_15_03,1218,682,1397.0,1607.0
int__tai15_15_03,1218,683,1356.0,1544.0
int__tai15_15_03,1218,684,1370.0,1578.0
int__tai15_15_03,1218,685,1347.0,1534.0
int__tai15_15_03,1218,686,1398.0,1569.0
int__tai15_15_03,1218,687,1339.0,1495.0
int__tai15_15_03,1218,688,1363.0,1523.0
int__tai15_15_03,1218,689,1382.0,1574.0
int__tai15_15_03,1218,690,1385.0,1575.0
int__tai15_15_03,1218,691,1455.0,1667.0
int__tai15_15_03,1218,692,1365.0,1561.0
int__tai15_15_03,1218,693,1295.0,1490.0
int__tai15_15_03,1218,694,1412.0,1590.0
int__tai15_15_03,1218,695,1300.0,1482.0
int__tai15_15_03,1218,696,1400.0,1612.0
int__tai15_15_03,1218,697,1413.0,1586.0
int__tai15_15_03,1218,698,1373.0,1553.0
int__tai15_15_03,1218,699,1484.0,1696.0
int__tai15_15_03,1218,700,1351.0,1543.0
int__tai15_15_03,1218,701,1349.0,1522.0
int__tai15_15_03,1218,702,1353.0,1558.0
int__tai15_15_03,1218,703,1365.0,1527.0
int__tai15_15_03,1218,704,1381.0,1548.0
int__tai15_15_03,1218,705,1426.0,1602.0
int__tai15_15_03,1218,706,1304.0,1475.0
int__tai15_15_03,1218,707,1471.0,1631.0
int__tai15_15_03,1218,708,1345.0,1511.0
int__tai15_15_03,1218,709,1332.0,1533.0
int__tai15_15_03,1218,710,1324.0,1487.0
int__tai15_15_03,1218,711,1377.0,1525.0
int__tai15_15_03,1218,712,1290.0,1475.0
int__tai15_15_03,1218,713,1485.0,1617.0
int__tai15_15_03,1218,714,1368.0,1539.0
int__tai15_15_03,1218,715,1379.0,1541.0
int__tai15_15_03,1218,716,1345.0,1529.0
int__tai15_15_03,1218,717,1398.0,1555.0
int__tai15_15_03,1218,718,1349.0,1511.0
int__tai15_15_03,1218,719,1336.0,1527.0
int__tai15_15_03,1218,720,1460.0,1647.0
int__tai15_15_03,1218,721,1345.0,1516.0
int__tai15_15_03,1218,722,1352.0,1517.0
int__tai15_15_03,1218,723,1441.0,1633.0
int__tai15_15_03,1218,724,1343.0,1501.0
int__tai15_15_03,1218,725,1427.0,1622.0
int__tai15_15_03,1218,726,1403.0,1581.0
int__tai15_15_03,1218,727,1416.0,1596.0
int__tai15_15_03,1218,728,1420.0,1590.0
int__tai15_15_03,1218,729,1355.0,1529.0
int__tai15_15_03,1218,730,1375.0,1591.0
int__tai15_15_03,1218,731,1389.0,1594.0
int__tai15_15_03,1218,732,1430.0,1604.0
int__tai15_15_03,1218,733,1292.0,1460.0
int__tai15_15_03,1218,734,1377.0,1539.0
int__tai15_15_03,1218,735,1410.0,1590.0
int__tai15_15_03,1218,736,1357.0,1524.0
int__tai15_15_03,1218,737,1338.0,1516.0
int__tai15_15_03,1218,738,1307.0,1505.0
int__tai15_15_03,1218,739,1449.0,1689.0
int__tai15_15_03,1218,740,1307.0,1469.0
int__tai15_15_03,1218,741,1404.0,1575.0
int__tai15_15_03,1218,742,1295.0,1469.0
int__tai15_15_03,1218,743,1522.0,1725.0
int__tai15_15_03,1218,744,1445.0,1634.0
int__tai15_15_03,1218,745,1345.0,1508.0
int__tai15_15_03,1218,746,1288.0,1498.0
int__tai15_15_03,1218,747,1350.0,1525.0
int__tai15_15_03,1218,748,1310.0,1464.0
int__tai15_15_03,1218,749,1398.0,1576.0
int__tai15_15_03,1218,750,1326.0,1489.0
int__tai15_15_03,1218,751,1324.0,1497.0
int__tai15_15_03,1218,752,1273.0,1436.0
int__tai15_15_03,1218,753,1415.0,1600.0
int__tai15_15_03,1218,754,1494.0,1696.0
int__tai15_15_03,1218,755,1413.0,1604.0
int__tai15_15_03,1218,756,1352.0,1528.0
int__tai15_15_03,1218,757,1446.0,1616.0
int__tai15_15_03,1218,758,1435.0,1647.0
int__tai15_15_03,1218,759,1420.0,1602.0
int__tai15_15_03,1218,760,1303.0,1491.0
int__tai15_15_03,1218,761,1432.0,1588.0
int__tai15_15_03,1218,762,1383.0,1537.0
int__tai15_15_03,1218,763,1360.0,1546.0
int__tai15_15_03,1218,764,1404.0,1609.0
int__tai15_15_03,1218,765,1444.0,1614.0
int__tai15_15_03,1218,766,1468.0,1653.0
int__tai15_15_03,1218,767,1338.0,1545.0
int__tai15_15_03,1218,768,1389.0,1567.0
int__tai15_15_03,1218,769,1320.0,1500.0
int__tai15_15_03,1218,770,1349.0,1531.0
int__tai15_15_03,1218,771,1389.0,1583.0
int__tai15_15_03,1218,772,1323.0,1486.0
int__tai15_15_03,1218,773,1285.0,1457.0
int__tai15_15_03,1218,774,1326.0,1521.0
int__tai15_15_03,1218,775,1462.0,1657.0
int__tai15_15_03,1218,776,1385.0,1574.0
int__tai15_15_03,1218,777,1546.0,1744.0
int__tai15_15_03,1218,778,1332.0,1499.0
int__tai15_15_03,1218,779,1343.0,1561.0
int__tai15_15_03,1218,780,1373.0,1518.0
int__tai15_15_03,1218,781,1395.0,1584.0
int__tai15_15_03,1218,782,1323.0,1523.0
int__tai15_15_03,1218,783,1318.0,1502.0
int__tai15_15_03,1218,784,1319.0,1510.0
int__tai15_15_03,1218,785,1349.0,1523.0
int__tai15_15_03,1218,786,1451.0,1686.0
int__tai15_15_03,1218,787,1513.0,1709.0
int__tai15_15_03,1218,788,1444.0,1608.0
int__tai15_15_03,1218,789,1341.0,1517.0
int__tai15_15_03,1218,790,1389.0,1559.0
int__tai15_15_03,1218,791,1391.0,1564.0
int__tai15_15_03,1218,792,1358.0,1550.0
int__tai15_15_03,1218,793,1298.0,1467.0
int__tai15_15_03,1218,794,1472.0,1683.0
int__tai15_15_03,1218,795,1341.0,1519.0
int__tai15_15_03,1218,796,1322.0,1494.0
int__tai15_15_03,1218,797,1375.0,1580.0
int__tai15_15_03,1218,798,1379.0,1569.0
int__tai15_15_03,1218,799,1471.0,1636.0
int__tai15_15_03,1218,800,1350.0,1527.0
int__tai15_15_03,1218,801,1309.0,1501.0
int__tai15_15_03,1218,802,1277.0,1469.0
int__tai15_15_03,1218,803,1360.0,1516.0
int__tai15_15_03,1218,804,1381.0,1545.0
int__tai15_15_03,1218,805,1443.0,1625.0
int__tai15_15_03,1218,806,1388.0,1574.0
int__tai15_15_03,1218,807,1339.0,1525.0
int__tai15_15_03,1218,808,1392.0,1553.0
int__tai15_15_03,1218,809,1399.0,1590.0
int__tai15_15_03,1218,810,1430.0,1641.0
int__tai15_15_03,1218,811,1362.0,1539.0
int__tai15_15_03,1218,812,1351.0,1517.0
int__tai15_15_03,1218,813,1387.0,1554.0
int__tai15_15_03,1218,814,1380.0,1544.0
int__tai15_15_03,1218,815,1387.0,1576.0
int__tai15_15_03,1218,816,1337.0,1505.0
int__tai15_15_03,1218,817,1332.0,1518.0
int__tai15_15_03,1218,818,1407.0,1548.0
int__tai15_15_03,1218,819,1400.0,1591.0
int__tai15_15_03,1218,820,1341.0,1533.0
int__tai15_15_03,1218,821,1429.0,1599.0
int__tai15_15_03,1218,822,1341.0,1519.0
int__tai15_15_03,1218,823,1391.0,1542.0
int__tai15_15_03,1218,824,1323.0,1510.0
int__tai15_15_03,1218,825,1350.0,1525.0
int__tai15_15_03,1218,826,1306.0,1454.0
int__tai15_15_03,1218,827,1376.0,1520.0
int__tai15_15_03,1218,828,1290.0,1458.0
int__tai15_15_03,1218,829,1417.0,1613.0
int__tai15_15_03,1218,830,1362.0,1543.0
int__tai15_15_03,1218,831,1383.0,1546.0
int__tai15_15_03,1218,832,1520.0,1704.0
int__tai15_15_03,1218,833,1387.0,1557.0
int__tai15_15_03,1218,834,1394.0,1569.0
int__tai15_15_03,1218,835,1431.0,1622.0
int__tai15_15_03,1218,836,1280.0,1466.0
int__tai15_15_03,1218,837,1449.0,1682.0
int__tai15_15_03,1218,838,1311.0,1530.0
int__tai15_15_03,1218,839,1343.0,1530.0
int__tai15_15_03,1218,840,1347.0,1546.0
int__tai15_15_03,1218,841,1447.0,1594.0
int__tai15_15_03,1218,842,1378.0,1542.0
int__tai15_15_03,1218,843,1442.0,1643.0
int__tai15_15_03,1218,844,1272.0,1437.0
int__tai15_15_03,1218,845,1361.0,1529.0
int__tai15_15_03,1218,846,1318.0,1494.0
int__tai15_15_03,1218,847,1347.0,1546.0
int__tai15_15_03,1218,848,1352.0,1496.0
int__tai15_15_03,1218,849,1354.0,1532.0
int__tai15_15_03,1218,850,1531.0,1694.0
int__tai15_15_03,1218,851,1312.0,1498.0
int__tai15_15_03,1218,852,1365.0,1548.0
int__tai15_15_03,1218,853,1373.0,1559.0
int__tai15_15_03,1218,854,1375.0,1537.0
int__tai15_15_03,1218,855,1393.0,1595.0
int__tai15_15_03,1218,856,1418.0,1586.0
int__tai15_15_03,1218,857,1376.0,1610.0
int__tai15_15_03,1218,858,1306.0,1493.0
int__tai15_15_03,1218,859,1338.0,1500.0
int__tai15_15_03,1218,860,1342.0,1520.0
int__tai15_15_03,1218,861,1440.0,1623.0
int__tai15_15_03,1218,862,1336.0,1513.0
int__tai15_15_03,1218,863,1367.0,1534.0
int__tai15_15_03,1218,864,1368.0,1557.0
int__tai15_15_03,1218,865,1381.0,1569.0
int__tai15_15_03,1218,866,1419.0,1606.0
int__tai15_15_03,1218,867,1377.0,1535.0
int__tai15_15_03,1218,868,1354.0,1533.0
int__tai15_15_03,1218,869,1443.0,1631.0
int__tai15_15_03,1218,870,1370.0,1556.0
int__tai15_15_03,1218,871,1352.0,1579.0
int__tai15_15_03,1218,872,1396.0,1589.0
int__tai15_15_03,1218,873,1334.0,1534.0
int__tai15_15_03,1218,874,1375.0,1576.0
int__tai15_15_03,1218,875,1317.0,1511.0
int__tai15_15_03,1218,876,1341.0,1503.0
int__tai15_15_03,1218,877,1299.0,1497.0
int__tai15_15_03,1218,878,1412.0,1579.0
int__tai15_15_03,1218,879,1375.0,1548.0
int__tai15_15_03,1218,880,1439.0,1620.0
int__tai15_15_03,1218,881,1325.0,1479.0
int__tai15_15_03,1218,882,1392.0,1572.0
int__tai15_15_03,1218,883,1354.0,1519.0
int__tai15_15_03,1218,884,1370.0,1559.0
int__tai15_15_03,1218,885,1364.0,1524.0
int__tai15_15_03,1218,886,1475.0,1640.0
int__tai15_15_03,1218,887,1400.0,1568.0
int__tai15_15_03,1218,888,1312.0,1495.0
int__tai15_15_03,1218,889,1355.0,1557.0
int__tai15_15_03,1218,890,1394.0,1587.0
int__tai15_15_03,1218,891,1350.0,1548.0
int__tai15_15_03,1218,892,1425.0,1593.0
int__tai15_15_03,1218,893,1321.0,1494.0
int__tai15_15_03,1218,894,1342.0,1558.0
int__tai15_15_03,1218,895,1387.0,1569.0
int__tai15_15_03,1218,896,1322.0,1490.0
int__tai15_15_03,1218,897,1362.0,1521.0
int__tai15_15_03,1218,898,1361.0,1539.0
int__tai15_15_03,1218,899,1318.0,1551.0
int__tai15_15_03,1218,900,1393.0,1581.0
int__tai15_15_03,1218,901,1440.0,1655.0
int__tai15_15_03,1218,902,1354.0,1547.0
int__tai15_15_03,1218,903,1372.0,1561.0
int__tai15_15_03,1218,904,1362.0,1518.0
int__tai15_15_03,1218,905,1478.0,1674.0
int__tai15_15_03,1218,906,1351.0,1539.0
int__tai15_15_03,1218,907,1443.0,1637.0
int__tai15_15_03,1218,908,1409.0,1612.0
int__tai15_15_03,1218,909,1425.0,1625.0
int__tai15_15_03,1218,910,1325.0,1535.0
int__tai15_15_03,1218,911,1278.0,1449.0
int__tai15_15_03,1218,912,1358.0,1513.0
int__tai15_15_03,1218,913,1323.0,1525.0
int__tai15_15_03,1218,914,1388.0,1567.0
int__tai15_15_03,1218,915,1423.0,1635.0
int__tai15_15_03,1218,916,1331.0,1493.0
int__tai15_15_03,1218,917,1320.0,1503.0
int__tai15_15_03,1218,918,1354.0,1523.0
int__tai15_15_03,1218,919,1401.0,1603.0
int__tai15_15_03,1218,920,1316.0,1521.0
int__tai15_15_03,1218,921,1373.0,1555.0
int__tai15_15_03,1218,922,1449.0,1628.0
int__tai15_15_03,1218,923,1365.0,1563.0
int__tai15_15_03,1218,924,1402.0,1578.0
int__tai15_15_03,1218,925,1364.0,1532.0
int__tai15_15_03,1218,926,1413.0,1604.0
int__tai15_15_03,1218,927,1372.0,1548.0
int__tai15_15_03,1218,928,1289.0,1475.0
int__tai15_15_03,1218,929,1353.0,1507.0
int__tai15_15_03,1218,930,1392.0,1575.0
int__tai15_15_03,1218,931,1369.0,1563.0
int__tai15_15_03,1218,932,1449.0,1627.0
int__tai15_15_03,1218,933,1462.0,1621.0
int__tai15_15_03,1218,934,1345.0,1532.0
int__tai15_15_03,1218,935,1377.0,1556.0
int__tai15_15_03,1218,936,1351.0,1518.0
int__tai15_15_03,1218,937,1381.0,1568.0
int__tai15_15_03,1218,938,1412.0,1582.0
int__tai15_15_03,1218,939,1299.0,1510.0
int__tai15_15_03,1218,940,1356.0,1564.0
int__tai15_15_03,1218,941,1318.0,1499.0
int__tai15_15_03,1218,942,1332.0,1505.0
int__tai15_15_03,1218,943,1355.0,1542.0
int__tai15_15_03,1218,944,1340.0,1538.0
int__tai15_15_03,1218,945,1356.0,1536.0
int__tai15_15_03,1218,946,1351.0,1518.0
int__tai15_15_03,1218,947,1347.0,1518.0
int__tai15_15_03,1218,948,1461.0,1651.0
int__tai15_15_03,1218,949,1488.0,1709.0
int__tai15_15_03,1218,950,1438.0,1607.0
int__tai15_15_03,1218,951,1317.0,1517.0
int__tai15_15_03,1218,952,1357.0,1570.0
int__tai15_15_03,1218,953,1355.0,1532.0
int__tai15_15_03,1218,954,1308.0,1504.0
int__tai15_15_03,1218,955,1341.0,1515.0
int__tai15_15_03,1218,956,1399.0,1585.0
int__tai15_15_03,1218,957,1331.0,1487.0
int__tai15_15_03,1218,958,1335.0,1503.0
int__tai15_15_03,1218,959,1387.0,1541.0
int__tai15_15_03,1218,960,1335.0,1536.0
int__tai15_15_03,1218,961,1429.0,1653.0
int__tai15_15_03,1218,962,1301.0,1469.0
int__tai15_15_03,1218,963,1405.0,1620.0
int__tai15_15_03,1218,964,1307.0,1500.0
int__tai15_15_03,1218,965,1419.0,1590.0
int__tai15_15_03,1218,966,1348.0,1554.0
int__tai15_15_03,1218,967,1418.0,1596.0
int__tai15_15_03,1218,968,1354.0,1561.0
int__tai15_15_03,1218,969,1394.0,1594.0
int__tai15_15_03,1218,970,1349.0,1519.0
int__tai15_15_03,1218,971,1360.0,1549.0
int__tai15_15_03,1218,972,1348.0,1521.0
int__tai15_15_03,1218,973,1360.0,1540.0
int__tai15_15_03,1218,974,1369.0,1537.0
int__tai15_15_03,1218,975,1358.0,1512.0
int__tai15_15_03,1218,976,1312.0,1512.0
int__tai15_15_03,1218,977,1340.0,1506.0
int__tai15_15_03,1218,978,1306.0,1503.0
int__tai15_15_03,1218,979,1367.0,1578.0
int__tai15_15_03,1218,980,1283.0,1436.0
int__tai15_15_03,1218,981,1369.0,1560.0
int__tai15_15_03,1218,982,1494.0,1655.0
int__tai15_15_03,1218,983,1396.0,1562.0
int__tai15_15_03,1218,984,1367.0,1519.0
int__tai15_15_03,1218,985,1382.0,1564.0
int__tai15_15_03,1218,986,1468.0,1675.0
int__tai15_15_03,1218,987,1333.0,1538.0
int__tai15_15_03,1218,988,1380.0,1576.0
int__tai15_15_03,1218,989,1326.0,1503.0
int__tai15_15_03,1218,990,1366.0,1528.0
int__tai15_15_03,1218,991,1383.0,1566.0
int__tai15_15_03,1218,992,1373.0,1559.0
int__tai15_15_03,1218,993,1337.0,1520.0
int__tai15_15_03,1218,994,1375.0,1553.0
int__tai15_15_03,1218,995,1376.0,1548.0
int__tai15_15_03,1218,996,1362.0,1564.0
int__tai15_15_03,1218,997,1312.0,1499.0
int__tai15_15_03,1218,998,1315.0,1469.0
int__tai15_15_03,1218,999,1359.0,1509.0
int__tai15_15_03,1218,1000,1352.0,1515.0
int__tai15_15_03,1218,1001,1404.0,1598.0
int__tai15_15_03,1218,1002,1374.0,1544.0
int__tai15_15_03,1218,1003,1393.0,1592.0
int__tai15_15_03,1218,1004,1321.0,1508.0
int__tai15_15_03,1218,1005,1353.0,1533.0
int__tai15_15_03,1218,1006,1306.0,1513.0
int__tai15_15_03,1218,1007,1376.0,1564.0
int__tai15_15_03,1218,1008,1362.0,1541.0
int__tai15_15_03,1218,1009,1364.0,1509.0
int__tai15_15_03,1218,1010,1371.0,1556.0
int__tai15_15_03,1218,1011,1287.0,1459.0
int__tai15_15_03,1218,1012,1378.0,1559.0
int__tai15_15_03,1218,1013,1340.0,1526.0
int__tai15_15_03,1218,1014,1390.0,1599.0
int__tai15_15_03,1218,1015,1375.0,1534.0
int__tai15_15_03,1218,1016,1362.0,1564.0
int__tai15_15_03,1218,1017,1340.0,1523.0
int__tai15_15_03,1218,1018,1340.0,1528.0
int__tai15_15_03,1218,1019,1417.0,1622.0
int__tai15_15_03,1218,1020,1378.0,1574.0
int__tai15_15_03,1218,1021,1424.0,1616.0
int__tai15_15_03,1218,1022,1353.0,1514.0
int__tai15_15_03,1218,1023,1425.0,1598.0
int__tai15_15_09,1274,0,1419.0,1638.0
int__tai15_15_09,1274,1,1378.0,1565.0
int__tai15_15_09,1274,2,1568.0,1810.0
int__tai15_15_09,1274,3,1395.0,1616.0
int__tai15_15_09,1274,4,1437.0,1665.0
int__tai15_15_09,1274,5,1388.0,1600.0
int__tai15_15_09,1274,6,1438.0,1653.0
int__tai15_15_09,1274,7,1438.0,1681.0
int__tai15_15_09,1274,8,1479.0,1705.0
int__tai15_15_09,1274,9,1463.0,1687.0
int__tai15_15_09,1274,10,1481.0,1727.0
int__tai15_15_09,1274,11,1438.0,1692.0
int__tai15_15_09,1274,12,1481.0,1693.0
int__tai15_15_09,1274,13,1414.0,1638.0
int__tai15_15_09,1274,14,1427.0,1651.0
int__tai15_15_09,1274,15,1521.0,1742.0
int__tai15_15_09,1274,16,1411.0,1672.0
int__tai15_15_09,1274,17,1387.0,1589.0
int__tai15_15_09,1274,18,1404.0,1617.0
int__tai15_15_09,1274,19,1465.0,1716.0
int__tai15_15_09,1274,20,1373.0,1571.0
int__tai15_15_09,1274,21,1498.0,1748.0
int__tai15_15_09,1274,22,1464.0,1703.0
int__tai15_15_09,1274,23,1433.0,1642.0
int__tai15_15_09,1274,24,1419.0,1641.0
int__tai15_15_09,1274,25,1508.0,1724.0
int__tai15_15_09,1274,26,1410.0,1644.0
int__tai15_15_09,1274,27,1432.0,1679.0
int__tai15_15_09,1274,28,1415.0,1643.0
int__tai15_15_09,1274,29,1479.0,1675.0
int__tai15_15_09,1274,30,1408.0,1608.0
int__tai15_15_09,1274,31,1355.0,1630.0
int__tai15_15_09,1274,32,1599.0,1845.0
int__tai15_15_09,1274,33,1421.0,1676.0
int__tai15_15_09,1274,34,1471.0,1744.0
int__tai15_15_09,1274,35,1548.0,1794.0
int__tai15_15_09,1274,36,1414.0,1621.0
int__tai15_15_09,1274,37,1415.0,1634.0
int__tai15_15_09,1274,38,1390.0,1600.0
int__tai15_15_09,1274,39,1443.0,1702.0
int__tai15_15_09,1274,40,1431.0,1626.0
int__tai15_15_09,1274,41,1425.0,1671.0
int__tai15_15_09,1274,42,1463.0,1713.0
int__tai15_15_09,1274,43,1575.0,1810.0
int__tai15_15_09,1274,44,1422.0,1656.0
int__tai15_15_09,1274,45,1392.0,1616.0
int__tai15_15_09,1274,46,1488.0,1756.0
int__tai15_15_09,1274,47,1439.0,1673.0
int__tai15_15_09,1274,48,1436.0,1648.0
int__tai15_15_09,1274,49,1487.0,1727.0
int__tai15_15_09,1274,50,1497.0,1745.0
int__tai15_15_09,1274,51,1351.0,1590.0
int__tai15_15_09,1274,52,1459.0,1678.0
int__tai15_15_09,1274,53,1447.0,1719.0
int__tai15_15_09,1274,54,1489.0,1740.0
int__tai15_15_09,1274,55,1366.0,1591.0
int__tai15_15_09,1274,56,1433.0,1642.0
int__tai15_15_09,1274,57,1441.0,1721.0
int__tai15_15_09,1274,58,1368.0,1608.0
int__tai15_15_09,1274,59,1461.0,1709.0
int__tai15_15_09,1274,60,1436.0,1688.0
int__tai15_15_09,1274,61,1460.0,1654.0
int__tai15_15_09,1274,62,1460.0,1687.0
int__tai15_15_09,1274,63,1436.0,1640.0
int__tai15_15_09,1274,64,1462.0,1713.0
int__tai15_15_09,1274,65,1471.0,1737.0
int__tai15_15_09,1274,66,1465.0,1745.0
int__tai15_15_09,1274,67,1451.0,1710.0
int__tai15_15_09,1274,68,1476.0,1708.0
int__tai15_15_09,1274,69,1417.0,1649.0
int__tai15_15_09,1274,70,1385.0,1631.0
int__tai15_15_09,1274,71,1524.0,1730.0
int__tai15_15_09,1274,72,1408.0,1625.0
int__tai15_15_09,1274,73,1478.0,1689.0
int__tai15_15_09,1274,74,1388.0,1604.0
int__tai15_15_09,1274,75,1361.0,1565.0
int__tai15_15_09,1274,76,1403.0,1643.0
int__tai15_15_09,1274,77,1489.0,1724.0
int__tai15_15_09,1274,78,1456.0,1653.0
int__tai15_15_09,1274,79,1396.0,1599.0
int__tai15_15_09,1274,80,1401.0,1625.0
int__tai15_15_09,1274,81,1446.0,1707.0
int__tai15_15_09,1274,82,1455.0,1694.0
int__tai15_15_09,1274,83,1491.0,1755.0
int__tai15_15_09,1274,84,1474.0,1749.0
int__tai15_15_09,1274,85,1562.0,1790.0
int__tai15_15_09,1274,86,1581.0,1830.0
int__tai15_15_09,1274,87,1444.0,1707.0
int__tai15_15_09,1274,88,1473.0,1731.0
int__tai15_15_09,1274,89,1391.0,1587.0
int__tai15_15_09,1274,90,1381.0,1603.0
int__tai15_15_09,1274,91,1444.0,1689.0
int__tai15_15_09,1274,92,1408.0,1655.0
int__tai15_15_09,1274,93,1414.0,1639.0
int__tai15_15_09,1274,94,1447.0,1682.0
int__tai15_15_09,1274,95,1465.0,1744.0
int__tai15_15_09,1274,96,1443.0,1647.0
int__tai15_15_09,1274,97,1596.0,1838.0
int__tai15_15_09,1274,98,1458.0,1705.0
int__tai15_15_09,1274,99,1393.0,1633.0
int__tai15_15_09,1274,100,1481.0,1714.0
int__tai15_15_09,1274,101,1455.0,1707.0
int__tai15_15_09,1274,102,1393.0,1607.0
int__tai15_15_09,1274,103,1464.0,1722.0
int__tai15_15_09,1274,104,1473.0,1673.0
int__tai15_15_09,1274,105,1386.0,1580.0
int__tai15_15_09,1274,106,1424.0,1673.0
int__tai15_15_09,1274,107,1401.0,1664.0
int__tai15_15_09,1274,108,1443.0,1666.0
int__tai15_15_09,1274,109,1379.0,1611.0
int__tai15_15_09,1274,110,1383.0,1581.0
int__tai15_15_09,1274,111,1445.0,1683.0
int__tai15_15_09,1274,112,1381.0,1598.0
int__tai15_15_09,1274,113,1454.0,1661.0
int__tai15_15_09,1274,114,1483.0,1755.0
int__tai15_15_09,1274,115,1401.0,1659.0
int__tai15_15_09,1274,116,1471.0,1674.0
int__tai15_15_09,1274,117,1459.0,1684.0
int__tai15_15_09,1274,118,1463.0,1745.0
int__tai15_15_09,1274,119,1411.0,1627.0
int__tai15_15_09,1274,120,1438.0,1654.0
int__tai15_15_09,1274,121,1446.0,1701.0
int__tai15_15_09,1274,122,1434.0,1655.0
int__tai15_15_09,1274,123,1448.0,1650.0
int__tai15_15_09,1274,124,1500.0,1722.0
int__tai15_15_09,1274,125,1432.0,1662.0
int__tai15_15_09,1274,126,1423.0,1673.0
int__tai15_15_09,1274,127,1507.0,1751.0
int__tai15_15_09,1274,128,1418.0,1676.0
int__tai15_15_09,1274,129,1597.0,1898.0
int__tai15_15_09,1274,130,1439.0,1673.0
int__tai15_15_09,1274,131,1546.0,1786.0
int__tai15_15_09,1274,132,1512.0,1761.0
int__tai15_15_09,1274,133,1445.0,1659.0
int__tai15_15_09,1274,134,1496.0,1762.0
int__tai15_15_09,1274,135,1419.0,1634.0
int__tai15_15_09,1274,136,1411.0,1651.0
int__tai15_15_09,1274,137,1502.0,1728.0
int__tai15_15_09,1274,138,1430.0,1680.0
int__tai15_15_09,1274,139,1466.0,1698.0
int__tai15_15_09,1274,140,1544.0,1793.0
int__tai15_15_09,1274,141,1426.0,1686.0
int__tai15_15_09,1274,142,1610.0,1817.0
int__tai15_15_09,1274,143,1387.0,1628.0
int__tai15_15_09,1274,144,1569.0,1797.0
int__tai15_15_09,1274,145,1556.0,1768.0
int__tai15_15_09,1274,146,1416.0,1666.0
int__tai15_15_09,1274,147,1432.0,1652.0
int__tai15_15_09,1274,148,1421.0,1675.0
int__tai15_15_09,1274,149,1455.0,1720.0
int__tai15_15_09,1274,150,1503.0,1725.0
int__tai15_15_09,1274,151,1464.0,1711.0
int__tai15_15_09,1274,152,1440.0,1638.0
int__tai15_15_09,1274,153,1355.0,1578.0
int__tai15_15_09,1274,154,1410.0,1654.0
int__tai15_15_09,1274,155,1552.0,1814.0
int__tai15_15_09,1274,156,1392.0,1612.0
int__tai15_15_09,1274,157,1449.0,1683.0
int__tai15_15_09,1274,158,1473.0,1725.0
int__tai15_15_09,1274,159,1468.0,1680.0
int__tai15_15_09,1274,160,1360.0,1587.0
int__tai15_15_09,1274,161,1450.0,1703.0
int__tai15_15_09,1274,162,1504.0,1716.0
int__tai15_15_09,1274,163,1389.0,1608.0
int__tai15_15_09,1274,164,1376.0,1600.0
int__tai15_15_09,1274,165,1417.0,1673.0
int__tai15_15_09,1274,166,1395.0,1618.0
int__tai15_15_09,1274,167,1423.0,1671.0
int__tai15_15_09,1274,168,1509.0,1764.0
int__tai15_15_09,1274,169,1549.0,1790.0
int__tai15_15_09,1274,170,1419.0,1667.0
int__tai15_15_09,1274,171,1380.0,1604.0
int__tai15_15_09,1274,172,1492.0,1740.0
int__tai15_15_09,1274,173,1423.0,1677.0
int__tai15_15_09,1274,174,1372.0,1590.0
int__tai15_15_09,1274,175,1493.0,1760.0
int__tai15_15_09,1274,176,1479.0,1715.0
int__tai15_15_09,1274,177,1420.0,1669.0
int__tai15_15_09,1274,178,1424.0,1667.0
int__tai15_15_09,1274,179,1397.0,1597.0
int__tai15_15_09,1274,180,1470.0,1646.0
int__tai15_15_09,1274,181,1474.0,1692.0
int__tai15_15_09,1274,182,1422.0,1687.0
int__tai15_15_09,1274,183,1469.0,1711.0
int__tai15_15_09,1274,184,1454.0,1692.0
int__tai15_15_09,1274,185,1510.0,1724.0
int__tai15_15_09,1274,186,1393.0,1612.0
int__tai15_15_09,1274,187,1506.0,1716.0
int__tai15_15_09,1274,188,1421.0,1646.0
int__tai15_15_09,1274,189,1417.0,1662.0
int__tai15_15_09,1274,190,1470.0,1741.0
int__tai15_15_09,1274,191,1572.0,1808.0
int__tai15_15_09,1274,192,1413.0,1637.0
int__tai15_15_09,1274,193,1424.0,1684.0
int__tai15_15_09,1274,194,1417.0,1638.0
int__tai15_15_09,1274,195,1456.0,1662.0
int__tai15_15_09,1274,196,1448.0,1662.0
int__tai15_15_09,1274,197,1397.0,1644.0
int__tai15_15_09,1274,198,1392.0,1602.0
int__tai15_15_09,1274,199,1481.0,1727.0
int__tai15_15_09,1274,200,1375.0,1612.0
int__tai15_15_09,1274,201,1362.0,1585.0
int__tai15_15_09,1274,202,1390.0,1621.0
int__tai15_15_09,1274,203,1528.0,1748.0
int__tai15_15_09,1274,204,1396.0,1630.0
int__tai15_15_09,1274,205,1476.0,1707.0
int__tai15_15_09,1274,206,1471.0,1679.0
int__tai15_15_09,1274,207,1418.0,1644.0
int__tai15_15_09,1274,208,1442.0,1665.0
int__tai15_15_09,1274,209,1402.0,1657.0
int__tai15_15_09,1274,210,1383.0,1606.0
int__tai15_15_09,1274,211,1400.0,1602.0
int__tai15_15_09,1274,212,1413.0,1648.0
int__tai15_15_09,1274,213,1497.0,1739.0
int__tai15_15_09,1274,214,1368.0,1613.0
int__tai15_15_09,1274,215,1470.0,1677.0
int__tai15_15_09,1274,216,1428.0,1684.0
int__tai15_15_09,1274,217,1482.0,1751.0
int__tai15_15_09,1274,218,1562.0,1814.0
int__tai15_15_09,1274,219,1380.0,1624.0
int__tai15_15_09,1274,220,1468.0,1686.0
int__tai15_15_09,1274,221,1377.0,1587.0
int__tai15_15_09,1274,222,1358.0,1590.0
int__tai15_15_09,1274,223,1450.0,1679.0
int__tai15_15_09,1274,224,1513.0,1753.0
int__tai15_15_09,1274,225,1551.0,1801.0
int__tai15_15_09,1274,226,1440.0,1666.0
int__tai15_15_09,1274,227,1408.0,1631.0
int__tai15_15_09,1274,228,1402.0,1662.0
int__tai15_15_09,1274,229,1470.0,1719.0
int__tai15_15_09,1274,230,1433.0,1629.0
int__tai15_15_09,1274,231,1353.0,1569.0
int__tai15_15_09,1274,232,1377.0,1588.0
int__tai15_15_09,1274,233,1384.0,1649.0
int__tai15_15_09,1274,234,1414.0,1652.0
int__tai15_15_09,1274,235,1424.0,1648.0
int__tai15_15_09,1274,236,1445.0,1669.0
int__tai15_15_09,1274,237,1388.0,1661.0
int__tai15_15_09,1274,238,1346.0,1572.0
int__tai15_15_09,1274,239,1592.0,1848.0
int__tai15_15_09,1274,240,1563.0,1793.0
int__tai15_15_09,1274,241,1515.0,1775.0
int__tai15_15_09,1274,242,1442.0,1660.0
int__tai15_15_09,1274,243,1661.0,1918.0
int__tai15_15_09,1274,244,1451.0,1686.0
int__tai15_15_09,1274,245,1444.0,1681.0
int__tai15_15_09,1274,246,1476.0,1716.0
int__tai15_15_09,1274,247,1348.0,1598.0
int__tai15_15_09,1274,248,1448.0,1698.0
int__tai15_15_09,1274,249,1410.0,1611.0
int__tai15_15_09,1274,250,1512.0,1714.0
int__tai15_15_09,1274,251,1409.0,1651.0
int__tai15_15_09,1274,252,1587.0,1838.0
int__tai15_15_09,1274,253,1474.0,1676.0
int__tai15_15_09,1274,254,1465.0,1751.0
int__tai15_15_09,1274,255,1487.0,1755.0
int__tai15_15_09,1274,256,1412.0,1644.0
int__tai15_15_09,1274,257,1366.0,1600.0
int__tai15_15_09,1274,258,1478.0,1735.0
int__tai15_15_09,1274,259,1448.0,1699.0
int__tai15_15_09,1274,260,1449.0,1675.0
int__tai15_15_09,1274,261,1376.0,1569.0
int__tai15_15_09,1274,262,1496.0,1750.0
int__tai15_15_09,1274,263,1394.0,1614.0
int__tai15_15_09,1274,264,1459.0,1713.0
int__tai15_15_09,1274,265,1383.0,1625.0
int__tai15_15_09,1274,266,1465.0,1726.0
int__tai15_15_09,1274,267,1444.0,1675.0
int__tai15_15_09,1274,268,1461.0,1690.0
int__tai15_15_09,1274,269,1383.0,1623.0
int__tai15_15_09,1274,270,1526.0,1773.0
int__tai15_15_09,1274,271,1429.0,1646.0
int__tai15_15_09,1274,272,1402.0,1631.0
int__tai15_15_09,1274,273,1498.0,1728.0
int__tai15_15_09,1274,274,1452.0,1688.0
int__tai15_15_09,1274,275,1363.0,1585.0
int__tai15_15_09,1274,276,1357.0,1577.0
int__tai15_15_09,1274,277,1406.0,1642.0
int__tai15_15_09,1274,278,1531.0,1799.0
int__tai15_15_09,1274,279,1474.0,1692.0
int__tai15_15_09,1274,280,1482.0,1694.0
int__tai15_15_09,1274,281,1413.0,1618.0
int__tai15_15_09,1274,282,1420.0,1677.0
int__tai15_15_09,1274,283,1395.0,1620.0
int__tai15_15_09,1274,284,1414.0,1646.0
int__tai15_15_09,1274,285,1473.0,1705.0
int__tai15_15_09,1274,286,1389.0,1620.0
int__tai15_15_09,1274,287,1596.0,1900.0
int__tai15_15_09,1274,288,1491.0,1738.0
int__tai15_15_09,1274,289,1457.0,1656.0
int__tai15_15_09,1274,290,1401.0,1636.0
int__tai15_15_09,1274,291,1420.0,1661.0
int__tai15_15_09,1274,292,1459.0,1685.0
int__tai15_15_09,1274,293,1398.0,1611.0
int__tai15_15_09,1274,294,1415.0,1676.0
int__tai15_15_09,1274,295,1527.0,1769.0
int__tai15_15_09,1274,296,1427.0,1670.0
int__tai15_15_09,1274,297,1479.0,1736.0
int__tai15_15_09,1274,298,1312.0,1522.0
int__tai15_15_09,1274,299,1412.0,1647.0
int__tai15_15_09,1274,300,1527.0,1792.0
int__tai15_15_09,1274,301,1435.0,1662.0
int__tai15_15_09,1274,302,1492.0,1706.0
int__tai15_15_09,1274,303,1494.0,1764.0
int__tai15_15_09,1274,304,1516.0,1728.0
int__tai15_15_09,1274,305,1408.0,1649.0
int__tai15_15_09,1274,306,1452.0,1666.0
int__tai15_15_09,1274,307,1443.0,1667.0
int__tai15_15_09,1274,308,1493.0,1770.0
int__tai15_15_09,1274,309,1439.0,1703.0
int__tai15_15_09,1274,310,1422.0,1652.0
int__tai15_15_09,1274,311,1447.0,1706.0
int__tai15_15_09,1274,312,1482.0,1733.0
int__tai15_15_09,1274,313,1408.0,1623.0
int__tai15_15_09,1274,314,1406.0,1672.0
int__tai15_15_09,1274,315,1469.0,1729.0
int__tai15_15_09,1274,316,1361.0,1607.0
int__tai15_15_09,1274,317,1494.0,1675.0
int__tai15_15_09,1274,318,1436.0,1694.0
int__tai15_15_09,1274,319,1438.0,1703.0
int__tai15_15_09,1274,320,1440.0,1681.0
int__tai15_15_09,1274,321,1449.0,1701.0
int__tai15_15_09,1274,322,1466.0,1736.0
int__tai15_15_09,1274,323,1420.0,1608.0
int__tai15_15_09,1274,324,1413.0,1619.0
int__tai15_15_09,1274,325,1382.0,1615.0
int__tai15_15_09,1274,326,1414.0,1614.0
int__tai15_15_09,1274,327,1437.0,1656.0
int__tai15_15_09,1274,328,1391.0,1630.0
int__tai15_15_09,1274,329,1446.0,1679.0
int__tai15_15_09,1274,330,1477.0,1697.0
int__tai15_15_09,1274,331,1457.0,1699.0
int__tai15_15_09,1274,332,1381.0,1603.0
int__tai15_15_09,1274,333,1446.0,1673.0
int__tai15_15_09,1274,334,1443.0,1710.0
int__tai15_15_09,1274,335,1385.0,1593.0
int__tai15_15_09,1274,336,1438.0,1667.0
int__tai15_15_09,1274,337,1412.0,1610.0
int__tai15_15_09,1274,338,1435.0,1664.0
int__tai15_15_09,1274,339,1419.0,1635.0
int__tai15_15_09,1274,340,1448.0,1692.0
int__tai15_15_09,1274,341,1402.0,1616.0
int__tai15_15_09,1274,342,1439.0,1633.0
int__tai15_15_09,1274,343,1448.0,1676.0
int__tai15_15_09,1274,344,1532.0,1783.0
int__tai15_15_09,1274,345,1463.0,1712.0
int__tai15_15_09,1274,346,1478.0,1714.0
int__tai15_15_09,1274,347,1444.0,1681.0
int__tai15_15_09,1274,348,1460.0,1686.0
int__tai15_15_09,1274,349,1465.0,1706.0
int__tai15_15_09,1274,350,1479.0,1748.0
int__tai15_15_09,1274,351,1429.0,1633.0
int__tai15_15_09,1274,352,1404.0,1652.0
int__tai15_15_09,1274,353,1438.0,1683.0
int__tai15_15_09,1274,354,1459.0,1695.0
int__tai15_15_09,1274,355,1421.0,1639.0
int__tai15_15_09,1274,356,1446.0,1683.0
int__tai15_15_09,1274,357,1350.0,1577.0
int__tai15_15_09,1274,358,1427.0,1620.0
int__tai15_15_09,1274,359,1439.0,1680.0
int__tai15_15_09,1274,360,1499.0,1749.0
int__tai15_15_09,1274,361,1471.0,1697.0
int__tai15_15_09,1274,362,1411.0,1657.0
int__tai15_15_09,1274,363,1422.0,1673.0
int__tai15_15_09,1274,364,1450.0,1703.0
int__tai15_15_09,1274,365,1435.0,1699.0
int__tai15_15_09,1274,366,1399.0,1642.0
int__tai15_15_09,1274,367,1465.0,1718.0
int__tai15_15_09,1274,368,1508.0,1723.0
int__tai15_15_09,1274,369,1474.0,1698.0
int__tai15_15_09,1274,370,1377.0,1594.0
int__tai15_15_09,1274,371,1495.0,1701.0
int__tai15_15_09,1274,372,1334.0,1537.0
int__tai15_15_09,1274,373,1441.0,1659.0
int__tai15_15_09,1274,374,1501.0,1729.0
int__tai15_15_09,1274,375,1404.0,1634.0
int__tai15_15_09,1274,376,1425.0,1660.0
int__tai15_15_09,1274,377,1425.0,1681.0
int__tai15_15_09,1274,378,1469.0,1733.0
int__tai15_15_09,1274,379,1473.0,1705.0
int__tai15_15_09,1274,380,1387.0,1616.0
int__tai15_15_09,1274,381,1416.0,1649.0
int__tai15_15_09,1274,382,1396.0,1618.0
int__tai15_15_09,1274,383,1416.0,1626.0
int__tai15_15_09,1274,384,1430.0,1675.0
int__tai15_15_09,1274,385,1431.0,1678.0
int__tai15_15_09,1274,386,1561.0,1785.0
int__tai15_15_09,1274,387,1471.0,1719.0
int__tai15_15_09,1274,388,1380.0,1615.0
int__tai15_15_09,1274,389,1508.0,1766.0
int__tai15_15_09,1274,390,1458.0,1734.0
int__tai15_15_09,1274,391,1474.0,1673.0
int__tai15_15_09,1274,392,1402.0,1622.0
int__tai15_15_09,1274,393,1455.0,1718.0
int__tai15_15_09,1274,394,1468.0,1690.0
int__tai15_15_09,1274,395,1491.0,1728.0
int__tai15_15_09,1274,396,1392.0,1624.0
int__tai15_15_09,1274,397,1423.0,1665.0
int__tai15_15_09,1274,398,1522.0,1793.0
int__tai15_15_09,1274,399,1373.0,1594.0
int__tai15_15_09,1274,400,1415.0,1619.0
int__tai15_15_09,1274,401,1356.0,1580.0
int__tai15_15_09,1274,402,1524.0,1776.0
int__tai15_15_09,1274,403,1481.0,1735.0
int__tai15_15_09,1274,404,1451.0,1701.0
int__tai15_15_09,1274,405,1452.0,1670.0
int__tai15_15_09,1274,406,1379.0,1619.0
int__tai15_15_09,1274,407,1408.0,1608.0
int__tai15_15_09,1274,408,1439.0,1680.0
int__tai15_15_09,1274,409,1436.0,1643.0
int__tai15_15_09,1274,410,1456.0,1676.0
int__tai15_15_09,1274,411,1424.0,1626.0
int__tai15_15_09,1274,412,1416.0,1602.0
int__tai15_15_09,1274,413,1400.0,1615.0
int__tai15_15_09,1274,414,1485.0,1691.0
int__tai15_15_09,1274,415,1440.0,1669.0
int__tai15_15_09,1274,416,1467.0,1710.0
int__tai15_15_09,1274,417,1452.0,1678.0
int__tai15_15_09,1274,418,1381.0,1607.0
int__tai15_15_09,1274,419,1394.0,1622.0
int__tai15_15_09,1274,420,1438.0,1671.0
int__tai15_15_09,1274,421,1385.0,1616.0
int__tai15_15_09,1274,422,1465.0,1710.0
int__tai15_15_09,1274,423,1429.0,1654.0
int__tai15_15_09,1274,424,1432.0,1646.0
int__tai15_15_09,1274,425,1387.0,1639.0
int__tai15_15_09,1274,426,1429.0,1643.0
int__tai15_15_09,1274,427,1458.0,1691.0
int__tai15_15_09,1274,428,1506.0,1770.0
int__tai15_15_09,1274,429,1438.0,1647.0
int__tai15_15_09,1274,430,1518.0,1738.0
int__tai15_15_09,1274,431,1594.0,1809.0
int__tai15_15_09,1274,432,1410.0,1658.0
int__tai15_15_09,1274,433,1356.0,1562.0
int__tai15_15_09,1274,434,1426.0,1654.0
int__tai15_15_09,1274,435,1439.0,1660.0
int__tai15_15_09,1274,436,1327.0,1547.0
int__tai15_15_09,1274,437,1470.0,1703.0
int__tai15_15_09,1274,438,1518.0,1732.0
int__tai15_15_09,1274,439,1460.0,1660.0
int__tai15_15_09,1274,440,1368.0,1574.0
int__tai15_15_09,1274,441,1388.0,1624.0
int__tai15_15_09,1274,442,1435.0,1652.0
int__tai15_15_09,1274,443,1501.0,1737.0
int__tai15_15_09,1274,444,1424.0,1637.0
int__tai15_15_09,1274,445,1528.0,1805.0
int__tai15_15_09,1274,446,1468.0,1735.0
int__tai15_15_09,1274,447,1450.0,1659.0
int__tai15_15_09,1274,448,1357.0,1547.0
int__tai15_15_09,1274,449,1540.0,1794.0
int__tai15_15_09,1274,450,1454.0,1676.0
int__tai15_15_09,1274,451,1369.0,1570.0
int__tai15_15_09,1274,452,1439.0,1686.0
int__tai15_15_09,1274,453,1354.0,1567.0
int__tai15_15_09,1274,454,1548.0,1781.0
int__tai15_15_09,1274,455,1415.0,1622.0
int__tai15_15_09,1274,456,1426.0,1646.0
int__tai15_15_09,1274,457,1584.0,1794.0
int__tai15_15_09,1274,458,1452.0,1708.0
int__tai15_15_09,1274,459,1383.0,1637.0
int__tai15_15_09,1274,460,1367.0,1594.0
int__tai15_15_09,1274,461,1430.0,1653.0
int__tai15_15_09,1274,462,1435.0,1689.0
int__tai15_15_09,1274,463,1423.0,1673.0
int__tai15_15_09,1274,464,1409.0,1646.0
int__tai15_15_09,1274,465,1449.0,1727.0
int__tai15_15_09,1274,466,1488.0,1736.0
int__tai15_15_09,1274,467,1598.0,1837.0
int__tai15_15_09,1274,468,1497.0,1734.0
int__tai15_15_09,1274,469,1494.0,1729.0
int__tai15_15_09,1274,470,1411.0,1617.0
int__tai15_15_09,1274,471,1392.0,1617.0
int__tai15_15_09,1274,472,1452.0,1697.0
int__tai15_15_09,1274,473,1410.0,1641.0
int__tai15_15_09,1274,474,1395.0,1642.0
int__tai15_15_09,1274,475,1399.0,1632.0
int__tai15_15_09,1274,476,1378.0,1613.0
int__tai15_15_09,1274,477,1477.0,1696.0
int__tai15_15_09,1274,478,1468.0,1730.0
int__tai15_15_09,1274,479,1413.0,1629.0
int__tai15_15_09,1274,480,1414.0,1674.0
int__tai15_15_09,1274,481,1468.0,1696.0
int__tai15_15_09,1274,482,1398.0,1616.0
int__tai15_15_09,1274,483,1491.0,1773.0
int__tai15_15_09,1274,484,1387.0,1596.0
int__tai15_15_09,1274,485,1474.0,1683.0
int__tai15_15_09,1274,486,1397.0,1633.0
int__tai15_15_09,1274,487,1451.0,1667.0
int__tai15_15_09,1274,488,1380.0,1612.0
int__tai15_15_09,1274,489,1427.0,1703.0
int__tai15_15_09,1274,490,1456.0,1692.0
int__tai15_15_09,1274,491,1503.0,1765.0
int__tai15_15_09,1274,492,1477.0,1701.0
int__tai15_15_09,1274,493,1572.0,1866.0
int__tai15_15_09,1274,494,1452.0,1736.0
int__tai15_15_09,1274,495,1448.0,1739.0
int__tai15_15_09,1274,496,1423.0,1661.0
int__tai15_15_09,1274,497,1381.0,1581.0
int__tai15_15_09,1274,498,1515.0,1752.0
int__tai15_15_09,1274,499,1426.0,1676.0
int__tai15_15_09,1274,500,1399.0,1642.0
int__tai15_15_09,1274,501,1524.0,1749.0
int__tai15_15_09,1274,502,1519.0,1776.0
int__tai15_15_09,1274,503,1398.0,1620.0
int__tai15_15_09,1274,504,1520.0,1765.0
int__tai15_15_09,1274,505,1444.0,1707.0
int__tai15_15_09,1274,506,1482.0,1749.0
int__tai15_15_09,1274,507,1459.0,1725.0
int__tai15_15_09,1274,508,1364.0,1596.0
int__tai15_15_09,1274,509,1348.0,1580.0
int__tai15_15_09,1274,510,1420.0,1660.0
int__tai15_15_09,1274,511,1420.0,1669.0
int__tai15_15_09,1274,512,1432.0,1640.0
int__tai15_15_09,1274,513,1396.0,1637.0
int__tai15_15_09,1274,514,1419.0,1678.0
int__tai15_15_09,1274,515,1492.0,1744.0
int__tai15_15_09,1274,516,1494.0,1696.0
int__tai15_15_09,1274,517,1455.0,1707.0
int__tai15_15_09,1274,518,1456.0,1661.0
int__tai15_15_09,1274,519,1375.0,1573.0
int__tai15_15_09,1274,520,1523.0,1744.0
int__tai15_15_09,1274,521,1390.0,1631.0
int__tai15_15_09,1274,522,1409.0,1630.0
int__tai15_15_09,1274,523,1395.0,1621.0
int__tai15_15_09,1274,524,1445.0,1680.0
int__tai15_15_09,1274,525,1461.0,1666.0
int__tai15_15_09,1274,526,1435.0,1662.0
int__tai15_15_09,1274,527,1507.0,1773.0
int__tai15_15_09,1274,528,1487.0,1733.0
int__tai15_15_09,1274,529,1427.0,1663.0
int__tai15_15_09,1274,530,1450.0,1669.0
int__tai15_15_09,1274,531,1415.0,1612.0
int__tai15_15_09,1274,532,1395.0,1641.0
int__tai15_15_09,1274,533,1435.0,1641.0
int__tai15_15_09,1274,534,1451.0,1645.0
int__tai15_15_09,1274,535,1353.0,1589.0
int__tai15_15_09,1274,536,1499.0,1737.0
int__tai15_15_09,1274,537,1452.0,1682.0
int__tai15_15_09,1274,538,1456.0,1659.0
int__tai15_15_09,1274,539,1403.0,1601.0
int__tai15_15_09,1274,540,1424.0,1662.0
int__tai15_15_09,1274,541,1384.0,1597.0
int__tai15_15_09,1274,542,1388.0,1616.0
int__tai15_15_09,1274,543,1378.0,1614.0
int__tai15_15_09,1274,544,1523.0,1735.0
int__tai15_15_09,1274,545,1449.0,1714.0
int__tai15_15_09,1274,546,1461.0,1637.0
int__tai15_15_09,1274,547,1440.0,1666.0
int__tai15_15_09,1274,548,1433.0,1703.0
int__tai15_15_09,1274,549,1493.0,1711.0
int__tai15_15_09,1274,550,1514.0,1748.0
int__tai15_15_09,1274,551,1427.0,1667.0
int__tai15_15_09,1274,552,1403.0,1595.0
int__tai15_15_09,1274,553,1388.0,1598.0
int__tai15_15_09,1274,554,1459.0,1703.0
int__tai15_15_09,1274,555,1440.0,1679.0
int__tai15_15_09,1274,556,1399.0,1652.0
int__tai15_15_09,1274,557,1398.0,1613.0
int__tai15_15_09,1274,558,1418.0,1677.0
int__tai15_15_09,1274,559,1387.0,1641.0
int__tai15_15_09,1274,560,1412.0,1609.0
int__tai15_15_09,1274,561,1371.0,1624.0
int__tai15_15_09,1274,562,1500.0,1716.0
int__tai15_15_09,1274,563,1447.0,1666.0
int__tai15_15_09,1274,564,1403.0,1620.0
int__tai15_15_09,1274,565,1419.0,1657.0
int__tai15_15_09,1274,566,1400.0,1620.0
int__tai15_15_09,1274,567,1465.0,1695.0
int__tai15_15_09,1274,568,1442.0,1656.0
int__tai15_15_09,1274,569,1521.0,1747.0
int__tai15_15_09,1274,570,1481.0,1731.0
int__tai15_15_09,1274,571,1411.0,1617.0
int__tai15_15_09,1274,572,1373.0,1605.0
int__tai15_15_09,1274,573,1478.0,1745.0
int__tai15_15_09,1274,574,1577.0,1829.0
int__tai15_15_09,1274,575,1505.0,1706.0
int__tai15_15_09,1274,576,1484.0,1743.0
int__tai15_15_09,1274,577,1434.0,1614.0
int__tai15_15_09,1274,578,1553.0,1753.0
int__tai15_15_09,1274,579,1413.0,1628.0
int__tai15_15_09,1274,580,1490.0,1723.0
int__tai15_15_09,1274,581,1386.0,1602.0
int__tai15_15_09,1274,582,1430.0,1626.0
int__tai15_15_09,1274,583,1448.0,1690.0
int__tai15_15_09,1274,584,1365.0,1605.0
int__tai15_15_09,1274,585,1469.0,1692.0
int__tai15_15_09,1274,586,1416.0,1660.0
int__tai15_15_09,1274,587,1484.0,1718.0
int__tai15_15_09,1274,588,1421.0,1659.0
int__tai15_15_09,1274,589,1386.0,1619.0
int__tai15_15_09,1274,590,1528.0,1756.0
int__tai15_15_09,1274,591,1399.0,1606.0
int__tai15_15_09,1274,592,1380.0,1591.0
int__tai15_15_09,1274,593,1380.0,1638.0
int__tai15_15_09,1274,594,1418.0,1655.0
int__tai15_15_09,1274,595,1521.0,1752.0
int__tai15_15_09,1274,596,1453.0,1715.0
int__tai15_15_09,1274,597,1455.0,1700.0
int__tai15_15_09,1274,598,1477.0,1734.0
int__tai15_15_09,1274,599,1397.0,1637.0
int__tai15_15_09,1274,600,1461.0,1692.0
int__tai15_15_09,1274,601,1418.0,1641.0
int__tai15_15_09,1274,602,1392.0,1613.0
int__tai15_15_09,1274,603,1484.0,1696.0
int__tai15_15_09,1274,604,1572.0,1812.0
int__tai15_15_09,1274,605,1433.0,1639.0
int__tai15_15_09,1274,606,1425.0,1644.0
int__tai15_15_09,1274,607,1462.0,1671.0
int__tai15_15_09,1274,608,1465.0,1701.0
int__tai15_15_09,1274,609,1395.0,1606.0
int__tai15_15_09,1274,610,1433.0,1645.0
int__tai15_15_09,1274,611,1440.0,1668.0
int__tai15_15_09,1274,612,1372.0,1588.0
int__tai15_15_09,1274,613,1449.0,1717.0
int__tai15_15_09,1274,614,1442.0,1651.0
int__tai15_15_09,1274,615,1566.0,1835.0
int__tai15_15_09,1274,616,1420.0,1628.0
int__tai15_15_09,1274,617,1427.0,1661.0
int__tai15_15_09,1274,618,1558.0,1751.0
int__tai15_15_09,1274,619,1495.0,1746.0
int__tai15_15_09,1274,620,1434.0,1659.0
int__tai15_15_09,1274,621,1413.0,1673.0
int__tai15_15_09,1274,622,1413.0,1672.0
int__tai15_15_09,1274,623,1408.0,1658.0
int__tai15_15_09,1274,624,1534.0,1748.0
int__tai15_15_09,1274,625,1412.0,1600.0
int__tai15_15_09,1274,626,1365.0,1573.0
int__tai15_15_09,1274,627,1427.0,1666.0
int__tai15_15_09,1274,628,1434.0,1634.0
int__tai15_15_09,1274,629,1425.0,1671.0
int__tai15_15_09,1274,630,1431.0,1693.0
int__tai15_15_09,1274,631,1384.0,1600.0
int__tai15_15_09,1274,632,1404.0,1636.0
int__tai15_15_09,1274,633,1479.0,1719.0
int__tai15_15_09,1274,634,1375.0,1589.0
int__tai15_15_09,1274,635,1374.0,1598.0
int__tai15_15_09,1274,636,1393.0,1599.0
int__tai15_15_09,1274,637,1408.0,1667.0
int__tai15_15_09,1274,638,1494.0,1776.0
int__tai15_15_09,1274,639,1562.0,1822.0
int__tai15_15_09,1274,640,1386.0,1588.0
int__tai15_15_09,1274,641,1414.0,1663.0
int__tai15_15_09,1274,642,1431.0,1685.0
int__tai15_15_09,1274,643,1442.0,1649.0
int__tai15_15_09,1274,644,1443.0,1657.0
int__tai15_15_09,1274,645,1466.0,1695.0
int__tai15_15_09,1274,646,1465.0,1735.0
int__tai15_15_09,1274,647,1434.0,1674.0
int__tai15_15_09,1274,648,1492.0,1738.0
int__tai15_15_09,1274,649,1390.0,1639.0
int__tai15_15_09,1274,650,1512.0,1761.0
int__tai15_15_09,1274,651,1438.0,1689.0
int__tai15_15_09,1274,652,1468.0,1736.0
int__tai15_15_09,1274,653,1444.0,1657.0
int__tai15_15_09,1274,654,1461.0,1741.0
int__tai15_15_09,1274,655,1440.0,1699.0
int__tai15_15_09,1274,656,1424.0,1642.0
int__tai15_15_09,1274,657,1429.0,1646.0
int__tai15_15_09,1274,658,1517.0,1775.0
int__tai15_15_09,1274,659,1381.0,1618.0
int__tai15_15_09,1274,660,1441.0,1675.0
int__tai15_15_09,1274,661,1478.0,1750.0
int__tai15_15_09,1274,662,1479.0,1737.0
int__tai15_15_09,1274,663,1425.0,1685.0
int__tai15_15_09,1274,664,1457.0,1723.0
int__tai15_15_09,1274,665,1491.0,1729.0
int__tai15_15_09,1274,666,1414.0,1672.0
int__tai15_15_09,1274,667,1424.0,1667.0
int__tai15_15_09,1274,668,1418.0,1667.0
int__tai15_15_09,1274,669,1389.0,1633.0
int__tai15_15_09,1274,670,1412.0,1696.0
int__tai15_15_09,1274,671,1428.0,1662.0
int__tai15_15_09,1274,672,1421.0,1648.0
int__tai15_15_09,1274,673,1392.0,1604.0
int__tai15_15_09,1274,674,1386.0,1616.0
int__tai15_15_09,1274,675,1389.0,1625.0
int__tai15_15_09,1274,676,1360.0,1567.0
int__tai15_15_09,1274,677,1415.0,1670.0
int__tai15_15_09,1274,678,1489.0,1722.0
int__tai15_15_09,1274,679,1403.0,1635.0
int__tai15_15_09,1274,680,1511.0,1745.0
int__tai15_15_09,1274,681,1470.0,1726.0
int__tai15_15_09,1274,682,1414.0,1679.0
int__tai15_15_09,1274,683,1438.0,1608.0
int__tai15_15_09,1274,684,1561.0,1840.0
int__tai15_15_09,1274,685,1423.0,1675.0
int__tai15_15_09,1274,686,1439.0,1631.0
int__tai15_15_09,1274,687,1400.0,1655.0
int__tai15_15_09,1274,688,1433.0,1651.0
int__tai15_15_09,1274,689,1422.0,1627.0
int__tai15_15_09,1274,690,1487.0,1734.0
int__tai15_15_09,1274,691,1435.0,1683.0
int__tai15_15_09,1274,692,1412.0,1651.0
int__tai15_15_09,1274,693,1464.0,1675.0
int__tai15_15_09,1274,694,1408.0,1623.0
int__tai15_15_09,1274,695,1446.0,1661.0
int__tai15_15_09,1274,696,1542.0,1764.0
int__tai15_15_09,1274,697,1409.0,1620.0
int__tai15_15_09,1274,698,1395.0,1631.0
int__tai15_15_09,1274,699,1465.0,1709.0
int__tai15_15_09,1274,700,1454.0,1651.0
int__tai15_15_09,1274,701,1450.0,1666.0
int__tai15_15_09,1274,702,1417.0,1644.0
int__tai15_15_09,1274,703,1400.0,1612.0
int__tai15_15_09,1274,704,1427.0,1632.0
int__tai15_15_09,1274,705,1466.0,1712.0
int__tai15_15_09,1274,706,1473.0,1717.0
int__tai15_15_09,1274,707,1545.0,1784.0
int__tai15_15_09,1274,708,1436.0,1642.0
int__tai15_15_09,1274,709,1462.0,1680.0
int__tai15_15_09,1274,710,1373.0,1582.0
int__tai15_15_09,1274,711,1503.0,1736.0
int__tai15_15_09,1274,712,1402.0,1599.0
int__tai15_15_09,1274,713,1414.0,1651.0
int__tai15_15_09,1274,714,1487.0,1735.0
int__tai15_15_09,1274,715,1460.0,1692.0
int__tai15_15_09,1274,716,1456.0,1653.0
int__tai15_15_09,1274,717,1328.0,1555.0
int__tai15_15_09,1274,718,1405.0,1646.0
int__tai15_15_09,1274,719,1375.0,1594.0
int__tai15_15_09,1274,720,1434.0,1666.0
int__tai15_15_09,1274,721,1434.0,1667.0
int__tai15_15_09,1274,722,1370.0,1587.0
int__tai15_15_09,1274,723,1453.0,1646.0
int__tai15_15_09,1274,724,1402.0,1617.0
int__tai15_15_09,1274,725,1447.0,1653.0
int__tai15_15_09,1274,726,1351.0,1586.0
int__tai15_15_09,1274,727,1495.0,1752.0
int__tai15_15_09,1274,728,1409.0,1636.0
int__tai15_15_09,1274,729,1478.0,1719.0
int__tai15_15_09,1274,730,1417.0,1650.0
int__tai15_15_09,1274,731,1444.0,1646.0
int__tai15_15_09,1274,732,1488.0,1724.0
int__tai15_15_09,1274,733,1470.0,1710.0
int__tai15_15_09,1274,734,1508.0,1701.0
int__tai15_15_09,1274,735,1463.0,1734.0
int__tai15_15_09,1274,736,1431.0,1645.0
int__tai15_15_09,1274,737,1461.0,1693.0
int__tai15_15_09,1274,738,1432.0,1678.0
int__tai15_15_09,1274,739,1425.0,1620.0
int__tai15_15_09,1274,740,1491.0,1728.0
int__tai15_15_09,1274,741,1464.0,1670.0
int__tai15_15_09,1274,742,1356.0,1589.0
int__tai15_15_09,1274,743,1440.0,1683.0
int__tai15_15_09,1274,744,1421.0,1687.0
int__tai15_15_09,1274,745,1412.0,1643.0
int__tai15_15_09,1274,746,1470.0,1716.0
int__tai15_15_09,1274,747,1385.0,1631.0
int__tai15_15_09,1274,748,1513.0,1757.0
int__tai15_15_09,1274,749,1378.0,1608.0
int__tai15_15_09,1274,750,1455.0,1705.0
int__tai15_15_09,1274,751,1440.0,1653.0
int__tai15_15_09,1274,752,1398.0,1640.0
int__tai15_15_09,1274,753,1461.0,1742.0
int__tai15_15_09,1274,754,1490.0,1743.0
int__tai15_15_09,1274,755,1423.0,1646.0
int__tai15_15_09,1274,756,1465.0,1702.0
int__tai15_15_09,1274,757,1482.0,1731.0
int__tai15_15_09,1274,758,1540.0,1801.0
int__tai15_15_09,1274,759,1367.0,1617.0
int__tai15_15_09,1274,760,1474.0,1692.0
int__tai15_15_09,1274,761,1491.0,1713.0
int__tai15_15_09,1274,762,1435.0,1668.0
int__tai15_15_09,1274,763,1404.0,1646.0
int__tai15_15_09,1274,764,1394.0,1575.0
int__tai15_15_09,1274,765,1500.0,1783.0
int__tai15_15_09,1274,766,1472.0,1713.0
int__tai15_15_09,1274,767,1434.0,1649.0
int__tai15_15_09,1274,768,1367.0,1621.0
int__tai15_15_09,1274,769,1415.0,1665.0
int__tai15_15_09,1274,770,1513.0,1728.0
int__tai15_15_09,1274,771,1521.0,1714.0
int__tai15_15_09,1274,772,1490.0,1740.0
int__tai15_15_09,1274,773,1403.0,1636.0
int__tai15_15_09,1274,774,1392.0,1601.0
int__tai15_15_09,1274,775,1553.0,1815.0
int__tai15_15_09,1274,776,1413.0,1679.0
int__tai15_15_09,1274,777,1461.0,1698.0
int__tai15_15_09,1274,778,1445.0,1682.0
int__tai15_15_09,1274,779,1471.0,1709.0
int__tai15_15_09,1274,780,1610.0,1889.0
int__tai15_15_09,1274,781,1438.0,1667.0
int__tai15_15_09,1274,782,1407.0,1621.0
int__tai15_15_09,1274,783,1437.0,1630.0
int__tai15_15_09,1274,784,1418.0,1648.0
int__tai15_15_09,1274,785,1401.0,1651.0
int__tai15_15_09,1274,786,1421.0,1625.0
int__tai15_15_09,1274,787,1436.0,1660.0
int__tai15_15_09,1274,788,1387.0,1590.0
int__tai15_15_09,1274,789,1476.0,1686.0
int__tai15_15_09,1274,790,1523.0,1746.0
int__tai15_15_09,1274,791,1418.0,1624.0
int__tai15_15_09,1274,792,1418.0,1654.0
int__tai15_15_09,1274,793,1579.0,1865.0
int__tai15_15_09,1274,794,1386.0,1601.0
int__tai15_15_09,1274,795,1454.0,1653.0
int__tai15_15_09,1274,796,1428.0,1642.0
int__tai15_15_09,1274,797,1350.0,1606.0
int__tai15_15_09,1274,798,1380.0,1584.0
int__tai15_15_09,1274,799,1439.0,1658.0
int__tai15_15_09,1274,800,1373.0,1613.0
int__tai15_15_09,1274,801,1527.0,1805.0
int__tai15_15_09,1274,802,1419.0,1641.0
int__tai15_15_09,1274,803,1436.0,1696.0
int__tai15_15_09,1274,804,1444.0,1681.0
int__tai15_15_09,1274,805,1395.0,1645.0
int__tai15_15_09,1274,806,1360.0,1576.0
int__tai15_15_09,1274,807,1502.0,1750.0
int__tai15_15_09,1274,808,1482.0,1747.0
int__tai15_15_09,1274,809,1478.0,1750.0
int__tai15_15_09,1274,810,1433.0,1674.0
int__tai15_15_09,1274,811,1469.0,1694.0
int__tai15_15_09,1274,812,1356.0,1581.0
int__tai15_15_09,1274,813,1406.0,1652.0
int__tai15_15_09,1274,814,1417.0,1612.0
int__tai15_15_09,1274,815,1449.0,1668.0
int__tai15_15_09,1274,816,1464.0,1726.0
int__tai15_15_09,1274,817,1478.0,1739.0
int__tai15_15_09,1274,818,1407.0,1618.0
int__tai15_15_09,1274,819,1462.0,1712.0
int__tai15_15_09,1274,820,1510.0,1757.0
int__tai15_15_09,1274,821,1500.0,1726.0
int__tai15_15_09,1274,822,1466.0,1736.0
int__tai15_15_09,1274,823,1600.0,1906.0
int__tai15_15_09,1274,824,1469.0,1717.0
int__tai15_15_09,1274,825,1392.0,1614.0
int__tai15_15_09,1274,826,1547.0,1803.0
int__tai15_15_09,1274,827,1437.0,1698.0
int__tai15_15_09,1274,828,1403.0,1650.0
int__tai15_15_09,1274,829,1379.0,1613.0
int__tai15_15_09,1274,830,1443.0,1666.0
int__tai15_15_09,1274,831,1445.0,1723.0
int__tai15_15_09,1274,832,1425.0,1637.0
int__tai15_15_09,1274,833,1426.0,1673.0
int__tai15_15_09,1274,834,1405.0,1641.0
int__tai15_15_09,1274,835,1383.0,1624.0
int__tai15_15_09,1274,836,1381.0,1595.0
int__tai15_15_09,1274,837,1463.0,1695.0
int__tai15_15_09,1274,838,1417.0,1641.0
int__tai15_15_09,1274,839,1434.0,1673.0
int__tai15_15_09,1274,840,1506.0,1748.0
int__tai15_15_09,1274,841,1428.0,1659.0
int__tai15_15_09,1274,842,1391.0,1636.0
int__tai15_15_09,1274,843,1478.0,1710.0
int__tai15_15_09,1274,844,1484.0,1781.0
int__tai15_15_09,1274,845,1416.0,1626.0
int__tai15_15_09,1274,846,1526.0,1779.0
int__tai15_15_09,1274,847,1382.0,1616.0
int__tai15_15_09,1274,848,1457.0,1675.0
int__tai15_15_09,1274,849,1396.0,1625.0
int__tai15_15_09,1274,850,1452.0,1674.0
int__tai15_15_09,1274,851,1495.0,1742.0
int__tai15_15_09,1274,852,1530.0,1792.0
int__tai15_15_09,1274,853,1346.0,1568.0
int__tai15_15_09,1274,854,1441.0,1690.0
int__tai15_15_09,1274,855,1459.0,1662.0
int__tai15_15_09,1274,856,1395.0,1605.0
int__tai15_15_09,1274,857,1505.0,1790.0
int__tai15_15_09,1274,858,1397.0,1643.0
int__tai15_15_09,1274,859,1438.0,1658.0
int__tai15_15_09,1274,860,1532.0,1827.0
int__tai15_15_09,1274,861,1410.0,1620.0
int__tai15_15_09,1274,862,1549.0,1770.0
int__tai15_15_09,1274,863,1478.0,1711.0
int__tai15_15_09,1274,864,1333.0,1552.0
int__tai15_15_09,1274,865,1446.0,1670.0
int__tai15_15_09,1274,866,1659.0,1901.0
int__tai15_15_09,1274,867,1483.0,1730.0
int__tai15_15_09,1274,868,1416.0,1636.0
int__tai15_15_09,1274,869,1481.0,1700.0
int__tai15_15_09,1274,870,1497.0,1758.0
int__tai15_15_09,1274,871,1478.0,1682.0
int__tai15_15_09,1274,872,1419.0,1651.0
int__tai15_15_09,1274,873,1395.0,1612.0
int__tai15_15_09,1274,874,1449.0,1655.0
int__tai15_15_09,1274,875,1447.0,1682.0
int__tai15_15_09,1274,876,1590.0,1826.0
int__tai15_15_09,1274,877,1459.0,1683.0
int__tai15_15_09,1274,878,1403.0,1647.0
int__tai15_15_09,1274,879,1449.0,1698.0
int__tai15_15_09,1274,880,1435.0,1693.0
int__tai15_15_09,1274,881,1491.0,1723.0
int__tai15_15_09,1274,882,1425.0,1692.0
int__tai15_15_09,1274,883,1403.0,1648.0
int__tai15_15_09,1274,884,1460.0,1697.0
int__tai15_15_09,1274,885,1422.0,1676.0
int__tai15_15_09,1274,886,1548.0,1789.0
int__tai15_15_09,1274,887,1508.0,1771.0
int__tai15_15_09,1274,888,1373.0,1592.0
int__tai15_15_09,1274,889,1524.0,1790.0
int__tai15_15_09,1274,890,1440.0,1647.0
int__tai15_15_09,1274,891,1456.0,1689.0
int__tai15_15_09,1274,892,1467.0,1694.0
int__tai15_15_09,1274,893,1424.0,1663.0
int__tai15_15_09,1274,894,1542.0,1802.0
int__tai15_15_09,1274,895,1374.0,1600.0
int__tai15_15_09,1274,896,1351.0,1577.0
int__tai15_15_09,1274,897,1492.0,1697.0
int__tai15_15_09,1274,898,1341.0,1552.0
int__tai15_15_09,1274,899,1397.0,1611.0
int__tai15_15_09,1274,900,1434.0,1644.0
int__tai15_15_09,1274,901,1548.0,1822.0
int__tai15_15_09,1274,902,1414.0,1648.0
int__tai15_15_09,1274,903,1487.0,1710.0
int__tai15_15_09,1274,904,1512.0,1721.0
int__tai15_15_09,1274,905,1522.0,1782.0
int__tai15_15_09,1274,906,1454.0,1679.0
int__tai15_15_09,1274,907,1427.0,1638.0
int__tai15_15_09,1274,908,1443.0,1651.0
int__tai15_15_09,1274,909,1543.0,1771.0
int__tai15_15_09,1274,910,1374.0,1604.0
int__tai15_15_09,1274,911,1409.0,1623.0
int__tai15_15_09,1274,912,1488.0,1751.0
int__tai15_15_09,1274,913,1418.0,1660.0
int__tai15_15_09,1274,914,1472.0,1696.0
int__tai15_15_09,1274,915,1509.0,1731.0
int__tai15_15_09,1274,916,1442.0,1702.0
int__tai15_15_09,1274,917,1449.0,1653.0
int__tai15_15_09,1274,918,1393.0,1600.0
int__tai15_15_09,1274,919,1452.0,1655.0
int__tai15_15_09,1274,920,1456.0,1663.0
int__tai15_15_09,1274,921,1440.0,1644.0
int__tai15_15_09,1274,922,1380.0,1594.0
int__tai15_15_09,1274,923,1426.0,1661.0
int__tai15_15_09,1274,924,1462.0,1738.0
int__tai15_15_09,1274,925,1405.0,1639.0
int__tai15_15_09,1274,926,1427.0,1640.0
int__tai15_15_09,1274,927,1452.0,1688.0
int__tai15_15_09,1274,928,1379.0,1594.0
int__tai15_15_09,1274,929,1455.0,1687.0
int__tai15_15_09,1274,930,1446.0,1666.0
int__tai15_15_09,1274,931,1524.0,1765.0
int__tai15_15_09,1274,932,1383.0,1615.0
int__tai15_15_09,1274,933,1428.0,1649.0
int__tai15_15_09,1274,934,1411.0,1625.0
int__tai15_15_09,1274,935,1420.0,1687.0
int__tai15_15_09,1274,936,1549.0,1772.0
int__tai15_15_09,1274,937,1525.0,1769.0
int__tai15_15_09,1274,938,1490.0,1771.0
int__tai15_15_09,1274,939,1444.0,1662.0
int__tai15_15_09,1274,940,1437.0,1689.0
int__tai15_15_09,1274,941,1405.0,1610.0
int__tai15_15_09,1274,942,1463.0,1681.0
int__tai15_15_09,1274,943,1383.0,1640.0
int__tai15_15_09,1274,944,1429.0,1654.0
int__tai15_15_09,1274,945,1480.0,1751.0
int__tai15_15_09,1274,946,1472.0,1703.0
int__tai15_15_09,1274,947,1396.0,1573.0
int__tai15_15_09,1274,948,1428.0,1655.0
int__tai15_15_09,1274,949,1443.0,1669.0
int__tai15_15_09,1274,950,1568.0,1819.0
int__tai15_15_09,1274,951,1393.0,1583.0
int__tai15_15_09,1274,952,1366.0,1589.0
int__tai15_15_09,1274,953,1464.0,1682.0
int__tai15_15_09,1274,954,1440.0,1718.0
int__tai15_15_09,1274,955,1460.0,1674.0
int__tai15_15_09,1274,956,1464.0,1715.0
int__tai15_15_09,1274,957,1416.0,1640.0
int__tai15_15_09,1274,958,1409.0,1683.0
int__tai15_15_09,1274,959,1400.0,1607.0
int__tai15_15_09,1274,960,1435.0,1680.0
int__tai15_15_09,1274,961,1496.0,1738.0
int__tai15_15_09,1274,962,1470.0,1705.0
int__tai15_15_09,1274,963,1372.0,1578.0
int__tai15_15_09,1274,964,1427.0,1676.0
int__tai15_15_09,1274,965,1391.0,1628.0
int__tai15_15_09,1274,966,1622.0,1868.0
int__tai15_15_09,1274,967,1420.0,1608.0
int__tai15_15_09,1274,968,1506.0,1734.0
int__tai15_15_09,1274,969,1397.0,1567.0
int__tai15_15_09,1274,970,1411.0,1661.0
int__tai15_15_09,1274,971,1428.0,1630.0
int__tai15_15_09,1274,972,1409.0,1648.0
int__tai15_15_09,1274,973,1449.0,1670.0
int__tai15_15_09,1274,974,1460.0,1724.0
int__tai15_15_09,1274,975,1430.0,1640.0
int__tai15_15_09,1274,976,1480.0,1732.0
int__tai15_15_09,1274,977,1412.0,1642.0
int__tai15_15_09,1274,978,1509.0,1787.0
int__tai15_15_09,1274,979,1431.0,1662.0
int__tai15_15_09,1274,980,1452.0,1725.0
int__tai15_15_09,1274,981,1382.0,1617.0
int__tai15_15_09,1274,982,1373.0,1583.0
int__tai15_15_09,1274,983,1482.0,1705.0
int__tai15_15_09,1274,984,1385.0,1598.0
int__tai15_15_09,1274,985,1431.0,1693.0
int__tai15_15_09,1274,986,1454.0,1665.0
int__tai15_15_09,1274,987,1427.0,1658.0
int__tai15_15_09,1274,988,1374.0,1593.0
int__tai15_15_09,1274,989,1414.0,1651.0
int__tai15_15_09,1274,990,1493.0,1727.0
int__tai15_15_09,1274,991,1407.0,1646.0
int__tai15_15_09,1274,992,1537.0,1780.0
int__tai15_15_09,1274,993,1328.0,1555.0
int__tai15_15_09,1274,994,1461.0,1679.0
int__tai15_15_09,1274,995,1456.0,1710.0
int__tai15_15_09,1274,996,1424.0,1680.0
int__tai15_15_09,1274,997,1446.0,1692.0
int__tai15_15_09,1274,998,1388.0,1584.0
int__tai15_15_09,1274,999,1445.0,1683.0
int__tai15_15_09,1274,1000,1412.0,1643.0
int__tai15_15_09,1274,1001,1387.0,1639.0
int__tai15_15_09,1274,1002,1392.0,1631.0
int__tai15_15_09,1274,1003,1452.0,1708.0
int__tai15_15_09,1274,1004,1462.0,1682.0
int__tai15_15_09,1274,1005,1490.0,1735.0
int__tai15_15_09,1274,1006,1440.0,1664.0
int__tai15_15_09,1274,1007,1511.0,1747.0
int__tai15_15_09,1274,1008,1431.0,1675.0
int__tai15_15_09,1274,1009,1365.0,1589.0
int__tai15_15_09,1274,1010,1439.0,1710.0
int__tai15_15_09,1274,1011,1438.0,1665.0
int__tai15_15_09,1274,1012,1409.0,1613.0
int__tai15_15_09,1274,1013,1492.0,1735.0
int__tai15_15_09,1274,1014,1404.0,1630.0
int__tai15_15_09,1274,1015,1490.0,1745.0
int__tai15_15_09,1274,1016,1522.0,1777.0
int__tai15_15_09,1274,1017,1460.0,1674.0
int__tai15_15_09,1274,1018,1401.0,1627.0
int__tai15_15_09,1274,1019,1499.0,1722.0
int__tai15_15_09,1274,1020,1378.0,1643.0
int__tai15_15_09,1274,1021,1506.0,1767.0
int__tai15_15_09,1274,1022,1427.0,1666.0
int__tai15_15_09,1274,1023,1441.0,1687.0
int__tai20_15_05,1339,0,1462.0,1662.0
int__tai20_15_05,1339,1,1509.0,1711.0
int__tai20_15_05,1339,2,1553.0,1761.0
int__tai20_15_05,1339,3,1560.0,1777.0
int__tai20_15_05,1339,4,1523.0,1718.0
int__tai20_15_05,1339,5,1529.0,1734.0
int__tai20_15_05,1339,6,1640.0,1831.0
int__tai20_15_05,1339,7,1602.0,1847.0
int__tai20_15_05,1339,8,1545.0,1814.0
int__tai20_15_05,1339,9,1613.0,1783.0
int__tai20_15_05,1339,10,1622.0,1837.0
int__tai20_15_05,1339,11,1531.0,1776.0
int__tai20_15_05,1339,12,1642.0,1853.0
int__tai20_15_05,1339,13,1557.0,1809.0
int__tai20_15_05,1339,14,1560.0,1787.0
int__tai20_15_05,1339,15,1613.0,1819.0
int__tai20_15_05,1339,16,1563.0,1786.0
int__tai20_15_05,1339,17,1518.0,1766.0
int__tai20_15_05,1339,18,1538.0,1765.0
int__tai20_15_05,1339,19,1614.0,1903.0
int__tai20_15_05,1339,20,1617.0,1871.0
int__tai20_15_05,1339,21,1502.0,1739.0
int__tai20_15_05,1339,22,1498.0,1726.0
int__tai20_15_05,1339,23,1521.0,1738.0
int__tai20_15_05,1339,24,1648.0,1856.0
int__tai20_15_05,1339,25,1456.0,1729.0
int__tai20_15_05,1339,26,1556.0,1776.0
int__tai20_15_05,1339,27,1593.0,1791.0
int__tai20_15_05,1339,28,1521.0,1743.0
int__tai20_15_05,1339,29,1541.0,1757.0
int__tai20_15_05,1339,30,1576.0,1757.0
int__tai20_15_05,1339,31,1528.0,1752.0
int__tai20_15_05,1339,32,1575.0,1783.0
int__tai20_15_05,1339,33,1538.0,1764.0
int__tai20_15_05,1339,34,1605.0,1812.0
int__tai20_15_05,1339,35,1510.0,1714.0
int__tai20_15_05,1339,36,1525.0,1718.0
int__tai20_15_05,1339,37,1527.0,1745.0
int__tai20_15_05,1339,38,1490.0,1722.0
int__tai20_15_05,1339,39,1584.0,1814.0
int__tai20_15_05,1339,40,1540.0,1775.0
int__tai20_15_05,1339,41,1543.0,1753.0
int__tai20_15_05,1339,42,1599.0,1828.0
int__tai20_15_05,1339,43,1563.0,1771.0
int__tai20_15_05,1339,44,1628.0,1848.0
int__tai20_15_05,1339,45,1570.0,1762.0
int__tai20_15_05,1339,46,1474.0,1665.0
int__tai20_15_05,1339,47,1586.0,1787.0
int__tai20_15_05,1339,48,1604.0,1826.0
int__tai20_15_05,1339,49,1522.0,1730.0
int__tai20_15_05,1339,50,1610.0,1869.0
int__tai20_15_05,1339,51,1544.0,1755.0
int__tai20_15_05,1339,52,1552.0,1783.0
int__tai20_15_05,1339,53,1596.0,1836.0
int__tai20_15_05,1339,54,1556.0,1749.0
int__tai20_15_05,1339,55,1617.0,1854.0
int__tai20_15_05,1339,56,1623.0,1854.0
int__tai20_15_05,1339,57,1551.0,1790.0
int__tai20_15_05,1339,58,1615.0,1820.0
int__tai20_15_05,1339,59,1564.0,1784.0
int__tai20_15_05,1339,60,1491.0,1690.0
int__tai20_15_05,1339,61,1532.0,1731.0
int__tai20_15_05,1339,62,1549.0,1783.0
int__tai20_15_05,1339,63,1548.0,1738.0
int__tai20_15_05,1339,64,1574.0,1803.0
int__tai20_15_05,1339,65,1563.0,1793.0
int__tai20_15_05,1339,66,1578.0,1802.0
int__tai20_15_05,1339,67,1525.0,1757.0
int__tai20_15_05,1339,68,1504.0,1716.0
int__tai20_15_05,1339,69,1479.0,1710.0
int__tai20_15_05,1339,70,1486.0,1717.0
int__tai20_15_05,1339,71,1506.0,1718.0
int__tai20_15_05,1339,72,1521.0,1740.0
int__tai20_15_05,1339,73,1523.0,1743.0
int__tai20_15_05,1339,74,1496.0,1726.0
int__tai20_15_05,1339,75,1521.0,1718.0
int__tai20_15_05,1339,76,1502.0,1737.0
int__tai20_15_05,1339,77,1559.0,1798.0
int__tai20_15_05,1339,78,1549.0,1791.0
int__tai20_15_05,1339,79,1549.0,1780.0
int__tai20_15_05,1339,80,1612.0,1838.0
int__tai20_15_05,1339,81,1528.0,1713.0
int__tai20_15_05,1339,82,1483.0,1711.0
int__tai20_15_05,1339,83,1571.0,1772.0
int__tai20_15_05,1339,84,1464.0,1687.0
int__tai20_15_05,1339,85,1462.0,1681.0
int__tai20_15_05,1339,86,1546.0,1727.0
int__tai20_15_05,1339,87,1630.0,1840.0
int__tai20_15_05,1339,88,1468.0,1688.0
int__tai20_15_05,1339,89,1607.0,1848.0
int__tai20_15_05,1339,90,1565.0,1762.0
int__tai20_15_05,1339,91,1639.0,1854.0
int__tai20_15_05,1339,92,1557.0,1758.0
int__tai20_15_05,1339,93,1554.0,1765.0
int__tai20_15_05,1339,94,1504.0,1752.0
int__tai20_15_05,1339,95,1565.0,1787.0
int__tai20_15_05,1339,96,1487.0,1701.0
int__tai20_15_05,1339,97,1580.0,1773.0
int__tai20_15_05,1339,98,1549.0,1772.0
int__tai20_15_05,1339,99,1540.0,1794.0
int__tai20_15_05,1339,100,1541.0,1751.0
int__tai20_15_05,1339,101,1519.0,1758.0
int__tai20_15_05,1339,102,1544.0,1752.0
int__tai20_15_05,1339,103,1532.0,1798.0
int__tai20_15_05,1339,104,1514.0,1688.0
int__tai20_15_05,1339,105,1558.0,1773.0
int__tai20_15_05,1339,106,1493.0,1711.0
int__tai20_15_05,1339,107,1571.0,1784.0
int__tai20_15_05,1339,108,1529.0,1749.0
int__tai20_15_05,1339,109,1574.0,1818.0
int__tai20_15_05,1339,110,1466.0,1652.0
int__tai20_15_05,1339,111,1534.0,1791.0
int__tai20_15_05,1339,112,1478.0,1697.0
int__tai20_15_05,1339,113,1556.0,1832.0
int__tai20_15_05,1339,114,1599.0,1825.0
int__tai20_15_05,1339,115,1667.0,1884.0
int__tai20_15_05,1339,116,1610.0,1824.0
int__tai20_15_05,1339,117,1507.0,1725.0
int__tai20_15_05,1339,118,1484.0,1691.0
int__tai20_15_05,1339,119,1541.0,1748.0
int__tai20_15_05,1339,120,1514.0,1732.0
int__tai20_15_05,1339,121,1588.0,1791.0
int__tai20_15_05,1339,122,1481.0,1699.0
int__tai20_15_05,1339,123,1526.0,1765.0
int__tai20_15_05,1339,124,1522.0,1743.0
int__tai20_15_05,1339,125,1541.0,1789.0
int__tai20_15_05,1339,126,1544.0,1823.0
int__tai20_15_05,1339,127,1518.0,1704.0
int__tai20_15_05,1339,128,1584.0,1865.0
int__tai20_15_05,1339,129,1525.0,1755.0
int__tai20_15_05,1339,130,1513.0,1757.0
int__tai20_15_05,1339,131,1556.0,1764.0
int__tai20_15_05,1339,132,1526.0,1736.0
int__tai20_15_05,1339,133,1582.0,1765.0
int__tai20_15_05,1339,134,1679.0,1891.0
int__tai20_15_05,1339,135,1575.0,1814.0
int__tai20_15_05,1339,136,1538.0,1746.0
int__tai20_15_05,1339,137,1560.0,1797.0
int__tai20_15_05,1339,138,1528.0,1756.0
int__tai20_15_05,1339,139,1514.0,1750.0
int__tai20_15_05,1339,140,1592.0,1807.0
int__tai20_15_05,1339,141,1469.0,1688.0
int__tai20_15_05,1339,142,1561.0,1770.0
int__tai20_15_05,1339,143,1591.0,1819.0
int__tai20_15_05,1339,144,1701.0,1915.0
int__tai20_15_05,1339,145,1569.0,1825.0
int__tai20_15_05,1339,146,1500.0,1751.0
int__tai20_15_05,1339,147,1554.0,1805.0
int__tai20_15_05,1339,148,1640.0,1869.0
int__tai20_15_05,1339,149,1533.0,1786.0
int__tai20_15_05,1339,150,1555.0,1785.0
int__tai20_15_05,1339,151,1625.0,1863.0
int__tai20_15_05,1339,152,1609.0,1832.0
int__tai20_15_05,1339,153,1598.0,1822.0
int__tai20_15_05,1339,154,1584.0,1777.0
int__tai20_15_05,1339,155,1460.0,1670.0
int__tai20_15_05,1339,156,1515.0,1738.0
int__tai20_15_05,1339,157,1629.0,1853.0
int__tai20_15_05,1339,158,1524.0,1736.0
int__tai20_15_05,1339,159,1568.0,1764.0
int__tai20_15_05,1339,160,1588.0,1810.0
int__tai20_15_05,1339,161,1531.0,1769.0
int__tai20_15_05,1339,162,1534.0,1766.0
int__tai20_15_05,1339,163,1593.0,1826.0
int__tai20_15_05,1339,164,1502.0,1717.0
int__tai20_15_05,1339,165,1610.0,1821.0
int__tai20_15_05,1339,166,1570.0,1768.0
int__tai20_15_05,1339,167,1570.0,1807.0
int__tai20_15_05,1339,168,1651.0,1911.0
int__tai20_15_05,1339,169,1649.0,1858.0
int__tai20_15_05,1339,170,1542.0,1727.0
int__tai20_15_05,1339,171,1514.0,1726.0
int__tai20_15_05,1339,172,1527.0,1743.0
int__tai20_15_05,1339,173,1580.0,1789.0
int__tai20_15_05,1339,174,1500.0,1742.0
int__tai20_15_05,1339,175,1540.0,1758.0
int__tai20_15_05,1339,176,1585.0,1804.0
int__tai20_15_05,1339,177,1557.0,1782.0
int__tai20_15_05,1339,178,1562.0,1780.0
int__tai20_15_05,1339,179,1506.0,1706.0
int__tai20_15_05,1339,180,1628.0,1861.0
int__tai20_15_05,1339,181,1528.0,1724.0
int__tai20_15_05,1339,182,1588.0,1844.0
int__tai20_15_05,1339,183,1658.0,1907.0
int__tai20_15_05,1339,184,1631.0,1815.0
int__tai20_15_05,1339,185,1596.0,1805.0
int__tai20_15_05,1339,186,1487.0,1694.0
int__tai20_15_05,1339,187,1585.0,1834.0
int__tai20_15_05,1339,188,1519.0,1737.0
int__tai20_15_05,1339,189,1574.0,1838.0
int__tai20_15_05,1339,190,1675.0,1920.0
int__tai20_15_05,1339,191,1541.0,1806.0
int__tai20_15_05,1339,192,1573.0,1851.0
int__tai20_15_05,1339,193,1534.0,1706.0
int__tai20_15_05,1339,194,1577.0,1798.0
int__tai20_15_05,1339,195,1553.0,1810.0
int__tai20_15_05,1339,196,1583.0,1786.0
int__tai20_15_05,1339,197,1530.0,1732.0
int__tai20_15_05,1339,198,1528.0,1747.0
int__tai20_15_05,1339,199,1520.0,1749.0
int__tai20_15_05,1339,200,1562.0,1780.0
int__tai20_15_05,1339,201,1516.0,1745.0
int__tai20_15_05,1339,202,1537.0,1762.0
int__tai20_15_05,1339,203,1541.0,1733.0
int__tai20_15_05,1339,204,1557.0,1803.0
int__tai20_15_05,1339,205,1553.0,1764.0
int__tai20_15_05,1339,206,1563.0,1768.0
int__tai20_15_05,1339,207,1542.0,1752.0
int__tai20_15_05,1339,208,1565.0,1798.0
int__tai20_15_05,1339,209,1469.0,1699.0
int__tai20_15_05,1339,210,1542.0,1731.0
int__tai20_15_05,1339,211,1486.0,1715.0
int__tai20_15_05,1339,212,1522.0,1790.0
int__tai20_15_05,1339,213,1579.0,1837.0
int__tai20_15_05,1339,214,1453.0,1649.0
int__tai20_15_05,1339,215,1616.0,1855.0
int__tai20_15_05,1339,216,1513.0,1744.0
int__tai20_15_05,1339,217,1478.0,1678.0
int__tai20_15_05,1339,218,1609.0,1875.0
int__tai20_15_05,1339,219,1599.0,1832.0
int__tai20_15_05,1339,220,1560.0,1762.0
int__tai20_15_05,1339,221,1518.0,1728.0
int__tai20_15_05,1339,222,1528.0,1774.0
int__tai20_15_05,1339,223,1563.0,1775.0
int__tai20_15_05,1339,224,1540.0,1765.0
int__tai20_15_05,1339,225,1548.0,1782.0
int__tai20_15_05,1339,226,1571.0,1791.0
int__tai20_15_05,1339,227,1533.0,1762.0
int__tai20_15_05,1339,228,1532.0,1758.0
int__tai20_15_05,1339,229,1500.0,1726.0
int__tai20_15_05,1339,230,1539.0,1751.0
int__tai20_15_05,1339,231,1557.0,1817.0
int__tai20_15_05,1339,232,1515.0,1721.0
int__tai20_15_05,1339,233,1551.0,1757.0
int__tai20_15_05,1339,234,1715.0,1957.0
int__tai20_15_05,1339,235,1539.0,1781.0
int__tai20_15_05,1339,236,1534.0,1769.0
int__tai20_15_05,1339,237,1600.0,1847.0
int__tai20_15_05,1339,238,1483.0,1682.0
int__tai20_15_05,1339,239,1586.0,1870.0
int__tai20_15_05,1339,240,1497.0,1676.0
int__tai20_15_05,1339,241,1560.0,1789.0
int__tai20_15_05,1339,242,1525.0,1741.0
int__tai20_15_05,1339,243,1605.0,1778.0
int__tai20_15_05,1339,244,1587.0,1821.0
int__tai20_15_05,1339,245,1496.0,1726.0
int__tai20_15_05,1339,246,1540.0,1773.0
int__tai20_15_05,1339,247,1555.0,1784.0
int__tai20_15_05,1339,248,1557.0,1766.0
int__tai20_15_05,1339,249,1508.0,1725.0
int__tai20_15_05,1339,250,1503.0,1716.0
int__tai20_15_05,1339,251,1609.0,1862.0
int__tai20_15_05,1339,252,1728.0,1942.0
int__tai20_15_05,1339,253,1501.0,1707.0
int__tai20_15_05,1339,254,1556.0,1780.0
int__tai20_15_05,1339,255,1567.0,1796.0
int__tai20_15_05,1339,256,1496.0,1713.0
int__tai20_15_05,1339,257,1561.0,1776.0
int__tai20_15_05,1339,258,1494.0,1726.0
int__tai20_15_05,1339,259,1555.0,1767.0
int__tai20_15_05,1339,260,1535.0,1772.0
int__tai20_15_05,1339,261,1530.0,1724.0
int__tai20_15_05,1339,262,1670.0,1899.0
int__tai20_15_05,1339,263,1598.0,1814.0
int__tai20_15_05,1339,264,1621.0,1897.0
int__tai20_15_05,1339,265,1487.0,1669.0
int__tai20_15_05,1339,266,1523.0,1712.0
int__tai20_15_05,1339,267,1580.0,1822.0
int__tai20_15_05,1339,268,1452.0,1640.0
int__tai20_15_05,1339,269,1525.0,1749.0
int__tai20_15_05,1339,270,1568.0,1786.0
int__tai20_15_05,1339,271,1545.0,1791.0
int__tai20_15_05,1339,272,1596.0,1894.0
int__tai20_15_05,1339,273,1562.0,1788.0
int__tai20_15_05,1339,274,1575.0,1822.0
int__tai20_15_05,1339,275,1526.0,1721.0
int__tai20_15_05,1339,276,1669.0,1872.0
int__tai20_15_05,1339,277,1499.0,1744.0
int__tai20_15_05,1339,278,1544.0,1797.0
int__tai20_15_05,1339,279,1593.0,1767.0
int__tai20_15_05,1339,280,1575.0,1822.0
int__tai20_15_05,1339,281,1523.0,1724.0
int__tai20_15_05,1339,282,1480.0,1729.0
int__tai20_15_05,1339,283,1469.0,1674.0
int__tai20_15_05,1339,284,1495.0,1707.0
int__tai20_15_05,1339,285,1596.0,1801.0
int__tai20_15_05,1339,286,1549.0,1777.0
int__tai20_15_05,1339,287,1482.0,1688.0
int__tai20_15_05,1339,288,1503.0,1696.0
int__tai20_15_05,1339,289,1525.0,1745.0
int__tai20_15_05,1339,290,1558.0,1796.0
int__tai20_15_05,1339,291,1572.0,1785.0
int__tai20_15_05,1339,292,1482.0,1701.0
int__tai20_15_05,1339,293,1528.0,1735.0
int__tai20_15_05,1339,294,1502.0,1726.0
int__tai20_15_05,1339,295,1594.0,1820.0
int__tai20_15_05,1339,296,1578.0,1787.0
int__tai20_15_05,1339,297,1523.0,1723.0
int__tai20_15_05,1339,298,1590.0,1775.0
int__tai20_15_05,1339,299,1488.0,1707.0
int__tai20_15_05,1339,300,1482.0,1714.0
int__tai20_15_05,1339,301,1523.0,1727.0
int__tai20_15_05,1339,302,1644.0,1858.0
int__tai20_15_05,1339,303,1534.0,1760.0
int__tai20_15_05,1339,304,1632.0,1873.0
int__tai20_15_05,1339,305,1521.0,1712.0
int__tai20_15_05,1339,306,1560.0,1791.0
int__tai20_15_05,1339,307,1621.0,1828.0
int__tai20_15_05,1339,308,1511.0,1754.0
int__tai20_15_05,1339,309,1540.0,1743.0
int__tai20_15_05,1339,310,1599.0,1834.0
int__tai20_15_05,1339,311,1530.0,1765.0
int__tai20_15_05,1339,312,1592.0,1797.0
int__tai20_15_05,1339,313,1528.0,1706.0
int__tai20_15_05,1339,314,1525.0,1759.0
int__tai20_15_05,1339,315,1484.0,1701.0
int__tai20_15_05,1339,316,1625.0,1851.0
int__tai20_15_05,1339,317,1510.0,1730.0
int__tai20_15_05,1339,318,1556.0,1802.0
int__tai20_15_05,1339,319,1541.0,1733.0
int__tai20_15_05,1339,320,1595.0,1816.0
int__tai20_15_05,1339,321,1603.0,1820.0
int__tai20_15_05,1339,322,1534.0,1762.0
int__tai20_15_05,1339,323,1567.0,1808.0
int__tai20_15_05,1339,324,1604.0,1819.0
int__tai20_15_05,1339,325,1616.0,1866.0
int__tai20_15_05,1339,326,1587.0,1819.0
int__tai20_15_05,1339,327,1520.0,1750.0
int__tai20_15_05,1339,328,1574.0,1844.0
int__tai20_15_05,1339,329,1740.0,1979.0
int__tai20_15_05,1339,330,1528.0,1751.0
int__tai20_15_05,1339,331,1528.0,1737.0
int__tai20_15_05,1339,332,1570.0,1757.0
int__tai20_15_05,1339,333,1511.0,1701.0
int__tai20_15_05,1339,334,1560.0,1786.0
int__tai20_15_05,1339,335,1490.0,1706.0
int__tai20_15_05,1339,336,1480.0,1712.0
int__tai20_15_05,1339,337,1530.0,1755.0
int__tai20_15_05,1339,338,1489.0,1702.0
int__tai20_15_05,1339,339,1501.0,1704.0
int__tai20_15_05,1339,340,1531.0,1717.0
int__tai20_15_05,1339,341,1549.0,1769.0
int__tai20_15_05,1339,342,1532.0,1758.0
int__tai20_15_05,1339,343,1579.0,1795.0
int__tai20_15_05,1339,344,1512.0,1736.0
int__tai20_15_05,1339,345,1608.0,1835.0
int__tai20_15_05,1339,346,1579.0,1800.0
int__tai20_15_05,1339,347,1682.0,1919.0
int__tai20_15_05,1339,348,1534.0,1762.0
int__tai20_15_05,1339,349,1467.0,1701.0
int__tai20_15_05,1339,350,1613.0,1876.0
int__tai20_15_05,1339,351,1523.0,1775.0
int__tai20_15_05,1339,352,1466.0,1692.0
int__tai20_15_05,1339,353,1587.0,1794.0
int__tai20_15_05,1339,354,1487.0,1709.0
int__tai20_15_05,1339,355,1508.0,1729.0
int__tai20_15_05,1339,356,1548.0,1823.0
int__tai20_15_05,1339,357,1591.0,1825.0
int__tai20_15_05,1339,358,1628.0,1838.0
int__tai20_15_05,1339,359,1596.0,1832.0
int__tai20_15_05,1339,360,1567.0,1831.0
int__tai20_15_05,1339,361,1573.0,1767.0
int__tai20_15_05,1339,362,1476.0,1699.0
int__tai20_15_05,1339,363,1522.0,1711.0
int__tai20_15_05,1339,364,1485.0,1688.0
int__tai20_15_05,1339,365,1526.0,1780.0
int__tai20_15_05,1339,366,1497.0,1711.0
int__tai20_15_05,1339,367,1498.0,1765.0
int__tai20_15_05,1339,368,1539.0,1764.0
int__tai20_15_05,1339,369,1467.0,1696.0
int__tai20_15_05,1339,370,1660.0,1897.0
int__tai20_15_05,1339,371,1556.0,1769.0
int__tai20_15_05,1339,372,1608.0,1794.0
int__tai20_15_05,1339,373,1495.0,1705.0
int__tai20_15_05,1339,374,1598.0,1799.0
int__tai20_15_05,1339,375,1599.0,1845.0
int__tai20_15_05,1339,376,1486.0,1748.0
int__tai20_15_05,1339,377,1534.0,1792.0
int__tai20_15_05,1339,378,1543.0,1756.0
int__tai20_15_05,1339,379,1540.0,1786.0
int__tai20_15_05,1339,380,1501.0,1708.0
int__tai20_15_05,1339,381,1603.0,1823.0
int__tai20_15_05,1339,382,1642.0,1901.0
int__tai20_15_05,1339,383,1548.0,1772.0
int__tai20_15_05,1339,384,1557.0,1747.0
int__tai20_15_05,1339,385,1646.0,1891.0
int__tai20_15_05,1339,386,1592.0,1785.0
int__tai20_15_05,1339,387,1489.0,1700.0
int__tai20_15_05,1339,388,1557.0,1800.0
int__tai20_15_05,1339,389,1507.0,1730.0
int__tai20_15_05,1339,390,1649.0,1868.0
int__tai20_15_05,1339,391,1619.0,1817.0
int__tai20_15_05,1339,392,1552.0,1819.0
int__tai20_15_05,1339,393,1690.0,1930.0
int__tai20_15_05,1339,394,1489.0,1750.0
int__tai20_15_05,1339,395,1495.0,1746.0
int__tai20_15_05,1339,396,1523.0,1742.0
int__tai20_15_05,1339,397,1624.0,1887.0
int__tai20_15_05,1339,398,1541.0,1743.0
int__tai20_15_05,1339,399,1512.0,1757.0
int__tai20_15_05,1339,400,1541.0,1758.0
int__tai20_15_05,1339,401,1557.0,1756.0
int__tai20_15_05,1339,402,1548.0,1794.0
int__tai20_15_05,1339,403,1578.0,1800.0
int__tai20_15_05,1339,404,1572.0,1819.0
int__tai20_15_05,1339,405,1539.0,1741.0
int__tai20_15_05,1339,406,1665.0,1900.0
int__tai20_15_05,1339,407,1605.0,1821.0
int__tai20_15_05,1339,408,1599.0,1809.0
int__tai20_15_05,1339,409,1590.0,1819.0
int__tai20_15_05,1339,410,1583.0,1817.0
int__tai20_15_05,1339,411,1475.0,1696.0
int__tai20_15_05,1339,412,1585.0,1781.0
int__tai20_15_05,1339,413,1576.0,1794.0
int__tai20_15_05,1339,414,1547.0,1793.0
int__tai20_15_05,1339,415,1519.0,1751.0
int__tai20_15_05,1339,416,1537.0,1746.0
int__tai20_15_05,1339,417,1537.0,1797.0
int__tai20_15_05,1339,418,1610.0,1805.0
int__tai20_15_05,1339,419,1479.0,1693.0
int__tai20_15_05,1339,420,1552.0,1759.0
int__tai20_15_05,1339,421,1635.0,1853.0
int__tai20_15_05,1339,422,1543.0,1773.0
int__tai20_15_05,1339,423,1526.0,1751.0
int__tai20_15_05,1339,424,1530.0,1737.0
int__tai20_15_05,1339,425,1512.0,1703.0
int__tai20_15_05,1339,426,1499.0,1708.0
int__tai20_15_05,1339,427,1585.0,1799.0
int__tai20_15_05,1339,428,1531.0,1779.0
int__tai20_15_05,1339,429,1608.0,1823.0
int__tai20_15_05,1339,430,1563.0,1792.0
int__tai20_15_05,1339,431,1512.0,1758.0
int__tai20_15_05,1339,432,1686.0,1937.0
int__tai20_15_05,1339,433,1655.0,1877.0
int__tai20_15_05,1339,434,1613.0,1841.0
int__tai20_15_05,1339,435,1612.0,1865.0
int__tai20_15_05,1339,436,1759.0,2014.0
int__tai20_15_05,1339,437,1530.0,1749.0
int__tai20_15_05,1339,438,1571.0,1828.0
int__tai20_15_05,1339,439,1511.0,1714.0
int__tai20_15_05,1339,440,1578.0,1804.0
int__tai20_15_05,1339,441,1521.0,1735.0
int__tai20_15_05,1339,442,1506.0,1720.0
int__tai20_15_05,1339,443,1473.0,1712.0
int__tai20_15_05,1339,444,1608.0,1860.0
int__tai20_15_05,1339,445,1567.0,1795.0
int__tai20_15_05,1339,446,1597.0,1809.0
int__tai20_15_05,1339,447,1600.0,1791.0
int__tai20_15_05,1339,448,1590.0,1786.0
int__tai20_15_05,1339,449,1657.0,1883.0
int__tai20_15_05,1339,450,1572.0,1796.0
int__tai20_15_05,1339,451,1511.0,1727.0
int__tai20_15_05,1339,452,1553.0,1762.0
int__tai20_15_05,1339,453,1551.0,1783.0
int__tai20_15_05,1339,454,1548.0,1761.0
int__tai20_15_05,1339,455,1572.0,1765.0
int__tai20_15_05,1339,456,1564.0,1769.0
int__tai20_15_05,1339,457,1565.0,1760.0
int__tai20_15_05,1339,458,1614.0,1824.0
int__tai20_15_05,1339,459,1535.0,1774.0
int__tai20_15_05,1339,460,1497.0,1700.0
int__tai20_15_05,1339,461,1513.0,1738.0
int__tai20_15_05,1339,462,1553.0,1793.0
int__tai20_15_05,1339,463,1586.0,1821.0
int__tai20_15_05,1339,464,1547.0,1774.0
int__tai20_15_05,1339,465,1534.0,1737.0
int__tai20_15_05,1339,466,1592.0,1862.0
int__tai20_15_05,1339,467,1571.0,1792.0
int__tai20_15_05,1339,468,1548.0,1754.0
int__tai20_15_05,1339,469,1528.0,1782.0
int__tai20_15_05,1339,470,1608.0,1824.0
int__tai20_15_05,1339,471,1489.0,1715.0
int__tai20_15_05,1339,472,1533.0,1750.0
int__tai20_15_05,1339,473,1601.0,1785.0
int__tai20_15_05,1339,474,1581.0,1805.0
int__tai20_15_05,1339,475,1550.0,1762.0
int__tai20_15_05,1339,476,1570.0,1800.0
int__tai20_15_05,1339,477,1553.0,1775.0
int__tai20_15_05,1339,478,1513.0,1711.0
int__tai20_15_05,1339,479,1590.0,1822.0
int__tai20_15_05,1339,480,1516.0,1706.0
int__tai20_15_05,1339,481,1530.0,1759.0
int__tai20_15_05,1339,482,1513.0,1741.0
int__tai20_15_05,1339,483,1583.0,1805.0
int__tai20_15_05,1339,484,1617.0,1835.0
int__tai20_15_05,1339,485,1514.0,1745.0
int__tai20_15_05,1339,486,1519.0,1743.0
int__tai20_15_05,1339,487,1612.0,1836.0
int__tai20_15_05,1339,488,1482.0,1674.0
int__tai20_15_05,1339,489,1585.0,1823.0
int__tai20_15_05,1339,490,1502.0,1700.0
int__tai20_15_05,1339,491,1567.0,1781.0
int__tai20_15_05,1339,492,1559.0,1789.0
int__tai20_15_05,1339,493,1521.0,1743.0
int__tai20_15_05,1339,494,1544.0,1731.0
int__tai20_15_05,1339,495,1524.0,1743.0
int__tai20_15_05,1339,496,1483.0,1699.0
int__tai20_15_05,1339,497,1566.0,1809.0
int__tai20_15_05,1339,498,1567.0,1778.0
int__tai20_15_05,1339,499,1497.0,1695.0
int__tai20_15_05,1339,500,1556.0,1797.0
int__tai20_15_05,1339,501,1604.0,1804.0
int__tai20_15_05,1339,502,1490.0,1698.0
int__tai20_15_05,1339,503,1491.0,1726.0
int__tai20_15_05,1339,504,1538.0,1782.0
int__tai20_15_05,1339,505,1560.0,1733.0
int__tai20_15_05,1339,506,1571.0,1778.0
int__tai20_15_05,1339,507,1538.0,1736.0
int__tai20_15_05,1339,508,1611.0,1848.0
int__tai20_15_05,1339,509,1477.0,1693.0
int__tai20_15_05,1339,510,1537.0,1748.0
int__tai20_15_05,1339,511,1573.0,1792.0
int__tai20_15_05,1339,512,1522.0,1741.0
int__tai20_15_05,1339,513,1710.0,1938.0
int__tai20_15_05,1339,514,1567.0,1786.0
int__tai20_15_05,1339,515,1605.0,1850.0
int__tai20_15_05,1339,516,1543.0,1803.0
int__tai20_15_05,1339,517,1559.0,1798.0
int__tai20_15_05,1339,518,1564.0,1742.0
int__tai20_15_05,1339,519,1634.0,1878.0
int__tai20_15_05,1339,520,1573.0,1780.0
int__tai20_15_05,1339,521,1609.0,1815.0
int__tai20_15_05,1339,522,1578.0,1786.0
int__tai20_15_05,1339,523,1579.0,1805.0
int__tai20_15_05,1339,524,1626.0,1873.0
int__tai20_15_05,1339,525,1533.0,1761.0
int__tai20_15_05,1339,526,1519.0,1739.0
int__tai20_15_05,1339,527,1568.0,1792.0
int__tai20_15_05,1339,528,1510.0,1727.0
int__tai20_15_05,1339,529,1617.0,1917.0
int__tai20_15_05,1339,530,1636.0,1867.0
int__tai20_15_05,1339,531,1619.0,1822.0
int__tai20_15_05,1339,532,1542.0,1776.0
int__tai20_15_05,1339,533,1508.0,1734.0
int__tai20_15_05,1339,534,1551.0,1768.0
int__tai20_15_05,1339,535,1605.0,1866.0
int__tai20_15_05,1339,536,1532.0,1750.0
int__tai20_15_05,1339,537,1639.0,1833.0
int__tai20_15_05,1339,538,1558.0,1812.0
int__tai20_15_05,1339,539,1529.0,1744.0
int__tai20_15_05,1339,540,1513.0,1776.0
int__tai20_15_05,1339,541,1511.0,1700.0
int__tai20_15_05,1339,542,1494.0,1709.0
int__tai20_15_05,1339,543,1523.0,1761.0
int__tai20_15_05,1339,544,1536.0,1731.0
int__tai20_15_05,1339,545,1514.0,1716.0
int__tai20_15_05,1339,546,1544.0,1759.0
int__tai20_15_05,1339,547,1652.0,1835.0
int__tai20_15_05,1339,548,1597.0,1778.0
int__tai20_15_05,1339,549,1494.0,1712.0
int__tai20_15_05,1339,550,1624.0,1848.0
int__tai20_15_05,1339,551,1482.0,1694.0
int__tai20_15_05,1339,552,1597.0,1767.0
int__tai20_15_05,1339,553,1540.0,1743.0
int__tai20_15_05,1339,554,1533.0,1766.0
int__tai20_15_05,1339,555,1636.0,1865.0
int__tai20_15_05,1339,556,1470.0,1703.0
int__tai20_15_05,1339,557,1632.0,1897.0
int__tai20_15_05,1339,558,1568.0,1760.0
int__tai20_15_05,1339,559,1567.0,1821.0
int__tai20_15_05,1339,560,1572.0,1773.0
int__tai20_15_05,1339,561,1592.0,1843.0
int__tai20_15_05,1339,562,1539.0,1776.0
int__tai20_15_05,1339,563,1568.0,1785.0
int__tai20_15_05,1339,564,1630.0,1850.0
int__tai20_15_05,1339,565,1579.0,1810.0
int__tai20_15_05,1339,566,1509.0,1692.0
int__tai20_15_05,1339,567,1592.0,1817.0
int__tai20_15_05,1339,568,1507.0,1760.0
int__tai20_15_05,1339,569,1610.0,1859.0
int__tai20_15_05,1339,570,1615.0,1835.0
int__tai20_15_05,1339,571,1550.0,1754.0
int__tai20_15_05,1339,572,1496.0,1758.0
int__tai20_15_05,1339,573,1563.0,1816.0
int__tai20_15_05,1339,574,1560.0,1798.0
int__tai20_15_05,1339,575,1536.0,1745.0
int__tai20_15_05,1339,576,1512.0,1792.0
int__tai20_15_05,1339,577,1572.0,1806.0
int__tai20_15_05,1339,578,1542.0,1749.0
int__tai20_15_05,1339,579,1510.0,1726.0
int__tai20_15_05,1339,580,1525.0,1761.0
int__tai20_15_05,1339,581,1525.0,1751.0
int__tai20_15_05,1339,582,1612.0,1831.0
int__tai20_15_05,1339,583,1508.0,1743.0
int__tai20_15_05,1339,584,1514.0,1746.0
int__tai20_15_05,1339,585,1480.0,1737.0
int__tai20_15_05,1339,586,1548.0,1765.0
int__tai20_15_05,1339,587,1597.0,1832.0
int__tai20_15_05,1339,588,1552.0,1800.0
int__tai20_15_05,1339,589,1574.0,1786.0
int__tai20_15_05,1339,590,1573.0,1790.0
int__tai20_15_05,1339,591,1530.0,1777.0
int__tai20_15_05,1339,592,1557.0,1767.0
int__tai20_15_05,1339,593,1571.0,1800.0
int__tai20_15_05,1339,594,1565.0,1773.0
int__tai20_15_05,1339,595,1677.0,1946.0
int__tai20_15_05,1339,596,1498.0,1723.0
int__tai20_15_05,1339,597,1530.0,1736.0
int__tai20_15_05,1339,598,1594.0,1779.0
int__tai20_15_05,1339,599,1560.0,1758.0
int__tai20_15_05,1339,600,1583.0,1842.0
int__tai20_15_05,1339,601,1565.0,1781.0
int__tai20_15_05,1339,602,1548.0,1802.0
int__tai20_15_05,1339,603,1566.0,1806.0
int__tai20_15_05,1339,604,1605.0,1838.0
int__tai20_15_05,1339,605,1536.0,1786.0
int__tai20_15_05,1339,606,1509.0,1724.0
int__tai20_15_05,1339,607,1575.0,1810.0
int__tai20_15_05,1339,608,1553.0,1779.0
int__tai20_15_05,1339,609,1527.0,1717.0
int__tai20_15_05,1339,610,1565.0,1763.0
int__tai20_15_05,1339,611,1552.0,1755.0
int__tai20_15_05,1339,612,1569.0,1754.0
int__tai20_15_05,1339,613,1554.0,1778.0
int__tai20_15_05,1339,614,1588.0,1804.0
int__tai20_15_05,1339,615,1509.0,1722.0
int__tai20_15_05,1339,616,1548.0,1768.0
int__tai20_15_05,1339,617,1500.0,1708.0
int__tai20_15_05,1339,618,1572.0,1790.0
int__tai20_15_05,1339,619,1499.0,1748.0
int__tai20_15_05,1339,620,1553.0,1780.0
int__tai20_15_05,1339,621,1467.0,1646.0
int__tai20_15_05,1339,622,1484.0,1679.0
int__tai20_15_05,1339,623,1584.0,1772.0
int__tai20_15_05,1339,624,1632.0,1875.0
int__tai20_15_05,1339,625,1505.0,1723.0
int__tai20_15_05,1339,626,1530.0,1751.0
int__tai20_15_05,1339,627,1587.0,1867.0
int__tai20_15_05,1339,628,1515.0,1736.0
int__tai20_15_05,1339,629,1462.0,1678.0
int__tai20_15_05,1339,630,1598.0,1832.0
int__tai20_15_05,1339,631,1470.0,1684.0
int__tai20_15_05,1339,632,1613.0,1828.0
int__tai20_15_05,1339,633,1553.0,1797.0
int__tai20_15_05,1339,634,1498.0,1721.0
int__tai20_15_05,1339,635,1615.0,1849.0
int__tai20_15_05,1339,636,1622.0,1855.0
int__tai20_15_05,1339,637,1475.0,1700.0
int__tai20_15_05,1339,638,1540.0,1751.0
int__tai20_15_05,1339,639,1442.0,1655.0
int__tai20_15_05,1339,640,1463.0,1693.0
int__tai20_15_05,1339,641,1585.0,1809.0
int__tai20_15_05,1339,642,1562.0,1761.0
int__tai20_15_05,1339,643,1562.0,1777.0
int__tai20_15_05,1339,644,1476.0,1669.0
int__tai20_15_05,1339,645,1538.0,1751.0
int__tai20_15_05,1339,646,1584.0,1838.0
int__tai20_15_05,1339,647,1496.0,1725.0
int__tai20_15_05,1339,648,1617.0,1873.0
int__tai20_15_05,1339,649,1524.0,1755.0
int__tai20_15_05,1339,650,1560.0,1762.0
int__tai20_15_05,1339,651,1542.0,1778.0
int__tai20_15_05,1339,652,1517.0,1745.0
int__tai20_15_05,1339,653,1554.0,1791.0
int__tai20_15_05,1339,654,1567.0,1810.0
int__tai20_15_05,1339,655,1581.0,1818.0
int__tai20_15_05,1339,656,1598.0,1809.0
int__tai20_15_05,1339,657,1543.0,1741.0
int__tai20_15_05,1339,658,1538.0,1762.0
int__tai20_15_05,1339,659,1515.0,1730.0
int__tai20_15_05,1339,660,1524.0,1728.0
int__tai20_15_05,1339,661,1611.0,1844.0
int__tai20_15_05,1339,662,1488.0,1702.0
int__tai20_15_05,1339,663,1529.0,1726.0
int__tai20_15_05,1339,664,1666.0,1871.0
int__tai20_15_05,1339,665,1541.0,1750.0
int__tai20_15_05,1339,666,1511.0,1746.0
int__tai20_15_05,1339,667,1488.0,1714.0
int__tai20_15_05,1339,668,1532.0,1784.0
int__tai20_15_05,1339,669,1599.0,1808.0
int__tai20_15_05,1339,670,1499.0,1715.0
int__tai20_15_05,1339,671,1563.0,1814.0
int__tai20_15_05,1339,672,1653.0,1841.0
int__tai20_15_05,1339,673,1607.0,1815.0
int__tai20_15_05,1339,674,1498.0,1706.0
int__tai20_15_05,1339,675,1581.0,1791.0
int__tai20_15_05,1339,676,1568.0,1752.0
int__tai20_15_05,1339,677,1581.0,1801.0
int__tai20_15_05,1339,678,1576.0,1761.0
int__tai20_15_05,1339,679,1551.0,1753.0
int__tai20_15_05,1339,680,1616.0,1851.0
int__tai20_15_05,1339,681,1489.0,1695.0
int__tai20_15_05,1339,682,1622.0,1866.0
int__tai20_15_05,1339,683,1571.0,1755.0
int__tai20_15_05,1339,684,1442.0,1686.0
int__tai20_15_05,1339,685,1632.0,1900.0
int__tai20_15_05,1339,686,1502.0,1720.0
int__tai20_15_05,1339,687,1539.0,1756.0
int__tai20_15_05,1339,688,1594.0,1824.0
int__tai20_15_05,1339,689,1609.0,1857.0
int__tai20_15_05,1339,690,1525.0,1740.0
int__tai20_15_05,1339,691,1628.0,1824.0
int__tai20_15_05,1339,692,1497.0,1723.0
int__tai20_15_05,1339,693,1584.0,1766.0
int__tai20_15_05,1339,694,1641.0,1878.0
int__tai20_15_05,1339,695,1619.0,1805.0
int__tai20_15_05,1339,696,1481.0,1702.0
int__tai20_15_05,1339,697,1527.0,1728.0
int__tai20_15_05,1339,698,1662.0,1923.0
int__tai20_15_05,1339,699,1487.0,1731.0
int__tai20_15_05,1339,700,1519.0,1709.0
int__tai20_15_05,1339,701,1520.0,1732.0
int__tai20_15_05,1339,702,1529.0,1738.0
int__tai20_15_05,1339,703,1604.0,1824.0
int__tai20_15_05,1339,704,1552.0,1765.0
int__tai20_15_05,1339,705,1519.0,1723.0
int__tai20_15_05,1339,706,1525.0,1749.0
int__tai20_15_05,1339,707,1601.0,1825.0
int__tai20_15_05,1339,708,1523.0,1747.0
int__tai20_15_05,1339,709,1528.0,1783.0
int__tai20_15_05,1339,710,1509.0,1741.0
int__tai20_15_05,1339,711,1545.0,1786.0
int__tai20_15_05,1339,712,1524.0,1787.0
int__tai20_15_05,1339,713,1456.0,1727.0
int__tai20_15_05,1339,714,1618.0,1832.0
int__tai20_15_05,1339,715,1547.0,1765.0
int__tai20_15_05,1339,716,1544.0,1772.0
int__tai20_15_05,1339,717,1549.0,1787.0
int__tai20_15_05,1339,718,1552.0,1722.0
int__tai20_15_05,1339,719,1548.0,1730.0
int__tai20_15_05,1339,720,1540.0,1772.0
int__tai20_15_05,1339,721,1547.0,1765.0
int__tai20_15_05,1339,722,1515.0,1715.0
int__tai20_15_05,1339,723,1493.0,1733.0
int__tai20_15_05,1339,724,1519.0,1747.0
int__tai20_15_05,1339,725,1642.0,1849.0
int__tai20_15_05,1339,726,1546.0,1735.0
int__tai20_15_05,1339,727,1541.0,1812.0
int__tai20_15_05,1339,728,1590.0,1805.0
int__tai20_15_05,1339,729,1501.0,1731.0
int__tai20_15_05,1339,730,1537.0,1765.0
int__tai20_15_05,1339,731,1582.0,1799.0
int__tai20_15_05,1339,732,1497.0,1757.0
int__tai20_15_05,1339,733,1607.0,1826.0
int__tai20_15_05,1339,734,1553.0,1783.0
int__tai20_15_05,1339,735,1564.0,1796.0
int__tai20_15_05,1339,736,1516.0,1760.0
int__tai20_15_05,1339,737,1552.0,1776.0
int__tai20_15_05,1339,738,1540.0,1750.0
int__tai20_15_05,1339,739,1590.0,1843.0
int__tai20_15_05,1339,740,1552.0,1769.0
int__tai20_15_05,1339,741,1642.0,1848.0
int__tai20_15_05,1339,742,1552.0,1774.0
int__tai20_15_05,1339,743,1500.0,1703.0
int__tai20_15_05,1339,744,1506.0,1738.0
int__tai20_15_05,1339,745,1493.0,1685.0
int__tai20_15_05,1339,746,1691.0,1995.0
int__tai20_15_05,1339,747,1552.0,1757.0
int__tai20_15_05,1339,748,1616.0,1844.0
int__tai20_15_05,1339,749,1581.0,1794.0
int__tai20_15_05,1339,750,1595.0,1841.0
int__tai20_15_05,1339,751,1600.0,1838.0
int__tai20_15_05,1339,752,1503.0,1731.0
int__tai20_15_05,1339,753,1504.0,1734.0
int__tai20_15_05,1339,754,1501.0,1770.0
int__tai20_15_05,1339,755,1684.0,1940.0
int__tai20_15_05,1339,756,1483.0,1684.0
int__tai20_15_05,1339,757,1566.0,1798.0
int__tai20_15_05,1339,758,1561.0,1799.0
int__tai20_15_05,1339,759,1576.0,1828.0
int__tai20_15_05,1339,760,1541.0,1787.0
int__tai20_15_05,1339,761,1583.0,1794.0
int__tai20_15_05,1339,762,1574.0,1806.0
int__tai20_15_05,1339,763,1526.0,1728.0
int__tai20_15_05,1339,764,1531.0,1785.0
int__tai20_15_05,1339,765,1615.0,1873.0
int__tai20_15_05,1339,766,1629.0,1844.0
int__tai20_15_05,1339,767,1519.0,1752.0
int__tai20_15_05,1339,768,1627.0,1863.0
int__tai20_15_05,1339,769,1529.0,1730.0
int__tai20_15_05,1339,770,1653.0,1927.0
int__tai20_15_05,1339,771,1548.0,1740.0
int__tai20_15_05,1339,772,1561.0,1788.0
int__tai20_15_05,1339,773,1720.0,1961.0
int__tai20_15_05,1339,774,1457.0,1665.0
int__tai20_15_05,1339,775,1583.0,1812.0
int__tai20_15_05,1339,776,1610.0,1846.0
int__tai20_15_05,1339,777,1534.0,1787.0
int__tai20_15_05,1339,778,1543.0,1739.0
int__tai20_15_05,1339,779,1523.0,1756.0
int__tai20_15_05,1339,780,1548.0,1743.0
int__tai20_15_05,1339,781,1509.0,1743.0
int__tai20_15_05,1339,782,1604.0,1830.0
int__tai20_15_05,1339,783,1514.0,1777.0
int__tai20_15_05,1339,784,1540.0,1796.0
int__tai20_15_05,1339,785,1544.0,1758.0
int__tai20_15_05,1339,786,1519.0,1750.0
int__tai20_15_05,1339,787,1514.0,1729.0
int__tai20_15_05,1339,788,1567.0,1781.0
int__tai20_15_05,1339,789,1563.0,1780.0
int__tai20_15_05,1339,790,1591.0,1859.0
int__tai20_15_05,1339,791,1500.0,1745.0
int__tai20_15_05,1339,792,1615.0,1886.0
int__tai20_15_05,1339,793,1548.0,1763.0
int__tai20_15_05,1339,794,1632.0,1883.0
int__tai20_15_05,1339,795,1493.0,1733.0
int__tai20_15_05,1339,796,1588.0,1818.0
int__tai20_15_05,1339,797,1546.0,1785.0
int__tai20_15_05,1339,798,1614.0,1857.0
int__tai20_15_05,1339,799,1535.0,1760.0
int__tai20_15_05,1339,800,1585.0,1772.0
int__tai20_15_05,1339,801,1519.0,1727.0
int__tai20_15_05,1339,802,1603.0,1823.0
int__tai20_15_05,1339,803,1570.0,1794.0
int__tai20_15_05,1339,804,1531.0,1751.0
int__tai20_15_05,1339,805,1548.0,1755.0
int__tai20_15_05,1339,806,1657.0,1889.0
int__tai20_15_05,1339,807,1531.0,1758.0
int__tai20_15_05,1339,808,1546.0,1781.0
int__tai20_15_05,1339,809,1719.0,1926.0
int__tai20_15_05,1339,810,1655.0,1875.0
int__tai20_15_05,1339,811,1489.0,1753.0
int__tai20_15_05,1339,812,1572.0,1778.0
int__tai20_15_05,1339,813,1570.0,1797.0
int__tai20_15_05,1339,814,1556.0,1749.0
int__tai20_15_05,1339,815,1542.0,1762.0
int__tai20_15_05,1339,816,1555.0,1757.0
int__tai20_15_05,1339,817,1568.0,1750.0
int__tai20_15_05,1339,818,1547.0,1802.0
int__tai20_15_05,1339,819,1524.0,1743.0
int__tai20_15_05,1339,820,1616.0,1858.0
int__tai20_15_05,1339,821,1540.0,1772.0
int__tai20_15_05,1339,822,1535.0,1780.0
int__tai20_15_05,1339,823,1570.0,1775.0
int__tai20_15_05,1339,824,1518.0,1737.0
int__tai20_15_05,1339,825,1520.0,1761.0
int__tai20_15_05,1339,826,1517.0,1763.0
int__tai20_15_05,1339,827,1535.0,1752.0
int__tai20_15_05,1339,828,1481.0,1682.0
int__tai20_15_05,1339,829,1579.0,1833.0
int__tai20_15_05,1339,830,1512.0,1718.0
int__tai20_15_05,1339,831,1528.0,1797.0
int__tai20_15_05,1339,832,1495.0,1699.0
int__tai20_15_05,1339,833,1634.0,1891.0
int__tai20_15_05,1339,834,1536.0,1795.0
int__tai20_15_05,1339,835,1534.0,1745.0
int__tai20_15_05,1339,836,1552.0,1748.0
int__tai20_15_05,1339,837,1584.0,1795.0
int__tai20_15_05,1339,838,1514.0,1736.0
int__tai20_15_05,1339,839,1577.0,1784.0
int__tai20_15_05,1339,840,1516.0,1772.0
int__tai20_15_05,1339,841,1512.0,1726.0
int__tai20_15_05,1339,842,1566.0,1750.0
int__tai20_15_05,1339,843,1608.0,1872.0
int__tai20_15_05,1339,844,1468.0,1663.0
int__tai20_15_05,1339,845,1529.0,1769.0
int__tai20_15_05,1339,846,1578.0,1766.0
int__tai20_15_05,1339,847,1490.0,1738.0
int__tai20_15_05,1339,848,1652.0,1915.0
int__tai20_15_05,1339,849,1555.0,1780.0
int__tai20_15_05,1339,850,1528.0,1719.0
int__tai20_15_05,1339,851,1621.0,1801.0
int__tai20_15_05,1339,852,1529.0,1744.0
int__tai20_15_05,1339,853,1626.0,1823.0
int__tai20_15_05,1339,854,1619.0,1827.0
int__tai20_15_05,1339,855,1531.0,1736.0
int__tai20_15_05,1339,856,1539.0,1752.0
int__tai20_15_05,1339,857,1478.0,1691.0
int__tai20_15_05,1339,858,1575.0,1734.0
int__tai20_15_05,1339,859,1590.0,1821.0
int__tai20_15_05,1339,860,1493.0,1722.0
int__tai20_15_05,1339,861,1495.0,1709.0
int__tai20_15_05,1339,862,1495.0,1701.0
int__tai20_15_05,1339,863,1521.0,1765.0
int__tai20_15_05,1339,864,1488.0,1705.0
int__tai20_15_05,1339,865,1500.0,1721.0
int__tai20_15_05,1339,866,1579.0,1821.0
int__tai20_15_05,1339,867,1543.0,1772.0
int__tai20_15_05,1339,868,1511.0,1759.0
int__tai20_15_05,1339,869,1515.0,1749.0
int__tai20_15_05,1339,870,1562.0,1780.0
int__tai20_15_05,1339,871,1552.0,1768.0
int__tai20_15_05,1339,872,1629.0,1860.0
int__tai20_15_05,1339,873,1506.0,1693.0
int__tai20_15_05,1339,874,1512.0,1727.0
int__tai20_15_05,1339,875,1563.0,1737.0
int__tai20_15_05,1339,876,1602.0,1863.0
int__tai20_15_05,1339,877,1543.0,1732.0
int__tai20_15_05,1339,878,1580.0,1832.0
int__tai20_15_05,1339,879,1577.0,1794.0
int__tai20_15_05,1339,880,1505.0,1730.0
int__tai20_15_05,1339,881,1679.0,1886.0
int__tai20_15_05,1339,882,1512.0,1730.0
int__tai20_15_05,1339,883,1467.0,1664.0
int__tai20_15_05,1339,884,1503.0,1721.0
int__tai20_15_05,1339,885,1492.0,1741.0
int__tai20_15_05,1339,886,1565.0,1802.0
int__tai20_15_05,1339,887,1569.0,1838.0
int__tai20_15_05,1339,888,1582.0,1776.0
int__tai20_15_05,1339,889,1506.0,1725.0
int__tai20_15_05,1339,890,1579.0,1783.0
int__tai20_15_05,1339,891,1595.0,1804.0
int__tai20_15_05,1339,892,1528.0,1729.0
int__tai20_15_05,1339,893,1565.0,1785.0
int__tai20_15_05,1339,894,1533.0,1782.0
int__tai20_15_05,1339,895,1515.0,1747.0
int__tai20_15_05,1339,896,1546.0,1752.0
int__tai20_15_05,1339,897,1598.0,1824.0
int__tai20_15_05,1339,898,1578.0,1768.0
int__tai20_15_05,1339,899,1529.0,1727.0
int__tai20_15_05,1339,900,1605.0,1842.0
int__tai20_15_05,1339,901,1576.0,1801.0
int__tai20_15_05,1339,902,1584.0,1805.0
int__tai20_15_05,1339,903,1561.0,1796.0
int__tai20_15_05,1339,904,1577.0,1793.0
int__tai20_15_05,1339,905,1534.0,1761.0
int__tai20_15_05,1339,906,1577.0,1848.0
int__tai20_15_05,1339,907,1540.0,1731.0
int__tai20_15_05,1339,908,1556.0,1806.0
int__tai20_15_05,1339,909,1554.0,1779.0
int__tai20_15_05,1339,910,1563.0,1785.0
int__tai20_15_05,1339,911,1484.0,1741.0
int__tai20_15_05,1339,912,1512.0,1704.0
int__tai20_15_05,1339,913,1553.0,1776.0
int__tai20_15_05,1339,914,1628.0,1876.0
int__tai20_15_05,1339,915,1566.0,1779.0
int__tai20_15_05,1339,916,1556.0,1775.0
int__tai20_15_05,1339,917,1628.0,1834.0
int__tai20_15_05,1339,918,1548.0,1797.0
int__tai20_15_05,1339,919,1633.0,1866.0
int__tai20_15_05,1339,920,1568.0,1752.0
int__tai20_15_05,1339,921,1565.0,1798.0
int__tai20_15_05,1339,922,1572.0,1841.0
int__tai20_15_05,1339,923,1549.0,1775.0
int__tai20_15_05,1339,924,1492.0,1729.0
int__tai20_15_05,1339,925,1511.0,1702.0
int__tai20_15_05,1339,926,1555.0,1778.0
int__tai20_15_05,1339,927,1567.0,1764.0
int__tai20_15_05,1339,928,1703.0,1937.0
int__tai20_15_05,1339,929,1619.0,1867.0
int__tai20_15_05,1339,930,1645.0,1899.0
int__tai20_15_05,1339,931,1500.0,1742.0
int__tai20_15_05,1339,932,1549.0,1741.0
int__tai20_15_05,1339,933,1629.0,1847.0
int__tai20_15_05,1339,934,1469.0,1718.0
int__tai20_15_05,1339,935,1602.0,1825.0
int__tai20_15_05,1339,936,1572.0,1791.0
int__tai20_15_05,1339,937,1491.0,1719.0
int__tai20_15_05,1339,938,1537.0,1761.0
int__tai20_15_05,1339,939,1550.0,1772.0
int__tai20_15_05,1339,940,1573.0,1763.0
int__tai20_15_05,1339,941,1505.0,1710.0
int__tai20_15_05,1339,942,1512.0,1703.0
int__tai20_15_05,1339,943,1569.0,1790.0
int__tai20_15_05,1339,944,1576.0,1829.0
int__tai20_15_05,1339,945,1526.0,1740.0
int__tai20_15_05,1339,946,1547.0,1758.0
int__tai20_15_05,1339,947,1627.0,1873.0
int__tai20_15_05,1339,948,1559.0,1770.0
int__tai20_15_05,1339,949,1658.0,1910.0
int__tai20_15_05,1339,950,1513.0,1780.0
int__tai20_15_05,1339,951,1541.0,1761.0
int__tai20_15_05,1339,952,1535.0,1797.0
int__tai20_15_05,1339,953,1497.0,1727.0
int__tai20_15_05,1339,954,1492.0,1701.0
int__tai20_15_05,1339,955,1562.0,1813.0
int__tai20_15_05,1339,956,1565.0,1809.0
int__tai20_15_05,1339,957,1588.0,1819.0
int__tai20_15_05,1339,958,1543.0,1752.0
int__tai20_15_05,1339,959,1628.0,1831.0
int__tai20_15_05,1339,960,1553.0,1786.0
int__tai20_15_05,1339,961,1534.0,1772.0
int__tai20_15_05,1339,962,1560.0,1781.0
int__tai20_15_05,1339,963,1496.0,1706.0
int__tai20_15_05,1339,964,1537.0,1785.0
int__tai20_15_05,1339,965,1483.0,1695.0
int__tai20_15_05,1339,966,1535.0,1713.0
int__tai20_15_05,1339,967,1507.0,1730.0
int__tai20_15_05,1339,968,1569.0,1771.0
int__tai20_15_05,1339,969,1572.0,1774.0
int__tai20_15_05,1339,970,1560.0,1818.0
int__tai20_15_05,1339,971,1524.0,1746.0
int__tai20_15_05,1339,972,1554.0,1768.0
int__tai20_15_05,1339,973,1572.0,1761.0
int__tai20_15_05,1339,974,1557.0,1808.0
int__tai20_15_05,1339,975,1576.0,1859.0
int__tai20_15_05,1339,976,1530.0,1765.0
int__tai20_15_05,1339,977,1536.0,1750.0
int__tai20_15_05,1339,978,1456.0,1698.0
int__tai20_15_05,1339,979,1591.0,1886.0
int__tai20_15_05,1339,980,1537.0,1729.0
int__tai20_15_05,1339,981,1533.0,1750.0
int__tai20_15_05,1339,982,1504.0,1712.0
int__tai20_15_05,1339,983,1528.0,1719.0
int__tai20_15_05,1339,984,1549.0,1744.0
int__tai20_15_05,1339,985,1512.0,1703.0
int__tai20_15_05,1339,986,1674.0,1896.0
int__tai20_15_05,1339,987,1519.0,1723.0
int__tai20_15_05,1339,988,1502.0,1712.0
int__tai20_15_05,1339,989,1510.0,1725.0
int__tai20_15_05,1339,990,1588.0,1815.0
int__tai20_15_05,1339,991,1565.0,1786.0
int__tai20_15_05,1339,992,1506.0,1708.0
int__tai20_15_05,1339,993,1546.0,1789.0
int__tai20_15_05,1339,994,1580.0,1787.0
int__tai20_15_05,1339,995,1515.0,1762.0
int__tai20_15_05,1339,996,1483.0,1748.0
int__tai20_15_05,1339,997,1585.0,1811.0
int__tai20_15_05,1339,998,1471.0,1688.0
int__tai20_15_05,1339,999,1525.0,1735.0
int__tai20_15_05,1339,1000,1658.0,1869.0
int__tai20_15_05,1339,1001,1568.0,1798.0
int__tai20_15_05,1339,1002,1539.0,1761.0
int__tai20_15_05,1339,1003,1547.0,1761.0
int__tai20_15_05,1339,1004,1598.0,1794.0
int__tai20_15_05,1339,1005,1534.0,1763.0
int__tai20_15_05,1339,1006,1476.0,1713.0
int__tai20_15_05,1339,1007,1578.0,1809.0
int__tai20_15_05,1339,1008,1473.0,1702.0
int__tai20_15_05,1339,1009,1633.0,1908.0
int__tai20_15_05,1339,1010,1603.0,1831.0
int__tai20_15_05,1339,1011,1506.0,1720.0
int__tai20_15_05,1339,1012,1494.0,1748.0
int__tai20_15_05,1339,1013,1537.0,1805.0
int__tai20_15_05,1339,1014,1587.0,1793.0
int__tai20_15_05,1339,1015,1541.0,1798.0
int__tai20_15_05,1339,1016,1591.0,1781.0
int__tai20_15_05,1339,1017,1591.0,1828.0
int__tai20_15_05,1339,1018,1573.0,1791.0
int__tai20_15_05,1339,1019,1557.0,1768.0
int__tai20_15_05,1339,1020,1600.0,1801.0
int__tai20_15_05,1339,1021,1609.0,1772.0
int__tai20_15_05,1339,1022,1560.0,1799.0
int__tai20_15_05,1339,1023,1549.0,1743.0
int__tai20_20_01,1642,0,1872.0,2076.0
int__tai20_20_01,1642,1,1870.0,2109.0
int__tai20_20_01,1642,2,1851.0,2084.0
int__tai20_20_01,1642,3,1911.0,2149.0
int__tai20_20_01,1642,4,1838.0,2060.0
int__tai20_20_01,1642,5,1789.0,2013.0
int__tai20_20_01,1642,6,1895.0,2153.0
int__tai20_20_01,1642,7,1879.0,2111.0
int__tai20_20_01,1642,8,1887.0,2144.0
int__tai20_20_01,1642,9,1874.0,2128.0
int__tai20_20_01,1642,10,1929.0,2151.0
int__tai20_20_01,1642,11,1838.0,2073.0
int__tai20_20_01,1642,12,1901.0,2160.0
int__tai20_20_01,1642,13,1886.0,2144.0
int__tai20_20_01,1642,14,1941.0,2217.0
int__tai20_20_01,1642,15,1905.0,2132.0
int__tai20_20_01,1642,16,1820.0,2086.0
int__tai20_20_01,1642,17,1814.0,2059.0
int__tai20_20_01,1642,18,1882.0,2087.0
int__tai20_20_01,1642,19,1922.0,2216.0
int__tai20_20_01,1642,20,1935.0,2179.0
int__tai20_20_01,1642,21,1849.0,2094.0
int__tai20_20_01,1642,22,1858.0,2106.0
int__tai20_20_01,1642,23,1849.0,2097.0
int__tai20_20_01,1642,24,1885.0,2125.0
int__tai20_20_01,1642,25,1894.0,2092.0
int__tai20_20_01,1642,26,1943.0,2188.0
int__tai20_20_01,1642,27,1945.0,2196.0
int__tai20_20_01,1642,28,1852.0,2078.0
int__tai20_20_01,1642,29,1934.0,2189.0
int__tai20_20_01,1642,30,1921.0,2166.0
int__tai20_20_01,1642,31,1903.0,2127.0
int__tai20_20_01,1642,32,1972.0,2234.0
int__tai20_20_01,1642,33,1916.0,2169.0
int__tai20_20_01,1642,34,1902.0,2204.0
int__tai20_20_01,1642,35,1887.0,2126.0
int__tai20_20_01,1642,36,1879.0,2111.0
int__tai20_20_01,1642,37,1933.0,2174.0
int__tai20_20_01,1642,38,1898.0,2164.0
int__tai20_20_01,1642,39,1892.0,2141.0
int__tai20_20_01,1642,40,1814.0,2061.0
int__tai20_20_01,1642,41,1961.0,2204.0
int__tai20_20_01,1642,42,1819.0,2094.0
int__tai20_20_01,1642,43,1918.0,2125.0
int__tai20_20_01,1642,44,1980.0,2191.0
int__tai20_20_01,1642,45,1963.0,2193.0
int__tai20_20_01,1642,46,1979.0,2245.0
int__tai20_20_01,1642,47,1855.0,2110.0
int__tai20_20_01,1642,48,1886.0,2115.0
int__tai20_20_01,1642,49,1997.0,2222.0
int__tai20_20_01,1642,50,1883.0,2123.0
int__tai20_20_01,1642,51,1842.0,2060.0
int__tai20_20_01,1642,52,1893.0,2125.0
int__tai20_20_01,1642,53,1920.0,2111.0
int__tai20_20_01,1642,54,1819.0,2096.0
int__tai20_20_01,1642,55,1932.0,2199.0
int__tai20_20_01,1642,56,1877.0,2087.0
int__tai20_20_01,1642,57,1910.0,2121.0
int__tai20_20_01,1642,58,1920.0,2166.0
int__tai20_20_01,1642,59,1799.0,2046.0
int__tai20_20_01,1642,60,1869.0,2121.0
int__tai20_20_01,1642,61,1910.0,2156.0
int__tai20_20_01,1642,62,1907.0,2169.0
int__tai20_20_01,1642,63,1860.0,2126.0
int__tai20_20_01,1642,64,1849.0,2076.0
int__tai20_20_01,1642,65,1858.0,2064.0
int__tai20_20_01,1642,66,1909.0,2135.0
int__tai20_20_01,1642,67,1840.0,2076.0
int__tai20_20_01,1642,68,1914.0,2150.0
int__tai20_20_01,1642,69,1889.0,2125.0
int__tai20_20_01,1642,70,1879.0,2106.0
int__tai20_20_01,1642,71,1840.0,2057.0
int__tai20_20_01,1642,72,1758.0,1973.0
int__tai20_20_01,1642,73,1844.0,2080.0
int__tai20_20_01,1642,74,1869.0,2111.0
int__tai20_20_01,1642,75,1911.0,2183.0
int__tai20_20_01,1642,76,1948.0,2217.0
int__tai20_20_01,1642,77,1841.0,2073.0
int__tai20_20_01,1642,78,1835.0,2065.0
int__tai20_20_01,1642,79,1949.0,2225.0
int__tai20_20_01,1642,80,1913.0,2151.0
int__tai20_20_01,1642,81,1925.0,2151.0
int__tai20_20_01,1642,82,1934.0,2198.0
int__tai20_20_01,1642,83,1919.0,2144.0
int__tai20_20_01,1642,84,2006.0,2284.0
int__tai20_20_01,1642,85,1908.0,2178.0
int__tai20_20_01,1642,86,1905.0,2129.0
int__tai20_20_01,1642,87,1891.0,2116.0
int__tai20_20_01,1642,88,1894.0,2142.0
int__tai20_20_01,1642,89,1826.0,2103.0
int__tai20_20_01,1642,90,1892.0,2127.0
int__tai20_20_01,1642,91,1833.0,2091.0
int__tai20_20_01,1642,92,1900.0,2141.0
int__tai20_20_01,1642,93,1860.0,2104.0
int__tai20_20_01,1642,94,1881.0,2104.0
int__tai20_20_01,1642,95,1741.0,1984.0
int__tai20_20_01,1642,96,1866.0,2109.0
int__tai20_20_01,1642,97,1859.0,2113.0
int__tai20_20_01,1642,98,1892.0,2104.0
int__tai20_20_01,1642,99,1794.0,2048.0
int__tai20_20_01,1642,100,1891.0,2146.0
int__tai20_20_01,1642,101,1864.0,2086.0
int__tai20_20_01,1642,102,1897.0,2172.0
int__tai20_20_01,1642,103,1817.0,2032.0
int__tai20_20_01,1642,104,2061.0,2265.0
int__tai20_20_01,1642,105,1929.0,2163.0
int__tai20_20_01,1642,106,1866.0,2110.0
int__tai20_20_01,1642,107,1844.0,2056.0
int__tai20_20_01,1642,108,1909.0,2143.0
int__tai20_20_01,1642,109,2010.0,2247.0
int__tai20_20_01,1642,110,1904.0,2124.0
int__tai20_20_01,1642,111,1854.0,2087.0
int__tai20_20_01,1642,112,1975.0,2218.0
int__tai20_20_01,1642,113,1874.0,2091.0
int__tai20_20_01,1642,114,1922.0,2177.0
int__tai20_20_01,1642,115,1864.0,2108.0
int__tai20_20_01,1642,116,1871.0,2102.0
int__tai20_20_01,1642,117,1918.0,2163.0
int__tai20_20_01,1642,118,1859.0,2142.0
int__tai20_20_01,1642,119,1925.0,2185.0
int__tai20_20_01,1642,120,1962.0,2200.0
int__tai20_20_01,1642,121,1799.0,2045.0
int__tai20_20_01,1642,122,1891.0,2152.0
int__tai20_20_01,1642,123,1976.0,2222.0
int__tai20_20_01,1642,124,1890.0,2176.0
int__tai20_20_01,1642,125,1918.0,2110.0
int__tai20_20_01,1642,126,1907.0,2149.0
int__tai20_20_01,1642,127,1873.0,2092.0
int__tai20_20_01,1642,128,1852.0,2074.0
int__tai20_20_01,1642,129,1865.0,2122.0
int__tai20_20_01,1642,130,1912.0,2190.0
int__tai20_20_01,1642,131,1779.0,2029.0
int__tai20_20_01,1642,132,1803.0,2001.0
int__tai20_20_01,1642,133,1953.0,2178.0
int__tai20_20_01,1642,134,1919.0,2143.0
int__tai20_20_01,1642,135,1893.0,2144.0
int__tai20_20_01,1642,136,1880.0,2146.0
int__tai20_20_01,1642,137,1997.0,2250.0
int__tai20_20_01,1642,138,1940.0,2204.0
int__tai20_20_01,1642,139,1843.0,2045.0
int__tai20_20_01,1642,140,1886.0,2102.0
int__tai20_20_01,1642,141,1891.0,2126.0
int__tai20_20_01,1642,142,1876.0,2160.0
int__tai20_20_01,1642,143,1941.0,2188.0
int__tai20_20_01,1642,144,1901.0,2158.0
int__tai20_20_01,1642,145,1994.0,2269.0
int__tai20_20_01,1642,146,2019.0,2247.0
int__tai20_20_01,1642,147,1844.0,2140.0
int__tai20_20_01,1642,148,1902.0,2129.0
int__tai20_20_01,1642,149,1880.0,2135.0
int__tai20_20_01,1642,150,1927.0,2163.0
int__tai20_20_01,1642,151,1902.0,2151.0
int__tai20_20_01,1642,152,1819.0,2102.0
int__tai20_20_01,1642,153,1906.0,2096.0
int__tai20_20_01,1642,154,1977.0,2206.0
int__tai20_20_01,1642,155,1944.0,2173.0
int__tai20_20_01,1642,156,1909.0,2187.0
int__tai20_20_01,1642,157,1811.0,2011.0
int__tai20_20_01,1642,158,2078.0,2365.0
int__tai20_20_01,1642,159,1817.0,2056.0
int__tai20_20_01,1642,160,1929.0,2159.0
int__tai20_20_01,1642,161,1995.0,2247.0
int__tai20_20_01,1642,162,1978.0,2194.0
int__tai20_20_01,1642,163,2006.0,2281.0
int__tai20_20_01,1642,164,1889.0,2146.0
int__tai20_20_01,1642,165,1862.0,2050.0
int__tai20_20_01,1642,166,1972.0,2213.0
int__tai20_20_01,1642,167,2067.0,2323.0
int__tai20_20_01,1642,168,2006.0,2207.0
int__tai20_20_01,1642,169,1866.0,2108.0
int__tai20_20_01,1642,170,1848.0,2072.0
int__tai20_20_01,1642,171,1824.0,2069.0
int__tai20_20_01,1642,172,1894.0,2138.0
int__tai20_20_01,1642,173,1961.0,2217.0
int__tai20_20_01,1642,174,1836.0,2063.0
int__tai20_20_01,1642,175,1956.0,2184.0
int__tai20_20_01,1642,176,1923.0,2171.0
int__tai20_20_01,1642,177,1852.0,2071.0
int__tai20_20_01,1642,178,2030.0,2299.0
int__tai20_20_01,1642,179,1932.0,2225.0
int__tai20_20_01,1642,180,1834.0,2097.0
int__tai20_20_01,1642,181,1954.0,2264.0
int__tai20_20_01,1642,182,1883.0,2130.0
int__tai20_20_01,1642,183,1872.0,2098.0
int__tai20_20_01,1642,184,1866.0,2117.0
int__tai20_20_01,1642,185,1897.0,2137.0
int__tai20_20_01,1642,186,1839.0,2079.0
int__tai20_20_01,1642,187,1857.0,2087.0
int__tai20_20_01,1642,188,1919.0,2146.0
int__tai20_20_01,1642,189,1984.0,2260.0
int__tai20_20_01,1642,190,1829.0,2105.0
int__tai20_20_01,1642,191,1856.0,2060.0
int__tai20_20_01,1642,192,1892.0,2095.0
int__tai20_20_01,1642,193,1885.0,2093.0
int__tai20_20_01,1642,194,1892.0,2114.0
int__tai20_20_01,1642,195,1839.0,2105.0
int__tai20_20_01,1642,196,1866.0,2086.0
int__tai20_20_01,1642,197,1912.0,2131.0
int__tai20_20_01,1642,198,1880.0,2114.0
int__tai20_20_01,1642,199,1878.0,2136.0
int__tai20_20_01,1642,200,1868.0,2085.0
int__tai20_20_01,1642,201,1840.0,2087.0
int__tai20_20_01,1642,202,1887.0,2127.0
int__tai20_20_01,1642,203,1895.0,2139.0
int__tai20_20_01,1642,204,1844.0,2091.0
int__tai20_20_01,1642,205,1828.0,2097.0
int__tai20_20_01,1642,206,1926.0,2176.0
int__tai20_20_01,1642,207,1871.0,2111.0
int__tai20_20_01,1642,208,1957.0,2186.0
int__tai20_20_01,1642,209,1914.0,2146.0
int__tai20_20_01,1642,210,1920.0,2163.0
int__tai20_20_01,1642,211,1809.0,2016.0
int__tai20_20_01,1642,212,1919.0,2167.0
int__tai20_20_01,1642,213,1898.0,2148.0
int__tai20_20_01,1642,214,1905.0,2121.0
int__tai20_20_01,1642,215,1893.0,2141.0
int__tai20_20_01,1642,216,1826.0,2055.0
int__tai20_20_01,1642,217,1834.0,2079.0
int__tai20_20_01,1642,218,1881.0,2105.0
int__tai20_20_01,1642,219,1940.0,2204.0
int__tai20_20_01,1642,220,1955.0,2112.0
int__tai20_20_01,1642,221,1864.0,2084.0
int__tai20_20_01,1642,222,1913.0,2128.0
int__tai20_20_01,1642,223,1830.0,2104.0
int__tai20_20_01,1642,224,1920.0,2158.0
int__tai20_20_01,1642,225,1855.0,2060.0
int__tai20_20_01,1642,226,1894.0,2144.0
int__tai20_20_01,1642,227,1902.0,2107.0
int__tai20_20_01,1642,228,1900.0,2142.0
int__tai20_20_01,1642,229,1948.0,2225.0
int__tai20_20_01,1642,230,1929.0,2215.0
int__tai20_20_01,1642,231,1856.0,2100.0
int__tai20_20_01,1642,232,2045.0,2310.0
int__tai20_20_01,1642,233,1857.0,2105.0
int__tai20_20_01,1642,234,1952.0,2167.0
int__tai20_20_01,1642,235,1890.0,2138.0
int__tai20_20_01,1642,236,1902.0,2136.0
int__tai20_20_01,1642,237,1897.0,2169.0
int__tai20_20_01,1642,238,1893.0,2135.0
int__tai20_20_01,1642,239,1879.0,2138.0
int__tai20_20_01,1642,240,1877.0,2149.0
int__tai20_20_01,1642,241,1851.0,2089.0
int__tai20_20_01,1642,242,1886.0,2119.0
int__tai20_20_01,1642,243,1864.0,2100.0
int__tai20_20_01,1642,244,1904.0,2106.0
int__tai20_20_01,1642,245,1882.0,2113.0
int__tai20_20_01,1642,246,1870.0,2137.0
int__tai20_20_01,1642,247,1895.0,2129.0
int__tai20_20_01,1642,248,1899.0,2160.0
int__tai20_20_01,1642,249,1835.0,2047.0
int__tai20_20_01,1642,250,1832.0,2061.0
int__tai20_20_01,1642,251,1882.0,2103.0
int__tai20_20_01,1642,252,1982.0,2246.0
int__tai20_20_01,1642,253,1953.0,2172.0
int__tai20_20_01,1642,254,1882.0,2119.0
int__tai20_20_01,1642,255,1869.0,2128.0
int__tai20_20_01,1642,256,1988.0,2268.0
int__tai20_20_01,1642,257,1927.0,2169.0
int__tai20_20_01,1642,258,1894.0,2134.0
int__tai20_20_01,1642,259,1809.0,2048.0
int__tai20_20_01,1642,260,1806.0,2068.0
int__tai20_20_01,1642,261,1747.0,1993.0
int__tai20_20_01,1642,262,1822.0,2060.0
int__tai20_20_01,1642,263,1880.0,2155.0
int__tai20_20_01,1642,264,1875.0,2100.0
int__tai20_20_01,1642,265,1946.0,2178.0
int__tai20_20_01,1642,266,1916.0,2182.0
int__tai20_20_01,1642,267,1869.0,2112.0
int__tai20_20_01,1642,268,2047.0,2322.0
int__tai20_20_01,1642,269,1893.0,2129.0
int__tai20_20_01,1642,270,1878.0,2106.0
int__tai20_20_01,1642,271,1908.0,2127.0
int__tai20_20_01,1642,272,1807.0,2089.0
int__tai20_20_01,1642,273,1907.0,2115.0
int__tai20_20_01,1642,274,1939.0,2206.0
int__tai20_20_01,1642,275,1889.0,2105.0
int__tai20_20_01,1642,276,1879.0,2159.0
int__tai20_20_01,1642,277,1785.0,2028.0
int__tai20_20_01,1642,278,2010.0,2216.0
int__tai20_20_01,1642,279,1942.0,2166.0
int__tai20_20_01,1642,280,1849.0,2085.0
int__tai20_20_01,1642,281,1908.0,2145.0
int__tai20_20_01,1642,282,1791.0,2026.0
int__tai20_20_01,1642,283,1888.0,2103.0
int__tai20_20_01,1642,284,1955.0,2239.0
int__tai20_20_01,1642,285,1910.0,2163.0
int__tai20_20_01,1642,286,1914.0,2195.0
int__tai20_20_01,1642,287,1867.0,2097.0
int__tai20_20_01,1642,288,1865.0,2066.0
int__tai20_20_01,1642,289,1975.0,2253.0
int__tai20_20_01,1642,290,1943.0,2211.0
int__tai20_20_01,1642,291,2003.0,2234.0
int__tai20_20_01,1642,292,1838.0,2091.0
int__tai20_20_01,1642,293,2012.0,2302.0
int__tai20_20_01,1642,294,1847.0,2114.0
int__tai20_20_01,1642,295,1881.0,2125.0
int__tai20_20_01,1642,296,1842.0,2087.0
int__tai20_20_01,1642,297,1842.0,2055.0
int__tai20_20_01,1642,298,2005.0,2262.0
int__tai20_20_01,1642,299,1930.0,2175.0
int__tai20_20_01,1642,300,1857.0,2085.0
int__tai20_20_01,1642,301,2017.0,2260.0
int__tai20_20_01,1642,302,1868.0,2116.0
int__tai20_20_01,1642,303,1897.0,2118.0
int__tai20_20_01,1642,304,1890.0,2163.0
int__tai20_20_01,1642,305,1798.0,2045.0
int__tai20_20_01,1642,306,1961.0,2209.0
int__tai20_20_01,1642,307,1872.0,2092.0
int__tai20_20_01,1642,308,1902.0,2102.0
int__tai20_20_01,1642,309,1857.0,2091.0
int__tai20_20_01,1642,310,1929.0,2190.0
int__tai20_20_01,1642,311,1894.0,2135.0
int__tai20_20_01,1642,312,1909.0,2166.0
int__tai20_20_01,1642,313,1888.0,2144.0
int__tai20_20_01,1642,314,1859.0,2117.0
int__tai20_20_01,1642,315,1895.0,2125.0
int__tai20_20_01,1642,316,1912.0,2135.0
int__tai20_20_01,1642,317,1877.0,2123.0
int__tai20_20_01,1642,318,1798.0,2055.0
int__tai20_20_01,1642,319,1979.0,2207.0
int__tai20_20_01,1642,320,1992.0,2262.0
int__tai20_20_01,1642,321,1925.0,2186.0
int__tai20_20_01,1642,322,1944.0,2157.0
int__tai20_20_01,1642,323,1882.0,2156.0
int__tai20_20_01,1642,324,1826.0,2020.0
int__tai20_20_01,1642,325,1906.0,2167.0
int__tai20_20_01,1642,326,1981.0,2258.0
int__tai20_20_01,1642,327,1905.0,2121.0
int__tai20_20_01,1642,328,1838.0,2063.0
int__tai20_20_01,1642,329,1884.0,2115.0
int__tai20_20_01,1642,330,2022.0,2270.0
int__tai20_20_01,1642,331,1878.0,2103.0
int__tai20_20_01,1642,332,1908.0,2194.0
int__tai20_20_01,1642,333,1998.0,2240.0
int__tai20_20_01,1642,334,1980.0,2242.0
int__tai20_20_01,1642,335,1887.0,2155.0
int__tai20_20_01,1642,336,1889.0,2143.0
int__tai20_20_01,1642,337,1948.0,2183.0
int__tai20_20_01,1642,338,1759.0,2015.0
int__tai20_20_01,1642,339,1915.0,2142.0
int__tai20_20_01,1642,340,1922.0,2146.0
int__tai20_20_01,1642,341,2020.0,2253.0
int__tai20_20_01,1642,342,1961.0,2243.0
int__tai20_20_01,1642,343,1830.0,2041.0
int__tai20_20_01,1642,344,1862.0,2117.0
int__tai20_20_01,1642,345,1856.0,2077.0
int__tai20_20_01,1642,346,1803.0,2002.0
int__tai20_20_01,1642,347,1849.0,2086.0
int__tai20_20_01,1642,348,1915.0,2169.0
int__tai20_20_01,1642,349,1894.0,2192.0
int__tai20_20_01,1642,350,1896.0,2126.0
int__tai20_20_01,1642,351,1927.0,2185.0
int__tai20_20_01,1642,352,1906.0,2173.0
int__tai20_20_01,1642,353,1888.0,2088.0
int__tai20_20_01,1642,354,1946.0,2221.0
int__tai20_20_01,1642,355,2015.0,2260.0
int__tai20_20_01,1642,356,1814.0,2033.0
int__tai20_20_01,1642,357,1874.0,2153.0
int__tai20_20_01,1642,358,1996.0,2248.0
int__tai20_20_01,1642,359,1942.0,2170.0
int__tai20_20_01,1642,360,1876.0,2131.0
int__tai20_20_01,1642,361,1864.0,2111.0
int__tai20_20_01,1642,362,1836.0,2088.0
int__tai20_20_01,1642,363,1820.0,2103.0
int__tai20_20_01,1642,364,1856.0,2096.0
int__tai20_20_01,1642,365,1911.0,2195.0
int__tai20_20_01,1642,366,1900.0,2129.0
int__tai20_20_01,1642,367,1867.0,2125.0
int__tai20_20_01,1642,368,1879.0,2154.0
int__tai20_20_01,1642,369,1856.0,2088.0
int__tai20_20_01,1642,370,1922.0,2177.0
int__tai20_20_01,1642,371,1883.0,2104.0
int__tai20_20_01,1642,372,1876.0,2112.0
int__tai20_20_01,1642,373,1977.0,2183.0
int__tai20_20_01,1642,374,1896.0,2166.0
int__tai20_20_01,1642,375,1887.0,2152.0
int__tai20_20_01,1642,376,1938.0,2198.0
int__tai20_20_01,1642,377,1985.0,2237.0
int__tai20_20_01,1642,378,2082.0,2306.0
int__tai20_20_01,1642,379,1945.0,2196.0
int__tai20_20_01,1642,380,1938.0,2198.0
int__tai20_20_01,1642,381,1898.0,2143.0
int__tai20_20_01,1642,382,1981.0,2245.0
int__tai20_20_01,1642,383,1885.0,2146.0
int__tai20_20_01,1642,384,1857.0,2097.0
int__tai20_20_01,1642,385,1923.0,2170.0
int__tai20_20_01,1642,386,1922.0,2174.0
int__tai20_20_01,1642,387,1923.0,2191.0
int__tai20_20_01,1642,388,1939.0,2175.0
int__tai20_20_01,1642,389,1906.0,2152.0
int__tai20_20_01,1642,390,1892.0,2182.0
int__tai20_20_01,1642,391,1851.0,2081.0
int__tai20_20_01,1642,392,1869.0,2098.0
int__tai20_20_01,1642,393,1940.0,2208.0
int__tai20_20_01,1642,394,1854.0,2091.0
int__tai20_20_01,1642,395,1856.0,2090.0
int__tai20_20_01,1642,396,1790.0,1973.0
int__tai20_20_01,1642,397,1869.0,2119.0
int__tai20_20_01,1642,398,1895.0,2113.0
int__tai20_20_01,1642,399,1971.0,2221.0
int__tai20_20_01,1642,400,1914.0,2164.0
int__tai20_20_01,1642,401,1873.0,2068.0
int__tai20_20_01,1642,402,1935.0,2224.0
int__tai20_20_01,1642,403,1869.0,2104.0
int__tai20_20_01,1642,404,2005.0,2226.0
int__tai20_20_01,1642,405,1889.0,2124.0
int__tai20_20_01,1642,406,1889.0,2148.0
int__tai20_20_01,1642,407,1953.0,2226.0
int__tai20_20_01,1642,408,1881.0,2084.0
int__tai20_20_01,1642,409,1869.0,2142.0
int__tai20_20_01,1642,410,1936.0,2190.0
int__tai20_20_01,1642,411,1869.0,2131.0
int__tai20_20_01,1642,412,1927.0,2112.0
int__tai20_20_01,1642,413,1910.0,2173.0
int__tai20_20_01,1642,414,1824.0,2069.0
int__tai20_20_01,1642,415,1969.0,2182.0
int__tai20_20_01,1642,416,1883.0,2140.0
int__tai20_20_01,1642,417,1930.0,2178.0
int__tai20_20_01,1642,418,1986.0,2240.0
int__tai20_20_01,1642,419,1854.0,2072.0
int__tai20_20_01,1642,420,1914.0,2154.0
int__tai20_20_01,1642,421,1897.0,2138.0
int__tai20_20_01,1642,422,1926.0,2197.0
int__tai20_20_01,1642,423,2025.0,2270.0
int__tai20_20_01,1642,424,1953.0,2195.0
int__tai20_20_01,1642,425,1813.0,2039.0
int__tai20_20_01,1642,426,1950.0,2150.0
int__tai20_20_01,1642,427,1835.0,2069.0
int__tai20_20_01,1642,428,1841.0,2123.0
int__tai20_20_01,1642,429,1824.0,2073.0
int__tai20_20_01,1642,430,1789.0,2039.0
int__tai20_20_01,1642,431,1946.0,2209.0
int__tai20_20_01,1642,432,1789.0,2011.0
int__tai20_20_01,1642,433,2046.0,2241.0
int__tai20_20_01,1642,434,1871.0,2096.0
int__tai20_20_01,1642,435,1967.0,2220.0
int__tai20_20_01,1642,436,2087.0,2338.0
int__tai20_20_01,1642,437,2054.0,2303.0
int__tai20_20_01,1642,438,1929.0,2179.0
int__tai20_20_01,1642,439,1899.0,2121.0
int__tai20_20_01,1642,440,1877.0,2120.0
int__tai20_20_01,1642,441,1985.0,2212.0
int__tai20_20_01,1642,442,1914.0,2111.0
int__tai20_20_01,1642,443,1972.0,2182.0
int__tai20_20_01,1642,444,1819.0,2043.0
int__tai20_20_01,1642,445,1860.0,2117.0
int__tai20_20_01,1642,446,1993.0,2217.0
int__tai20_20_01,1642,447,1923.0,2194.0
int__tai20_20_01,1642,448,1990.0,2227.0
int__tai20_20_01,1642,449,1891.0,2158.0
int__tai20_20_01,1642,450,1944.0,2210.0
int__tai20_20_01,1642,451,1949.0,2181.0
int__tai20_20_01,1642,452,2022.0,2292.0
int__tai20_20_01,1642,453,1855.0,2101.0
int__tai20_20_01,1642,454,1983.0,2217.0
int__tai20_20_01,1642,455,1892.0,2184.0
int__tai20_20_01,1642,456,1824.0,2041.0
int__tai20_20_01,1642,457,1863.0,2107.0
int__tai20_20_01,1642,458,1941.0,2183.0
int__tai20_20_01,1642,459,1936.0,2205.0
int__tai20_20_01,1642,460,1917.0,2145.0
int__tai20_20_01,1642,461,1829.0,2083.0
int__tai20_20_01,1642,462,1862.0,2107.0
int__tai20_20_01,1642,463,1914.0,2165.0
int__tai20_20_01,1642,464,1845.0,2110.0
int__tai20_20_01,1642,465,1902.0,2126.0
int__tai20_20_01,1642,466,1779.0,2043.0
int__tai20_20_01,1642,467,1832.0,2076.0
int__tai20_20_01,1642,468,1931.0,2211.0
int__tai20_20_01,1642,469,1953.0,2203.0
int__tai20_20_01,1642,470,1934.0,2185.0
int__tai20_20_01,1642,471,2000.0,2273.0
int__tai20_20_01,1642,472,1824.0,2024.0
int__tai20_20_01,1642,473,1904.0,2121.0
int__tai20_20_01,1642,474,1881.0,2169.0
int__tai20_20_01,1642,475,1895.0,2114.0
int__tai20_20_01,1642,476,1833.0,2050.0
int__tai20_20_01,1642,477,1898.0,2163.0
int__tai20_20_01,1642,478,1847.0,2059.0
int__tai20_20_01,1642,479,1880.0,2111.0
int__tai20_20_01,1642,480,1912.0,2119.0
int__tai20_20_01,1642,481,1836.0,2080.0
int__tai20_20_01,1642,482,2023.0,2272.0
int__tai20_20_01,1642,483,1854.0,2095.0
int__tai20_20_01,1642,484,1916.0,2147.0
int__tai20_20_01,1642,485,1920.0,2106.0
int__tai20_20_01,1642,486,1937.0,2180.0
int__tai20_20_01,1642,487,1906.0,2132.0
int__tai20_20_01,1642,488,1870.0,2131.0
int__tai20_20_01,1642,489,1929.0,2173.0
int__tai20_20_01,1642,490,1967.0,2192.0
int__tai20_20_01,1642,491,1961.0,2235.0
int__tai20_20_01,1642,492,2059.0,2279.0
int__tai20_20_01,1642,493,1810.0,2053.0
int__tai20_20_01,1642,494,1846.0,2099.0
int__tai20_20_01,1642,495,1898.0,2164.0
int__tai20_20_01,1642,496,1936.0,2185.0
int__tai20_20_01,1642,497,1812.0,2017.0
int__tai20_20_01,1642,498,1951.0,2172.0
int__tai20_20_01,1642,499,1914.0,2175.0
int__tai20_20_01,1642,500,1835.0,2050.0
int__tai20_20_01,1642,501,1922.0,2192.0
int__tai20_20_01,1642,502,1869.0,2095.0
int__tai20_20_01,1642,503,1798.0,2004.0
int__tai20_20_01,1642,504,1849.0,2084.0
int__tai20_20_01,1642,505,1826.0,2064.0
int__tai20_20_01,1642,506,1848.0,2096.0
int__tai20_20_01,1642,507,1840.0,2092.0
int__tai20_20_01,1642,508,1869.0,2100.0
int__tai20_20_01,1642,509,1955.0,2221.0
int__tai20_20_01,1642,510,1910.0,2149.0
int__tai20_20_01,1642,511,1928.0,2187.0
int__tai20_20_01,1642,512,1971.0,2239.0
int__tai20_20_01,1642,513,1881.0,2093.0
int__tai20_20_01,1642,514,1902.0,2154.0
int__tai20_20_01,1642,515,1887.0,2101.0
int__tai20_20_01,1642,516,1863.0,2087.0
int__tai20_20_01,1642,517,1801.0,2030.0
int__tai20_20_01,1642,518,1902.0,2169.0
int__tai20_20_01,1642,519,1985.0,2220.0
int__tai20_20_01,1642,520,1839.0,2103.0
int__tai20_20_01,1642,521,2042.0,2271.0
int__tai20_20_01,1642,522,1911.0,2150.0
int__tai20_20_01,1642,523,1882.0,2107.0
int__tai20_20_01,1642,524,1955.0,2226.0
int__tai20_20_01,1642,525,1828.0,2049.0
int__tai20_20_01,1642,526,1836.0,2073.0
int__tai20_20_01,1642,527,1942.0,2147.0
int__tai20_20_01,1642,528,1940.0,2176.0
int__tai20_20_01,1642,529,1834.0,2028.0
int__tai20_20_01,1642,530,2032.0,2262.0
int__tai20_20_01,1642,531,1986.0,2257.0
int__tai20_20_01,1642,532,1858.0,2067.0
int__tai20_20_01,1642,533,1837.0,2035.0
int__tai20_20_01,1642,534,1874.0,2139.0
int__tai20_20_01,1642,535,1921.0,2146.0
int__tai20_20_01,1642,536,2029.0,2278.0
int__tai20_20_01,1642,537,1998.0,2240.0
int__tai20_20_01,1642,538,2106.0,2399.0
int__tai20_20_01,1642,539,1803.0,2028.0
int__tai20_20_01,1642,540,1875.0,2133.0
int__tai20_20_01,1642,541,1852.0,2099.0
int__tai20_20_01,1642,542,1974.0,2190.0
int__tai20_20_01,1642,543,1856.0,2092.0
int__tai20_20_01,1642,544,2050.0,2306.0
int__tai20_20_01,1642,545,1840.0,2071.0
int__tai20_20_01,1642,546,2068.0,2344.0
int__tai20_20_01,1642,547,1832.0,2093.0
int__tai20_20_01,1642,548,1907.0,2200.0
int__tai20_20_01,1642,549,1923.0,2129.0
int__tai20_20_01,1642,550,1849.0,2101.0
int__tai20_20_01,1642,551,1892.0,2121.0
int__tai20_20_01,1642,552,1914.0,2138.0
int__tai20_20_01,1642,553,1830.0,2057.0
int__tai20_20_01,1642,554,1890.0,2144.0
int__tai20_20_01,1642,555,1982.0,2260.0
int__tai20_20_01,1642,556,1906.0,2167.0
int__tai20_20_01,1642,557,1980.0,2252.0
int__tai20_20_01,1642,558,1799.0,2030.0
int__tai20_20_01,1642,559,1823.0,2092.0
int__tai20_20_01,1642,560,1847.0,2093.0
int__tai20_20_01,1642,561,1863.0,2056.0
int__tai20_20_01,1642,562,1903.0,2160.0
int__tai20_20_01,1642,563,1769.0,1995.0
int__tai20_20_01,1642,564,1997.0,2236.0
int__tai20_20_01,1642,565,1847.0,2061.0
int__tai20_20_01,1642,566,1914.0,2121.0
int__tai20_20_01,1642,567,1986.0,2213.0
int__tai20_20_01,1642,568,1855.0,2090.0
int__tai20_20_01,1642,569,1933.0,2167.0
int__tai20_20_01,1642,570,1882.0,2129.0
int__tai20_20_01,1642,571,1926.0,2130.0
int__tai20_20_01,1642,572,2019.0,2272.0
int__tai20_20_01,1642,573,2168.0,2418.0
int__tai20_20_01,1642,574,1939.0,2173.0
int__tai20_20_01,1642,575,1798.0,2013.0
int__tai20_20_01,1642,576,1900.0,2125.0
int__tai20_20_01,1642,577,1903.0,2135.0
int__tai20_20_01,1642,578,1898.0,2100.0
int__tai20_20_01,1642,579,1838.0,2060.0
int__tai20_20_01,1642,580,1858.0,2127.0
int__tai20_20_01,1642,581,1879.0,2132.0
int__tai20_20_01,1642,582,2026.0,2263.0
int__tai20_20_01,1642,583,1915.0,2172.0
int__tai20_20_01,1642,584,1902.0,2119.0
int__tai20_20_01,1642,585,1956.0,2241.0
int__tai20_20_01,1642,586,1880.0,2140.0
int__tai20_20_01,1642,587,1885.0,2080.0
int__tai20_20_01,1642,588,1915.0,2187.0
int__tai20_20_01,1642,589,1995.0,2267.0
int__tai20_20_01,1642,590,1930.0,2186.0
int__tai20_20_01,1642,591,1824.0,2077.0
int__tai20_20_01,1642,592,1983.0,2223.0
int__tai20_20_01,1642,593,1870.0,2101.0
int__tai20_20_01,1642,594,1938.0,2167.0
int__tai20_20_01,1642,595,1844.0,2097.0
int__tai20_20_01,1642,596,1920.0,2164.0
int__tai20_20_01,1642,597,1908.0,2130.0
int__tai20_20_01,1642,598,1891.0,2142.0
int__tai20_20_01,1642,599,1808.0,2033.0
int__tai20_20_01,1642,600,1843.0,2112.0
int__tai20_20_01,1642,601,2020.0,2283.0
int__tai20_20_01,1642,602,1842.0,2064.0
int__tai20_20_01,1642,603,1963.0,2183.0
int__tai20_20_01,1642,604,1912.0,2160.0
int__tai20_20_01,1642,605,1940.0,2149.0
int__tai20_20_01,1642,606,1819.0,2007.0
int__tai20_20_01,1642,607,1897.0,2113.0
int__tai20_20_01,1642,608,1850.0,2090.0
int__tai20_20_01,1642,609,1887.0,2173.0
int__tai20_20_01,1642,610,1933.0,2187.0
int__tai20_20_01,1642,611,1858.0,2087.0
int__tai20_20_01,1642,612,1904.0,2138.0
int__tai20_20_01,1642,613,1922.0,2130.0
int__tai20_20_01,1642,614,1839.0,2061.0
int__tai20_20_01,1642,615,2032.0,2269.0
int__tai20_20_01,1642,616,1917.0,2141.0
int__tai20_20_01,1642,617,1898.0,2103.0
int__tai20_20_01,1642,618,1906.0,2139.0
int__tai20_20_01,1642,619,1859.0,2107.0
int__tai20_20_01,1642,620,1848.0,2104.0
int__tai20_20_01,1642,621,1870.0,2153.0
int__tai20_20_01,1642,622,1910.0,2174.0
int__tai20_20_01,1642,623,1897.0,2135.0
int__tai20_20_01,1642,624,1903.0,2124.0
int__tai20_20_01,1642,625,1981.0,2180.0
int__tai20_20_01,1642,626,1988.0,2221.0
int__tai20_20_01,1642,627,1925.0,2144.0
int__tai20_20_01,1642,628,2033.0,2311.0
int__tai20_20_01,1642,629,1924.0,2118.0
int__tai20_20_01,1642,630,2029.0,2275.0
int__tai20_20_01,1642,631,1879.0,2094.0
int__tai20_20_01,1642,632,1931.0,2217.0
int__tai20_20_01,1642,633,1928.0,2163.0
int__tai20_20_01,1642,634,1825.0,2028.0
int__tai20_20_01,1642,635,1826.0,2038.0
int__tai20_20_01,1642,636,1852.0,2114.0
int__tai20_20_01,1642,637,1886.0,2124.0
int__tai20_20_01,1642,638,2014.0,2256.0
int__tai20_20_01,1642,639,1884.0,2144.0
int__tai20_20_01,1642,640,1888.0,2131.0
int__tai20_20_01,1642,641,1870.0,2153.0
int__tai20_20_01,1642,642,1894.0,2170.0
int__tai20_20_01,1642,643,1904.0,2149.0
int__tai20_20_01,1642,644,1961.0,2225.0
int__tai20_20_01,1642,645,1879.0,2118.0
int__tai20_20_01,1642,646,1821.0,2055.0
int__tai20_20_01,1642,647,1961.0,2205.0
int__tai20_20_01,1642,648,1843.0,2060.0
int__tai20_20_01,1642,649,1860.0,2120.0
int__tai20_20_01,1642,650,1930.0,2199.0
int__tai20_20_01,1642,651,1900.0,2136.0
int__tai20_20_01,1642,652,1852.0,2072.0
int__tai20_20_01,1642,653,1983.0,2247.0
int__tai20_20_01,1642,654,1887.0,2134.0
int__tai20_20_01,1642,655,1919.0,2181.0
int__tai20_20_01,1642,656,1832.0,2076.0
int__tai20_20_01,1642,657,1776.0,2040.0
int__tai20_20_01,1642,658,1863.0,2115.0
int__tai20_20_01,1642,659,1886.0,2131.0
int__tai20_20_01,1642,660,1827.0,2089.0
int__tai20_20_01,1642,661,1839.0,2075.0
int__tai20_20_01,1642,662,1845.0,2067.0
int__tai20_20_01,1642,663,1921.0,2145.0
int__tai20_20_01,1642,664,1870.0,2128.0
int__tai20_20_01,1642,665,1979.0,2238.0
int__tai20_20_01,1642,666,1864.0,2097.0
int__tai20_20_01,1642,667,1858.0,2105.0
int__tai20_20_01,1642,668,1815.0,2029.0
int__tai20_20_01,1642,669,1873.0,2105.0
int__tai20_20_01,1642,670,1967.0,2207.0
int__tai20_20_01,1642,671,2005.0,2221.0
int__tai20_20_01,1642,672,1914.0,2197.0
int__tai20_20_01,1642,673,1824.0,2085.0
int__tai20_20_01,1642,674,1793.0,2028.0
int__tai20_20_01,1642,675,1915.0,2151.0
int__tai20_20_01,1642,676,1822.0,2076.0
int__tai20_20_01,1642,677,1886.0,2106.0
int__tai20_20_01,1642,678,1866.0,2109.0
int__tai20_20_01,1642,679,1924.0,2182.0
int__tai20_20_01,1642,680,1922.0,2190.0
int__tai20_20_01,1642,681,1929.0,2193.0
int__tai20_20_01,1642,682,1945.0,2163.0
int__tai20_20_01,1642,683,1914.0,2166.0
int__tai20_20_01,1642,684,1944.0,2238.0
int__tai20_20_01,1642,685,2058.0,2331.0
int__tai20_20_01,1642,686,2030.0,2265.0
int__tai20_20_01,1642,687,1929.0,2147.0
int__tai20_20_01,1642,688,1968.0,2202.0
int__tai20_20_01,1642,689,1916.0,2198.0
int__tai20_20_01,1642,690,1876.0,2154.0
int__tai20_20_01,1642,691,1901.0,2108.0
int__tai20_20_01,1642,692,1869.0,2129.0
int__tai20_20_01,1642,693,1941.0,2201.0
int__tai20_20_01,1642,694,1881.0,2139.0
int__tai20_20_01,1642,695,1850.0,2104.0
int__tai20_20_01,1642,696,1863.0,2135.0
int__tai20_20_01,1642,697,1993.0,2251.0
int__tai20_20_01,1642,698,1862.0,2100.0
int__tai20_20_01,1642,699,1873.0,2137.0
int__tai20_20_01,1642,700,2001.0,2231.0
int__tai20_20_01,1642,701,1942.0,2189.0
int__tai20_20_01,1642,702,2066.0,2285.0
int__tai20_20_01,1642,703,1895.0,2130.0
int__tai20_20_01,1642,704,1872.0,2128.0
int__tai20_20_01,1642,705,1909.0,2201.0
int__tai20_20_01,1642,706,1861.0,2067.0
int__tai20_20_01,1642,707,1949.0,2183.0
int__tai20_20_01,1642,708,1865.0,2097.0
int__tai20_20_01,1642,709,1924.0,2180.0
int__tai20_20_01,1642,710,1868.0,2128.0
int__tai20_20_01,1642,711,1961.0,2180.0
int__tai20_20_01,1642,712,1811.0,2035.0
int__tai20_20_01,1642,713,1898.0,2134.0
int__tai20_20_01,1642,714,1947.0,2216.0
int__tai20_20_01,1642,715,1868.0,2106.0
int__tai20_20_01,1642,716,1858.0,2093.0
int__tai20_20_01,1642,717,1982.0,2223.0
int__tai20_20_01,1642,718,1971.0,2270.0
int__tai20_20_01,1642,719,1860.0,2115.0
int__tai20_20_01,1642,720,1928.0,2173.0
int__tai20_20_01,1642,721,1888.0,2125.0
int__tai20_20_01,1642,722,1974.0,2211.0
int__tai20_20_01,1642,723,1891.0,2116.0
int__tai20_20_01,1642,724,1823.0,2090.0
int__tai20_20_01,1642,725,1798.0,2027.0
int__tai20_20_01,1642,726,2009.0,2245.0
int__tai20_20_01,1642,727,1882.0,2139.0
int__tai20_20_01,1642,728,1933.0,2210.0
int__tai20_20_01,1642,729,1913.0,2109.0
int__tai20_20_01,1642,730,1869.0,2109.0
int__tai20_20_01,1642,731,2061.0,2329.0
int__tai20_20_01,1642,732,1848.0,2046.0
int__tai20_20_01,1642,733,1890.0,2157.0
int__tai20_20_01,1642,734,1900.0,2150.0
int__tai20_20_01,1642,735,1872.0,2105.0
int__tai20_20_01,1642,736,1897.0,2175.0
int__tai20_20_01,1642,737,1877.0,2132.0
int__tai20_20_01,1642,738,1981.0,2271.0
int__tai20_20_01,1642,739,1804.0,2048.0
int__tai20_20_01,1642,740,1850.0,2106.0
int__tai20_20_01,1642,741,1987.0,2219.0
int__tai20_20_01,1642,742,1785.0,1993.0
int__tai20_20_01,1642,743,1991.0,2230.0
int__tai20_20_01,1642,744,1905.0,2218.0
int__tai20_20_01,1642,745,1879.0,2116.0
int__tai20_20_01,1642,746,2028.0,2305.0
int__tai20_20_01,1642,747,1856.0,2123.0
int__tai20_20_01,1642,748,1921.0,2176.0
int__tai20_20_01,1642,749,1898.0,2124.0
int__tai20_20_01,1642,750,1869.0,2061.0
int__tai20_20_01,1642,751,1962.0,2234.0
int__tai20_20_01,1642,752,1885.0,2143.0
int__tai20_20_01,1642,753,1909.0,2157.0
int__tai20_20_01,1642,754,1912.0,2145.0
int__tai20_20_01,1642,755,1818.0,2024.0
int__tai20_20_01,1642,756,1878.0,2117.0
int__tai20_20_01,1642,757,1910.0,2152.0
int__tai20_20_01,1642,758,1970.0,2199.0
int__tai20_20_01,1642,759,2034.0,2271.0
int__tai20_20_01,1642,760,1887.0,2141.0
int__tai20_20_01,1642,761,1895.0,2087.0
int__tai20_20_01,1642,762,1869.0,2115.0
int__tai20_20_01,1642,763,1810.0,2067.0
int__tai20_20_01,1642,764,1882.0,2096.0
int__tai20_20_01,1642,765,1862.0,2131.0
int__tai20_20_01,1642,766,1975.0,2198.0
int__tai20_20_01,1642,767,1825.0,2052.0
int__tai20_20_01,1642,768,2003.0,2246.0
int__tai20_20_01,1642,769,2093.0,2330.0
int__tai20_20_01,1642,770,1871.0,2082.0
int__tai20_20_01,1642,771,1997.0,2274.0
int__tai20_20_01,1642,772,1856.0,2109.0
int__tai20_20_01,1642,773,1840.0,2098.0
int__tai20_20_01,1642,774,1861.0,2094.0
int__tai20_20_01,1642,775,1811.0,2019.0
int__tai20_20_01,1642,776,1825.0,2067.0
int__tai20_20_01,1642,777,1814.0,2066.0
int__tai20_20_01,1642,778,1876.0,2148.0
int__tai20_20_01,1642,779,1864.0,2074.0
int__tai20_20_01,1642,780,2026.0,2230.0
int__tai20_20_01,1642,781,1975.0,2226.0
int__tai20_20_01,1642,782,1836.0,2041.0
int__tai20_20_01,1642,783,1874.0,2126.0
int__tai20_20_01,1642,784,1846.0,2122.0
int__tai20_20_01,1642,785,1810.0,2029.0
int__tai20_20_01,1642,786,1914.0,2105.0
int__tai20_20_01,1642,787,1907.0,2138.0
int__tai20_20_01,1642,788,1915.0,2173.0
int__tai20_20_01,1642,789,1885.0,2145.0
int__tai20_20_01,1642,790,1939.0,2181.0
int__tai20_20_01,1642,791,2014.0,2284.0
int__tai20_20_01,1642,792,1854.0,2101.0
int__tai20_20_01,1642,793,1912.0,2172.0
int__tai20_20_01,1642,794,1940.0,2147.0
int__tai20_20_01,1642,795,1883.0,2132.0
int__tai20_20_01,1642,796,1849.0,2075.0
int__tai20_20_01,1642,797,1986.0,2209.0
int__tai20_20_01,1642,798,1820.0,2046.0
int__tai20_20_01,1642,799,2006.0,2210.0
int__tai20_20_01,1642,800,1878.0,2121.0
int__tai20_20_01,1642,801,1971.0,2214.0
int__tai20_20_01,1642,802,1869.0,2164.0
int__tai20_20_01,1642,803,1953.0,2131.0
int__tai20_20_01,1642,804,1842.0,2087.0
int__tai20_20_01,1642,805,1879.0,2108.0
int__tai20_20_01,1642,806,1933.0,2207.0
int__tai20_20_01,1642,807,1862.0,2122.0
int__tai20_20_01,1642,808,1959.0,2221.0
int__tai20_20_01,1642,809,1941.0,2164.0
int__tai20_20_01,1642,810,1882.0,2152.0
int__tai20_20_01,1642,811,1896.0,2096.0
int__tai20_20_01,1642,812,1914.0,2164.0
int__tai20_20_01,1642,813,1959.0,2244.0
int__tai20_20_01,1642,814,1792.0,2049.0
int__tai20_20_01,1642,815,1825.0,2065.0
int__tai20_20_01,1642,816,1915.0,2187.0
int__tai20_20_01,1642,817,1928.0,2145.0
int__tai20_20_01,1642,818,1912.0,2119.0
int__tai20_20_01,1642,819,2006.0,2230.0
int__tai20_20_01,1642,820,1962.0,2229.0
int__tai20_20_01,1642,821,1870.0,2170.0
int__tai20_20_01,1642,822,1867.0,2115.0
int__tai20_20_01,1642,823,1843.0,2096.0
int__tai20_20_01,1642,824,1937.0,2207.0
int__tai20_20_01,1642,825,1853.0,2098.0
int__tai20_20_01,1642,826,2032.0,2274.0
int__tai20_20_01,1642,827,1854.0,2064.0
int__tai20_20_01,1642,828,1835.0,2065.0
int__tai20_20_01,1642,829,1902.0,2131.0
int__tai20_20_01,1642,830,1878.0,2104.0
int__tai20_20_01,1642,831,1927.0,2204.0
int__tai20_20_01,1642,832,1937.0,2150.0
int__tai20_20_01,1642,833,1829.0,2078.0
int__tai20_20_01,1642,834,1906.0,2144.0
int__tai20_20_01,1642,835,1912.0,2178.0
int__tai20_20_01,1642,836,1934.0,2177.0
int__tai20_20_01,1642,837,2011.0,2307.0
int__tai20_20_01,1642,838,1918.0,2153.0
int__tai20_20_01,1642,839,1906.0,2145.0
int__tai20_20_01,1642,840,1953.0,2223.0
int__tai20_20_01,1642,841,1964.0,2203.0
int__tai20_20_01,1642,842,2014.0,2187.0
int__tai20_20_01,1642,843,1842.0,2078.0
int__tai20_20_01,1642,844,1950.0,2229.0
int__tai20_20_01,1642,845,1833.0,2066.0
int__tai20_20_01,1642,846,1800.0,2036.0
int__tai20_20_01,1642,847,1991.0,2252.0
int__tai20_20_01,1642,848,1876.0,2132.0
int__tai20_20_01,1642,849,1999.0,2270.0
int__tai20_20_01,1642,850,1971.0,2217.0
int__tai20_20_01,1642,851,1866.0,2071.0
int__tai20_20_01,1642,852,1937.0,2187.0
int__tai20_20_01,1642,853,2025.0,2286.0
int__tai20_20_01,1642,854,1926.0,2124.0
int__tai20_20_01,1642,855,1948.0,2195.0
int__tai20_20_01,1642,856,1957.0,2219.0
int__tai20_20_01,1642,857,1861.0,2152.0
int__tai20_20_01,1642,858,1946.0,2169.0
int__tai20_20_01,1642,859,1838.0,2089.0
int__tai20_20_01,1642,860,1998.0,2213.0
int__tai20_20_01,1642,861,1904.0,2184.0
int__tai20_20_01,1642,862,2022.0,2275.0
int__tai20_20_01,1642,863,1944.0,2234.0
int__tai20_20_01,1642,864,1855.0,2094.0
int__tai20_20_01,1642,865,1934.0,2172.0
int__tai20_20_01,1642,866,1831.0,2101.0
int__tai20_20_01,1642,867,1923.0,2121.0
int__tai20_20_01,1642,868,1873.0,2093.0
int__tai20_20_01,1642,869,1882.0,2138.0
int__tai20_20_01,1642,870,1978.0,2227.0
int__tai20_20_01,1642,871,1915.0,2140.0
int__tai20_20_01,1642,872,1865.0,2086.0
int__tai20_20_01,1642,873,1968.0,2218.0
int__tai20_20_01,1642,874,1856.0,2044.0
int__tai20_20_01,1642,875,1897.0,2164.0
int__tai20_20_01,1642,876,1898.0,2156.0
int__tai20_20_01,1642,877,2025.0,2265.0
int__tai20_20_01,1642,878,1861.0,2120.0
int__tai20_20_01,1642,879,1883.0,2118.0
int__tai20_20_01,1642,880,1913.0,2123.0
int__tai20_20_01,1642,881,1867.0,2044.0
int__tai20_20_01,1642,882,1856.0,2068.0
int__tai20_20_01,1642,883,1837.0,2092.0
int__tai20_20_01,1642,884,1907.0,2134.0
int__tai20_20_01,1642,885,1811.0,2027.0
int__tai20_20_01,1642,886,1911.0,2133.0
int__tai20_20_01,1642,887,1964.0,2253.0
int__tai20_20_01,1642,888,2005.0,2256.0
int__tai20_20_01,1642,889,1887.0,2166.0
int__tai20_20_01,1642,890,1898.0,2107.0
int__tai20_20_01,1642,891,1867.0,2103.0
int__tai20_20_01,1642,892,1857.0,2114.0
int__tai20_20_01,1642,893,1969.0,2265.0
int__tai20_20_01,1642,894,1931.0,2140.0
int__tai20_20_01,1642,895,1944.0,2184.0
int__tai20_20_01,1642,896,1765.0,2022.0
int__tai20_20_01,1642,897,1970.0,2230.0
int__tai20_20_01,1642,898,1906.0,2093.0
int__tai20_20_01,1642,899,1931.0,2157.0
int__tai20_20_01,1642,900,1922.0,2193.0
int__tai20_20_01,1642,901,1886.0,2144.0
int__tai20_20_01,1642,902,1925.0,2187.0
int__tai20_20_01,1642,903,1919.0,2161.0
int__tai20_20_01,1642,904,1886.0,2134.0
int__tai20_20_01,1642,905,1892.0,2135.0
int__tai20_20_01,1642,906,1837.0,2081.0
int__tai20_20_01,1642,907,1922.0,2133.0
int__tai20_20_01,1642,908,1881.0,2109.0
int__tai20_20_01,1642,909,1969.0,2205.0
int__tai20_20_01,1642,910,1882.0,2120.0
int__tai20_20_01,1642,911,1828.0,2041.0
int__tai20_20_01,1642,912,1841.0,2095.0
int__tai20_20_01,1642,913,1863.0,2064.0
int__tai20_20_01,1642,914,1923.0,2153.0
int__tai20_20_01,1642,915,1898.0,2104.0
int__tai20_20_01,1642,916,1913.0,2125.0
int__tai20_20_01,1642,917,2093.0,2274.0
int__tai20_20_01,1642,918,1872.0,2097.0
int__tai20_20_01,1642,919,1880.0,2137.0
int__tai20_20_01,1642,920,2081.0,2339.0
int__tai20_20_01,1642,921,2001.0,2228.0
int__tai20_20_01,1642,922,1819.0,2036.0
int__tai20_20_01,1642,923,1924.0,2161.0
int__tai20_20_01,1642,924,1852.0,2095.0
int__tai20_20_01,1642,925,1943.0,2236.0
int__tai20_20_01,1642,926,1834.0,2048.0
int__tai20_20_01,1642,927,1961.0,2181.0
int__tai20_20_01,1642,928,1864.0,2096.0
int__tai20_20_01,1642,929,1864.0,2077.0
int__tai20_20_01,1642,930,1939.0,2213.0
int__tai20_20_01,1642,931,1838.0,2100.0
int__tai20_20_01,1642,932,1892.0,2139.0
int__tai20_20_01,1642,933,1900.0,2114.0
int__tai20_20_01,1642,934,1943.0,2188.0
int__tai20_20_01,1642,935,1853.0,2069.0
int__tai20_20_01,1642,936,1880.0,2098.0
int__tai20_20_01,1642,937,1874.0,2098.0
int__tai20_20_01,1642,938,1852.0,2049.0
int__tai20_20_01,1642,939,1921.0,2154.0
int__tai20_20_01,1642,940,1878.0,2087.0
int__tai20_20_01,1642,941,1953.0,2171.0
int__tai20_20_01,1642,942,1945.0,2214.0
int__tai20_20_01,1642,943,1876.0,2117.0
int__tai20_20_01,1642,944,1912.0,2138.0
int__tai20_20_01,1642,945,1987.0,2233.0
int__tai20_20_01,1642,946,1909.0,2132.0
int__tai20_20_01,1642,947,1864.0,2111.0
int__tai20_20_01,1642,948,1878.0,2094.0
int__tai20_20_01,1642,949,1904.0,2202.0
int__tai20_20_01,1642,950,1987.0,2237.0
int__tai20_20_01,1642,951,1797.0,2023.0
int__tai20_20_01,1642,952,1854.0,2104.0
int__tai20_20_01,1642,953,1922.0,2194.0
int__tai20_20_01,1642,954,1838.0,2065.0
int__tai20_20_01,1642,955,1971.0,2176.0
int__tai20_20_01,1642,956,1855.0,2087.0
int__tai20_20_01,1642,957,1841.0,2051.0
int__tai20_20_01,1642,958,1854.0,2083.0
int__tai20_20_01,1642,959,1827.0,2059.0
int__tai20_20_01,1642,960,1781.0,2009.0
int__tai20_20_01,1642,961,1872.0,2074.0
int__tai20_20_01,1642,962,1895.0,2140.0
int__tai20_20_01,1642,963,1906.0,2122.0
int__tai20_20_01,1642,964,1973.0,2210.0
int__tai20_20_01,1642,965,1887.0,2170.0
int__tai20_20_01,1642,966,1975.0,2219.0
int__tai20_20_01,1642,967,1813.0,2049.0
int__tai20_20_01,1642,968,1864.0,2145.0
int__tai20_20_01,1642,969,1858.0,2129.0
int__tai20_20_01,1642,970,1850.0,2062.0
int__tai20_20_01,1642,971,1992.0,2219.0
int__tai20_20_01,1642,972,1868.0,2098.0
int__tai20_20_01,1642,973,1900.0,2131.0
int__tai20_20_01,1642,974,1889.0,2145.0
int__tai20_20_01,1642,975,1946.0,2203.0
int__tai20_20_01,1642,976,1946.0,2147.0
int__tai20_20_01,1642,977,1918.0,2193.0
int__tai20_20_01,1642,978,1895.0,2166.0
int__tai20_20_01,1642,979,1837.0,2064.0
int__tai20_20_01,1642,980,2059.0,2357.0
int__tai20_20_01,1642,981,1924.0,2168.0
int__tai20_20_01,1642,982,1988.0,2230.0
int__tai20_20_01,1642,983,1833.0,2039.0
int__tai20_20_01,1642,984,1857.0,2099.0
int__tai20_20_01,1642,985,1852.0,2074.0
int__tai20_20_01,1642,986,1848.0,2097.0
int__tai20_20_01,1642,987,1950.0,2167.0
int__tai20_20_01,1642,988,1885.0,2120.0
int__tai20_20_01,1642,989,1865.0,2121.0
int__tai20_20_01,1642,990,1820.0,2045.0
int__tai20_20_01,1642,991,1839.0,2081.0
int__tai20_20_01,1642,992,1962.0,2215.0
int__tai20_20_01,1642,993,1864.0,2102.0
int__tai20_20_01,1642,994,1879.0,2146.0
int__tai20_20_01,1642,995,1936.0,2165.0
int__tai20_20_01,1642,996,1844.0,2074.0
int__tai20_20_01,1642,997,1930.0,2186.0
int__tai20_20_01,1642,998,1881.0,2128.0
int__tai20_20_01,1642,999,1973.0,2255.0
int__tai20_20_01,1642,1000,1827.0,2076.0
int__tai20_20_01,1642,1001,1817.0,2070.0
int__tai20_20_01,1642,1002,1877.0,2127.0
int__tai20_20_01,1642,1003,1887.0,2163.0
int__tai20_20_01,1642,1004,1882.0,2136.0
int__tai20_20_01,1642,1005,1884.0,2125.0
int__tai20_20_01,1642,1006,1889.0,2125.0
int__tai20_20_01,1642,1007,1879.0,2107.0
int__tai20_20_01,1642,1008,1912.0,2143.0
int__tai20_20_01,1642,1009,1919.0,2134.0
int__tai20_20_01,1642,1010,1866.0,2124.0
int__tai20_20_01,1642,1011,1860.0,2121.0
int__tai20_20_01,1642,1012,1911.0,2145.0
int__tai20_20_01,1642,1013,1901.0,2112.0
int__tai20_20_01,1642,1014,1883.0,2127.0
int__tai20_20_01,1642,1015,1887.0,2145.0
int__tai20_20_01,1642,1016,1893.0,2103.0
int__tai20_20_01,1642,1017,1899.0,2178.0
int__tai20_20_01,1642,1018,1945.0,2161.0
int__tai20_20_01,1642,1019,1961.0,2188.0
int__tai20_20_01,1642,1020,1812.0,2093.0
int__tai20_20_01,1642,1021,1884.0,2101.0
int__tai20_20_01,1642,1022,2022.0,2259.0
int__tai20_20_01,1642,1023,1908.0,2137.0
int__tai20_20_07,1652,0,1910.0,2102.0
int__tai20_20_07,1652,1,2002.0,2178.0
int__tai20_20_07,1652,2,1937.0,2164.0
int__tai20_20_07,1652,3,1971.0,2191.0
int__tai20_20_07,1652,4,2011.0,2231.0
int__tai20_20_07,1652,5,2002.0,2241.0
int__tai20_20_07,1652,6,2061.0,2253.0
int__tai20_20_07,1652,7,1945.0,2163.0
int__tai20_20_07,1652,8,1934.0,2135.0
int__tai20_20_07,1652,9,1981.0,2182.0
int__tai20_20_07,1652,10,2011.0,2225.0
int__tai20_20_07,1652,11,2125.0,2386.0
int__tai20_20_07,1652,12,1980.0,2177.0
int__tai20_20_07,1652,13,1840.0,2048.0
int__tai20_20_07,1652,14,2002.0,2270.0
int__tai20_20_07,1652,15,2005.0,2236.0
int__tai20_20_07,1652,16,1917.0,2111.0
int__tai20_20_07,1652,17,2051.0,2301.0
int__tai20_20_07,1652,18,1917.0,2132.0
int__tai20_20_07,1652,19,1970.0,2194.0
int__tai20_20_07,1652,20,2046.0,2275.0
int__tai20_20_07,1652,21,1920.0,2118.0
int__tai20_20_07,1652,22,2020.0,2244.0
int__tai20_20_07,1652,23,1915.0,2125.0
int__tai20_20_07,1652,24,1940.0,2155.0
int__tai20_20_07,1652,25,1954.0,2155.0
int__tai20_20_07,1652,26,2033.0,2251.0
int__tai20_20_07,1652,27,1905.0,2124.0
int__tai20_20_07,1652,28,1946.0,2146.0
int__tai20_20_07,1652,29,1974.0,2192.0
int__tai20_20_07,1652,30,1917.0,2137.0
int__tai20_20_07,1652,31,1923.0,2130.0
int__tai20_20_07,1652,32,1965.0,2188.0
int__tai20_20_07,1652,33,1922.0,2139.0
int__tai20_20_07,1652,34,2072.0,2298.0
int__tai20_20_07,1652,35,2037.0,2242.0
int__tai20_20_07,1652,36,1975.0,2231.0
int__tai20_20_07,1652,37,2014.0,2214.0
int__tai20_20_07,1652,38,1978.0,2232.0
int__tai20_20_07,1652,39,1941.0,2169.0
int__tai20_20_07,1652,40,1896.0,2113.0
int__tai20_20_07,1652,41,1950.0,2152.0
int__tai20_20_07,1652,42,2071.0,2303.0
int__tai20_20_07,1652,43,2023.0,2255.0
int__tai20_20_07,1652,44,1926.0,2108.0
int__tai20_20_07,1652,45,1942.0,2157.0
int__tai20_20_07,1652,46,1991.0,2220.0
int__tai20_20_07,1652,47,1968.0,2185.0
int__tai20_20_07,1652,48,1978.0,2187.0
int__tai20_20_07,1652,49,2039.0,2221.0
int__tai20_20_07,1652,50,1913.0,2135.0
int__tai20_20_07,1652,51,1996.0,2202.0
int__tai20_20_07,1652,52,1937.0,2138.0
int__tai20_20_07,1652,53,2029.0,2245.0
int__tai20_20_07,1652,54,1891.0,2092.0
int__tai20_20_07,1652,55,1920.0,2134.0
int__tai20_20_07,1652,56,1972.0,2177.0
int__tai20_20_07,1652,57,2054.0,2316.0
int__tai20_20_07,1652,58,1912.0,2177.0
int__tai20_20_07,1652,59,1930.0,2139.0
int__tai20_20_07,1652,60,1906.0,2118.0
int__tai20_20_07,1652,61,1950.0,2169.0
int__tai20_20_07,1652,62,1967.0,2183.0
int__tai20_20_07,1652,63,1908.0,2144.0
int__tai20_20_07,1652,64,1998.0,2204.0
int__tai20_20_07,1652,65,1883.0,2075.0
int__tai20_20_07,1652,66,2041.0,2237.0
int__tai20_20_07,1652,67,1935.0,2160.0
int__tai20_20_07,1652,68,2089.0,2289.0
int__tai20_20_07,1652,69,1948.0,2168.0
int__tai20_20_07,1652,70,1990.0,2229.0
int__tai20_20_07,1652,71,2003.0,2194.0
int__tai20_20_07,1652,72,1958.0,2190.0
int__tai20_20_07,1652,73,2016.0,2262.0
int__tai20_20_07,1652,74,1855.0,2076.0
int__tai20_20_07,1652,75,1909.0,2163.0
int__tai20_20_07,1652,76,1906.0,2108.0
int__tai20_20_07,1652,77,2044.0,2282.0
int__tai20_20_07,1652,78,2066.0,2268.0
int__tai20_20_07,1652,79,1945.0,2169.0
int__tai20_20_07,1652,80,2035.0,2254.0
int__tai20_20_07,1652,81,1933.0,2189.0
int__tai20_20_07,1652,82,1993.0,2216.0
int__tai20_20_07,1652,83,1960.0,2161.0
int__tai20_20_07,1652,84,2043.0,2262.0
int__tai20_20_07,1652,85,2014.0,2237.0
int__tai20_20_07,1652,86,2008.0,2223.0
int__tai20_20_07,1652,87,2052.0,2277.0
int__tai20_20_07,1652,88,1962.0,2215.0
int__tai20_20_07,1652,89,1890.0,2108.0
int__tai20_20_07,1652,90,1922.0,2165.0
int__tai20_20_07,1652,91,1907.0,2112.0
int__tai20_20_07,1652,92,1944.0,2180.0
int__tai20_20_07,1652,93,1957.0,2180.0
int__tai20_20_07,1652,94,1994.0,2200.0
int__tai20_20_07,1652,95,1961.0,2163.0
int__tai20_20_07,1652,96,2027.0,2264.0
int__tai20_20_07,1652,97,2053.0,2277.0
int__tai20_20_07,1652,98,1965.0,2224.0
int__tai20_20_07,1652,99,1911.0,2138.0
int__tai20_20_07,1652,100,2004.0,2210.0
int__tai20_20_07,1652,101,1956.0,2150.0
int__tai20_20_07,1652,102,2039.0,2219.0
int__tai20_20_07,1652,103,1906.0,2113.0
int__tai20_20_07,1652,104,1965.0,2131.0
int__tai20_20_07,1652,105,1936.0,2140.0
int__tai20_20_07,1652,106,2057.0,2279.0
int__tai20_20_07,1652,107,1946.0,2174.0
int__tai20_20_07,1652,108,2065.0,2299.0
int__tai20_20_07,1652,109,2001.0,2203.0
int__tai20_20_07,1652,110,2140.0,2368.0
int__tai20_20_07,1652,111,2016.0,2236.0
int__tai20_20_07,1652,112,1922.0,2129.0
int__tai20_20_07,1652,113,1967.0,2231.0
int__tai20_20_07,1652,114,1934.0,2119.0
int__tai20_20_07,1652,115,1929.0,2139.0
int__tai20_20_07,1652,116,2019.0,2249.0
int__tai20_20_07,1652,117,1944.0,2135.0
int__tai20_20_07,1652,118,1950.0,2154.0
int__tai20_20_07,1652,119,2123.0,2326.0
int__tai20_20_07,1652,120,2065.0,2293.0
int__tai20_20_07,1652,121,2021.0,2241.0
int__tai20_20_07,1652,122,2045.0,2249.0
int__tai20_20_07,1652,123,1853.0,2096.0
int__tai20_20_07,1652,124,1921.0,2125.0
int__tai20_20_07,1652,125,2052.0,2292.0
int__tai20_20_07,1652,126,2181.0,2444.0
int__tai20_20_07,1652,127,1979.0,2197.0
int__tai20_20_07,1652,128,2013.0,2255.0
int__tai20_20_07,1652,129,1965.0,2184.0
int__tai20_20_07,1652,130,1921.0,2094.0
int__tai20_20_07,1652,131,1909.0,2145.0
int__tai20_20_07,1652,132,2026.0,2253.0
int__tai20_20_07,1652,133,1972.0,2196.0
int__tai20_20_07,1652,134,1895.0,2152.0
int__tai20_20_07,1652,135,1902.0,2146.0
int__tai20_20_07,1652,136,1912.0,2163.0
int__tai20_20_07,1652,137,2027.0,2257.0
int__tai20_20_07,1652,138,1910.0,2124.0
int__tai20_20_07,1652,139,1964.0,2196.0
int__tai20_20_07,1652,140,1981.0,2190.0
int__tai20_20_07,1652,141,1935.0,2168.0
int__tai20_20_07,1652,142,1988.0,2200.0
int__tai20_20_07,1652,143,1920.0,2113.0
int__tai20_20_07,1652,144,1929.0,2157.0
int__tai20_20_07,1652,145,1953.0,2183.0
int__tai20_20_07,1652,146,2024.0,2219.0
int__tai20_20_07,1652,147,1923.0,2139.0
int__tai20_20_07,1652,148,1963.0,2166.0
int__tai20_20_07,1652,149,1991.0,2227.0
int__tai20_20_07,1652,150,1890.0,2086.0
int__tai20_20_07,1652,151,1905.0,2133.0
int__tai20_20_07,1652,152,1953.0,2164.0
int__tai20_20_07,1652,153,1902.0,2169.0
int__tai20_20_07,1652,154,1876.0,2096.0
int__tai20_20_07,1652,155,1896.0,2131.0
int__tai20_20_07,1652,156,1914.0,2100.0
int__tai20_20_07,1652,157,1918.0,2141.0
int__tai20_20_07,1652,158,1955.0,2170.0
int__tai20_20_07,1652,159,2122.0,2417.0
int__tai20_20_07,1652,160,2027.0,2242.0
int__tai20_20_07,1652,161,1882.0,2111.0
int__tai20_20_07,1652,162,2036.0,2228.0
int__tai20_20_07,1652,163,2007.0,2247.0
int__tai20_20_07,1652,164,1981.0,2209.0
int__tai20_20_07,1652,165,1956.0,2203.0
int__tai20_20_07,1652,166,1923.0,2144.0
int__tai20_20_07,1652,167,1923.0,2180.0
int__tai20_20_07,1652,168,1930.0,2182.0
int__tai20_20_07,1652,169,1984.0,2157.0
int__tai20_20_07,1652,170,1993.0,2195.0
int__tai20_20_07,1652,171,1938.0,2171.0
int__tai20_20_07,1652,172,1983.0,2197.0
int__tai20_20_07,1652,173,1904.0,2147.0
int__tai20_20_07,1652,174,1909.0,2104.0
int__tai20_20_07,1652,175,2010.0,2207.0
int__tai20_20_07,1652,176,1957.0,2148.0
int__tai20_20_07,1652,177,1860.0,2060.0
int__tai20_20_07,1652,178,1939.0,2148.0
int__tai20_20_07,1652,179,2008.0,2234.0
int__tai20_20_07,1652,180,1953.0,2182.0
int__tai20_20_07,1652,181,2015.0,2271.0
int__tai20_20_07,1652,182,1970.0,2163.0
int__tai20_20_07,1652,183,1950.0,2181.0
int__tai20_20_07,1652,184,1958.0,2147.0
int__tai20_20_07,1652,185,2013.0,2212.0
int__tai20_20_07,1652,186,2017.0,2221.0
int__tai20_20_07,1652,187,1936.0,2185.0
int__tai20_20_07,1652,188,2028.0,2271.0
int__tai20_20_07,1652,189,1970.0,2189.0
int__tai20_20_07,1652,190,1926.0,2171.0
int__tai20_20_07,1652,191,1967.0,2181.0
int__tai20_20_07,1652,192,2023.0,2235.0
int__tai20_20_07,1652,193,1883.0,2102.0
int__tai20_20_07,1652,194,1873.0,2094.0
int__tai20_20_07,1652,195,1997.0,2201.0
int__tai20_20_07,1652,196,1938.0,2156.0
int__tai20_20_07,1652,197,1947.0,2158.0
int__tai20_20_07,1652,198,1926.0,2141.0
int__tai20_20_07,1652,199,2004.0,2251.0
int__tai20_20_07,1652,200,1863.0,2081.0
int__tai20_20_07,1652,201,1886.0,2088.0
int__tai20_20_07,1652,202,2081.0,2284.0
int__tai20_20_07,1652,203,1971.0,2150.0
int__tai20_20_07,1652,204,1866.0,2095.0
int__tai20_20_07,1652,205,2083.0,2309.0
int__tai20_20_07,1652,206,1894.0,2107.0
int__tai20_20_07,1652,207,2009.0,2211.0
int__tai20_20_07,1652,208,1943.0,2156.0
int__tai20_20_07,1652,209,1857.0,2078.0
int__tai20_20_07,1652,210,2101.0,2343.0
int__tai20_20_07,1652,211,1900.0,2113.0
int__tai20_20_07,1652,212,1895.0,2149.0
int__tai20_20_07,1652,213,1981.0,2192.0
int__tai20_20_07,1652,214,1958.0,2165.0
int__tai20_20_07,1652,215,1980.0,2208.0
int__tai20_20_07,1652,216,1992.0,2192.0
int__tai20_20_07,1652,217,1949.0,2174.0
int__tai20_20_07,1652,218,2081.0,2295.0
int__tai20_20_07,1652,219,1920.0,2089.0
int__tai20_20_07,1652,220,2043.0,2276.0
int__tai20_20_07,1652,221,1951.0,2166.0
int__tai20_20_07,1652,222,1896.0,2105.0
int__tai20_20_07,1652,223,1948.0,2160.0
int__tai20_20_07,1652,224,1948.0,2189.0
int__tai20_20_07,1652,225,1945.0,2167.0
int__tai20_20_07,1652,226,1979.0,2225.0
int__tai20_20_07,1652,227,1998.0,2202.0
int__tai20_20_07,1652,228,1903.0,2142.0
int__tai20_20_07,1652,229,1945.0,2188.0
int__tai20_20_07,1652,230,1918.0,2123.0
int__tai20_20_07,1652,231,1962.0,2177.0
int__tai20_20_07,1652,232,1926.0,2164.0
int__tai20_20_07,1652,233,1962.0,2167.0
int__tai20_20_07,1652,234,1981.0,2177.0
int__tai20_20_07,1652,235,1928.0,2153.0
int__tai20_20_07,1652,236,1922.0,2148.0
int__tai20_20_07,1652,237,2046.0,2302.0
int__tai20_20_07,1652,238,1937.0,2184.0
int__tai20_20_07,1652,239,1957.0,2183.0
int__tai20_20_07,1652,240,1912.0,2133.0
int__tai20_20_07,1652,241,2025.0,2241.0
int__tai20_20_07,1652,242,1999.0,2220.0
int__tai20_20_07,1652,243,1858.0,2057.0
int__tai20_20_07,1652,244,1959.0,2153.0
int__tai20_20_07,1652,245,2033.0,2242.0
int__tai20_20_07,1652,246,2136.0,2362.0
int__tai20_20_07,1652,247,2077.0,2292.0
int__tai20_20_07,1652,248,1893.0,2064.0
int__tai20_20_07,1652,249,2054.0,2275.0
int__tai20_20_07,1652,250,1982.0,2260.0
int__tai20_20_07,1652,251,2009.0,2276.0
int__tai20_20_07,1652,252,1923.0,2142.0
int__tai20_20_07,1652,253,1928.0,2149.0
int__tai20_20_07,1652,254,1909.0,2149.0
int__tai20_20_07,1652,255,1927.0,2156.0
int__tai20_20_07,1652,256,1954.0,2213.0
int__tai20_20_07,1652,257,1968.0,2170.0
int__tai20_20_07,1652,258,2041.0,2242.0
int__tai20_20_07,1652,259,1997.0,2203.0
int__tai20_20_07,1652,260,2004.0,2212.0
int__tai20_20_07,1652,261,2003.0,2243.0
int__tai20_20_07,1652,262,2071.0,2252.0
int__tai20_20_07,1652,263,1995.0,2207.0
int__tai20_20_07,1652,264,2014.0,2253.0
int__tai20_20_07,1652,265,1862.0,2094.0
int__tai20_20_07,1652,266,2044.0,2218.0
int__tai20_20_07,1652,267,1975.0,2191.0
int__tai20_20_07,1652,268,1961.0,2210.0
int__tai20_20_07,1652,269,1953.0,2190.0
int__tai20_20_07,1652,270,1932.0,2155.0
int__tai20_20_07,1652,271,1986.0,2254.0
int__tai20_20_07,1652,272,2023.0,2232.0
int__tai20_20_07,1652,273,1973.0,2218.0
int__tai20_20_07,1652,274,1961.0,2158.0
int__tai20_20_07,1652,275,2080.0,2312.0
int__tai20_20_07,1652,276,1846.0,2074.0
int__tai20_20_07,1652,277,1991.0,2245.0
int__tai20_20_07,1652,278,1989.0,2218.0
int__tai20_20_07,1652,279,1965.0,2155.0
int__tai20_20_07,1652,280,1988.0,2197.0
int__tai20_20_07,1652,281,1865.0,2078.0
int__tai20_20_07,1652,282,1900.0,2086.0
int__tai20_20_07,1652,283,2049.0,2289.0
int__tai20_20_07,1652,284,1932.0,2146.0
int__tai20_20_07,1652,285,2028.0,2241.0
int__tai20_20_07,1652,286,2010.0,2235.0
int__tai20_20_07,1652,287,1910.0,2123.0
int__tai20_20_07,1652,288,2054.0,2320.0
int__tai20_20_07,1652,289,1908.0,2120.0
int__tai20_20_07,1652,290,1934.0,2132.0
int__tai20_20_07,1652,291,1996.0,2217.0
int__tai20_20_07,1652,292,2005.0,2199.0
int__tai20_20_07,1652,293,2074.0,2266.0
int__tai20_20_07,1652,294,2013.0,2259.0
int__tai20_20_07,1652,295,1996.0,2259.0
int__tai20_20_07,1652,296,1854.0,2074.0
int__tai20_20_07,1652,297,1873.0,2128.0
int__tai20_20_07,1652,298,1968.0,2198.0
int__tai20_20_07,1652,299,1924.0,2164.0
int__tai20_20_07,1652,300,2012.0,2223.0
int__tai20_20_07,1652,301,1953.0,2206.0
int__tai20_20_07,1652,302,1962.0,2222.0
int__tai20_20_07,1652,303,1965.0,2185.0
int__tai20_20_07,1652,304,1975.0,2223.0
int__tai20_20_07,1652,305,1978.0,2197.0
int__tai20_20_07,1652,306,1926.0,2161.0
int__tai20_20_07,1652,307,1989.0,2231.0
int__tai20_20_07,1652,308,1945.0,2202.0
int__tai20_20_07,1652,309,1941.0,2166.0
int__tai20_20_07,1652,310,1981.0,2205.0
int__tai20_20_07,1652,311,1803.0,2034.0
int__tai20_20_07,1652,312,2056.0,2294.0
int__tai20_20_07,1652,313,1932.0,2130.0
int__tai20_20_07,1652,314,1943.0,2156.0
int__tai20_20_07,1652,315,1947.0,2161.0
int__tai20_20_07,1652,316,2063.0,2307.0
int__tai20_20_07,1652,317,1898.0,2089.0
int__tai20_20_07,1652,318,2024.0,2256.0
int__tai20_20_07,1652,319,1977.0,2203.0
int__tai20_20_07,1652,320,2008.0,2210.0
int__tai20_20_07,1652,321,2121.0,2383.0
int__tai20_20_07,1652,322,2009.0,2208.0
int__tai20_20_07,1652,323,2005.0,2226.0
int__tai20_20_07,1652,324,1942.0,2186.0
int__tai20_20_07,1652,325,2031.0,2265.0
int__tai20_20_07,1652,326,1885.0,2109.0
int__tai20_20_07,1652,327,2079.0,2345.0
int__tai20_20_07,1652,328,2032.0,2252.0
int__tai20_20_07,1652,329,1928.0,2120.0
int__tai20_20_07,1652,330,2027.0,2257.0
int__tai20_20_07,1652,331,1933.0,2128.0
int__tai20_20_07,1652,332,1921.0,2125.0
int__tai20_20_07,1652,333,2104.0,2370.0
int__tai20_20_07,1652,334,2027.0,2252.0
int__tai20_20_07,1652,335,1947.0,2175.0
int__tai20_20_07,1652,336,1944.0,2148.0
int__tai20_20_07,1652,337,1930.0,2153.0
int__tai20_20_07,1652,338,1915.0,2122.0
int__tai20_20_07,1652,339,2029.0,2266.0
int__tai20_20_07,1652,340,2011.0,2266.0
int__tai20_20_07,1652,341,1911.0,2110.0
int__tai20_20_07,1652,342,2036.0,2266.0
int__tai20_20_07,1652,343,1909.0,2092.0
int__tai20_20_07,1652,344,2003.0,2218.0
int__tai20_20_07,1652,345,1909.0,2136.0
int__tai20_20_07,1652,346,1830.0,2043.0
int__tai20_20_07,1652,347,1948.0,2153.0
int__tai20_20_07,1652,348,1905.0,2127.0
int__tai20_20_07,1652,349,2094.0,2305.0
int__tai20_20_07,1652,350,1948.0,2136.0
int__tai20_20_07,1652,351,2033.0,2241.0
int__tai20_20_07,1652,352,1969.0,2224.0
int__tai20_20_07,1652,353,2019.0,2249.0
int__tai20_20_07,1652,354,1957.0,2173.0
int__tai20_20_07,1652,355,1960.0,2156.0
int__tai20_20_07,1652,356,1951.0,2135.0
int__tai20_20_07,1652,357,1903.0,2126.0
int__tai20_20_07,1652,358,1956.0,2169.0
int__tai20_20_07,1652,359,1941.0,2169.0
int__tai20_20_07,1652,360,1916.0,2157.0
int__tai20_20_07,1652,361,1923.0,2125.0
int__tai20_20_07,1652,362,1888.0,2114.0
int__tai20_20_07,1652,363,1990.0,2202.0
int__tai20_20_07,1652,364,2001.0,2219.0
int__tai20_20_07,1652,365,1933.0,2161.0
int__tai20_20_07,1652,366,2036.0,2289.0
int__tai20_20_07,1652,367,1936.0,2163.0
int__tai20_20_07,1652,368,2032.0,2258.0
int__tai20_20_07,1652,369,1965.0,2176.0
int__tai20_20_07,1652,370,1902.0,2129.0
int__tai20_20_07,1652,371,1918.0,2149.0
int__tai20_20_07,1652,372,1958.0,2168.0
int__tai20_20_07,1652,373,1883.0,2106.0
int__tai20_20_07,1652,374,2141.0,2368.0
int__tai20_20_07,1652,375,2023.0,2237.0
int__tai20_20_07,1652,376,1896.0,2109.0
int__tai20_20_07,1652,377,1952.0,2173.0
int__tai20_20_07,1652,378,1990.0,2205.0
int__tai20_20_07,1652,379,1983.0,2167.0
int__tai20_20_07,1652,380,1900.0,2136.0
int__tai20_20_07,1652,381,2020.0,2223.0
int__tai20_20_07,1652,382,1963.0,2174.0
int__tai20_20_07,1652,383,2012.0,2237.0
int__tai20_20_07,1652,384,1925.0,2166.0
int__tai20_20_07,1652,385,1975.0,2155.0
int__tai20_20_07,1652,386,1965.0,2177.0
int__tai20_20_07,1652,387,1911.0,2147.0
int__tai20_20_07,1652,388,2188.0,2420.0
int__tai20_20_07,1652,389,1985.0,2212.0
int__tai20_20_07,1652,390,1976.0,2212.0
int__tai20_20_07,1652,391,1945.0,2158.0
int__tai20_20_07,1652,392,1999.0,2229.0
int__tai20_20_07,1652,393,1957.0,2179.0
int__tai20_20_07,1652,394,1911.0,2107.0
int__tai20_20_07,1652,395,1986.0,2236.0
int__tai20_20_07,1652,396,1917.0,2121.0
int__tai20_20_07,1652,397,2031.0,2272.0
int__tai20_20_07,1652,398,1977.0,2222.0
int__tai20_20_07,1652,399,1895.0,2101.0
int__tai20_20_07,1652,400,1871.0,2084.0
int__tai20_20_07,1652,401,1907.0,2102.0
int__tai20_20_07,1652,402,1871.0,2055.0
int__tai20_20_07,1652,403,1973.0,2174.0
int__tai20_20_07,1652,404,1959.0,2169.0
int__tai20_20_07,1652,405,1974.0,2182.0
int__tai20_20_07,1652,406,1937.0,2174.0
int__tai20_20_07,1652,407,1880.0,2099.0
int__tai20_20_07,1652,408,1925.0,2164.0
int__tai20_20_07,1652,409,1927.0,2126.0
int__tai20_20_07,1652,410,1942.0,2162.0
int__tai20_20_07,1652,411,1984.0,2190.0
int__tai20_20_07,1652,412,1950.0,2186.0
int__tai20_20_07,1652,413,1923.0,2137.0
int__tai20_20_07,1652,414,2026.0,2263.0
int__tai20_20_07,1652,415,1949.0,2158.0
int__tai20_20_07,1652,416,1902.0,2116.0
int__tai20_20_07,1652,417,1912.0,2130.0
int__tai20_20_07,1652,418,2036.0,2224.0
int__tai20_20_07,1652,419,2025.0,2256.0
int__tai20_20_07,1652,420,2054.0,2260.0
int__tai20_20_07,1652,421,2087.0,2351.0
int__tai20_20_07,1652,422,1988.0,2189.0
int__tai20_20_07,1652,423,1976.0,2188.0
int__tai20_20_07,1652,424,1942.0,2158.0
int__tai20_20_07,1652,425,2110.0,2328.0
int__tai20_20_07,1652,426,1936.0,2185.0
int__tai20_20_07,1652,427,1968.0,2227.0
int__tai20_20_07,1652,428,2035.0,2241.0
int__tai20_20_07,1652,429,1939.0,2148.0
int__tai20_20_07,1652,430,1942.0,2155.0
int__tai20_20_07,1652,431,1952.0,2155.0
int__tai20_20_07,1652,432,2023.0,2204.0
int__tai20_20_07,1652,433,1997.0,2229.0
int__tai20_20_07,1652,434,1899.0,2137.0
int__tai20_20_07,1652,435,1896.0,2104.0
int__tai20_20_07,1652,436,2045.0,2229.0
int__tai20_20_07,1652,437,1900.0,2109.0
int__tai20_20_07,1652,438,1862.0,2065.0
int__tai20_20_07,1652,439,1946.0,2148.0
int__tai20_20_07,1652,440,1896.0,2102.0
int__tai20_20_07,1652,441,2032.0,2250.0
int__tai20_20_07,1652,442,1995.0,2228.0
int__tai20_20_07,1652,443,1925.0,2171.0
int__tai20_20_07,1652,444,1858.0,2093.0
int__tai20_20_07,1652,445,1894.0,2130.0
int__tai20_20_07,1652,446,1944.0,2185.0
int__tai20_20_07,1652,447,2019.0,2199.0
int__tai20_20_07,1652,448,1980.0,2221.0
int__tai20_20_07,1652,449,1988.0,2210.0
int__tai20_20_07,1652,450,1949.0,2157.0
int__tai20_20_07,1652,451,1994.0,2232.0
int__tai20_20_07,1652,452,1879.0,2137.0
int__tai20_20_07,1652,453,1880.0,2095.0
int__tai20_20_07,1652,454,2023.0,2267.0
int__tai20_20_07,1652,455,2053.0,2314.0
int__tai20_20_07,1652,456,1997.0,2232.0
int__tai20_20_07,1652,457,1964.0,2177.0
int__tai20_20_07,1652,458,1904.0,2130.0
int__tai20_20_07,1652,459,1965.0,2197.0
int__tai20_20_07,1652,460,1961.0,2134.0
int__tai20_20_07,1652,461,1952.0,2195.0
int__tai20_20_07,1652,462,1952.0,2141.0
int__tai20_20_07,1652,463,2028.0,2253.0
int__tai20_20_07,1652,464,2022.0,2278.0
int__tai20_20_07,1652,465,1967.0,2213.0
int__tai20_20_07,1652,466,1997.0,2227.0
int__tai20_20_07,1652,467,1926.0,2160.0
int__tai20_20_07,1652,468,1945.0,2183.0
int__tai20_20_07,1652,469,1939.0,2155.0
int__tai20_20_07,1652,470,1983.0,2179.0
int__tai20_20_07,1652,471,2002.0,2223.0
int__tai20_20_07,1652,472,1992.0,2216.0
int__tai20_20_07,1652,473,1866.0,2030.0
int__tai20_20_07,1652,474,1896.0,2129.0
int__tai20_20_07,1652,475,2006.0,2236.0
int__tai20_20_07,1652,476,1956.0,2197.0
int__tai20_20_07,1652,477,1909.0,2143.0
int__tai20_20_07,1652,478,1911.0,2136.0
int__tai20_20_07,1652,479,1895.0,2124.0
int__tai20_20_07,1652,480,2005.0,2227.0
int__tai20_20_07,1652,481,1897.0,2112.0
int__tai20_20_07,1652,482,1959.0,2199.0
int__tai20_20_07,1652,483,1993.0,2247.0
int__tai20_20_07,1652,484,2066.0,2261.0
int__tai20_20_07,1652,485,2021.0,2229.0
int__tai20_20_07,1652,486,1971.0,2192.0
int__tai20_20_07,1652,487,1903.0,2143.0
int__tai20_20_07,1652,488,1959.0,2222.0
int__tai20_20_07,1652,489,1948.0,2171.0
int__tai20_20_07,1652,490,1949.0,2169.0
int__tai20_20_07,1652,491,1904.0,2124.0
int__tai20_20_07,1652,492,2027.0,2267.0
int__tai20_20_07,1652,493,1978.0,2205.0
int__tai20_20_07,1652,494,2028.0,2199.0
int__tai20_20_07,1652,495,2079.0,2298.0
int__tai20_20_07,1652,496,1992.0,2197.0
int__tai20_20_07,1652,497,1875.0,2079.0
int__tai20_20_07,1652,498,2035.0,2313.0
int__tai20_20_07,1652,499,1986.0,2196.0
int__tai20_20_07,1652,500,1928.0,2141.0
int__tai20_20_07,1652,501,1969.0,2170.0
int__tai20_20_07,1652,502,1979.0,2203.0
int__tai20_20_07,1652,503,1927.0,2172.0
int__tai20_20_07,1652,504,1965.0,2175.0
int__tai20_20_07,1652,505,1984.0,2197.0
int__tai20_20_07,1652,506,2004.0,2207.0
int__tai20_20_07,1652,507,2130.0,2349.0
int__tai20_20_07,1652,508,1973.0,2220.0
int__tai20_20_07,1652,509,1887.0,2116.0
int__tai20_20_07,1652,510,2081.0,2298.0
int__tai20_20_07,1652,511,2059.0,2302.0
int__tai20_20_07,1652,512,1978.0,2211.0
int__tai20_20_07,1652,513,1961.0,2175.0
int__tai20_20_07,1652,514,1927.0,2126.0
int__tai20_20_07,1652,515,1936.0,2156.0
int__tai20_20_07,1652,516,1953.0,2201.0
int__tai20_20_07,1652,517,1999.0,2223.0
int__tai20_20_07,1652,518,1962.0,2172.0
int__tai20_20_07,1652,519,1988.0,2191.0
int__tai20_20_07,1652,520,1972.0,2191.0
int__tai20_20_07,1652,521,1927.0,2161.0
int__tai20_20_07,1652,522,1985.0,2204.0
int__tai20_20_07,1652,523,1999.0,2227.0
int__tai20_20_07,1652,524,2027.0,2265.0
int__tai20_20_07,1652,525,1957.0,2176.0
int__tai20_20_07,1652,526,1890.0,2095.0
int__tai20_20_07,1652,527,1983.0,2206.0
int__tai20_20_07,1652,528,2134.0,2347.0
int__tai20_20_07,1652,529,1993.0,2209.0
int__tai20_20_07,1652,530,1958.0,2186.0
int__tai20_20_07,1652,531,1972.0,2188.0
int__tai20_20_07,1652,532,2022.0,2250.0
int__tai20_20_07,1652,533,2010.0,2220.0
int__tai20_20_07,1652,534,2001.0,2219.0
int__tai20_20_07,1652,535,2003.0,2211.0
int__tai20_20_07,1652,536,1932.0,2156.0
int__tai20_20_07,1652,537,1885.0,2107.0
int__tai20_20_07,1652,538,1930.0,2157.0
int__tai20_20_07,1652,539,1992.0,2186.0
int__tai20_20_07,1652,540,1978.0,2190.0
int__tai20_20_07,1652,541,1916.0,2106.0
int__tai20_20_07,1652,542,1948.0,2175.0
int__tai20_20_07,1652,543,2081.0,2314.0
int__tai20_20_07,1652,544,1964.0,2195.0
int__tai20_20_07,1652,545,1903.0,2140.0
int__tai20_20_07,1652,546,1936.0,2164.0
int__tai20_20_07,1652,547,2086.0,2336.0
int__tai20_20_07,1652,548,1983.0,2203.0
int__tai20_20_07,1652,549,1954.0,2136.0
int__tai20_20_07,1652,550,2006.0,2232.0
int__tai20_20_07,1652,551,1949.0,2205.0
int__tai20_20_07,1652,552,1877.0,2077.0
int__tai20_20_07,1652,553,1985.0,2183.0
int__tai20_20_07,1652,554,1920.0,2094.0
int__tai20_20_07,1652,555,2041.0,2298.0
int__tai20_20_07,1652,556,2015.0,2236.0
int__tai20_20_07,1652,557,1912.0,2148.0
int__tai20_20_07,1652,558,1971.0,2223.0
int__tai20_20_07,1652,559,1890.0,2100.0
int__tai20_20_07,1652,560,1978.0,2192.0
int__tai20_20_07,1652,561,2058.0,2283.0
int__tai20_20_07,1652,562,1927.0,2139.0
int__tai20_20_07,1652,563,2007.0,2233.0
int__tai20_20_07,1652,564,2018.0,2298.0
int__tai20_20_07,1652,565,1897.0,2113.0
int__tai20_20_07,1652,566,1942.0,2177.0
int__tai20_20_07,1652,567,1892.0,2077.0
int__tai20_20_07,1652,568,1952.0,2179.0
int__tai20_20_07,1652,569,2055.0,2297.0
int__tai20_20_07,1652,570,1845.0,2050.0
int__tai20_20_07,1652,571,1947.0,2185.0
int__tai20_20_07,1652,572,1923.0,2147.0
int__tai20_20_07,1652,573,1988.0,2184.0
int__tai20_20_07,1652,574,2048.0,2268.0
int__tai20_20_07,1652,575,1931.0,2133.0
int__tai20_20_07,1652,576,2028.0,2230.0
int__tai20_20_07,1652,577,1971.0,2192.0
int__tai20_20_07,1652,578,2012.0,2258.0
int__tai20_20_07,1652,579,1945.0,2175.0
int__tai20_20_07,1652,580,1965.0,2191.0
int__tai20_20_07,1652,581,1973.0,2171.0
int__tai20_20_07,1652,582,2001.0,2226.0
int__tai20_20_07,1652,583,2006.0,2205.0
int__tai20_20_07,1652,584,1929.0,2134.0
int__tai20_20_07,1652,585,2063.0,2276.0
int__tai20_20_07,1652,586,1995.0,2249.0
int__tai20_20_07,1652,587,1946.0,2170.0
int__tai20_20_07,1652,588,1971.0,2194.0
int__tai20_20_07,1652,589,1933.0,2158.0
int__tai20_20_07,1652,590,2013.0,2211.0
int__tai20_20_07,1652,591,1942.0,2170.0
int__tai20_20_07,1652,592,1986.0,2238.0
int__tai20_20_07,1652,593,1950.0,2207.0
int__tai20_20_07,1652,594,1845.0,2118.0
int__tai20_20_07,1652,595,1952.0,2198.0
int__tai20_20_07,1652,596,1948.0,2156.0
int__tai20_20_07,1652,597,1961.0,2217.0
int__tai20_20_07,1652,598,1907.0,2131.0
int__tai20_20_07,1652,599,2110.0,2294.0
int__tai20_20_07,1652,600,1910.0,2104.0
int__tai20_20_07,1652,601,1976.0,2202.0
int__tai20_20_07,1652,602,2026.0,2250.0
int__tai20_20_07,1652,603,2031.0,2277.0
int__tai20_20_07,1652,604,1894.0,2107.0
int__tai20_20_07,1652,605,2034.0,2265.0
int__tai20_20_07,1652,606,1899.0,2126.0
int__tai20_20_07,1652,607,1878.0,2081.0
int__tai20_20_07,1652,608,1962.0,2160.0
int__tai20_20_07,1652,609,1972.0,2182.0
int__tai20_20_07,1652,610,1906.0,2118.0
int__tai20_20_07,1652,611,1861.0,2102.0
int__tai20_20_07,1652,612,1933.0,2175.0
int__tai20_20_07,1652,613,1996.0,2200.0
int__tai20_20_07,1652,614,1884.0,2075.0
int__tai20_20_07,1652,615,1886.0,2071.0
int__tai20_20_07,1652,616,1958.0,2166.0
int__tai20_20_07,1652,617,2074.0,2303.0
int__tai20_20_07,1652,618,1959.0,2202.0
int__tai20_20_07,1652,619,2058.0,2298.0
int__tai20_20_07,1652,620,2037.0,2286.0
int__tai20_20_07,1652,621,2046.0,2290.0
int__tai20_20_07,1652,622,2007.0,2248.0
int__tai20_20_07,1652,623,1984.0,2228.0
int__tai20_20_07,1652,624,1866.0,2072.0
int__tai20_20_07,1652,625,1948.0,2146.0
int__tai20_20_07,1652,626,1964.0,2184.0
int__tai20_20_07,1652,627,1906.0,2131.0
int__tai20_20_07,1652,628,1965.0,2181.0
int__tai20_20_07,1652,629,2004.0,2231.0
int__tai20_20_07,1652,630,1896.0,2143.0
int__tai20_20_07,1652,631,1957.0,2196.0
int__tai20_20_07,1652,632,2008.0,2279.0
int__tai20_20_07,1652,633,1977.0,2181.0
int__tai20_20_07,1652,634,1936.0,2166.0
int__tai20_20_07,1652,635,1919.0,2112.0
int__tai20_20_07,1652,636,1855.0,2068.0
int__tai20_20_07,1652,637,1954.0,2177.0
int__tai20_20_07,1652,638,1939.0,2132.0
int__tai20_20_07,1652,639,1825.0,2046.0
int__tai20_20_07,1652,640,2181.0,2405.0
int__tai20_20_07,1652,641,1909.0,2143.0
int__tai20_20_07,1652,642,2018.0,2238.0
int__tai20_20_07,1652,643,1930.0,2137.0
int__tai20_20_07,1652,644,1988.0,2192.0
int__tai20_20_07,1652,645,1974.0,2168.0
int__tai20_20_07,1652,646,1940.0,2141.0
int__tai20_20_07,1652,647,2047.0,2322.0
int__tai20_20_07,1652,648,1946.0,2154.0
int__tai20_20_07,1652,649,1979.0,2212.0
int__tai20_20_07,1652,650,1995.0,2194.0
int__tai20_20_07,1652,651,1909.0,2135.0
int__tai20_20_07,1652,652,2032.0,2244.0
int__tai20_20_07,1652,653,1903.0,2109.0
int__tai20_20_07,1652,654,1925.0,2151.0
int__tai20_20_07,1652,655,2032.0,2248.0
int__tai20_20_07,1652,656,2003.0,2238.0
int__tai20_20_07,1652,657,1944.0,2136.0
int__tai20_20_07,1652,658,1973.0,2192.0
int__tai20_20_07,1652,659,2006.0,2252.0
int__tai20_20_07,1652,660,1922.0,2158.0
int__tai20_20_07,1652,661,1903.0,2103.0
int__tai20_20_07,1652,662,1898.0,2092.0
int__tai20_20_07,1652,663,2055.0,2287.0
int__tai20_20_07,1652,664,1967.0,2187.0
int__tai20_20_07,1652,665,1923.0,2124.0
int__tai20_20_07,1652,666,2027.0,2275.0
int__tai20_20_07,1652,667,1980.0,2206.0
int__tai20_20_07,1652,668,1936.0,2133.0
int__tai20_20_07,1652,669,2003.0,2213.0
int__tai20_20_07,1652,670,2006.0,2216.0
int__tai20_20_07,1652,671,1911.0,2140.0
int__tai20_20_07,1652,672,1963.0,2168.0
int__tai20_20_07,1652,673,2069.0,2266.0
int__tai20_20_07,1652,674,1963.0,2214.0
int__tai20_20_07,1652,675,1985.0,2212.0
int__tai20_20_07,1652,676,2030.0,2250.0
int__tai20_20_07,1652,677,1951.0,2150.0
int__tai20_20_07,1652,678,1970.0,2172.0
int__tai20_20_07,1652,679,1968.0,2172.0
int__tai20_20_07,1652,680,1986.0,2228.0
int__tai20_20_07,1652,681,1992.0,2206.0
int__tai20_20_07,1652,682,1939.0,2179.0
int__tai20_20_07,1652,683,1935.0,2144.0
int__tai20_20_07,1652,684,2046.0,2267.0
int__tai20_20_07,1652,685,1964.0,2180.0
int__tai20_20_07,1652,686,2008.0,2247.0
int__tai20_20_07,1652,687,1896.0,2141.0
int__tai20_20_07,1652,688,1958.0,2232.0
int__tai20_20_07,1652,689,1945.0,2157.0
int__tai20_20_07,1652,690,1970.0,2190.0
int__tai20_20_07,1652,691,1989.0,2218.0
int__tai20_20_07,1652,692,1957.0,2165.0
int__tai20_20_07,1652,693,1972.0,2182.0
int__tai20_20_07,1652,694,1987.0,2207.0
int__tai20_20_07,1652,695,1966.0,2210.0
int__tai20_20_07,1652,696,1913.0,2109.0
int__tai20_20_07,1652,697,2092.0,2309.0
int__tai20_20_07,1652,698,1940.0,2164.0
int__tai20_20_07,1652,699,1958.0,2201.0
int__tai20_20_07,1652,700,1857.0,2116.0
int__tai20_20_07,1652,701,1955.0,2190.0
int__tai20_20_07,1652,702,2030.0,2233.0
int__tai20_20_07,1652,703,1948.0,2185.0
int__tai20_20_07,1652,704,1984.0,2204.0
int__tai20_20_07,1652,705,2026.0,2242.0
int__tai20_20_07,1652,706,1909.0,2161.0
int__tai20_20_07,1652,707,2034.0,2278.0
int__tai20_20_07,1652,708,1986.0,2249.0
int__tai20_20_07,1652,709,1932.0,2126.0
int__tai20_20_07,1652,710,1851.0,2057.0
int__tai20_20_07,1652,711,1980.0,2220.0
int__tai20_20_07,1652,712,2031.0,2231.0
int__tai20_20_07,1652,713,1854.0,2053.0
int__tai20_20_07,1652,714,1857.0,2052.0
int__tai20_20_07,1652,715,2027.0,2249.0
int__tai20_20_07,1652,716,2051.0,2239.0
int__tai20_20_07,1652,717,1857.0,2076.0
int__tai20_20_07,1652,718,1939.0,2164.0
int__tai20_20_07,1652,719,2076.0,2307.0
int__tai20_20_07,1652,720,1920.0,2165.0
int__tai20_20_07,1652,721,1982.0,2202.0
int__tai20_20_07,1652,722,1935.0,2168.0
int__tai20_20_07,1652,723,1958.0,2188.0
int__tai20_20_07,1652,724,1867.0,2104.0
int__tai20_20_07,1652,725,1963.0,2172.0
int__tai20_20_07,1652,726,1976.0,2186.0
int__tai20_20_07,1652,727,1940.0,2145.0
int__tai20_20_07,1652,728,1889.0,2093.0
int__tai20_20_07,1652,729,1996.0,2231.0
int__tai20_20_07,1652,730,1922.0,2163.0
int__tai20_20_07,1652,731,2107.0,2359.0
int__tai20_20_07,1652,732,1988.0,2194.0
int__tai20_20_07,1652,733,1932.0,2156.0
int__tai20_20_07,1652,734,1873.0,2081.0
int__tai20_20_07,1652,735,1970.0,2223.0
int__tai20_20_07,1652,736,2171.0,2371.0
int__tai20_20_07,1652,737,1939.0,2160.0
int__tai20_20_07,1652,738,1997.0,2268.0
int__tai20_20_07,1652,739,2053.0,2279.0
int__tai20_20_07,1652,740,1878.0,2107.0
int__tai20_20_07,1652,741,1862.0,2075.0
int__tai20_20_07,1652,742,1968.0,2183.0
int__tai20_20_07,1652,743,2081.0,2299.0
int__tai20_20_07,1652,744,1905.0,2114.0
int__tai20_20_07,1652,745,1945.0,2171.0
int__tai20_20_07,1652,746,2169.0,2374.0
int__tai20_20_07,1652,747,2031.0,2322.0
int__tai20_20_07,1652,748,1966.0,2175.0
int__tai20_20_07,1652,749,1930.0,2109.0
int__tai20_20_07,1652,750,1884.0,2121.0
int__tai20_20_07,1652,751,1944.0,2156.0
int__tai20_20_07,1652,752,1873.0,2094.0
int__tai20_20_07,1652,753,1988.0,2204.0
int__tai20_20_07,1652,754,1993.0,2165.0
int__tai20_20_07,1652,755,2073.0,2293.0
int__tai20_20_07,1652,756,1931.0,2149.0
int__tai20_20_07,1652,757,1891.0,2106.0
int__tai20_20_07,1652,758,2019.0,2245.0
int__tai20_20_07,1652,759,2036.0,2267.0
int__tai20_20_07,1652,760,1999.0,2222.0
int__tai20_20_07,1652,761,1903.0,2124.0
int__tai20_20_07,1652,762,1979.0,2202.0
int__tai20_20_07,1652,763,2013.0,2233.0
int__tai20_20_07,1652,764,2035.0,2282.0
int__tai20_20_07,1652,765,1986.0,2193.0
int__tai20_20_07,1652,766,1910.0,2142.0
int__tai20_20_07,1652,767,1844.0,2067.0
int__tai20_20_07,1652,768,1931.0,2122.0
int__tai20_20_07,1652,769,1984.0,2202.0
int__tai20_20_07,1652,770,2036.0,2239.0
int__tai20_20_07,1652,771,1977.0,2204.0
int__tai20_20_07,1652,772,2098.0,2353.0
int__tai20_20_07,1652,773,1932.0,2148.0
int__tai20_20_07,1652,774,1922.0,2126.0
int__tai20_20_07,1652,775,1978.0,2184.0
int__tai20_20_07,1652,776,1958.0,2164.0
int__tai20_20_07,1652,777,1914.0,2186.0
int__tai20_20_07,1652,778,2093.0,2334.0
int__tai20_20_07,1652,779,1969.0,2162.0
int__tai20_20_07,1652,780,1948.0,2198.0
int__tai20_20_07,1652,781,2007.0,2233.0
int__tai20_20_07,1652,782,2043.0,2251.0
int__tai20_20_07,1652,783,1867.0,2088.0
int__tai20_20_07,1652,784,1903.0,2133.0
int__tai20_20_07,1652,785,2052.0,2255.0
int__tai20_20_07,1652,786,2101.0,2317.0
int__tai20_20_07,1652,787,2075.0,2329.0
int__tai20_20_07,1652,788,2002.0,2219.0
int__tai20_20_07,1652,789,2047.0,2254.0
int__tai20_20_07,1652,790,2038.0,2279.0
int__tai20_20_07,1652,791,1894.0,2130.0
int__tai20_20_07,1652,792,1966.0,2188.0
int__tai20_20_07,1652,793,1939.0,2140.0
int__tai20_20_07,1652,794,1954.0,2130.0
int__tai20_20_07,1652,795,1843.0,2032.0
int__tai20_20_07,1652,796,1997.0,2198.0
int__tai20_20_07,1652,797,2011.0,2234.0
int__tai20_20_07,1652,798,1979.0,2177.0
int__tai20_20_07,1652,799,2052.0,2331.0
int__tai20_20_07,1652,800,1879.0,2099.0
int__tai20_20_07,1652,801,2061.0,2302.0
int__tai20_20_07,1652,802,1923.0,2137.0
int__tai20_20_07,1652,803,1947.0,2195.0
int__tai20_20_07,1652,804,2006.0,2200.0
int__tai20_20_07,1652,805,2025.0,2273.0
int__tai20_20_07,1652,806,1918.0,2144.0
int__tai20_20_07,1652,807,2054.0,2291.0
int__tai20_20_07,1652,808,1917.0,2141.0
int__tai20_20_07,1652,809,1980.0,2271.0
int__tai20_20_07,1652,810,2146.0,2395.0
int__tai20_20_07,1652,811,1977.0,2214.0
int__tai20_20_07,1652,812,1934.0,2178.0
int__tai20_20_07,1652,813,1979.0,2188.0
int__tai20_20_07,1652,814,1977.0,2206.0
int__tai20_20_07,1652,815,1964.0,2219.0
int__tai20_20_07,1652,816,1982.0,2182.0
int__tai20_20_07,1652,817,1983.0,2213.0
int__tai20_20_07,1652,818,1943.0,2158.0
int__tai20_20_07,1652,819,1963.0,2181.0
int__tai20_20_07,1652,820,1935.0,2153.0
int__tai20_20_07,1652,821,2000.0,2228.0
int__tai20_20_07,1652,822,1922.0,2160.0
int__tai20_20_07,1652,823,1946.0,2090.0
int__tai20_20_07,1652,824,2009.0,2238.0
int__tai20_20_07,1652,825,2010.0,2220.0
int__tai20_20_07,1652,826,2009.0,2194.0
int__tai20_20_07,1652,827,1931.0,2167.0
int__tai20_20_07,1652,828,1979.0,2157.0
int__tai20_20_07,1652,829,2001.0,2247.0
int__tai20_20_07,1652,830,1958.0,2205.0
int__tai20_20_07,1652,831,1937.0,2125.0
int__tai20_20_07,1652,832,2008.0,2240.0
int__tai20_20_07,1652,833,1923.0,2165.0
int__tai20_20_07,1652,834,1952.0,2182.0
int__tai20_20_07,1652,835,1945.0,2149.0
int__tai20_20_07,1652,836,2002.0,2234.0
int__tai20_20_07,1652,837,1962.0,2155.0
int__tai20_20_07,1652,838,1993.0,2240.0
int__tai20_20_07,1652,839,1968.0,2213.0
int__tai20_20_07,1652,840,1992.0,2220.0
int__tai20_20_07,1652,841,2124.0,2362.0
int__tai20_20_07,1652,842,1868.0,2066.0
int__tai20_20_07,1652,843,1864.0,2110.0
int__tai20_20_07,1652,844,1981.0,2199.0
int__tai20_20_07,1652,845,1965.0,2173.0
int__tai20_20_07,1652,846,1929.0,2156.0
int__tai20_20_07,1652,847,1977.0,2206.0
int__tai20_20_07,1652,848,1999.0,2222.0
int__tai20_20_07,1652,849,2056.0,2264.0
int__tai20_20_07,1652,850,1881.0,2099.0
int__tai20_20_07,1652,851,1888.0,2090.0
int__tai20_20_07,1652,852,1961.0,2234.0
int__tai20_20_07,1652,853,1994.0,2198.0
int__tai20_20_07,1652,854,1971.0,2166.0
int__tai20_20_07,1652,855,1918.0,2099.0
int__tai20_20_07,1652,856,1937.0,2151.0
int__tai20_20_07,1652,857,1972.0,2213.0
int__tai20_20_07,1652,858,1908.0,2115.0
int__tai20_20_07,1652,859,2056.0,2256.0
int__tai20_20_07,1652,860,1933.0,2141.0
int__tai20_20_07,1652,861,1958.0,2193.0
int__tai20_20_07,1652,862,1944.0,2156.0
int__tai20_20_07,1652,863,2095.0,2355.0
int__tai20_20_07,1652,864,2016.0,2232.0
int__tai20_20_07,1652,865,2029.0,2235.0
int__tai20_20_07,1652,866,1953.0,2145.0
int__tai20_20_07,1652,867,1945.0,2175.0
int__tai20_20_07,1652,868,1983.0,2210.0
int__tai20_20_07,1652,869,2017.0,2236.0
int__tai20_20_07,1652,870,1996.0,2212.0
int__tai20_20_07,1652,871,1907.0,2105.0
int__tai20_20_07,1652,872,1936.0,2143.0
int__tai20_20_07,1652,873,1994.0,2184.0
int__tai20_20_07,1652,874,2010.0,2211.0
int__tai20_20_07,1652,875,1992.0,2199.0
int__tai20_20_07,1652,876,1995.0,2244.0
int__tai20_20_07,1652,877,1978.0,2185.0
int__tai20_20_07,1652,878,1889.0,2099.0
int__tai20_20_07,1652,879,1983.0,2210.0
int__tai20_20_07,1652,880,2044.0,2256.0
int__tai20_20_07,1652,881,2010.0,2220.0
int__tai20_20_07,1652,882,1909.0,2131.0
int__tai20_20_07,1652,883,2037.0,2269.0
int__tai20_20_07,1652,884,1963.0,2187.0
int__tai20_20_07,1652,885,2055.0,2291.0
int__tai20_20_07,1652,886,2011.0,2201.0
int__tai20_20_07,1652,887,1873.0,2099.0
int__tai20_20_07,1652,888,1886.0,2109.0
int__tai20_20_07,1652,889,1915.0,2105.0
int__tai20_20_07,1652,890,1899.0,2139.0
int__tai20_20_07,1652,891,1956.0,2222.0
int__tai20_20_07,1652,892,1907.0,2083.0
int__tai20_20_07,1652,893,1847.0,2083.0
int__tai20_20_07,1652,894,2041.0,2276.0
int__tai20_20_07,1652,895,1889.0,2126.0
int__tai20_20_07,1652,896,1887.0,2088.0
int__tai20_20_07,1652,897,1939.0,2160.0
int__tai20_20_07,1652,898,1928.0,2169.0
int__tai20_20_07,1652,899,1981.0,2179.0
int__tai20_20_07,1652,900,1931.0,2150.0
int__tai20_20_07,1652,901,1906.0,2134.0
int__tai20_20_07,1652,902,1983.0,2227.0
int__tai20_20_07,1652,903,1922.0,2133.0
int__tai20_20_07,1652,904,1931.0,2161.0
int__tai20_20_07,1652,905,1928.0,2197.0
int__tai20_20_07,1652,906,1892.0,2132.0
int__tai20_20_07,1652,907,2028.0,2244.0
int__tai20_20_07,1652,908,1985.0,2212.0
int__tai20_20_07,1652,909,2080.0,2319.0
int__tai20_20_07,1652,910,1964.0,2217.0
int__tai20_20_07,1652,911,1906.0,2118.0
int__tai20_20_07,1652,912,1938.0,2158.0
int__tai20_20_07,1652,913,2007.0,2217.0
int__tai20_20_07,1652,914,1965.0,2226.0
int__tai20_20_07,1652,915,1967.0,2185.0
int__tai20_20_07,1652,916,1974.0,2226.0
int__tai20_20_07,1652,917,2095.0,2335.0
int__tai20_20_07,1652,918,1895.0,2100.0
int__tai20_20_07,1652,919,2137.0,2361.0
int__tai20_20_07,1652,920,1944.0,2184.0
int__tai20_20_07,1652,921,2034.0,2303.0
int__tai20_20_07,1652,922,1884.0,2098.0
int__tai20_20_07,1652,923,2000.0,2247.0
int__tai20_20_07,1652,924,1867.0,2100.0
int__tai20_20_07,1652,925,2015.0,2235.0
int__tai20_20_07,1652,926,2040.0,2274.0
int__tai20_20_07,1652,927,1903.0,2124.0
int__tai20_20_07,1652,928,1937.0,2128.0
int__tai20_20_07,1652,929,1911.0,2115.0
int__tai20_20_07,1652,930,2007.0,2204.0
int__tai20_20_07,1652,931,1986.0,2224.0
int__tai20_20_07,1652,932,1851.0,2044.0
int__tai20_20_07,1652,933,2024.0,2239.0
int__tai20_20_07,1652,934,1983.0,2226.0
int__tai20_20_07,1652,935,1876.0,2143.0
int__tai20_20_07,1652,936,1919.0,2150.0
int__tai20_20_07,1652,937,1916.0,2143.0
int__tai20_20_07,1652,938,1980.0,2230.0
int__tai20_20_07,1652,939,1971.0,2193.0
int__tai20_20_07,1652,940,2004.0,2220.0
int__tai20_20_07,1652,941,1955.0,2187.0
int__tai20_20_07,1652,942,1987.0,2235.0
int__tai20_20_07,1652,943,1991.0,2224.0
int__tai20_20_07,1652,944,1986.0,2206.0
int__tai20_20_07,1652,945,2050.0,2261.0
int__tai20_20_07,1652,946,2021.0,2254.0
int__tai20_20_07,1652,947,1937.0,2145.0
int__tai20_20_07,1652,948,1940.0,2155.0
int__tai20_20_07,1652,949,2027.0,2279.0
int__tai20_20_07,1652,950,1907.0,2149.0
int__tai20_20_07,1652,951,1936.0,2160.0
int__tai20_20_07,1652,952,1917.0,2153.0
int__tai20_20_07,1652,953,1911.0,2137.0
int__tai20_20_07,1652,954,2032.0,2279.0
int__tai20_20_07,1652,955,1985.0,2194.0
int__tai20_20_07,1652,956,1985.0,2201.0
int__tai20_20_07,1652,957,1980.0,2200.0
int__tai20_20_07,1652,958,2022.0,2234.0
int__tai20_20_07,1652,959,1898.0,2142.0
int__tai20_20_07,1652,960,1996.0,2199.0
int__tai20_20_07,1652,961,1967.0,2205.0
int__tai20_20_07,1652,962,2039.0,2261.0
int__tai20_20_07,1652,963,1990.0,2252.0
int__tai20_20_07,1652,964,2025.0,2247.0
int__tai20_20_07,1652,965,1929.0,2147.0
int__tai20_20_07,1652,966,1946.0,2161.0
int__tai20_20_07,1652,967,1950.0,2139.0
int__tai20_20_07,1652,968,2096.0,2298.0
int__tai20_20_07,1652,969,1856.0,2101.0
int__tai20_20_07,1652,970,1973.0,2176.0
int__tai20_20_07,1652,971,1898.0,2143.0
int__tai20_20_07,1652,972,1929.0,2123.0
int__tai20_20_07,1652,973,1987.0,2212.0
int__tai20_20_07,1652,974,1951.0,2186.0
int__tai20_20_07,1652,975,1908.0,2142.0
int__tai20_20_07,1652,976,1983.0,2192.0
int__tai20_20_07,1652,977,1990.0,2222.0
int__tai20_20_07,1652,978,1851.0,2045.0
int__tai20_20_07,1652,979,1951.0,2146.0
int__tai20_20_07,1652,980,2032.0,2306.0
int__tai20_20_07,1652,981,1977.0,2234.0
int__tai20_20_07,1652,982,1947.0,2184.0
int__tai20_20_07,1652,983,1929.0,2127.0
int__tai20_20_07,1652,984,1982.0,2174.0
int__tai20_20_07,1652,985,1896.0,2111.0
int__tai20_20_07,1652,986,2056.0,2284.0
int__tai20_20_07,1652,987,1915.0,2109.0
int__tai20_20_07,1652,988,2057.0,2308.0
int__tai20_20_07,1652,989,1897.0,2094.0
int__tai20_20_07,1652,990,2017.0,2273.0
int__tai20_20_07,1652,991,2003.0,2223.0
int__tai20_20_07,1652,992,1829.0,2056.0
int__tai20_20_07,1652,993,2025.0,2261.0
int__tai20_20_07,1652,994,1988.0,2201.0
int__tai20_20_07,1652,995,1995.0,2228.0
int__tai20_20_07,1652,996,1987.0,2227.0
int__tai20_20_07,1652,997,1842.0,2058.0
int__tai20_20_07,1652,998,1961.0,2164.0
int__tai20_20_07,1652,999,1969.0,2188.0
int__tai20_20_07,1652,1000,2081.0,2315.0
int__tai20_20_07,1652,1001,2093.0,2340.0
int__tai20_20_07,1652,1002,1926.0,2161.0
int__tai20_20_07,1652,1003,2006.0,2231.0
int__tai20_20_07,1652,1004,1863.0,2073.0
int__tai20_20_07,1652,1005,1926.0,2150.0
int__tai20_20_07,1652,1006,1905.0,2145.0
int__tai20_20_07,1652,1007,1901.0,2135.0
int__tai20_20_07,1652,1008,1924.0,2144.0
int__tai20_20_07,1652,1009,2016.0,2234.0
int__tai20_20_07,1652,1010,2027.0,2256.0
int__tai20_20_07,1652,1011,2039.0,2260.0
int__tai20_20_07,1652,1012,1954.0,2182.0
int__tai20_20_07,1652,1013,1957.0,2159.0
int__tai20_20_07,1652,1014,2017.0,2225.0
int__tai20_20_07,1652,1015,1931.0,2182.0
int__tai20_20_07,1652,1016,2043.0,2317.0
int__tai20_20_07,1652,1017,1893.0,2118.0
int__tai20_20_07,1652,1018,1982.0,2212.0
int__tai20_20_07,1652,1019,1973.0,2174.0
int__tai20_20_07,1652,1020,1917.0,2117.0
int__tai20_20_07,1652,1021,1939.0,2170.0
int__tai20_20_07,1652,1022,1966.0,2202.0
int__tai20_20_07,1652,1023,1901.0,2126.0
int__tai30_15_03,1788,0,2169.0,2390.0
int__tai30_15_03,1788,1,2132.0,2461.0
int__tai30_15_03,1788,2,2182.0,2517.0
int__tai30_15_03,1788,3,2150.0,2510.0
int__tai30_15_03,1788,4,2203.0,2514.0
int__tai30_15_03,1788,5,2274.0,2538.0
int__tai30_15_03,1788,6,2178.0,2439.0
int__tai30_15_03,1788,7,2179.0,2451.0
int__tai30_15_03,1788,8,2220.0,2471.0
int__tai30_15_03,1788,9,2257.0,2543.0
int__tai30_15_03,1788,10,2142.0,2391.0
int__tai30_15_03,1788,11,2183.0,2504.0
int__tai30_15_03,1788,12,2124.0,2461.0
int__tai30_15_03,1788,13,2191.0,2449.0
int__tai30_15_03,1788,14,2165.0,2491.0
int__tai30_15_03,1788,15,2256.0,2627.0
int__tai30_15_03,1788,16,2105.0,2454.0
int__tai30_15_03,1788,17,2168.0,2478.0
int__tai30_15_03,1788,18,2232.0,2522.0
int__tai30_15_03,1788,19,2107.0,2431.0
int__tai30_15_03,1788,20,2197.0,2553.0
int__tai30_15_03,1788,21,2146.0,2461.0
int__tai30_15_03,1788,22,2103.0,2388.0
int__tai30_15_03,1788,23,2144.0,2466.0
int__tai30_15_03,1788,24,2114.0,2413.0
int__tai30_15_03,1788,25,2261.0,2526.0
int__tai30_15_03,1788,26,2257.0,2583.0
int__tai30_15_03,1788,27,2262.0,2594.0
int__tai30_15_03,1788,28,2142.0,2456.0
int__tai30_15_03,1788,29,2121.0,2416.0
int__tai30_15_03,1788,30,2199.0,2464.0
int__tai30_15_03,1788,31,2187.0,2481.0
int__tai30_15_03,1788,32,2251.0,2607.0
int__tai30_15_03,1788,33,2137.0,2446.0
int__tai30_15_03,1788,34,2243.0,2604.0
int__tai30_15_03,1788,35,2111.0,2418.0
int__tai30_15_03,1788,36,2154.0,2519.0
int__tai30_15_03,1788,37,2129.0,2395.0
int__tai30_15_03,1788,38,2169.0,2483.0
int__tai30_15_03,1788,39,2166.0,2405.0
int__tai30_15_03,1788,40,2205.0,2535.0
int__tai30_15_03,1788,41,2130.0,2399.0
int__tai30_15_03,1788,42,2213.0,2502.0
int__tai30_15_03,1788,43,2117.0,2391.0
int__tai30_15_03,1788,44,2189.0,2505.0
int__tai30_15_03,1788,45,2189.0,2453.0
int__tai30_15_03,1788,46,2112.0,2375.0
int__tai30_15_03,1788,47,2117.0,2388.0
int__tai30_15_03,1788,48,2227.0,2517.0
int__tai30_15_03,1788,49,2286.0,2534.0
int__tai30_15_03,1788,50,2138.0,2417.0
int__tai30_15_03,1788,51,2187.0,2473.0
int__tai30_15_03,1788,52,2141.0,2424.0
int__tai30_15_03,1788,53,2190.0,2488.0
int__tai30_15_03,1788,54,2128.0,2430.0
int__tai30_15_03,1788,55,2075.0,2397.0
int__tai30_15_03,1788,56,2203.0,2509.0
int__tai30_15_03,1788,57,2166.0,2438.0
int__tai30_15_03,1788,58,2161.0,2482.0
int__tai30_15_03,1788,59,2132.0,2424.0
int__tai30_15_03,1788,60,2165.0,2474.0
int__tai30_15_03,1788,61,2135.0,2494.0
int__tai30_15_03,1788,62,2183.0,2473.0
int__tai30_15_03,1788,63,2204.0,2529.0
int__tai30_15_03,1788,64,2227.0,2559.0
int__tai30_15_03,1788,65,2140.0,2413.0
int__tai30_15_03,1788,66,2096.0,2391.0
int__tai30_15_03,1788,67,2284.0,2614.0
int__tai30_15_03,1788,68,2153.0,2446.0
int__tai30_15_03,1788,69,2180.0,2422.0
int__tai30_15_03,1788,70,2198.0,2475.0
int__tai30_15_03,1788,71,2333.0,2705.0
int__tai30_15_03,1788,72,2300.0,2607.0
int__tai30_15_03,1788,73,2210.0,2466.0
int__tai30_15_03,1788,74,2183.0,2474.0
int__tai30_15_03,1788,75,2131.0,2384.0
int__tai30_15_03,1788,76,2219.0,2498.0
int__tai30_15_03,1788,77,2097.0,2416.0
int__tai30_15_03,1788,78,2163.0,2451.0
int__tai30_15_03,1788,79,2140.0,2432.0
int__tai30_15_03,1788,80,2165.0,2453.0
int__tai30_15_03,1788,81,2276.0,2566.0
int__tai30_15_03,1788,82,2150.0,2468.0
int__tai30_15_03,1788,83,2131.0,2475.0
int__tai30_15_03,1788,84,2155.0,2434.0
int__tai30_15_03,1788,85,2211.0,2553.0
int__tai30_15_03,1788,86,2278.0,2570.0
int__tai30_15_03,1788,87,2206.0,2475.0
int__tai30_15_03,1788,88,2180.0,2461.0
int__tai30_15_03,1788,89,2226.0,2561.0
int__tai30_15_03,1788,90,2161.0,2425.0
int__tai30_15_03,1788,91,2262.0,2507.0
int__tai30_15_03,1788,92,2138.0,2427.0
int__tai30_15_03,1788,93,2165.0,2492.0
int__tai30_15_03,1788,94,2184.0,2474.0
int__tai30_15_03,1788,95,2157.0,2500.0
int__tai30_15_03,1788,96,2223.0,2562.0
int__tai30_15_03,1788,97,2255.0,2584.0
int__tai30_15_03,1788,98,2250.0,2488.0
int__tai30_15_03,1788,99,2249.0,2607.0
int__tai30_15_03,1788,100,2158.0,2506.0
int__tai30_15_03,1788,101,2273.0,2569.0
int__tai30_15_03,1788,102,2189.0,2462.0
int__tai30_15_03,1788,103,2107.0,2421.0
int__tai30_15_03,1788,104,2266.0,2545.0
int__tai30_15_03,1788,105,2176.0,2478.0
int__tai30_15_03,1788,106,2206.0,2466.0
int__tai30_15_03,1788,107,2100.0,2386.0
int__tai30_15_03,1788,108,2201.0,2525.0
int__tai30_15_03,1788,109,2174.0,2473.0
int__tai30_15_03,1788,110,2187.0,2497.0
int__tai30_15_03,1788,111,2298.0,2607.0
int__tai30_15_03,1788,112,2137.0,2425.0
int__tai30_15_03,1788,113,2202.0,2478.0
int__tai30_15_03,1788,114,2106.0,2410.0
int__tai30_15_03,1788,115,2186.0,2447.0
int__tai30_15_03,1788,116,2154.0,2481.0
int__tai30_15_03,1788,117,2152.0,2471.0
int__tai30_15_03,1788,118,2155.0,2400.0
int__tai30_15_03,1788,119,2185.0,2467.0
int__tai30_15_03,1788,120,2171.0,2457.0
int__tai30_15_03,1788,121,2233.0,2561.0
int__tai30_15_03,1788,122,2204.0,2511.0
int__tai30_15_03,1788,123,2167.0,2492.0
int__tai30_15_03,1788,124,2123.0,2447.0
int__tai30_15_03,1788,125,2162.0,2478.0
int__tai30_15_03,1788,126,2119.0,2433.0
int__tai30_15_03,1788,127,2135.0,2409.0
int__tai30_15_03,1788,128,2199.0,2501.0
int__tai30_15_03,1788,129,2188.0,2485.0
int__tai30_15_03,1788,130,2172.0,2432.0
int__tai30_15_03,1788,131,2234.0,2529.0
int__tai30_15_03,1788,132,2103.0,2404.0
int__tai30_15_03,1788,133,2188.0,2511.0
int__tai30_15_03,1788,134,2246.0,2598.0
int__tai30_15_03,1788,135,2191.0,2424.0
int__tai30_15_03,1788,136,2154.0,2451.0
int__tai30_15_03,1788,137,2247.0,2557.0
int__tai30_15_03,1788,138,2263.0,2541.0
int__tai30_15_03,1788,139,2162.0,2478.0
int__tai30_15_03,1788,140,2138.0,2445.0
int__tai30_15_03,1788,141,2176.0,2473.0
int__tai30_15_03,1788,142,2164.0,2498.0
int__tai30_15_03,1788,143,2336.0,2676.0
int__tai30_15_03,1788,144,2180.0,2446.0
int__tai30_15_03,1788,145,2205.0,2564.0
int__tai30_15_03,1788,146,2178.0,2467.0
int__tai30_15_03,1788,147,2120.0,2432.0
int__tai30_15_03,1788,148,2329.0,2646.0
int__tai30_15_03,1788,149,2180.0,2468.0
int__tai30_15_03,1788,150,2223.0,2538.0
int__tai30_15_03,1788,151,2196.0,2508.0
int__tai30_15_03,1788,152,2200.0,2441.0
int__tai30_15_03,1788,153,2144.0,2393.0
int__tai30_15_03,1788,154,2341.0,2670.0
int__tai30_15_03,1788,155,2202.0,2541.0
int__tai30_15_03,1788,156,2387.0,2667.0
int__tai30_15_03,1788,157,2162.0,2403.0
int__tai30_15_03,1788,158,2224.0,2541.0
int__tai30_15_03,1788,159,2206.0,2513.0
int__tai30_15_03,1788,160,2124.0,2456.0
int__tai30_15_03,1788,161,2209.0,2541.0
int__tai30_15_03,1788,162,2225.0,2545.0
int__tai30_15_03,1788,163,2157.0,2400.0
int__tai30_15_03,1788,164,2066.0,2389.0
int__tai30_15_03,1788,165,2166.0,2502.0
int__tai30_15_03,1788,166,2158.0,2473.0
int__tai30_15_03,1788,167,2156.0,2466.0
int__tai30_15_03,1788,168,2194.0,2478.0
int__tai30_15_03,1788,169,2091.0,2414.0
int__tai30_15_03,1788,170,2178.0,2501.0
int__tai30_15_03,1788,171,2178.0,2500.0
int__tai30_15_03,1788,172,2255.0,2558.0
int__tai30_15_03,1788,173,2199.0,2504.0
int__tai30_15_03,1788,174,2167.0,2453.0
int__tai30_15_03,1788,175,2202.0,2555.0
int__tai30_15_03,1788,176,2377.0,2668.0
int__tai30_15_03,1788,177,2168.0,2434.0
int__tai30_15_03,1788,178,2204.0,2460.0
int__tai30_15_03,1788,179,2193.0,2534.0
int__tai30_15_03,1788,180,2133.0,2420.0
int__tai30_15_03,1788,181,2244.0,2531.0
int__tai30_15_03,1788,182,2206.0,2581.0
int__tai30_15_03,1788,183,2120.0,2444.0
int__tai30_15_03,1788,184,2193.0,2454.0
int__tai30_15_03,1788,185,2134.0,2453.0
int__tai30_15_03,1788,186,2238.0,2530.0
int__tai30_15_03,1788,187,2166.0,2491.0
int__tai30_15_03,1788,188,2233.0,2502.0
int__tai30_15_03,1788,189,2136.0,2411.0
int__tai30_15_03,1788,190,2248.0,2512.0
int__tai30_15_03,1788,191,2219.0,2510.0
int__tai30_15_03,1788,192,2147.0,2433.0
int__tai30_15_03,1788,193,2306.0,2613.0
int__tai30_15_03,1788,194,2191.0,2472.0
int__tai30_15_03,1788,195,2247.0,2533.0
int__tai30_15_03,1788,196,2152.0,2487.0
int__tai30_15_03,1788,197,2202.0,2482.0
int__tai30_15_03,1788,198,2119.0,2406.0
int__tai30_15_03,1788,199,2159.0,2484.0
int__tai30_15_03,1788,200,2211.0,2532.0
int__tai30_15_03,1788,201,2174.0,2472.0
int__tai30_15_03,1788,202,2170.0,2494.0
int__tai30_15_03,1788,203,2082.0,2394.0
int__tai30_15_03,1788,204,2183.0,2489.0
int__tai30_15_03,1788,205,2204.0,2547.0
int__tai30_15_03,1788,206,2120.0,2431.0
int__tai30_15_03,1788,207,2082.0,2384.0
int__tai30_15_03,1788,208,2189.0,2448.0
int__tai30_15_03,1788,209,2133.0,2433.0
int__tai30_15_03,1788,210,2103.0,2382.0
int__tai30_15_03,1788,211,2103.0,2397.0
int__tai30_15_03,1788,212,2252.0,2533.0
int__tai30_15_03,1788,213,2186.0,2525.0
int__tai30_15_03,1788,214,2206.0,2502.0
int__tai30_15_03,1788,215,2308.0,2594.0
int__tai30_15_03,1788,216,2255.0,2583.0
int__tai30_15_03,1788,217,2135.0,2416.0
int__tai30_15_03,1788,218,2269.0,2608.0
int__tai30_15_03,1788,219,2117.0,2408.0
int__tai30_15_03,1788,220,2191.0,2516.0
int__tai30_15_03,1788,221,2184.0,2440.0
int__tai30_15_03,1788,222,2231.0,2492.0
int__tai30_15_03,1788,223,2056.0,2350.0
int__tai30_15_03,1788,224,2183.0,2464.0
int__tai30_15_03,1788,225,2161.0,2480.0
int__tai30_15_03,1788,226,2189.0,2492.0
int__tai30_15_03,1788,227,2171.0,2456.0
int__tai30_15_03,1788,228,2212.0,2566.0
int__tai30_15_03,1788,229,2210.0,2470.0
int__tai30_15_03,1788,230,2230.0,2481.0
int__tai30_15_03,1788,231,2123.0,2483.0
int__tai30_15_03,1788,232,2189.0,2484.0
int__tai30_15_03,1788,233,2103.0,2426.0
int__tai30_15_03,1788,234,2150.0,2451.0
int__tai30_15_03,1788,235,2170.0,2438.0
int__tai30_15_03,1788,236,2176.0,2458.0
int__tai30_15_03,1788,237,2079.0,2434.0
int__tai30_15_03,1788,238,2103.0,2445.0
int__tai30_15_03,1788,239,2092.0,2429.0
int__tai30_15_03,1788,240,2138.0,2500.0
int__tai30_15_03,1788,241,2246.0,2596.0
int__tai30_15_03,1788,242,2136.0,2416.0
int__tai30_15_03,1788,243,2253.0,2550.0
int__tai30_15_03,1788,244,2114.0,2435.0
int__tai30_15_03,1788,245,2168.0,2468.0
int__tai30_15_03,1788,246,2170.0,2505.0
int__tai30_15_03,1788,247,2154.0,2436.0
int__tai30_15_03,1788,248,2180.0,2462.0
int__tai30_15_03,1788,249,2213.0,2534.0
int__tai30_15_03,1788,250,2226.0,2542.0
int__tai30_15_03,1788,251,2157.0,2507.0
int__tai30_15_03,1788,252,2134.0,2397.0
int__tai30_15_03,1788,253,2253.0,2504.0
int__tai30_15_03,1788,254,2309.0,2620.0
int__tai30_15_03,1788,255,2193.0,2535.0
int__tai30_15_03,1788,256,2290.0,2599.0
int__tai30_15_03,1788,257,2191.0,2475.0
int__tai30_15_03,1788,258,2162.0,2493.0
int__tai30_15_03,1788,259,2110.0,2380.0
int__tai30_15_03,1788,260,2197.0,2492.0
int__tai30_15_03,1788,261,2136.0,2488.0
int__tai30_15_03,1788,262,2165.0,2489.0
int__tai30_15_03,1788,263,2184.0,2519.0
int__tai30_15_03,1788,264,2122.0,2448.0
int__tai30_15_03,1788,265,2097.0,2408.0
int__tai30_15_03,1788,266,2176.0,2446.0
int__tai30_15_03,1788,267,2121.0,2407.0
int__tai30_15_03,1788,268,2218.0,2527.0
int__tai30_15_03,1788,269,2162.0,2469.0
int__tai30_15_03,1788,270,2157.0,2528.0
int__tai30_15_03,1788,271,2067.0,2371.0
int__tai30_15_03,1788,272,2106.0,2374.0
int__tai30_15_03,1788,273,2125.0,2457.0
int__tai30_15_03,1788,274,2096.0,2423.0
int__tai30_15_03,1788,275,2118.0,2472.0
int__tai30_15_03,1788,276,2244.0,2495.0
int__tai30_15_03,1788,277,2227.0,2479.0
int__tai30_15_03,1788,278,2146.0,2448.0
int__tai30_15_03,1788,279,2157.0,2480.0
int__tai30_15_03,1788,280,2180.0,2507.0
int__tai30_15_03,1788,281,2174.0,2452.0
int__tai30_15_03,1788,282,2112.0,2433.0
int__tai30_15_03,1788,283,2150.0,2425.0
int__tai30_15_03,1788,284,2129.0,2407.0
int__tai30_15_03,1788,285,2112.0,2450.0
int__tai30_15_03,1788,286,2134.0,2466.0
int__tai30_15_03,1788,287,2185.0,2521.0
int__tai30_15_03,1788,288,2192.0,2582.0
int__tai30_15_03,1788,289,2148.0,2511.0
int__tai30_15_03,1788,290,2129.0,2426.0
int__tai30_15_03,1788,291,2271.0,2596.0
int__tai30_15_03,1788,292,2221.0,2457.0
int__tai30_15_03,1788,293,2182.0,2506.0
int__tai30_15_03,1788,294,2214.0,2521.0
int__tai30_15_03,1788,295,2207.0,2548.0
int__tai30_15_03,1788,296,2114.0,2464.0
int__tai30_15_03,1788,297,2140.0,2464.0
int__tai30_15_03,1788,298,2084.0,2370.0
int__tai30_15_03,1788,299,2202.0,2533.0
int__tai30_15_03,1788,300,2163.0,2447.0
int__tai30_15_03,1788,301,2128.0,2449.0
int__tai30_15_03,1788,302,2185.0,2534.0
int__tai30_15_03,1788,303,2124.0,2436.0
int__tai30_15_03,1788,304,2249.0,2547.0
int__tai30_15_03,1788,305,2142.0,2390.0
int__tai30_15_03,1788,306,2252.0,2528.0
int__tai30_15_03,1788,307,2168.0,2460.0
int__tai30_15_03,1788,308,2204.0,2510.0
int__tai30_15_03,1788,309,2154.0,2513.0
int__tai30_15_03,1788,310,2241.0,2480.0
int__tai30_15_03,1788,311,2171.0,2505.0
int__tai30_15_03,1788,312,2171.0,2464.0
int__tai30_15_03,1788,313,2201.0,2515.0
int__tai30_15_03,1788,314,2168.0,2513.0
int__tai30_15_03,1788,315,2105.0,2377.0
int__tai30_15_03,1788,316,2165.0,2460.0
int__tai30_15_03,1788,317,2191.0,2517.0
int__tai30_15_03,1788,318,2152.0,2445.0
int__tai30_15_03,1788,319,2176.0,2464.0
int__tai30_15_03,1788,320,2189.0,2498.0
int__tai30_15_03,1788,321,2181.0,2449.0
int__tai30_15_03,1788,322,2209.0,2518.0
int__tai30_15_03,1788,323,2173.0,2500.0
int__tai30_15_03,1788,324,2289.0,2537.0
int__tai30_15_03,1788,325,2128.0,2396.0
int__tai30_15_03,1788,326,2214.0,2433.0
int__tai30_15_03,1788,327,2174.0,2488.0
int__tai30_15_03,1788,328,2283.0,2555.0
int__tai30_15_03,1788,329,2209.0,2544.0
int__tai30_15_03,1788,330,2163.0,2494.0
int__tai30_15_03,1788,331,2146.0,2418.0
int__tai30_15_03,1788,332,2095.0,2380.0
int__tai30_15_03,1788,333,2208.0,2465.0
int__tai30_15_03,1788,334,2156.0,2494.0
int__tai30_15_03,1788,335,2220.0,2529.0
int__tai30_15_03,1788,336,2176.0,2481.0
int__tai30_15_03,1788,337,2224.0,2515.0
int__tai30_15_03,1788,338,2212.0,2511.0
int__tai30_15_03,1788,339,2129.0,2418.0
int__tai30_15_03,1788,340,2222.0,2535.0
int__tai30_15_03,1788,341,2226.0,2561.0
int__tai30_15_03,1788,342,2161.0,2399.0
int__tai30_15_03,1788,343,2117.0,2444.0
int__tai30_15_03,1788,344,2191.0,2477.0
int__tai30_15_03,1788,345,2235.0,2549.0
int__tai30_15_03,1788,346,2143.0,2441.0
int__tai30_15_03,1788,347,2181.0,2442.0
int__tai30_15_03,1788,348,2081.0,2326.0
int__tai30_15_03,1788,349,2248.0,2574.0
int__tai30_15_03,1788,350,2253.0,2537.0
int__tai30_15_03,1788,351,2153.0,2423.0
int__tai30_15_03,1788,352,2144.0,2482.0
int__tai30_15_03,1788,353,2172.0,2527.0
int__tai30_15_03,1788,354,2197.0,2491.0
int__tai30_15_03,1788,355,2190.0,2529.0
int__tai30_15_03,1788,356,2118.0,2404.0
int__tai30_15_03,1788,357,2287.0,2626.0
int__tai30_15_03,1788,358,2205.0,2528.0
int__tai30_15_03,1788,359,2093.0,2372.0
int__tai30_15_03,1788,360,2192.0,2427.0
int__tai30_15_03,1788,361,2190.0,2493.0
int__tai30_15_03,1788,362,2176.0,2488.0
int__tai30_15_03,1788,363,2107.0,2424.0
int__tai30_15_03,1788,364,2175.0,2482.0
int__tai30_15_03,1788,365,2193.0,2535.0
int__tai30_15_03,1788,366,2090.0,2445.0
int__tai30_15_03,1788,367,2165.0,2444.0
int__tai30_15_03,1788,368,2227.0,2534.0
int__tai30_15_03,1788,369,2174.0,2451.0
int__tai30_15_03,1788,370,2144.0,2447.0
int__tai30_15_03,1788,371,2146.0,2461.0
int__tai30_15_03,1788,372,2161.0,2468.0
int__tai30_15_03,1788,373,2172.0,2492.0
int__tai30_15_03,1788,374,2264.0,2566.0
int__tai30_15_03,1788,375,2094.0,2395.0
int__tai30_15_03,1788,376,2182.0,2496.0
int__tai30_15_03,1788,377,2268.0,2540.0
int__tai30_15_03,1788,378,2189.0,2514.0
int__tai30_15_03,1788,379,2184.0,2480.0
int__tai30_15_03,1788,380,2189.0,2556.0
int__tai30_15_03,1788,381,2153.0,2442.0
int__tai30_15_03,1788,382,2179.0,2507.0
int__tai30_15_03,1788,383,2179.0,2480.0
int__tai30_15_03,1788,384,2205.0,2513.0
int__tai30_15_03,1788,385,2123.0,2472.0
int__tai30_15_03,1788,386,2164.0,2478.0
int__tai30_15_03,1788,387,2178.0,2455.0
int__tai30_15_03,1788,388,2219.0,2504.0
int__tai30_15_03,1788,389,2255.0,2634.0
int__tai30_15_03,1788,390,2157.0,2403.0
int__tai30_15_03,1788,391,2257.0,2534.0
int__tai30_15_03,1788,392,2125.0,2422.0
int__tai30_15_03,1788,393,2186.0,2546.0
int__tai30_15_03,1788,394,2182.0,2425.0
int__tai30_15_03,1788,395,2185.0,2481.0
int__tai30_15_03,1788,396,2124.0,2389.0
int__tai30_15_03,1788,397,2181.0,2488.0
int__tai30_15_03,1788,398,2196.0,2498.0
int__tai30_15_03,1788,399,2150.0,2431.0
int__tai30_15_03,1788,400,2213.0,2516.0
int__tai30_15_03,1788,401,2162.0,2458.0
int__tai30_15_03,1788,402,2262.0,2563.0
int__tai30_15_03,1788,403,2087.0,2397.0
int__tai30_15_03,1788,404,2221.0,2505.0
int__tai30_15_03,1788,405,2168.0,2466.0
int__tai30_15_03,1788,406,2217.0,2487.0
int__tai30_15_03,1788,407,2219.0,2506.0
int__tai30_15_03,1788,408,2181.0,2486.0
int__tai30_15_03,1788,409,2127.0,2465.0
int__tai30_15_03,1788,410,2157.0,2512.0
int__tai30_15_03,1788,411,2174.0,2510.0
int__tai30_15_03,1788,412,2225.0,2559.0
int__tai30_15_03,1788,413,2155.0,2480.0
int__tai30_15_03,1788,414,2238.0,2556.0
int__tai30_15_03,1788,415,2144.0,2474.0
int__tai30_15_03,1788,416,2185.0,2491.0
int__tai30_15_03,1788,417,2106.0,2390.0
int__tai30_15_03,1788,418,2206.0,2543.0
int__tai30_15_03,1788,419,2142.0,2465.0
int__tai30_15_03,1788,420,2176.0,2424.0
int__tai30_15_03,1788,421,2182.0,2428.0
int__tai30_15_03,1788,422,2279.0,2617.0
int__tai30_15_03,1788,423,2160.0,2440.0
int__tai30_15_03,1788,424,2161.0,2442.0
int__tai30_15_03,1788,425,2136.0,2429.0
int__tai30_15_03,1788,426,2141.0,2437.0
int__tai30_15_03,1788,427,2177.0,2470.0
int__tai30_15_03,1788,428,2274.0,2509.0
int__tai30_15_03,1788,429,2140.0,2427.0
int__tai30_15_03,1788,430,2134.0,2465.0
int__tai30_15_03,1788,431,2255.0,2589.0
int__tai30_15_03,1788,432,2233.0,2519.0
int__tai30_15_03,1788,433,2184.0,2470.0
int__tai30_15_03,1788,434,2103.0,2386.0
int__tai30_15_03,1788,435,2287.0,2581.0
int__tai30_15_03,1788,436,2187.0,2497.0
int__tai30_15_03,1788,437,2144.0,2445.0
int__tai30_15_03,1788,438,2138.0,2461.0
int__tai30_15_03,1788,439,2193.0,2476.0
int__tai30_15_03,1788,440,2142.0,2404.0
int__tai30_15_03,1788,441,2193.0,2485.0
int__tai30_15_03,1788,442,2136.0,2478.0
int__tai30_15_03,1788,443,2091.0,2359.0
int__tai30_15_03,1788,444,2207.0,2522.0
int__tai30_15_03,1788,445,2214.0,2505.0
int__tai30_15_03,1788,446,2221.0,2537.0
int__tai30_15_03,1788,447,2082.0,2384.0
int__tai30_15_03,1788,448,2146.0,2501.0
int__tai30_15_03,1788,449,2083.0,2417.0
int__tai30_15_03,1788,450,2259.0,2627.0
int__tai30_15_03,1788,451,2195.0,2469.0
int__tai30_15_03,1788,452,2248.0,2524.0
int__tai30_15_03,1788,453,2212.0,2529.0
int__tai30_15_03,1788,454,2177.0,2461.0
int__tai30_15_03,1788,455,2280.0,2573.0
int__tai30_15_03,1788,456,2128.0,2457.0
int__tai30_15_03,1788,457,2251.0,2561.0
int__tai30_15_03,1788,458,2166.0,2456.0
int__tai30_15_03,1788,459,2194.0,2472.0
int__tai30_15_03,1788,460,2202.0,2524.0
int__tai30_15_03,1788,461,2090.0,2331.0
int__tai30_15_03,1788,462,2166.0,2460.0
int__tai30_15_03,1788,463,2214.0,2557.0
int__tai30_15_03,1788,464,2137.0,2423.0
int__tai30_15_03,1788,465,2191.0,2478.0
int__tai30_15_03,1788,466,2207.0,2532.0
int__tai30_15_03,1788,467,2182.0,2466.0
int__tai30_15_03,1788,468,2080.0,2383.0
int__tai30_15_03,1788,469,2210.0,2553.0
int__tai30_15_03,1788,470,2206.0,2517.0
int__tai30_15_03,1788,471,2302.0,2590.0
int__tai30_15_03,1788,472,2243.0,2554.0
int__tai30_15_03,1788,473,2213.0,2457.0
int__tai30_15_03,1788,474,2197.0,2456.0
int__tai30_15_03,1788,475,2167.0,2491.0
int__tai30_15_03,1788,476,2212.0,2524.0
int__tai30_15_03,1788,477,2188.0,2513.0
int__tai30_15_03,1788,478,2175.0,2510.0
int__tai30_15_03,1788,479,2108.0,2345.0
int__tai30_15_03,1788,480,2130.0,2434.0
int__tai30_15_03,1788,481,2268.0,2613.0
int__tai30_15_03,1788,482,2246.0,2536.0
int__tai30_15_03,1788,483,2194.0,2477.0
int__tai30_15_03,1788,484,2165.0,2482.0
int__tai30_15_03,1788,485,2144.0,2513.0
int__tai30_15_03,1788,486,2114.0,2406.0
int__tai30_15_03,1788,487,2152.0,2442.0
int__tai30_15_03,1788,488,2156.0,2412.0
int__tai30_15_03,1788,489,2157.0,2475.0
int__tai30_15_03,1788,490,2280.0,2567.0
int__tai30_15_03,1788,491,2109.0,2423.0
int__tai30_15_03,1788,492,2128.0,2402.0
int__tai30_15_03,1788,493,2164.0,2467.0
int__tai30_15_03,1788,494,2251.0,2518.0
int__tai30_15_03,1788,495,2239.0,2480.0
int__tai30_15_03,1788,496,2239.0,2521.0
int__tai30_15_03,1788,497,2152.0,2407.0
int__tai30_15_03,1788,498,2145.0,2482.0
int__tai30_15_03,1788,499,2164.0,2386.0
int__tai30_15_03,1788,500,2175.0,2528.0
int__tai30_15_03,1788,501,2178.0,2500.0
int__tai30_15_03,1788,502,2240.0,2593.0
int__tai30_15_03,1788,503,2204.0,2548.0
int__tai30_15_03,1788,504,2242.0,2561.0
int__tai30_15_03,1788,505,2301.0,2567.0
int__tai30_15_03,1788,506,2167.0,2442.0
int__tai30_15_03,1788,507,2166.0,2422.0
int__tai30_15_03,1788,508,2287.0,2570.0
int__tai30_15_03,1788,509,2197.0,2537.0
int__tai30_15_03,1788,510,2114.0,2444.0
int__tai30_15_03,1788,511,2126.0,2424.0
int__tai30_15_03,1788,512,2131.0,2441.0
int__tai30_15_03,1788,513,2177.0,2487.0
int__tai30_15_03,1788,514,2183.0,2520.0
int__tai30_15_03,1788,515,2227.0,2525.0
int__tai30_15_03,1788,516,2185.0,2560.0
int__tai30_15_03,1788,517,2261.0,2549.0
int__tai30_15_03,1788,518,2225.0,2524.0
int__tai30_15_03,1788,519,2237.0,2504.0
int__tai30_15_03,1788,520,2149.0,2496.0
int__tai30_15_03,1788,521,2261.0,2548.0
int__tai30_15_03,1788,522,2126.0,2433.0
int__tai30_15_03,1788,523,2146.0,2438.0
int__tai30_15_03,1788,524,2212.0,2516.0
int__tai30_15_03,1788,525,2234.0,2536.0
int__tai30_15_03,1788,526,2063.0,2399.0
int__tai30_15_03,1788,527,2155.0,2461.0
int__tai30_15_03,1788,528,2186.0,2504.0
int__tai30_15_03,1788,529,2183.0,2470.0
int__tai30_15_03,1788,530,2122.0,2421.0
int__tai30_15_03,1788,531,2175.0,2464.0
int__tai30_15_03,1788,532,2187.0,2494.0
int__tai30_15_03,1788,533,2199.0,2457.0
int__tai30_15_03,1788,534,2119.0,2384.0
int__tai30_15_03,1788,535,2138.0,2452.0
int__tai30_15_03,1788,536,2183.0,2494.0
int__tai30_15_03,1788,537,2242.0,2567.0
int__tai30_15_03,1788,538,2178.0,2455.0
int__tai30_15_03,1788,539,2193.0,2486.0
int__tai30_15_03,1788,540,2100.0,2431.0
int__tai30_15_03,1788,541,2187.0,2491.0
int__tai30_15_03,1788,542,2177.0,2531.0
int__tai30_15_03,1788,543,2135.0,2360.0
int__tai30_15_03,1788,544,2109.0,2384.0
int__tai30_15_03,1788,545,2194.0,2466.0
int__tai30_15_03,1788,546,2156.0,2417.0
int__tai30_15_03,1788,547,2162.0,2540.0
int__tai30_15_03,1788,548,2148.0,2438.0
int__tai30_15_03,1788,549,2127.0,2435.0
int__tai30_15_03,1788,550,2171.0,2464.0
int__tai30_15_03,1788,551,2281.0,2573.0
int__tai30_15_03,1788,552,2165.0,2476.0
int__tai30_15_03,1788,553,2153.0,2453.0
int__tai30_15_03,1788,554,2150.0,2437.0
int__tai30_15_03,1788,555,2203.0,2473.0
int__tai30_15_03,1788,556,2084.0,2412.0
int__tai30_15_03,1788,557,2170.0,2525.0
int__tai30_15_03,1788,558,2179.0,2531.0
int__tai30_15_03,1788,559,2311.0,2659.0
int__tai30_15_03,1788,560,2200.0,2454.0
int__tai30_15_03,1788,561,2132.0,2407.0
int__tai30_15_03,1788,562,2228.0,2492.0
int__tai30_15_03,1788,563,2218.0,2509.0
int__tai30_15_03,1788,564,2179.0,2436.0
int__tai30_15_03,1788,565,2159.0,2472.0
int__tai30_15_03,1788,566,2120.0,2419.0
int__tai30_15_03,1788,567,2151.0,2461.0
int__tai30_15_03,1788,568,2291.0,2536.0
int__tai30_15_03,1788,569,2198.0,2525.0
int__tai30_15_03,1788,570,2160.0,2504.0
int__tai30_15_03,1788,571,2209.0,2525.0
int__tai30_15_03,1788,572,2175.0,2505.0
int__tai30_15_03,1788,573,2153.0,2471.0
int__tai30_15_03,1788,574,2031.0,2338.0
int__tai30_15_03,1788,575,2189.0,2535.0
int__tai30_15_03,1788,576,2074.0,2350.0
int__tai30_15_03,1788,577,2180.0,2475.0
int__tai30_15_03,1788,578,2168.0,2474.0
int__tai30_15_03,1788,579,2257.0,2558.0
int__tai30_15_03,1788,580,2215.0,2497.0
int__tai30_15_03,1788,581,2164.0,2524.0
int__tai30_15_03,1788,582,2244.0,2516.0
int__tai30_15_03,1788,583,2108.0,2398.0
int__tai30_15_03,1788,584,2159.0,2435.0
int__tai30_15_03,1788,585,2219.0,2529.0
int__tai30_15_03,1788,586,2202.0,2470.0
int__tai30_15_03,1788,587,2193.0,2422.0
int__tai30_15_03,1788,588,2078.0,2417.0
int__tai30_15_03,1788,589,2137.0,2415.0
int__tai30_15_03,1788,590,2267.0,2566.0
int__tai30_15_03,1788,591,2139.0,2396.0
int__tai30_15_03,1788,592,2177.0,2527.0
int__tai30_15_03,1788,593,2237.0,2593.0
int__tai30_15_03,1788,594,2241.0,2542.0
int__tai30_15_03,1788,595,2055.0,2392.0
int__tai30_15_03,1788,596,2118.0,2400.0
int__tai30_15_03,1788,597,2167.0,2481.0
int__tai30_15_03,1788,598,2122.0,2438.0
int__tai30_15_03,1788,599,2085.0,2407.0
int__tai30_15_03,1788,600,2174.0,2516.0
int__tai30_15_03,1788,601,2172.0,2503.0
int__tai30_15_03,1788,602,2175.0,2493.0
int__tai30_15_03,1788,603,2119.0,2450.0
int__tai30_15_03,1788,604,2147.0,2429.0
int__tai30_15_03,1788,605,2253.0,2528.0
int__tai30_15_03,1788,606,2175.0,2459.0
int__tai30_15_03,1788,607,2123.0,2440.0
int__tai30_15_03,1788,608,2176.0,2489.0
int__tai30_15_03,1788,609,2271.0,2656.0
int__tai30_15_03,1788,610,2233.0,2495.0
int__tai30_15_03,1788,611,2256.0,2547.0
int__tai30_15_03,1788,612,2192.0,2520.0
int__tai30_15_03,1788,613,2122.0,2450.0
int__tai30_15_03,1788,614,2142.0,2438.0
int__tai30_15_03,1788,615,2170.0,2427.0
int__tai30_15_03,1788,616,2163.0,2469.0
int__tai30_15_03,1788,617,2147.0,2478.0
int__tai30_15_03,1788,618,2126.0,2409.0
int__tai30_15_03,1788,619,2200.0,2538.0
int__tai30_15_03,1788,620,2208.0,2486.0
int__tai30_15_03,1788,621,2197.0,2458.0
int__tai30_15_03,1788,622,2145.0,2466.0
int__tai30_15_03,1788,623,2155.0,2407.0
int__tai30_15_03,1788,624,2214.0,2496.0
int__tai30_15_03,1788,625,2270.0,2504.0
int__tai30_15_03,1788,626,2210.0,2447.0
int__tai30_15_03,1788,627,2245.0,2529.0
int__tai30_15_03,1788,628,2246.0,2618.0
int__tai30_15_03,1788,629,2271.0,2541.0
int__tai30_15_03,1788,630,2125.0,2471.0
int__tai30_15_03,1788,631,2207.0,2546.0
int__tai30_15_03,1788,632,2198.0,2553.0
int__tai30_15_03,1788,633,2224.0,2503.0
int__tai30_15_03,1788,634,2235.0,2502.0
int__tai30_15_03,1788,635,2147.0,2456.0
int__tai30_15_03,1788,636,2157.0,2476.0
int__tai30_15_03,1788,637,2186.0,2449.0
int__tai30_15_03,1788,638,2130.0,2422.0
int__tai30_15_03,1788,639,2129.0,2382.0
int__tai30_15_03,1788,640,2263.0,2597.0
int__tai30_15_03,1788,641,2166.0,2443.0
int__tai30_15_03,1788,642,2130.0,2470.0
int__tai30_15_03,1788,643,2142.0,2470.0
int__tai30_15_03,1788,644,2178.0,2452.0
int__tai30_15_03,1788,645,2175.0,2462.0
int__tai30_15_03,1788,646,2130.0,2484.0
int__tai30_15_03,1788,647,2205.0,2518.0
int__tai30_15_03,1788,648,2114.0,2445.0
int__tai30_15_03,1788,649,2155.0,2505.0
int__tai30_15_03,1788,650,2213.0,2524.0
int__tai30_15_03,1788,651,2164.0,2490.0
int__tai30_15_03,1788,652,2152.0,2440.0
int__tai30_15_03,1788,653,2236.0,2572.0
int__tai30_15_03,1788,654,2230.0,2477.0
int__tai30_15_03,1788,655,2205.0,2485.0
int__tai30_15_03,1788,656,2124.0,2392.0
int__tai30_15_03,1788,657,2194.0,2494.0
int__tai30_15_03,1788,658,2160.0,2459.0
int__tai30_15_03,1788,659,2127.0,2430.0
int__tai30_15_03,1788,660,2153.0,2411.0
int__tai30_15_03,1788,661,2154.0,2480.0
int__tai30_15_03,1788,662,2138.0,2412.0
int__tai30_15_03,1788,663,2222.0,2522.0
int__tai30_15_03,1788,664,2177.0,2506.0
int__tai30_15_03,1788,665,2195.0,2502.0
int__tai30_15_03,1788,666,2245.0,2569.0
int__tai30_15_03,1788,667,2214.0,2467.0
int__tai30_15_03,1788,668,2234.0,2525.0
int__tai30_15_03,1788,669,2160.0,2442.0
int__tai30_15_03,1788,670,2115.0,2443.0
int__tai30_15_03,1788,671,2131.0,2432.0
int__tai30_15_03,1788,672,2150.0,2470.0
int__tai30_15_03,1788,673,2201.0,2505.0
int__tai30_15_03,1788,674,2165.0,2475.0
int__tai30_15_03,1788,675,2287.0,2549.0
int__tai30_15_03,1788,676,2147.0,2448.0
int__tai30_15_03,1788,677,2176.0,2490.0
int__tai30_15_03,1788,678,2239.0,2502.0
int__tai30_15_03,1788,679,2091.0,2428.0
int__tai30_15_03,1788,680,2241.0,2529.0
int__tai30_15_03,1788,681,2124.0,2445.0
int__tai30_15_03,1788,682,2232.0,2520.0
int__tai30_15_03,1788,683,2166.0,2512.0
int__tai30_15_03,1788,684,2145.0,2470.0
int__tai30_15_03,1788,685,2112.0,2380.0
int__tai30_15_03,1788,686,2131.0,2450.0
int__tai30_15_03,1788,687,2243.0,2548.0
int__tai30_15_03,1788,688,2236.0,2596.0
int__tai30_15_03,1788,689,2163.0,2442.0
int__tai30_15_03,1788,690,2096.0,2387.0
int__tai30_15_03,1788,691,2059.0,2344.0
int__tai30_15_03,1788,692,2137.0,2456.0
int__tai30_15_03,1788,693,2211.0,2481.0
int__tai30_15_03,1788,694,2100.0,2383.0
int__tai30_15_03,1788,695,2281.0,2613.0
int__tai30_15_03,1788,696,2195.0,2519.0
int__tai30_15_03,1788,697,2189.0,2500.0
int__tai30_15_03,1788,698,2112.0,2466.0
int__tai30_15_03,1788,699,2248.0,2530.0
int__tai30_15_03,1788,700,2180.0,2528.0
int__tai30_15_03,1788,701,2239.0,2471.0
int__tai30_15_03,1788,702,2173.0,2435.0
int__tai30_15_03,1788,703,2190.0,2462.0
int__tai30_15_03,1788,704,2188.0,2505.0
int__tai30_15_03,1788,705,2214.0,2533.0
int__tai30_15_03,1788,706,2183.0,2477.0
int__tai30_15_03,1788,707,2136.0,2471.0
int__tai30_15_03,1788,708,2149.0,2381.0
int__tai30_15_03,1788,709,2256.0,2544.0
int__tai30_15_03,1788,710,2249.0,2559.0
int__tai30_15_03,1788,711,2130.0,2456.0
int__tai30_15_03,1788,712,2165.0,2467.0
int__tai30_15_03,1788,713,2178.0,2483.0
int__tai30_15_03,1788,714,2188.0,2506.0
int__tai30_15_03,1788,715,2237.0,2540.0
int__tai30_15_03,1788,716,2141.0,2425.0
int__tai30_15_03,1788,717,2129.0,2452.0
int__tai30_15_03,1788,718,2222.0,2545.0
int__tai30_15_03,1788,719,2236.0,2542.0
int__tai30_15_03,1788,720,2117.0,2409.0
int__tai30_15_03,1788,721,2184.0,2486.0
int__tai30_15_03,1788,722,2173.0,2524.0
int__tai30_15_03,1788,723,2272.0,2535.0
int__tai30_15_03,1788,724,2126.0,2413.0
int__tai30_15_03,1788,725,2148.0,2474.0
int__tai30_15_03,1788,726,2223.0,2532.0
int__tai30_15_03,1788,727,2161.0,2433.0
int__tai30_15_03,1788,728,2142.0,2406.0
int__tai30_15_03,1788,729,2158.0,2464.0
int__tai30_15_03,1788,730,2164.0,2449.0
int__tai30_15_03,1788,731,2217.0,2490.0
int__tai30_15_03,1788,732,2125.0,2445.0
int__tai30_15_03,1788,733,2179.0,2504.0
int__tai30_15_03,1788,734,2206.0,2510.0
int__tai30_15_03,1788,735,2175.0,2517.0
int__tai30_15_03,1788,736,2152.0,2467.0
int__tai30_15_03,1788,737,2145.0,2462.0
int__tai30_15_03,1788,738,2164.0,2475.0
int__tai30_15_03,1788,739,2213.0,2488.0
int__tai30_15_03,1788,740,2175.0,2496.0
int__tai30_15_03,1788,741,2148.0,2443.0
int__tai30_15_03,1788,742,2222.0,2578.0
int__tai30_15_03,1788,743,2092.0,2398.0
int__tai30_15_03,1788,744,2126.0,2469.0
int__tai30_15_03,1788,745,2115.0,2425.0
int__tai30_15_03,1788,746,2270.0,2545.0
int__tai30_15_03,1788,747,2088.0,2400.0
int__tai30_15_03,1788,748,2188.0,2456.0
int__tai30_15_03,1788,749,2233.0,2459.0
int__tai30_15_03,1788,750,2174.0,2452.0
int__tai30_15_03,1788,751,2230.0,2586.0
int__tai30_15_03,1788,752,2157.0,2408.0
int__tai30_15_03,1788,753,2221.0,2546.0
int__tai30_15_03,1788,754,2164.0,2490.0
int__tai30_15_03,1788,755,2126.0,2457.0
int__tai30_15_03,1788,756,2184.0,2511.0
int__tai30_15_03,1788,757,2211.0,2491.0
int__tai30_15_03,1788,758,2180.0,2515.0
int__tai30_15_03,1788,759,2232.0,2508.0
int__tai30_15_03,1788,760,2184.0,2456.0
int__tai30_15_03,1788,761,2170.0,2472.0
int__tai30_15_03,1788,762,2100.0,2350.0
int__tai30_15_03,1788,763,2158.0,2492.0
int__tai30_15_03,1788,764,2170.0,2417.0
int__tai30_15_03,1788,765,2198.0,2522.0
int__tai30_15_03,1788,766,2250.0,2573.0
int__tai30_15_03,1788,767,2269.0,2589.0
int__tai30_15_03,1788,768,2171.0,2501.0
int__tai30_15_03,1788,769,2146.0,2471.0
int__tai30_15_03,1788,770,2150.0,2478.0
int__tai30_15_03,1788,771,2118.0,2441.0
int__tai30_15_03,1788,772,2133.0,2419.0
int__tai30_15_03,1788,773,2236.0,2496.0
int__tai30_15_03,1788,774,2113.0,2393.0
int__tai30_15_03,1788,775,2184.0,2439.0
int__tai30_15_03,1788,776,2180.0,2512.0
int__tai30_15_03,1788,777,2188.0,2479.0
int__tai30_15_03,1788,778,2111.0,2399.0
int__tai30_15_03,1788,779,2168.0,2522.0
int__tai30_15_03,1788,780,2219.0,2534.0
int__tai30_15_03,1788,781,2225.0,2488.0
int__tai30_15_03,1788,782,2316.0,2665.0
int__tai30_15_03,1788,783,2171.0,2529.0
int__tai30_15_03,1788,784,2148.0,2477.0
int__tai30_15_03,1788,785,2131.0,2480.0
int__tai30_15_03,1788,786,2156.0,2455.0
int__tai30_15_03,1788,787,2171.0,2443.0
int__tai30_15_03,1788,788,2068.0,2379.0
int__tai30_15_03,1788,789,2165.0,2496.0
int__tai30_15_03,1788,790,2216.0,2495.0
int__tai30_15_03,1788,791,2188.0,2530.0
int__tai30_15_03,1788,792,2189.0,2493.0
int__tai30_15_03,1788,793,2144.0,2521.0
int__tai30_15_03,1788,794,2204.0,2519.0
int__tai30_15_03,1788,795,2183.0,2494.0
int__tai30_15_03,1788,796,2298.0,2595.0
int__tai30_15_03,1788,797,2268.0,2608.0
int__tai30_15_03,1788,798,2334.0,2667.0
int__tai30_15_03,1788,799,2085.0,2413.0
int__tai30_15_03,1788,800,2180.0,2439.0
int__tai30_15_03,1788,801,2121.0,2476.0
int__tai30_15_03,1788,802,2183.0,2476.0
int__tai30_15_03,1788,803,2212.0,2479.0
int__tai30_15_03,1788,804,2120.0,2453.0
int__tai30_15_03,1788,805,2186.0,2493.0
int__tai30_15_03,1788,806,2146.0,2448.0
int__tai30_15_03,1788,807,2198.0,2509.0
int__tai30_15_03,1788,808,2355.0,2644.0
int__tai30_15_03,1788,809,2218.0,2586.0
int__tai30_15_03,1788,810,2079.0,2415.0
int__tai30_15_03,1788,811,2171.0,2417.0
int__tai30_15_03,1788,812,2202.0,2536.0
int__tai30_15_03,1788,813,2110.0,2426.0
int__tai30_15_03,1788,814,2124.0,2478.0
int__tai30_15_03,1788,815,2279.0,2555.0
int__tai30_15_03,1788,816,2247.0,2509.0
int__tai30_15_03,1788,817,2169.0,2451.0
int__tai30_15_03,1788,818,2201.0,2508.0
int__tai30_15_03,1788,819,2168.0,2545.0
int__tai30_15_03,1788,820,2240.0,2512.0
int__tai30_15_03,1788,821,2118.0,2395.0
int__tai30_15_03,1788,822,2167.0,2437.0
int__tai30_15_03,1788,823,2158.0,2510.0
int__tai30_15_03,1788,824,2255.0,2499.0
int__tai30_15_03,1788,825,2122.0,2385.0
int__tai30_15_03,1788,826,2159.0,2513.0
int__tai30_15_03,1788,827,2080.0,2415.0
int__tai30_15_03,1788,828,2179.0,2514.0
int__tai30_15_03,1788,829,2154.0,2394.0
int__tai30_15_03,1788,830,2215.0,2517.0
int__tai30_15_03,1788,831,2160.0,2466.0
int__tai30_15_03,1788,832,2215.0,2508.0
int__tai30_15_03,1788,833,2189.0,2544.0
int__tai30_15_03,1788,834,2270.0,2592.0
int__tai30_15_03,1788,835,2204.0,2539.0
int__tai30_15_03,1788,836,2094.0,2395.0
int__tai30_15_03,1788,837,2202.0,2488.0
int__tai30_15_03,1788,838,2183.0,2451.0
int__tai30_15_03,1788,839,2149.0,2417.0
int__tai30_15_03,1788,840,2173.0,2513.0
int__tai30_15_03,1788,841,2242.0,2577.0
int__tai30_15_03,1788,842,2234.0,2548.0
int__tai30_15_03,1788,843,2165.0,2432.0
int__tai30_15_03,1788,844,2184.0,2464.0
int__tai30_15_03,1788,845,2122.0,2452.0
int__tai30_15_03,1788,846,2141.0,2429.0
int__tai30_15_03,1788,847,2265.0,2654.0
int__tai30_15_03,1788,848,2181.0,2551.0
int__tai30_15_03,1788,849,2164.0,2481.0
int__tai30_15_03,1788,850,2111.0,2364.0
int__tai30_15_03,1788,851,2241.0,2522.0
int__tai30_15_03,1788,852,2107.0,2449.0
int__tai30_15_03,1788,853,2132.0,2446.0
int__tai30_15_03,1788,854,2204.0,2559.0
int__tai30_15_03,1788,855,2185.0,2548.0
int__tai30_15_03,1788,856,2162.0,2465.0
int__tai30_15_03,1788,857,2177.0,2487.0
int__tai30_15_03,1788,858,2191.0,2537.0
int__tai30_15_03,1788,859,2105.0,2449.0
int__tai30_15_03,1788,860,2249.0,2528.0
int__tai30_15_03,1788,861,2170.0,2424.0
int__tai30_15_03,1788,862,2080.0,2404.0
int__tai30_15_03,1788,863,2378.0,2689.0
int__tai30_15_03,1788,864,2096.0,2382.0
int__tai30_15_03,1788,865,2241.0,2574.0
int__tai30_15_03,1788,866,2151.0,2484.0
int__tai30_15_03,1788,867,2120.0,2449.0
int__tai30_15_03,1788,868,2168.0,2536.0
int__tai30_15_03,1788,869,2272.0,2551.0
int__tai30_15_03,1788,870,2284.0,2623.0
int__tai30_15_03,1788,871,2160.0,2461.0
int__tai30_15_03,1788,872,2167.0,2481.0
int__tai30_15_03,1788,873,2154.0,2464.0
int__tai30_15_03,1788,874,2129.0,2389.0
int__tai30_15_03,1788,875,2246.0,2499.0
int__tai30_15_03,1788,876,2153.0,2495.0
int__tai30_15_03,1788,877,2122.0,2429.0
int__tai30_15_03,1788,878,2201.0,2503.0
int__tai30_15_03,1788,879,2176.0,2443.0
int__tai30_15_03,1788,880,2194.0,2460.0
int__tai30_15_03,1788,881,2037.0,2345.0
int__tai30_15_03,1788,882,2116.0,2453.0
int__tai30_15_03,1788,883,2170.0,2468.0
int__tai30_15_03,1788,884,2126.0,2434.0
int__tai30_15_03,1788,885,2141.0,2455.0
int__tai30_15_03,1788,886,2201.0,2510.0
int__tai30_15_03,1788,887,2167.0,2499.0
int__tai30_15_03,1788,888,2251.0,2557.0
int__tai30_15_03,1788,889,2194.0,2475.0
int__tai30_15_03,1788,890,2159.0,2447.0
int__tai30_15_03,1788,891,2191.0,2448.0
int__tai30_15_03,1788,892,2274.0,2604.0
int__tai30_15_03,1788,893,2154.0,2430.0
int__tai30_15_03,1788,894,2119.0,2381.0
int__tai30_15_03,1788,895,2128.0,2462.0
int__tai30_15_03,1788,896,2108.0,2391.0
int__tai30_15_03,1788,897,2283.0,2618.0
int__tai30_15_03,1788,898,2166.0,2472.0
int__tai30_15_03,1788,899,2258.0,2523.0
int__tai30_15_03,1788,900,2103.0,2405.0
int__tai30_15_03,1788,901,2163.0,2469.0
int__tai30_15_03,1788,902,2159.0,2487.0
int__tai30_15_03,1788,903,2170.0,2489.0
int__tai30_15_03,1788,904,2136.0,2467.0
int__tai30_15_03,1788,905,2150.0,2426.0
int__tai30_15_03,1788,906,2151.0,2509.0
int__tai30_15_03,1788,907,2204.0,2451.0
int__tai30_15_03,1788,908,2192.0,2442.0
int__tai30_15_03,1788,909,2089.0,2423.0
int__tai30_15_03,1788,910,2246.0,2601.0
int__tai30_15_03,1788,911,2198.0,2440.0
int__tai30_15_03,1788,912,2089.0,2375.0
int__tai30_15_03,1788,913,2049.0,2388.0
int__tai30_15_03,1788,914,2237.0,2530.0
int__tai30_15_03,1788,915,2185.0,2465.0
int__tai30_15_03,1788,916,2172.0,2464.0
int__tai30_15_03,1788,917,2235.0,2508.0
int__tai30_15_03,1788,918,2195.0,2469.0
int__tai30_15_03,1788,919,2225.0,2513.0
int__tai30_15_03,1788,920,2132.0,2440.0
int__tai30_15_03,1788,921,2143.0,2467.0
int__tai30_15_03,1788,922,2167.0,2501.0
int__tai30_15_03,1788,923,2145.0,2446.0
int__tai30_15_03,1788,924,2112.0,2446.0
int__tai30_15_03,1788,925,2112.0,2430.0
int__tai30_15_03,1788,926,2205.0,2467.0
int__tai30_15_03,1788,927,2259.0,2530.0
int__tai30_15_03,1788,928,2210.0,2494.0
int__tai30_15_03,1788,929,2164.0,2400.0
int__tai30_15_03,1788,930,2194.0,2480.0
int__tai30_15_03,1788,931,2177.0,2455.0
int__tai30_15_03,1788,932,2111.0,2440.0
int__tai30_15_03,1788,933,2213.0,2525.0
int__tai30_15_03,1788,934,2352.0,2622.0
int__tai30_15_03,1788,935,2268.0,2599.0
int__tai30_15_03,1788,936,2064.0,2389.0
int__tai30_15_03,1788,937,2221.0,2536.0
int__tai30_15_03,1788,938,2199.0,2537.0
int__tai30_15_03,1788,939,2201.0,2521.0
int__tai30_15_03,1788,940,2211.0,2530.0
int__tai30_15_03,1788,941,2222.0,2550.0
int__tai30_15_03,1788,942,2107.0,2431.0
int__tai30_15_03,1788,943,2179.0,2441.0
int__tai30_15_03,1788,944,2135.0,2456.0
int__tai30_15_03,1788,945,2151.0,2478.0
int__tai30_15_03,1788,946,2236.0,2587.0
int__tai30_15_03,1788,947,2144.0,2455.0
int__tai30_15_03,1788,948,2222.0,2571.0
int__tai30_15_03,1788,949,2138.0,2411.0
int__tai30_15_03,1788,950,2129.0,2438.0
int__tai30_15_03,1788,951,2188.0,2490.0
int__tai30_15_03,1788,952,2202.0,2530.0
int__tai30_15_03,1788,953,2126.0,2423.0
int__tai30_15_03,1788,954,2204.0,2508.0
int__tai30_15_03,1788,955,2251.0,2525.0
int__tai30_15_03,1788,956,2164.0,2499.0
int__tai30_15_03,1788,957,2200.0,2521.0
int__tai30_15_03,1788,958,2155.0,2422.0
int__tai30_15_03,1788,959,2255.0,2542.0
int__tai30_15_03,1788,960,2098.0,2357.0
int__tai30_15_03,1788,961,2135.0,2440.0
int__tai30_15_03,1788,962,2151.0,2481.0
int__tai30_15_03,1788,963,2217.0,2493.0
int__tai30_15_03,1788,964,2178.0,2478.0
int__tai30_15_03,1788,965,2203.0,2486.0
int__tai30_15_03,1788,966,2182.0,2474.0
int__tai30_15_03,1788,967,2185.0,2526.0
int__tai30_15_03,1788,968,2138.0,2477.0
int__tai30_15_03,1788,969,2253.0,2495.0
int__tai30_15_03,1788,970,2193.0,2447.0
int__tai30_15_03,1788,971,2194.0,2489.0
int__tai30_15_03,1788,972,2188.0,2450.0
int__tai30_15_03,1788,973,2197.0,2436.0
int__tai30_15_03,1788,974,2136.0,2392.0
int__tai30_15_03,1788,975,2231.0,2530.0
int__tai30_15_03,1788,976,2132.0,2476.0
int__tai30_15_03,1788,977,2222.0,2554.0
int__tai30_15_03,1788,978,2208.0,2491.0
int__tai30_15_03,1788,979,2129.0,2368.0
int__tai30_15_03,1788,980,2229.0,2509.0
int__tai30_15_03,1788,981,2137.0,2416.0
int__tai30_15_03,1788,982,2206.0,2460.0
int__tai30_15_03,1788,983,2220.0,2479.0
int__tai30_15_03,1788,984,2103.0,2356.0
int__tai30_15_03,1788,985,2132.0,2448.0
int__tai30_15_03,1788,986,2219.0,2529.0
int__tai30_15_03,1788,987,2192.0,2469.0
int__tai30_15_03,1788,988,2167.0,2392.0
int__tai30_15_03,1788,989,2169.0,2484.0
int__tai30_15_03,1788,990,2195.0,2460.0
int__tai30_15_03,1788,991,2202.0,2527.0
int__tai30_15_03,1788,992,2166.0,2437.0
int__tai30_15_03,1788,993,2190.0,2499.0
int__tai30_15_03,1788,994,2284.0,2525.0
int__tai30_15_03,1788,995,2163.0,2505.0
int__tai30_15_03,1788,996,2155.0,2485.0
int__tai30_15_03,1788,997,2241.0,2523.0
int__tai30_15_03,1788,998,2338.0,2653.0
int__tai30_15_03,1788,999,2170.0,2470.0
int__tai30_15_03,1788,1000,2222.0,2535.0
int__tai30_15_03,1788,1001,2258.0,2551.0
int__tai30_15_03,1788,1002,2213.0,2461.0
int__tai30_15_03,1788,1003,2223.0,2532.0
int__tai30_15_03,1788,1004,2079.0,2354.0
int__tai30_15_03,1788,1005,2197.0,2546.0
int__tai30_15_03,1788,1006,2226.0,2488.0
int__tai30_15_03,1788,1007,2202.0,2531.0
int__tai30_15_03,1788,1008,2116.0,2398.0
int__tai30_15_03,1788,1009,2129.0,2407.0
int__tai30_15_03,1788,1010,2154.0,2438.0
int__tai30_15_03,1788,1011,2176.0,2509.0
int__tai30_15_03,1788,1012,2148.0,2464.0
int__tai30_15_03,1788,1013,2233.0,2466.0
int__tai30_15_03,1788,1014,2168.0,2502.0
int__tai30_15_03,1788,1015,2106.0,2433.0
int__tai30_15_03,1788,1016,2201.0,2546.0
int__tai30_15_03,1788,1017,2167.0,2414.0
int__tai30_15_03,1788,1018,2151.0,2473.0
int__tai30_15_03,1788,1019,2232.0,2492.0
int__tai30_15_03,1788,1020,2246.0,2528.0
int__tai30_15_03,1788,1021,2187.0,2513.0
int__tai30_15_03,1788,1022,2229.0,2487.0
int__tai30_15_03,1788,1023,2158.0,2479.0
int__tai30_15_09,1795,0,2073.0,2320.0
int__tai30_15_09,1795,1,2084.0,2328.0
int__tai30_15_09,1795,2,2035.0,2307.0
int__tai30_15_09,1795,3,2098.0,2362.0
int__tai30_15_09,1795,4,2019.0,2310.0
int__tai30_15_09,1795,5,2026.0,2277.0
int__tai30_15_09,1795,6,2143.0,2415.0
int__tai30_15_09,1795,7,2054.0,2330.0
int__tai30_15_09,1795,8,2100.0,2354.0
int__tai30_15_09,1795,9,2032.0,2318.0
int__tai30_15_09,1795,10,2284.0,2578.0
int__tai30_15_09,1795,11,2021.0,2272.0
int__tai30_15_09,1795,12,2168.0,2443.0
int__tai30_15_09,1795,13,2056.0,2324.0
int__tai30_15_09,1795,14,2018.0,2264.0
int__tai30_15_09,1795,15,2071.0,2335.0
int__tai30_15_09,1795,16,2103.0,2391.0
int__tai30_15_09,1795,17,2055.0,2322.0
int__tai30_15_09,1795,18,2019.0,2263.0
int__tai30_15_09,1795,19,2074.0,2315.0
int__tai30_15_09,1795,20,2082.0,2341.0
int__tai30_15_09,1795,21,2076.0,2348.0
int__tai30_15_09,1795,22,1970.0,2243.0
int__tai30_15_09,1795,23,2061.0,2313.0
int__tai30_15_09,1795,24,2124.0,2404.0
int__tai30_15_09,1795,25,1988.0,2246.0
int__tai30_15_09,1795,26,1974.0,2242.0
int__tai30_15_09,1795,27,2004.0,2297.0
int__tai30_15_09,1795,28,2141.0,2430.0
int__tai30_15_09,1795,29,2079.0,2331.0
int__tai30_15_09,1795,30,2095.0,2369.0
int__tai30_15_09,1795,31,2107.0,2384.0
int__tai30_15_09,1795,32,2079.0,2397.0
int__tai30_15_09,1795,33,2148.0,2417.0
int__tai30_15_09,1795,34,2133.0,2397.0
int__tai30_15_09,1795,35,2189.0,2482.0
int__tai30_15_09,1795,36,2231.0,2493.0
int__tai30_15_09,1795,37,2222.0,2503.0
int__tai30_15_09,1795,38,2050.0,2348.0
int__tai30_15_09,1795,39,2073.0,2417.0
int__tai30_15_09,1795,40,2113.0,2418.0
int__tai30_15_09,1795,41,2061.0,2307.0
int__tai30_15_09,1795,42,2144.0,2437.0
int__tai30_15_09,1795,43,2071.0,2364.0
int__tai30_15_09,1795,44,2177.0,2467.0
int__tai30_15_09,1795,45,2003.0,2255.0
int__tai30_15_09,1795,46,2001.0,2256.0
int__tai30_15_09,1795,47,1938.0,2192.0
int__tai30_15_09,1795,48,2056.0,2332.0
int__tai30_15_09,1795,49,2229.0,2519.0
int__tai30_15_09,1795,50,2153.0,2418.0
int__tai30_15_09,1795,51,2229.0,2524.0
int__tai30_15_09,1795,52,2056.0,2301.0
int__tai30_15_09,1795,53,2064.0,2353.0
int__tai30_15_09,1795,54,2093.0,2361.0
int__tai30_15_09,1795,55,2083.0,2335.0
int__tai30_15_09,1795,56,2155.0,2434.0
int__tai30_15_09,1795,57,2073.0,2360.0
int__tai30_15_09,1795,58,2035.0,2300.0
int__tai30_15_09,1795,59,2054.0,2340.0
int__tai30_15_09,1795,60,2113.0,2385.0
int__tai30_15_09,1795,61,2066.0,2351.0
int__tai30_15_09,1795,62,2183.0,2455.0
int__tai30_15_09,1795,63,2126.0,2352.0
int__tai30_15_09,1795,64,2139.0,2428.0
int__tai30_15_09,1795,65,2130.0,2412.0
int__tai30_15_09,1795,66,2029.0,2331.0
int__tai30_15_09,1795,67,2076.0,2322.0
int__tai30_15_09,1795,68,2075.0,2359.0
int__tai30_15_09,1795,69,2050.0,2345.0
int__tai30_15_09,1795,70,2038.0,2296.0
int__tai30_15_09,1795,71,2204.0,2512.0
int__tai30_15_09,1795,72,2138.0,2405.0
int__tai30_15_09,1795,73,2040.0,2323.0
int__tai30_15_09,1795,74,2063.0,2378.0
int__tai30_15_09,1795,75,2038.0,2320.0
int__tai30_15_09,1795,76,2035.0,2300.0
int__tai30_15_09,1795,77,2029.0,2283.0
int__tai30_15_09,1795,78,2151.0,2390.0
int__tai30_15_09,1795,79,2219.0,2497.0
int__tai30_15_09,1795,80,2210.0,2503.0
int__tai30_15_09,1795,81,2138.0,2420.0
int__tai30_15_09,1795,82,1987.0,2284.0
int__tai30_15_09,1795,83,2078.0,2332.0
int__tai30_15_09,1795,84,2121.0,2398.0
int__tai30_15_09,1795,85,2043.0,2308.0
int__tai30_15_09,1795,86,2034.0,2295.0
int__tai30_15_09,1795,87,2046.0,2293.0
int__tai30_15_09,1795,88,2093.0,2388.0
int__tai30_15_09,1795,89,2102.0,2393.0
int__tai30_15_09,1795,90,1993.0,2269.0
int__tai30_15_09,1795,91,2123.0,2407.0
int__tai30_15_09,1795,92,2155.0,2456.0
int__tai30_15_09,1795,93,2047.0,2324.0
int__tai30_15_09,1795,94,2053.0,2316.0
int__tai30_15_09,1795,95,2016.0,2308.0
int__tai30_15_09,1795,96,2274.0,2582.0
int__tai30_15_09,1795,97,2002.0,2285.0
int__tai30_15_09,1795,98,2007.0,2269.0
int__tai30_15_09,1795,99,2079.0,2382.0
int__tai30_15_09,1795,100,2148.0,2433.0
int__tai30_15_09,1795,101,2091.0,2340.0
int__tai30_15_09,1795,102,2107.0,2409.0
int__tai30_15_09,1795,103,2046.0,2290.0
int__tai30_15_09,1795,104,2115.0,2397.0
int__tai30_15_09,1795,105,2048.0,2327.0
int__tai30_15_09,1795,106,2085.0,2359.0
int__tai30_15_09,1795,107,2042.0,2337.0
int__tai30_15_09,1795,108,2047.0,2280.0
int__tai30_15_09,1795,109,2231.0,2573.0
int__tai30_15_09,1795,110,2083.0,2384.0
int__tai30_15_09,1795,111,2079.0,2336.0
int__tai30_15_09,1795,112,2135.0,2411.0
int__tai30_15_09,1795,113,2012.0,2298.0
int__tai30_15_09,1795,114,2009.0,2261.0
int__tai30_15_09,1795,115,2034.0,2293.0
int__tai30_15_09,1795,116,2116.0,2379.0
int__tai30_15_09,1795,117,2056.0,2335.0
int__tai30_15_09,1795,118,2065.0,2308.0
int__tai30_15_09,1795,119,1990.0,2264.0
int__tai30_15_09,1795,120,2089.0,2421.0
int__tai30_15_09,1795,121,2137.0,2428.0
int__tai30_15_09,1795,122,2060.0,2332.0
int__tai30_15_09,1795,123,1966.0,2210.0
int__tai30_15_09,1795,124,2140.0,2438.0
int__tai30_15_09,1795,125,2163.0,2430.0
int__tai30_15_09,1795,126,2108.0,2395.0
int__tai30_15_09,1795,127,2063.0,2333.0
int__tai30_15_09,1795,128,2095.0,2395.0
int__tai30_15_09,1795,129,1986.0,2272.0
int__tai30_15_09,1795,130,2044.0,2309.0
int__tai30_15_09,1795,131,1989.0,2254.0
int__tai30_15_09,1795,132,2099.0,2337.0
int__tai30_15_09,1795,133,2120.0,2457.0
int__tai30_15_09,1795,134,2156.0,2444.0
int__tai30_15_09,1795,135,2063.0,2369.0
int__tai30_15_09,1795,136,2026.0,2340.0
int__tai30_15_09,1795,137,2132.0,2426.0
int__tai30_15_09,1795,138,2140.0,2442.0
int__tai30_15_09,1795,139,2196.0,2469.0
int__tai30_15_09,1795,140,2046.0,2311.0
int__tai30_15_09,1795,141,2061.0,2335.0
int__tai30_15_09,1795,142,2226.0,2564.0
int__tai30_15_09,1795,143,2236.0,2581.0
int__tai30_15_09,1795,144,1968.0,2238.0
int__tai30_15_09,1795,145,2116.0,2392.0
int__tai30_15_09,1795,146,1977.0,2272.0
int__tai30_15_09,1795,147,1990.0,2279.0
int__tai30_15_09,1795,148,2031.0,2287.0
int__tai30_15_09,1795,149,2104.0,2435.0
int__tai30_15_09,1795,150,1995.0,2300.0
int__tai30_15_09,1795,151,2162.0,2445.0
int__tai30_15_09,1795,152,2032.0,2288.0
int__tai30_15_09,1795,153,2148.0,2405.0
int__tai30_15_09,1795,154,2170.0,2436.0
int__tai30_15_09,1795,155,2163.0,2430.0
int__tai30_15_09,1795,156,2106.0,2354.0
int__tai30_15_09,1795,157,2057.0,2326.0
int__tai30_15_09,1795,158,2084.0,2360.0
int__tai30_15_09,1795,159,2281.0,2572.0
int__tai30_15_09,1795,160,2136.0,2461.0
int__tai30_15_09,1795,161,2035.0,2293.0
int__tai30_15_09,1795,162,2094.0,2373.0
int__tai30_15_09,1795,163,2124.0,2399.0
int__tai30_15_09,1795,164,2094.0,2336.0
int__tai30_15_09,1795,165,2100.0,2402.0
int__tai30_15_09,1795,166,1995.0,2258.0
int__tai30_15_09,1795,167,2059.0,2338.0
int__tai30_15_09,1795,168,1954.0,2230.0
int__tai30_15_09,1795,169,2073.0,2355.0
int__tai30_15_09,1795,170,2096.0,2394.0
int__tai30_15_09,1795,171,2103.0,2427.0
int__tai30_15_09,1795,172,2148.0,2440.0
int__tai30_15_09,1795,173,2016.0,2284.0
int__tai30_15_09,1795,174,2004.0,2278.0
int__tai30_15_09,1795,175,2255.0,2503.0
int__tai30_15_09,1795,176,2095.0,2345.0
int__tai30_15_09,1795,177,2018.0,2339.0
int__tai30_15_09,1795,178,2090.0,2361.0
int__tai30_15_09,1795,179,2068.0,2344.0
int__tai30_15_09,1795,180,1972.0,2230.0
int__tai30_15_09,1795,181,2044.0,2358.0
int__tai30_15_09,1795,182,2080.0,2325.0
int__tai30_15_09,1795,183,2055.0,2343.0
int__tai30_15_09,1795,184,2143.0,2406.0
int__tai30_15_09,1795,185,2092.0,2357.0
int__tai30_15_09,1795,186,2043.0,2315.0
int__tai30_15_09,1795,187,2070.0,2361.0
int__tai30_15_09,1795,188,2111.0,2374.0
int__tai30_15_09,1795,189,2110.0,2377.0
int__tai30_15_09,1795,190,2090.0,2407.0
int__tai30_15_09,1795,191,2009.0,2267.0
int__tai30_15_09,1795,192,1970.0,2238.0
int__tai30_15_09,1795,193,2033.0,2311.0
int__tai30_15_09,1795,194,2035.0,2352.0
int__tai30_15_09,1795,195,1975.0,2226.0
int__tai30_15_09,1795,196,2048.0,2303.0
int__tai30_15_09,1795,197,2042.0,2329.0
int__tai30_15_09,1795,198,2062.0,2315.0
int__tai30_15_09,1795,199,2126.0,2392.0
int__tai30_15_09,1795,200,2034.0,2295.0
int__tai30_15_09,1795,201,2318.0,2605.0
int__tai30_15_09,1795,202,2122.0,2438.0
int__tai30_15_09,1795,203,2040.0,2299.0
int__tai30_15_09,1795,204,2024.0,2311.0
int__tai30_15_09,1795,205,2009.0,2242.0
int__tai30_15_09,1795,206,1995.0,2242.0
int__tai30_15_09,1795,207,1992.0,2305.0
int__tai30_15_09,1795,208,2033.0,2282.0
int__tai30_15_09,1795,209,2070.0,2320.0
int__tai30_15_09,1795,210,2094.0,2381.0
int__tai30_15_09,1795,211,2023.0,2269.0
int__tai30_15_09,1795,212,1996.0,2261.0
int__tai30_15_09,1795,213,2142.0,2414.0
int__tai30_15_09,1795,214,2220.0,2513.0
int__tai30_15_09,1795,215,2143.0,2453.0
int__tai30_15_09,1795,216,2078.0,2346.0
int__tai30_15_09,1795,217,2052.0,2380.0
int__tai30_15_09,1795,218,2036.0,2317.0
int__tai30_15_09,1795,219,2018.0,2274.0
int__tai30_15_09,1795,220,2113.0,2392.0
int__tai30_15_09,1795,221,2089.0,2382.0
int__tai30_15_09,1795,222,2058.0,2384.0
int__tai30_15_09,1795,223,2058.0,2326.0
int__tai30_15_09,1795,224,2053.0,2319.0
int__tai30_15_09,1795,225,2080.0,2348.0
int__tai30_15_09,1795,226,2099.0,2365.0
int__tai30_15_09,1795,227,2144.0,2460.0
int__tai30_15_09,1795,228,2017.0,2268.0
int__tai30_15_09,1795,229,2055.0,2329.0
int__tai30_15_09,1795,230,2032.0,2266.0
int__tai30_15_09,1795,231,2039.0,2349.0
int__tai30_15_09,1795,232,1961.0,2231.0
int__tai30_15_09,1795,233,2047.0,2307.0
int__tai30_15_09,1795,234,2092.0,2367.0
int__tai30_15_09,1795,235,2115.0,2375.0
int__tai30_15_09,1795,236,2062.0,2320.0
int__tai30_15_09,1795,237,2116.0,2382.0
int__tai30_15_09,1795,238,2096.0,2368.0
int__tai30_15_09,1795,239,2221.0,2498.0
int__tai30_15_09,1795,240,2065.0,2327.0
int__tai30_15_09,1795,241,2150.0,2442.0
int__tai30_15_09,1795,242,2067.0,2352.0
int__tai30_15_09,1795,243,2050.0,2334.0
int__tai30_15_09,1795,244,2083.0,2351.0
int__tai30_15_09,1795,245,1947.0,2197.0
int__tai30_15_09,1795,246,2070.0,2350.0
int__tai30_15_09,1795,247,2119.0,2386.0
int__tai30_15_09,1795,248,2072.0,2348.0
int__tai30_15_09,1795,249,2002.0,2268.0
int__tai30_15_09,1795,250,2045.0,2358.0
int__tai30_15_09,1795,251,2097.0,2379.0
int__tai30_15_09,1795,252,2016.0,2280.0
int__tai30_15_09,1795,253,2111.0,2379.0
int__tai30_15_09,1795,254,2179.0,2487.0
int__tai30_15_09,1795,255,2097.0,2326.0
int__tai30_15_09,1795,256,2041.0,2321.0
int__tai30_15_09,1795,257,2044.0,2315.0
int__tai30_15_09,1795,258,2028.0,2292.0
int__tai30_15_09,1795,259,2104.0,2393.0
int__tai30_15_09,1795,260,2035.0,2304.0
int__tai30_15_09,1795,261,2118.0,2426.0
int__tai30_15_09,1795,262,2085.0,2357.0
int__tai30_15_09,1795,263,2031.0,2312.0
int__tai30_15_09,1795,264,2072.0,2386.0
int__tai30_15_09,1795,265,1949.0,2256.0
int__tai30_15_09,1795,266,2040.0,2306.0
int__tai30_15_09,1795,267,2008.0,2255.0
int__tai30_15_09,1795,268,2087.0,2387.0
int__tai30_15_09,1795,269,2107.0,2371.0
int__tai30_15_09,1795,270,2109.0,2385.0
int__tai30_15_09,1795,271,1971.0,2229.0
int__tai30_15_09,1795,272,2111.0,2391.0
int__tai30_15_09,1795,273,2073.0,2311.0
int__tai30_15_09,1795,274,2184.0,2491.0
int__tai30_15_09,1795,275,2125.0,2392.0
int__tai30_15_09,1795,276,2012.0,2334.0
int__tai30_15_09,1795,277,2121.0,2365.0
int__tai30_15_09,1795,278,2142.0,2397.0
int__tai30_15_09,1795,279,1975.0,2269.0
int__tai30_15_09,1795,280,1997.0,2284.0
int__tai30_15_09,1795,281,2021.0,2313.0
int__tai30_15_09,1795,282,2068.0,2350.0
int__tai30_15_09,1795,283,1976.0,2278.0
int__tai30_15_09,1795,284,1998.0,2247.0
int__tai30_15_09,1795,285,2003.0,2307.0
int__tai30_15_09,1795,286,2037.0,2329.0
int__tai30_15_09,1795,287,2073.0,2354.0
int__tai30_15_09,1795,288,2058.0,2347.0
int__tai30_15_09,1795,289,2333.0,2631.0
int__tai30_15_09,1795,290,2048.0,2320.0
int__tai30_15_09,1795,291,2009.0,2278.0
int__tai30_15_09,1795,292,1992.0,2260.0
int__tai30_15_09,1795,293,2003.0,2242.0
int__tai30_15_09,1795,294,2088.0,2393.0
int__tai30_15_09,1795,295,1964.0,2217.0
int__tai30_15_09,1795,296,2109.0,2377.0
int__tai30_15_09,1795,297,2042.0,2323.0
int__tai30_15_09,1795,298,2107.0,2410.0
int__tai30_15_09,1795,299,2057.0,2326.0
int__tai30_15_09,1795,300,2054.0,2301.0
int__tai30_15_09,1795,301,2112.0,2392.0
int__tai30_15_09,1795,302,1985.0,2242.0
int__tai30_15_09,1795,303,1986.0,2262.0
int__tai30_15_09,1795,304,2056.0,2335.0
int__tai30_15_09,1795,305,2090.0,2368.0
int__tai30_15_09,1795,306,1979.0,2285.0
int__tai30_15_09,1795,307,2074.0,2348.0
int__tai30_15_09,1795,308,1938.0,2245.0
int__tai30_15_09,1795,309,2018.0,2269.0
int__tai30_15_09,1795,310,2085.0,2337.0
int__tai30_15_09,1795,311,2120.0,2360.0
int__tai30_15_09,1795,312,2055.0,2332.0
int__tai30_15_09,1795,313,2015.0,2339.0
int__tai30_15_09,1795,314,1881.0,2127.0
int__tai30_15_09,1795,315,2210.0,2457.0
int__tai30_15_09,1795,316,1995.0,2259.0
int__tai30_15_09,1795,317,2071.0,2349.0
int__tai30_15_09,1795,318,2008.0,2259.0
int__tai30_15_09,1795,319,2011.0,2288.0
int__tai30_15_09,1795,320,2052.0,2299.0
int__tai30_15_09,1795,321,2023.0,2329.0
int__tai30_15_09,1795,322,2203.0,2467.0
int__tai30_15_09,1795,323,2018.0,2257.0
int__tai30_15_09,1795,324,2024.0,2302.0
int__tai30_15_09,1795,325,2005.0,2277.0
int__tai30_15_09,1795,326,2126.0,2406.0
int__tai30_15_09,1795,327,2092.0,2376.0
int__tai30_15_09,1795,328,2012.0,2276.0
int__tai30_15_09,1795,329,2025.0,2304.0
int__tai30_15_09,1795,330,1980.0,2244.0
int__tai30_15_09,1795,331,2149.0,2451.0
int__tai30_15_09,1795,332,2169.0,2451.0
int__tai30_15_09,1795,333,2089.0,2360.0
int__tai30_15_09,1795,334,2020.0,2269.0
int__tai30_15_09,1795,335,2092.0,2344.0
int__tai30_15_09,1795,336,2056.0,2275.0
int__tai30_15_09,1795,337,2071.0,2333.0
int__tai30_15_09,1795,338,2083.0,2355.0
int__tai30_15_09,1795,339,2098.0,2372.0
int__tai30_15_09,1795,340,2134.0,2386.0
int__tai30_15_09,1795,341,2032.0,2294.0
int__tai30_15_09,1795,342,2025.0,2294.0
int__tai30_15_09,1795,343,2205.0,2463.0
int__tai30_15_09,1795,344,2080.0,2353.0
int__tai30_15_09,1795,345,2170.0,2450.0
int__tai30_15_09,1795,346,2132.0,2459.0
int__tai30_15_09,1795,347,2088.0,2384.0
int__tai30_15_09,1795,348,1992.0,2241.0
int__tai30_15_09,1795,349,2125.0,2417.0
int__tai30_15_09,1795,350,2105.0,2401.0
int__tai30_15_09,1795,351,2131.0,2391.0
int__tai30_15_09,1795,352,2022.0,2256.0
int__tai30_15_09,1795,353,2055.0,2359.0
int__tai30_15_09,1795,354,1987.0,2256.0
int__tai30_15_09,1795,355,2004.0,2285.0
int__tai30_15_09,1795,356,2195.0,2485.0
int__tai30_15_09,1795,357,2117.0,2426.0
int__tai30_15_09,1795,358,2096.0,2372.0
int__tai30_15_09,1795,359,2136.0,2430.0
int__tai30_15_09,1795,360,2074.0,2355.0
int__tai30_15_09,1795,361,2060.0,2320.0
int__tai30_15_09,1795,362,2039.0,2331.0
int__tai30_15_09,1795,363,2057.0,2339.0
int__tai30_15_09,1795,364,2100.0,2331.0
int__tai30_15_09,1795,365,2234.0,2504.0
int__tai30_15_09,1795,366,2157.0,2463.0
int__tai30_15_09,1795,367,2113.0,2409.0
int__tai30_15_09,1795,368,2044.0,2327.0
int__tai30_15_09,1795,369,2077.0,2349.0
int__tai30_15_09,1795,370,1982.0,2245.0
int__tai30_15_09,1795,371,2009.0,2272.0
int__tai30_15_09,1795,372,2030.0,2335.0
int__tai30_15_09,1795,373,2098.0,2353.0
int__tai30_15_09,1795,374,1996.0,2284.0
int__tai30_15_09,1795,375,2024.0,2302.0
int__tai30_15_09,1795,376,2142.0,2417.0
int__tai30_15_09,1795,377,2038.0,2316.0
int__tai30_15_09,1795,378,1966.0,2223.0
int__tai30_15_09,1795,379,2072.0,2350.0
int__tai30_15_09,1795,380,1969.0,2225.0
int__tai30_15_09,1795,381,1986.0,2258.0
int__tai30_15_09,1795,382,2121.0,2397.0
int__tai30_15_09,1795,383,2045.0,2336.0
int__tai30_15_09,1795,384,2005.0,2262.0
int__tai30_15_09,1795,385,2038.0,2322.0
int__tai30_15_09,1795,386,1992.0,2247.0
int__tai30_15_09,1795,387,2004.0,2278.0
int__tai30_15_09,1795,388,2047.0,2302.0
int__tai30_15_09,1795,389,2143.0,2439.0
int__tai30_15_09,1795,390,2127.0,2397.0
int__tai30_15_09,1795,391,2075.0,2329.0
int__tai30_15_09,1795,392,2067.0,2321.0
int__tai30_15_09,1795,393,2013.0,2290.0
int__tai30_15_09,1795,394,2193.0,2487.0
int__tai30_15_09,1795,395,2068.0,2350.0
int__tai30_15_09,1795,396,2078.0,2347.0
int__tai30_15_09,1795,397,2082.0,2341.0
int__tai30_15_09,1795,398,2060.0,2348.0
int__tai30_15_09,1795,399,2133.0,2431.0
int__tai30_15_09,1795,400,2165.0,2395.0
int__tai30_15_09,1795,401,2093.0,2356.0
int__tai30_15_09,1795,402,2033.0,2349.0
int__tai30_15_09,1795,403,2143.0,2420.0
int__tai30_15_09,1795,404,1997.0,2315.0
int__tai30_15_09,1795,405,2040.0,2328.0
int__tai30_15_09,1795,406,1934.0,2186.0
int__tai30_15_09,1795,407,2018.0,2318.0
int__tai30_15_09,1795,408,1996.0,2274.0
int__tai30_15_09,1795,409,2060.0,2349.0
int__tai30_15_09,1795,410,2098.0,2361.0
int__tai30_15_09,1795,411,2005.0,2284.0
int__tai30_15_09,1795,412,2152.0,2438.0
int__tai30_15_09,1795,413,2036.0,2282.0
int__tai30_15_09,1795,414,2036.0,2323.0
int__tai30_15_09,1795,415,2051.0,2331.0
int__tai30_15_09,1795,416,2094.0,2372.0
int__tai30_15_09,1795,417,2033.0,2327.0
int__tai30_15_09,1795,418,2154.0,2433.0
int__tai30_15_09,1795,419,2010.0,2297.0
int__tai30_15_09,1795,420,2038.0,2286.0
int__tai30_15_09,1795,421,2082.0,2377.0
int__tai30_15_09,1795,422,2096.0,2359.0
int__tai30_15_09,1795,423,2143.0,2403.0
int__tai30_15_09,1795,424,2006.0,2278.0
int__tai30_15_09,1795,425,2097.0,2363.0
int__tai30_15_09,1795,426,1976.0,2210.0
int__tai30_15_09,1795,427,2007.0,2246.0
int__tai30_15_09,1795,428,2003.0,2269.0
int__tai30_15_09,1795,429,2026.0,2309.0
int__tai30_15_09,1795,430,2167.0,2446.0
int__tai30_15_09,1795,431,2027.0,2254.0
int__tai30_15_09,1795,432,2160.0,2417.0
int__tai30_15_09,1795,433,2053.0,2311.0
int__tai30_15_09,1795,434,2047.0,2351.0
int__tai30_15_09,1795,435,1979.0,2299.0
int__tai30_15_09,1795,436,2125.0,2415.0
int__tai30_15_09,1795,437,2099.0,2365.0
int__tai30_15_09,1795,438,2193.0,2483.0
int__tai30_15_09,1795,439,2058.0,2382.0
int__tai30_15_09,1795,440,2057.0,2336.0
int__tai30_15_09,1795,441,2166.0,2435.0
int__tai30_15_09,1795,442,2092.0,2381.0
int__tai30_15_09,1795,443,2149.0,2409.0
int__tai30_15_09,1795,444,1951.0,2250.0
int__tai30_15_09,1795,445,2039.0,2292.0
int__tai30_15_09,1795,446,2069.0,2346.0
int__tai30_15_09,1795,447,2013.0,2301.0
int__tai30_15_09,1795,448,2078.0,2329.0
int__tai30_15_09,1795,449,2048.0,2305.0
int__tai30_15_09,1795,450,2022.0,2282.0
int__tai30_15_09,1795,451,1993.0,2275.0
int__tai30_15_09,1795,452,2004.0,2273.0
int__tai30_15_09,1795,453,2114.0,2363.0
int__tai30_15_09,1795,454,2067.0,2322.0
int__tai30_15_09,1795,455,1991.0,2275.0
int__tai30_15_09,1795,456,2002.0,2257.0
int__tai30_15_09,1795,457,2136.0,2443.0
int__tai30_15_09,1795,458,2069.0,2327.0
int__tai30_15_09,1795,459,2056.0,2340.0
int__tai30_15_09,1795,460,1945.0,2214.0
int__tai30_15_09,1795,461,2005.0,2289.0
int__tai30_15_09,1795,462,2084.0,2343.0
int__tai30_15_09,1795,463,2198.0,2466.0
int__tai30_15_09,1795,464,2064.0,2343.0
int__tai30_15_09,1795,465,1985.0,2247.0
int__tai30_15_09,1795,466,2096.0,2375.0
int__tai30_15_09,1795,467,2047.0,2328.0
int__tai30_15_09,1795,468,2066.0,2344.0
int__tai30_15_09,1795,469,2031.0,2313.0
int__tai30_15_09,1795,470,1967.0,2253.0
int__tai30_15_09,1795,471,2108.0,2408.0
int__tai30_15_09,1795,472,2015.0,2333.0
int__tai30_15_09,1795,473,2000.0,2268.0
int__tai30_15_09,1795,474,2165.0,2424.0
int__tai30_15_09,1795,475,2137.0,2418.0
int__tai30_15_09,1795,476,2167.0,2421.0
int__tai30_15_09,1795,477,2128.0,2417.0
int__tai30_15_09,1795,478,2002.0,2280.0
int__tai30_15_09,1795,479,2083.0,2345.0
int__tai30_15_09,1795,480,2118.0,2396.0
int__tai30_15_09,1795,481,1987.0,2256.0
int__tai30_15_09,1795,482,2024.0,2294.0
int__tai30_15_09,1795,483,2103.0,2368.0
int__tai30_15_09,1795,484,2140.0,2401.0
int__tai30_15_09,1795,485,2097.0,2427.0
int__tai30_15_09,1795,486,2048.0,2344.0
int__tai30_15_09,1795,487,1955.0,2211.0
int__tai30_15_09,1795,488,1978.0,2299.0
int__tai30_15_09,1795,489,2000.0,2269.0
int__tai30_15_09,1795,490,2032.0,2295.0
int__tai30_15_09,1795,491,2166.0,2424.0
int__tai30_15_09,1795,492,2033.0,2304.0
int__tai30_15_09,1795,493,2110.0,2376.0
int__tai30_15_09,1795,494,2222.0,2504.0
int__tai30_15_09,1795,495,2102.0,2367.0
int__tai30_15_09,1795,496,2046.0,2307.0
int__tai30_15_09,1795,497,2116.0,2391.0
int__tai30_15_09,1795,498,2092.0,2351.0
int__tai30_15_09,1795,499,2088.0,2338.0
int__tai30_15_09,1795,500,2067.0,2334.0
int__tai30_15_09,1795,501,2003.0,2258.0
int__tai30_15_09,1795,502,2041.0,2308.0
int__tai30_15_09,1795,503,2116.0,2417.0
int__tai30_15_09,1795,504,2065.0,2302.0
int__tai30_15_09,1795,505,2081.0,2347.0
int__tai30_15_09,1795,506,2114.0,2419.0
int__tai30_15_09,1795,507,2010.0,2283.0
int__tai30_15_09,1795,508,2111.0,2399.0
int__tai30_15_09,1795,509,2087.0,2384.0
int__tai30_15_09,1795,510,2047.0,2317.0
int__tai30_15_09,1795,511,1988.0,2262.0
int__tai30_15_09,1795,512,2030.0,2361.0
int__tai30_15_09,1795,513,2187.0,2488.0
int__tai30_15_09,1795,514,2151.0,2433.0
int__tai30_15_09,1795,515,2060.0,2312.0
int__tai30_15_09,1795,516,2069.0,2319.0
int__tai30_15_09,1795,517,2068.0,2349.0
int__tai30_15_09,1795,518,2015.0,2300.0
int__tai30_15_09,1795,519,1957.0,2224.0
int__tai30_15_09,1795,520,2150.0,2416.0
int__tai30_15_09,1795,521,2081.0,2401.0
int__tai30_15_09,1795,522,1999.0,2284.0
int__tai30_15_09,1795,523,2014.0,2301.0
int__tai30_15_09,1795,524,1988.0,2269.0
int__tai30_15_09,1795,525,2111.0,2368.0
int__tai30_15_09,1795,526,2090.0,2351.0
int__tai30_15_09,1795,527,2015.0,2301.0
int__tai30_15_09,1795,528,1973.0,2298.0
int__tai30_15_09,1795,529,1985.0,2251.0
int__tai30_15_09,1795,530,2050.0,2334.0
int__tai30_15_09,1795,531,2112.0,2441.0
int__tai30_15_09,1795,532,1970.0,2245.0
int__tai30_15_09,1795,533,2055.0,2318.0
int__tai30_15_09,1795,534,2120.0,2416.0
int__tai30_15_09,1795,535,2092.0,2354.0
int__tai30_15_09,1795,536,2060.0,2336.0
int__tai30_15_09,1795,537,2146.0,2435.0
int__tai30_15_09,1795,538,2096.0,2403.0
int__tai30_15_09,1795,539,2103.0,2359.0
int__tai30_15_09,1795,540,2064.0,2341.0
int__tai30_15_09,1795,541,2083.0,2341.0
int__tai30_15_09,1795,542,2001.0,2281.0
int__tai30_15_09,1795,543,2022.0,2283.0
int__tai30_15_09,1795,544,2072.0,2368.0
int__tai30_15_09,1795,545,2150.0,2422.0
int__tai30_15_09,1795,546,1999.0,2245.0
int__tai30_15_09,1795,547,2089.0,2423.0
int__tai30_15_09,1795,548,2067.0,2346.0
int__tai30_15_09,1795,549,2088.0,2384.0
int__tai30_15_09,1795,550,2088.0,2397.0
int__tai30_15_09,1795,551,2014.0,2285.0
int__tai30_15_09,1795,552,1995.0,2269.0
int__tai30_15_09,1795,553,2058.0,2325.0
int__tai30_15_09,1795,554,2049.0,2296.0
int__tai30_15_09,1795,555,2038.0,2305.0
int__tai30_15_09,1795,556,1947.0,2264.0
int__tai30_15_09,1795,557,2093.0,2345.0
int__tai30_15_09,1795,558,2091.0,2319.0
int__tai30_15_09,1795,559,2059.0,2341.0
int__tai30_15_09,1795,560,2048.0,2325.0
int__tai30_15_09,1795,561,2106.0,2396.0
int__tai30_15_09,1795,562,2055.0,2364.0
int__tai30_15_09,1795,563,2091.0,2363.0
int__tai30_15_09,1795,564,2054.0,2336.0
int__tai30_15_09,1795,565,2208.0,2442.0
int__tai30_15_09,1795,566,2106.0,2349.0
int__tai30_15_09,1795,567,1995.0,2245.0
int__tai30_15_09,1795,568,2028.0,2333.0
int__tai30_15_09,1795,569,2064.0,2336.0
int__tai30_15_09,1795,570,2120.0,2385.0
int__tai30_15_09,1795,571,2056.0,2297.0
int__tai30_15_09,1795,572,2040.0,2339.0
int__tai30_15_09,1795,573,2046.0,2323.0
int__tai30_15_09,1795,574,2059.0,2362.0
int__tai30_15_09,1795,575,2072.0,2338.0
int__tai30_15_09,1795,576,2064.0,2331.0
int__tai30_15_09,1795,577,2093.0,2358.0
int__tai30_15_09,1795,578,2095.0,2388.0
int__tai30_15_09,1795,579,2018.0,2314.0
int__tai30_15_09,1795,580,1952.0,2247.0
int__tai30_15_09,1795,581,2129.0,2399.0
int__tai30_15_09,1795,582,1980.0,2256.0
int__tai30_15_09,1795,583,2008.0,2262.0
int__tai30_15_09,1795,584,2085.0,2365.0
int__tai30_15_09,1795,585,2072.0,2366.0
int__tai30_15_09,1795,586,2074.0,2366.0
int__tai30_15_09,1795,587,2127.0,2403.0
int__tai30_15_09,1795,588,2131.0,2399.0
int__tai30_15_09,1795,589,2229.0,2528.0
int__tai30_15_09,1795,590,2079.0,2356.0
int__tai30_15_09,1795,591,2071.0,2379.0
int__tai30_15_09,1795,592,2114.0,2397.0
int__tai30_15_09,1795,593,2195.0,2494.0
int__tai30_15_09,1795,594,2132.0,2428.0
int__tai30_15_09,1795,595,2133.0,2415.0
int__tai30_15_09,1795,596,2045.0,2340.0
int__tai30_15_09,1795,597,2092.0,2354.0
int__tai30_15_09,1795,598,2041.0,2325.0
int__tai30_15_09,1795,599,2098.0,2374.0
int__tai30_15_09,1795,600,2056.0,2332.0
int__tai30_15_09,1795,601,2089.0,2375.0
int__tai30_15_09,1795,602,2028.0,2312.0
int__tai30_15_09,1795,603,2053.0,2366.0
int__tai30_15_09,1795,604,2075.0,2290.0
int__tai30_15_09,1795,605,2090.0,2418.0
int__tai30_15_09,1795,606,2168.0,2466.0
int__tai30_15_09,1795,607,2023.0,2327.0
int__tai30_15_09,1795,608,1988.0,2252.0
int__tai30_15_09,1795,609,2088.0,2364.0
int__tai30_15_09,1795,610,2013.0,2270.0
int__tai30_15_09,1795,611,2028.0,2322.0
int__tai30_15_09,1795,612,2011.0,2273.0
int__tai30_15_09,1795,613,2045.0,2303.0
int__tai30_15_09,1795,614,2070.0,2359.0
int__tai30_15_09,1795,615,2027.0,2280.0
int__tai30_15_09,1795,616,2051.0,2325.0
int__tai30_15_09,1795,617,2031.0,2314.0
int__tai30_15_09,1795,618,2173.0,2467.0
int__tai30_15_09,1795,619,2052.0,2381.0
int__tai30_15_09,1795,620,2022.0,2310.0
int__tai30_15_09,1795,621,1957.0,2201.0
int__tai30_15_09,1795,622,1997.0,2282.0
int__tai30_15_09,1795,623,2048.0,2319.0
int__tai30_15_09,1795,624,2041.0,2290.0
int__tai30_15_09,1795,625,2077.0,2377.0
int__tai30_15_09,1795,626,2062.0,2361.0
int__tai30_15_09,1795,627,2008.0,2293.0
int__tai30_15_09,1795,628,1971.0,2247.0
int__tai30_15_09,1795,629,2089.0,2392.0
int__tai30_15_09,1795,630,2043.0,2330.0
int__tai30_15_09,1795,631,2087.0,2352.0
int__tai30_15_09,1795,632,2109.0,2357.0
int__tai30_15_09,1795,633,2096.0,2352.0
int__tai30_15_09,1795,634,2140.0,2424.0
int__tai30_15_09,1795,635,2157.0,2420.0
int__tai30_15_09,1795,636,2037.0,2304.0
int__tai30_15_09,1795,637,2008.0,2259.0
int__tai30_15_09,1795,638,1967.0,2235.0
int__tai30_15_09,1795,639,2056.0,2322.0
int__tai30_15_09,1795,640,2135.0,2402.0
int__tai30_15_09,1795,641,2033.0,2289.0
int__tai30_15_09,1795,642,2124.0,2417.0
int__tai30_15_09,1795,643,2032.0,2313.0
int__tai30_15_09,1795,644,2015.0,2286.0
int__tai30_15_09,1795,645,2043.0,2313.0
int__tai30_15_09,1795,646,2094.0,2386.0
int__tai30_15_09,1795,647,1961.0,2199.0
int__tai30_15_09,1795,648,2021.0,2295.0
int__tai30_15_09,1795,649,2066.0,2327.0
int__tai30_15_09,1795,650,2121.0,2413.0
int__tai30_15_09,1795,651,2036.0,2289.0
int__tai30_15_09,1795,652,2130.0,2410.0
int__tai30_15_09,1795,653,1951.0,2241.0
int__tai30_15_09,1795,654,2045.0,2335.0
int__tai30_15_09,1795,655,2085.0,2360.0
int__tai30_15_09,1795,656,2249.0,2557.0
int__tai30_15_09,1795,657,2006.0,2269.0
int__tai30_15_09,1795,658,2016.0,2266.0
int__tai30_15_09,1795,659,2108.0,2398.0
int__tai30_15_09,1795,660,2043.0,2314.0
int__tai30_15_09,1795,661,2112.0,2386.0
int__tai30_15_09,1795,662,2072.0,2368.0
int__tai30_15_09,1795,663,2194.0,2458.0
int__tai30_15_09,1795,664,2002.0,2264.0
int__tai30_15_09,1795,665,2125.0,2422.0
int__tai30_15_09,1795,666,2087.0,2356.0
int__tai30_15_09,1795,667,2081.0,2378.0
int__tai30_15_09,1795,668,2081.0,2367.0
int__tai30_15_09,1795,669,2054.0,2369.0
int__tai30_15_09,1795,670,2055.0,2336.0
int__tai30_15_09,1795,671,2186.0,2469.0
int__tai30_15_09,1795,672,1992.0,2259.0
int__tai30_15_09,1795,673,2052.0,2320.0
int__tai30_15_09,1795,674,2120.0,2404.0
int__tai30_15_09,1795,675,1978.0,2258.0
int__tai30_15_09,1795,676,2060.0,2333.0
int__tai30_15_09,1795,677,2015.0,2287.0
int__tai30_15_09,1795,678,2159.0,2448.0
int__tai30_15_09,1795,679,2175.0,2484.0
int__tai30_15_09,1795,680,2027.0,2323.0
int__tai30_15_09,1795,681,2088.0,2383.0
int__tai30_15_09,1795,682,2012.0,2254.0
int__tai30_15_09,1795,683,2093.0,2368.0
int__tai30_15_09,1795,684,2052.0,2304.0
int__tai30_15_09,1795,685,2170.0,2436.0
int__tai30_15_09,1795,686,2114.0,2405.0
int__tai30_15_09,1795,687,2121.0,2406.0
int__tai30_15_09,1795,688,2013.0,2300.0
int__tai30_15_09,1795,689,2066.0,2359.0
int__tai30_15_09,1795,690,2073.0,2334.0
int__tai30_15_09,1795,691,2339.0,2630.0
int__tai30_15_09,1795,692,2055.0,2321.0
int__tai30_15_09,1795,693,2035.0,2314.0
int__tai30_15_09,1795,694,1997.0,2251.0
int__tai30_15_09,1795,695,2113.0,2381.0
int__tai30_15_09,1795,696,2055.0,2331.0
int__tai30_15_09,1795,697,2162.0,2495.0
int__tai30_15_09,1795,698,2213.0,2518.0
int__tai30_15_09,1795,699,2040.0,2345.0
int__tai30_15_09,1795,700,1988.0,2237.0
int__tai30_15_09,1795,701,2011.0,2291.0
int__tai30_15_09,1795,702,2114.0,2347.0
int__tai30_15_09,1795,703,2128.0,2431.0
int__tai30_15_09,1795,704,2047.0,2325.0
int__tai30_15_09,1795,705,2056.0,2313.0
int__tai30_15_09,1795,706,2161.0,2456.0
int__tai30_15_09,1795,707,2084.0,2387.0
int__tai30_15_09,1795,708,2108.0,2390.0
int__tai30_15_09,1795,709,2198.0,2506.0
int__tai30_15_09,1795,710,2232.0,2481.0
int__tai30_15_09,1795,711,2100.0,2377.0
int__tai30_15_09,1795,712,2083.0,2328.0
int__tai30_15_09,1795,713,2112.0,2385.0
int__tai30_15_09,1795,714,2032.0,2335.0
int__tai30_15_09,1795,715,2032.0,2282.0
int__tai30_15_09,1795,716,2133.0,2437.0
int__tai30_15_09,1795,717,2016.0,2288.0
int__tai30_15_09,1795,718,2001.0,2254.0
int__tai30_15_09,1795,719,2022.0,2313.0
int__tai30_15_09,1795,720,2082.0,2361.0
int__tai30_15_09,1795,721,2080.0,2331.0
int__tai30_15_09,1795,722,2094.0,2356.0
int__tai30_15_09,1795,723,2016.0,2315.0
int__tai30_15_09,1795,724,2052.0,2376.0
int__tai30_15_09,1795,725,2100.0,2382.0
int__tai30_15_09,1795,726,2100.0,2346.0
int__tai30_15_09,1795,727,2111.0,2377.0
int__tai30_15_09,1795,728,2156.0,2419.0
int__tai30_15_09,1795,729,2027.0,2302.0
int__tai30_15_09,1795,730,2129.0,2400.0
int__tai30_15_09,1795,731,2105.0,2375.0
int__tai30_15_09,1795,732,2122.0,2412.0
int__tai30_15_09,1795,733,2158.0,2473.0
int__tai30_15_09,1795,734,2050.0,2308.0
int__tai30_15_09,1795,735,2058.0,2370.0
int__tai30_15_09,1795,736,2059.0,2325.0
int__tai30_15_09,1795,737,1993.0,2261.0
int__tai30_15_09,1795,738,2045.0,2337.0
int__tai30_15_09,1795,739,1985.0,2241.0
int__tai30_15_09,1795,740,2162.0,2415.0
int__tai30_15_09,1795,741,1990.0,2283.0
int__tai30_15_09,1795,742,2057.0,2320.0
int__tai30_15_09,1795,743,2110.0,2407.0
int__tai30_15_09,1795,744,2081.0,2361.0
int__tai30_15_09,1795,745,2120.0,2403.0
int__tai30_15_09,1795,746,2066.0,2336.0
int__tai30_15_09,1795,747,2184.0,2493.0
int__tai30_15_09,1795,748,1977.0,2258.0
int__tai30_15_09,1795,749,2059.0,2344.0
int__tai30_15_09,1795,750,2097.0,2422.0
int__tai30_15_09,1795,751,2118.0,2395.0
int__tai30_15_09,1795,752,2073.0,2350.0
int__tai30_15_09,1795,753,1986.0,2274.0
int__tai30_15_09,1795,754,2056.0,2335.0
int__tai30_15_09,1795,755,2057.0,2313.0
int__tai30_15_09,1795,756,2149.0,2419.0
int__tai30_15_09,1795,757,2085.0,2337.0
int__tai30_15_09,1795,758,2093.0,2383.0
int__tai30_15_09,1795,759,1943.0,2197.0
int__tai30_15_09,1795,760,2046.0,2354.0
int__tai30_15_09,1795,761,1986.0,2253.0
int__tai30_15_09,1795,762,2113.0,2399.0
int__tai30_15_09,1795,763,1959.0,2226.0
int__tai30_15_09,1795,764,2200.0,2465.0
int__tai30_15_09,1795,765,2098.0,2348.0
int__tai30_15_09,1795,766,2150.0,2421.0
int__tai30_15_09,1795,767,2214.0,2475.0
int__tai30_15_09,1795,768,2148.0,2438.0
int__tai30_15_09,1795,769,2110.0,2402.0
int__tai30_15_09,1795,770,1999.0,2249.0
int__tai30_15_09,1795,771,2048.0,2317.0
int__tai30_15_09,1795,772,2108.0,2387.0
int__tai30_15_09,1795,773,2108.0,2403.0
int__tai30_15_09,1795,774,2042.0,2321.0
int__tai30_15_09,1795,775,2119.0,2419.0
int__tai30_15_09,1795,776,2088.0,2392.0
int__tai30_15_09,1795,777,1990.0,2249.0
int__tai30_15_09,1795,778,2044.0,2293.0
int__tai30_15_09,1795,779,2001.0,2278.0
int__tai30_15_09,1795,780,2022.0,2291.0
int__tai30_15_09,1795,781,2167.0,2494.0
int__tai30_15_09,1795,782,2053.0,2328.0
int__tai30_15_09,1795,783,2005.0,2281.0
int__tai30_15_09,1795,784,2036.0,2326.0
int__tai30_15_09,1795,785,1975.0,2224.0
int__tai30_15_09,1795,786,2034.0,2342.0
int__tai30_15_09,1795,787,2001.0,2298.0
int__tai30_15_09,1795,788,2038.0,2280.0
int__tai30_15_09,1795,789,2072.0,2330.0
int__tai30_15_09,1795,790,2110.0,2371.0
int__tai30_15_09,1795,791,2040.0,2364.0
int__tai30_15_09,1795,792,2033.0,2329.0
int__tai30_15_09,1795,793,2037.0,2295.0
int__tai30_15_09,1795,794,1974.0,2228.0
int__tai30_15_09,1795,795,2001.0,2235.0
int__tai30_15_09,1795,796,2059.0,2322.0
int__tai30_15_09,1795,797,2056.0,2301.0
int__tai30_15_09,1795,798,1984.0,2267.0
int__tai30_15_09,1795,799,2122.0,2395.0
int__tai30_15_09,1795,800,2053.0,2357.0
int__tai30_15_09,1795,801,2015.0,2277.0
int__tai30_15_09,1795,802,2311.0,2603.0
int__tai30_15_09,1795,803,2049.0,2338.0
int__tai30_15_09,1795,804,2104.0,2393.0
int__tai30_15_09,1795,805,2051.0,2281.0
int__tai30_15_09,1795,806,2063.0,2350.0
int__tai30_15_09,1795,807,2107.0,2367.0
int__tai30_15_09,1795,808,2138.0,2449.0
int__tai30_15_09,1795,809,2088.0,2319.0
int__tai30_15_09,1795,810,2076.0,2350.0
int__tai30_15_09,1795,811,2066.0,2331.0
int__tai30_15_09,1795,812,2054.0,2304.0
int__tai30_15_09,1795,813,2196.0,2528.0
int__tai30_15_09,1795,814,2127.0,2403.0
int__tai30_15_09,1795,815,2060.0,2372.0
int__tai30_15_09,1795,816,2095.0,2342.0
int__tai30_15_09,1795,817,2111.0,2400.0
int__tai30_15_09,1795,818,2074.0,2347.0
int__tai30_15_09,1795,819,2079.0,2347.0
int__tai30_15_09,1795,820,2165.0,2454.0
int__tai30_15_09,1795,821,2153.0,2432.0
int__tai30_15_09,1795,822,2137.0,2458.0
int__tai30_15_09,1795,823,2145.0,2450.0
int__tai30_15_09,1795,824,2027.0,2250.0
int__tai30_15_09,1795,825,2078.0,2333.0
int__tai30_15_09,1795,826,2105.0,2341.0
int__tai30_15_09,1795,827,2044.0,2325.0
int__tai30_15_09,1795,828,2011.0,2290.0
int__tai30_15_09,1795,829,2020.0,2310.0
int__tai30_15_09,1795,830,2018.0,2281.0
int__tai30_15_09,1795,831,2005.0,2260.0
int__tai30_15_09,1795,832,2077.0,2362.0
int__tai30_15_09,1795,833,2149.0,2437.0
int__tai30_15_09,1795,834,2104.0,2388.0
int__tai30_15_09,1795,835,2068.0,2330.0
int__tai30_15_09,1795,836,2058.0,2333.0
int__tai30_15_09,1795,837,2071.0,2394.0
int__tai30_15_09,1795,838,1937.0,2235.0
int__tai30_15_09,1795,839,2023.0,2319.0
int__tai30_15_09,1795,840,2075.0,2372.0
int__tai30_15_09,1795,841,2000.0,2303.0
int__tai30_15_09,1795,842,2283.0,2582.0
int__tai30_15_09,1795,843,2120.0,2422.0
int__tai30_15_09,1795,844,2057.0,2353.0
int__tai30_15_09,1795,845,2051.0,2351.0
int__tai30_15_09,1795,846,2144.0,2436.0
int__tai30_15_09,1795,847,2069.0,2307.0
int__tai30_15_09,1795,848,2184.0,2498.0
int__tai30_15_09,1795,849,1981.0,2257.0
int__tai30_15_09,1795,850,2100.0,2348.0
int__tai30_15_09,1795,851,2023.0,2299.0
int__tai30_15_09,1795,852,2012.0,2257.0
int__tai30_15_09,1795,853,2126.0,2382.0
int__tai30_15_09,1795,854,2251.0,2556.0
int__tai30_15_09,1795,855,2074.0,2349.0
int__tai30_15_09,1795,856,2082.0,2341.0
int__tai30_15_09,1795,857,2077.0,2320.0
int__tai30_15_09,1795,858,2064.0,2323.0
int__tai30_15_09,1795,859,2097.0,2353.0
int__tai30_15_09,1795,860,2117.0,2384.0
int__tai30_15_09,1795,861,2035.0,2292.0
int__tai30_15_09,1795,862,2114.0,2339.0
int__tai30_15_09,1795,863,2154.0,2425.0
int__tai30_15_09,1795,864,2061.0,2362.0
int__tai30_15_09,1795,865,2025.0,2281.0
int__tai30_15_09,1795,866,2051.0,2322.0
int__tai30_15_09,1795,867,2035.0,2287.0
int__tai30_15_09,1795,868,2053.0,2366.0
int__tai30_15_09,1795,869,2017.0,2308.0
int__tai30_15_09,1795,870,1950.0,2216.0
int__tai30_15_09,1795,871,2167.0,2431.0
int__tai30_15_09,1795,872,2124.0,2394.0
int__tai30_15_09,1795,873,2190.0,2430.0
int__tai30_15_09,1795,874,1986.0,2258.0
int__tai30_15_09,1795,875,2064.0,2325.0
int__tai30_15_09,1795,876,2140.0,2416.0
int__tai30_15_09,1795,877,2061.0,2369.0
int__tai30_15_09,1795,878,2049.0,2315.0
int__tai30_15_09,1795,879,2002.0,2299.0
int__tai30_15_09,1795,880,2218.0,2532.0
int__tai30_15_09,1795,881,2035.0,2345.0
int__tai30_15_09,1795,882,2034.0,2289.0
int__tai30_15_09,1795,883,2138.0,2394.0
int__tai30_15_09,1795,884,1970.0,2238.0
int__tai30_15_09,1795,885,2048.0,2318.0
int__tai30_15_09,1795,886,2143.0,2419.0
int__tai30_15_09,1795,887,2118.0,2375.0
int__tai30_15_09,1795,888,2053.0,2326.0
int__tai30_15_09,1795,889,2185.0,2477.0
int__tai30_15_09,1795,890,2145.0,2450.0
int__tai30_15_09,1795,891,2030.0,2326.0
int__tai30_15_09,1795,892,2122.0,2370.0
int__tai30_15_09,1795,893,1985.0,2268.0
int__tai30_15_09,1795,894,2024.0,2276.0
int__tai30_15_09,1795,895,2047.0,2315.0
int__tai30_15_09,1795,896,2046.0,2309.0
int__tai30_15_09,1795,897,2046.0,2316.0
int__tai30_15_09,1795,898,2017.0,2280.0
int__tai30_15_09,1795,899,2081.0,2370.0
int__tai30_15_09,1795,900,2058.0,2303.0
int__tai30_15_09,1795,901,2078.0,2379.0
int__tai30_15_09,1795,902,2090.0,2365.0
int__tai30_15_09,1795,903,2141.0,2438.0
int__tai30_15_09,1795,904,2047.0,2348.0
int__tai30_15_09,1795,905,2081.0,2341.0
int__tai30_15_09,1795,906,2244.0,2532.0
int__tai30_15_09,1795,907,1984.0,2237.0
int__tai30_15_09,1795,908,1969.0,2227.0
int__tai30_15_09,1795,909,2040.0,2297.0
int__tai30_15_09,1795,910,2054.0,2353.0
int__tai30_15_09,1795,911,2118.0,2430.0
int__tai30_15_09,1795,912,2085.0,2322.0
int__tai30_15_09,1795,913,1975.0,2258.0
int__tai30_15_09,1795,914,2012.0,2265.0
int__tai30_15_09,1795,915,2036.0,2304.0
int__tai30_15_09,1795,916,2085.0,2377.0
int__tai30_15_09,1795,917,2108.0,2387.0
int__tai30_15_09,1795,918,2101.0,2377.0
int__tai30_15_09,1795,919,1991.0,2276.0
int__tai30_15_09,1795,920,2064.0,2332.0
int__tai30_15_09,1795,921,1973.0,2251.0
int__tai30_15_09,1795,922,2052.0,2306.0
int__tai30_15_09,1795,923,2142.0,2390.0
int__tai30_15_09,1795,924,2012.0,2255.0
int__tai30_15_09,1795,925,2073.0,2326.0
int__tai30_15_09,1795,926,2033.0,2319.0
int__tai30_15_09,1795,927,2152.0,2427.0
int__tai30_15_09,1795,928,2050.0,2333.0
int__tai30_15_09,1795,929,2053.0,2332.0
int__tai30_15_09,1795,930,2147.0,2434.0
int__tai30_15_09,1795,931,1997.0,2293.0
int__tai30_15_09,1795,932,1967.0,2243.0
int__tai30_15_09,1795,933,2185.0,2469.0
int__tai30_15_09,1795,934,2059.0,2343.0
int__tai30_15_09,1795,935,2092.0,2389.0
int__tai30_15_09,1795,936,1989.0,2250.0
int__tai30_15_09,1795,937,2039.0,2303.0
int__tai30_15_09,1795,938,2136.0,2401.0
int__tai30_15_09,1795,939,2031.0,2326.0
int__tai30_15_09,1795,940,2059.0,2315.0
int__tai30_15_09,1795,941,2039.0,2334.0
int__tai30_15_09,1795,942,2065.0,2353.0
int__tai30_15_09,1795,943,2111.0,2403.0
int__tai30_15_09,1795,944,2214.0,2486.0
int__tai30_15_09,1795,945,2045.0,2314.0
int__tai30_15_09,1795,946,2150.0,2449.0
int__tai30_15_09,1795,947,1988.0,2260.0
int__tai30_15_09,1795,948,2131.0,2442.0
int__tai30_15_09,1795,949,2061.0,2330.0
int__tai30_15_09,1795,950,2185.0,2430.0
int__tai30_15_09,1795,951,2031.0,2370.0
int__tai30_15_09,1795,952,2112.0,2385.0
int__tai30_15_09,1795,953,2017.0,2290.0
int__tai30_15_09,1795,954,2063.0,2328.0
int__tai30_15_09,1795,955,1979.0,2273.0
int__tai30_15_09,1795,956,2056.0,2328.0
int__tai30_15_09,1795,957,2071.0,2368.0
int__tai30_15_09,1795,958,2018.0,2297.0
int__tai30_15_09,1795,959,2057.0,2316.0
int__tai30_15_09,1795,960,2056.0,2341.0
int__tai30_15_09,1795,961,2135.0,2395.0
int__tai30_15_09,1795,962,2186.0,2480.0
int__tai30_15_09,1795,963,2076.0,2336.0
int__tai30_15_09,1795,964,2073.0,2336.0
int__tai30_15_09,1795,965,2026.0,2310.0
int__tai30_15_09,1795,966,2035.0,2300.0
int__tai30_15_09,1795,967,2106.0,2333.0
int__tai30_15_09,1795,968,2018.0,2295.0
int__tai30_15_09,1795,969,2124.0,2371.0
int__tai30_15_09,1795,970,2167.0,2460.0
int__tai30_15_09,1795,971,2027.0,2295.0
int__tai30_15_09,1795,972,2051.0,2309.0
int__tai30_15_09,1795,973,1944.0,2220.0
int__tai30_15_09,1795,974,1985.0,2268.0
int__tai30_15_09,1795,975,2062.0,2340.0
int__tai30_15_09,1795,976,2029.0,2312.0
int__tai30_15_09,1795,977,2096.0,2323.0
int__tai30_15_09,1795,978,2035.0,2282.0
int__tai30_15_09,1795,979,2032.0,2294.0
int__tai30_15_09,1795,980,2160.0,2442.0
int__tai30_15_09,1795,981,2000.0,2227.0
int__tai30_15_09,1795,982,2260.0,2549.0
int__tai30_15_09,1795,983,2053.0,2332.0
int__tai30_15_09,1795,984,2101.0,2336.0
int__tai30_15_09,1795,985,2138.0,2417.0
int__tai30_15_09,1795,986,2134.0,2403.0
int__tai30_15_09,1795,987,2014.0,2277.0
int__tai30_15_09,1795,988,2019.0,2287.0
int__tai30_15_09,1795,989,2059.0,2349.0
int__tai30_15_09,1795,990,2041.0,2319.0
int__tai30_15_09,1795,991,2079.0,2352.0
int__tai30_15_09,1795,992,2034.0,2326.0
int__tai30_15_09,1795,993,2380.0,2722.0
int__tai30_15_09,1795,994,2159.0,2435.0
int__tai30_15_09,1795,995,1934.0,2209.0
int__tai30_15_09,1795,996,2032.0,2330.0
int__tai30_15_09,1795,997,2074.0,2347.0
int__tai30_15_09,1795,998,2095.0,2305.0
int__tai30_15_09,1795,999,2039.0,2329.0
int__tai30_15_09,1795,1000,2082.0,2373.0
int__tai30_15_09,1795,1001,2037.0,2332.0
int__tai30_15_09,1795,1002,2142.0,2414.0
int__tai30_15_09,1795,1003,1979.0,2254.0
int__tai30_15_09,1795,1004,1973.0,2244.0
int__tai30_15_09,1795,1005,2050.0,2292.0
int__tai30_15_09,1795,1006,2074.0,2318.0
int__tai30_15_09,1795,1007,2089.0,2373.0
int__tai30_15_09,1795,1008,2119.0,2397.0
int__tai30_15_09,1795,1009,2039.0,2342.0
int__tai30_15_09,1795,1010,2098.0,2364.0
int__tai30_15_09,1795,1011,1930.0,2185.0
int__tai30_15_09,1795,1012,1970.0,2190.0
int__tai30_15_09,1795,1013,2024.0,2305.0
int__tai30_15_09,1795,1014,2059.0,2302.0
int__tai30_15_09,1795,1015,2075.0,2331.0
int__tai30_15_09,1795,1016,2002.0,2264.0
int__tai30_15_09,1795,1017,2022.0,2283.0
int__tai30_15_09,1795,1018,2151.0,2385.0
int__tai30_15_09,1795,1019,2066.0,2320.0
int__tai30_15_09,1795,1020,2105.0,2381.0
int__tai30_15_09,1795,1021,2180.0,2469.0
int__tai30_15_09,1795,1022,2024.0,2281.0
int__tai30_15_09,1795,1023,2039.0,2295.0
int__tai30_20_05,1997,0,2167.0,2421.0
int__tai30_20_05,1997,1,2202.0,2487.0
int__tai30_20_05,1997,2,2330.0,2608.0
int__tai30_20_05,1997,3,2291.0,2565.0
int__tai30_20_05,1997,4,2251.0,2544.0
int__tai30_20_05,1997,5,2314.0,2582.0
int__tai30_20_05,1997,6,2341.0,2606.0
int__tai30_20_05,1997,7,2286.0,2565.0
int__tai30_20_05,1997,8,2316.0,2574.0
int__tai30_20_05,1997,9,2346.0,2638.0
int__tai30_20_05,1997,10,2323.0,2642.0
int__tai30_20_05,1997,11,2341.0,2609.0
int__tai30_20_05,1997,12,2261.0,2552.0
int__tai30_20_05,1997,13,2322.0,2600.0
int__tai30_20_05,1997,14,2246.0,2496.0
int__tai30_20_05,1997,15,2223.0,2503.0
int__tai30_20_05,1997,16,2279.0,2542.0
int__tai30_20_05,1997,17,2247.0,2519.0
int__tai30_20_05,1997,18,2277.0,2565.0
int__tai30_20_05,1997,19,2324.0,2532.0
int__tai30_20_05,1997,20,2257.0,2500.0
int__tai30_20_05,1997,21,2354.0,2580.0
int__tai30_20_05,1997,22,2286.0,2585.0
int__tai30_20_05,1997,23,2171.0,2474.0
int__tai30_20_05,1997,24,2262.0,2549.0
int__tai30_20_05,1997,25,2328.0,2590.0
int__tai30_20_05,1997,26,2274.0,2562.0
int__tai30_20_05,1997,27,2307.0,2621.0
int__tai30_20_05,1997,28,2265.0,2524.0
int__tai30_20_05,1997,29,2221.0,2516.0
int__tai30_20_05,1997,30,2243.0,2495.0
int__tai30_20_05,1997,31,2320.0,2585.0
int__tai30_20_05,1997,32,2422.0,2696.0
int__tai30_20_05,1997,33,2306.0,2612.0
int__tai30_20_05,1997,34,2311.0,2566.0
int__tai30_20_05,1997,35,2225.0,2486.0
int__tai30_20_05,1997,36,2294.0,2590.0
int__tai30_20_05,1997,37,2285.0,2531.0
int__tai30_20_05,1997,38,2276.0,2569.0
int__tai30_20_05,1997,39,2360.0,2636.0
int__tai30_20_05,1997,40,2276.0,2581.0
int__tai30_20_05,1997,41,2319.0,2585.0
int__tai30_20_05,1997,42,2237.0,2496.0
int__tai30_20_05,1997,43,2251.0,2517.0
int__tai30_20_05,1997,44,2295.0,2613.0
int__tai30_20_05,1997,45,2291.0,2589.0
int__tai30_20_05,1997,46,2382.0,2631.0
int__tai30_20_05,1997,47,2181.0,2447.0
int__tai30_20_05,1997,48,2276.0,2490.0
int__tai30_20_05,1997,49,2215.0,2488.0
int__tai30_20_05,1997,50,2302.0,2560.0
int__tai30_20_05,1997,51,2231.0,2503.0
int__tai30_20_05,1997,52,2202.0,2460.0
int__tai30_20_05,1997,53,2282.0,2495.0
int__tai30_20_05,1997,54,2416.0,2680.0
int__tai30_20_05,1997,55,2184.0,2456.0
int__tai30_20_05,1997,56,2406.0,2631.0
int__tai30_20_05,1997,57,2211.0,2510.0
int__tai30_20_05,1997,58,2224.0,2479.0
int__tai30_20_05,1997,59,2270.0,2542.0
int__tai30_20_05,1997,60,2269.0,2548.0
int__tai30_20_05,1997,61,2250.0,2543.0
int__tai30_20_05,1997,62,2367.0,2646.0
int__tai30_20_05,1997,63,2268.0,2522.0
int__tai30_20_05,1997,64,2329.0,2612.0
int__tai30_20_05,1997,65,2275.0,2528.0
int__tai30_20_05,1997,66,2345.0,2603.0
int__tai30_20_05,1997,67,2413.0,2688.0
int__tai30_20_05,1997,68,2221.0,2487.0
int__tai30_20_05,1997,69,2232.0,2522.0
int__tai30_20_05,1997,70,2279.0,2569.0
int__tai30_20_05,1997,71,2243.0,2537.0
int__tai30_20_05,1997,72,2295.0,2560.0
int__tai30_20_05,1997,73,2251.0,2545.0
int__tai30_20_05,1997,74,2270.0,2551.0
int__tai30_20_05,1997,75,2303.0,2570.0
int__tai30_20_05,1997,76,2420.0,2680.0
int__tai30_20_05,1997,77,2397.0,2678.0
int__tai30_20_05,1997,78,2309.0,2534.0
int__tai30_20_05,1997,79,2254.0,2544.0
int__tai30_20_05,1997,80,2348.0,2654.0
int__tai30_20_05,1997,81,2457.0,2770.0
int__tai30_20_05,1997,82,2417.0,2701.0
int__tai30_20_05,1997,83,2318.0,2575.0
int__tai30_20_05,1997,84,2351.0,2624.0
int__tai30_20_05,1997,85,2370.0,2651.0
int__tai30_20_05,1997,86,2399.0,2659.0
int__tai30_20_05,1997,87,2309.0,2586.0
int__tai30_20_05,1997,88,2296.0,2549.0
int__tai30_20_05,1997,89,2412.0,2684.0
int__tai30_20_05,1997,90,2197.0,2481.0
int__tai30_20_05,1997,91,2353.0,2600.0
int__tai30_20_05,1997,92,2289.0,2571.0
int__tai30_20_05,1997,93,2235.0,2473.0
int__tai30_20_05,1997,94,2218.0,2462.0
int__tai30_20_05,1997,95,2212.0,2487.0
int__tai30_20_05,1997,96,2250.0,2516.0
int__tai30_20_05,1997,97,2274.0,2539.0
int__tai30_20_05,1997,98,2333.0,2612.0
int__tai30_20_05,1997,99,2304.0,2563.0
int__tai30_20_05,1997,100,2270.0,2500.0
int__tai30_20_05,1997,101,2295.0,2591.0
int__tai30_20_05,1997,102,2362.0,2657.0
int__tai30_20_05,1997,103,2225.0,2483.0
int__tai30_20_05,1997,104,2283.0,2572.0
int__tai30_20_05,1997,105,2321.0,2595.0
int__tai30_20_05,1997,106,2252.0,2527.0
int__tai30_20_05,1997,107,2293.0,2552.0
int__tai30_20_05,1997,108,2237.0,2567.0
int__tai30_20_05,1997,109,2313.0,2590.0
int__tai30_20_05,1997,110,2249.0,2534.0
int__tai30_20_05,1997,111,2310.0,2600.0
int__tai30_20_05,1997,112,2432.0,2690.0
int__tai30_20_05,1997,113,2422.0,2642.0
int__tai30_20_05,1997,114,2258.0,2531.0
int__tai30_20_05,1997,115,2188.0,2490.0
int__tai30_20_05,1997,116,2182.0,2468.0
int__tai30_20_05,1997,117,2320.0,2613.0
int__tai30_20_05,1997,118,2294.0,2524.0
int__tai30_20_05,1997,119,2304.0,2604.0
int__tai30_20_05,1997,120,2300.0,2603.0
int__tai30_20_05,1997,121,2332.0,2625.0
int__tai30_20_05,1997,122,2466.0,2773.0
int__tai30_20_05,1997,123,2216.0,2499.0
int__tai30_20_05,1997,124,2296.0,2553.0
int__tai30_20_05,1997,125,2247.0,2515.0
int__tai30_20_05,1997,126,2242.0,2530.0
int__tai30_20_05,1997,127,2314.0,2595.0
int__tai30_20_05,1997,128,2280.0,2543.0
int__tai30_20_05,1997,129,2261.0,2507.0
int__tai30_20_05,1997,130,2244.0,2505.0
int__tai30_20_05,1997,131,2234.0,2506.0
int__tai30_20_05,1997,132,2283.0,2563.0
int__tai30_20_05,1997,133,2324.0,2641.0
int__tai30_20_05,1997,134,2232.0,2516.0
int__tai30_20_05,1997,135,2282.0,2543.0
int__tai30_20_05,1997,136,2198.0,2454.0
int__tai30_20_05,1997,137,2312.0,2610.0
int__tai30_20_05,1997,138,2292.0,2541.0
int__tai30_20_05,1997,139,2236.0,2510.0
int__tai30_20_05,1997,140,2356.0,2592.0
int__tai30_20_05,1997,141,2253.0,2527.0
int__tai30_20_05,1997,142,2281.0,2534.0
int__tai30_20_05,1997,143,2222.0,2494.0
int__tai30_20_05,1997,144,2400.0,2642.0
int__tai30_20_05,1997,145,2306.0,2582.0
int__tai30_20_05,1997,146,2277.0,2572.0
int__tai30_20_05,1997,147,2279.0,2561.0
int__tai30_20_05,1997,148,2284.0,2552.0
int__tai30_20_05,1997,149,2256.0,2499.0
int__tai30_20_05,1997,150,2232.0,2510.0
int__tai30_20_05,1997,151,2264.0,2527.0
int__tai30_20_05,1997,152,2322.0,2561.0
int__tai30_20_05,1997,153,2202.0,2480.0
int__tai30_20_05,1997,154,2325.0,2632.0
int__tai30_20_05,1997,155,2199.0,2490.0
int__tai30_20_05,1997,156,2321.0,2602.0
int__tai30_20_05,1997,157,2311.0,2566.0
int__tai30_20_05,1997,158,2348.0,2625.0
int__tai30_20_05,1997,159,2362.0,2641.0
int__tai30_20_05,1997,160,2203.0,2509.0
int__tai30_20_05,1997,161,2246.0,2539.0
int__tai30_20_05,1997,162,2316.0,2583.0
int__tai30_20_05,1997,163,2254.0,2518.0
int__tai30_20_05,1997,164,2199.0,2471.0
int__tai30_20_05,1997,165,2264.0,2520.0
int__tai30_20_05,1997,166,2330.0,2589.0
int__tai30_20_05,1997,167,2248.0,2474.0
int__tai30_20_05,1997,168,2316.0,2598.0
int__tai30_20_05,1997,169,2261.0,2509.0
int__tai30_20_05,1997,170,2334.0,2568.0
int__tai30_20_05,1997,171,2253.0,2537.0
int__tai30_20_05,1997,172,2356.0,2612.0
int__tai30_20_05,1997,173,2297.0,2596.0
int__tai30_20_05,1997,174,2249.0,2564.0
int__tai30_20_05,1997,175,2248.0,2535.0
int__tai30_20_05,1997,176,2288.0,2574.0
int__tai30_20_05,1997,177,2292.0,2580.0
int__tai30_20_05,1997,178,2255.0,2543.0
int__tai30_20_05,1997,179,2372.0,2629.0
int__tai30_20_05,1997,180,2287.0,2560.0
int__tai30_20_05,1997,181,2249.0,2486.0
int__tai30_20_05,1997,182,2250.0,2514.0
int__tai30_20_05,1997,183,2229.0,2489.0
int__tai30_20_05,1997,184,2277.0,2513.0
int__tai30_20_05,1997,185,2207.0,2460.0
int__tai30_20_05,1997,186,2260.0,2525.0
int__tai30_20_05,1997,187,2333.0,2575.0
int__tai30_20_05,1997,188,2237.0,2524.0
int__tai30_20_05,1997,189,2275.0,2554.0
int__tai30_20_05,1997,190,2243.0,2528.0
int__tai30_20_05,1997,191,2347.0,2611.0
int__tai30_20_05,1997,192,2257.0,2535.0
int__tai30_20_05,1997,193,2355.0,2660.0
int__tai30_20_05,1997,194,2205.0,2479.0
int__tai30_20_05,1997,195,2287.0,2543.0
int__tai30_20_05,1997,196,2344.0,2657.0
int__tai30_20_05,1997,197,2291.0,2553.0
int__tai30_20_05,1997,198,2281.0,2532.0
int__tai30_20_05,1997,199,2239.0,2522.0
int__tai30_20_05,1997,200,2347.0,2579.0
int__tai30_20_05,1997,201,2288.0,2552.0
int__tai30_20_05,1997,202,2353.0,2620.0
int__tai30_20_05,1997,203,2221.0,2496.0
int__tai30_20_05,1997,204,2316.0,2602.0
int__tai30_20_05,1997,205,2254.0,2540.0
int__tai30_20_05,1997,206,2247.0,2534.0
int__tai30_20_05,1997,207,2207.0,2446.0
int__tai30_20_05,1997,208,2286.0,2545.0
int__tai30_20_05,1997,209,2363.0,2642.0
int__tai30_20_05,1997,210,2282.0,2573.0
int__tai30_20_05,1997,211,2306.0,2595.0
int__tai30_20_05,1997,212,2229.0,2506.0
int__tai30_20_05,1997,213,2269.0,2551.0
int__tai30_20_05,1997,214,2394.0,2647.0
int__tai30_20_05,1997,215,2293.0,2531.0
int__tai30_20_05,1997,216,2340.0,2611.0
int__tai30_20_05,1997,217,2336.0,2678.0
int__tai30_20_05,1997,218,2340.0,2604.0
int__tai30_20_05,1997,219,2380.0,2653.0
int__tai30_20_05,1997,220,2263.0,2564.0
int__tai30_20_05,1997,221,2356.0,2628.0
int__tai30_20_05,1997,222,2276.0,2548.0
int__tai30_20_05,1997,223,2173.0,2457.0
int__tai30_20_05,1997,224,2298.0,2545.0
int__tai30_20_05,1997,225,2268.0,2542.0
int__tai30_20_05,1997,226,2426.0,2670.0
int__tai30_20_05,1997,227,2336.0,2635.0
int__tai30_20_05,1997,228,2263.0,2543.0
int__tai30_20_05,1997,229,2286.0,2593.0
int__tai30_20_05,1997,230,2332.0,2591.0
int__tai30_20_05,1997,231,2274.0,2569.0
int__tai30_20_05,1997,232,2184.0,2461.0
int__tai30_20_05,1997,233,2296.0,2544.0
int__tai30_20_05,1997,234,2234.0,2510.0
int__tai30_20_05,1997,235,2274.0,2534.0
int__tai30_20_05,1997,236,2346.0,2599.0
int__tai30_20_05,1997,237,2269.0,2561.0
int__tai30_20_05,1997,238,2327.0,2594.0
int__tai30_20_05,1997,239,2286.0,2568.0
int__tai30_20_05,1997,240,2236.0,2527.0
int__tai30_20_05,1997,241,2249.0,2527.0
int__tai30_20_05,1997,242,2311.0,2564.0
int__tai30_20_05,1997,243,2344.0,2593.0
int__tai30_20_05,1997,244,2267.0,2536.0
int__tai30_20_05,1997,245,2224.0,2520.0
int__tai30_20_05,1997,246,2383.0,2624.0
int__tai30_20_05,1997,247,2227.0,2488.0
int__tai30_20_05,1997,248,2338.0,2621.0
int__tai30_20_05,1997,249,2212.0,2485.0
int__tai30_20_05,1997,250,2289.0,2573.0
int__tai30_20_05,1997,251,2312.0,2568.0
int__tai30_20_05,1997,252,2297.0,2592.0
int__tai30_20_05,1997,253,2278.0,2560.0
int__tai30_20_05,1997,254,2303.0,2564.0
int__tai30_20_05,1997,255,2352.0,2562.0
int__tai30_20_05,1997,256,2172.0,2451.0
int__tai30_20_05,1997,257,2315.0,2622.0
int__tai30_20_05,1997,258,2418.0,2694.0
int__tai30_20_05,1997,259,2352.0,2605.0
int__tai30_20_05,1997,260,2313.0,2596.0
int__tai30_20_05,1997,261,2253.0,2532.0
int__tai30_20_05,1997,262,2328.0,2639.0
int__tai30_20_05,1997,263,2302.0,2557.0
int__tai30_20_05,1997,264,2261.0,2519.0
int__tai30_20_05,1997,265,2379.0,2631.0
int__tai30_20_05,1997,266,2303.0,2557.0
int__tai30_20_05,1997,267,2287.0,2555.0
int__tai30_20_05,1997,268,2260.0,2503.0
int__tai30_20_05,1997,269,2331.0,2594.0
int__tai30_20_05,1997,270,2274.0,2577.0
int__tai30_20_05,1997,271,2315.0,2590.0
int__tai30_20_05,1997,272,2261.0,2531.0
int__tai30_20_05,1997,273,2343.0,2607.0
int__tai30_20_05,1997,274,2318.0,2613.0
int__tai30_20_05,1997,275,2279.0,2541.0
int__tai30_20_05,1997,276,2293.0,2567.0
int__tai30_20_05,1997,277,2233.0,2497.0
int__tai30_20_05,1997,278,2317.0,2603.0
int__tai30_20_05,1997,279,2247.0,2558.0
int__tai30_20_05,1997,280,2373.0,2650.0
int__tai30_20_05,1997,281,2292.0,2558.0
int__tai30_20_05,1997,282,2296.0,2579.0
int__tai30_20_05,1997,283,2276.0,2512.0
int__tai30_20_05,1997,284,2291.0,2562.0
int__tai30_20_05,1997,285,2243.0,2525.0
int__tai30_20_05,1997,286,2303.0,2576.0
int__tai30_20_05,1997,287,2325.0,2599.0
int__tai30_20_05,1997,288,2216.0,2480.0
int__tai30_20_05,1997,289,2299.0,2541.0
int__tai30_20_05,1997,290,2321.0,2630.0
int__tai30_20_05,1997,291,2358.0,2627.0
int__tai30_20_05,1997,292,2294.0,2556.0
int__tai30_20_05,1997,293,2234.0,2517.0
int__tai30_20_05,1997,294,2369.0,2617.0
int__tai30_20_05,1997,295,2264.0,2554.0
int__tai30_20_05,1997,296,2285.0,2563.0
int__tai30_20_05,1997,297,2310.0,2557.0
int__tai30_20_05,1997,298,2310.0,2554.0
int__tai30_20_05,1997,299,2243.0,2493.0
int__tai30_20_05,1997,300,2300.0,2570.0
int__tai30_20_05,1997,301,2276.0,2563.0
int__tai30_20_05,1997,302,2239.0,2506.0
int__tai30_20_05,1997,303,2372.0,2656.0
int__tai30_20_05,1997,304,2300.0,2585.0
int__tai30_20_05,1997,305,2345.0,2607.0
int__tai30_20_05,1997,306,2284.0,2548.0
int__tai30_20_05,1997,307,2341.0,2623.0
int__tai30_20_05,1997,308,2218.0,2500.0
int__tai30_20_05,1997,309,2343.0,2632.0
int__tai30_20_05,1997,310,2232.0,2505.0
int__tai30_20_05,1997,311,2281.0,2559.0
int__tai30_20_05,1997,312,2306.0,2528.0
int__tai30_20_05,1997,313,2242.0,2533.0
int__tai30_20_05,1997,314,2283.0,2576.0
int__tai30_20_05,1997,315,2325.0,2577.0
int__tai30_20_05,1997,316,2350.0,2572.0
int__tai30_20_05,1997,317,2338.0,2620.0
int__tai30_20_05,1997,318,2261.0,2509.0
int__tai30_20_05,1997,319,2381.0,2669.0
int__tai30_20_05,1997,320,2327.0,2595.0
int__tai30_20_05,1997,321,2267.0,2544.0
int__tai30_20_05,1997,322,2324.0,2558.0
int__tai30_20_05,1997,323,2311.0,2588.0
int__tai30_20_05,1997,324,2182.0,2446.0
int__tai30_20_05,1997,325,2281.0,2585.0
int__tai30_20_05,1997,326,2227.0,2514.0
int__tai30_20_05,1997,327,2240.0,2498.0
int__tai30_20_05,1997,328,2292.0,2561.0
int__tai30_20_05,1997,329,2230.0,2523.0
int__tai30_20_05,1997,330,2380.0,2653.0
int__tai30_20_05,1997,331,2253.0,2523.0
int__tai30_20_05,1997,332,2357.0,2638.0
int__tai30_20_05,1997,333,2272.0,2545.0
int__tai30_20_05,1997,334,2345.0,2625.0
int__tai30_20_05,1997,335,2299.0,2566.0
int__tai30_20_05,1997,336,2270.0,2526.0
int__tai30_20_05,1997,337,2283.0,2541.0
int__tai30_20_05,1997,338,2224.0,2502.0
int__tai30_20_05,1997,339,2352.0,2647.0
int__tai30_20_05,1997,340,2310.0,2561.0
int__tai30_20_05,1997,341,2241.0,2509.0
int__tai30_20_05,1997,342,2557.0,2836.0
int__tai30_20_05,1997,343,2380.0,2659.0
int__tai30_20_05,1997,344,2249.0,2509.0
int__tai30_20_05,1997,345,2242.0,2488.0
int__tai30_20_05,1997,346,2353.0,2624.0
int__tai30_20_05,1997,347,2305.0,2558.0
int__tai30_20_05,1997,348,2300.0,2589.0
int__tai30_20_05,1997,349,2285.0,2568.0
int__tai30_20_05,1997,350,2364.0,2624.0
int__tai30_20_05,1997,351,2287.0,2566.0
int__tai30_20_05,1997,352,2348.0,2646.0
int__tai30_20_05,1997,353,2234.0,2528.0
int__tai30_20_05,1997,354,2399.0,2731.0
int__tai30_20_05,1997,355,2278.0,2513.0
int__tai30_20_05,1997,356,2243.0,2515.0
int__tai30_20_05,1997,357,2250.0,2533.0
int__tai30_20_05,1997,358,2281.0,2516.0
int__tai30_20_05,1997,359,2329.0,2574.0
int__tai30_20_05,1997,360,2279.0,2531.0
int__tai30_20_05,1997,361,2252.0,2513.0
int__tai30_20_05,1997,362,2342.0,2641.0
int__tai30_20_05,1997,363,2172.0,2448.0
int__tai30_20_05,1997,364,2314.0,2575.0
int__tai30_20_05,1997,365,2243.0,2480.0
int__tai30_20_05,1997,366,2416.0,2672.0
int__tai30_20_05,1997,367,2223.0,2463.0
int__tai30_20_05,1997,368,2318.0,2564.0
int__tai30_20_05,1997,369,2278.0,2483.0
int__tai30_20_05,1997,370,2265.0,2518.0
int__tai30_20_05,1997,371,2256.0,2544.0
int__tai30_20_05,1997,372,2176.0,2459.0
int__tai30_20_05,1997,373,2251.0,2515.0
int__tai30_20_05,1997,374,2227.0,2441.0
int__tai30_20_05,1997,375,2271.0,2521.0
int__tai30_20_05,1997,376,2315.0,2603.0
int__tai30_20_05,1997,377,2302.0,2563.0
int__tai30_20_05,1997,378,2274.0,2578.0
int__tai30_20_05,1997,379,2274.0,2544.0
int__tai30_20_05,1997,380,2324.0,2589.0
int__tai30_20_05,1997,381,2258.0,2535.0
int__tai30_20_05,1997,382,2299.0,2598.0
int__tai30_20_05,1997,383,2299.0,2589.0
int__tai30_20_05,1997,384,2333.0,2613.0
int__tai30_20_05,1997,385,2417.0,2668.0
int__tai30_20_05,1997,386,2384.0,2616.0
int__tai30_20_05,1997,387,2375.0,2689.0
int__tai30_20_05,1997,388,2258.0,2555.0
int__tai30_20_05,1997,389,2249.0,2516.0
int__tai30_20_05,1997,390,2230.0,2522.0
int__tai30_20_05,1997,391,2324.0,2613.0
int__tai30_20_05,1997,392,2284.0,2537.0
int__tai30_20_05,1997,393,2229.0,2488.0
int__tai30_20_05,1997,394,2324.0,2575.0
int__tai30_20_05,1997,395,2291.0,2546.0
int__tai30_20_05,1997,396,2290.0,2567.0
int__tai30_20_05,1997,397,2250.0,2539.0
int__tai30_20_05,1997,398,2294.0,2604.0
int__tai30_20_05,1997,399,2296.0,2577.0
int__tai30_20_05,1997,400,2298.0,2588.0
int__tai30_20_05,1997,401,2368.0,2663.0
int__tai30_20_05,1997,402,2376.0,2629.0
int__tai30_20_05,1997,403,2270.0,2515.0
int__tai30_20_05,1997,404,2261.0,2524.0
int__tai30_20_05,1997,405,2272.0,2530.0
int__tai30_20_05,1997,406,2248.0,2508.0
int__tai30_20_05,1997,407,2316.0,2568.0
int__tai30_20_05,1997,408,2336.0,2601.0
int__tai30_20_05,1997,409,2255.0,2536.0
int__tai30_20_05,1997,410,2350.0,2623.0
int__tai30_20_05,1997,411,2283.0,2526.0
int__tai30_20_05,1997,412,2283.0,2577.0
int__tai30_20_05,1997,413,2284.0,2541.0
int__tai30_20_05,1997,414,2308.0,2573.0
int__tai30_20_05,1997,415,2312.0,2555.0
int__tai30_20_05,1997,416,2384.0,2663.0
int__tai30_20_05,1997,417,2375.0,2668.0
int__tai30_20_05,1997,418,2302.0,2553.0
int__tai30_20_05,1997,419,2372.0,2668.0
int__tai30_20_05,1997,420,2294.0,2558.0
int__tai30_20_05,1997,421,2257.0,2544.0
int__tai30_20_05,1997,422,2322.0,2619.0
int__tai30_20_05,1997,423,2347.0,2608.0
int__tai30_20_05,1997,424,2239.0,2515.0
int__tai30_20_05,1997,425,2242.0,2500.0
int__tai30_20_05,1997,426,2195.0,2477.0
int__tai30_20_05,1997,427,2258.0,2540.0
int__tai30_20_05,1997,428,2258.0,2544.0
int__tai30_20_05,1997,429,2221.0,2476.0
int__tai30_20_05,1997,430,2369.0,2629.0
int__tai30_20_05,1997,431,2218.0,2483.0
int__tai30_20_05,1997,432,2340.0,2597.0
int__tai30_20_05,1997,433,2232.0,2534.0
int__tai30_20_05,1997,434,2242.0,2539.0
int__tai30_20_05,1997,435,2302.0,2556.0
int__tai30_20_05,1997,436,2267.0,2503.0
int__tai30_20_05,1997,437,2232.0,2540.0
int__tai30_20_05,1997,438,2288.0,2606.0
int__tai30_20_05,1997,439,2269.0,2536.0
int__tai30_20_05,1997,440,2298.0,2553.0
int__tai30_20_05,1997,441,2206.0,2473.0
int__tai30_20_05,1997,442,2428.0,2703.0
int__tai30_20_05,1997,443,2283.0,2573.0
int__tai30_20_05,1997,444,2372.0,2631.0
int__tai30_20_05,1997,445,2260.0,2567.0
int__tai30_20_05,1997,446,2288.0,2557.0
int__tai30_20_05,1997,447,2318.0,2566.0
int__tai30_20_05,1997,448,2261.0,2533.0
int__tai30_20_05,1997,449,2333.0,2625.0
int__tai30_20_05,1997,450,2384.0,2649.0
int__tai30_20_05,1997,451,2261.0,2549.0
int__tai30_20_05,1997,452,2321.0,2613.0
int__tai30_20_05,1997,453,2248.0,2519.0
int__tai30_20_05,1997,454,2394.0,2670.0
int__tai30_20_05,1997,455,2243.0,2495.0
int__tai30_20_05,1997,456,2216.0,2511.0
int__tai30_20_05,1997,457,2341.0,2636.0
int__tai30_20_05,1997,458,2344.0,2628.0
int__tai30_20_05,1997,459,2221.0,2476.0
int__tai30_20_05,1997,460,2287.0,2563.0
int__tai30_20_05,1997,461,2301.0,2555.0
int__tai30_20_05,1997,462,2325.0,2631.0
int__tai30_20_05,1997,463,2278.0,2548.0
int__tai30_20_05,1997,464,2275.0,2609.0
int__tai30_20_05,1997,465,2239.0,2514.0
int__tai30_20_05,1997,466,2236.0,2492.0
int__tai30_20_05,1997,467,2264.0,2509.0
int__tai30_20_05,1997,468,2371.0,2632.0
int__tai30_20_05,1997,469,2355.0,2617.0
int__tai30_20_05,1997,470,2236.0,2500.0
int__tai30_20_05,1997,471,2265.0,2535.0
int__tai30_20_05,1997,472,2375.0,2656.0
int__tai30_20_05,1997,473,2237.0,2503.0
int__tai30_20_05,1997,474,2265.0,2529.0
int__tai30_20_05,1997,475,2248.0,2536.0
int__tai30_20_05,1997,476,2331.0,2588.0
int__tai30_20_05,1997,477,2228.0,2456.0
int__tai30_20_05,1997,478,2405.0,2718.0
int__tai30_20_05,1997,479,2250.0,2534.0
int__tai30_20_05,1997,480,2347.0,2645.0
int__tai30_20_05,1997,481,2318.0,2585.0
int__tai30_20_05,1997,482,2229.0,2515.0
int__tai30_20_05,1997,483,2223.0,2484.0
int__tai30_20_05,1997,484,2143.0,2411.0
int__tai30_20_05,1997,485,2277.0,2533.0
int__tai30_20_05,1997,486,2232.0,2520.0
int__tai30_20_05,1997,487,2305.0,2548.0
int__tai30_20_05,1997,488,2238.0,2514.0
int__tai30_20_05,1997,489,2270.0,2506.0
int__tai30_20_05,1997,490,2265.0,2508.0
int__tai30_20_05,1997,491,2303.0,2568.0
int__tai30_20_05,1997,492,2280.0,2565.0
int__tai30_20_05,1997,493,2204.0,2484.0
int__tai30_20_05,1997,494,2283.0,2549.0
int__tai30_20_05,1997,495,2391.0,2663.0
int__tai30_20_05,1997,496,2242.0,2540.0
int__tai30_20_05,1997,497,2328.0,2638.0
int__tai30_20_05,1997,498,2261.0,2522.0
int__tai30_20_05,1997,499,2265.0,2581.0
int__tai30_20_05,1997,500,2302.0,2549.0
int__tai30_20_05,1997,501,2298.0,2568.0
int__tai30_20_05,1997,502,2384.0,2733.0
int__tai30_20_05,1997,503,2355.0,2572.0
int__tai30_20_05,1997,504,2180.0,2437.0
int__tai30_20_05,1997,505,2265.0,2520.0
int__tai30_20_05,1997,506,2372.0,2661.0
int__tai30_20_05,1997,507,2354.0,2628.0
int__tai30_20_05,1997,508,2278.0,2540.0
int__tai30_20_05,1997,509,2301.0,2538.0
int__tai30_20_05,1997,510,2334.0,2630.0
int__tai30_20_05,1997,511,2278.0,2546.0
int__tai30_20_05,1997,512,2274.0,2552.0
int__tai30_20_05,1997,513,2248.0,2558.0
int__tai30_20_05,1997,514,2175.0,2444.0
int__tai30_20_05,1997,515,2234.0,2511.0
int__tai30_20_05,1997,516,2379.0,2669.0
int__tai30_20_05,1997,517,2260.0,2561.0
int__tai30_20_05,1997,518,2292.0,2587.0
int__tai30_20_05,1997,519,2340.0,2618.0
int__tai30_20_05,1997,520,2212.0,2538.0
int__tai30_20_05,1997,521,2366.0,2618.0
int__tai30_20_05,1997,522,2257.0,2516.0
int__tai30_20_05,1997,523,2264.0,2544.0
int__tai30_20_05,1997,524,2222.0,2499.0
int__tai30_20_05,1997,525,2299.0,2574.0
int__tai30_20_05,1997,526,2464.0,2759.0
int__tai30_20_05,1997,527,2240.0,2498.0
int__tai30_20_05,1997,528,2273.0,2499.0
int__tai30_20_05,1997,529,2462.0,2748.0
int__tai30_20_05,1997,530,2336.0,2628.0
int__tai30_20_05,1997,531,2256.0,2530.0
int__tai30_20_05,1997,532,2302.0,2578.0
int__tai30_20_05,1997,533,2276.0,2567.0
int__tai30_20_05,1997,534,2305.0,2595.0
int__tai30_20_05,1997,535,2388.0,2675.0
int__tai30_20_05,1997,536,2238.0,2504.0
int__tai30_20_05,1997,537,2478.0,2760.0
int__tai30_20_05,1997,538,2208.0,2473.0
int__tai30_20_05,1997,539,2271.0,2538.0
int__tai30_20_05,1997,540,2318.0,2620.0
int__tai30_20_05,1997,541,2261.0,2562.0
int__tai30_20_05,1997,542,2373.0,2645.0
int__tai30_20_05,1997,543,2344.0,2668.0
int__tai30_20_05,1997,544,2435.0,2715.0
int__tai30_20_05,1997,545,2400.0,2684.0
int__tai30_20_05,1997,546,2194.0,2459.0
int__tai30_20_05,1997,547,2275.0,2538.0
int__tai30_20_05,1997,548,2240.0,2506.0
int__tai30_20_05,1997,549,2273.0,2497.0
int__tai30_20_05,1997,550,2211.0,2475.0
int__tai30_20_05,1997,551,2361.0,2641.0
int__tai30_20_05,1997,552,2230.0,2497.0
int__tai30_20_05,1997,553,2266.0,2561.0
int__tai30_20_05,1997,554,2386.0,2658.0
int__tai30_20_05,1997,555,2258.0,2553.0
int__tai30_20_05,1997,556,2242.0,2508.0
int__tai30_20_05,1997,557,2276.0,2570.0
int__tai30_20_05,1997,558,2399.0,2648.0
int__tai30_20_05,1997,559,2231.0,2499.0
int__tai30_20_05,1997,560,2345.0,2643.0
int__tai30_20_05,1997,561,2205.0,2470.0
int__tai30_20_05,1997,562,2281.0,2553.0
int__tai30_20_05,1997,563,2314.0,2616.0
int__tai30_20_05,1997,564,2167.0,2436.0
int__tai30_20_05,1997,565,2282.0,2527.0
int__tai30_20_05,1997,566,2343.0,2584.0
int__tai30_20_05,1997,567,2275.0,2547.0
int__tai30_20_05,1997,568,2272.0,2507.0
int__tai30_20_05,1997,569,2294.0,2608.0
int__tai30_20_05,1997,570,2286.0,2552.0
int__tai30_20_05,1997,571,2320.0,2606.0
int__tai30_20_05,1997,572,2201.0,2457.0
int__tai30_20_05,1997,573,2227.0,2527.0
int__tai30_20_05,1997,574,2389.0,2678.0
int__tai30_20_05,1997,575,2291.0,2584.0
int__tai30_20_05,1997,576,2255.0,2511.0
int__tai30_20_05,1997,577,2227.0,2449.0
int__tai30_20_05,1997,578,2252.0,2514.0
int__tai30_20_05,1997,579,2207.0,2473.0
int__tai30_20_05,1997,580,2233.0,2484.0
int__tai30_20_05,1997,581,2300.0,2593.0
int__tai30_20_05,1997,582,2277.0,2557.0
int__tai30_20_05,1997,583,2417.0,2649.0
int__tai30_20_05,1997,584,2253.0,2538.0
int__tai30_20_05,1997,585,2269.0,2570.0
int__tai30_20_05,1997,586,2314.0,2556.0
int__tai30_20_05,1997,587,2289.0,2600.0
int__tai30_20_05,1997,588,2305.0,2601.0
int__tai30_20_05,1997,589,2213.0,2494.0
int__tai30_20_05,1997,590,2158.0,2440.0
int__tai30_20_05,1997,591,2301.0,2556.0
int__tai30_20_05,1997,592,2301.0,2551.0
int__tai30_20_05,1997,593,2343.0,2620.0
int__tai30_20_05,1997,594,2188.0,2438.0
int__tai30_20_05,1997,595,2290.0,2523.0
int__tai30_20_05,1997,596,2362.0,2605.0
int__tai30_20_05,1997,597,2249.0,2550.0
int__tai30_20_05,1997,598,2265.0,2515.0
int__tai30_20_05,1997,599,2340.0,2627.0
int__tai30_20_05,1997,600,2344.0,2619.0
int__tai30_20_05,1997,601,2248.0,2492.0
int__tai30_20_05,1997,602,2301.0,2565.0
int__tai30_20_05,1997,603,2238.0,2504.0
int__tai30_20_05,1997,604,2200.0,2444.0
int__tai30_20_05,1997,605,2241.0,2511.0
int__tai30_20_05,1997,606,2242.0,2518.0
int__tai30_20_05,1997,607,2207.0,2470.0
int__tai30_20_05,1997,608,2211.0,2480.0
int__tai30_20_05,1997,609,2284.0,2553.0
int__tai30_20_05,1997,610,2285.0,2547.0
int__tai30_20_05,1997,611,2290.0,2571.0
int__tai30_20_05,1997,612,2322.0,2609.0
int__tai30_20_05,1997,613,2313.0,2552.0
int__tai30_20_05,1997,614,2264.0,2567.0
int__tai30_20_05,1997,615,2367.0,2662.0
int__tai30_20_05,1997,616,2251.0,2503.0
int__tai30_20_05,1997,617,2351.0,2605.0
int__tai30_20_05,1997,618,2195.0,2503.0
int__tai30_20_05,1997,619,2258.0,2568.0
int__tai30_20_05,1997,620,2303.0,2569.0
int__tai30_20_05,1997,621,2277.0,2523.0
int__tai30_20_05,1997,622,2233.0,2473.0
int__tai30_20_05,1997,623,2330.0,2596.0
int__tai30_20_05,1997,624,2390.0,2662.0
int__tai30_20_05,1997,625,2321.0,2662.0
int__tai30_20_05,1997,626,2331.0,2573.0
int__tai30_20_05,1997,627,2295.0,2588.0
int__tai30_20_05,1997,628,2240.0,2513.0
int__tai30_20_05,1997,629,2346.0,2635.0
int__tai30_20_05,1997,630,2225.0,2475.0
int__tai30_20_05,1997,631,2219.0,2493.0
int__tai30_20_05,1997,632,2254.0,2530.0
int__tai30_20_05,1997,633,2234.0,2504.0
int__tai30_20_05,1997,634,2283.0,2563.0
int__tai30_20_05,1997,635,2434.0,2719.0
int__tai30_20_05,1997,636,2230.0,2474.0
int__tai30_20_05,1997,637,2384.0,2642.0
int__tai30_20_05,1997,638,2216.0,2472.0
int__tai30_20_05,1997,639,2211.0,2471.0
int__tai30_20_05,1997,640,2277.0,2571.0
int__tai30_20_05,1997,641,2259.0,2538.0
int__tai30_20_05,1997,642,2296.0,2593.0
int__tai30_20_05,1997,643,2287.0,2564.0
int__tai30_20_05,1997,644,2274.0,2574.0
int__tai30_20_05,1997,645,2209.0,2479.0
int__tai30_20_05,1997,646,2449.0,2697.0
int__tai30_20_05,1997,647,2271.0,2536.0
int__tai30_20_05,1997,648,2357.0,2611.0
int__tai30_20_05,1997,649,2337.0,2633.0
int__tai30_20_05,1997,650,2269.0,2501.0
int__tai30_20_05,1997,651,2324.0,2640.0
int__tai30_20_05,1997,652,2331.0,2613.0
int__tai30_20_05,1997,653,2207.0,2462.0
int__tai30_20_05,1997,654,2262.0,2554.0
int__tai30_20_05,1997,655,2301.0,2571.0
int__tai30_20_05,1997,656,2255.0,2529.0
int__tai30_20_05,1997,657,2263.0,2558.0
int__tai30_20_05,1997,658,2377.0,2680.0
int__tai30_20_05,1997,659,2358.0,2624.0
int__tai30_20_05,1997,660,2275.0,2507.0
int__tai30_20_05,1997,661,2307.0,2600.0
int__tai30_20_05,1997,662,2368.0,2632.0
int__tai30_20_05,1997,663,2267.0,2544.0
int__tai30_20_05,1997,664,2322.0,2600.0
int__tai30_20_05,1997,665,2349.0,2603.0
int__tai30_20_05,1997,666,2334.0,2617.0
int__tai30_20_05,1997,667,2277.0,2550.0
int__tai30_20_05,1997,668,2319.0,2588.0
int__tai30_20_05,1997,669,2373.0,2700.0
int__tai30_20_05,1997,670,2259.0,2507.0
int__tai30_20_05,1997,671,2252.0,2490.0
int__tai30_20_05,1997,672,2387.0,2679.0
int__tai30_20_05,1997,673,2244.0,2527.0
int__tai30_20_05,1997,674,2215.0,2506.0
int__tai30_20_05,1997,675,2265.0,2494.0
int__tai30_20_05,1997,676,2322.0,2578.0
int__tai30_20_05,1997,677,2369.0,2627.0
int__tai30_20_05,1997,678,2210.0,2463.0
int__tai30_20_05,1997,679,2365.0,2629.0
int__tai30_20_05,1997,680,2280.0,2558.0
int__tai30_20_05,1997,681,2425.0,2715.0
int__tai30_20_05,1997,682,2335.0,2573.0
int__tai30_20_05,1997,683,2248.0,2490.0
int__tai30_20_05,1997,684,2249.0,2526.0
int__tai30_20_05,1997,685,2320.0,2593.0
int__tai30_20_05,1997,686,2324.0,2585.0
int__tai30_20_05,1997,687,2278.0,2545.0
int__tai30_20_05,1997,688,2318.0,2649.0
int__tai30_20_05,1997,689,2287.0,2518.0
int__tai30_20_05,1997,690,2285.0,2557.0
int__tai30_20_05,1997,691,2323.0,2559.0
int__tai30_20_05,1997,692,2273.0,2562.0
int__tai30_20_05,1997,693,2345.0,2656.0
int__tai30_20_05,1997,694,2213.0,2490.0
int__tai30_20_05,1997,695,2214.0,2493.0
int__tai30_20_05,1997,696,2318.0,2616.0
int__tai30_20_05,1997,697,2285.0,2590.0
int__tai30_20_05,1997,698,2324.0,2605.0
int__tai30_20_05,1997,699,2251.0,2515.0
int__tai30_20_05,1997,700,2319.0,2594.0
int__tai30_20_05,1997,701,2320.0,2555.0
int__tai30_20_05,1997,702,2298.0,2548.0
int__tai30_20_05,1997,703,2289.0,2565.0
int__tai30_20_05,1997,704,2222.0,2461.0
int__tai30_20_05,1997,705,2318.0,2565.0
int__tai30_20_05,1997,706,2348.0,2643.0
int__tai30_20_05,1997,707,2289.0,2559.0
int__tai30_20_05,1997,708,2287.0,2519.0
int__tai30_20_05,1997,709,2286.0,2555.0
int__tai30_20_05,1997,710,2327.0,2564.0
int__tai30_20_05,1997,711,2358.0,2631.0
int__tai30_20_05,1997,712,2388.0,2635.0
int__tai30_20_05,1997,713,2250.0,2547.0
int__tai30_20_05,1997,714,2205.0,2463.0
int__tai30_20_05,1997,715,2295.0,2550.0
int__tai30_20_05,1997,716,2263.0,2554.0
int__tai30_20_05,1997,717,2238.0,2508.0
int__tai30_20_05,1997,718,2235.0,2538.0
int__tai30_20_05,1997,719,2294.0,2536.0
int__tai30_20_05,1997,720,2355.0,2660.0
int__tai30_20_05,1997,721,2314.0,2584.0
int__tai30_20_05,1997,722,2265.0,2558.0
int__tai30_20_05,1997,723,2242.0,2531.0
int__tai30_20_05,1997,724,2250.0,2503.0
int__tai30_20_05,1997,725,2277.0,2554.0
int__tai30_20_05,1997,726,2250.0,2496.0
int__tai30_20_05,1997,727,2296.0,2570.0
int__tai30_20_05,1997,728,2198.0,2460.0
int__tai30_20_05,1997,729,2317.0,2550.0
int__tai30_20_05,1997,730,2272.0,2552.0
int__tai30_20_05,1997,731,2231.0,2484.0
int__tai30_20_05,1997,732,2224.0,2504.0
int__tai30_20_05,1997,733,2352.0,2597.0
int__tai30_20_05,1997,734,2249.0,2535.0
int__tai30_20_05,1997,735,2308.0,2534.0
int__tai30_20_05,1997,736,2276.0,2552.0
int__tai30_20_05,1997,737,2344.0,2645.0
int__tai30_20_05,1997,738,2261.0,2592.0
int__tai30_20_05,1997,739,2306.0,2577.0
int__tai30_20_05,1997,740,2207.0,2503.0
int__tai30_20_05,1997,741,2243.0,2523.0
int__tai30_20_05,1997,742,2215.0,2507.0
int__tai30_20_05,1997,743,2296.0,2547.0
int__tai30_20_05,1997,744,2306.0,2559.0
int__tai30_20_05,1997,745,2282.0,2569.0
int__tai30_20_05,1997,746,2243.0,2516.0
int__tai30_20_05,1997,747,2271.0,2549.0
int__tai30_20_05,1997,748,2250.0,2508.0
int__tai30_20_05,1997,749,2329.0,2576.0
int__tai30_20_05,1997,750,2334.0,2627.0
int__tai30_20_05,1997,751,2330.0,2598.0
int__tai30_20_05,1997,752,2233.0,2495.0
int__tai30_20_05,1997,753,2314.0,2582.0
int__tai30_20_05,1997,754,2269.0,2521.0
int__tai30_20_05,1997,755,2247.0,2505.0
int__tai30_20_05,1997,756,2358.0,2597.0
int__tai30_20_05,1997,757,2228.0,2515.0
int__tai30_20_05,1997,758,2281.0,2559.0
int__tai30_20_05,1997,759,2272.0,2539.0
int__tai30_20_05,1997,760,2213.0,2476.0
int__tai30_20_05,1997,761,2206.0,2494.0
int__tai30_20_05,1997,762,2254.0,2492.0
int__tai30_20_05,1997,763,2222.0,2511.0
int__tai30_20_05,1997,764,2207.0,2459.0
int__tai30_20_05,1997,765,2459.0,2800.0
int__tai30_20_05,1997,766,2317.0,2557.0
int__tai30_20_05,1997,767,2232.0,2535.0
int__tai30_20_05,1997,768,2368.0,2625.0
int__tai30_20_05,1997,769,2223.0,2511.0
int__tai30_20_05,1997,770,2290.0,2560.0
int__tai30_20_05,1997,771,2360.0,2665.0
int__tai30_20_05,1997,772,2222.0,2487.0
int__tai30_20_05,1997,773,2357.0,2600.0
int__tai30_20_05,1997,774,2227.0,2489.0
int__tai30_20_05,1997,775,2399.0,2682.0
int__tai30_20_05,1997,776,2259.0,2532.0
int__tai30_20_05,1997,777,2353.0,2668.0
int__tai30_20_05,1997,778,2291.0,2557.0
int__tai30_20_05,1997,779,2239.0,2491.0
int__tai30_20_05,1997,780,2240.0,2521.0
int__tai30_20_05,1997,781,2283.0,2529.0
int__tai30_20_05,1997,782,2386.0,2659.0
int__tai30_20_05,1997,783,2299.0,2558.0
int__tai30_20_05,1997,784,2382.0,2685.0
int__tai30_20_05,1997,785,2303.0,2583.0
int__tai30_20_05,1997,786,2277.0,2593.0
int__tai30_20_05,1997,787,2248.0,2543.0
int__tai30_20_05,1997,788,2226.0,2475.0
int__tai30_20_05,1997,789,2242.0,2525.0
int__tai30_20_05,1997,790,2162.0,2414.0
int__tai30_20_05,1997,791,2391.0,2643.0
int__tai30_20_05,1997,792,2258.0,2482.0
int__tai30_20_05,1997,793,2259.0,2531.0
int__tai30_20_05,1997,794,2232.0,2494.0
int__tai30_20_05,1997,795,2224.0,2482.0
int__tai30_20_05,1997,796,2246.0,2534.0
int__tai30_20_05,1997,797,2247.0,2505.0
int__tai30_20_05,1997,798,2218.0,2491.0
int__tai30_20_05,1997,799,2230.0,2504.0
int__tai30_20_05,1997,800,2264.0,2523.0
int__tai30_20_05,1997,801,2298.0,2557.0
int__tai30_20_05,1997,802,2389.0,2620.0
int__tai30_20_05,1997,803,2291.0,2568.0
int__tai30_20_05,1997,804,2198.0,2470.0
int__tai30_20_05,1997,805,2290.0,2558.0
int__tai30_20_05,1997,806,2358.0,2608.0
int__tai30_20_05,1997,807,2322.0,2585.0
int__tai30_20_05,1997,808,2241.0,2500.0
int__tai30_20_05,1997,809,2300.0,2576.0
int__tai30_20_05,1997,810,2239.0,2530.0
int__tai30_20_05,1997,811,2245.0,2484.0
int__tai30_20_05,1997,812,2220.0,2495.0
int__tai30_20_05,1997,813,2225.0,2455.0
int__tai30_20_05,1997,814,2385.0,2705.0
int__tai30_20_05,1997,815,2325.0,2536.0
int__tai30_20_05,1997,816,2282.0,2571.0
int__tai30_20_05,1997,817,2288.0,2544.0
int__tai30_20_05,1997,818,2243.0,2516.0
int__tai30_20_05,1997,819,2375.0,2651.0
int__tai30_20_05,1997,820,2258.0,2535.0
int__tai30_20_05,1997,821,2285.0,2572.0
int__tai30_20_05,1997,822,2210.0,2511.0
int__tai30_20_05,1997,823,2309.0,2589.0
int__tai30_20_05,1997,824,2415.0,2663.0
int__tai30_20_05,1997,825,2306.0,2557.0
int__tai30_20_05,1997,826,2209.0,2487.0
int__tai30_20_05,1997,827,2343.0,2638.0
int__tai30_20_05,1997,828,2175.0,2434.0
int__tai30_20_05,1997,829,2145.0,2397.0
int__tai30_20_05,1997,830,2317.0,2627.0
int__tai30_20_05,1997,831,2275.0,2508.0
int__tai30_20_05,1997,832,2210.0,2528.0
int__tai30_20_05,1997,833,2222.0,2535.0
int__tai30_20_05,1997,834,2282.0,2552.0
int__tai30_20_05,1997,835,2332.0,2572.0
int__tai30_20_05,1997,836,2320.0,2584.0
int__tai30_20_05,1997,837,2306.0,2615.0
int__tai30_20_05,1997,838,2290.0,2545.0
int__tai30_20_05,1997,839,2175.0,2444.0
int__tai30_20_05,1997,840,2277.0,2534.0
int__tai30_20_05,1997,841,2364.0,2671.0
int__tai30_20_05,1997,842,2308.0,2568.0
int__tai30_20_05,1997,843,2246.0,2506.0
int__tai30_20_05,1997,844,2248.0,2554.0
int__tai30_20_05,1997,845,2349.0,2634.0
int__tai30_20_05,1997,846,2365.0,2659.0
int__tai30_20_05,1997,847,2267.0,2572.0
int__tai30_20_05,1997,848,2315.0,2617.0
int__tai30_20_05,1997,849,2309.0,2576.0
int__tai30_20_05,1997,850,2280.0,2524.0
int__tai30_20_05,1997,851,2211.0,2505.0
int__tai30_20_05,1997,852,2238.0,2491.0
int__tai30_20_05,1997,853,2284.0,2553.0
int__tai30_20_05,1997,854,2332.0,2614.0
int__tai30_20_05,1997,855,2242.0,2511.0
int__tai30_20_05,1997,856,2270.0,2547.0
int__tai30_20_05,1997,857,2390.0,2681.0
int__tai30_20_05,1997,858,2233.0,2495.0
int__tai30_20_05,1997,859,2328.0,2641.0
int__tai30_20_05,1997,860,2296.0,2605.0
int__tai30_20_05,1997,861,2248.0,2529.0
int__tai30_20_05,1997,862,2280.0,2549.0
int__tai30_20_05,1997,863,2308.0,2557.0
int__tai30_20_05,1997,864,2253.0,2499.0
int__tai30_20_05,1997,865,2316.0,2578.0
int__tai30_20_05,1997,866,2315.0,2584.0
int__tai30_20_05,1997,867,2396.0,2681.0
int__tai30_20_05,1997,868,2213.0,2489.0
int__tai30_20_05,1997,869,2396.0,2649.0
int__tai30_20_05,1997,870,2217.0,2481.0
int__tai30_20_05,1997,871,2318.0,2548.0
int__tai30_20_05,1997,872,2275.0,2539.0
int__tai30_20_05,1997,873,2272.0,2511.0
int__tai30_20_05,1997,874,2310.0,2612.0
int__tai30_20_05,1997,875,2197.0,2437.0
int__tai30_20_05,1997,876,2127.0,2379.0
int__tai30_20_05,1997,877,2349.0,2589.0
int__tai30_20_05,1997,878,2280.0,2589.0
int__tai30_20_05,1997,879,2246.0,2539.0
int__tai30_20_05,1997,880,2265.0,2518.0
int__tai30_20_05,1997,881,2227.0,2460.0
int__tai30_20_05,1997,882,2219.0,2464.0
int__tai30_20_05,1997,883,2293.0,2522.0
int__tai30_20_05,1997,884,2287.0,2559.0
int__tai30_20_05,1997,885,2294.0,2579.0
int__tai30_20_05,1997,886,2304.0,2569.0
int__tai30_20_05,1997,887,2263.0,2514.0
int__tai30_20_05,1997,888,2297.0,2578.0
int__tai30_20_05,1997,889,2125.0,2394.0
int__tai30_20_05,1997,890,2280.0,2579.0
int__tai30_20_05,1997,891,2187.0,2462.0
int__tai30_20_05,1997,892,2206.0,2499.0
int__tai30_20_05,1997,893,2144.0,2443.0
int__tai30_20_05,1997,894,2295.0,2560.0
int__tai30_20_05,1997,895,2279.0,2538.0
int__tai30_20_05,1997,896,2232.0,2532.0
int__tai30_20_05,1997,897,2384.0,2637.0
int__tai30_20_05,1997,898,2296.0,2571.0
int__tai30_20_05,1997,899,2269.0,2506.0
int__tai30_20_05,1997,900,2275.0,2524.0
int__tai30_20_05,1997,901,2236.0,2504.0
int__tai30_20_05,1997,902,2386.0,2674.0
int__tai30_20_05,1997,903,2279.0,2562.0
int__tai30_20_05,1997,904,2310.0,2548.0
int__tai30_20_05,1997,905,2287.0,2561.0
int__tai30_20_05,1997,906,2231.0,2471.0
int__tai30_20_05,1997,907,2340.0,2638.0
int__tai30_20_05,1997,908,2396.0,2711.0
int__tai30_20_05,1997,909,2292.0,2526.0
int__tai30_20_05,1997,910,2257.0,2535.0
int__tai30_20_05,1997,911,2295.0,2606.0
int__tai30_20_05,1997,912,2277.0,2509.0
int__tai30_20_05,1997,913,2275.0,2539.0
int__tai30_20_05,1997,914,2340.0,2586.0
int__tai30_20_05,1997,915,2245.0,2489.0
int__tai30_20_05,1997,916,2316.0,2578.0
int__tai30_20_05,1997,917,2318.0,2568.0
int__tai30_20_05,1997,918,2236.0,2500.0
int__tai30_20_05,1997,919,2274.0,2496.0
int__tai30_20_05,1997,920,2193.0,2481.0
int__tai30_20_05,1997,921,2300.0,2540.0
int__tai30_20_05,1997,922,2269.0,2489.0
int__tai30_20_05,1997,923,2259.0,2528.0
int__tai30_20_05,1997,924,2237.0,2516.0
int__tai30_20_05,1997,925,2277.0,2534.0
int__tai30_20_05,1997,926,2251.0,2524.0
int__tai30_20_05,1997,927,2229.0,2536.0
int__tai30_20_05,1997,928,2340.0,2603.0
int__tai30_20_05,1997,929,2416.0,2727.0
int__tai30_20_05,1997,930,2407.0,2713.0
int__tai30_20_05,1997,931,2353.0,2637.0
int__tai30_20_05,1997,932,2288.0,2577.0
int__tai30_20_05,1997,933,2479.0,2778.0
int__tai30_20_05,1997,934,2333.0,2589.0
int__tai30_20_05,1997,935,2326.0,2629.0
int__tai30_20_05,1997,936,2331.0,2590.0
int__tai30_20_05,1997,937,2334.0,2581.0
int__tai30_20_05,1997,938,2311.0,2608.0
int__tai30_20_05,1997,939,2348.0,2621.0
int__tai30_20_05,1997,940,2239.0,2493.0
int__tai30_20_05,1997,941,2277.0,2521.0
int__tai30_20_05,1997,942,2355.0,2619.0
int__tai30_20_05,1997,943,2226.0,2525.0
int__tai30_20_05,1997,944,2316.0,2620.0
int__tai30_20_05,1997,945,2248.0,2521.0
int__tai30_20_05,1997,946,2132.0,2371.0
int__tai30_20_05,1997,947,2340.0,2574.0
int__tai30_20_05,1997,948,2247.0,2499.0
int__tai30_20_05,1997,949,2252.0,2516.0
int__tai30_20_05,1997,950,2369.0,2630.0
int__tai30_20_05,1997,951,2289.0,2582.0
int__tai30_20_05,1997,952,2199.0,2434.0
int__tai30_20_05,1997,953,2298.0,2573.0
int__tai30_20_05,1997,954,2345.0,2573.0
int__tai30_20_05,1997,955,2273.0,2550.0
int__tai30_20_05,1997,956,2372.0,2622.0
int__tai30_20_05,1997,957,2390.0,2668.0
int__tai30_20_05,1997,958,2256.0,2529.0
int__tai30_20_05,1997,959,2347.0,2607.0
int__tai30_20_05,1997,960,2306.0,2621.0
int__tai30_20_05,1997,961,2225.0,2503.0
int__tai30_20_05,1997,962,2243.0,2537.0
int__tai30_20_05,1997,963,2327.0,2581.0
int__tai30_20_05,1997,964,2268.0,2562.0
int__tai30_20_05,1997,965,2224.0,2522.0
int__tai30_20_05,1997,966,2251.0,2511.0
int__tai30_20_05,1997,967,2419.0,2729.0
int__tai30_20_05,1997,968,2435.0,2739.0
int__tai30_20_05,1997,969,2200.0,2465.0
int__tai30_20_05,1997,970,2350.0,2596.0
int__tai30_20_05,1997,971,2372.0,2654.0
int__tai30_20_05,1997,972,2293.0,2556.0
int__tai30_20_05,1997,973,2298.0,2562.0
int__tai30_20_05,1997,974,2197.0,2482.0
int__tai30_20_05,1997,975,2326.0,2613.0
int__tai30_20_05,1997,976,2263.0,2532.0
int__tai30_20_05,1997,977,2269.0,2552.0
int__tai30_20_05,1997,978,2325.0,2585.0
int__tai30_20_05,1997,979,2320.0,2596.0
int__tai30_20_05,1997,980,2281.0,2520.0
int__tai30_20_05,1997,981,2213.0,2480.0
int__tai30_20_05,1997,982,2327.0,2612.0
int__tai30_20_05,1997,983,2180.0,2463.0
int__tai30_20_05,1997,984,2294.0,2576.0
int__tai30_20_05,1997,985,2280.0,2576.0
int__tai30_20_05,1997,986,2231.0,2504.0
int__tai30_20_05,1997,987,2231.0,2488.0
int__tai30_20_05,1997,988,2357.0,2641.0
int__tai30_20_05,1997,989,2280.0,2494.0
int__tai30_20_05,1997,990,2279.0,2539.0
int__tai30_20_05,1997,991,2255.0,2534.0
int__tai30_20_05,1997,992,2193.0,2465.0
int__tai30_20_05,1997,993,2309.0,2614.0
int__tai30_20_05,1997,994,2270.0,2520.0
int__tai30_20_05,1997,995,2388.0,2718.0
int__tai30_20_05,1997,996,2263.0,2553.0
int__tai30_20_05,1997,997,2272.0,2534.0
int__tai30_20_05,1997,998,2355.0,2632.0
int__tai30_20_05,1997,999,2208.0,2482.0
int__tai30_20_05,1997,1000,2396.0,2676.0
int__tai30_20_05,1997,1001,2276.0,2569.0
int__tai30_20_05,1997,1002,2348.0,2614.0
int__tai30_20_05,1997,1003,2237.0,2519.0
int__tai30_20_05,1997,1004,2201.0,2454.0
int__tai30_20_05,1997,1005,2327.0,2586.0
int__tai30_20_05,1997,1006,2258.0,2529.0
int__tai30_20_05,1997,1007,2300.0,2601.0
int__tai30_20_05,1997,1008,2424.0,2731.0
int__tai30_20_05,1997,1009,2324.0,2545.0
int__tai30_20_05,1997,1010,2208.0,2454.0
int__tai30_20_05,1997,1011,2224.0,2490.0
int__tai30_20_05,1997,1012,2210.0,2493.0
int__tai30_20_05,1997,1013,2257.0,2555.0
int__tai30_20_05,1997,1014,2260.0,2549.0
int__tai30_20_05,1997,1015,2262.0,2512.0
int__tai30_20_05,1997,1016,2311.0,2567.0
int__tai30_20_05,1997,1017,2294.0,2556.0
int__tai30_20_05,1997,1018,2302.0,2604.0
int__tai30_20_05,1997,1019,2326.0,2596.0
int__tai30_20_05,1997,1020,2322.0,2587.0
int__tai30_20_05,1997,1021,2342.0,2583.0
int__tai30_20_05,1997,1022,2262.0,2525.0
int__tai30_20_05,1997,1023,2281.0,2575.0
int__tai50_15_01,2760,0,3193.0,3610.0
int__tai50_15_01,2760,1,3240.0,3684.0
int__tai50_15_01,2760,2,3251.0,3697.0
int__tai50_15_01,2760,3,3277.0,3737.0
int__tai50_15_01,2760,4,3196.0,3647.0
int__tai50_15_01,2760,5,3294.0,3728.0
int__tai50_15_01,2760,6,3190.0,3630.0
int__tai50_15_01,2760,7,3189.0,3671.0
int__tai50_15_01,2760,8,3215.0,3650.0
int__tai50_15_01,2760,9,3232.0,3671.0
int__tai50_15_01,2760,10,3153.0,3594.0
int__tai50_15_01,2760,11,3221.0,3660.0
int__tai50_15_01,2760,12,3192.0,3590.0
int__tai50_15_01,2760,13,3254.0,3712.0
int__tai50_15_01,2760,14,3124.0,3531.0
int__tai50_15_01,2760,15,3229.0,3644.0
int__tai50_15_01,2760,16,3172.0,3613.0
int__tai50_15_01,2760,17,3276.0,3709.0
int__tai50_15_01,2760,18,3197.0,3651.0
int__tai50_15_01,2760,19,3126.0,3538.0
int__tai50_15_01,2760,20,3181.0,3707.0
int__tai50_15_01,2760,21,3405.0,3864.0
int__tai50_15_01,2760,22,3237.0,3683.0
int__tai50_15_01,2760,23,3216.0,3680.0
int__tai50_15_01,2760,24,3248.0,3687.0
int__tai50_15_01,2760,25,3188.0,3582.0
int__tai50_15_01,2760,26,3273.0,3685.0
int__tai50_15_01,2760,27,3203.0,3593.0
int__tai50_15_01,2760,28,3236.0,3693.0
int__tai50_15_01,2760,29,3167.0,3607.0
int__tai50_15_01,2760,30,3282.0,3700.0
int__tai50_15_01,2760,31,3140.0,3609.0
int__tai50_15_01,2760,32,3205.0,3672.0
int__tai50_15_01,2760,33,3184.0,3609.0
int__tai50_15_01,2760,34,3181.0,3623.0
int__tai50_15_01,2760,35,3179.0,3607.0
int__tai50_15_01,2760,36,3169.0,3597.0
int__tai50_15_01,2760,37,3217.0,3633.0
int__tai50_15_01,2760,38,3142.0,3559.0
int__tai50_15_01,2760,39,3210.0,3599.0
int__tai50_15_01,2760,40,3210.0,3662.0
int__tai50_15_01,2760,41,3255.0,3633.0
int__tai50_15_01,2760,42,3236.0,3717.0
int__tai50_15_01,2760,43,3137.0,3560.0
int__tai50_15_01,2760,44,3153.0,3585.0
int__tai50_15_01,2760,45,3189.0,3617.0
int__tai50_15_01,2760,46,3177.0,3618.0
int__tai50_15_01,2760,47,3212.0,3644.0
int__tai50_15_01,2760,48,3142.0,3581.0
int__tai50_15_01,2760,49,3266.0,3678.0
int__tai50_15_01,2760,50,3165.0,3603.0
int__tai50_15_01,2760,51,3250.0,3707.0
int__tai50_15_01,2760,52,3186.0,3620.0
int__tai50_15_01,2760,53,3139.0,3547.0
int__tai50_15_01,2760,54,3311.0,3741.0
int__tai50_15_01,2760,55,3215.0,3684.0
int__tai50_15_01,2760,56,3146.0,3564.0
int__tai50_15_01,2760,57,3252.0,3714.0
int__tai50_15_01,2760,58,3227.0,3689.0
int__tai50_15_01,2760,59,3170.0,3561.0
int__tai50_15_01,2760,60,3194.0,3624.0
int__tai50_15_01,2760,61,3153.0,3572.0
int__tai50_15_01,2760,62,3242.0,3675.0
int__tai50_15_01,2760,63,3142.0,3561.0
int__tai50_15_01,2760,64,3235.0,3690.0
int__tai50_15_01,2760,65,3233.0,3699.0
int__tai50_15_01,2760,66,3204.0,3617.0
int__tai50_15_01,2760,67,3209.0,3677.0
int__tai50_15_01,2760,68,3181.0,3598.0
int__tai50_15_01,2760,69,3166.0,3624.0
int__tai50_15_01,2760,70,3196.0,3665.0
int__tai50_15_01,2760,71,3218.0,3656.0
int__tai50_15_01,2760,72,3108.0,3513.0
int__tai50_15_01,2760,73,3104.0,3571.0
int__tai50_15_01,2760,74,3205.0,3668.0
int__tai50_15_01,2760,75,3330.0,3816.0
int__tai50_15_01,2760,76,3119.0,3529.0
int__tai50_15_01,2760,77,3305.0,3716.0
int__tai50_15_01,2760,78,3252.0,3700.0
int__tai50_15_01,2760,79,3189.0,3612.0
int__tai50_15_01,2760,80,3207.0,3632.0
int__tai50_15_01,2760,81,3197.0,3651.0
int__tai50_15_01,2760,82,3165.0,3539.0
int__tai50_15_01,2760,83,3107.0,3545.0
int__tai50_15_01,2760,84,3176.0,3644.0
int__tai50_15_01,2760,85,3194.0,3612.0
int__tai50_15_01,2760,86,3219.0,3701.0
int__tai50_15_01,2760,87,3117.0,3532.0
int__tai50_15_01,2760,88,3201.0,3570.0
int__tai50_15_01,2760,89,3096.0,3539.0
int__tai50_15_01,2760,90,3118.0,3560.0
int__tai50_15_01,2760,91,3166.0,3590.0
int__tai50_15_01,2760,92,3139.0,3550.0
int__tai50_15_01,2760,93,3153.0,3613.0
int__tai50_15_01,2760,94,3091.0,3517.0
int__tai50_15_01,2760,95,3202.0,3648.0
int__tai50_15_01,2760,96,3221.0,3622.0
int__tai50_15_01,2760,97,3225.0,3661.0
int__tai50_15_01,2760,98,3144.0,3556.0
int__tai50_15_01,2760,99,3134.0,3536.0
int__tai50_15_01,2760,100,3249.0,3649.0
int__tai50_15_01,2760,101,3264.0,3676.0
int__tai50_15_01,2760,102,3230.0,3680.0
int__tai50_15_01,2760,103,3251.0,3743.0
int__tai50_15_01,2760,104,3254.0,3664.0
int__tai50_15_01,2760,105,3154.0,3579.0
int__tai50_15_01,2760,106,3264.0,3741.0
int__tai50_15_01,2760,107,3228.0,3631.0
int__tai50_15_01,2760,108,3194.0,3601.0
int__tai50_15_01,2760,109,3208.0,3627.0
int__tai50_15_01,2760,110,3284.0,3699.0
int__tai50_15_01,2760,111,3233.0,3657.0
int__tai50_15_01,2760,112,3180.0,3607.0
int__tai50_15_01,2760,113,3248.0,3671.0
int__tai50_15_01,2760,114,3180.0,3622.0
int__tai50_15_01,2760,115,3111.0,3546.0
int__tai50_15_01,2760,116,3176.0,3588.0
int__tai50_15_01,2760,117,3172.0,3600.0
int__tai50_15_01,2760,118,3165.0,3558.0
int__tai50_15_01,2760,119,3242.0,3708.0
int__tai50_15_01,2760,120,3254.0,3690.0
int__tai50_15_01,2760,121,3122.0,3601.0
int__tai50_15_01,2760,122,3089.0,3542.0
int__tai50_15_01,2760,123,3184.0,3612.0
int__tai50_15_01,2760,124,3185.0,3641.0
int__tai50_15_01,2760,125,3415.0,3895.0
int__tai50_15_01,2760,126,3194.0,3612.0
int__tai50_15_01,2760,127,3272.0,3673.0
int__tai50_15_01,2760,128,3231.0,3652.0
int__tai50_15_01,2760,129,3228.0,3634.0
int__tai50_15_01,2760,130,3266.0,3722.0
int__tai50_15_01,2760,131,3272.0,3763.0
int__tai50_15_01,2760,132,3338.0,3809.0
int__tai50_15_01,2760,133,3169.0,3612.0
int__tai50_15_01,2760,134,3245.0,3687.0
int__tai50_15_01,2760,135,3135.0,3552.0
int__tai50_15_01,2760,136,3173.0,3629.0
int__tai50_15_01,2760,137,3210.0,3644.0
int__tai50_15_01,2760,138,3245.0,3651.0
int__tai50_15_01,2760,139,3294.0,3760.0
int__tai50_15_01,2760,140,3270.0,3715.0
int__tai50_15_01,2760,141,3175.0,3574.0
int__tai50_15_01,2760,142,3332.0,3760.0
int__tai50_15_01,2760,143,3219.0,3671.0
int__tai50_15_01,2760,144,3141.0,3540.0
int__tai50_15_01,2760,145,3181.0,3619.0
int__tai50_15_01,2760,146,3339.0,3818.0
int__tai50_15_01,2760,147,3137.0,3536.0
int__tai50_15_01,2760,148,3268.0,3731.0
int__tai50_15_01,2760,149,3206.0,3692.0
int__tai50_15_01,2760,150,3195.0,3623.0
int__tai50_15_01,2760,151,3294.0,3717.0
int__tai50_15_01,2760,152,3236.0,3668.0
int__tai50_15_01,2760,153,3211.0,3593.0
int__tai50_15_01,2760,154,3243.0,3655.0
int__tai50_15_01,2760,155,3098.0,3575.0
int__tai50_15_01,2760,156,3229.0,3694.0
int__tai50_15_01,2760,157,3222.0,3622.0
int__tai50_15_01,2760,158,3306.0,3752.0
int__tai50_15_01,2760,159,3245.0,3683.0
int__tai50_15_01,2760,160,3087.0,3569.0
int__tai50_15_01,2760,161,3149.0,3525.0
int__tai50_15_01,2760,162,3205.0,3653.0
int__tai50_15_01,2760,163,3119.0,3535.0
int__tai50_15_01,2760,164,3252.0,3700.0
int__tai50_15_01,2760,165,3173.0,3640.0
int__tai50_15_01,2760,166,3211.0,3665.0
int__tai50_15_01,2760,167,3211.0,3621.0
int__tai50_15_01,2760,168,3188.0,3631.0
int__tai50_15_01,2760,169,3082.0,3511.0
int__tai50_15_01,2760,170,3152.0,3561.0
int__tai50_15_01,2760,171,3172.0,3574.0
int__tai50_15_01,2760,172,3215.0,3632.0
int__tai50_15_01,2760,173,3157.0,3585.0
int__tai50_15_01,2760,174,3236.0,3629.0
int__tai50_15_01,2760,175,3115.0,3559.0
int__tai50_15_01,2760,176,3206.0,3616.0
int__tai50_15_01,2760,177,3157.0,3574.0
int__tai50_15_01,2760,178,3190.0,3677.0
int__tai50_15_01,2760,179,3255.0,3650.0
int__tai50_15_01,2760,180,3193.0,3648.0
int__tai50_15_01,2760,181,3292.0,3718.0
int__tai50_15_01,2760,182,3285.0,3694.0
int__tai50_15_01,2760,183,3176.0,3589.0
int__tai50_15_01,2760,184,3222.0,3664.0
int__tai50_15_01,2760,185,3239.0,3669.0
int__tai50_15_01,2760,186,3217.0,3711.0
int__tai50_15_01,2760,187,3210.0,3664.0
int__tai50_15_01,2760,188,3230.0,3681.0
int__tai50_15_01,2760,189,3150.0,3573.0
int__tai50_15_01,2760,190,3201.0,3656.0
int__tai50_15_01,2760,191,3258.0,3691.0
int__tai50_15_01,2760,192,3267.0,3762.0
int__tai50_15_01,2760,193,3229.0,3664.0
int__tai50_15_01,2760,194,3162.0,3602.0
int__tai50_15_01,2760,195,3231.0,3675.0
int__tai50_15_01,2760,196,3263.0,3695.0
int__tai50_15_01,2760,197,3221.0,3672.0
int__tai50_15_01,2760,198,3193.0,3633.0
int__tai50_15_01,2760,199,3160.0,3589.0
int__tai50_15_01,2760,200,3228.0,3668.0
int__tai50_15_01,2760,201,3209.0,3656.0
int__tai50_15_01,2760,202,3198.0,3643.0
int__tai50_15_01,2760,203,3273.0,3720.0
int__tai50_15_01,2760,204,3113.0,3540.0
int__tai50_15_01,2760,205,3223.0,3642.0
int__tai50_15_01,2760,206,3235.0,3681.0
int__tai50_15_01,2760,207,3322.0,3786.0
int__tai50_15_01,2760,208,3291.0,3732.0
int__tai50_15_01,2760,209,3259.0,3725.0
int__tai50_15_01,2760,210,3143.0,3605.0
int__tai50_15_01,2760,211,3121.0,3545.0
int__tai50_15_01,2760,212,3094.0,3537.0
int__tai50_15_01,2760,213,3197.0,3643.0
int__tai50_15_01,2760,214,3162.0,3581.0
int__tai50_15_01,2760,215,3206.0,3661.0
int__tai50_15_01,2760,216,3269.0,3682.0
int__tai50_15_01,2760,217,3205.0,3692.0
int__tai50_15_01,2760,218,3218.0,3615.0
int__tai50_15_01,2760,219,3097.0,3514.0
int__tai50_15_01,2760,220,3142.0,3527.0
int__tai50_15_01,2760,221,3233.0,3644.0
int__tai50_15_01,2760,222,3205.0,3632.0
int__tai50_15_01,2760,223,3236.0,3662.0
int__tai50_15_01,2760,224,3154.0,3582.0
int__tai50_15_01,2760,225,3177.0,3622.0
int__tai50_15_01,2760,226,3232.0,3645.0
int__tai50_15_01,2760,227,3347.0,3814.0
int__tai50_15_01,2760,228,3277.0,3701.0
int__tai50_15_01,2760,229,3088.0,3573.0
int__tai50_15_01,2760,230,3181.0,3647.0
int__tai50_15_01,2760,231,3216.0,3691.0
int__tai50_15_01,2760,232,3268.0,3706.0
int__tai50_15_01,2760,233,3247.0,3700.0
int__tai50_15_01,2760,234,3309.0,3743.0
int__tai50_15_01,2760,235,3223.0,3646.0
int__tai50_15_01,2760,236,3222.0,3646.0
int__tai50_15_01,2760,237,3117.0,3521.0
int__tai50_15_01,2760,238,3143.0,3579.0
int__tai50_15_01,2760,239,3185.0,3595.0
int__tai50_15_01,2760,240,3159.0,3558.0
int__tai50_15_01,2760,241,3272.0,3662.0
int__tai50_15_01,2760,242,3098.0,3559.0
int__tai50_15_01,2760,243,3250.0,3702.0
int__tai50_15_01,2760,244,3202.0,3626.0
int__tai50_15_01,2760,245,3217.0,3637.0
int__tai50_15_01,2760,246,3164.0,3578.0
int__tai50_15_01,2760,247,3186.0,3607.0
int__tai50_15_01,2760,248,3100.0,3506.0
int__tai50_15_01,2760,249,3163.0,3588.0
int__tai50_15_01,2760,250,3210.0,3640.0
int__tai50_15_01,2760,251,3201.0,3626.0
int__tai50_15_01,2760,252,3290.0,3690.0
int__tai50_15_01,2760,253,3349.0,3791.0
int__tai50_15_01,2760,254,3284.0,3693.0
int__tai50_15_01,2760,255,3070.0,3505.0
int__tai50_15_01,2760,256,3206.0,3635.0
int__tai50_15_01,2760,257,3197.0,3595.0
int__tai50_15_01,2760,258,3335.0,3776.0
int__tai50_15_01,2760,259,3248.0,3683.0
int__tai50_15_01,2760,260,3256.0,3665.0
int__tai50_15_01,2760,261,3236.0,3660.0
int__tai50_15_01,2760,262,3254.0,3699.0
int__tai50_15_01,2760,263,3179.0,3604.0
int__tai50_15_01,2760,264,3168.0,3630.0
int__tai50_15_01,2760,265,3190.0,3591.0
int__tai50_15_01,2760,266,3314.0,3725.0
int__tai50_15_01,2760,267,3178.0,3596.0
int__tai50_15_01,2760,268,3136.0,3534.0
int__tai50_15_01,2760,269,3130.0,3566.0
int__tai50_15_01,2760,270,3259.0,3708.0
int__tai50_15_01,2760,271,3161.0,3608.0
int__tai50_15_01,2760,272,3206.0,3611.0
int__tai50_15_01,2760,273,3188.0,3621.0
int__tai50_15_01,2760,274,3305.0,3710.0
int__tai50_15_01,2760,275,3199.0,3635.0
int__tai50_15_01,2760,276,3193.0,3616.0
int__tai50_15_01,2760,277,3285.0,3729.0
int__tai50_15_01,2760,278,3285.0,3700.0
int__tai50_15_01,2760,279,3148.0,3604.0
int__tai50_15_01,2760,280,3227.0,3657.0
int__tai50_15_01,2760,281,3289.0,3783.0
int__tai50_15_01,2760,282,3252.0,3679.0
int__tai50_15_01,2760,283,3301.0,3752.0
int__tai50_15_01,2760,284,3301.0,3728.0
int__tai50_15_01,2760,285,3203.0,3606.0
int__tai50_15_01,2760,286,3290.0,3742.0
int__tai50_15_01,2760,287,3158.0,3650.0
int__tai50_15_01,2760,288,3158.0,3543.0
int__tai50_15_01,2760,289,3240.0,3640.0
int__tai50_15_01,2760,290,3215.0,3710.0
int__tai50_15_01,2760,291,3169.0,3588.0
int__tai50_15_01,2760,292,3171.0,3580.0
int__tai50_15_01,2760,293,3084.0,3499.0
int__tai50_15_01,2760,294,3160.0,3616.0
int__tai50_15_01,2760,295,3237.0,3684.0
int__tai50_15_01,2760,296,3141.0,3525.0
int__tai50_15_01,2760,297,3173.0,3646.0
int__tai50_15_01,2760,298,3168.0,3630.0
int__tai50_15_01,2760,299,3200.0,3619.0
int__tai50_15_01,2760,300,3250.0,3672.0
int__tai50_15_01,2760,301,3146.0,3582.0
int__tai50_15_01,2760,302,3040.0,3479.0
int__tai50_15_01,2760,303,3252.0,3715.0
int__tai50_15_01,2760,304,3227.0,3624.0
int__tai50_15_01,2760,305,3138.0,3567.0
int__tai50_15_01,2760,306,3265.0,3676.0
int__tai50_15_01,2760,307,3289.0,3730.0
int__tai50_15_01,2760,308,3112.0,3557.0
int__tai50_15_01,2760,309,3189.0,3572.0
int__tai50_15_01,2760,310,3152.0,3624.0
int__tai50_15_01,2760,311,3356.0,3817.0
int__tai50_15_01,2760,312,3289.0,3685.0
int__tai50_15_01,2760,313,3126.0,3521.0
int__tai50_15_01,2760,314,3218.0,3696.0
int__tai50_15_01,2760,315,3314.0,3728.0
int__tai50_15_01,2760,316,3296.0,3691.0
int__tai50_15_01,2760,317,3207.0,3636.0
int__tai50_15_01,2760,318,3242.0,3660.0
int__tai50_15_01,2760,319,3250.0,3700.0
int__tai50_15_01,2760,320,3245.0,3660.0
int__tai50_15_01,2760,321,3222.0,3689.0
int__tai50_15_01,2760,322,3289.0,3708.0
int__tai50_15_01,2760,323,3114.0,3530.0
int__tai50_15_01,2760,324,3237.0,3676.0
int__tai50_15_01,2760,325,3165.0,3518.0
int__tai50_15_01,2760,326,3222.0,3686.0
int__tai50_15_01,2760,327,3103.0,3484.0
int__tai50_15_01,2760,328,3223.0,3706.0
int__tai50_15_01,2760,329,3212.0,3620.0
int__tai50_15_01,2760,330,3207.0,3638.0
int__tai50_15_01,2760,331,3306.0,3731.0
int__tai50_15_01,2760,332,3136.0,3604.0
int__tai50_15_01,2760,333,3127.0,3576.0
int__tai50_15_01,2760,334,3241.0,3679.0
int__tai50_15_01,2760,335,3261.0,3719.0
int__tai50_15_01,2760,336,3268.0,3696.0
int__tai50_15_01,2760,337,3291.0,3726.0
int__tai50_15_01,2760,338,3139.0,3592.0
int__tai50_15_01,2760,339,3137.0,3578.0
int__tai50_15_01,2760,340,3189.0,3618.0
int__tai50_15_01,2760,341,3200.0,3611.0
int__tai50_15_01,2760,342,3208.0,3676.0
int__tai50_15_01,2760,343,3330.0,3769.0
int__tai50_15_01,2760,344,3213.0,3677.0
int__tai50_15_01,2760,345,3210.0,3628.0
int__tai50_15_01,2760,346,3107.0,3521.0
int__tai50_15_01,2760,347,3210.0,3618.0
int__tai50_15_01,2760,348,3331.0,3732.0
int__tai50_15_01,2760,349,3144.0,3571.0
int__tai50_15_01,2760,350,3189.0,3588.0
int__tai50_15_01,2760,351,3163.0,3606.0
int__tai50_15_01,2760,352,3208.0,3609.0
int__tai50_15_01,2760,353,3209.0,3624.0
int__tai50_15_01,2760,354,3226.0,3651.0
int__tai50_15_01,2760,355,3224.0,3628.0
int__tai50_15_01,2760,356,3165.0,3562.0
int__tai50_15_01,2760,357,3156.0,3553.0
int__tai50_15_01,2760,358,3191.0,3602.0
int__tai50_15_01,2760,359,3233.0,3723.0
int__tai50_15_01,2760,360,3140.0,3521.0
int__tai50_15_01,2760,361,3269.0,3718.0
int__tai50_15_01,2760,362,3223.0,3665.0
int__tai50_15_01,2760,363,3195.0,3677.0
int__tai50_15_01,2760,364,3214.0,3623.0
int__tai50_15_01,2760,365,3195.0,3628.0
int__tai50_15_01,2760,366,3180.0,3600.0
int__tai50_15_01,2760,367,3284.0,3747.0
int__tai50_15_01,2760,368,3099.0,3500.0
int__tai50_15_01,2760,369,3171.0,3618.0
int__tai50_15_01,2760,370,3259.0,3660.0
int__tai50_15_01,2760,371,3240.0,3658.0
int__tai50_15_01,2760,372,3284.0,3712.0
int__tai50_15_01,2760,373,3274.0,3705.0
int__tai50_15_01,2760,374,3233.0,3731.0
int__tai50_15_01,2760,375,3208.0,3656.0
int__tai50_15_01,2760,376,3168.0,3614.0
int__tai50_15_01,2760,377,3152.0,3595.0
int__tai50_15_01,2760,378,3234.0,3682.0
int__tai50_15_01,2760,379,3165.0,3604.0
int__tai50_15_01,2760,380,3204.0,3643.0
int__tai50_15_01,2760,381,3246.0,3718.0
int__tai50_15_01,2760,382,3145.0,3582.0
int__tai50_15_01,2760,383,3178.0,3626.0
int__tai50_15_01,2760,384,3247.0,3713.0
int__tai50_15_01,2760,385,3280.0,3728.0
int__tai50_15_01,2760,386,3225.0,3677.0
int__tai50_15_01,2760,387,3109.0,3507.0
int__tai50_15_01,2760,388,3132.0,3536.0
int__tai50_15_01,2760,389,3192.0,3621.0
int__tai50_15_01,2760,390,3149.0,3630.0
int__tai50_15_01,2760,391,3196.0,3592.0
int__tai50_15_01,2760,392,3371.0,3807.0
int__tai50_15_01,2760,393,3257.0,3698.0
int__tai50_15_01,2760,394,3170.0,3636.0
int__tai50_15_01,2760,395,3236.0,3666.0
int__tai50_15_01,2760,396,3260.0,3679.0
int__tai50_15_01,2760,397,3167.0,3630.0
int__tai50_15_01,2760,398,3238.0,3661.0
int__tai50_15_01,2760,399,3193.0,3624.0
int__tai50_15_01,2760,400,3166.0,3558.0
int__tai50_15_01,2760,401,3173.0,3621.0
int__tai50_15_01,2760,402,3236.0,3676.0
int__tai50_15_01,2760,403,3049.0,3488.0
int__tai50_15_01,2760,404,3306.0,3758.0
int__tai50_15_01,2760,405,3203.0,3616.0
int__tai50_15_01,2760,406,3130.0,3532.0
int__tai50_15_01,2760,407,3194.0,3654.0
int__tai50_15_01,2760,408,3167.0,3598.0
int__tai50_15_01,2760,409,3198.0,3614.0
int__tai50_15_01,2760,410,3202.0,3649.0
int__tai50_15_01,2760,411,3077.0,3499.0
int__tai50_15_01,2760,412,3184.0,3605.0
int__tai50_15_01,2760,413,3229.0,3658.0
int__tai50_15_01,2760,414,3151.0,3637.0
int__tai50_15_01,2760,415,3261.0,3682.0
int__tai50_15_01,2760,416,3275.0,3722.0
int__tai50_15_01,2760,417,3169.0,3625.0
int__tai50_15_01,2760,418,3204.0,3656.0
int__tai50_15_01,2760,419,3167.0,3617.0
int__tai50_15_01,2760,420,3192.0,3629.0
int__tai50_15_01,2760,421,3202.0,3636.0
int__tai50_15_01,2760,422,3228.0,3644.0
int__tai50_15_01,2760,423,3170.0,3605.0
int__tai50_15_01,2760,424,3273.0,3690.0
int__tai50_15_01,2760,425,3324.0,3753.0
int__tai50_15_01,2760,426,3289.0,3755.0
int__tai50_15_01,2760,427,3246.0,3623.0
int__tai50_15_01,2760,428,3202.0,3636.0
int__tai50_15_01,2760,429,3204.0,3645.0
int__tai50_15_01,2760,430,3162.0,3593.0
int__tai50_15_01,2760,431,3220.0,3642.0
int__tai50_15_01,2760,432,3325.0,3758.0
int__tai50_15_01,2760,433,3183.0,3610.0
int__tai50_15_01,2760,434,3184.0,3565.0
int__tai50_15_01,2760,435,3263.0,3706.0
int__tai50_15_01,2760,436,3109.0,3539.0
int__tai50_15_01,2760,437,3116.0,3567.0
int__tai50_15_01,2760,438,3266.0,3682.0
int__tai50_15_01,2760,439,3245.0,3654.0
int__tai50_15_01,2760,440,3233.0,3682.0
int__tai50_15_01,2760,441,3232.0,3658.0
int__tai50_15_01,2760,442,3219.0,3657.0
int__tai50_15_01,2760,443,3229.0,3660.0
int__tai50_15_01,2760,444,3199.0,3639.0
int__tai50_15_01,2760,445,3282.0,3731.0
int__tai50_15_01,2760,446,3243.0,3691.0
int__tai50_15_01,2760,447,3146.0,3522.0
int__tai50_15_01,2760,448,3195.0,3616.0
int__tai50_15_01,2760,449,3166.0,3627.0
int__tai50_15_01,2760,450,3168.0,3637.0
int__tai50_15_01,2760,451,3197.0,3661.0
int__tai50_15_01,2760,452,3281.0,3724.0
int__tai50_15_01,2760,453,3185.0,3610.0
int__tai50_15_01,2760,454,3230.0,3676.0
int__tai50_15_01,2760,455,3169.0,3624.0
int__tai50_15_01,2760,456,3244.0,3657.0
int__tai50_15_01,2760,457,3225.0,3661.0
int__tai50_15_01,2760,458,3208.0,3615.0
int__tai50_15_01,2760,459,3228.0,3615.0
int__tai50_15_01,2760,460,3180.0,3618.0
int__tai50_15_01,2760,461,3163.0,3610.0
int__tai50_15_01,2760,462,3232.0,3638.0
int__tai50_15_01,2760,463,3172.0,3577.0
int__tai50_15_01,2760,464,3191.0,3649.0
int__tai50_15_01,2760,465,3204.0,3660.0
int__tai50_15_01,2760,466,3166.0,3594.0
int__tai50_15_01,2760,467,3219.0,3625.0
int__tai50_15_01,2760,468,3113.0,3588.0
int__tai50_15_01,2760,469,3183.0,3627.0
int__tai50_15_01,2760,470,3279.0,3694.0
int__tai50_15_01,2760,471,3337.0,3780.0
int__tai50_15_01,2760,472,3216.0,3644.0
int__tai50_15_01,2760,473,3202.0,3610.0
int__tai50_15_01,2760,474,3146.0,3576.0
int__tai50_15_01,2760,475,3174.0,3582.0
int__tai50_15_01,2760,476,3172.0,3592.0
int__tai50_15_01,2760,477,3205.0,3637.0
int__tai50_15_01,2760,478,3164.0,3616.0
int__tai50_15_01,2760,479,3158.0,3618.0
int__tai50_15_01,2760,480,3237.0,3642.0
int__tai50_15_01,2760,481,3167.0,3619.0
int__tai50_15_01,2760,482,3283.0,3737.0
int__tai50_15_01,2760,483,3299.0,3745.0
int__tai50_15_01,2760,484,3227.0,3658.0
int__tai50_15_01,2760,485,3325.0,3766.0
int__tai50_15_01,2760,486,3226.0,3638.0
int__tai50_15_01,2760,487,3179.0,3613.0
int__tai50_15_01,2760,488,3206.0,3674.0
int__tai50_15_01,2760,489,3221.0,3673.0
int__tai50_15_01,2760,490,3145.0,3553.0
int__tai50_15_01,2760,491,3197.0,3637.0
int__tai50_15_01,2760,492,3167.0,3647.0
int__tai50_15_01,2760,493,3192.0,3584.0
int__tai50_15_01,2760,494,3259.0,3724.0
int__tai50_15_01,2760,495,3213.0,3633.0
int__tai50_15_01,2760,496,3144.0,3552.0
int__tai50_15_01,2760,497,3208.0,3629.0
int__tai50_15_01,2760,498,3176.0,3597.0
int__tai50_15_01,2760,499,3201.0,3647.0
int__tai50_15_01,2760,500,3295.0,3735.0
int__tai50_15_01,2760,501,3249.0,3697.0
int__tai50_15_01,2760,502,3139.0,3583.0
int__tai50_15_01,2760,503,3281.0,3763.0
int__tai50_15_01,2760,504,3188.0,3651.0
int__tai50_15_01,2760,505,3177.0,3629.0
int__tai50_15_01,2760,506,3196.0,3617.0
int__tai50_15_01,2760,507,3305.0,3761.0
int__tai50_15_01,2760,508,3115.0,3532.0
int__tai50_15_01,2760,509,3214.0,3644.0
int__tai50_15_01,2760,510,3236.0,3707.0
int__tai50_15_01,2760,511,3179.0,3620.0
int__tai50_15_01,2760,512,3194.0,3602.0
int__tai50_15_01,2760,513,3092.0,3543.0
int__tai50_15_01,2760,514,3228.0,3633.0
int__tai50_15_01,2760,515,3152.0,3561.0
int__tai50_15_01,2760,516,3329.0,3747.0
int__tai50_15_01,2760,517,3208.0,3620.0
int__tai50_15_01,2760,518,3229.0,3656.0
int__tai50_15_01,2760,519,3201.0,3661.0
int__tai50_15_01,2760,520,3195.0,3610.0
int__tai50_15_01,2760,521,3232.0,3708.0
int__tai50_15_01,2760,522,3139.0,3614.0
int__tai50_15_01,2760,523,3154.0,3573.0
int__tai50_15_01,2760,524,3202.0,3653.0
int__tai50_15_01,2760,525,3180.0,3627.0
int__tai50_15_01,2760,526,3317.0,3734.0
int__tai50_15_01,2760,527,3287.0,3690.0
int__tai50_15_01,2760,528,3105.0,3532.0
int__tai50_15_01,2760,529,3257.0,3727.0
int__tai50_15_01,2760,530,3181.0,3622.0
int__tai50_15_01,2760,531,3298.0,3782.0
int__tai50_15_01,2760,532,3274.0,3720.0
int__tai50_15_01,2760,533,3157.0,3568.0
int__tai50_15_01,2760,534,3248.0,3678.0
int__tai50_15_01,2760,535,3274.0,3707.0
int__tai50_15_01,2760,536,3195.0,3665.0
int__tai50_15_01,2760,537,3229.0,3680.0
int__tai50_15_01,2760,538,3217.0,3616.0
int__tai50_15_01,2760,539,3197.0,3613.0
int__tai50_15_01,2760,540,3183.0,3598.0
int__tai50_15_01,2760,541,3191.0,3650.0
int__tai50_15_01,2760,542,3209.0,3664.0
int__tai50_15_01,2760,543,3234.0,3687.0
int__tai50_15_01,2760,544,3090.0,3512.0
int__tai50_15_01,2760,545,3197.0,3666.0
int__tai50_15_01,2760,546,3174.0,3616.0
int__tai50_15_01,2760,547,3201.0,3640.0
int__tai50_15_01,2760,548,3213.0,3628.0
int__tai50_15_01,2760,549,3112.0,3566.0
int__tai50_15_01,2760,550,3223.0,3640.0
int__tai50_15_01,2760,551,3165.0,3596.0
int__tai50_15_01,2760,552,3175.0,3601.0
int__tai50_15_01,2760,553,3149.0,3576.0
int__tai50_15_01,2760,554,3241.0,3647.0
int__tai50_15_01,2760,555,3293.0,3782.0
int__tai50_15_01,2760,556,3119.0,3533.0
int__tai50_15_01,2760,557,3273.0,3706.0
int__tai50_15_01,2760,558,3194.0,3606.0
int__tai50_15_01,2760,559,3178.0,3611.0
int__tai50_15_01,2760,560,3256.0,3708.0
int__tai50_15_01,2760,561,3177.0,3616.0
int__tai50_15_01,2760,562,3184.0,3649.0
int__tai50_15_01,2760,563,3232.0,3617.0
int__tai50_15_01,2760,564,3151.0,3553.0
int__tai50_15_01,2760,565,3078.0,3546.0
int__tai50_15_01,2760,566,3148.0,3568.0
int__tai50_15_01,2760,567,3186.0,3648.0
int__tai50_15_01,2760,568,3105.0,3541.0
int__tai50_15_01,2760,569,3149.0,3579.0
int__tai50_15_01,2760,570,3159.0,3560.0
int__tai50_15_01,2760,571,3246.0,3648.0
int__tai50_15_01,2760,572,3252.0,3679.0
int__tai50_15_01,2760,573,3133.0,3549.0
int__tai50_15_01,2760,574,3159.0,3599.0
int__tai50_15_01,2760,575,3181.0,3657.0
int__tai50_15_01,2760,576,3087.0,3516.0
int__tai50_15_01,2760,577,3164.0,3595.0
int__tai50_15_01,2760,578,3227.0,3690.0
int__tai50_15_01,2760,579,3106.0,3507.0
int__tai50_15_01,2760,580,3166.0,3548.0
int__tai50_15_01,2760,581,3143.0,3597.0
int__tai50_15_01,2760,582,3193.0,3600.0
int__tai50_15_01,2760,583,3239.0,3693.0
int__tai50_15_01,2760,584,3282.0,3742.0
int__tai50_15_01,2760,585,3124.0,3552.0
int__tai50_15_01,2760,586,3153.0,3553.0
int__tai50_15_01,2760,587,3342.0,3814.0
int__tai50_15_01,2760,588,3198.0,3624.0
int__tai50_15_01,2760,589,3163.0,3620.0
int__tai50_15_01,2760,590,3301.0,3711.0
int__tai50_15_01,2760,591,3129.0,3573.0
int__tai50_15_01,2760,592,3159.0,3597.0
int__tai50_15_01,2760,593,3222.0,3666.0
int__tai50_15_01,2760,594,3138.0,3562.0
int__tai50_15_01,2760,595,3229.0,3648.0
int__tai50_15_01,2760,596,3294.0,3715.0
int__tai50_15_01,2760,597,3258.0,3666.0
int__tai50_15_01,2760,598,3252.0,3767.0
int__tai50_15_01,2760,599,3165.0,3624.0
int__tai50_15_01,2760,600,3166.0,3608.0
int__tai50_15_01,2760,601,3163.0,3604.0
int__tai50_15_01,2760,602,3220.0,3674.0
int__tai50_15_01,2760,603,3119.0,3549.0
int__tai50_15_01,2760,604,3278.0,3725.0
int__tai50_15_01,2760,605,3252.0,3716.0
int__tai50_15_01,2760,606,3173.0,3587.0
int__tai50_15_01,2760,607,3205.0,3625.0
int__tai50_15_01,2760,608,3188.0,3626.0
int__tai50_15_01,2760,609,3157.0,3616.0
int__tai50_15_01,2760,610,3116.0,3554.0
int__tai50_15_01,2760,611,3217.0,3638.0
int__tai50_15_01,2760,612,3167.0,3571.0
int__tai50_15_01,2760,613,3150.0,3572.0
int__tai50_15_01,2760,614,3184.0,3617.0
int__tai50_15_01,2760,615,3143.0,3578.0
int__tai50_15_01,2760,616,3176.0,3618.0
int__tai50_15_01,2760,617,3149.0,3573.0
int__tai50_15_01,2760,618,3151.0,3537.0
int__tai50_15_01,2760,619,3141.0,3559.0
int__tai50_15_01,2760,620,3271.0,3685.0
int__tai50_15_01,2760,621,3201.0,3609.0
int__tai50_15_01,2760,622,3222.0,3650.0
int__tai50_15_01,2760,623,3191.0,3629.0
int__tai50_15_01,2760,624,3284.0,3708.0
int__tai50_15_01,2760,625,3197.0,3639.0
int__tai50_15_01,2760,626,3105.0,3526.0
int__tai50_15_01,2760,627,3093.0,3503.0
int__tai50_15_01,2760,628,3252.0,3727.0
int__tai50_15_01,2760,629,3219.0,3663.0
int__tai50_15_01,2760,630,3148.0,3591.0
int__tai50_15_01,2760,631,3232.0,3680.0
int__tai50_15_01,2760,632,3162.0,3545.0
int__tai50_15_01,2760,633,3231.0,3685.0
int__tai50_15_01,2760,634,3197.0,3616.0
int__tai50_15_01,2760,635,3212.0,3637.0
int__tai50_15_01,2760,636,3215.0,3639.0
int__tai50_15_01,2760,637,3134.0,3571.0
int__tai50_15_01,2760,638,3088.0,3531.0
int__tai50_15_01,2760,639,3319.0,3726.0
int__tai50_15_01,2760,640,3235.0,3684.0
int__tai50_15_01,2760,641,3197.0,3617.0
int__tai50_15_01,2760,642,3345.0,3763.0
int__tai50_15_01,2760,643,3200.0,3657.0
int__tai50_15_01,2760,644,3191.0,3614.0
int__tai50_15_01,2760,645,3185.0,3639.0
int__tai50_15_01,2760,646,3309.0,3723.0
int__tai50_15_01,2760,647,3197.0,3600.0
int__tai50_15_01,2760,648,3286.0,3733.0
int__tai50_15_01,2760,649,3239.0,3694.0
int__tai50_15_01,2760,650,3128.0,3546.0
int__tai50_15_01,2760,651,3258.0,3682.0
int__tai50_15_01,2760,652,3130.0,3584.0
int__tai50_15_01,2760,653,3206.0,3652.0
int__tai50_15_01,2760,654,3186.0,3608.0
int__tai50_15_01,2760,655,3137.0,3569.0
int__tai50_15_01,2760,656,3195.0,3613.0
int__tai50_15_01,2760,657,3175.0,3639.0
int__tai50_15_01,2760,658,3147.0,3586.0
int__tai50_15_01,2760,659,3273.0,3707.0
int__tai50_15_01,2760,660,3144.0,3543.0
int__tai50_15_01,2760,661,3182.0,3617.0
int__tai50_15_01,2760,662,3134.0,3565.0
int__tai50_15_01,2760,663,3229.0,3672.0
int__tai50_15_01,2760,664,3257.0,3683.0
int__tai50_15_01,2760,665,3151.0,3649.0
int__tai50_15_01,2760,666,3245.0,3684.0
int__tai50_15_01,2760,667,3152.0,3561.0
int__tai50_15_01,2760,668,3147.0,3595.0
int__tai50_15_01,2760,669,3271.0,3704.0
int__tai50_15_01,2760,670,3164.0,3598.0
int__tai50_15_01,2760,671,3217.0,3631.0
int__tai50_15_01,2760,672,3199.0,3596.0
int__tai50_15_01,2760,673,3129.0,3583.0
int__tai50_15_01,2760,674,3160.0,3601.0
int__tai50_15_01,2760,675,3242.0,3633.0
int__tai50_15_01,2760,676,3083.0,3549.0
int__tai50_15_01,2760,677,3236.0,3691.0
int__tai50_15_01,2760,678,3253.0,3737.0
int__tai50_15_01,2760,679,3207.0,3645.0
int__tai50_15_01,2760,680,3130.0,3533.0
int__tai50_15_01,2760,681,3166.0,3627.0
int__tai50_15_01,2760,682,3179.0,3623.0
int__tai50_15_01,2760,683,3183.0,3587.0
int__tai50_15_01,2760,684,3208.0,3665.0
int__tai50_15_01,2760,685,3195.0,3583.0
int__tai50_15_01,2760,686,3173.0,3602.0
int__tai50_15_01,2760,687,3136.0,3576.0
int__tai50_15_01,2760,688,3336.0,3732.0
int__tai50_15_01,2760,689,3092.0,3535.0
int__tai50_15_01,2760,690,3217.0,3655.0
int__tai50_15_01,2760,691,3183.0,3625.0
int__tai50_15_01,2760,692,3208.0,3641.0
int__tai50_15_01,2760,693,3268.0,3717.0
int__tai50_15_01,2760,694,3175.0,3605.0
int__tai50_15_01,2760,695,3269.0,3716.0
int__tai50_15_01,2760,696,3168.0,3617.0
int__tai50_15_01,2760,697,3175.0,3538.0
int__tai50_15_01,2760,698,3336.0,3771.0
int__tai50_15_01,2760,699,3263.0,3701.0
int__tai50_15_01,2760,700,3273.0,3700.0
int__tai50_15_01,2760,701,3230.0,3641.0
int__tai50_15_01,2760,702,3094.0,3550.0
int__tai50_15_01,2760,703,3114.0,3552.0
int__tai50_15_01,2760,704,3271.0,3725.0
int__tai50_15_01,2760,705,3219.0,3619.0
int__tai50_15_01,2760,706,3117.0,3561.0
int__tai50_15_01,2760,707,3130.0,3583.0
int__tai50_15_01,2760,708,3150.0,3560.0
int__tai50_15_01,2760,709,3235.0,3643.0
int__tai50_15_01,2760,710,3165.0,3570.0
int__tai50_15_01,2760,711,3191.0,3613.0
int__tai50_15_01,2760,712,3189.0,3640.0
int__tai50_15_01,2760,713,3192.0,3614.0
int__tai50_15_01,2760,714,3205.0,3607.0
int__tai50_15_01,2760,715,3165.0,3627.0
int__tai50_15_01,2760,716,3122.0,3523.0
int__tai50_15_01,2760,717,3170.0,3601.0
int__tai50_15_01,2760,718,3159.0,3643.0
int__tai50_15_01,2760,719,3150.0,3586.0
int__tai50_15_01,2760,720,3217.0,3655.0
int__tai50_15_01,2760,721,3222.0,3638.0
int__tai50_15_01,2760,722,3189.0,3650.0
int__tai50_15_01,2760,723,3329.0,3755.0
int__tai50_15_01,2760,724,3196.0,3590.0
int__tai50_15_01,2760,725,3157.0,3579.0
int__tai50_15_01,2760,726,3152.0,3574.0
int__tai50_15_01,2760,727,3145.0,3563.0
int__tai50_15_01,2760,728,3201.0,3692.0
int__tai50_15_01,2760,729,3172.0,3624.0
int__tai50_15_01,2760,730,3254.0,3685.0
int__tai50_15_01,2760,731,3145.0,3567.0
int__tai50_15_01,2760,732,3229.0,3688.0
int__tai50_15_01,2760,733,3300.0,3711.0
int__tai50_15_01,2760,734,3340.0,3735.0
int__tai50_15_01,2760,735,3286.0,3750.0
int__tai50_15_01,2760,736,3139.0,3577.0
int__tai50_15_01,2760,737,3221.0,3635.0
int__tai50_15_01,2760,738,3224.0,3652.0
int__tai50_15_01,2760,739,3148.0,3603.0
int__tai50_15_01,2760,740,3153.0,3581.0
int__tai50_15_01,2760,741,3124.0,3575.0
int__tai50_15_01,2760,742,3192.0,3660.0
int__tai50_15_01,2760,743,3154.0,3585.0
int__tai50_15_01,2760,744,3165.0,3624.0
int__tai50_15_01,2760,745,3125.0,3585.0
int__tai50_15_01,2760,746,3262.0,3676.0
int__tai50_15_01,2760,747,3294.0,3766.0
int__tai50_15_01,2760,748,3265.0,3702.0
int__tai50_15_01,2760,749,3170.0,3608.0
int__tai50_15_01,2760,750,3131.0,3554.0
int__tai50_15_01,2760,751,3205.0,3627.0
int__tai50_15_01,2760,752,3167.0,3594.0
int__tai50_15_01,2760,753,3091.0,3570.0
int__tai50_15_01,2760,754,3239.0,3677.0
int__tai50_15_01,2760,755,3106.0,3543.0
int__tai50_15_01,2760,756,3151.0,3585.0
int__tai50_15_01,2760,757,3197.0,3613.0
int__tai50_15_01,2760,758,3126.0,3557.0
int__tai50_15_01,2760,759,3100.0,3514.0
int__tai50_15_01,2760,760,3282.0,3713.0
int__tai50_15_01,2760,761,3215.0,3621.0
int__tai50_15_01,2760,762,3158.0,3567.0
int__tai50_15_01,2760,763,3279.0,3693.0
int__tai50_15_01,2760,764,3218.0,3672.0
int__tai50_15_01,2760,765,3197.0,3626.0
int__tai50_15_01,2760,766,3129.0,3582.0
int__tai50_15_01,2760,767,3213.0,3620.0
int__tai50_15_01,2760,768,3246.0,3681.0
int__tai50_15_01,2760,769,3218.0,3642.0
int__tai50_15_01,2760,770,3259.0,3689.0
int__tai50_15_01,2760,771,3265.0,3727.0
int__tai50_15_01,2760,772,3159.0,3577.0
int__tai50_15_01,2760,773,3145.0,3578.0
int__tai50_15_01,2760,774,3209.0,3640.0
int__tai50_15_01,2760,775,3266.0,3723.0
int__tai50_15_01,2760,776,3091.0,3517.0
int__tai50_15_01,2760,777,3275.0,3721.0
int__tai50_15_01,2760,778,3098.0,3518.0
int__tai50_15_01,2760,779,3280.0,3716.0
int__tai50_15_01,2760,780,3123.0,3583.0
int__tai50_15_01,2760,781,3186.0,3683.0
int__tai50_15_01,2760,782,3259.0,3680.0
int__tai50_15_01,2760,783,3155.0,3569.0
int__tai50_15_01,2760,784,3142.0,3573.0
int__tai50_15_01,2760,785,3290.0,3727.0
int__tai50_15_01,2760,786,3212.0,3604.0
int__tai50_15_01,2760,787,3220.0,3655.0
int__tai50_15_01,2760,788,3071.0,3488.0
int__tai50_15_01,2760,789,3195.0,3626.0
int__tai50_15_01,2760,790,3171.0,3623.0
int__tai50_15_01,2760,791,3155.0,3601.0
int__tai50_15_01,2760,792,3181.0,3611.0
int__tai50_15_01,2760,793,3212.0,3609.0
int__tai50_15_01,2760,794,3191.0,3647.0
int__tai50_15_01,2760,795,3147.0,3556.0
int__tai50_15_01,2760,796,3217.0,3646.0
int__tai50_15_01,2760,797,3194.0,3616.0
int__tai50_15_01,2760,798,3132.0,3558.0
int__tai50_15_01,2760,799,3075.0,3483.0
int__tai50_15_01,2760,800,3229.0,3711.0
int__tai50_15_01,2760,801,3251.0,3706.0
int__tai50_15_01,2760,802,3215.0,3649.0
int__tai50_15_01,2760,803,3191.0,3623.0
int__tai50_15_01,2760,804,3095.0,3493.0
int__tai50_15_01,2760,805,3083.0,3540.0
int__tai50_15_01,2760,806,3257.0,3695.0
int__tai50_15_01,2760,807,3387.0,3788.0
int__tai50_15_01,2760,808,3241.0,3664.0
int__tai50_15_01,2760,809,3192.0,3613.0
int__tai50_15_01,2760,810,3328.0,3857.0
int__tai50_15_01,2760,811,3308.0,3709.0
int__tai50_15_01,2760,812,3199.0,3716.0
int__tai50_15_01,2760,813,3170.0,3605.0
int__tai50_15_01,2760,814,3244.0,3651.0
int__tai50_15_01,2760,815,3194.0,3638.0
int__tai50_15_01,2760,816,3219.0,3615.0
int__tai50_15_01,2760,817,3149.0,3616.0
int__tai50_15_01,2760,818,3239.0,3649.0
int__tai50_15_01,2760,819,3182.0,3646.0
int__tai50_15_01,2760,820,3143.0,3562.0
int__tai50_15_01,2760,821,3184.0,3588.0
int__tai50_15_01,2760,822,3218.0,3672.0
int__tai50_15_01,2760,823,3238.0,3645.0
int__tai50_15_01,2760,824,3183.0,3637.0
int__tai50_15_01,2760,825,3147.0,3581.0
int__tai50_15_01,2760,826,3120.0,3569.0
int__tai50_15_01,2760,827,3266.0,3690.0
int__tai50_15_01,2760,828,3193.0,3614.0
int__tai50_15_01,2760,829,3261.0,3699.0
int__tai50_15_01,2760,830,3197.0,3610.0
int__tai50_15_01,2760,831,3173.0,3588.0
int__tai50_15_01,2760,832,3181.0,3598.0
int__tai50_15_01,2760,833,3149.0,3551.0
int__tai50_15_01,2760,834,3224.0,3672.0
int__tai50_15_01,2760,835,3232.0,3649.0
int__tai50_15_01,2760,836,3143.0,3564.0
int__tai50_15_01,2760,837,3252.0,3666.0
int__tai50_15_01,2760,838,3209.0,3645.0
int__tai50_15_01,2760,839,3189.0,3615.0
int__tai50_15_01,2760,840,3182.0,3631.0
int__tai50_15_01,2760,841,3269.0,3689.0
int__tai50_15_01,2760,842,3292.0,3717.0
int__tai50_15_01,2760,843,3151.0,3593.0
int__tai50_15_01,2760,844,3159.0,3548.0
int__tai50_15_01,2760,845,3230.0,3653.0
int__tai50_15_01,2760,846,3232.0,3688.0
int__tai50_15_01,2760,847,3217.0,3609.0
int__tai50_15_01,2760,848,3098.0,3552.0
int__tai50_15_01,2760,849,3089.0,3485.0
int__tai50_15_01,2760,850,3150.0,3568.0
int__tai50_15_01,2760,851,3240.0,3692.0
int__tai50_15_01,2760,852,3190.0,3644.0
int__tai50_15_01,2760,853,3132.0,3580.0
int__tai50_15_01,2760,854,3213.0,3626.0
int__tai50_15_01,2760,855,3096.0,3526.0
int__tai50_15_01,2760,856,3128.0,3573.0
int__tai50_15_01,2760,857,3190.0,3662.0
int__tai50_15_01,2760,858,3180.0,3598.0
int__tai50_15_01,2760,859,3150.0,3589.0
int__tai50_15_01,2760,860,3176.0,3613.0
int__tai50_15_01,2760,861,3349.0,3761.0
int__tai50_15_01,2760,862,3237.0,3659.0
int__tai50_15_01,2760,863,3203.0,3632.0
int__tai50_15_01,2760,864,3115.0,3605.0
int__tai50_15_01,2760,865,3192.0,3582.0
int__tai50_15_01,2760,866,3197.0,3607.0
int__tai50_15_01,2760,867,3088.0,3536.0
int__tai50_15_01,2760,868,3239.0,3678.0
int__tai50_15_01,2760,869,3171.0,3597.0
int__tai50_15_01,2760,870,3193.0,3602.0
int__tai50_15_01,2760,871,3234.0,3660.0
int__tai50_15_01,2760,872,3257.0,3667.0
int__tai50_15_01,2760,873,3230.0,3598.0
int__tai50_15_01,2760,874,3128.0,3541.0
int__tai50_15_01,2760,875,3180.0,3615.0
int__tai50_15_01,2760,876,3278.0,3707.0
int__tai50_15_01,2760,877,3179.0,3645.0
int__tai50_15_01,2760,878,3178.0,3585.0
int__tai50_15_01,2760,879,3213.0,3651.0
int__tai50_15_01,2760,880,3255.0,3701.0
int__tai50_15_01,2760,881,3264.0,3703.0
int__tai50_15_01,2760,882,3356.0,3824.0
int__tai50_15_01,2760,883,3155.0,3550.0
int__tai50_15_01,2760,884,3125.0,3551.0
int__tai50_15_01,2760,885,3259.0,3669.0
int__tai50_15_01,2760,886,3119.0,3549.0
int__tai50_15_01,2760,887,3187.0,3582.0
int__tai50_15_01,2760,888,3249.0,3779.0
int__tai50_15_01,2760,889,3216.0,3641.0
int__tai50_15_01,2760,890,3214.0,3652.0
int__tai50_15_01,2760,891,3222.0,3607.0
int__tai50_15_01,2760,892,3211.0,3688.0
int__tai50_15_01,2760,893,3284.0,3749.0
int__tai50_15_01,2760,894,3186.0,3620.0
int__tai50_15_01,2760,895,3273.0,3700.0
int__tai50_15_01,2760,896,3202.0,3626.0
int__tai50_15_01,2760,897,3268.0,3678.0
int__tai50_15_01,2760,898,3161.0,3590.0
int__tai50_15_01,2760,899,3166.0,3614.0
int__tai50_15_01,2760,900,3220.0,3643.0
int__tai50_15_01,2760,901,3203.0,3597.0
int__tai50_15_01,2760,902,3080.0,3528.0
int__tai50_15_01,2760,903,3210.0,3663.0
int__tai50_15_01,2760,904,3143.0,3594.0
int__tai50_15_01,2760,905,3277.0,3737.0
int__tai50_15_01,2760,906,3201.0,3602.0
int__tai50_15_01,2760,907,3277.0,3693.0
int__tai50_15_01,2760,908,3157.0,3577.0
int__tai50_15_01,2760,909,3211.0,3638.0
int__tai50_15_01,2760,910,3242.0,3669.0
int__tai50_15_01,2760,911,3210.0,3623.0
int__tai50_15_01,2760,912,3228.0,3676.0
int__tai50_15_01,2760,913,3317.0,3760.0
int__tai50_15_01,2760,914,3228.0,3642.0
int__tai50_15_01,2760,915,3143.0,3568.0
int__tai50_15_01,2760,916,3264.0,3708.0
int__tai50_15_01,2760,917,3162.0,3597.0
int__tai50_15_01,2760,918,3175.0,3602.0
int__tai50_15_01,2760,919,3194.0,3601.0
int__tai50_15_01,2760,920,3376.0,3787.0
int__tai50_15_01,2760,921,3212.0,3641.0
int__tai50_15_01,2760,922,3204.0,3649.0
int__tai50_15_01,2760,923,3181.0,3638.0
int__tai50_15_01,2760,924,3143.0,3587.0
int__tai50_15_01,2760,925,3186.0,3644.0
int__tai50_15_01,2760,926,3169.0,3617.0
int__tai50_15_01,2760,927,3148.0,3575.0
int__tai50_15_01,2760,928,3147.0,3572.0
int__tai50_15_01,2760,929,3105.0,3549.0
int__tai50_15_01,2760,930,3186.0,3665.0
int__tai50_15_01,2760,931,3225.0,3643.0
int__tai50_15_01,2760,932,3332.0,3748.0
int__tai50_15_01,2760,933,3289.0,3750.0
int__tai50_15_01,2760,934,3319.0,3771.0
int__tai50_15_01,2760,935,3104.0,3545.0
int__tai50_15_01,2760,936,3324.0,3754.0
int__tai50_15_01,2760,937,3168.0,3641.0
int__tai50_15_01,2760,938,3203.0,3664.0
int__tai50_15_01,2760,939,3110.0,3498.0
int__tai50_15_01,2760,940,3263.0,3704.0
int__tai50_15_01,2760,941,3183.0,3588.0
int__tai50_15_01,2760,942,3172.0,3575.0
int__tai50_15_01,2760,943,3149.0,3591.0
int__tai50_15_01,2760,944,3230.0,3666.0
int__tai50_15_01,2760,945,3246.0,3612.0
int__tai50_15_01,2760,946,3256.0,3719.0
int__tai50_15_01,2760,947,3112.0,3544.0
int__tai50_15_01,2760,948,3195.0,3566.0
int__tai50_15_01,2760,949,3152.0,3587.0
int__tai50_15_01,2760,950,3194.0,3640.0
int__tai50_15_01,2760,951,3289.0,3755.0
int__tai50_15_01,2760,952,3182.0,3558.0
int__tai50_15_01,2760,953,3216.0,3605.0
int__tai50_15_01,2760,954,3189.0,3644.0
int__tai50_15_01,2760,955,3114.0,3558.0
int__tai50_15_01,2760,956,3222.0,3703.0
int__tai50_15_01,2760,957,3200.0,3697.0
int__tai50_15_01,2760,958,3160.0,3587.0
int__tai50_15_01,2760,959,3184.0,3630.0
int__tai50_15_01,2760,960,3182.0,3624.0
int__tai50_15_01,2760,961,3146.0,3576.0
int__tai50_15_01,2760,962,3192.0,3611.0
int__tai50_15_01,2760,963,3128.0,3571.0
int__tai50_15_01,2760,964,3230.0,3649.0
int__tai50_15_01,2760,965,3243.0,3672.0
int__tai50_15_01,2760,966,3227.0,3680.0
int__tai50_15_01,2760,967,3212.0,3646.0
int__tai50_15_01,2760,968,3148.0,3588.0
int__tai50_15_01,2760,969,3172.0,3595.0
int__tai50_15_01,2760,970,3202.0,3659.0
int__tai50_15_01,2760,971,3256.0,3694.0
int__tai50_15_01,2760,972,3194.0,3601.0
int__tai50_15_01,2760,973,3198.0,3642.0
int__tai50_15_01,2760,974,3256.0,3717.0
int__tai50_15_01,2760,975,3165.0,3635.0
int__tai50_15_01,2760,976,3203.0,3620.0
int__tai50_15_01,2760,977,3168.0,3603.0
int__tai50_15_01,2760,978,3104.0,3516.0
int__tai50_15_01,2760,979,3156.0,3576.0
int__tai50_15_01,2760,980,3191.0,3641.0
int__tai50_15_01,2760,981,3183.0,3621.0
int__tai50_15_01,2760,982,3118.0,3555.0
int__tai50_15_01,2760,983,3266.0,3706.0
int__tai50_15_01,2760,984,3229.0,3712.0
int__tai50_15_01,2760,985,3268.0,3680.0
int__tai50_15_01,2760,986,3140.0,3575.0
int__tai50_15_01,2760,987,3107.0,3571.0
int__tai50_15_01,2760,988,3175.0,3592.0
int__tai50_15_01,2760,989,3127.0,3546.0
int__tai50_15_01,2760,990,3234.0,3732.0
int__tai50_15_01,2760,991,3234.0,3684.0
int__tai50_15_01,2760,992,3113.0,3523.0
int__tai50_15_01,2760,993,3251.0,3713.0
int__tai50_15_01,2760,994,3161.0,3609.0
int__tai50_15_01,2760,995,3215.0,3629.0
int__tai50_15_01,2760,996,3214.0,3668.0
int__tai50_15_01,2760,997,3252.0,3698.0
int__tai50_15_01,2760,998,3178.0,3601.0
int__tai50_15_01,2760,999,3146.0,3545.0
int__tai50_15_01,2760,1000,3237.0,3635.0
int__tai50_15_01,2760,1001,3132.0,3548.0
int__tai50_15_01,2760,1002,3276.0,3702.0
int__tai50_15_01,2760,1003,3161.0,3567.0
int__tai50_15_01,2760,1004,3329.0,3827.0
int__tai50_15_01,2760,1005,3193.0,3629.0
int__tai50_15_01,2760,1006,3246.0,3677.0
int__tai50_15_01,2760,1007,3145.0,3596.0
int__tai50_15_01,2760,1008,3150.0,3607.0
int__tai50_15_01,2760,1009,3254.0,3671.0
int__tai50_15_01,2760,1010,3197.0,3631.0
int__tai50_15_01,2760,1011,3152.0,3515.0
int__tai50_15_01,2760,1012,3173.0,3615.0
int__tai50_15_01,2760,1013,3223.0,3664.0
int__tai50_15_01,2760,1014,3160.0,3568.0
int__tai50_15_01,2760,1015,3220.0,3639.0
int__tai50_15_01,2760,1016,3255.0,3668.0
int__tai50_15_01,2760,1017,3180.0,3573.0
int__tai50_15_01,2760,1018,3248.0,3688.0
int__tai50_15_01,2760,1019,3340.0,3789.0
int__tai50_15_01,2760,1020,3144.0,3563.0
int__tai50_15_01,2760,1021,3204.0,3664.0
int__tai50_15_01,2760,1022,3348.0,3753.0
int__tai50_15_01,2760,1023,3248.0,3689.0
int__tai50_15_07,2943,0,3005.0,3448.0
int__tai50_15_07,2943,1,3171.0,3615.0
int__tai50_15_07,2943,2,3102.0,3572.0
int__tai50_15_07,2943,3,3188.0,3626.0
int__tai50_15_07,2943,4,3026.0,3452.0
int__tai50_15_07,2943,5,3229.0,3682.0
int__tai50_15_07,2943,6,3107.0,3543.0
int__tai50_15_07,2943,7,3152.0,3603.0
int__tai50_15_07,2943,8,3200.0,3627.0
int__tai50_15_07,2943,9,3130.0,3594.0
int__tai50_15_07,2943,10,3088.0,3538.0
int__tai50_15_07,2943,11,3165.0,3602.0
int__tai50_15_07,2943,12,3084.0,3522.0
int__tai50_15_07,2943,13,3088.0,3517.0
int__tai50_15_07,2943,14,3064.0,3496.0
int__tai50_15_07,2943,15,3031.0,3444.0
int__tai50_15_07,2943,16,3025.0,3459.0
int__tai50_15_07,2943,17,3046.0,3469.0
int__tai50_15_07,2943,18,3195.0,3654.0
int__tai50_15_07,2943,19,3131.0,3564.0
int__tai50_15_07,2943,20,3083.0,3525.0
int__tai50_15_07,2943,21,3099.0,3558.0
int__tai50_15_07,2943,22,3048.0,3516.0
int__tai50_15_07,2943,23,3143.0,3632.0
int__tai50_15_07,2943,24,3069.0,3513.0
int__tai50_15_07,2943,25,3005.0,3429.0
int__tai50_15_07,2943,26,3182.0,3663.0
int__tai50_15_07,2943,27,3249.0,3676.0
int__tai50_15_07,2943,28,3125.0,3565.0
int__tai50_15_07,2943,29,3131.0,3577.0
int__tai50_15_07,2943,30,3171.0,3639.0
int__tai50_15_07,2943,31,3242.0,3720.0
int__tai50_15_07,2943,32,3110.0,3570.0
int__tai50_15_07,2943,33,3200.0,3633.0
int__tai50_15_07,2943,34,3121.0,3562.0
int__tai50_15_07,2943,35,3076.0,3515.0
int__tai50_15_07,2943,36,3134.0,3551.0
int__tai50_15_07,2943,37,3146.0,3592.0
int__tai50_15_07,2943,38,3081.0,3496.0
int__tai50_15_07,2943,39,3120.0,3556.0
int__tai50_15_07,2943,40,3089.0,3499.0
int__tai50_15_07,2943,41,3088.0,3545.0
int__tai50_15_07,2943,42,3234.0,3672.0
int__tai50_15_07,2943,43,3206.0,3639.0
int__tai50_15_07,2943,44,3170.0,3595.0
int__tai50_15_07,2943,45,3134.0,3570.0
int__tai50_15_07,2943,46,3114.0,3581.0
int__tai50_15_07,2943,47,3175.0,3622.0
int__tai50_15_07,2943,48,3196.0,3661.0
int__tai50_15_07,2943,49,3136.0,3570.0
int__tai50_15_07,2943,50,3095.0,3566.0
int__tai50_15_07,2943,51,3224.0,3700.0
int__tai50_15_07,2943,52,3124.0,3556.0
int__tai50_15_07,2943,53,3082.0,3508.0
int__tai50_15_07,2943,54,3123.0,3553.0
int__tai50_15_07,2943,55,3066.0,3525.0
int__tai50_15_07,2943,56,3170.0,3606.0
int__tai50_15_07,2943,57,3143.0,3593.0
int__tai50_15_07,2943,58,3103.0,3499.0
int__tai50_15_07,2943,59,3088.0,3542.0
int__tai50_15_07,2943,60,3092.0,3525.0
int__tai50_15_07,2943,61,3097.0,3497.0
int__tai50_15_07,2943,62,3154.0,3606.0
int__tai50_15_07,2943,63,3101.0,3514.0
int__tai50_15_07,2943,64,3111.0,3529.0
int__tai50_15_07,2943,65,3135.0,3562.0
int__tai50_15_07,2943,66,3073.0,3487.0
int__tai50_15_07,2943,67,3205.0,3627.0
int__tai50_15_07,2943,68,3129.0,3542.0
int__tai50_15_07,2943,69,3210.0,3653.0
int__tai50_15_07,2943,70,3169.0,3623.0
int__tai50_15_07,2943,71,3121.0,3590.0
int__tai50_15_07,2943,72,3059.0,3486.0
int__tai50_15_07,2943,73,3099.0,3571.0
int__tai50_15_07,2943,74,3027.0,3460.0
int__tai50_15_07,2943,75,3082.0,3529.0
int__tai50_15_07,2943,76,3054.0,3447.0
int__tai50_15_07,2943,77,3203.0,3676.0
int__tai50_15_07,2943,78,3147.0,3590.0
int__tai50_15_07,2943,79,3058.0,3491.0
int__tai50_15_07,2943,80,3100.0,3511.0
int__tai50_15_07,2943,81,3001.0,3454.0
int__tai50_15_07,2943,82,3050.0,3518.0
int__tai50_15_07,2943,83,3116.0,3569.0
int__tai50_15_07,2943,84,3224.0,3686.0
int__tai50_15_07,2943,85,3093.0,3535.0
int__tai50_15_07,2943,86,3198.0,3652.0
int__tai50_15_07,2943,87,3154.0,3612.0
int__tai50_15_07,2943,88,3171.0,3593.0
int__tai50_15_07,2943,89,3084.0,3506.0
int__tai50_15_07,2943,90,3207.0,3621.0
int__tai50_15_07,2943,91,3071.0,3517.0
int__tai50_15_07,2943,92,3148.0,3604.0
int__tai50_15_07,2943,93,3106.0,3548.0
int__tai50_15_07,2943,94,3143.0,3582.0
int__tai50_15_07,2943,95,3042.0,3510.0
int__tai50_15_07,2943,96,3043.0,3475.0
int__tai50_15_07,2943,97,3103.0,3537.0
int__tai50_15_07,2943,98,3164.0,3571.0
int__tai50_15_07,2943,99,3149.0,3590.0
int__tai50_15_07,2943,100,2999.0,3451.0
int__tai50_15_07,2943,101,3166.0,3620.0
int__tai50_15_07,2943,102,3136.0,3561.0
int__tai50_15_07,2943,103,3142.0,3577.0
int__tai50_15_07,2943,104,3098.0,3559.0
int__tai50_15_07,2943,105,3078.0,3526.0
int__tai50_15_07,2943,106,3082.0,3508.0
int__tai50_15_07,2943,107,3161.0,3601.0
int__tai50_15_07,2943,108,3205.0,3638.0
int__tai50_15_07,2943,109,3052.0,3481.0
int__tai50_15_07,2943,110,3073.0,3533.0
int__tai50_15_07,2943,111,2994.0,3440.0
int__tai50_15_07,2943,112,3159.0,3544.0
int__tai50_15_07,2943,113,3028.0,3476.0
int__tai50_15_07,2943,114,3072.0,3484.0
int__tai50_15_07,2943,115,3049.0,3529.0
int__tai50_15_07,2943,116,3075.0,3532.0
int__tai50_15_07,2943,117,3064.0,3517.0
int__tai50_15_07,2943,118,3184.0,3625.0
int__tai50_15_07,2943,119,3070.0,3528.0
int__tai50_15_07,2943,120,3052.0,3503.0
int__tai50_15_07,2943,121,3213.0,3652.0
int__tai50_15_07,2943,122,3075.0,3536.0
int__tai50_15_07,2943,123,3096.0,3522.0
int__tai50_15_07,2943,124,3046.0,3426.0
int__tai50_15_07,2943,125,3142.0,3596.0
int__tai50_15_07,2943,126,3084.0,3529.0
int__tai50_15_07,2943,127,3093.0,3531.0
int__tai50_15_07,2943,128,3083.0,3526.0
int__tai50_15_07,2943,129,3105.0,3563.0
int__tai50_15_07,2943,130,3134.0,3577.0
int__tai50_15_07,2943,131,3080.0,3552.0
int__tai50_15_07,2943,132,3127.0,3580.0
int__tai50_15_07,2943,133,3164.0,3605.0
int__tai50_15_07,2943,134,3123.0,3612.0
int__tai50_15_07,2943,135,3026.0,3472.0
int__tai50_15_07,2943,136,3221.0,3696.0
int__tai50_15_07,2943,137,3089.0,3547.0
int__tai50_15_07,2943,138,3197.0,3645.0
int__tai50_15_07,2943,139,3220.0,3679.0
int__tai50_15_07,2943,140,3251.0,3706.0
int__tai50_15_07,2943,141,3127.0,3574.0
int__tai50_15_07,2943,142,3117.0,3540.0
int__tai50_15_07,2943,143,3135.0,3583.0
int__tai50_15_07,2943,144,3078.0,3536.0
int__tai50_15_07,2943,145,3123.0,3595.0
int__tai50_15_07,2943,146,3053.0,3503.0
int__tai50_15_07,2943,147,3092.0,3512.0
int__tai50_15_07,2943,148,3063.0,3464.0
int__tai50_15_07,2943,149,3099.0,3520.0
int__tai50_15_07,2943,150,3080.0,3487.0
int__tai50_15_07,2943,151,3120.0,3625.0
int__tai50_15_07,2943,152,3183.0,3645.0
int__tai50_15_07,2943,153,3100.0,3533.0
int__tai50_15_07,2943,154,3107.0,3510.0
int__tai50_15_07,2943,155,3076.0,3516.0
int__tai50_15_07,2943,156,3247.0,3709.0
int__tai50_15_07,2943,157,3109.0,3548.0
int__tai50_15_07,2943,158,3073.0,3464.0
int__tai50_15_07,2943,159,3128.0,3590.0
int__tai50_15_07,2943,160,3059.0,3512.0
int__tai50_15_07,2943,161,3034.0,3489.0
int__tai50_15_07,2943,162,3181.0,3574.0
int__tai50_15_07,2943,163,3094.0,3566.0
int__tai50_15_07,2943,164,3083.0,3503.0
int__tai50_15_07,2943,165,3052.0,3492.0
int__tai50_15_07,2943,166,3262.0,3648.0
int__tai50_15_07,2943,167,3042.0,3431.0
int__tai50_15_07,2943,168,3179.0,3583.0
int__tai50_15_07,2943,169,3072.0,3520.0
int__tai50_15_07,2943,170,3217.0,3666.0
int__tai50_15_07,2943,171,3126.0,3547.0
int__tai50_15_07,2943,172,3108.0,3506.0
int__tai50_15_07,2943,173,3153.0,3613.0
int__tai50_15_07,2943,174,3106.0,3533.0
int__tai50_15_07,2943,175,3073.0,3521.0
int__tai50_15_07,2943,176,3048.0,3500.0
int__tai50_15_07,2943,177,3166.0,3608.0
int__tai50_15_07,2943,178,3343.0,3804.0
int__tai50_15_07,2943,179,3101.0,3481.0
int__tai50_15_07,2943,180,3085.0,3495.0
int__tai50_15_07,2943,181,2953.0,3400.0
int__tai50_15_07,2943,182,3082.0,3535.0
int__tai50_15_07,2943,183,3057.0,3509.0
int__tai50_15_07,2943,184,3035.0,3449.0
int__tai50_15_07,2943,185,3131.0,3583.0
int__tai50_15_07,2943,186,3025.0,3451.0
int__tai50_15_07,2943,187,3170.0,3612.0
int__tai50_15_07,2943,188,3128.0,3629.0
int__tai50_15_07,2943,189,3164.0,3543.0
int__tai50_15_07,2943,190,3082.0,3529.0
int__tai50_15_07,2943,191,3136.0,3557.0
int__tai50_15_07,2943,192,3255.0,3704.0
int__tai50_15_07,2943,193,3088.0,3526.0
int__tai50_15_07,2943,194,3144.0,3571.0
int__tai50_15_07,2943,195,3214.0,3670.0
int__tai50_15_07,2943,196,3034.0,3501.0
int__tai50_15_07,2943,197,3114.0,3551.0
int__tai50_15_07,2943,198,3115.0,3529.0
int__tai50_15_07,2943,199,3081.0,3527.0
int__tai50_15_07,2943,200,3157.0,3621.0
int__tai50_15_07,2943,201,3043.0,3476.0
int__tai50_15_07,2943,202,3197.0,3636.0
int__tai50_15_07,2943,203,3089.0,3489.0
int__tai50_15_07,2943,204,3042.0,3496.0
int__tai50_15_07,2943,205,3219.0,3658.0
int__tai50_15_07,2943,206,3111.0,3584.0
int__tai50_15_07,2943,207,3052.0,3498.0
int__tai50_15_07,2943,208,3230.0,3690.0
int__tai50_15_07,2943,209,3105.0,3556.0
int__tai50_15_07,2943,210,3149.0,3586.0
int__tai50_15_07,2943,211,3188.0,3606.0
int__tai50_15_07,2943,212,3098.0,3525.0
int__tai50_15_07,2943,213,3038.0,3472.0
int__tai50_15_07,2943,214,3140.0,3572.0
int__tai50_15_07,2943,215,3175.0,3612.0
int__tai50_15_07,2943,216,3211.0,3649.0
int__tai50_15_07,2943,217,3099.0,3557.0
int__tai50_15_07,2943,218,3098.0,3523.0
int__tai50_15_07,2943,219,3147.0,3616.0
int__tai50_15_07,2943,220,3202.0,3667.0
int__tai50_15_07,2943,221,3013.0,3470.0
int__tai50_15_07,2943,222,3262.0,3703.0
int__tai50_15_07,2943,223,3049.0,3498.0
int__tai50_15_07,2943,224,3102.0,3542.0
int__tai50_15_07,2943,225,3220.0,3654.0
int__tai50_15_07,2943,226,3190.0,3642.0
int__tai50_15_07,2943,227,3119.0,3534.0
int__tai50_15_07,2943,228,3162.0,3616.0
int__tai50_15_07,2943,229,3190.0,3653.0
int__tai50_15_07,2943,230,3116.0,3577.0
int__tai50_15_07,2943,231,3002.0,3428.0
int__tai50_15_07,2943,232,3207.0,3664.0
int__tai50_15_07,2943,233,3151.0,3603.0
int__tai50_15_07,2943,234,3085.0,3504.0
int__tai50_15_07,2943,235,3101.0,3497.0
int__tai50_15_07,2943,236,3192.0,3645.0
int__tai50_15_07,2943,237,3117.0,3546.0
int__tai50_15_07,2943,238,3158.0,3563.0
int__tai50_15_07,2943,239,3218.0,3690.0
int__tai50_15_07,2943,240,3079.0,3521.0
int__tai50_15_07,2943,241,3082.0,3533.0
int__tai50_15_07,2943,242,3072.0,3458.0
int__tai50_15_07,2943,243,3039.0,3503.0
int__tai50_15_07,2943,244,3182.0,3616.0
int__tai50_15_07,2943,245,3167.0,3594.0
int__tai50_15_07,2943,246,3226.0,3665.0
int__tai50_15_07,2943,247,3197.0,3622.0
int__tai50_15_07,2943,248,3065.0,3522.0
int__tai50_15_07,2943,249,3082.0,3569.0
int__tai50_15_07,2943,250,3155.0,3617.0
int__tai50_15_07,2943,251,3121.0,3585.0
int__tai50_15_07,2943,252,3060.0,3478.0
int__tai50_15_07,2943,253,3100.0,3512.0
int__tai50_15_07,2943,254,3128.0,3539.0
int__tai50_15_07,2943,255,3061.0,3509.0
int__tai50_15_07,2943,256,3099.0,3538.0
int__tai50_15_07,2943,257,3191.0,3639.0
int__tai50_15_07,2943,258,3117.0,3598.0
int__tai50_15_07,2943,259,3049.0,3496.0
int__tai50_15_07,2943,260,3037.0,3463.0
int__tai50_15_07,2943,261,3091.0,3532.0
int__tai50_15_07,2943,262,3085.0,3567.0
int__tai50_15_07,2943,263,3125.0,3579.0
int__tai50_15_07,2943,264,3106.0,3537.0
int__tai50_15_07,2943,265,3128.0,3565.0
int__tai50_15_07,2943,266,3105.0,3520.0
int__tai50_15_07,2943,267,3166.0,3602.0
int__tai50_15_07,2943,268,3077.0,3528.0
int__tai50_15_07,2943,269,3098.0,3535.0
int__tai50_15_07,2943,270,3214.0,3657.0
int__tai50_15_07,2943,271,3107.0,3543.0
int__tai50_15_07,2943,272,2997.0,3447.0
int__tai50_15_07,2943,273,3165.0,3567.0
int__tai50_15_07,2943,274,3093.0,3500.0
int__tai50_15_07,2943,275,3099.0,3514.0
int__tai50_15_07,2943,276,3037.0,3460.0
int__tai50_15_07,2943,277,3121.0,3577.0
int__tai50_15_07,2943,278,3043.0,3510.0
int__tai50_15_07,2943,279,3096.0,3538.0
int__tai50_15_07,2943,280,3096.0,3518.0
int__tai50_15_07,2943,281,3119.0,3514.0
int__tai50_15_07,2943,282,3099.0,3552.0
int__tai50_15_07,2943,283,2989.0,3439.0
int__tai50_15_07,2943,284,3099.0,3561.0
int__tai50_15_07,2943,285,3183.0,3642.0
int__tai50_15_07,2943,286,3240.0,3701.0
int__tai50_15_07,2943,287,3100.0,3487.0
int__tai50_15_07,2943,288,3177.0,3584.0
int__tai50_15_07,2943,289,3093.0,3516.0
int__tai50_15_07,2943,290,3092.0,3491.0
int__tai50_15_07,2943,291,3100.0,3577.0
int__tai50_15_07,2943,292,3150.0,3590.0
int__tai50_15_07,2943,293,3104.0,3508.0
int__tai50_15_07,2943,294,3110.0,3541.0
int__tai50_15_07,2943,295,3038.0,3460.0
int__tai50_15_07,2943,296,3188.0,3611.0
int__tai50_15_07,2943,297,3034.0,3480.0
int__tai50_15_07,2943,298,3131.0,3531.0
int__tai50_15_07,2943,299,3120.0,3580.0
int__tai50_15_07,2943,300,3112.0,3588.0
int__tai50_15_07,2943,301,3041.0,3502.0
int__tai50_15_07,2943,302,3089.0,3554.0
int__tai50_15_07,2943,303,3221.0,3642.0
int__tai50_15_07,2943,304,3208.0,3612.0
int__tai50_15_07,2943,305,3194.0,3655.0
int__tai50_15_07,2943,306,3110.0,3531.0
int__tai50_15_07,2943,307,3131.0,3588.0
int__tai50_15_07,2943,308,3243.0,3709.0
int__tai50_15_07,2943,309,3094.0,3560.0
int__tai50_15_07,2943,310,3258.0,3734.0
int__tai50_15_07,2943,311,3128.0,3564.0
int__tai50_15_07,2943,312,3027.0,3455.0
int__tai50_15_07,2943,313,3137.0,3508.0
int__tai50_15_07,2943,314,3091.0,3574.0
int__tai50_15_07,2943,315,3225.0,3671.0
int__tai50_15_07,2943,316,3065.0,3537.0
int__tai50_15_07,2943,317,3032.0,3491.0
int__tai50_15_07,2943,318,3060.0,3494.0
int__tai50_15_07,2943,319,3117.0,3559.0
int__tai50_15_07,2943,320,3175.0,3597.0
int__tai50_15_07,2943,321,3041.0,3494.0
int__tai50_15_07,2943,322,3113.0,3563.0
int__tai50_15_07,2943,323,3093.0,3514.0
int__tai50_15_07,2943,324,3117.0,3557.0
int__tai50_15_07,2943,325,3073.0,3513.0
int__tai50_15_07,2943,326,3144.0,3621.0
int__tai50_15_07,2943,327,3275.0,3701.0
int__tai50_15_07,2943,328,3128.0,3579.0
int__tai50_15_07,2943,329,3070.0,3538.0
int__tai50_15_07,2943,330,3056.0,3487.0
int__tai50_15_07,2943,331,3123.0,3563.0
int__tai50_15_07,2943,332,3089.0,3525.0
int__tai50_15_07,2943,333,3173.0,3595.0
int__tai50_15_07,2943,334,3058.0,3492.0
int__tai50_15_07,2943,335,3104.0,3519.0
int__tai50_15_07,2943,336,3034.0,3459.0
int__tai50_15_07,2943,337,3139.0,3549.0
int__tai50_15_07,2943,338,2997.0,3432.0
int__tai50_15_07,2943,339,3125.0,3584.0
int__tai50_15_07,2943,340,3210.0,3628.0
int__tai50_15_07,2943,341,3216.0,3680.0
int__tai50_15_07,2943,342,3250.0,3685.0
int__tai50_15_07,2943,343,3058.0,3468.0
int__tai50_15_07,2943,344,3124.0,3581.0
int__tai50_15_07,2943,345,3145.0,3579.0
int__tai50_15_07,2943,346,3054.0,3501.0
int__tai50_15_07,2943,347,3110.0,3563.0
int__tai50_15_07,2943,348,3112.0,3547.0
int__tai50_15_07,2943,349,3103.0,3573.0
int__tai50_15_07,2943,350,3161.0,3585.0
int__tai50_15_07,2943,351,3111.0,3554.0
int__tai50_15_07,2943,352,3077.0,3531.0
int__tai50_15_07,2943,353,2995.0,3428.0
int__tai50_15_07,2943,354,3141.0,3580.0
int__tai50_15_07,2943,355,3166.0,3603.0
int__tai50_15_07,2943,356,3170.0,3606.0
int__tai50_15_07,2943,357,3073.0,3478.0
int__tai50_15_07,2943,358,3054.0,3505.0
int__tai50_15_07,2943,359,3149.0,3610.0
int__tai50_15_07,2943,360,3174.0,3631.0
int__tai50_15_07,2943,361,3153.0,3643.0
int__tai50_15_07,2943,362,3124.0,3541.0
int__tai50_15_07,2943,363,3154.0,3594.0
int__tai50_15_07,2943,364,3005.0,3469.0
int__tai50_15_07,2943,365,3075.0,3506.0
int__tai50_15_07,2943,366,3115.0,3566.0
int__tai50_15_07,2943,367,3181.0,3620.0
int__tai50_15_07,2943,368,3095.0,3553.0
int__tai50_15_07,2943,369,3154.0,3583.0
int__tai50_15_07,2943,370,3074.0,3508.0
int__tai50_15_07,2943,371,3153.0,3607.0
int__tai50_15_07,2943,372,3137.0,3557.0
int__tai50_15_07,2943,373,3159.0,3563.0
int__tai50_15_07,2943,374,3153.0,3598.0
int__tai50_15_07,2943,375,3054.0,3508.0
int__tai50_15_07,2943,376,3124.0,3573.0
int__tai50_15_07,2943,377,3070.0,3526.0
int__tai50_15_07,2943,378,3197.0,3664.0
int__tai50_15_07,2943,379,3113.0,3545.0
int__tai50_15_07,2943,380,3103.0,3525.0
int__tai50_15_07,2943,381,3030.0,3495.0
int__tai50_15_07,2943,382,3072.0,3535.0
int__tai50_15_07,2943,383,3082.0,3454.0
int__tai50_15_07,2943,384,3190.0,3582.0
int__tai50_15_07,2943,385,3106.0,3535.0
int__tai50_15_07,2943,386,3126.0,3567.0
int__tai50_15_07,2943,387,3084.0,3509.0
int__tai50_15_07,2943,388,3105.0,3559.0
int__tai50_15_07,2943,389,3104.0,3551.0
int__tai50_15_07,2943,390,3054.0,3503.0
int__tai50_15_07,2943,391,3092.0,3547.0
int__tai50_15_07,2943,392,3017.0,3458.0
int__tai50_15_07,2943,393,3043.0,3489.0
int__tai50_15_07,2943,394,3070.0,3476.0
int__tai50_15_07,2943,395,3125.0,3567.0
int__tai50_15_07,2943,396,3065.0,3506.0
int__tai50_15_07,2943,397,3101.0,3535.0
int__tai50_15_07,2943,398,3048.0,3486.0
int__tai50_15_07,2943,399,3025.0,3453.0
int__tai50_15_07,2943,400,3172.0,3586.0
int__tai50_15_07,2943,401,3075.0,3498.0
int__tai50_15_07,2943,402,3146.0,3590.0
int__tai50_15_07,2943,403,3197.0,3650.0
int__tai50_15_07,2943,404,3116.0,3552.0
int__tai50_15_07,2943,405,3112.0,3576.0
int__tai50_15_07,2943,406,3113.0,3559.0
int__tai50_15_07,2943,407,2995.0,3414.0
int__tai50_15_07,2943,408,3181.0,3620.0
int__tai50_15_07,2943,409,3110.0,3564.0
int__tai50_15_07,2943,410,3102.0,3527.0
int__tai50_15_07,2943,411,3125.0,3555.0
int__tai50_15_07,2943,412,3149.0,3606.0
int__tai50_15_07,2943,413,3155.0,3588.0
int__tai50_15_07,2943,414,3230.0,3702.0
int__tai50_15_07,2943,415,3052.0,3494.0
int__tai50_15_07,2943,416,3077.0,3525.0
int__tai50_15_07,2943,417,3159.0,3617.0
int__tai50_15_07,2943,418,3201.0,3695.0
int__tai50_15_07,2943,419,3023.0,3467.0
int__tai50_15_07,2943,420,3118.0,3572.0
int__tai50_15_07,2943,421,3038.0,3485.0
int__tai50_15_07,2943,422,3138.0,3590.0
int__tai50_15_07,2943,423,3091.0,3471.0
int__tai50_15_07,2943,424,3083.0,3521.0
int__tai50_15_07,2943,425,3093.0,3592.0
int__tai50_15_07,2943,426,3118.0,3562.0
int__tai50_15_07,2943,427,3205.0,3638.0
int__tai50_15_07,2943,428,3074.0,3523.0
int__tai50_15_07,2943,429,3101.0,3537.0
int__tai50_15_07,2943,430,3169.0,3630.0
int__tai50_15_07,2943,431,3061.0,3475.0
int__tai50_15_07,2943,432,2982.0,3419.0
int__tai50_15_07,2943,433,3061.0,3510.0
int__tai50_15_07,2943,434,3162.0,3606.0
int__tai50_15_07,2943,435,3087.0,3488.0
int__tai50_15_07,2943,436,3198.0,3690.0
int__tai50_15_07,2943,437,3098.0,3545.0
int__tai50_15_07,2943,438,3069.0,3508.0
int__tai50_15_07,2943,439,3120.0,3560.0
int__tai50_15_07,2943,440,3193.0,3643.0
int__tai50_15_07,2943,441,3068.0,3508.0
int__tai50_15_07,2943,442,3089.0,3538.0
int__tai50_15_07,2943,443,3184.0,3602.0
int__tai50_15_07,2943,444,3041.0,3453.0
int__tai50_15_07,2943,445,3229.0,3644.0
int__tai50_15_07,2943,446,3246.0,3717.0
int__tai50_15_07,2943,447,3077.0,3503.0
int__tai50_15_07,2943,448,3112.0,3567.0
int__tai50_15_07,2943,449,3063.0,3523.0
int__tai50_15_07,2943,450,3042.0,3471.0
int__tai50_15_07,2943,451,3122.0,3543.0
int__tai50_15_07,2943,452,3044.0,3470.0
int__tai50_15_07,2943,453,3026.0,3498.0
int__tai50_15_07,2943,454,2992.0,3396.0
int__tai50_15_07,2943,455,3081.0,3495.0
int__tai50_15_07,2943,456,3132.0,3574.0
int__tai50_15_07,2943,457,3107.0,3589.0
int__tai50_15_07,2943,458,3077.0,3496.0
int__tai50_15_07,2943,459,3114.0,3579.0
int__tai50_15_07,2943,460,3024.0,3451.0
int__tai50_15_07,2943,461,3136.0,3534.0
int__tai50_15_07,2943,462,3084.0,3517.0
int__tai50_15_07,2943,463,3077.0,3518.0
int__tai50_15_07,2943,464,3211.0,3677.0
int__tai50_15_07,2943,465,3120.0,3519.0
int__tai50_15_07,2943,466,3058.0,3477.0
int__tai50_15_07,2943,467,3078.0,3548.0
int__tai50_15_07,2943,468,3091.0,3516.0
int__tai50_15_07,2943,469,3020.0,3457.0
int__tai50_15_07,2943,470,3109.0,3520.0
int__tai50_15_07,2943,471,3194.0,3637.0
int__tai50_15_07,2943,472,3175.0,3611.0
int__tai50_15_07,2943,473,3052.0,3509.0
int__tai50_15_07,2943,474,3101.0,3485.0
int__tai50_15_07,2943,475,3127.0,3582.0
int__tai50_15_07,2943,476,3088.0,3514.0
int__tai50_15_07,2943,477,3165.0,3596.0
int__tai50_15_07,2943,478,3198.0,3669.0
int__tai50_15_07,2943,479,3107.0,3511.0
int__tai50_15_07,2943,480,3061.0,3515.0
int__tai50_15_07,2943,481,3051.0,3499.0
int__tai50_15_07,2943,482,3160.0,3603.0
int__tai50_15_07,2943,483,3227.0,3631.0
int__tai50_15_07,2943,484,3100.0,3525.0
int__tai50_15_07,2943,485,3067.0,3507.0
int__tai50_15_07,2943,486,3055.0,3474.0
int__tai50_15_07,2943,487,3094.0,3481.0
int__tai50_15_07,2943,488,3080.0,3494.0
int__tai50_15_07,2943,489,3059.0,3515.0
int__tai50_15_07,2943,490,3065.0,3506.0
int__tai50_15_07,2943,491,3089.0,3515.0
int__tai50_15_07,2943,492,3158.0,3597.0
int__tai50_15_07,2943,493,3003.0,3446.0
int__tai50_15_07,2943,494,3095.0,3529.0
int__tai50_15_07,2943,495,3030.0,3480.0
int__tai50_15_07,2943,496,3186.0,3635.0
int__tai50_15_07,2943,497,3044.0,3489.0
int__tai50_15_07,2943,498,3052.0,3474.0
int__tai50_15_07,2943,499,3058.0,3491.0
int__tai50_15_07,2943,500,3006.0,3429.0
int__tai50_15_07,2943,501,3135.0,3552.0
int__tai50_15_07,2943,502,3217.0,3673.0
int__tai50_15_07,2943,503,3051.0,3488.0
int__tai50_15_07,2943,504,3068.0,3507.0
int__tai50_15_07,2943,505,3185.0,3603.0
int__tai50_15_07,2943,506,3049.0,3500.0
int__tai50_15_07,2943,507,3214.0,3649.0
int__tai50_15_07,2943,508,3037.0,3496.0
int__tai50_15_07,2943,509,3148.0,3608.0
int__tai50_15_07,2943,510,3165.0,3623.0
int__tai50_15_07,2943,511,3062.0,3515.0
int__tai50_15_07,2943,512,3140.0,3581.0
int__tai50_15_07,2943,513,3110.0,3582.0
int__tai50_15_07,2943,514,3055.0,3494.0
int__tai50_15_07,2943,515,3104.0,3535.0
int__tai50_15_07,2943,516,3105.0,3541.0
int__tai50_15_07,2943,517,3108.0,3535.0
int__tai50_15_07,2943,518,3135.0,3576.0
int__tai50_15_07,2943,519,3108.0,3543.0
int__tai50_15_07,2943,520,3118.0,3524.0
int__tai50_15_07,2943,521,3119.0,3604.0
int__tai50_15_07,2943,522,3179.0,3645.0
int__tai50_15_07,2943,523,3116.0,3556.0
int__tai50_15_07,2943,524,3070.0,3499.0
int__tai50_15_07,2943,525,3044.0,3482.0
int__tai50_15_07,2943,526,3193.0,3606.0
int__tai50_15_07,2943,527,3139.0,3568.0
int__tai50_15_07,2943,528,3121.0,3560.0
int__tai50_15_07,2943,529,3100.0,3555.0
int__tai50_15_07,2943,530,3191.0,3602.0
int__tai50_15_07,2943,531,3177.0,3612.0
int__tai50_15_07,2943,532,3101.0,3534.0
int__tai50_15_07,2943,533,3093.0,3552.0
int__tai50_15_07,2943,534,2996.0,3458.0
int__tai50_15_07,2943,535,3213.0,3728.0
int__tai50_15_07,2943,536,3116.0,3561.0
int__tai50_15_07,2943,537,3099.0,3558.0
int__tai50_15_07,2943,538,3161.0,3608.0
int__tai50_15_07,2943,539,3068.0,3565.0
int__tai50_15_07,2943,540,3322.0,3797.0
int__tai50_15_07,2943,541,3063.0,3533.0
int__tai50_15_07,2943,542,3127.0,3579.0
int__tai50_15_07,2943,543,3072.0,3518.0
int__tai50_15_07,2943,544,3180.0,3633.0
int__tai50_15_07,2943,545,3012.0,3435.0
int__tai50_15_07,2943,546,3037.0,3495.0
int__tai50_15_07,2943,547,3058.0,3503.0
int__tai50_15_07,2943,548,3160.0,3585.0
int__tai50_15_07,2943,549,3099.0,3568.0
int__tai50_15_07,2943,550,3206.0,3671.0
int__tai50_15_07,2943,551,3143.0,3635.0
int__tai50_15_07,2943,552,3081.0,3512.0
int__tai50_15_07,2943,553,3105.0,3535.0
int__tai50_15_07,2943,554,3117.0,3574.0
int__tai50_15_07,2943,555,3104.0,3533.0
int__tai50_15_07,2943,556,3174.0,3630.0
int__tai50_15_07,2943,557,3125.0,3566.0
int__tai50_15_07,2943,558,3174.0,3623.0
int__tai50_15_07,2943,559,3062.0,3500.0
int__tai50_15_07,2943,560,3153.0,3604.0
int__tai50_15_07,2943,561,2971.0,3421.0
int__tai50_15_07,2943,562,3155.0,3626.0
int__tai50_15_07,2943,563,3121.0,3577.0
int__tai50_15_07,2943,564,3086.0,3507.0
int__tai50_15_07,2943,565,3075.0,3549.0
int__tai50_15_07,2943,566,3158.0,3624.0
int__tai50_15_07,2943,567,3189.0,3635.0
int__tai50_15_07,2943,568,3177.0,3626.0
int__tai50_15_07,2943,569,3199.0,3660.0
int__tai50_15_07,2943,570,3254.0,3695.0
int__tai50_15_07,2943,571,3133.0,3582.0
int__tai50_15_07,2943,572,3114.0,3551.0
int__tai50_15_07,2943,573,3175.0,3601.0
int__tai50_15_07,2943,574,3151.0,3602.0
int__tai50_15_07,2943,575,3134.0,3607.0
int__tai50_15_07,2943,576,3095.0,3535.0
int__tai50_15_07,2943,577,3142.0,3611.0
int__tai50_15_07,2943,578,3083.0,3520.0
int__tai50_15_07,2943,579,3025.0,3481.0
int__tai50_15_07,2943,580,3209.0,3666.0
int__tai50_15_07,2943,581,3145.0,3650.0
int__tai50_15_07,2943,582,3100.0,3539.0
int__tai50_15_07,2943,583,3040.0,3489.0
int__tai50_15_07,2943,584,3016.0,3461.0
int__tai50_15_07,2943,585,3098.0,3574.0
int__tai50_15_07,2943,586,3081.0,3494.0
int__tai50_15_07,2943,587,3147.0,3617.0
int__tai50_15_07,2943,588,3227.0,3693.0
int__tai50_15_07,2943,589,3093.0,3519.0
int__tai50_15_07,2943,590,3112.0,3522.0
int__tai50_15_07,2943,591,3041.0,3481.0
int__tai50_15_07,2943,592,3087.0,3518.0
int__tai50_15_07,2943,593,3009.0,3454.0
int__tai50_15_07,2943,594,3084.0,3504.0
int__tai50_15_07,2943,595,3121.0,3554.0
int__tai50_15_07,2943,596,3152.0,3656.0
int__tai50_15_07,2943,597,3098.0,3533.0
int__tai50_15_07,2943,598,3025.0,3497.0
int__tai50_15_07,2943,599,3182.0,3635.0
int__tai50_15_07,2943,600,3037.0,3466.0
int__tai50_15_07,2943,601,3159.0,3628.0
int__tai50_15_07,2943,602,3017.0,3449.0
int__tai50_15_07,2943,603,3094.0,3527.0
int__tai50_15_07,2943,604,3123.0,3532.0
int__tai50_15_07,2943,605,3089.0,3523.0
int__tai50_15_07,2943,606,3330.0,3736.0
int__tai50_15_07,2943,607,3161.0,3594.0
int__tai50_15_07,2943,608,2988.0,3438.0
int__tai50_15_07,2943,609,3190.0,3658.0
int__tai50_15_07,2943,610,3194.0,3626.0
int__tai50_15_07,2943,611,3064.0,3547.0
int__tai50_15_07,2943,612,3063.0,3485.0
int__tai50_15_07,2943,613,3131.0,3582.0
int__tai50_15_07,2943,614,3160.0,3622.0
int__tai50_15_07,2943,615,3118.0,3584.0
int__tai50_15_07,2943,616,3122.0,3573.0
int__tai50_15_07,2943,617,3139.0,3583.0
int__tai50_15_07,2943,618,3157.0,3579.0
int__tai50_15_07,2943,619,3036.0,3457.0
int__tai50_15_07,2943,620,3125.0,3581.0
int__tai50_15_07,2943,621,3173.0,3671.0
int__tai50_15_07,2943,622,3141.0,3607.0
int__tai50_15_07,2943,623,3078.0,3497.0
int__tai50_15_07,2943,624,3030.0,3488.0
int__tai50_15_07,2943,625,3191.0,3632.0
int__tai50_15_07,2943,626,3178.0,3617.0
int__tai50_15_07,2943,627,3198.0,3662.0
int__tai50_15_07,2943,628,3142.0,3572.0
int__tai50_15_07,2943,629,3122.0,3543.0
int__tai50_15_07,2943,630,3213.0,3681.0
int__tai50_15_07,2943,631,3127.0,3575.0
int__tai50_15_07,2943,632,3143.0,3552.0
int__tai50_15_07,2943,633,3127.0,3585.0
int__tai50_15_07,2943,634,3035.0,3491.0
int__tai50_15_07,2943,635,3095.0,3560.0
int__tai50_15_07,2943,636,3174.0,3639.0
int__tai50_15_07,2943,637,3008.0,3467.0
int__tai50_15_07,2943,638,3134.0,3567.0
int__tai50_15_07,2943,639,3210.0,3627.0
int__tai50_15_07,2943,640,3059.0,3516.0
int__tai50_15_07,2943,641,3091.0,3499.0
int__tai50_15_07,2943,642,3073.0,3470.0
int__tai50_15_07,2943,643,3145.0,3563.0
int__tai50_15_07,2943,644,3106.0,3572.0
int__tai50_15_07,2943,645,3149.0,3547.0
int__tai50_15_07,2943,646,3101.0,3561.0
int__tai50_15_07,2943,647,3203.0,3660.0
int__tai50_15_07,2943,648,3132.0,3568.0
int__tai50_15_07,2943,649,3089.0,3520.0
int__tai50_15_07,2943,650,3122.0,3584.0
int__tai50_15_07,2943,651,3080.0,3549.0
int__tai50_15_07,2943,652,3116.0,3572.0
int__tai50_15_07,2943,653,3113.0,3545.0
int__tai50_15_07,2943,654,3039.0,3458.0
int__tai50_15_07,2943,655,3140.0,3600.0
int__tai50_15_07,2943,656,3156.0,3594.0
int__tai50_15_07,2943,657,3105.0,3540.0
int__tai50_15_07,2943,658,3103.0,3532.0
int__tai50_15_07,2943,659,3160.0,3602.0
int__tai50_15_07,2943,660,3145.0,3574.0
int__tai50_15_07,2943,661,3143.0,3590.0
int__tai50_15_07,2943,662,3034.0,3458.0
int__tai50_15_07,2943,663,3014.0,3474.0
int__tai50_15_07,2943,664,3085.0,3517.0
int__tai50_15_07,2943,665,3118.0,3558.0
int__tai50_15_07,2943,666,3040.0,3507.0
int__tai50_15_07,2943,667,3169.0,3695.0
int__tai50_15_07,2943,668,3135.0,3591.0
int__tai50_15_07,2943,669,3073.0,3498.0
int__tai50_15_07,2943,670,3175.0,3616.0
int__tai50_15_07,2943,671,3047.0,3484.0
int__tai50_15_07,2943,672,3112.0,3530.0
int__tai50_15_07,2943,673,3286.0,3752.0
int__tai50_15_07,2943,674,3178.0,3574.0
int__tai50_15_07,2943,675,3127.0,3560.0
int__tai50_15_07,2943,676,3157.0,3564.0
int__tai50_15_07,2943,677,3161.0,3618.0
int__tai50_15_07,2943,678,3001.0,3459.0
int__tai50_15_07,2943,679,3084.0,3513.0
int__tai50_15_07,2943,680,3126.0,3579.0
int__tai50_15_07,2943,681,3089.0,3550.0
int__tai50_15_07,2943,682,2985.0,3426.0
int__tai50_15_07,2943,683,3139.0,3578.0
int__tai50_15_07,2943,684,3151.0,3623.0
int__tai50_15_07,2943,685,3214.0,3641.0
int__tai50_15_07,2943,686,3143.0,3567.0
int__tai50_15_07,2943,687,3075.0,3502.0
int__tai50_15_07,2943,688,3088.0,3520.0
int__tai50_15_07,2943,689,3169.0,3618.0
int__tai50_15_07,2943,690,3076.0,3460.0
int__tai50_15_07,2943,691,3074.0,3525.0
int__tai50_15_07,2943,692,3108.0,3547.0
int__tai50_15_07,2943,693,3057.0,3502.0
int__tai50_15_07,2943,694,3139.0,3588.0
int__tai50_15_07,2943,695,3116.0,3576.0
int__tai50_15_07,2943,696,3134.0,3556.0
int__tai50_15_07,2943,697,3057.0,3445.0
int__tai50_15_07,2943,698,3048.0,3476.0
int__tai50_15_07,2943,699,3081.0,3501.0
int__tai50_15_07,2943,700,3129.0,3556.0
int__tai50_15_07,2943,701,3136.0,3559.0
int__tai50_15_07,2943,702,3104.0,3584.0
int__tai50_15_07,2943,703,3069.0,3503.0
int__tai50_15_07,2943,704,3075.0,3501.0
int__tai50_15_07,2943,705,3098.0,3548.0
int__tai50_15_07,2943,706,3106.0,3545.0
int__tai50_15_07,2943,707,3119.0,3524.0
int__tai50_15_07,2943,708,3044.0,3487.0
int__tai50_15_07,2943,709,3063.0,3494.0
int__tai50_15_07,2943,710,3067.0,3471.0
int__tai50_15_07,2943,711,3083.0,3552.0
int__tai50_15_07,2943,712,3067.0,3509.0
int__tai50_15_07,2943,713,3099.0,3551.0
int__tai50_15_07,2943,714,3152.0,3590.0
int__tai50_15_07,2943,715,3104.0,3535.0
int__tai50_15_07,2943,716,3068.0,3526.0
int__tai50_15_07,2943,717,3102.0,3527.0
int__tai50_15_07,2943,718,3081.0,3525.0
int__tai50_15_07,2943,719,3008.0,3491.0
int__tai50_15_07,2943,720,3040.0,3473.0
int__tai50_15_07,2943,721,3161.0,3590.0
int__tai50_15_07,2943,722,3122.0,3574.0
int__tai50_15_07,2943,723,3098.0,3552.0
int__tai50_15_07,2943,724,3098.0,3551.0
int__tai50_15_07,2943,725,3244.0,3649.0
int__tai50_15_07,2943,726,3106.0,3563.0
int__tai50_15_07,2943,727,3048.0,3497.0
int__tai50_15_07,2943,728,3033.0,3505.0
int__tai50_15_07,2943,729,3073.0,3511.0
int__tai50_15_07,2943,730,3209.0,3654.0
int__tai50_15_07,2943,731,3067.0,3490.0
int__tai50_15_07,2943,732,3053.0,3473.0
int__tai50_15_07,2943,733,3119.0,3544.0
int__tai50_15_07,2943,734,3169.0,3627.0
int__tai50_15_07,2943,735,3030.0,3491.0
int__tai50_15_07,2943,736,3063.0,3520.0
int__tai50_15_07,2943,737,3066.0,3524.0
int__tai50_15_07,2943,738,3065.0,3504.0
int__tai50_15_07,2943,739,3097.0,3568.0
int__tai50_15_07,2943,740,3039.0,3427.0
int__tai50_15_07,2943,741,3162.0,3597.0
int__tai50_15_07,2943,742,3153.0,3598.0
int__tai50_15_07,2943,743,3028.0,3460.0
int__tai50_15_07,2943,744,3067.0,3514.0
int__tai50_15_07,2943,745,3202.0,3662.0
int__tai50_15_07,2943,746,3106.0,3562.0
int__tai50_15_07,2943,747,3142.0,3580.0
int__tai50_15_07,2943,748,3226.0,3679.0
int__tai50_15_07,2943,749,3055.0,3472.0
int__tai50_15_07,2943,750,3137.0,3579.0
int__tai50_15_07,2943,751,3081.0,3471.0
int__tai50_15_07,2943,752,3294.0,3731.0
int__tai50_15_07,2943,753,3057.0,3528.0
int__tai50_15_07,2943,754,3185.0,3612.0
int__tai50_15_07,2943,755,3185.0,3627.0
int__tai50_15_07,2943,756,3233.0,3661.0
int__tai50_15_07,2943,757,3194.0,3626.0
int__tai50_15_07,2943,758,3178.0,3618.0
int__tai50_15_07,2943,759,3197.0,3588.0
int__tai50_15_07,2943,760,3219.0,3629.0
int__tai50_15_07,2943,761,3067.0,3487.0
int__tai50_15_07,2943,762,3148.0,3615.0
int__tai50_15_07,2943,763,3110.0,3525.0
int__tai50_15_07,2943,764,3101.0,3553.0
int__tai50_15_07,2943,765,3110.0,3558.0
int__tai50_15_07,2943,766,3049.0,3483.0
int__tai50_15_07,2943,767,3021.0,3464.0
int__tai50_15_07,2943,768,3183.0,3618.0
int__tai50_15_07,2943,769,3044.0,3451.0
int__tai50_15_07,2943,770,3160.0,3547.0
int__tai50_15_07,2943,771,3163.0,3563.0
int__tai50_15_07,2943,772,3148.0,3575.0
int__tai50_15_07,2943,773,3067.0,3498.0
int__tai50_15_07,2943,774,3184.0,3675.0
int__tai50_15_07,2943,775,3205.0,3672.0
int__tai50_15_07,2943,776,3166.0,3622.0
int__tai50_15_07,2943,777,3236.0,3711.0
int__tai50_15_07,2943,778,3143.0,3579.0
int__tai50_15_07,2943,779,3056.0,3491.0
int__tai50_15_07,2943,780,3120.0,3573.0
int__tai50_15_07,2943,781,3105.0,3553.0
int__tai50_15_07,2943,782,3117.0,3556.0
int__tai50_15_07,2943,783,3070.0,3520.0
int__tai50_15_07,2943,784,3086.0,3516.0
int__tai50_15_07,2943,785,3078.0,3527.0
int__tai50_15_07,2943,786,3219.0,3662.0
int__tai50_15_07,2943,787,3092.0,3509.0
int__tai50_15_07,2943,788,3101.0,3557.0
int__tai50_15_07,2943,789,3177.0,3634.0
int__tai50_15_07,2943,790,3228.0,3658.0
int__tai50_15_07,2943,791,3138.0,3556.0
int__tai50_15_07,2943,792,3126.0,3543.0
int__tai50_15_07,2943,793,3158.0,3578.0
int__tai50_15_07,2943,794,3055.0,3489.0
int__tai50_15_07,2943,795,3096.0,3499.0
int__tai50_15_07,2943,796,3336.0,3747.0
int__tai50_15_07,2943,797,3185.0,3640.0
int__tai50_15_07,2943,798,3120.0,3535.0
int__tai50_15_07,2943,799,3151.0,3593.0
int__tai50_15_07,2943,800,3070.0,3519.0
int__tai50_15_07,2943,801,3053.0,3501.0
int__tai50_15_07,2943,802,3078.0,3493.0
int__tai50_15_07,2943,803,3031.0,3452.0
int__tai50_15_07,2943,804,3091.0,3483.0
int__tai50_15_07,2943,805,3099.0,3546.0
int__tai50_15_07,2943,806,3063.0,3478.0
int__tai50_15_07,2943,807,3086.0,3534.0
int__tai50_15_07,2943,808,3180.0,3605.0
int__tai50_15_07,2943,809,3030.0,3482.0
int__tai50_15_07,2943,810,3179.0,3661.0
int__tai50_15_07,2943,811,3149.0,3528.0
int__tai50_15_07,2943,812,3114.0,3566.0
int__tai50_15_07,2943,813,3116.0,3561.0
int__tai50_15_07,2943,814,3100.0,3510.0
int__tai50_15_07,2943,815,3175.0,3554.0
int__tai50_15_07,2943,816,3029.0,3489.0
int__tai50_15_07,2943,817,3270.0,3726.0
int__tai50_15_07,2943,818,3122.0,3561.0
int__tai50_15_07,2943,819,3033.0,3469.0
int__tai50_15_07,2943,820,3099.0,3562.0
int__tai50_15_07,2943,821,3096.0,3556.0
int__tai50_15_07,2943,822,3090.0,3552.0
int__tai50_15_07,2943,823,3126.0,3580.0
int__tai50_15_07,2943,824,3145.0,3593.0
int__tai50_15_07,2943,825,3139.0,3550.0
int__tai50_15_07,2943,826,3088.0,3537.0
int__tai50_15_07,2943,827,3104.0,3513.0
int__tai50_15_07,2943,828,3099.0,3541.0
int__tai50_15_07,2943,829,3231.0,3721.0
int__tai50_15_07,2943,830,3033.0,3464.0
int__tai50_15_07,2943,831,3059.0,3485.0
int__tai50_15_07,2943,832,3051.0,3483.0
int__tai50_15_07,2943,833,3076.0,3541.0
int__tai50_15_07,2943,834,3205.0,3632.0
int__tai50_15_07,2943,835,3112.0,3517.0
int__tai50_15_07,2943,836,3091.0,3540.0
int__tai50_15_07,2943,837,3090.0,3512.0
int__tai50_15_07,2943,838,3072.0,3510.0
int__tai50_15_07,2943,839,3139.0,3571.0
int__tai50_15_07,2943,840,3144.0,3575.0
int__tai50_15_07,2943,841,3071.0,3525.0
int__tai50_15_07,2943,842,3105.0,3550.0
int__tai50_15_07,2943,843,3067.0,3516.0
int__tai50_15_07,2943,844,3088.0,3501.0
int__tai50_15_07,2943,845,3049.0,3521.0
int__tai50_15_07,2943,846,3185.0,3596.0
int__tai50_15_07,2943,847,3077.0,3539.0
int__tai50_15_07,2943,848,3128.0,3535.0
int__tai50_15_07,2943,849,3137.0,3572.0
int__tai50_15_07,2943,850,3101.0,3521.0
int__tai50_15_07,2943,851,3191.0,3644.0
int__tai50_15_07,2943,852,3108.0,3540.0
int__tai50_15_07,2943,853,3016.0,3457.0
int__tai50_15_07,2943,854,3147.0,3533.0
int__tai50_15_07,2943,855,3119.0,3550.0
int__tai50_15_07,2943,856,3201.0,3610.0
int__tai50_15_07,2943,857,3128.0,3533.0
int__tai50_15_07,2943,858,3045.0,3524.0
int__tai50_15_07,2943,859,3057.0,3535.0
int__tai50_15_07,2943,860,3120.0,3572.0
int__tai50_15_07,2943,861,3146.0,3617.0
int__tai50_15_07,2943,862,3096.0,3525.0
int__tai50_15_07,2943,863,3050.0,3484.0
int__tai50_15_07,2943,864,3033.0,3508.0
int__tai50_15_07,2943,865,3249.0,3688.0
int__tai50_15_07,2943,866,3082.0,3565.0
int__tai50_15_07,2943,867,3233.0,3659.0
int__tai50_15_07,2943,868,3053.0,3495.0
int__tai50_15_07,2943,869,3090.0,3508.0
int__tai50_15_07,2943,870,3070.0,3545.0
int__tai50_15_07,2943,871,3126.0,3569.0
int__tai50_15_07,2943,872,3038.0,3456.0
int__tai50_15_07,2943,873,3107.0,3455.0
int__tai50_15_07,2943,874,3263.0,3679.0
int__tai50_15_07,2943,875,3176.0,3611.0
int__tai50_15_07,2943,876,3070.0,3456.0
int__tai50_15_07,2943,877,3066.0,3514.0
int__tai50_15_07,2943,878,3076.0,3500.0
int__tai50_15_07,2943,879,3024.0,3471.0
int__tai50_15_07,2943,880,3200.0,3636.0
int__tai50_15_07,2943,881,3230.0,3681.0
int__tai50_15_07,2943,882,3177.0,3630.0
int__tai50_15_07,2943,883,3125.0,3515.0
int__tai50_15_07,2943,884,3088.0,3514.0
int__tai50_15_07,2943,885,3058.0,3489.0
int__tai50_15_07,2943,886,3061.0,3495.0
int__tai50_15_07,2943,887,3032.0,3470.0
int__tai50_15_07,2943,888,3115.0,3584.0
int__tai50_15_07,2943,889,3133.0,3561.0
int__tai50_15_07,2943,890,3107.0,3549.0
int__tai50_15_07,2943,891,3153.0,3578.0
int__tai50_15_07,2943,892,3119.0,3548.0
int__tai50_15_07,2943,893,3044.0,3511.0
int__tai50_15_07,2943,894,2992.0,3444.0
int__tai50_15_07,2943,895,3068.0,3485.0
int__tai50_15_07,2943,896,3053.0,3479.0
int__tai50_15_07,2943,897,3228.0,3648.0
int__tai50_15_07,2943,898,3075.0,3523.0
int__tai50_15_07,2943,899,3095.0,3549.0
int__tai50_15_07,2943,900,3110.0,3562.0
int__tai50_15_07,2943,901,3063.0,3524.0
int__tai50_15_07,2943,902,3167.0,3603.0
int__tai50_15_07,2943,903,3255.0,3704.0
int__tai50_15_07,2943,904,3106.0,3477.0
int__tai50_15_07,2943,905,3001.0,3440.0
int__tai50_15_07,2943,906,3134.0,3581.0
int__tai50_15_07,2943,907,3134.0,3607.0
int__tai50_15_07,2943,908,3113.0,3548.0
int__tai50_15_07,2943,909,3063.0,3481.0
int__tai50_15_07,2943,910,3179.0,3625.0
int__tai50_15_07,2943,911,3085.0,3504.0
int__tai50_15_07,2943,912,3041.0,3478.0
int__tai50_15_07,2943,913,3207.0,3676.0
int__tai50_15_07,2943,914,3154.0,3571.0
int__tai50_15_07,2943,915,3117.0,3542.0
int__tai50_15_07,2943,916,3026.0,3451.0
int__tai50_15_07,2943,917,3148.0,3577.0
int__tai50_15_07,2943,918,3168.0,3653.0
int__tai50_15_07,2943,919,3126.0,3595.0
int__tai50_15_07,2943,920,3144.0,3589.0
int__tai50_15_07,2943,921,3225.0,3709.0
int__tai50_15_07,2943,922,3147.0,3594.0
int__tai50_15_07,2943,923,3111.0,3549.0
int__tai50_15_07,2943,924,3172.0,3637.0
int__tai50_15_07,2943,925,3051.0,3487.0
int__tai50_15_07,2943,926,3092.0,3534.0
int__tai50_15_07,2943,927,3113.0,3556.0
int__tai50_15_07,2943,928,2983.0,3405.0
int__tai50_15_07,2943,929,3100.0,3543.0
int__tai50_15_07,2943,930,3191.0,3606.0
int__tai50_15_07,2943,931,3127.0,3561.0
int__tai50_15_07,2943,932,3061.0,3540.0
int__tai50_15_07,2943,933,3129.0,3562.0
int__tai50_15_07,2943,934,3070.0,3515.0
int__tai50_15_07,2943,935,3020.0,3452.0
int__tai50_15_07,2943,936,3130.0,3562.0
int__tai50_15_07,2943,937,3095.0,3583.0
int__tai50_15_07,2943,938,3052.0,3524.0
int__tai50_15_07,2943,939,3188.0,3633.0
int__tai50_15_07,2943,940,3166.0,3623.0
int__tai50_15_07,2943,941,3109.0,3559.0
int__tai50_15_07,2943,942,3013.0,3465.0
int__tai50_15_07,2943,943,3284.0,3773.0
int__tai50_15_07,2943,944,3094.0,3576.0
int__tai50_15_07,2943,945,3120.0,3560.0
int__tai50_15_07,2943,946,3090.0,3516.0
int__tai50_15_07,2943,947,3109.0,3556.0
int__tai50_15_07,2943,948,3288.0,3743.0
int__tai50_15_07,2943,949,3117.0,3576.0
int__tai50_15_07,2943,950,3022.0,3414.0
int__tai50_15_07,2943,951,3054.0,3519.0
int__tai50_15_07,2943,952,3165.0,3620.0
int__tai50_15_07,2943,953,3065.0,3526.0
int__tai50_15_07,2943,954,3156.0,3593.0
int__tai50_15_07,2943,955,3066.0,3486.0
int__tai50_15_07,2943,956,3169.0,3610.0
int__tai50_15_07,2943,957,3068.0,3486.0
int__tai50_15_07,2943,958,3047.0,3492.0
int__tai50_15_07,2943,959,3155.0,3601.0
int__tai50_15_07,2943,960,3149.0,3637.0
int__tai50_15_07,2943,961,3124.0,3545.0
int__tai50_15_07,2943,962,3131.0,3572.0
int__tai50_15_07,2943,963,3141.0,3564.0
int__tai50_15_07,2943,964,3075.0,3533.0
int__tai50_15_07,2943,965,3084.0,3536.0
int__tai50_15_07,2943,966,3098.0,3543.0
int__tai50_15_07,2943,967,3168.0,3611.0
int__tai50_15_07,2943,968,3105.0,3560.0
int__tai50_15_07,2943,969,2990.0,3468.0
int__tai50_15_07,2943,970,3199.0,3624.0
int__tai50_15_07,2943,971,3038.0,3459.0
int__tai50_15_07,2943,972,3168.0,3655.0
int__tai50_15_07,2943,973,3161.0,3585.0
int__tai50_15_07,2943,974,3008.0,3481.0
int__tai50_15_07,2943,975,3097.0,3538.0
int__tai50_15_07,2943,976,3099.0,3573.0
int__tai50_15_07,2943,977,3153.0,3586.0
int__tai50_15_07,2943,978,3049.0,3491.0
int__tai50_15_07,2943,979,3054.0,3500.0
int__tai50_15_07,2943,980,3071.0,3524.0
int__tai50_15_07,2943,981,3186.0,3582.0
int__tai50_15_07,2943,982,3149.0,3573.0
int__tai50_15_07,2943,983,3056.0,3519.0
int__tai50_15_07,2943,984,3142.0,3606.0
int__tai50_15_07,2943,985,3059.0,3448.0
int__tai50_15_07,2943,986,3165.0,3586.0
int__tai50_15_07,2943,987,3048.0,3493.0
int__tai50_15_07,2943,988,3070.0,3473.0
int__tai50_15_07,2943,989,3141.0,3547.0
int__tai50_15_07,2943,990,3075.0,3516.0
int__tai50_15_07,2943,991,3080.0,3479.0
int__tai50_15_07,2943,992,3095.0,3529.0
int__tai50_15_07,2943,993,3179.0,3646.0
int__tai50_15_07,2943,994,3119.0,3566.0
int__tai50_15_07,2943,995,3106.0,3523.0
int__tai50_15_07,2943,996,3107.0,3570.0
int__tai50_15_07,2943,997,3126.0,3576.0
int__tai50_15_07,2943,998,3165.0,3607.0
int__tai50_15_07,2943,999,3070.0,3496.0
int__tai50_15_07,2943,1000,3048.0,3499.0
int__tai50_15_07,2943,1001,3208.0,3642.0
int__tai50_15_07,2943,1002,3032.0,3480.0
int__tai50_15_07,2943,1003,3118.0,3615.0
int__tai50_15_07,2943,1004,3156.0,3639.0
int__tai50_15_07,2943,1005,3133.0,3612.0
int__tai50_15_07,2943,1006,3137.0,3608.0
int__tai50_15_07,2943,1007,3081.0,3558.0
int__tai50_15_07,2943,1008,3109.0,3521.0
int__tai50_15_07,2943,1009,3044.0,3447.0
int__tai50_15_07,2943,1010,3017.0,3449.0
int__tai50_15_07,2943,1011,3176.0,3611.0
int__tai50_15_07,2943,1012,3012.0,3450.0
int__tai50_15_07,2943,1013,3061.0,3519.0
int__tai50_15_07,2943,1014,3163.0,3627.0
int__tai50_15_07,2943,1015,3042.0,3492.0
int__tai50_15_07,2943,1016,3085.0,3514.0
int__tai50_15_07,2943,1017,3146.0,3570.0
int__tai50_15_07,2943,1018,3118.0,3545.0
int__tai50_15_07,2943,1019,3103.0,3535.0
int__tai50_15_07,2943,1020,3026.0,3464.0
int__tai50_15_07,2943,1021,3240.0,3633.0
int__tai50_15_07,2943,1022,3045.0,3522.0
int__tai50_15_07,2943,1023,3142.0,3550.0
int__tai50_20_03,2755,0,2945.0,3302.0
int__tai50_20_03,2755,1,2951.0,3374.0
int__tai50_20_03,2755,2,2964.0,3341.0
int__tai50_20_03,2755,3,2930.0,3320.0
int__tai50_20_03,2755,4,3068.0,3446.0
int__tai50_20_03,2755,5,3091.0,3474.0
int__tai50_20_03,2755,6,3033.0,3440.0
int__tai50_20_03,2755,7,2963.0,3334.0
int__tai50_20_03,2755,8,3037.0,3436.0
int__tai50_20_03,2755,9,2898.0,3283.0
int__tai50_20_03,2755,10,2988.0,3327.0
int__tai50_20_03,2755,11,3035.0,3398.0
int__tai50_20_03,2755,12,2942.0,3315.0
int__tai50_20_03,2755,13,2976.0,3389.0
int__tai50_20_03,2755,14,2936.0,3362.0
int__tai50_20_03,2755,15,3011.0,3450.0
int__tai50_20_03,2755,16,3024.0,3436.0
int__tai50_20_03,2755,17,3052.0,3392.0
int__tai50_20_03,2755,18,2991.0,3374.0
int__tai50_20_03,2755,19,3111.0,3533.0
int__tai50_20_03,2755,20,2989.0,3368.0
int__tai50_20_03,2755,21,2937.0,3322.0
int__tai50_20_03,2755,22,2941.0,3398.0
int__tai50_20_03,2755,23,3008.0,3395.0
int__tai50_20_03,2755,24,2964.0,3381.0
int__tai50_20_03,2755,25,2966.0,3417.0
int__tai50_20_03,2755,26,3017.0,3445.0
int__tai50_20_03,2755,27,2975.0,3394.0
int__tai50_20_03,2755,28,2987.0,3414.0
int__tai50_20_03,2755,29,2982.0,3407.0
int__tai50_20_03,2755,30,2989.0,3414.0
int__tai50_20_03,2755,31,2958.0,3386.0
int__tai50_20_03,2755,32,2982.0,3370.0
int__tai50_20_03,2755,33,3001.0,3427.0
int__tai50_20_03,2755,34,3003.0,3369.0
int__tai50_20_03,2755,35,2956.0,3345.0
int__tai50_20_03,2755,36,3045.0,3448.0
int__tai50_20_03,2755,37,3015.0,3419.0
int__tai50_20_03,2755,38,2985.0,3361.0
int__tai50_20_03,2755,39,3101.0,3439.0
int__tai50_20_03,2755,40,2924.0,3329.0
int__tai50_20_03,2755,41,2973.0,3365.0
int__tai50_20_03,2755,42,2951.0,3361.0
int__tai50_20_03,2755,43,2966.0,3384.0
int__tai50_20_03,2755,44,3035.0,3449.0
int__tai50_20_03,2755,45,2999.0,3392.0
int__tai50_20_03,2755,46,2964.0,3333.0
int__tai50_20_03,2755,47,2967.0,3381.0
int__tai50_20_03,2755,48,3025.0,3465.0
int__tai50_20_03,2755,49,3009.0,3412.0
int__tai50_20_03,2755,50,2973.0,3382.0
int__tai50_20_03,2755,51,2963.0,3321.0
int__tai50_20_03,2755,52,3017.0,3407.0
int__tai50_20_03,2755,53,2988.0,3393.0
int__tai50_20_03,2755,54,2976.0,3331.0
int__tai50_20_03,2755,55,2961.0,3367.0
int__tai50_20_03,2755,56,3013.0,3358.0
int__tai50_20_03,2755,57,2983.0,3341.0
int__tai50_20_03,2755,58,3074.0,3412.0
int__tai50_20_03,2755,59,2957.0,3344.0
int__tai50_20_03,2755,60,2966.0,3401.0
int__tai50_20_03,2755,61,3021.0,3376.0
int__tai50_20_03,2755,62,3007.0,3380.0
int__tai50_20_03,2755,63,3067.0,3402.0
int__tai50_20_03,2755,64,2978.0,3354.0
int__tai50_20_03,2755,65,2972.0,3334.0
int__tai50_20_03,2755,66,2908.0,3315.0
int__tai50_20_03,2755,67,3011.0,3367.0
int__tai50_20_03,2755,68,2927.0,3300.0
int__tai50_20_03,2755,69,2985.0,3363.0
int__tai50_20_03,2755,70,3039.0,3425.0
int__tai50_20_03,2755,71,3008.0,3347.0
int__tai50_20_03,2755,72,2974.0,3364.0
int__tai50_20_03,2755,73,2988.0,3350.0
int__tai50_20_03,2755,74,2920.0,3300.0
int__tai50_20_03,2755,75,3055.0,3404.0
int__tai50_20_03,2755,76,3023.0,3409.0
int__tai50_20_03,2755,77,3096.0,3473.0
int__tai50_20_03,2755,78,3034.0,3386.0
int__tai50_20_03,2755,79,2974.0,3360.0
int__tai50_20_03,2755,80,3105.0,3424.0
int__tai50_20_03,2755,81,2978.0,3348.0
int__tai50_20_03,2755,82,2982.0,3386.0
int__tai50_20_03,2755,83,2917.0,3279.0
int__tai50_20_03,2755,84,2955.0,3320.0
int__tai50_20_03,2755,85,2945.0,3341.0
int__tai50_20_03,2755,86,3023.0,3437.0
int__tai50_20_03,2755,87,2956.0,3362.0
int__tai50_20_03,2755,88,3083.0,3420.0
int__tai50_20_03,2755,89,2986.0,3382.0
int__tai50_20_03,2755,90,2996.0,3389.0
int__tai50_20_03,2755,91,2945.0,3366.0
int__tai50_20_03,2755,92,2967.0,3336.0
int__tai50_20_03,2755,93,3068.0,3455.0
int__tai50_20_03,2755,94,3007.0,3407.0
int__tai50_20_03,2755,95,3013.0,3386.0
int__tai50_20_03,2755,96,2985.0,3405.0
int__tai50_20_03,2755,97,2956.0,3391.0
int__tai50_20_03,2755,98,3028.0,3399.0
int__tai50_20_03,2755,99,2980.0,3397.0
int__tai50_20_03,2755,100,2998.0,3401.0
int__tai50_20_03,2755,101,3060.0,3453.0
int__tai50_20_03,2755,102,3017.0,3403.0
int__tai50_20_03,2755,103,3158.0,3581.0
int__tai50_20_03,2755,104,2956.0,3348.0
int__tai50_20_03,2755,105,2899.0,3322.0
int__tai50_20_03,2755,106,2994.0,3394.0
int__tai50_20_03,2755,107,2982.0,3340.0
int__tai50_20_03,2755,108,2941.0,3331.0
int__tai50_20_03,2755,109,2985.0,3390.0
int__tai50_20_03,2755,110,2991.0,3428.0
int__tai50_20_03,2755,111,3002.0,3370.0
int__tai50_20_03,2755,112,2984.0,3351.0
int__tai50_20_03,2755,113,2953.0,3314.0
int__tai50_20_03,2755,114,2965.0,3350.0
int__tai50_20_03,2755,115,2972.0,3359.0
int__tai50_20_03,2755,116,2961.0,3374.0
int__tai50_20_03,2755,117,3034.0,3468.0
int__tai50_20_03,2755,118,2902.0,3356.0
int__tai50_20_03,2755,119,3027.0,3406.0
int__tai50_20_03,2755,120,3014.0,3361.0
int__tai50_20_03,2755,121,2976.0,3373.0
int__tai50_20_03,2755,122,3000.0,3393.0
int__tai50_20_03,2755,123,3005.0,3363.0
int__tai50_20_03,2755,124,2954.0,3362.0
int__tai50_20_03,2755,125,3009.0,3405.0
int__tai50_20_03,2755,126,2986.0,3390.0
int__tai50_20_03,2755,127,3014.0,3418.0
int__tai50_20_03,2755,128,2986.0,3309.0
int__tai50_20_03,2755,129,2981.0,3345.0
int__tai50_20_03,2755,130,3010.0,3385.0
int__tai50_20_03,2755,131,2992.0,3366.0
int__tai50_20_03,2755,132,2969.0,3346.0
int__tai50_20_03,2755,133,2998.0,3408.0
int__tai50_20_03,2755,134,2947.0,3322.0
int__tai50_20_03,2755,135,2981.0,3360.0
int__tai50_20_03,2755,136,2989.0,3406.0
int__tai50_20_03,2755,137,2986.0,3390.0
int__tai50_20_03,2755,138,3025.0,3438.0
int__tai50_20_03,2755,139,2952.0,3339.0
int__tai50_20_03,2755,140,2918.0,3305.0
int__tai50_20_03,2755,141,2986.0,3367.0
int__tai50_20_03,2755,142,3070.0,3480.0
int__tai50_20_03,2755,143,3089.0,3466.0
int__tai50_20_03,2755,144,2934.0,3311.0
int__tai50_20_03,2755,145,2958.0,3384.0
int__tai50_20_03,2755,146,2993.0,3334.0
int__tai50_20_03,2755,147,3031.0,3393.0
int__tai50_20_03,2755,148,2968.0,3355.0
int__tai50_20_03,2755,149,3064.0,3404.0
int__tai50_20_03,2755,150,2971.0,3360.0
int__tai50_20_03,2755,151,3049.0,3403.0
int__tai50_20_03,2755,152,2939.0,3332.0
int__tai50_20_03,2755,153,3006.0,3407.0
int__tai50_20_03,2755,154,3089.0,3471.0
int__tai50_20_03,2755,155,2960.0,3404.0
int__tai50_20_03,2755,156,2999.0,3407.0
int__tai50_20_03,2755,157,2960.0,3366.0
int__tai50_20_03,2755,158,3066.0,3478.0
int__tai50_20_03,2755,159,2963.0,3332.0
int__tai50_20_03,2755,160,2901.0,3305.0
int__tai50_20_03,2755,161,2934.0,3350.0
int__tai50_20_03,2755,162,2974.0,3401.0
int__tai50_20_03,2755,163,3020.0,3379.0
int__tai50_20_03,2755,164,2966.0,3361.0
int__tai50_20_03,2755,165,2970.0,3307.0
int__tai50_20_03,2755,166,3030.0,3438.0
int__tai50_20_03,2755,167,3008.0,3398.0
int__tai50_20_03,2755,168,3049.0,3482.0
int__tai50_20_03,2755,169,3006.0,3389.0
int__tai50_20_03,2755,170,3023.0,3381.0
int__tai50_20_03,2755,171,2946.0,3382.0
int__tai50_20_03,2755,172,3017.0,3441.0
int__tai50_20_03,2755,173,2967.0,3355.0
int__tai50_20_03,2755,174,3010.0,3418.0
int__tai50_20_03,2755,175,3032.0,3367.0
int__tai50_20_03,2755,176,3073.0,3456.0
int__tai50_20_03,2755,177,3121.0,3522.0
int__tai50_20_03,2755,178,3001.0,3414.0
int__tai50_20_03,2755,179,2969.0,3425.0
int__tai50_20_03,2755,180,3019.0,3424.0
int__tai50_20_03,2755,181,2939.0,3301.0
int__tai50_20_03,2755,182,3007.0,3381.0
int__tai50_20_03,2755,183,2923.0,3319.0
int__tai50_20_03,2755,184,2988.0,3318.0
int__tai50_20_03,2755,185,2957.0,3376.0
int__tai50_20_03,2755,186,3038.0,3478.0
int__tai50_20_03,2755,187,3041.0,3466.0
int__tai50_20_03,2755,188,3003.0,3427.0
int__tai50_20_03,2755,189,2994.0,3388.0
int__tai50_20_03,2755,190,3026.0,3402.0
int__tai50_20_03,2755,191,3009.0,3417.0
int__tai50_20_03,2755,192,3068.0,3414.0
int__tai50_20_03,2755,193,3009.0,3379.0
int__tai50_20_03,2755,194,2998.0,3359.0
int__tai50_20_03,2755,195,3044.0,3391.0
int__tai50_20_03,2755,196,2999.0,3372.0
int__tai50_20_03,2755,197,3043.0,3468.0
int__tai50_20_03,2755,198,2858.0,3266.0
int__tai50_20_03,2755,199,2945.0,3339.0
int__tai50_20_03,2755,200,3011.0,3433.0
int__tai50_20_03,2755,201,2957.0,3341.0
int__tai50_20_03,2755,202,2924.0,3325.0
int__tai50_20_03,2755,203,2971.0,3313.0
int__tai50_20_03,2755,204,2919.0,3318.0
int__tai50_20_03,2755,205,3047.0,3437.0
int__tai50_20_03,2755,206,2991.0,3409.0
int__tai50_20_03,2755,207,2946.0,3345.0
int__tai50_20_03,2755,208,3060.0,3460.0
int__tai50_20_03,2755,209,3002.0,3456.0
int__tai50_20_03,2755,210,3101.0,3543.0
int__tai50_20_03,2755,211,3060.0,3469.0
int__tai50_20_03,2755,212,2943.0,3351.0
int__tai50_20_03,2755,213,3050.0,3434.0
int__tai50_20_03,2755,214,2960.0,3368.0
int__tai50_20_03,2755,215,2907.0,3294.0
int__tai50_20_03,2755,216,2949.0,3336.0
int__tai50_20_03,2755,217,2976.0,3358.0
int__tai50_20_03,2755,218,3061.0,3443.0
int__tai50_20_03,2755,219,2980.0,3343.0
int__tai50_20_03,2755,220,3083.0,3468.0
int__tai50_20_03,2755,221,2934.0,3327.0
int__tai50_20_03,2755,222,3065.0,3478.0
int__tai50_20_03,2755,223,3015.0,3425.0
int__tai50_20_03,2755,224,2937.0,3330.0
int__tai50_20_03,2755,225,2992.0,3407.0
int__tai50_20_03,2755,226,2999.0,3407.0
int__tai50_20_03,2755,227,3110.0,3561.0
int__tai50_20_03,2755,228,3056.0,3413.0
int__tai50_20_03,2755,229,3073.0,3467.0
int__tai50_20_03,2755,230,2918.0,3343.0
int__tai50_20_03,2755,231,2958.0,3382.0
int__tai50_20_03,2755,232,3036.0,3415.0
int__tai50_20_03,2755,233,3015.0,3384.0
int__tai50_20_03,2755,234,3019.0,3399.0
int__tai50_20_03,2755,235,3087.0,3506.0
int__tai50_20_03,2755,236,3003.0,3374.0
int__tai50_20_03,2755,237,3015.0,3435.0
int__tai50_20_03,2755,238,2932.0,3291.0
int__tai50_20_03,2755,239,2947.0,3324.0
int__tai50_20_03,2755,240,2935.0,3345.0
int__tai50_20_03,2755,241,3139.0,3555.0
int__tai50_20_03,2755,242,3087.0,3506.0
int__tai50_20_03,2755,243,3016.0,3368.0
int__tai50_20_03,2755,244,3085.0,3485.0
int__tai50_20_03,2755,245,3014.0,3387.0
int__tai50_20_03,2755,246,2986.0,3384.0
int__tai50_20_03,2755,247,2939.0,3342.0
int__tai50_20_03,2755,248,3031.0,3368.0
int__tai50_20_03,2755,249,2946.0,3359.0
int__tai50_20_03,2755,250,2986.0,3395.0
int__tai50_20_03,2755,251,3046.0,3452.0
int__tai50_20_03,2755,252,2938.0,3383.0
int__tai50_20_03,2755,253,3105.0,3568.0
int__tai50_20_03,2755,254,3017.0,3364.0
int__tai50_20_03,2755,255,2975.0,3387.0
int__tai50_20_03,2755,256,2988.0,3363.0
int__tai50_20_03,2755,257,2961.0,3287.0
int__tai50_20_03,2755,258,2960.0,3441.0
int__tai50_20_03,2755,259,2990.0,3347.0
int__tai50_20_03,2755,260,3096.0,3403.0
int__tai50_20_03,2755,261,3078.0,3506.0
int__tai50_20_03,2755,262,3034.0,3403.0
int__tai50_20_03,2755,263,2935.0,3334.0
int__tai50_20_03,2755,264,2939.0,3290.0
int__tai50_20_03,2755,265,2956.0,3304.0
int__tai50_20_03,2755,266,3085.0,3430.0
int__tai50_20_03,2755,267,3003.0,3419.0
int__tai50_20_03,2755,268,2918.0,3314.0
int__tai50_20_03,2755,269,2970.0,3353.0
int__tai50_20_03,2755,270,3008.0,3434.0
int__tai50_20_03,2755,271,3099.0,3496.0
int__tai50_20_03,2755,272,3074.0,3495.0
int__tai50_20_03,2755,273,2925.0,3330.0
int__tai50_20_03,2755,274,2998.0,3395.0
int__tai50_20_03,2755,275,2929.0,3352.0
int__tai50_20_03,2755,276,3040.0,3404.0
int__tai50_20_03,2755,277,2947.0,3354.0
int__tai50_20_03,2755,278,2998.0,3403.0
int__tai50_20_03,2755,279,3030.0,3362.0
int__tai50_20_03,2755,280,2971.0,3351.0
int__tai50_20_03,2755,281,2926.0,3301.0
int__tai50_20_03,2755,282,3021.0,3443.0
int__tai50_20_03,2755,283,3009.0,3417.0
int__tai50_20_03,2755,284,2942.0,3331.0
int__tai50_20_03,2755,285,2954.0,3335.0
int__tai50_20_03,2755,286,3028.0,3401.0
int__tai50_20_03,2755,287,2988.0,3390.0
int__tai50_20_03,2755,288,2977.0,3373.0
int__tai50_20_03,2755,289,3010.0,3356.0
int__tai50_20_03,2755,290,2952.0,3308.0
int__tai50_20_03,2755,291,2962.0,3328.0
int__tai50_20_03,2755,292,2935.0,3314.0
int__tai50_20_03,2755,293,2948.0,3386.0
int__tai50_20_03,2755,294,3053.0,3465.0
int__tai50_20_03,2755,295,2939.0,3283.0
int__tai50_20_03,2755,296,2939.0,3330.0
int__tai50_20_03,2755,297,3000.0,3420.0
int__tai50_20_03,2755,298,2951.0,3359.0
int__tai50_20_03,2755,299,2897.0,3285.0
int__tai50_20_03,2755,300,2955.0,3382.0
int__tai50_20_03,2755,301,3041.0,3357.0
int__tai50_20_03,2755,302,3025.0,3370.0
int__tai50_20_03,2755,303,2978.0,3320.0
int__tai50_20_03,2755,304,2930.0,3365.0
int__tai50_20_03,2755,305,2990.0,3389.0
int__tai50_20_03,2755,306,3025.0,3401.0
int__tai50_20_03,2755,307,2917.0,3314.0
int__tai50_20_03,2755,308,2958.0,3335.0
int__tai50_20_03,2755,309,2958.0,3342.0
int__tai50_20_03,2755,310,2965.0,3412.0
int__tai50_20_03,2755,311,3087.0,3480.0
int__tai50_20_03,2755,312,3008.0,3405.0
int__tai50_20_03,2755,313,3062.0,3449.0
int__tai50_20_03,2755,314,2940.0,3361.0
int__tai50_20_03,2755,315,2934.0,3337.0
int__tai50_20_03,2755,316,3010.0,3384.0
int__tai50_20_03,2755,317,2968.0,3346.0
int__tai50_20_03,2755,318,2970.0,3348.0
int__tai50_20_03,2755,319,3059.0,3445.0
int__tai50_20_03,2755,320,3001.0,3422.0
int__tai50_20_03,2755,321,3086.0,3439.0
int__tai50_20_03,2755,322,3009.0,3422.0
int__tai50_20_03,2755,323,2943.0,3351.0
int__tai50_20_03,2755,324,3085.0,3468.0
int__tai50_20_03,2755,325,2998.0,3421.0
int__tai50_20_03,2755,326,2963.0,3369.0
int__tai50_20_03,2755,327,2983.0,3353.0
int__tai50_20_03,2755,328,3038.0,3455.0
int__tai50_20_03,2755,329,2971.0,3355.0
int__tai50_20_03,2755,330,2994.0,3346.0
int__tai50_20_03,2755,331,2992.0,3356.0
int__tai50_20_03,2755,332,2970.0,3379.0
int__tai50_20_03,2755,333,2976.0,3426.0
int__tai50_20_03,2755,334,3003.0,3400.0
int__tai50_20_03,2755,335,3064.0,3423.0
int__tai50_20_03,2755,336,3074.0,3450.0
int__tai50_20_03,2755,337,3022.0,3368.0
int__tai50_20_03,2755,338,3010.0,3336.0
int__tai50_20_03,2755,339,3047.0,3427.0
int__tai50_20_03,2755,340,3020.0,3407.0
int__tai50_20_03,2755,341,2970.0,3353.0
int__tai50_20_03,2755,342,2994.0,3365.0
int__tai50_20_03,2755,343,2986.0,3399.0
int__tai50_20_03,2755,344,2956.0,3345.0
int__tai50_20_03,2755,345,2991.0,3385.0
int__tai50_20_03,2755,346,3023.0,3415.0
int__tai50_20_03,2755,347,2977.0,3338.0
int__tai50_20_03,2755,348,3083.0,3507.0
int__tai50_20_03,2755,349,2981.0,3396.0
int__tai50_20_03,2755,350,2991.0,3391.0
int__tai50_20_03,2755,351,2971.0,3393.0
int__tai50_20_03,2755,352,2984.0,3312.0
int__tai50_20_03,2755,353,2933.0,3343.0
int__tai50_20_03,2755,354,3017.0,3446.0
int__tai50_20_03,2755,355,2953.0,3348.0
int__tai50_20_03,2755,356,3018.0,3428.0
int__tai50_20_03,2755,357,2982.0,3403.0
int__tai50_20_03,2755,358,3036.0,3454.0
int__tai50_20_03,2755,359,2981.0,3390.0
int__tai50_20_03,2755,360,3026.0,3423.0
int__tai50_20_03,2755,361,3092.0,3483.0
int__tai50_20_03,2755,362,2978.0,3388.0
int__tai50_20_03,2755,363,2971.0,3367.0
int__tai50_20_03,2755,364,3005.0,3397.0
int__tai50_20_03,2755,365,2964.0,3358.0
int__tai50_20_03,2755,366,3120.0,3506.0
int__tai50_20_03,2755,367,2962.0,3316.0
int__tai50_20_03,2755,368,3001.0,3331.0
int__tai50_20_03,2755,369,2929.0,3337.0
int__tai50_20_03,2755,370,3053.0,3486.0
int__tai50_20_03,2755,371,3002.0,3356.0
int__tai50_20_03,2755,372,3042.0,3436.0
int__tai50_20_03,2755,373,2928.0,3318.0
int__tai50_20_03,2755,374,2991.0,3394.0
int__tai50_20_03,2755,375,2941.0,3297.0
int__tai50_20_03,2755,376,3022.0,3426.0
int__tai50_20_03,2755,377,3003.0,3390.0
int__tai50_20_03,2755,378,2918.0,3328.0
int__tai50_20_03,2755,379,2957.0,3369.0
int__tai50_20_03,2755,380,2978.0,3363.0
int__tai50_20_03,2755,381,2974.0,3413.0
int__tai50_20_03,2755,382,2943.0,3370.0
int__tai50_20_03,2755,383,3037.0,3475.0
int__tai50_20_03,2755,384,2992.0,3369.0
int__tai50_20_03,2755,385,3119.0,3533.0
int__tai50_20_03,2755,386,2977.0,3363.0
int__tai50_20_03,2755,387,2952.0,3324.0
int__tai50_20_03,2755,388,3036.0,3456.0
int__tai50_20_03,2755,389,3033.0,3393.0
int__tai50_20_03,2755,390,2985.0,3408.0
int__tai50_20_03,2755,391,3068.0,3485.0
int__tai50_20_03,2755,392,2970.0,3345.0
int__tai50_20_03,2755,393,3030.0,3431.0
int__tai50_20_03,2755,394,2998.0,3407.0
int__tai50_20_03,2755,395,3064.0,3471.0
int__tai50_20_03,2755,396,3078.0,3516.0
int__tai50_20_03,2755,397,2989.0,3354.0
int__tai50_20_03,2755,398,3037.0,3446.0
int__tai50_20_03,2755,399,2944.0,3320.0
int__tai50_20_03,2755,400,2938.0,3313.0
int__tai50_20_03,2755,401,2948.0,3313.0
int__tai50_20_03,2755,402,3053.0,3437.0
int__tai50_20_03,2755,403,2902.0,3353.0
int__tai50_20_03,2755,404,2945.0,3341.0
int__tai50_20_03,2755,405,2982.0,3313.0
int__tai50_20_03,2755,406,3063.0,3427.0
int__tai50_20_03,2755,407,2930.0,3307.0
int__tai50_20_03,2755,408,3003.0,3404.0
int__tai50_20_03,2755,409,2956.0,3408.0
int__tai50_20_03,2755,410,3061.0,3436.0
int__tai50_20_03,2755,411,2943.0,3342.0
int__tai50_20_03,2755,412,3073.0,3482.0
int__tai50_20_03,2755,413,2987.0,3387.0
int__tai50_20_03,2755,414,2895.0,3283.0
int__tai50_20_03,2755,415,2926.0,3333.0
int__tai50_20_03,2755,416,3033.0,3447.0
int__tai50_20_03,2755,417,2965.0,3310.0
int__tai50_20_03,2755,418,3026.0,3393.0
int__tai50_20_03,2755,419,2994.0,3400.0
int__tai50_20_03,2755,420,2996.0,3389.0
int__tai50_20_03,2755,421,2997.0,3336.0
int__tai50_20_03,2755,422,2965.0,3352.0
int__tai50_20_03,2755,423,2950.0,3313.0
int__tai50_20_03,2755,424,2937.0,3339.0
int__tai50_20_03,2755,425,3009.0,3426.0
int__tai50_20_03,2755,426,3035.0,3413.0
int__tai50_20_03,2755,427,3029.0,3404.0
int__tai50_20_03,2755,428,2951.0,3363.0
int__tai50_20_03,2755,429,3065.0,3452.0
int__tai50_20_03,2755,430,3094.0,3512.0
int__tai50_20_03,2755,431,3073.0,3434.0
int__tai50_20_03,2755,432,3040.0,3391.0
int__tai50_20_03,2755,433,3134.0,3542.0
int__tai50_20_03,2755,434,2990.0,3375.0
int__tai50_20_03,2755,435,2979.0,3338.0
int__tai50_20_03,2755,436,3066.0,3456.0
int__tai50_20_03,2755,437,2991.0,3410.0
int__tai50_20_03,2755,438,3024.0,3369.0
int__tai50_20_03,2755,439,3052.0,3438.0
int__tai50_20_03,2755,440,2943.0,3369.0
int__tai50_20_03,2755,441,3095.0,3433.0
int__tai50_20_03,2755,442,2929.0,3347.0
int__tai50_20_03,2755,443,2962.0,3406.0
int__tai50_20_03,2755,444,3048.0,3470.0
int__tai50_20_03,2755,445,2932.0,3348.0
int__tai50_20_03,2755,446,2951.0,3354.0
int__tai50_20_03,2755,447,3054.0,3416.0
int__tai50_20_03,2755,448,2967.0,3396.0
int__tai50_20_03,2755,449,3042.0,3378.0
int__tai50_20_03,2755,450,2967.0,3340.0
int__tai50_20_03,2755,451,2999.0,3351.0
int__tai50_20_03,2755,452,2971.0,3406.0
int__tai50_20_03,2755,453,2959.0,3380.0
int__tai50_20_03,2755,454,3141.0,3501.0
int__tai50_20_03,2755,455,2895.0,3308.0
int__tai50_20_03,2755,456,2964.0,3300.0
int__tai50_20_03,2755,457,3075.0,3432.0
int__tai50_20_03,2755,458,2919.0,3320.0
int__tai50_20_03,2755,459,3006.0,3418.0
int__tai50_20_03,2755,460,2934.0,3350.0
int__tai50_20_03,2755,461,2958.0,3356.0
int__tai50_20_03,2755,462,3012.0,3403.0
int__tai50_20_03,2755,463,2915.0,3328.0
int__tai50_20_03,2755,464,2905.0,3315.0
int__tai50_20_03,2755,465,3018.0,3374.0
int__tai50_20_03,2755,466,3045.0,3439.0
int__tai50_20_03,2755,467,2978.0,3362.0
int__tai50_20_03,2755,468,2964.0,3364.0
int__tai50_20_03,2755,469,3002.0,3415.0
int__tai50_20_03,2755,470,2927.0,3309.0
int__tai50_20_03,2755,471,3071.0,3478.0
int__tai50_20_03,2755,472,2923.0,3331.0
int__tai50_20_03,2755,473,2940.0,3346.0
int__tai50_20_03,2755,474,2950.0,3339.0
int__tai50_20_03,2755,475,2946.0,3337.0
int__tai50_20_03,2755,476,2967.0,3395.0
int__tai50_20_03,2755,477,3031.0,3419.0
int__tai50_20_03,2755,478,3003.0,3445.0
int__tai50_20_03,2755,479,2992.0,3373.0
int__tai50_20_03,2755,480,2966.0,3387.0
int__tai50_20_03,2755,481,3127.0,3536.0
int__tai50_20_03,2755,482,2938.0,3343.0
int__tai50_20_03,2755,483,2922.0,3342.0
int__tai50_20_03,2755,484,3024.0,3402.0
int__tai50_20_03,2755,485,3125.0,3472.0
int__tai50_20_03,2755,486,2919.0,3320.0
int__tai50_20_03,2755,487,2969.0,3356.0
int__tai50_20_03,2755,488,2942.0,3359.0
int__tai50_20_03,2755,489,2945.0,3319.0
int__tai50_20_03,2755,490,2906.0,3302.0
int__tai50_20_03,2755,491,2951.0,3365.0
int__tai50_20_03,2755,492,2942.0,3361.0
int__tai50_20_03,2755,493,2986.0,3395.0
int__tai50_20_03,2755,494,2993.0,3416.0
int__tai50_20_03,2755,495,3172.0,3558.0
int__tai50_20_03,2755,496,2953.0,3347.0
int__tai50_20_03,2755,497,3019.0,3434.0
int__tai50_20_03,2755,498,3043.0,3482.0
int__tai50_20_03,2755,499,2954.0,3366.0
int__tai50_20_03,2755,500,2954.0,3379.0
int__tai50_20_03,2755,501,2982.0,3363.0
int__tai50_20_03,2755,502,2993.0,3387.0
int__tai50_20_03,2755,503,2949.0,3340.0
int__tai50_20_03,2755,504,2971.0,3372.0
int__tai50_20_03,2755,505,2962.0,3358.0
int__tai50_20_03,2755,506,2948.0,3335.0
int__tai50_20_03,2755,507,2988.0,3345.0
int__tai50_20_03,2755,508,2999.0,3393.0
int__tai50_20_03,2755,509,3006.0,3361.0
int__tai50_20_03,2755,510,3047.0,3430.0
int__tai50_20_03,2755,511,3004.0,3366.0
int__tai50_20_03,2755,512,3061.0,3419.0
int__tai50_20_03,2755,513,3058.0,3457.0
int__tai50_20_03,2755,514,2967.0,3319.0
int__tai50_20_03,2755,515,2942.0,3316.0
int__tai50_20_03,2755,516,2960.0,3320.0
int__tai50_20_03,2755,517,2988.0,3432.0
int__tai50_20_03,2755,518,3024.0,3375.0
int__tai50_20_03,2755,519,2974.0,3361.0
int__tai50_20_03,2755,520,2946.0,3340.0
int__tai50_20_03,2755,521,3084.0,3468.0
int__tai50_20_03,2755,522,2967.0,3389.0
int__tai50_20_03,2755,523,2975.0,3369.0
int__tai50_20_03,2755,524,2988.0,3420.0
int__tai50_20_03,2755,525,3048.0,3423.0
int__tai50_20_03,2755,526,3021.0,3436.0
int__tai50_20_03,2755,527,2949.0,3361.0
int__tai50_20_03,2755,528,2959.0,3359.0
int__tai50_20_03,2755,529,2986.0,3344.0
int__tai50_20_03,2755,530,2962.0,3395.0
int__tai50_20_03,2755,531,3017.0,3398.0
int__tai50_20_03,2755,532,2966.0,3367.0
int__tai50_20_03,2755,533,2960.0,3307.0
int__tai50_20_03,2755,534,3066.0,3500.0
int__tai50_20_03,2755,535,2995.0,3372.0
int__tai50_20_03,2755,536,2919.0,3306.0
int__tai50_20_03,2755,537,2950.0,3334.0
int__tai50_20_03,2755,538,2915.0,3340.0
int__tai50_20_03,2755,539,2985.0,3401.0
int__tai50_20_03,2755,540,3075.0,3521.0
int__tai50_20_03,2755,541,3020.0,3442.0
int__tai50_20_03,2755,542,2981.0,3413.0
int__tai50_20_03,2755,543,3058.0,3401.0
int__tai50_20_03,2755,544,2996.0,3400.0
int__tai50_20_03,2755,545,3035.0,3415.0
int__tai50_20_03,2755,546,2954.0,3288.0
int__tai50_20_03,2755,547,2931.0,3355.0
int__tai50_20_03,2755,548,2922.0,3352.0
int__tai50_20_03,2755,549,2983.0,3363.0
int__tai50_20_03,2755,550,2977.0,3386.0
int__tai50_20_03,2755,551,2927.0,3378.0
int__tai50_20_03,2755,552,2937.0,3340.0
int__tai50_20_03,2755,553,3009.0,3382.0
int__tai50_20_03,2755,554,3036.0,3465.0
int__tai50_20_03,2755,555,3065.0,3430.0
int__tai50_20_03,2755,556,3065.0,3389.0
int__tai50_20_03,2755,557,2872.0,3291.0
int__tai50_20_03,2755,558,3011.0,3420.0
int__tai50_20_03,2755,559,3052.0,3434.0
int__tai50_20_03,2755,560,3010.0,3430.0
int__tai50_20_03,2755,561,2987.0,3365.0
int__tai50_20_03,2755,562,3007.0,3424.0
int__tai50_20_03,2755,563,3014.0,3398.0
int__tai50_20_03,2755,564,2917.0,3299.0
int__tai50_20_03,2755,565,2964.0,3409.0
int__tai50_20_03,2755,566,2991.0,3445.0
int__tai50_20_03,2755,567,3056.0,3501.0
int__tai50_20_03,2755,568,2967.0,3342.0
int__tai50_20_03,2755,569,3105.0,3577.0
int__tai50_20_03,2755,570,3058.0,3443.0
int__tai50_20_03,2755,571,3000.0,3368.0
int__tai50_20_03,2755,572,2992.0,3334.0
int__tai50_20_03,2755,573,3057.0,3390.0
int__tai50_20_03,2755,574,2997.0,3405.0
int__tai50_20_03,2755,575,3022.0,3443.0
int__tai50_20_03,2755,576,3002.0,3422.0
int__tai50_20_03,2755,577,2939.0,3312.0
int__tai50_20_03,2755,578,3005.0,3392.0
int__tai50_20_03,2755,579,3114.0,3503.0
int__tai50_20_03,2755,580,2968.0,3336.0
int__tai50_20_03,2755,581,2977.0,3361.0
int__tai50_20_03,2755,582,3051.0,3428.0
int__tai50_20_03,2755,583,2932.0,3362.0
int__tai50_20_03,2755,584,2994.0,3375.0
int__tai50_20_03,2755,585,2964.0,3362.0
int__tai50_20_03,2755,586,2945.0,3335.0
int__tai50_20_03,2755,587,2980.0,3348.0
int__tai50_20_03,2755,588,3002.0,3424.0
int__tai50_20_03,2755,589,3004.0,3359.0
int__tai50_20_03,2755,590,2987.0,3389.0
int__tai50_20_03,2755,591,3004.0,3378.0
int__tai50_20_03,2755,592,2915.0,3341.0
int__tai50_20_03,2755,593,2892.0,3292.0
int__tai50_20_03,2755,594,2951.0,3328.0
int__tai50_20_03,2755,595,2920.0,3315.0
int__tai50_20_03,2755,596,2998.0,3409.0
int__tai50_20_03,2755,597,2976.0,3387.0
int__tai50_20_03,2755,598,2977.0,3386.0
int__tai50_20_03,2755,599,2953.0,3346.0
int__tai50_20_03,2755,600,3013.0,3456.0
int__tai50_20_03,2755,601,2992.0,3380.0
int__tai50_20_03,2755,602,3023.0,3406.0
int__tai50_20_03,2755,603,2949.0,3359.0
int__tai50_20_03,2755,604,2903.0,3305.0
int__tai50_20_03,2755,605,2985.0,3364.0
int__tai50_20_03,2755,606,2933.0,3331.0
int__tai50_20_03,2755,607,2899.0,3305.0
int__tai50_20_03,2755,608,2921.0,3266.0
int__tai50_20_03,2755,609,2902.0,3319.0
int__tai50_20_03,2755,610,3033.0,3399.0
int__tai50_20_03,2755,611,3012.0,3415.0
int__tai50_20_03,2755,612,2947.0,3340.0
int__tai50_20_03,2755,613,3092.0,3476.0
int__tai50_20_03,2755,614,2990.0,3383.0
int__tai50_20_03,2755,615,3046.0,3469.0
int__tai50_20_03,2755,616,2964.0,3318.0
int__tai50_20_03,2755,617,2934.0,3317.0
int__tai50_20_03,2755,618,2989.0,3394.0
int__tai50_20_03,2755,619,3040.0,3407.0
int__tai50_20_03,2755,620,2880.0,3292.0
int__tai50_20_03,2755,621,2955.0,3344.0
int__tai50_20_03,2755,622,3064.0,3480.0
int__tai50_20_03,2755,623,2929.0,3368.0
int__tai50_20_03,2755,624,3132.0,3500.0
int__tai50_20_03,2755,625,2961.0,3397.0
int__tai50_20_03,2755,626,2887.0,3266.0
int__tai50_20_03,2755,627,2956.0,3346.0
int__tai50_20_03,2755,628,3106.0,3459.0
int__tai50_20_03,2755,629,3023.0,3383.0
int__tai50_20_03,2755,630,3016.0,3397.0
int__tai50_20_03,2755,631,3077.0,3488.0
int__tai50_20_03,2755,632,3010.0,3412.0
int__tai50_20_03,2755,633,3092.0,3517.0
int__tai50_20_03,2755,634,3019.0,3370.0
int__tai50_20_03,2755,635,2966.0,3369.0
int__tai50_20_03,2755,636,2984.0,3361.0
int__tai50_20_03,2755,637,2956.0,3358.0
int__tai50_20_03,2755,638,3038.0,3477.0
int__tai50_20_03,2755,639,3064.0,3463.0
int__tai50_20_03,2755,640,2941.0,3358.0
int__tai50_20_03,2755,641,2977.0,3391.0
int__tai50_20_03,2755,642,3024.0,3434.0
int__tai50_20_03,2755,643,2961.0,3338.0
int__tai50_20_03,2755,644,2962.0,3368.0
int__tai50_20_03,2755,645,2953.0,3320.0
int__tai50_20_03,2755,646,3011.0,3420.0
int__tai50_20_03,2755,647,3019.0,3382.0
int__tai50_20_03,2755,648,2974.0,3377.0
int__tai50_20_03,2755,649,3000.0,3412.0
int__tai50_20_03,2755,650,2984.0,3381.0
int__tai50_20_03,2755,651,3063.0,3487.0
int__tai50_20_03,2755,652,3044.0,3452.0
int__tai50_20_03,2755,653,2948.0,3373.0
int__tai50_20_03,2755,654,2964.0,3357.0
int__tai50_20_03,2755,655,2985.0,3440.0
int__tai50_20_03,2755,656,2950.0,3344.0
int__tai50_20_03,2755,657,2996.0,3419.0
int__tai50_20_03,2755,658,2926.0,3322.0
int__tai50_20_03,2755,659,2954.0,3361.0
int__tai50_20_03,2755,660,3041.0,3467.0
int__tai50_20_03,2755,661,2940.0,3385.0
int__tai50_20_03,2755,662,2951.0,3326.0
int__tai50_20_03,2755,663,3015.0,3380.0
int__tai50_20_03,2755,664,2998.0,3448.0
int__tai50_20_03,2755,665,2972.0,3362.0
int__tai50_20_03,2755,666,2966.0,3302.0
int__tai50_20_03,2755,667,3029.0,3470.0
int__tai50_20_03,2755,668,2934.0,3341.0
int__tai50_20_03,2755,669,3105.0,3471.0
int__tai50_20_03,2755,670,2952.0,3361.0
int__tai50_20_03,2755,671,2970.0,3353.0
int__tai50_20_03,2755,672,2919.0,3328.0
int__tai50_20_03,2755,673,2961.0,3380.0
int__tai50_20_03,2755,674,3081.0,3443.0
int__tai50_20_03,2755,675,2975.0,3335.0
int__tai50_20_03,2755,676,3015.0,3442.0
int__tai50_20_03,2755,677,3056.0,3498.0
int__tai50_20_03,2755,678,2917.0,3294.0
int__tai50_20_03,2755,679,2990.0,3404.0
int__tai50_20_03,2755,680,2982.0,3379.0
int__tai50_20_03,2755,681,2956.0,3389.0
int__tai50_20_03,2755,682,2930.0,3326.0
int__tai50_20_03,2755,683,3073.0,3499.0
int__tai50_20_03,2755,684,3030.0,3426.0
int__tai50_20_03,2755,685,2945.0,3346.0
int__tai50_20_03,2755,686,2946.0,3352.0
int__tai50_20_03,2755,687,3001.0,3358.0
int__tai50_20_03,2755,688,3027.0,3373.0
int__tai50_20_03,2755,689,3066.0,3370.0
int__tai50_20_03,2755,690,3079.0,3425.0
int__tai50_20_03,2755,691,2969.0,3370.0
int__tai50_20_03,2755,692,3019.0,3426.0
int__tai50_20_03,2755,693,2997.0,3371.0
int__tai50_20_03,2755,694,3009.0,3386.0
int__tai50_20_03,2755,695,3056.0,3470.0
int__tai50_20_03,2755,696,3013.0,3396.0
int__tai50_20_03,2755,697,3062.0,3417.0
int__tai50_20_03,2755,698,2944.0,3330.0
int__tai50_20_03,2755,699,2988.0,3436.0
int__tai50_20_03,2755,700,2996.0,3411.0
int__tai50_20_03,2755,701,3033.0,3425.0
int__tai50_20_03,2755,702,3022.0,3416.0
int__tai50_20_03,2755,703,2940.0,3368.0
int__tai50_20_03,2755,704,2952.0,3395.0
int__tai50_20_03,2755,705,3026.0,3440.0
int__tai50_20_03,2755,706,2954.0,3335.0
int__tai50_20_03,2755,707,3029.0,3399.0
int__tai50_20_03,2755,708,2957.0,3389.0
int__tai50_20_03,2755,709,2970.0,3396.0
int__tai50_20_03,2755,710,2952.0,3339.0
int__tai50_20_03,2755,711,3032.0,3382.0
int__tai50_20_03,2755,712,2987.0,3403.0
int__tai50_20_03,2755,713,2955.0,3347.0
int__tai50_20_03,2755,714,3118.0,3581.0
int__tai50_20_03,2755,715,2943.0,3295.0
int__tai50_20_03,2755,716,3051.0,3455.0
int__tai50_20_03,2755,717,2955.0,3329.0
int__tai50_20_03,2755,718,3069.0,3450.0
int__tai50_20_03,2755,719,2998.0,3389.0
int__tai50_20_03,2755,720,3041.0,3397.0
int__tai50_20_03,2755,721,3132.0,3608.0
int__tai50_20_03,2755,722,3034.0,3408.0
int__tai50_20_03,2755,723,3039.0,3375.0
int__tai50_20_03,2755,724,2983.0,3401.0
int__tai50_20_03,2755,725,2946.0,3334.0
int__tai50_20_03,2755,726,2937.0,3370.0
int__tai50_20_03,2755,727,2977.0,3399.0
int__tai50_20_03,2755,728,2993.0,3411.0
int__tai50_20_03,2755,729,2957.0,3295.0
int__tai50_20_03,2755,730,3065.0,3410.0
int__tai50_20_03,2755,731,2979.0,3380.0
int__tai50_20_03,2755,732,3046.0,3380.0
int__tai50_20_03,2755,733,2970.0,3374.0
int__tai50_20_03,2755,734,2985.0,3397.0
int__tai50_20_03,2755,735,3008.0,3414.0
int__tai50_20_03,2755,736,2957.0,3379.0
int__tai50_20_03,2755,737,2962.0,3363.0
int__tai50_20_03,2755,738,2908.0,3311.0
int__tai50_20_03,2755,739,2989.0,3406.0
int__tai50_20_03,2755,740,2981.0,3339.0
int__tai50_20_03,2755,741,2988.0,3365.0
int__tai50_20_03,2755,742,3016.0,3383.0
int__tai50_20_03,2755,743,2975.0,3391.0
int__tai50_20_03,2755,744,3143.0,3560.0
int__tai50_20_03,2755,745,2987.0,3426.0
int__tai50_20_03,2755,746,3034.0,3378.0
int__tai50_20_03,2755,747,3033.0,3378.0
int__tai50_20_03,2755,748,3049.0,3458.0
int__tai50_20_03,2755,749,2939.0,3302.0
int__tai50_20_03,2755,750,3026.0,3406.0
int__tai50_20_03,2755,751,2947.0,3338.0
int__tai50_20_03,2755,752,3001.0,3391.0
int__tai50_20_03,2755,753,3003.0,3341.0
int__tai50_20_03,2755,754,3059.0,3466.0
int__tai50_20_03,2755,755,2941.0,3354.0
int__tai50_20_03,2755,756,2995.0,3400.0
int__tai50_20_03,2755,757,3030.0,3457.0
int__tai50_20_03,2755,758,3019.0,3369.0
int__tai50_20_03,2755,759,3016.0,3395.0
int__tai50_20_03,2755,760,3039.0,3401.0
int__tai50_20_03,2755,761,2926.0,3368.0
int__tai50_20_03,2755,762,3024.0,3362.0
int__tai50_20_03,2755,763,2976.0,3337.0
int__tai50_20_03,2755,764,2958.0,3411.0
int__tai50_20_03,2755,765,3232.0,3578.0
int__tai50_20_03,2755,766,2927.0,3349.0
int__tai50_20_03,2755,767,3017.0,3429.0
int__tai50_20_03,2755,768,2950.0,3353.0
int__tai50_20_03,2755,769,3070.0,3439.0
int__tai50_20_03,2755,770,2925.0,3325.0
int__tai50_20_03,2755,771,2954.0,3398.0
int__tai50_20_03,2755,772,2934.0,3300.0
int__tai50_20_03,2755,773,3003.0,3388.0
int__tai50_20_03,2755,774,2966.0,3344.0
int__tai50_20_03,2755,775,3017.0,3425.0
int__tai50_20_03,2755,776,2964.0,3318.0
int__tai50_20_03,2755,777,3071.0,3385.0
int__tai50_20_03,2755,778,2876.0,3304.0
int__tai50_20_03,2755,779,3002.0,3433.0
int__tai50_20_03,2755,780,3019.0,3460.0
int__tai50_20_03,2755,781,2978.0,3272.0
int__tai50_20_03,2755,782,2937.0,3330.0
int__tai50_20_03,2755,783,2998.0,3425.0
int__tai50_20_03,2755,784,2966.0,3363.0
int__tai50_20_03,2755,785,2937.0,3334.0
int__tai50_20_03,2755,786,3011.0,3370.0
int__tai50_20_03,2755,787,2943.0,3313.0
int__tai50_20_03,2755,788,3056.0,3374.0
int__tai50_20_03,2755,789,3090.0,3401.0
int__tai50_20_03,2755,790,2920.0,3308.0
int__tai50_20_03,2755,791,3059.0,3454.0
int__tai50_20_03,2755,792,2986.0,3333.0
int__tai50_20_03,2755,793,2978.0,3399.0
int__tai50_20_03,2755,794,2998.0,3386.0
int__tai50_20_03,2755,795,3036.0,3399.0
int__tai50_20_03,2755,796,3027.0,3363.0
int__tai50_20_03,2755,797,3045.0,3479.0
int__tai50_20_03,2755,798,2994.0,3388.0
int__tai50_20_03,2755,799,2976.0,3363.0
int__tai50_20_03,2755,800,2995.0,3389.0
int__tai50_20_03,2755,801,3047.0,3411.0
int__tai50_20_03,2755,802,2993.0,3369.0
int__tai50_20_03,2755,803,2978.0,3371.0
int__tai50_20_03,2755,804,2889.0,3281.0
int__tai50_20_03,2755,805,2920.0,3319.0
int__tai50_20_03,2755,806,3018.0,3407.0
int__tai50_20_03,2755,807,2920.0,3358.0
int__tai50_20_03,2755,808,2961.0,3342.0
int__tai50_20_03,2755,809,2942.0,3328.0
int__tai50_20_03,2755,810,2985.0,3330.0
int__tai50_20_03,2755,811,2981.0,3381.0
int__tai50_20_03,2755,812,3017.0,3384.0
int__tai50_20_03,2755,813,2980.0,3353.0
int__tai50_20_03,2755,814,3041.0,3436.0
int__tai50_20_03,2755,815,3007.0,3467.0
int__tai50_20_03,2755,816,3097.0,3495.0
int__tai50_20_03,2755,817,2999.0,3391.0
int__tai50_20_03,2755,818,2928.0,3362.0
int__tai50_20_03,2755,819,3178.0,3587.0
int__tai50_20_03,2755,820,2991.0,3405.0
int__tai50_20_03,2755,821,2999.0,3375.0
int__tai50_20_03,2755,822,3001.0,3372.0
int__tai50_20_03,2755,823,2995.0,3400.0
int__tai50_20_03,2755,824,2978.0,3354.0
int__tai50_20_03,2755,825,3046.0,3396.0
int__tai50_20_03,2755,826,2977.0,3325.0
int__tai50_20_03,2755,827,3010.0,3380.0
int__tai50_20_03,2755,828,2922.0,3364.0
int__tai50_20_03,2755,829,3044.0,3403.0
int__tai50_20_03,2755,830,2935.0,3319.0
int__tai50_20_03,2755,831,3051.0,3444.0
int__tai50_20_03,2755,832,2969.0,3431.0
int__tai50_20_03,2755,833,3037.0,3475.0
int__tai50_20_03,2755,834,2937.0,3331.0
int__tai50_20_03,2755,835,2950.0,3339.0
int__tai50_20_03,2755,836,3043.0,3409.0
int__tai50_20_03,2755,837,3033.0,3438.0
int__tai50_20_03,2755,838,3001.0,3382.0
int__tai50_20_03,2755,839,2923.0,3314.0
int__tai50_20_03,2755,840,2957.0,3383.0
int__tai50_20_03,2755,841,2930.0,3326.0
int__tai50_20_03,2755,842,3060.0,3478.0
int__tai50_20_03,2755,843,3018.0,3441.0
int__tai50_20_03,2755,844,2990.0,3346.0
int__tai50_20_03,2755,845,2981.0,3389.0
int__tai50_20_03,2755,846,2997.0,3415.0
int__tai50_20_03,2755,847,2992.0,3456.0
int__tai50_20_03,2755,848,2999.0,3401.0
int__tai50_20_03,2755,849,2939.0,3353.0
int__tai50_20_03,2755,850,2981.0,3366.0
int__tai50_20_03,2755,851,2927.0,3364.0
int__tai50_20_03,2755,852,2955.0,3293.0
int__tai50_20_03,2755,853,3026.0,3421.0
int__tai50_20_03,2755,854,3013.0,3419.0
int__tai50_20_03,2755,855,2947.0,3355.0
int__tai50_20_03,2755,856,2970.0,3403.0
int__tai50_20_03,2755,857,3011.0,3411.0
int__tai50_20_03,2755,858,3022.0,3397.0
int__tai50_20_03,2755,859,2977.0,3327.0
int__tai50_20_03,2755,860,3037.0,3424.0
int__tai50_20_03,2755,861,2961.0,3397.0
int__tai50_20_03,2755,862,3046.0,3419.0
int__tai50_20_03,2755,863,3034.0,3470.0
int__tai50_20_03,2755,864,3003.0,3467.0
int__tai50_20_03,2755,865,2978.0,3361.0
int__tai50_20_03,2755,866,2987.0,3356.0
int__tai50_20_03,2755,867,2952.0,3354.0
int__tai50_20_03,2755,868,3123.0,3599.0
int__tai50_20_03,2755,869,2915.0,3289.0
int__tai50_20_03,2755,870,2967.0,3353.0
int__tai50_20_03,2755,871,2966.0,3371.0
int__tai50_20_03,2755,872,2935.0,3316.0
int__tai50_20_03,2755,873,2968.0,3355.0
int__tai50_20_03,2755,874,2960.0,3366.0
int__tai50_20_03,2755,875,2953.0,3314.0
int__tai50_20_03,2755,876,2975.0,3394.0
int__tai50_20_03,2755,877,2977.0,3400.0
int__tai50_20_03,2755,878,2986.0,3375.0
int__tai50_20_03,2755,879,2918.0,3283.0
int__tai50_20_03,2755,880,3057.0,3375.0
int__tai50_20_03,2755,881,3018.0,3374.0
int__tai50_20_03,2755,882,2980.0,3355.0
int__tai50_20_03,2755,883,3007.0,3416.0
int__tai50_20_03,2755,884,3115.0,3484.0
int__tai50_20_03,2755,885,2967.0,3355.0
int__tai50_20_03,2755,886,2973.0,3405.0
int__tai50_20_03,2755,887,2928.0,3317.0
int__tai50_20_03,2755,888,2967.0,3367.0
int__tai50_20_03,2755,889,3013.0,3443.0
int__tai50_20_03,2755,890,2979.0,3352.0
int__tai50_20_03,2755,891,2993.0,3398.0
int__tai50_20_03,2755,892,3065.0,3431.0
int__tai50_20_03,2755,893,3025.0,3401.0
int__tai50_20_03,2755,894,2994.0,3363.0
int__tai50_20_03,2755,895,2996.0,3367.0
int__tai50_20_03,2755,896,3002.0,3397.0
int__tai50_20_03,2755,897,2992.0,3390.0
int__tai50_20_03,2755,898,3088.0,3514.0
int__tai50_20_03,2755,899,2929.0,3329.0
int__tai50_20_03,2755,900,2954.0,3359.0
int__tai50_20_03,2755,901,2940.0,3375.0
int__tai50_20_03,2755,902,2964.0,3358.0
int__tai50_20_03,2755,903,2974.0,3344.0
int__tai50_20_03,2755,904,2936.0,3349.0
int__tai50_20_03,2755,905,2948.0,3332.0
int__tai50_20_03,2755,906,2929.0,3336.0
int__tai50_20_03,2755,907,2985.0,3387.0
int__tai50_20_03,2755,908,3060.0,3490.0
int__tai50_20_03,2755,909,2969.0,3373.0
int__tai50_20_03,2755,910,3025.0,3458.0
int__tai50_20_03,2755,911,2984.0,3376.0
int__tai50_20_03,2755,912,2987.0,3390.0
int__tai50_20_03,2755,913,2938.0,3326.0
int__tai50_20_03,2755,914,2992.0,3419.0
int__tai50_20_03,2755,915,2958.0,3362.0
int__tai50_20_03,2755,916,3040.0,3434.0
int__tai50_20_03,2755,917,3017.0,3440.0
int__tai50_20_03,2755,918,2930.0,3291.0
int__tai50_20_03,2755,919,2943.0,3307.0
int__tai50_20_03,2755,920,2957.0,3386.0
int__tai50_20_03,2755,921,2939.0,3348.0
int__tai50_20_03,2755,922,2989.0,3412.0
int__tai50_20_03,2755,923,3043.0,3415.0
int__tai50_20_03,2755,924,3087.0,3430.0
int__tai50_20_03,2755,925,2942.0,3385.0
int__tai50_20_03,2755,926,3040.0,3421.0
int__tai50_20_03,2755,927,2961.0,3343.0
int__tai50_20_03,2755,928,2975.0,3360.0
int__tai50_20_03,2755,929,3011.0,3406.0
int__tai50_20_03,2755,930,2992.0,3385.0
int__tai50_20_03,2755,931,3036.0,3383.0
int__tai50_20_03,2755,932,2988.0,3389.0
int__tai50_20_03,2755,933,3018.0,3440.0
int__tai50_20_03,2755,934,2963.0,3388.0
int__tai50_20_03,2755,935,3014.0,3382.0
int__tai50_20_03,2755,936,2911.0,3315.0
int__tai50_20_03,2755,937,3026.0,3392.0
int__tai50_20_03,2755,938,3015.0,3342.0
int__tai50_20_03,2755,939,3006.0,3362.0
int__tai50_20_03,2755,940,2927.0,3332.0
int__tai50_20_03,2755,941,2950.0,3344.0
int__tai50_20_03,2755,942,3125.0,3437.0
int__tai50_20_03,2755,943,2968.0,3401.0
int__tai50_20_03,2755,944,3042.0,3446.0
int__tai50_20_03,2755,945,3009.0,3398.0
int__tai50_20_03,2755,946,3022.0,3436.0
int__tai50_20_03,2755,947,3020.0,3428.0
int__tai50_20_03,2755,948,2974.0,3392.0
int__tai50_20_03,2755,949,2965.0,3395.0
int__tai50_20_03,2755,950,2956.0,3387.0
int__tai50_20_03,2755,951,2992.0,3358.0
int__tai50_20_03,2755,952,3002.0,3416.0
int__tai50_20_03,2755,953,2950.0,3346.0
int__tai50_20_03,2755,954,2994.0,3428.0
int__tai50_20_03,2755,955,2969.0,3354.0
int__tai50_20_03,2755,956,2932.0,3381.0
int__tai50_20_03,2755,957,3059.0,3404.0
int__tai50_20_03,2755,958,3019.0,3414.0
int__tai50_20_03,2755,959,2957.0,3329.0
int__tai50_20_03,2755,960,2958.0,3309.0
int__tai50_20_03,2755,961,2989.0,3374.0
int__tai50_20_03,2755,962,2985.0,3433.0
int__tai50_20_03,2755,963,2950.0,3341.0
int__tai50_20_03,2755,964,2903.0,3303.0
int__tai50_20_03,2755,965,2955.0,3382.0
int__tai50_20_03,2755,966,3092.0,3503.0
int__tai50_20_03,2755,967,3058.0,3392.0
int__tai50_20_03,2755,968,2942.0,3326.0
int__tai50_20_03,2755,969,2969.0,3371.0
int__tai50_20_03,2755,970,2905.0,3306.0
int__tai50_20_03,2755,971,3003.0,3445.0
int__tai50_20_03,2755,972,3085.0,3412.0
int__tai50_20_03,2755,973,2963.0,3338.0
int__tai50_20_03,2755,974,2957.0,3389.0
int__tai50_20_03,2755,975,2963.0,3307.0
int__tai50_20_03,2755,976,3047.0,3463.0
int__tai50_20_03,2755,977,3037.0,3452.0
int__tai50_20_03,2755,978,3034.0,3440.0
int__tai50_20_03,2755,979,2966.0,3397.0
int__tai50_20_03,2755,980,2937.0,3289.0
int__tai50_20_03,2755,981,2985.0,3309.0
int__tai50_20_03,2755,982,3009.0,3388.0
int__tai50_20_03,2755,983,3063.0,3493.0
int__tai50_20_03,2755,984,3042.0,3426.0
int__tai50_20_03,2755,985,2948.0,3380.0
int__tai50_20_03,2755,986,2938.0,3336.0
int__tai50_20_03,2755,987,3061.0,3406.0
int__tai50_20_03,2755,988,3029.0,3449.0
int__tai50_20_03,2755,989,2985.0,3386.0
int__tai50_20_03,2755,990,3143.0,3564.0
int__tai50_20_03,2755,991,2952.0,3374.0
int__tai50_20_03,2755,992,3050.0,3424.0
int__tai50_20_03,2755,993,2909.0,3312.0
int__tai50_20_03,2755,994,2978.0,3365.0
int__tai50_20_03,2755,995,3063.0,3407.0
int__tai50_20_03,2755,996,2951.0,3328.0
int__tai50_20_03,2755,997,3092.0,3486.0
int__tai50_20_03,2755,998,2993.0,3352.0
int__tai50_20_03,2755,999,2933.0,3336.0
int__tai50_20_03,2755,1000,3112.0,3461.0
int__tai50_20_03,2755,1001,2968.0,3341.0
int__tai50_20_03,2755,1002,2953.0,3353.0
int__tai50_20_03,2755,1003,2956.0,3372.0
int__tai50_20_03,2755,1004,3058.0,3401.0
int__tai50_20_03,2755,1005,3019.0,3364.0
int__tai50_20_03,2755,1006,2993.0,3372.0
int__tai50_20_03,2755,1007,2931.0,3349.0
int__tai50_20_03,2755,1008,2983.0,3384.0
int__tai50_20_03,2755,1009,2992.0,3405.0
int__tai50_20_03,2755,1010,2932.0,3329.0
int__tai50_20_03,2755,1011,2965.0,3350.0
int__tai50_20_03,2755,1012,2978.0,3380.0
int__tai50_20_03,2755,1013,3045.0,3400.0
int__tai50_20_03,2755,1014,3004.0,3380.0
int__tai50_20_03,2755,1015,2959.0,3352.0
int__tai50_20_03,2755,1016,3058.0,3538.0
int__tai50_20_03,2755,1017,2996.0,3357.0
int__tai50_20_03,2755,1018,3041.0,3424.0
int__tai50_20_03,2755,1019,2912.0,3260.0
int__tai50_20_03,2755,1020,3012.0,3413.0
int__tai50_20_03,2755,1021,2991.0,3398.0
int__tai50_20_03,2755,1022,2953.0,3322.0
int__tai50_20_03,2755,1023,2995.0,3333.0
int__tai50_20_09,3071,0,3227.0,3706.0
int__tai50_20_09,3071,1,3299.0,3740.0
int__tai50_20_09,3071,2,3280.0,3770.0
int__tai50_20_09,3071,3,3342.0,3786.0
int__tai50_20_09,3071,4,3327.0,3752.0
int__tai50_20_09,3071,5,3484.0,3933.0
int__tai50_20_09,3071,6,3262.0,3713.0
int__tai50_20_09,3071,7,3218.0,3695.0
int__tai50_20_09,3071,8,3311.0,3779.0
int__tai50_20_09,3071,9,3359.0,3847.0
int__tai50_20_09,3071,10,3249.0,3752.0
int__tai50_20_09,3071,11,3267.0,3740.0
int__tai50_20_09,3071,12,3303.0,3785.0
int__tai50_20_09,3071,13,3330.0,3857.0
int__tai50_20_09,3071,14,3286.0,3786.0
int__tai50_20_09,3071,15,3315.0,3801.0
int__tai50_20_09,3071,16,3312.0,3776.0
int__tai50_20_09,3071,17,3403.0,3828.0
int__tai50_20_09,3071,18,3261.0,3729.0
int__tai50_20_09,3071,19,3193.0,3690.0
int__tai50_20_09,3071,20,3259.0,3728.0
int__tai50_20_09,3071,21,3366.0,3845.0
int__tai50_20_09,3071,22,3207.0,3669.0
int__tai50_20_09,3071,23,3303.0,3800.0
int__tai50_20_09,3071,24,3278.0,3748.0
int__tai50_20_09,3071,25,3357.0,3846.0
int__tai50_20_09,3071,26,3321.0,3766.0
int__tai50_20_09,3071,27,3211.0,3663.0
int__tai50_20_09,3071,28,3266.0,3751.0
int__tai50_20_09,3071,29,3380.0,3848.0
int__tai50_20_09,3071,30,3305.0,3806.0
int__tai50_20_09,3071,31,3278.0,3762.0
int__tai50_20_09,3071,32,3310.0,3809.0
int__tai50_20_09,3071,33,3283.0,3769.0
int__tai50_20_09,3071,34,3343.0,3756.0
int__tai50_20_09,3071,35,3320.0,3819.0
int__tai50_20_09,3071,36,3308.0,3798.0
int__tai50_20_09,3071,37,3263.0,3769.0
int__tai50_20_09,3071,38,3285.0,3785.0
int__tai50_20_09,3071,39,3312.0,3712.0
int__tai50_20_09,3071,40,3375.0,3844.0
int__tai50_20_09,3071,41,3245.0,3749.0
int__tai50_20_09,3071,42,3262.0,3802.0
int__tai50_20_09,3071,43,3436.0,3899.0
int__tai50_20_09,3071,44,3348.0,3848.0
int__tai50_20_09,3071,45,3271.0,3717.0
int__tai50_20_09,3071,46,3289.0,3722.0
int__tai50_20_09,3071,47,3291.0,3757.0
int__tai50_20_09,3071,48,3257.0,3721.0
int__tai50_20_09,3071,49,3316.0,3823.0
int__tai50_20_09,3071,50,3344.0,3788.0
int__tai50_20_09,3071,51,3369.0,3853.0
int__tai50_20_09,3071,52,3473.0,3902.0
int__tai50_20_09,3071,53,3283.0,3711.0
int__tai50_20_09,3071,54,3384.0,3904.0
int__tai50_20_09,3071,55,3289.0,3762.0
int__tai50_20_09,3071,56,3286.0,3723.0
int__tai50_20_09,3071,57,3221.0,3663.0
int__tai50_20_09,3071,58,3369.0,3845.0
int__tai50_20_09,3071,59,3417.0,3863.0
int__tai50_20_09,3071,60,3274.0,3761.0
int__tai50_20_09,3071,61,3274.0,3765.0
int__tai50_20_09,3071,62,3348.0,3821.0
int__tai50_20_09,3071,63,3327.0,3790.0
int__tai50_20_09,3071,64,3302.0,3734.0
int__tai50_20_09,3071,65,3247.0,3707.0
int__tai50_20_09,3071,66,3265.0,3739.0
int__tai50_20_09,3071,67,3182.0,3653.0
int__tai50_20_09,3071,68,3224.0,3682.0
int__tai50_20_09,3071,69,3217.0,3704.0
int__tai50_20_09,3071,70,3331.0,3801.0
int__tai50_20_09,3071,71,3268.0,3787.0
int__tai50_20_09,3071,72,3310.0,3805.0
int__tai50_20_09,3071,73,3328.0,3847.0
int__tai50_20_09,3071,74,3371.0,3817.0
int__tai50_20_09,3071,75,3327.0,3823.0
int__tai50_20_09,3071,76,3471.0,3951.0
int__tai50_20_09,3071,77,3358.0,3795.0
int__tai50_20_09,3071,78,3385.0,3839.0
int__tai50_20_09,3071,79,3426.0,3882.0
int__tai50_20_09,3071,80,3259.0,3694.0
int__tai50_20_09,3071,81,3317.0,3763.0
int__tai50_20_09,3071,82,3383.0,3849.0
int__tai50_20_09,3071,83,3195.0,3637.0
int__tai50_20_09,3071,84,3337.0,3802.0
int__tai50_20_09,3071,85,3266.0,3734.0
int__tai50_20_09,3071,86,3423.0,3869.0
int__tai50_20_09,3071,87,3266.0,3718.0
int__tai50_20_09,3071,88,3265.0,3759.0
int__tai50_20_09,3071,89,3338.0,3829.0
int__tai50_20_09,3071,90,3284.0,3785.0
int__tai50_20_09,3071,91,3243.0,3678.0
int__tai50_20_09,3071,92,3286.0,3743.0
int__tai50_20_09,3071,93,3287.0,3733.0
int__tai50_20_09,3071,94,3307.0,3768.0
int__tai50_20_09,3071,95,3340.0,3800.0
int__tai50_20_09,3071,96,3350.0,3780.0
int__tai50_20_09,3071,97,3353.0,3826.0
int__tai50_20_09,3071,98,3344.0,3792.0
int__tai50_20_09,3071,99,3278.0,3824.0
int__tai50_20_09,3071,100,3242.0,3665.0
int__tai50_20_09,3071,101,3283.0,3757.0
int__tai50_20_09,3071,102,3304.0,3753.0
int__tai50_20_09,3071,103,3312.0,3796.0
int__tai50_20_09,3071,104,3219.0,3646.0
int__tai50_20_09,3071,105,3208.0,3698.0
int__tai50_20_09,3071,106,3293.0,3784.0
int__tai50_20_09,3071,107,3331.0,3784.0
int__tai50_20_09,3071,108,3279.0,3803.0
int__tai50_20_09,3071,109,3357.0,3893.0
int__tai50_20_09,3071,110,3415.0,3902.0
int__tai50_20_09,3071,111,3281.0,3743.0
int__tai50_20_09,3071,112,3339.0,3805.0
int__tai50_20_09,3071,113,3316.0,3756.0
int__tai50_20_09,3071,114,3321.0,3727.0
int__tai50_20_09,3071,115,3218.0,3681.0
int__tai50_20_09,3071,116,3406.0,3870.0
int__tai50_20_09,3071,117,3256.0,3704.0
int__tai50_20_09,3071,118,3255.0,3660.0
int__tai50_20_09,3071,119,3201.0,3698.0
int__tai50_20_09,3071,120,3307.0,3762.0
int__tai50_20_09,3071,121,3386.0,3868.0
int__tai50_20_09,3071,122,3215.0,3670.0
int__tai50_20_09,3071,123,3356.0,3816.0
int__tai50_20_09,3071,124,3284.0,3723.0
int__tai50_20_09,3071,125,3382.0,3792.0
int__tai50_20_09,3071,126,3404.0,3867.0
int__tai50_20_09,3071,127,3226.0,3716.0
int__tai50_20_09,3071,128,3331.0,3782.0
int__tai50_20_09,3071,129,3182.0,3653.0
int__tai50_20_09,3071,130,3207.0,3680.0
int__tai50_20_09,3071,131,3266.0,3741.0
int__tai50_20_09,3071,132,3534.0,3996.0
int__tai50_20_09,3071,133,3213.0,3668.0
int__tai50_20_09,3071,134,3284.0,3768.0
int__tai50_20_09,3071,135,3380.0,3812.0
int__tai50_20_09,3071,136,3371.0,3877.0
int__tai50_20_09,3071,137,3300.0,3733.0
int__tai50_20_09,3071,138,3330.0,3787.0
int__tai50_20_09,3071,139,3340.0,3815.0
int__tai50_20_09,3071,140,3343.0,3834.0
int__tai50_20_09,3071,141,3251.0,3723.0
int__tai50_20_09,3071,142,3419.0,3841.0
int__tai50_20_09,3071,143,3375.0,3840.0
int__tai50_20_09,3071,144,3358.0,3791.0
int__tai50_20_09,3071,145,3245.0,3698.0
int__tai50_20_09,3071,146,3305.0,3813.0
int__tai50_20_09,3071,147,3211.0,3699.0
int__tai50_20_09,3071,148,3375.0,3842.0
int__tai50_20_09,3071,149,3305.0,3726.0
int__tai50_20_09,3071,150,3249.0,3715.0
int__tai50_20_09,3071,151,3293.0,3779.0
int__tai50_20_09,3071,152,3460.0,3851.0
int__tai50_20_09,3071,153,3230.0,3692.0
int__tai50_20_09,3071,154,3208.0,3639.0
int__tai50_20_09,3071,155,3263.0,3722.0
int__tai50_20_09,3071,156,3258.0,3702.0
int__tai50_20_09,3071,157,3200.0,3610.0
int__tai50_20_09,3071,158,3324.0,3807.0
int__tai50_20_09,3071,159,3236.0,3688.0
int__tai50_20_09,3071,160,3305.0,3738.0
int__tai50_20_09,3071,161,3283.0,3825.0
int__tai50_20_09,3071,162,3354.0,3812.0
int__tai50_20_09,3071,163,3265.0,3757.0
int__tai50_20_09,3071,164,3316.0,3804.0
int__tai50_20_09,3071,165,3317.0,3779.0
int__tai50_20_09,3071,166,3195.0,3608.0
int__tai50_20_09,3071,167,3242.0,3667.0
int__tai50_20_09,3071,168,3260.0,3757.0
int__tai50_20_09,3071,169,3232.0,3702.0
int__tai50_20_09,3071,170,3243.0,3684.0
int__tai50_20_09,3071,171,3290.0,3803.0
int__tai50_20_09,3071,172,3243.0,3660.0
int__tai50_20_09,3071,173,3509.0,4025.0
int__tai50_20_09,3071,174,3237.0,3694.0
int__tai50_20_09,3071,175,3306.0,3757.0
int__tai50_20_09,3071,176,3227.0,3764.0
int__tai50_20_09,3071,177,3352.0,3821.0
int__tai50_20_09,3071,178,3298.0,3790.0
int__tai50_20_09,3071,179,3420.0,3881.0
int__tai50_20_09,3071,180,3326.0,3758.0
int__tai50_20_09,3071,181,3267.0,3741.0
int__tai50_20_09,3071,182,3341.0,3815.0
int__tai50_20_09,3071,183,3293.0,3732.0
int__tai50_20_09,3071,184,3310.0,3789.0
int__tai50_20_09,3071,185,3452.0,3910.0
int__tai50_20_09,3071,186,3254.0,3690.0
int__tai50_20_09,3071,187,3399.0,3834.0
int__tai50_20_09,3071,188,3320.0,3816.0
int__tai50_20_09,3071,189,3350.0,3843.0
int__tai50_20_09,3071,190,3429.0,3912.0
int__tai50_20_09,3071,191,3330.0,3814.0
int__tai50_20_09,3071,192,3275.0,3743.0
int__tai50_20_09,3071,193,3268.0,3757.0
int__tai50_20_09,3071,194,3193.0,3666.0
int__tai50_20_09,3071,195,3407.0,3836.0
int__tai50_20_09,3071,196,3208.0,3695.0
int__tai50_20_09,3071,197,3349.0,3793.0
int__tai50_20_09,3071,198,3256.0,3740.0
int__tai50_20_09,3071,199,3327.0,3819.0
int__tai50_20_09,3071,200,3267.0,3743.0
int__tai50_20_09,3071,201,3276.0,3800.0
int__tai50_20_09,3071,202,3229.0,3731.0
int__tai50_20_09,3071,203,3314.0,3784.0
int__tai50_20_09,3071,204,3374.0,3815.0
int__tai50_20_09,3071,205,3334.0,3793.0
int__tai50_20_09,3071,206,3330.0,3776.0
int__tai50_20_09,3071,207,3280.0,3725.0
int__tai50_20_09,3071,208,3281.0,3717.0
int__tai50_20_09,3071,209,3320.0,3803.0
int__tai50_20_09,3071,210,3295.0,3777.0
int__tai50_20_09,3071,211,3237.0,3713.0
int__tai50_20_09,3071,212,3236.0,3689.0
int__tai50_20_09,3071,213,3360.0,3859.0
int__tai50_20_09,3071,214,3385.0,3793.0
int__tai50_20_09,3071,215,3312.0,3805.0
int__tai50_20_09,3071,216,3293.0,3735.0
int__tai50_20_09,3071,217,3279.0,3747.0
int__tai50_20_09,3071,218,3283.0,3728.0
int__tai50_20_09,3071,219,3299.0,3783.0
int__tai50_20_09,3071,220,3281.0,3715.0
int__tai50_20_09,3071,221,3407.0,3890.0
int__tai50_20_09,3071,222,3366.0,3836.0
int__tai50_20_09,3071,223,3334.0,3833.0
int__tai50_20_09,3071,224,3353.0,3790.0
int__tai50_20_09,3071,225,3250.0,3716.0
int__tai50_20_09,3071,226,3322.0,3799.0
int__tai50_20_09,3071,227,3314.0,3744.0
int__tai50_20_09,3071,228,3308.0,3775.0
int__tai50_20_09,3071,229,3394.0,3838.0
int__tai50_20_09,3071,230,3267.0,3715.0
int__tai50_20_09,3071,231,3345.0,3789.0
int__tai50_20_09,3071,232,3225.0,3695.0
int__tai50_20_09,3071,233,3304.0,3776.0
int__tai50_20_09,3071,234,3295.0,3772.0
int__tai50_20_09,3071,235,3305.0,3792.0
int__tai50_20_09,3071,236,3372.0,3823.0
int__tai50_20_09,3071,237,3294.0,3785.0
int__tai50_20_09,3071,238,3254.0,3745.0
int__tai50_20_09,3071,239,3277.0,3707.0
int__tai50_20_09,3071,240,3348.0,3725.0
int__tai50_20_09,3071,241,3185.0,3665.0
int__tai50_20_09,3071,242,3279.0,3728.0
int__tai50_20_09,3071,243,3310.0,3737.0
int__tai50_20_09,3071,244,3334.0,3858.0
int__tai50_20_09,3071,245,3376.0,3809.0
int__tai50_20_09,3071,246,3336.0,3797.0
int__tai50_20_09,3071,247,3305.0,3760.0
int__tai50_20_09,3071,248,3354.0,3847.0
int__tai50_20_09,3071,249,3238.0,3701.0
int__tai50_20_09,3071,250,3252.0,3690.0
int__tai50_20_09,3071,251,3341.0,3782.0
int__tai50_20_09,3071,252,3268.0,3723.0
int__tai50_20_09,3071,253,3216.0,3662.0
int__tai50_20_09,3071,254,3327.0,3816.0
int__tai50_20_09,3071,255,3330.0,3766.0
int__tai50_20_09,3071,256,3261.0,3719.0
int__tai50_20_09,3071,257,3273.0,3766.0
int__tai50_20_09,3071,258,3300.0,3767.0
int__tai50_20_09,3071,259,3297.0,3768.0
int__tai50_20_09,3071,260,3302.0,3807.0
int__tai50_20_09,3071,261,3286.0,3701.0
int__tai50_20_09,3071,262,3344.0,3784.0
int__tai50_20_09,3071,263,3289.0,3725.0
int__tai50_20_09,3071,264,3305.0,3784.0
int__tai50_20_09,3071,265,3261.0,3729.0
int__tai50_20_09,3071,266,3361.0,3814.0
int__tai50_20_09,3071,267,3333.0,3774.0
int__tai50_20_09,3071,268,3296.0,3748.0
int__tai50_20_09,3071,269,3338.0,3803.0
int__tai50_20_09,3071,270,3310.0,3768.0
int__tai50_20_09,3071,271,3288.0,3734.0
int__tai50_20_09,3071,272,3273.0,3729.0
int__tai50_20_09,3071,273,3196.0,3672.0
int__tai50_20_09,3071,274,3259.0,3730.0
int__tai50_20_09,3071,275,3411.0,3896.0
int__tai50_20_09,3071,276,3274.0,3738.0
int__tai50_20_09,3071,277,3226.0,3745.0
int__tai50_20_09,3071,278,3237.0,3721.0
int__tai50_20_09,3071,279,3341.0,3796.0
int__tai50_20_09,3071,280,3331.0,3829.0
int__tai50_20_09,3071,281,3270.0,3738.0
int__tai50_20_09,3071,282,3225.0,3724.0
int__tai50_20_09,3071,283,3253.0,3713.0
int__tai50_20_09,3071,284,3343.0,3746.0
int__tai50_20_09,3071,285,3336.0,3783.0
int__tai50_20_09,3071,286,3319.0,3774.0
int__tai50_20_09,3071,287,3293.0,3734.0
int__tai50_20_09,3071,288,3256.0,3732.0
int__tai50_20_09,3071,289,3393.0,3867.0
int__tai50_20_09,3071,290,3306.0,3759.0
int__tai50_20_09,3071,291,3359.0,3819.0
int__tai50_20_09,3071,292,3233.0,3702.0
int__tai50_20_09,3071,293,3307.0,3775.0
int__tai50_20_09,3071,294,3341.0,3792.0
int__tai50_20_09,3071,295,3325.0,3780.0
int__tai50_20_09,3071,296,3275.0,3789.0
int__tai50_20_09,3071,297,3344.0,3837.0
int__tai50_20_09,3071,298,3333.0,3833.0
int__tai50_20_09,3071,299,3330.0,3827.0
int__tai50_20_09,3071,300,3330.0,3820.0
int__tai50_20_09,3071,301,3345.0,3823.0
int__tai50_20_09,3071,302,3277.0,3760.0
int__tai50_20_09,3071,303,3365.0,3850.0
int__tai50_20_09,3071,304,3224.0,3686.0
int__tai50_20_09,3071,305,3297.0,3756.0
int__tai50_20_09,3071,306,3335.0,3807.0
int__tai50_20_09,3071,307,3152.0,3642.0
int__tai50_20_09,3071,308,3375.0,3824.0
int__tai50_20_09,3071,309,3280.0,3753.0
int__tai50_20_09,3071,310,3316.0,3751.0
int__tai50_20_09,3071,311,3316.0,3776.0
int__tai50_20_09,3071,312,3331.0,3784.0
int__tai50_20_09,3071,313,3338.0,3906.0
int__tai50_20_09,3071,314,3229.0,3700.0
int__tai50_20_09,3071,315,3224.0,3689.0
int__tai50_20_09,3071,316,3239.0,3676.0
int__tai50_20_09,3071,317,3249.0,3750.0
int__tai50_20_09,3071,318,3390.0,3886.0
int__tai50_20_09,3071,319,3357.0,3813.0
int__tai50_20_09,3071,320,3431.0,3911.0
int__tai50_20_09,3071,321,3384.0,3859.0
int__tai50_20_09,3071,322,3291.0,3747.0
int__tai50_20_09,3071,323,3342.0,3840.0
int__tai50_20_09,3071,324,3330.0,3798.0
int__tai50_20_09,3071,325,3245.0,3739.0
int__tai50_20_09,3071,326,3411.0,3905.0
int__tai50_20_09,3071,327,3263.0,3725.0
int__tai50_20_09,3071,328,3185.0,3600.0
int__tai50_20_09,3071,329,3238.0,3719.0
int__tai50_20_09,3071,330,3222.0,3692.0
int__tai50_20_09,3071,331,3286.0,3764.0
int__tai50_20_09,3071,332,3263.0,3720.0
int__tai50_20_09,3071,333,3349.0,3847.0
int__tai50_20_09,3071,334,3403.0,3905.0
int__tai50_20_09,3071,335,3321.0,3823.0
int__tai50_20_09,3071,336,3309.0,3744.0
int__tai50_20_09,3071,337,3383.0,3843.0
int__tai50_20_09,3071,338,3304.0,3793.0
int__tai50_20_09,3071,339,3402.0,3869.0
int__tai50_20_09,3071,340,3255.0,3739.0
int__tai50_20_09,3071,341,3325.0,3835.0
int__tai50_20_09,3071,342,3337.0,3790.0
int__tai50_20_09,3071,343,3293.0,3790.0
int__tai50_20_09,3071,344,3446.0,3923.0
int__tai50_20_09,3071,345,3387.0,3897.0
int__tai50_20_09,3071,346,3244.0,3731.0
int__tai50_20_09,3071,347,3346.0,3816.0
int__tai50_20_09,3071,348,3284.0,3753.0
int__tai50_20_09,3071,349,3417.0,3848.0
int__tai50_20_09,3071,350,3275.0,3728.0
int__tai50_20_09,3071,351,3337.0,3846.0
int__tai50_20_09,3071,352,3320.0,3817.0
int__tai50_20_09,3071,353,3356.0,3830.0
int__tai50_20_09,3071,354,3267.0,3706.0
int__tai50_20_09,3071,355,3307.0,3785.0
int__tai50_20_09,3071,356,3282.0,3733.0
int__tai50_20_09,3071,357,3409.0,3848.0
int__tai50_20_09,3071,358,3268.0,3727.0
int__tai50_20_09,3071,359,3309.0,3792.0
int__tai50_20_09,3071,360,3273.0,3702.0
int__tai50_20_09,3071,361,3223.0,3701.0
int__tai50_20_09,3071,362,3351.0,3876.0
int__tai50_20_09,3071,363,3338.0,3807.0
int__tai50_20_09,3071,364,3309.0,3775.0
int__tai50_20_09,3071,365,3285.0,3787.0
int__tai50_20_09,3071,366,3341.0,3816.0
int__tai50_20_09,3071,367,3296.0,3771.0
int__tai50_20_09,3071,368,3290.0,3725.0
int__tai50_20_09,3071,369,3232.0,3732.0
int__tai50_20_09,3071,370,3365.0,3866.0
int__tai50_20_09,3071,371,3268.0,3720.0
int__tai50_20_09,3071,372,3296.0,3739.0
int__tai50_20_09,3071,373,3312.0,3805.0
int__tai50_20_09,3071,374,3363.0,3813.0
int__tai50_20_09,3071,375,3258.0,3709.0
int__tai50_20_09,3071,376,3292.0,3744.0
int__tai50_20_09,3071,377,3300.0,3791.0
int__tai50_20_09,3071,378,3394.0,3875.0
int__tai50_20_09,3071,379,3259.0,3717.0
int__tai50_20_09,3071,380,3222.0,3673.0
int__tai50_20_09,3071,381,3370.0,3835.0
int__tai50_20_09,3071,382,3250.0,3749.0
int__tai50_20_09,3071,383,3288.0,3782.0
int__tai50_20_09,3071,384,3337.0,3788.0
int__tai50_20_09,3071,385,3359.0,3803.0
int__tai50_20_09,3071,386,3286.0,3761.0
int__tai50_20_09,3071,387,3273.0,3684.0
int__tai50_20_09,3071,388,3393.0,3861.0
int__tai50_20_09,3071,389,3261.0,3744.0
int__tai50_20_09,3071,390,3286.0,3768.0
int__tai50_20_09,3071,391,3298.0,3811.0
int__tai50_20_09,3071,392,3378.0,3830.0
int__tai50_20_09,3071,393,3223.0,3698.0
int__tai50_20_09,3071,394,3347.0,3769.0
int__tai50_20_09,3071,395,3237.0,3724.0
int__tai50_20_09,3071,396,3286.0,3805.0
int__tai50_20_09,3071,397,3331.0,3783.0
int__tai50_20_09,3071,398,3237.0,3686.0
int__tai50_20_09,3071,399,3260.0,3690.0
int__tai50_20_09,3071,400,3322.0,3777.0
int__tai50_20_09,3071,401,3320.0,3751.0
int__tai50_20_09,3071,402,3242.0,3735.0
int__tai50_20_09,3071,403,3223.0,3681.0
int__tai50_20_09,3071,404,3345.0,3800.0
int__tai50_20_09,3071,405,3399.0,3899.0
int__tai50_20_09,3071,406,3291.0,3793.0
int__tai50_20_09,3071,407,3318.0,3768.0
int__tai50_20_09,3071,408,3279.0,3715.0
int__tai50_20_09,3071,409,3365.0,3839.0
int__tai50_20_09,3071,410,3342.0,3824.0
int__tai50_20_09,3071,411,3235.0,3697.0
int__tai50_20_09,3071,412,3246.0,3738.0
int__tai50_20_09,3071,413,3290.0,3759.0
int__tai50_20_09,3071,414,3344.0,3801.0
int__tai50_20_09,3071,415,3271.0,3704.0
int__tai50_20_09,3071,416,3229.0,3702.0
int__tai50_20_09,3071,417,3269.0,3758.0
int__tai50_20_09,3071,418,3175.0,3642.0
int__tai50_20_09,3071,419,3232.0,3675.0
int__tai50_20_09,3071,420,3313.0,3706.0
int__tai50_20_09,3071,421,3257.0,3681.0
int__tai50_20_09,3071,422,3222.0,3685.0
int__tai50_20_09,3071,423,3312.0,3754.0
int__tai50_20_09,3071,424,3263.0,3757.0
int__tai50_20_09,3071,425,3323.0,3761.0
int__tai50_20_09,3071,426,3330.0,3791.0
int__tai50_20_09,3071,427,3316.0,3768.0
int__tai50_20_09,3071,428,3360.0,3806.0
int__tai50_20_09,3071,429,3307.0,3785.0
int__tai50_20_09,3071,430,3276.0,3783.0
int__tai50_20_09,3071,431,3382.0,3873.0
int__tai50_20_09,3071,432,3284.0,3760.0
int__tai50_20_09,3071,433,3347.0,3851.0
int__tai50_20_09,3071,434,3308.0,3770.0
int__tai50_20_09,3071,435,3263.0,3716.0
int__tai50_20_09,3071,436,3247.0,3716.0
int__tai50_20_09,3071,437,3227.0,3693.0
int__tai50_20_09,3071,438,3265.0,3738.0
int__tai50_20_09,3071,439,3407.0,3807.0
int__tai50_20_09,3071,440,3298.0,3766.0
int__tai50_20_09,3071,441,3314.0,3809.0
int__tai50_20_09,3071,442,3278.0,3704.0
int__tai50_20_09,3071,443,3296.0,3787.0
int__tai50_20_09,3071,444,3323.0,3744.0
int__tai50_20_09,3071,445,3299.0,3748.0
int__tai50_20_09,3071,446,3218.0,3728.0
int__tai50_20_09,3071,447,3284.0,3740.0
int__tai50_20_09,3071,448,3400.0,3886.0
int__tai50_20_09,3071,449,3304.0,3767.0
int__tai50_20_09,3071,450,3286.0,3771.0
int__tai50_20_09,3071,451,3272.0,3745.0
int__tai50_20_09,3071,452,3228.0,3655.0
int__tai50_20_09,3071,453,3283.0,3728.0
int__tai50_20_09,3071,454,3304.0,3753.0
int__tai50_20_09,3071,455,3332.0,3819.0
int__tai50_20_09,3071,456,3347.0,3860.0
int__tai50_20_09,3071,457,3371.0,3855.0
int__tai50_20_09,3071,458,3349.0,3815.0
int__tai50_20_09,3071,459,3287.0,3745.0
int__tai50_20_09,3071,460,3234.0,3713.0
int__tai50_20_09,3071,461,3385.0,3864.0
int__tai50_20_09,3071,462,3303.0,3759.0
int__tai50_20_09,3071,463,3278.0,3757.0
int__tai50_20_09,3071,464,3219.0,3735.0
int__tai50_20_09,3071,465,3226.0,3711.0
int__tai50_20_09,3071,466,3181.0,3650.0
int__tai50_20_09,3071,467,3320.0,3816.0
int__tai50_20_09,3071,468,3285.0,3721.0
int__tai50_20_09,3071,469,3329.0,3762.0
int__tai50_20_09,3071,470,3239.0,3701.0
int__tai50_20_09,3071,471,3254.0,3707.0
int__tai50_20_09,3071,472,3265.0,3732.0
int__tai50_20_09,3071,473,3295.0,3753.0
int__tai50_20_09,3071,474,3219.0,3667.0
int__tai50_20_09,3071,475,3236.0,3734.0
int__tai50_20_09,3071,476,3360.0,3831.0
int__tai50_20_09,3071,477,3338.0,3815.0
int__tai50_20_09,3071,478,3293.0,3718.0
int__tai50_20_09,3071,479,3357.0,3798.0
int__tai50_20_09,3071,480,3328.0,3858.0
int__tai50_20_09,3071,481,3278.0,3700.0
int__tai50_20_09,3071,482,3277.0,3718.0
int__tai50_20_09,3071,483,3230.0,3743.0
int__tai50_20_09,3071,484,3363.0,3794.0
int__tai50_20_09,3071,485,3263.0,3726.0
int__tai50_20_09,3071,486,3289.0,3758.0
int__tai50_20_09,3071,487,3374.0,3827.0
int__tai50_20_09,3071,488,3255.0,3720.0
int__tai50_20_09,3071,489,3245.0,3714.0
int__tai50_20_09,3071,490,3283.0,3748.0
int__tai50_20_09,3071,491,3282.0,3744.0
int__tai50_20_09,3071,492,3304.0,3786.0
int__tai50_20_09,3071,493,3341.0,3854.0
int__tai50_20_09,3071,494,3321.0,3774.0
int__tai50_20_09,3071,495,3317.0,3746.0
int__tai50_20_09,3071,496,3314.0,3811.0
int__tai50_20_09,3071,497,3240.0,3692.0
int__tai50_20_09,3071,498,3312.0,3779.0
int__tai50_20_09,3071,499,3242.0,3651.0
int__tai50_20_09,3071,500,3351.0,3820.0
int__tai50_20_09,3071,501,3373.0,3848.0
int__tai50_20_09,3071,502,3358.0,3872.0
int__tai50_20_09,3071,503,3328.0,3800.0
int__tai50_20_09,3071,504,3305.0,3764.0
int__tai50_20_09,3071,505,3246.0,3720.0
int__tai50_20_09,3071,506,3302.0,3768.0
int__tai50_20_09,3071,507,3468.0,3976.0
int__tai50_20_09,3071,508,3374.0,3859.0
int__tai50_20_09,3071,509,3357.0,3838.0
int__tai50_20_09,3071,510,3312.0,3761.0
int__tai50_20_09,3071,511,3334.0,3793.0
int__tai50_20_09,3071,512,3226.0,3711.0
int__tai50_20_09,3071,513,3242.0,3736.0
int__tai50_20_09,3071,514,3387.0,3878.0
int__tai50_20_09,3071,515,3355.0,3829.0
int__tai50_20_09,3071,516,3309.0,3736.0
int__tai50_20_09,3071,517,3315.0,3775.0
int__tai50_20_09,3071,518,3257.0,3672.0
int__tai50_20_09,3071,519,3263.0,3641.0
int__tai50_20_09,3071,520,3236.0,3663.0
int__tai50_20_09,3071,521,3303.0,3775.0
int__tai50_20_09,3071,522,3308.0,3811.0
int__tai50_20_09,3071,523,3280.0,3774.0
int__tai50_20_09,3071,524,3204.0,3690.0
int__tai50_20_09,3071,525,3386.0,3866.0
int__tai50_20_09,3071,526,3306.0,3802.0
int__tai50_20_09,3071,527,3259.0,3721.0
int__tai50_20_09,3071,528,3228.0,3692.0
int__tai50_20_09,3071,529,3288.0,3716.0
int__tai50_20_09,3071,530,3232.0,3719.0
int__tai50_20_09,3071,531,3216.0,3666.0
int__tai50_20_09,3071,532,3213.0,3661.0
int__tai50_20_09,3071,533,3321.0,3728.0
int__tai50_20_09,3071,534,3379.0,3841.0
int__tai50_20_09,3071,535,3361.0,3804.0
int__tai50_20_09,3071,536,3286.0,3743.0
int__tai50_20_09,3071,537,3326.0,3845.0
int__tai50_20_09,3071,538,3251.0,3719.0
int__tai50_20_09,3071,539,3292.0,3698.0
int__tai50_20_09,3071,540,3265.0,3763.0
int__tai50_20_09,3071,541,3207.0,3650.0
int__tai50_20_09,3071,542,3295.0,3718.0
int__tai50_20_09,3071,543,3241.0,3724.0
int__tai50_20_09,3071,544,3370.0,3844.0
int__tai50_20_09,3071,545,3370.0,3840.0
int__tai50_20_09,3071,546,3305.0,3743.0
int__tai50_20_09,3071,547,3235.0,3706.0
int__tai50_20_09,3071,548,3278.0,3700.0
int__tai50_20_09,3071,549,3247.0,3695.0
int__tai50_20_09,3071,550,3256.0,3657.0
int__tai50_20_09,3071,551,3328.0,3763.0
int__tai50_20_09,3071,552,3358.0,3850.0
int__tai50_20_09,3071,553,3311.0,3826.0
int__tai50_20_09,3071,554,3301.0,3730.0
int__tai50_20_09,3071,555,3244.0,3748.0
int__tai50_20_09,3071,556,3407.0,3878.0
int__tai50_20_09,3071,557,3256.0,3731.0
int__tai50_20_09,3071,558,3285.0,3762.0
int__tai50_20_09,3071,559,3294.0,3727.0
int__tai50_20_09,3071,560,3307.0,3744.0
int__tai50_20_09,3071,561,3310.0,3783.0
int__tai50_20_09,3071,562,3285.0,3692.0
int__tai50_20_09,3071,563,3285.0,3748.0
int__tai50_20_09,3071,564,3284.0,3743.0
int__tai50_20_09,3071,565,3674.0,4167.0
int__tai50_20_09,3071,566,3291.0,3738.0
int__tai50_20_09,3071,567,3421.0,3890.0
int__tai50_20_09,3071,568,3324.0,3827.0
int__tai50_20_09,3071,569,3257.0,3696.0
int__tai50_20_09,3071,570,3287.0,3743.0
int__tai50_20_09,3071,571,3294.0,3787.0
int__tai50_20_09,3071,572,3299.0,3765.0
int__tai50_20_09,3071,573,3305.0,3747.0
int__tai50_20_09,3071,574,3301.0,3731.0
int__tai50_20_09,3071,575,3427.0,3909.0
int__tai50_20_09,3071,576,3323.0,3814.0
int__tai50_20_09,3071,577,3284.0,3748.0
int__tai50_20_09,3071,578,3264.0,3750.0
int__tai50_20_09,3071,579,3291.0,3754.0
int__tai50_20_09,3071,580,3301.0,3731.0
int__tai50_20_09,3071,581,3272.0,3733.0
int__tai50_20_09,3071,582,3363.0,3824.0
int__tai50_20_09,3071,583,3233.0,3708.0
int__tai50_20_09,3071,584,3258.0,3778.0
int__tai50_20_09,3071,585,3291.0,3765.0
int__tai50_20_09,3071,586,3333.0,3790.0
int__tai50_20_09,3071,587,3332.0,3803.0
int__tai50_20_09,3071,588,3227.0,3668.0
int__tai50_20_09,3071,589,3253.0,3764.0
int__tai50_20_09,3071,590,3243.0,3652.0
int__tai50_20_09,3071,591,3347.0,3870.0
int__tai50_20_09,3071,592,3324.0,3781.0
int__tai50_20_09,3071,593,3243.0,3751.0
int__tai50_20_09,3071,594,3272.0,3720.0
int__tai50_20_09,3071,595,3198.0,3641.0
int__tai50_20_09,3071,596,3313.0,3809.0
int__tai50_20_09,3071,597,3224.0,3724.0
int__tai50_20_09,3071,598,3314.0,3796.0
int__tai50_20_09,3071,599,3267.0,3688.0
int__tai50_20_09,3071,600,3329.0,3737.0
int__tai50_20_09,3071,601,3394.0,3874.0
int__tai50_20_09,3071,602,3358.0,3873.0
int__tai50_20_09,3071,603,3184.0,3668.0
int__tai50_20_09,3071,604,3297.0,3736.0
int__tai50_20_09,3071,605,3287.0,3746.0
int__tai50_20_09,3071,606,3349.0,3790.0
int__tai50_20_09,3071,607,3298.0,3770.0
int__tai50_20_09,3071,608,3263.0,3734.0
int__tai50_20_09,3071,609,3287.0,3731.0
int__tai50_20_09,3071,610,3343.0,3832.0
int__tai50_20_09,3071,611,3202.0,3680.0
int__tai50_20_09,3071,612,3383.0,3876.0
int__tai50_20_09,3071,613,3287.0,3770.0
int__tai50_20_09,3071,614,3360.0,3822.0
int__tai50_20_09,3071,615,3302.0,3767.0
int__tai50_20_09,3071,616,3311.0,3811.0
int__tai50_20_09,3071,617,3257.0,3762.0
int__tai50_20_09,3071,618,3264.0,3695.0
int__tai50_20_09,3071,619,3290.0,3742.0
int__tai50_20_09,3071,620,3207.0,3718.0
int__tai50_20_09,3071,621,3383.0,3885.0
int__tai50_20_09,3071,622,3265.0,3722.0
int__tai50_20_09,3071,623,3343.0,3817.0
int__tai50_20_09,3071,624,3267.0,3723.0
int__tai50_20_09,3071,625,3296.0,3716.0
int__tai50_20_09,3071,626,3242.0,3717.0
int__tai50_20_09,3071,627,3286.0,3805.0
int__tai50_20_09,3071,628,3352.0,3796.0
int__tai50_20_09,3071,629,3263.0,3735.0
int__tai50_20_09,3071,630,3285.0,3768.0
int__tai50_20_09,3071,631,3388.0,3874.0
int__tai50_20_09,3071,632,3394.0,3886.0
int__tai50_20_09,3071,633,3327.0,3780.0
int__tai50_20_09,3071,634,3252.0,3703.0
int__tai50_20_09,3071,635,3261.0,3764.0
int__tai50_20_09,3071,636,3228.0,3706.0
int__tai50_20_09,3071,637,3302.0,3751.0
int__tai50_20_09,3071,638,3359.0,3852.0
int__tai50_20_09,3071,639,3261.0,3721.0
int__tai50_20_09,3071,640,3282.0,3689.0
int__tai50_20_09,3071,641,3260.0,3749.0
int__tai50_20_09,3071,642,3278.0,3741.0
int__tai50_20_09,3071,643,3360.0,3865.0
int__tai50_20_09,3071,644,3208.0,3674.0
int__tai50_20_09,3071,645,3353.0,3833.0
int__tai50_20_09,3071,646,3342.0,3769.0
int__tai50_20_09,3071,647,3269.0,3730.0
int__tai50_20_09,3071,648,3344.0,3808.0
int__tai50_20_09,3071,649,3248.0,3697.0
int__tai50_20_09,3071,650,3374.0,3840.0
int__tai50_20_09,3071,651,3337.0,3838.0
int__tai50_20_09,3071,652,3343.0,3824.0
int__tai50_20_09,3071,653,3356.0,3881.0
int__tai50_20_09,3071,654,3334.0,3750.0
int__tai50_20_09,3071,655,3314.0,3767.0
int__tai50_20_09,3071,656,3239.0,3684.0
int__tai50_20_09,3071,657,3238.0,3765.0
int__tai50_20_09,3071,658,3319.0,3773.0
int__tai50_20_09,3071,659,3389.0,3875.0
int__tai50_20_09,3071,660,3285.0,3703.0
int__tai50_20_09,3071,661,3293.0,3738.0
int__tai50_20_09,3071,662,3251.0,3690.0
int__tai50_20_09,3071,663,3267.0,3731.0
int__tai50_20_09,3071,664,3277.0,3718.0
int__tai50_20_09,3071,665,3284.0,3791.0
int__tai50_20_09,3071,666,3252.0,3666.0
int__tai50_20_09,3071,667,3233.0,3690.0
int__tai50_20_09,3071,668,3319.0,3745.0
int__tai50_20_09,3071,669,3269.0,3720.0
int__tai50_20_09,3071,670,3298.0,3793.0
int__tai50_20_09,3071,671,3230.0,3714.0
int__tai50_20_09,3071,672,3293.0,3745.0
int__tai50_20_09,3071,673,3319.0,3769.0
int__tai50_20_09,3071,674,3346.0,3777.0
int__tai50_20_09,3071,675,3360.0,3808.0
int__tai50_20_09,3071,676,3260.0,3699.0
int__tai50_20_09,3071,677,3269.0,3739.0
int__tai50_20_09,3071,678,3310.0,3774.0
int__tai50_20_09,3071,679,3258.0,3774.0
int__tai50_20_09,3071,680,3296.0,3744.0
int__tai50_20_09,3071,681,3301.0,3751.0
int__tai50_20_09,3071,682,3284.0,3702.0
int__tai50_20_09,3071,683,3335.0,3835.0
int__tai50_20_09,3071,684,3342.0,3781.0
int__tai50_20_09,3071,685,3361.0,3854.0
int__tai50_20_09,3071,686,3253.0,3689.0
int__tai50_20_09,3071,687,3252.0,3714.0
int__tai50_20_09,3071,688,3297.0,3744.0
int__tai50_20_09,3071,689,3305.0,3813.0
int__tai50_20_09,3071,690,3338.0,3776.0
int__tai50_20_09,3071,691,3393.0,3825.0
int__tai50_20_09,3071,692,3330.0,3820.0
int__tai50_20_09,3071,693,3320.0,3809.0
int__tai50_20_09,3071,694,3247.0,3710.0
int__tai50_20_09,3071,695,3373.0,3834.0
int__tai50_20_09,3071,696,3317.0,3751.0
int__tai50_20_09,3071,697,3367.0,3821.0
int__tai50_20_09,3071,698,3335.0,3820.0
int__tai50_20_09,3071,699,3260.0,3718.0
int__tai50_20_09,3071,700,3303.0,3794.0
int__tai50_20_09,3071,701,3329.0,3860.0
int__tai50_20_09,3071,702,3247.0,3713.0
int__tai50_20_09,3071,703,3276.0,3753.0
int__tai50_20_09,3071,704,3405.0,3889.0
int__tai50_20_09,3071,705,3306.0,3794.0
int__tai50_20_09,3071,706,3328.0,3780.0
int__tai50_20_09,3071,707,3289.0,3799.0
int__tai50_20_09,3071,708,3244.0,3656.0
int__tai50_20_09,3071,709,3254.0,3704.0
int__tai50_20_09,3071,710,3265.0,3677.0
int__tai50_20_09,3071,711,3304.0,3781.0
int__tai50_20_09,3071,712,3295.0,3762.0
int__tai50_20_09,3071,713,3237.0,3697.0
int__tai50_20_09,3071,714,3283.0,3722.0
int__tai50_20_09,3071,715,3255.0,3743.0
int__tai50_20_09,3071,716,3397.0,3910.0
int__tai50_20_09,3071,717,3265.0,3683.0
int__tai50_20_09,3071,718,3291.0,3757.0
int__tai50_20_09,3071,719,3188.0,3662.0
int__tai50_20_09,3071,720,3466.0,3950.0
int__tai50_20_09,3071,721,3237.0,3712.0
int__tai50_20_09,3071,722,3298.0,3793.0
int__tai50_20_09,3071,723,3277.0,3721.0
int__tai50_20_09,3071,724,3240.0,3722.0
int__tai50_20_09,3071,725,3302.0,3735.0
int__tai50_20_09,3071,726,3457.0,3956.0
int__tai50_20_09,3071,727,3351.0,3831.0
int__tai50_20_09,3071,728,3256.0,3720.0
int__tai50_20_09,3071,729,3271.0,3771.0
int__tai50_20_09,3071,730,3269.0,3724.0
int__tai50_20_09,3071,731,3364.0,3888.0
int__tai50_20_09,3071,732,3310.0,3814.0
int__tai50_20_09,3071,733,3303.0,3756.0
int__tai50_20_09,3071,734,3303.0,3696.0
int__tai50_20_09,3071,735,3320.0,3826.0
int__tai50_20_09,3071,736,3426.0,3904.0
int__tai50_20_09,3071,737,3266.0,3792.0
int__tai50_20_09,3071,738,3304.0,3732.0
int__tai50_20_09,3071,739,3344.0,3833.0
int__tai50_20_09,3071,740,3275.0,3759.0
int__tai50_20_09,3071,741,3339.0,3837.0
int__tai50_20_09,3071,742,3258.0,3729.0
int__tai50_20_09,3071,743,3270.0,3780.0
int__tai50_20_09,3071,744,3343.0,3836.0
int__tai50_20_09,3071,745,3206.0,3688.0
int__tai50_20_09,3071,746,3348.0,3861.0
int__tai50_20_09,3071,747,3289.0,3744.0
int__tai50_20_09,3071,748,3363.0,3829.0
int__tai50_20_09,3071,749,3293.0,3744.0
int__tai50_20_09,3071,750,3302.0,3752.0
int__tai50_20_09,3071,751,3300.0,3776.0
int__tai50_20_09,3071,752,3272.0,3784.0
int__tai50_20_09,3071,753,3324.0,3751.0
int__tai50_20_09,3071,754,3306.0,3799.0
int__tai50_20_09,3071,755,3408.0,3842.0
int__tai50_20_09,3071,756,3325.0,3823.0
int__tai50_20_09,3071,757,3317.0,3767.0
int__tai50_20_09,3071,758,3283.0,3789.0
int__tai50_20_09,3071,759,3268.0,3752.0
int__tai50_20_09,3071,760,3363.0,3789.0
int__tai50_20_09,3071,761,3342.0,3816.0
int__tai50_20_09,3071,762,3451.0,3873.0
int__tai50_20_09,3071,763,3279.0,3690.0
int__tai50_20_09,3071,764,3261.0,3786.0
int__tai50_20_09,3071,765,3516.0,4005.0
int__tai50_20_09,3071,766,3450.0,3835.0
int__tai50_20_09,3071,767,3218.0,3699.0
int__tai50_20_09,3071,768,3260.0,3697.0
int__tai50_20_09,3071,769,3343.0,3796.0
int__tai50_20_09,3071,770,3272.0,3782.0
int__tai50_20_09,3071,771,3383.0,3879.0
int__tai50_20_09,3071,772,3176.0,3646.0
int__tai50_20_09,3071,773,3315.0,3790.0
int__tai50_20_09,3071,774,3333.0,3800.0
int__tai50_20_09,3071,775,3325.0,3795.0
int__tai50_20_09,3071,776,3233.0,3691.0
int__tai50_20_09,3071,777,3292.0,3791.0
int__tai50_20_09,3071,778,3253.0,3705.0
int__tai50_20_09,3071,779,3311.0,3738.0
int__tai50_20_09,3071,780,3343.0,3825.0
int__tai50_20_09,3071,781,3377.0,3873.0
int__tai50_20_09,3071,782,3215.0,3676.0
int__tai50_20_09,3071,783,3272.0,3740.0
int__tai50_20_09,3071,784,3265.0,3707.0
int__tai50_20_09,3071,785,3333.0,3794.0
int__tai50_20_09,3071,786,3405.0,3866.0
int__tai50_20_09,3071,787,3321.0,3805.0
int__tai50_20_09,3071,788,3290.0,3735.0
int__tai50_20_09,3071,789,3379.0,3849.0
int__tai50_20_09,3071,790,3267.0,3779.0
int__tai50_20_09,3071,791,3393.0,3868.0
int__tai50_20_09,3071,792,3363.0,3829.0
int__tai50_20_09,3071,793,3205.0,3684.0
int__tai50_20_09,3071,794,3273.0,3739.0
int__tai50_20_09,3071,795,3260.0,3723.0
int__tai50_20_09,3071,796,3336.0,3805.0
int__tai50_20_09,3071,797,3361.0,3777.0
int__tai50_20_09,3071,798,3273.0,3778.0
int__tai50_20_09,3071,799,3304.0,3769.0
int__tai50_20_09,3071,800,3284.0,3745.0
int__tai50_20_09,3071,801,3250.0,3731.0
int__tai50_20_09,3071,802,3320.0,3774.0
int__tai50_20_09,3071,803,3363.0,3883.0
int__tai50_20_09,3071,804,3263.0,3694.0
int__tai50_20_09,3071,805,3261.0,3744.0
int__tai50_20_09,3071,806,3337.0,3834.0
int__tai50_20_09,3071,807,3260.0,3716.0
int__tai50_20_09,3071,808,3275.0,3765.0
int__tai50_20_09,3071,809,3311.0,3835.0
int__tai50_20_09,3071,810,3357.0,3766.0
int__tai50_20_09,3071,811,3350.0,3806.0
int__tai50_20_09,3071,812,3288.0,3784.0
int__tai50_20_09,3071,813,3251.0,3713.0
int__tai50_20_09,3071,814,3299.0,3735.0
int__tai50_20_09,3071,815,3283.0,3724.0
int__tai50_20_09,3071,816,3237.0,3689.0
int__tai50_20_09,3071,817,3334.0,3785.0
int__tai50_20_09,3071,818,3284.0,3778.0
int__tai50_20_09,3071,819,3277.0,3715.0
int__tai50_20_09,3071,820,3291.0,3725.0
int__tai50_20_09,3071,821,3379.0,3842.0
int__tai50_20_09,3071,822,3226.0,3725.0
int__tai50_20_09,3071,823,3338.0,3784.0
int__tai50_20_09,3071,824,3357.0,3730.0
int__tai50_20_09,3071,825,3221.0,3655.0
int__tai50_20_09,3071,826,3261.0,3763.0
int__tai50_20_09,3071,827,3297.0,3767.0
int__tai50_20_09,3071,828,3313.0,3771.0
int__tai50_20_09,3071,829,3324.0,3799.0
int__tai50_20_09,3071,830,3287.0,3818.0
int__tai50_20_09,3071,831,3271.0,3776.0
int__tai50_20_09,3071,832,3311.0,3820.0
int__tai50_20_09,3071,833,3219.0,3724.0
int__tai50_20_09,3071,834,3302.0,3791.0
int__tai50_20_09,3071,835,3250.0,3747.0
int__tai50_20_09,3071,836,3309.0,3717.0
int__tai50_20_09,3071,837,3260.0,3722.0
int__tai50_20_09,3071,838,3311.0,3709.0
int__tai50_20_09,3071,839,3265.0,3773.0
int__tai50_20_09,3071,840,3306.0,3725.0
int__tai50_20_09,3071,841,3357.0,3857.0
int__tai50_20_09,3071,842,3325.0,3759.0
int__tai50_20_09,3071,843,3339.0,3795.0
int__tai50_20_09,3071,844,3238.0,3712.0
int__tai50_20_09,3071,845,3316.0,3834.0
int__tai50_20_09,3071,846,3248.0,3703.0
int__tai50_20_09,3071,847,3275.0,3715.0
int__tai50_20_09,3071,848,3292.0,3753.0
int__tai50_20_09,3071,849,3315.0,3751.0
int__tai50_20_09,3071,850,3176.0,3643.0
int__tai50_20_09,3071,851,3318.0,3755.0
int__tai50_20_09,3071,852,3378.0,3826.0
int__tai50_20_09,3071,853,3356.0,3837.0
int__tai50_20_09,3071,854,3273.0,3725.0
int__tai50_20_09,3071,855,3362.0,3804.0
int__tai50_20_09,3071,856,3294.0,3747.0
int__tai50_20_09,3071,857,3254.0,3703.0
int__tai50_20_09,3071,858,3319.0,3807.0
int__tai50_20_09,3071,859,3235.0,3644.0
int__tai50_20_09,3071,860,3216.0,3619.0
int__tai50_20_09,3071,861,3295.0,3736.0
int__tai50_20_09,3071,862,3222.0,3742.0
int__tai50_20_09,3071,863,3335.0,3771.0
int__tai50_20_09,3071,864,3324.0,3816.0
int__tai50_20_09,3071,865,3348.0,3853.0
int__tai50_20_09,3071,866,3308.0,3773.0
int__tai50_20_09,3071,867,3241.0,3684.0
int__tai50_20_09,3071,868,3290.0,3714.0
int__tai50_20_09,3071,869,3242.0,3736.0
int__tai50_20_09,3071,870,3282.0,3768.0
int__tai50_20_09,3071,871,3531.0,3968.0
int__tai50_20_09,3071,872,3223.0,3655.0
int__tai50_20_09,3071,873,3229.0,3738.0
int__tai50_20_09,3071,874,3337.0,3777.0
int__tai50_20_09,3071,875,3298.0,3766.0
int__tai50_20_09,3071,876,3374.0,3850.0
int__tai50_20_09,3071,877,3268.0,3686.0
int__tai50_20_09,3071,878,3296.0,3720.0
int__tai50_20_09,3071,879,3337.0,3865.0
int__tai50_20_09,3071,880,3264.0,3797.0
int__tai50_20_09,3071,881,3271.0,3703.0
int__tai50_20_09,3071,882,3243.0,3710.0
int__tai50_20_09,3071,883,3272.0,3744.0
int__tai50_20_09,3071,884,3361.0,3829.0
int__tai50_20_09,3071,885,3322.0,3801.0
int__tai50_20_09,3071,886,3320.0,3762.0
int__tai50_20_09,3071,887,3368.0,3820.0
int__tai50_20_09,3071,888,3242.0,3730.0
int__tai50_20_09,3071,889,3278.0,3742.0
int__tai50_20_09,3071,890,3197.0,3660.0
int__tai50_20_09,3071,891,3391.0,3847.0
int__tai50_20_09,3071,892,3219.0,3696.0
int__tai50_20_09,3071,893,3239.0,3697.0
int__tai50_20_09,3071,894,3216.0,3713.0
int__tai50_20_09,3071,895,3283.0,3774.0
int__tai50_20_09,3071,896,3350.0,3793.0
int__tai50_20_09,3071,897,3317.0,3794.0
int__tai50_20_09,3071,898,3433.0,3931.0
int__tai50_20_09,3071,899,3357.0,3775.0
int__tai50_20_09,3071,900,3413.0,3865.0
int__tai50_20_09,3071,901,3307.0,3840.0
int__tai50_20_09,3071,902,3336.0,3817.0
int__tai50_20_09,3071,903,3365.0,3799.0
int__tai50_20_09,3071,904,3295.0,3801.0
int__tai50_20_09,3071,905,3266.0,3721.0
int__tai50_20_09,3071,906,3291.0,3706.0
int__tai50_20_09,3071,907,3227.0,3662.0
int__tai50_20_09,3071,908,3289.0,3780.0
int__tai50_20_09,3071,909,3406.0,3919.0
int__tai50_20_09,3071,910,3307.0,3780.0
int__tai50_20_09,3071,911,3291.0,3751.0
int__tai50_20_09,3071,912,3234.0,3721.0
int__tai50_20_09,3071,913,3191.0,3674.0
int__tai50_20_09,3071,914,3432.0,3935.0
int__tai50_20_09,3071,915,3247.0,3724.0
int__tai50_20_09,3071,916,3267.0,3775.0
int__tai50_20_09,3071,917,3312.0,3751.0
int__tai50_20_09,3071,918,3321.0,3796.0
int__tai50_20_09,3071,919,3270.0,3681.0
int__tai50_20_09,3071,920,3425.0,3905.0
int__tai50_20_09,3071,921,3228.0,3693.0
int__tai50_20_09,3071,922,3290.0,3809.0
int__tai50_20_09,3071,923,3296.0,3787.0
int__tai50_20_09,3071,924,3282.0,3740.0
int__tai50_20_09,3071,925,3315.0,3810.0
int__tai50_20_09,3071,926,3363.0,3863.0
int__tai50_20_09,3071,927,3258.0,3723.0
int__tai50_20_09,3071,928,3245.0,3681.0
int__tai50_20_09,3071,929,3407.0,3830.0
int__tai50_20_09,3071,930,3358.0,3814.0
int__tai50_20_09,3071,931,3283.0,3756.0
int__tai50_20_09,3071,932,3350.0,3835.0
int__tai50_20_09,3071,933,3426.0,3934.0
int__tai50_20_09,3071,934,3243.0,3728.0
int__tai50_20_09,3071,935,3336.0,3821.0
int__tai50_20_09,3071,936,3275.0,3740.0
int__tai50_20_09,3071,937,3229.0,3717.0
int__tai50_20_09,3071,938,3282.0,3754.0
int__tai50_20_09,3071,939,3284.0,3756.0
int__tai50_20_09,3071,940,3173.0,3659.0
int__tai50_20_09,3071,941,3293.0,3745.0
int__tai50_20_09,3071,942,3346.0,3817.0
int__tai50_20_09,3071,943,3310.0,3801.0
int__tai50_20_09,3071,944,3343.0,3807.0
int__tai50_20_09,3071,945,3267.0,3751.0
int__tai50_20_09,3071,946,3427.0,3910.0
int__tai50_20_09,3071,947,3358.0,3840.0
int__tai50_20_09,3071,948,3335.0,3824.0
int__tai50_20_09,3071,949,3333.0,3836.0
int__tai50_20_09,3071,950,3313.0,3775.0
int__tai50_20_09,3071,951,3366.0,3839.0
int__tai50_20_09,3071,952,3239.0,3694.0
int__tai50_20_09,3071,953,3347.0,3787.0
int__tai50_20_09,3071,954,3278.0,3788.0
int__tai50_20_09,3071,955,3351.0,3796.0
int__tai50_20_09,3071,956,3221.0,3659.0
int__tai50_20_09,3071,957,3380.0,3904.0
int__tai50_20_09,3071,958,3323.0,3804.0
int__tai50_20_09,3071,959,3316.0,3773.0
int__tai50_20_09,3071,960,3385.0,3885.0
int__tai50_20_09,3071,961,3250.0,3707.0
int__tai50_20_09,3071,962,3286.0,3753.0
int__tai50_20_09,3071,963,3293.0,3758.0
int__tai50_20_09,3071,964,3317.0,3750.0
int__tai50_20_09,3071,965,3235.0,3660.0
int__tai50_20_09,3071,966,3358.0,3819.0
int__tai50_20_09,3071,967,3240.0,3711.0
int__tai50_20_09,3071,968,3317.0,3762.0
int__tai50_20_09,3071,969,3332.0,3841.0
int__tai50_20_09,3071,970,3340.0,3824.0
int__tai50_20_09,3071,971,3334.0,3837.0
int__tai50_20_09,3071,972,3371.0,3796.0
int__tai50_20_09,3071,973,3301.0,3779.0
int__tai50_20_09,3071,974,3252.0,3681.0
int__tai50_20_09,3071,975,3339.0,3775.0
int__tai50_20_09,3071,976,3328.0,3775.0
int__tai50_20_09,3071,977,3362.0,3753.0
int__tai50_20_09,3071,978,3300.0,3760.0
int__tai50_20_09,3071,979,3338.0,3838.0
int__tai50_20_09,3071,980,3274.0,3737.0
int__tai50_20_09,3071,981,3332.0,3769.0
int__tai50_20_09,3071,982,3294.0,3793.0
int__tai50_20_09,3071,983,3225.0,3671.0
int__tai50_20_09,3071,984,3233.0,3693.0
int__tai50_20_09,3071,985,3206.0,3687.0
int__tai50_20_09,3071,986,3289.0,3736.0
int__tai50_20_09,3071,987,3266.0,3743.0
int__tai50_20_09,3071,988,3414.0,3835.0
int__tai50_20_09,3071,989,3230.0,3692.0
int__tai50_20_09,3071,990,3243.0,3748.0
int__tai50_20_09,3071,991,3304.0,3793.0
int__tai50_20_09,3071,992,3194.0,3673.0
int__tai50_20_09,3071,993,3306.0,3826.0
int__tai50_20_09,3071,994,3285.0,3701.0
int__tai50_20_09,3071,995,3288.0,3760.0
int__tai50_20_09,3071,996,3355.0,3784.0
int__tai50_20_09,3071,997,3364.0,3842.0
int__tai50_20_09,3071,998,3314.0,3790.0
int__tai50_20_09,3071,999,3288.0,3800.0
int__tai50_20_09,3071,1000,3269.0,3714.0
int__tai50_20_09,3071,1001,3271.0,3754.0
int__tai50_20_09,3071,1002,3266.0,3742.0
int__tai50_20_09,3071,1003,3264.0,3719.0
int__tai50_20_09,3071,1004,3282.0,3748.0
int__tai50_20_09,3071,1005,3299.0,3755.0
int__tai50_20_09,3071,1006,3234.0,3742.0
int__tai50_20_09,3071,1007,3261.0,3728.0
int__tai50_20_09,3071,1008,3296.0,3706.0
int__tai50_20_09,3071,1009,3251.0,3714.0
int__tai50_20_09,3071,1010,3348.0,3757.0
int__tai50_20_09,3071,1011,3248.0,3760.0
int__tai50_20_09,3071,1012,3255.0,3732.0
int__tai50_20_09,3071,1013,3326.0,3761.0
int__tai50_20_09,3071,1014,3331.0,3799.0
int__tai50_20_09,3071,1015,3296.0,3748.0
int__tai50_20_09,3071,1016,3310.0,3782.0
int__tai50_20_09,3071,1017,3297.0,3759.0
int__tai50_20_09,3071,1018,3373.0,3865.0
int__tai50_20_09,3071,1019,3346.0,3787.0
int__tai50_20_09,3071,1020,3262.0,3680.0
int__tai50_20_09,3071,1021,3395.0,3883.0
int__tai50_20_09,3071,1022,3284.0,3756.0
int__tai50_20_09,3071,1023,3295.0,3772.0
