instance,lb,sample_idx,lo,up
int__tai15_15_04,1175,0,1243.0,1413.0
int__tai15_15_04,1175,1,1316.0,1500.0
int__tai15_15_04,1175,2,1413.0,1653.0
int__tai15_15_04,1175,3,1334.0,1524.0
int__tai15_15_04,1175,4,1278.0,1444.0
int__tai15_15_04,1175,5,1301.0,1501.0
int__tai15_15_04,1175,6,1308.0,1502.0
int__tai15_15_04,1175,7,1346.0,1533.0
int__tai15_15_04,1175,8,1308.0,1491.0
int__tai15_15_04,1175,9,1324.0,1502.0
int__tai15_15_04,1175,10,1224.0,1401.0
int__tai15_15_04,1175,11,1343.0,1527.0
int__tai15_15_04,1175,12,1364.0,1559.0
int__tai15_15_04,1175,13,1308.0,1484.0
int__tai15_15_04,1175,14,1293.0,1438.0
int__tai15_15_04,1175,15,1276.0,1490.0
int__tai15_15_04,1175,16,1287.0,1483.0
int__tai15_15_04,1175,17,1283.0,1460.0
int__tai15_15_04,1175,18,1347.0,1546.0
int__tai15_15_04,1175,19,1342.0,1529.0
int__tai15_15_04,1175,20,1334.0,1520.0
int__tai15_15_04,1175,21,1370.0,1556.0
int__tai15_15_04,1175,22,1297.0,1469.0
int__tai15_15_04,1175,23,1332.0,1534.0
int__tai15_15_04,1175,24,1270.0,1467.0
int__tai15_15_04,1175,25,1333.0,1523.0
int__tai15_15_04,1175,26,1340.0,1554.0
int__tai15_15_04,1175,27,1348.0,1540.0
int__tai15_15_04,1175,28,1330.0,1494.0
int__tai15_15_04,1175,29,1308.0,1480.0
int__tai15_15_04,1175,30,1312.0,1513.0
int__tai15_15_04,1175,31,1332.0,1505.0
int__tai15_15_04,1175,32,1342.0,1530.0
int__tai15_15_04,1175,33,1349.0,1526.0
int__tai15_15_04,1175,34,1206.0,1399.0
int__tai15_15_04,1175,35,1321.0,1528.0
int__tai15_15_04,1175,36,1404.0,1603.0
int__tai15_15_04,1175,37,1342.0,1544.0
int__tai15_15_04,1175,38,1289.0,1477.0
int__tai15_15_04,1175,39,1287.0,1477.0
int__tai15_15_04,1175,40,1414.0,1602.0
int__tai15_15_04,1175,41,1366.0,1568.0
int__tai15_15_04,1175,42,1283.0,1481.0
int__tai15_15_04,1175,43,1359.0,1534.0
int__tai15_15_04,1175,44,1293.0,1485.0
int__tai15_15_04,1175,45,1299.0,1490.0
int__tai15_15_04,1175,46,1402.0,1550.0
int__tai15_15_04,1175,47,1383.0,1597.0
int__tai15_15_04,1175,48,1278.0,1465.0
int__tai15_15_04,1175,49,1298.0,1465.0
int__tai15_15_04,1175,50,1359.0,1545.0
int__tai15_15_04,1175,51,1276.0,1461.0
int__tai15_15_04,1175,52,1336.0,1521.0
int__tai15_15_04,1175,53,1408.0,1600.0
int__tai15_15_04,1175,54,1333.0,1501.0
int__tai15_15_04,1175,55,1360.0,1523.0
int__tai15_15_04,1175,56,1373.0,1575.0
int__tai15_15_04,1175,57,1258.0,1431.0
int__tai15_15_04,1175,58,1260.0,1444.0
int__tai15_15_04,1175,59,1321.0,1494.0
int__tai15_15_04,1175,60,1252.0,1431.0
int__tai15_15_04,1175,61,1317.0,1477.0
int__tai15_15_04,1175,62,1279.0,1472.0
int__tai15_15_04,1175,63,1300.0,1504.0
int__tai15_15_04,1175,64,1348.0,1559.0
int__tai15_15_04,1175,65,1307.0,1472.0
int__tai15_15_04,1175,66,1408.0,1661.0
int__tai15_15_04,1175,67,1293.0,1463.0
int__tai15_15_04,1175,68,1369.0,1577.0
int__tai15_15_04,1175,69,1331.0,1518.0
int__tai15_15_04,1175,70,1359.0,1550.0
int__tai15_15_04,1175,71,1307.0,1484.0
int__tai15_15_04,1175,72,1311.0,1494.0
int__tai15_15_04,1175,73,1281.0,1457.0
int__tai15_15_04,1175,74,1265.0,1442.0
int__tai15_15_04,1175,75,1342.0,1553.0
int__tai15_15_04,1175,76,1296.0,1511.0
int__tai15_15_04,1175,77,1271.0,1479.0
int__tai15_15_04,1175,78,1410.0,1588.0
int__tai15_15_04,1175,79,1274.0,1443.0
int__tai15_15_04,1175,80,1332.0,1537.0
int__tai15_15_04,1175,81,1327.0,1508.0
int__tai15_15_04,1175,82,1478.0,1712.0
int__tai15_15_04,1175,83,1347.0,1556.0
int__tai15_15_04,1175,84,1305.0,1499.0
int__tai15_15_04,1175,85,1365.0,1522.0
int__tai15_15_04,1175,86,1265.0,1445.0
int__tai15_15_04,1175,87,1279.0,1454.0
int__tai15_15_04,1175,88,1328.0,1491.0
int__tai15_15_04,1175,89,1339.0,1553.0
int__tai15_15_04,1175,90,1307.0,1507.0
int__tai15_15_04,1175,91,1359.0,1536.0
int__tai15_15_04,1175,92,1290.0,1458.0
int__tai15_15_04,1175,93,1256.0,1441.0
int__tai15_15_04,1175,94,1293.0,1457.0
int__tai15_15_04,1175,95,1352.0,1556.0
int__tai15_15_04,1175,96,1564.0,1794.0
int__tai15_15_04,1175,97,1337.0,1541.0
int__tai15_15_04,1175,98,1274.0,1450.0
int__tai15_15_04,1175,99,1306.0,1533.0
int__tai15_15_04,1175,100,1308.0,1480.0
int__tai15_15_04,1175,101,1349.0,1515.0
int__tai15_15_04,1175,102,1287.0,1468.0
int__tai15_15_04,1175,103,1227.0,1411.0
int__tai15_15_04,1175,104,1345.0,1526.0
int__tai15_15_04,1175,105,1314.0,1485.0
int__tai15_15_04,1175,106,1349.0,1519.0
int__tai15_15_04,1175,107,1310.0,1528.0
int__tai15_15_04,1175,108,1344.0,1554.0
int__tai15_15_04,1175,109,1278.0,1458.0
int__tai15_15_04,1175,110,1328.0,1523.0
int__tai15_15_04,1175,111,1271.0,1437.0
int__tai15_15_04,1175,112,1280.0,1484.0
int__tai15_15_04,1175,113,1328.0,1500.0
int__tai15_15_04,1175,114,1268.0,1478.0
int__tai15_15_04,1175,115,1375.0,1566.0
int__tai15_15_04,1175,116,1327.0,1525.0
int__tai15_15_04,1175,117,1290.0,1497.0
int__tai15_15_04,1175,118,1306.0,1468.0
int__tai15_15_04,1175,119,1296.0,1482.0
int__tai15_15_04,1175,120,1354.0,1562.0
int__tai15_15_04,1175,121,1298.0,1477.0
int__tai15_15_04,1175,122,1316.0,1493.0
int__tai15_15_04,1175,123,1307.0,1483.0
int__tai15_15_04,1175,124,1383.0,1603.0
int__tai15_15_04,1175,125,1306.0,1487.0
int__tai15_15_04,1175,126,1292.0,1453.0
int__tai15_15_04,1175,127,1306.0,1501.0
int__tai15_15_04,1175,128,1290.0,1466.0
int__tai15_15_04,1175,129,1340.0,1538.0
int__tai15_15_04,1175,130,1315.0,1511.0
int__tai15_15_04,1175,131,1247.0,1423.0
int__tai15_15_04,1175,132,1379.0,1574.0
int__tai15_15_04,1175,133,1391.0,1601.0
int__tai15_15_04,1175,134,1299.0,1472.0
int__tai15_15_04,1175,135,1332.0,1523.0
int__tai15_15_04,1175,136,1305.0,1501.0
int__tai15_15_04,1175,137,1303.0,1456.0
int__tai15_15_04,1175,138,1344.0,1520.0
int__tai15_15_04,1175,139,1337.0,1514.0
int__tai15_15_04,1175,140,1362.0,1589.0
int__tai15_15_04,1175,141,1347.0,1534.0
int__tai15_15_04,1175,142,1291.0,1474.0
int__tai15_15_04,1175,143,1365.0,1559.0
int__tai15_15_04,1175,144,1285.0,1499.0
int__tai15_15_04,1175,145,1290.0,1483.0
int__tai15_15_04,1175,146,1321.0,1469.0
int__tai15_15_04,1175,147,1295.0,1447.0
int__tai15_15_04,1175,148,1324.0,1522.0
int__tai15_15_04,1175,149,1302.0,1501.0
int__tai15_15_04,1175,150,1303.0,1474.0
int__tai15_15_04,1175,151,1342.0,1523.0
int__tai15_15_04,1175,152,1285.0,1451.0
int__tai15_15_04,1175,153,1301.0,1540.0
int__tai15_15_04,1175,154,1283.0,1455.0
int__tai15_15_04,1175,155,1437.0,1640.0
int__tai15_15_04,1175,156,1316.0,1517.0
int__tai15_15_04,1175,157,1329.0,1521.0
int__tai15_15_04,1175,158,1369.0,1571.0
int__tai15_15_04,1175,159,1318.0,1520.0
int__tai15_15_04,1175,160,1304.0,1495.0
int__tai15_15_04,1175,161,1277.0,1459.0
int__tai15_15_04,1175,162,1445.0,1627.0
int__tai15_15_04,1175,163,1304.0,1471.0
int__tai15_15_04,1175,164,1271.0,1472.0
int__tai15_15_04,1175,165,1315.0,1488.0
int__tai15_15_04,1175,166,1305.0,1485.0
int__tai15_15_04,1175,167,1288.0,1471.0
int__tai15_15_04,1175,168,1259.0,1407.0
int__tai15_15_04,1175,169,1367.0,1562.0
int__tai15_15_04,1175,170,1585.0,1808.0
int__tai15_15_04,1175,171,1293.0,1481.0
int__tai15_15_04,1175,172,1365.0,1556.0
int__tai15_15_04,1175,173,1391.0,1584.0
int__tai15_15_04,1175,174,1343.0,1552.0
int__tai15_15_04,1175,175,1307.0,1500.0
int__tai15_15_04,1175,176,1276.0,1472.0
int__tai15_15_04,1175,177,1364.0,1546.0
int__tai15_15_04,1175,178,1277.0,1450.0
int__tai15_15_04,1175,179,1394.0,1572.0
int__tai15_15_04,1175,180,1278.0,1466.0
int__tai15_15_04,1175,181,1310.0,1482.0
int__tai15_15_04,1175,182,1313.0,1493.0
int__tai15_15_04,1175,183,1334.0,1515.0
int__tai15_15_04,1175,184,1334.0,1523.0
int__tai15_15_04,1175,185,1380.0,1572.0
int__tai15_15_04,1175,186,1334.0,1514.0
int__tai15_15_04,1175,187,1279.0,1484.0
int__tai15_15_04,1175,188,1287.0,1452.0
int__tai15_15_04,1175,189,1360.0,1536.0
int__tai15_15_04,1175,190,1250.0,1433.0
int__tai15_15_04,1175,191,1362.0,1557.0
int__tai15_15_04,1175,192,1349.0,1574.0
int__tai15_15_04,1175,193,1262.0,1435.0
int__tai15_15_04,1175,194,1400.0,1649.0
int__tai15_15_04,1175,195,1354.0,1541.0
int__tai15_15_04,1175,196,1355.0,1574.0
int__tai15_15_04,1175,197,1302.0,1495.0
int__tai15_15_04,1175,198,1325.0,1504.0
int__tai15_15_04,1175,199,1437.0,1658.0
int__tai15_15_04,1175,200,1375.0,1547.0
int__tai15_15_04,1175,201,1340.0,1534.0
int__tai15_15_04,1175,202,1362.0,1565.0
int__tai15_15_04,1175,203,1292.0,1473.0
int__tai15_15_04,1175,204,1320.0,1513.0
int__tai15_15_04,1175,205,1307.0,1520.0
int__tai15_15_04,1175,206,1441.0,1640.0
int__tai15_15_04,1175,207,1323.0,1521.0
int__tai15_15_04,1175,208,1287.0,1445.0
int__tai15_15_04,1175,209,1338.0,1545.0
int__tai15_15_04,1175,210,1288.0,1473.0
int__tai15_15_04,1175,211,1320.0,1508.0
int__tai15_15_04,1175,212,1329.0,1477.0
int__tai15_15_04,1175,213,1319.0,1475.0
int__tai15_15_04,1175,214,1383.0,1573.0
int__tai15_15_04,1175,215,1384.0,1577.0
int__tai15_15_04,1175,216,1451.0,1647.0
int__tai15_15_04,1175,217,1274.0,1471.0
int__tai15_15_04,1175,218,1378.0,1618.0
int__tai15_15_04,1175,219,1347.0,1519.0
int__tai15_15_04,1175,220,1328.0,1476.0
int__tai15_15_04,1175,221,1292.0,1472.0
int__tai15_15_04,1175,222,1358.0,1540.0
int__tai15_15_04,1175,223,1252.0,1429.0
int__tai15_15_04,1175,224,1383.0,1605.0
int__tai15_15_04,1175,225,1285.0,1474.0
int__tai15_15_04,1175,226,1460.0,1658.0
int__tai15_15_04,1175,227,1293.0,1473.0
int__tai15_15_04,1175,228,1280.0,1454.0
int__tai15_15_04,1175,229,1347.0,1535.0
int__tai15_15_04,1175,230,1397.0,1596.0
int__tai15_15_04,1175,231,1306.0,1497.0
int__tai15_15_04,1175,232,1338.0,1534.0
int__tai15_15_04,1175,233,1281.0,1427.0
int__tai15_15_04,1175,234,1252.0,1438.0
int__tai15_15_04,1175,235,1364.0,1589.0
int__tai15_15_04,1175,236,1310.0,1501.0
int__tai15_15_04,1175,237,1336.0,1522.0
int__tai15_15_04,1175,238,1416.0,1614.0
int__tai15_15_04,1175,239,1336.0,1494.0
int__tai15_15_04,1175,240,1356.0,1532.0
int__tai15_15_04,1175,241,1274.0,1438.0
int__tai15_15_04,1175,242,1403.0,1605.0
int__tai15_15_04,1175,243,1328.0,1529.0
int__tai15_15_04,1175,244,1366.0,1547.0
int__tai15_15_04,1175,245,1311.0,1514.0
int__tai15_15_04,1175,246,1344.0,1543.0
int__tai15_15_04,1175,247,1344.0,1571.0
int__tai15_15_04,1175,248,1316.0,1507.0
int__tai15_15_04,1175,249,1270.0,1453.0
int__tai15_15_04,1175,250,1256.0,1402.0
int__tai15_15_04,1175,251,1349.0,1545.0
int__tai15_15_04,1175,252,1349.0,1517.0
int__tai15_15_04,1175,253,1364.0,1540.0
int__tai15_15_04,1175,254,1340.0,1520.0
int__tai15_15_04,1175,255,1383.0,1585.0
int__tai15_15_04,1175,256,1305.0,1499.0
int__tai15_15_04,1175,257,1304.0,1489.0
int__tai15_15_04,1175,258,1364.0,1575.0
int__tai15_15_04,1175,259,1320.0,1515.0
int__tai15_15_04,1175,260,1305.0,1507.0
int__tai15_15_04,1175,261,1395.0,1611.0
int__tai15_15_04,1175,262,1325.0,1490.0
int__tai15_15_04,1175,263,1270.0,1438.0
int__tai15_15_04,1175,264,1314.0,1497.0
int__tai15_15_04,1175,265,1280.0,1433.0
int__tai15_15_04,1175,266,1302.0,1496.0
int__tai15_15_04,1175,267,1335.0,1502.0
int__tai15_15_04,1175,268,1300.0,1491.0
int__tai15_15_04,1175,269,1382.0,1572.0
int__tai15_15_04,1175,270,1295.0,1457.0
int__tai15_15_04,1175,271,1242.0,1409.0
int__tai15_15_04,1175,272,1322.0,1486.0
int__tai15_15_04,1175,273,1300.0,1466.0
int__tai15_15_04,1175,274,1362.0,1544.0
int__tai15_15_04,1175,275,1394.0,1571.0
int__tai15_15_04,1175,276,1422.0,1622.0
int__tai15_15_04,1175,277,1304.0,1514.0
int__tai15_15_04,1175,278,1336.0,1528.0
int__tai15_15_04,1175,279,1268.0,1450.0
int__tai15_15_04,1175,280,1338.0,1533.0
int__tai15_15_04,1175,281,1327.0,1510.0
int__tai15_15_04,1175,282,1264.0,1462.0
int__tai15_15_04,1175,283,1424.0,1647.0
int__tai15_15_04,1175,284,1393.0,1582.0
int__tai15_15_04,1175,285,1272.0,1425.0
int__tai15_15_04,1175,286,1347.0,1516.0
int__tai15_15_04,1175,287,1417.0,1609.0
int__tai15_15_04,1175,288,1296.0,1473.0
int__tai15_15_04,1175,289,1313.0,1514.0
int__tai15_15_04,1175,290,1293.0,1503.0
int__tai15_15_04,1175,291,1272.0,1484.0
int__tai15_15_04,1175,292,1223.0,1402.0
int__tai15_15_04,1175,293,1317.0,1505.0
int__tai15_15_04,1175,294,1292.0,1450.0
int__tai15_15_04,1175,295,1386.0,1568.0
int__tai15_15_04,1175,296,1307.0,1500.0
int__tai15_15_04,1175,297,1354.0,1553.0
int__tai15_15_04,1175,298,1236.0,1414.0
int__tai15_15_04,1175,299,1378.0,1567.0
int__tai15_15_04,1175,300,1305.0,1488.0
int__tai15_15_04,1175,301,1357.0,1539.0
int__tai15_15_04,1175,302,1243.0,1427.0
int__tai15_15_04,1175,303,1258.0,1478.0
int__tai15_15_04,1175,304,1370.0,1554.0
int__tai15_15_04,1175,305,1266.0,1453.0
int__tai15_15_04,1175,306,1325.0,1493.0
int__tai15_15_04,1175,307,1332.0,1501.0
int__tai15_15_04,1175,308,1279.0,1462.0
int__tai15_15_04,1175,309,1340.0,1525.0
int__tai15_15_04,1175,310,1290.0,1460.0
int__tai15_15_04,1175,311,1351.0,1521.0
int__tai15_15_04,1175,312,1323.0,1501.0
int__tai15_15_04,1175,313,1362.0,1568.0
int__tai15_15_04,1175,314,1306.0,1499.0
int__tai15_15_04,1175,315,1304.0,1491.0
int__tai15_15_04,1175,316,1278.0,1500.0
int__tai15_15_04,1175,317,1324.0,1492.0
int__tai15_15_04,1175,318,1304.0,1506.0
int__tai15_15_04,1175,319,1466.0,1641.0
int__tai15_15_04,1175,320,1291.0,1497.0
int__tai15_15_04,1175,321,1319.0,1511.0
int__tai15_15_04,1175,322,1222.0,1423.0
int__tai15_15_04,1175,323,1397.0,1630.0
int__tai15_15_04,1175,324,1313.0,1482.0
int__tai15_15_04,1175,325,1355.0,1547.0
int__tai15_15_04,1175,326,1437.0,1626.0
int__tai15_15_04,1175,327,1295.0,1474.0
int__tai15_15_04,1175,328,1263.0,1439.0
int__tai15_15_04,1175,329,1276.0,1463.0
int__tai15_15_04,1175,330,1378.0,1546.0
int__tai15_15_04,1175,331,1311.0,1519.0
int__tai15_15_04,1175,332,1270.0,1453.0
int__tai15_15_04,1175,333,1335.0,1518.0
int__tai15_15_04,1175,334,1304.0,1482.0
int__tai15_15_04,1175,335,1340.0,1542.0
int__tai15_15_04,1175,336,1285.0,1476.0
int__tai15_15_04,1175,337,1310.0,1464.0
int__tai15_15_04,1175,338,1311.0,1504.0
int__tai15_15_04,1175,339,1475.0,1690.0
int__tai15_15_04,1175,340,1322.0,1534.0
int__tai15_15_04,1175,341,1405.0,1613.0
int__tai15_15_04,1175,342,1321.0,1541.0
int__tai15_15_04,1175,343,1293.0,1493.0
int__tai15_15_04,1175,344,1380.0,1591.0
int__tai15_15_04,1175,345,1303.0,1467.0
int__tai15_15_04,1175,346,1341.0,1560.0
int__tai15_15_04,1175,347,1268.0,1449.0
int__tai15_15_04,1175,348,1260.0,1474.0
int__tai15_15_04,1175,349,1259.0,1425.0
int__tai15_15_04,1175,350,1314.0,1539.0
int__tai15_15_04,1175,351,1371.0,1580.0
int__tai15_15_04,1175,352,1378.0,1595.0
int__tai15_15_04,1175,353,1300.0,1499.0
int__tai15_15_04,1175,354,1348.0,1529.0
int__tai15_15_04,1175,355,1301.0,1478.0
int__tai15_15_04,1175,356,1303.0,1495.0
int__tai15_15_04,1175,357,1301.0,1529.0
int__tai15_15_04,1175,358,1402.0,1581.0
int__tai15_15_04,1175,359,1309.0,1519.0
int__tai15_15_04,1175,360,1404.0,1574.0
int__tai15_15_04,1175,361,1259.0,1420.0
int__tai15_15_04,1175,362,1290.0,1475.0
int__tai15_15_04,1175,363,1301.0,1476.0
int__tai15_15_04,1175,364,1374.0,1519.0
int__tai15_15_04,1175,365,1249.0,1420.0
int__tai15_15_04,1175,366,1340.0,1512.0
int__tai15_15_04,1175,367,1265.0,1438.0
int__tai15_15_04,1175,368,1344.0,1525.0
int__tai15_15_04,1175,369,1325.0,1489.0
int__tai15_15_04,1175,370,1357.0,1554.0
int__tai15_15_04,1175,371,1358.0,1527.0
int__tai15_15_04,1175,372,1315.0,1525.0
int__tai15_15_04,1175,373,1317.0,1558.0
int__tai15_15_04,1175,374,1260.0,1432.0
int__tai15_15_04,1175,375,1317.0,1498.0
int__tai15_15_04,1175,376,1449.0,1660.0
int__tai15_15_04,1175,377,1382.0,1594.0
int__tai15_15_04,1175,378,1297.0,1481.0
int__tai15_15_04,1175,379,1415.0,1635.0
int__tai15_15_04,1175,380,1233.0,1384.0
int__tai15_15_04,1175,381,1290.0,1504.0
int__tai15_15_04,1175,382,1336.0,1502.0
int__tai15_15_04,1175,383,1410.0,1598.0
int__tai15_15_04,1175,384,1296.0,1496.0
int__tai15_15_04,1175,385,1300.0,1475.0
int__tai15_15_04,1175,386,1466.0,1684.0
int__tai15_15_04,1175,387,1304.0,1468.0
int__tai15_15_04,1175,388,1301.0,1457.0
int__tai15_15_04,1175,389,1323.0,1495.0
int__tai15_15_04,1175,390,1344.0,1551.0
int__tai15_15_04,1175,391,1319.0,1495.0
int__tai15_15_04,1175,392,1260.0,1444.0
int__tai15_15_04,1175,393,1278.0,1477.0
int__tai15_15_04,1175,394,1331.0,1525.0
int__tai15_15_04,1175,395,1339.0,1487.0
int__tai15_15_04,1175,396,1288.0,1478.0
int__tai15_15_04,1175,397,1319.0,1513.0
int__tai15_15_04,1175,398,1349.0,1504.0
int__tai15_15_04,1175,399,1538.0,1777.0
int__tai15_15_04,1175,400,1283.0,1459.0
int__tai15_15_04,1175,401,1382.0,1576.0
int__tai15_15_04,1175,402,1255.0,1440.0
int__tai15_15_04,1175,403,1344.0,1513.0
int__tai15_15_04,1175,404,1229.0,1403.0
int__tai15_15_04,1175,405,1317.0,1496.0
int__tai15_15_04,1175,406,1297.0,1475.0
int__tai15_15_04,1175,407,1333.0,1509.0
int__tai15_15_04,1175,408,1269.0,1458.0
int__tai15_15_04,1175,409,1337.0,1504.0
int__tai15_15_04,1175,410,1374.0,1536.0
int__tai15_15_04,1175,411,1344.0,1532.0
int__tai15_15_04,1175,412,1289.0,1478.0
int__tai15_15_04,1175,413,1356.0,1532.0
int__tai15_15_04,1175,414,1405.0,1629.0
int__tai15_15_04,1175,415,1299.0,1489.0
int__tai15_15_04,1175,416,1344.0,1522.0
int__tai15_15_04,1175,417,1304.0,1487.0
int__tai15_15_04,1175,418,1349.0,1561.0
int__tai15_15_04,1175,419,1279.0,1450.0
int__tai15_15_04,1175,420,1285.0,1426.0
int__tai15_15_04,1175,421,1332.0,1501.0
int__tai15_15_04,1175,422,1293.0,1495.0
int__tai15_15_04,1175,423,1232.0,1409.0
int__tai15_15_04,1175,424,1257.0,1407.0
int__tai15_15_04,1175,425,1365.0,1555.0
int__tai15_15_04,1175,426,1322.0,1508.0
int__tai15_15_04,1175,427,1319.0,1503.0
int__tai15_15_04,1175,428,1326.0,1521.0
int__tai15_15_04,1175,429,1336.0,1512.0
int__tai15_15_04,1175,430,1319.0,1505.0
int__tai15_15_04,1175,431,1337.0,1519.0
int__tai15_15_04,1175,432,1424.0,1621.0
int__tai15_15_04,1175,433,1315.0,1449.0
int__tai15_15_04,1175,434,1256.0,1459.0
int__tai15_15_04,1175,435,1237.0,1418.0
int__tai15_15_04,1175,436,1381.0,1591.0
int__tai15_15_04,1175,437,1333.0,1487.0
int__tai15_15_04,1175,438,1345.0,1532.0
int__tai15_15_04,1175,439,1349.0,1536.0
int__tai15_15_04,1175,440,1345.0,1558.0
int__tai15_15_04,1175,441,1290.0,1466.0
int__tai15_15_04,1175,442,1288.0,1474.0
int__tai15_15_04,1175,443,1280.0,1463.0
int__tai15_15_04,1175,444,1356.0,1554.0
int__tai15_15_04,1175,445,1347.0,1574.0
int__tai15_15_04,1175,446,1378.0,1565.0
int__tai15_15_04,1175,447,1303.0,1504.0
int__tai15_15_04,1175,448,1319.0,1500.0
int__tai15_15_04,1175,449,1300.0,1462.0
int__tai15_15_04,1175,450,1303.0,1490.0
int__tai15_15_04,1175,451,1256.0,1464.0
int__tai15_15_04,1175,452,1325.0,1489.0
int__tai15_15_04,1175,453,1431.0,1619.0
int__tai15_15_04,1175,454,1330.0,1520.0
int__tai15_15_04,1175,455,1330.0,1504.0
int__tai15_15_04,1175,456,1315.0,1513.0
int__tai15_15_04,1175,457,1363.0,1561.0
int__tai15_15_04,1175,458,1356.0,1550.0
int__tai15_15_04,1175,459,1359.0,1542.0
int__tai15_15_04,1175,460,1324.0,1476.0
int__tai15_15_04,1175,461,1380.0,1604.0
int__tai15_15_04,1175,462,1258.0,1458.0
int__tai15_15_04,1175,463,1287.0,1476.0
int__tai15_15_04,1175,464,1289.0,1489.0
int__tai15_15_04,1175,465,1350.0,1520.0
int__tai15_15_04,1175,466,1337.0,1540.0
int__tai15_15_04,1175,467,1367.0,1542.0
int__tai15_15_04,1175,468,1280.0,1449.0
int__tai15_15_04,1175,469,1290.0,1511.0
int__tai15_15_04,1175,470,1336.0,1537.0
int__tai15_15_04,1175,471,1414.0,1642.0
int__tai15_15_04,1175,472,1318.0,1543.0
int__tai15_15_04,1175,473,1317.0,1519.0
int__tai15_15_04,1175,474,1314.0,1473.0
int__tai15_15_04,1175,475,1383.0,1573.0
int__tai15_15_04,1175,476,1275.0,1434.0
int__tai15_15_04,1175,477,1381.0,1583.0
int__tai15_15_04,1175,478,1262.0,1438.0
int__tai15_15_04,1175,479,1440.0,1647.0
int__tai15_15_04,1175,480,1281.0,1450.0
int__tai15_15_04,1175,481,1306.0,1518.0
int__tai15_15_04,1175,482,1351.0,1555.0
int__tai15_15_04,1175,483,1403.0,1587.0
int__tai15_15_04,1175,484,1256.0,1426.0
int__tai15_15_04,1175,485,1237.0,1413.0
int__tai15_15_04,1175,486,1257.0,1421.0
int__tai15_15_04,1175,487,1342.0,1516.0
int__tai15_15_04,1175,488,1360.0,1593.0
int__tai15_15_04,1175,489,1370.0,1575.0
int__tai15_15_04,1175,490,1317.0,1475.0
int__tai15_15_04,1175,491,1363.0,1556.0
int__tai15_15_04,1175,492,1315.0,1503.0
int__tai15_15_04,1175,493,1385.0,1625.0
int__tai15_15_04,1175,494,1320.0,1502.0
int__tai15_15_04,1175,495,1334.0,1512.0
int__tai15_15_04,1175,496,1318.0,1496.0
int__tai15_15_04,1175,497,1342.0,1566.0
int__tai15_15_04,1175,498,1308.0,1520.0
int__tai15_15_04,1175,499,1278.0,1459.0
int__tai15_15_04,1175,500,1281.0,1442.0
int__tai15_15_04,1175,501,1260.0,1415.0
int__tai15_15_04,1175,502,1249.0,1455.0
int__tai15_15_04,1175,503,1262.0,1431.0
int__tai15_15_04,1175,504,1326.0,1509.0
int__tai15_15_04,1175,505,1311.0,1502.0
int__tai15_15_04,1175,506,1332.0,1495.0
int__tai15_15_04,1175,507,1270.0,1480.0
int__tai15_15_04,1175,508,1264.0,1453.0
int__tai15_15_04,1175,509,1296.0,1490.0
int__tai15_15_04,1175,510,1317.0,1488.0
int__tai15_15_04,1175,511,1310.0,1492.0
int__tai15_15_04,1175,512,1337.0,1527.0
int__tai15_15_04,1175,513,1302.0,1505.0
int__tai15_15_04,1175,514,1273.0,1441.0
int__tai15_15_04,1175,515,1297.0,1500.0
int__tai15_15_04,1175,516,1298.0,1469.0
int__tai15_15_04,1175,517,1349.0,1558.0
int__tai15_15_04,1175,518,1350.0,1536.0
int__tai15_15_04,1175,519,1356.0,1561.0
int__tai15_15_04,1175,520,1344.0,1546.0
int__tai15_15_04,1175,521,1321.0,1492.0
int__tai15_15_04,1175,522,1344.0,1511.0
int__tai15_15_04,1175,523,1359.0,1548.0
int__tai15_15_04,1175,524,1350.0,1549.0
int__tai15_15_04,1175,525,1347.0,1555.0
int__tai15_15_04,1175,526,1298.0,1489.0
int__tai15_15_04,1175,527,1407.0,1628.0
int__tai15_15_04,1175,528,1354.0,1559.0
int__tai15_15_04,1175,529,1284.0,1490.0
int__tai15_15_04,1175,530,1302.0,1503.0
int__tai15_15_04,1175,531,1298.0,1486.0
int__tai15_15_04,1175,532,1300.0,1465.0
int__tai15_15_04,1175,533,1298.0,1490.0
int__tai15_15_04,1175,534,1222.0,1385.0
int__tai15_15_04,1175,535,1415.0,1647.0
int__tai15_15_04,1175,536,1375.0,1593.0
int__tai15_15_04,1175,537,1397.0,1591.0
int__tai15_15_04,1175,538,1329.0,1545.0
int__tai15_15_04,1175,539,1318.0,1525.0
int__tai15_15_04,1175,540,1296.0,1513.0
int__tai15_15_04,1175,541,1327.0,1503.0
int__tai15_15_04,1175,542,1366.0,1549.0
int__tai15_15_04,1175,543,1440.0,1660.0
int__tai15_15_04,1175,544,1343.0,1488.0
int__tai15_15_04,1175,545,1394.0,1628.0
int__tai15_15_04,1175,546,1333.0,1540.0
int__tai15_15_04,1175,547,1342.0,1508.0
int__tai15_15_04,1175,548,1338.0,1519.0
int__tai15_15_04,1175,549,1394.0,1594.0
int__tai15_15_04,1175,550,1342.0,1503.0
int__tai15_15_04,1175,551,1327.0,1503.0
int__tai15_15_04,1175,552,1320.0,1469.0
int__tai15_15_04,1175,553,1304.0,1483.0
int__tai15_15_04,1175,554,1365.0,1537.0
int__tai15_15_04,1175,555,1391.0,1578.0
int__tai15_15_04,1175,556,1389.0,1551.0
int__tai15_15_04,1175,557,1327.0,1482.0
int__tai15_15_04,1175,558,1385.0,1543.0
int__tai15_15_04,1175,559,1317.0,1507.0
int__tai15_15_04,1175,560,1271.0,1447.0
int__tai15_15_04,1175,561,1311.0,1501.0
int__tai15_15_04,1175,562,1293.0,1483.0
int__tai15_15_04,1175,563,1326.0,1525.0
int__tai15_15_04,1175,564,1296.0,1464.0
int__tai15_15_04,1175,565,1386.0,1538.0
int__tai15_15_04,1175,566,1300.0,1488.0
int__tai15_15_04,1175,567,1368.0,1524.0
int__tai15_15_04,1175,568,1285.0,1473.0
int__tai15_15_04,1175,569,1354.0,1538.0
int__tai15_15_04,1175,570,1367.0,1592.0
int__tai15_15_04,1175,571,1328.0,1512.0
int__tai15_15_04,1175,572,1407.0,1625.0
int__tai15_15_04,1175,573,1279.0,1462.0
int__tai15_15_04,1175,574,1257.0,1447.0
int__tai15_15_04,1175,575,1273.0,1458.0
int__tai15_15_04,1175,576,1311.0,1492.0
int__tai15_15_04,1175,577,1356.0,1522.0
int__tai15_15_04,1175,578,1383.0,1613.0
int__tai15_15_04,1175,579,1403.0,1628.0
int__tai15_15_04,1175,580,1312.0,1476.0
int__tai15_15_04,1175,581,1445.0,1594.0
int__tai15_15_04,1175,582,1287.0,1488.0
int__tai15_15_04,1175,583,1286.0,1440.0
int__tai15_15_04,1175,584,1338.0,1542.0
int__tai15_15_04,1175,585,1367.0,1540.0
int__tai15_15_04,1175,586,1310.0,1478.0
int__tai15_15_04,1175,587,1329.0,1486.0
int__tai15_15_04,1175,588,1275.0,1458.0
int__tai15_15_04,1175,589,1308.0,1480.0
int__tai15_15_04,1175,590,1339.0,1532.0
int__tai15_15_04,1175,591,1519.0,1712.0
int__tai15_15_04,1175,592,1325.0,1539.0
int__tai15_15_04,1175,593,1260.0,1420.0
int__tai15_15_04,1175,594,1270.0,1460.0
int__tai15_15_04,1175,595,1384.0,1616.0
int__tai15_15_04,1175,596,1240.0,1411.0
int__tai15_15_04,1175,597,1327.0,1516.0
int__tai15_15_04,1175,598,1459.0,1629.0
int__tai15_15_04,1175,599,1396.0,1609.0
int__tai15_15_04,1175,600,1270.0,1440.0
int__tai15_15_04,1175,601,1274.0,1458.0
int__tai15_15_04,1175,602,1372.0,1559.0
int__tai15_15_04,1175,603,1327.0,1503.0
int__tai15_15_04,1175,604,1242.0,1423.0
int__tai15_15_04,1175,605,1289.0,1459.0
int__tai15_15_04,1175,606,1324.0,1487.0
int__tai15_15_04,1175,607,1359.0,1519.0
int__tai15_15_04,1175,608,1343.0,1516.0
int__tai15_15_04,1175,609,1250.0,1417.0
int__tai15_15_04,1175,610,1367.0,1530.0
int__tai15_15_04,1175,611,1327.0,1519.0
int__tai15_15_04,1175,612,1302.0,1471.0
int__tai15_15_04,1175,613,1375.0,1579.0
int__tai15_15_04,1175,614,1346.0,1532.0
int__tai15_15_04,1175,615,1326.0,1509.0
int__tai15_15_04,1175,616,1285.0,1470.0
int__tai15_15_04,1175,617,1294.0,1486.0
int__tai15_15_04,1175,618,1332.0,1534.0
int__tai15_15_04,1175,619,1307.0,1478.0
int__tai15_15_04,1175,620,1335.0,1537.0
int__tai15_15_04,1175,621,1336.0,1483.0
int__tai15_15_04,1175,622,1300.0,1465.0
int__tai15_15_04,1175,623,1247.0,1409.0
int__tai15_15_04,1175,624,1362.0,1552.0
int__tai15_15_04,1175,625,1367.0,1571.0
int__tai15_15_04,1175,626,1334.0,1522.0
int__tai15_15_04,1175,627,1340.0,1517.0
int__tai15_15_04,1175,628,1399.0,1591.0
int__tai15_15_04,1175,629,1271.0,1440.0
int__tai15_15_04,1175,630,1381.0,1571.0
int__tai15_15_04,1175,631,1371.0,1591.0
int__tai15_15_04,1175,632,1279.0,1455.0
int__tai15_15_04,1175,633,1272.0,1484.0
int__tai15_15_04,1175,634,1433.0,1607.0
int__tai15_15_04,1175,635,1380.0,1585.0
int__tai15_15_04,1175,636,1322.0,1504.0
int__tai15_15_04,1175,637,1220.0,1404.0
int__tai15_15_04,1175,638,1315.0,1509.0
int__tai15_15_04,1175,639,1280.0,1457.0
int__tai15_15_04,1175,640,1264.0,1448.0
int__tai15_15_04,1175,641,1324.0,1499.0
int__tai15_15_04,1175,642,1366.0,1550.0
int__tai15_15_04,1175,643,1366.0,1574.0
int__tai15_15_04,1175,644,1213.0,1434.0
int__tai15_15_04,1175,645,1281.0,1449.0
int__tai15_15_04,1175,646,1290.0,1501.0
int__tai15_15_04,1175,647,1333.0,1499.0
int__tai15_15_04,1175,648,1340.0,1499.0
int__tai15_15_04,1175,649,1245.0,1424.0
int__tai15_15_04,1175,650,1309.0,1483.0
int__tai15_15_04,1175,651,1315.0,1507.0
int__tai15_15_04,1175,652,1351.0,1534.0
int__tai15_15_04,1175,653,1347.0,1523.0
int__tai15_15_04,1175,654,1423.0,1628.0
int__tai15_15_04,1175,655,1337.0,1536.0
int__tai15_15_04,1175,656,1360.0,1537.0
int__tai15_15_04,1175,657,1325.0,1509.0
int__tai15_15_04,1175,658,1309.0,1465.0
int__tai15_15_04,1175,659,1292.0,1470.0
int__tai15_15_04,1175,660,1350.0,1514.0
int__tai15_15_04,1175,661,1314.0,1478.0
int__tai15_15_04,1175,662,1289.0,1466.0
int__tai15_15_04,1175,663,1323.0,1514.0
int__tai15_15_04,1175,664,1310.0,1483.0
int__tai15_15_04,1175,665,1359.0,1611.0
int__tai15_15_04,1175,666,1239.0,1444.0
int__tai15_15_04,1175,667,1350.0,1522.0
int__tai15_15_04,1175,668,1301.0,1471.0
int__tai15_15_04,1175,669,1320.0,1477.0
int__tai15_15_04,1175,670,1367.0,1561.0
int__tai15_15_04,1175,671,1295.0,1485.0
int__tai15_15_04,1175,672,1302.0,1464.0
int__tai15_15_04,1175,673,1301.0,1501.0
int__tai15_15_04,1175,674,1316.0,1528.0
int__tai15_15_04,1175,675,1325.0,1517.0
int__tai15_15_04,1175,676,1301.0,1494.0
int__tai15_15_04,1175,677,1302.0,1459.0
int__tai15_15_04,1175,678,1334.0,1527.0
int__tai15_15_04,1175,679,1329.0,1516.0
int__tai15_15_04,1175,680,1338.0,1515.0
int__tai15_15_04,1175,681,1318.0,1519.0
int__tai15_15_04,1175,682,1328.0,1498.0
int__tai15_15_04,1175,683,1289.0,1490.0
int__tai15_15_04,1175,684,1378.0,1567.0
int__tai15_15_04,1175,685,1278.0,1470.0
int__tai15_15_04,1175,686,1366.0,1557.0
int__tai15_15_04,1175,687,1408.0,1628.0
int__tai15_15_04,1175,688,1331.0,1492.0
int__tai15_15_04,1175,689,1341.0,1515.0
int__tai15_15_04,1175,690,1420.0,1625.0
int__tai15_15_04,1175,691,1282.0,1474.0
int__tai15_15_04,1175,692,1324.0,1509.0
int__tai15_15_04,1175,693,1302.0,1486.0
int__tai15_15_04,1175,694,1332.0,1533.0
int__tai15_15_04,1175,695,1295.0,1454.0
int__tai15_15_04,1175,696,1349.0,1553.0
int__tai15_15_04,1175,697,1314.0,1518.0
int__tai15_15_04,1175,698,1420.0,1599.0
int__tai15_15_04,1175,699,1301.0,1464.0
int__tai15_15_04,1175,700,1296.0,1485.0
int__tai15_15_04,1175,701,1338.0,1543.0
int__tai15_15_04,1175,702,1304.0,1497.0
int__tai15_15_04,1175,703,1367.0,1557.0
int__tai15_15_04,1175,704,1340.0,1528.0
int__tai15_15_04,1175,705,1309.0,1522.0
int__tai15_15_04,1175,706,1381.0,1579.0
int__tai15_15_04,1175,707,1267.0,1441.0
int__tai15_15_04,1175,708,1332.0,1516.0
int__tai15_15_04,1175,709,1358.0,1543.0
int__tai15_15_04,1175,710,1308.0,1468.0
int__tai15_15_04,1175,711,1355.0,1530.0
int__tai15_15_04,1175,712,1397.0,1587.0
int__tai15_15_04,1175,713,1319.0,1469.0
int__tai15_15_04,1175,714,1404.0,1598.0
int__tai15_15_04,1175,715,1354.0,1520.0
int__tai15_15_04,1175,716,1308.0,1468.0
int__tai15_15_04,1175,717,1240.0,1439.0
int__tai15_15_04,1175,718,1279.0,1479.0
int__tai15_15_04,1175,719,1237.0,1413.0
int__tai15_15_04,1175,720,1286.0,1485.0
int__tai15_15_04,1175,721,1291.0,1469.0
int__tai15_15_04,1175,722,1251.0,1453.0
int__tai15_15_04,1175,723,1290.0,1483.0
int__tai15_15_04,1175,724,1271.0,1446.0
int__tai15_15_04,1175,725,1311.0,1510.0
int__tai15_15_04,1175,726,1330.0,1531.0
int__tai15_15_04,1175,727,1364.0,1550.0
int__tai15_15_04,1175,728,1300.0,1473.0
int__tai15_15_04,1175,729,1439.0,1594.0
int__tai15_15_04,1175,730,1312.0,1520.0
int__tai15_15_04,1175,731,1294.0,1473.0
int__tai15_15_04,1175,732,1317.0,1478.0
int__tai15_15_04,1175,733,1506.0,1692.0
int__tai15_15_04,1175,734,1327.0,1501.0
int__tai15_15_04,1175,735,1336.0,1493.0
int__tai15_15_04,1175,736,1359.0,1528.0
int__tai15_15_04,1175,737,1276.0,1457.0
int__tai15_15_04,1175,738,1315.0,1523.0
int__tai15_15_04,1175,739,1298.0,1492.0
int__tai15_15_04,1175,740,1311.0,1494.0
int__tai15_15_04,1175,741,1388.0,1597.0
int__tai15_15_04,1175,742,1344.0,1533.0
int__tai15_15_04,1175,743,1350.0,1570.0
int__tai15_15_04,1175,744,1264.0,1441.0
int__tai15_15_04,1175,745,1372.0,1597.0
int__tai15_15_04,1175,746,1331.0,1522.0
int__tai15_15_04,1175,747,1259.0,1446.0
int__tai15_15_04,1175,748,1355.0,1550.0
int__tai15_15_04,1175,749,1243.0,1431.0
int__tai15_15_04,1175,750,1331.0,1509.0
int__tai15_15_04,1175,751,1407.0,1635.0
int__tai15_15_04,1175,752,1337.0,1522.0
int__tai15_15_04,1175,753,1331.0,1551.0
int__tai15_15_04,1175,754,1319.0,1506.0
int__tai15_15_04,1175,755,1349.0,1559.0
int__tai15_15_04,1175,756,1326.0,1562.0
int__tai15_15_04,1175,757,1327.0,1523.0
int__tai15_15_04,1175,758,1390.0,1564.0
int__tai15_15_04,1175,759,1297.0,1479.0
int__tai15_15_04,1175,760,1294.0,1452.0
int__tai15_15_04,1175,761,1338.0,1546.0
int__tai15_15_04,1175,762,1329.0,1514.0
int__tai15_15_04,1175,763,1330.0,1511.0
int__tai15_15_04,1175,764,1324.0,1529.0
int__tai15_15_04,1175,765,1246.0,1430.0
int__tai15_15_04,1175,766,1413.0,1635.0
int__tai15_15_04,1175,767,1303.0,1491.0
int__tai15_15_04,1175,768,1302.0,1487.0
int__tai15_15_04,1175,769,1325.0,1525.0
int__tai15_15_04,1175,770,1361.0,1546.0
int__tai15_15_04,1175,771,1380.0,1563.0
int__tai15_15_04,1175,772,1279.0,1468.0
int__tai15_15_04,1175,773,1280.0,1491.0
int__tai15_15_04,1175,774,1453.0,1684.0
int__tai15_15_04,1175,775,1490.0,1694.0
int__tai15_15_04,1175,776,1336.0,1550.0
int__tai15_15_04,1175,777,1293.0,1457.0
int__tai15_15_04,1175,778,1289.0,1463.0
int__tai15_15_04,1175,779,1285.0,1472.0
int__tai15_15_04,1175,780,1436.0,1631.0
int__tai15_15_04,1175,781,1331.0,1503.0
int__tai15_15_04,1175,782,1343.0,1529.0
int__tai15_15_04,1175,783,1309.0,1493.0
int__tai15_15_04,1175,784,1345.0,1539.0
int__tai15_15_04,1175,785,1255.0,1444.0
int__tai15_15_04,1175,786,1296.0,1482.0
int__tai15_15_04,1175,787,1365.0,1562.0
int__tai15_15_04,1175,788,1316.0,1474.0
int__tai15_15_04,1175,789,1334.0,1520.0
int__tai15_15_04,1175,790,1310.0,1511.0
int__tai15_15_04,1175,791,1304.0,1494.0
int__tai15_15_04,1175,792,1341.0,1531.0
int__tai15_15_04,1175,793,1381.0,1539.0
int__tai15_15_04,1175,794,1311.0,1507.0
int__tai15_15_04,1175,795,1332.0,1538.0
int__tai15_15_04,1175,796,1305.0,1479.0
int__tai15_15_04,1175,797,1272.0,1443.0
int__tai15_15_04,1175,798,1276.0,1440.0
int__tai15_15_04,1175,799,1310.0,1463.0
int__tai15_15_04,1175,800,1285.0,1442.0
int__tai15_15_04,1175,801,1338.0,1538.0
int__tai15_15_04,1175,802,1333.0,1499.0
int__tai15_15_04,1175,803,1258.0,1435.0
int__tai15_15_04,1175,804,1356.0,1548.0
int__tai15_15_04,1175,805,1317.0,1490.0
int__tai15_15_04,1175,806,1296.0,1492.0
int__tai15_15_04,1175,807,1278.0,1462.0
int__tai15_15_04,1175,808,1391.0,1568.0
int__tai15_15_04,1175,809,1465.0,1685.0
int__tai15_15_04,1175,810,1281.0,1434.0
int__tai15_15_04,1175,811,1448.0,1629.0
int__tai15_15_04,1175,812,1210.0,1403.0
int__tai15_15_04,1175,813,1366.0,1540.0
int__tai15_15_04,1175,814,1271.0,1452.0
int__tai15_15_04,1175,815,1306.0,1461.0
int__tai15_15_04,1175,816,1289.0,1452.0
int__tai15_15_04,1175,817,1374.0,1579.0
int__tai15_15_04,1175,818,1377.0,1553.0
int__tai15_15_04,1175,819,1365.0,1585.0
int__tai15_15_04,1175,820,1332.0,1503.0
int__tai15_15_04,1175,821,1282.0,1478.0
int__tai15_15_04,1175,822,1273.0,1445.0
int__tai15_15_04,1175,823,1333.0,1539.0
int__tai15_15_04,1175,824,1386.0,1585.0
int__tai15_15_04,1175,825,1316.0,1501.0
int__tai15_15_04,1175,826,1327.0,1516.0
int__tai15_15_04,1175,827,1317.0,1480.0
int__tai15_15_04,1175,828,1302.0,1466.0
int__tai15_15_04,1175,829,1387.0,1568.0
int__tai15_15_04,1175,830,1366.0,1572.0
int__tai15_15_04,1175,831,1345.0,1542.0
int__tai15_15_04,1175,832,1355.0,1596.0
int__tai15_15_04,1175,833,1258.0,1420.0
int__tai15_15_04,1175,834,1427.0,1642.0
int__tai15_15_04,1175,835,1295.0,1476.0
int__tai15_15_04,1175,836,1308.0,1529.0
int__tai15_15_04,1175,837,1345.0,1550.0
int__tai15_15_04,1175,838,1320.0,1499.0
int__tai15_15_04,1175,839,1286.0,1480.0
int__tai15_15_04,1175,840,1262.0,1458.0
int__tai15_15_04,1175,841,1288.0,1477.0
int__tai15_15_04,1175,842,1320.0,1509.0
int__tai15_15_04,1175,843,1299.0,1471.0
int__tai15_15_04,1175,844,1380.0,1546.0
int__tai15_15_04,1175,845,1320.0,1508.0
int__tai15_15_04,1175,846,1266.0,1457.0
int__tai15_15_04,1175,847,1317.0,1505.0
int__tai15_15_04,1175,848,1272.0,1460.0
int__tai15_15_04,1175,849,1265.0,1444.0
int__tai15_15_04,1175,850,1379.0,1563.0
int__tai15_15_04,1175,851,1287.0,1465.0
int__tai15_15_04,1175,852,1260.0,1444.0
int__tai15_15_04,1175,853,1287.0,1478.0
int__tai15_15_04,1175,854,1320.0,1508.0
int__tai15_15_04,1175,855,1303.0,1466.0
int__tai15_15_04,1175,856,1243.0,1425.0
int__tai15_15_04,1175,857,1387.0,1614.0
int__tai15_15_04,1175,858,1297.0,1481.0
int__tai15_15_04,1175,859,1349.0,1571.0
int__tai15_15_04,1175,860,1336.0,1485.0
int__tai15_15_04,1175,861,1280.0,1460.0
int__tai15_15_04,1175,862,1296.0,1470.0
int__tai15_15_04,1175,863,1337.0,1537.0
int__tai15_15_04,1175,864,1373.0,1568.0
int__tai15_15_04,1175,865,1323.0,1478.0
int__tai15_15_04,1175,866,1359.0,1585.0
int__tai15_15_04,1175,867,1360.0,1548.0
int__tai15_15_04,1175,868,1268.0,1432.0
int__tai15_15_04,1175,869,1382.0,1601.0
int__tai15_15_04,1175,870,1367.0,1558.0
int__tai15_15_04,1175,871,1293.0,1462.0
int__tai15_15_04,1175,872,1336.0,1527.0
int__tai15_15_04,1175,873,1331.0,1515.0
int__tai15_15_04,1175,874,1369.0,1554.0
int__tai15_15_04,1175,875,1308.0,1485.0
int__tai15_15_04,1175,876,1291.0,1491.0
int__tai15_15_04,1175,877,1326.0,1502.0
int__tai15_15_04,1175,878,1322.0,1476.0
int__tai15_15_04,1175,879,1322.0,1484.0
int__tai15_15_04,1175,880,1312.0,1516.0
int__tai15_15_04,1175,881,1272.0,1458.0
int__tai15_15_04,1175,882,1263.0,1451.0
int__tai15_15_04,1175,883,1267.0,1467.0
int__tai15_15_04,1175,884,1304.0,1454.0
int__tai15_15_04,1175,885,1392.0,1603.0
int__tai15_15_04,1175,886,1396.0,1590.0
int__tai15_15_04,1175,887,1283.0,1495.0
int__tai15_15_04,1175,888,1324.0,1500.0
int__tai15_15_04,1175,889,1380.0,1580.0
int__tai15_15_04,1175,890,1285.0,1455.0
int__tai15_15_04,1175,891,1314.0,1500.0
int__tai15_15_04,1175,892,1297.0,1514.0
int__tai15_15_04,1175,893,1428.0,1624.0
int__tai15_15_04,1175,894,1279.0,1466.0
int__tai15_15_04,1175,895,1290.0,1446.0
int__tai15_15_04,1175,896,1380.0,1572.0
int__tai15_15_04,1175,897,1240.0,1411.0
int__tai15_15_04,1175,898,1315.0,1493.0
int__tai15_15_04,1175,899,1325.0,1518.0
int__tai15_15_04,1175,900,1361.0,1498.0
int__tai15_15_04,1175,901,1279.0,1491.0
int__tai15_15_04,1175,902,1327.0,1497.0
int__tai15_15_04,1175,903,1319.0,1516.0
int__tai15_15_04,1175,904,1301.0,1511.0
int__tai15_15_04,1175,905,1351.0,1522.0
int__tai15_15_04,1175,906,1314.0,1498.0
int__tai15_15_04,1175,907,1329.0,1499.0
int__tai15_15_04,1175,908,1371.0,1547.0
int__tai15_15_04,1175,909,1358.0,1516.0
int__tai15_15_04,1175,910,1378.0,1554.0
int__tai15_15_04,1175,911,1287.0,1464.0
int__tai15_15_04,1175,912,1329.0,1533.0
int__tai15_15_04,1175,913,1268.0,1484.0
int__tai15_15_04,1175,914,1337.0,1502.0
int__tai15_15_04,1175,915,1295.0,1489.0
int__tai15_15_04,1175,916,1302.0,1483.0
int__tai15_15_04,1175,917,1331.0,1503.0
int__tai15_15_04,1175,918,1330.0,1520.0
int__tai15_15_04,1175,919,1308.0,1495.0
int__tai15_15_04,1175,920,1290.0,1473.0
int__tai15_15_04,1175,921,1285.0,1461.0
int__tai15_15_04,1175,922,1296.0,1489.0
int__tai15_15_04,1175,923,1323.0,1483.0
int__tai15_15_04,1175,924,1334.0,1515.0
int__tai15_15_04,1175,925,1320.0,1505.0
int__tai15_15_04,1175,926,1431.0,1680.0
int__tai15_15_04,1175,927,1362.0,1537.0
int__tai15_15_04,1175,928,1290.0,1501.0
int__tai15_15_04,1175,929,1302.0,1502.0
int__tai15_15_04,1175,930,1327.0,1519.0
int__tai15_15_04,1175,931,1358.0,1559.0
int__tai15_15_04,1175,932,1363.0,1537.0
int__tai15_15_04,1175,933,1281.0,1474.0
int__tai15_15_04,1175,934,1310.0,1486.0
int__tai15_15_04,1175,935,1259.0,1434.0
int__tai15_15_04,1175,936,1366.0,1619.0
int__tai15_15_04,1175,937,1311.0,1497.0
int__tai15_15_04,1175,938,1292.0,1482.0
int__tai15_15_04,1175,939,1432.0,1668.0
int__tai15_15_04,1175,940,1302.0,1480.0
int__tai15_15_04,1175,941,1316.0,1536.0
int__tai15_15_04,1175,942,1337.0,1547.0
int__tai15_15_04,1175,943,1385.0,1565.0
int__tai15_15_04,1175,944,1295.0,1483.0
int__tai15_15_04,1175,945,1233.0,1425.0
int__tai15_15_04,1175,946,1338.0,1522.0
int__tai15_15_04,1175,947,1401.0,1600.0
int__tai15_15_04,1175,948,1361.0,1541.0
int__tai15_15_04,1175,949,1311.0,1511.0
int__tai15_15_04,1175,950,1353.0,1549.0
int__tai15_15_04,1175,951,1275.0,1427.0
int__tai15_15_04,1175,952,1302.0,1500.0
int__tai15_15_04,1175,953,1290.0,1466.0
int__tai15_15_04,1175,954,1382.0,1563.0
int__tai15_15_04,1175,955,1279.0,1459.0
int__tai15_15_04,1175,956,1300.0,1488.0
int__tai15_15_04,1175,957,1391.0,1589.0
int__tai15_15_04,1175,958,1321.0,1492.0
int__tai15_15_04,1175,959,1277.0,1445.0
int__tai15_15_04,1175,960,1374.0,1549.0
int__tai15_15_04,1175,961,1294.0,1485.0
int__tai15_15_04,1175,962,1354.0,1497.0
int__tai15_15_04,1175,963,1353.0,1533.0
int__tai15_15_04,1175,964,1354.0,1514.0
int__tai15_15_04,1175,965,1323.0,1492.0
int__tai15_15_04,1175,966,1298.0,1472.0
int__tai15_15_04,1175,967,1293.0,1465.0
int__tai15_15_04,1175,968,1347.0,1579.0
int__tai15_15_04,1175,969,1293.0,1493.0
int__tai15_15_04,1175,970,1301.0,1485.0
int__tai15_15_04,1175,971,1308.0,1482.0
int__tai15_15_04,1175,972,1309.0,1496.0
int__tai15_15_04,1175,973,1332.0,1560.0
int__tai15_15_04,1175,974,1352.0,1551.0
int__tai15_15_04,1175,975,1293.0,1504.0
int__tai15_15_04,1175,976,1304.0,1474.0
int__tai15_15_04,1175,977,1355.0,1580.0
int__tai15_15_04,1175,978,1314.0,1489.0
int__tai15_15_04,1175,979,1350.0,1546.0
int__tai15_15_04,1175,980,1351.0,1517.0
int__tai15_15_04,1175,981,1501.0,1711.0
int__tai15_15_04,1175,982,1357.0,1522.0
int__tai15_15_04,1175,983,1299.0,1462.0
int__tai15_15_04,1175,984,1360.0,1552.0
int__tai15_15_04,1175,985,1339.0,1538.0
int__tai15_15_04,1175,986,1317.0,1527.0
int__tai15_15_04,1175,987,1283.0,1456.0
int__tai15_15_04,1175,988,1449.0,1663.0
int__tai15_15_04,1175,989,1266.0,1432.0
int__tai15_15_04,1175,990,1306.0,1504.0
int__tai15_15_04,1175,991,1288.0,1457.0
int__tai15_15_04,1175,992,1299.0,1481.0
int__tai15_15_04,1175,993,1348.0,1505.0
int__tai15_15_04,1175,994,1305.0,1507.0
int__tai15_15_04,1175,995,1368.0,1521.0
int__tai15_15_04,1175,996,1348.0,1498.0
int__tai15_15_04,1175,997,1312.0,1484.0
int__tai15_15_04,1175,998,1423.0,1651.0
int__tai15_15_04,1175,999,1373.0,1529.0
int__tai15_15_04,1175,1000,1364.0,1550.0
int__tai15_15_04,1175,1001,1272.0,1445.0
int__tai15_15_04,1175,1002,1288.0,1467.0
int__tai15_15_04,1175,1003,1378.0,1580.0
int__tai15_15_04,1175,1004,1260.0,1419.0
int__tai15_15_04,1175,1005,1298.0,1466.0
int__tai15_15_04,1175,1006,1283.0,1506.0
int__tai15_15_04,1175,1007,1339.0,1519.0
int__tai15_15_04,1175,1008,1305.0,1529.0
int__tai15_15_04,1175,1009,1270.0,1468.0
int__tai15_15_04,1175,1010,1330.0,1526.0
int__tai15_15_04,1175,1011,1309.0,1486.0
int__tai15_15_04,1175,1012,1355.0,1527.0
int__tai15_15_04,1175,1013,1321.0,1492.0
int__tai15_15_04,1175,1014,1403.0,1623.0
int__tai15_15_04,1175,1015,1301.0,1467.0
int__tai15_15_04,1175,1016,1363.0,1563.0
int__tai15_15_04,1175,1017,1291.0,1481.0
int__tai15_15_04,1175,1018,1329.0,1479.0
int__tai15_15_04,1175,1019,1289.0,1470.0
int__tai15_15_04,1175,1020,1247.0,1434.0
int__tai15_15_04,1175,1021,1348.0,1529.0
int__tai15_15_04,1175,1022,1308.0,1476.0
int__tai15_15_04,1175,1023,1306.0,1492.0
int__tai15_15_10,1241,0,1352.0,1513.0
int__tai15_15_10,1241,1,1406.0,1584.0
int__tai15_15_10,1241,2,1371.0,1562.0
int__tai15_15_10,1241,3,1379.0,1557.0
int__tai15_15_10,1241,4,1477.0,1657.0
int__tai15_15_10,1241,5,1463.0,1672.0
int__tai15_15_10,1241,6,1378.0,1562.0
int__tai15_15_10,1241,7,1418.0,1610.0
int__tai15_15_10,1241,8,1423.0,1623.0
int__tai15_15_10,1241,9,1433.0,1608.0
int__tai15_15_10,1241,10,1409.0,1629.0
int__tai15_15_10,1241,11,1484.0,1633.0
int__tai15_15_10,1241,12,1514.0,1714.0
int__tai15_15_10,1241,13,1354.0,1551.0
int__tai15_15_10,1241,14,1405.0,1560.0
int__tai15_15_10,1241,15,1430.0,1590.0
int__tai15_15_10,1241,16,1408.0,1597.0
int__tai15_15_10,1241,17,1465.0,1673.0
int__tai15_15_10,1241,18,1388.0,1588.0
int__tai15_15_10,1241,19,1430.0,1620.0
int__tai15_15_10,1241,20,1468.0,1669.0
int__tai15_15_10,1241,21,1413.0,1612.0
int__tai15_15_10,1241,22,1364.0,1569.0
int__tai15_15_10,1241,23,1498.0,1668.0
int__tai15_15_10,1241,24,1436.0,1619.0
int__tai15_15_10,1241,25,1390.0,1574.0
int__tai15_15_10,1241,26,1375.0,1530.0
int__tai15_15_10,1241,27,1425.0,1606.0
int__tai15_15_10,1241,28,1349.0,1523.0
int__tai15_15_10,1241,29,1488.0,1665.0
int__tai15_15_10,1241,30,1425.0,1580.0
int__tai15_15_10,1241,31,1350.0,1531.0
int__tai15_15_10,1241,32,1403.0,1587.0
int__tai15_15_10,1241,33,1347.0,1556.0
int__tai15_15_10,1241,34,1418.0,1613.0
int__tai15_15_10,1241,35,1370.0,1534.0
int__tai15_15_10,1241,36,1319.0,1490.0
int__tai15_15_10,1241,37,1436.0,1657.0
int__tai15_15_10,1241,38,1441.0,1620.0
int__tai15_15_10,1241,39,1377.0,1555.0
int__tai15_15_10,1241,40,1438.0,1617.0
int__tai15_15_10,1241,41,1384.0,1557.0
int__tai15_15_10,1241,42,1401.0,1587.0
int__tai15_15_10,1241,43,1330.0,1511.0
int__tai15_15_10,1241,44,1464.0,1674.0
int__tai15_15_10,1241,45,1423.0,1604.0
int__tai15_15_10,1241,46,1337.0,1497.0
int__tai15_15_10,1241,47,1433.0,1592.0
int__tai15_15_10,1241,48,1335.0,1520.0
int__tai15_15_10,1241,49,1374.0,1552.0
int__tai15_15_10,1241,50,1394.0,1560.0
int__tai15_15_10,1241,51,1371.0,1562.0
int__tai15_15_10,1241,52,1434.0,1619.0
int__tai15_15_10,1241,53,1379.0,1566.0
int__tai15_15_10,1241,54,1365.0,1528.0
int__tai15_15_10,1241,55,1379.0,1553.0
int__tai15_15_10,1241,56,1394.0,1567.0
int__tai15_15_10,1241,57,1315.0,1503.0
int__tai15_15_10,1241,58,1414.0,1606.0
int__tai15_15_10,1241,59,1403.0,1606.0
int__tai15_15_10,1241,60,1315.0,1514.0
int__tai15_15_10,1241,61,1309.0,1483.0
int__tai15_15_10,1241,62,1378.0,1513.0
int__tai15_15_10,1241,63,1358.0,1524.0
int__tai15_15_10,1241,64,1344.0,1510.0
int__tai15_15_10,1241,65,1338.0,1517.0
int__tai15_15_10,1241,66,1413.0,1606.0
int__tai15_15_10,1241,67,1427.0,1621.0
int__tai15_15_10,1241,68,1380.0,1578.0
int__tai15_15_10,1241,69,1420.0,1605.0
int__tai15_15_10,1241,70,1367.0,1539.0
int__tai15_15_10,1241,71,1366.0,1540.0
int__tai15_15_10,1241,72,1420.0,1624.0
int__tai15_15_10,1241,73,1470.0,1644.0
int__tai15_15_10,1241,74,1443.0,1647.0
int__tai15_15_10,1241,75,1422.0,1633.0
int__tai15_15_10,1241,76,1578.0,1765.0
int__tai15_15_10,1241,77,1402.0,1552.0
int__tai15_15_10,1241,78,1436.0,1618.0
int__tai15_15_10,1241,79,1419.0,1574.0
int__tai15_15_10,1241,80,1450.0,1644.0
int__tai15_15_10,1241,81,1419.0,1614.0
int__tai15_15_10,1241,82,1291.0,1498.0
int__tai15_15_10,1241,83,1326.0,1510.0
int__tai15_15_10,1241,84,1400.0,1598.0
int__tai15_15_10,1241,85,1434.0,1632.0
int__tai15_15_10,1241,86,1368.0,1573.0
int__tai15_15_10,1241,87,1396.0,1631.0
int__tai15_15_10,1241,88,1367.0,1543.0
int__tai15_15_10,1241,89,1371.0,1538.0
int__tai15_15_10,1241,90,1441.0,1649.0
int__tai15_15_10,1241,91,1387.0,1568.0
int__tai15_15_10,1241,92,1380.0,1553.0
int__tai15_15_10,1241,93,1383.0,1538.0
int__tai15_15_10,1241,94,1442.0,1637.0
int__tai15_15_10,1241,95,1372.0,1560.0
int__tai15_15_10,1241,96,1351.0,1517.0
int__tai15_15_10,1241,97,1334.0,1510.0
int__tai15_15_10,1241,98,1366.0,1557.0
int__tai15_15_10,1241,99,1456.0,1687.0
int__tai15_15_10,1241,100,1387.0,1556.0
int__tai15_15_10,1241,101,1420.0,1622.0
int__tai15_15_10,1241,102,1343.0,1510.0
int__tai15_15_10,1241,103,1324.0,1515.0
int__tai15_15_10,1241,104,1402.0,1572.0
int__tai15_15_10,1241,105,1460.0,1660.0
int__tai15_15_10,1241,106,1371.0,1517.0
int__tai15_15_10,1241,107,1379.0,1561.0
int__tai15_15_10,1241,108,1404.0,1620.0
int__tai15_15_10,1241,109,1331.0,1517.0
int__tai15_15_10,1241,110,1411.0,1580.0
int__tai15_15_10,1241,111,1424.0,1594.0
int__tai15_15_10,1241,112,1358.0,1517.0
int__tai15_15_10,1241,113,1413.0,1576.0
int__tai15_15_10,1241,114,1427.0,1598.0
int__tai15_15_10,1241,115,1402.0,1578.0
int__tai15_15_10,1241,116,1403.0,1604.0
int__tai15_15_10,1241,117,1409.0,1558.0
int__tai15_15_10,1241,118,1500.0,1731.0
int__tai15_15_10,1241,119,1419.0,1597.0
int__tai15_15_10,1241,120,1333.0,1519.0
int__tai15_15_10,1241,121,1325.0,1511.0
int__tai15_15_10,1241,122,1495.0,1684.0
int__tai15_15_10,1241,123,1319.0,1481.0
int__tai15_15_10,1241,124,1389.0,1570.0
int__tai15_15_10,1241,125,1392.0,1575.0
int__tai15_15_10,1241,126,1360.0,1522.0
int__tai15_15_10,1241,127,1446.0,1658.0
int__tai15_15_10,1241,128,1328.0,1502.0
int__tai15_15_10,1241,129,1341.0,1512.0
int__tai15_15_10,1241,130,1324.0,1500.0
int__tai15_15_10,1241,131,1442.0,1633.0
int__tai15_15_10,1241,132,1397.0,1553.0
int__tai15_15_10,1241,133,1356.0,1566.0
int__tai15_15_10,1241,134,1535.0,1735.0
int__tai15_15_10,1241,135,1399.0,1583.0
int__tai15_15_10,1241,136,1369.0,1531.0
int__tai15_15_10,1241,137,1433.0,1616.0
int__tai15_15_10,1241,138,1381.0,1571.0
int__tai15_15_10,1241,139,1426.0,1616.0
int__tai15_15_10,1241,140,1538.0,1725.0
int__tai15_15_10,1241,141,1419.0,1595.0
int__tai15_15_10,1241,142,1389.0,1600.0
int__tai15_15_10,1241,143,1377.0,1534.0
int__tai15_15_10,1241,144,1465.0,1654.0
int__tai15_15_10,1241,145,1373.0,1564.0
int__tai15_15_10,1241,146,1402.0,1587.0
int__tai15_15_10,1241,147,1324.0,1516.0
int__tai15_15_10,1241,148,1350.0,1519.0
int__tai15_15_10,1241,149,1365.0,1567.0
int__tai15_15_10,1241,150,1556.0,1746.0
int__tai15_15_10,1241,151,1400.0,1593.0
int__tai15_15_10,1241,152,1390.0,1554.0
int__tai15_15_10,1241,153,1356.0,1539.0
int__tai15_15_10,1241,154,1382.0,1619.0
int__tai15_15_10,1241,155,1467.0,1631.0
int__tai15_15_10,1241,156,1457.0,1631.0
int__tai15_15_10,1241,157,1457.0,1650.0
int__tai15_15_10,1241,158,1380.0,1546.0
int__tai15_15_10,1241,159,1346.0,1549.0
int__tai15_15_10,1241,160,1405.0,1581.0
int__tai15_15_10,1241,161,1380.0,1558.0
int__tai15_15_10,1241,162,1365.0,1533.0
int__tai15_15_10,1241,163,1416.0,1593.0
int__tai15_15_10,1241,164,1402.0,1553.0
int__tai15_15_10,1241,165,1376.0,1554.0
int__tai15_15_10,1241,166,1449.0,1638.0
int__tai15_15_10,1241,167,1381.0,1557.0
int__tai15_15_10,1241,168,1468.0,1669.0
int__tai15_15_10,1241,169,1376.0,1564.0
int__tai15_15_10,1241,170,1465.0,1663.0
int__tai15_15_10,1241,171,1333.0,1555.0
int__tai15_15_10,1241,172,1395.0,1555.0
int__tai15_15_10,1241,173,1384.0,1560.0
int__tai15_15_10,1241,174,1420.0,1613.0
int__tai15_15_10,1241,175,1370.0,1600.0
int__tai15_15_10,1241,176,1301.0,1492.0
int__tai15_15_10,1241,177,1357.0,1520.0
int__tai15_15_10,1241,178,1384.0,1551.0
int__tai15_15_10,1241,179,1353.0,1518.0
int__tai15_15_10,1241,180,1371.0,1537.0
int__tai15_15_10,1241,181,1374.0,1542.0
int__tai15_15_10,1241,182,1371.0,1549.0
int__tai15_15_10,1241,183,1467.0,1635.0
int__tai15_15_10,1241,184,1466.0,1658.0
int__tai15_15_10,1241,185,1429.0,1625.0
int__tai15_15_10,1241,186,1330.0,1514.0
int__tai15_15_10,1241,187,1408.0,1596.0
int__tai15_15_10,1241,188,1344.0,1528.0
int__tai15_15_10,1241,189,1411.0,1597.0
int__tai15_15_10,1241,190,1368.0,1564.0
int__tai15_15_10,1241,191,1375.0,1548.0
int__tai15_15_10,1241,192,1289.0,1508.0
int__tai15_15_10,1241,193,1471.0,1691.0
int__tai15_15_10,1241,194,1441.0,1624.0
int__tai15_15_10,1241,195,1462.0,1676.0
int__tai15_15_10,1241,196,1354.0,1516.0
int__tai15_15_10,1241,197,1314.0,1490.0
int__tai15_15_10,1241,198,1360.0,1508.0
int__tai15_15_10,1241,199,1398.0,1594.0
int__tai15_15_10,1241,200,1354.0,1534.0
int__tai15_15_10,1241,201,1408.0,1589.0
int__tai15_15_10,1241,202,1361.0,1537.0
int__tai15_15_10,1241,203,1336.0,1512.0
int__tai15_15_10,1241,204,1495.0,1683.0
int__tai15_15_10,1241,205,1387.0,1558.0
int__tai15_15_10,1241,206,1427.0,1617.0
int__tai15_15_10,1241,207,1329.0,1537.0
int__tai15_15_10,1241,208,1459.0,1672.0
int__tai15_15_10,1241,209,1471.0,1639.0
int__tai15_15_10,1241,210,1378.0,1529.0
int__tai15_15_10,1241,211,1368.0,1568.0
int__tai15_15_10,1241,212,1454.0,1624.0
int__tai15_15_10,1241,213,1379.0,1540.0
int__tai15_15_10,1241,214,1577.0,1797.0
int__tai15_15_10,1241,215,1428.0,1591.0
int__tai15_15_10,1241,216,1410.0,1621.0
int__tai15_15_10,1241,217,1383.0,1593.0
int__tai15_15_10,1241,218,1526.0,1742.0
int__tai15_15_10,1241,219,1427.0,1595.0
int__tai15_15_10,1241,220,1325.0,1509.0
int__tai15_15_10,1241,221,1407.0,1590.0
int__tai15_15_10,1241,222,1453.0,1630.0
int__tai15_15_10,1241,223,1523.0,1711.0
int__tai15_15_10,1241,224,1452.0,1650.0
int__tai15_15_10,1241,225,1338.0,1513.0
int__tai15_15_10,1241,226,1309.0,1487.0
int__tai15_15_10,1241,227,1345.0,1519.0
int__tai15_15_10,1241,228,1415.0,1623.0
int__tai15_15_10,1241,229,1445.0,1603.0
int__tai15_15_10,1241,230,1454.0,1649.0
int__tai15_15_10,1241,231,1404.0,1606.0
int__tai15_15_10,1241,232,1385.0,1576.0
int__tai15_15_10,1241,233,1380.0,1552.0
int__tai15_15_10,1241,234,1400.0,1566.0
int__tai15_15_10,1241,235,1427.0,1595.0
int__tai15_15_10,1241,236,1475.0,1645.0
int__tai15_15_10,1241,237,1408.0,1618.0
int__tai15_15_10,1241,238,1367.0,1561.0
int__tai15_15_10,1241,239,1486.0,1652.0
int__tai15_15_10,1241,240,1424.0,1619.0
int__tai15_15_10,1241,241,1575.0,1757.0
int__tai15_15_10,1241,242,1330.0,1481.0
int__tai15_15_10,1241,243,1412.0,1602.0
int__tai15_15_10,1241,244,1433.0,1629.0
int__tai15_15_10,1241,245,1525.0,1733.0
int__tai15_15_10,1241,246,1328.0,1524.0
int__tai15_15_10,1241,247,1546.0,1783.0
int__tai15_15_10,1241,248,1406.0,1586.0
int__tai15_15_10,1241,249,1300.0,1462.0
int__tai15_15_10,1241,250,1475.0,1688.0
int__tai15_15_10,1241,251,1327.0,1509.0
int__tai15_15_10,1241,252,1406.0,1618.0
int__tai15_15_10,1241,253,1404.0,1591.0
int__tai15_15_10,1241,254,1419.0,1593.0
int__tai15_15_10,1241,255,1383.0,1569.0
int__tai15_15_10,1241,256,1410.0,1604.0
int__tai15_15_10,1241,257,1440.0,1630.0
int__tai15_15_10,1241,258,1443.0,1677.0
int__tai15_15_10,1241,259,1408.0,1580.0
int__tai15_15_10,1241,260,1361.0,1520.0
int__tai15_15_10,1241,261,1384.0,1566.0
int__tai15_15_10,1241,262,1496.0,1699.0
int__tai15_15_10,1241,263,1367.0,1557.0
int__tai15_15_10,1241,264,1393.0,1547.0
int__tai15_15_10,1241,265,1411.0,1577.0
int__tai15_15_10,1241,266,1387.0,1560.0
int__tai15_15_10,1241,267,1370.0,1532.0
int__tai15_15_10,1241,268,1314.0,1476.0
int__tai15_15_10,1241,269,1348.0,1555.0
int__tai15_15_10,1241,270,1481.0,1698.0
int__tai15_15_10,1241,271,1300.0,1476.0
int__tai15_15_10,1241,272,1305.0,1493.0
int__tai15_15_10,1241,273,1414.0,1577.0
int__tai15_15_10,1241,274,1310.0,1516.0
int__tai15_15_10,1241,275,1448.0,1623.0
int__tai15_15_10,1241,276,1468.0,1682.0
int__tai15_15_10,1241,277,1395.0,1565.0
int__tai15_15_10,1241,278,1486.0,1667.0
int__tai15_15_10,1241,279,1392.0,1584.0
int__tai15_15_10,1241,280,1584.0,1756.0
int__tai15_15_10,1241,281,1345.0,1526.0
int__tai15_15_10,1241,282,1462.0,1636.0
int__tai15_15_10,1241,283,1474.0,1659.0
int__tai15_15_10,1241,284,1423.0,1618.0
int__tai15_15_10,1241,285,1628.0,1859.0
int__tai15_15_10,1241,286,1401.0,1619.0
int__tai15_15_10,1241,287,1369.0,1568.0
int__tai15_15_10,1241,288,1357.0,1526.0
int__tai15_15_10,1241,289,1403.0,1574.0
int__tai15_15_10,1241,290,1405.0,1589.0
int__tai15_15_10,1241,291,1349.0,1537.0
int__tai15_15_10,1241,292,1520.0,1692.0
int__tai15_15_10,1241,293,1351.0,1553.0
int__tai15_15_10,1241,294,1410.0,1581.0
int__tai15_15_10,1241,295,1485.0,1649.0
int__tai15_15_10,1241,296,1439.0,1640.0
int__tai15_15_10,1241,297,1374.0,1542.0
int__tai15_15_10,1241,298,1387.0,1596.0
int__tai15_15_10,1241,299,1359.0,1557.0
int__tai15_15_10,1241,300,1354.0,1540.0
int__tai15_15_10,1241,301,1477.0,1658.0
int__tai15_15_10,1241,302,1444.0,1612.0
int__tai15_15_10,1241,303,1489.0,1662.0
int__tai15_15_10,1241,304,1428.0,1599.0
int__tai15_15_10,1241,305,1362.0,1537.0
int__tai15_15_10,1241,306,1525.0,1727.0
int__tai15_15_10,1241,307,1322.0,1503.0
int__tai15_15_10,1241,308,1389.0,1559.0
int__tai15_15_10,1241,309,1394.0,1582.0
int__tai15_15_10,1241,310,1518.0,1742.0
int__tai15_15_10,1241,311,1370.0,1579.0
int__tai15_15_10,1241,312,1451.0,1647.0
int__tai15_15_10,1241,313,1366.0,1588.0
int__tai15_15_10,1241,314,1404.0,1647.0
int__tai15_15_10,1241,315,1431.0,1612.0
int__tai15_15_10,1241,316,1438.0,1614.0
int__tai15_15_10,1241,317,1508.0,1677.0
int__tai15_15_10,1241,318,1318.0,1495.0
int__tai15_15_10,1241,319,1416.0,1602.0
int__tai15_15_10,1241,320,1418.0,1621.0
int__tai15_15_10,1241,321,1430.0,1638.0
int__tai15_15_10,1241,322,1415.0,1609.0
int__tai15_15_10,1241,323,1396.0,1600.0
int__tai15_15_10,1241,324,1459.0,1667.0
int__tai15_15_10,1241,325,1384.0,1595.0
int__tai15_15_10,1241,326,1385.0,1582.0
int__tai15_15_10,1241,327,1304.0,1492.0
int__tai15_15_10,1241,328,1347.0,1525.0
int__tai15_15_10,1241,329,1362.0,1538.0
int__tai15_15_10,1241,330,1432.0,1615.0
int__tai15_15_10,1241,331,1427.0,1653.0
int__tai15_15_10,1241,332,1366.0,1530.0
int__tai15_15_10,1241,333,1421.0,1615.0
int__tai15_15_10,1241,334,1503.0,1667.0
int__tai15_15_10,1241,335,1416.0,1572.0
int__tai15_15_10,1241,336,1400.0,1598.0
int__tai15_15_10,1241,337,1445.0,1619.0
int__tai15_15_10,1241,338,1452.0,1614.0
int__tai15_15_10,1241,339,1325.0,1515.0
int__tai15_15_10,1241,340,1408.0,1596.0
int__tai15_15_10,1241,341,1402.0,1588.0
int__tai15_15_10,1241,342,1437.0,1631.0
int__tai15_15_10,1241,343,1362.0,1564.0
int__tai15_15_10,1241,344,1369.0,1569.0
int__tai15_15_10,1241,345,1406.0,1621.0
int__tai15_15_10,1241,346,1460.0,1680.0
int__tai15_15_10,1241,347,1397.0,1576.0
int__tai15_15_10,1241,348,1415.0,1605.0
int__tai15_15_10,1241,349,1434.0,1620.0
int__tai15_15_10,1241,350,1385.0,1575.0
int__tai15_15_10,1241,351,1351.0,1533.0
int__tai15_15_10,1241,352,1319.0,1517.0
int__tai15_15_10,1241,353,1405.0,1564.0
int__tai15_15_10,1241,354,1459.0,1694.0
int__tai15_15_10,1241,355,1314.0,1493.0
int__tai15_15_10,1241,356,1377.0,1553.0
int__tai15_15_10,1241,357,1381.0,1594.0
int__tai15_15_10,1241,358,1423.0,1625.0
int__tai15_15_10,1241,359,1392.0,1541.0
int__tai15_15_10,1241,360,1424.0,1600.0
int__tai15_15_10,1241,361,1454.0,1631.0
int__tai15_15_10,1241,362,1331.0,1521.0
int__tai15_15_10,1241,363,1398.0,1600.0
int__tai15_15_10,1241,364,1438.0,1609.0
int__tai15_15_10,1241,365,1328.0,1510.0
int__tai15_15_10,1241,366,1380.0,1537.0
int__tai15_15_10,1241,367,1384.0,1545.0
int__tai15_15_10,1241,368,1423.0,1579.0
int__tai15_15_10,1241,369,1335.0,1507.0
int__tai15_15_10,1241,370,1506.0,1698.0
int__tai15_15_10,1241,371,1381.0,1585.0
int__tai15_15_10,1241,372,1375.0,1563.0
int__tai15_15_10,1241,373,1431.0,1608.0
int__tai15_15_10,1241,374,1373.0,1568.0
int__tai15_15_10,1241,375,1458.0,1655.0
int__tai15_15_10,1241,376,1446.0,1623.0
int__tai15_15_10,1241,377,1372.0,1573.0
int__tai15_15_10,1241,378,1315.0,1514.0
int__tai15_15_10,1241,379,1371.0,1561.0
int__tai15_15_10,1241,380,1402.0,1586.0
int__tai15_15_10,1241,381,1472.0,1680.0
int__tai15_15_10,1241,382,1428.0,1600.0
int__tai15_15_10,1241,383,1440.0,1680.0
int__tai15_15_10,1241,384,1457.0,1651.0
int__tai15_15_10,1241,385,1339.0,1526.0
int__tai15_15_10,1241,386,1382.0,1582.0
int__tai15_15_10,1241,387,1389.0,1599.0
int__tai15_15_10,1241,388,1377.0,1559.0
int__tai15_15_10,1241,389,1335.0,1525.0
int__tai15_15_10,1241,390,1403.0,1583.0
int__tai15_15_10,1241,391,1402.0,1577.0
int__tai15_15_10,1241,392,1429.0,1621.0
int__tai15_15_10,1241,393,1454.0,1619.0
int__tai15_15_10,1241,394,1443.0,1611.0
int__tai15_15_10,1241,395,1382.0,1550.0
int__tai15_15_10,1241,396,1435.0,1633.0
int__tai15_15_10,1241,397,1383.0,1574.0
int__tai15_15_10,1241,398,1332.0,1488.0
int__tai15_15_10,1241,399,1422.0,1623.0
int__tai15_15_10,1241,400,1540.0,1768.0
int__tai15_15_10,1241,401,1399.0,1599.0
int__tai15_15_10,1241,402,1454.0,1608.0
int__tai15_15_10,1241,403,1395.0,1562.0
int__tai15_15_10,1241,404,1428.0,1645.0
int__tai15_15_10,1241,405,1406.0,1552.0
int__tai15_15_10,1241,406,1327.0,1522.0
int__tai15_15_10,1241,407,1455.0,1659.0
int__tai15_15_10,1241,408,1397.0,1595.0
int__tai15_15_10,1241,409,1434.0,1637.0
int__tai15_15_10,1241,410,1373.0,1573.0
int__tai15_15_10,1241,411,1424.0,1580.0
int__tai15_15_10,1241,412,1333.0,1525.0
int__tai15_15_10,1241,413,1347.0,1501.0
int__tai15_15_10,1241,414,1428.0,1593.0
int__tai15_15_10,1241,415,1340.0,1537.0
int__tai15_15_10,1241,416,1379.0,1547.0
int__tai15_15_10,1241,417,1385.0,1597.0
int__tai15_15_10,1241,418,1540.0,1740.0
int__tai15_15_10,1241,419,1383.0,1575.0
int__tai15_15_10,1241,420,1425.0,1625.0
int__tai15_15_10,1241,421,1351.0,1537.0
int__tai15_15_10,1241,422,1434.0,1624.0
int__tai15_15_10,1241,423,1377.0,1560.0
int__tai15_15_10,1241,424,1468.0,1647.0
int__tai15_15_10,1241,425,1443.0,1614.0
int__tai15_15_10,1241,426,1348.0,1528.0
int__tai15_15_10,1241,427,1481.0,1693.0
int__tai15_15_10,1241,428,1478.0,1650.0
int__tai15_15_10,1241,429,1305.0,1481.0
int__tai15_15_10,1241,430,1473.0,1658.0
int__tai15_15_10,1241,431,1475.0,1695.0
int__tai15_15_10,1241,432,1378.0,1565.0
int__tai15_15_10,1241,433,1389.0,1565.0
int__tai15_15_10,1241,434,1340.0,1498.0
int__tai15_15_10,1241,435,1365.0,1579.0
int__tai15_15_10,1241,436,1357.0,1526.0
int__tai15_15_10,1241,437,1426.0,1626.0
int__tai15_15_10,1241,438,1396.0,1568.0
int__tai15_15_10,1241,439,1439.0,1626.0
int__tai15_15_10,1241,440,1348.0,1554.0
int__tai15_15_10,1241,441,1418.0,1620.0
int__tai15_15_10,1241,442,1315.0,1497.0
int__tai15_15_10,1241,443,1319.0,1508.0
int__tai15_15_10,1241,444,1344.0,1524.0
int__tai15_15_10,1241,445,1370.0,1526.0
int__tai15_15_10,1241,446,1335.0,1504.0
int__tai15_15_10,1241,447,1367.0,1539.0
int__tai15_15_10,1241,448,1458.0,1676.0
int__tai15_15_10,1241,449,1355.0,1545.0
int__tai15_15_10,1241,450,1430.0,1599.0
int__tai15_15_10,1241,451,1414.0,1625.0
int__tai15_15_10,1241,452,1394.0,1594.0
int__tai15_15_10,1241,453,1396.0,1572.0
int__tai15_15_10,1241,454,1443.0,1615.0
int__tai15_15_10,1241,455,1419.0,1596.0
int__tai15_15_10,1241,456,1449.0,1626.0
int__tai15_15_10,1241,457,1517.0,1680.0
int__tai15_15_10,1241,458,1423.0,1624.0
int__tai15_15_10,1241,459,1416.0,1614.0
int__tai15_15_10,1241,460,1405.0,1590.0
int__tai15_15_10,1241,461,1458.0,1633.0
int__tai15_15_10,1241,462,1561.0,1743.0
int__tai15_15_10,1241,463,1332.0,1516.0
int__tai15_15_10,1241,464,1415.0,1575.0
int__tai15_15_10,1241,465,1387.0,1577.0
int__tai15_15_10,1241,466,1349.0,1537.0
int__tai15_15_10,1241,467,1468.0,1652.0
int__tai15_15_10,1241,468,1393.0,1591.0
int__tai15_15_10,1241,469,1327.0,1496.0
int__tai15_15_10,1241,470,1425.0,1625.0
int__tai15_15_10,1241,471,1422.0,1582.0
int__tai15_15_10,1241,472,1384.0,1608.0
int__tai15_15_10,1241,473,1356.0,1537.0
int__tai15_15_10,1241,474,1417.0,1593.0
int__tai15_15_10,1241,475,1328.0,1504.0
int__tai15_15_10,1241,476,1486.0,1685.0
int__tai15_15_10,1241,477,1349.0,1514.0
int__tai15_15_10,1241,478,1364.0,1536.0
int__tai15_15_10,1241,479,1408.0,1567.0
int__tai15_15_10,1241,480,1560.0,1753.0
int__tai15_15_10,1241,481,1332.0,1512.0
int__tai15_15_10,1241,482,1360.0,1540.0
int__tai15_15_10,1241,483,1383.0,1560.0
int__tai15_15_10,1241,484,1431.0,1609.0
int__tai15_15_10,1241,485,1397.0,1579.0
int__tai15_15_10,1241,486,1404.0,1547.0
int__tai15_15_10,1241,487,1436.0,1623.0
int__tai15_15_10,1241,488,1409.0,1590.0
int__tai15_15_10,1241,489,1464.0,1644.0
int__tai15_15_10,1241,490,1374.0,1578.0
int__tai15_15_10,1241,491,1430.0,1603.0
int__tai15_15_10,1241,492,1409.0,1559.0
int__tai15_15_10,1241,493,1380.0,1554.0
int__tai15_15_10,1241,494,1312.0,1500.0
int__tai15_15_10,1241,495,1409.0,1632.0
int__tai15_15_10,1241,496,1391.0,1550.0
int__tai15_15_10,1241,497,1389.0,1568.0
int__tai15_15_10,1241,498,1417.0,1591.0
int__tai15_15_10,1241,499,1398.0,1570.0
int__tai15_15_10,1241,500,1411.0,1563.0
int__tai15_15_10,1241,501,1476.0,1711.0
int__tai15_15_10,1241,502,1337.0,1535.0
int__tai15_15_10,1241,503,1398.0,1576.0
int__tai15_15_10,1241,504,1432.0,1583.0
int__tai15_15_10,1241,505,1397.0,1554.0
int__tai15_15_10,1241,506,1380.0,1587.0
int__tai15_15_10,1241,507,1388.0,1578.0
int__tai15_15_10,1241,508,1456.0,1642.0
int__tai15_15_10,1241,509,1375.0,1553.0
int__tai15_15_10,1241,510,1426.0,1614.0
int__tai15_15_10,1241,511,1466.0,1648.0
int__tai15_15_10,1241,512,1481.0,1655.0
int__tai15_15_10,1241,513,1465.0,1638.0
int__tai15_15_10,1241,514,1306.0,1484.0
int__tai15_15_10,1241,515,1382.0,1576.0
int__tai15_15_10,1241,516,1460.0,1669.0
int__tai15_15_10,1241,517,1400.0,1551.0
int__tai15_15_10,1241,518,1486.0,1661.0
int__tai15_15_10,1241,519,1372.0,1587.0
int__tai15_15_10,1241,520,1508.0,1686.0
int__tai15_15_10,1241,521,1434.0,1620.0
int__tai15_15_10,1241,522,1422.0,1589.0
int__tai15_15_10,1241,523,1374.0,1540.0
int__tai15_15_10,1241,524,1415.0,1568.0
int__tai15_15_10,1241,525,1392.0,1598.0
int__tai15_15_10,1241,526,1355.0,1575.0
int__tai15_15_10,1241,527,1379.0,1564.0
int__tai15_15_10,1241,528,1469.0,1654.0
int__tai15_15_10,1241,529,1402.0,1582.0
int__tai15_15_10,1241,530,1421.0,1585.0
int__tai15_15_10,1241,531,1405.0,1576.0
int__tai15_15_10,1241,532,1394.0,1590.0
int__tai15_15_10,1241,533,1407.0,1587.0
int__tai15_15_10,1241,534,1418.0,1614.0
int__tai15_15_10,1241,535,1452.0,1633.0
int__tai15_15_10,1241,536,1454.0,1679.0
int__tai15_15_10,1241,537,1477.0,1706.0
int__tai15_15_10,1241,538,1401.0,1570.0
int__tai15_15_10,1241,539,1407.0,1597.0
int__tai15_15_10,1241,540,1327.0,1489.0
int__tai15_15_10,1241,541,1363.0,1562.0
int__tai15_15_10,1241,542,1449.0,1635.0
int__tai15_15_10,1241,543,1379.0,1536.0
int__tai15_15_10,1241,544,1373.0,1548.0
int__tai15_15_10,1241,545,1425.0,1649.0
int__tai15_15_10,1241,546,1431.0,1659.0
int__tai15_15_10,1241,547,1414.0,1568.0
int__tai15_15_10,1241,548,1413.0,1609.0
int__tai15_15_10,1241,549,1460.0,1643.0
int__tai15_15_10,1241,550,1425.0,1604.0
int__tai15_15_10,1241,551,1362.0,1540.0
int__tai15_15_10,1241,552,1462.0,1634.0
int__tai15_15_10,1241,553,1370.0,1521.0
int__tai15_15_10,1241,554,1356.0,1547.0
int__tai15_15_10,1241,555,1528.0,1743.0
int__tai15_15_10,1241,556,1406.0,1608.0
int__tai15_15_10,1241,557,1373.0,1536.0
int__tai15_15_10,1241,558,1353.0,1544.0
int__tai15_15_10,1241,559,1369.0,1551.0
int__tai15_15_10,1241,560,1357.0,1558.0
int__tai15_15_10,1241,561,1374.0,1570.0
int__tai15_15_10,1241,562,1400.0,1586.0
int__tai15_15_10,1241,563,1387.0,1554.0
int__tai15_15_10,1241,564,1344.0,1526.0
int__tai15_15_10,1241,565,1338.0,1533.0
int__tai15_15_10,1241,566,1420.0,1610.0
int__tai15_15_10,1241,567,1380.0,1588.0
int__tai15_15_10,1241,568,1412.0,1585.0
int__tai15_15_10,1241,569,1360.0,1527.0
int__tai15_15_10,1241,570,1497.0,1691.0
int__tai15_15_10,1241,571,1331.0,1519.0
int__tai15_15_10,1241,572,1465.0,1680.0
int__tai15_15_10,1241,573,1315.0,1480.0
int__tai15_15_10,1241,574,1421.0,1608.0
int__tai15_15_10,1241,575,1423.0,1639.0
int__tai15_15_10,1241,576,1387.0,1593.0
int__tai15_15_10,1241,577,1417.0,1575.0
int__tai15_15_10,1241,578,1380.0,1580.0
int__tai15_15_10,1241,579,1442.0,1606.0
int__tai15_15_10,1241,580,1365.0,1588.0
int__tai15_15_10,1241,581,1521.0,1709.0
int__tai15_15_10,1241,582,1365.0,1517.0
int__tai15_15_10,1241,583,1363.0,1557.0
int__tai15_15_10,1241,584,1468.0,1676.0
int__tai15_15_10,1241,585,1466.0,1657.0
int__tai15_15_10,1241,586,1423.0,1618.0
int__tai15_15_10,1241,587,1426.0,1627.0
int__tai15_15_10,1241,588,1346.0,1540.0
int__tai15_15_10,1241,589,1394.0,1580.0
int__tai15_15_10,1241,590,1492.0,1690.0
int__tai15_15_10,1241,591,1406.0,1619.0
int__tai15_15_10,1241,592,1334.0,1530.0
int__tai15_15_10,1241,593,1557.0,1722.0
int__tai15_15_10,1241,594,1446.0,1656.0
int__tai15_15_10,1241,595,1332.0,1546.0
int__tai15_15_10,1241,596,1421.0,1607.0
int__tai15_15_10,1241,597,1430.0,1608.0
int__tai15_15_10,1241,598,1448.0,1640.0
int__tai15_15_10,1241,599,1381.0,1563.0
int__tai15_15_10,1241,600,1445.0,1597.0
int__tai15_15_10,1241,601,1520.0,1729.0
int__tai15_15_10,1241,602,1431.0,1583.0
int__tai15_15_10,1241,603,1453.0,1607.0
int__tai15_15_10,1241,604,1289.0,1484.0
int__tai15_15_10,1241,605,1391.0,1565.0
int__tai15_15_10,1241,606,1419.0,1602.0
int__tai15_15_10,1241,607,1421.0,1617.0
int__tai15_15_10,1241,608,1427.0,1609.0
int__tai15_15_10,1241,609,1383.0,1567.0
int__tai15_15_10,1241,610,1461.0,1661.0
int__tai15_15_10,1241,611,1403.0,1585.0
int__tai15_15_10,1241,612,1372.0,1561.0
int__tai15_15_10,1241,613,1419.0,1626.0
int__tai15_15_10,1241,614,1474.0,1646.0
int__tai15_15_10,1241,615,1361.0,1561.0
int__tai15_15_10,1241,616,1366.0,1546.0
int__tai15_15_10,1241,617,1440.0,1606.0
int__tai15_15_10,1241,618,1451.0,1607.0
int__tai15_15_10,1241,619,1466.0,1659.0
int__tai15_15_10,1241,620,1402.0,1586.0
int__tai15_15_10,1241,621,1420.0,1602.0
int__tai15_15_10,1241,622,1419.0,1607.0
int__tai15_15_10,1241,623,1429.0,1647.0
int__tai15_15_10,1241,624,1379.0,1577.0
int__tai15_15_10,1241,625,1388.0,1557.0
int__tai15_15_10,1241,626,1357.0,1581.0
int__tai15_15_10,1241,627,1466.0,1652.0
int__tai15_15_10,1241,628,1367.0,1531.0
int__tai15_15_10,1241,629,1457.0,1639.0
int__tai15_15_10,1241,630,1301.0,1485.0
int__tai15_15_10,1241,631,1398.0,1592.0
int__tai15_15_10,1241,632,1399.0,1586.0
int__tai15_15_10,1241,633,1417.0,1573.0
int__tai15_15_10,1241,634,1457.0,1634.0
int__tai15_15_10,1241,635,1359.0,1569.0
int__tai15_15_10,1241,636,1350.0,1536.0
int__tai15_15_10,1241,637,1403.0,1611.0
int__tai15_15_10,1241,638,1489.0,1686.0
int__tai15_15_10,1241,639,1365.0,1535.0
int__tai15_15_10,1241,640,1351.0,1507.0
int__tai15_15_10,1241,641,1346.0,1521.0
int__tai15_15_10,1241,642,1437.0,1653.0
int__tai15_15_10,1241,643,1413.0,1609.0
int__tai15_15_10,1241,644,1474.0,1678.0
int__tai15_15_10,1241,645,1406.0,1587.0
int__tai15_15_10,1241,646,1463.0,1705.0
int__tai15_15_10,1241,647,1422.0,1599.0
int__tai15_15_10,1241,648,1409.0,1607.0
int__tai15_15_10,1241,649,1432.0,1638.0
int__tai15_15_10,1241,650,1375.0,1581.0
int__tai15_15_10,1241,651,1394.0,1572.0
int__tai15_15_10,1241,652,1369.0,1529.0
int__tai15_15_10,1241,653,1365.0,1519.0
int__tai15_15_10,1241,654,1474.0,1662.0
int__tai15_15_10,1241,655,1497.0,1701.0
int__tai15_15_10,1241,656,1417.0,1649.0
int__tai15_15_10,1241,657,1364.0,1537.0
int__tai15_15_10,1241,658,1377.0,1555.0
int__tai15_15_10,1241,659,1449.0,1608.0
int__tai15_15_10,1241,660,1378.0,1546.0
int__tai15_15_10,1241,661,1339.0,1511.0
int__tai15_15_10,1241,662,1455.0,1632.0
int__tai15_15_10,1241,663,1385.0,1585.0
int__tai15_15_10,1241,664,1512.0,1704.0
int__tai15_15_10,1241,665,1419.0,1592.0
int__tai15_15_10,1241,666,1451.0,1637.0
int__tai15_15_10,1241,667,1376.0,1570.0
int__tai15_15_10,1241,668,1348.0,1557.0
int__tai15_15_10,1241,669,1352.0,1519.0
int__tai15_15_10,1241,670,1377.0,1579.0
int__tai15_15_10,1241,671,1383.0,1560.0
int__tai15_15_10,1241,672,1496.0,1691.0
int__tai15_15_10,1241,673,1400.0,1602.0
int__tai15_15_10,1241,674,1328.0,1504.0
int__tai15_15_10,1241,675,1344.0,1511.0
int__tai15_15_10,1241,676,1385.0,1569.0
int__tai15_15_10,1241,677,1361.0,1541.0
int__tai15_15_10,1241,678,1407.0,1604.0
int__tai15_15_10,1241,679,1370.0,1560.0
int__tai15_15_10,1241,680,1397.0,1568.0
int__tai15_15_10,1241,681,1405.0,1571.0
int__tai15_15_10,1241,682,1426.0,1593.0
int__tai15_15_10,1241,683,1669.0,1860.0
int__tai15_15_10,1241,684,1399.0,1578.0
int__tai15_15_10,1241,685,1495.0,1694.0
int__tai15_15_10,1241,686,1414.0,1604.0
int__tai15_15_10,1241,687,1396.0,1565.0
int__tai15_15_10,1241,688,1391.0,1586.0
int__tai15_15_10,1241,689,1363.0,1547.0
int__tai15_15_10,1241,690,1401.0,1590.0
int__tai15_15_10,1241,691,1390.0,1574.0
int__tai15_15_10,1241,692,1375.0,1566.0
int__tai15_15_10,1241,693,1400.0,1634.0
int__tai15_15_10,1241,694,1367.0,1570.0
int__tai15_15_10,1241,695,1379.0,1553.0
int__tai15_15_10,1241,696,1333.0,1498.0
int__tai15_15_10,1241,697,1334.0,1523.0
int__tai15_15_10,1241,698,1486.0,1692.0
int__tai15_15_10,1241,699,1452.0,1670.0
int__tai15_15_10,1241,700,1348.0,1509.0
int__tai15_15_10,1241,701,1351.0,1555.0
int__tai15_15_10,1241,702,1413.0,1633.0
int__tai15_15_10,1241,703,1428.0,1582.0
int__tai15_15_10,1241,704,1303.0,1473.0
int__tai15_15_10,1241,705,1403.0,1596.0
int__tai15_15_10,1241,706,1407.0,1628.0
int__tai15_15_10,1241,707,1410.0,1599.0
int__tai15_15_10,1241,708,1391.0,1559.0
int__tai15_15_10,1241,709,1478.0,1690.0
int__tai15_15_10,1241,710,1447.0,1622.0
int__tai15_15_10,1241,711,1320.0,1491.0
int__tai15_15_10,1241,712,1385.0,1557.0
int__tai15_15_10,1241,713,1389.0,1547.0
int__tai15_15_10,1241,714,1344.0,1548.0
int__tai15_15_10,1241,715,1374.0,1561.0
int__tai15_15_10,1241,716,1355.0,1526.0
int__tai15_15_10,1241,717,1359.0,1525.0
int__tai15_15_10,1241,718,1372.0,1595.0
int__tai15_15_10,1241,719,1383.0,1570.0
int__tai15_15_10,1241,720,1480.0,1656.0
int__tai15_15_10,1241,721,1380.0,1565.0
int__tai15_15_10,1241,722,1485.0,1673.0
int__tai15_15_10,1241,723,1345.0,1523.0
int__tai15_15_10,1241,724,1494.0,1662.0
int__tai15_15_10,1241,725,1386.0,1565.0
int__tai15_15_10,1241,726,1298.0,1468.0
int__tai15_15_10,1241,727,1347.0,1525.0
int__tai15_15_10,1241,728,1382.0,1554.0
int__tai15_15_10,1241,729,1388.0,1584.0
int__tai15_15_10,1241,730,1454.0,1656.0
int__tai15_15_10,1241,731,1368.0,1566.0
int__tai15_15_10,1241,732,1420.0,1607.0
int__tai15_15_10,1241,733,1456.0,1643.0
int__tai15_15_10,1241,734,1494.0,1660.0
int__tai15_15_10,1241,735,1323.0,1476.0
int__tai15_15_10,1241,736,1386.0,1556.0
int__tai15_15_10,1241,737,1407.0,1598.0
int__tai15_15_10,1241,738,1384.0,1581.0
int__tai15_15_10,1241,739,1424.0,1632.0
int__tai15_15_10,1241,740,1433.0,1593.0
int__tai15_15_10,1241,741,1447.0,1659.0
int__tai15_15_10,1241,742,1419.0,1611.0
int__tai15_15_10,1241,743,1513.0,1711.0
int__tai15_15_10,1241,744,1349.0,1545.0
int__tai15_15_10,1241,745,1369.0,1569.0
int__tai15_15_10,1241,746,1425.0,1625.0
int__tai15_15_10,1241,747,1405.0,1602.0
int__tai15_15_10,1241,748,1359.0,1525.0
int__tai15_15_10,1241,749,1460.0,1635.0
int__tai15_15_10,1241,750,1394.0,1575.0
int__tai15_15_10,1241,751,1358.0,1518.0
int__tai15_15_10,1241,752,1354.0,1548.0
int__tai15_15_10,1241,753,1413.0,1608.0
int__tai15_15_10,1241,754,1495.0,1738.0
int__tai15_15_10,1241,755,1323.0,1497.0
int__tai15_15_10,1241,756,1462.0,1637.0
int__tai15_15_10,1241,757,1400.0,1599.0
int__tai15_15_10,1241,758,1477.0,1693.0
int__tai15_15_10,1241,759,1368.0,1567.0
int__tai15_15_10,1241,760,1446.0,1637.0
int__tai15_15_10,1241,761,1511.0,1709.0
int__tai15_15_10,1241,762,1393.0,1591.0
int__tai15_15_10,1241,763,1410.0,1602.0
int__tai15_15_10,1241,764,1457.0,1646.0
int__tai15_15_10,1241,765,1377.0,1563.0
int__tai15_15_10,1241,766,1413.0,1609.0
int__tai15_15_10,1241,767,1369.0,1563.0
int__tai15_15_10,1241,768,1424.0,1634.0
int__tai15_15_10,1241,769,1327.0,1531.0
int__tai15_15_10,1241,770,1365.0,1528.0
int__tai15_15_10,1241,771,1463.0,1659.0
int__tai15_15_10,1241,772,1366.0,1572.0
int__tai15_15_10,1241,773,1361.0,1533.0
int__tai15_15_10,1241,774,1317.0,1481.0
int__tai15_15_10,1241,775,1415.0,1626.0
int__tai15_15_10,1241,776,1371.0,1551.0
int__tai15_15_10,1241,777,1395.0,1594.0
int__tai15_15_10,1241,778,1490.0,1679.0
int__tai15_15_10,1241,779,1395.0,1562.0
int__tai15_15_10,1241,780,1341.0,1540.0
int__tai15_15_10,1241,781,1378.0,1546.0
int__tai15_15_10,1241,782,1416.0,1597.0
int__tai15_15_10,1241,783,1360.0,1547.0
int__tai15_15_10,1241,784,1460.0,1659.0
int__tai15_15_10,1241,785,1368.0,1579.0
int__tai15_15_10,1241,786,1374.0,1565.0
int__tai15_15_10,1241,787,1436.0,1602.0
int__tai15_15_10,1241,788,1383.0,1567.0
int__tai15_15_10,1241,789,1383.0,1594.0
int__tai15_15_10,1241,790,1460.0,1652.0
int__tai15_15_10,1241,791,1340.0,1527.0
int__tai15_15_10,1241,792,1411.0,1583.0
int__tai15_15_10,1241,793,1369.0,1559.0
int__tai15_15_10,1241,794,1440.0,1620.0
int__tai15_15_10,1241,795,1334.0,1543.0
int__tai15_15_10,1241,796,1350.0,1507.0
int__tai15_15_10,1241,797,1392.0,1578.0
int__tai15_15_10,1241,798,1346.0,1524.0
int__tai15_15_10,1241,799,1428.0,1627.0
int__tai15_15_10,1241,800,1379.0,1559.0
int__tai15_15_10,1241,801,1505.0,1693.0
int__tai15_15_10,1241,802,1385.0,1565.0
int__tai15_15_10,1241,803,1411.0,1611.0
int__tai15_15_10,1241,804,1453.0,1589.0
int__tai15_15_10,1241,805,1489.0,1666.0
int__tai15_15_10,1241,806,1364.0,1558.0
int__tai15_15_10,1241,807,1386.0,1570.0
int__tai15_15_10,1241,808,1480.0,1728.0
int__tai15_15_10,1241,809,1380.0,1569.0
int__tai15_15_10,1241,810,1391.0,1566.0
int__tai15_15_10,1241,811,1590.0,1815.0
int__tai15_15_10,1241,812,1382.0,1554.0
int__tai15_15_10,1241,813,1384.0,1548.0
int__tai15_15_10,1241,814,1490.0,1656.0
int__tai15_15_10,1241,815,1400.0,1577.0
int__tai15_15_10,1241,816,1301.0,1472.0
int__tai15_15_10,1241,817,1344.0,1507.0
int__tai15_15_10,1241,818,1432.0,1630.0
int__tai15_15_10,1241,819,1391.0,1550.0
int__tai15_15_10,1241,820,1393.0,1553.0
int__tai15_15_10,1241,821,1447.0,1633.0
int__tai15_15_10,1241,822,1428.0,1636.0
int__tai15_15_10,1241,823,1456.0,1642.0
int__tai15_15_10,1241,824,1459.0,1671.0
int__tai15_15_10,1241,825,1590.0,1766.0
int__tai15_15_10,1241,826,1368.0,1533.0
int__tai15_15_10,1241,827,1459.0,1629.0
int__tai15_15_10,1241,828,1335.0,1501.0
int__tai15_15_10,1241,829,1349.0,1542.0
int__tai15_15_10,1241,830,1349.0,1511.0
int__tai15_15_10,1241,831,1382.0,1534.0
int__tai15_15_10,1241,832,1364.0,1546.0
int__tai15_15_10,1241,833,1420.0,1611.0
int__tai15_15_10,1241,834,1334.0,1520.0
int__tai15_15_10,1241,835,1383.0,1579.0
int__tai15_15_10,1241,836,1352.0,1586.0
int__tai15_15_10,1241,837,1355.0,1530.0
int__tai15_15_10,1241,838,1445.0,1634.0
int__tai15_15_10,1241,839,1482.0,1697.0
int__tai15_15_10,1241,840,1327.0,1490.0
int__tai15_15_10,1241,841,1401.0,1575.0
int__tai15_15_10,1241,842,1380.0,1537.0
int__tai15_15_10,1241,843,1458.0,1650.0
int__tai15_15_10,1241,844,1425.0,1617.0
int__tai15_15_10,1241,845,1510.0,1682.0
int__tai15_15_10,1241,846,1431.0,1617.0
int__tai15_15_10,1241,847,1422.0,1609.0
int__tai15_15_10,1241,848,1390.0,1550.0
int__tai15_15_10,1241,849,1364.0,1536.0
int__tai15_15_10,1241,850,1476.0,1689.0
int__tai15_15_10,1241,851,1324.0,1516.0
int__tai15_15_10,1241,852,1467.0,1646.0
int__tai15_15_10,1241,853,1453.0,1662.0
int__tai15_15_10,1241,854,1432.0,1610.0
int__tai15_15_10,1241,855,1372.0,1538.0
int__tai15_15_10,1241,856,1474.0,1635.0
int__tai15_15_10,1241,857,1388.0,1570.0
int__tai15_15_10,1241,858,1450.0,1624.0
int__tai15_15_10,1241,859,1383.0,1551.0
int__tai15_15_10,1241,860,1392.0,1598.0
int__tai15_15_10,1241,861,1358.0,1528.0
int__tai15_15_10,1241,862,1360.0,1526.0
int__tai15_15_10,1241,863,1348.0,1533.0
int__tai15_15_10,1241,864,1390.0,1592.0
int__tai15_15_10,1241,865,1404.0,1564.0
int__tai15_15_10,1241,866,1358.0,1529.0
int__tai15_15_10,1241,867,1456.0,1633.0
int__tai15_15_10,1241,868,1409.0,1590.0
int__tai15_15_10,1241,869,1593.0,1793.0
int__tai15_15_10,1241,870,1389.0,1559.0
int__tai15_15_10,1241,871,1376.0,1578.0
int__tai15_15_10,1241,872,1394.0,1571.0
int__tai15_15_10,1241,873,1579.0,1786.0
int__tai15_15_10,1241,874,1328.0,1528.0
int__tai15_15_10,1241,875,1465.0,1664.0
int__tai15_15_10,1241,876,1474.0,1663.0
int__tai15_15_10,1241,877,1407.0,1606.0
int__tai15_15_10,1241,878,1446.0,1620.0
int__tai15_15_10,1241,879,1456.0,1619.0
int__tai15_15_10,1241,880,1464.0,1651.0
int__tai15_15_10,1241,881,1439.0,1631.0
int__tai15_15_10,1241,882,1519.0,1701.0
int__tai15_15_10,1241,883,1405.0,1581.0
int__tai15_15_10,1241,884,1423.0,1607.0
int__tai15_15_10,1241,885,1512.0,1702.0
int__tai15_15_10,1241,886,1411.0,1615.0
int__tai15_15_10,1241,887,1367.0,1559.0
int__tai15_15_10,1241,888,1406.0,1575.0
int__tai15_15_10,1241,889,1459.0,1665.0
int__tai15_15_10,1241,890,1383.0,1549.0
int__tai15_15_10,1241,891,1472.0,1640.0
int__tai15_15_10,1241,892,1418.0,1607.0
int__tai15_15_10,1241,893,1378.0,1615.0
int__tai15_15_10,1241,894,1327.0,1505.0
int__tai15_15_10,1241,895,1344.0,1520.0
int__tai15_15_10,1241,896,1476.0,1662.0
int__tai15_15_10,1241,897,1369.0,1554.0
int__tai15_15_10,1241,898,1332.0,1510.0
int__tai15_15_10,1241,899,1372.0,1562.0
int__tai15_15_10,1241,900,1382.0,1550.0
int__tai15_15_10,1241,901,1427.0,1637.0
int__tai15_15_10,1241,902,1469.0,1678.0
int__tai15_15_10,1241,903,1456.0,1658.0
int__tai15_15_10,1241,904,1397.0,1598.0
int__tai15_15_10,1241,905,1469.0,1639.0
int__tai15_15_10,1241,906,1435.0,1614.0
int__tai15_15_10,1241,907,1467.0,1647.0
int__tai15_15_10,1241,908,1373.0,1558.0
int__tai15_15_10,1241,909,1393.0,1546.0
int__tai15_15_10,1241,910,1388.0,1592.0
int__tai15_15_10,1241,911,1358.0,1548.0
int__tai15_15_10,1241,912,1414.0,1618.0
int__tai15_15_10,1241,913,1360.0,1564.0
int__tai15_15_10,1241,914,1339.0,1509.0
int__tai15_15_10,1241,915,1426.0,1597.0
int__tai15_15_10,1241,916,1374.0,1579.0
int__tai15_15_10,1241,917,1455.0,1668.0
int__tai15_15_10,1241,918,1396.0,1565.0
int__tai15_15_10,1241,919,1384.0,1587.0
int__tai15_15_10,1241,920,1343.0,1561.0
int__tai15_15_10,1241,921,1501.0,1703.0
int__tai15_15_10,1241,922,1378.0,1574.0
int__tai15_15_10,1241,923,1355.0,1527.0
int__tai15_15_10,1241,924,1460.0,1667.0
int__tai15_15_10,1241,925,1410.0,1578.0
int__tai15_15_10,1241,926,1348.0,1505.0
int__tai15_15_10,1241,927,1361.0,1523.0
int__tai15_15_10,1241,928,1387.0,1580.0
int__tai15_15_10,1241,929,1335.0,1495.0
int__tai15_15_10,1241,930,1470.0,1646.0
int__tai15_15_10,1241,931,1339.0,1493.0
int__tai15_15_10,1241,932,1463.0,1661.0
int__tai15_15_10,1241,933,1488.0,1674.0
int__tai15_15_10,1241,934,1445.0,1625.0
int__tai15_15_10,1241,935,1406.0,1584.0
int__tai15_15_10,1241,936,1400.0,1551.0
int__tai15_15_10,1241,937,1365.0,1517.0
int__tai15_15_10,1241,938,1423.0,1627.0
int__tai15_15_10,1241,939,1444.0,1682.0
int__tai15_15_10,1241,940,1328.0,1514.0
int__tai15_15_10,1241,941,1414.0,1607.0
int__tai15_15_10,1241,942,1478.0,1652.0
int__tai15_15_10,1241,943,1419.0,1607.0
int__tai15_15_10,1241,944,1372.0,1557.0
int__tai15_15_10,1241,945,1359.0,1549.0
int__tai15_15_10,1241,946,1373.0,1551.0
int__tai15_15_10,1241,947,1393.0,1571.0
int__tai15_15_10,1241,948,1459.0,1649.0
int__tai15_15_10,1241,949,1399.0,1591.0
int__tai15_15_10,1241,950,1473.0,1683.0
int__tai15_15_10,1241,951,1361.0,1533.0
int__tai15_15_10,1241,952,1361.0,1576.0
int__tai15_15_10,1241,953,1329.0,1489.0
int__tai15_15_10,1241,954,1473.0,1665.0
int__tai15_15_10,1241,955,1433.0,1624.0
int__tai15_15_10,1241,956,1427.0,1624.0
int__tai15_15_10,1241,957,1419.0,1583.0
int__tai15_15_10,1241,958,1456.0,1709.0
int__tai15_15_10,1241,959,1372.0,1571.0
int__tai15_15_10,1241,960,1493.0,1700.0
int__tai15_15_10,1241,961,1413.0,1580.0
int__tai15_15_10,1241,962,1321.0,1491.0
int__tai15_15_10,1241,963,1423.0,1620.0
int__tai15_15_10,1241,964,1389.0,1583.0
int__tai15_15_10,1241,965,1410.0,1623.0
int__tai15_15_10,1241,966,1492.0,1654.0
int__tai15_15_10,1241,967,1477.0,1667.0
int__tai15_15_10,1241,968,1458.0,1699.0
int__tai15_15_10,1241,969,1392.0,1566.0
int__tai15_15_10,1241,970,1413.0,1589.0
int__tai15_15_10,1241,971,1434.0,1636.0
int__tai15_15_10,1241,972,1407.0,1601.0
int__tai15_15_10,1241,973,1335.0,1536.0
int__tai15_15_10,1241,974,1349.0,1527.0
int__tai15_15_10,1241,975,1372.0,1542.0
int__tai15_15_10,1241,976,1413.0,1591.0
int__tai15_15_10,1241,977,1326.0,1512.0
int__tai15_15_10,1241,978,1416.0,1571.0
int__tai15_15_10,1241,979,1458.0,1658.0
int__tai15_15_10,1241,980,1421.0,1619.0
int__tai15_15_10,1241,981,1487.0,1706.0
int__tai15_15_10,1241,982,1437.0,1600.0
int__tai15_15_10,1241,983,1413.0,1601.0
int__tai15_15_10,1241,984,1379.0,1558.0
int__tai15_15_10,1241,985,1489.0,1668.0
int__tai15_15_10,1241,986,1367.0,1590.0
int__tai15_15_10,1241,987,1350.0,1518.0
int__tai15_15_10,1241,988,1425.0,1609.0
int__tai15_15_10,1241,989,1370.0,1540.0
int__tai15_15_10,1241,990,1404.0,1568.0
int__tai15_15_10,1241,991,1374.0,1564.0
int__tai15_15_10,1241,992,1385.0,1584.0
int__tai15_15_10,1241,993,1406.0,1601.0
int__tai15_15_10,1241,994,1529.0,1791.0
int__tai15_15_10,1241,995,1456.0,1615.0
int__tai15_15_10,1241,996,1338.0,1536.0
int__tai15_15_10,1241,997,1392.0,1574.0
int__tai15_15_10,1241,998,1412.0,1599.0
int__tai15_15_10,1241,999,1358.0,1546.0
int__tai15_15_10,1241,1000,1398.0,1584.0
int__tai15_15_10,1241,1001,1453.0,1623.0
int__tai15_15_10,1241,1002,1369.0,1543.0
int__tai15_15_10,1241,1003,1331.0,1487.0
int__tai15_15_10,1241,1004,1435.0,1639.0
int__tai15_15_10,1241,1005,1511.0,1737.0
int__tai15_15_10,1241,1006,1430.0,1622.0
int__tai15_15_10,1241,1007,1429.0,1593.0
int__tai15_15_10,1241,1008,1360.0,1517.0
int__tai15_15_10,1241,1009,1420.0,1605.0
int__tai15_15_10,1241,1010,1540.0,1710.0
int__tai15_15_10,1241,1011,1321.0,1493.0
int__tai15_15_10,1241,1012,1352.0,1563.0
int__tai15_15_10,1241,1013,1412.0,1603.0
int__tai15_15_10,1241,1014,1368.0,1538.0
int__tai15_15_10,1241,1015,1334.0,1509.0
int__tai15_15_10,1241,1016,1373.0,1567.0
int__tai15_15_10,1241,1017,1321.0,1497.0
int__tai15_15_10,1241,1018,1394.0,1601.0
int__tai15_15_10,1241,1019,1359.0,1544.0
int__tai15_15_10,1241,1020,1436.0,1606.0
int__tai15_15_10,1241,1021,1354.0,1538.0
int__tai15_15_10,1241,1022,1424.0,1587.0
int__tai15_15_10,1241,1023,1384.0,1548.0
int__tai20_15_06,1360,0,1466.0,1677.0
int__tai20_15_06,1360,1,1531.0,1764.0
int__tai20_15_06,1360,2,1527.0,1746.0
int__tai20_15_06,1360,3,1495.0,1716.0
int__tai20_15_06,1360,4,1540.0,1783.0
int__tai20_15_06,1360,5,1540.0,1748.0
int__tai20_15_06,1360,6,1564.0,1779.0
int__tai20_15_06,1360,7,1618.0,1873.0
int__tai20_15_06,1360,8,1581.0,1752.0
int__tai20_15_06,1360,9,1546.0,1806.0
int__tai20_15_06,1360,10,1486.0,1724.0
int__tai20_15_06,1360,11,1492.0,1702.0
int__tai20_15_06,1360,12,1510.0,1725.0
int__tai20_15_06,1360,13,1550.0,1768.0
int__tai20_15_06,1360,14,1574.0,1798.0
int__tai20_15_06,1360,15,1564.0,1811.0
int__tai20_15_06,1360,16,1471.0,1708.0
int__tai20_15_06,1360,17,1544.0,1789.0
int__tai20_15_06,1360,18,1478.0,1703.0
int__tai20_15_06,1360,19,1530.0,1781.0
int__tai20_15_06,1360,20,1559.0,1819.0
int__tai20_15_06,1360,21,1501.0,1689.0
int__tai20_15_06,1360,22,1510.0,1764.0
int__tai20_15_06,1360,23,1550.0,1819.0
int__tai20_15_06,1360,24,1628.0,1889.0
int__tai20_15_06,1360,25,1503.0,1750.0
int__tai20_15_06,1360,26,1496.0,1695.0
int__tai20_15_06,1360,27,1625.0,1867.0
int__tai20_15_06,1360,28,1524.0,1749.0
int__tai20_15_06,1360,29,1578.0,1805.0
int__tai20_15_06,1360,30,1534.0,1778.0
int__tai20_15_06,1360,31,1487.0,1704.0
int__tai20_15_06,1360,32,1529.0,1762.0
int__tai20_15_06,1360,33,1479.0,1712.0
int__tai20_15_06,1360,34,1526.0,1768.0
int__tai20_15_06,1360,35,1677.0,1887.0
int__tai20_15_06,1360,36,1468.0,1681.0
int__tai20_15_06,1360,37,1575.0,1816.0
int__tai20_15_06,1360,38,1538.0,1749.0
int__tai20_15_06,1360,39,1604.0,1855.0
int__tai20_15_06,1360,40,1522.0,1769.0
int__tai20_15_06,1360,41,1559.0,1778.0
int__tai20_15_06,1360,42,1638.0,1848.0
int__tai20_15_06,1360,43,1565.0,1797.0
int__tai20_15_06,1360,44,1558.0,1812.0
int__tai20_15_06,1360,45,1498.0,1752.0
int__tai20_15_06,1360,46,1566.0,1751.0
int__tai20_15_06,1360,47,1495.0,1737.0
int__tai20_15_06,1360,48,1496.0,1728.0
int__tai20_15_06,1360,49,1503.0,1756.0
int__tai20_15_06,1360,50,1612.0,1854.0
int__tai20_15_06,1360,51,1629.0,1823.0
int__tai20_15_06,1360,52,1419.0,1648.0
int__tai20_15_06,1360,53,1524.0,1765.0
int__tai20_15_06,1360,54,1596.0,1817.0
int__tai20_15_06,1360,55,1504.0,1734.0
int__tai20_15_06,1360,56,1533.0,1721.0
int__tai20_15_06,1360,57,1561.0,1775.0
int__tai20_15_06,1360,58,1496.0,1721.0
int__tai20_15_06,1360,59,1578.0,1782.0
int__tai20_15_06,1360,60,1577.0,1786.0
int__tai20_15_06,1360,61,1517.0,1744.0
int__tai20_15_06,1360,62,1681.0,1915.0
int__tai20_15_06,1360,63,1547.0,1793.0
int__tai20_15_06,1360,64,1608.0,1833.0
int__tai20_15_06,1360,65,1550.0,1740.0
int__tai20_15_06,1360,66,1553.0,1748.0
int__tai20_15_06,1360,67,1719.0,1954.0
int__tai20_15_06,1360,68,1474.0,1700.0
int__tai20_15_06,1360,69,1490.0,1693.0
int__tai20_15_06,1360,70,1537.0,1769.0
int__tai20_15_06,1360,71,1477.0,1713.0
int__tai20_15_06,1360,72,1554.0,1792.0
int__tai20_15_06,1360,73,1491.0,1726.0
int__tai20_15_06,1360,74,1557.0,1801.0
int__tai20_15_06,1360,75,1485.0,1704.0
int__tai20_15_06,1360,76,1454.0,1701.0
int__tai20_15_06,1360,77,1533.0,1771.0
int__tai20_15_06,1360,78,1512.0,1730.0
int__tai20_15_06,1360,79,1531.0,1787.0
int__tai20_15_06,1360,80,1459.0,1674.0
int__tai20_15_06,1360,81,1575.0,1794.0
int__tai20_15_06,1360,82,1474.0,1698.0
int__tai20_15_06,1360,83,1499.0,1751.0
int__tai20_15_06,1360,84,1565.0,1789.0
int__tai20_15_06,1360,85,1614.0,1806.0
int__tai20_15_06,1360,86,1557.0,1784.0
int__tai20_15_06,1360,87,1490.0,1737.0
int__tai20_15_06,1360,88,1592.0,1809.0
int__tai20_15_06,1360,89,1491.0,1738.0
int__tai20_15_06,1360,90,1478.0,1715.0
int__tai20_15_06,1360,91,1593.0,1828.0
int__tai20_15_06,1360,92,1539.0,1770.0
int__tai20_15_06,1360,93,1525.0,1748.0
int__tai20_15_06,1360,94,1540.0,1781.0
int__tai20_15_06,1360,95,1519.0,1764.0
int__tai20_15_06,1360,96,1533.0,1732.0
int__tai20_15_06,1360,97,1502.0,1772.0
int__tai20_15_06,1360,98,1548.0,1808.0
int__tai20_15_06,1360,99,1486.0,1716.0
int__tai20_15_06,1360,100,1487.0,1692.0
int__tai20_15_06,1360,101,1604.0,1884.0
int__tai20_15_06,1360,102,1570.0,1767.0
int__tai20_15_06,1360,103,1544.0,1763.0
int__tai20_15_06,1360,104,1543.0,1783.0
int__tai20_15_06,1360,105,1564.0,1782.0
int__tai20_15_06,1360,106,1514.0,1755.0
int__tai20_15_06,1360,107,1560.0,1787.0
int__tai20_15_06,1360,108,1540.0,1786.0
int__tai20_15_06,1360,109,1513.0,1729.0
int__tai20_15_06,1360,110,1523.0,1699.0
int__tai20_15_06,1360,111,1525.0,1747.0
int__tai20_15_06,1360,112,1523.0,1713.0
int__tai20_15_06,1360,113,1519.0,1729.0
int__tai20_15_06,1360,114,1526.0,1768.0
int__tai20_15_06,1360,115,1590.0,1797.0
int__tai20_15_06,1360,116,1523.0,1736.0
int__tai20_15_06,1360,117,1502.0,1695.0
int__tai20_15_06,1360,118,1477.0,1725.0
int__tai20_15_06,1360,119,1508.0,1739.0
int__tai20_15_06,1360,120,1625.0,1881.0
int__tai20_15_06,1360,121,1546.0,1769.0
int__tai20_15_06,1360,122,1545.0,1774.0
int__tai20_15_06,1360,123,1544.0,1749.0
int__tai20_15_06,1360,124,1539.0,1789.0
int__tai20_15_06,1360,125,1532.0,1763.0
int__tai20_15_06,1360,126,1527.0,1772.0
int__tai20_15_06,1360,127,1615.0,1857.0
int__tai20_15_06,1360,128,1582.0,1825.0
int__tai20_15_06,1360,129,1535.0,1762.0
int__tai20_15_06,1360,130,1567.0,1755.0
int__tai20_15_06,1360,131,1569.0,1779.0
int__tai20_15_06,1360,132,1635.0,1847.0
int__tai20_15_06,1360,133,1599.0,1853.0
int__tai20_15_06,1360,134,1471.0,1692.0
int__tai20_15_06,1360,135,1444.0,1649.0
int__tai20_15_06,1360,136,1523.0,1750.0
int__tai20_15_06,1360,137,1478.0,1713.0
int__tai20_15_06,1360,138,1534.0,1787.0
int__tai20_15_06,1360,139,1550.0,1771.0
int__tai20_15_06,1360,140,1591.0,1835.0
int__tai20_15_06,1360,141,1485.0,1722.0
int__tai20_15_06,1360,142,1560.0,1773.0
int__tai20_15_06,1360,143,1566.0,1812.0
int__tai20_15_06,1360,144,1524.0,1740.0
int__tai20_15_06,1360,145,1601.0,1854.0
int__tai20_15_06,1360,146,1590.0,1845.0
int__tai20_15_06,1360,147,1541.0,1761.0
int__tai20_15_06,1360,148,1548.0,1780.0
int__tai20_15_06,1360,149,1574.0,1817.0
int__tai20_15_06,1360,150,1483.0,1697.0
int__tai20_15_06,1360,151,1528.0,1780.0
int__tai20_15_06,1360,152,1569.0,1812.0
int__tai20_15_06,1360,153,1597.0,1870.0
int__tai20_15_06,1360,154,1578.0,1844.0
int__tai20_15_06,1360,155,1495.0,1749.0
int__tai20_15_06,1360,156,1480.0,1715.0
int__tai20_15_06,1360,157,1529.0,1809.0
int__tai20_15_06,1360,158,1498.0,1718.0
int__tai20_15_06,1360,159,1466.0,1704.0
int__tai20_15_06,1360,160,1536.0,1778.0
int__tai20_15_06,1360,161,1540.0,1774.0
int__tai20_15_06,1360,162,1500.0,1709.0
int__tai20_15_06,1360,163,1548.0,1793.0
int__tai20_15_06,1360,164,1546.0,1777.0
int__tai20_15_06,1360,165,1592.0,1865.0
int__tai20_15_06,1360,166,1589.0,1818.0
int__tai20_15_06,1360,167,1540.0,1736.0
int__tai20_15_06,1360,168,1627.0,1887.0
int__tai20_15_06,1360,169,1610.0,1837.0
int__tai20_15_06,1360,170,1549.0,1777.0
int__tai20_15_06,1360,171,1498.0,1708.0
int__tai20_15_06,1360,172,1580.0,1800.0
int__tai20_15_06,1360,173,1578.0,1815.0
int__tai20_15_06,1360,174,1478.0,1694.0
int__tai20_15_06,1360,175,1481.0,1711.0
int__tai20_15_06,1360,176,1558.0,1775.0
int__tai20_15_06,1360,177,1455.0,1667.0
int__tai20_15_06,1360,178,1466.0,1663.0
int__tai20_15_06,1360,179,1586.0,1819.0
int__tai20_15_06,1360,180,1554.0,1782.0
int__tai20_15_06,1360,181,1579.0,1839.0
int__tai20_15_06,1360,182,1618.0,1822.0
int__tai20_15_06,1360,183,1483.0,1717.0
int__tai20_15_06,1360,184,1519.0,1720.0
int__tai20_15_06,1360,185,1556.0,1746.0
int__tai20_15_06,1360,186,1549.0,1810.0
int__tai20_15_06,1360,187,1489.0,1713.0
int__tai20_15_06,1360,188,1592.0,1800.0
int__tai20_15_06,1360,189,1585.0,1840.0
int__tai20_15_06,1360,190,1534.0,1757.0
int__tai20_15_06,1360,191,1555.0,1823.0
int__tai20_15_06,1360,192,1632.0,1839.0
int__tai20_15_06,1360,193,1479.0,1702.0
int__tai20_15_06,1360,194,1480.0,1714.0
int__tai20_15_06,1360,195,1542.0,1792.0
int__tai20_15_06,1360,196,1533.0,1745.0
int__tai20_15_06,1360,197,1579.0,1779.0
int__tai20_15_06,1360,198,1533.0,1797.0
int__tai20_15_06,1360,199,1516.0,1781.0
int__tai20_15_06,1360,200,1503.0,1722.0
int__tai20_15_06,1360,201,1478.0,1709.0
int__tai20_15_06,1360,202,1482.0,1733.0
int__tai20_15_06,1360,203,1605.0,1848.0
int__tai20_15_06,1360,204,1531.0,1763.0
int__tai20_15_06,1360,205,1536.0,1836.0
int__tai20_15_06,1360,206,1558.0,1828.0
int__tai20_15_06,1360,207,1498.0,1710.0
int__tai20_15_06,1360,208,1544.0,1812.0
int__tai20_15_06,1360,209,1557.0,1750.0
int__tai20_15_06,1360,210,1536.0,1769.0
int__tai20_15_06,1360,211,1620.0,1873.0
int__tai20_15_06,1360,212,1472.0,1707.0
int__tai20_15_06,1360,213,1643.0,1897.0
int__tai20_15_06,1360,214,1481.0,1706.0
int__tai20_15_06,1360,215,1478.0,1745.0
int__tai20_15_06,1360,216,1547.0,1787.0
int__tai20_15_06,1360,217,1508.0,1746.0
int__tai20_15_06,1360,218,1522.0,1752.0
int__tai20_15_06,1360,219,1545.0,1760.0
int__tai20_15_06,1360,220,1664.0,1940.0
int__tai20_15_06,1360,221,1500.0,1718.0
int__tai20_15_06,1360,222,1536.0,1763.0
int__tai20_15_06,1360,223,1606.0,1793.0
int__tai20_15_06,1360,224,1536.0,1790.0
int__tai20_15_06,1360,225,1577.0,1770.0
int__tai20_15_06,1360,226,1582.0,1801.0
int__tai20_15_06,1360,227,1631.0,1849.0
int__tai20_15_06,1360,228,1435.0,1702.0
int__tai20_15_06,1360,229,1493.0,1707.0
int__tai20_15_06,1360,230,1530.0,1780.0
int__tai20_15_06,1360,231,1480.0,1683.0
int__tai20_15_06,1360,232,1560.0,1761.0
int__tai20_15_06,1360,233,1506.0,1763.0
int__tai20_15_06,1360,234,1506.0,1720.0
int__tai20_15_06,1360,235,1560.0,1780.0
int__tai20_15_06,1360,236,1549.0,1774.0
int__tai20_15_06,1360,237,1619.0,1867.0
int__tai20_15_06,1360,238,1660.0,1871.0
int__tai20_15_06,1360,239,1544.0,1790.0
int__tai20_15_06,1360,240,1569.0,1779.0
int__tai20_15_06,1360,241,1527.0,1753.0
int__tai20_15_06,1360,242,1619.0,1865.0
int__tai20_15_06,1360,243,1510.0,1754.0
int__tai20_15_06,1360,244,1558.0,1777.0
int__tai20_15_06,1360,245,1627.0,1870.0
int__tai20_15_06,1360,246,1495.0,1746.0
int__tai20_15_06,1360,247,1570.0,1824.0
int__tai20_15_06,1360,248,1551.0,1733.0
int__tai20_15_06,1360,249,1644.0,1898.0
int__tai20_15_06,1360,250,1527.0,1728.0
int__tai20_15_06,1360,251,1614.0,1871.0
int__tai20_15_06,1360,252,1596.0,1856.0
int__tai20_15_06,1360,253,1513.0,1690.0
int__tai20_15_06,1360,254,1572.0,1809.0
int__tai20_15_06,1360,255,1522.0,1744.0
int__tai20_15_06,1360,256,1572.0,1780.0
int__tai20_15_06,1360,257,1557.0,1819.0
int__tai20_15_06,1360,258,1498.0,1731.0
int__tai20_15_06,1360,259,1531.0,1732.0
int__tai20_15_06,1360,260,1476.0,1748.0
int__tai20_15_06,1360,261,1494.0,1743.0
int__tai20_15_06,1360,262,1497.0,1731.0
int__tai20_15_06,1360,263,1577.0,1797.0
int__tai20_15_06,1360,264,1619.0,1874.0
int__tai20_15_06,1360,265,1543.0,1748.0
int__tai20_15_06,1360,266,1515.0,1761.0
int__tai20_15_06,1360,267,1501.0,1737.0
int__tai20_15_06,1360,268,1494.0,1693.0
int__tai20_15_06,1360,269,1516.0,1737.0
int__tai20_15_06,1360,270,1514.0,1739.0
int__tai20_15_06,1360,271,1455.0,1677.0
int__tai20_15_06,1360,272,1540.0,1761.0
int__tai20_15_06,1360,273,1536.0,1772.0
int__tai20_15_06,1360,274,1525.0,1742.0
int__tai20_15_06,1360,275,1665.0,1842.0
int__tai20_15_06,1360,276,1483.0,1702.0
int__tai20_15_06,1360,277,1531.0,1739.0
int__tai20_15_06,1360,278,1500.0,1691.0
int__tai20_15_06,1360,279,1584.0,1836.0
int__tai20_15_06,1360,280,1493.0,1717.0
int__tai20_15_06,1360,281,1539.0,1747.0
int__tai20_15_06,1360,282,1563.0,1809.0
int__tai20_15_06,1360,283,1485.0,1744.0
int__tai20_15_06,1360,284,1478.0,1671.0
int__tai20_15_06,1360,285,1501.0,1730.0
int__tai20_15_06,1360,286,1566.0,1802.0
int__tai20_15_06,1360,287,1465.0,1688.0
int__tai20_15_06,1360,288,1529.0,1771.0
int__tai20_15_06,1360,289,1559.0,1777.0
int__tai20_15_06,1360,290,1582.0,1794.0
int__tai20_15_06,1360,291,1566.0,1805.0
int__tai20_15_06,1360,292,1568.0,1808.0
int__tai20_15_06,1360,293,1505.0,1702.0
int__tai20_15_06,1360,294,1536.0,1749.0
int__tai20_15_06,1360,295,1498.0,1729.0
int__tai20_15_06,1360,296,1520.0,1747.0
int__tai20_15_06,1360,297,1501.0,1738.0
int__tai20_15_06,1360,298,1503.0,1745.0
int__tai20_15_06,1360,299,1570.0,1792.0
int__tai20_15_06,1360,300,1502.0,1707.0
int__tai20_15_06,1360,301,1579.0,1875.0
int__tai20_15_06,1360,302,1532.0,1770.0
int__tai20_15_06,1360,303,1545.0,1836.0
int__tai20_15_06,1360,304,1499.0,1733.0
int__tai20_15_06,1360,305,1512.0,1720.0
int__tai20_15_06,1360,306,1526.0,1727.0
int__tai20_15_06,1360,307,1551.0,1779.0
int__tai20_15_06,1360,308,1489.0,1725.0
int__tai20_15_06,1360,309,1512.0,1756.0
int__tai20_15_06,1360,310,1538.0,1751.0
int__tai20_15_06,1360,311,1569.0,1817.0
int__tai20_15_06,1360,312,1534.0,1775.0
int__tai20_15_06,1360,313,1556.0,1747.0
int__tai20_15_06,1360,314,1504.0,1758.0
int__tai20_15_06,1360,315,1496.0,1693.0
int__tai20_15_06,1360,316,1558.0,1778.0
int__tai20_15_06,1360,317,1533.0,1747.0
int__tai20_15_06,1360,318,1434.0,1673.0
int__tai20_15_06,1360,319,1532.0,1729.0
int__tai20_15_06,1360,320,1541.0,1765.0
int__tai20_15_06,1360,321,1554.0,1785.0
int__tai20_15_06,1360,322,1468.0,1700.0
int__tai20_15_06,1360,323,1526.0,1743.0
int__tai20_15_06,1360,324,1563.0,1776.0
int__tai20_15_06,1360,325,1585.0,1817.0
int__tai20_15_06,1360,326,1536.0,1789.0
int__tai20_15_06,1360,327,1569.0,1771.0
int__tai20_15_06,1360,328,1557.0,1782.0
int__tai20_15_06,1360,329,1581.0,1808.0
int__tai20_15_06,1360,330,1478.0,1706.0
int__tai20_15_06,1360,331,1584.0,1790.0
int__tai20_15_06,1360,332,1512.0,1680.0
int__tai20_15_06,1360,333,1495.0,1713.0
int__tai20_15_06,1360,334,1483.0,1717.0
int__tai20_15_06,1360,335,1475.0,1701.0
int__tai20_15_06,1360,336,1498.0,1784.0
int__tai20_15_06,1360,337,1619.0,1881.0
int__tai20_15_06,1360,338,1603.0,1853.0
int__tai20_15_06,1360,339,1543.0,1753.0
int__tai20_15_06,1360,340,1496.0,1724.0
int__tai20_15_06,1360,341,1508.0,1758.0
int__tai20_15_06,1360,342,1525.0,1758.0
int__tai20_15_06,1360,343,1532.0,1750.0
int__tai20_15_06,1360,344,1523.0,1749.0
int__tai20_15_06,1360,345,1490.0,1719.0
int__tai20_15_06,1360,346,1523.0,1813.0
int__tai20_15_06,1360,347,1458.0,1713.0
int__tai20_15_06,1360,348,1502.0,1737.0
int__tai20_15_06,1360,349,1493.0,1730.0
int__tai20_15_06,1360,350,1518.0,1764.0
int__tai20_15_06,1360,351,1603.0,1779.0
int__tai20_15_06,1360,352,1592.0,1820.0
int__tai20_15_06,1360,353,1579.0,1807.0
int__tai20_15_06,1360,354,1535.0,1744.0
int__tai20_15_06,1360,355,1504.0,1703.0
int__tai20_15_06,1360,356,1489.0,1711.0
int__tai20_15_06,1360,357,1472.0,1688.0
int__tai20_15_06,1360,358,1499.0,1710.0
int__tai20_15_06,1360,359,1526.0,1778.0
int__tai20_15_06,1360,360,1410.0,1642.0
int__tai20_15_06,1360,361,1512.0,1727.0
int__tai20_15_06,1360,362,1463.0,1711.0
int__tai20_15_06,1360,363,1541.0,1727.0
int__tai20_15_06,1360,364,1553.0,1810.0
int__tai20_15_06,1360,365,1535.0,1769.0
int__tai20_15_06,1360,366,1611.0,1797.0
int__tai20_15_06,1360,367,1521.0,1775.0
int__tai20_15_06,1360,368,1525.0,1763.0
int__tai20_15_06,1360,369,1493.0,1746.0
int__tai20_15_06,1360,370,1504.0,1720.0
int__tai20_15_06,1360,371,1576.0,1785.0
int__tai20_15_06,1360,372,1586.0,1788.0
int__tai20_15_06,1360,373,1501.0,1718.0
int__tai20_15_06,1360,374,1521.0,1761.0
int__tai20_15_06,1360,375,1504.0,1708.0
int__tai20_15_06,1360,376,1507.0,1735.0
int__tai20_15_06,1360,377,1576.0,1795.0
int__tai20_15_06,1360,378,1697.0,1972.0
int__tai20_15_06,1360,379,1478.0,1749.0
int__tai20_15_06,1360,380,1501.0,1721.0
int__tai20_15_06,1360,381,1536.0,1768.0
int__tai20_15_06,1360,382,1485.0,1713.0
int__tai20_15_06,1360,383,1497.0,1706.0
int__tai20_15_06,1360,384,1559.0,1784.0
int__tai20_15_06,1360,385,1596.0,1823.0
int__tai20_15_06,1360,386,1536.0,1765.0
int__tai20_15_06,1360,387,1522.0,1749.0
int__tai20_15_06,1360,388,1553.0,1833.0
int__tai20_15_06,1360,389,1476.0,1701.0
int__tai20_15_06,1360,390,1535.0,1799.0
int__tai20_15_06,1360,391,1546.0,1778.0
int__tai20_15_06,1360,392,1441.0,1663.0
int__tai20_15_06,1360,393,1548.0,1737.0
int__tai20_15_06,1360,394,1519.0,1771.0
int__tai20_15_06,1360,395,1519.0,1713.0
int__tai20_15_06,1360,396,1516.0,1750.0
int__tai20_15_06,1360,397,1610.0,1916.0
int__tai20_15_06,1360,398,1533.0,1763.0
int__tai20_15_06,1360,399,1510.0,1733.0
int__tai20_15_06,1360,400,1551.0,1784.0
int__tai20_15_06,1360,401,1536.0,1762.0
int__tai20_15_06,1360,402,1497.0,1743.0
int__tai20_15_06,1360,403,1651.0,1894.0
int__tai20_15_06,1360,404,1502.0,1742.0
int__tai20_15_06,1360,405,1573.0,1833.0
int__tai20_15_06,1360,406,1647.0,1876.0
int__tai20_15_06,1360,407,1548.0,1752.0
int__tai20_15_06,1360,408,1585.0,1829.0
int__tai20_15_06,1360,409,1580.0,1820.0
int__tai20_15_06,1360,410,1528.0,1769.0
int__tai20_15_06,1360,411,1561.0,1779.0
int__tai20_15_06,1360,412,1576.0,1806.0
int__tai20_15_06,1360,413,1520.0,1737.0
int__tai20_15_06,1360,414,1580.0,1809.0
int__tai20_15_06,1360,415,1589.0,1797.0
int__tai20_15_06,1360,416,1510.0,1738.0
int__tai20_15_06,1360,417,1624.0,1860.0
int__tai20_15_06,1360,418,1479.0,1694.0
int__tai20_15_06,1360,419,1524.0,1738.0
int__tai20_15_06,1360,420,1500.0,1720.0
int__tai20_15_06,1360,421,1538.0,1787.0
int__tai20_15_06,1360,422,1509.0,1723.0
int__tai20_15_06,1360,423,1525.0,1740.0
int__tai20_15_06,1360,424,1485.0,1711.0
int__tai20_15_06,1360,425,1562.0,1801.0
int__tai20_15_06,1360,426,1524.0,1746.0
int__tai20_15_06,1360,427,1586.0,1825.0
int__tai20_15_06,1360,428,1580.0,1845.0
int__tai20_15_06,1360,429,1522.0,1778.0
int__tai20_15_06,1360,430,1556.0,1794.0
int__tai20_15_06,1360,431,1521.0,1744.0
int__tai20_15_06,1360,432,1578.0,1835.0
int__tai20_15_06,1360,433,1525.0,1724.0
int__tai20_15_06,1360,434,1528.0,1743.0
int__tai20_15_06,1360,435,1500.0,1737.0
int__tai20_15_06,1360,436,1546.0,1787.0
int__tai20_15_06,1360,437,1507.0,1733.0
int__tai20_15_06,1360,438,1686.0,1971.0
int__tai20_15_06,1360,439,1498.0,1739.0
int__tai20_15_06,1360,440,1453.0,1689.0
int__tai20_15_06,1360,441,1465.0,1685.0
int__tai20_15_06,1360,442,1515.0,1732.0
int__tai20_15_06,1360,443,1627.0,1853.0
int__tai20_15_06,1360,444,1494.0,1720.0
int__tai20_15_06,1360,445,1541.0,1807.0
int__tai20_15_06,1360,446,1533.0,1766.0
int__tai20_15_06,1360,447,1445.0,1688.0
int__tai20_15_06,1360,448,1401.0,1613.0
int__tai20_15_06,1360,449,1623.0,1863.0
int__tai20_15_06,1360,450,1522.0,1737.0
int__tai20_15_06,1360,451,1486.0,1703.0
int__tai20_15_06,1360,452,1548.0,1846.0
int__tai20_15_06,1360,453,1537.0,1767.0
int__tai20_15_06,1360,454,1481.0,1674.0
int__tai20_15_06,1360,455,1556.0,1791.0
int__tai20_15_06,1360,456,1550.0,1798.0
int__tai20_15_06,1360,457,1485.0,1720.0
int__tai20_15_06,1360,458,1630.0,1869.0
int__tai20_15_06,1360,459,1547.0,1719.0
int__tai20_15_06,1360,460,1590.0,1838.0
int__tai20_15_06,1360,461,1442.0,1657.0
int__tai20_15_06,1360,462,1497.0,1739.0
int__tai20_15_06,1360,463,1531.0,1751.0
int__tai20_15_06,1360,464,1472.0,1701.0
int__tai20_15_06,1360,465,1502.0,1755.0
int__tai20_15_06,1360,466,1459.0,1673.0
int__tai20_15_06,1360,467,1471.0,1707.0
int__tai20_15_06,1360,468,1516.0,1775.0
int__tai20_15_06,1360,469,1627.0,1871.0
int__tai20_15_06,1360,470,1617.0,1853.0
int__tai20_15_06,1360,471,1625.0,1864.0
int__tai20_15_06,1360,472,1557.0,1785.0
int__tai20_15_06,1360,473,1497.0,1732.0
int__tai20_15_06,1360,474,1503.0,1725.0
int__tai20_15_06,1360,475,1560.0,1777.0
int__tai20_15_06,1360,476,1575.0,1790.0
int__tai20_15_06,1360,477,1565.0,1791.0
int__tai20_15_06,1360,478,1600.0,1823.0
int__tai20_15_06,1360,479,1471.0,1718.0
int__tai20_15_06,1360,480,1500.0,1709.0
int__tai20_15_06,1360,481,1466.0,1664.0
int__tai20_15_06,1360,482,1480.0,1714.0
int__tai20_15_06,1360,483,1545.0,1819.0
int__tai20_15_06,1360,484,1479.0,1683.0
int__tai20_15_06,1360,485,1474.0,1706.0
int__tai20_15_06,1360,486,1578.0,1829.0
int__tai20_15_06,1360,487,1592.0,1826.0
int__tai20_15_06,1360,488,1464.0,1700.0
int__tai20_15_06,1360,489,1486.0,1699.0
int__tai20_15_06,1360,490,1605.0,1827.0
int__tai20_15_06,1360,491,1599.0,1831.0
int__tai20_15_06,1360,492,1566.0,1761.0
int__tai20_15_06,1360,493,1578.0,1814.0
int__tai20_15_06,1360,494,1545.0,1796.0
int__tai20_15_06,1360,495,1492.0,1730.0
int__tai20_15_06,1360,496,1521.0,1798.0
int__tai20_15_06,1360,497,1505.0,1746.0
int__tai20_15_06,1360,498,1607.0,1875.0
int__tai20_15_06,1360,499,1487.0,1721.0
int__tai20_15_06,1360,500,1508.0,1752.0
int__tai20_15_06,1360,501,1516.0,1734.0
int__tai20_15_06,1360,502,1529.0,1725.0
int__tai20_15_06,1360,503,1546.0,1840.0
int__tai20_15_06,1360,504,1521.0,1715.0
int__tai20_15_06,1360,505,1506.0,1738.0
int__tai20_15_06,1360,506,1535.0,1821.0
int__tai20_15_06,1360,507,1465.0,1709.0
int__tai20_15_06,1360,508,1519.0,1730.0
int__tai20_15_06,1360,509,1529.0,1784.0
int__tai20_15_06,1360,510,1502.0,1730.0
int__tai20_15_06,1360,511,1484.0,1719.0
int__tai20_15_06,1360,512,1579.0,1835.0
int__tai20_15_06,1360,513,1639.0,1876.0
int__tai20_15_06,1360,514,1536.0,1781.0
int__tai20_15_06,1360,515,1574.0,1818.0
int__tai20_15_06,1360,516,1509.0,1739.0
int__tai20_15_06,1360,517,1574.0,1844.0
int__tai20_15_06,1360,518,1479.0,1726.0
int__tai20_15_06,1360,519,1532.0,1784.0
int__tai20_15_06,1360,520,1529.0,1757.0
int__tai20_15_06,1360,521,1545.0,1784.0
int__tai20_15_06,1360,522,1491.0,1707.0
int__tai20_15_06,1360,523,1468.0,1697.0
int__tai20_15_06,1360,524,1481.0,1700.0
int__tai20_15_06,1360,525,1557.0,1769.0
int__tai20_15_06,1360,526,1615.0,1888.0
int__tai20_15_06,1360,527,1559.0,1816.0
int__tai20_15_06,1360,528,1481.0,1710.0
int__tai20_15_06,1360,529,1525.0,1743.0
int__tai20_15_06,1360,530,1494.0,1709.0
int__tai20_15_06,1360,531,1534.0,1784.0
int__tai20_15_06,1360,532,1535.0,1779.0
int__tai20_15_06,1360,533,1498.0,1725.0
int__tai20_15_06,1360,534,1563.0,1802.0
int__tai20_15_06,1360,535,1550.0,1788.0
int__tai20_15_06,1360,536,1505.0,1739.0
int__tai20_15_06,1360,537,1469.0,1689.0
int__tai20_15_06,1360,538,1583.0,1790.0
int__tai20_15_06,1360,539,1532.0,1774.0
int__tai20_15_06,1360,540,1579.0,1779.0
int__tai20_15_06,1360,541,1551.0,1756.0
int__tai20_15_06,1360,542,1497.0,1705.0
int__tai20_15_06,1360,543,1655.0,1880.0
int__tai20_15_06,1360,544,1428.0,1670.0
int__tai20_15_06,1360,545,1587.0,1819.0
int__tai20_15_06,1360,546,1485.0,1716.0
int__tai20_15_06,1360,547,1666.0,1892.0
int__tai20_15_06,1360,548,1625.0,1847.0
int__tai20_15_06,1360,549,1478.0,1689.0
int__tai20_15_06,1360,550,1506.0,1766.0
int__tai20_15_06,1360,551,1564.0,1811.0
int__tai20_15_06,1360,552,1484.0,1705.0
int__tai20_15_06,1360,553,1554.0,1767.0
int__tai20_15_06,1360,554,1561.0,1781.0
int__tai20_15_06,1360,555,1545.0,1781.0
int__tai20_15_06,1360,556,1559.0,1812.0
int__tai20_15_06,1360,557,1467.0,1702.0
int__tai20_15_06,1360,558,1607.0,1838.0
int__tai20_15_06,1360,559,1530.0,1774.0
int__tai20_15_06,1360,560,1587.0,1799.0
int__tai20_15_06,1360,561,1417.0,1655.0
int__tai20_15_06,1360,562,1554.0,1820.0
int__tai20_15_06,1360,563,1485.0,1713.0
int__tai20_15_06,1360,564,1506.0,1733.0
int__tai20_15_06,1360,565,1493.0,1751.0
int__tai20_15_06,1360,566,1508.0,1746.0
int__tai20_15_06,1360,567,1496.0,1698.0
int__tai20_15_06,1360,568,1523.0,1737.0
int__tai20_15_06,1360,569,1520.0,1749.0
int__tai20_15_06,1360,570,1568.0,1826.0
int__tai20_15_06,1360,571,1507.0,1735.0
int__tai20_15_06,1360,572,1503.0,1718.0
int__tai20_15_06,1360,573,1559.0,1796.0
int__tai20_15_06,1360,574,1505.0,1728.0
int__tai20_15_06,1360,575,1532.0,1715.0
int__tai20_15_06,1360,576,1489.0,1730.0
int__tai20_15_06,1360,577,1593.0,1892.0
int__tai20_15_06,1360,578,1552.0,1796.0
int__tai20_15_06,1360,579,1642.0,1851.0
int__tai20_15_06,1360,580,1491.0,1749.0
int__tai20_15_06,1360,581,1512.0,1733.0
int__tai20_15_06,1360,582,1573.0,1836.0
int__tai20_15_06,1360,583,1467.0,1731.0
int__tai20_15_06,1360,584,1489.0,1726.0
int__tai20_15_06,1360,585,1534.0,1755.0
int__tai20_15_06,1360,586,1477.0,1678.0
int__tai20_15_06,1360,587,1524.0,1755.0
int__tai20_15_06,1360,588,1442.0,1714.0
int__tai20_15_06,1360,589,1555.0,1793.0
int__tai20_15_06,1360,590,1470.0,1727.0
int__tai20_15_06,1360,591,1574.0,1783.0
int__tai20_15_06,1360,592,1592.0,1826.0
int__tai20_15_06,1360,593,1464.0,1711.0
int__tai20_15_06,1360,594,1500.0,1761.0
int__tai20_15_06,1360,595,1627.0,1847.0
int__tai20_15_06,1360,596,1572.0,1744.0
int__tai20_15_06,1360,597,1523.0,1784.0
int__tai20_15_06,1360,598,1596.0,1826.0
int__tai20_15_06,1360,599,1498.0,1701.0
int__tai20_15_06,1360,600,1590.0,1810.0
int__tai20_15_06,1360,601,1533.0,1749.0
int__tai20_15_06,1360,602,1522.0,1742.0
int__tai20_15_06,1360,603,1480.0,1695.0
int__tai20_15_06,1360,604,1561.0,1799.0
int__tai20_15_06,1360,605,1539.0,1776.0
int__tai20_15_06,1360,606,1534.0,1730.0
int__tai20_15_06,1360,607,1587.0,1839.0
int__tai20_15_06,1360,608,1545.0,1760.0
int__tai20_15_06,1360,609,1541.0,1778.0
int__tai20_15_06,1360,610,1512.0,1729.0
int__tai20_15_06,1360,611,1539.0,1769.0
int__tai20_15_06,1360,612,1531.0,1761.0
int__tai20_15_06,1360,613,1512.0,1742.0
int__tai20_15_06,1360,614,1590.0,1810.0
int__tai20_15_06,1360,615,1579.0,1792.0
int__tai20_15_06,1360,616,1492.0,1774.0
int__tai20_15_06,1360,617,1628.0,1822.0
int__tai20_15_06,1360,618,1548.0,1748.0
int__tai20_15_06,1360,619,1522.0,1716.0
int__tai20_15_06,1360,620,1528.0,1753.0
int__tai20_15_06,1360,621,1537.0,1779.0
int__tai20_15_06,1360,622,1576.0,1841.0
int__tai20_15_06,1360,623,1551.0,1793.0
int__tai20_15_06,1360,624,1525.0,1743.0
int__tai20_15_06,1360,625,1601.0,1825.0
int__tai20_15_06,1360,626,1555.0,1803.0
int__tai20_15_06,1360,627,1517.0,1748.0
int__tai20_15_06,1360,628,1488.0,1716.0
int__tai20_15_06,1360,629,1507.0,1720.0
int__tai20_15_06,1360,630,1575.0,1815.0
int__tai20_15_06,1360,631,1548.0,1788.0
int__tai20_15_06,1360,632,1605.0,1823.0
int__tai20_15_06,1360,633,1561.0,1779.0
int__tai20_15_06,1360,634,1511.0,1753.0
int__tai20_15_06,1360,635,1487.0,1681.0
int__tai20_15_06,1360,636,1589.0,1857.0
int__tai20_15_06,1360,637,1590.0,1806.0
int__tai20_15_06,1360,638,1504.0,1761.0
int__tai20_15_06,1360,639,1533.0,1797.0
int__tai20_15_06,1360,640,1551.0,1792.0
int__tai20_15_06,1360,641,1562.0,1815.0
int__tai20_15_06,1360,642,1533.0,1768.0
int__tai20_15_06,1360,643,1561.0,1780.0
int__tai20_15_06,1360,644,1538.0,1774.0
int__tai20_15_06,1360,645,1515.0,1762.0
int__tai20_15_06,1360,646,1492.0,1734.0
int__tai20_15_06,1360,647,1515.0,1759.0
int__tai20_15_06,1360,648,1582.0,1829.0
int__tai20_15_06,1360,649,1569.0,1809.0
int__tai20_15_06,1360,650,1536.0,1771.0
int__tai20_15_06,1360,651,1639.0,1898.0
int__tai20_15_06,1360,652,1568.0,1825.0
int__tai20_15_06,1360,653,1497.0,1748.0
int__tai20_15_06,1360,654,1560.0,1799.0
int__tai20_15_06,1360,655,1626.0,1839.0
int__tai20_15_06,1360,656,1479.0,1715.0
int__tai20_15_06,1360,657,1695.0,1963.0
int__tai20_15_06,1360,658,1598.0,1855.0
int__tai20_15_06,1360,659,1482.0,1680.0
int__tai20_15_06,1360,660,1456.0,1679.0
int__tai20_15_06,1360,661,1502.0,1721.0
int__tai20_15_06,1360,662,1495.0,1711.0
int__tai20_15_06,1360,663,1518.0,1753.0
int__tai20_15_06,1360,664,1540.0,1787.0
int__tai20_15_06,1360,665,1481.0,1743.0
int__tai20_15_06,1360,666,1588.0,1815.0
int__tai20_15_06,1360,667,1624.0,1870.0
int__tai20_15_06,1360,668,1542.0,1773.0
int__tai20_15_06,1360,669,1533.0,1753.0
int__tai20_15_06,1360,670,1503.0,1759.0
int__tai20_15_06,1360,671,1552.0,1800.0
int__tai20_15_06,1360,672,1475.0,1734.0
int__tai20_15_06,1360,673,1619.0,1887.0
int__tai20_15_06,1360,674,1541.0,1784.0
int__tai20_15_06,1360,675,1539.0,1795.0
int__tai20_15_06,1360,676,1537.0,1761.0
int__tai20_15_06,1360,677,1473.0,1697.0
int__tai20_15_06,1360,678,1474.0,1708.0
int__tai20_15_06,1360,679,1489.0,1687.0
int__tai20_15_06,1360,680,1558.0,1813.0
int__tai20_15_06,1360,681,1492.0,1703.0
int__tai20_15_06,1360,682,1550.0,1793.0
int__tai20_15_06,1360,683,1538.0,1747.0
int__tai20_15_06,1360,684,1523.0,1737.0
int__tai20_15_06,1360,685,1640.0,1890.0
int__tai20_15_06,1360,686,1522.0,1759.0
int__tai20_15_06,1360,687,1523.0,1774.0
int__tai20_15_06,1360,688,1563.0,1802.0
int__tai20_15_06,1360,689,1560.0,1808.0
int__tai20_15_06,1360,690,1460.0,1687.0
int__tai20_15_06,1360,691,1522.0,1737.0
int__tai20_15_06,1360,692,1506.0,1751.0
int__tai20_15_06,1360,693,1603.0,1823.0
int__tai20_15_06,1360,694,1498.0,1691.0
int__tai20_15_06,1360,695,1540.0,1807.0
int__tai20_15_06,1360,696,1546.0,1786.0
int__tai20_15_06,1360,697,1522.0,1760.0
int__tai20_15_06,1360,698,1502.0,1783.0
int__tai20_15_06,1360,699,1501.0,1710.0
int__tai20_15_06,1360,700,1609.0,1834.0
int__tai20_15_06,1360,701,1519.0,1735.0
int__tai20_15_06,1360,702,1554.0,1784.0
int__tai20_15_06,1360,703,1584.0,1842.0
int__tai20_15_06,1360,704,1534.0,1740.0
int__tai20_15_06,1360,705,1427.0,1646.0
int__tai20_15_06,1360,706,1532.0,1730.0
int__tai20_15_06,1360,707,1578.0,1817.0
int__tai20_15_06,1360,708,1524.0,1743.0
int__tai20_15_06,1360,709,1566.0,1796.0
int__tai20_15_06,1360,710,1517.0,1745.0
int__tai20_15_06,1360,711,1474.0,1710.0
int__tai20_15_06,1360,712,1575.0,1800.0
int__tai20_15_06,1360,713,1577.0,1789.0
int__tai20_15_06,1360,714,1563.0,1774.0
int__tai20_15_06,1360,715,1589.0,1795.0
int__tai20_15_06,1360,716,1443.0,1680.0
int__tai20_15_06,1360,717,1534.0,1753.0
int__tai20_15_06,1360,718,1522.0,1746.0
int__tai20_15_06,1360,719,1451.0,1710.0
int__tai20_15_06,1360,720,1504.0,1715.0
int__tai20_15_06,1360,721,1556.0,1825.0
int__tai20_15_06,1360,722,1550.0,1826.0
int__tai20_15_06,1360,723,1687.0,1934.0
int__tai20_15_06,1360,724,1523.0,1745.0
int__tai20_15_06,1360,725,1540.0,1757.0
int__tai20_15_06,1360,726,1486.0,1707.0
int__tai20_15_06,1360,727,1523.0,1760.0
int__tai20_15_06,1360,728,1605.0,1820.0
int__tai20_15_06,1360,729,1525.0,1761.0
int__tai20_15_06,1360,730,1593.0,1834.0
int__tai20_15_06,1360,731,1537.0,1767.0
int__tai20_15_06,1360,732,1496.0,1725.0
int__tai20_15_06,1360,733,1483.0,1715.0
int__tai20_15_06,1360,734,1484.0,1670.0
int__tai20_15_06,1360,735,1496.0,1692.0
int__tai20_15_06,1360,736,1521.0,1740.0
int__tai20_15_06,1360,737,1574.0,1776.0
int__tai20_15_06,1360,738,1478.0,1731.0
int__tai20_15_06,1360,739,1499.0,1744.0
int__tai20_15_06,1360,740,1474.0,1698.0
int__tai20_15_06,1360,741,1560.0,1784.0
int__tai20_15_06,1360,742,1503.0,1735.0
int__tai20_15_06,1360,743,1516.0,1764.0
int__tai20_15_06,1360,744,1543.0,1741.0
int__tai20_15_06,1360,745,1550.0,1774.0
int__tai20_15_06,1360,746,1575.0,1794.0
int__tai20_15_06,1360,747,1491.0,1715.0
int__tai20_15_06,1360,748,1461.0,1691.0
int__tai20_15_06,1360,749,1705.0,1981.0
int__tai20_15_06,1360,750,1577.0,1820.0
int__tai20_15_06,1360,751,1571.0,1809.0
int__tai20_15_06,1360,752,1615.0,1854.0
int__tai20_15_06,1360,753,1532.0,1752.0
int__tai20_15_06,1360,754,1479.0,1714.0
int__tai20_15_06,1360,755,1570.0,1807.0
int__tai20_15_06,1360,756,1573.0,1818.0
int__tai20_15_06,1360,757,1572.0,1806.0
int__tai20_15_06,1360,758,1458.0,1704.0
int__tai20_15_06,1360,759,1540.0,1732.0
int__tai20_15_06,1360,760,1517.0,1729.0
int__tai20_15_06,1360,761,1547.0,1758.0
int__tai20_15_06,1360,762,1499.0,1743.0
int__tai20_15_06,1360,763,1539.0,1749.0
int__tai20_15_06,1360,764,1508.0,1732.0
int__tai20_15_06,1360,765,1540.0,1793.0
int__tai20_15_06,1360,766,1528.0,1767.0
int__tai20_15_06,1360,767,1516.0,1739.0
int__tai20_15_06,1360,768,1641.0,1846.0
int__tai20_15_06,1360,769,1500.0,1732.0
int__tai20_15_06,1360,770,1513.0,1755.0
int__tai20_15_06,1360,771,1504.0,1732.0
int__tai20_15_06,1360,772,1596.0,1820.0
int__tai20_15_06,1360,773,1577.0,1787.0
int__tai20_15_06,1360,774,1630.0,1829.0
int__tai20_15_06,1360,775,1629.0,1820.0
int__tai20_15_06,1360,776,1547.0,1786.0
int__tai20_15_06,1360,777,1560.0,1805.0
int__tai20_15_06,1360,778,1484.0,1704.0
int__tai20_15_06,1360,779,1484.0,1695.0
int__tai20_15_06,1360,780,1497.0,1721.0
int__tai20_15_06,1360,781,1549.0,1792.0
int__tai20_15_06,1360,782,1536.0,1776.0
int__tai20_15_06,1360,783,1490.0,1720.0
int__tai20_15_06,1360,784,1544.0,1797.0
int__tai20_15_06,1360,785,1529.0,1778.0
int__tai20_15_06,1360,786,1554.0,1789.0
int__tai20_15_06,1360,787,1615.0,1871.0
int__tai20_15_06,1360,788,1533.0,1773.0
int__tai20_15_06,1360,789,1511.0,1758.0
int__tai20_15_06,1360,790,1505.0,1731.0
int__tai20_15_06,1360,791,1576.0,1808.0
int__tai20_15_06,1360,792,1545.0,1731.0
int__tai20_15_06,1360,793,1501.0,1731.0
int__tai20_15_06,1360,794,1583.0,1833.0
int__tai20_15_06,1360,795,1610.0,1850.0
int__tai20_15_06,1360,796,1531.0,1761.0
int__tai20_15_06,1360,797,1684.0,1929.0
int__tai20_15_06,1360,798,1494.0,1712.0
int__tai20_15_06,1360,799,1542.0,1782.0
int__tai20_15_06,1360,800,1489.0,1716.0
int__tai20_15_06,1360,801,1597.0,1823.0
int__tai20_15_06,1360,802,1502.0,1729.0
int__tai20_15_06,1360,803,1525.0,1751.0
int__tai20_15_06,1360,804,1527.0,1714.0
int__tai20_15_06,1360,805,1586.0,1786.0
int__tai20_15_06,1360,806,1496.0,1685.0
int__tai20_15_06,1360,807,1527.0,1775.0
int__tai20_15_06,1360,808,1476.0,1674.0
int__tai20_15_06,1360,809,1629.0,1917.0
int__tai20_15_06,1360,810,1493.0,1753.0
int__tai20_15_06,1360,811,1506.0,1735.0
int__tai20_15_06,1360,812,1578.0,1779.0
int__tai20_15_06,1360,813,1585.0,1826.0
int__tai20_15_06,1360,814,1531.0,1732.0
int__tai20_15_06,1360,815,1536.0,1789.0
int__tai20_15_06,1360,816,1562.0,1772.0
int__tai20_15_06,1360,817,1528.0,1765.0
int__tai20_15_06,1360,818,1509.0,1730.0
int__tai20_15_06,1360,819,1504.0,1724.0
int__tai20_15_06,1360,820,1536.0,1766.0
int__tai20_15_06,1360,821,1505.0,1732.0
int__tai20_15_06,1360,822,1518.0,1730.0
int__tai20_15_06,1360,823,1518.0,1737.0
int__tai20_15_06,1360,824,1509.0,1735.0
int__tai20_15_06,1360,825,1530.0,1756.0
int__tai20_15_06,1360,826,1543.0,1745.0
int__tai20_15_06,1360,827,1538.0,1783.0
int__tai20_15_06,1360,828,1566.0,1787.0
int__tai20_15_06,1360,829,1492.0,1764.0
int__tai20_15_06,1360,830,1483.0,1708.0
int__tai20_15_06,1360,831,1499.0,1735.0
int__tai20_15_06,1360,832,1535.0,1753.0
int__tai20_15_06,1360,833,1496.0,1748.0
int__tai20_15_06,1360,834,1485.0,1690.0
int__tai20_15_06,1360,835,1559.0,1756.0
int__tai20_15_06,1360,836,1463.0,1690.0
int__tai20_15_06,1360,837,1498.0,1733.0
int__tai20_15_06,1360,838,1511.0,1736.0
int__tai20_15_06,1360,839,1559.0,1779.0
int__tai20_15_06,1360,840,1531.0,1764.0
int__tai20_15_06,1360,841,1502.0,1707.0
int__tai20_15_06,1360,842,1464.0,1670.0
int__tai20_15_06,1360,843,1573.0,1840.0
int__tai20_15_06,1360,844,1510.0,1735.0
int__tai20_15_06,1360,845,1475.0,1702.0
int__tai20_15_06,1360,846,1563.0,1817.0
int__tai20_15_06,1360,847,1509.0,1750.0
int__tai20_15_06,1360,848,1513.0,1744.0
int__tai20_15_06,1360,849,1532.0,1754.0
int__tai20_15_06,1360,850,1480.0,1697.0
int__tai20_15_06,1360,851,1597.0,1806.0
int__tai20_15_06,1360,852,1541.0,1804.0
int__tai20_15_06,1360,853,1550.0,1763.0
int__tai20_15_06,1360,854,1516.0,1754.0
int__tai20_15_06,1360,855,1522.0,1737.0
int__tai20_15_06,1360,856,1502.0,1714.0
int__tai20_15_06,1360,857,1545.0,1771.0
int__tai20_15_06,1360,858,1545.0,1823.0
int__tai20_15_06,1360,859,1502.0,1724.0
int__tai20_15_06,1360,860,1544.0,1771.0
int__tai20_15_06,1360,861,1543.0,1781.0
int__tai20_15_06,1360,862,1718.0,1987.0
int__tai20_15_06,1360,863,1571.0,1816.0
int__tai20_15_06,1360,864,1531.0,1749.0
int__tai20_15_06,1360,865,1521.0,1732.0
int__tai20_15_06,1360,866,1537.0,1789.0
int__tai20_15_06,1360,867,1537.0,1798.0
int__tai20_15_06,1360,868,1529.0,1746.0
int__tai20_15_06,1360,869,1544.0,1788.0
int__tai20_15_06,1360,870,1507.0,1746.0
int__tai20_15_06,1360,871,1512.0,1763.0
int__tai20_15_06,1360,872,1506.0,1743.0
int__tai20_15_06,1360,873,1566.0,1815.0
int__tai20_15_06,1360,874,1431.0,1656.0
int__tai20_15_06,1360,875,1558.0,1809.0
int__tai20_15_06,1360,876,1470.0,1680.0
int__tai20_15_06,1360,877,1509.0,1732.0
int__tai20_15_06,1360,878,1478.0,1719.0
int__tai20_15_06,1360,879,1537.0,1766.0
int__tai20_15_06,1360,880,1540.0,1792.0
int__tai20_15_06,1360,881,1584.0,1824.0
int__tai20_15_06,1360,882,1591.0,1816.0
int__tai20_15_06,1360,883,1464.0,1696.0
int__tai20_15_06,1360,884,1565.0,1785.0
int__tai20_15_06,1360,885,1514.0,1772.0
int__tai20_15_06,1360,886,1570.0,1796.0
int__tai20_15_06,1360,887,1553.0,1807.0
int__tai20_15_06,1360,888,1555.0,1770.0
int__tai20_15_06,1360,889,1542.0,1752.0
int__tai20_15_06,1360,890,1552.0,1781.0
int__tai20_15_06,1360,891,1593.0,1813.0
int__tai20_15_06,1360,892,1496.0,1732.0
int__tai20_15_06,1360,893,1617.0,1848.0
int__tai20_15_06,1360,894,1540.0,1776.0
int__tai20_15_06,1360,895,1517.0,1706.0
int__tai20_15_06,1360,896,1621.0,1860.0
int__tai20_15_06,1360,897,1586.0,1836.0
int__tai20_15_06,1360,898,1522.0,1767.0
int__tai20_15_06,1360,899,1519.0,1751.0
int__tai20_15_06,1360,900,1494.0,1763.0
int__tai20_15_06,1360,901,1630.0,1848.0
int__tai20_15_06,1360,902,1564.0,1823.0
int__tai20_15_06,1360,903,1495.0,1709.0
int__tai20_15_06,1360,904,1531.0,1758.0
int__tai20_15_06,1360,905,1506.0,1727.0
int__tai20_15_06,1360,906,1489.0,1715.0
int__tai20_15_06,1360,907,1573.0,1798.0
int__tai20_15_06,1360,908,1521.0,1758.0
int__tai20_15_06,1360,909,1569.0,1826.0
int__tai20_15_06,1360,910,1514.0,1741.0
int__tai20_15_06,1360,911,1616.0,1802.0
int__tai20_15_06,1360,912,1558.0,1736.0
int__tai20_15_06,1360,913,1586.0,1782.0
int__tai20_15_06,1360,914,1609.0,1852.0
int__tai20_15_06,1360,915,1558.0,1766.0
int__tai20_15_06,1360,916,1530.0,1767.0
int__tai20_15_06,1360,917,1528.0,1748.0
int__tai20_15_06,1360,918,1492.0,1752.0
int__tai20_15_06,1360,919,1516.0,1744.0
int__tai20_15_06,1360,920,1562.0,1778.0
int__tai20_15_06,1360,921,1486.0,1756.0
int__tai20_15_06,1360,922,1565.0,1828.0
int__tai20_15_06,1360,923,1523.0,1767.0
int__tai20_15_06,1360,924,1565.0,1838.0
int__tai20_15_06,1360,925,1542.0,1769.0
int__tai20_15_06,1360,926,1528.0,1790.0
int__tai20_15_06,1360,927,1494.0,1701.0
int__tai20_15_06,1360,928,1477.0,1702.0
int__tai20_15_06,1360,929,1542.0,1750.0
int__tai20_15_06,1360,930,1512.0,1780.0
int__tai20_15_06,1360,931,1541.0,1797.0
int__tai20_15_06,1360,932,1513.0,1755.0
int__tai20_15_06,1360,933,1487.0,1715.0
int__tai20_15_06,1360,934,1523.0,1785.0
int__tai20_15_06,1360,935,1510.0,1770.0
int__tai20_15_06,1360,936,1503.0,1762.0
int__tai20_15_06,1360,937,1665.0,1908.0
int__tai20_15_06,1360,938,1522.0,1745.0
int__tai20_15_06,1360,939,1539.0,1732.0
int__tai20_15_06,1360,940,1499.0,1728.0
int__tai20_15_06,1360,941,1424.0,1664.0
int__tai20_15_06,1360,942,1480.0,1701.0
int__tai20_15_06,1360,943,1499.0,1729.0
int__tai20_15_06,1360,944,1496.0,1740.0
int__tai20_15_06,1360,945,1500.0,1745.0
int__tai20_15_06,1360,946,1528.0,1734.0
int__tai20_15_06,1360,947,1494.0,1707.0
int__tai20_15_06,1360,948,1531.0,1723.0
int__tai20_15_06,1360,949,1506.0,1719.0
int__tai20_15_06,1360,950,1474.0,1712.0
int__tai20_15_06,1360,951,1625.0,1900.0
int__tai20_15_06,1360,952,1643.0,1849.0
int__tai20_15_06,1360,953,1489.0,1693.0
int__tai20_15_06,1360,954,1488.0,1730.0
int__tai20_15_06,1360,955,1587.0,1801.0
int__tai20_15_06,1360,956,1535.0,1781.0
int__tai20_15_06,1360,957,1513.0,1770.0
int__tai20_15_06,1360,958,1516.0,1739.0
int__tai20_15_06,1360,959,1463.0,1694.0
int__tai20_15_06,1360,960,1523.0,1759.0
int__tai20_15_06,1360,961,1521.0,1782.0
int__tai20_15_06,1360,962,1524.0,1708.0
int__tai20_15_06,1360,963,1578.0,1780.0
int__tai20_15_06,1360,964,1490.0,1755.0
int__tai20_15_06,1360,965,1473.0,1676.0
int__tai20_15_06,1360,966,1551.0,1805.0
int__tai20_15_06,1360,967,1503.0,1770.0
int__tai20_15_06,1360,968,1508.0,1712.0
int__tai20_15_06,1360,969,1542.0,1791.0
int__tai20_15_06,1360,970,1534.0,1773.0
int__tai20_15_06,1360,971,1517.0,1757.0
int__tai20_15_06,1360,972,1483.0,1713.0
int__tai20_15_06,1360,973,1529.0,1779.0
int__tai20_15_06,1360,974,1528.0,1728.0
int__tai20_15_06,1360,975,1550.0,1775.0
int__tai20_15_06,1360,976,1478.0,1699.0
int__tai20_15_06,1360,977,1599.0,1834.0
int__tai20_15_06,1360,978,1510.0,1741.0
int__tai20_15_06,1360,979,1532.0,1782.0
int__tai20_15_06,1360,980,1511.0,1759.0
int__tai20_15_06,1360,981,1532.0,1752.0
int__tai20_15_06,1360,982,1555.0,1803.0
int__tai20_15_06,1360,983,1508.0,1741.0
int__tai20_15_06,1360,984,1507.0,1719.0
int__tai20_15_06,1360,985,1526.0,1762.0
int__tai20_15_06,1360,986,1628.0,1853.0
int__tai20_15_06,1360,987,1499.0,1706.0
int__tai20_15_06,1360,988,1468.0,1711.0
int__tai20_15_06,1360,989,1542.0,1753.0
int__tai20_15_06,1360,990,1498.0,1707.0
int__tai20_15_06,1360,991,1537.0,1757.0
int__tai20_15_06,1360,992,1483.0,1735.0
int__tai20_15_06,1360,993,1545.0,1792.0
int__tai20_15_06,1360,994,1644.0,1886.0
int__tai20_15_06,1360,995,1541.0,1753.0
int__tai20_15_06,1360,996,1425.0,1666.0
int__tai20_15_06,1360,997,1438.0,1683.0
int__tai20_15_06,1360,998,1496.0,1698.0
int__tai20_15_06,1360,999,1495.0,1739.0
int__tai20_15_06,1360,1000,1508.0,1734.0
int__tai20_15_06,1360,1001,1504.0,1724.0
int__tai20_15_06,1360,1002,1472.0,1741.0
int__tai20_15_06,1360,1003,1477.0,1704.0
int__tai20_15_06,1360,1004,1495.0,1731.0
int__tai20_15_06,1360,1005,1565.0,1795.0
int__tai20_15_06,1360,1006,1503.0,1723.0
int__tai20_15_06,1360,1007,1551.0,1816.0
int__tai20_15_06,1360,1008,1568.0,1813.0
int__tai20_15_06,1360,1009,1578.0,1803.0
int__tai20_15_06,1360,1010,1497.0,1741.0
int__tai20_15_06,1360,1011,1483.0,1705.0
int__tai20_15_06,1360,1012,1527.0,1781.0
int__tai20_15_06,1360,1013,1439.0,1687.0
int__tai20_15_06,1360,1014,1635.0,1864.0
int__tai20_15_06,1360,1015,1538.0,1758.0
int__tai20_15_06,1360,1016,1518.0,1724.0
int__tai20_15_06,1360,1017,1503.0,1719.0
int__tai20_15_06,1360,1018,1626.0,1855.0
int__tai20_15_06,1360,1019,1504.0,1722.0
int__tai20_15_06,1360,1020,1541.0,1725.0
int__tai20_15_06,1360,1021,1509.0,1695.0
int__tai20_15_06,1360,1022,1527.0,1764.0
int__tai20_15_06,1360,1023,1614.0,1869.0
int__tai20_20_02,1561,0,1706.0,1960.0
int__tai20_20_02,1561,1,1866.0,2086.0
int__tai20_20_02,1561,2,1715.0,1962.0
int__tai20_20_02,1561,3,1818.0,2006.0
int__tai20_20_02,1561,4,1807.0,2036.0
int__tai20_20_02,1561,5,1866.0,2111.0
int__tai20_20_02,1561,6,1795.0,2095.0
int__tai20_20_02,1561,7,1826.0,2057.0
int__tai20_20_02,1561,8,1756.0,1981.0
int__tai20_20_02,1561,9,1737.0,1981.0
int__tai20_20_02,1561,10,1782.0,2045.0
int__tai20_20_02,1561,11,1775.0,2014.0
int__tai20_20_02,1561,12,1774.0,2026.0
int__tai20_20_02,1561,13,1823.0,2073.0
int__tai20_20_02,1561,14,1762.0,2002.0
int__tai20_20_02,1561,15,1814.0,2030.0
int__tai20_20_02,1561,16,1783.0,2049.0
int__tai20_20_02,1561,17,1847.0,2110.0
int__tai20_20_02,1561,18,1730.0,1965.0
int__tai20_20_02,1561,19,1739.0,2015.0
int__tai20_20_02,1561,20,1743.0,1992.0
int__tai20_20_02,1561,21,1709.0,1977.0
int__tai20_20_02,1561,22,1827.0,2090.0
int__tai20_20_02,1561,23,1739.0,1972.0
int__tai20_20_02,1561,24,1795.0,1998.0
int__tai20_20_02,1561,25,1832.0,2144.0
int__tai20_20_02,1561,26,1775.0,2001.0
int__tai20_20_02,1561,27,1806.0,2039.0
int__tai20_20_02,1561,28,1833.0,2077.0
int__tai20_20_02,1561,29,1791.0,2005.0
int__tai20_20_02,1561,30,1840.0,2094.0
int__tai20_20_02,1561,31,1801.0,2048.0
int__tai20_20_02,1561,32,1928.0,2204.0
int__tai20_20_02,1561,33,1701.0,1939.0
int__tai20_20_02,1561,34,1763.0,2040.0
int__tai20_20_02,1561,35,1753.0,1983.0
int__tai20_20_02,1561,36,1800.0,2041.0
int__tai20_20_02,1561,37,1751.0,1965.0
int__tai20_20_02,1561,38,1808.0,2054.0
int__tai20_20_02,1561,39,1821.0,2100.0
int__tai20_20_02,1561,40,1794.0,2057.0
int__tai20_20_02,1561,41,1839.0,2099.0
int__tai20_20_02,1561,42,1747.0,1982.0
int__tai20_20_02,1561,43,1796.0,2018.0
int__tai20_20_02,1561,44,1862.0,2140.0
int__tai20_20_02,1561,45,1804.0,2048.0
int__tai20_20_02,1561,46,1796.0,2031.0
int__tai20_20_02,1561,47,1795.0,2057.0
int__tai20_20_02,1561,48,1792.0,2056.0
int__tai20_20_02,1561,49,1746.0,1995.0
int__tai20_20_02,1561,50,1747.0,1983.0
int__tai20_20_02,1561,51,1735.0,1991.0
int__tai20_20_02,1561,52,1793.0,2072.0
int__tai20_20_02,1561,53,1721.0,1974.0
int__tai20_20_02,1561,54,1776.0,2080.0
int__tai20_20_02,1561,55,1809.0,2084.0
int__tai20_20_02,1561,56,1864.0,2145.0
int__tai20_20_02,1561,57,1798.0,2074.0
int__tai20_20_02,1561,58,1787.0,2032.0
int__tai20_20_02,1561,59,1760.0,2018.0
int__tai20_20_02,1561,60,1878.0,2114.0
int__tai20_20_02,1561,61,1740.0,2023.0
int__tai20_20_02,1561,62,1905.0,2160.0
int__tai20_20_02,1561,63,1854.0,2111.0
int__tai20_20_02,1561,64,1850.0,2162.0
int__tai20_20_02,1561,65,1746.0,2008.0
int__tai20_20_02,1561,66,1768.0,2026.0
int__tai20_20_02,1561,67,1859.0,2105.0
int__tai20_20_02,1561,68,1779.0,2004.0
int__tai20_20_02,1561,69,1816.0,2070.0
int__tai20_20_02,1561,70,1774.0,1989.0
int__tai20_20_02,1561,71,1928.0,2214.0
int__tai20_20_02,1561,72,1728.0,1963.0
int__tai20_20_02,1561,73,1765.0,1997.0
int__tai20_20_02,1561,74,1747.0,1982.0
int__tai20_20_02,1561,75,1736.0,2005.0
int__tai20_20_02,1561,76,1812.0,2059.0
int__tai20_20_02,1561,77,1756.0,2038.0
int__tai20_20_02,1561,78,1786.0,2045.0
int__tai20_20_02,1561,79,1780.0,2028.0
int__tai20_20_02,1561,80,1780.0,2038.0
int__tai20_20_02,1561,81,1721.0,1930.0
int__tai20_20_02,1561,82,1743.0,1940.0
int__tai20_20_02,1561,83,1824.0,2070.0
int__tai20_20_02,1561,84,1823.0,2017.0
int__tai20_20_02,1561,85,1835.0,2092.0
int__tai20_20_02,1561,86,1837.0,2118.0
int__tai20_20_02,1561,87,1724.0,1947.0
int__tai20_20_02,1561,88,1795.0,2067.0
int__tai20_20_02,1561,89,1720.0,1963.0
int__tai20_20_02,1561,90,1768.0,2007.0
int__tai20_20_02,1561,91,1748.0,1995.0
int__tai20_20_02,1561,92,1799.0,2058.0
int__tai20_20_02,1561,93,1777.0,2036.0
int__tai20_20_02,1561,94,1728.0,2011.0
int__tai20_20_02,1561,95,1797.0,2054.0
int__tai20_20_02,1561,96,1826.0,2082.0
int__tai20_20_02,1561,97,1835.0,2115.0
int__tai20_20_02,1561,98,1716.0,1963.0
int__tai20_20_02,1561,99,1819.0,2045.0
int__tai20_20_02,1561,100,1822.0,2073.0
int__tai20_20_02,1561,101,1787.0,2022.0
int__tai20_20_02,1561,102,1808.0,2042.0
int__tai20_20_02,1561,103,1779.0,2008.0
int__tai20_20_02,1561,104,1932.0,2206.0
int__tai20_20_02,1561,105,1821.0,2090.0
int__tai20_20_02,1561,106,1797.0,2062.0
int__tai20_20_02,1561,107,1801.0,2028.0
int__tai20_20_02,1561,108,1794.0,2109.0
int__tai20_20_02,1561,109,1822.0,2104.0
int__tai20_20_02,1561,110,1776.0,1992.0
int__tai20_20_02,1561,111,1777.0,2028.0
int__tai20_20_02,1561,112,1895.0,2129.0
int__tai20_20_02,1561,113,1716.0,1976.0
int__tai20_20_02,1561,114,1819.0,2089.0
int__tai20_20_02,1561,115,1785.0,2026.0
int__tai20_20_02,1561,116,1822.0,2099.0
int__tai20_20_02,1561,117,1791.0,2049.0
int__tai20_20_02,1561,118,1741.0,1997.0
int__tai20_20_02,1561,119,1795.0,2033.0
int__tai20_20_02,1561,120,1728.0,1981.0
int__tai20_20_02,1561,121,1693.0,1957.0
int__tai20_20_02,1561,122,1750.0,1985.0
int__tai20_20_02,1561,123,1883.0,2118.0
int__tai20_20_02,1561,124,1882.0,2110.0
int__tai20_20_02,1561,125,1855.0,2076.0
int__tai20_20_02,1561,126,1840.0,2099.0
int__tai20_20_02,1561,127,1844.0,2118.0
int__tai20_20_02,1561,128,1762.0,2028.0
int__tai20_20_02,1561,129,1729.0,1994.0
int__tai20_20_02,1561,130,1805.0,2049.0
int__tai20_20_02,1561,131,1768.0,1972.0
int__tai20_20_02,1561,132,1739.0,1992.0
int__tai20_20_02,1561,133,1741.0,1998.0
int__tai20_20_02,1561,134,1795.0,1996.0
int__tai20_20_02,1561,135,1801.0,2077.0
int__tai20_20_02,1561,136,1825.0,2074.0
int__tai20_20_02,1561,137,1724.0,1991.0
int__tai20_20_02,1561,138,1789.0,2047.0
int__tai20_20_02,1561,139,1651.0,1925.0
int__tai20_20_02,1561,140,1766.0,2005.0
int__tai20_20_02,1561,141,1771.0,2020.0
int__tai20_20_02,1561,142,1716.0,1957.0
int__tai20_20_02,1561,143,1820.0,2050.0
int__tai20_20_02,1561,144,1834.0,2066.0
int__tai20_20_02,1561,145,1818.0,2052.0
int__tai20_20_02,1561,146,1900.0,2142.0
int__tai20_20_02,1561,147,1759.0,1983.0
int__tai20_20_02,1561,148,1835.0,2084.0
int__tai20_20_02,1561,149,1765.0,1996.0
int__tai20_20_02,1561,150,1759.0,2007.0
int__tai20_20_02,1561,151,1777.0,2002.0
int__tai20_20_02,1561,152,1798.0,2031.0
int__tai20_20_02,1561,153,1814.0,2038.0
int__tai20_20_02,1561,154,1784.0,2025.0
int__tai20_20_02,1561,155,1833.0,2066.0
int__tai20_20_02,1561,156,1869.0,2104.0
int__tai20_20_02,1561,157,1833.0,2087.0
int__tai20_20_02,1561,158,1865.0,2062.0
int__tai20_20_02,1561,159,1774.0,2025.0
int__tai20_20_02,1561,160,1777.0,2009.0
int__tai20_20_02,1561,161,1897.0,2133.0
int__tai20_20_02,1561,162,1852.0,2121.0
int__tai20_20_02,1561,163,1800.0,2050.0
int__tai20_20_02,1561,164,1880.0,2167.0
int__tai20_20_02,1561,165,1726.0,1990.0
int__tai20_20_02,1561,166,1779.0,2046.0
int__tai20_20_02,1561,167,1930.0,2155.0
int__tai20_20_02,1561,168,1826.0,2049.0
int__tai20_20_02,1561,169,1807.0,2070.0
int__tai20_20_02,1561,170,1728.0,1966.0
int__tai20_20_02,1561,171,1752.0,1974.0
int__tai20_20_02,1561,172,1738.0,1966.0
int__tai20_20_02,1561,173,1800.0,2024.0
int__tai20_20_02,1561,174,1736.0,1984.0
int__tai20_20_02,1561,175,1764.0,2013.0
int__tai20_20_02,1561,176,1873.0,2165.0
int__tai20_20_02,1561,177,1803.0,2079.0
int__tai20_20_02,1561,178,1752.0,1973.0
int__tai20_20_02,1561,179,1798.0,2034.0
int__tai20_20_02,1561,180,1859.0,2109.0
int__tai20_20_02,1561,181,1743.0,1976.0
int__tai20_20_02,1561,182,1789.0,2036.0
int__tai20_20_02,1561,183,1824.0,2084.0
int__tai20_20_02,1561,184,1784.0,2053.0
int__tai20_20_02,1561,185,1758.0,2001.0
int__tai20_20_02,1561,186,1745.0,1995.0
int__tai20_20_02,1561,187,1768.0,2052.0
int__tai20_20_02,1561,188,1880.0,2127.0
int__tai20_20_02,1561,189,1752.0,2001.0
int__tai20_20_02,1561,190,1743.0,1970.0
int__tai20_20_02,1561,191,1811.0,2060.0
int__tai20_20_02,1561,192,1804.0,2086.0
int__tai20_20_02,1561,193,1815.0,2064.0
int__tai20_20_02,1561,194,1817.0,2050.0
int__tai20_20_02,1561,195,1778.0,2077.0
int__tai20_20_02,1561,196,1748.0,1985.0
int__tai20_20_02,1561,197,1835.0,2107.0
int__tai20_20_02,1561,198,1894.0,2134.0
int__tai20_20_02,1561,199,1747.0,1958.0
int__tai20_20_02,1561,200,1753.0,1988.0
int__tai20_20_02,1561,201,1803.0,2048.0
int__tai20_20_02,1561,202,1782.0,2072.0
int__tai20_20_02,1561,203,1711.0,1957.0
int__tai20_20_02,1561,204,1771.0,2023.0
int__tai20_20_02,1561,205,1775.0,2017.0
int__tai20_20_02,1561,206,1760.0,2007.0
int__tai20_20_02,1561,207,1755.0,1968.0
int__tai20_20_02,1561,208,1709.0,1967.0
int__tai20_20_02,1561,209,1788.0,2042.0
int__tai20_20_02,1561,210,1715.0,1958.0
int__tai20_20_02,1561,211,1874.0,2070.0
int__tai20_20_02,1561,212,1754.0,1982.0
int__tai20_20_02,1561,213,1754.0,1980.0
int__tai20_20_02,1561,214,1791.0,2076.0
int__tai20_20_02,1561,215,1783.0,1991.0
int__tai20_20_02,1561,216,1749.0,1970.0
int__tai20_20_02,1561,217,1694.0,1909.0
int__tai20_20_02,1561,218,1782.0,2044.0
int__tai20_20_02,1561,219,1814.0,2035.0
int__tai20_20_02,1561,220,1764.0,2002.0
int__tai20_20_02,1561,221,1757.0,1959.0
int__tai20_20_02,1561,222,1867.0,2121.0
int__tai20_20_02,1561,223,1803.0,2037.0
int__tai20_20_02,1561,224,1825.0,2098.0
int__tai20_20_02,1561,225,1768.0,2017.0
int__tai20_20_02,1561,226,1862.0,2134.0
int__tai20_20_02,1561,227,1839.0,2053.0
int__tai20_20_02,1561,228,1752.0,1976.0
int__tai20_20_02,1561,229,1790.0,2014.0
int__tai20_20_02,1561,230,1719.0,1984.0
int__tai20_20_02,1561,231,1726.0,1959.0
int__tai20_20_02,1561,232,1787.0,1977.0
int__tai20_20_02,1561,233,1724.0,1959.0
int__tai20_20_02,1561,234,1768.0,2025.0
int__tai20_20_02,1561,235,1754.0,1978.0
int__tai20_20_02,1561,236,1826.0,2049.0
int__tai20_20_02,1561,237,1764.0,2000.0
int__tai20_20_02,1561,238,1705.0,1959.0
int__tai20_20_02,1561,239,1884.0,2119.0
int__tai20_20_02,1561,240,1840.0,2145.0
int__tai20_20_02,1561,241,1740.0,2018.0
int__tai20_20_02,1561,242,1789.0,2033.0
int__tai20_20_02,1561,243,1724.0,1955.0
int__tai20_20_02,1561,244,1767.0,1981.0
int__tai20_20_02,1561,245,1813.0,2070.0
int__tai20_20_02,1561,246,1784.0,2037.0
int__tai20_20_02,1561,247,1828.0,2040.0
int__tai20_20_02,1561,248,1736.0,1972.0
int__tai20_20_02,1561,249,1742.0,2020.0
int__tai20_20_02,1561,250,1758.0,2019.0
int__tai20_20_02,1561,251,1745.0,1945.0
int__tai20_20_02,1561,252,1740.0,1966.0
int__tai20_20_02,1561,253,1851.0,2133.0
int__tai20_20_02,1561,254,1871.0,2104.0
int__tai20_20_02,1561,255,1711.0,1995.0
int__tai20_20_02,1561,256,1763.0,2044.0
int__tai20_20_02,1561,257,1837.0,2148.0
int__tai20_20_02,1561,258,1799.0,2025.0
int__tai20_20_02,1561,259,1815.0,2027.0
int__tai20_20_02,1561,260,1751.0,2032.0
int__tai20_20_02,1561,261,1822.0,2013.0
int__tai20_20_02,1561,262,1723.0,1970.0
int__tai20_20_02,1561,263,1748.0,1989.0
int__tai20_20_02,1561,264,1744.0,2010.0
int__tai20_20_02,1561,265,1829.0,2052.0
int__tai20_20_02,1561,266,1759.0,1998.0
int__tai20_20_02,1561,267,1797.0,2024.0
int__tai20_20_02,1561,268,1692.0,1939.0
int__tai20_20_02,1561,269,1793.0,2069.0
int__tai20_20_02,1561,270,1762.0,2003.0
int__tai20_20_02,1561,271,1839.0,2132.0
int__tai20_20_02,1561,272,1776.0,2050.0
int__tai20_20_02,1561,273,1726.0,1987.0
int__tai20_20_02,1561,274,1729.0,1940.0
int__tai20_20_02,1561,275,1799.0,2021.0
int__tai20_20_02,1561,276,1759.0,1993.0
int__tai20_20_02,1561,277,1741.0,1971.0
int__tai20_20_02,1561,278,1823.0,2077.0
int__tai20_20_02,1561,279,1776.0,2005.0
int__tai20_20_02,1561,280,1801.0,2026.0
int__tai20_20_02,1561,281,1795.0,2082.0
int__tai20_20_02,1561,282,1699.0,1987.0
int__tai20_20_02,1561,283,1854.0,2112.0
int__tai20_20_02,1561,284,1790.0,2050.0
int__tai20_20_02,1561,285,1800.0,2020.0
int__tai20_20_02,1561,286,1730.0,2000.0
int__tai20_20_02,1561,287,1805.0,2078.0
int__tai20_20_02,1561,288,1768.0,2039.0
int__tai20_20_02,1561,289,1765.0,2014.0
int__tai20_20_02,1561,290,1710.0,1955.0
int__tai20_20_02,1561,291,1851.0,2078.0
int__tai20_20_02,1561,292,1787.0,2027.0
int__tai20_20_02,1561,293,1812.0,2027.0
int__tai20_20_02,1561,294,1810.0,2061.0
int__tai20_20_02,1561,295,1788.0,2048.0
int__tai20_20_02,1561,296,1794.0,2047.0
int__tai20_20_02,1561,297,1829.0,2069.0
int__tai20_20_02,1561,298,1772.0,2026.0
int__tai20_20_02,1561,299,1807.0,2027.0
int__tai20_20_02,1561,300,1779.0,2039.0
int__tai20_20_02,1561,301,1756.0,2029.0
int__tai20_20_02,1561,302,1853.0,2094.0
int__tai20_20_02,1561,303,1844.0,2102.0
int__tai20_20_02,1561,304,1713.0,2008.0
int__tai20_20_02,1561,305,1834.0,2093.0
int__tai20_20_02,1561,306,1825.0,2047.0
int__tai20_20_02,1561,307,1867.0,2090.0
int__tai20_20_02,1561,308,1803.0,1999.0
int__tai20_20_02,1561,309,1784.0,1991.0
int__tai20_20_02,1561,310,1833.0,2099.0
int__tai20_20_02,1561,311,1874.0,2130.0
int__tai20_20_02,1561,312,1829.0,2105.0
int__tai20_20_02,1561,313,1860.0,2095.0
int__tai20_20_02,1561,314,1809.0,2045.0
int__tai20_20_02,1561,315,1721.0,1967.0
int__tai20_20_02,1561,316,1771.0,2003.0
int__tai20_20_02,1561,317,1884.0,2103.0
int__tai20_20_02,1561,318,1922.0,2152.0
int__tai20_20_02,1561,319,1784.0,2049.0
int__tai20_20_02,1561,320,1701.0,1940.0
int__tai20_20_02,1561,321,1864.0,2119.0
int__tai20_20_02,1561,322,1774.0,2032.0
int__tai20_20_02,1561,323,1793.0,2051.0
int__tai20_20_02,1561,324,1796.0,2072.0
int__tai20_20_02,1561,325,1833.0,2132.0
int__tai20_20_02,1561,326,1771.0,2028.0
int__tai20_20_02,1561,327,1808.0,2091.0
int__tai20_20_02,1561,328,1799.0,2036.0
int__tai20_20_02,1561,329,1787.0,2039.0
int__tai20_20_02,1561,330,1723.0,1996.0
int__tai20_20_02,1561,331,1757.0,2045.0
int__tai20_20_02,1561,332,1788.0,2028.0
int__tai20_20_02,1561,333,1843.0,2075.0
int__tai20_20_02,1561,334,1870.0,2129.0
int__tai20_20_02,1561,335,1806.0,2045.0
int__tai20_20_02,1561,336,1731.0,1983.0
int__tai20_20_02,1561,337,1893.0,2119.0
int__tai20_20_02,1561,338,1805.0,2101.0
int__tai20_20_02,1561,339,1851.0,2082.0
int__tai20_20_02,1561,340,1900.0,2136.0
int__tai20_20_02,1561,341,1721.0,1966.0
int__tai20_20_02,1561,342,1823.0,2063.0
int__tai20_20_02,1561,343,1760.0,1978.0
int__tai20_20_02,1561,344,1870.0,2142.0
int__tai20_20_02,1561,345,1756.0,1972.0
int__tai20_20_02,1561,346,1815.0,2092.0
int__tai20_20_02,1561,347,1757.0,2004.0
int__tai20_20_02,1561,348,1824.0,2080.0
int__tai20_20_02,1561,349,1867.0,2142.0
int__tai20_20_02,1561,350,1836.0,2147.0
int__tai20_20_02,1561,351,1829.0,2129.0
int__tai20_20_02,1561,352,1786.0,2034.0
int__tai20_20_02,1561,353,1743.0,1989.0
int__tai20_20_02,1561,354,1870.0,2116.0
int__tai20_20_02,1561,355,1773.0,2012.0
int__tai20_20_02,1561,356,1764.0,2022.0
int__tai20_20_02,1561,357,1755.0,2036.0
int__tai20_20_02,1561,358,1730.0,1953.0
int__tai20_20_02,1561,359,1753.0,2016.0
int__tai20_20_02,1561,360,1785.0,2046.0
int__tai20_20_02,1561,361,1760.0,2051.0
int__tai20_20_02,1561,362,1765.0,2004.0
int__tai20_20_02,1561,363,1720.0,1956.0
int__tai20_20_02,1561,364,1907.0,2202.0
int__tai20_20_02,1561,365,1755.0,1990.0
int__tai20_20_02,1561,366,1908.0,2177.0
int__tai20_20_02,1561,367,1776.0,2034.0
int__tai20_20_02,1561,368,1834.0,2087.0
int__tai20_20_02,1561,369,1816.0,2100.0
int__tai20_20_02,1561,370,1754.0,2053.0
int__tai20_20_02,1561,371,1724.0,1982.0
int__tai20_20_02,1561,372,1762.0,2031.0
int__tai20_20_02,1561,373,1807.0,2065.0
int__tai20_20_02,1561,374,1735.0,1946.0
int__tai20_20_02,1561,375,1748.0,2002.0
int__tai20_20_02,1561,376,1843.0,2080.0
int__tai20_20_02,1561,377,1797.0,2068.0
int__tai20_20_02,1561,378,1840.0,2075.0
int__tai20_20_02,1561,379,1860.0,2100.0
int__tai20_20_02,1561,380,1732.0,1990.0
int__tai20_20_02,1561,381,1782.0,2044.0
int__tai20_20_02,1561,382,1773.0,2039.0
int__tai20_20_02,1561,383,1794.0,2032.0
int__tai20_20_02,1561,384,1833.0,2074.0
int__tai20_20_02,1561,385,1789.0,2055.0
int__tai20_20_02,1561,386,1743.0,1937.0
int__tai20_20_02,1561,387,1831.0,2013.0
int__tai20_20_02,1561,388,1732.0,1949.0
int__tai20_20_02,1561,389,1801.0,2010.0
int__tai20_20_02,1561,390,1855.0,2071.0
int__tai20_20_02,1561,391,1762.0,2024.0
int__tai20_20_02,1561,392,1815.0,2102.0
int__tai20_20_02,1561,393,1769.0,2030.0
int__tai20_20_02,1561,394,1843.0,2048.0
int__tai20_20_02,1561,395,1755.0,2003.0
int__tai20_20_02,1561,396,1815.0,2045.0
int__tai20_20_02,1561,397,1783.0,2049.0
int__tai20_20_02,1561,398,1818.0,2058.0
int__tai20_20_02,1561,399,1715.0,1966.0
int__tai20_20_02,1561,400,1752.0,1973.0
int__tai20_20_02,1561,401,1752.0,1997.0
int__tai20_20_02,1561,402,1832.0,2085.0
int__tai20_20_02,1561,403,1786.0,2077.0
int__tai20_20_02,1561,404,1822.0,2034.0
int__tai20_20_02,1561,405,1805.0,2101.0
int__tai20_20_02,1561,406,1688.0,1955.0
int__tai20_20_02,1561,407,1729.0,1943.0
int__tai20_20_02,1561,408,1820.0,2000.0
int__tai20_20_02,1561,409,1820.0,2053.0
int__tai20_20_02,1561,410,1736.0,1965.0
int__tai20_20_02,1561,411,1795.0,2026.0
int__tai20_20_02,1561,412,1766.0,2069.0
int__tai20_20_02,1561,413,1751.0,1943.0
int__tai20_20_02,1561,414,1797.0,2022.0
int__tai20_20_02,1561,415,1720.0,1962.0
int__tai20_20_02,1561,416,1730.0,1952.0
int__tai20_20_02,1561,417,1752.0,1961.0
int__tai20_20_02,1561,418,1728.0,1961.0
int__tai20_20_02,1561,419,1897.0,2107.0
int__tai20_20_02,1561,420,1758.0,1976.0
int__tai20_20_02,1561,421,1762.0,2002.0
int__tai20_20_02,1561,422,1791.0,2034.0
int__tai20_20_02,1561,423,1714.0,1948.0
int__tai20_20_02,1561,424,1759.0,2030.0
int__tai20_20_02,1561,425,1914.0,2147.0
int__tai20_20_02,1561,426,1838.0,2053.0
int__tai20_20_02,1561,427,1730.0,1991.0
int__tai20_20_02,1561,428,1809.0,2059.0
int__tai20_20_02,1561,429,1821.0,2083.0
int__tai20_20_02,1561,430,1824.0,2063.0
int__tai20_20_02,1561,431,1768.0,2013.0
int__tai20_20_02,1561,432,1796.0,2012.0
int__tai20_20_02,1561,433,1817.0,2035.0
int__tai20_20_02,1561,434,1737.0,2014.0
int__tai20_20_02,1561,435,1844.0,2060.0
int__tai20_20_02,1561,436,1928.0,2164.0
int__tai20_20_02,1561,437,1840.0,2108.0
int__tai20_20_02,1561,438,1810.0,2050.0
int__tai20_20_02,1561,439,1776.0,2020.0
int__tai20_20_02,1561,440,1797.0,2037.0
int__tai20_20_02,1561,441,1754.0,1978.0
int__tai20_20_02,1561,442,1764.0,2026.0
int__tai20_20_02,1561,443,1774.0,2043.0
int__tai20_20_02,1561,444,1721.0,1924.0
int__tai20_20_02,1561,445,1774.0,1991.0
int__tai20_20_02,1561,446,1816.0,2057.0
int__tai20_20_02,1561,447,1801.0,2056.0
int__tai20_20_02,1561,448,1742.0,1957.0
int__tai20_20_02,1561,449,1754.0,2007.0
int__tai20_20_02,1561,450,1722.0,1999.0
int__tai20_20_02,1561,451,1793.0,2052.0
int__tai20_20_02,1561,452,1796.0,2084.0
int__tai20_20_02,1561,453,1774.0,2063.0
int__tai20_20_02,1561,454,1757.0,1985.0
int__tai20_20_02,1561,455,1876.0,2142.0
int__tai20_20_02,1561,456,1737.0,1982.0
int__tai20_20_02,1561,457,1764.0,2007.0
int__tai20_20_02,1561,458,1794.0,2066.0
int__tai20_20_02,1561,459,1722.0,1965.0
int__tai20_20_02,1561,460,1761.0,2046.0
int__tai20_20_02,1561,461,1746.0,1989.0
int__tai20_20_02,1561,462,1833.0,2056.0
int__tai20_20_02,1561,463,1859.0,2070.0
int__tai20_20_02,1561,464,1841.0,2100.0
int__tai20_20_02,1561,465,1726.0,1950.0
int__tai20_20_02,1561,466,1820.0,2104.0
int__tai20_20_02,1561,467,1789.0,2023.0
int__tai20_20_02,1561,468,1833.0,2082.0
int__tai20_20_02,1561,469,1750.0,1991.0
int__tai20_20_02,1561,470,1878.0,2148.0
int__tai20_20_02,1561,471,1710.0,1981.0
int__tai20_20_02,1561,472,1798.0,2056.0
int__tai20_20_02,1561,473,1846.0,2087.0
int__tai20_20_02,1561,474,1762.0,1980.0
int__tai20_20_02,1561,475,1812.0,2082.0
int__tai20_20_02,1561,476,1745.0,2001.0
int__tai20_20_02,1561,477,1776.0,2026.0
int__tai20_20_02,1561,478,1786.0,2053.0
int__tai20_20_02,1561,479,1751.0,1960.0
int__tai20_20_02,1561,480,1813.0,2058.0
int__tai20_20_02,1561,481,1775.0,2030.0
int__tai20_20_02,1561,482,1749.0,1952.0
int__tai20_20_02,1561,483,1776.0,1983.0
int__tai20_20_02,1561,484,1798.0,2065.0
int__tai20_20_02,1561,485,1767.0,2002.0
int__tai20_20_02,1561,486,1970.0,2175.0
int__tai20_20_02,1561,487,1753.0,2018.0
int__tai20_20_02,1561,488,1765.0,1986.0
int__tai20_20_02,1561,489,1931.0,2193.0
int__tai20_20_02,1561,490,1812.0,2060.0
int__tai20_20_02,1561,491,1801.0,2053.0
int__tai20_20_02,1561,492,1827.0,2027.0
int__tai20_20_02,1561,493,1806.0,2073.0
int__tai20_20_02,1561,494,1732.0,1985.0
int__tai20_20_02,1561,495,1743.0,1984.0
int__tai20_20_02,1561,496,1812.0,2082.0
int__tai20_20_02,1561,497,1766.0,2027.0
int__tai20_20_02,1561,498,1838.0,2112.0
int__tai20_20_02,1561,499,1739.0,2015.0
int__tai20_20_02,1561,500,1719.0,1948.0
int__tai20_20_02,1561,501,1755.0,2020.0
int__tai20_20_02,1561,502,1734.0,1975.0
int__tai20_20_02,1561,503,1793.0,2016.0
int__tai20_20_02,1561,504,1775.0,2046.0
int__tai20_20_02,1561,505,1812.0,2105.0
int__tai20_20_02,1561,506,1764.0,2053.0
int__tai20_20_02,1561,507,1732.0,1956.0
int__tai20_20_02,1561,508,1799.0,2105.0
int__tai20_20_02,1561,509,1832.0,2054.0
int__tai20_20_02,1561,510,1897.0,2095.0
int__tai20_20_02,1561,511,1743.0,1993.0
int__tai20_20_02,1561,512,1829.0,2082.0
int__tai20_20_02,1561,513,1798.0,2041.0
int__tai20_20_02,1561,514,1793.0,2078.0
int__tai20_20_02,1561,515,1793.0,2024.0
int__tai20_20_02,1561,516,1872.0,2140.0
int__tai20_20_02,1561,517,1788.0,2000.0
int__tai20_20_02,1561,518,1773.0,1990.0
int__tai20_20_02,1561,519,1723.0,1993.0
int__tai20_20_02,1561,520,1747.0,2010.0
int__tai20_20_02,1561,521,1806.0,2056.0
int__tai20_20_02,1561,522,1784.0,2010.0
int__tai20_20_02,1561,523,1872.0,2147.0
int__tai20_20_02,1561,524,1814.0,2053.0
int__tai20_20_02,1561,525,1873.0,2092.0
int__tai20_20_02,1561,526,1802.0,2091.0
int__tai20_20_02,1561,527,1820.0,2070.0
int__tai20_20_02,1561,528,1823.0,2079.0
int__tai20_20_02,1561,529,1725.0,1934.0
int__tai20_20_02,1561,530,1801.0,2086.0
int__tai20_20_02,1561,531,1811.0,2002.0
int__tai20_20_02,1561,532,1778.0,2030.0
int__tai20_20_02,1561,533,1745.0,2005.0
int__tai20_20_02,1561,534,1757.0,2021.0
int__tai20_20_02,1561,535,1795.0,1998.0
int__tai20_20_02,1561,536,1825.0,2013.0
int__tai20_20_02,1561,537,1765.0,1995.0
int__tai20_20_02,1561,538,1783.0,2008.0
int__tai20_20_02,1561,539,1794.0,2025.0
int__tai20_20_02,1561,540,1771.0,2064.0
int__tai20_20_02,1561,541,1840.0,2082.0
int__tai20_20_02,1561,542,1773.0,2055.0
int__tai20_20_02,1561,543,1850.0,2150.0
int__tai20_20_02,1561,544,1873.0,2136.0
int__tai20_20_02,1561,545,1896.0,2162.0
int__tai20_20_02,1561,546,1765.0,1982.0
int__tai20_20_02,1561,547,1792.0,2036.0
int__tai20_20_02,1561,548,1776.0,2037.0
int__tai20_20_02,1561,549,1754.0,1951.0
int__tai20_20_02,1561,550,1710.0,1939.0
int__tai20_20_02,1561,551,1778.0,2045.0
int__tai20_20_02,1561,552,1754.0,1989.0
int__tai20_20_02,1561,553,1796.0,2037.0
int__tai20_20_02,1561,554,1716.0,1981.0
int__tai20_20_02,1561,555,1834.0,2059.0
int__tai20_20_02,1561,556,1829.0,2075.0
int__tai20_20_02,1561,557,1790.0,2059.0
int__tai20_20_02,1561,558,1895.0,2134.0
int__tai20_20_02,1561,559,1803.0,2034.0
int__tai20_20_02,1561,560,1726.0,1973.0
int__tai20_20_02,1561,561,1801.0,2049.0
int__tai20_20_02,1561,562,1779.0,2027.0
int__tai20_20_02,1561,563,1774.0,2025.0
int__tai20_20_02,1561,564,1741.0,1969.0
int__tai20_20_02,1561,565,1833.0,2155.0
int__tai20_20_02,1561,566,1761.0,2039.0
int__tai20_20_02,1561,567,1777.0,2066.0
int__tai20_20_02,1561,568,1824.0,2075.0
int__tai20_20_02,1561,569,1834.0,2085.0
int__tai20_20_02,1561,570,1785.0,2057.0
int__tai20_20_02,1561,571,1805.0,2085.0
int__tai20_20_02,1561,572,1851.0,2093.0
int__tai20_20_02,1561,573,1870.0,2140.0
int__tai20_20_02,1561,574,1803.0,2021.0
int__tai20_20_02,1561,575,1773.0,2011.0
int__tai20_20_02,1561,576,1878.0,2113.0
int__tai20_20_02,1561,577,1743.0,2005.0
int__tai20_20_02,1561,578,1765.0,1997.0
int__tai20_20_02,1561,579,1773.0,2044.0
int__tai20_20_02,1561,580,1740.0,1984.0
int__tai20_20_02,1561,581,1762.0,2019.0
int__tai20_20_02,1561,582,1825.0,2099.0
int__tai20_20_02,1561,583,1820.0,2039.0
int__tai20_20_02,1561,584,1768.0,2006.0
int__tai20_20_02,1561,585,1826.0,2064.0
int__tai20_20_02,1561,586,1792.0,2038.0
int__tai20_20_02,1561,587,1741.0,2001.0
int__tai20_20_02,1561,588,1747.0,2009.0
int__tai20_20_02,1561,589,1818.0,2045.0
int__tai20_20_02,1561,590,1785.0,2022.0
int__tai20_20_02,1561,591,1875.0,2118.0
int__tai20_20_02,1561,592,1732.0,1937.0
int__tai20_20_02,1561,593,1683.0,1919.0
int__tai20_20_02,1561,594,1719.0,1982.0
int__tai20_20_02,1561,595,1802.0,2016.0
int__tai20_20_02,1561,596,1781.0,2069.0
int__tai20_20_02,1561,597,1796.0,2012.0
int__tai20_20_02,1561,598,1975.0,2194.0
int__tai20_20_02,1561,599,1856.0,2152.0
int__tai20_20_02,1561,600,1784.0,2039.0
int__tai20_20_02,1561,601,1876.0,2107.0
int__tai20_20_02,1561,602,1924.0,2272.0
int__tai20_20_02,1561,603,1746.0,1954.0
int__tai20_20_02,1561,604,1831.0,2164.0
int__tai20_20_02,1561,605,1771.0,1999.0
int__tai20_20_02,1561,606,1785.0,2047.0
int__tai20_20_02,1561,607,1813.0,2071.0
int__tai20_20_02,1561,608,1747.0,1978.0
int__tai20_20_02,1561,609,1796.0,2029.0
int__tai20_20_02,1561,610,1760.0,1980.0
int__tai20_20_02,1561,611,1778.0,2038.0
int__tai20_20_02,1561,612,1765.0,2020.0
int__tai20_20_02,1561,613,1778.0,2029.0
int__tai20_20_02,1561,614,1807.0,2066.0
int__tai20_20_02,1561,615,1924.0,2180.0
int__tai20_20_02,1561,616,1748.0,1987.0
int__tai20_20_02,1561,617,1834.0,2093.0
int__tai20_20_02,1561,618,1745.0,2024.0
int__tai20_20_02,1561,619,1834.0,2050.0
int__tai20_20_02,1561,620,1757.0,2033.0
int__tai20_20_02,1561,621,1758.0,2037.0
int__tai20_20_02,1561,622,1796.0,2003.0
int__tai20_20_02,1561,623,1763.0,2048.0
int__tai20_20_02,1561,624,1749.0,1989.0
int__tai20_20_02,1561,625,1801.0,2047.0
int__tai20_20_02,1561,626,1737.0,1979.0
int__tai20_20_02,1561,627,1760.0,2015.0
int__tai20_20_02,1561,628,1849.0,2142.0
int__tai20_20_02,1561,629,1734.0,1973.0
int__tai20_20_02,1561,630,1749.0,1993.0
int__tai20_20_02,1561,631,1745.0,1995.0
int__tai20_20_02,1561,632,1754.0,1973.0
int__tai20_20_02,1561,633,1859.0,2174.0
int__tai20_20_02,1561,634,1718.0,1961.0
int__tai20_20_02,1561,635,1751.0,1996.0
int__tai20_20_02,1561,636,1835.0,2052.0
int__tai20_20_02,1561,637,1965.0,2202.0
int__tai20_20_02,1561,638,1855.0,2084.0
int__tai20_20_02,1561,639,1776.0,2041.0
int__tai20_20_02,1561,640,1844.0,2113.0
int__tai20_20_02,1561,641,1789.0,2010.0
int__tai20_20_02,1561,642,1897.0,2105.0
int__tai20_20_02,1561,643,1749.0,2021.0
int__tai20_20_02,1561,644,1864.0,2104.0
int__tai20_20_02,1561,645,1873.0,2109.0
int__tai20_20_02,1561,646,1796.0,2042.0
int__tai20_20_02,1561,647,1788.0,2061.0
int__tai20_20_02,1561,648,1800.0,2059.0
int__tai20_20_02,1561,649,1781.0,2074.0
int__tai20_20_02,1561,650,1877.0,2156.0
int__tai20_20_02,1561,651,1762.0,1991.0
int__tai20_20_02,1561,652,1885.0,2148.0
int__tai20_20_02,1561,653,1706.0,1928.0
int__tai20_20_02,1561,654,1820.0,2095.0
int__tai20_20_02,1561,655,1789.0,1996.0
int__tai20_20_02,1561,656,1747.0,1963.0
int__tai20_20_02,1561,657,1770.0,1987.0
int__tai20_20_02,1561,658,1761.0,1971.0
int__tai20_20_02,1561,659,1746.0,2020.0
int__tai20_20_02,1561,660,1760.0,2002.0
int__tai20_20_02,1561,661,1765.0,2023.0
int__tai20_20_02,1561,662,1749.0,1984.0
int__tai20_20_02,1561,663,1799.0,2061.0
int__tai20_20_02,1561,664,1748.0,2017.0
int__tai20_20_02,1561,665,1794.0,2030.0
int__tai20_20_02,1561,666,1780.0,1995.0
int__tai20_20_02,1561,667,1785.0,2029.0
int__tai20_20_02,1561,668,1832.0,2068.0
int__tai20_20_02,1561,669,1767.0,2035.0
int__tai20_20_02,1561,670,1876.0,2096.0
int__tai20_20_02,1561,671,1755.0,1973.0
int__tai20_20_02,1561,672,1796.0,2079.0
int__tai20_20_02,1561,673,1811.0,2084.0
int__tai20_20_02,1561,674,1749.0,1961.0
int__tai20_20_02,1561,675,1749.0,2003.0
int__tai20_20_02,1561,676,1768.0,1979.0
int__tai20_20_02,1561,677,1784.0,2001.0
int__tai20_20_02,1561,678,1785.0,2024.0
int__tai20_20_02,1561,679,1808.0,2073.0
int__tai20_20_02,1561,680,1799.0,2073.0
int__tai20_20_02,1561,681,1861.0,2152.0
int__tai20_20_02,1561,682,1784.0,1993.0
int__tai20_20_02,1561,683,1743.0,1964.0
int__tai20_20_02,1561,684,1818.0,2053.0
int__tai20_20_02,1561,685,1815.0,2062.0
int__tai20_20_02,1561,686,1721.0,2009.0
int__tai20_20_02,1561,687,1770.0,1938.0
int__tai20_20_02,1561,688,1851.0,2096.0
int__tai20_20_02,1561,689,1730.0,2018.0
int__tai20_20_02,1561,690,1755.0,1944.0
int__tai20_20_02,1561,691,1775.0,2024.0
int__tai20_20_02,1561,692,1734.0,1960.0
int__tai20_20_02,1561,693,1770.0,1995.0
int__tai20_20_02,1561,694,1780.0,2022.0
int__tai20_20_02,1561,695,1773.0,2035.0
int__tai20_20_02,1561,696,1724.0,1972.0
int__tai20_20_02,1561,697,1758.0,2009.0
int__tai20_20_02,1561,698,1805.0,2022.0
int__tai20_20_02,1561,699,1853.0,2057.0
int__tai20_20_02,1561,700,1846.0,2097.0
int__tai20_20_02,1561,701,1811.0,2039.0
int__tai20_20_02,1561,702,1818.0,2099.0
int__tai20_20_02,1561,703,1769.0,2008.0
int__tai20_20_02,1561,704,1786.0,2044.0
int__tai20_20_02,1561,705,1838.0,2108.0
int__tai20_20_02,1561,706,1786.0,1994.0
int__tai20_20_02,1561,707,1874.0,2118.0
int__tai20_20_02,1561,708,1790.0,2047.0
int__tai20_20_02,1561,709,1747.0,1997.0
int__tai20_20_02,1561,710,1853.0,2151.0
int__tai20_20_02,1561,711,1740.0,1987.0
int__tai20_20_02,1561,712,1826.0,2078.0
int__tai20_20_02,1561,713,1807.0,2071.0
int__tai20_20_02,1561,714,1804.0,2054.0
int__tai20_20_02,1561,715,1784.0,2038.0
int__tai20_20_02,1561,716,1806.0,2020.0
int__tai20_20_02,1561,717,1826.0,2082.0
int__tai20_20_02,1561,718,1926.0,2132.0
int__tai20_20_02,1561,719,1801.0,2072.0
int__tai20_20_02,1561,720,1947.0,2178.0
int__tai20_20_02,1561,721,1832.0,2038.0
int__tai20_20_02,1561,722,1840.0,2086.0
int__tai20_20_02,1561,723,1806.0,2066.0
int__tai20_20_02,1561,724,1748.0,1987.0
int__tai20_20_02,1561,725,1885.0,2093.0
int__tai20_20_02,1561,726,1902.0,2128.0
int__tai20_20_02,1561,727,1811.0,2074.0
int__tai20_20_02,1561,728,1780.0,2024.0
int__tai20_20_02,1561,729,1778.0,2054.0
int__tai20_20_02,1561,730,1837.0,2165.0
int__tai20_20_02,1561,731,1824.0,2083.0
int__tai20_20_02,1561,732,1758.0,1994.0
int__tai20_20_02,1561,733,1736.0,2013.0
int__tai20_20_02,1561,734,1694.0,1972.0
int__tai20_20_02,1561,735,1777.0,2029.0
int__tai20_20_02,1561,736,1724.0,1994.0
int__tai20_20_02,1561,737,1812.0,2006.0
int__tai20_20_02,1561,738,1781.0,1993.0
int__tai20_20_02,1561,739,1832.0,2092.0
int__tai20_20_02,1561,740,1845.0,2071.0
int__tai20_20_02,1561,741,1826.0,2046.0
int__tai20_20_02,1561,742,1782.0,2070.0
int__tai20_20_02,1561,743,1795.0,2066.0
int__tai20_20_02,1561,744,1780.0,1994.0
int__tai20_20_02,1561,745,1917.0,2134.0
int__tai20_20_02,1561,746,1751.0,2005.0
int__tai20_20_02,1561,747,1833.0,2009.0
int__tai20_20_02,1561,748,1763.0,2006.0
int__tai20_20_02,1561,749,1910.0,2087.0
int__tai20_20_02,1561,750,1798.0,2043.0
int__tai20_20_02,1561,751,1750.0,1982.0
int__tai20_20_02,1561,752,1782.0,1990.0
int__tai20_20_02,1561,753,1792.0,2024.0
int__tai20_20_02,1561,754,1742.0,2002.0
int__tai20_20_02,1561,755,1745.0,2004.0
int__tai20_20_02,1561,756,1729.0,1978.0
int__tai20_20_02,1561,757,1711.0,1963.0
int__tai20_20_02,1561,758,1731.0,2017.0
int__tai20_20_02,1561,759,1808.0,2056.0
int__tai20_20_02,1561,760,1848.0,2162.0
int__tai20_20_02,1561,761,1811.0,2043.0
int__tai20_20_02,1561,762,1770.0,2022.0
int__tai20_20_02,1561,763,1793.0,2053.0
int__tai20_20_02,1561,764,1785.0,2021.0
int__tai20_20_02,1561,765,1737.0,1963.0
int__tai20_20_02,1561,766,1789.0,2100.0
int__tai20_20_02,1561,767,1797.0,2056.0
int__tai20_20_02,1561,768,1773.0,1947.0
int__tai20_20_02,1561,769,1678.0,1923.0
int__tai20_20_02,1561,770,1794.0,2052.0
int__tai20_20_02,1561,771,1890.0,2150.0
int__tai20_20_02,1561,772,1724.0,1953.0
int__tai20_20_02,1561,773,1802.0,2091.0
int__tai20_20_02,1561,774,1861.0,2178.0
int__tai20_20_02,1561,775,1898.0,2129.0
int__tai20_20_02,1561,776,1734.0,2001.0
int__tai20_20_02,1561,777,1759.0,2045.0
int__tai20_20_02,1561,778,1732.0,2034.0
int__tai20_20_02,1561,779,1926.0,2186.0
int__tai20_20_02,1561,780,1809.0,2067.0
int__tai20_20_02,1561,781,1806.0,2064.0
int__tai20_20_02,1561,782,1800.0,2029.0
int__tai20_20_02,1561,783,1769.0,2011.0
int__tai20_20_02,1561,784,1886.0,2121.0
int__tai20_20_02,1561,785,1769.0,2057.0
int__tai20_20_02,1561,786,1729.0,1976.0
int__tai20_20_02,1561,787,1758.0,1982.0
int__tai20_20_02,1561,788,1866.0,2142.0
int__tai20_20_02,1561,789,1855.0,2152.0
int__tai20_20_02,1561,790,1767.0,2013.0
int__tai20_20_02,1561,791,1735.0,1972.0
int__tai20_20_02,1561,792,1837.0,2095.0
int__tai20_20_02,1561,793,1857.0,2122.0
int__tai20_20_02,1561,794,1744.0,2030.0
int__tai20_20_02,1561,795,1775.0,1958.0
int__tai20_20_02,1561,796,1897.0,2132.0
int__tai20_20_02,1561,797,1765.0,2051.0
int__tai20_20_02,1561,798,1812.0,2058.0
int__tai20_20_02,1561,799,1818.0,2052.0
int__tai20_20_02,1561,800,1784.0,2043.0
int__tai20_20_02,1561,801,1764.0,2004.0
int__tai20_20_02,1561,802,1798.0,2005.0
int__tai20_20_02,1561,803,1911.0,2211.0
int__tai20_20_02,1561,804,1715.0,1955.0
int__tai20_20_02,1561,805,1805.0,2037.0
int__tai20_20_02,1561,806,1812.0,2048.0
int__tai20_20_02,1561,807,1815.0,2052.0
int__tai20_20_02,1561,808,1779.0,2031.0
int__tai20_20_02,1561,809,1841.0,2113.0
int__tai20_20_02,1561,810,1896.0,2178.0
int__tai20_20_02,1561,811,1828.0,2074.0
int__tai20_20_02,1561,812,1750.0,2014.0
int__tai20_20_02,1561,813,1718.0,1965.0
int__tai20_20_02,1561,814,1817.0,2052.0
int__tai20_20_02,1561,815,1737.0,1954.0
int__tai20_20_02,1561,816,1775.0,2043.0
int__tai20_20_02,1561,817,1872.0,2141.0
int__tai20_20_02,1561,818,1810.0,2060.0
int__tai20_20_02,1561,819,1816.0,2045.0
int__tai20_20_02,1561,820,1665.0,1909.0
int__tai20_20_02,1561,821,1779.0,1995.0
int__tai20_20_02,1561,822,1733.0,1982.0
int__tai20_20_02,1561,823,1740.0,1966.0
int__tai20_20_02,1561,824,1771.0,2020.0
int__tai20_20_02,1561,825,1858.0,2105.0
int__tai20_20_02,1561,826,1937.0,2178.0
int__tai20_20_02,1561,827,1788.0,2069.0
int__tai20_20_02,1561,828,1849.0,2071.0
int__tai20_20_02,1561,829,1797.0,2059.0
int__tai20_20_02,1561,830,1846.0,2097.0
int__tai20_20_02,1561,831,1797.0,2048.0
int__tai20_20_02,1561,832,1801.0,2007.0
int__tai20_20_02,1561,833,1874.0,2126.0
int__tai20_20_02,1561,834,1824.0,2017.0
int__tai20_20_02,1561,835,1762.0,2005.0
int__tai20_20_02,1561,836,1727.0,1986.0
int__tai20_20_02,1561,837,1720.0,1966.0
int__tai20_20_02,1561,838,1861.0,2091.0
int__tai20_20_02,1561,839,1742.0,2006.0
int__tai20_20_02,1561,840,1914.0,2198.0
int__tai20_20_02,1561,841,1811.0,2056.0
int__tai20_20_02,1561,842,1762.0,1995.0
int__tai20_20_02,1561,843,1711.0,1948.0
int__tai20_20_02,1561,844,1951.0,2206.0
int__tai20_20_02,1561,845,1755.0,1996.0
int__tai20_20_02,1561,846,1766.0,2022.0
int__tai20_20_02,1561,847,1859.0,2122.0
int__tai20_20_02,1561,848,1710.0,1967.0
int__tai20_20_02,1561,849,1845.0,2076.0
int__tai20_20_02,1561,850,1744.0,1981.0
int__tai20_20_02,1561,851,1789.0,2016.0
int__tai20_20_02,1561,852,1788.0,2032.0
int__tai20_20_02,1561,853,1762.0,1979.0
int__tai20_20_02,1561,854,1718.0,2011.0
int__tai20_20_02,1561,855,1775.0,2031.0
int__tai20_20_02,1561,856,1736.0,1970.0
int__tai20_20_02,1561,857,1827.0,2084.0
int__tai20_20_02,1561,858,1829.0,2092.0
int__tai20_20_02,1561,859,1707.0,1959.0
int__tai20_20_02,1561,860,1797.0,2080.0
int__tai20_20_02,1561,861,1780.0,2010.0
int__tai20_20_02,1561,862,1807.0,2038.0
int__tai20_20_02,1561,863,1811.0,2043.0
int__tai20_20_02,1561,864,1808.0,2053.0
int__tai20_20_02,1561,865,1803.0,2050.0
int__tai20_20_02,1561,866,1800.0,2012.0
int__tai20_20_02,1561,867,1761.0,2043.0
int__tai20_20_02,1561,868,1801.0,2052.0
int__tai20_20_02,1561,869,1814.0,2085.0
int__tai20_20_02,1561,870,1695.0,1937.0
int__tai20_20_02,1561,871,1786.0,2005.0
int__tai20_20_02,1561,872,1935.0,2211.0
int__tai20_20_02,1561,873,1831.0,2085.0
int__tai20_20_02,1561,874,1715.0,1993.0
int__tai20_20_02,1561,875,1757.0,2016.0
int__tai20_20_02,1561,876,1860.0,2103.0
int__tai20_20_02,1561,877,1802.0,2031.0
int__tai20_20_02,1561,878,1769.0,2006.0
int__tai20_20_02,1561,879,1854.0,2151.0
int__tai20_20_02,1561,880,1745.0,1989.0
int__tai20_20_02,1561,881,1801.0,2113.0
int__tai20_20_02,1561,882,1735.0,1995.0
int__tai20_20_02,1561,883,1750.0,1960.0
int__tai20_20_02,1561,884,1777.0,2053.0
int__tai20_20_02,1561,885,1771.0,2014.0
int__tai20_20_02,1561,886,1754.0,1960.0
int__tai20_20_02,1561,887,1766.0,2010.0
int__tai20_20_02,1561,888,1739.0,1994.0
int__tai20_20_02,1561,889,1850.0,2091.0
int__tai20_20_02,1561,890,1762.0,1993.0
int__tai20_20_02,1561,891,1812.0,2089.0
int__tai20_20_02,1561,892,1798.0,2013.0
int__tai20_20_02,1561,893,1746.0,1955.0
int__tai20_20_02,1561,894,1801.0,2043.0
int__tai20_20_02,1561,895,1790.0,2010.0
int__tai20_20_02,1561,896,1713.0,1958.0
int__tai20_20_02,1561,897,1792.0,2021.0
int__tai20_20_02,1561,898,1798.0,2062.0
int__tai20_20_02,1561,899,1816.0,2028.0
int__tai20_20_02,1561,900,1760.0,1997.0
int__tai20_20_02,1561,901,1752.0,2002.0
int__tai20_20_02,1561,902,1719.0,1943.0
int__tai20_20_02,1561,903,1816.0,2061.0
int__tai20_20_02,1561,904,1802.0,2103.0
int__tai20_20_02,1561,905,1796.0,2015.0
int__tai20_20_02,1561,906,1781.0,1991.0
int__tai20_20_02,1561,907,1770.0,1997.0
int__tai20_20_02,1561,908,1873.0,2085.0
int__tai20_20_02,1561,909,1779.0,2069.0
int__tai20_20_02,1561,910,1778.0,2054.0
int__tai20_20_02,1561,911,1736.0,2001.0
int__tai20_20_02,1561,912,1776.0,2044.0
int__tai20_20_02,1561,913,1824.0,2039.0
int__tai20_20_02,1561,914,1743.0,2013.0
int__tai20_20_02,1561,915,1910.0,2138.0
int__tai20_20_02,1561,916,1809.0,2026.0
int__tai20_20_02,1561,917,1843.0,2058.0
int__tai20_20_02,1561,918,1861.0,2122.0
int__tai20_20_02,1561,919,1839.0,2099.0
int__tai20_20_02,1561,920,1837.0,2020.0
int__tai20_20_02,1561,921,1737.0,1979.0
int__tai20_20_02,1561,922,1751.0,2019.0
int__tai20_20_02,1561,923,1864.0,2134.0
int__tai20_20_02,1561,924,1790.0,2034.0
int__tai20_20_02,1561,925,1847.0,2116.0
int__tai20_20_02,1561,926,1808.0,2100.0
int__tai20_20_02,1561,927,1764.0,2035.0
int__tai20_20_02,1561,928,1682.0,1964.0
int__tai20_20_02,1561,929,1791.0,2029.0
int__tai20_20_02,1561,930,1750.0,1994.0
int__tai20_20_02,1561,931,1713.0,1944.0
int__tai20_20_02,1561,932,1732.0,1952.0
int__tai20_20_02,1561,933,1741.0,1947.0
int__tai20_20_02,1561,934,1763.0,1975.0
int__tai20_20_02,1561,935,1783.0,2026.0
int__tai20_20_02,1561,936,1739.0,2027.0
int__tai20_20_02,1561,937,1742.0,1985.0
int__tai20_20_02,1561,938,1812.0,2027.0
int__tai20_20_02,1561,939,1710.0,1987.0
int__tai20_20_02,1561,940,1748.0,1999.0
int__tai20_20_02,1561,941,1852.0,2135.0
int__tai20_20_02,1561,942,1862.0,2127.0
int__tai20_20_02,1561,943,1793.0,1997.0
int__tai20_20_02,1561,944,1739.0,2020.0
int__tai20_20_02,1561,945,1748.0,1979.0
int__tai20_20_02,1561,946,1767.0,1992.0
int__tai20_20_02,1561,947,1847.0,2063.0
int__tai20_20_02,1561,948,1784.0,2067.0
int__tai20_20_02,1561,949,1791.0,2081.0
int__tai20_20_02,1561,950,1791.0,2036.0
int__tai20_20_02,1561,951,1871.0,2184.0
int__tai20_20_02,1561,952,1844.0,2069.0
int__tai20_20_02,1561,953,1906.0,2148.0
int__tai20_20_02,1561,954,1729.0,1965.0
int__tai20_20_02,1561,955,1742.0,2007.0
int__tai20_20_02,1561,956,1752.0,1982.0
int__tai20_20_02,1561,957,1858.0,2084.0
int__tai20_20_02,1561,958,1956.0,2217.0
int__tai20_20_02,1561,959,1766.0,1992.0
int__tai20_20_02,1561,960,1745.0,1974.0
int__tai20_20_02,1561,961,1780.0,2033.0
int__tai20_20_02,1561,962,2071.0,2356.0
int__tai20_20_02,1561,963,1805.0,2047.0
int__tai20_20_02,1561,964,1854.0,2133.0
int__tai20_20_02,1561,965,1735.0,1965.0
int__tai20_20_02,1561,966,1725.0,1939.0
int__tai20_20_02,1561,967,1733.0,2001.0
int__tai20_20_02,1561,968,1739.0,1975.0
int__tai20_20_02,1561,969,1817.0,2125.0
int__tai20_20_02,1561,970,1768.0,2048.0
int__tai20_20_02,1561,971,1825.0,2019.0
int__tai20_20_02,1561,972,1751.0,2019.0
int__tai20_20_02,1561,973,1887.0,2158.0
int__tai20_20_02,1561,974,1836.0,2067.0
int__tai20_20_02,1561,975,1714.0,1942.0
int__tai20_20_02,1561,976,1800.0,2036.0
int__tai20_20_02,1561,977,1759.0,2007.0
int__tai20_20_02,1561,978,1767.0,1997.0
int__tai20_20_02,1561,979,1747.0,1982.0
int__tai20_20_02,1561,980,1793.0,2051.0
int__tai20_20_02,1561,981,1780.0,2016.0
int__tai20_20_02,1561,982,1782.0,1996.0
int__tai20_20_02,1561,983,1883.0,2155.0
int__tai20_20_02,1561,984,1740.0,2007.0
int__tai20_20_02,1561,985,1761.0,1998.0
int__tai20_20_02,1561,986,1757.0,2001.0
int__tai20_20_02,1561,987,1825.0,2051.0
int__tai20_20_02,1561,988,1761.0,1954.0
int__tai20_20_02,1561,989,1812.0,2123.0
int__tai20_20_02,1561,990,1816.0,2057.0
int__tai20_20_02,1561,991,1724.0,1985.0
int__tai20_20_02,1561,992,1744.0,2004.0
int__tai20_20_02,1561,993,1814.0,2028.0
int__tai20_20_02,1561,994,1705.0,1950.0
int__tai20_20_02,1561,995,1754.0,2025.0
int__tai20_20_02,1561,996,1891.0,2180.0
int__tai20_20_02,1561,997,1736.0,1945.0
int__tai20_20_02,1561,998,1696.0,1900.0
int__tai20_20_02,1561,999,1748.0,2004.0
int__tai20_20_02,1561,1000,1756.0,1965.0
int__tai20_20_02,1561,1001,1781.0,2029.0
int__tai20_20_02,1561,1002,1745.0,2016.0
int__tai20_20_02,1561,1003,1766.0,2030.0
int__tai20_20_02,1561,1004,1740.0,1994.0
int__tai20_20_02,1561,1005,1751.0,2021.0
int__tai20_20_02,1561,1006,1794.0,2081.0
int__tai20_20_02,1561,1007,1780.0,1998.0
int__tai20_20_02,1561,1008,1695.0,1918.0
int__tai20_20_02,1561,1009,1724.0,1967.0
int__tai20_20_02,1561,1010,1757.0,2032.0
int__tai20_20_02,1561,1011,1736.0,2002.0
int__tai20_20_02,1561,1012,1772.0,1995.0
int__tai20_20_02,1561,1013,1712.0,1955.0
int__tai20_20_02,1561,1014,1730.0,1962.0
int__tai20_20_02,1561,1015,1818.0,2092.0
int__tai20_20_02,1561,1016,1784.0,2055.0
int__tai20_20_02,1561,1017,1777.0,2078.0
int__tai20_20_02,1561,1018,1858.0,2118.0
int__tai20_20_02,1561,1019,1746.0,2069.0
int__tai20_20_02,1561,1020,1819.0,2094.0
int__tai20_20_02,1561,1021,1764.0,1991.0
int__tai20_20_02,1561,1022,1819.0,2060.0
int__tai20_20_02,1561,1023,1744.0,2030.0
int__tai20_20_08,1603,0,1703.0,1901.0
int__tai20_20_08,1603,1,1796.0,2028.0
int__tai20_20_08,1603,2,1868.0,2054.0
int__tai20_20_08,1603,3,1766.0,1988.0
int__tai20_20_08,1603,4,1761.0,1984.0
int__tai20_20_08,1603,5,1771.0,2026.0
int__tai20_20_08,1603,6,1804.0,2096.0
int__tai20_20_08,1603,7,1836.0,2063.0
int__tai20_20_08,1603,8,1796.0,2047.0
int__tai20_20_08,1603,9,1807.0,2062.0
int__tai20_20_08,1603,10,1809.0,2047.0
int__tai20_20_08,1603,11,1753.0,1989.0
int__tai20_20_08,1603,12,1847.0,2046.0
int__tai20_20_08,1603,13,1837.0,2081.0
int__tai20_20_08,1603,14,1830.0,2089.0
int__tai20_20_08,1603,15,1984.0,2218.0
int__tai20_20_08,1603,16,1776.0,1983.0
int__tai20_20_08,1603,17,1776.0,1961.0
int__tai20_20_08,1603,18,1814.0,2062.0
int__tai20_20_08,1603,19,1838.0,2047.0
int__tai20_20_08,1603,20,1893.0,2140.0
int__tai20_20_08,1603,21,1784.0,1943.0
int__tai20_20_08,1603,22,1854.0,2053.0
int__tai20_20_08,1603,23,1751.0,2019.0
int__tai20_20_08,1603,24,1816.0,2017.0
int__tai20_20_08,1603,25,1732.0,1973.0
int__tai20_20_08,1603,26,1871.0,2083.0
int__tai20_20_08,1603,27,1763.0,1946.0
int__tai20_20_08,1603,28,1813.0,2056.0
int__tai20_20_08,1603,29,1845.0,2022.0
int__tai20_20_08,1603,30,1786.0,1987.0
int__tai20_20_08,1603,31,1896.0,2132.0
int__tai20_20_08,1603,32,1776.0,1948.0
int__tai20_20_08,1603,33,1858.0,2054.0
int__tai20_20_08,1603,34,1741.0,1940.0
int__tai20_20_08,1603,35,1804.0,2032.0
int__tai20_20_08,1603,36,1795.0,2019.0
int__tai20_20_08,1603,37,1836.0,2060.0
int__tai20_20_08,1603,38,1938.0,2176.0
int__tai20_20_08,1603,39,1789.0,2017.0
int__tai20_20_08,1603,40,1768.0,2001.0
int__tai20_20_08,1603,41,1823.0,2041.0
int__tai20_20_08,1603,42,1887.0,2086.0
int__tai20_20_08,1603,43,1871.0,2076.0
int__tai20_20_08,1603,44,1833.0,2048.0
int__tai20_20_08,1603,45,1748.0,1950.0
int__tai20_20_08,1603,46,1871.0,2109.0
int__tai20_20_08,1603,47,1900.0,2155.0
int__tai20_20_08,1603,48,1852.0,2102.0
int__tai20_20_08,1603,49,1785.0,2047.0
int__tai20_20_08,1603,50,1803.0,2014.0
int__tai20_20_08,1603,51,1737.0,1939.0
int__tai20_20_08,1603,52,1810.0,2018.0
int__tai20_20_08,1603,53,1770.0,2006.0
int__tai20_20_08,1603,54,1812.0,2015.0
int__tai20_20_08,1603,55,1823.0,2060.0
int__tai20_20_08,1603,56,1743.0,1967.0
int__tai20_20_08,1603,57,1830.0,2031.0
int__tai20_20_08,1603,58,1863.0,2082.0
int__tai20_20_08,1603,59,1866.0,2101.0
int__tai20_20_08,1603,60,1795.0,1986.0
int__tai20_20_08,1603,61,1827.0,2091.0
int__tai20_20_08,1603,62,1816.0,2020.0
int__tai20_20_08,1603,63,1760.0,1962.0
int__tai20_20_08,1603,64,1854.0,2044.0
int__tai20_20_08,1603,65,1797.0,2009.0
int__tai20_20_08,1603,66,1757.0,2012.0
int__tai20_20_08,1603,67,1733.0,1952.0
int__tai20_20_08,1603,68,1880.0,2111.0
int__tai20_20_08,1603,69,1937.0,2186.0
int__tai20_20_08,1603,70,1814.0,2048.0
int__tai20_20_08,1603,71,1793.0,2010.0
int__tai20_20_08,1603,72,1802.0,2046.0
int__tai20_20_08,1603,73,1812.0,2066.0
int__tai20_20_08,1603,74,1754.0,2014.0
int__tai20_20_08,1603,75,1745.0,1997.0
int__tai20_20_08,1603,76,1820.0,2060.0
int__tai20_20_08,1603,77,1762.0,1995.0
int__tai20_20_08,1603,78,1712.0,1946.0
int__tai20_20_08,1603,79,1830.0,2067.0
int__tai20_20_08,1603,80,1922.0,2149.0
int__tai20_20_08,1603,81,1787.0,2056.0
int__tai20_20_08,1603,82,1834.0,2030.0
int__tai20_20_08,1603,83,1766.0,1959.0
int__tai20_20_08,1603,84,1769.0,1976.0
int__tai20_20_08,1603,85,1755.0,1980.0
int__tai20_20_08,1603,86,1818.0,2078.0
int__tai20_20_08,1603,87,1811.0,2057.0
int__tai20_20_08,1603,88,1785.0,2059.0
int__tai20_20_08,1603,89,1859.0,2110.0
int__tai20_20_08,1603,90,1807.0,2081.0
int__tai20_20_08,1603,91,1825.0,2027.0
int__tai20_20_08,1603,92,1796.0,2026.0
int__tai20_20_08,1603,93,1715.0,1972.0
int__tai20_20_08,1603,94,1843.0,2047.0
int__tai20_20_08,1603,95,1879.0,2122.0
int__tai20_20_08,1603,96,1868.0,2130.0
int__tai20_20_08,1603,97,1668.0,1906.0
int__tai20_20_08,1603,98,1805.0,2050.0
int__tai20_20_08,1603,99,1861.0,2117.0
int__tai20_20_08,1603,100,1823.0,2043.0
int__tai20_20_08,1603,101,1765.0,1990.0
int__tai20_20_08,1603,102,1743.0,1961.0
int__tai20_20_08,1603,103,1847.0,2051.0
int__tai20_20_08,1603,104,1940.0,2150.0
int__tai20_20_08,1603,105,1797.0,2000.0
int__tai20_20_08,1603,106,1812.0,2056.0
int__tai20_20_08,1603,107,1807.0,2047.0
int__tai20_20_08,1603,108,1834.0,2079.0
int__tai20_20_08,1603,109,1803.0,2032.0
int__tai20_20_08,1603,110,1782.0,2009.0
int__tai20_20_08,1603,111,1819.0,2025.0
int__tai20_20_08,1603,112,1841.0,2041.0
int__tai20_20_08,1603,113,1787.0,2013.0
int__tai20_20_08,1603,114,1811.0,2037.0
int__tai20_20_08,1603,115,1775.0,2015.0
int__tai20_20_08,1603,116,1819.0,2029.0
int__tai20_20_08,1603,117,1741.0,1908.0
int__tai20_20_08,1603,118,1822.0,2011.0
int__tai20_20_08,1603,119,1830.0,2047.0
int__tai20_20_08,1603,120,1811.0,2034.0
int__tai20_20_08,1603,121,1806.0,2014.0
int__tai20_20_08,1603,122,1856.0,2061.0
int__tai20_20_08,1603,123,1857.0,2099.0
int__tai20_20_08,1603,124,1817.0,2065.0
int__tai20_20_08,1603,125,1843.0,2067.0
int__tai20_20_08,1603,126,1806.0,2061.0
int__tai20_20_08,1603,127,1834.0,2058.0
int__tai20_20_08,1603,128,1762.0,1964.0
int__tai20_20_08,1603,129,1836.0,2040.0
int__tai20_20_08,1603,130,1835.0,2085.0
int__tai20_20_08,1603,131,1789.0,1973.0
int__tai20_20_08,1603,132,1727.0,1949.0
int__tai20_20_08,1603,133,1799.0,2066.0
int__tai20_20_08,1603,134,1839.0,2061.0
int__tai20_20_08,1603,135,1843.0,2063.0
int__tai20_20_08,1603,136,1928.0,2178.0
int__tai20_20_08,1603,137,1882.0,2116.0
int__tai20_20_08,1603,138,1750.0,1944.0
int__tai20_20_08,1603,139,1810.0,2025.0
int__tai20_20_08,1603,140,1849.0,2075.0
int__tai20_20_08,1603,141,1838.0,2083.0
int__tai20_20_08,1603,142,1694.0,1907.0
int__tai20_20_08,1603,143,1806.0,2067.0
int__tai20_20_08,1603,144,1835.0,2039.0
int__tai20_20_08,1603,145,1741.0,1932.0
int__tai20_20_08,1603,146,1966.0,2168.0
int__tai20_20_08,1603,147,1881.0,2155.0
int__tai20_20_08,1603,148,1823.0,2029.0
int__tai20_20_08,1603,149,1722.0,1935.0
int__tai20_20_08,1603,150,1786.0,1992.0
int__tai20_20_08,1603,151,1828.0,2046.0
int__tai20_20_08,1603,152,1758.0,1961.0
int__tai20_20_08,1603,153,1846.0,2101.0
int__tai20_20_08,1603,154,1817.0,2047.0
int__tai20_20_08,1603,155,1776.0,2007.0
int__tai20_20_08,1603,156,1858.0,2125.0
int__tai20_20_08,1603,157,1899.0,2096.0
int__tai20_20_08,1603,158,1854.0,2083.0
int__tai20_20_08,1603,159,1869.0,2105.0
int__tai20_20_08,1603,160,1768.0,2020.0
int__tai20_20_08,1603,161,2000.0,2194.0
int__tai20_20_08,1603,162,1815.0,2031.0
int__tai20_20_08,1603,163,1743.0,1970.0
int__tai20_20_08,1603,164,1824.0,2027.0
int__tai20_20_08,1603,165,1852.0,2083.0
int__tai20_20_08,1603,166,1817.0,2040.0
int__tai20_20_08,1603,167,1778.0,2018.0
int__tai20_20_08,1603,168,1843.0,2039.0
int__tai20_20_08,1603,169,1855.0,2082.0
int__tai20_20_08,1603,170,1857.0,2054.0
int__tai20_20_08,1603,171,1771.0,1998.0
int__tai20_20_08,1603,172,1804.0,2026.0
int__tai20_20_08,1603,173,1802.0,2054.0
int__tai20_20_08,1603,174,1743.0,1963.0
int__tai20_20_08,1603,175,1716.0,1988.0
int__tai20_20_08,1603,176,1784.0,2059.0
int__tai20_20_08,1603,177,1848.0,2086.0
int__tai20_20_08,1603,178,1756.0,1912.0
int__tai20_20_08,1603,179,1853.0,2069.0
int__tai20_20_08,1603,180,1836.0,2050.0
int__tai20_20_08,1603,181,1787.0,2020.0
int__tai20_20_08,1603,182,1800.0,2056.0
int__tai20_20_08,1603,183,1767.0,2005.0
int__tai20_20_08,1603,184,1765.0,1989.0
int__tai20_20_08,1603,185,1840.0,2059.0
int__tai20_20_08,1603,186,1866.0,2138.0
int__tai20_20_08,1603,187,1782.0,2022.0
int__tai20_20_08,1603,188,1810.0,2054.0
int__tai20_20_08,1603,189,1949.0,2206.0
int__tai20_20_08,1603,190,1806.0,1986.0
int__tai20_20_08,1603,191,1799.0,2035.0
int__tai20_20_08,1603,192,1899.0,2150.0
int__tai20_20_08,1603,193,1843.0,2057.0
int__tai20_20_08,1603,194,1832.0,2071.0
int__tai20_20_08,1603,195,1713.0,1941.0
int__tai20_20_08,1603,196,1758.0,2010.0
int__tai20_20_08,1603,197,1767.0,1992.0
int__tai20_20_08,1603,198,1856.0,2024.0
int__tai20_20_08,1603,199,1835.0,2028.0
int__tai20_20_08,1603,200,1795.0,1983.0
int__tai20_20_08,1603,201,1847.0,2080.0
int__tai20_20_08,1603,202,1837.0,2039.0
int__tai20_20_08,1603,203,1763.0,1993.0
int__tai20_20_08,1603,204,1827.0,2021.0
int__tai20_20_08,1603,205,1735.0,2000.0
int__tai20_20_08,1603,206,1905.0,2107.0
int__tai20_20_08,1603,207,1816.0,2022.0
int__tai20_20_08,1603,208,1821.0,2067.0
int__tai20_20_08,1603,209,1832.0,2052.0
int__tai20_20_08,1603,210,1768.0,1983.0
int__tai20_20_08,1603,211,1787.0,1989.0
int__tai20_20_08,1603,212,1727.0,1965.0
int__tai20_20_08,1603,213,1815.0,2051.0
int__tai20_20_08,1603,214,1890.0,2095.0
int__tai20_20_08,1603,215,1787.0,2050.0
int__tai20_20_08,1603,216,1771.0,2039.0
int__tai20_20_08,1603,217,1838.0,2059.0
int__tai20_20_08,1603,218,1752.0,1938.0
int__tai20_20_08,1603,219,1784.0,1974.0
int__tai20_20_08,1603,220,1744.0,1950.0
int__tai20_20_08,1603,221,1860.0,2116.0
int__tai20_20_08,1603,222,1861.0,2093.0
int__tai20_20_08,1603,223,1762.0,1993.0
int__tai20_20_08,1603,224,1778.0,1986.0
int__tai20_20_08,1603,225,1804.0,2040.0
int__tai20_20_08,1603,226,1817.0,2065.0
int__tai20_20_08,1603,227,1843.0,2013.0
int__tai20_20_08,1603,228,1920.0,2104.0
int__tai20_20_08,1603,229,1769.0,2018.0
int__tai20_20_08,1603,230,1764.0,1995.0
int__tai20_20_08,1603,231,1792.0,2000.0
int__tai20_20_08,1603,232,1736.0,1973.0
int__tai20_20_08,1603,233,1840.0,2060.0
int__tai20_20_08,1603,234,1808.0,2039.0
int__tai20_20_08,1603,235,1982.0,2239.0
int__tai20_20_08,1603,236,1841.0,2123.0
int__tai20_20_08,1603,237,1769.0,1998.0
int__tai20_20_08,1603,238,1832.0,2024.0
int__tai20_20_08,1603,239,1850.0,2098.0
int__tai20_20_08,1603,240,1843.0,2057.0
int__tai20_20_08,1603,241,1854.0,2096.0
int__tai20_20_08,1603,242,1825.0,2071.0
int__tai20_20_08,1603,243,1730.0,2004.0
int__tai20_20_08,1603,244,1884.0,2117.0
int__tai20_20_08,1603,245,1769.0,1988.0
int__tai20_20_08,1603,246,1854.0,2039.0
int__tai20_20_08,1603,247,1901.0,2130.0
int__tai20_20_08,1603,248,1825.0,2083.0
int__tai20_20_08,1603,249,1877.0,2129.0
int__tai20_20_08,1603,250,1912.0,2126.0
int__tai20_20_08,1603,251,1780.0,2028.0
int__tai20_20_08,1603,252,1755.0,1975.0
int__tai20_20_08,1603,253,1874.0,2063.0
int__tai20_20_08,1603,254,1851.0,2075.0
int__tai20_20_08,1603,255,1839.0,2101.0
int__tai20_20_08,1603,256,1832.0,2060.0
int__tai20_20_08,1603,257,1869.0,2114.0
int__tai20_20_08,1603,258,1805.0,2042.0
int__tai20_20_08,1603,259,1776.0,1977.0
int__tai20_20_08,1603,260,1843.0,2033.0
int__tai20_20_08,1603,261,1743.0,1959.0
int__tai20_20_08,1603,262,1757.0,1965.0
int__tai20_20_08,1603,263,1753.0,2013.0
int__tai20_20_08,1603,264,1816.0,2036.0
int__tai20_20_08,1603,265,1787.0,2020.0
int__tai20_20_08,1603,266,1804.0,2012.0
int__tai20_20_08,1603,267,1857.0,2130.0
int__tai20_20_08,1603,268,1811.0,2084.0
int__tai20_20_08,1603,269,1946.0,2181.0
int__tai20_20_08,1603,270,1866.0,2122.0
int__tai20_20_08,1603,271,1875.0,2113.0
int__tai20_20_08,1603,272,1742.0,1974.0
int__tai20_20_08,1603,273,1765.0,2010.0
int__tai20_20_08,1603,274,1743.0,1965.0
int__tai20_20_08,1603,275,1775.0,2036.0
int__tai20_20_08,1603,276,1849.0,2103.0
int__tai20_20_08,1603,277,1701.0,1899.0
int__tai20_20_08,1603,278,1727.0,1977.0
int__tai20_20_08,1603,279,1791.0,2004.0
int__tai20_20_08,1603,280,2024.0,2273.0
int__tai20_20_08,1603,281,1797.0,2030.0
int__tai20_20_08,1603,282,1881.0,2103.0
int__tai20_20_08,1603,283,1878.0,2151.0
int__tai20_20_08,1603,284,1816.0,2017.0
int__tai20_20_08,1603,285,1783.0,2003.0
int__tai20_20_08,1603,286,1823.0,2045.0
int__tai20_20_08,1603,287,1731.0,1938.0
int__tai20_20_08,1603,288,1814.0,2066.0
int__tai20_20_08,1603,289,1747.0,1985.0
int__tai20_20_08,1603,290,1745.0,1970.0
int__tai20_20_08,1603,291,1790.0,1988.0
int__tai20_20_08,1603,292,1772.0,1961.0
int__tai20_20_08,1603,293,1874.0,2080.0
int__tai20_20_08,1603,294,1730.0,1947.0
int__tai20_20_08,1603,295,1860.0,2077.0
int__tai20_20_08,1603,296,1851.0,2043.0
int__tai20_20_08,1603,297,1788.0,2007.0
int__tai20_20_08,1603,298,1910.0,2181.0
int__tai20_20_08,1603,299,1764.0,2006.0
int__tai20_20_08,1603,300,1875.0,2087.0
int__tai20_20_08,1603,301,1812.0,2077.0
int__tai20_20_08,1603,302,1860.0,2142.0
int__tai20_20_08,1603,303,1809.0,2031.0
int__tai20_20_08,1603,304,1828.0,2079.0
int__tai20_20_08,1603,305,1926.0,2177.0
int__tai20_20_08,1603,306,1840.0,2101.0
int__tai20_20_08,1603,307,1856.0,2075.0
int__tai20_20_08,1603,308,1823.0,2030.0
int__tai20_20_08,1603,309,1767.0,1977.0
int__tai20_20_08,1603,310,1788.0,1998.0
int__tai20_20_08,1603,311,1819.0,2075.0
int__tai20_20_08,1603,312,1733.0,1950.0
int__tai20_20_08,1603,313,1898.0,2074.0
int__tai20_20_08,1603,314,1794.0,2037.0
int__tai20_20_08,1603,315,1721.0,1964.0
int__tai20_20_08,1603,316,1795.0,2002.0
int__tai20_20_08,1603,317,1824.0,2094.0
int__tai20_20_08,1603,318,1732.0,1964.0
int__tai20_20_08,1603,319,1850.0,2080.0
int__tai20_20_08,1603,320,1785.0,1987.0
int__tai20_20_08,1603,321,1812.0,2046.0
int__tai20_20_08,1603,322,1765.0,1950.0
int__tai20_20_08,1603,323,1824.0,2053.0
int__tai20_20_08,1603,324,1826.0,2071.0
int__tai20_20_08,1603,325,1776.0,2052.0
int__tai20_20_08,1603,326,1788.0,2040.0
int__tai20_20_08,1603,327,1792.0,1971.0
int__tai20_20_08,1603,328,1771.0,1994.0
int__tai20_20_08,1603,329,1865.0,2138.0
int__tai20_20_08,1603,330,1783.0,1993.0
int__tai20_20_08,1603,331,1748.0,2023.0
int__tai20_20_08,1603,332,1831.0,2036.0
int__tai20_20_08,1603,333,1768.0,1977.0
int__tai20_20_08,1603,334,1832.0,2051.0
int__tai20_20_08,1603,335,1799.0,2027.0
int__tai20_20_08,1603,336,1856.0,2029.0
int__tai20_20_08,1603,337,1764.0,1983.0
int__tai20_20_08,1603,338,1789.0,2034.0
int__tai20_20_08,1603,339,1918.0,2147.0
int__tai20_20_08,1603,340,1838.0,2042.0
int__tai20_20_08,1603,341,1873.0,2113.0
int__tai20_20_08,1603,342,1795.0,2003.0
int__tai20_20_08,1603,343,1863.0,2115.0
int__tai20_20_08,1603,344,1796.0,2001.0
int__tai20_20_08,1603,345,1824.0,2032.0
int__tai20_20_08,1603,346,1712.0,1923.0
int__tai20_20_08,1603,347,1775.0,1999.0
int__tai20_20_08,1603,348,1851.0,2040.0
int__tai20_20_08,1603,349,1808.0,2027.0
int__tai20_20_08,1603,350,1808.0,2058.0
int__tai20_20_08,1603,351,1968.0,2208.0
int__tai20_20_08,1603,352,1817.0,2077.0
int__tai20_20_08,1603,353,1829.0,2100.0
int__tai20_20_08,1603,354,1863.0,2075.0
int__tai20_20_08,1603,355,1839.0,2042.0
int__tai20_20_08,1603,356,1843.0,2085.0
int__tai20_20_08,1603,357,1765.0,1993.0
int__tai20_20_08,1603,358,1856.0,2041.0
int__tai20_20_08,1603,359,1821.0,2064.0
int__tai20_20_08,1603,360,1850.0,2055.0
int__tai20_20_08,1603,361,1746.0,1971.0
int__tai20_20_08,1603,362,1824.0,2058.0
int__tai20_20_08,1603,363,1712.0,1909.0
int__tai20_20_08,1603,364,1818.0,2047.0
int__tai20_20_08,1603,365,1787.0,2032.0
int__tai20_20_08,1603,366,1830.0,2049.0
int__tai20_20_08,1603,367,1926.0,2152.0
int__tai20_20_08,1603,368,1817.0,2020.0
int__tai20_20_08,1603,369,1856.0,2079.0
int__tai20_20_08,1603,370,1847.0,2062.0
int__tai20_20_08,1603,371,1823.0,2087.0
int__tai20_20_08,1603,372,1812.0,2012.0
int__tai20_20_08,1603,373,1865.0,2130.0
int__tai20_20_08,1603,374,1736.0,1970.0
int__tai20_20_08,1603,375,1809.0,2047.0
int__tai20_20_08,1603,376,1721.0,1935.0
int__tai20_20_08,1603,377,1820.0,2080.0
int__tai20_20_08,1603,378,1856.0,2117.0
int__tai20_20_08,1603,379,1866.0,2121.0
int__tai20_20_08,1603,380,1907.0,2162.0
int__tai20_20_08,1603,381,1853.0,2095.0
int__tai20_20_08,1603,382,1861.0,2077.0
int__tai20_20_08,1603,383,1819.0,2035.0
int__tai20_20_08,1603,384,1853.0,2085.0
int__tai20_20_08,1603,385,1817.0,2021.0
int__tai20_20_08,1603,386,1725.0,1964.0
int__tai20_20_08,1603,387,1780.0,2026.0
int__tai20_20_08,1603,388,1893.0,2129.0
int__tai20_20_08,1603,389,2005.0,2249.0
int__tai20_20_08,1603,390,1823.0,2052.0
int__tai20_20_08,1603,391,1728.0,1945.0
int__tai20_20_08,1603,392,1794.0,2022.0
int__tai20_20_08,1603,393,1765.0,1993.0
int__tai20_20_08,1603,394,1764.0,1987.0
int__tai20_20_08,1603,395,1768.0,1952.0
int__tai20_20_08,1603,396,1769.0,1963.0
int__tai20_20_08,1603,397,1835.0,2068.0
int__tai20_20_08,1603,398,1829.0,2044.0
int__tai20_20_08,1603,399,1881.0,2084.0
int__tai20_20_08,1603,400,1780.0,1984.0
int__tai20_20_08,1603,401,1855.0,2073.0
int__tai20_20_08,1603,402,1805.0,2020.0
int__tai20_20_08,1603,403,1709.0,1980.0
int__tai20_20_08,1603,404,1829.0,1986.0
int__tai20_20_08,1603,405,1799.0,2057.0
int__tai20_20_08,1603,406,1839.0,2052.0
int__tai20_20_08,1603,407,1824.0,2053.0
int__tai20_20_08,1603,408,1857.0,2135.0
int__tai20_20_08,1603,409,1768.0,2015.0
int__tai20_20_08,1603,410,1705.0,1944.0
int__tai20_20_08,1603,411,1823.0,2071.0
int__tai20_20_08,1603,412,1794.0,2069.0
int__tai20_20_08,1603,413,1794.0,2026.0
int__tai20_20_08,1603,414,1719.0,1954.0
int__tai20_20_08,1603,415,1821.0,2057.0
int__tai20_20_08,1603,416,1743.0,1958.0
int__tai20_20_08,1603,417,1813.0,2018.0
int__tai20_20_08,1603,418,1816.0,2026.0
int__tai20_20_08,1603,419,1816.0,2044.0
int__tai20_20_08,1603,420,1827.0,2044.0
int__tai20_20_08,1603,421,1834.0,2054.0
int__tai20_20_08,1603,422,1742.0,1951.0
int__tai20_20_08,1603,423,1809.0,2111.0
int__tai20_20_08,1603,424,1908.0,2113.0
int__tai20_20_08,1603,425,1748.0,1939.0
int__tai20_20_08,1603,426,1842.0,2061.0
int__tai20_20_08,1603,427,1816.0,2033.0
int__tai20_20_08,1603,428,1836.0,2028.0
int__tai20_20_08,1603,429,1796.0,1974.0
int__tai20_20_08,1603,430,1917.0,2174.0
int__tai20_20_08,1603,431,1785.0,2003.0
int__tai20_20_08,1603,432,1821.0,2057.0
int__tai20_20_08,1603,433,1794.0,2037.0
int__tai20_20_08,1603,434,1781.0,2038.0
int__tai20_20_08,1603,435,1792.0,2054.0
int__tai20_20_08,1603,436,1828.0,2069.0
int__tai20_20_08,1603,437,1812.0,2083.0
int__tai20_20_08,1603,438,1801.0,2004.0
int__tai20_20_08,1603,439,1845.0,2041.0
int__tai20_20_08,1603,440,1778.0,2017.0
int__tai20_20_08,1603,441,1759.0,2022.0
int__tai20_20_08,1603,442,1759.0,1969.0
int__tai20_20_08,1603,443,1848.0,2098.0
int__tai20_20_08,1603,444,1720.0,1971.0
int__tai20_20_08,1603,445,1866.0,2095.0
int__tai20_20_08,1603,446,1824.0,2055.0
int__tai20_20_08,1603,447,1806.0,2041.0
int__tai20_20_08,1603,448,1784.0,2012.0
int__tai20_20_08,1603,449,1782.0,1990.0
int__tai20_20_08,1603,450,1883.0,2097.0
int__tai20_20_08,1603,451,1862.0,2057.0
int__tai20_20_08,1603,452,1871.0,2159.0
int__tai20_20_08,1603,453,1853.0,2094.0
int__tai20_20_08,1603,454,1785.0,1972.0
int__tai20_20_08,1603,455,1782.0,2041.0
int__tai20_20_08,1603,456,1796.0,1956.0
int__tai20_20_08,1603,457,1770.0,2006.0
int__tai20_20_08,1603,458,1752.0,1966.0
int__tai20_20_08,1603,459,1766.0,2001.0
int__tai20_20_08,1603,460,1814.0,2042.0
int__tai20_20_08,1603,461,1679.0,1920.0
int__tai20_20_08,1603,462,1729.0,1960.0
int__tai20_20_08,1603,463,1942.0,2170.0
int__tai20_20_08,1603,464,1782.0,2016.0
int__tai20_20_08,1603,465,1883.0,2135.0
int__tai20_20_08,1603,466,1745.0,1993.0
int__tai20_20_08,1603,467,1850.0,2037.0
int__tai20_20_08,1603,468,1893.0,2114.0
int__tai20_20_08,1603,469,1779.0,2038.0
int__tai20_20_08,1603,470,1951.0,2163.0
int__tai20_20_08,1603,471,1766.0,2044.0
int__tai20_20_08,1603,472,1708.0,1962.0
int__tai20_20_08,1603,473,1758.0,1955.0
int__tai20_20_08,1603,474,1730.0,1921.0
int__tai20_20_08,1603,475,1847.0,2039.0
int__tai20_20_08,1603,476,1728.0,1944.0
int__tai20_20_08,1603,477,1783.0,2033.0
int__tai20_20_08,1603,478,1859.0,2069.0
int__tai20_20_08,1603,479,1730.0,1946.0
int__tai20_20_08,1603,480,1877.0,2141.0
int__tai20_20_08,1603,481,1830.0,2048.0
int__tai20_20_08,1603,482,1823.0,2041.0
int__tai20_20_08,1603,483,1765.0,2022.0
int__tai20_20_08,1603,484,1805.0,2001.0
int__tai20_20_08,1603,485,1864.0,2084.0
int__tai20_20_08,1603,486,1856.0,2072.0
int__tai20_20_08,1603,487,1773.0,2011.0
int__tai20_20_08,1603,488,1737.0,1952.0
int__tai20_20_08,1603,489,1813.0,2037.0
int__tai20_20_08,1603,490,1868.0,2102.0
int__tai20_20_08,1603,491,1856.0,2096.0
int__tai20_20_08,1603,492,1807.0,2040.0
int__tai20_20_08,1603,493,1778.0,1994.0
int__tai20_20_08,1603,494,1815.0,2037.0
int__tai20_20_08,1603,495,1824.0,2060.0
int__tai20_20_08,1603,496,1792.0,1996.0
int__tai20_20_08,1603,497,1721.0,1956.0
int__tai20_20_08,1603,498,1733.0,1964.0
int__tai20_20_08,1603,499,1840.0,2059.0
int__tai20_20_08,1603,500,1834.0,2082.0
int__tai20_20_08,1603,501,1814.0,2074.0
int__tai20_20_08,1603,502,1839.0,2084.0
int__tai20_20_08,1603,503,1866.0,2112.0
int__tai20_20_08,1603,504,1849.0,2107.0
int__tai20_20_08,1603,505,1791.0,2027.0
int__tai20_20_08,1603,506,1885.0,2069.0
int__tai20_20_08,1603,507,1827.0,2057.0
int__tai20_20_08,1603,508,1809.0,2034.0
int__tai20_20_08,1603,509,1695.0,1929.0
int__tai20_20_08,1603,510,1772.0,2044.0
int__tai20_20_08,1603,511,1761.0,1978.0
int__tai20_20_08,1603,512,1869.0,2076.0
int__tai20_20_08,1603,513,1792.0,2014.0
int__tai20_20_08,1603,514,1870.0,2099.0
int__tai20_20_08,1603,515,1783.0,2025.0
int__tai20_20_08,1603,516,1763.0,1948.0
int__tai20_20_08,1603,517,1812.0,1998.0
int__tai20_20_08,1603,518,1781.0,2011.0
int__tai20_20_08,1603,519,1792.0,2016.0
int__tai20_20_08,1603,520,1814.0,2065.0
int__tai20_20_08,1603,521,1744.0,1913.0
int__tai20_20_08,1603,522,1812.0,2054.0
int__tai20_20_08,1603,523,1800.0,2005.0
int__tai20_20_08,1603,524,1939.0,2149.0
int__tai20_20_08,1603,525,1744.0,1981.0
int__tai20_20_08,1603,526,1773.0,2022.0
int__tai20_20_08,1603,527,1782.0,2042.0
int__tai20_20_08,1603,528,1902.0,2137.0
int__tai20_20_08,1603,529,1819.0,2049.0
int__tai20_20_08,1603,530,1882.0,2091.0
int__tai20_20_08,1603,531,1821.0,2032.0
int__tai20_20_08,1603,532,1769.0,2015.0
int__tai20_20_08,1603,533,1793.0,2005.0
int__tai20_20_08,1603,534,1887.0,2118.0
int__tai20_20_08,1603,535,1838.0,2068.0
int__tai20_20_08,1603,536,1804.0,2001.0
int__tai20_20_08,1603,537,1814.0,2040.0
int__tai20_20_08,1603,538,1833.0,2111.0
int__tai20_20_08,1603,539,1747.0,1981.0
int__tai20_20_08,1603,540,1787.0,1979.0
int__tai20_20_08,1603,541,1875.0,2057.0
int__tai20_20_08,1603,542,1760.0,1912.0
int__tai20_20_08,1603,543,1903.0,2151.0
int__tai20_20_08,1603,544,1867.0,2098.0
int__tai20_20_08,1603,545,1842.0,2106.0
int__tai20_20_08,1603,546,1746.0,1947.0
int__tai20_20_08,1603,547,1748.0,1957.0
int__tai20_20_08,1603,548,1791.0,1952.0
int__tai20_20_08,1603,549,1784.0,1981.0
int__tai20_20_08,1603,550,1791.0,2048.0
int__tai20_20_08,1603,551,1769.0,1994.0
int__tai20_20_08,1603,552,1821.0,2036.0
int__tai20_20_08,1603,553,1797.0,2039.0
int__tai20_20_08,1603,554,1759.0,1973.0
int__tai20_20_08,1603,555,1871.0,2118.0
int__tai20_20_08,1603,556,1870.0,2090.0
int__tai20_20_08,1603,557,1720.0,1921.0
int__tai20_20_08,1603,558,1931.0,2168.0
int__tai20_20_08,1603,559,1847.0,2075.0
int__tai20_20_08,1603,560,1855.0,2081.0
int__tai20_20_08,1603,561,1740.0,1971.0
int__tai20_20_08,1603,562,1718.0,1953.0
int__tai20_20_08,1603,563,1779.0,2006.0
int__tai20_20_08,1603,564,1766.0,1993.0
int__tai20_20_08,1603,565,1766.0,1991.0
int__tai20_20_08,1603,566,1792.0,2016.0
int__tai20_20_08,1603,567,1785.0,1990.0
int__tai20_20_08,1603,568,1837.0,2072.0
int__tai20_20_08,1603,569,1803.0,2071.0
int__tai20_20_08,1603,570,1771.0,2016.0
int__tai20_20_08,1603,571,1833.0,2088.0
int__tai20_20_08,1603,572,1868.0,2118.0
int__tai20_20_08,1603,573,1926.0,2128.0
int__tai20_20_08,1603,574,1736.0,1977.0
int__tai20_20_08,1603,575,1828.0,2046.0
int__tai20_20_08,1603,576,1766.0,1980.0
int__tai20_20_08,1603,577,1815.0,2014.0
int__tai20_20_08,1603,578,1823.0,2037.0
int__tai20_20_08,1603,579,1697.0,1936.0
int__tai20_20_08,1603,580,1840.0,2111.0
int__tai20_20_08,1603,581,1744.0,1996.0
int__tai20_20_08,1603,582,1821.0,2047.0
int__tai20_20_08,1603,583,1765.0,1931.0
int__tai20_20_08,1603,584,1755.0,1985.0
int__tai20_20_08,1603,585,1885.0,2126.0
int__tai20_20_08,1603,586,1779.0,1989.0
int__tai20_20_08,1603,587,1830.0,2098.0
int__tai20_20_08,1603,588,1784.0,1996.0
int__tai20_20_08,1603,589,1840.0,2072.0
int__tai20_20_08,1603,590,1876.0,2122.0
int__tai20_20_08,1603,591,1870.0,2092.0
int__tai20_20_08,1603,592,1746.0,1991.0
int__tai20_20_08,1603,593,1830.0,2102.0
int__tai20_20_08,1603,594,1802.0,2047.0
int__tai20_20_08,1603,595,1834.0,2064.0
int__tai20_20_08,1603,596,1845.0,2028.0
int__tai20_20_08,1603,597,1781.0,2006.0
int__tai20_20_08,1603,598,1818.0,2052.0
int__tai20_20_08,1603,599,1761.0,1976.0
int__tai20_20_08,1603,600,1854.0,2080.0
int__tai20_20_08,1603,601,1940.0,2156.0
int__tai20_20_08,1603,602,1906.0,2131.0
int__tai20_20_08,1603,603,1794.0,2011.0
int__tai20_20_08,1603,604,1790.0,2033.0
int__tai20_20_08,1603,605,1792.0,2037.0
int__tai20_20_08,1603,606,1867.0,2021.0
int__tai20_20_08,1603,607,1822.0,2053.0
int__tai20_20_08,1603,608,1727.0,1973.0
int__tai20_20_08,1603,609,1864.0,2121.0
int__tai20_20_08,1603,610,1846.0,2028.0
int__tai20_20_08,1603,611,1757.0,1979.0
int__tai20_20_08,1603,612,1717.0,1920.0
int__tai20_20_08,1603,613,1859.0,2041.0
int__tai20_20_08,1603,614,1785.0,2043.0
int__tai20_20_08,1603,615,1883.0,2147.0
int__tai20_20_08,1603,616,1717.0,1933.0
int__tai20_20_08,1603,617,1816.0,2075.0
int__tai20_20_08,1603,618,1763.0,1961.0
int__tai20_20_08,1603,619,1738.0,1946.0
int__tai20_20_08,1603,620,1769.0,2021.0
int__tai20_20_08,1603,621,1888.0,2115.0
int__tai20_20_08,1603,622,1804.0,2016.0
int__tai20_20_08,1603,623,1767.0,1980.0
int__tai20_20_08,1603,624,1875.0,2102.0
int__tai20_20_08,1603,625,1746.0,1994.0
int__tai20_20_08,1603,626,1836.0,2059.0
int__tai20_20_08,1603,627,1833.0,2068.0
int__tai20_20_08,1603,628,1727.0,1971.0
int__tai20_20_08,1603,629,1836.0,2077.0
int__tai20_20_08,1603,630,1763.0,1968.0
int__tai20_20_08,1603,631,1893.0,2147.0
int__tai20_20_08,1603,632,1868.0,2093.0
int__tai20_20_08,1603,633,1746.0,1956.0
int__tai20_20_08,1603,634,1747.0,1978.0
int__tai20_20_08,1603,635,1745.0,1958.0
int__tai20_20_08,1603,636,1892.0,2108.0
int__tai20_20_08,1603,637,1823.0,2092.0
int__tai20_20_08,1603,638,1747.0,1931.0
int__tai20_20_08,1603,639,1850.0,2136.0
int__tai20_20_08,1603,640,1851.0,2095.0
int__tai20_20_08,1603,641,1795.0,2031.0
int__tai20_20_08,1603,642,1778.0,1989.0
int__tai20_20_08,1603,643,1803.0,1987.0
int__tai20_20_08,1603,644,1792.0,2009.0
int__tai20_20_08,1603,645,1783.0,1970.0
int__tai20_20_08,1603,646,1786.0,2057.0
int__tai20_20_08,1603,647,1828.0,2069.0
int__tai20_20_08,1603,648,1760.0,1975.0
int__tai20_20_08,1603,649,1739.0,1964.0
int__tai20_20_08,1603,650,1921.0,2180.0
int__tai20_20_08,1603,651,1823.0,2061.0
int__tai20_20_08,1603,652,1924.0,2174.0
int__tai20_20_08,1603,653,1789.0,2017.0
int__tai20_20_08,1603,654,1712.0,1970.0
int__tai20_20_08,1603,655,1868.0,2076.0
int__tai20_20_08,1603,656,1748.0,1923.0
int__tai20_20_08,1603,657,1820.0,2064.0
int__tai20_20_08,1603,658,1764.0,2019.0
int__tai20_20_08,1603,659,1724.0,1953.0
int__tai20_20_08,1603,660,1829.0,2044.0
int__tai20_20_08,1603,661,1677.0,1901.0
int__tai20_20_08,1603,662,1717.0,1966.0
int__tai20_20_08,1603,663,1774.0,1996.0
int__tai20_20_08,1603,664,1889.0,2153.0
int__tai20_20_08,1603,665,1856.0,2131.0
int__tai20_20_08,1603,666,1829.0,2031.0
int__tai20_20_08,1603,667,1790.0,2018.0
int__tai20_20_08,1603,668,1783.0,1988.0
int__tai20_20_08,1603,669,1827.0,2092.0
int__tai20_20_08,1603,670,1784.0,2046.0
int__tai20_20_08,1603,671,1805.0,2035.0
int__tai20_20_08,1603,672,1852.0,2095.0
int__tai20_20_08,1603,673,1879.0,2113.0
int__tai20_20_08,1603,674,1839.0,2068.0
int__tai20_20_08,1603,675,1838.0,2064.0
int__tai20_20_08,1603,676,1872.0,2082.0
int__tai20_20_08,1603,677,1743.0,1976.0
int__tai20_20_08,1603,678,1853.0,2113.0
int__tai20_20_08,1603,679,1790.0,2034.0
int__tai20_20_08,1603,680,1799.0,2056.0
int__tai20_20_08,1603,681,1913.0,2145.0
int__tai20_20_08,1603,682,1804.0,2057.0
int__tai20_20_08,1603,683,1778.0,1993.0
int__tai20_20_08,1603,684,1747.0,1936.0
int__tai20_20_08,1603,685,1812.0,2020.0
int__tai20_20_08,1603,686,1926.0,2162.0
int__tai20_20_08,1603,687,1752.0,1994.0
int__tai20_20_08,1603,688,1791.0,2015.0
int__tai20_20_08,1603,689,1883.0,2095.0
int__tai20_20_08,1603,690,1797.0,2041.0
int__tai20_20_08,1603,691,1788.0,2015.0
int__tai20_20_08,1603,692,1764.0,1949.0
int__tai20_20_08,1603,693,1866.0,2079.0
int__tai20_20_08,1603,694,1828.0,2017.0
int__tai20_20_08,1603,695,1850.0,2076.0
int__tai20_20_08,1603,696,1765.0,1986.0
int__tai20_20_08,1603,697,1849.0,2077.0
int__tai20_20_08,1603,698,1780.0,2008.0
int__tai20_20_08,1603,699,1847.0,2045.0
int__tai20_20_08,1603,700,1792.0,2025.0
int__tai20_20_08,1603,701,1792.0,2027.0
int__tai20_20_08,1603,702,1829.0,2062.0
int__tai20_20_08,1603,703,1770.0,1981.0
int__tai20_20_08,1603,704,1784.0,2004.0
int__tai20_20_08,1603,705,1745.0,1982.0
int__tai20_20_08,1603,706,1903.0,2145.0
int__tai20_20_08,1603,707,1769.0,2026.0
int__tai20_20_08,1603,708,1731.0,1969.0
int__tai20_20_08,1603,709,1843.0,2026.0
int__tai20_20_08,1603,710,1818.0,2050.0
int__tai20_20_08,1603,711,1830.0,2091.0
int__tai20_20_08,1603,712,1755.0,2014.0
int__tai20_20_08,1603,713,1741.0,1959.0
int__tai20_20_08,1603,714,1747.0,1976.0
int__tai20_20_08,1603,715,1747.0,1942.0
int__tai20_20_08,1603,716,1757.0,1937.0
int__tai20_20_08,1603,717,1787.0,2018.0
int__tai20_20_08,1603,718,1822.0,2036.0
int__tai20_20_08,1603,719,1747.0,1958.0
int__tai20_20_08,1603,720,1885.0,2142.0
int__tai20_20_08,1603,721,1777.0,2009.0
int__tai20_20_08,1603,722,1750.0,1957.0
int__tai20_20_08,1603,723,1781.0,2004.0
int__tai20_20_08,1603,724,1691.0,1911.0
int__tai20_20_08,1603,725,1704.0,1909.0
int__tai20_20_08,1603,726,1825.0,2139.0
int__tai20_20_08,1603,727,1765.0,1974.0
int__tai20_20_08,1603,728,1880.0,2125.0
int__tai20_20_08,1603,729,1829.0,2037.0
int__tai20_20_08,1603,730,1844.0,2080.0
int__tai20_20_08,1603,731,1860.0,2055.0
int__tai20_20_08,1603,732,1723.0,1938.0
int__tai20_20_08,1603,733,1832.0,2010.0
int__tai20_20_08,1603,734,1700.0,1963.0
int__tai20_20_08,1603,735,1832.0,2073.0
int__tai20_20_08,1603,736,1755.0,1986.0
int__tai20_20_08,1603,737,1800.0,2005.0
int__tai20_20_08,1603,738,1774.0,2056.0
int__tai20_20_08,1603,739,1791.0,1988.0
int__tai20_20_08,1603,740,1822.0,2087.0
int__tai20_20_08,1603,741,1894.0,2069.0
int__tai20_20_08,1603,742,1789.0,2030.0
int__tai20_20_08,1603,743,1727.0,1943.0
int__tai20_20_08,1603,744,1840.0,2094.0
int__tai20_20_08,1603,745,1772.0,1995.0
int__tai20_20_08,1603,746,1776.0,2038.0
int__tai20_20_08,1603,747,1794.0,2001.0
int__tai20_20_08,1603,748,1785.0,1989.0
int__tai20_20_08,1603,749,1783.0,2029.0
int__tai20_20_08,1603,750,1783.0,1968.0
int__tai20_20_08,1603,751,1833.0,2025.0
int__tai20_20_08,1603,752,1743.0,1932.0
int__tai20_20_08,1603,753,1926.0,2138.0
int__tai20_20_08,1603,754,1917.0,2158.0
int__tai20_20_08,1603,755,1848.0,2061.0
int__tai20_20_08,1603,756,1804.0,2040.0
int__tai20_20_08,1603,757,1762.0,1985.0
int__tai20_20_08,1603,758,1792.0,2055.0
int__tai20_20_08,1603,759,1754.0,1945.0
int__tai20_20_08,1603,760,1838.0,2082.0
int__tai20_20_08,1603,761,1714.0,1902.0
int__tai20_20_08,1603,762,1731.0,1956.0
int__tai20_20_08,1603,763,1756.0,1996.0
int__tai20_20_08,1603,764,1814.0,2034.0
int__tai20_20_08,1603,765,1857.0,2070.0
int__tai20_20_08,1603,766,1897.0,2142.0
int__tai20_20_08,1603,767,1824.0,2036.0
int__tai20_20_08,1603,768,1771.0,2012.0
int__tai20_20_08,1603,769,1822.0,2077.0
int__tai20_20_08,1603,770,1769.0,1992.0
int__tai20_20_08,1603,771,1784.0,2021.0
int__tai20_20_08,1603,772,1824.0,2029.0
int__tai20_20_08,1603,773,1825.0,2098.0
int__tai20_20_08,1603,774,1831.0,1997.0
int__tai20_20_08,1603,775,1791.0,2009.0
int__tai20_20_08,1603,776,1724.0,1971.0
int__tai20_20_08,1603,777,1768.0,1977.0
int__tai20_20_08,1603,778,1888.0,2116.0
int__tai20_20_08,1603,779,1780.0,2014.0
int__tai20_20_08,1603,780,1733.0,1969.0
int__tai20_20_08,1603,781,1794.0,2009.0
int__tai20_20_08,1603,782,1796.0,2025.0
int__tai20_20_08,1603,783,1769.0,2016.0
int__tai20_20_08,1603,784,1865.0,2092.0
int__tai20_20_08,1603,785,1842.0,2067.0
int__tai20_20_08,1603,786,1775.0,1992.0
int__tai20_20_08,1603,787,1853.0,2085.0
int__tai20_20_08,1603,788,1832.0,2084.0
int__tai20_20_08,1603,789,1852.0,2096.0
int__tai20_20_08,1603,790,1715.0,1936.0
int__tai20_20_08,1603,791,1805.0,2032.0
int__tai20_20_08,1603,792,1863.0,2055.0
int__tai20_20_08,1603,793,1924.0,2221.0
int__tai20_20_08,1603,794,1770.0,2012.0
int__tai20_20_08,1603,795,1897.0,2171.0
int__tai20_20_08,1603,796,1838.0,2105.0
int__tai20_20_08,1603,797,1735.0,1951.0
int__tai20_20_08,1603,798,1800.0,1980.0
int__tai20_20_08,1603,799,1833.0,2063.0
int__tai20_20_08,1603,800,1885.0,2119.0
int__tai20_20_08,1603,801,1854.0,2079.0
int__tai20_20_08,1603,802,1824.0,2086.0
int__tai20_20_08,1603,803,1869.0,2134.0
int__tai20_20_08,1603,804,1851.0,2089.0
int__tai20_20_08,1603,805,1871.0,2106.0
int__tai20_20_08,1603,806,1776.0,2029.0
int__tai20_20_08,1603,807,1728.0,1941.0
int__tai20_20_08,1603,808,1779.0,2032.0
int__tai20_20_08,1603,809,1862.0,2089.0
int__tai20_20_08,1603,810,1859.0,2072.0
int__tai20_20_08,1603,811,1890.0,2109.0
int__tai20_20_08,1603,812,1845.0,2092.0
int__tai20_20_08,1603,813,1862.0,2077.0
int__tai20_20_08,1603,814,1801.0,2041.0
int__tai20_20_08,1603,815,1870.0,2097.0
int__tai20_20_08,1603,816,1835.0,2127.0
int__tai20_20_08,1603,817,1914.0,2176.0
int__tai20_20_08,1603,818,1885.0,2112.0
int__tai20_20_08,1603,819,1757.0,1979.0
int__tai20_20_08,1603,820,1876.0,2085.0
int__tai20_20_08,1603,821,1784.0,2030.0
int__tai20_20_08,1603,822,1805.0,2068.0
int__tai20_20_08,1603,823,1810.0,2026.0
int__tai20_20_08,1603,824,1739.0,1909.0
int__tai20_20_08,1603,825,1751.0,1972.0
int__tai20_20_08,1603,826,1934.0,2161.0
int__tai20_20_08,1603,827,1886.0,2087.0
int__tai20_20_08,1603,828,1748.0,1974.0
int__tai20_20_08,1603,829,1787.0,2032.0
int__tai20_20_08,1603,830,1776.0,2007.0
int__tai20_20_08,1603,831,1804.0,2035.0
int__tai20_20_08,1603,832,1819.0,2059.0
int__tai20_20_08,1603,833,1850.0,2073.0
int__tai20_20_08,1603,834,1860.0,2051.0
int__tai20_20_08,1603,835,1823.0,2053.0
int__tai20_20_08,1603,836,1854.0,2101.0
int__tai20_20_08,1603,837,1785.0,2016.0
int__tai20_20_08,1603,838,1824.0,2048.0
int__tai20_20_08,1603,839,1837.0,2064.0
int__tai20_20_08,1603,840,1816.0,2042.0
int__tai20_20_08,1603,841,1774.0,1972.0
int__tai20_20_08,1603,842,1822.0,2078.0
int__tai20_20_08,1603,843,1752.0,1981.0
int__tai20_20_08,1603,844,1840.0,2123.0
int__tai20_20_08,1603,845,1870.0,2132.0
int__tai20_20_08,1603,846,1867.0,2102.0
int__tai20_20_08,1603,847,1822.0,2048.0
int__tai20_20_08,1603,848,1763.0,1980.0
int__tai20_20_08,1603,849,1740.0,1965.0
int__tai20_20_08,1603,850,1800.0,2025.0
int__tai20_20_08,1603,851,1941.0,2209.0
int__tai20_20_08,1603,852,1770.0,2032.0
int__tai20_20_08,1603,853,1863.0,2103.0
int__tai20_20_08,1603,854,1868.0,2121.0
int__tai20_20_08,1603,855,1752.0,1977.0
int__tai20_20_08,1603,856,1903.0,2133.0
int__tai20_20_08,1603,857,1857.0,2064.0
int__tai20_20_08,1603,858,1817.0,2064.0
int__tai20_20_08,1603,859,1732.0,1956.0
int__tai20_20_08,1603,860,1767.0,1951.0
int__tai20_20_08,1603,861,1863.0,2098.0
int__tai20_20_08,1603,862,1815.0,1992.0
int__tai20_20_08,1603,863,1763.0,2011.0
int__tai20_20_08,1603,864,1781.0,2047.0
int__tai20_20_08,1603,865,1783.0,1992.0
int__tai20_20_08,1603,866,1884.0,2119.0
int__tai20_20_08,1603,867,1700.0,1916.0
int__tai20_20_08,1603,868,1760.0,1973.0
int__tai20_20_08,1603,869,1902.0,2108.0
int__tai20_20_08,1603,870,1736.0,1947.0
int__tai20_20_08,1603,871,1833.0,2033.0
int__tai20_20_08,1603,872,1810.0,2034.0
int__tai20_20_08,1603,873,1797.0,1987.0
int__tai20_20_08,1603,874,1751.0,2017.0
int__tai20_20_08,1603,875,1814.0,2053.0
int__tai20_20_08,1603,876,1877.0,2088.0
int__tai20_20_08,1603,877,1729.0,1931.0
int__tai20_20_08,1603,878,1816.0,2025.0
int__tai20_20_08,1603,879,1834.0,2080.0
int__tai20_20_08,1603,880,1831.0,2054.0
int__tai20_20_08,1603,881,1782.0,2028.0
int__tai20_20_08,1603,882,1814.0,2052.0
int__tai20_20_08,1603,883,1893.0,2132.0
int__tai20_20_08,1603,884,1818.0,2013.0
int__tai20_20_08,1603,885,1745.0,1917.0
int__tai20_20_08,1603,886,1791.0,2024.0
int__tai20_20_08,1603,887,1837.0,2071.0
int__tai20_20_08,1603,888,1785.0,1998.0
int__tai20_20_08,1603,889,1974.0,2217.0
int__tai20_20_08,1603,890,1761.0,1978.0
int__tai20_20_08,1603,891,1780.0,2052.0
int__tai20_20_08,1603,892,1823.0,2085.0
int__tai20_20_08,1603,893,1837.0,2059.0
int__tai20_20_08,1603,894,1796.0,1998.0
int__tai20_20_08,1603,895,1827.0,2076.0
int__tai20_20_08,1603,896,1676.0,1907.0
int__tai20_20_08,1603,897,1812.0,2026.0
int__tai20_20_08,1603,898,1785.0,2051.0
int__tai20_20_08,1603,899,1759.0,1975.0
int__tai20_20_08,1603,900,1828.0,2036.0
int__tai20_20_08,1603,901,1757.0,2002.0
int__tai20_20_08,1603,902,1781.0,1971.0
int__tai20_20_08,1603,903,1876.0,2081.0
int__tai20_20_08,1603,904,1867.0,2076.0
int__tai20_20_08,1603,905,1900.0,2114.0
int__tai20_20_08,1603,906,1834.0,2062.0
int__tai20_20_08,1603,907,1789.0,2040.0
int__tai20_20_08,1603,908,1760.0,1969.0
int__tai20_20_08,1603,909,1792.0,2023.0
int__tai20_20_08,1603,910,1802.0,1995.0
int__tai20_20_08,1603,911,1820.0,2042.0
int__tai20_20_08,1603,912,1880.0,2128.0
int__tai20_20_08,1603,913,1745.0,1965.0
int__tai20_20_08,1603,914,1850.0,2058.0
int__tai20_20_08,1603,915,1803.0,2004.0
int__tai20_20_08,1603,916,1702.0,1925.0
int__tai20_20_08,1603,917,1788.0,2009.0
int__tai20_20_08,1603,918,1739.0,1963.0
int__tai20_20_08,1603,919,1874.0,2093.0
int__tai20_20_08,1603,920,1891.0,2110.0
int__tai20_20_08,1603,921,1854.0,2096.0
int__tai20_20_08,1603,922,1872.0,2127.0
int__tai20_20_08,1603,923,1799.0,2055.0
int__tai20_20_08,1603,924,1807.0,2051.0
int__tai20_20_08,1603,925,1719.0,1961.0
int__tai20_20_08,1603,926,1746.0,2002.0
int__tai20_20_08,1603,927,1773.0,1993.0
int__tai20_20_08,1603,928,1812.0,2055.0
int__tai20_20_08,1603,929,1781.0,2022.0
int__tai20_20_08,1603,930,1875.0,2106.0
int__tai20_20_08,1603,931,1870.0,2123.0
int__tai20_20_08,1603,932,1788.0,1995.0
int__tai20_20_08,1603,933,1788.0,1948.0
int__tai20_20_08,1603,934,1849.0,2058.0
int__tai20_20_08,1603,935,1896.0,2117.0
int__tai20_20_08,1603,936,1874.0,2097.0
int__tai20_20_08,1603,937,1893.0,2152.0
int__tai20_20_08,1603,938,1810.0,1997.0
int__tai20_20_08,1603,939,1889.0,2074.0
int__tai20_20_08,1603,940,1786.0,2028.0
int__tai20_20_08,1603,941,1813.0,2061.0
int__tai20_20_08,1603,942,1743.0,1960.0
int__tai20_20_08,1603,943,1754.0,1958.0
int__tai20_20_08,1603,944,1797.0,2034.0
int__tai20_20_08,1603,945,1844.0,2024.0
int__tai20_20_08,1603,946,1940.0,2142.0
int__tai20_20_08,1603,947,1812.0,2037.0
int__tai20_20_08,1603,948,1865.0,2077.0
int__tai20_20_08,1603,949,1744.0,1976.0
int__tai20_20_08,1603,950,1724.0,1943.0
int__tai20_20_08,1603,951,1871.0,2020.0
int__tai20_20_08,1603,952,1769.0,1976.0
int__tai20_20_08,1603,953,1879.0,2145.0
int__tai20_20_08,1603,954,1807.0,2051.0
int__tai20_20_08,1603,955,1823.0,2065.0
int__tai20_20_08,1603,956,1824.0,2058.0
int__tai20_20_08,1603,957,1893.0,2120.0
int__tai20_20_08,1603,958,1829.0,2089.0
int__tai20_20_08,1603,959,1740.0,1961.0
int__tai20_20_08,1603,960,1798.0,2019.0
int__tai20_20_08,1603,961,1712.0,1935.0
int__tai20_20_08,1603,962,1806.0,2036.0
int__tai20_20_08,1603,963,1904.0,2160.0
int__tai20_20_08,1603,964,1704.0,1919.0
int__tai20_20_08,1603,965,1768.0,1976.0
int__tai20_20_08,1603,966,1869.0,2067.0
int__tai20_20_08,1603,967,1703.0,1920.0
int__tai20_20_08,1603,968,1807.0,1979.0
int__tai20_20_08,1603,969,1780.0,1954.0
int__tai20_20_08,1603,970,1757.0,1973.0
int__tai20_20_08,1603,971,1756.0,1959.0
int__tai20_20_08,1603,972,1803.0,2046.0
int__tai20_20_08,1603,973,1817.0,2044.0
int__tai20_20_08,1603,974,1829.0,2013.0
int__tai20_20_08,1603,975,1787.0,2008.0
int__tai20_20_08,1603,976,1886.0,2140.0
int__tai20_20_08,1603,977,1987.0,2272.0
int__tai20_20_08,1603,978,1817.0,2032.0
int__tai20_20_08,1603,979,1856.0,2095.0
int__tai20_20_08,1603,980,1846.0,2085.0
int__tai20_20_08,1603,981,1809.0,2051.0
int__tai20_20_08,1603,982,1731.0,1970.0
int__tai20_20_08,1603,983,1769.0,1973.0
int__tai20_20_08,1603,984,1971.0,2245.0
int__tai20_20_08,1603,985,1825.0,2068.0
int__tai20_20_08,1603,986,1772.0,1962.0
int__tai20_20_08,1603,987,1808.0,2042.0
int__tai20_20_08,1603,988,1965.0,2187.0
int__tai20_20_08,1603,989,1854.0,2134.0
int__tai20_20_08,1603,990,1857.0,2155.0
int__tai20_20_08,1603,991,1914.0,2112.0
int__tai20_20_08,1603,992,1737.0,1933.0
int__tai20_20_08,1603,993,1804.0,2030.0
int__tai20_20_08,1603,994,1908.0,2170.0
int__tai20_20_08,1603,995,1721.0,1928.0
int__tai20_20_08,1603,996,1842.0,2074.0
int__tai20_20_08,1603,997,1849.0,2031.0
int__tai20_20_08,1603,998,1761.0,1936.0
int__tai20_20_08,1603,999,1751.0,1997.0
int__tai20_20_08,1603,1000,1875.0,2119.0
int__tai20_20_08,1603,1001,1898.0,2165.0
int__tai20_20_08,1603,1002,1845.0,2078.0
int__tai20_20_08,1603,1003,1856.0,2080.0
int__tai20_20_08,1603,1004,2002.0,2264.0
int__tai20_20_08,1603,1005,1866.0,2112.0
int__tai20_20_08,1603,1006,1775.0,2005.0
int__tai20_20_08,1603,1007,1767.0,2029.0
int__tai20_20_08,1603,1008,1819.0,2019.0
int__tai20_20_08,1603,1009,1813.0,2080.0
int__tai20_20_08,1603,1010,1738.0,1979.0
int__tai20_20_08,1603,1011,1874.0,2108.0
int__tai20_20_08,1603,1012,1810.0,2030.0
int__tai20_20_08,1603,1013,1813.0,2038.0
int__tai20_20_08,1603,1014,1806.0,2016.0
int__tai20_20_08,1603,1015,1820.0,2025.0
int__tai20_20_08,1603,1016,1825.0,2077.0
int__tai20_20_08,1603,1017,1800.0,2028.0
int__tai20_20_08,1603,1018,1792.0,2015.0
int__tai20_20_08,1603,1019,1899.0,2116.0
int__tai20_20_08,1603,1020,1798.0,2027.0
int__tai20_20_08,1603,1021,1813.0,2035.0
int__tai20_20_08,1603,1022,1865.0,2081.0
int__tai20_20_08,1603,1023,1809.0,2029.0
int__tai30_15_04,1828,0,2091.0,2320.0
int__tai30_15_04,1828,1,2041.0,2292.0
int__tai30_15_04,1828,2,2152.0,2438.0
int__tai30_15_04,1828,3,2139.0,2367.0
int__tai30_15_04,1828,4,2049.0,2303.0
int__tai30_15_04,1828,5,2032.0,2266.0
int__tai30_15_04,1828,6,2065.0,2307.0
int__tai30_15_04,1828,7,2081.0,2311.0
int__tai30_15_04,1828,8,2229.0,2527.0
int__tai30_15_04,1828,9,2072.0,2323.0
int__tai30_15_04,1828,10,2092.0,2351.0
int__tai30_15_04,1828,11,2169.0,2439.0
int__tai30_15_04,1828,12,2029.0,2268.0
int__tai30_15_04,1828,13,2107.0,2373.0
int__tai30_15_04,1828,14,2120.0,2362.0
int__tai30_15_04,1828,15,1973.0,2232.0
int__tai30_15_04,1828,16,2090.0,2414.0
int__tai30_15_04,1828,17,2196.0,2453.0
int__tai30_15_04,1828,18,2072.0,2316.0
int__tai30_15_04,1828,19,2125.0,2357.0
int__tai30_15_04,1828,20,1985.0,2242.0
int__tai30_15_04,1828,21,2114.0,2429.0
int__tai30_15_04,1828,22,2141.0,2369.0
int__tai30_15_04,1828,23,2065.0,2297.0
int__tai30_15_04,1828,24,2088.0,2331.0
int__tai30_15_04,1828,25,2008.0,2248.0
int__tai30_15_04,1828,26,2072.0,2296.0
int__tai30_15_04,1828,27,2111.0,2341.0
int__tai30_15_04,1828,28,2075.0,2289.0
int__tai30_15_04,1828,29,2068.0,2328.0
int__tai30_15_04,1828,30,2085.0,2309.0
int__tai30_15_04,1828,31,2089.0,2317.0
int__tai30_15_04,1828,32,2148.0,2396.0
int__tai30_15_04,1828,33,2160.0,2408.0
int__tai30_15_04,1828,34,2027.0,2298.0
int__tai30_15_04,1828,35,2080.0,2308.0
int__tai30_15_04,1828,36,2144.0,2383.0
int__tai30_15_04,1828,37,2027.0,2238.0
int__tai30_15_04,1828,38,2158.0,2414.0
int__tai30_15_04,1828,39,2136.0,2449.0
int__tai30_15_04,1828,40,2071.0,2366.0
int__tai30_15_04,1828,41,2042.0,2330.0
int__tai30_15_04,1828,42,2120.0,2388.0
int__tai30_15_04,1828,43,2009.0,2290.0
int__tai30_15_04,1828,44,2152.0,2407.0
int__tai30_15_04,1828,45,2078.0,2303.0
int__tai30_15_04,1828,46,2085.0,2327.0
int__tai30_15_04,1828,47,2107.0,2322.0
int__tai30_15_04,1828,48,2058.0,2322.0
int__tai30_15_04,1828,49,2083.0,2339.0
int__tai30_15_04,1828,50,2072.0,2363.0
int__tai30_15_04,1828,51,2062.0,2296.0
int__tai30_15_04,1828,52,2167.0,2405.0
int__tai30_15_04,1828,53,2125.0,2398.0
int__tai30_15_04,1828,54,2110.0,2341.0
int__tai30_15_04,1828,55,2228.0,2482.0
int__tai30_15_04,1828,56,2069.0,2303.0
int__tai30_15_04,1828,57,2133.0,2375.0
int__tai30_15_04,1828,58,2142.0,2392.0
int__tai30_15_04,1828,59,2020.0,2273.0
int__tai30_15_04,1828,60,2296.0,2604.0
int__tai30_15_04,1828,61,2222.0,2499.0
int__tai30_15_04,1828,62,2134.0,2370.0
int__tai30_15_04,1828,63,2040.0,2292.0
int__tai30_15_04,1828,64,2016.0,2268.0
int__tai30_15_04,1828,65,2023.0,2289.0
int__tai30_15_04,1828,66,2077.0,2316.0
int__tai30_15_04,1828,67,2090.0,2366.0
int__tai30_15_04,1828,68,2086.0,2353.0
int__tai30_15_04,1828,69,2111.0,2326.0
int__tai30_15_04,1828,70,2097.0,2349.0
int__tai30_15_04,1828,71,2062.0,2318.0
int__tai30_15_04,1828,72,2100.0,2350.0
int__tai30_15_04,1828,73,2110.0,2347.0
int__tai30_15_04,1828,74,2166.0,2470.0
int__tai30_15_04,1828,75,2088.0,2307.0
int__tai30_15_04,1828,76,2098.0,2359.0
int__tai30_15_04,1828,77,2045.0,2267.0
int__tai30_15_04,1828,78,2050.0,2297.0
int__tai30_15_04,1828,79,2058.0,2273.0
int__tai30_15_04,1828,80,2029.0,2302.0
int__tai30_15_04,1828,81,2058.0,2277.0
int__tai30_15_04,1828,82,2099.0,2333.0
int__tai30_15_04,1828,83,2075.0,2327.0
int__tai30_15_04,1828,84,2101.0,2354.0
int__tai30_15_04,1828,85,2148.0,2384.0
int__tai30_15_04,1828,86,2071.0,2281.0
int__tai30_15_04,1828,87,2076.0,2306.0
int__tai30_15_04,1828,88,2102.0,2379.0
int__tai30_15_04,1828,89,2092.0,2324.0
int__tai30_15_04,1828,90,2138.0,2380.0
int__tai30_15_04,1828,91,2143.0,2368.0
int__tai30_15_04,1828,92,2126.0,2371.0
int__tai30_15_04,1828,93,2128.0,2375.0
int__tai30_15_04,1828,94,2074.0,2341.0
int__tai30_15_04,1828,95,2057.0,2333.0
int__tai30_15_04,1828,96,2156.0,2439.0
int__tai30_15_04,1828,97,2113.0,2330.0
int__tai30_15_04,1828,98,2094.0,2382.0
int__tai30_15_04,1828,99,1980.0,2215.0
int__tai30_15_04,1828,100,2138.0,2375.0
int__tai30_15_04,1828,101,2090.0,2335.0
int__tai30_15_04,1828,102,2041.0,2262.0
int__tai30_15_04,1828,103,2111.0,2325.0
int__tai30_15_04,1828,104,2092.0,2299.0
int__tai30_15_04,1828,105,2072.0,2286.0
int__tai30_15_04,1828,106,2133.0,2359.0
int__tai30_15_04,1828,107,1989.0,2295.0
int__tai30_15_04,1828,108,2058.0,2370.0
int__tai30_15_04,1828,109,2043.0,2295.0
int__tai30_15_04,1828,110,1992.0,2240.0
int__tai30_15_04,1828,111,2080.0,2326.0
int__tai30_15_04,1828,112,2165.0,2432.0
int__tai30_15_04,1828,113,2110.0,2359.0
int__tai30_15_04,1828,114,2110.0,2330.0
int__tai30_15_04,1828,115,2006.0,2256.0
int__tai30_15_04,1828,116,2039.0,2329.0
int__tai30_15_04,1828,117,2036.0,2275.0
int__tai30_15_04,1828,118,2085.0,2326.0
int__tai30_15_04,1828,119,2027.0,2335.0
int__tai30_15_04,1828,120,2054.0,2289.0
int__tai30_15_04,1828,121,2095.0,2319.0
int__tai30_15_04,1828,122,2080.0,2314.0
int__tai30_15_04,1828,123,2117.0,2334.0
int__tai30_15_04,1828,124,2145.0,2383.0
int__tai30_15_04,1828,125,1991.0,2221.0
int__tai30_15_04,1828,126,2079.0,2334.0
int__tai30_15_04,1828,127,2094.0,2348.0
int__tai30_15_04,1828,128,2052.0,2357.0
int__tai30_15_04,1828,129,2172.0,2380.0
int__tai30_15_04,1828,130,2045.0,2311.0
int__tai30_15_04,1828,131,2052.0,2314.0
int__tai30_15_04,1828,132,2077.0,2324.0
int__tai30_15_04,1828,133,2108.0,2410.0
int__tai30_15_04,1828,134,2003.0,2262.0
int__tai30_15_04,1828,135,2139.0,2386.0
int__tai30_15_04,1828,136,2028.0,2261.0
int__tai30_15_04,1828,137,2077.0,2291.0
int__tai30_15_04,1828,138,2116.0,2405.0
int__tai30_15_04,1828,139,2080.0,2307.0
int__tai30_15_04,1828,140,2093.0,2325.0
int__tai30_15_04,1828,141,2085.0,2376.0
int__tai30_15_04,1828,142,2170.0,2375.0
int__tai30_15_04,1828,143,2089.0,2369.0
int__tai30_15_04,1828,144,2106.0,2321.0
int__tai30_15_04,1828,145,2107.0,2340.0
int__tai30_15_04,1828,146,2069.0,2308.0
int__tai30_15_04,1828,147,2084.0,2364.0
int__tai30_15_04,1828,148,2075.0,2359.0
int__tai30_15_04,1828,149,2035.0,2254.0
int__tai30_15_04,1828,150,2084.0,2328.0
int__tai30_15_04,1828,151,2109.0,2360.0
int__tai30_15_04,1828,152,2165.0,2412.0
int__tai30_15_04,1828,153,2047.0,2286.0
int__tai30_15_04,1828,154,2156.0,2404.0
int__tai30_15_04,1828,155,2085.0,2342.0
int__tai30_15_04,1828,156,2092.0,2338.0
int__tai30_15_04,1828,157,2098.0,2350.0
int__tai30_15_04,1828,158,2083.0,2294.0
int__tai30_15_04,1828,159,2086.0,2316.0
int__tai30_15_04,1828,160,2016.0,2271.0
int__tai30_15_04,1828,161,2142.0,2378.0
int__tai30_15_04,1828,162,2067.0,2296.0
int__tai30_15_04,1828,163,1994.0,2277.0
int__tai30_15_04,1828,164,2116.0,2355.0
int__tai30_15_04,1828,165,2123.0,2361.0
int__tai30_15_04,1828,166,2106.0,2351.0
int__tai30_15_04,1828,167,2113.0,2374.0
int__tai30_15_04,1828,168,2080.0,2328.0
int__tai30_15_04,1828,169,2065.0,2302.0
int__tai30_15_04,1828,170,2168.0,2416.0
int__tai30_15_04,1828,171,2149.0,2430.0
int__tai30_15_04,1828,172,2119.0,2397.0
int__tai30_15_04,1828,173,2148.0,2384.0
int__tai30_15_04,1828,174,2129.0,2390.0
int__tai30_15_04,1828,175,2092.0,2391.0
int__tai30_15_04,1828,176,2047.0,2299.0
int__tai30_15_04,1828,177,2166.0,2406.0
int__tai30_15_04,1828,178,2080.0,2320.0
int__tai30_15_04,1828,179,2034.0,2265.0
int__tai30_15_04,1828,180,2063.0,2307.0
int__tai30_15_04,1828,181,2092.0,2328.0
int__tai30_15_04,1828,182,2158.0,2385.0
int__tai30_15_04,1828,183,2119.0,2362.0
int__tai30_15_04,1828,184,2042.0,2277.0
int__tai30_15_04,1828,185,2104.0,2337.0
int__tai30_15_04,1828,186,2014.0,2251.0
int__tai30_15_04,1828,187,2081.0,2354.0
int__tai30_15_04,1828,188,2093.0,2328.0
int__tai30_15_04,1828,189,2127.0,2429.0
int__tai30_15_04,1828,190,2062.0,2327.0
int__tai30_15_04,1828,191,2144.0,2393.0
int__tai30_15_04,1828,192,2075.0,2344.0
int__tai30_15_04,1828,193,2044.0,2292.0
int__tai30_15_04,1828,194,2031.0,2283.0
int__tai30_15_04,1828,195,2063.0,2331.0
int__tai30_15_04,1828,196,2152.0,2382.0
int__tai30_15_04,1828,197,2032.0,2296.0
int__tai30_15_04,1828,198,2234.0,2490.0
int__tai30_15_04,1828,199,2038.0,2283.0
int__tai30_15_04,1828,200,2109.0,2326.0
int__tai30_15_04,1828,201,2027.0,2247.0
int__tai30_15_04,1828,202,2149.0,2398.0
int__tai30_15_04,1828,203,2116.0,2348.0
int__tai30_15_04,1828,204,2091.0,2353.0
int__tai30_15_04,1828,205,2083.0,2342.0
int__tai30_15_04,1828,206,2143.0,2401.0
int__tai30_15_04,1828,207,2061.0,2297.0
int__tai30_15_04,1828,208,2072.0,2302.0
int__tai30_15_04,1828,209,2121.0,2364.0
int__tai30_15_04,1828,210,2072.0,2362.0
int__tai30_15_04,1828,211,2162.0,2405.0
int__tai30_15_04,1828,212,2147.0,2387.0
int__tai30_15_04,1828,213,2135.0,2357.0
int__tai30_15_04,1828,214,2138.0,2399.0
int__tai30_15_04,1828,215,2107.0,2377.0
int__tai30_15_04,1828,216,1985.0,2225.0
int__tai30_15_04,1828,217,2066.0,2315.0
int__tai30_15_04,1828,218,1994.0,2231.0
int__tai30_15_04,1828,219,2145.0,2404.0
int__tai30_15_04,1828,220,2036.0,2304.0
int__tai30_15_04,1828,221,2140.0,2401.0
int__tai30_15_04,1828,222,2104.0,2320.0
int__tai30_15_04,1828,223,2124.0,2349.0
int__tai30_15_04,1828,224,2024.0,2296.0
int__tai30_15_04,1828,225,2069.0,2310.0
int__tai30_15_04,1828,226,2183.0,2445.0
int__tai30_15_04,1828,227,2087.0,2344.0
int__tai30_15_04,1828,228,2074.0,2313.0
int__tai30_15_04,1828,229,2051.0,2302.0
int__tai30_15_04,1828,230,2174.0,2453.0
int__tai30_15_04,1828,231,2115.0,2370.0
int__tai30_15_04,1828,232,2118.0,2384.0
int__tai30_15_04,1828,233,2016.0,2262.0
int__tai30_15_04,1828,234,2041.0,2276.0
int__tai30_15_04,1828,235,2229.0,2484.0
int__tai30_15_04,1828,236,2089.0,2341.0
int__tai30_15_04,1828,237,2080.0,2357.0
int__tai30_15_04,1828,238,2098.0,2346.0
int__tai30_15_04,1828,239,2068.0,2334.0
int__tai30_15_04,1828,240,2073.0,2327.0
int__tai30_15_04,1828,241,2034.0,2350.0
int__tai30_15_04,1828,242,2116.0,2349.0
int__tai30_15_04,1828,243,1994.0,2273.0
int__tai30_15_04,1828,244,2106.0,2352.0
int__tai30_15_04,1828,245,2083.0,2343.0
int__tai30_15_04,1828,246,2097.0,2317.0
int__tai30_15_04,1828,247,2161.0,2417.0
int__tai30_15_04,1828,248,2105.0,2337.0
int__tai30_15_04,1828,249,2039.0,2257.0
int__tai30_15_04,1828,250,1996.0,2262.0
int__tai30_15_04,1828,251,2106.0,2327.0
int__tai30_15_04,1828,252,2194.0,2426.0
int__tai30_15_04,1828,253,2104.0,2350.0
int__tai30_15_04,1828,254,2048.0,2310.0
int__tai30_15_04,1828,255,2105.0,2375.0
int__tai30_15_04,1828,256,2085.0,2347.0
int__tai30_15_04,1828,257,2076.0,2352.0
int__tai30_15_04,1828,258,2014.0,2243.0
int__tai30_15_04,1828,259,2073.0,2314.0
int__tai30_15_04,1828,260,2256.0,2488.0
int__tai30_15_04,1828,261,2101.0,2384.0
int__tai30_15_04,1828,262,2238.0,2479.0
int__tai30_15_04,1828,263,2160.0,2423.0
int__tai30_15_04,1828,264,2095.0,2322.0
int__tai30_15_04,1828,265,2124.0,2381.0
int__tai30_15_04,1828,266,2099.0,2356.0
int__tai30_15_04,1828,267,2232.0,2489.0
int__tai30_15_04,1828,268,2209.0,2470.0
int__tai30_15_04,1828,269,2138.0,2402.0
int__tai30_15_04,1828,270,2142.0,2404.0
int__tai30_15_04,1828,271,2039.0,2266.0
int__tai30_15_04,1828,272,2132.0,2385.0
int__tai30_15_04,1828,273,2005.0,2267.0
int__tai30_15_04,1828,274,2088.0,2332.0
int__tai30_15_04,1828,275,2175.0,2492.0
int__tai30_15_04,1828,276,2120.0,2365.0
int__tai30_15_04,1828,277,2145.0,2391.0
int__tai30_15_04,1828,278,2092.0,2355.0
int__tai30_15_04,1828,279,2095.0,2359.0
int__tai30_15_04,1828,280,2112.0,2339.0
int__tai30_15_04,1828,281,2043.0,2285.0
int__tai30_15_04,1828,282,2104.0,2344.0
int__tai30_15_04,1828,283,2118.0,2365.0
int__tai30_15_04,1828,284,2122.0,2382.0
int__tai30_15_04,1828,285,2111.0,2338.0
int__tai30_15_04,1828,286,2090.0,2341.0
int__tai30_15_04,1828,287,2072.0,2311.0
int__tai30_15_04,1828,288,2121.0,2356.0
int__tai30_15_04,1828,289,2062.0,2320.0
int__tai30_15_04,1828,290,2040.0,2273.0
int__tai30_15_04,1828,291,1996.0,2247.0
int__tai30_15_04,1828,292,2151.0,2416.0
int__tai30_15_04,1828,293,2054.0,2347.0
int__tai30_15_04,1828,294,2123.0,2367.0
int__tai30_15_04,1828,295,2061.0,2272.0
int__tai30_15_04,1828,296,1991.0,2243.0
int__tai30_15_04,1828,297,2160.0,2405.0
int__tai30_15_04,1828,298,2125.0,2347.0
int__tai30_15_04,1828,299,2117.0,2397.0
int__tai30_15_04,1828,300,1964.0,2254.0
int__tai30_15_04,1828,301,2073.0,2341.0
int__tai30_15_04,1828,302,2158.0,2401.0
int__tai30_15_04,1828,303,2079.0,2315.0
int__tai30_15_04,1828,304,2060.0,2335.0
int__tai30_15_04,1828,305,2043.0,2259.0
int__tai30_15_04,1828,306,2137.0,2421.0
int__tai30_15_04,1828,307,2147.0,2387.0
int__tai30_15_04,1828,308,1999.0,2230.0
int__tai30_15_04,1828,309,2051.0,2305.0
int__tai30_15_04,1828,310,2122.0,2386.0
int__tai30_15_04,1828,311,2136.0,2380.0
int__tai30_15_04,1828,312,2070.0,2302.0
int__tai30_15_04,1828,313,2071.0,2299.0
int__tai30_15_04,1828,314,2099.0,2340.0
int__tai30_15_04,1828,315,2241.0,2500.0
int__tai30_15_04,1828,316,2085.0,2315.0
int__tai30_15_04,1828,317,2155.0,2412.0
int__tai30_15_04,1828,318,2057.0,2318.0
int__tai30_15_04,1828,319,2157.0,2418.0
int__tai30_15_04,1828,320,2097.0,2316.0
int__tai30_15_04,1828,321,2084.0,2328.0
int__tai30_15_04,1828,322,2108.0,2355.0
int__tai30_15_04,1828,323,1973.0,2226.0
int__tai30_15_04,1828,324,2149.0,2355.0
int__tai30_15_04,1828,325,2166.0,2388.0
int__tai30_15_04,1828,326,2011.0,2275.0
int__tai30_15_04,1828,327,2144.0,2379.0
int__tai30_15_04,1828,328,2097.0,2312.0
int__tai30_15_04,1828,329,2106.0,2324.0
int__tai30_15_04,1828,330,2028.0,2281.0
int__tai30_15_04,1828,331,2164.0,2416.0
int__tai30_15_04,1828,332,2066.0,2290.0
int__tai30_15_04,1828,333,2076.0,2343.0
int__tai30_15_04,1828,334,2147.0,2443.0
int__tai30_15_04,1828,335,2020.0,2295.0
int__tai30_15_04,1828,336,2170.0,2450.0
int__tai30_15_04,1828,337,2051.0,2286.0
int__tai30_15_04,1828,338,1989.0,2259.0
int__tai30_15_04,1828,339,2023.0,2315.0
int__tai30_15_04,1828,340,2158.0,2394.0
int__tai30_15_04,1828,341,2078.0,2320.0
int__tai30_15_04,1828,342,2143.0,2391.0
int__tai30_15_04,1828,343,2143.0,2388.0
int__tai30_15_04,1828,344,2106.0,2348.0
int__tai30_15_04,1828,345,2216.0,2456.0
int__tai30_15_04,1828,346,2025.0,2291.0
int__tai30_15_04,1828,347,2079.0,2324.0
int__tai30_15_04,1828,348,2069.0,2291.0
int__tai30_15_04,1828,349,2071.0,2297.0
int__tai30_15_04,1828,350,2052.0,2306.0
int__tai30_15_04,1828,351,2153.0,2404.0
int__tai30_15_04,1828,352,2115.0,2340.0
int__tai30_15_04,1828,353,2087.0,2339.0
int__tai30_15_04,1828,354,2170.0,2409.0
int__tai30_15_04,1828,355,2063.0,2386.0
int__tai30_15_04,1828,356,2064.0,2368.0
int__tai30_15_04,1828,357,2089.0,2371.0
int__tai30_15_04,1828,358,2075.0,2391.0
int__tai30_15_04,1828,359,2137.0,2387.0
int__tai30_15_04,1828,360,2095.0,2312.0
int__tai30_15_04,1828,361,2165.0,2418.0
int__tai30_15_04,1828,362,2065.0,2325.0
int__tai30_15_04,1828,363,2191.0,2455.0
int__tai30_15_04,1828,364,2078.0,2320.0
int__tai30_15_04,1828,365,2107.0,2392.0
int__tai30_15_04,1828,366,2072.0,2309.0
int__tai30_15_04,1828,367,2133.0,2405.0
int__tai30_15_04,1828,368,2035.0,2277.0
int__tai30_15_04,1828,369,2035.0,2312.0
int__tai30_15_04,1828,370,2028.0,2256.0
int__tai30_15_04,1828,371,2144.0,2409.0
int__tai30_15_04,1828,372,2057.0,2295.0
int__tai30_15_04,1828,373,2047.0,2341.0
int__tai30_15_04,1828,374,2063.0,2320.0
int__tai30_15_04,1828,375,2050.0,2273.0
int__tai30_15_04,1828,376,2089.0,2323.0
int__tai30_15_04,1828,377,2030.0,2295.0
int__tai30_15_04,1828,378,2126.0,2406.0
int__tai30_15_04,1828,379,2064.0,2286.0
int__tai30_15_04,1828,380,2129.0,2374.0
int__tai30_15_04,1828,381,2106.0,2324.0
int__tai30_15_04,1828,382,2077.0,2320.0
int__tai30_15_04,1828,383,2131.0,2387.0
int__tai30_15_04,1828,384,2115.0,2383.0
int__tai30_15_04,1828,385,2078.0,2313.0
int__tai30_15_04,1828,386,2080.0,2344.0
int__tai30_15_04,1828,387,2070.0,2359.0
int__tai30_15_04,1828,388,2040.0,2270.0
int__tai30_15_04,1828,389,2129.0,2362.0
int__tai30_15_04,1828,390,2001.0,2251.0
int__tai30_15_04,1828,391,2163.0,2407.0
int__tai30_15_04,1828,392,2079.0,2356.0
int__tai30_15_04,1828,393,2084.0,2407.0
int__tai30_15_04,1828,394,2135.0,2368.0
int__tai30_15_04,1828,395,2053.0,2303.0
int__tai30_15_04,1828,396,2081.0,2333.0
int__tai30_15_04,1828,397,2102.0,2328.0
int__tai30_15_04,1828,398,2084.0,2347.0
int__tai30_15_04,1828,399,2086.0,2320.0
int__tai30_15_04,1828,400,2110.0,2355.0
int__tai30_15_04,1828,401,2044.0,2297.0
int__tai30_15_04,1828,402,2072.0,2313.0
int__tai30_15_04,1828,403,2102.0,2360.0
int__tai30_15_04,1828,404,2100.0,2351.0
int__tai30_15_04,1828,405,2041.0,2325.0
int__tai30_15_04,1828,406,2014.0,2246.0
int__tai30_15_04,1828,407,2078.0,2294.0
int__tai30_15_04,1828,408,2066.0,2304.0
int__tai30_15_04,1828,409,2081.0,2324.0
int__tai30_15_04,1828,410,2017.0,2254.0
int__tai30_15_04,1828,411,2126.0,2406.0
int__tai30_15_04,1828,412,2093.0,2333.0
int__tai30_15_04,1828,413,2108.0,2304.0
int__tai30_15_04,1828,414,2118.0,2349.0
int__tai30_15_04,1828,415,2084.0,2328.0
int__tai30_15_04,1828,416,2124.0,2348.0
int__tai30_15_04,1828,417,2019.0,2234.0
int__tai30_15_04,1828,418,2034.0,2282.0
int__tai30_15_04,1828,419,2072.0,2312.0
int__tai30_15_04,1828,420,2011.0,2278.0
int__tai30_15_04,1828,421,2014.0,2251.0
int__tai30_15_04,1828,422,2056.0,2301.0
int__tai30_15_04,1828,423,2114.0,2384.0
int__tai30_15_04,1828,424,2250.0,2460.0
int__tai30_15_04,1828,425,2024.0,2242.0
int__tai30_15_04,1828,426,2125.0,2404.0
int__tai30_15_04,1828,427,2123.0,2377.0
int__tai30_15_04,1828,428,2094.0,2348.0
int__tai30_15_04,1828,429,2069.0,2310.0
int__tai30_15_04,1828,430,2025.0,2264.0
int__tai30_15_04,1828,431,2048.0,2259.0
int__tai30_15_04,1828,432,2169.0,2427.0
int__tai30_15_04,1828,433,2146.0,2415.0
int__tai30_15_04,1828,434,2072.0,2300.0
int__tai30_15_04,1828,435,2171.0,2409.0
int__tai30_15_04,1828,436,2051.0,2277.0
int__tai30_15_04,1828,437,2189.0,2416.0
int__tai30_15_04,1828,438,2160.0,2427.0
int__tai30_15_04,1828,439,2114.0,2335.0
int__tai30_15_04,1828,440,2049.0,2296.0
int__tai30_15_04,1828,441,2054.0,2316.0
int__tai30_15_04,1828,442,2036.0,2292.0
int__tai30_15_04,1828,443,2111.0,2357.0
int__tai30_15_04,1828,444,2034.0,2269.0
int__tai30_15_04,1828,445,2096.0,2326.0
int__tai30_15_04,1828,446,2010.0,2282.0
int__tai30_15_04,1828,447,2010.0,2269.0
int__tai30_15_04,1828,448,2097.0,2339.0
int__tai30_15_04,1828,449,2069.0,2281.0
int__tai30_15_04,1828,450,2037.0,2269.0
int__tai30_15_04,1828,451,2169.0,2380.0
int__tai30_15_04,1828,452,2050.0,2304.0
int__tai30_15_04,1828,453,2053.0,2296.0
int__tai30_15_04,1828,454,2013.0,2269.0
int__tai30_15_04,1828,455,2115.0,2396.0
int__tai30_15_04,1828,456,2052.0,2264.0
int__tai30_15_04,1828,457,2115.0,2362.0
int__tai30_15_04,1828,458,1971.0,2218.0
int__tai30_15_04,1828,459,2083.0,2316.0
int__tai30_15_04,1828,460,2126.0,2383.0
int__tai30_15_04,1828,461,2120.0,2371.0
int__tai30_15_04,1828,462,2099.0,2335.0
int__tai30_15_04,1828,463,2066.0,2309.0
int__tai30_15_04,1828,464,2160.0,2411.0
int__tai30_15_04,1828,465,2019.0,2276.0
int__tai30_15_04,1828,466,2215.0,2467.0
int__tai30_15_04,1828,467,2042.0,2331.0
int__tai30_15_04,1828,468,2053.0,2311.0
int__tai30_15_04,1828,469,2031.0,2268.0
int__tai30_15_04,1828,470,2101.0,2347.0
int__tai30_15_04,1828,471,2073.0,2330.0
int__tai30_15_04,1828,472,2030.0,2318.0
int__tai30_15_04,1828,473,2168.0,2424.0
int__tai30_15_04,1828,474,2045.0,2277.0
int__tai30_15_04,1828,475,2039.0,2301.0
int__tai30_15_04,1828,476,2141.0,2384.0
int__tai30_15_04,1828,477,2180.0,2426.0
int__tai30_15_04,1828,478,2049.0,2273.0
int__tai30_15_04,1828,479,2118.0,2384.0
int__tai30_15_04,1828,480,2045.0,2266.0
int__tai30_15_04,1828,481,2062.0,2298.0
int__tai30_15_04,1828,482,2051.0,2287.0
int__tai30_15_04,1828,483,2061.0,2346.0
int__tai30_15_04,1828,484,2005.0,2286.0
int__tai30_15_04,1828,485,2136.0,2378.0
int__tai30_15_04,1828,486,2146.0,2344.0
int__tai30_15_04,1828,487,2070.0,2300.0
int__tai30_15_04,1828,488,2011.0,2278.0
int__tai30_15_04,1828,489,2153.0,2451.0
int__tai30_15_04,1828,490,2197.0,2455.0
int__tai30_15_04,1828,491,2128.0,2365.0
int__tai30_15_04,1828,492,1990.0,2276.0
int__tai30_15_04,1828,493,2038.0,2252.0
int__tai30_15_04,1828,494,2226.0,2472.0
int__tai30_15_04,1828,495,2056.0,2297.0
int__tai30_15_04,1828,496,2143.0,2361.0
int__tai30_15_04,1828,497,2053.0,2275.0
int__tai30_15_04,1828,498,2076.0,2282.0
int__tai30_15_04,1828,499,1996.0,2284.0
int__tai30_15_04,1828,500,2137.0,2404.0
int__tai30_15_04,1828,501,2238.0,2496.0
int__tai30_15_04,1828,502,2129.0,2329.0
int__tai30_15_04,1828,503,2063.0,2302.0
int__tai30_15_04,1828,504,2163.0,2478.0
int__tai30_15_04,1828,505,2091.0,2303.0
int__tai30_15_04,1828,506,2154.0,2401.0
int__tai30_15_04,1828,507,2030.0,2257.0
int__tai30_15_04,1828,508,2287.0,2552.0
int__tai30_15_04,1828,509,2101.0,2379.0
int__tai30_15_04,1828,510,2013.0,2309.0
int__tai30_15_04,1828,511,2070.0,2366.0
int__tai30_15_04,1828,512,2116.0,2370.0
int__tai30_15_04,1828,513,2111.0,2320.0
int__tai30_15_04,1828,514,2062.0,2305.0
int__tai30_15_04,1828,515,2116.0,2373.0
int__tai30_15_04,1828,516,2111.0,2382.0
int__tai30_15_04,1828,517,2106.0,2370.0
int__tai30_15_04,1828,518,2137.0,2393.0
int__tai30_15_04,1828,519,1988.0,2228.0
int__tai30_15_04,1828,520,2191.0,2401.0
int__tai30_15_04,1828,521,2042.0,2311.0
int__tai30_15_04,1828,522,2070.0,2337.0
int__tai30_15_04,1828,523,2098.0,2344.0
int__tai30_15_04,1828,524,2057.0,2294.0
int__tai30_15_04,1828,525,2109.0,2349.0
int__tai30_15_04,1828,526,2068.0,2316.0
int__tai30_15_04,1828,527,2137.0,2348.0
int__tai30_15_04,1828,528,2117.0,2407.0
int__tai30_15_04,1828,529,2040.0,2305.0
int__tai30_15_04,1828,530,2043.0,2311.0
int__tai30_15_04,1828,531,2165.0,2450.0
int__tai30_15_04,1828,532,2237.0,2495.0
int__tai30_15_04,1828,533,2142.0,2401.0
int__tai30_15_04,1828,534,2118.0,2364.0
int__tai30_15_04,1828,535,2064.0,2344.0
int__tai30_15_04,1828,536,2178.0,2469.0
int__tai30_15_04,1828,537,2138.0,2360.0
int__tai30_15_04,1828,538,2102.0,2348.0
int__tai30_15_04,1828,539,2110.0,2354.0
int__tai30_15_04,1828,540,2060.0,2270.0
int__tai30_15_04,1828,541,2080.0,2343.0
int__tai30_15_04,1828,542,2112.0,2389.0
int__tai30_15_04,1828,543,2057.0,2304.0
int__tai30_15_04,1828,544,2170.0,2417.0
int__tai30_15_04,1828,545,2142.0,2355.0
int__tai30_15_04,1828,546,2084.0,2325.0
int__tai30_15_04,1828,547,2107.0,2353.0
int__tai30_15_04,1828,548,2066.0,2324.0
int__tai30_15_04,1828,549,2093.0,2316.0
int__tai30_15_04,1828,550,2176.0,2417.0
int__tai30_15_04,1828,551,2248.0,2509.0
int__tai30_15_04,1828,552,2075.0,2298.0
int__tai30_15_04,1828,553,2097.0,2296.0
int__tai30_15_04,1828,554,1985.0,2220.0
int__tai30_15_04,1828,555,2025.0,2279.0
int__tai30_15_04,1828,556,2105.0,2317.0
int__tai30_15_04,1828,557,2118.0,2376.0
int__tai30_15_04,1828,558,2077.0,2306.0
int__tai30_15_04,1828,559,2311.0,2581.0
int__tai30_15_04,1828,560,2170.0,2436.0
int__tai30_15_04,1828,561,2112.0,2350.0
int__tai30_15_04,1828,562,2048.0,2273.0
int__tai30_15_04,1828,563,2039.0,2274.0
int__tai30_15_04,1828,564,2137.0,2376.0
int__tai30_15_04,1828,565,2138.0,2403.0
int__tai30_15_04,1828,566,2158.0,2426.0
int__tai30_15_04,1828,567,2242.0,2489.0
int__tai30_15_04,1828,568,2046.0,2277.0
int__tai30_15_04,1828,569,2168.0,2442.0
int__tai30_15_04,1828,570,2061.0,2316.0
int__tai30_15_04,1828,571,2062.0,2294.0
int__tai30_15_04,1828,572,2091.0,2366.0
int__tai30_15_04,1828,573,2142.0,2393.0
int__tai30_15_04,1828,574,2059.0,2325.0
int__tai30_15_04,1828,575,2073.0,2321.0
int__tai30_15_04,1828,576,2126.0,2368.0
int__tai30_15_04,1828,577,2172.0,2403.0
int__tai30_15_04,1828,578,2030.0,2284.0
int__tai30_15_04,1828,579,2134.0,2387.0
int__tai30_15_04,1828,580,2105.0,2381.0
int__tai30_15_04,1828,581,2082.0,2318.0
int__tai30_15_04,1828,582,2101.0,2342.0
int__tai30_15_04,1828,583,2046.0,2278.0
int__tai30_15_04,1828,584,2147.0,2375.0
int__tai30_15_04,1828,585,2074.0,2310.0
int__tai30_15_04,1828,586,2122.0,2366.0
int__tai30_15_04,1828,587,2047.0,2293.0
int__tai30_15_04,1828,588,1961.0,2188.0
int__tai30_15_04,1828,589,2052.0,2283.0
int__tai30_15_04,1828,590,2195.0,2415.0
int__tai30_15_04,1828,591,2018.0,2302.0
int__tai30_15_04,1828,592,2024.0,2331.0
int__tai30_15_04,1828,593,2049.0,2321.0
int__tai30_15_04,1828,594,2049.0,2327.0
int__tai30_15_04,1828,595,2153.0,2407.0
int__tai30_15_04,1828,596,1983.0,2258.0
int__tai30_15_04,1828,597,2000.0,2268.0
int__tai30_15_04,1828,598,2039.0,2331.0
int__tai30_15_04,1828,599,2134.0,2363.0
int__tai30_15_04,1828,600,2065.0,2343.0
int__tai30_15_04,1828,601,2080.0,2303.0
int__tai30_15_04,1828,602,2189.0,2455.0
int__tai30_15_04,1828,603,2152.0,2347.0
int__tai30_15_04,1828,604,2043.0,2294.0
int__tai30_15_04,1828,605,2072.0,2280.0
int__tai30_15_04,1828,606,2107.0,2346.0
int__tai30_15_04,1828,607,2173.0,2365.0
int__tai30_15_04,1828,608,2057.0,2318.0
int__tai30_15_04,1828,609,2107.0,2414.0
int__tai30_15_04,1828,610,2056.0,2299.0
int__tai30_15_04,1828,611,2089.0,2341.0
int__tai30_15_04,1828,612,2044.0,2305.0
int__tai30_15_04,1828,613,1999.0,2214.0
int__tai30_15_04,1828,614,2085.0,2327.0
int__tai30_15_04,1828,615,2069.0,2330.0
int__tai30_15_04,1828,616,2119.0,2356.0
int__tai30_15_04,1828,617,2036.0,2337.0
int__tai30_15_04,1828,618,2117.0,2385.0
int__tai30_15_04,1828,619,2150.0,2393.0
int__tai30_15_04,1828,620,2032.0,2307.0
int__tai30_15_04,1828,621,2094.0,2319.0
int__tai30_15_04,1828,622,2066.0,2310.0
int__tai30_15_04,1828,623,2010.0,2255.0
int__tai30_15_04,1828,624,2104.0,2380.0
int__tai30_15_04,1828,625,2010.0,2259.0
int__tai30_15_04,1828,626,2001.0,2275.0
int__tai30_15_04,1828,627,2118.0,2377.0
int__tai30_15_04,1828,628,2104.0,2331.0
int__tai30_15_04,1828,629,2030.0,2272.0
int__tai30_15_04,1828,630,2119.0,2397.0
int__tai30_15_04,1828,631,2088.0,2321.0
int__tai30_15_04,1828,632,2118.0,2377.0
int__tai30_15_04,1828,633,2129.0,2382.0
int__tai30_15_04,1828,634,2164.0,2444.0
int__tai30_15_04,1828,635,2035.0,2281.0
int__tai30_15_04,1828,636,2120.0,2362.0
int__tai30_15_04,1828,637,2137.0,2372.0
int__tai30_15_04,1828,638,2031.0,2265.0
int__tai30_15_04,1828,639,2076.0,2362.0
int__tai30_15_04,1828,640,2173.0,2513.0
int__tai30_15_04,1828,641,2083.0,2366.0
int__tai30_15_04,1828,642,2062.0,2305.0
int__tai30_15_04,1828,643,2095.0,2320.0
int__tai30_15_04,1828,644,2082.0,2273.0
int__tai30_15_04,1828,645,2061.0,2332.0
int__tai30_15_04,1828,646,2090.0,2351.0
int__tai30_15_04,1828,647,2103.0,2351.0
int__tai30_15_04,1828,648,1999.0,2237.0
int__tai30_15_04,1828,649,1967.0,2269.0
int__tai30_15_04,1828,650,2110.0,2390.0
int__tai30_15_04,1828,651,2048.0,2300.0
int__tai30_15_04,1828,652,2100.0,2336.0
int__tai30_15_04,1828,653,2096.0,2369.0
int__tai30_15_04,1828,654,2053.0,2287.0
int__tai30_15_04,1828,655,2059.0,2323.0
int__tai30_15_04,1828,656,2109.0,2372.0
int__tai30_15_04,1828,657,2057.0,2287.0
int__tai30_15_04,1828,658,2110.0,2374.0
int__tai30_15_04,1828,659,2122.0,2431.0
int__tai30_15_04,1828,660,2095.0,2391.0
int__tai30_15_04,1828,661,2061.0,2288.0
int__tai30_15_04,1828,662,2000.0,2294.0
int__tai30_15_04,1828,663,2220.0,2469.0
int__tai30_15_04,1828,664,2139.0,2382.0
int__tai30_15_04,1828,665,2057.0,2304.0
int__tai30_15_04,1828,666,2074.0,2309.0
int__tai30_15_04,1828,667,2096.0,2365.0
int__tai30_15_04,1828,668,2042.0,2287.0
int__tai30_15_04,1828,669,2118.0,2423.0
int__tai30_15_04,1828,670,2010.0,2274.0
int__tai30_15_04,1828,671,2063.0,2314.0
int__tai30_15_04,1828,672,2086.0,2316.0
int__tai30_15_04,1828,673,2096.0,2354.0
int__tai30_15_04,1828,674,2074.0,2337.0
int__tai30_15_04,1828,675,2086.0,2320.0
int__tai30_15_04,1828,676,2081.0,2292.0
int__tai30_15_04,1828,677,2180.0,2422.0
int__tai30_15_04,1828,678,2182.0,2473.0
int__tai30_15_04,1828,679,2132.0,2397.0
int__tai30_15_04,1828,680,2063.0,2293.0
int__tai30_15_04,1828,681,2122.0,2377.0
int__tai30_15_04,1828,682,2083.0,2333.0
int__tai30_15_04,1828,683,2153.0,2422.0
int__tai30_15_04,1828,684,2032.0,2323.0
int__tai30_15_04,1828,685,2144.0,2367.0
int__tai30_15_04,1828,686,2155.0,2399.0
int__tai30_15_04,1828,687,2101.0,2377.0
int__tai30_15_04,1828,688,2084.0,2336.0
int__tai30_15_04,1828,689,2145.0,2440.0
int__tai30_15_04,1828,690,2037.0,2320.0
int__tai30_15_04,1828,691,2134.0,2361.0
int__tai30_15_04,1828,692,2030.0,2255.0
int__tai30_15_04,1828,693,2094.0,2345.0
int__tai30_15_04,1828,694,2160.0,2406.0
int__tai30_15_04,1828,695,2075.0,2326.0
int__tai30_15_04,1828,696,2070.0,2337.0
int__tai30_15_04,1828,697,2007.0,2241.0
int__tai30_15_04,1828,698,2122.0,2362.0
int__tai30_15_04,1828,699,2084.0,2351.0
int__tai30_15_04,1828,700,2028.0,2299.0
int__tai30_15_04,1828,701,1972.0,2234.0
int__tai30_15_04,1828,702,2141.0,2338.0
int__tai30_15_04,1828,703,2086.0,2323.0
int__tai30_15_04,1828,704,2070.0,2332.0
int__tai30_15_04,1828,705,2076.0,2348.0
int__tai30_15_04,1828,706,2222.0,2456.0
int__tai30_15_04,1828,707,2130.0,2394.0
int__tai30_15_04,1828,708,2182.0,2448.0
int__tai30_15_04,1828,709,2115.0,2319.0
int__tai30_15_04,1828,710,2049.0,2325.0
int__tai30_15_04,1828,711,2118.0,2379.0
int__tai30_15_04,1828,712,2158.0,2402.0
int__tai30_15_04,1828,713,2100.0,2350.0
int__tai30_15_04,1828,714,2051.0,2260.0
int__tai30_15_04,1828,715,2073.0,2312.0
int__tai30_15_04,1828,716,2065.0,2318.0
int__tai30_15_04,1828,717,2074.0,2286.0
int__tai30_15_04,1828,718,2091.0,2328.0
int__tai30_15_04,1828,719,2085.0,2321.0
int__tai30_15_04,1828,720,2017.0,2226.0
int__tai30_15_04,1828,721,2054.0,2289.0
int__tai30_15_04,1828,722,2049.0,2275.0
int__tai30_15_04,1828,723,2065.0,2294.0
int__tai30_15_04,1828,724,2105.0,2407.0
int__tai30_15_04,1828,725,2036.0,2241.0
int__tai30_15_04,1828,726,2148.0,2411.0
int__tai30_15_04,1828,727,2111.0,2355.0
int__tai30_15_04,1828,728,2111.0,2371.0
int__tai30_15_04,1828,729,2135.0,2379.0
int__tai30_15_04,1828,730,2148.0,2395.0
int__tai30_15_04,1828,731,2047.0,2295.0
int__tai30_15_04,1828,732,2113.0,2360.0
int__tai30_15_04,1828,733,2163.0,2418.0
int__tai30_15_04,1828,734,2028.0,2256.0
int__tai30_15_04,1828,735,2052.0,2273.0
int__tai30_15_04,1828,736,2169.0,2363.0
int__tai30_15_04,1828,737,2138.0,2421.0
int__tai30_15_04,1828,738,1996.0,2205.0
int__tai30_15_04,1828,739,2060.0,2325.0
int__tai30_15_04,1828,740,2120.0,2339.0
int__tai30_15_04,1828,741,2073.0,2333.0
int__tai30_15_04,1828,742,2078.0,2363.0
int__tai30_15_04,1828,743,2120.0,2373.0
int__tai30_15_04,1828,744,1994.0,2275.0
int__tai30_15_04,1828,745,2064.0,2308.0
int__tai30_15_04,1828,746,2095.0,2321.0
int__tai30_15_04,1828,747,2124.0,2380.0
int__tai30_15_04,1828,748,2065.0,2332.0
int__tai30_15_04,1828,749,2051.0,2292.0
int__tai30_15_04,1828,750,2119.0,2363.0
int__tai30_15_04,1828,751,2111.0,2383.0
int__tai30_15_04,1828,752,2116.0,2370.0
int__tai30_15_04,1828,753,2073.0,2316.0
int__tai30_15_04,1828,754,2002.0,2234.0
int__tai30_15_04,1828,755,2098.0,2324.0
int__tai30_15_04,1828,756,2183.0,2428.0
int__tai30_15_04,1828,757,2058.0,2305.0
int__tai30_15_04,1828,758,2055.0,2277.0
int__tai30_15_04,1828,759,2086.0,2295.0
int__tai30_15_04,1828,760,2099.0,2336.0
int__tai30_15_04,1828,761,2041.0,2291.0
int__tai30_15_04,1828,762,2075.0,2350.0
int__tai30_15_04,1828,763,2182.0,2431.0
int__tai30_15_04,1828,764,2017.0,2278.0
int__tai30_15_04,1828,765,2145.0,2409.0
int__tai30_15_04,1828,766,2194.0,2504.0
int__tai30_15_04,1828,767,2032.0,2294.0
int__tai30_15_04,1828,768,2007.0,2252.0
int__tai30_15_04,1828,769,2075.0,2321.0
int__tai30_15_04,1828,770,2193.0,2450.0
int__tai30_15_04,1828,771,2058.0,2296.0
int__tai30_15_04,1828,772,2068.0,2308.0
int__tai30_15_04,1828,773,2015.0,2280.0
int__tai30_15_04,1828,774,2084.0,2344.0
int__tai30_15_04,1828,775,2045.0,2280.0
int__tai30_15_04,1828,776,2106.0,2348.0
int__tai30_15_04,1828,777,2131.0,2376.0
int__tai30_15_04,1828,778,2210.0,2478.0
int__tai30_15_04,1828,779,2216.0,2456.0
int__tai30_15_04,1828,780,2083.0,2367.0
int__tai30_15_04,1828,781,2125.0,2365.0
int__tai30_15_04,1828,782,2033.0,2288.0
int__tai30_15_04,1828,783,2118.0,2334.0
int__tai30_15_04,1828,784,2120.0,2343.0
int__tai30_15_04,1828,785,2042.0,2296.0
int__tai30_15_04,1828,786,2092.0,2308.0
int__tai30_15_04,1828,787,2126.0,2421.0
int__tai30_15_04,1828,788,2079.0,2327.0
int__tai30_15_04,1828,789,2137.0,2388.0
int__tai30_15_04,1828,790,2060.0,2279.0
int__tai30_15_04,1828,791,2118.0,2406.0
int__tai30_15_04,1828,792,2022.0,2258.0
int__tai30_15_04,1828,793,2222.0,2481.0
int__tai30_15_04,1828,794,2163.0,2427.0
int__tai30_15_04,1828,795,2134.0,2382.0
int__tai30_15_04,1828,796,2005.0,2286.0
int__tai30_15_04,1828,797,2174.0,2427.0
int__tai30_15_04,1828,798,2136.0,2391.0
int__tai30_15_04,1828,799,2001.0,2253.0
int__tai30_15_04,1828,800,2102.0,2364.0
int__tai30_15_04,1828,801,2023.0,2257.0
int__tai30_15_04,1828,802,2219.0,2480.0
int__tai30_15_04,1828,803,2121.0,2366.0
int__tai30_15_04,1828,804,2062.0,2300.0
int__tai30_15_04,1828,805,2171.0,2418.0
int__tai30_15_04,1828,806,2112.0,2368.0
int__tai30_15_04,1828,807,2171.0,2400.0
int__tai30_15_04,1828,808,2162.0,2426.0
int__tai30_15_04,1828,809,2086.0,2362.0
int__tai30_15_04,1828,810,2091.0,2326.0
int__tai30_15_04,1828,811,2111.0,2389.0
int__tai30_15_04,1828,812,2121.0,2338.0
int__tai30_15_04,1828,813,2144.0,2405.0
int__tai30_15_04,1828,814,2093.0,2348.0
int__tai30_15_04,1828,815,2082.0,2364.0
int__tai30_15_04,1828,816,2098.0,2349.0
int__tai30_15_04,1828,817,2190.0,2448.0
int__tai30_15_04,1828,818,1999.0,2273.0
int__tai30_15_04,1828,819,2072.0,2325.0
int__tai30_15_04,1828,820,2152.0,2401.0
int__tai30_15_04,1828,821,2142.0,2371.0
int__tai30_15_04,1828,822,2136.0,2382.0
int__tai30_15_04,1828,823,2164.0,2440.0
int__tai30_15_04,1828,824,2048.0,2305.0
int__tai30_15_04,1828,825,2076.0,2315.0
int__tai30_15_04,1828,826,2050.0,2275.0
int__tai30_15_04,1828,827,2181.0,2432.0
int__tai30_15_04,1828,828,2052.0,2303.0
int__tai30_15_04,1828,829,2026.0,2289.0
int__tai30_15_04,1828,830,2023.0,2286.0
int__tai30_15_04,1828,831,2087.0,2331.0
int__tai30_15_04,1828,832,2103.0,2354.0
int__tai30_15_04,1828,833,2100.0,2345.0
int__tai30_15_04,1828,834,2132.0,2372.0
int__tai30_15_04,1828,835,2106.0,2386.0
int__tai30_15_04,1828,836,2182.0,2441.0
int__tai30_15_04,1828,837,2109.0,2340.0
int__tai30_15_04,1828,838,2189.0,2451.0
int__tai30_15_04,1828,839,2106.0,2346.0
int__tai30_15_04,1828,840,2092.0,2301.0
int__tai30_15_04,1828,841,2078.0,2315.0
int__tai30_15_04,1828,842,2043.0,2267.0
int__tai30_15_04,1828,843,2060.0,2305.0
int__tai30_15_04,1828,844,2048.0,2301.0
int__tai30_15_04,1828,845,2102.0,2389.0
int__tai30_15_04,1828,846,2062.0,2300.0
int__tai30_15_04,1828,847,2041.0,2377.0
int__tai30_15_04,1828,848,2077.0,2307.0
int__tai30_15_04,1828,849,2147.0,2443.0
int__tai30_15_04,1828,850,2128.0,2395.0
int__tai30_15_04,1828,851,2102.0,2330.0
int__tai30_15_04,1828,852,2091.0,2345.0
int__tai30_15_04,1828,853,2056.0,2290.0
int__tai30_15_04,1828,854,2046.0,2309.0
int__tai30_15_04,1828,855,2050.0,2275.0
int__tai30_15_04,1828,856,2141.0,2412.0
int__tai30_15_04,1828,857,2081.0,2334.0
int__tai30_15_04,1828,858,2175.0,2439.0
int__tai30_15_04,1828,859,2157.0,2381.0
int__tai30_15_04,1828,860,2079.0,2363.0
int__tai30_15_04,1828,861,2175.0,2458.0
int__tai30_15_04,1828,862,2129.0,2426.0
int__tai30_15_04,1828,863,2076.0,2331.0
int__tai30_15_04,1828,864,2066.0,2286.0
int__tai30_15_04,1828,865,2141.0,2373.0
int__tai30_15_04,1828,866,1999.0,2263.0
int__tai30_15_04,1828,867,2093.0,2347.0
int__tai30_15_04,1828,868,2124.0,2349.0
int__tai30_15_04,1828,869,2139.0,2384.0
int__tai30_15_04,1828,870,2073.0,2294.0
int__tai30_15_04,1828,871,2094.0,2359.0
int__tai30_15_04,1828,872,2067.0,2308.0
int__tai30_15_04,1828,873,2166.0,2414.0
int__tai30_15_04,1828,874,2182.0,2445.0
int__tai30_15_04,1828,875,2219.0,2490.0
int__tai30_15_04,1828,876,2160.0,2465.0
int__tai30_15_04,1828,877,2158.0,2411.0
int__tai30_15_04,1828,878,2085.0,2363.0
int__tai30_15_04,1828,879,2104.0,2355.0
int__tai30_15_04,1828,880,2067.0,2340.0
int__tai30_15_04,1828,881,2065.0,2352.0
int__tai30_15_04,1828,882,2057.0,2317.0
int__tai30_15_04,1828,883,2091.0,2352.0
int__tai30_15_04,1828,884,2278.0,2512.0
int__tai30_15_04,1828,885,2139.0,2391.0
int__tai30_15_04,1828,886,2137.0,2391.0
int__tai30_15_04,1828,887,1989.0,2224.0
int__tai30_15_04,1828,888,2080.0,2319.0
int__tai30_15_04,1828,889,2056.0,2354.0
int__tai30_15_04,1828,890,2012.0,2300.0
int__tai30_15_04,1828,891,2019.0,2249.0
int__tai30_15_04,1828,892,2026.0,2272.0
int__tai30_15_04,1828,893,2082.0,2336.0
int__tai30_15_04,1828,894,2080.0,2322.0
int__tai30_15_04,1828,895,2061.0,2288.0
int__tai30_15_04,1828,896,2105.0,2341.0
int__tai30_15_04,1828,897,1985.0,2225.0
int__tai30_15_04,1828,898,2175.0,2393.0
int__tai30_15_04,1828,899,2075.0,2310.0
int__tai30_15_04,1828,900,2126.0,2413.0
int__tai30_15_04,1828,901,2030.0,2289.0
int__tai30_15_04,1828,902,2074.0,2357.0
int__tai30_15_04,1828,903,2056.0,2315.0
int__tai30_15_04,1828,904,2117.0,2373.0
int__tai30_15_04,1828,905,2061.0,2281.0
int__tai30_15_04,1828,906,2062.0,2339.0
int__tai30_15_04,1828,907,2035.0,2295.0
int__tai30_15_04,1828,908,2153.0,2397.0
int__tai30_15_04,1828,909,2107.0,2367.0
int__tai30_15_04,1828,910,2075.0,2295.0
int__tai30_15_04,1828,911,2117.0,2362.0
int__tai30_15_04,1828,912,2073.0,2304.0
int__tai30_15_04,1828,913,2088.0,2356.0
int__tai30_15_04,1828,914,2128.0,2381.0
int__tai30_15_04,1828,915,2081.0,2313.0
int__tai30_15_04,1828,916,2090.0,2310.0
int__tai30_15_04,1828,917,2195.0,2447.0
int__tai30_15_04,1828,918,2078.0,2300.0
int__tai30_15_04,1828,919,2137.0,2373.0
int__tai30_15_04,1828,920,2047.0,2307.0
int__tai30_15_04,1828,921,2091.0,2353.0
int__tai30_15_04,1828,922,2194.0,2432.0
int__tai30_15_04,1828,923,2074.0,2343.0
int__tai30_15_04,1828,924,2059.0,2287.0
int__tai30_15_04,1828,925,2064.0,2331.0
int__tai30_15_04,1828,926,2113.0,2350.0
int__tai30_15_04,1828,927,2043.0,2275.0
int__tai30_15_04,1828,928,2122.0,2366.0
int__tai30_15_04,1828,929,2146.0,2372.0
int__tai30_15_04,1828,930,2143.0,2382.0
int__tai30_15_04,1828,931,2029.0,2271.0
int__tai30_15_04,1828,932,2142.0,2376.0
int__tai30_15_04,1828,933,2090.0,2295.0
int__tai30_15_04,1828,934,2049.0,2281.0
int__tai30_15_04,1828,935,2167.0,2421.0
int__tai30_15_04,1828,936,2078.0,2373.0
int__tai30_15_04,1828,937,2170.0,2417.0
int__tai30_15_04,1828,938,2040.0,2320.0
int__tai30_15_04,1828,939,2081.0,2289.0
int__tai30_15_04,1828,940,2083.0,2301.0
int__tai30_15_04,1828,941,2139.0,2387.0
int__tai30_15_04,1828,942,2085.0,2325.0
int__tai30_15_04,1828,943,2085.0,2353.0
int__tai30_15_04,1828,944,2073.0,2317.0
int__tai30_15_04,1828,945,2066.0,2316.0
int__tai30_15_04,1828,946,2077.0,2333.0
int__tai30_15_04,1828,947,2012.0,2273.0
int__tai30_15_04,1828,948,2016.0,2281.0
int__tai30_15_04,1828,949,2051.0,2264.0
int__tai30_15_04,1828,950,2059.0,2295.0
int__tai30_15_04,1828,951,2094.0,2306.0
int__tai30_15_04,1828,952,2072.0,2289.0
int__tai30_15_04,1828,953,2157.0,2431.0
int__tai30_15_04,1828,954,2085.0,2329.0
int__tai30_15_04,1828,955,2106.0,2326.0
int__tai30_15_04,1828,956,2084.0,2337.0
int__tai30_15_04,1828,957,2091.0,2335.0
int__tai30_15_04,1828,958,2084.0,2308.0
int__tai30_15_04,1828,959,2006.0,2249.0
int__tai30_15_04,1828,960,2057.0,2245.0
int__tai30_15_04,1828,961,2067.0,2312.0
int__tai30_15_04,1828,962,2085.0,2322.0
int__tai30_15_04,1828,963,2152.0,2401.0
int__tai30_15_04,1828,964,2128.0,2384.0
int__tai30_15_04,1828,965,2200.0,2458.0
int__tai30_15_04,1828,966,2122.0,2374.0
int__tai30_15_04,1828,967,2172.0,2446.0
int__tai30_15_04,1828,968,2041.0,2282.0
int__tai30_15_04,1828,969,2103.0,2347.0
int__tai30_15_04,1828,970,2080.0,2328.0
int__tai30_15_04,1828,971,2118.0,2370.0
int__tai30_15_04,1828,972,2097.0,2345.0
int__tai30_15_04,1828,973,2008.0,2249.0
int__tai30_15_04,1828,974,2036.0,2327.0
int__tai30_15_04,1828,975,2078.0,2350.0
int__tai30_15_04,1828,976,2074.0,2274.0
int__tai30_15_04,1828,977,2124.0,2362.0
int__tai30_15_04,1828,978,2101.0,2356.0
int__tai30_15_04,1828,979,2076.0,2307.0
int__tai30_15_04,1828,980,2085.0,2373.0
int__tai30_15_04,1828,981,2126.0,2361.0
int__tai30_15_04,1828,982,2187.0,2455.0
int__tai30_15_04,1828,983,2136.0,2425.0
int__tai30_15_04,1828,984,2028.0,2267.0
int__tai30_15_04,1828,985,2109.0,2363.0
int__tai30_15_04,1828,986,2073.0,2333.0
int__tai30_15_04,1828,987,2183.0,2425.0
int__tai30_15_04,1828,988,2082.0,2337.0
int__tai30_15_04,1828,989,2092.0,2326.0
int__tai30_15_04,1828,990,2021.0,2289.0
int__tai30_15_04,1828,991,2131.0,2433.0
int__tai30_15_04,1828,992,2067.0,2318.0
int__tai30_15_04,1828,993,2086.0,2413.0
int__tai30_15_04,1828,994,2040.0,2299.0
int__tai30_15_04,1828,995,2118.0,2367.0
int__tai30_15_04,1828,996,2112.0,2309.0
int__tai30_15_04,1828,997,2074.0,2361.0
int__tai30_15_04,1828,998,2112.0,2372.0
int__tai30_15_04,1828,999,2119.0,2326.0
int__tai30_15_04,1828,1000,2153.0,2413.0
int__tai30_15_04,1828,1001,2064.0,2298.0
int__tai30_15_04,1828,1002,2052.0,2368.0
int__tai30_15_04,1828,1003,2083.0,2363.0
int__tai30_15_04,1828,1004,2059.0,2279.0
int__tai30_15_04,1828,1005,2109.0,2391.0
int__tai30_15_04,1828,1006,2094.0,2347.0
int__tai30_15_04,1828,1007,2033.0,2325.0
int__tai30_15_04,1828,1008,2158.0,2386.0
int__tai30_15_04,1828,1009,2095.0,2364.0
int__tai30_15_04,1828,1010,2029.0,2274.0
int__tai30_15_04,1828,1011,2131.0,2400.0
int__tai30_15_04,1828,1012,2000.0,2251.0
int__tai30_15_04,1828,1013,2059.0,2315.0
int__tai30_15_04,1828,1014,2041.0,2269.0
int__tai30_15_04,1828,1015,2134.0,2373.0
int__tai30_15_04,1828,1016,2176.0,2424.0
int__tai30_15_04,1828,1017,2154.0,2396.0
int__tai30_15_04,1828,1018,2056.0,2312.0
int__tai30_15_04,1828,1019,2076.0,2305.0
int__tai30_15_04,1828,1020,2044.0,2302.0
int__tai30_15_04,1828,1021,2014.0,2284.0
int__tai30_15_04,1828,1022,2041.0,2311.0
int__tai30_15_04,1828,1023,2131.0,2366.0
int__tai30_15_10,1651,0,1955.0,2210.0
int__tai30_15_10,1651,1,2020.0,2276.0
int__tai30_15_10,1651,2,1967.0,2218.0
int__tai30_15_10,1651,3,2052.0,2285.0
int__tai30_15_10,1651,4,1984.0,2226.0
int__tai30_15_10,1651,5,1957.0,2212.0
int__tai30_15_10,1651,6,1985.0,2207.0
int__tai30_15_10,1651,7,2027.0,2237.0
int__tai30_15_10,1651,8,1995.0,2237.0
int__tai30_15_10,1651,9,2092.0,2311.0
int__tai30_15_10,1651,10,1955.0,2221.0
int__tai30_15_10,1651,11,1977.0,2208.0
int__tai30_15_10,1651,12,1972.0,2185.0
int__tai30_15_10,1651,13,2068.0,2338.0
int__tai30_15_10,1651,14,2081.0,2303.0
int__tai30_15_10,1651,15,1999.0,2233.0
int__tai30_15_10,1651,16,2032.0,2265.0
int__tai30_15_10,1651,17,2049.0,2302.0
int__tai30_15_10,1651,18,1978.0,2234.0
int__tai30_15_10,1651,19,1984.0,2217.0
int__tai30_15_10,1651,20,1956.0,2161.0
int__tai30_15_10,1651,21,1933.0,2140.0
int__tai30_15_10,1651,22,2060.0,2310.0
int__tai30_15_10,1651,23,1981.0,2210.0
int__tai30_15_10,1651,24,2053.0,2314.0
int__tai30_15_10,1651,25,2016.0,2233.0
int__tai30_15_10,1651,26,2015.0,2241.0
int__tai30_15_10,1651,27,2057.0,2269.0
int__tai30_15_10,1651,28,1992.0,2228.0
int__tai30_15_10,1651,29,1967.0,2214.0
int__tai30_15_10,1651,30,1986.0,2193.0
int__tai30_15_10,1651,31,2032.0,2295.0
int__tai30_15_10,1651,32,2035.0,2238.0
int__tai30_15_10,1651,33,1982.0,2194.0
int__tai30_15_10,1651,34,2113.0,2333.0
int__tai30_15_10,1651,35,1926.0,2179.0
int__tai30_15_10,1651,36,2050.0,2280.0
int__tai30_15_10,1651,37,1974.0,2214.0
int__tai30_15_10,1651,38,1976.0,2217.0
int__tai30_15_10,1651,39,2053.0,2265.0
int__tai30_15_10,1651,40,1997.0,2249.0
int__tai30_15_10,1651,41,1939.0,2182.0
int__tai30_15_10,1651,42,1996.0,2232.0
int__tai30_15_10,1651,43,1937.0,2176.0
int__tai30_15_10,1651,44,1992.0,2256.0
int__tai30_15_10,1651,45,1969.0,2219.0
int__tai30_15_10,1651,46,1993.0,2230.0
int__tai30_15_10,1651,47,1935.0,2168.0
int__tai30_15_10,1651,48,1928.0,2189.0
int__tai30_15_10,1651,49,2051.0,2284.0
int__tai30_15_10,1651,50,1980.0,2196.0
int__tai30_15_10,1651,51,2108.0,2356.0
int__tai30_15_10,1651,52,2056.0,2277.0
int__tai30_15_10,1651,53,2135.0,2408.0
int__tai30_15_10,1651,54,2043.0,2256.0
int__tai30_15_10,1651,55,2009.0,2223.0
int__tai30_15_10,1651,56,1980.0,2271.0
int__tai30_15_10,1651,57,1970.0,2214.0
int__tai30_15_10,1651,58,1991.0,2258.0
int__tai30_15_10,1651,59,1976.0,2194.0
int__tai30_15_10,1651,60,1982.0,2215.0
int__tai30_15_10,1651,61,2036.0,2242.0
int__tai30_15_10,1651,62,2014.0,2250.0
int__tai30_15_10,1651,63,1947.0,2161.0
int__tai30_15_10,1651,64,2022.0,2267.0
int__tai30_15_10,1651,65,1992.0,2294.0
int__tai30_15_10,1651,66,1909.0,2119.0
int__tai30_15_10,1651,67,1988.0,2228.0
int__tai30_15_10,1651,68,2043.0,2252.0
int__tai30_15_10,1651,69,2033.0,2276.0
int__tai30_15_10,1651,70,2021.0,2241.0
int__tai30_15_10,1651,71,1961.0,2185.0
int__tai30_15_10,1651,72,1969.0,2209.0
int__tai30_15_10,1651,73,1977.0,2207.0
int__tai30_15_10,1651,74,2108.0,2304.0
int__tai30_15_10,1651,75,2099.0,2331.0
int__tai30_15_10,1651,76,2060.0,2327.0
int__tai30_15_10,1651,77,2020.0,2214.0
int__tai30_15_10,1651,78,1992.0,2252.0
int__tai30_15_10,1651,79,2013.0,2253.0
int__tai30_15_10,1651,80,2011.0,2269.0
int__tai30_15_10,1651,81,2012.0,2202.0
int__tai30_15_10,1651,82,1967.0,2167.0
int__tai30_15_10,1651,83,1905.0,2146.0
int__tai30_15_10,1651,84,2008.0,2206.0
int__tai30_15_10,1651,85,1994.0,2228.0
int__tai30_15_10,1651,86,2024.0,2267.0
int__tai30_15_10,1651,87,1994.0,2232.0
int__tai30_15_10,1651,88,1949.0,2179.0
int__tai30_15_10,1651,89,2092.0,2317.0
int__tai30_15_10,1651,90,1989.0,2253.0
int__tai30_15_10,1651,91,2005.0,2232.0
int__tai30_15_10,1651,92,1985.0,2264.0
int__tai30_15_10,1651,93,1924.0,2177.0
int__tai30_15_10,1651,94,2028.0,2246.0
int__tai30_15_10,1651,95,2036.0,2241.0
int__tai30_15_10,1651,96,2060.0,2299.0
int__tai30_15_10,1651,97,1991.0,2223.0
int__tai30_15_10,1651,98,1997.0,2239.0
int__tai30_15_10,1651,99,2114.0,2370.0
int__tai30_15_10,1651,100,2029.0,2269.0
int__tai30_15_10,1651,101,2029.0,2245.0
int__tai30_15_10,1651,102,2065.0,2304.0
int__tai30_15_10,1651,103,1994.0,2238.0
int__tai30_15_10,1651,104,1978.0,2227.0
int__tai30_15_10,1651,105,2006.0,2232.0
int__tai30_15_10,1651,106,1954.0,2177.0
int__tai30_15_10,1651,107,1999.0,2240.0
int__tai30_15_10,1651,108,2078.0,2301.0
int__tai30_15_10,1651,109,1966.0,2218.0
int__tai30_15_10,1651,110,1946.0,2193.0
int__tai30_15_10,1651,111,2033.0,2290.0
int__tai30_15_10,1651,112,1966.0,2237.0
int__tai30_15_10,1651,113,1983.0,2237.0
int__tai30_15_10,1651,114,2013.0,2245.0
int__tai30_15_10,1651,115,2097.0,2319.0
int__tai30_15_10,1651,116,1941.0,2166.0
int__tai30_15_10,1651,117,2034.0,2259.0
int__tai30_15_10,1651,118,1954.0,2198.0
int__tai30_15_10,1651,119,2014.0,2258.0
int__tai30_15_10,1651,120,1993.0,2238.0
int__tai30_15_10,1651,121,2005.0,2264.0
int__tai30_15_10,1651,122,1968.0,2197.0
int__tai30_15_10,1651,123,1987.0,2220.0
int__tai30_15_10,1651,124,1995.0,2261.0
int__tai30_15_10,1651,125,2041.0,2294.0
int__tai30_15_10,1651,126,2041.0,2281.0
int__tai30_15_10,1651,127,2189.0,2424.0
int__tai30_15_10,1651,128,2048.0,2300.0
int__tai30_15_10,1651,129,1935.0,2200.0
int__tai30_15_10,1651,130,2018.0,2251.0
int__tai30_15_10,1651,131,2013.0,2255.0
int__tai30_15_10,1651,132,1989.0,2198.0
int__tai30_15_10,1651,133,2031.0,2291.0
int__tai30_15_10,1651,134,1991.0,2236.0
int__tai30_15_10,1651,135,2017.0,2284.0
int__tai30_15_10,1651,136,2028.0,2252.0
int__tai30_15_10,1651,137,2004.0,2259.0
int__tai30_15_10,1651,138,1967.0,2211.0
int__tai30_15_10,1651,139,2098.0,2319.0
int__tai30_15_10,1651,140,2022.0,2237.0
int__tai30_15_10,1651,141,2135.0,2391.0
int__tai30_15_10,1651,142,2119.0,2389.0
int__tai30_15_10,1651,143,2090.0,2319.0
int__tai30_15_10,1651,144,1957.0,2192.0
int__tai30_15_10,1651,145,1944.0,2195.0
int__tai30_15_10,1651,146,2179.0,2430.0
int__tai30_15_10,1651,147,2075.0,2343.0
int__tai30_15_10,1651,148,2043.0,2268.0
int__tai30_15_10,1651,149,2016.0,2261.0
int__tai30_15_10,1651,150,1967.0,2215.0
int__tai30_15_10,1651,151,2065.0,2300.0
int__tai30_15_10,1651,152,1951.0,2204.0
int__tai30_15_10,1651,153,1962.0,2213.0
int__tai30_15_10,1651,154,2046.0,2317.0
int__tai30_15_10,1651,155,2018.0,2246.0
int__tai30_15_10,1651,156,1964.0,2186.0
int__tai30_15_10,1651,157,2075.0,2324.0
int__tai30_15_10,1651,158,1951.0,2199.0
int__tai30_15_10,1651,159,2009.0,2258.0
int__tai30_15_10,1651,160,1945.0,2203.0
int__tai30_15_10,1651,161,2003.0,2255.0
int__tai30_15_10,1651,162,1987.0,2220.0
int__tai30_15_10,1651,163,2068.0,2293.0
int__tai30_15_10,1651,164,1969.0,2200.0
int__tai30_15_10,1651,165,1994.0,2240.0
int__tai30_15_10,1651,166,2022.0,2265.0
int__tai30_15_10,1651,167,1997.0,2221.0
int__tai30_15_10,1651,168,2013.0,2285.0
int__tai30_15_10,1651,169,1892.0,2129.0
int__tai30_15_10,1651,170,1901.0,2134.0
int__tai30_15_10,1651,171,2117.0,2352.0
int__tai30_15_10,1651,172,2008.0,2271.0
int__tai30_15_10,1651,173,2007.0,2264.0
int__tai30_15_10,1651,174,1923.0,2167.0
int__tai30_15_10,1651,175,2038.0,2286.0
int__tai30_15_10,1651,176,1959.0,2191.0
int__tai30_15_10,1651,177,1976.0,2205.0
int__tai30_15_10,1651,178,1968.0,2196.0
int__tai30_15_10,1651,179,1863.0,2107.0
int__tai30_15_10,1651,180,1953.0,2202.0
int__tai30_15_10,1651,181,2084.0,2305.0
int__tai30_15_10,1651,182,2043.0,2267.0
int__tai30_15_10,1651,183,2036.0,2282.0
int__tai30_15_10,1651,184,2019.0,2260.0
int__tai30_15_10,1651,185,2021.0,2244.0
int__tai30_15_10,1651,186,2048.0,2283.0
int__tai30_15_10,1651,187,2007.0,2227.0
int__tai30_15_10,1651,188,2011.0,2220.0
int__tai30_15_10,1651,189,2036.0,2293.0
int__tai30_15_10,1651,190,2083.0,2295.0
int__tai30_15_10,1651,191,2077.0,2337.0
int__tai30_15_10,1651,192,1957.0,2181.0
int__tai30_15_10,1651,193,1989.0,2198.0
int__tai30_15_10,1651,194,1975.0,2195.0
int__tai30_15_10,1651,195,2045.0,2269.0
int__tai30_15_10,1651,196,1993.0,2275.0
int__tai30_15_10,1651,197,1969.0,2183.0
int__tai30_15_10,1651,198,1978.0,2208.0
int__tai30_15_10,1651,199,2061.0,2283.0
int__tai30_15_10,1651,200,2008.0,2261.0
int__tai30_15_10,1651,201,1992.0,2275.0
int__tai30_15_10,1651,202,2150.0,2368.0
int__tai30_15_10,1651,203,1969.0,2218.0
int__tai30_15_10,1651,204,2027.0,2253.0
int__tai30_15_10,1651,205,2057.0,2265.0
int__tai30_15_10,1651,206,2071.0,2329.0
int__tai30_15_10,1651,207,2092.0,2345.0
int__tai30_15_10,1651,208,1993.0,2248.0
int__tai30_15_10,1651,209,2071.0,2279.0
int__tai30_15_10,1651,210,2040.0,2295.0
int__tai30_15_10,1651,211,1976.0,2203.0
int__tai30_15_10,1651,212,1918.0,2174.0
int__tai30_15_10,1651,213,1998.0,2243.0
int__tai30_15_10,1651,214,2016.0,2224.0
int__tai30_15_10,1651,215,2037.0,2296.0
int__tai30_15_10,1651,216,2003.0,2239.0
int__tai30_15_10,1651,217,2033.0,2282.0
int__tai30_15_10,1651,218,1936.0,2131.0
int__tai30_15_10,1651,219,1958.0,2207.0
int__tai30_15_10,1651,220,2023.0,2248.0
int__tai30_15_10,1651,221,1926.0,2159.0
int__tai30_15_10,1651,222,2006.0,2237.0
int__tai30_15_10,1651,223,1947.0,2201.0
int__tai30_15_10,1651,224,2029.0,2261.0
int__tai30_15_10,1651,225,2009.0,2282.0
int__tai30_15_10,1651,226,2059.0,2248.0
int__tai30_15_10,1651,227,2043.0,2285.0
int__tai30_15_10,1651,228,1979.0,2231.0
int__tai30_15_10,1651,229,1933.0,2163.0
int__tai30_15_10,1651,230,2077.0,2330.0
int__tai30_15_10,1651,231,2035.0,2256.0
int__tai30_15_10,1651,232,2035.0,2281.0
int__tai30_15_10,1651,233,2000.0,2214.0
int__tai30_15_10,1651,234,1973.0,2220.0
int__tai30_15_10,1651,235,2020.0,2262.0
int__tai30_15_10,1651,236,2035.0,2255.0
int__tai30_15_10,1651,237,2025.0,2298.0
int__tai30_15_10,1651,238,1989.0,2216.0
int__tai30_15_10,1651,239,1949.0,2193.0
int__tai30_15_10,1651,240,1984.0,2205.0
int__tai30_15_10,1651,241,2170.0,2408.0
int__tai30_15_10,1651,242,2000.0,2228.0
int__tai30_15_10,1651,243,1928.0,2188.0
int__tai30_15_10,1651,244,1979.0,2247.0
int__tai30_15_10,1651,245,2025.0,2311.0
int__tai30_15_10,1651,246,2037.0,2257.0
int__tai30_15_10,1651,247,1989.0,2218.0
int__tai30_15_10,1651,248,1976.0,2189.0
int__tai30_15_10,1651,249,1970.0,2196.0
int__tai30_15_10,1651,250,1970.0,2181.0
int__tai30_15_10,1651,251,1958.0,2218.0
int__tai30_15_10,1651,252,1908.0,2129.0
int__tai30_15_10,1651,253,1984.0,2265.0
int__tai30_15_10,1651,254,1992.0,2233.0
int__tai30_15_10,1651,255,2007.0,2240.0
int__tai30_15_10,1651,256,1989.0,2215.0
int__tai30_15_10,1651,257,1996.0,2246.0
int__tai30_15_10,1651,258,2020.0,2282.0
int__tai30_15_10,1651,259,1931.0,2156.0
int__tai30_15_10,1651,260,1917.0,2173.0
int__tai30_15_10,1651,261,2042.0,2273.0
int__tai30_15_10,1651,262,2102.0,2342.0
int__tai30_15_10,1651,263,2083.0,2353.0
int__tai30_15_10,1651,264,1987.0,2238.0
int__tai30_15_10,1651,265,2039.0,2282.0
int__tai30_15_10,1651,266,1934.0,2180.0
int__tai30_15_10,1651,267,1963.0,2214.0
int__tai30_15_10,1651,268,2036.0,2304.0
int__tai30_15_10,1651,269,1981.0,2217.0
int__tai30_15_10,1651,270,2104.0,2381.0
int__tai30_15_10,1651,271,2021.0,2249.0
int__tai30_15_10,1651,272,2036.0,2254.0
int__tai30_15_10,1651,273,2080.0,2296.0
int__tai30_15_10,1651,274,1982.0,2182.0
int__tai30_15_10,1651,275,2002.0,2260.0
int__tai30_15_10,1651,276,2045.0,2275.0
int__tai30_15_10,1651,277,2019.0,2265.0
int__tai30_15_10,1651,278,2057.0,2291.0
int__tai30_15_10,1651,279,1969.0,2213.0
int__tai30_15_10,1651,280,1984.0,2201.0
int__tai30_15_10,1651,281,2036.0,2275.0
int__tai30_15_10,1651,282,2106.0,2373.0
int__tai30_15_10,1651,283,1929.0,2168.0
int__tai30_15_10,1651,284,2067.0,2275.0
int__tai30_15_10,1651,285,1980.0,2241.0
int__tai30_15_10,1651,286,1986.0,2213.0
int__tai30_15_10,1651,287,1981.0,2194.0
int__tai30_15_10,1651,288,2036.0,2326.0
int__tai30_15_10,1651,289,1884.0,2129.0
int__tai30_15_10,1651,290,2030.0,2272.0
int__tai30_15_10,1651,291,1965.0,2186.0
int__tai30_15_10,1651,292,2034.0,2287.0
int__tai30_15_10,1651,293,2075.0,2285.0
int__tai30_15_10,1651,294,1998.0,2239.0
int__tai30_15_10,1651,295,2030.0,2266.0
int__tai30_15_10,1651,296,1973.0,2230.0
int__tai30_15_10,1651,297,2083.0,2322.0
int__tai30_15_10,1651,298,2091.0,2342.0
int__tai30_15_10,1651,299,2042.0,2250.0
int__tai30_15_10,1651,300,1928.0,2136.0
int__tai30_15_10,1651,301,2128.0,2360.0
int__tai30_15_10,1651,302,1961.0,2205.0
int__tai30_15_10,1651,303,2068.0,2310.0
int__tai30_15_10,1651,304,2065.0,2321.0
int__tai30_15_10,1651,305,1939.0,2161.0
int__tai30_15_10,1651,306,1965.0,2202.0
int__tai30_15_10,1651,307,2006.0,2232.0
int__tai30_15_10,1651,308,1912.0,2175.0
int__tai30_15_10,1651,309,1946.0,2200.0
int__tai30_15_10,1651,310,1982.0,2261.0
int__tai30_15_10,1651,311,2024.0,2222.0
int__tai30_15_10,1651,312,2053.0,2270.0
int__tai30_15_10,1651,313,1934.0,2186.0
int__tai30_15_10,1651,314,2074.0,2337.0
int__tai30_15_10,1651,315,2092.0,2347.0
int__tai30_15_10,1651,316,2029.0,2295.0
int__tai30_15_10,1651,317,1951.0,2189.0
int__tai30_15_10,1651,318,1966.0,2187.0
int__tai30_15_10,1651,319,2094.0,2359.0
int__tai30_15_10,1651,320,2018.0,2237.0
int__tai30_15_10,1651,321,2060.0,2337.0
int__tai30_15_10,1651,322,1920.0,2134.0
int__tai30_15_10,1651,323,2001.0,2214.0
int__tai30_15_10,1651,324,1998.0,2221.0
int__tai30_15_10,1651,325,1989.0,2228.0
int__tai30_15_10,1651,326,2016.0,2264.0
int__tai30_15_10,1651,327,1966.0,2216.0
int__tai30_15_10,1651,328,1966.0,2205.0
int__tai30_15_10,1651,329,2033.0,2295.0
int__tai30_15_10,1651,330,1971.0,2205.0
int__tai30_15_10,1651,331,2074.0,2293.0
int__tai30_15_10,1651,332,2045.0,2269.0
int__tai30_15_10,1651,333,2009.0,2256.0
int__tai30_15_10,1651,334,1975.0,2211.0
int__tai30_15_10,1651,335,2060.0,2324.0
int__tai30_15_10,1651,336,2050.0,2298.0
int__tai30_15_10,1651,337,1941.0,2171.0
int__tai30_15_10,1651,338,2040.0,2287.0
int__tai30_15_10,1651,339,2066.0,2307.0
int__tai30_15_10,1651,340,2062.0,2286.0
int__tai30_15_10,1651,341,2018.0,2251.0
int__tai30_15_10,1651,342,2086.0,2328.0
int__tai30_15_10,1651,343,1975.0,2218.0
int__tai30_15_10,1651,344,2051.0,2342.0
int__tai30_15_10,1651,345,2081.0,2310.0
int__tai30_15_10,1651,346,1967.0,2201.0
int__tai30_15_10,1651,347,2023.0,2270.0
int__tai30_15_10,1651,348,2014.0,2258.0
int__tai30_15_10,1651,349,2039.0,2242.0
int__tai30_15_10,1651,350,1957.0,2190.0
int__tai30_15_10,1651,351,2057.0,2296.0
int__tai30_15_10,1651,352,2080.0,2293.0
int__tai30_15_10,1651,353,1959.0,2196.0
int__tai30_15_10,1651,354,1996.0,2232.0
int__tai30_15_10,1651,355,1959.0,2221.0
int__tai30_15_10,1651,356,1989.0,2247.0
int__tai30_15_10,1651,357,2016.0,2256.0
int__tai30_15_10,1651,358,1985.0,2234.0
int__tai30_15_10,1651,359,2014.0,2244.0
int__tai30_15_10,1651,360,2008.0,2222.0
int__tai30_15_10,1651,361,1969.0,2235.0
int__tai30_15_10,1651,362,2051.0,2308.0
int__tai30_15_10,1651,363,2007.0,2229.0
int__tai30_15_10,1651,364,2079.0,2321.0
int__tai30_15_10,1651,365,1972.0,2177.0
int__tai30_15_10,1651,366,2087.0,2293.0
int__tai30_15_10,1651,367,1946.0,2171.0
int__tai30_15_10,1651,368,1979.0,2217.0
int__tai30_15_10,1651,369,1968.0,2226.0
int__tai30_15_10,1651,370,2017.0,2270.0
int__tai30_15_10,1651,371,1913.0,2144.0
int__tai30_15_10,1651,372,2063.0,2296.0
int__tai30_15_10,1651,373,1999.0,2230.0
int__tai30_15_10,1651,374,1987.0,2228.0
int__tai30_15_10,1651,375,2079.0,2319.0
int__tai30_15_10,1651,376,2048.0,2310.0
int__tai30_15_10,1651,377,2025.0,2246.0
int__tai30_15_10,1651,378,1984.0,2257.0
int__tai30_15_10,1651,379,1954.0,2189.0
int__tai30_15_10,1651,380,2128.0,2365.0
int__tai30_15_10,1651,381,1969.0,2205.0
int__tai30_15_10,1651,382,2110.0,2341.0
int__tai30_15_10,1651,383,1938.0,2183.0
int__tai30_15_10,1651,384,1988.0,2222.0
int__tai30_15_10,1651,385,2008.0,2260.0
int__tai30_15_10,1651,386,1950.0,2177.0
int__tai30_15_10,1651,387,1933.0,2193.0
int__tai30_15_10,1651,388,2031.0,2264.0
int__tai30_15_10,1651,389,2034.0,2291.0
int__tai30_15_10,1651,390,2029.0,2224.0
int__tai30_15_10,1651,391,2055.0,2266.0
int__tai30_15_10,1651,392,2000.0,2219.0
int__tai30_15_10,1651,393,2191.0,2467.0
int__tai30_15_10,1651,394,1943.0,2179.0
int__tai30_15_10,1651,395,1987.0,2211.0
int__tai30_15_10,1651,396,2005.0,2264.0
int__tai30_15_10,1651,397,1962.0,2192.0
int__tai30_15_10,1651,398,2074.0,2318.0
int__tai30_15_10,1651,399,2093.0,2334.0
int__tai30_15_10,1651,400,1950.0,2200.0
int__tai30_15_10,1651,401,2019.0,2252.0
int__tai30_15_10,1651,402,1932.0,2174.0
int__tai30_15_10,1651,403,2055.0,2263.0
int__tai30_15_10,1651,404,2100.0,2357.0
int__tai30_15_10,1651,405,2058.0,2305.0
int__tai30_15_10,1651,406,2027.0,2262.0
int__tai30_15_10,1651,407,2093.0,2320.0
int__tai30_15_10,1651,408,2018.0,2254.0
int__tai30_15_10,1651,409,2058.0,2290.0
int__tai30_15_10,1651,410,2051.0,2311.0
int__tai30_15_10,1651,411,2060.0,2302.0
int__tai30_15_10,1651,412,1980.0,2222.0
int__tai30_15_10,1651,413,1942.0,2187.0
int__tai30_15_10,1651,414,2012.0,2230.0
int__tai30_15_10,1651,415,1951.0,2178.0
int__tai30_15_10,1651,416,1944.0,2192.0
int__tai30_15_10,1651,417,2081.0,2318.0
int__tai30_15_10,1651,418,1980.0,2205.0
int__tai30_15_10,1651,419,2001.0,2222.0
int__tai30_15_10,1651,420,1989.0,2249.0
int__tai30_15_10,1651,421,2059.0,2309.0
int__tai30_15_10,1651,422,1931.0,2158.0
int__tai30_15_10,1651,423,1974.0,2211.0
int__tai30_15_10,1651,424,1997.0,2249.0
int__tai30_15_10,1651,425,1981.0,2251.0
int__tai30_15_10,1651,426,1969.0,2210.0
int__tai30_15_10,1651,427,2000.0,2228.0
int__tai30_15_10,1651,428,2050.0,2281.0
int__tai30_15_10,1651,429,2041.0,2235.0
int__tai30_15_10,1651,430,1964.0,2207.0
int__tai30_15_10,1651,431,2057.0,2316.0
int__tai30_15_10,1651,432,2105.0,2330.0
int__tai30_15_10,1651,433,2048.0,2282.0
int__tai30_15_10,1651,434,1948.0,2201.0
int__tai30_15_10,1651,435,1943.0,2187.0
int__tai30_15_10,1651,436,1934.0,2166.0
int__tai30_15_10,1651,437,2010.0,2237.0
int__tai30_15_10,1651,438,2000.0,2187.0
int__tai30_15_10,1651,439,2037.0,2272.0
int__tai30_15_10,1651,440,2037.0,2282.0
int__tai30_15_10,1651,441,2018.0,2217.0
int__tai30_15_10,1651,442,1962.0,2179.0
int__tai30_15_10,1651,443,2066.0,2300.0
int__tai30_15_10,1651,444,2081.0,2317.0
int__tai30_15_10,1651,445,2010.0,2246.0
int__tai30_15_10,1651,446,1905.0,2146.0
int__tai30_15_10,1651,447,2048.0,2323.0
int__tai30_15_10,1651,448,2021.0,2254.0
int__tai30_15_10,1651,449,1975.0,2249.0
int__tai30_15_10,1651,450,2045.0,2303.0
int__tai30_15_10,1651,451,1990.0,2240.0
int__tai30_15_10,1651,452,2003.0,2232.0
int__tai30_15_10,1651,453,2002.0,2244.0
int__tai30_15_10,1651,454,2020.0,2251.0
int__tai30_15_10,1651,455,1984.0,2228.0
int__tai30_15_10,1651,456,1979.0,2224.0
int__tai30_15_10,1651,457,2049.0,2273.0
int__tai30_15_10,1651,458,2084.0,2307.0
int__tai30_15_10,1651,459,2031.0,2240.0
int__tai30_15_10,1651,460,2032.0,2289.0
int__tai30_15_10,1651,461,2078.0,2321.0
int__tai30_15_10,1651,462,1964.0,2208.0
int__tai30_15_10,1651,463,1941.0,2169.0
int__tai30_15_10,1651,464,1991.0,2211.0
int__tai30_15_10,1651,465,1968.0,2199.0
int__tai30_15_10,1651,466,1921.0,2167.0
int__tai30_15_10,1651,467,1965.0,2185.0
int__tai30_15_10,1651,468,2168.0,2419.0
int__tai30_15_10,1651,469,2066.0,2292.0
int__tai30_15_10,1651,470,1982.0,2225.0
int__tai30_15_10,1651,471,2103.0,2330.0
int__tai30_15_10,1651,472,2002.0,2252.0
int__tai30_15_10,1651,473,2013.0,2272.0
int__tai30_15_10,1651,474,2007.0,2244.0
int__tai30_15_10,1651,475,1983.0,2242.0
int__tai30_15_10,1651,476,1973.0,2280.0
int__tai30_15_10,1651,477,2121.0,2349.0
int__tai30_15_10,1651,478,2133.0,2397.0
int__tai30_15_10,1651,479,2022.0,2251.0
int__tai30_15_10,1651,480,2077.0,2306.0
int__tai30_15_10,1651,481,1955.0,2176.0
int__tai30_15_10,1651,482,1974.0,2186.0
int__tai30_15_10,1651,483,2019.0,2279.0
int__tai30_15_10,1651,484,2073.0,2295.0
int__tai30_15_10,1651,485,2086.0,2308.0
int__tai30_15_10,1651,486,2000.0,2280.0
int__tai30_15_10,1651,487,2038.0,2274.0
int__tai30_15_10,1651,488,2032.0,2251.0
int__tai30_15_10,1651,489,1933.0,2147.0
int__tai30_15_10,1651,490,2130.0,2381.0
int__tai30_15_10,1651,491,2028.0,2236.0
int__tai30_15_10,1651,492,2057.0,2303.0
int__tai30_15_10,1651,493,2003.0,2209.0
int__tai30_15_10,1651,494,1955.0,2218.0
int__tai30_15_10,1651,495,2054.0,2348.0
int__tai30_15_10,1651,496,2032.0,2252.0
int__tai30_15_10,1651,497,2068.0,2293.0
int__tai30_15_10,1651,498,2036.0,2257.0
int__tai30_15_10,1651,499,2097.0,2374.0
int__tai30_15_10,1651,500,2031.0,2275.0
int__tai30_15_10,1651,501,1922.0,2169.0
int__tai30_15_10,1651,502,2030.0,2251.0
int__tai30_15_10,1651,503,2028.0,2270.0
int__tai30_15_10,1651,504,2066.0,2298.0
int__tai30_15_10,1651,505,2067.0,2332.0
int__tai30_15_10,1651,506,2003.0,2198.0
int__tai30_15_10,1651,507,2018.0,2258.0
int__tai30_15_10,1651,508,2039.0,2233.0
int__tai30_15_10,1651,509,2022.0,2257.0
int__tai30_15_10,1651,510,2111.0,2373.0
int__tai30_15_10,1651,511,2030.0,2265.0
int__tai30_15_10,1651,512,2086.0,2339.0
int__tai30_15_10,1651,513,2080.0,2342.0
int__tai30_15_10,1651,514,2015.0,2254.0
int__tai30_15_10,1651,515,2042.0,2289.0
int__tai30_15_10,1651,516,1967.0,2219.0
int__tai30_15_10,1651,517,1957.0,2241.0
int__tai30_15_10,1651,518,2046.0,2277.0
int__tai30_15_10,1651,519,1975.0,2232.0
int__tai30_15_10,1651,520,1952.0,2198.0
int__tai30_15_10,1651,521,1980.0,2195.0
int__tai30_15_10,1651,522,1960.0,2206.0
int__tai30_15_10,1651,523,1959.0,2197.0
int__tai30_15_10,1651,524,2056.0,2287.0
int__tai30_15_10,1651,525,2022.0,2248.0
int__tai30_15_10,1651,526,2159.0,2459.0
int__tai30_15_10,1651,527,2041.0,2273.0
int__tai30_15_10,1651,528,2014.0,2303.0
int__tai30_15_10,1651,529,2060.0,2292.0
int__tai30_15_10,1651,530,1926.0,2173.0
int__tai30_15_10,1651,531,2045.0,2292.0
int__tai30_15_10,1651,532,1958.0,2208.0
int__tai30_15_10,1651,533,2150.0,2416.0
int__tai30_15_10,1651,534,2046.0,2285.0
int__tai30_15_10,1651,535,1980.0,2237.0
int__tai30_15_10,1651,536,2017.0,2278.0
int__tai30_15_10,1651,537,2021.0,2237.0
int__tai30_15_10,1651,538,2050.0,2264.0
int__tai30_15_10,1651,539,2022.0,2234.0
int__tai30_15_10,1651,540,2046.0,2282.0
int__tai30_15_10,1651,541,1922.0,2190.0
int__tai30_15_10,1651,542,2069.0,2287.0
int__tai30_15_10,1651,543,2072.0,2295.0
int__tai30_15_10,1651,544,2112.0,2323.0
int__tai30_15_10,1651,545,1984.0,2235.0
int__tai30_15_10,1651,546,2004.0,2206.0
int__tai30_15_10,1651,547,2022.0,2265.0
int__tai30_15_10,1651,548,2069.0,2320.0
int__tai30_15_10,1651,549,2054.0,2288.0
int__tai30_15_10,1651,550,1968.0,2204.0
int__tai30_15_10,1651,551,2003.0,2258.0
int__tai30_15_10,1651,552,2012.0,2237.0
int__tai30_15_10,1651,553,1997.0,2230.0
int__tai30_15_10,1651,554,2011.0,2263.0
int__tai30_15_10,1651,555,2017.0,2280.0
int__tai30_15_10,1651,556,2012.0,2238.0
int__tai30_15_10,1651,557,1948.0,2170.0
int__tai30_15_10,1651,558,1984.0,2248.0
int__tai30_15_10,1651,559,1947.0,2196.0
int__tai30_15_10,1651,560,1990.0,2232.0
int__tai30_15_10,1651,561,2013.0,2293.0
int__tai30_15_10,1651,562,2050.0,2252.0
int__tai30_15_10,1651,563,1988.0,2196.0
int__tai30_15_10,1651,564,1999.0,2252.0
int__tai30_15_10,1651,565,2087.0,2321.0
int__tai30_15_10,1651,566,1972.0,2169.0
int__tai30_15_10,1651,567,2002.0,2249.0
int__tai30_15_10,1651,568,2057.0,2345.0
int__tai30_15_10,1651,569,2046.0,2297.0
int__tai30_15_10,1651,570,2011.0,2258.0
int__tai30_15_10,1651,571,1963.0,2171.0
int__tai30_15_10,1651,572,1977.0,2206.0
int__tai30_15_10,1651,573,2082.0,2316.0
int__tai30_15_10,1651,574,1955.0,2196.0
int__tai30_15_10,1651,575,1999.0,2230.0
int__tai30_15_10,1651,576,2060.0,2304.0
int__tai30_15_10,1651,577,2101.0,2346.0
int__tai30_15_10,1651,578,2146.0,2391.0
int__tai30_15_10,1651,579,2002.0,2239.0
int__tai30_15_10,1651,580,1942.0,2186.0
int__tai30_15_10,1651,581,2092.0,2317.0
int__tai30_15_10,1651,582,2053.0,2283.0
int__tai30_15_10,1651,583,1984.0,2233.0
int__tai30_15_10,1651,584,2029.0,2263.0
int__tai30_15_10,1651,585,2033.0,2284.0
int__tai30_15_10,1651,586,2041.0,2273.0
int__tai30_15_10,1651,587,2019.0,2261.0
int__tai30_15_10,1651,588,2023.0,2299.0
int__tai30_15_10,1651,589,1955.0,2205.0
int__tai30_15_10,1651,590,2121.0,2331.0
int__tai30_15_10,1651,591,2029.0,2257.0
int__tai30_15_10,1651,592,1993.0,2237.0
int__tai30_15_10,1651,593,1985.0,2217.0
int__tai30_15_10,1651,594,2015.0,2225.0
int__tai30_15_10,1651,595,1959.0,2240.0
int__tai30_15_10,1651,596,2011.0,2277.0
int__tai30_15_10,1651,597,2006.0,2252.0
int__tai30_15_10,1651,598,1938.0,2183.0
int__tai30_15_10,1651,599,1970.0,2251.0
int__tai30_15_10,1651,600,2006.0,2232.0
int__tai30_15_10,1651,601,1938.0,2177.0
int__tai30_15_10,1651,602,1951.0,2167.0
int__tai30_15_10,1651,603,1946.0,2180.0
int__tai30_15_10,1651,604,1954.0,2202.0
int__tai30_15_10,1651,605,2025.0,2318.0
int__tai30_15_10,1651,606,2001.0,2241.0
int__tai30_15_10,1651,607,2019.0,2274.0
int__tai30_15_10,1651,608,1927.0,2149.0
int__tai30_15_10,1651,609,2038.0,2298.0
int__tai30_15_10,1651,610,2006.0,2222.0
int__tai30_15_10,1651,611,2043.0,2256.0
int__tai30_15_10,1651,612,2003.0,2265.0
int__tai30_15_10,1651,613,2022.0,2264.0
int__tai30_15_10,1651,614,1953.0,2181.0
int__tai30_15_10,1651,615,1950.0,2174.0
int__tai30_15_10,1651,616,2017.0,2252.0
int__tai30_15_10,1651,617,2003.0,2229.0
int__tai30_15_10,1651,618,1957.0,2184.0
int__tai30_15_10,1651,619,1998.0,2217.0
int__tai30_15_10,1651,620,2007.0,2276.0
int__tai30_15_10,1651,621,1918.0,2142.0
int__tai30_15_10,1651,622,1912.0,2173.0
int__tai30_15_10,1651,623,2033.0,2266.0
int__tai30_15_10,1651,624,1953.0,2212.0
int__tai30_15_10,1651,625,1966.0,2195.0
int__tai30_15_10,1651,626,2000.0,2225.0
int__tai30_15_10,1651,627,2088.0,2336.0
int__tai30_15_10,1651,628,1986.0,2230.0
int__tai30_15_10,1651,629,1943.0,2226.0
int__tai30_15_10,1651,630,1967.0,2224.0
int__tai30_15_10,1651,631,2038.0,2304.0
int__tai30_15_10,1651,632,2066.0,2331.0
int__tai30_15_10,1651,633,2034.0,2329.0
int__tai30_15_10,1651,634,1962.0,2217.0
int__tai30_15_10,1651,635,2016.0,2257.0
int__tai30_15_10,1651,636,1963.0,2168.0
int__tai30_15_10,1651,637,2116.0,2354.0
int__tai30_15_10,1651,638,1923.0,2176.0
int__tai30_15_10,1651,639,1883.0,2080.0
int__tai30_15_10,1651,640,2069.0,2311.0
int__tai30_15_10,1651,641,2060.0,2279.0
int__tai30_15_10,1651,642,2009.0,2245.0
int__tai30_15_10,1651,643,2039.0,2322.0
int__tai30_15_10,1651,644,1984.0,2198.0
int__tai30_15_10,1651,645,2041.0,2271.0
int__tai30_15_10,1651,646,1997.0,2233.0
int__tai30_15_10,1651,647,1938.0,2174.0
int__tai30_15_10,1651,648,1993.0,2213.0
int__tai30_15_10,1651,649,1972.0,2250.0
int__tai30_15_10,1651,650,1997.0,2248.0
int__tai30_15_10,1651,651,2029.0,2288.0
int__tai30_15_10,1651,652,1973.0,2206.0
int__tai30_15_10,1651,653,1998.0,2246.0
int__tai30_15_10,1651,654,2068.0,2287.0
int__tai30_15_10,1651,655,1919.0,2155.0
int__tai30_15_10,1651,656,1969.0,2181.0
int__tai30_15_10,1651,657,2028.0,2267.0
int__tai30_15_10,1651,658,2027.0,2277.0
int__tai30_15_10,1651,659,1963.0,2203.0
int__tai30_15_10,1651,660,2010.0,2301.0
int__tai30_15_10,1651,661,2034.0,2267.0
int__tai30_15_10,1651,662,2100.0,2324.0
int__tai30_15_10,1651,663,2002.0,2217.0
int__tai30_15_10,1651,664,1981.0,2198.0
int__tai30_15_10,1651,665,2066.0,2296.0
int__tai30_15_10,1651,666,1951.0,2191.0
int__tai30_15_10,1651,667,2075.0,2312.0
int__tai30_15_10,1651,668,2045.0,2279.0
int__tai30_15_10,1651,669,1980.0,2221.0
int__tai30_15_10,1651,670,2008.0,2224.0
int__tai30_15_10,1651,671,1946.0,2200.0
int__tai30_15_10,1651,672,2018.0,2239.0
int__tai30_15_10,1651,673,2020.0,2275.0
int__tai30_15_10,1651,674,2023.0,2287.0
int__tai30_15_10,1651,675,2049.0,2274.0
int__tai30_15_10,1651,676,2046.0,2303.0
int__tai30_15_10,1651,677,1935.0,2176.0
int__tai30_15_10,1651,678,1998.0,2252.0
int__tai30_15_10,1651,679,1950.0,2207.0
int__tai30_15_10,1651,680,2066.0,2312.0
int__tai30_15_10,1651,681,2024.0,2247.0
int__tai30_15_10,1651,682,1917.0,2174.0
int__tai30_15_10,1651,683,2049.0,2302.0
int__tai30_15_10,1651,684,2023.0,2292.0
int__tai30_15_10,1651,685,2021.0,2246.0
int__tai30_15_10,1651,686,2099.0,2345.0
int__tai30_15_10,1651,687,1912.0,2148.0
int__tai30_15_10,1651,688,1956.0,2197.0
int__tai30_15_10,1651,689,1982.0,2257.0
int__tai30_15_10,1651,690,2160.0,2415.0
int__tai30_15_10,1651,691,2047.0,2312.0
int__tai30_15_10,1651,692,2031.0,2260.0
int__tai30_15_10,1651,693,1921.0,2149.0
int__tai30_15_10,1651,694,2021.0,2231.0
int__tai30_15_10,1651,695,1982.0,2249.0
int__tai30_15_10,1651,696,1953.0,2197.0
int__tai30_15_10,1651,697,2008.0,2255.0
int__tai30_15_10,1651,698,1950.0,2196.0
int__tai30_15_10,1651,699,1998.0,2197.0
int__tai30_15_10,1651,700,1966.0,2225.0
int__tai30_15_10,1651,701,1989.0,2228.0
int__tai30_15_10,1651,702,2028.0,2252.0
int__tai30_15_10,1651,703,1959.0,2215.0
int__tai30_15_10,1651,704,2105.0,2332.0
int__tai30_15_10,1651,705,1994.0,2221.0
int__tai30_15_10,1651,706,1958.0,2188.0
int__tai30_15_10,1651,707,1937.0,2169.0
int__tai30_15_10,1651,708,2076.0,2314.0
int__tai30_15_10,1651,709,2090.0,2318.0
int__tai30_15_10,1651,710,2117.0,2357.0
int__tai30_15_10,1651,711,2006.0,2255.0
int__tai30_15_10,1651,712,2000.0,2252.0
int__tai30_15_10,1651,713,2015.0,2256.0
int__tai30_15_10,1651,714,1965.0,2190.0
int__tai30_15_10,1651,715,2001.0,2252.0
int__tai30_15_10,1651,716,1935.0,2161.0
int__tai30_15_10,1651,717,1962.0,2206.0
int__tai30_15_10,1651,718,2010.0,2267.0
int__tai30_15_10,1651,719,2084.0,2335.0
int__tai30_15_10,1651,720,2004.0,2266.0
int__tai30_15_10,1651,721,1969.0,2235.0
int__tai30_15_10,1651,722,2033.0,2263.0
int__tai30_15_10,1651,723,2132.0,2355.0
int__tai30_15_10,1651,724,1977.0,2227.0
int__tai30_15_10,1651,725,2009.0,2251.0
int__tai30_15_10,1651,726,2114.0,2341.0
int__tai30_15_10,1651,727,2033.0,2264.0
int__tai30_15_10,1651,728,2118.0,2334.0
int__tai30_15_10,1651,729,2056.0,2303.0
int__tai30_15_10,1651,730,2043.0,2243.0
int__tai30_15_10,1651,731,2024.0,2271.0
int__tai30_15_10,1651,732,1942.0,2188.0
int__tai30_15_10,1651,733,1987.0,2213.0
int__tai30_15_10,1651,734,2104.0,2363.0
int__tai30_15_10,1651,735,2106.0,2339.0
int__tai30_15_10,1651,736,1988.0,2235.0
int__tai30_15_10,1651,737,1977.0,2224.0
int__tai30_15_10,1651,738,2038.0,2272.0
int__tai30_15_10,1651,739,2069.0,2298.0
int__tai30_15_10,1651,740,1935.0,2154.0
int__tai30_15_10,1651,741,2052.0,2302.0
int__tai30_15_10,1651,742,2005.0,2245.0
int__tai30_15_10,1651,743,2023.0,2271.0
int__tai30_15_10,1651,744,2080.0,2305.0
int__tai30_15_10,1651,745,1940.0,2161.0
int__tai30_15_10,1651,746,2009.0,2272.0
int__tai30_15_10,1651,747,2079.0,2326.0
int__tai30_15_10,1651,748,1951.0,2189.0
int__tai30_15_10,1651,749,2088.0,2336.0
int__tai30_15_10,1651,750,1976.0,2178.0
int__tai30_15_10,1651,751,1982.0,2230.0
int__tai30_15_10,1651,752,2008.0,2235.0
int__tai30_15_10,1651,753,1959.0,2205.0
int__tai30_15_10,1651,754,2053.0,2277.0
int__tai30_15_10,1651,755,1973.0,2196.0
int__tai30_15_10,1651,756,1910.0,2138.0
int__tai30_15_10,1651,757,2066.0,2288.0
int__tai30_15_10,1651,758,2015.0,2223.0
int__tai30_15_10,1651,759,1941.0,2178.0
int__tai30_15_10,1651,760,2063.0,2282.0
int__tai30_15_10,1651,761,1965.0,2221.0
int__tai30_15_10,1651,762,2032.0,2284.0
int__tai30_15_10,1651,763,1932.0,2173.0
int__tai30_15_10,1651,764,1935.0,2223.0
int__tai30_15_10,1651,765,1925.0,2154.0
int__tai30_15_10,1651,766,1996.0,2263.0
int__tai30_15_10,1651,767,1961.0,2201.0
int__tai30_15_10,1651,768,2017.0,2266.0
int__tai30_15_10,1651,769,2105.0,2340.0
int__tai30_15_10,1651,770,2009.0,2266.0
int__tai30_15_10,1651,771,2055.0,2356.0
int__tai30_15_10,1651,772,1981.0,2223.0
int__tai30_15_10,1651,773,2028.0,2287.0
int__tai30_15_10,1651,774,2071.0,2302.0
int__tai30_15_10,1651,775,1995.0,2223.0
int__tai30_15_10,1651,776,2057.0,2329.0
int__tai30_15_10,1651,777,2003.0,2212.0
int__tai30_15_10,1651,778,1991.0,2228.0
int__tai30_15_10,1651,779,2036.0,2265.0
int__tai30_15_10,1651,780,2141.0,2360.0
int__tai30_15_10,1651,781,2129.0,2375.0
int__tai30_15_10,1651,782,2138.0,2358.0
int__tai30_15_10,1651,783,2008.0,2253.0
int__tai30_15_10,1651,784,2044.0,2270.0
int__tai30_15_10,1651,785,1965.0,2201.0
int__tai30_15_10,1651,786,2000.0,2233.0
int__tai30_15_10,1651,787,2008.0,2261.0
int__tai30_15_10,1651,788,2065.0,2285.0
int__tai30_15_10,1651,789,2044.0,2319.0
int__tai30_15_10,1651,790,1982.0,2230.0
int__tai30_15_10,1651,791,2154.0,2408.0
int__tai30_15_10,1651,792,1974.0,2229.0
int__tai30_15_10,1651,793,1987.0,2217.0
int__tai30_15_10,1651,794,2054.0,2284.0
int__tai30_15_10,1651,795,1975.0,2249.0
int__tai30_15_10,1651,796,1990.0,2227.0
int__tai30_15_10,1651,797,2047.0,2277.0
int__tai30_15_10,1651,798,1974.0,2182.0
int__tai30_15_10,1651,799,2046.0,2311.0
int__tai30_15_10,1651,800,2020.0,2266.0
int__tai30_15_10,1651,801,1952.0,2204.0
int__tai30_15_10,1651,802,1988.0,2207.0
int__tai30_15_10,1651,803,2095.0,2350.0
int__tai30_15_10,1651,804,1968.0,2211.0
int__tai30_15_10,1651,805,2026.0,2259.0
int__tai30_15_10,1651,806,1913.0,2139.0
int__tai30_15_10,1651,807,1965.0,2216.0
int__tai30_15_10,1651,808,1948.0,2160.0
int__tai30_15_10,1651,809,1974.0,2182.0
int__tai30_15_10,1651,810,1942.0,2160.0
int__tai30_15_10,1651,811,2039.0,2275.0
int__tai30_15_10,1651,812,2117.0,2361.0
int__tai30_15_10,1651,813,2073.0,2348.0
int__tai30_15_10,1651,814,1981.0,2189.0
int__tai30_15_10,1651,815,2014.0,2260.0
int__tai30_15_10,1651,816,2001.0,2256.0
int__tai30_15_10,1651,817,1996.0,2219.0
int__tai30_15_10,1651,818,2044.0,2324.0
int__tai30_15_10,1651,819,2077.0,2349.0
int__tai30_15_10,1651,820,1934.0,2186.0
int__tai30_15_10,1651,821,1946.0,2157.0
int__tai30_15_10,1651,822,1933.0,2181.0
int__tai30_15_10,1651,823,2086.0,2326.0
int__tai30_15_10,1651,824,1959.0,2175.0
int__tai30_15_10,1651,825,1961.0,2227.0
int__tai30_15_10,1651,826,1985.0,2232.0
int__tai30_15_10,1651,827,2166.0,2422.0
int__tai30_15_10,1651,828,1974.0,2204.0
int__tai30_15_10,1651,829,2017.0,2268.0
int__tai30_15_10,1651,830,1962.0,2216.0
int__tai30_15_10,1651,831,2075.0,2335.0
int__tai30_15_10,1651,832,1975.0,2203.0
int__tai30_15_10,1651,833,1889.0,2150.0
int__tai30_15_10,1651,834,1979.0,2196.0
int__tai30_15_10,1651,835,1964.0,2254.0
int__tai30_15_10,1651,836,2046.0,2305.0
int__tai30_15_10,1651,837,2101.0,2337.0
int__tai30_15_10,1651,838,2003.0,2231.0
int__tai30_15_10,1651,839,2093.0,2297.0
int__tai30_15_10,1651,840,1952.0,2180.0
int__tai30_15_10,1651,841,2080.0,2344.0
int__tai30_15_10,1651,842,2018.0,2261.0
int__tai30_15_10,1651,843,2051.0,2305.0
int__tai30_15_10,1651,844,2082.0,2287.0
int__tai30_15_10,1651,845,1993.0,2201.0
int__tai30_15_10,1651,846,1969.0,2197.0
int__tai30_15_10,1651,847,1968.0,2197.0
int__tai30_15_10,1651,848,2107.0,2332.0
int__tai30_15_10,1651,849,2022.0,2277.0
int__tai30_15_10,1651,850,2096.0,2334.0
int__tai30_15_10,1651,851,2019.0,2248.0
int__tai30_15_10,1651,852,2063.0,2284.0
int__tai30_15_10,1651,853,2035.0,2347.0
int__tai30_15_10,1651,854,1966.0,2202.0
int__tai30_15_10,1651,855,1998.0,2218.0
int__tai30_15_10,1651,856,2035.0,2268.0
int__tai30_15_10,1651,857,2027.0,2260.0
int__tai30_15_10,1651,858,2019.0,2233.0
int__tai30_15_10,1651,859,1874.0,2131.0
int__tai30_15_10,1651,860,2077.0,2306.0
int__tai30_15_10,1651,861,2062.0,2287.0
int__tai30_15_10,1651,862,1945.0,2182.0
int__tai30_15_10,1651,863,1973.0,2203.0
int__tai30_15_10,1651,864,1968.0,2220.0
int__tai30_15_10,1651,865,2039.0,2281.0
int__tai30_15_10,1651,866,2020.0,2218.0
int__tai30_15_10,1651,867,2031.0,2264.0
int__tai30_15_10,1651,868,2039.0,2276.0
int__tai30_15_10,1651,869,2083.0,2303.0
int__tai30_15_10,1651,870,2025.0,2261.0
int__tai30_15_10,1651,871,1976.0,2224.0
int__tai30_15_10,1651,872,2067.0,2308.0
int__tai30_15_10,1651,873,1981.0,2202.0
int__tai30_15_10,1651,874,2015.0,2311.0
int__tai30_15_10,1651,875,2025.0,2257.0
int__tai30_15_10,1651,876,2091.0,2332.0
int__tai30_15_10,1651,877,2015.0,2278.0
int__tai30_15_10,1651,878,2011.0,2298.0
int__tai30_15_10,1651,879,2079.0,2353.0
int__tai30_15_10,1651,880,1989.0,2242.0
int__tai30_15_10,1651,881,1929.0,2162.0
int__tai30_15_10,1651,882,1946.0,2188.0
int__tai30_15_10,1651,883,1959.0,2192.0
int__tai30_15_10,1651,884,2062.0,2315.0
int__tai30_15_10,1651,885,2074.0,2294.0
int__tai30_15_10,1651,886,2033.0,2331.0
int__tai30_15_10,1651,887,2025.0,2254.0
int__tai30_15_10,1651,888,2089.0,2290.0
int__tai30_15_10,1651,889,1951.0,2199.0
int__tai30_15_10,1651,890,2120.0,2363.0
int__tai30_15_10,1651,891,2004.0,2237.0
int__tai30_15_10,1651,892,2076.0,2329.0
int__tai30_15_10,1651,893,2026.0,2247.0
int__tai30_15_10,1651,894,2011.0,2255.0
int__tai30_15_10,1651,895,1922.0,2154.0
int__tai30_15_10,1651,896,1951.0,2169.0
int__tai30_15_10,1651,897,2007.0,2273.0
int__tai30_15_10,1651,898,2058.0,2292.0
int__tai30_15_10,1651,899,2141.0,2394.0
int__tai30_15_10,1651,900,2092.0,2354.0
int__tai30_15_10,1651,901,1975.0,2213.0
int__tai30_15_10,1651,902,2013.0,2260.0
int__tai30_15_10,1651,903,1995.0,2236.0
int__tai30_15_10,1651,904,1911.0,2148.0
int__tai30_15_10,1651,905,1985.0,2196.0
int__tai30_15_10,1651,906,2017.0,2269.0
int__tai30_15_10,1651,907,1988.0,2223.0
int__tai30_15_10,1651,908,1993.0,2249.0
int__tai30_15_10,1651,909,2118.0,2377.0
int__tai30_15_10,1651,910,2035.0,2258.0
int__tai30_15_10,1651,911,2038.0,2269.0
int__tai30_15_10,1651,912,1893.0,2142.0
int__tai30_15_10,1651,913,2042.0,2302.0
int__tai30_15_10,1651,914,2146.0,2405.0
int__tai30_15_10,1651,915,2042.0,2304.0
int__tai30_15_10,1651,916,2064.0,2311.0
int__tai30_15_10,1651,917,2051.0,2324.0
int__tai30_15_10,1651,918,1982.0,2217.0
int__tai30_15_10,1651,919,2012.0,2240.0
int__tai30_15_10,1651,920,1991.0,2224.0
int__tai30_15_10,1651,921,2021.0,2231.0
int__tai30_15_10,1651,922,1991.0,2264.0
int__tai30_15_10,1651,923,2125.0,2362.0
int__tai30_15_10,1651,924,2057.0,2286.0
int__tai30_15_10,1651,925,1975.0,2220.0
int__tai30_15_10,1651,926,2148.0,2370.0
int__tai30_15_10,1651,927,2070.0,2304.0
int__tai30_15_10,1651,928,2038.0,2281.0
int__tai30_15_10,1651,929,1929.0,2161.0
int__tai30_15_10,1651,930,2001.0,2219.0
int__tai30_15_10,1651,931,2107.0,2360.0
int__tai30_15_10,1651,932,2020.0,2248.0
int__tai30_15_10,1651,933,1905.0,2155.0
int__tai30_15_10,1651,934,2002.0,2244.0
int__tai30_15_10,1651,935,2142.0,2372.0
int__tai30_15_10,1651,936,1956.0,2166.0
int__tai30_15_10,1651,937,1998.0,2238.0
int__tai30_15_10,1651,938,2107.0,2333.0
int__tai30_15_10,1651,939,1918.0,2160.0
int__tai30_15_10,1651,940,2026.0,2289.0
int__tai30_15_10,1651,941,1976.0,2242.0
int__tai30_15_10,1651,942,1945.0,2207.0
int__tai30_15_10,1651,943,1947.0,2177.0
int__tai30_15_10,1651,944,1996.0,2241.0
int__tai30_15_10,1651,945,2022.0,2234.0
int__tai30_15_10,1651,946,2043.0,2307.0
int__tai30_15_10,1651,947,1985.0,2223.0
int__tai30_15_10,1651,948,1988.0,2230.0
int__tai30_15_10,1651,949,2024.0,2245.0
int__tai30_15_10,1651,950,2085.0,2313.0
int__tai30_15_10,1651,951,1994.0,2213.0
int__tai30_15_10,1651,952,1988.0,2210.0
int__tai30_15_10,1651,953,1978.0,2218.0
int__tai30_15_10,1651,954,2058.0,2295.0
int__tai30_15_10,1651,955,1972.0,2197.0
int__tai30_15_10,1651,956,2020.0,2271.0
int__tai30_15_10,1651,957,2007.0,2248.0
int__tai30_15_10,1651,958,2067.0,2317.0
int__tai30_15_10,1651,959,2012.0,2253.0
int__tai30_15_10,1651,960,2040.0,2257.0
int__tai30_15_10,1651,961,2036.0,2251.0
int__tai30_15_10,1651,962,1976.0,2246.0
int__tai30_15_10,1651,963,2078.0,2319.0
int__tai30_15_10,1651,964,1912.0,2127.0
int__tai30_15_10,1651,965,1957.0,2194.0
int__tai30_15_10,1651,966,1971.0,2244.0
int__tai30_15_10,1651,967,1988.0,2237.0
int__tai30_15_10,1651,968,2108.0,2356.0
int__tai30_15_10,1651,969,1933.0,2195.0
int__tai30_15_10,1651,970,2060.0,2290.0
int__tai30_15_10,1651,971,1975.0,2207.0
int__tai30_15_10,1651,972,2020.0,2271.0
int__tai30_15_10,1651,973,1947.0,2193.0
int__tai30_15_10,1651,974,2051.0,2305.0
int__tai30_15_10,1651,975,2057.0,2258.0
int__tai30_15_10,1651,976,1959.0,2194.0
int__tai30_15_10,1651,977,2028.0,2297.0
int__tai30_15_10,1651,978,2029.0,2284.0
int__tai30_15_10,1651,979,2039.0,2289.0
int__tai30_15_10,1651,980,2005.0,2235.0
int__tai30_15_10,1651,981,1953.0,2180.0
int__tai30_15_10,1651,982,2055.0,2291.0
int__tai30_15_10,1651,983,1997.0,2270.0
int__tai30_15_10,1651,984,1971.0,2194.0
int__tai30_15_10,1651,985,2117.0,2339.0
int__tai30_15_10,1651,986,1912.0,2146.0
int__tai30_15_10,1651,987,1930.0,2190.0
int__tai30_15_10,1651,988,2037.0,2286.0
int__tai30_15_10,1651,989,2003.0,2260.0
int__tai30_15_10,1651,990,2036.0,2278.0
int__tai30_15_10,1651,991,1973.0,2199.0
int__tai30_15_10,1651,992,2042.0,2278.0
int__tai30_15_10,1651,993,1954.0,2182.0
int__tai30_15_10,1651,994,2031.0,2276.0
int__tai30_15_10,1651,995,2020.0,2255.0
int__tai30_15_10,1651,996,1925.0,2137.0
int__tai30_15_10,1651,997,2116.0,2349.0
int__tai30_15_10,1651,998,2086.0,2312.0
int__tai30_15_10,1651,999,2028.0,2264.0
int__tai30_15_10,1651,1000,2058.0,2288.0
int__tai30_15_10,1651,1001,2008.0,2210.0
int__tai30_15_10,1651,1002,1971.0,2210.0
int__tai30_15_10,1651,1003,1957.0,2188.0
int__tai30_15_10,1651,1004,1994.0,2247.0
int__tai30_15_10,1651,1005,2072.0,2289.0
int__tai30_15_10,1651,1006,1945.0,2203.0
int__tai30_15_10,1651,1007,1967.0,2193.0
int__tai30_15_10,1651,1008,1980.0,2222.0
int__tai30_15_10,1651,1009,2004.0,2288.0
int__tai30_15_10,1651,1010,1974.0,2213.0
int__tai30_15_10,1651,1011,1972.0,2220.0
int__tai30_15_10,1651,1012,1997.0,2213.0
int__tai30_15_10,1651,1013,1905.0,2141.0
int__tai30_15_10,1651,1014,1992.0,2206.0
int__tai30_15_10,1651,1015,1992.0,2246.0
int__tai30_15_10,1651,1016,1932.0,2161.0
int__tai30_15_10,1651,1017,2037.0,2280.0
int__tai30_15_10,1651,1018,2066.0,2275.0
int__tai30_15_10,1651,1019,1993.0,2217.0
int__tai30_15_10,1651,1020,2136.0,2381.0
int__tai30_15_10,1651,1021,2085.0,2327.0
int__tai30_15_10,1651,1022,1961.0,2197.0
int__tai30_15_10,1651,1023,1921.0,2187.0
int__tai30_20_06,1957,0,2251.0,2541.0
int__tai30_20_06,1957,1,2277.0,2553.0
int__tai30_20_06,1957,2,2413.0,2734.0
int__tai30_20_06,1957,3,2346.0,2643.0
int__tai30_20_06,1957,4,2445.0,2745.0
int__tai30_20_06,1957,5,2268.0,2569.0
int__tai30_20_06,1957,6,2305.0,2597.0
int__tai30_20_06,1957,7,2394.0,2694.0
int__tai30_20_06,1957,8,2308.0,2584.0
int__tai30_20_06,1957,9,2249.0,2557.0
int__tai30_20_06,1957,10,2389.0,2684.0
int__tai30_20_06,1957,11,2530.0,2814.0
int__tai30_20_06,1957,12,2319.0,2628.0
int__tai30_20_06,1957,13,2358.0,2628.0
int__tai30_20_06,1957,14,2316.0,2620.0
int__tai30_20_06,1957,15,2266.0,2549.0
int__tai30_20_06,1957,16,2388.0,2657.0
int__tai30_20_06,1957,17,2323.0,2627.0
int__tai30_20_06,1957,18,2290.0,2544.0
int__tai30_20_06,1957,19,2365.0,2662.0
int__tai30_20_06,1957,20,2337.0,2641.0
int__tai30_20_06,1957,21,2354.0,2640.0
int__tai30_20_06,1957,22,2275.0,2572.0
int__tai30_20_06,1957,23,2290.0,2573.0
int__tai30_20_06,1957,24,2463.0,2785.0
int__tai30_20_06,1957,25,2299.0,2605.0
int__tai30_20_06,1957,26,2301.0,2583.0
int__tai30_20_06,1957,27,2437.0,2763.0
int__tai30_20_06,1957,28,2277.0,2540.0
int__tai30_20_06,1957,29,2349.0,2669.0
int__tai30_20_06,1957,30,2343.0,2623.0
int__tai30_20_06,1957,31,2340.0,2636.0
int__tai30_20_06,1957,32,2448.0,2759.0
int__tai30_20_06,1957,33,2396.0,2666.0
int__tai30_20_06,1957,34,2343.0,2633.0
int__tai30_20_06,1957,35,2314.0,2585.0
int__tai30_20_06,1957,36,2262.0,2550.0
int__tai30_20_06,1957,37,2279.0,2547.0
int__tai30_20_06,1957,38,2243.0,2522.0
int__tai30_20_06,1957,39,2374.0,2626.0
int__tai30_20_06,1957,40,2356.0,2584.0
int__tai30_20_06,1957,41,2346.0,2636.0
int__tai30_20_06,1957,42,2278.0,2619.0
int__tai30_20_06,1957,43,2300.0,2609.0
int__tai30_20_06,1957,44,2295.0,2587.0
int__tai30_20_06,1957,45,2446.0,2747.0
int__tai30_20_06,1957,46,2336.0,2633.0
int__tai30_20_06,1957,47,2379.0,2669.0
int__tai30_20_06,1957,48,2366.0,2624.0
int__tai30_20_06,1957,49,2264.0,2538.0
int__tai30_20_06,1957,50,2334.0,2648.0
int__tai30_20_06,1957,51,2297.0,2605.0
int__tai30_20_06,1957,52,2414.0,2721.0
int__tai30_20_06,1957,53,2507.0,2819.0
int__tai30_20_06,1957,54,2351.0,2658.0
int__tai30_20_06,1957,55,2337.0,2623.0
int__tai30_20_06,1957,56,2367.0,2654.0
int__tai30_20_06,1957,57,2342.0,2624.0
int__tai30_20_06,1957,58,2256.0,2551.0
int__tai30_20_06,1957,59,2375.0,2613.0
int__tai30_20_06,1957,60,2371.0,2685.0
int__tai30_20_06,1957,61,2248.0,2561.0
int__tai30_20_06,1957,62,2375.0,2662.0
int__tai30_20_06,1957,63,2327.0,2583.0
int__tai30_20_06,1957,64,2431.0,2734.0
int__tai30_20_06,1957,65,2322.0,2615.0
int__tai30_20_06,1957,66,2439.0,2714.0
int__tai30_20_06,1957,67,2296.0,2554.0
int__tai30_20_06,1957,68,2347.0,2643.0
int__tai30_20_06,1957,69,2450.0,2753.0
int__tai30_20_06,1957,70,2264.0,2566.0
int__tai30_20_06,1957,71,2387.0,2697.0
int__tai30_20_06,1957,72,2357.0,2664.0
int__tai30_20_06,1957,73,2291.0,2579.0
int__tai30_20_06,1957,74,2272.0,2548.0
int__tai30_20_06,1957,75,2366.0,2690.0
int__tai30_20_06,1957,76,2447.0,2720.0
int__tai30_20_06,1957,77,2466.0,2795.0
int__tai30_20_06,1957,78,2300.0,2595.0
int__tai30_20_06,1957,79,2312.0,2622.0
int__tai30_20_06,1957,80,2378.0,2676.0
int__tai30_20_06,1957,81,2306.0,2602.0
int__tai30_20_06,1957,82,2306.0,2610.0
int__tai30_20_06,1957,83,2339.0,2590.0
int__tai30_20_06,1957,84,2300.0,2614.0
int__tai30_20_06,1957,85,2374.0,2645.0
int__tai30_20_06,1957,86,2240.0,2546.0
int__tai30_20_06,1957,87,2291.0,2602.0
int__tai30_20_06,1957,88,2285.0,2556.0
int__tai30_20_06,1957,89,2300.0,2544.0
int__tai30_20_06,1957,90,2358.0,2617.0
int__tai30_20_06,1957,91,2289.0,2579.0
int__tai30_20_06,1957,92,2243.0,2557.0
int__tai30_20_06,1957,93,2281.0,2566.0
int__tai30_20_06,1957,94,2306.0,2616.0
int__tai30_20_06,1957,95,2317.0,2611.0
int__tai30_20_06,1957,96,2295.0,2579.0
int__tai30_20_06,1957,97,2295.0,2581.0
int__tai30_20_06,1957,98,2320.0,2612.0
int__tai30_20_06,1957,99,2277.0,2588.0
int__tai30_20_06,1957,100,2360.0,2662.0
int__tai30_20_06,1957,101,2391.0,2703.0
int__tai30_20_06,1957,102,2374.0,2674.0
int__tai30_20_06,1957,103,2220.0,2510.0
int__tai30_20_06,1957,104,2386.0,2721.0
int__tai30_20_06,1957,105,2325.0,2615.0
int__tai30_20_06,1957,106,2347.0,2662.0
int__tai30_20_06,1957,107,2318.0,2641.0
int__tai30_20_06,1957,108,2312.0,2595.0
int__tai30_20_06,1957,109,2292.0,2578.0
int__tai30_20_06,1957,110,2339.0,2628.0
int__tai30_20_06,1957,111,2270.0,2587.0
int__tai30_20_06,1957,112,2365.0,2669.0
int__tai30_20_06,1957,113,2258.0,2553.0
int__tai30_20_06,1957,114,2336.0,2607.0
int__tai30_20_06,1957,115,2323.0,2586.0
int__tai30_20_06,1957,116,2356.0,2654.0
int__tai30_20_06,1957,117,2313.0,2575.0
int__tai30_20_06,1957,118,2464.0,2810.0
int__tai30_20_06,1957,119,2278.0,2570.0
int__tai30_20_06,1957,120,2377.0,2710.0
int__tai30_20_06,1957,121,2404.0,2710.0
int__tai30_20_06,1957,122,2366.0,2725.0
int__tai30_20_06,1957,123,2280.0,2594.0
int__tai30_20_06,1957,124,2317.0,2599.0
int__tai30_20_06,1957,125,2290.0,2562.0
int__tai30_20_06,1957,126,2308.0,2635.0
int__tai30_20_06,1957,127,2283.0,2544.0
int__tai30_20_06,1957,128,2332.0,2574.0
int__tai30_20_06,1957,129,2354.0,2640.0
int__tai30_20_06,1957,130,2374.0,2686.0
int__tai30_20_06,1957,131,2328.0,2639.0
int__tai30_20_06,1957,132,2392.0,2730.0
int__tai30_20_06,1957,133,2443.0,2758.0
int__tai30_20_06,1957,134,2365.0,2627.0
int__tai30_20_06,1957,135,2319.0,2607.0
int__tai30_20_06,1957,136,2266.0,2589.0
int__tai30_20_06,1957,137,2337.0,2626.0
int__tai30_20_06,1957,138,2380.0,2665.0
int__tai30_20_06,1957,139,2323.0,2632.0
int__tai30_20_06,1957,140,2375.0,2700.0
int__tai30_20_06,1957,141,2331.0,2601.0
int__tai30_20_06,1957,142,2388.0,2693.0
int__tai30_20_06,1957,143,2430.0,2730.0
int__tai30_20_06,1957,144,2373.0,2651.0
int__tai30_20_06,1957,145,2306.0,2591.0
int__tai30_20_06,1957,146,2344.0,2643.0
int__tai30_20_06,1957,147,2334.0,2637.0
int__tai30_20_06,1957,148,2376.0,2680.0
int__tai30_20_06,1957,149,2368.0,2642.0
int__tai30_20_06,1957,150,2305.0,2630.0
int__tai30_20_06,1957,151,2414.0,2753.0
int__tai30_20_06,1957,152,2292.0,2547.0
int__tai30_20_06,1957,153,2298.0,2609.0
int__tai30_20_06,1957,154,2343.0,2619.0
int__tai30_20_06,1957,155,2460.0,2785.0
int__tai30_20_06,1957,156,2299.0,2562.0
int__tai30_20_06,1957,157,2222.0,2522.0
int__tai30_20_06,1957,158,2344.0,2621.0
int__tai30_20_06,1957,159,2403.0,2698.0
int__tai30_20_06,1957,160,2353.0,2645.0
int__tai30_20_06,1957,161,2370.0,2677.0
int__tai30_20_06,1957,162,2327.0,2597.0
int__tai30_20_06,1957,163,2419.0,2740.0
int__tai30_20_06,1957,164,2375.0,2665.0
int__tai30_20_06,1957,165,2351.0,2621.0
int__tai30_20_06,1957,166,2278.0,2538.0
int__tai30_20_06,1957,167,2393.0,2694.0
int__tai30_20_06,1957,168,2268.0,2565.0
int__tai30_20_06,1957,169,2397.0,2740.0
int__tai30_20_06,1957,170,2298.0,2601.0
int__tai30_20_06,1957,171,2340.0,2653.0
int__tai30_20_06,1957,172,2388.0,2647.0
int__tai30_20_06,1957,173,2381.0,2713.0
int__tai30_20_06,1957,174,2344.0,2614.0
int__tai30_20_06,1957,175,2312.0,2613.0
int__tai30_20_06,1957,176,2362.0,2676.0
int__tai30_20_06,1957,177,2371.0,2667.0
int__tai30_20_06,1957,178,2285.0,2595.0
int__tai30_20_06,1957,179,2388.0,2708.0
int__tai30_20_06,1957,180,2287.0,2581.0
int__tai30_20_06,1957,181,2371.0,2662.0
int__tai30_20_06,1957,182,2361.0,2657.0
int__tai30_20_06,1957,183,2282.0,2554.0
int__tai30_20_06,1957,184,2362.0,2676.0
int__tai30_20_06,1957,185,2299.0,2621.0
int__tai30_20_06,1957,186,2317.0,2586.0
int__tai30_20_06,1957,187,2359.0,2632.0
int__tai30_20_06,1957,188,2310.0,2584.0
int__tai30_20_06,1957,189,2407.0,2677.0
int__tai30_20_06,1957,190,2464.0,2771.0
int__tai30_20_06,1957,191,2497.0,2795.0
int__tai30_20_06,1957,192,2325.0,2595.0
int__tai30_20_06,1957,193,2488.0,2786.0
int__tai30_20_06,1957,194,2358.0,2671.0
int__tai30_20_06,1957,195,2413.0,2718.0
int__tai30_20_06,1957,196,2284.0,2569.0
int__tai30_20_06,1957,197,2371.0,2702.0
int__tai30_20_06,1957,198,2343.0,2649.0
int__tai30_20_06,1957,199,2383.0,2679.0
int__tai30_20_06,1957,200,2492.0,2754.0
int__tai30_20_06,1957,201,2456.0,2753.0
int__tai30_20_06,1957,202,2332.0,2636.0
int__tai30_20_06,1957,203,2299.0,2601.0
int__tai30_20_06,1957,204,2402.0,2683.0
int__tai30_20_06,1957,205,2264.0,2588.0
int__tai30_20_06,1957,206,2297.0,2593.0
int__tai30_20_06,1957,207,2284.0,2574.0
int__tai30_20_06,1957,208,2259.0,2534.0
int__tai30_20_06,1957,209,2323.0,2608.0
int__tai30_20_06,1957,210,2303.0,2605.0
int__tai30_20_06,1957,211,2294.0,2588.0
int__tai30_20_06,1957,212,2254.0,2532.0
int__tai30_20_06,1957,213,2396.0,2673.0
int__tai30_20_06,1957,214,2458.0,2778.0
int__tai30_20_06,1957,215,2329.0,2582.0
int__tai30_20_06,1957,216,2274.0,2592.0
int__tai30_20_06,1957,217,2351.0,2640.0
int__tai30_20_06,1957,218,2417.0,2728.0
int__tai30_20_06,1957,219,2442.0,2742.0
int__tai30_20_06,1957,220,2266.0,2555.0
int__tai30_20_06,1957,221,2277.0,2563.0
int__tai30_20_06,1957,222,2340.0,2653.0
int__tai30_20_06,1957,223,2327.0,2662.0
int__tai30_20_06,1957,224,2285.0,2587.0
int__tai30_20_06,1957,225,2315.0,2612.0
int__tai30_20_06,1957,226,2283.0,2551.0
int__tai30_20_06,1957,227,2304.0,2607.0
int__tai30_20_06,1957,228,2288.0,2623.0
int__tai30_20_06,1957,229,2357.0,2642.0
int__tai30_20_06,1957,230,2346.0,2636.0
int__tai30_20_06,1957,231,2338.0,2654.0
int__tai30_20_06,1957,232,2332.0,2640.0
int__tai30_20_06,1957,233,2319.0,2615.0
int__tai30_20_06,1957,234,2405.0,2763.0
int__tai30_20_06,1957,235,2330.0,2589.0
int__tai30_20_06,1957,236,2396.0,2718.0
int__tai30_20_06,1957,237,2305.0,2592.0
int__tai30_20_06,1957,238,2336.0,2640.0
int__tai30_20_06,1957,239,2317.0,2594.0
int__tai30_20_06,1957,240,2370.0,2638.0
int__tai30_20_06,1957,241,2292.0,2574.0
int__tai30_20_06,1957,242,2298.0,2575.0
int__tai30_20_06,1957,243,2318.0,2642.0
int__tai30_20_06,1957,244,2400.0,2733.0
int__tai30_20_06,1957,245,2288.0,2623.0
int__tai30_20_06,1957,246,2282.0,2622.0
int__tai30_20_06,1957,247,2372.0,2667.0
int__tai30_20_06,1957,248,2383.0,2631.0
int__tai30_20_06,1957,249,2338.0,2595.0
int__tai30_20_06,1957,250,2376.0,2713.0
int__tai30_20_06,1957,251,2383.0,2721.0
int__tai30_20_06,1957,252,2382.0,2677.0
int__tai30_20_06,1957,253,2435.0,2791.0
int__tai30_20_06,1957,254,2349.0,2630.0
int__tai30_20_06,1957,255,2239.0,2537.0
int__tai30_20_06,1957,256,2383.0,2678.0
int__tai30_20_06,1957,257,2305.0,2640.0
int__tai30_20_06,1957,258,2280.0,2592.0
int__tai30_20_06,1957,259,2378.0,2686.0
int__tai30_20_06,1957,260,2436.0,2705.0
int__tai30_20_06,1957,261,2309.0,2593.0
int__tai30_20_06,1957,262,2351.0,2665.0
int__tai30_20_06,1957,263,2232.0,2517.0
int__tai30_20_06,1957,264,2260.0,2541.0
int__tai30_20_06,1957,265,2248.0,2503.0
int__tai30_20_06,1957,266,2351.0,2596.0
int__tai30_20_06,1957,267,2314.0,2577.0
int__tai30_20_06,1957,268,2377.0,2655.0
int__tai30_20_06,1957,269,2263.0,2518.0
int__tai30_20_06,1957,270,2357.0,2676.0
int__tai30_20_06,1957,271,2307.0,2581.0
int__tai30_20_06,1957,272,2324.0,2616.0
int__tai30_20_06,1957,273,2328.0,2602.0
int__tai30_20_06,1957,274,2339.0,2676.0
int__tai30_20_06,1957,275,2375.0,2669.0
int__tai30_20_06,1957,276,2365.0,2616.0
int__tai30_20_06,1957,277,2331.0,2620.0
int__tai30_20_06,1957,278,2374.0,2668.0
int__tai30_20_06,1957,279,2323.0,2623.0
int__tai30_20_06,1957,280,2310.0,2624.0
int__tai30_20_06,1957,281,2385.0,2704.0
int__tai30_20_06,1957,282,2462.0,2748.0
int__tai30_20_06,1957,283,2357.0,2690.0
int__tai30_20_06,1957,284,2361.0,2646.0
int__tai30_20_06,1957,285,2270.0,2579.0
int__tai30_20_06,1957,286,2319.0,2626.0
int__tai30_20_06,1957,287,2279.0,2587.0
int__tai30_20_06,1957,288,2327.0,2627.0
int__tai30_20_06,1957,289,2296.0,2559.0
int__tai30_20_06,1957,290,2359.0,2675.0
int__tai30_20_06,1957,291,2419.0,2750.0
int__tai30_20_06,1957,292,2303.0,2596.0
int__tai30_20_06,1957,293,2289.0,2561.0
int__tai30_20_06,1957,294,2397.0,2692.0
int__tai30_20_06,1957,295,2307.0,2642.0
int__tai30_20_06,1957,296,2363.0,2673.0
int__tai30_20_06,1957,297,2312.0,2570.0
int__tai30_20_06,1957,298,2229.0,2514.0
int__tai30_20_06,1957,299,2366.0,2646.0
int__tai30_20_06,1957,300,2274.0,2541.0
int__tai30_20_06,1957,301,2441.0,2752.0
int__tai30_20_06,1957,302,2319.0,2613.0
int__tai30_20_06,1957,303,2503.0,2838.0
int__tai30_20_06,1957,304,2330.0,2598.0
int__tai30_20_06,1957,305,2383.0,2705.0
int__tai30_20_06,1957,306,2329.0,2630.0
int__tai30_20_06,1957,307,2301.0,2581.0
int__tai30_20_06,1957,308,2312.0,2627.0
int__tai30_20_06,1957,309,2384.0,2638.0
int__tai30_20_06,1957,310,2343.0,2668.0
int__tai30_20_06,1957,311,2345.0,2661.0
int__tai30_20_06,1957,312,2323.0,2621.0
int__tai30_20_06,1957,313,2316.0,2615.0
int__tai30_20_06,1957,314,2310.0,2608.0
int__tai30_20_06,1957,315,2417.0,2701.0
int__tai30_20_06,1957,316,2462.0,2805.0
int__tai30_20_06,1957,317,2317.0,2604.0
int__tai30_20_06,1957,318,2386.0,2693.0
int__tai30_20_06,1957,319,2430.0,2728.0
int__tai30_20_06,1957,320,2478.0,2789.0
int__tai30_20_06,1957,321,2349.0,2635.0
int__tai30_20_06,1957,322,2329.0,2610.0
int__tai30_20_06,1957,323,2312.0,2570.0
int__tai30_20_06,1957,324,2292.0,2596.0
int__tai30_20_06,1957,325,2240.0,2513.0
int__tai30_20_06,1957,326,2282.0,2585.0
int__tai30_20_06,1957,327,2404.0,2720.0
int__tai30_20_06,1957,328,2357.0,2683.0
int__tai30_20_06,1957,329,2295.0,2561.0
int__tai30_20_06,1957,330,2349.0,2636.0
int__tai30_20_06,1957,331,2354.0,2646.0
int__tai30_20_06,1957,332,2278.0,2534.0
int__tai30_20_06,1957,333,2373.0,2658.0
int__tai30_20_06,1957,334,2294.0,2571.0
int__tai30_20_06,1957,335,2378.0,2649.0
int__tai30_20_06,1957,336,2352.0,2635.0
int__tai30_20_06,1957,337,2347.0,2612.0
int__tai30_20_06,1957,338,2341.0,2616.0
int__tai30_20_06,1957,339,2322.0,2634.0
int__tai30_20_06,1957,340,2305.0,2605.0
int__tai30_20_06,1957,341,2394.0,2677.0
int__tai30_20_06,1957,342,2356.0,2599.0
int__tai30_20_06,1957,343,2402.0,2741.0
int__tai30_20_06,1957,344,2313.0,2621.0
int__tai30_20_06,1957,345,2283.0,2566.0
int__tai30_20_06,1957,346,2436.0,2740.0
int__tai30_20_06,1957,347,2390.0,2666.0
int__tai30_20_06,1957,348,2220.0,2500.0
int__tai30_20_06,1957,349,2333.0,2591.0
int__tai30_20_06,1957,350,2271.0,2545.0
int__tai30_20_06,1957,351,2372.0,2660.0
int__tai30_20_06,1957,352,2333.0,2642.0
int__tai30_20_06,1957,353,2302.0,2574.0
int__tai30_20_06,1957,354,2375.0,2670.0
int__tai30_20_06,1957,355,2313.0,2626.0
int__tai30_20_06,1957,356,2391.0,2718.0
int__tai30_20_06,1957,357,2301.0,2588.0
int__tai30_20_06,1957,358,2269.0,2586.0
int__tai30_20_06,1957,359,2303.0,2594.0
int__tai30_20_06,1957,360,2366.0,2652.0
int__tai30_20_06,1957,361,2337.0,2628.0
int__tai30_20_06,1957,362,2282.0,2600.0
int__tai30_20_06,1957,363,2274.0,2549.0
int__tai30_20_06,1957,364,2303.0,2601.0
int__tai30_20_06,1957,365,2410.0,2723.0
int__tai30_20_06,1957,366,2411.0,2709.0
int__tai30_20_06,1957,367,2362.0,2633.0
int__tai30_20_06,1957,368,2452.0,2772.0
int__tai30_20_06,1957,369,2264.0,2552.0
int__tai30_20_06,1957,370,2332.0,2653.0
int__tai30_20_06,1957,371,2403.0,2719.0
int__tai30_20_06,1957,372,2605.0,2956.0
int__tai30_20_06,1957,373,2307.0,2591.0
int__tai30_20_06,1957,374,2284.0,2571.0
int__tai30_20_06,1957,375,2389.0,2676.0
int__tai30_20_06,1957,376,2333.0,2631.0
int__tai30_20_06,1957,377,2340.0,2634.0
int__tai30_20_06,1957,378,2357.0,2685.0
int__tai30_20_06,1957,379,2328.0,2627.0
int__tai30_20_06,1957,380,2396.0,2733.0
int__tai30_20_06,1957,381,2403.0,2683.0
int__tai30_20_06,1957,382,2276.0,2580.0
int__tai30_20_06,1957,383,2522.0,2816.0
int__tai30_20_06,1957,384,2291.0,2592.0
int__tai30_20_06,1957,385,2344.0,2641.0
int__tai30_20_06,1957,386,2261.0,2552.0
int__tai30_20_06,1957,387,2364.0,2680.0
int__tai30_20_06,1957,388,2247.0,2553.0
int__tai30_20_06,1957,389,2285.0,2568.0
int__tai30_20_06,1957,390,2326.0,2595.0
int__tai30_20_06,1957,391,2444.0,2764.0
int__tai30_20_06,1957,392,2336.0,2627.0
int__tai30_20_06,1957,393,2259.0,2570.0
int__tai30_20_06,1957,394,2364.0,2631.0
int__tai30_20_06,1957,395,2295.0,2626.0
int__tai30_20_06,1957,396,2450.0,2737.0
int__tai30_20_06,1957,397,2398.0,2739.0
int__tai30_20_06,1957,398,2311.0,2629.0
int__tai30_20_06,1957,399,2340.0,2638.0
int__tai30_20_06,1957,400,2270.0,2559.0
int__tai30_20_06,1957,401,2268.0,2570.0
int__tai30_20_06,1957,402,2423.0,2704.0
int__tai30_20_06,1957,403,2389.0,2710.0
int__tai30_20_06,1957,404,2380.0,2674.0
int__tai30_20_06,1957,405,2309.0,2616.0
int__tai30_20_06,1957,406,2421.0,2709.0
int__tai30_20_06,1957,407,2283.0,2573.0
int__tai30_20_06,1957,408,2393.0,2691.0
int__tai30_20_06,1957,409,2323.0,2629.0
int__tai30_20_06,1957,410,2273.0,2565.0
int__tai30_20_06,1957,411,2376.0,2680.0
int__tai30_20_06,1957,412,2303.0,2576.0
int__tai30_20_06,1957,413,2412.0,2724.0
int__tai30_20_06,1957,414,2282.0,2560.0
int__tai30_20_06,1957,415,2281.0,2571.0
int__tai30_20_06,1957,416,2297.0,2608.0
int__tai30_20_06,1957,417,2412.0,2706.0
int__tai30_20_06,1957,418,2324.0,2606.0
int__tai30_20_06,1957,419,2232.0,2543.0
int__tai30_20_06,1957,420,2292.0,2573.0
int__tai30_20_06,1957,421,2334.0,2644.0
int__tai30_20_06,1957,422,2282.0,2553.0
int__tai30_20_06,1957,423,2313.0,2584.0
int__tai30_20_06,1957,424,2372.0,2628.0
int__tai30_20_06,1957,425,2297.0,2585.0
int__tai30_20_06,1957,426,2269.0,2538.0
int__tai30_20_06,1957,427,2382.0,2658.0
int__tai30_20_06,1957,428,2331.0,2610.0
int__tai30_20_06,1957,429,2568.0,2897.0
int__tai30_20_06,1957,430,2334.0,2609.0
int__tai30_20_06,1957,431,2319.0,2633.0
int__tai30_20_06,1957,432,2292.0,2571.0
int__tai30_20_06,1957,433,2393.0,2678.0
int__tai30_20_06,1957,434,2379.0,2665.0
int__tai30_20_06,1957,435,2293.0,2592.0
int__tai30_20_06,1957,436,2397.0,2668.0
int__tai30_20_06,1957,437,2388.0,2696.0
int__tai30_20_06,1957,438,2339.0,2652.0
int__tai30_20_06,1957,439,2278.0,2557.0
int__tai30_20_06,1957,440,2338.0,2626.0
int__tai30_20_06,1957,441,2326.0,2648.0
int__tai30_20_06,1957,442,2313.0,2606.0
int__tai30_20_06,1957,443,2254.0,2568.0
int__tai30_20_06,1957,444,2466.0,2742.0
int__tai30_20_06,1957,445,2323.0,2577.0
int__tai30_20_06,1957,446,2275.0,2596.0
int__tai30_20_06,1957,447,2361.0,2678.0
int__tai30_20_06,1957,448,2298.0,2624.0
int__tai30_20_06,1957,449,2402.0,2699.0
int__tai30_20_06,1957,450,2391.0,2692.0
int__tai30_20_06,1957,451,2327.0,2626.0
int__tai30_20_06,1957,452,2372.0,2703.0
int__tai30_20_06,1957,453,2297.0,2598.0
int__tai30_20_06,1957,454,2358.0,2661.0
int__tai30_20_06,1957,455,2462.0,2804.0
int__tai30_20_06,1957,456,2316.0,2584.0
int__tai30_20_06,1957,457,2413.0,2709.0
int__tai30_20_06,1957,458,2266.0,2545.0
int__tai30_20_06,1957,459,2298.0,2573.0
int__tai30_20_06,1957,460,2340.0,2638.0
int__tai30_20_06,1957,461,2363.0,2685.0
int__tai30_20_06,1957,462,2449.0,2714.0
int__tai30_20_06,1957,463,2442.0,2766.0
int__tai30_20_06,1957,464,2301.0,2609.0
int__tai30_20_06,1957,465,2411.0,2707.0
int__tai30_20_06,1957,466,2297.0,2578.0
int__tai30_20_06,1957,467,2289.0,2590.0
int__tai30_20_06,1957,468,2468.0,2756.0
int__tai30_20_06,1957,469,2273.0,2588.0
int__tai30_20_06,1957,470,2330.0,2614.0
int__tai30_20_06,1957,471,2368.0,2650.0
int__tai30_20_06,1957,472,2349.0,2632.0
int__tai30_20_06,1957,473,2308.0,2587.0
int__tai30_20_06,1957,474,2379.0,2693.0
int__tai30_20_06,1957,475,2311.0,2619.0
int__tai30_20_06,1957,476,2321.0,2614.0
int__tai30_20_06,1957,477,2286.0,2586.0
int__tai30_20_06,1957,478,2294.0,2625.0
int__tai30_20_06,1957,479,2413.0,2692.0
int__tai30_20_06,1957,480,2427.0,2722.0
int__tai30_20_06,1957,481,2267.0,2555.0
int__tai30_20_06,1957,482,2273.0,2534.0
int__tai30_20_06,1957,483,2269.0,2574.0
int__tai30_20_06,1957,484,2370.0,2631.0
int__tai30_20_06,1957,485,2293.0,2586.0
int__tai30_20_06,1957,486,2386.0,2701.0
int__tai30_20_06,1957,487,2285.0,2561.0
int__tai30_20_06,1957,488,2312.0,2574.0
int__tai30_20_06,1957,489,2228.0,2510.0
int__tai30_20_06,1957,490,2395.0,2692.0
int__tai30_20_06,1957,491,2287.0,2553.0
int__tai30_20_06,1957,492,2421.0,2717.0
int__tai30_20_06,1957,493,2418.0,2702.0
int__tai30_20_06,1957,494,2445.0,2750.0
int__tai30_20_06,1957,495,2337.0,2623.0
int__tai30_20_06,1957,496,2335.0,2609.0
int__tai30_20_06,1957,497,2282.0,2583.0
int__tai30_20_06,1957,498,2286.0,2601.0
int__tai30_20_06,1957,499,2326.0,2594.0
int__tai30_20_06,1957,500,2282.0,2596.0
int__tai30_20_06,1957,501,2372.0,2686.0
int__tai30_20_06,1957,502,2321.0,2613.0
int__tai30_20_06,1957,503,2316.0,2587.0
int__tai30_20_06,1957,504,2348.0,2619.0
int__tai30_20_06,1957,505,2269.0,2563.0
int__tai30_20_06,1957,506,2299.0,2633.0
int__tai30_20_06,1957,507,2298.0,2609.0
int__tai30_20_06,1957,508,2419.0,2717.0
int__tai30_20_06,1957,509,2353.0,2660.0
int__tai30_20_06,1957,510,2324.0,2616.0
int__tai30_20_06,1957,511,2336.0,2610.0
int__tai30_20_06,1957,512,2301.0,2600.0
int__tai30_20_06,1957,513,2375.0,2668.0
int__tai30_20_06,1957,514,2268.0,2562.0
int__tai30_20_06,1957,515,2310.0,2590.0
int__tai30_20_06,1957,516,2219.0,2519.0
int__tai30_20_06,1957,517,2330.0,2569.0
int__tai30_20_06,1957,518,2303.0,2591.0
int__tai30_20_06,1957,519,2361.0,2623.0
int__tai30_20_06,1957,520,2366.0,2679.0
int__tai30_20_06,1957,521,2303.0,2563.0
int__tai30_20_06,1957,522,2298.0,2577.0
int__tai30_20_06,1957,523,2277.0,2547.0
int__tai30_20_06,1957,524,2318.0,2564.0
int__tai30_20_06,1957,525,2389.0,2699.0
int__tai30_20_06,1957,526,2369.0,2642.0
int__tai30_20_06,1957,527,2391.0,2690.0
int__tai30_20_06,1957,528,2362.0,2625.0
int__tai30_20_06,1957,529,2327.0,2640.0
int__tai30_20_06,1957,530,2367.0,2671.0
int__tai30_20_06,1957,531,2330.0,2644.0
int__tai30_20_06,1957,532,2336.0,2627.0
int__tai30_20_06,1957,533,2467.0,2786.0
int__tai30_20_06,1957,534,2347.0,2649.0
int__tai30_20_06,1957,535,2320.0,2628.0
int__tai30_20_06,1957,536,2383.0,2645.0
int__tai30_20_06,1957,537,2328.0,2621.0
int__tai30_20_06,1957,538,2395.0,2679.0
int__tai30_20_06,1957,539,2279.0,2550.0
int__tai30_20_06,1957,540,2324.0,2620.0
int__tai30_20_06,1957,541,2394.0,2715.0
int__tai30_20_06,1957,542,2354.0,2692.0
int__tai30_20_06,1957,543,2254.0,2526.0
int__tai30_20_06,1957,544,2266.0,2560.0
int__tai30_20_06,1957,545,2323.0,2634.0
int__tai30_20_06,1957,546,2428.0,2736.0
int__tai30_20_06,1957,547,2333.0,2632.0
int__tai30_20_06,1957,548,2266.0,2547.0
int__tai30_20_06,1957,549,2423.0,2689.0
int__tai30_20_06,1957,550,2388.0,2670.0
int__tai30_20_06,1957,551,2388.0,2689.0
int__tai30_20_06,1957,552,2273.0,2560.0
int__tai30_20_06,1957,553,2301.0,2602.0
int__tai30_20_06,1957,554,2283.0,2581.0
int__tai30_20_06,1957,555,2379.0,2666.0
int__tai30_20_06,1957,556,2351.0,2633.0
int__tai30_20_06,1957,557,2349.0,2647.0
int__tai30_20_06,1957,558,2286.0,2602.0
int__tai30_20_06,1957,559,2270.0,2552.0
int__tai30_20_06,1957,560,2315.0,2600.0
int__tai30_20_06,1957,561,2270.0,2518.0
int__tai30_20_06,1957,562,2300.0,2601.0
int__tai30_20_06,1957,563,2386.0,2703.0
int__tai30_20_06,1957,564,2267.0,2580.0
int__tai30_20_06,1957,565,2361.0,2626.0
int__tai30_20_06,1957,566,2398.0,2688.0
int__tai30_20_06,1957,567,2312.0,2599.0
int__tai30_20_06,1957,568,2450.0,2743.0
int__tai30_20_06,1957,569,2373.0,2648.0
int__tai30_20_06,1957,570,2353.0,2660.0
int__tai30_20_06,1957,571,2370.0,2705.0
int__tai30_20_06,1957,572,2280.0,2583.0
int__tai30_20_06,1957,573,2356.0,2687.0
int__tai30_20_06,1957,574,2303.0,2580.0
int__tai30_20_06,1957,575,2319.0,2598.0
int__tai30_20_06,1957,576,2437.0,2777.0
int__tai30_20_06,1957,577,2351.0,2661.0
int__tai30_20_06,1957,578,2389.0,2691.0
int__tai30_20_06,1957,579,2309.0,2591.0
int__tai30_20_06,1957,580,2528.0,2830.0
int__tai30_20_06,1957,581,2359.0,2649.0
int__tai30_20_06,1957,582,2280.0,2526.0
int__tai30_20_06,1957,583,2277.0,2567.0
int__tai30_20_06,1957,584,2293.0,2574.0
int__tai30_20_06,1957,585,2414.0,2713.0
int__tai30_20_06,1957,586,2414.0,2696.0
int__tai30_20_06,1957,587,2351.0,2656.0
int__tai30_20_06,1957,588,2389.0,2684.0
int__tai30_20_06,1957,589,2356.0,2636.0
int__tai30_20_06,1957,590,2241.0,2536.0
int__tai30_20_06,1957,591,2325.0,2594.0
int__tai30_20_06,1957,592,2420.0,2696.0
int__tai30_20_06,1957,593,2366.0,2655.0
int__tai30_20_06,1957,594,2428.0,2741.0
int__tai30_20_06,1957,595,2343.0,2657.0
int__tai30_20_06,1957,596,2344.0,2635.0
int__tai30_20_06,1957,597,2423.0,2680.0
int__tai30_20_06,1957,598,2396.0,2683.0
int__tai30_20_06,1957,599,2363.0,2675.0
int__tai30_20_06,1957,600,2406.0,2693.0
int__tai30_20_06,1957,601,2397.0,2689.0
int__tai30_20_06,1957,602,2376.0,2677.0
int__tai30_20_06,1957,603,2381.0,2660.0
int__tai30_20_06,1957,604,2321.0,2619.0
int__tai30_20_06,1957,605,2395.0,2678.0
int__tai30_20_06,1957,606,2331.0,2650.0
int__tai30_20_06,1957,607,2274.0,2559.0
int__tai30_20_06,1957,608,2316.0,2609.0
int__tai30_20_06,1957,609,2383.0,2703.0
int__tai30_20_06,1957,610,2290.0,2574.0
int__tai30_20_06,1957,611,2362.0,2634.0
int__tai30_20_06,1957,612,2327.0,2586.0
int__tai30_20_06,1957,613,2433.0,2766.0
int__tai30_20_06,1957,614,2296.0,2590.0
int__tai30_20_06,1957,615,2332.0,2639.0
int__tai30_20_06,1957,616,2310.0,2566.0
int__tai30_20_06,1957,617,2409.0,2731.0
int__tai30_20_06,1957,618,2278.0,2572.0
int__tai30_20_06,1957,619,2345.0,2655.0
int__tai30_20_06,1957,620,2359.0,2638.0
int__tai30_20_06,1957,621,2362.0,2648.0
int__tai30_20_06,1957,622,2442.0,2730.0
int__tai30_20_06,1957,623,2316.0,2624.0
int__tai30_20_06,1957,624,2432.0,2742.0
int__tai30_20_06,1957,625,2457.0,2765.0
int__tai30_20_06,1957,626,2501.0,2779.0
int__tai30_20_06,1957,627,2367.0,2686.0
int__tai30_20_06,1957,628,2362.0,2643.0
int__tai30_20_06,1957,629,2271.0,2568.0
int__tai30_20_06,1957,630,2336.0,2646.0
int__tai30_20_06,1957,631,2508.0,2858.0
int__tai30_20_06,1957,632,2428.0,2703.0
int__tai30_20_06,1957,633,2402.0,2652.0
int__tai30_20_06,1957,634,2343.0,2639.0
int__tai30_20_06,1957,635,2311.0,2608.0
int__tai30_20_06,1957,636,2318.0,2616.0
int__tai30_20_06,1957,637,2307.0,2609.0
int__tai30_20_06,1957,638,2300.0,2580.0
int__tai30_20_06,1957,639,2234.0,2524.0
int__tai30_20_06,1957,640,2409.0,2681.0
int__tai30_20_06,1957,641,2369.0,2680.0
int__tai30_20_06,1957,642,2304.0,2585.0
int__tai30_20_06,1957,643,2416.0,2712.0
int__tai30_20_06,1957,644,2332.0,2630.0
int__tai30_20_06,1957,645,2419.0,2707.0
int__tai30_20_06,1957,646,2330.0,2616.0
int__tai30_20_06,1957,647,2367.0,2660.0
int__tai30_20_06,1957,648,2253.0,2577.0
int__tai30_20_06,1957,649,2431.0,2706.0
int__tai30_20_06,1957,650,2302.0,2618.0
int__tai30_20_06,1957,651,2312.0,2584.0
int__tai30_20_06,1957,652,2477.0,2747.0
int__tai30_20_06,1957,653,2323.0,2633.0
int__tai30_20_06,1957,654,2301.0,2611.0
int__tai30_20_06,1957,655,2409.0,2728.0
int__tai30_20_06,1957,656,2309.0,2615.0
int__tai30_20_06,1957,657,2333.0,2666.0
int__tai30_20_06,1957,658,2367.0,2673.0
int__tai30_20_06,1957,659,2319.0,2642.0
int__tai30_20_06,1957,660,2357.0,2683.0
int__tai30_20_06,1957,661,2410.0,2683.0
int__tai30_20_06,1957,662,2317.0,2601.0
int__tai30_20_06,1957,663,2291.0,2549.0
int__tai30_20_06,1957,664,2392.0,2648.0
int__tai30_20_06,1957,665,2354.0,2677.0
int__tai30_20_06,1957,666,2370.0,2683.0
int__tai30_20_06,1957,667,2272.0,2540.0
int__tai30_20_06,1957,668,2392.0,2676.0
int__tai30_20_06,1957,669,2342.0,2647.0
int__tai30_20_06,1957,670,2381.0,2647.0
int__tai30_20_06,1957,671,2288.0,2593.0
int__tai30_20_06,1957,672,2247.0,2540.0
int__tai30_20_06,1957,673,2274.0,2554.0
int__tai30_20_06,1957,674,2431.0,2758.0
int__tai30_20_06,1957,675,2388.0,2676.0
int__tai30_20_06,1957,676,2395.0,2736.0
int__tai30_20_06,1957,677,2347.0,2651.0
int__tai30_20_06,1957,678,2278.0,2568.0
int__tai30_20_06,1957,679,2335.0,2599.0
int__tai30_20_06,1957,680,2319.0,2607.0
int__tai30_20_06,1957,681,2290.0,2589.0
int__tai30_20_06,1957,682,2405.0,2695.0
int__tai30_20_06,1957,683,2295.0,2606.0
int__tai30_20_06,1957,684,2461.0,2732.0
int__tai30_20_06,1957,685,2436.0,2758.0
int__tai30_20_06,1957,686,2306.0,2623.0
int__tai30_20_06,1957,687,2318.0,2601.0
int__tai30_20_06,1957,688,2365.0,2675.0
int__tai30_20_06,1957,689,2384.0,2672.0
int__tai30_20_06,1957,690,2359.0,2680.0
int__tai30_20_06,1957,691,2304.0,2610.0
int__tai30_20_06,1957,692,2326.0,2628.0
int__tai30_20_06,1957,693,2339.0,2647.0
int__tai30_20_06,1957,694,2432.0,2685.0
int__tai30_20_06,1957,695,2357.0,2657.0
int__tai30_20_06,1957,696,2344.0,2639.0
int__tai30_20_06,1957,697,2350.0,2645.0
int__tai30_20_06,1957,698,2289.0,2588.0
int__tai30_20_06,1957,699,2397.0,2715.0
int__tai30_20_06,1957,700,2355.0,2665.0
int__tai30_20_06,1957,701,2334.0,2587.0
int__tai30_20_06,1957,702,2239.0,2536.0
int__tai30_20_06,1957,703,2321.0,2604.0
int__tai30_20_06,1957,704,2280.0,2568.0
int__tai30_20_06,1957,705,2492.0,2798.0
int__tai30_20_06,1957,706,2469.0,2784.0
int__tai30_20_06,1957,707,2392.0,2698.0
int__tai30_20_06,1957,708,2290.0,2576.0
int__tai30_20_06,1957,709,2345.0,2657.0
int__tai30_20_06,1957,710,2266.0,2598.0
int__tai30_20_06,1957,711,2284.0,2567.0
int__tai30_20_06,1957,712,2381.0,2641.0
int__tai30_20_06,1957,713,2386.0,2669.0
int__tai30_20_06,1957,714,2248.0,2504.0
int__tai30_20_06,1957,715,2357.0,2643.0
int__tai30_20_06,1957,716,2582.0,2883.0
int__tai30_20_06,1957,717,2395.0,2685.0
int__tai30_20_06,1957,718,2349.0,2643.0
int__tai30_20_06,1957,719,2420.0,2747.0
int__tai30_20_06,1957,720,2314.0,2571.0
int__tai30_20_06,1957,721,2294.0,2617.0
int__tai30_20_06,1957,722,2279.0,2582.0
int__tai30_20_06,1957,723,2245.0,2502.0
int__tai30_20_06,1957,724,2333.0,2647.0
int__tai30_20_06,1957,725,2331.0,2597.0
int__tai30_20_06,1957,726,2365.0,2693.0
int__tai30_20_06,1957,727,2286.0,2569.0
int__tai30_20_06,1957,728,2217.0,2524.0
int__tai30_20_06,1957,729,2366.0,2646.0
int__tai30_20_06,1957,730,2429.0,2703.0
int__tai30_20_06,1957,731,2348.0,2650.0
int__tai30_20_06,1957,732,2356.0,2663.0
int__tai30_20_06,1957,733,2406.0,2686.0
int__tai30_20_06,1957,734,2457.0,2736.0
int__tai30_20_06,1957,735,2461.0,2764.0
int__tai30_20_06,1957,736,2331.0,2662.0
int__tai30_20_06,1957,737,2252.0,2545.0
int__tai30_20_06,1957,738,2310.0,2611.0
int__tai30_20_06,1957,739,2261.0,2521.0
int__tai30_20_06,1957,740,2232.0,2492.0
int__tai30_20_06,1957,741,2343.0,2653.0
int__tai30_20_06,1957,742,2393.0,2711.0
int__tai30_20_06,1957,743,2349.0,2644.0
int__tai30_20_06,1957,744,2377.0,2706.0
int__tai30_20_06,1957,745,2258.0,2532.0
int__tai30_20_06,1957,746,2324.0,2605.0
int__tai30_20_06,1957,747,2265.0,2550.0
int__tai30_20_06,1957,748,2326.0,2586.0
int__tai30_20_06,1957,749,2303.0,2624.0
int__tai30_20_06,1957,750,2318.0,2614.0
int__tai30_20_06,1957,751,2308.0,2564.0
int__tai30_20_06,1957,752,2337.0,2646.0
int__tai30_20_06,1957,753,2346.0,2640.0
int__tai30_20_06,1957,754,2393.0,2692.0
int__tai30_20_06,1957,755,2299.0,2598.0
int__tai30_20_06,1957,756,2282.0,2555.0
int__tai30_20_06,1957,757,2337.0,2640.0
int__tai30_20_06,1957,758,2323.0,2619.0
int__tai30_20_06,1957,759,2443.0,2749.0
int__tai30_20_06,1957,760,2429.0,2721.0
int__tai30_20_06,1957,761,2320.0,2583.0
int__tai30_20_06,1957,762,2324.0,2634.0
int__tai30_20_06,1957,763,2367.0,2665.0
int__tai30_20_06,1957,764,2285.0,2557.0
int__tai30_20_06,1957,765,2244.0,2544.0
int__tai30_20_06,1957,766,2299.0,2564.0
int__tai30_20_06,1957,767,2314.0,2648.0
int__tai30_20_06,1957,768,2312.0,2603.0
int__tai30_20_06,1957,769,2462.0,2745.0
int__tai30_20_06,1957,770,2360.0,2654.0
int__tai30_20_06,1957,771,2290.0,2544.0
int__tai30_20_06,1957,772,2303.0,2616.0
int__tai30_20_06,1957,773,2379.0,2692.0
int__tai30_20_06,1957,774,2325.0,2622.0
int__tai30_20_06,1957,775,2268.0,2551.0
int__tai30_20_06,1957,776,2394.0,2692.0
int__tai30_20_06,1957,777,2411.0,2711.0
int__tai30_20_06,1957,778,2336.0,2597.0
int__tai30_20_06,1957,779,2327.0,2633.0
int__tai30_20_06,1957,780,2363.0,2663.0
int__tai30_20_06,1957,781,2304.0,2590.0
int__tai30_20_06,1957,782,2351.0,2641.0
int__tai30_20_06,1957,783,2479.0,2756.0
int__tai30_20_06,1957,784,2398.0,2707.0
int__tai30_20_06,1957,785,2297.0,2574.0
int__tai30_20_06,1957,786,2273.0,2577.0
int__tai30_20_06,1957,787,2349.0,2626.0
int__tai30_20_06,1957,788,2343.0,2645.0
int__tai30_20_06,1957,789,2263.0,2555.0
int__tai30_20_06,1957,790,2352.0,2652.0
int__tai30_20_06,1957,791,2333.0,2627.0
int__tai30_20_06,1957,792,2394.0,2669.0
int__tai30_20_06,1957,793,2350.0,2598.0
int__tai30_20_06,1957,794,2373.0,2699.0
int__tai30_20_06,1957,795,2399.0,2715.0
int__tai30_20_06,1957,796,2355.0,2635.0
int__tai30_20_06,1957,797,2325.0,2634.0
int__tai30_20_06,1957,798,2308.0,2605.0
int__tai30_20_06,1957,799,2193.0,2515.0
int__tai30_20_06,1957,800,2318.0,2563.0
int__tai30_20_06,1957,801,2298.0,2607.0
int__tai30_20_06,1957,802,2342.0,2640.0
int__tai30_20_06,1957,803,2353.0,2682.0
int__tai30_20_06,1957,804,2363.0,2654.0
int__tai30_20_06,1957,805,2413.0,2728.0
int__tai30_20_06,1957,806,2346.0,2661.0
int__tai30_20_06,1957,807,2325.0,2623.0
int__tai30_20_06,1957,808,2366.0,2656.0
int__tai30_20_06,1957,809,2405.0,2712.0
int__tai30_20_06,1957,810,2331.0,2598.0
int__tai30_20_06,1957,811,2356.0,2683.0
int__tai30_20_06,1957,812,2447.0,2732.0
int__tai30_20_06,1957,813,2283.0,2613.0
int__tai30_20_06,1957,814,2329.0,2670.0
int__tai30_20_06,1957,815,2272.0,2567.0
int__tai30_20_06,1957,816,2306.0,2612.0
int__tai30_20_06,1957,817,2381.0,2683.0
int__tai30_20_06,1957,818,2336.0,2628.0
int__tai30_20_06,1957,819,2394.0,2706.0
int__tai30_20_06,1957,820,2289.0,2599.0
int__tai30_20_06,1957,821,2300.0,2588.0
int__tai30_20_06,1957,822,2388.0,2692.0
int__tai30_20_06,1957,823,2415.0,2701.0
int__tai30_20_06,1957,824,2309.0,2588.0
int__tai30_20_06,1957,825,2311.0,2629.0
int__tai30_20_06,1957,826,2390.0,2694.0
int__tai30_20_06,1957,827,2416.0,2698.0
int__tai30_20_06,1957,828,2250.0,2541.0
int__tai30_20_06,1957,829,2304.0,2560.0
int__tai30_20_06,1957,830,2349.0,2654.0
int__tai30_20_06,1957,831,2375.0,2647.0
int__tai30_20_06,1957,832,2312.0,2580.0
int__tai30_20_06,1957,833,2339.0,2637.0
int__tai30_20_06,1957,834,2302.0,2620.0
int__tai30_20_06,1957,835,2375.0,2687.0
int__tai30_20_06,1957,836,2364.0,2648.0
int__tai30_20_06,1957,837,2322.0,2598.0
int__tai30_20_06,1957,838,2228.0,2517.0
int__tai30_20_06,1957,839,2271.0,2507.0
int__tai30_20_06,1957,840,2380.0,2651.0
int__tai30_20_06,1957,841,2189.0,2502.0
int__tai30_20_06,1957,842,2385.0,2700.0
int__tai30_20_06,1957,843,2359.0,2694.0
int__tai30_20_06,1957,844,2209.0,2492.0
int__tai30_20_06,1957,845,2346.0,2706.0
int__tai30_20_06,1957,846,2316.0,2590.0
int__tai30_20_06,1957,847,2321.0,2579.0
int__tai30_20_06,1957,848,2357.0,2672.0
int__tai30_20_06,1957,849,2285.0,2568.0
int__tai30_20_06,1957,850,2310.0,2581.0
int__tai30_20_06,1957,851,2422.0,2723.0
int__tai30_20_06,1957,852,2295.0,2578.0
int__tai30_20_06,1957,853,2306.0,2604.0
int__tai30_20_06,1957,854,2331.0,2631.0
int__tai30_20_06,1957,855,2407.0,2670.0
int__tai30_20_06,1957,856,2370.0,2698.0
int__tai30_20_06,1957,857,2287.0,2576.0
int__tai30_20_06,1957,858,2348.0,2614.0
int__tai30_20_06,1957,859,2447.0,2792.0
int__tai30_20_06,1957,860,2303.0,2571.0
int__tai30_20_06,1957,861,2335.0,2598.0
int__tai30_20_06,1957,862,2370.0,2670.0
int__tai30_20_06,1957,863,2303.0,2592.0
int__tai30_20_06,1957,864,2424.0,2741.0
int__tai30_20_06,1957,865,2322.0,2599.0
int__tai30_20_06,1957,866,2428.0,2724.0
int__tai30_20_06,1957,867,2274.0,2580.0
int__tai30_20_06,1957,868,2331.0,2595.0
int__tai30_20_06,1957,869,2324.0,2622.0
int__tai30_20_06,1957,870,2342.0,2650.0
int__tai30_20_06,1957,871,2308.0,2612.0
int__tai30_20_06,1957,872,2331.0,2596.0
int__tai30_20_06,1957,873,2356.0,2648.0
int__tai30_20_06,1957,874,2328.0,2633.0
int__tai30_20_06,1957,875,2373.0,2666.0
int__tai30_20_06,1957,876,2333.0,2599.0
int__tai30_20_06,1957,877,2369.0,2662.0
int__tai30_20_06,1957,878,2276.0,2567.0
int__tai30_20_06,1957,879,2417.0,2702.0
int__tai30_20_06,1957,880,2407.0,2729.0
int__tai30_20_06,1957,881,2405.0,2687.0
int__tai30_20_06,1957,882,2294.0,2595.0
int__tai30_20_06,1957,883,2338.0,2632.0
int__tai30_20_06,1957,884,2341.0,2625.0
int__tai30_20_06,1957,885,2409.0,2668.0
int__tai30_20_06,1957,886,2421.0,2703.0
int__tai30_20_06,1957,887,2305.0,2587.0
int__tai30_20_06,1957,888,2455.0,2758.0
int__tai30_20_06,1957,889,2261.0,2569.0
int__tai30_20_06,1957,890,2455.0,2753.0
int__tai30_20_06,1957,891,2256.0,2571.0
int__tai30_20_06,1957,892,2303.0,2589.0
int__tai30_20_06,1957,893,2386.0,2700.0
int__tai30_20_06,1957,894,2291.0,2609.0
int__tai30_20_06,1957,895,2263.0,2541.0
int__tai30_20_06,1957,896,2279.0,2619.0
int__tai30_20_06,1957,897,2305.0,2626.0
int__tai30_20_06,1957,898,2328.0,2616.0
int__tai30_20_06,1957,899,2322.0,2630.0
int__tai30_20_06,1957,900,2550.0,2845.0
int__tai30_20_06,1957,901,2502.0,2808.0
int__tai30_20_06,1957,902,2352.0,2671.0
int__tai30_20_06,1957,903,2271.0,2529.0
int__tai30_20_06,1957,904,2284.0,2583.0
int__tai30_20_06,1957,905,2240.0,2555.0
int__tai30_20_06,1957,906,2286.0,2567.0
int__tai30_20_06,1957,907,2322.0,2612.0
int__tai30_20_06,1957,908,2390.0,2733.0
int__tai30_20_06,1957,909,2229.0,2511.0
int__tai30_20_06,1957,910,2349.0,2658.0
int__tai30_20_06,1957,911,2318.0,2652.0
int__tai30_20_06,1957,912,2433.0,2752.0
int__tai30_20_06,1957,913,2404.0,2749.0
int__tai30_20_06,1957,914,2344.0,2668.0
int__tai30_20_06,1957,915,2431.0,2710.0
int__tai30_20_06,1957,916,2271.0,2581.0
int__tai30_20_06,1957,917,2516.0,2876.0
int__tai30_20_06,1957,918,2349.0,2648.0
int__tai30_20_06,1957,919,2334.0,2564.0
int__tai30_20_06,1957,920,2310.0,2618.0
int__tai30_20_06,1957,921,2276.0,2590.0
int__tai30_20_06,1957,922,2354.0,2620.0
int__tai30_20_06,1957,923,2316.0,2620.0
int__tai30_20_06,1957,924,2288.0,2548.0
int__tai30_20_06,1957,925,2287.0,2559.0
int__tai30_20_06,1957,926,2430.0,2756.0
int__tai30_20_06,1957,927,2368.0,2678.0
int__tai30_20_06,1957,928,2357.0,2652.0
int__tai30_20_06,1957,929,2423.0,2752.0
int__tai30_20_06,1957,930,2319.0,2619.0
int__tai30_20_06,1957,931,2388.0,2715.0
int__tai30_20_06,1957,932,2353.0,2656.0
int__tai30_20_06,1957,933,2370.0,2646.0
int__tai30_20_06,1957,934,2317.0,2604.0
int__tai30_20_06,1957,935,2348.0,2649.0
int__tai30_20_06,1957,936,2355.0,2603.0
int__tai30_20_06,1957,937,2362.0,2658.0
int__tai30_20_06,1957,938,2291.0,2583.0
int__tai30_20_06,1957,939,2336.0,2627.0
int__tai30_20_06,1957,940,2321.0,2600.0
int__tai30_20_06,1957,941,2527.0,2865.0
int__tai30_20_06,1957,942,2309.0,2572.0
int__tai30_20_06,1957,943,2359.0,2653.0
int__tai30_20_06,1957,944,2298.0,2574.0
int__tai30_20_06,1957,945,2361.0,2694.0
int__tai30_20_06,1957,946,2382.0,2667.0
int__tai30_20_06,1957,947,2336.0,2658.0
int__tai30_20_06,1957,948,2383.0,2677.0
int__tai30_20_06,1957,949,2432.0,2739.0
int__tai30_20_06,1957,950,2345.0,2609.0
int__tai30_20_06,1957,951,2503.0,2837.0
int__tai30_20_06,1957,952,2336.0,2634.0
int__tai30_20_06,1957,953,2382.0,2659.0
int__tai30_20_06,1957,954,2342.0,2638.0
int__tai30_20_06,1957,955,2326.0,2625.0
int__tai30_20_06,1957,956,2251.0,2544.0
int__tai30_20_06,1957,957,2341.0,2634.0
int__tai30_20_06,1957,958,2313.0,2573.0
int__tai30_20_06,1957,959,2323.0,2623.0
int__tai30_20_06,1957,960,2382.0,2694.0
int__tai30_20_06,1957,961,2319.0,2623.0
int__tai30_20_06,1957,962,2387.0,2716.0
int__tai30_20_06,1957,963,2402.0,2713.0
int__tai30_20_06,1957,964,2455.0,2782.0
int__tai30_20_06,1957,965,2261.0,2563.0
int__tai30_20_06,1957,966,2236.0,2499.0
int__tai30_20_06,1957,967,2304.0,2582.0
int__tai30_20_06,1957,968,2346.0,2653.0
int__tai30_20_06,1957,969,2196.0,2497.0
int__tai30_20_06,1957,970,2314.0,2633.0
int__tai30_20_06,1957,971,2419.0,2686.0
int__tai30_20_06,1957,972,2344.0,2603.0
int__tai30_20_06,1957,973,2281.0,2608.0
int__tai30_20_06,1957,974,2325.0,2626.0
int__tai30_20_06,1957,975,2338.0,2626.0
int__tai30_20_06,1957,976,2355.0,2624.0
int__tai30_20_06,1957,977,2412.0,2720.0
int__tai30_20_06,1957,978,2388.0,2695.0
int__tai30_20_06,1957,979,2302.0,2558.0
int__tai30_20_06,1957,980,2274.0,2569.0
int__tai30_20_06,1957,981,2302.0,2589.0
int__tai30_20_06,1957,982,2408.0,2735.0
int__tai30_20_06,1957,983,2356.0,2644.0
int__tai30_20_06,1957,984,2394.0,2704.0
int__tai30_20_06,1957,985,2470.0,2785.0
int__tai30_20_06,1957,986,2327.0,2606.0
int__tai30_20_06,1957,987,2421.0,2736.0
int__tai30_20_06,1957,988,2388.0,2669.0
int__tai30_20_06,1957,989,2284.0,2571.0
int__tai30_20_06,1957,990,2332.0,2602.0
int__tai30_20_06,1957,991,2355.0,2656.0
int__tai30_20_06,1957,992,2412.0,2704.0
int__tai30_20_06,1957,993,2458.0,2773.0
int__tai30_20_06,1957,994,2324.0,2594.0
int__tai30_20_06,1957,995,2280.0,2559.0
int__tai30_20_06,1957,996,2346.0,2621.0
int__tai30_20_06,1957,997,2383.0,2693.0
int__tai30_20_06,1957,998,2266.0,2542.0
int__tai30_20_06,1957,999,2369.0,2646.0
int__tai30_20_06,1957,1000,2303.0,2609.0
int__tai30_20_06,1957,1001,2378.0,2662.0
int__tai30_20_06,1957,1002,2400.0,2711.0
int__tai30_20_06,1957,1003,2403.0,2693.0
int__tai30_20_06,1957,1004,2352.0,2619.0
int__tai30_20_06,1957,1005,2297.0,2550.0
int__tai30_20_06,1957,1006,2434.0,2752.0
int__tai30_20_06,1957,1007,2396.0,2683.0
int__tai30_20_06,1957,1008,2361.0,2675.0
int__tai30_20_06,1957,1009,2333.0,2586.0
int__tai30_20_06,1957,1010,2285.0,2558.0
int__tai30_20_06,1957,1011,2341.0,2658.0
int__tai30_20_06,1957,1012,2413.0,2701.0
int__tai30_20_06,1957,1013,2396.0,2674.0
int__tai30_20_06,1957,1014,2356.0,2682.0
int__tai30_20_06,1957,1015,2471.0,2829.0
int__tai30_20_06,1957,1016,2364.0,2666.0
int__tai30_20_06,1957,1017,2316.0,2604.0
int__tai30_20_06,1957,1018,2344.0,2622.0
int__tai30_20_06,1957,1019,2269.0,2527.0
int__tai30_20_06,1957,1020,2419.0,2734.0
int__tai30_20_06,1957,1021,2347.0,2643.0
int__tai30_20_06,1957,1022,2303.0,2596.0
int__tai30_20_06,1957,1023,2280.0,2571.0
int__tai50_15_02,2756,0,2902.0,3312.0
int__tai50_15_02,2756,1,2978.0,3378.0
int__tai50_15_02,2756,2,3034.0,3446.0
int__tai50_15_02,2756,3,2967.0,3381.0
int__tai50_15_02,2756,4,3296.0,3764.0
int__tai50_15_02,2756,5,3046.0,3372.0
int__tai50_15_02,2756,6,3002.0,3410.0
int__tai50_15_02,2756,7,2964.0,3379.0
int__tai50_15_02,2756,8,3115.0,3507.0
int__tai50_15_02,2756,9,3157.0,3549.0
int__tai50_15_02,2756,10,3089.0,3501.0
int__tai50_15_02,2756,11,3044.0,3422.0
int__tai50_15_02,2756,12,3133.0,3542.0
int__tai50_15_02,2756,13,2951.0,3383.0
int__tai50_15_02,2756,14,3101.0,3485.0
int__tai50_15_02,2756,15,3046.0,3413.0
int__tai50_15_02,2756,16,2991.0,3383.0
int__tai50_15_02,2756,17,3106.0,3508.0
int__tai50_15_02,2756,18,3040.0,3478.0
int__tai50_15_02,2756,19,2956.0,3319.0
int__tai50_15_02,2756,20,3040.0,3408.0
int__tai50_15_02,2756,21,3014.0,3441.0
int__tai50_15_02,2756,22,2959.0,3398.0
int__tai50_15_02,2756,23,2939.0,3365.0
int__tai50_15_02,2756,24,3128.0,3590.0
int__tai50_15_02,2756,25,3186.0,3616.0
int__tai50_15_02,2756,26,3080.0,3511.0
int__tai50_15_02,2756,27,3093.0,3527.0
int__tai50_15_02,2756,28,3015.0,3437.0
int__tai50_15_02,2756,29,2929.0,3334.0
int__tai50_15_02,2756,30,2981.0,3377.0
int__tai50_15_02,2756,31,2998.0,3417.0
int__tai50_15_02,2756,32,3028.0,3460.0
int__tai50_15_02,2756,33,2984.0,3377.0
int__tai50_15_02,2756,34,3064.0,3508.0
int__tai50_15_02,2756,35,3164.0,3594.0
int__tai50_15_02,2756,36,2976.0,3401.0
int__tai50_15_02,2756,37,3074.0,3453.0
int__tai50_15_02,2756,38,3020.0,3423.0
int__tai50_15_02,2756,39,3067.0,3476.0
int__tai50_15_02,2756,40,2929.0,3350.0
int__tai50_15_02,2756,41,2976.0,3374.0
int__tai50_15_02,2756,42,2989.0,3403.0
int__tai50_15_02,2756,43,3052.0,3494.0
int__tai50_15_02,2756,44,2993.0,3416.0
int__tai50_15_02,2756,45,3001.0,3378.0
int__tai50_15_02,2756,46,3078.0,3522.0
int__tai50_15_02,2756,47,3060.0,3500.0
int__tai50_15_02,2756,48,3004.0,3385.0
int__tai50_15_02,2756,49,3012.0,3410.0
int__tai50_15_02,2756,50,3051.0,3487.0
int__tai50_15_02,2756,51,2937.0,3376.0
int__tai50_15_02,2756,52,3063.0,3456.0
int__tai50_15_02,2756,53,2950.0,3353.0
int__tai50_15_02,2756,54,2984.0,3372.0
int__tai50_15_02,2756,55,3053.0,3438.0
int__tai50_15_02,2756,56,3034.0,3449.0
int__tai50_15_02,2756,57,2986.0,3373.0
int__tai50_15_02,2756,58,3132.0,3577.0
int__tai50_15_02,2756,59,3175.0,3621.0
int__tai50_15_02,2756,60,3065.0,3497.0
int__tai50_15_02,2756,61,3025.0,3422.0
int__tai50_15_02,2756,62,2998.0,3385.0
int__tai50_15_02,2756,63,2967.0,3315.0
int__tai50_15_02,2756,64,3053.0,3528.0
int__tai50_15_02,2756,65,3158.0,3532.0
int__tai50_15_02,2756,66,2975.0,3399.0
int__tai50_15_02,2756,67,2975.0,3398.0
int__tai50_15_02,2756,68,3054.0,3441.0
int__tai50_15_02,2756,69,3013.0,3435.0
int__tai50_15_02,2756,70,2969.0,3385.0
int__tai50_15_02,2756,71,3111.0,3554.0
int__tai50_15_02,2756,72,2992.0,3394.0
int__tai50_15_02,2756,73,3142.0,3509.0
int__tai50_15_02,2756,74,3024.0,3407.0
int__tai50_15_02,2756,75,3004.0,3374.0
int__tai50_15_02,2756,76,3029.0,3491.0
int__tai50_15_02,2756,77,2926.0,3310.0
int__tai50_15_02,2756,78,3105.0,3548.0
int__tai50_15_02,2756,79,3043.0,3419.0
int__tai50_15_02,2756,80,3038.0,3449.0
int__tai50_15_02,2756,81,3023.0,3397.0
int__tai50_15_02,2756,82,2987.0,3413.0
int__tai50_15_02,2756,83,3050.0,3455.0
int__tai50_15_02,2756,84,3050.0,3461.0
int__tai50_15_02,2756,85,2977.0,3374.0
int__tai50_15_02,2756,86,3014.0,3397.0
int__tai50_15_02,2756,87,2929.0,3314.0
int__tai50_15_02,2756,88,2970.0,3390.0
int__tai50_15_02,2756,89,3120.0,3567.0
int__tai50_15_02,2756,90,3053.0,3489.0
int__tai50_15_02,2756,91,3031.0,3463.0
int__tai50_15_02,2756,92,3150.0,3558.0
int__tai50_15_02,2756,93,2998.0,3439.0
int__tai50_15_02,2756,94,3112.0,3526.0
int__tai50_15_02,2756,95,3041.0,3504.0
int__tai50_15_02,2756,96,2992.0,3372.0
int__tai50_15_02,2756,97,3050.0,3432.0
int__tai50_15_02,2756,98,3048.0,3420.0
int__tai50_15_02,2756,99,3067.0,3478.0
int__tai50_15_02,2756,100,2973.0,3304.0
int__tai50_15_02,2756,101,3032.0,3416.0
int__tai50_15_02,2756,102,3141.0,3492.0
int__tai50_15_02,2756,103,2949.0,3337.0
int__tai50_15_02,2756,104,3045.0,3457.0
int__tai50_15_02,2756,105,3096.0,3466.0
int__tai50_15_02,2756,106,3050.0,3446.0
int__tai50_15_02,2756,107,2957.0,3343.0
int__tai50_15_02,2756,108,3102.0,3473.0
int__tai50_15_02,2756,109,3021.0,3424.0
int__tai50_15_02,2756,110,3001.0,3442.0
int__tai50_15_02,2756,111,3040.0,3474.0
int__tai50_15_02,2756,112,3029.0,3421.0
int__tai50_15_02,2756,113,2962.0,3385.0
int__tai50_15_02,2756,114,3134.0,3568.0
int__tai50_15_02,2756,115,3115.0,3536.0
int__tai50_15_02,2756,116,3080.0,3489.0
int__tai50_15_02,2756,117,3030.0,3453.0
int__tai50_15_02,2756,118,3004.0,3388.0
int__tai50_15_02,2756,119,3094.0,3491.0
int__tai50_15_02,2756,120,3106.0,3493.0
int__tai50_15_02,2756,121,3145.0,3568.0
int__tai50_15_02,2756,122,3041.0,3463.0
int__tai50_15_02,2756,123,2964.0,3372.0
int__tai50_15_02,2756,124,3023.0,3451.0
int__tai50_15_02,2756,125,3044.0,3487.0
int__tai50_15_02,2756,126,2964.0,3351.0
int__tai50_15_02,2756,127,2943.0,3332.0
int__tai50_15_02,2756,128,2993.0,3360.0
int__tai50_15_02,2756,129,3128.0,3505.0
int__tai50_15_02,2756,130,3116.0,3529.0
int__tai50_15_02,2756,131,3027.0,3419.0
int__tai50_15_02,2756,132,3188.0,3613.0
int__tai50_15_02,2756,133,2976.0,3412.0
int__tai50_15_02,2756,134,3049.0,3488.0
int__tai50_15_02,2756,135,3094.0,3529.0
int__tai50_15_02,2756,136,3031.0,3397.0
int__tai50_15_02,2756,137,3002.0,3415.0
int__tai50_15_02,2756,138,3068.0,3499.0
int__tai50_15_02,2756,139,3030.0,3439.0
int__tai50_15_02,2756,140,3050.0,3461.0
int__tai50_15_02,2756,141,3048.0,3484.0
int__tai50_15_02,2756,142,3092.0,3494.0
int__tai50_15_02,2756,143,3067.0,3469.0
int__tai50_15_02,2756,144,3018.0,3409.0
int__tai50_15_02,2756,145,2990.0,3391.0
int__tai50_15_02,2756,146,3091.0,3545.0
int__tai50_15_02,2756,147,2975.0,3400.0
int__tai50_15_02,2756,148,2996.0,3382.0
int__tai50_15_02,2756,149,3046.0,3472.0
int__tai50_15_02,2756,150,3006.0,3416.0
int__tai50_15_02,2756,151,3019.0,3452.0
int__tai50_15_02,2756,152,3066.0,3498.0
int__tai50_15_02,2756,153,3062.0,3432.0
int__tai50_15_02,2756,154,3043.0,3445.0
int__tai50_15_02,2756,155,3037.0,3467.0
int__tai50_15_02,2756,156,3041.0,3429.0
int__tai50_15_02,2756,157,2978.0,3399.0
int__tai50_15_02,2756,158,2978.0,3372.0
int__tai50_15_02,2756,159,3011.0,3438.0
int__tai50_15_02,2756,160,3041.0,3465.0
int__tai50_15_02,2756,161,3069.0,3478.0
int__tai50_15_02,2756,162,3324.0,3739.0
int__tai50_15_02,2756,163,3057.0,3414.0
int__tai50_15_02,2756,164,3194.0,3597.0
int__tai50_15_02,2756,165,3066.0,3477.0
int__tai50_15_02,2756,166,3005.0,3419.0
int__tai50_15_02,2756,167,3020.0,3480.0
int__tai50_15_02,2756,168,3064.0,3505.0
int__tai50_15_02,2756,169,3028.0,3444.0
int__tai50_15_02,2756,170,3109.0,3525.0
int__tai50_15_02,2756,171,3000.0,3449.0
int__tai50_15_02,2756,172,3018.0,3382.0
int__tai50_15_02,2756,173,3016.0,3429.0
int__tai50_15_02,2756,174,3027.0,3503.0
int__tai50_15_02,2756,175,3073.0,3436.0
int__tai50_15_02,2756,176,2962.0,3351.0
int__tai50_15_02,2756,177,3058.0,3468.0
int__tai50_15_02,2756,178,3038.0,3432.0
int__tai50_15_02,2756,179,3168.0,3580.0
int__tai50_15_02,2756,180,2993.0,3399.0
int__tai50_15_02,2756,181,2986.0,3414.0
int__tai50_15_02,2756,182,3090.0,3483.0
int__tai50_15_02,2756,183,3003.0,3389.0
int__tai50_15_02,2756,184,2996.0,3379.0
int__tai50_15_02,2756,185,2986.0,3431.0
int__tai50_15_02,2756,186,3096.0,3535.0
int__tai50_15_02,2756,187,3050.0,3464.0
int__tai50_15_02,2756,188,3085.0,3568.0
int__tai50_15_02,2756,189,3096.0,3541.0
int__tai50_15_02,2756,190,3010.0,3358.0
int__tai50_15_02,2756,191,3025.0,3411.0
int__tai50_15_02,2756,192,3046.0,3467.0
int__tai50_15_02,2756,193,3010.0,3452.0
int__tai50_15_02,2756,194,3039.0,3479.0
int__tai50_15_02,2756,195,3144.0,3549.0
int__tai50_15_02,2756,196,3118.0,3551.0
int__tai50_15_02,2756,197,3047.0,3472.0
int__tai50_15_02,2756,198,2988.0,3367.0
int__tai50_15_02,2756,199,3132.0,3627.0
int__tai50_15_02,2756,200,3024.0,3395.0
int__tai50_15_02,2756,201,3055.0,3512.0
int__tai50_15_02,2756,202,3035.0,3438.0
int__tai50_15_02,2756,203,2966.0,3393.0
int__tai50_15_02,2756,204,3022.0,3409.0
int__tai50_15_02,2756,205,3001.0,3454.0
int__tai50_15_02,2756,206,3026.0,3470.0
int__tai50_15_02,2756,207,2917.0,3325.0
int__tai50_15_02,2756,208,3019.0,3452.0
int__tai50_15_02,2756,209,2979.0,3357.0
int__tai50_15_02,2756,210,3084.0,3512.0
int__tai50_15_02,2756,211,3031.0,3417.0
int__tai50_15_02,2756,212,2997.0,3369.0
int__tai50_15_02,2756,213,2901.0,3303.0
int__tai50_15_02,2756,214,3100.0,3565.0
int__tai50_15_02,2756,215,3041.0,3424.0
int__tai50_15_02,2756,216,3079.0,3465.0
int__tai50_15_02,2756,217,2954.0,3357.0
int__tai50_15_02,2756,218,3056.0,3413.0
int__tai50_15_02,2756,219,3024.0,3450.0
int__tai50_15_02,2756,220,3062.0,3458.0
int__tai50_15_02,2756,221,2990.0,3415.0
int__tai50_15_02,2756,222,3067.0,3472.0
int__tai50_15_02,2756,223,3031.0,3435.0
int__tai50_15_02,2756,224,3091.0,3463.0
int__tai50_15_02,2756,225,2977.0,3366.0
int__tai50_15_02,2756,226,3028.0,3427.0
int__tai50_15_02,2756,227,2930.0,3300.0
int__tai50_15_02,2756,228,3064.0,3458.0
int__tai50_15_02,2756,229,3073.0,3486.0
int__tai50_15_02,2756,230,3174.0,3703.0
int__tai50_15_02,2756,231,2998.0,3395.0
int__tai50_15_02,2756,232,3144.0,3591.0
int__tai50_15_02,2756,233,3146.0,3582.0
int__tai50_15_02,2756,234,3074.0,3474.0
int__tai50_15_02,2756,235,2921.0,3305.0
int__tai50_15_02,2756,236,3154.0,3510.0
int__tai50_15_02,2756,237,3063.0,3433.0
int__tai50_15_02,2756,238,2974.0,3347.0
int__tai50_15_02,2756,239,3012.0,3413.0
int__tai50_15_02,2756,240,3037.0,3424.0
int__tai50_15_02,2756,241,3096.0,3517.0
int__tai50_15_02,2756,242,2971.0,3343.0
int__tai50_15_02,2756,243,2995.0,3417.0
int__tai50_15_02,2756,244,3074.0,3438.0
int__tai50_15_02,2756,245,3049.0,3455.0
int__tai50_15_02,2756,246,3031.0,3479.0
int__tai50_15_02,2756,247,3027.0,3423.0
int__tai50_15_02,2756,248,3011.0,3462.0
int__tai50_15_02,2756,249,3050.0,3422.0
int__tai50_15_02,2756,250,3019.0,3394.0
int__tai50_15_02,2756,251,3055.0,3479.0
int__tai50_15_02,2756,252,3016.0,3404.0
int__tai50_15_02,2756,253,3073.0,3485.0
int__tai50_15_02,2756,254,3018.0,3392.0
int__tai50_15_02,2756,255,2913.0,3317.0
int__tai50_15_02,2756,256,3032.0,3442.0
int__tai50_15_02,2756,257,3083.0,3483.0
int__tai50_15_02,2756,258,3068.0,3502.0
int__tai50_15_02,2756,259,3110.0,3553.0
int__tai50_15_02,2756,260,3075.0,3486.0
int__tai50_15_02,2756,261,3084.0,3523.0
int__tai50_15_02,2756,262,2994.0,3402.0
int__tai50_15_02,2756,263,3030.0,3443.0
int__tai50_15_02,2756,264,3003.0,3429.0
int__tai50_15_02,2756,265,2993.0,3404.0
int__tai50_15_02,2756,266,3089.0,3429.0
int__tai50_15_02,2756,267,3101.0,3526.0
int__tai50_15_02,2756,268,3005.0,3363.0
int__tai50_15_02,2756,269,2974.0,3348.0
int__tai50_15_02,2756,270,3035.0,3459.0
int__tai50_15_02,2756,271,3089.0,3478.0
int__tai50_15_02,2756,272,3065.0,3503.0
int__tai50_15_02,2756,273,3061.0,3478.0
int__tai50_15_02,2756,274,3027.0,3435.0
int__tai50_15_02,2756,275,3027.0,3482.0
int__tai50_15_02,2756,276,2966.0,3366.0
int__tai50_15_02,2756,277,3042.0,3475.0
int__tai50_15_02,2756,278,3047.0,3461.0
int__tai50_15_02,2756,279,3022.0,3392.0
int__tai50_15_02,2756,280,2984.0,3407.0
int__tai50_15_02,2756,281,2914.0,3323.0
int__tai50_15_02,2756,282,3113.0,3545.0
int__tai50_15_02,2756,283,3027.0,3443.0
int__tai50_15_02,2756,284,3072.0,3525.0
int__tai50_15_02,2756,285,3109.0,3485.0
int__tai50_15_02,2756,286,2946.0,3355.0
int__tai50_15_02,2756,287,3143.0,3574.0
int__tai50_15_02,2756,288,3120.0,3496.0
int__tai50_15_02,2756,289,3040.0,3423.0
int__tai50_15_02,2756,290,3119.0,3544.0
int__tai50_15_02,2756,291,3029.0,3445.0
int__tai50_15_02,2756,292,3010.0,3394.0
int__tai50_15_02,2756,293,3027.0,3462.0
int__tai50_15_02,2756,294,3076.0,3538.0
int__tai50_15_02,2756,295,3001.0,3386.0
int__tai50_15_02,2756,296,2995.0,3387.0
int__tai50_15_02,2756,297,3019.0,3431.0
int__tai50_15_02,2756,298,3097.0,3559.0
int__tai50_15_02,2756,299,3064.0,3467.0
int__tai50_15_02,2756,300,3155.0,3568.0
int__tai50_15_02,2756,301,3160.0,3571.0
int__tai50_15_02,2756,302,3067.0,3503.0
int__tai50_15_02,2756,303,3141.0,3640.0
int__tai50_15_02,2756,304,3039.0,3463.0
int__tai50_15_02,2756,305,3080.0,3514.0
int__tai50_15_02,2756,306,3038.0,3434.0
int__tai50_15_02,2756,307,3064.0,3457.0
int__tai50_15_02,2756,308,3202.0,3718.0
int__tai50_15_02,2756,309,3030.0,3401.0
int__tai50_15_02,2756,310,2981.0,3380.0
int__tai50_15_02,2756,311,3116.0,3502.0
int__tai50_15_02,2756,312,3026.0,3428.0
int__tai50_15_02,2756,313,3077.0,3498.0
int__tai50_15_02,2756,314,2994.0,3400.0
int__tai50_15_02,2756,315,3058.0,3467.0
int__tai50_15_02,2756,316,3093.0,3476.0
int__tai50_15_02,2756,317,3011.0,3382.0
int__tai50_15_02,2756,318,3026.0,3424.0
int__tai50_15_02,2756,319,3062.0,3455.0
int__tai50_15_02,2756,320,2910.0,3310.0
int__tai50_15_02,2756,321,3045.0,3470.0
int__tai50_15_02,2756,322,2999.0,3380.0
int__tai50_15_02,2756,323,3054.0,3438.0
int__tai50_15_02,2756,324,3086.0,3488.0
int__tai50_15_02,2756,325,3021.0,3479.0
int__tai50_15_02,2756,326,3059.0,3488.0
int__tai50_15_02,2756,327,2939.0,3334.0
int__tai50_15_02,2756,328,3034.0,3434.0
int__tai50_15_02,2756,329,3050.0,3481.0
int__tai50_15_02,2756,330,3030.0,3477.0
int__tai50_15_02,2756,331,2944.0,3358.0
int__tai50_15_02,2756,332,3040.0,3455.0
int__tai50_15_02,2756,333,3026.0,3455.0
int__tai50_15_02,2756,334,3041.0,3457.0
int__tai50_15_02,2756,335,2984.0,3407.0
int__tai50_15_02,2756,336,3072.0,3499.0
int__tai50_15_02,2756,337,3020.0,3442.0
int__tai50_15_02,2756,338,3152.0,3560.0
int__tai50_15_02,2756,339,3089.0,3533.0
int__tai50_15_02,2756,340,3067.0,3419.0
int__tai50_15_02,2756,341,2986.0,3387.0
int__tai50_15_02,2756,342,3052.0,3461.0
int__tai50_15_02,2756,343,3197.0,3630.0
int__tai50_15_02,2756,344,3018.0,3415.0
int__tai50_15_02,2756,345,2979.0,3384.0
int__tai50_15_02,2756,346,3157.0,3568.0
int__tai50_15_02,2756,347,2984.0,3385.0
int__tai50_15_02,2756,348,3049.0,3453.0
int__tai50_15_02,2756,349,3076.0,3472.0
int__tai50_15_02,2756,350,3039.0,3409.0
int__tai50_15_02,2756,351,3005.0,3383.0
int__tai50_15_02,2756,352,3077.0,3521.0
int__tai50_15_02,2756,353,2954.0,3336.0
int__tai50_15_02,2756,354,3060.0,3435.0
int__tai50_15_02,2756,355,2961.0,3362.0
int__tai50_15_02,2756,356,3089.0,3494.0
int__tai50_15_02,2756,357,3114.0,3501.0
int__tai50_15_02,2756,358,2961.0,3388.0
int__tai50_15_02,2756,359,3023.0,3383.0
int__tai50_15_02,2756,360,3013.0,3440.0
int__tai50_15_02,2756,361,3008.0,3428.0
int__tai50_15_02,2756,362,3015.0,3397.0
int__tai50_15_02,2756,363,3080.0,3516.0
int__tai50_15_02,2756,364,3147.0,3540.0
int__tai50_15_02,2756,365,3043.0,3471.0
int__tai50_15_02,2756,366,3080.0,3431.0
int__tai50_15_02,2756,367,3026.0,3440.0
int__tai50_15_02,2756,368,3157.0,3565.0
int__tai50_15_02,2756,369,3100.0,3494.0
int__tai50_15_02,2756,370,3022.0,3449.0
int__tai50_15_02,2756,371,3063.0,3456.0
int__tai50_15_02,2756,372,3048.0,3476.0
int__tai50_15_02,2756,373,3023.0,3485.0
int__tai50_15_02,2756,374,3038.0,3416.0
int__tai50_15_02,2756,375,2927.0,3328.0
int__tai50_15_02,2756,376,3073.0,3523.0
int__tai50_15_02,2756,377,3001.0,3358.0
int__tai50_15_02,2756,378,3105.0,3515.0
int__tai50_15_02,2756,379,3020.0,3444.0
int__tai50_15_02,2756,380,3100.0,3531.0
int__tai50_15_02,2756,381,2974.0,3365.0
int__tai50_15_02,2756,382,3043.0,3414.0
int__tai50_15_02,2756,383,3099.0,3537.0
int__tai50_15_02,2756,384,3270.0,3761.0
int__tai50_15_02,2756,385,3128.0,3506.0
int__tai50_15_02,2756,386,2993.0,3422.0
int__tai50_15_02,2756,387,2982.0,3392.0
int__tai50_15_02,2756,388,3037.0,3460.0
int__tai50_15_02,2756,389,2996.0,3401.0
int__tai50_15_02,2756,390,2948.0,3343.0
int__tai50_15_02,2756,391,3045.0,3433.0
int__tai50_15_02,2756,392,3084.0,3501.0
int__tai50_15_02,2756,393,3071.0,3483.0
int__tai50_15_02,2756,394,3020.0,3462.0
int__tai50_15_02,2756,395,3042.0,3490.0
int__tai50_15_02,2756,396,2920.0,3302.0
int__tai50_15_02,2756,397,3024.0,3429.0
int__tai50_15_02,2756,398,3117.0,3562.0
int__tai50_15_02,2756,399,3023.0,3415.0
int__tai50_15_02,2756,400,3105.0,3543.0
int__tai50_15_02,2756,401,3041.0,3433.0
int__tai50_15_02,2756,402,2991.0,3431.0
int__tai50_15_02,2756,403,2951.0,3391.0
int__tai50_15_02,2756,404,3052.0,3480.0
int__tai50_15_02,2756,405,3028.0,3454.0
int__tai50_15_02,2756,406,3023.0,3418.0
int__tai50_15_02,2756,407,3028.0,3405.0
int__tai50_15_02,2756,408,3021.0,3400.0
int__tai50_15_02,2756,409,3020.0,3431.0
int__tai50_15_02,2756,410,3020.0,3427.0
int__tai50_15_02,2756,411,3006.0,3385.0
int__tai50_15_02,2756,412,2965.0,3402.0
int__tai50_15_02,2756,413,2943.0,3365.0
int__tai50_15_02,2756,414,2973.0,3359.0
int__tai50_15_02,2756,415,3096.0,3479.0
int__tai50_15_02,2756,416,3041.0,3439.0
int__tai50_15_02,2756,417,2946.0,3386.0
int__tai50_15_02,2756,418,3124.0,3503.0
int__tai50_15_02,2756,419,3009.0,3433.0
int__tai50_15_02,2756,420,3093.0,3468.0
int__tai50_15_02,2756,421,3004.0,3407.0
int__tai50_15_02,2756,422,3061.0,3457.0
int__tai50_15_02,2756,423,3018.0,3442.0
int__tai50_15_02,2756,424,3136.0,3530.0
int__tai50_15_02,2756,425,2987.0,3373.0
int__tai50_15_02,2756,426,2993.0,3418.0
int__tai50_15_02,2756,427,3050.0,3445.0
int__tai50_15_02,2756,428,3080.0,3506.0
int__tai50_15_02,2756,429,3045.0,3482.0
int__tai50_15_02,2756,430,3119.0,3583.0
int__tai50_15_02,2756,431,3071.0,3490.0
int__tai50_15_02,2756,432,3017.0,3443.0
int__tai50_15_02,2756,433,3041.0,3460.0
int__tai50_15_02,2756,434,3019.0,3434.0
int__tai50_15_02,2756,435,2982.0,3402.0
int__tai50_15_02,2756,436,2971.0,3366.0
int__tai50_15_02,2756,437,2929.0,3346.0
int__tai50_15_02,2756,438,2994.0,3410.0
int__tai50_15_02,2756,439,3139.0,3527.0
int__tai50_15_02,2756,440,2958.0,3352.0
int__tai50_15_02,2756,441,3099.0,3536.0
int__tai50_15_02,2756,442,3052.0,3442.0
int__tai50_15_02,2756,443,3004.0,3422.0
int__tai50_15_02,2756,444,3006.0,3436.0
int__tai50_15_02,2756,445,3027.0,3420.0
int__tai50_15_02,2756,446,3070.0,3499.0
int__tai50_15_02,2756,447,3005.0,3374.0
int__tai50_15_02,2756,448,2991.0,3345.0
int__tai50_15_02,2756,449,3052.0,3431.0
int__tai50_15_02,2756,450,3079.0,3477.0
int__tai50_15_02,2756,451,3083.0,3531.0
int__tai50_15_02,2756,452,2997.0,3403.0
int__tai50_15_02,2756,453,3001.0,3415.0
int__tai50_15_02,2756,454,3133.0,3524.0
int__tai50_15_02,2756,455,3046.0,3452.0
int__tai50_15_02,2756,456,3102.0,3470.0
int__tai50_15_02,2756,457,2999.0,3425.0
int__tai50_15_02,2756,458,3022.0,3411.0
int__tai50_15_02,2756,459,2987.0,3378.0
int__tai50_15_02,2756,460,3053.0,3434.0
int__tai50_15_02,2756,461,3143.0,3600.0
int__tai50_15_02,2756,462,3090.0,3470.0
int__tai50_15_02,2756,463,3046.0,3434.0
int__tai50_15_02,2756,464,3054.0,3429.0
int__tai50_15_02,2756,465,3178.0,3552.0
int__tai50_15_02,2756,466,3131.0,3615.0
int__tai50_15_02,2756,467,3031.0,3413.0
int__tai50_15_02,2756,468,3086.0,3487.0
int__tai50_15_02,2756,469,2958.0,3360.0
int__tai50_15_02,2756,470,3119.0,3500.0
int__tai50_15_02,2756,471,3122.0,3533.0
int__tai50_15_02,2756,472,3086.0,3506.0
int__tai50_15_02,2756,473,3107.0,3531.0
int__tai50_15_02,2756,474,2980.0,3363.0
int__tai50_15_02,2756,475,3034.0,3430.0
int__tai50_15_02,2756,476,3069.0,3501.0
int__tai50_15_02,2756,477,3000.0,3423.0
int__tai50_15_02,2756,478,3054.0,3458.0
int__tai50_15_02,2756,479,3009.0,3435.0
int__tai50_15_02,2756,480,3036.0,3453.0
int__tai50_15_02,2756,481,3100.0,3548.0
int__tai50_15_02,2756,482,3030.0,3461.0
int__tai50_15_02,2756,483,2995.0,3413.0
int__tai50_15_02,2756,484,3047.0,3475.0
int__tai50_15_02,2756,485,3073.0,3496.0
int__tai50_15_02,2756,486,2961.0,3355.0
int__tai50_15_02,2756,487,3019.0,3467.0
int__tai50_15_02,2756,488,3038.0,3459.0
int__tai50_15_02,2756,489,3012.0,3386.0
int__tai50_15_02,2756,490,3000.0,3382.0
int__tai50_15_02,2756,491,3090.0,3549.0
int__tai50_15_02,2756,492,2990.0,3360.0
int__tai50_15_02,2756,493,3096.0,3479.0
int__tai50_15_02,2756,494,3082.0,3538.0
int__tai50_15_02,2756,495,2989.0,3401.0
int__tai50_15_02,2756,496,3026.0,3439.0
int__tai50_15_02,2756,497,2997.0,3448.0
int__tai50_15_02,2756,498,3022.0,3393.0
int__tai50_15_02,2756,499,3057.0,3437.0
int__tai50_15_02,2756,500,3134.0,3469.0
int__tai50_15_02,2756,501,2944.0,3292.0
int__tai50_15_02,2756,502,3007.0,3381.0
int__tai50_15_02,2756,503,3062.0,3455.0
int__tai50_15_02,2756,504,3039.0,3485.0
int__tai50_15_02,2756,505,3054.0,3459.0
int__tai50_15_02,2756,506,3163.0,3544.0
int__tai50_15_02,2756,507,3042.0,3438.0
int__tai50_15_02,2756,508,3063.0,3460.0
int__tai50_15_02,2756,509,3025.0,3450.0
int__tai50_15_02,2756,510,2989.0,3377.0
int__tai50_15_02,2756,511,3041.0,3400.0
int__tai50_15_02,2756,512,2997.0,3393.0
int__tai50_15_02,2756,513,3144.0,3612.0
int__tai50_15_02,2756,514,3059.0,3513.0
int__tai50_15_02,2756,515,3102.0,3485.0
int__tai50_15_02,2756,516,3044.0,3454.0
int__tai50_15_02,2756,517,3089.0,3553.0
int__tai50_15_02,2756,518,3049.0,3445.0
int__tai50_15_02,2756,519,3159.0,3601.0
int__tai50_15_02,2756,520,3149.0,3539.0
int__tai50_15_02,2756,521,3002.0,3429.0
int__tai50_15_02,2756,522,3079.0,3498.0
int__tai50_15_02,2756,523,3114.0,3526.0
int__tai50_15_02,2756,524,3022.0,3428.0
int__tai50_15_02,2756,525,3067.0,3511.0
int__tai50_15_02,2756,526,3029.0,3423.0
int__tai50_15_02,2756,527,2971.0,3362.0
int__tai50_15_02,2756,528,3082.0,3483.0
int__tai50_15_02,2756,529,3088.0,3516.0
int__tai50_15_02,2756,530,2930.0,3316.0
int__tai50_15_02,2756,531,3017.0,3446.0
int__tai50_15_02,2756,532,3114.0,3582.0
int__tai50_15_02,2756,533,3123.0,3564.0
int__tai50_15_02,2756,534,3035.0,3395.0
int__tai50_15_02,2756,535,3175.0,3593.0
int__tai50_15_02,2756,536,3015.0,3406.0
int__tai50_15_02,2756,537,3008.0,3369.0
int__tai50_15_02,2756,538,3091.0,3498.0
int__tai50_15_02,2756,539,3204.0,3640.0
int__tai50_15_02,2756,540,3011.0,3422.0
int__tai50_15_02,2756,541,3030.0,3430.0
int__tai50_15_02,2756,542,2935.0,3349.0
int__tai50_15_02,2756,543,2969.0,3351.0
int__tai50_15_02,2756,544,3140.0,3558.0
int__tai50_15_02,2756,545,2951.0,3368.0
int__tai50_15_02,2756,546,3179.0,3611.0
int__tai50_15_02,2756,547,2978.0,3378.0
int__tai50_15_02,2756,548,3066.0,3503.0
int__tai50_15_02,2756,549,3061.0,3472.0
int__tai50_15_02,2756,550,3184.0,3629.0
int__tai50_15_02,2756,551,2995.0,3376.0
int__tai50_15_02,2756,552,3038.0,3444.0
int__tai50_15_02,2756,553,2957.0,3334.0
int__tai50_15_02,2756,554,2975.0,3394.0
int__tai50_15_02,2756,555,2953.0,3369.0
int__tai50_15_02,2756,556,3059.0,3503.0
int__tai50_15_02,2756,557,3037.0,3391.0
int__tai50_15_02,2756,558,3032.0,3449.0
int__tai50_15_02,2756,559,2961.0,3341.0
int__tai50_15_02,2756,560,3069.0,3462.0
int__tai50_15_02,2756,561,3108.0,3559.0
int__tai50_15_02,2756,562,3030.0,3460.0
int__tai50_15_02,2756,563,3023.0,3430.0
int__tai50_15_02,2756,564,3068.0,3541.0
int__tai50_15_02,2756,565,3102.0,3523.0
int__tai50_15_02,2756,566,3032.0,3468.0
int__tai50_15_02,2756,567,3124.0,3495.0
int__tai50_15_02,2756,568,3051.0,3464.0
int__tai50_15_02,2756,569,3203.0,3581.0
int__tai50_15_02,2756,570,2909.0,3381.0
int__tai50_15_02,2756,571,3045.0,3460.0
int__tai50_15_02,2756,572,3089.0,3512.0
int__tai50_15_02,2756,573,3028.0,3419.0
int__tai50_15_02,2756,574,2938.0,3344.0
int__tai50_15_02,2756,575,3098.0,3524.0
int__tai50_15_02,2756,576,2928.0,3314.0
int__tai50_15_02,2756,577,3051.0,3497.0
int__tai50_15_02,2756,578,3051.0,3505.0
int__tai50_15_02,2756,579,3064.0,3471.0
int__tai50_15_02,2756,580,3060.0,3440.0
int__tai50_15_02,2756,581,3041.0,3438.0
int__tai50_15_02,2756,582,3022.0,3442.0
int__tai50_15_02,2756,583,3116.0,3541.0
int__tai50_15_02,2756,584,2998.0,3386.0
int__tai50_15_02,2756,585,2981.0,3391.0
int__tai50_15_02,2756,586,2985.0,3398.0
int__tai50_15_02,2756,587,2991.0,3429.0
int__tai50_15_02,2756,588,3080.0,3464.0
int__tai50_15_02,2756,589,3079.0,3500.0
int__tai50_15_02,2756,590,3076.0,3440.0
int__tai50_15_02,2756,591,3158.0,3605.0
int__tai50_15_02,2756,592,2957.0,3358.0
int__tai50_15_02,2756,593,3043.0,3454.0
int__tai50_15_02,2756,594,2999.0,3417.0
int__tai50_15_02,2756,595,2900.0,3321.0
int__tai50_15_02,2756,596,3196.0,3628.0
int__tai50_15_02,2756,597,3014.0,3415.0
int__tai50_15_02,2756,598,2992.0,3419.0
int__tai50_15_02,2756,599,3132.0,3538.0
int__tai50_15_02,2756,600,3049.0,3512.0
int__tai50_15_02,2756,601,3000.0,3408.0
int__tai50_15_02,2756,602,3043.0,3443.0
int__tai50_15_02,2756,603,2969.0,3384.0
int__tai50_15_02,2756,604,3038.0,3430.0
int__tai50_15_02,2756,605,2953.0,3353.0
int__tai50_15_02,2756,606,3062.0,3449.0
int__tai50_15_02,2756,607,3053.0,3455.0
int__tai50_15_02,2756,608,3052.0,3452.0
int__tai50_15_02,2756,609,3028.0,3389.0
int__tai50_15_02,2756,610,3041.0,3459.0
int__tai50_15_02,2756,611,3029.0,3447.0
int__tai50_15_02,2756,612,3123.0,3586.0
int__tai50_15_02,2756,613,3020.0,3396.0
int__tai50_15_02,2756,614,3026.0,3484.0
int__tai50_15_02,2756,615,3006.0,3401.0
int__tai50_15_02,2756,616,3054.0,3482.0
int__tai50_15_02,2756,617,2980.0,3388.0
int__tai50_15_02,2756,618,3032.0,3431.0
int__tai50_15_02,2756,619,3005.0,3456.0
int__tai50_15_02,2756,620,2929.0,3327.0
int__tai50_15_02,2756,621,3026.0,3447.0
int__tai50_15_02,2756,622,3131.0,3549.0
int__tai50_15_02,2756,623,2978.0,3372.0
int__tai50_15_02,2756,624,3021.0,3430.0
int__tai50_15_02,2756,625,2993.0,3382.0
int__tai50_15_02,2756,626,3004.0,3405.0
int__tai50_15_02,2756,627,3057.0,3467.0
int__tai50_15_02,2756,628,3164.0,3611.0
int__tai50_15_02,2756,629,3032.0,3413.0
int__tai50_15_02,2756,630,3060.0,3511.0
int__tai50_15_02,2756,631,3061.0,3471.0
int__tai50_15_02,2756,632,3067.0,3501.0
int__tai50_15_02,2756,633,3017.0,3473.0
int__tai50_15_02,2756,634,3134.0,3561.0
int__tai50_15_02,2756,635,2965.0,3412.0
int__tai50_15_02,2756,636,3048.0,3462.0
int__tai50_15_02,2756,637,3031.0,3433.0
int__tai50_15_02,2756,638,3003.0,3425.0
int__tai50_15_02,2756,639,2922.0,3331.0
int__tai50_15_02,2756,640,2959.0,3337.0
int__tai50_15_02,2756,641,3021.0,3443.0
int__tai50_15_02,2756,642,3050.0,3474.0
int__tai50_15_02,2756,643,3006.0,3407.0
int__tai50_15_02,2756,644,2962.0,3359.0
int__tai50_15_02,2756,645,3035.0,3439.0
int__tai50_15_02,2756,646,3046.0,3467.0
int__tai50_15_02,2756,647,2982.0,3374.0
int__tai50_15_02,2756,648,3087.0,3499.0
int__tai50_15_02,2756,649,2998.0,3418.0
int__tai50_15_02,2756,650,3144.0,3568.0
int__tai50_15_02,2756,651,3085.0,3475.0
int__tai50_15_02,2756,652,2924.0,3311.0
int__tai50_15_02,2756,653,3086.0,3517.0
int__tai50_15_02,2756,654,3107.0,3544.0
int__tai50_15_02,2756,655,3109.0,3543.0
int__tai50_15_02,2756,656,2940.0,3352.0
int__tai50_15_02,2756,657,3205.0,3669.0
int__tai50_15_02,2756,658,3034.0,3416.0
int__tai50_15_02,2756,659,3000.0,3391.0
int__tai50_15_02,2756,660,3147.0,3607.0
int__tai50_15_02,2756,661,3164.0,3588.0
int__tai50_15_02,2756,662,3000.0,3386.0
int__tai50_15_02,2756,663,3080.0,3475.0
int__tai50_15_02,2756,664,2986.0,3424.0
int__tai50_15_02,2756,665,3074.0,3534.0
int__tai50_15_02,2756,666,3037.0,3408.0
int__tai50_15_02,2756,667,3021.0,3468.0
int__tai50_15_02,2756,668,3107.0,3539.0
int__tai50_15_02,2756,669,3064.0,3517.0
int__tai50_15_02,2756,670,3150.0,3614.0
int__tai50_15_02,2756,671,2942.0,3328.0
int__tai50_15_02,2756,672,3051.0,3456.0
int__tai50_15_02,2756,673,3018.0,3432.0
int__tai50_15_02,2756,674,2992.0,3375.0
int__tai50_15_02,2756,675,3032.0,3449.0
int__tai50_15_02,2756,676,3081.0,3457.0
int__tai50_15_02,2756,677,3092.0,3463.0
int__tai50_15_02,2756,678,3052.0,3459.0
int__tai50_15_02,2756,679,3154.0,3560.0
int__tai50_15_02,2756,680,3004.0,3385.0
int__tai50_15_02,2756,681,3061.0,3483.0
int__tai50_15_02,2756,682,3137.0,3509.0
int__tai50_15_02,2756,683,2968.0,3391.0
int__tai50_15_02,2756,684,2997.0,3449.0
int__tai50_15_02,2756,685,3058.0,3461.0
int__tai50_15_02,2756,686,2957.0,3366.0
int__tai50_15_02,2756,687,2952.0,3316.0
int__tai50_15_02,2756,688,3090.0,3508.0
int__tai50_15_02,2756,689,2962.0,3380.0
int__tai50_15_02,2756,690,3038.0,3452.0
int__tai50_15_02,2756,691,3009.0,3409.0
int__tai50_15_02,2756,692,2989.0,3378.0
int__tai50_15_02,2756,693,3006.0,3434.0
int__tai50_15_02,2756,694,3067.0,3478.0
int__tai50_15_02,2756,695,2994.0,3409.0
int__tai50_15_02,2756,696,3095.0,3540.0
int__tai50_15_02,2756,697,2990.0,3380.0
int__tai50_15_02,2756,698,2967.0,3343.0
int__tai50_15_02,2756,699,2998.0,3371.0
int__tai50_15_02,2756,700,3067.0,3502.0
int__tai50_15_02,2756,701,3002.0,3384.0
int__tai50_15_02,2756,702,3061.0,3466.0
int__tai50_15_02,2756,703,2970.0,3387.0
int__tai50_15_02,2756,704,3004.0,3381.0
int__tai50_15_02,2756,705,2948.0,3364.0
int__tai50_15_02,2756,706,3290.0,3706.0
int__tai50_15_02,2756,707,3040.0,3467.0
int__tai50_15_02,2756,708,3108.0,3568.0
int__tai50_15_02,2756,709,3029.0,3400.0
int__tai50_15_02,2756,710,3032.0,3368.0
int__tai50_15_02,2756,711,3060.0,3443.0
int__tai50_15_02,2756,712,3003.0,3424.0
int__tai50_15_02,2756,713,2949.0,3339.0
int__tai50_15_02,2756,714,2931.0,3275.0
int__tai50_15_02,2756,715,3082.0,3506.0
int__tai50_15_02,2756,716,3045.0,3495.0
int__tai50_15_02,2756,717,3015.0,3430.0
int__tai50_15_02,2756,718,3061.0,3476.0
int__tai50_15_02,2756,719,3158.0,3522.0
int__tai50_15_02,2756,720,3159.0,3580.0
int__tai50_15_02,2756,721,3181.0,3636.0
int__tai50_15_02,2756,722,3204.0,3665.0
int__tai50_15_02,2756,723,3004.0,3373.0
int__tai50_15_02,2756,724,2963.0,3382.0
int__tai50_15_02,2756,725,2916.0,3358.0
int__tai50_15_02,2756,726,3005.0,3386.0
int__tai50_15_02,2756,727,3043.0,3429.0
int__tai50_15_02,2756,728,2937.0,3354.0
int__tai50_15_02,2756,729,3090.0,3455.0
int__tai50_15_02,2756,730,2988.0,3382.0
int__tai50_15_02,2756,731,3014.0,3422.0
int__tai50_15_02,2756,732,3141.0,3550.0
int__tai50_15_02,2756,733,2990.0,3366.0
int__tai50_15_02,2756,734,3043.0,3428.0
int__tai50_15_02,2756,735,3010.0,3417.0
int__tai50_15_02,2756,736,3147.0,3568.0
int__tai50_15_02,2756,737,3002.0,3397.0
int__tai50_15_02,2756,738,2954.0,3330.0
int__tai50_15_02,2756,739,3054.0,3476.0
int__tai50_15_02,2756,740,2950.0,3335.0
int__tai50_15_02,2756,741,3201.0,3642.0
int__tai50_15_02,2756,742,3072.0,3471.0
int__tai50_15_02,2756,743,3042.0,3441.0
int__tai50_15_02,2756,744,3040.0,3466.0
int__tai50_15_02,2756,745,2987.0,3384.0
int__tai50_15_02,2756,746,3074.0,3508.0
int__tai50_15_02,2756,747,3016.0,3421.0
int__tai50_15_02,2756,748,3099.0,3486.0
int__tai50_15_02,2756,749,3053.0,3490.0
int__tai50_15_02,2756,750,3063.0,3518.0
int__tai50_15_02,2756,751,3155.0,3537.0
int__tai50_15_02,2756,752,3128.0,3508.0
int__tai50_15_02,2756,753,3032.0,3463.0
int__tai50_15_02,2756,754,3045.0,3410.0
int__tai50_15_02,2756,755,3157.0,3589.0
int__tai50_15_02,2756,756,3047.0,3447.0
int__tai50_15_02,2756,757,2949.0,3370.0
int__tai50_15_02,2756,758,3036.0,3429.0
int__tai50_15_02,2756,759,2978.0,3370.0
int__tai50_15_02,2756,760,3062.0,3494.0
int__tai50_15_02,2756,761,3055.0,3478.0
int__tai50_15_02,2756,762,3051.0,3471.0
int__tai50_15_02,2756,763,3013.0,3425.0
int__tai50_15_02,2756,764,2947.0,3368.0
int__tai50_15_02,2756,765,3060.0,3466.0
int__tai50_15_02,2756,766,2985.0,3399.0
int__tai50_15_02,2756,767,3077.0,3455.0
int__tai50_15_02,2756,768,3066.0,3478.0
int__tai50_15_02,2756,769,3020.0,3461.0
int__tai50_15_02,2756,770,2985.0,3364.0
int__tai50_15_02,2756,771,3040.0,3463.0
int__tai50_15_02,2756,772,3093.0,3535.0
int__tai50_15_02,2756,773,2973.0,3376.0
int__tai50_15_02,2756,774,3036.0,3413.0
int__tai50_15_02,2756,775,3070.0,3459.0
int__tai50_15_02,2756,776,3163.0,3602.0
int__tai50_15_02,2756,777,3042.0,3460.0
int__tai50_15_02,2756,778,3062.0,3518.0
int__tai50_15_02,2756,779,3186.0,3590.0
int__tai50_15_02,2756,780,3033.0,3428.0
int__tai50_15_02,2756,781,3070.0,3466.0
int__tai50_15_02,2756,782,2980.0,3377.0
int__tai50_15_02,2756,783,2906.0,3325.0
int__tai50_15_02,2756,784,3190.0,3641.0
int__tai50_15_02,2756,785,2949.0,3356.0
int__tai50_15_02,2756,786,3106.0,3497.0
int__tai50_15_02,2756,787,3047.0,3416.0
int__tai50_15_02,2756,788,3095.0,3517.0
int__tai50_15_02,2756,789,3015.0,3420.0
int__tai50_15_02,2756,790,3093.0,3498.0
int__tai50_15_02,2756,791,3204.0,3665.0
int__tai50_15_02,2756,792,3093.0,3527.0
int__tai50_15_02,2756,793,3029.0,3405.0
int__tai50_15_02,2756,794,3117.0,3527.0
int__tai50_15_02,2756,795,3054.0,3469.0
int__tai50_15_02,2756,796,3014.0,3411.0
int__tai50_15_02,2756,797,3018.0,3392.0
int__tai50_15_02,2756,798,2948.0,3314.0
int__tai50_15_02,2756,799,3106.0,3548.0
int__tai50_15_02,2756,800,3039.0,3416.0
int__tai50_15_02,2756,801,3021.0,3372.0
int__tai50_15_02,2756,802,3081.0,3515.0
int__tai50_15_02,2756,803,3001.0,3399.0
int__tai50_15_02,2756,804,3038.0,3440.0
int__tai50_15_02,2756,805,3123.0,3552.0
int__tai50_15_02,2756,806,3012.0,3389.0
int__tai50_15_02,2756,807,3120.0,3537.0
int__tai50_15_02,2756,808,3041.0,3438.0
int__tai50_15_02,2756,809,2925.0,3370.0
int__tai50_15_02,2756,810,2983.0,3391.0
int__tai50_15_02,2756,811,3010.0,3410.0
int__tai50_15_02,2756,812,2954.0,3369.0
int__tai50_15_02,2756,813,3050.0,3441.0
int__tai50_15_02,2756,814,3019.0,3437.0
int__tai50_15_02,2756,815,2915.0,3320.0
int__tai50_15_02,2756,816,2938.0,3350.0
int__tai50_15_02,2756,817,3046.0,3439.0
int__tai50_15_02,2756,818,3030.0,3421.0
int__tai50_15_02,2756,819,3044.0,3438.0
int__tai50_15_02,2756,820,3019.0,3424.0
int__tai50_15_02,2756,821,2988.0,3393.0
int__tai50_15_02,2756,822,2929.0,3309.0
int__tai50_15_02,2756,823,2954.0,3387.0
int__tai50_15_02,2756,824,3019.0,3394.0
int__tai50_15_02,2756,825,2956.0,3351.0
int__tai50_15_02,2756,826,2997.0,3420.0
int__tai50_15_02,2756,827,2926.0,3358.0
int__tai50_15_02,2756,828,3096.0,3535.0
int__tai50_15_02,2756,829,3070.0,3462.0
int__tai50_15_02,2756,830,3143.0,3584.0
int__tai50_15_02,2756,831,3002.0,3396.0
int__tai50_15_02,2756,832,2992.0,3388.0
int__tai50_15_02,2756,833,3082.0,3503.0
int__tai50_15_02,2756,834,2954.0,3351.0
int__tai50_15_02,2756,835,3044.0,3466.0
int__tai50_15_02,2756,836,2983.0,3414.0
int__tai50_15_02,2756,837,3062.0,3512.0
int__tai50_15_02,2756,838,3001.0,3469.0
int__tai50_15_02,2756,839,2962.0,3364.0
int__tai50_15_02,2756,840,2984.0,3422.0
int__tai50_15_02,2756,841,3093.0,3492.0
int__tai50_15_02,2756,842,3012.0,3431.0
int__tai50_15_02,2756,843,3077.0,3478.0
int__tai50_15_02,2756,844,3008.0,3422.0
int__tai50_15_02,2756,845,3198.0,3622.0
int__tai50_15_02,2756,846,3005.0,3378.0
int__tai50_15_02,2756,847,3046.0,3444.0
int__tai50_15_02,2756,848,3123.0,3534.0
int__tai50_15_02,2756,849,3167.0,3589.0
int__tai50_15_02,2756,850,2981.0,3368.0
int__tai50_15_02,2756,851,2941.0,3338.0
int__tai50_15_02,2756,852,3137.0,3552.0
int__tai50_15_02,2756,853,3099.0,3579.0
int__tai50_15_02,2756,854,2976.0,3379.0
int__tai50_15_02,2756,855,3113.0,3486.0
int__tai50_15_02,2756,856,3000.0,3356.0
int__tai50_15_02,2756,857,3067.0,3470.0
int__tai50_15_02,2756,858,3080.0,3512.0
int__tai50_15_02,2756,859,3015.0,3394.0
int__tai50_15_02,2756,860,3057.0,3424.0
int__tai50_15_02,2756,861,2996.0,3366.0
int__tai50_15_02,2756,862,3061.0,3512.0
int__tai50_15_02,2756,863,3190.0,3660.0
int__tai50_15_02,2756,864,3071.0,3498.0
int__tai50_15_02,2756,865,3039.0,3445.0
int__tai50_15_02,2756,866,3057.0,3450.0
int__tai50_15_02,2756,867,3077.0,3500.0
int__tai50_15_02,2756,868,2985.0,3350.0
int__tai50_15_02,2756,869,3015.0,3433.0
int__tai50_15_02,2756,870,3083.0,3494.0
int__tai50_15_02,2756,871,3015.0,3427.0
int__tai50_15_02,2756,872,3076.0,3489.0
int__tai50_15_02,2756,873,3050.0,3453.0
int__tai50_15_02,2756,874,3127.0,3573.0
int__tai50_15_02,2756,875,3006.0,3416.0
int__tai50_15_02,2756,876,3028.0,3464.0
int__tai50_15_02,2756,877,2977.0,3400.0
int__tai50_15_02,2756,878,3127.0,3530.0
int__tai50_15_02,2756,879,3161.0,3620.0
int__tai50_15_02,2756,880,3111.0,3553.0
int__tai50_15_02,2756,881,3026.0,3411.0
int__tai50_15_02,2756,882,3065.0,3495.0
int__tai50_15_02,2756,883,3109.0,3551.0
int__tai50_15_02,2756,884,3002.0,3432.0
int__tai50_15_02,2756,885,2992.0,3389.0
int__tai50_15_02,2756,886,3001.0,3431.0
int__tai50_15_02,2756,887,3131.0,3605.0
int__tai50_15_02,2756,888,3014.0,3405.0
int__tai50_15_02,2756,889,2935.0,3324.0
int__tai50_15_02,2756,890,3042.0,3408.0
int__tai50_15_02,2756,891,3057.0,3486.0
int__tai50_15_02,2756,892,2969.0,3332.0
int__tai50_15_02,2756,893,3027.0,3415.0
int__tai50_15_02,2756,894,3032.0,3420.0
int__tai50_15_02,2756,895,3096.0,3566.0
int__tai50_15_02,2756,896,3066.0,3474.0
int__tai50_15_02,2756,897,2971.0,3388.0
int__tai50_15_02,2756,898,3049.0,3501.0
int__tai50_15_02,2756,899,3066.0,3487.0
int__tai50_15_02,2756,900,3014.0,3447.0
int__tai50_15_02,2756,901,3066.0,3508.0
int__tai50_15_02,2756,902,3082.0,3524.0
int__tai50_15_02,2756,903,3064.0,3493.0
int__tai50_15_02,2756,904,3088.0,3498.0
int__tai50_15_02,2756,905,2981.0,3354.0
int__tai50_15_02,2756,906,3107.0,3559.0
int__tai50_15_02,2756,907,2992.0,3401.0
int__tai50_15_02,2756,908,3011.0,3413.0
int__tai50_15_02,2756,909,2984.0,3379.0
int__tai50_15_02,2756,910,3024.0,3431.0
int__tai50_15_02,2756,911,3015.0,3398.0
int__tai50_15_02,2756,912,3031.0,3480.0
int__tai50_15_02,2756,913,3026.0,3470.0
int__tai50_15_02,2756,914,3115.0,3524.0
int__tai50_15_02,2756,915,3000.0,3420.0
int__tai50_15_02,2756,916,3066.0,3439.0
int__tai50_15_02,2756,917,2921.0,3316.0
int__tai50_15_02,2756,918,2987.0,3371.0
int__tai50_15_02,2756,919,3089.0,3466.0
int__tai50_15_02,2756,920,3024.0,3448.0
int__tai50_15_02,2756,921,3045.0,3497.0
int__tai50_15_02,2756,922,2935.0,3376.0
int__tai50_15_02,2756,923,3039.0,3479.0
int__tai50_15_02,2756,924,2961.0,3390.0
int__tai50_15_02,2756,925,3030.0,3453.0
int__tai50_15_02,2756,926,3009.0,3376.0
int__tai50_15_02,2756,927,2986.0,3399.0
int__tai50_15_02,2756,928,3165.0,3573.0
int__tai50_15_02,2756,929,3019.0,3410.0
int__tai50_15_02,2756,930,3102.0,3516.0
int__tai50_15_02,2756,931,3015.0,3415.0
int__tai50_15_02,2756,932,3071.0,3472.0
int__tai50_15_02,2756,933,3058.0,3541.0
int__tai50_15_02,2756,934,3019.0,3400.0
int__tai50_15_02,2756,935,2968.0,3399.0
int__tai50_15_02,2756,936,3040.0,3435.0
int__tai50_15_02,2756,937,3090.0,3521.0
int__tai50_15_02,2756,938,2962.0,3362.0
int__tai50_15_02,2756,939,2971.0,3378.0
int__tai50_15_02,2756,940,3111.0,3542.0
int__tai50_15_02,2756,941,3017.0,3441.0
int__tai50_15_02,2756,942,3058.0,3469.0
int__tai50_15_02,2756,943,3146.0,3585.0
int__tai50_15_02,2756,944,3021.0,3440.0
int__tai50_15_02,2756,945,3012.0,3446.0
int__tai50_15_02,2756,946,3006.0,3396.0
int__tai50_15_02,2756,947,3049.0,3464.0
int__tai50_15_02,2756,948,3136.0,3512.0
int__tai50_15_02,2756,949,2935.0,3361.0
int__tai50_15_02,2756,950,3024.0,3436.0
int__tai50_15_02,2756,951,3101.0,3555.0
int__tai50_15_02,2756,952,3150.0,3592.0
int__tai50_15_02,2756,953,3064.0,3479.0
int__tai50_15_02,2756,954,3068.0,3456.0
int__tai50_15_02,2756,955,3035.0,3413.0
int__tai50_15_02,2756,956,3091.0,3506.0
int__tai50_15_02,2756,957,2944.0,3346.0
int__tai50_15_02,2756,958,3039.0,3453.0
int__tai50_15_02,2756,959,3058.0,3511.0
int__tai50_15_02,2756,960,3021.0,3440.0
int__tai50_15_02,2756,961,3059.0,3464.0
int__tai50_15_02,2756,962,2967.0,3335.0
int__tai50_15_02,2756,963,3068.0,3506.0
int__tai50_15_02,2756,964,2969.0,3387.0
int__tai50_15_02,2756,965,3000.0,3403.0
int__tai50_15_02,2756,966,3042.0,3444.0
int__tai50_15_02,2756,967,3024.0,3465.0
int__tai50_15_02,2756,968,2979.0,3371.0
int__tai50_15_02,2756,969,3061.0,3474.0
int__tai50_15_02,2756,970,3127.0,3554.0
int__tai50_15_02,2756,971,3007.0,3429.0
int__tai50_15_02,2756,972,3001.0,3437.0
int__tai50_15_02,2756,973,2995.0,3397.0
int__tai50_15_02,2756,974,3125.0,3499.0
int__tai50_15_02,2756,975,3032.0,3442.0
int__tai50_15_02,2756,976,2991.0,3395.0
int__tai50_15_02,2756,977,3147.0,3528.0
int__tai50_15_02,2756,978,3039.0,3432.0
int__tai50_15_02,2756,979,3028.0,3433.0
int__tai50_15_02,2756,980,3071.0,3538.0
int__tai50_15_02,2756,981,3089.0,3454.0
int__tai50_15_02,2756,982,3068.0,3468.0
int__tai50_15_02,2756,983,3064.0,3492.0
int__tai50_15_02,2756,984,2965.0,3352.0
int__tai50_15_02,2756,985,3111.0,3495.0
int__tai50_15_02,2756,986,3134.0,3549.0
int__tai50_15_02,2756,987,2940.0,3347.0
int__tai50_15_02,2756,988,3099.0,3501.0
int__tai50_15_02,2756,989,3118.0,3523.0
int__tai50_15_02,2756,990,3098.0,3545.0
int__tai50_15_02,2756,991,3136.0,3515.0
int__tai50_15_02,2756,992,3055.0,3443.0
int__tai50_15_02,2756,993,3043.0,3416.0
int__tai50_15_02,2756,994,3067.0,3446.0
int__tai50_15_02,2756,995,3051.0,3450.0
int__tai50_15_02,2756,996,2944.0,3334.0
int__tai50_15_02,2756,997,2991.0,3390.0
int__tai50_15_02,2756,998,3042.0,3434.0
int__tai50_15_02,2756,999,3013.0,3414.0
int__tai50_15_02,2756,1000,3020.0,3445.0
int__tai50_15_02,2756,1001,2976.0,3405.0
int__tai50_15_02,2756,1002,2983.0,3367.0
int__tai50_15_02,2756,1003,3083.0,3524.0
int__tai50_15_02,2756,1004,3060.0,3454.0
int__tai50_15_02,2756,1005,2892.0,3311.0
int__tai50_15_02,2756,1006,3095.0,3500.0
int__tai50_15_02,2756,1007,3084.0,3503.0
int__tai50_15_02,2756,1008,3098.0,3480.0
int__tai50_15_02,2756,1009,2999.0,3407.0
int__tai50_15_02,2756,1010,3037.0,3444.0
int__tai50_15_02,2756,1011,3053.0,3430.0
int__tai50_15_02,2756,1012,3079.0,3463.0
int__tai50_15_02,2756,1013,3001.0,3396.0
int__tai50_15_02,2756,1014,3022.0,3387.0
int__tai50_15_02,2756,1015,2994.0,3399.0
int__tai50_15_02,2756,1016,2999.0,3416.0
int__tai50_15_02,2756,1017,3022.0,3460.0
int__tai50_15_02,2756,1018,3040.0,3464.0
int__tai50_15_02,2756,1019,3020.0,3412.0
int__tai50_15_02,2756,1020,3002.0,3411.0
int__tai50_15_02,2756,1021,2910.0,3314.0
int__tai50_15_02,2756,1022,3105.0,3513.0
int__tai50_15_02,2756,1023,3041.0,3464.0
int__tai50_15_08,2885,0,3045.0,3507.0
int__tai50_15_08,2885,1,3133.0,3603.0
int__tai50_15_08,2885,2,3137.0,3622.0
int__tai50_15_08,2885,3,3010.0,3469.0
int__tai50_15_08,2885,4,3137.0,3607.0
int__tai50_15_08,2885,5,3117.0,3584.0
int__tai50_15_08,2885,6,3155.0,3613.0
int__tai50_15_08,2885,7,3117.0,3608.0
int__tai50_15_08,2885,8,3051.0,3544.0
int__tai50_15_08,2885,9,3212.0,3663.0
int__tai50_15_08,2885,10,3153.0,3642.0
int__tai50_15_08,2885,11,3005.0,3491.0
int__tai50_15_08,2885,12,3130.0,3581.0
int__tai50_15_08,2885,13,3113.0,3604.0
int__tai50_15_08,2885,14,3047.0,3508.0
int__tai50_15_08,2885,15,3103.0,3578.0
int__tai50_15_08,2885,16,3031.0,3484.0
int__tai50_15_08,2885,17,3110.0,3552.0
int__tai50_15_08,2885,18,3179.0,3635.0
int__tai50_15_08,2885,19,3144.0,3594.0
int__tai50_15_08,2885,20,3166.0,3657.0
int__tai50_15_08,2885,21,3086.0,3554.0
int__tai50_15_08,2885,22,3080.0,3531.0
int__tai50_15_08,2885,23,3078.0,3528.0
int__tai50_15_08,2885,24,3145.0,3574.0
int__tai50_15_08,2885,25,3167.0,3638.0
int__tai50_15_08,2885,26,3114.0,3582.0
int__tai50_15_08,2885,27,3071.0,3524.0
int__tai50_15_08,2885,28,3074.0,3526.0
int__tai50_15_08,2885,29,3141.0,3624.0
int__tai50_15_08,2885,30,2997.0,3426.0
int__tai50_15_08,2885,31,3092.0,3562.0
int__tai50_15_08,2885,32,3111.0,3599.0
int__tai50_15_08,2885,33,3131.0,3635.0
int__tai50_15_08,2885,34,3185.0,3665.0
int__tai50_15_08,2885,35,3103.0,3559.0
int__tai50_15_08,2885,36,3090.0,3563.0
int__tai50_15_08,2885,37,3087.0,3562.0
int__tai50_15_08,2885,38,3007.0,3496.0
int__tai50_15_08,2885,39,3168.0,3630.0
int__tai50_15_08,2885,40,3053.0,3508.0
int__tai50_15_08,2885,41,3138.0,3630.0
int__tai50_15_08,2885,42,3138.0,3602.0
int__tai50_15_08,2885,43,3139.0,3615.0
int__tai50_15_08,2885,44,3103.0,3574.0
int__tai50_15_08,2885,45,3069.0,3555.0
int__tai50_15_08,2885,46,3103.0,3563.0
int__tai50_15_08,2885,47,3108.0,3603.0
int__tai50_15_08,2885,48,3179.0,3652.0
int__tai50_15_08,2885,49,3065.0,3529.0
int__tai50_15_08,2885,50,3189.0,3635.0
int__tai50_15_08,2885,51,3225.0,3747.0
int__tai50_15_08,2885,52,3090.0,3577.0
int__tai50_15_08,2885,53,3162.0,3598.0
int__tai50_15_08,2885,54,3142.0,3601.0
int__tai50_15_08,2885,55,3009.0,3455.0
int__tai50_15_08,2885,56,3104.0,3523.0
int__tai50_15_08,2885,57,3036.0,3510.0
int__tai50_15_08,2885,58,3024.0,3508.0
int__tai50_15_08,2885,59,3072.0,3512.0
int__tai50_15_08,2885,60,3075.0,3551.0
int__tai50_15_08,2885,61,3167.0,3594.0
int__tai50_15_08,2885,62,3177.0,3675.0
int__tai50_15_08,2885,63,3148.0,3597.0
int__tai50_15_08,2885,64,3057.0,3512.0
int__tai50_15_08,2885,65,3079.0,3533.0
int__tai50_15_08,2885,66,3036.0,3496.0
int__tai50_15_08,2885,67,3104.0,3568.0
int__tai50_15_08,2885,68,3156.0,3609.0
int__tai50_15_08,2885,69,3263.0,3740.0
int__tai50_15_08,2885,70,3125.0,3580.0
int__tai50_15_08,2885,71,3106.0,3544.0
int__tai50_15_08,2885,72,3034.0,3459.0
int__tai50_15_08,2885,73,3246.0,3701.0
int__tai50_15_08,2885,74,3123.0,3613.0
int__tai50_15_08,2885,75,3102.0,3567.0
int__tai50_15_08,2885,76,3121.0,3601.0
int__tai50_15_08,2885,77,3166.0,3618.0
int__tai50_15_08,2885,78,3163.0,3648.0
int__tai50_15_08,2885,79,3142.0,3577.0
int__tai50_15_08,2885,80,3089.0,3577.0
int__tai50_15_08,2885,81,3084.0,3565.0
int__tai50_15_08,2885,82,3056.0,3530.0
int__tai50_15_08,2885,83,3219.0,3707.0
int__tai50_15_08,2885,84,3124.0,3630.0
int__tai50_15_08,2885,85,3059.0,3534.0
int__tai50_15_08,2885,86,3147.0,3603.0
int__tai50_15_08,2885,87,3075.0,3606.0
int__tai50_15_08,2885,88,3181.0,3642.0
int__tai50_15_08,2885,89,2986.0,3433.0
int__tai50_15_08,2885,90,3044.0,3531.0
int__tai50_15_08,2885,91,3161.0,3625.0
int__tai50_15_08,2885,92,3061.0,3535.0
int__tai50_15_08,2885,93,3156.0,3649.0
int__tai50_15_08,2885,94,3066.0,3554.0
int__tai50_15_08,2885,95,3093.0,3566.0
int__tai50_15_08,2885,96,3093.0,3550.0
int__tai50_15_08,2885,97,3038.0,3524.0
int__tai50_15_08,2885,98,3112.0,3529.0
int__tai50_15_08,2885,99,3038.0,3484.0
int__tai50_15_08,2885,100,3039.0,3532.0
int__tai50_15_08,2885,101,3089.0,3548.0
int__tai50_15_08,2885,102,3056.0,3506.0
int__tai50_15_08,2885,103,3274.0,3780.0
int__tai50_15_08,2885,104,3132.0,3598.0
int__tai50_15_08,2885,105,3132.0,3619.0
int__tai50_15_08,2885,106,3006.0,3456.0
int__tai50_15_08,2885,107,3187.0,3629.0
int__tai50_15_08,2885,108,3075.0,3540.0
int__tai50_15_08,2885,109,3078.0,3547.0
int__tai50_15_08,2885,110,3080.0,3536.0
int__tai50_15_08,2885,111,3155.0,3601.0
int__tai50_15_08,2885,112,3023.0,3519.0
int__tai50_15_08,2885,113,3117.0,3548.0
int__tai50_15_08,2885,114,3152.0,3611.0
int__tai50_15_08,2885,115,3140.0,3640.0
int__tai50_15_08,2885,116,3076.0,3552.0
int__tai50_15_08,2885,117,2960.0,3389.0
int__tai50_15_08,2885,118,3066.0,3510.0
int__tai50_15_08,2885,119,3050.0,3526.0
int__tai50_15_08,2885,120,3078.0,3537.0
int__tai50_15_08,2885,121,3053.0,3475.0
int__tai50_15_08,2885,122,3239.0,3679.0
int__tai50_15_08,2885,123,3081.0,3504.0
int__tai50_15_08,2885,124,3112.0,3566.0
int__tai50_15_08,2885,125,3141.0,3630.0
int__tai50_15_08,2885,126,3053.0,3506.0
int__tai50_15_08,2885,127,3084.0,3513.0
int__tai50_15_08,2885,128,3125.0,3602.0
int__tai50_15_08,2885,129,3123.0,3575.0
int__tai50_15_08,2885,130,3048.0,3504.0
int__tai50_15_08,2885,131,3056.0,3505.0
int__tai50_15_08,2885,132,3115.0,3574.0
int__tai50_15_08,2885,133,3073.0,3526.0
int__tai50_15_08,2885,134,3037.0,3492.0
int__tai50_15_08,2885,135,3201.0,3660.0
int__tai50_15_08,2885,136,3118.0,3589.0
int__tai50_15_08,2885,137,3092.0,3547.0
int__tai50_15_08,2885,138,3138.0,3605.0
int__tai50_15_08,2885,139,3051.0,3473.0
int__tai50_15_08,2885,140,3308.0,3813.0
int__tai50_15_08,2885,141,3125.0,3634.0
int__tai50_15_08,2885,142,3096.0,3551.0
int__tai50_15_08,2885,143,3056.0,3527.0
int__tai50_15_08,2885,144,3194.0,3698.0
int__tai50_15_08,2885,145,3128.0,3606.0
int__tai50_15_08,2885,146,3087.0,3551.0
int__tai50_15_08,2885,147,3045.0,3499.0
int__tai50_15_08,2885,148,3133.0,3615.0
int__tai50_15_08,2885,149,3032.0,3515.0
int__tai50_15_08,2885,150,3162.0,3600.0
int__tai50_15_08,2885,151,3104.0,3576.0
int__tai50_15_08,2885,152,3064.0,3562.0
int__tai50_15_08,2885,153,3069.0,3538.0
int__tai50_15_08,2885,154,3124.0,3627.0
int__tai50_15_08,2885,155,3049.0,3530.0
int__tai50_15_08,2885,156,3186.0,3679.0
int__tai50_15_08,2885,157,3018.0,3475.0
int__tai50_15_08,2885,158,3090.0,3574.0
int__tai50_15_08,2885,159,3130.0,3587.0
int__tai50_15_08,2885,160,3173.0,3656.0
int__tai50_15_08,2885,161,3092.0,3555.0
int__tai50_15_08,2885,162,3106.0,3585.0
int__tai50_15_08,2885,163,3102.0,3546.0
int__tai50_15_08,2885,164,3059.0,3553.0
int__tai50_15_08,2885,165,3131.0,3612.0
int__tai50_15_08,2885,166,3068.0,3511.0
int__tai50_15_08,2885,167,3188.0,3631.0
int__tai50_15_08,2885,168,3118.0,3543.0
int__tai50_15_08,2885,169,3158.0,3615.0
int__tai50_15_08,2885,170,3047.0,3502.0
int__tai50_15_08,2885,171,3080.0,3550.0
int__tai50_15_08,2885,172,3040.0,3501.0
int__tai50_15_08,2885,173,3044.0,3466.0
int__tai50_15_08,2885,174,3158.0,3649.0
int__tai50_15_08,2885,175,3131.0,3607.0
int__tai50_15_08,2885,176,3148.0,3598.0
int__tai50_15_08,2885,177,3097.0,3549.0
int__tai50_15_08,2885,178,3046.0,3509.0
int__tai50_15_08,2885,179,3064.0,3589.0
int__tai50_15_08,2885,180,3058.0,3537.0
int__tai50_15_08,2885,181,2977.0,3399.0
int__tai50_15_08,2885,182,3179.0,3591.0
int__tai50_15_08,2885,183,3029.0,3500.0
int__tai50_15_08,2885,184,3168.0,3636.0
int__tai50_15_08,2885,185,3069.0,3537.0
int__tai50_15_08,2885,186,3066.0,3524.0
int__tai50_15_08,2885,187,3153.0,3620.0
int__tai50_15_08,2885,188,3098.0,3564.0
int__tai50_15_08,2885,189,3119.0,3618.0
int__tai50_15_08,2885,190,3070.0,3544.0
int__tai50_15_08,2885,191,3035.0,3528.0
int__tai50_15_08,2885,192,3115.0,3593.0
int__tai50_15_08,2885,193,3042.0,3512.0
int__tai50_15_08,2885,194,3046.0,3500.0
int__tai50_15_08,2885,195,3101.0,3506.0
int__tai50_15_08,2885,196,3096.0,3565.0
int__tai50_15_08,2885,197,3120.0,3587.0
int__tai50_15_08,2885,198,3130.0,3602.0
int__tai50_15_08,2885,199,3157.0,3651.0
int__tai50_15_08,2885,200,3036.0,3510.0
int__tai50_15_08,2885,201,3167.0,3643.0
int__tai50_15_08,2885,202,3027.0,3485.0
int__tai50_15_08,2885,203,3031.0,3462.0
int__tai50_15_08,2885,204,3112.0,3581.0
int__tai50_15_08,2885,205,3174.0,3653.0
int__tai50_15_08,2885,206,3086.0,3532.0
int__tai50_15_08,2885,207,3052.0,3479.0
int__tai50_15_08,2885,208,3091.0,3527.0
int__tai50_15_08,2885,209,3116.0,3593.0
int__tai50_15_08,2885,210,3081.0,3537.0
int__tai50_15_08,2885,211,3096.0,3551.0
int__tai50_15_08,2885,212,3028.0,3447.0
int__tai50_15_08,2885,213,3125.0,3577.0
int__tai50_15_08,2885,214,3130.0,3599.0
int__tai50_15_08,2885,215,3112.0,3535.0
int__tai50_15_08,2885,216,3112.0,3582.0
int__tai50_15_08,2885,217,3219.0,3707.0
int__tai50_15_08,2885,218,3139.0,3577.0
int__tai50_15_08,2885,219,3033.0,3484.0
int__tai50_15_08,2885,220,3039.0,3510.0
int__tai50_15_08,2885,221,3014.0,3460.0
int__tai50_15_08,2885,222,3021.0,3476.0
int__tai50_15_08,2885,223,3006.0,3462.0
int__tai50_15_08,2885,224,3144.0,3622.0
int__tai50_15_08,2885,225,3047.0,3523.0
int__tai50_15_08,2885,226,3203.0,3695.0
int__tai50_15_08,2885,227,3092.0,3588.0
int__tai50_15_08,2885,228,3077.0,3524.0
int__tai50_15_08,2885,229,3139.0,3605.0
int__tai50_15_08,2885,230,3186.0,3678.0
int__tai50_15_08,2885,231,3184.0,3645.0
int__tai50_15_08,2885,232,3108.0,3581.0
int__tai50_15_08,2885,233,3125.0,3607.0
int__tai50_15_08,2885,234,3070.0,3526.0
int__tai50_15_08,2885,235,3119.0,3576.0
int__tai50_15_08,2885,236,3225.0,3717.0
int__tai50_15_08,2885,237,3041.0,3495.0
int__tai50_15_08,2885,238,3111.0,3585.0
int__tai50_15_08,2885,239,3019.0,3495.0
int__tai50_15_08,2885,240,3170.0,3639.0
int__tai50_15_08,2885,241,3135.0,3617.0
int__tai50_15_08,2885,242,3104.0,3594.0
int__tai50_15_08,2885,243,3111.0,3563.0
int__tai50_15_08,2885,244,3204.0,3646.0
int__tai50_15_08,2885,245,3082.0,3546.0
int__tai50_15_08,2885,246,3009.0,3490.0
int__tai50_15_08,2885,247,3067.0,3545.0
int__tai50_15_08,2885,248,3003.0,3453.0
int__tai50_15_08,2885,249,3061.0,3508.0
int__tai50_15_08,2885,250,3090.0,3575.0
int__tai50_15_08,2885,251,3138.0,3605.0
int__tai50_15_08,2885,252,2999.0,3445.0
int__tai50_15_08,2885,253,3104.0,3584.0
int__tai50_15_08,2885,254,3041.0,3498.0
int__tai50_15_08,2885,255,3209.0,3705.0
int__tai50_15_08,2885,256,3142.0,3602.0
int__tai50_15_08,2885,257,3038.0,3507.0
int__tai50_15_08,2885,258,3087.0,3544.0
int__tai50_15_08,2885,259,3082.0,3554.0
int__tai50_15_08,2885,260,3097.0,3566.0
int__tai50_15_08,2885,261,3066.0,3537.0
int__tai50_15_08,2885,262,3097.0,3568.0
int__tai50_15_08,2885,263,3101.0,3548.0
int__tai50_15_08,2885,264,3034.0,3494.0
int__tai50_15_08,2885,265,3132.0,3567.0
int__tai50_15_08,2885,266,3126.0,3650.0
int__tai50_15_08,2885,267,3047.0,3507.0
int__tai50_15_08,2885,268,3125.0,3588.0
int__tai50_15_08,2885,269,3047.0,3521.0
int__tai50_15_08,2885,270,3017.0,3460.0
int__tai50_15_08,2885,271,3057.0,3509.0
int__tai50_15_08,2885,272,3110.0,3582.0
int__tai50_15_08,2885,273,3130.0,3637.0
int__tai50_15_08,2885,274,3079.0,3559.0
int__tai50_15_08,2885,275,3173.0,3681.0
int__tai50_15_08,2885,276,3088.0,3523.0
int__tai50_15_08,2885,277,3112.0,3601.0
int__tai50_15_08,2885,278,3110.0,3573.0
int__tai50_15_08,2885,279,3098.0,3545.0
int__tai50_15_08,2885,280,3065.0,3479.0
int__tai50_15_08,2885,281,3137.0,3599.0
int__tai50_15_08,2885,282,3103.0,3584.0
int__tai50_15_08,2885,283,3089.0,3538.0
int__tai50_15_08,2885,284,3082.0,3509.0
int__tai50_15_08,2885,285,3029.0,3510.0
int__tai50_15_08,2885,286,3171.0,3631.0
int__tai50_15_08,2885,287,2954.0,3400.0
int__tai50_15_08,2885,288,3110.0,3574.0
int__tai50_15_08,2885,289,3113.0,3560.0
int__tai50_15_08,2885,290,3081.0,3558.0
int__tai50_15_08,2885,291,3175.0,3628.0
int__tai50_15_08,2885,292,3084.0,3521.0
int__tai50_15_08,2885,293,3090.0,3535.0
int__tai50_15_08,2885,294,3094.0,3547.0
int__tai50_15_08,2885,295,3141.0,3618.0
int__tai50_15_08,2885,296,3094.0,3571.0
int__tai50_15_08,2885,297,3025.0,3472.0
int__tai50_15_08,2885,298,3140.0,3601.0
int__tai50_15_08,2885,299,3106.0,3576.0
int__tai50_15_08,2885,300,3128.0,3585.0
int__tai50_15_08,2885,301,3049.0,3495.0
int__tai50_15_08,2885,302,3101.0,3549.0
int__tai50_15_08,2885,303,3003.0,3440.0
int__tai50_15_08,2885,304,3107.0,3580.0
int__tai50_15_08,2885,305,2992.0,3470.0
int__tai50_15_08,2885,306,2985.0,3433.0
int__tai50_15_08,2885,307,3211.0,3684.0
int__tai50_15_08,2885,308,3229.0,3724.0
int__tai50_15_08,2885,309,3097.0,3537.0
int__tai50_15_08,2885,310,3092.0,3584.0
int__tai50_15_08,2885,311,3043.0,3516.0
int__tai50_15_08,2885,312,3062.0,3522.0
int__tai50_15_08,2885,313,3123.0,3594.0
int__tai50_15_08,2885,314,2975.0,3414.0
int__tai50_15_08,2885,315,3199.0,3635.0
int__tai50_15_08,2885,316,3171.0,3638.0
int__tai50_15_08,2885,317,3046.0,3531.0
int__tai50_15_08,2885,318,3042.0,3511.0
int__tai50_15_08,2885,319,2979.0,3431.0
int__tai50_15_08,2885,320,3080.0,3507.0
int__tai50_15_08,2885,321,3005.0,3446.0
int__tai50_15_08,2885,322,3105.0,3555.0
int__tai50_15_08,2885,323,3062.0,3534.0
int__tai50_15_08,2885,324,3065.0,3543.0
int__tai50_15_08,2885,325,3184.0,3655.0
int__tai50_15_08,2885,326,3080.0,3536.0
int__tai50_15_08,2885,327,3089.0,3540.0
int__tai50_15_08,2885,328,3229.0,3726.0
int__tai50_15_08,2885,329,3064.0,3538.0
int__tai50_15_08,2885,330,3209.0,3710.0
int__tai50_15_08,2885,331,3233.0,3716.0
int__tai50_15_08,2885,332,3088.0,3570.0
int__tai50_15_08,2885,333,3065.0,3533.0
int__tai50_15_08,2885,334,3030.0,3482.0
int__tai50_15_08,2885,335,3137.0,3623.0
int__tai50_15_08,2885,336,3072.0,3527.0
int__tai50_15_08,2885,337,3000.0,3461.0
int__tai50_15_08,2885,338,2996.0,3487.0
int__tai50_15_08,2885,339,3069.0,3546.0
int__tai50_15_08,2885,340,3276.0,3697.0
int__tai50_15_08,2885,341,3115.0,3569.0
int__tai50_15_08,2885,342,3123.0,3581.0
int__tai50_15_08,2885,343,3128.0,3599.0
int__tai50_15_08,2885,344,3116.0,3610.0
int__tai50_15_08,2885,345,3151.0,3623.0
int__tai50_15_08,2885,346,3131.0,3577.0
int__tai50_15_08,2885,347,3118.0,3563.0
int__tai50_15_08,2885,348,3108.0,3583.0
int__tai50_15_08,2885,349,3146.0,3573.0
int__tai50_15_08,2885,350,3127.0,3621.0
int__tai50_15_08,2885,351,3020.0,3471.0
int__tai50_15_08,2885,352,3028.0,3493.0
int__tai50_15_08,2885,353,3167.0,3649.0
int__tai50_15_08,2885,354,3214.0,3709.0
int__tai50_15_08,2885,355,3151.0,3621.0
int__tai50_15_08,2885,356,3205.0,3675.0
int__tai50_15_08,2885,357,3008.0,3472.0
int__tai50_15_08,2885,358,3004.0,3476.0
int__tai50_15_08,2885,359,3148.0,3599.0
int__tai50_15_08,2885,360,3105.0,3558.0
int__tai50_15_08,2885,361,3213.0,3655.0
int__tai50_15_08,2885,362,3011.0,3476.0
int__tai50_15_08,2885,363,3088.0,3573.0
int__tai50_15_08,2885,364,3177.0,3680.0
int__tai50_15_08,2885,365,3171.0,3650.0
int__tai50_15_08,2885,366,3174.0,3676.0
int__tai50_15_08,2885,367,3127.0,3611.0
int__tai50_15_08,2885,368,3100.0,3578.0
int__tai50_15_08,2885,369,3026.0,3476.0
int__tai50_15_08,2885,370,3087.0,3513.0
int__tai50_15_08,2885,371,3027.0,3518.0
int__tai50_15_08,2885,372,3097.0,3583.0
int__tai50_15_08,2885,373,3147.0,3644.0
int__tai50_15_08,2885,374,3126.0,3610.0
int__tai50_15_08,2885,375,3066.0,3534.0
int__tai50_15_08,2885,376,3083.0,3553.0
int__tai50_15_08,2885,377,3212.0,3662.0
int__tai50_15_08,2885,378,3043.0,3512.0
int__tai50_15_08,2885,379,3142.0,3582.0
int__tai50_15_08,2885,380,3136.0,3622.0
int__tai50_15_08,2885,381,3193.0,3646.0
int__tai50_15_08,2885,382,3097.0,3563.0
int__tai50_15_08,2885,383,3036.0,3477.0
int__tai50_15_08,2885,384,3228.0,3750.0
int__tai50_15_08,2885,385,3184.0,3651.0
int__tai50_15_08,2885,386,3050.0,3525.0
int__tai50_15_08,2885,387,3173.0,3654.0
int__tai50_15_08,2885,388,3092.0,3556.0
int__tai50_15_08,2885,389,3126.0,3641.0
int__tai50_15_08,2885,390,3103.0,3586.0
int__tai50_15_08,2885,391,3146.0,3640.0
int__tai50_15_08,2885,392,3164.0,3611.0
int__tai50_15_08,2885,393,3219.0,3679.0
int__tai50_15_08,2885,394,3061.0,3525.0
int__tai50_15_08,2885,395,3156.0,3603.0
int__tai50_15_08,2885,396,3151.0,3606.0
int__tai50_15_08,2885,397,3136.0,3587.0
int__tai50_15_08,2885,398,3106.0,3536.0
int__tai50_15_08,2885,399,3006.0,3424.0
int__tai50_15_08,2885,400,3083.0,3567.0
int__tai50_15_08,2885,401,3096.0,3560.0
int__tai50_15_08,2885,402,3125.0,3572.0
int__tai50_15_08,2885,403,2982.0,3409.0
int__tai50_15_08,2885,404,3174.0,3637.0
int__tai50_15_08,2885,405,3064.0,3557.0
int__tai50_15_08,2885,406,3051.0,3490.0
int__tai50_15_08,2885,407,3085.0,3543.0
int__tai50_15_08,2885,408,3127.0,3576.0
int__tai50_15_08,2885,409,3144.0,3640.0
int__tai50_15_08,2885,410,3075.0,3542.0
int__tai50_15_08,2885,411,3128.0,3648.0
int__tai50_15_08,2885,412,3093.0,3570.0
int__tai50_15_08,2885,413,3100.0,3567.0
int__tai50_15_08,2885,414,3111.0,3545.0
int__tai50_15_08,2885,415,3017.0,3481.0
int__tai50_15_08,2885,416,3049.0,3502.0
int__tai50_15_08,2885,417,3133.0,3604.0
int__tai50_15_08,2885,418,3105.0,3581.0
int__tai50_15_08,2885,419,3111.0,3581.0
int__tai50_15_08,2885,420,3038.0,3505.0
int__tai50_15_08,2885,421,3158.0,3608.0
int__tai50_15_08,2885,422,3089.0,3525.0
int__tai50_15_08,2885,423,3097.0,3555.0
int__tai50_15_08,2885,424,3095.0,3543.0
int__tai50_15_08,2885,425,3077.0,3556.0
int__tai50_15_08,2885,426,3104.0,3563.0
int__tai50_15_08,2885,427,3157.0,3649.0
int__tai50_15_08,2885,428,3028.0,3503.0
int__tai50_15_08,2885,429,3112.0,3588.0
int__tai50_15_08,2885,430,3076.0,3543.0
int__tai50_15_08,2885,431,3102.0,3591.0
int__tai50_15_08,2885,432,3108.0,3596.0
int__tai50_15_08,2885,433,3155.0,3647.0
int__tai50_15_08,2885,434,3148.0,3620.0
int__tai50_15_08,2885,435,3051.0,3529.0
int__tai50_15_08,2885,436,3136.0,3627.0
int__tai50_15_08,2885,437,3143.0,3611.0
int__tai50_15_08,2885,438,3128.0,3608.0
int__tai50_15_08,2885,439,3008.0,3464.0
int__tai50_15_08,2885,440,3099.0,3568.0
int__tai50_15_08,2885,441,3135.0,3604.0
int__tai50_15_08,2885,442,2965.0,3422.0
int__tai50_15_08,2885,443,2994.0,3452.0
int__tai50_15_08,2885,444,3176.0,3655.0
int__tai50_15_08,2885,445,3072.0,3565.0
int__tai50_15_08,2885,446,3133.0,3609.0
int__tai50_15_08,2885,447,3158.0,3634.0
int__tai50_15_08,2885,448,3085.0,3557.0
int__tai50_15_08,2885,449,3183.0,3615.0
int__tai50_15_08,2885,450,3115.0,3542.0
int__tai50_15_08,2885,451,3174.0,3616.0
int__tai50_15_08,2885,452,3200.0,3691.0
int__tai50_15_08,2885,453,3109.0,3593.0
int__tai50_15_08,2885,454,3043.0,3491.0
int__tai50_15_08,2885,455,3038.0,3467.0
int__tai50_15_08,2885,456,3091.0,3556.0
int__tai50_15_08,2885,457,3102.0,3545.0
int__tai50_15_08,2885,458,3026.0,3505.0
int__tai50_15_08,2885,459,3101.0,3577.0
int__tai50_15_08,2885,460,3157.0,3629.0
int__tai50_15_08,2885,461,3043.0,3517.0
int__tai50_15_08,2885,462,3233.0,3710.0
int__tai50_15_08,2885,463,3093.0,3569.0
int__tai50_15_08,2885,464,3043.0,3475.0
int__tai50_15_08,2885,465,3100.0,3512.0
int__tai50_15_08,2885,466,3117.0,3620.0
int__tai50_15_08,2885,467,3009.0,3463.0
int__tai50_15_08,2885,468,3090.0,3533.0
int__tai50_15_08,2885,469,3023.0,3482.0
int__tai50_15_08,2885,470,3099.0,3559.0
int__tai50_15_08,2885,471,3139.0,3586.0
int__tai50_15_08,2885,472,3093.0,3556.0
int__tai50_15_08,2885,473,3106.0,3573.0
int__tai50_15_08,2885,474,3107.0,3572.0
int__tai50_15_08,2885,475,3120.0,3588.0
int__tai50_15_08,2885,476,3004.0,3430.0
int__tai50_15_08,2885,477,3105.0,3593.0
int__tai50_15_08,2885,478,3171.0,3653.0
int__tai50_15_08,2885,479,3127.0,3585.0
int__tai50_15_08,2885,480,3068.0,3522.0
int__tai50_15_08,2885,481,3131.0,3559.0
int__tai50_15_08,2885,482,3196.0,3650.0
int__tai50_15_08,2885,483,3050.0,3516.0
int__tai50_15_08,2885,484,3048.0,3484.0
int__tai50_15_08,2885,485,3132.0,3572.0
int__tai50_15_08,2885,486,3179.0,3576.0
int__tai50_15_08,2885,487,3112.0,3596.0
int__tai50_15_08,2885,488,3263.0,3730.0
int__tai50_15_08,2885,489,3201.0,3685.0
int__tai50_15_08,2885,490,3003.0,3415.0
int__tai50_15_08,2885,491,3157.0,3583.0
int__tai50_15_08,2885,492,3129.0,3601.0
int__tai50_15_08,2885,493,3145.0,3632.0
int__tai50_15_08,2885,494,3135.0,3590.0
int__tai50_15_08,2885,495,3056.0,3510.0
int__tai50_15_08,2885,496,3106.0,3576.0
int__tai50_15_08,2885,497,3050.0,3490.0
int__tai50_15_08,2885,498,3157.0,3617.0
int__tai50_15_08,2885,499,2999.0,3470.0
int__tai50_15_08,2885,500,3167.0,3643.0
int__tai50_15_08,2885,501,3112.0,3593.0
int__tai50_15_08,2885,502,3009.0,3451.0
int__tai50_15_08,2885,503,3144.0,3608.0
int__tai50_15_08,2885,504,3253.0,3751.0
int__tai50_15_08,2885,505,3100.0,3599.0
int__tai50_15_08,2885,506,3175.0,3659.0
int__tai50_15_08,2885,507,3008.0,3453.0
int__tai50_15_08,2885,508,3147.0,3604.0
int__tai50_15_08,2885,509,3104.0,3597.0
int__tai50_15_08,2885,510,3171.0,3608.0
int__tai50_15_08,2885,511,3109.0,3574.0
int__tai50_15_08,2885,512,3018.0,3471.0
int__tai50_15_08,2885,513,3227.0,3695.0
int__tai50_15_08,2885,514,3222.0,3688.0
int__tai50_15_08,2885,515,3101.0,3514.0
int__tai50_15_08,2885,516,3097.0,3530.0
int__tai50_15_08,2885,517,3120.0,3635.0
int__tai50_15_08,2885,518,3144.0,3614.0
int__tai50_15_08,2885,519,3078.0,3507.0
int__tai50_15_08,2885,520,3104.0,3541.0
int__tai50_15_08,2885,521,3158.0,3637.0
int__tai50_15_08,2885,522,3114.0,3565.0
int__tai50_15_08,2885,523,3074.0,3545.0
int__tai50_15_08,2885,524,3100.0,3588.0
int__tai50_15_08,2885,525,3022.0,3465.0
int__tai50_15_08,2885,526,3101.0,3560.0
int__tai50_15_08,2885,527,3078.0,3520.0
int__tai50_15_08,2885,528,3058.0,3560.0
int__tai50_15_08,2885,529,3081.0,3546.0
int__tai50_15_08,2885,530,3078.0,3542.0
int__tai50_15_08,2885,531,3114.0,3556.0
int__tai50_15_08,2885,532,2931.0,3424.0
int__tai50_15_08,2885,533,3111.0,3595.0
int__tai50_15_08,2885,534,3229.0,3726.0
int__tai50_15_08,2885,535,3211.0,3681.0
int__tai50_15_08,2885,536,2969.0,3426.0
int__tai50_15_08,2885,537,3152.0,3602.0
int__tai50_15_08,2885,538,3103.0,3561.0
int__tai50_15_08,2885,539,3163.0,3595.0
int__tai50_15_08,2885,540,3128.0,3620.0
int__tai50_15_08,2885,541,3034.0,3508.0
int__tai50_15_08,2885,542,3051.0,3484.0
int__tai50_15_08,2885,543,3211.0,3714.0
int__tai50_15_08,2885,544,3140.0,3605.0
int__tai50_15_08,2885,545,3119.0,3606.0
int__tai50_15_08,2885,546,2993.0,3459.0
int__tai50_15_08,2885,547,3002.0,3469.0
int__tai50_15_08,2885,548,3125.0,3584.0
int__tai50_15_08,2885,549,3070.0,3564.0
int__tai50_15_08,2885,550,3230.0,3717.0
int__tai50_15_08,2885,551,2980.0,3418.0
int__tai50_15_08,2885,552,3072.0,3519.0
int__tai50_15_08,2885,553,3105.0,3557.0
int__tai50_15_08,2885,554,3093.0,3574.0
int__tai50_15_08,2885,555,3081.0,3539.0
int__tai50_15_08,2885,556,3100.0,3568.0
int__tai50_15_08,2885,557,3106.0,3598.0
int__tai50_15_08,2885,558,3086.0,3519.0
int__tai50_15_08,2885,559,3150.0,3613.0
int__tai50_15_08,2885,560,3068.0,3560.0
int__tai50_15_08,2885,561,3158.0,3613.0
int__tai50_15_08,2885,562,3174.0,3587.0
int__tai50_15_08,2885,563,3134.0,3619.0
int__tai50_15_08,2885,564,3002.0,3456.0
int__tai50_15_08,2885,565,3022.0,3481.0
int__tai50_15_08,2885,566,3171.0,3626.0
int__tai50_15_08,2885,567,3083.0,3587.0
int__tai50_15_08,2885,568,3121.0,3590.0
int__tai50_15_08,2885,569,3127.0,3623.0
int__tai50_15_08,2885,570,2986.0,3396.0
int__tai50_15_08,2885,571,3226.0,3680.0
int__tai50_15_08,2885,572,3019.0,3500.0
int__tai50_15_08,2885,573,3207.0,3715.0
int__tai50_15_08,2885,574,3020.0,3483.0
int__tai50_15_08,2885,575,3171.0,3632.0
int__tai50_15_08,2885,576,3054.0,3505.0
int__tai50_15_08,2885,577,3100.0,3554.0
int__tai50_15_08,2885,578,3128.0,3627.0
int__tai50_15_08,2885,579,3058.0,3518.0
int__tai50_15_08,2885,580,3152.0,3591.0
int__tai50_15_08,2885,581,3127.0,3585.0
int__tai50_15_08,2885,582,3246.0,3740.0
int__tai50_15_08,2885,583,3074.0,3554.0
int__tai50_15_08,2885,584,3072.0,3527.0
int__tai50_15_08,2885,585,3090.0,3528.0
int__tai50_15_08,2885,586,3087.0,3573.0
int__tai50_15_08,2885,587,3073.0,3524.0
int__tai50_15_08,2885,588,3152.0,3640.0
int__tai50_15_08,2885,589,3214.0,3663.0
int__tai50_15_08,2885,590,3023.0,3486.0
int__tai50_15_08,2885,591,3115.0,3594.0
int__tai50_15_08,2885,592,3096.0,3548.0
int__tai50_15_08,2885,593,3032.0,3489.0
int__tai50_15_08,2885,594,3094.0,3536.0
int__tai50_15_08,2885,595,3141.0,3579.0
int__tai50_15_08,2885,596,3055.0,3496.0
int__tai50_15_08,2885,597,3083.0,3554.0
int__tai50_15_08,2885,598,3086.0,3546.0
int__tai50_15_08,2885,599,3093.0,3555.0
int__tai50_15_08,2885,600,3077.0,3535.0
int__tai50_15_08,2885,601,3162.0,3647.0
int__tai50_15_08,2885,602,3149.0,3611.0
int__tai50_15_08,2885,603,3077.0,3552.0
int__tai50_15_08,2885,604,3122.0,3572.0
int__tai50_15_08,2885,605,3056.0,3519.0
int__tai50_15_08,2885,606,3005.0,3441.0
int__tai50_15_08,2885,607,3180.0,3637.0
int__tai50_15_08,2885,608,3176.0,3624.0
int__tai50_15_08,2885,609,3175.0,3674.0
int__tai50_15_08,2885,610,3070.0,3545.0
int__tai50_15_08,2885,611,3128.0,3609.0
int__tai50_15_08,2885,612,3162.0,3679.0
int__tai50_15_08,2885,613,3133.0,3603.0
int__tai50_15_08,2885,614,2992.0,3440.0
int__tai50_15_08,2885,615,3087.0,3579.0
int__tai50_15_08,2885,616,3082.0,3532.0
int__tai50_15_08,2885,617,3111.0,3583.0
int__tai50_15_08,2885,618,3111.0,3547.0
int__tai50_15_08,2885,619,3145.0,3610.0
int__tai50_15_08,2885,620,3068.0,3511.0
int__tai50_15_08,2885,621,3059.0,3484.0
int__tai50_15_08,2885,622,2996.0,3445.0
int__tai50_15_08,2885,623,2964.0,3437.0
int__tai50_15_08,2885,624,3169.0,3627.0
int__tai50_15_08,2885,625,3165.0,3662.0
int__tai50_15_08,2885,626,3075.0,3555.0
int__tai50_15_08,2885,627,3081.0,3524.0
int__tai50_15_08,2885,628,3113.0,3601.0
int__tai50_15_08,2885,629,3070.0,3574.0
int__tai50_15_08,2885,630,3032.0,3506.0
int__tai50_15_08,2885,631,3021.0,3458.0
int__tai50_15_08,2885,632,3075.0,3523.0
int__tai50_15_08,2885,633,3114.0,3590.0
int__tai50_15_08,2885,634,3208.0,3649.0
int__tai50_15_08,2885,635,3126.0,3607.0
int__tai50_15_08,2885,636,3047.0,3477.0
int__tai50_15_08,2885,637,3082.0,3574.0
int__tai50_15_08,2885,638,3137.0,3609.0
int__tai50_15_08,2885,639,3239.0,3754.0
int__tai50_15_08,2885,640,3074.0,3511.0
int__tai50_15_08,2885,641,3100.0,3575.0
int__tai50_15_08,2885,642,3018.0,3500.0
int__tai50_15_08,2885,643,3100.0,3591.0
int__tai50_15_08,2885,644,3133.0,3577.0
int__tai50_15_08,2885,645,3154.0,3643.0
int__tai50_15_08,2885,646,3058.0,3531.0
int__tai50_15_08,2885,647,3142.0,3616.0
int__tai50_15_08,2885,648,3130.0,3596.0
int__tai50_15_08,2885,649,3123.0,3545.0
int__tai50_15_08,2885,650,3080.0,3574.0
int__tai50_15_08,2885,651,3158.0,3598.0
int__tai50_15_08,2885,652,3122.0,3593.0
int__tai50_15_08,2885,653,3115.0,3580.0
int__tai50_15_08,2885,654,3127.0,3563.0
int__tai50_15_08,2885,655,3114.0,3582.0
int__tai50_15_08,2885,656,3138.0,3615.0
int__tai50_15_08,2885,657,3149.0,3642.0
int__tai50_15_08,2885,658,3084.0,3582.0
int__tai50_15_08,2885,659,3086.0,3558.0
int__tai50_15_08,2885,660,3067.0,3547.0
int__tai50_15_08,2885,661,3180.0,3621.0
int__tai50_15_08,2885,662,3145.0,3605.0
int__tai50_15_08,2885,663,3074.0,3554.0
int__tai50_15_08,2885,664,3080.0,3561.0
int__tai50_15_08,2885,665,3148.0,3619.0
int__tai50_15_08,2885,666,3173.0,3683.0
int__tai50_15_08,2885,667,3126.0,3576.0
int__tai50_15_08,2885,668,3093.0,3581.0
int__tai50_15_08,2885,669,3055.0,3491.0
int__tai50_15_08,2885,670,3074.0,3520.0
int__tai50_15_08,2885,671,3094.0,3595.0
int__tai50_15_08,2885,672,3160.0,3652.0
int__tai50_15_08,2885,673,3103.0,3551.0
int__tai50_15_08,2885,674,3044.0,3509.0
int__tai50_15_08,2885,675,3176.0,3631.0
int__tai50_15_08,2885,676,3194.0,3664.0
int__tai50_15_08,2885,677,3030.0,3487.0
int__tai50_15_08,2885,678,3073.0,3535.0
int__tai50_15_08,2885,679,3111.0,3596.0
int__tai50_15_08,2885,680,3132.0,3561.0
int__tai50_15_08,2885,681,3043.0,3505.0
int__tai50_15_08,2885,682,3055.0,3504.0
int__tai50_15_08,2885,683,3022.0,3456.0
int__tai50_15_08,2885,684,3011.0,3464.0
int__tai50_15_08,2885,685,3108.0,3577.0
int__tai50_15_08,2885,686,3060.0,3522.0
int__tai50_15_08,2885,687,2983.0,3456.0
int__tai50_15_08,2885,688,3061.0,3561.0
int__tai50_15_08,2885,689,3096.0,3558.0
int__tai50_15_08,2885,690,3130.0,3590.0
int__tai50_15_08,2885,691,3098.0,3568.0
int__tai50_15_08,2885,692,3099.0,3597.0
int__tai50_15_08,2885,693,3186.0,3681.0
int__tai50_15_08,2885,694,3104.0,3590.0
int__tai50_15_08,2885,695,3008.0,3456.0
int__tai50_15_08,2885,696,3143.0,3580.0
int__tai50_15_08,2885,697,3029.0,3484.0
int__tai50_15_08,2885,698,3136.0,3634.0
int__tai50_15_08,2885,699,3101.0,3577.0
int__tai50_15_08,2885,700,3105.0,3549.0
int__tai50_15_08,2885,701,3118.0,3584.0
int__tai50_15_08,2885,702,3073.0,3548.0
int__tai50_15_08,2885,703,3048.0,3500.0
int__tai50_15_08,2885,704,3226.0,3699.0
int__tai50_15_08,2885,705,3222.0,3720.0
int__tai50_15_08,2885,706,3025.0,3470.0
int__tai50_15_08,2885,707,3152.0,3605.0
int__tai50_15_08,2885,708,3234.0,3681.0
int__tai50_15_08,2885,709,3033.0,3514.0
int__tai50_15_08,2885,710,3080.0,3563.0
int__tai50_15_08,2885,711,3008.0,3475.0
int__tai50_15_08,2885,712,3156.0,3652.0
int__tai50_15_08,2885,713,3133.0,3573.0
int__tai50_15_08,2885,714,3082.0,3502.0
int__tai50_15_08,2885,715,3251.0,3718.0
int__tai50_15_08,2885,716,3202.0,3680.0
int__tai50_15_08,2885,717,3135.0,3585.0
int__tai50_15_08,2885,718,2984.0,3428.0
int__tai50_15_08,2885,719,3143.0,3627.0
int__tai50_15_08,2885,720,3148.0,3626.0
int__tai50_15_08,2885,721,3172.0,3630.0
int__tai50_15_08,2885,722,3235.0,3690.0
int__tai50_15_08,2885,723,3109.0,3560.0
int__tai50_15_08,2885,724,3030.0,3503.0
int__tai50_15_08,2885,725,3135.0,3527.0
int__tai50_15_08,2885,726,3124.0,3584.0
int__tai50_15_08,2885,727,3109.0,3558.0
int__tai50_15_08,2885,728,3161.0,3675.0
int__tai50_15_08,2885,729,3083.0,3548.0
int__tai50_15_08,2885,730,3075.0,3535.0
int__tai50_15_08,2885,731,3192.0,3705.0
int__tai50_15_08,2885,732,3127.0,3566.0
int__tai50_15_08,2885,733,3152.0,3633.0
int__tai50_15_08,2885,734,3154.0,3643.0
int__tai50_15_08,2885,735,3056.0,3516.0
int__tai50_15_08,2885,736,2989.0,3443.0
int__tai50_15_08,2885,737,3098.0,3579.0
int__tai50_15_08,2885,738,3058.0,3508.0
int__tai50_15_08,2885,739,3080.0,3552.0
int__tai50_15_08,2885,740,3077.0,3507.0
int__tai50_15_08,2885,741,3021.0,3469.0
int__tai50_15_08,2885,742,3172.0,3650.0
int__tai50_15_08,2885,743,3045.0,3494.0
int__tai50_15_08,2885,744,3173.0,3639.0
int__tai50_15_08,2885,745,3223.0,3698.0
int__tai50_15_08,2885,746,3169.0,3652.0
int__tai50_15_08,2885,747,3048.0,3484.0
int__tai50_15_08,2885,748,3027.0,3464.0
int__tai50_15_08,2885,749,3128.0,3624.0
int__tai50_15_08,2885,750,3118.0,3547.0
int__tai50_15_08,2885,751,3055.0,3504.0
int__tai50_15_08,2885,752,3122.0,3571.0
int__tai50_15_08,2885,753,3092.0,3549.0
int__tai50_15_08,2885,754,3135.0,3595.0
int__tai50_15_08,2885,755,3124.0,3584.0
int__tai50_15_08,2885,756,3094.0,3604.0
int__tai50_15_08,2885,757,3048.0,3521.0
int__tai50_15_08,2885,758,3092.0,3571.0
int__tai50_15_08,2885,759,3082.0,3522.0
int__tai50_15_08,2885,760,3102.0,3550.0
int__tai50_15_08,2885,761,3123.0,3585.0
int__tai50_15_08,2885,762,3150.0,3624.0
int__tai50_15_08,2885,763,3140.0,3630.0
int__tai50_15_08,2885,764,3046.0,3528.0
int__tai50_15_08,2885,765,3132.0,3614.0
int__tai50_15_08,2885,766,3120.0,3612.0
int__tai50_15_08,2885,767,3115.0,3563.0
int__tai50_15_08,2885,768,3102.0,3577.0
int__tai50_15_08,2885,769,3053.0,3516.0
int__tai50_15_08,2885,770,3208.0,3687.0
int__tai50_15_08,2885,771,3230.0,3740.0
int__tai50_15_08,2885,772,3096.0,3550.0
int__tai50_15_08,2885,773,3064.0,3509.0
int__tai50_15_08,2885,774,3267.0,3747.0
int__tai50_15_08,2885,775,3049.0,3516.0
int__tai50_15_08,2885,776,3069.0,3522.0
int__tai50_15_08,2885,777,3127.0,3581.0
int__tai50_15_08,2885,778,3136.0,3628.0
int__tai50_15_08,2885,779,3109.0,3551.0
int__tai50_15_08,2885,780,3252.0,3757.0
int__tai50_15_08,2885,781,3112.0,3553.0
int__tai50_15_08,2885,782,3072.0,3534.0
int__tai50_15_08,2885,783,3100.0,3580.0
int__tai50_15_08,2885,784,3131.0,3577.0
int__tai50_15_08,2885,785,3062.0,3553.0
int__tai50_15_08,2885,786,3110.0,3578.0
int__tai50_15_08,2885,787,3053.0,3484.0
int__tai50_15_08,2885,788,3064.0,3516.0
int__tai50_15_08,2885,789,3080.0,3536.0
int__tai50_15_08,2885,790,3089.0,3545.0
int__tai50_15_08,2885,791,3164.0,3635.0
int__tai50_15_08,2885,792,3091.0,3536.0
int__tai50_15_08,2885,793,3063.0,3541.0
int__tai50_15_08,2885,794,3128.0,3587.0
int__tai50_15_08,2885,795,3098.0,3538.0
int__tai50_15_08,2885,796,3068.0,3533.0
int__tai50_15_08,2885,797,3072.0,3530.0
int__tai50_15_08,2885,798,3079.0,3528.0
int__tai50_15_08,2885,799,3298.0,3776.0
int__tai50_15_08,2885,800,3109.0,3554.0
int__tai50_15_08,2885,801,3119.0,3559.0
int__tai50_15_08,2885,802,3153.0,3607.0
int__tai50_15_08,2885,803,3030.0,3449.0
int__tai50_15_08,2885,804,3063.0,3528.0
int__tai50_15_08,2885,805,3135.0,3616.0
int__tai50_15_08,2885,806,3115.0,3632.0
int__tai50_15_08,2885,807,3196.0,3657.0
int__tai50_15_08,2885,808,3116.0,3568.0
int__tai50_15_08,2885,809,3066.0,3560.0
int__tai50_15_08,2885,810,3083.0,3562.0
int__tai50_15_08,2885,811,3112.0,3559.0
int__tai50_15_08,2885,812,3037.0,3498.0
int__tai50_15_08,2885,813,3069.0,3528.0
int__tai50_15_08,2885,814,3101.0,3586.0
int__tai50_15_08,2885,815,3141.0,3589.0
int__tai50_15_08,2885,816,3042.0,3467.0
int__tai50_15_08,2885,817,3222.0,3687.0
int__tai50_15_08,2885,818,3257.0,3724.0
int__tai50_15_08,2885,819,3077.0,3524.0
int__tai50_15_08,2885,820,3258.0,3780.0
int__tai50_15_08,2885,821,3080.0,3526.0
int__tai50_15_08,2885,822,3050.0,3497.0
int__tai50_15_08,2885,823,3163.0,3618.0
int__tai50_15_08,2885,824,3215.0,3671.0
int__tai50_15_08,2885,825,3135.0,3609.0
int__tai50_15_08,2885,826,3119.0,3617.0
int__tai50_15_08,2885,827,3054.0,3531.0
int__tai50_15_08,2885,828,3109.0,3586.0
int__tai50_15_08,2885,829,3076.0,3544.0
int__tai50_15_08,2885,830,3038.0,3535.0
int__tai50_15_08,2885,831,3138.0,3580.0
int__tai50_15_08,2885,832,3119.0,3585.0
int__tai50_15_08,2885,833,3053.0,3503.0
int__tai50_15_08,2885,834,3027.0,3464.0
int__tai50_15_08,2885,835,3190.0,3634.0
int__tai50_15_08,2885,836,3019.0,3464.0
int__tai50_15_08,2885,837,3067.0,3524.0
int__tai50_15_08,2885,838,3110.0,3560.0
int__tai50_15_08,2885,839,3074.0,3510.0
int__tai50_15_08,2885,840,3109.0,3569.0
int__tai50_15_08,2885,841,3197.0,3688.0
int__tai50_15_08,2885,842,3155.0,3659.0
int__tai50_15_08,2885,843,3061.0,3532.0
int__tai50_15_08,2885,844,3108.0,3547.0
int__tai50_15_08,2885,845,3122.0,3627.0
int__tai50_15_08,2885,846,3152.0,3639.0
int__tai50_15_08,2885,847,3142.0,3607.0
int__tai50_15_08,2885,848,3184.0,3679.0
int__tai50_15_08,2885,849,3076.0,3527.0
int__tai50_15_08,2885,850,3136.0,3593.0
int__tai50_15_08,2885,851,3106.0,3593.0
int__tai50_15_08,2885,852,3079.0,3507.0
int__tai50_15_08,2885,853,3112.0,3602.0
int__tai50_15_08,2885,854,3147.0,3617.0
int__tai50_15_08,2885,855,3244.0,3751.0
int__tai50_15_08,2885,856,3033.0,3484.0
int__tai50_15_08,2885,857,3117.0,3600.0
int__tai50_15_08,2885,858,3159.0,3637.0
int__tai50_15_08,2885,859,3100.0,3547.0
int__tai50_15_08,2885,860,3057.0,3525.0
int__tai50_15_08,2885,861,3137.0,3595.0
int__tai50_15_08,2885,862,3077.0,3553.0
int__tai50_15_08,2885,863,3129.0,3587.0
int__tai50_15_08,2885,864,3014.0,3470.0
int__tai50_15_08,2885,865,2982.0,3444.0
int__tai50_15_08,2885,866,3184.0,3653.0
int__tai50_15_08,2885,867,3261.0,3744.0
int__tai50_15_08,2885,868,3164.0,3630.0
int__tai50_15_08,2885,869,3032.0,3482.0
int__tai50_15_08,2885,870,3034.0,3491.0
int__tai50_15_08,2885,871,3144.0,3614.0
int__tai50_15_08,2885,872,3213.0,3679.0
int__tai50_15_08,2885,873,3108.0,3566.0
int__tai50_15_08,2885,874,3062.0,3509.0
int__tai50_15_08,2885,875,3035.0,3489.0
int__tai50_15_08,2885,876,3161.0,3611.0
int__tai50_15_08,2885,877,3080.0,3567.0
int__tai50_15_08,2885,878,3073.0,3543.0
int__tai50_15_08,2885,879,3064.0,3501.0
int__tai50_15_08,2885,880,3108.0,3591.0
int__tai50_15_08,2885,881,3089.0,3538.0
int__tai50_15_08,2885,882,3102.0,3559.0
int__tai50_15_08,2885,883,3080.0,3561.0
int__tai50_15_08,2885,884,3156.0,3635.0
int__tai50_15_08,2885,885,3093.0,3551.0
int__tai50_15_08,2885,886,2984.0,3462.0
int__tai50_15_08,2885,887,3143.0,3593.0
int__tai50_15_08,2885,888,3164.0,3640.0
int__tai50_15_08,2885,889,3125.0,3598.0
int__tai50_15_08,2885,890,3053.0,3514.0
int__tai50_15_08,2885,891,3083.0,3565.0
int__tai50_15_08,2885,892,3075.0,3498.0
int__tai50_15_08,2885,893,3042.0,3487.0
int__tai50_15_08,2885,894,3073.0,3516.0
int__tai50_15_08,2885,895,3084.0,3530.0
int__tai50_15_08,2885,896,3198.0,3652.0
int__tai50_15_08,2885,897,3107.0,3611.0
int__tai50_15_08,2885,898,3116.0,3585.0
int__tai50_15_08,2885,899,3154.0,3650.0
int__tai50_15_08,2885,900,3129.0,3601.0
int__tai50_15_08,2885,901,3061.0,3533.0
int__tai50_15_08,2885,902,3167.0,3631.0
int__tai50_15_08,2885,903,3096.0,3589.0
int__tai50_15_08,2885,904,3193.0,3648.0
int__tai50_15_08,2885,905,3095.0,3558.0
int__tai50_15_08,2885,906,3020.0,3453.0
int__tai50_15_08,2885,907,3113.0,3585.0
int__tai50_15_08,2885,908,3169.0,3651.0
int__tai50_15_08,2885,909,3120.0,3599.0
int__tai50_15_08,2885,910,3110.0,3606.0
int__tai50_15_08,2885,911,3092.0,3541.0
int__tai50_15_08,2885,912,3044.0,3459.0
int__tai50_15_08,2885,913,3104.0,3552.0
int__tai50_15_08,2885,914,3048.0,3495.0
int__tai50_15_08,2885,915,3075.0,3563.0
int__tai50_15_08,2885,916,3115.0,3554.0
int__tai50_15_08,2885,917,3152.0,3596.0
int__tai50_15_08,2885,918,3066.0,3491.0
int__tai50_15_08,2885,919,3093.0,3577.0
int__tai50_15_08,2885,920,3006.0,3463.0
int__tai50_15_08,2885,921,3055.0,3530.0
int__tai50_15_08,2885,922,3014.0,3501.0
int__tai50_15_08,2885,923,3120.0,3586.0
int__tai50_15_08,2885,924,3209.0,3671.0
int__tai50_15_08,2885,925,3156.0,3634.0
int__tai50_15_08,2885,926,3051.0,3486.0
int__tai50_15_08,2885,927,3127.0,3620.0
int__tai50_15_08,2885,928,3029.0,3499.0
int__tai50_15_08,2885,929,3182.0,3676.0
int__tai50_15_08,2885,930,3070.0,3559.0
int__tai50_15_08,2885,931,3214.0,3650.0
int__tai50_15_08,2885,932,2960.0,3366.0
int__tai50_15_08,2885,933,3018.0,3466.0
int__tai50_15_08,2885,934,3016.0,3460.0
int__tai50_15_08,2885,935,3131.0,3595.0
int__tai50_15_08,2885,936,3153.0,3621.0
int__tai50_15_08,2885,937,3185.0,3634.0
int__tai50_15_08,2885,938,3085.0,3561.0
int__tai50_15_08,2885,939,3029.0,3451.0
int__tai50_15_08,2885,940,3153.0,3601.0
int__tai50_15_08,2885,941,2965.0,3413.0
int__tai50_15_08,2885,942,3158.0,3628.0
int__tai50_15_08,2885,943,3151.0,3639.0
int__tai50_15_08,2885,944,3082.0,3563.0
int__tai50_15_08,2885,945,3055.0,3488.0
int__tai50_15_08,2885,946,3150.0,3601.0
int__tai50_15_08,2885,947,3123.0,3559.0
int__tai50_15_08,2885,948,3035.0,3491.0
int__tai50_15_08,2885,949,3118.0,3578.0
int__tai50_15_08,2885,950,3164.0,3607.0
int__tai50_15_08,2885,951,3086.0,3551.0
int__tai50_15_08,2885,952,3057.0,3511.0
int__tai50_15_08,2885,953,3102.0,3547.0
int__tai50_15_08,2885,954,3043.0,3470.0
int__tai50_15_08,2885,955,3044.0,3529.0
int__tai50_15_08,2885,956,3081.0,3575.0
int__tai50_15_08,2885,957,3033.0,3505.0
int__tai50_15_08,2885,958,3029.0,3498.0
int__tai50_15_08,2885,959,3057.0,3505.0
int__tai50_15_08,2885,960,3129.0,3591.0
int__tai50_15_08,2885,961,3024.0,3476.0
int__tai50_15_08,2885,962,3204.0,3695.0
int__tai50_15_08,2885,963,3081.0,3503.0
int__tai50_15_08,2885,964,3130.0,3598.0
int__tai50_15_08,2885,965,3180.0,3648.0
int__tai50_15_08,2885,966,3160.0,3609.0
int__tai50_15_08,2885,967,3249.0,3725.0
int__tai50_15_08,2885,968,2937.0,3367.0
int__tai50_15_08,2885,969,3128.0,3616.0
int__tai50_15_08,2885,970,3176.0,3629.0
int__tai50_15_08,2885,971,3089.0,3537.0
int__tai50_15_08,2885,972,3047.0,3514.0
int__tai50_15_08,2885,973,3004.0,3467.0
int__tai50_15_08,2885,974,3121.0,3605.0
int__tai50_15_08,2885,975,3107.0,3592.0
int__tai50_15_08,2885,976,3215.0,3667.0
int__tai50_15_08,2885,977,3134.0,3586.0
int__tai50_15_08,2885,978,3099.0,3567.0
int__tai50_15_08,2885,979,3103.0,3545.0
int__tai50_15_08,2885,980,3103.0,3581.0
int__tai50_15_08,2885,981,3240.0,3700.0
int__tai50_15_08,2885,982,3070.0,3534.0
int__tai50_15_08,2885,983,3032.0,3449.0
int__tai50_15_08,2885,984,3144.0,3607.0
int__tai50_15_08,2885,985,3166.0,3662.0
int__tai50_15_08,2885,986,3025.0,3501.0
int__tai50_15_08,2885,987,3069.0,3516.0
int__tai50_15_08,2885,988,3069.0,3502.0
int__tai50_15_08,2885,989,3155.0,3658.0
int__tai50_15_08,2885,990,3147.0,3643.0
int__tai50_15_08,2885,991,3043.0,3516.0
int__tai50_15_08,2885,992,3062.0,3486.0
int__tai50_15_08,2885,993,3059.0,3533.0
int__tai50_15_08,2885,994,3068.0,3532.0
int__tai50_15_08,2885,995,3069.0,3519.0
int__tai50_15_08,2885,996,3195.0,3681.0
int__tai50_15_08,2885,997,3157.0,3593.0
int__tai50_15_08,2885,998,3071.0,3535.0
int__tai50_15_08,2885,999,3114.0,3585.0
int__tai50_15_08,2885,1000,3077.0,3556.0
int__tai50_15_08,2885,1001,3141.0,3610.0
int__tai50_15_08,2885,1002,3138.0,3627.0
int__tai50_15_08,2885,1003,3074.0,3531.0
int__tai50_15_08,2885,1004,3264.0,3734.0
int__tai50_15_08,2885,1005,3096.0,3560.0
int__tai50_15_08,2885,1006,3006.0,3483.0
int__tai50_15_08,2885,1007,3217.0,3661.0
int__tai50_15_08,2885,1008,3091.0,3531.0
int__tai50_15_08,2885,1009,3092.0,3588.0
int__tai50_15_08,2885,1010,3001.0,3471.0
int__tai50_15_08,2885,1011,3172.0,3661.0
int__tai50_15_08,2885,1012,3076.0,3508.0
int__tai50_15_08,2885,1013,3089.0,3558.0
int__tai50_15_08,2885,1014,3148.0,3634.0
int__tai50_15_08,2885,1015,3061.0,3521.0
int__tai50_15_08,2885,1016,3191.0,3673.0
int__tai50_15_08,2885,1017,3040.0,3528.0
int__tai50_15_08,2885,1018,3018.0,3478.0
int__tai50_15_08,2885,1019,3159.0,3588.0
int__tai50_15_08,2885,1020,3054.0,3496.0
int__tai50_15_08,2885,1021,3174.0,3607.0
int__tai50_15_08,2885,1022,3138.0,3618.0
int__tai50_15_08,2885,1023,3085.0,3544.0
int__tai50_20_04,2702,0,2856.0,3205.0
int__tai50_20_04,2702,1,2884.0,3298.0
int__tai50_20_04,2702,2,3002.0,3391.0
int__tai50_20_04,2702,3,2976.0,3328.0
int__tai50_20_04,2702,4,2961.0,3376.0
int__tai50_20_04,2702,5,2894.0,3276.0
int__tai50_20_04,2702,6,2926.0,3331.0
int__tai50_20_04,2702,7,2940.0,3293.0
int__tai50_20_04,2702,8,2895.0,3276.0
int__tai50_20_04,2702,9,2895.0,3272.0
int__tai50_20_04,2702,10,2974.0,3373.0
int__tai50_20_04,2702,11,3001.0,3428.0
int__tai50_20_04,2702,12,2893.0,3255.0
int__tai50_20_04,2702,13,2946.0,3325.0
int__tai50_20_04,2702,14,2957.0,3338.0
int__tai50_20_04,2702,15,2997.0,3403.0
int__tai50_20_04,2702,16,2878.0,3234.0
int__tai50_20_04,2702,17,2980.0,3350.0
int__tai50_20_04,2702,18,3030.0,3408.0
int__tai50_20_04,2702,19,2926.0,3304.0
int__tai50_20_04,2702,20,3046.0,3499.0
int__tai50_20_04,2702,21,2905.0,3275.0
int__tai50_20_04,2702,22,2916.0,3357.0
int__tai50_20_04,2702,23,2928.0,3328.0
int__tai50_20_04,2702,24,2983.0,3358.0
int__tai50_20_04,2702,25,2855.0,3259.0
int__tai50_20_04,2702,26,2815.0,3200.0
int__tai50_20_04,2702,27,2930.0,3322.0
int__tai50_20_04,2702,28,2919.0,3381.0
int__tai50_20_04,2702,29,2952.0,3328.0
int__tai50_20_04,2702,30,2878.0,3292.0
int__tai50_20_04,2702,31,2939.0,3304.0
int__tai50_20_04,2702,32,2854.0,3228.0
int__tai50_20_04,2702,33,2879.0,3256.0
int__tai50_20_04,2702,34,2978.0,3393.0
int__tai50_20_04,2702,35,2927.0,3319.0
int__tai50_20_04,2702,36,2914.0,3304.0
int__tai50_20_04,2702,37,2859.0,3247.0
int__tai50_20_04,2702,38,2915.0,3308.0
int__tai50_20_04,2702,39,2909.0,3272.0
int__tai50_20_04,2702,40,3008.0,3446.0
int__tai50_20_04,2702,41,2824.0,3218.0
int__tai50_20_04,2702,42,2923.0,3306.0
int__tai50_20_04,2702,43,2890.0,3288.0
int__tai50_20_04,2702,44,2934.0,3313.0
int__tai50_20_04,2702,45,3098.0,3516.0
int__tai50_20_04,2702,46,3005.0,3358.0
int__tai50_20_04,2702,47,2933.0,3302.0
int__tai50_20_04,2702,48,2998.0,3374.0
int__tai50_20_04,2702,49,2956.0,3348.0
int__tai50_20_04,2702,50,2967.0,3293.0
int__tai50_20_04,2702,51,2960.0,3347.0
int__tai50_20_04,2702,52,2854.0,3274.0
int__tai50_20_04,2702,53,3000.0,3419.0
int__tai50_20_04,2702,54,2996.0,3356.0
int__tai50_20_04,2702,55,2854.0,3257.0
int__tai50_20_04,2702,56,2907.0,3286.0
int__tai50_20_04,2702,57,2922.0,3296.0
int__tai50_20_04,2702,58,2984.0,3382.0
int__tai50_20_04,2702,59,3024.0,3461.0
int__tai50_20_04,2702,60,2921.0,3309.0
int__tai50_20_04,2702,61,3043.0,3509.0
int__tai50_20_04,2702,62,3055.0,3452.0
int__tai50_20_04,2702,63,3018.0,3365.0
int__tai50_20_04,2702,64,2943.0,3380.0
int__tai50_20_04,2702,65,2976.0,3442.0
int__tai50_20_04,2702,66,2990.0,3387.0
int__tai50_20_04,2702,67,2895.0,3295.0
int__tai50_20_04,2702,68,2900.0,3268.0
int__tai50_20_04,2702,69,2924.0,3329.0
int__tai50_20_04,2702,70,2894.0,3262.0
int__tai50_20_04,2702,71,2969.0,3381.0
int__tai50_20_04,2702,72,2907.0,3298.0
int__tai50_20_04,2702,73,2962.0,3317.0
int__tai50_20_04,2702,74,2907.0,3320.0
int__tai50_20_04,2702,75,2934.0,3389.0
int__tai50_20_04,2702,76,2979.0,3401.0
int__tai50_20_04,2702,77,2976.0,3425.0
int__tai50_20_04,2702,78,2958.0,3328.0
int__tai50_20_04,2702,79,2933.0,3333.0
int__tai50_20_04,2702,80,2957.0,3395.0
int__tai50_20_04,2702,81,2883.0,3272.0
int__tai50_20_04,2702,82,2959.0,3316.0
int__tai50_20_04,2702,83,2901.0,3321.0
int__tai50_20_04,2702,84,2984.0,3390.0
int__tai50_20_04,2702,85,2968.0,3336.0
int__tai50_20_04,2702,86,2967.0,3368.0
int__tai50_20_04,2702,87,2919.0,3283.0
int__tai50_20_04,2702,88,2883.0,3272.0
int__tai50_20_04,2702,89,3005.0,3459.0
int__tai50_20_04,2702,90,2875.0,3270.0
int__tai50_20_04,2702,91,2882.0,3272.0
int__tai50_20_04,2702,92,2931.0,3344.0
int__tai50_20_04,2702,93,2942.0,3357.0
int__tai50_20_04,2702,94,2926.0,3296.0
int__tai50_20_04,2702,95,2912.0,3255.0
int__tai50_20_04,2702,96,2881.0,3272.0
int__tai50_20_04,2702,97,2956.0,3384.0
int__tai50_20_04,2702,98,2997.0,3354.0
int__tai50_20_04,2702,99,2955.0,3314.0
int__tai50_20_04,2702,100,2953.0,3316.0
int__tai50_20_04,2702,101,2924.0,3265.0
int__tai50_20_04,2702,102,2970.0,3345.0
int__tai50_20_04,2702,103,2940.0,3365.0
int__tai50_20_04,2702,104,2827.0,3207.0
int__tai50_20_04,2702,105,2966.0,3375.0
int__tai50_20_04,2702,106,2920.0,3318.0
int__tai50_20_04,2702,107,2955.0,3294.0
int__tai50_20_04,2702,108,3005.0,3383.0
int__tai50_20_04,2702,109,2885.0,3289.0
int__tai50_20_04,2702,110,2933.0,3327.0
int__tai50_20_04,2702,111,3097.0,3500.0
int__tai50_20_04,2702,112,2903.0,3249.0
int__tai50_20_04,2702,113,3058.0,3451.0
int__tai50_20_04,2702,114,2895.0,3309.0
int__tai50_20_04,2702,115,2974.0,3442.0
int__tai50_20_04,2702,116,2943.0,3307.0
int__tai50_20_04,2702,117,2917.0,3319.0
int__tai50_20_04,2702,118,2906.0,3265.0
int__tai50_20_04,2702,119,2999.0,3351.0
int__tai50_20_04,2702,120,3020.0,3422.0
int__tai50_20_04,2702,121,3135.0,3536.0
int__tai50_20_04,2702,122,2938.0,3306.0
int__tai50_20_04,2702,123,2926.0,3308.0
int__tai50_20_04,2702,124,2964.0,3367.0
int__tai50_20_04,2702,125,2897.0,3288.0
int__tai50_20_04,2702,126,2917.0,3299.0
int__tai50_20_04,2702,127,2837.0,3207.0
int__tai50_20_04,2702,128,2893.0,3308.0
int__tai50_20_04,2702,129,2908.0,3300.0
int__tai50_20_04,2702,130,3000.0,3354.0
int__tai50_20_04,2702,131,2852.0,3246.0
int__tai50_20_04,2702,132,2881.0,3277.0
int__tai50_20_04,2702,133,2902.0,3335.0
int__tai50_20_04,2702,134,2986.0,3419.0
int__tai50_20_04,2702,135,2922.0,3346.0
int__tai50_20_04,2702,136,2914.0,3319.0
int__tai50_20_04,2702,137,2965.0,3345.0
int__tai50_20_04,2702,138,2920.0,3293.0
int__tai50_20_04,2702,139,3005.0,3429.0
int__tai50_20_04,2702,140,2904.0,3285.0
int__tai50_20_04,2702,141,2931.0,3361.0
int__tai50_20_04,2702,142,2819.0,3229.0
int__tai50_20_04,2702,143,3047.0,3439.0
int__tai50_20_04,2702,144,2858.0,3247.0
int__tai50_20_04,2702,145,2928.0,3339.0
int__tai50_20_04,2702,146,2935.0,3310.0
int__tai50_20_04,2702,147,2906.0,3289.0
int__tai50_20_04,2702,148,2914.0,3266.0
int__tai50_20_04,2702,149,2828.0,3230.0
int__tai50_20_04,2702,150,2950.0,3384.0
int__tai50_20_04,2702,151,2999.0,3371.0
int__tai50_20_04,2702,152,2933.0,3301.0
int__tai50_20_04,2702,153,2882.0,3239.0
int__tai50_20_04,2702,154,2830.0,3230.0
int__tai50_20_04,2702,155,3031.0,3447.0
int__tai50_20_04,2702,156,2963.0,3353.0
int__tai50_20_04,2702,157,2961.0,3393.0
int__tai50_20_04,2702,158,2925.0,3311.0
int__tai50_20_04,2702,159,2914.0,3347.0
int__tai50_20_04,2702,160,2885.0,3278.0
int__tai50_20_04,2702,161,2955.0,3369.0
int__tai50_20_04,2702,162,2933.0,3283.0
int__tai50_20_04,2702,163,2867.0,3265.0
int__tai50_20_04,2702,164,2995.0,3394.0
int__tai50_20_04,2702,165,2906.0,3319.0
int__tai50_20_04,2702,166,2933.0,3352.0
int__tai50_20_04,2702,167,2933.0,3320.0
int__tai50_20_04,2702,168,2848.0,3225.0
int__tai50_20_04,2702,169,2887.0,3290.0
int__tai50_20_04,2702,170,2938.0,3333.0
int__tai50_20_04,2702,171,2928.0,3303.0
int__tai50_20_04,2702,172,2932.0,3341.0
int__tai50_20_04,2702,173,2898.0,3304.0
int__tai50_20_04,2702,174,2921.0,3314.0
int__tai50_20_04,2702,175,2944.0,3369.0
int__tai50_20_04,2702,176,2885.0,3293.0
int__tai50_20_04,2702,177,2896.0,3298.0
int__tai50_20_04,2702,178,2982.0,3404.0
int__tai50_20_04,2702,179,2888.0,3279.0
int__tai50_20_04,2702,180,2963.0,3365.0
int__tai50_20_04,2702,181,2918.0,3285.0
int__tai50_20_04,2702,182,2910.0,3310.0
int__tai50_20_04,2702,183,2924.0,3322.0
int__tai50_20_04,2702,184,2860.0,3257.0
int__tai50_20_04,2702,185,3000.0,3388.0
int__tai50_20_04,2702,186,2898.0,3277.0
int__tai50_20_04,2702,187,2971.0,3408.0
int__tai50_20_04,2702,188,2885.0,3274.0
int__tai50_20_04,2702,189,2860.0,3245.0
int__tai50_20_04,2702,190,2926.0,3324.0
int__tai50_20_04,2702,191,2961.0,3416.0
int__tai50_20_04,2702,192,2977.0,3398.0
int__tai50_20_04,2702,193,3027.0,3400.0
int__tai50_20_04,2702,194,2884.0,3290.0
int__tai50_20_04,2702,195,2967.0,3375.0
int__tai50_20_04,2702,196,2895.0,3307.0
int__tai50_20_04,2702,197,2956.0,3368.0
int__tai50_20_04,2702,198,2993.0,3399.0
int__tai50_20_04,2702,199,2859.0,3309.0
int__tai50_20_04,2702,200,2999.0,3368.0
int__tai50_20_04,2702,201,3029.0,3459.0
int__tai50_20_04,2702,202,2949.0,3360.0
int__tai50_20_04,2702,203,2895.0,3311.0
int__tai50_20_04,2702,204,2961.0,3365.0
int__tai50_20_04,2702,205,2892.0,3268.0
int__tai50_20_04,2702,206,2956.0,3318.0
int__tai50_20_04,2702,207,2946.0,3365.0
int__tai50_20_04,2702,208,3055.0,3419.0
int__tai50_20_04,2702,209,2926.0,3313.0
int__tai50_20_04,2702,210,2910.0,3310.0
int__tai50_20_04,2702,211,2874.0,3283.0
int__tai50_20_04,2702,212,2935.0,3289.0
int__tai50_20_04,2702,213,2986.0,3377.0
int__tai50_20_04,2702,214,2894.0,3224.0
int__tai50_20_04,2702,215,2996.0,3359.0
int__tai50_20_04,2702,216,2896.0,3293.0
int__tai50_20_04,2702,217,2948.0,3351.0
int__tai50_20_04,2702,218,2856.0,3234.0
int__tai50_20_04,2702,219,2922.0,3302.0
int__tai50_20_04,2702,220,2914.0,3300.0
int__tai50_20_04,2702,221,2914.0,3362.0
int__tai50_20_04,2702,222,2935.0,3361.0
int__tai50_20_04,2702,223,2959.0,3324.0
int__tai50_20_04,2702,224,2860.0,3232.0
int__tai50_20_04,2702,225,2925.0,3313.0
int__tai50_20_04,2702,226,2996.0,3384.0
int__tai50_20_04,2702,227,2960.0,3348.0
int__tai50_20_04,2702,228,2963.0,3379.0
int__tai50_20_04,2702,229,2945.0,3327.0
int__tai50_20_04,2702,230,2972.0,3365.0
int__tai50_20_04,2702,231,2986.0,3392.0
int__tai50_20_04,2702,232,2958.0,3394.0
int__tai50_20_04,2702,233,2921.0,3366.0
int__tai50_20_04,2702,234,2990.0,3374.0
int__tai50_20_04,2702,235,2956.0,3369.0
int__tai50_20_04,2702,236,2905.0,3304.0
int__tai50_20_04,2702,237,2925.0,3308.0
int__tai50_20_04,2702,238,2871.0,3261.0
int__tai50_20_04,2702,239,3040.0,3468.0
int__tai50_20_04,2702,240,2847.0,3251.0
int__tai50_20_04,2702,241,2992.0,3358.0
int__tai50_20_04,2702,242,2920.0,3329.0
int__tai50_20_04,2702,243,2949.0,3378.0
int__tai50_20_04,2702,244,3033.0,3435.0
int__tai50_20_04,2702,245,2922.0,3282.0
int__tai50_20_04,2702,246,2971.0,3359.0
int__tai50_20_04,2702,247,2882.0,3257.0
int__tai50_20_04,2702,248,2962.0,3332.0
int__tai50_20_04,2702,249,2927.0,3311.0
int__tai50_20_04,2702,250,2913.0,3309.0
int__tai50_20_04,2702,251,2917.0,3297.0
int__tai50_20_04,2702,252,2937.0,3384.0
int__tai50_20_04,2702,253,2973.0,3349.0
int__tai50_20_04,2702,254,2884.0,3268.0
int__tai50_20_04,2702,255,2881.0,3283.0
int__tai50_20_04,2702,256,2968.0,3352.0
int__tai50_20_04,2702,257,2909.0,3312.0
int__tai50_20_04,2702,258,3067.0,3464.0
int__tai50_20_04,2702,259,2852.0,3261.0
int__tai50_20_04,2702,260,2942.0,3309.0
int__tai50_20_04,2702,261,2863.0,3258.0
int__tai50_20_04,2702,262,2821.0,3200.0
int__tai50_20_04,2702,263,2867.0,3223.0
int__tai50_20_04,2702,264,2901.0,3323.0
int__tai50_20_04,2702,265,2873.0,3263.0
int__tai50_20_04,2702,266,2942.0,3346.0
int__tai50_20_04,2702,267,2892.0,3255.0
int__tai50_20_04,2702,268,2878.0,3267.0
int__tai50_20_04,2702,269,2888.0,3277.0
int__tai50_20_04,2702,270,2930.0,3322.0
int__tai50_20_04,2702,271,2898.0,3279.0
int__tai50_20_04,2702,272,3046.0,3485.0
int__tai50_20_04,2702,273,2935.0,3351.0
int__tai50_20_04,2702,274,2855.0,3223.0
int__tai50_20_04,2702,275,2917.0,3299.0
int__tai50_20_04,2702,276,2925.0,3272.0
int__tai50_20_04,2702,277,3010.0,3398.0
int__tai50_20_04,2702,278,2892.0,3313.0
int__tai50_20_04,2702,279,3040.0,3410.0
int__tai50_20_04,2702,280,2874.0,3225.0
int__tai50_20_04,2702,281,2929.0,3324.0
int__tai50_20_04,2702,282,2930.0,3306.0
int__tai50_20_04,2702,283,3005.0,3442.0
int__tai50_20_04,2702,284,2957.0,3429.0
int__tai50_20_04,2702,285,2958.0,3333.0
int__tai50_20_04,2702,286,2949.0,3296.0
int__tai50_20_04,2702,287,2914.0,3336.0
int__tai50_20_04,2702,288,2939.0,3361.0
int__tai50_20_04,2702,289,2941.0,3336.0
int__tai50_20_04,2702,290,2890.0,3282.0
int__tai50_20_04,2702,291,2964.0,3350.0
int__tai50_20_04,2702,292,2937.0,3329.0
int__tai50_20_04,2702,293,2900.0,3293.0
int__tai50_20_04,2702,294,3056.0,3460.0
int__tai50_20_04,2702,295,2871.0,3249.0
int__tai50_20_04,2702,296,3019.0,3399.0
int__tai50_20_04,2702,297,2977.0,3413.0
int__tai50_20_04,2702,298,2911.0,3294.0
int__tai50_20_04,2702,299,2895.0,3306.0
int__tai50_20_04,2702,300,2993.0,3411.0
int__tai50_20_04,2702,301,2951.0,3362.0
int__tai50_20_04,2702,302,2873.0,3269.0
int__tai50_20_04,2702,303,2931.0,3335.0
int__tai50_20_04,2702,304,2823.0,3226.0
int__tai50_20_04,2702,305,2924.0,3353.0
int__tai50_20_04,2702,306,2956.0,3314.0
int__tai50_20_04,2702,307,3001.0,3458.0
int__tai50_20_04,2702,308,2953.0,3390.0
int__tai50_20_04,2702,309,2840.0,3271.0
int__tai50_20_04,2702,310,2957.0,3362.0
int__tai50_20_04,2702,311,2901.0,3316.0
int__tai50_20_04,2702,312,3010.0,3401.0
int__tai50_20_04,2702,313,2881.0,3272.0
int__tai50_20_04,2702,314,2935.0,3307.0
int__tai50_20_04,2702,315,2843.0,3233.0
int__tai50_20_04,2702,316,2958.0,3319.0
int__tai50_20_04,2702,317,2948.0,3280.0
int__tai50_20_04,2702,318,2800.0,3189.0
int__tai50_20_04,2702,319,2895.0,3290.0
int__tai50_20_04,2702,320,2897.0,3318.0
int__tai50_20_04,2702,321,3023.0,3448.0
int__tai50_20_04,2702,322,2856.0,3208.0
int__tai50_20_04,2702,323,2917.0,3279.0
int__tai50_20_04,2702,324,2951.0,3294.0
int__tai50_20_04,2702,325,3002.0,3369.0
int__tai50_20_04,2702,326,2902.0,3281.0
int__tai50_20_04,2702,327,3086.0,3466.0
int__tai50_20_04,2702,328,2965.0,3318.0
int__tai50_20_04,2702,329,2930.0,3318.0
int__tai50_20_04,2702,330,2946.0,3306.0
int__tai50_20_04,2702,331,2928.0,3316.0
int__tai50_20_04,2702,332,2966.0,3352.0
int__tai50_20_04,2702,333,2923.0,3312.0
int__tai50_20_04,2702,334,2937.0,3325.0
int__tai50_20_04,2702,335,2859.0,3233.0
int__tai50_20_04,2702,336,2929.0,3302.0
int__tai50_20_04,2702,337,2888.0,3225.0
int__tai50_20_04,2702,338,2942.0,3364.0
int__tai50_20_04,2702,339,2928.0,3296.0
int__tai50_20_04,2702,340,2937.0,3338.0
int__tai50_20_04,2702,341,2987.0,3337.0
int__tai50_20_04,2702,342,3024.0,3435.0
int__tai50_20_04,2702,343,2975.0,3424.0
int__tai50_20_04,2702,344,2968.0,3360.0
int__tai50_20_04,2702,345,2911.0,3317.0
int__tai50_20_04,2702,346,2820.0,3200.0
int__tai50_20_04,2702,347,2929.0,3325.0
int__tai50_20_04,2702,348,2931.0,3355.0
int__tai50_20_04,2702,349,3033.0,3438.0
int__tai50_20_04,2702,350,2840.0,3237.0
int__tai50_20_04,2702,351,2924.0,3352.0
int__tai50_20_04,2702,352,2998.0,3430.0
int__tai50_20_04,2702,353,3109.0,3551.0
int__tai50_20_04,2702,354,2867.0,3250.0
int__tai50_20_04,2702,355,2889.0,3272.0
int__tai50_20_04,2702,356,2960.0,3338.0
int__tai50_20_04,2702,357,2909.0,3267.0
int__tai50_20_04,2702,358,2884.0,3282.0
int__tai50_20_04,2702,359,2891.0,3315.0
int__tai50_20_04,2702,360,2969.0,3379.0
int__tai50_20_04,2702,361,2945.0,3353.0
int__tai50_20_04,2702,362,2924.0,3290.0
int__tai50_20_04,2702,363,2884.0,3258.0
int__tai50_20_04,2702,364,2978.0,3369.0
int__tai50_20_04,2702,365,2863.0,3277.0
int__tai50_20_04,2702,366,2949.0,3409.0
int__tai50_20_04,2702,367,2868.0,3279.0
int__tai50_20_04,2702,368,2856.0,3239.0
int__tai50_20_04,2702,369,2907.0,3326.0
int__tai50_20_04,2702,370,2844.0,3220.0
int__tai50_20_04,2702,371,2936.0,3322.0
int__tai50_20_04,2702,372,2911.0,3282.0
int__tai50_20_04,2702,373,2886.0,3274.0
int__tai50_20_04,2702,374,2949.0,3315.0
int__tai50_20_04,2702,375,2900.0,3288.0
int__tai50_20_04,2702,376,2920.0,3350.0
int__tai50_20_04,2702,377,3039.0,3429.0
int__tai50_20_04,2702,378,3088.0,3530.0
int__tai50_20_04,2702,379,2908.0,3311.0
int__tai50_20_04,2702,380,2998.0,3405.0
int__tai50_20_04,2702,381,3048.0,3459.0
int__tai50_20_04,2702,382,2935.0,3345.0
int__tai50_20_04,2702,383,2978.0,3351.0
int__tai50_20_04,2702,384,2976.0,3378.0
int__tai50_20_04,2702,385,2909.0,3328.0
int__tai50_20_04,2702,386,2950.0,3325.0
int__tai50_20_04,2702,387,2982.0,3390.0
int__tai50_20_04,2702,388,2971.0,3381.0
int__tai50_20_04,2702,389,2980.0,3386.0
int__tai50_20_04,2702,390,3020.0,3367.0
int__tai50_20_04,2702,391,2956.0,3332.0
int__tai50_20_04,2702,392,2922.0,3350.0
int__tai50_20_04,2702,393,2928.0,3316.0
int__tai50_20_04,2702,394,2955.0,3336.0
int__tai50_20_04,2702,395,3052.0,3438.0
int__tai50_20_04,2702,396,3044.0,3489.0
int__tai50_20_04,2702,397,2948.0,3320.0
int__tai50_20_04,2702,398,2972.0,3364.0
int__tai50_20_04,2702,399,2934.0,3337.0
int__tai50_20_04,2702,400,2895.0,3320.0
int__tai50_20_04,2702,401,3028.0,3435.0
int__tai50_20_04,2702,402,2949.0,3348.0
int__tai50_20_04,2702,403,2903.0,3322.0
int__tai50_20_04,2702,404,2884.0,3283.0
int__tai50_20_04,2702,405,3017.0,3379.0
int__tai50_20_04,2702,406,2861.0,3230.0
int__tai50_20_04,2702,407,2948.0,3348.0
int__tai50_20_04,2702,408,2950.0,3349.0
int__tai50_20_04,2702,409,2883.0,3270.0
int__tai50_20_04,2702,410,2909.0,3350.0
int__tai50_20_04,2702,411,2928.0,3298.0
int__tai50_20_04,2702,412,2948.0,3358.0
int__tai50_20_04,2702,413,2883.0,3289.0
int__tai50_20_04,2702,414,2851.0,3284.0
int__tai50_20_04,2702,415,2854.0,3233.0
int__tai50_20_04,2702,416,2886.0,3253.0
int__tai50_20_04,2702,417,3015.0,3417.0
int__tai50_20_04,2702,418,2978.0,3388.0
int__tai50_20_04,2702,419,2930.0,3340.0
int__tai50_20_04,2702,420,3002.0,3424.0
int__tai50_20_04,2702,421,2936.0,3266.0
int__tai50_20_04,2702,422,2926.0,3322.0
int__tai50_20_04,2702,423,2835.0,3239.0
int__tai50_20_04,2702,424,2988.0,3397.0
int__tai50_20_04,2702,425,2897.0,3282.0
int__tai50_20_04,2702,426,2934.0,3320.0
int__tai50_20_04,2702,427,2949.0,3348.0
int__tai50_20_04,2702,428,2940.0,3317.0
int__tai50_20_04,2702,429,2907.0,3308.0
int__tai50_20_04,2702,430,2873.0,3247.0
int__tai50_20_04,2702,431,2967.0,3332.0
int__tai50_20_04,2702,432,2929.0,3309.0
int__tai50_20_04,2702,433,2930.0,3382.0
int__tai50_20_04,2702,434,2948.0,3317.0
int__tai50_20_04,2702,435,2950.0,3331.0
int__tai50_20_04,2702,436,2902.0,3330.0
int__tai50_20_04,2702,437,3073.0,3457.0
int__tai50_20_04,2702,438,2871.0,3256.0
int__tai50_20_04,2702,439,3037.0,3431.0
int__tai50_20_04,2702,440,2949.0,3317.0
int__tai50_20_04,2702,441,2821.0,3205.0
int__tai50_20_04,2702,442,2930.0,3340.0
int__tai50_20_04,2702,443,2975.0,3358.0
int__tai50_20_04,2702,444,3021.0,3431.0
int__tai50_20_04,2702,445,2935.0,3332.0
int__tai50_20_04,2702,446,3049.0,3406.0
int__tai50_20_04,2702,447,2844.0,3235.0
int__tai50_20_04,2702,448,2919.0,3299.0
int__tai50_20_04,2702,449,2927.0,3323.0
int__tai50_20_04,2702,450,2906.0,3303.0
int__tai50_20_04,2702,451,2933.0,3298.0
int__tai50_20_04,2702,452,2891.0,3281.0
int__tai50_20_04,2702,453,2863.0,3238.0
int__tai50_20_04,2702,454,2877.0,3299.0
int__tai50_20_04,2702,455,2894.0,3317.0
int__tai50_20_04,2702,456,2978.0,3372.0
int__tai50_20_04,2702,457,2886.0,3311.0
int__tai50_20_04,2702,458,3010.0,3408.0
int__tai50_20_04,2702,459,3086.0,3462.0
int__tai50_20_04,2702,460,2841.0,3217.0
int__tai50_20_04,2702,461,2907.0,3357.0
int__tai50_20_04,2702,462,2912.0,3295.0
int__tai50_20_04,2702,463,2834.0,3204.0
int__tai50_20_04,2702,464,2902.0,3317.0
int__tai50_20_04,2702,465,2906.0,3310.0
int__tai50_20_04,2702,466,2993.0,3379.0
int__tai50_20_04,2702,467,2867.0,3284.0
int__tai50_20_04,2702,468,2882.0,3255.0
int__tai50_20_04,2702,469,3000.0,3403.0
int__tai50_20_04,2702,470,3035.0,3409.0
int__tai50_20_04,2702,471,3027.0,3417.0
int__tai50_20_04,2702,472,2894.0,3321.0
int__tai50_20_04,2702,473,2925.0,3316.0
int__tai50_20_04,2702,474,3011.0,3378.0
int__tai50_20_04,2702,475,2887.0,3262.0
int__tai50_20_04,2702,476,2868.0,3266.0
int__tai50_20_04,2702,477,2921.0,3331.0
int__tai50_20_04,2702,478,2958.0,3338.0
int__tai50_20_04,2702,479,2949.0,3305.0
int__tai50_20_04,2702,480,2967.0,3449.0
int__tai50_20_04,2702,481,2968.0,3369.0
int__tai50_20_04,2702,482,2873.0,3284.0
int__tai50_20_04,2702,483,3024.0,3401.0
int__tai50_20_04,2702,484,2983.0,3342.0
int__tai50_20_04,2702,485,3020.0,3441.0
int__tai50_20_04,2702,486,2995.0,3371.0
int__tai50_20_04,2702,487,2943.0,3327.0
int__tai50_20_04,2702,488,2915.0,3275.0
int__tai50_20_04,2702,489,2937.0,3358.0
int__tai50_20_04,2702,490,2871.0,3234.0
int__tai50_20_04,2702,491,2912.0,3294.0
int__tai50_20_04,2702,492,2954.0,3347.0
int__tai50_20_04,2702,493,2934.0,3328.0
int__tai50_20_04,2702,494,2971.0,3363.0
int__tai50_20_04,2702,495,2946.0,3354.0
int__tai50_20_04,2702,496,2934.0,3330.0
int__tai50_20_04,2702,497,2951.0,3328.0
int__tai50_20_04,2702,498,2871.0,3301.0
int__tai50_20_04,2702,499,2927.0,3344.0
int__tai50_20_04,2702,500,2951.0,3290.0
int__tai50_20_04,2702,501,2991.0,3371.0
int__tai50_20_04,2702,502,3083.0,3477.0
int__tai50_20_04,2702,503,3018.0,3353.0
int__tai50_20_04,2702,504,2929.0,3295.0
int__tai50_20_04,2702,505,2887.0,3289.0
int__tai50_20_04,2702,506,2943.0,3397.0
int__tai50_20_04,2702,507,2897.0,3300.0
int__tai50_20_04,2702,508,2877.0,3236.0
int__tai50_20_04,2702,509,3009.0,3360.0
int__tai50_20_04,2702,510,2931.0,3320.0
int__tai50_20_04,2702,511,2972.0,3331.0
int__tai50_20_04,2702,512,2904.0,3288.0
int__tai50_20_04,2702,513,2925.0,3383.0
int__tai50_20_04,2702,514,2909.0,3279.0
int__tai50_20_04,2702,515,3068.0,3554.0
int__tai50_20_04,2702,516,3104.0,3510.0
int__tai50_20_04,2702,517,2888.0,3247.0
int__tai50_20_04,2702,518,2935.0,3305.0
int__tai50_20_04,2702,519,2975.0,3364.0
int__tai50_20_04,2702,520,2941.0,3382.0
int__tai50_20_04,2702,521,2874.0,3236.0
int__tai50_20_04,2702,522,2953.0,3342.0
int__tai50_20_04,2702,523,2838.0,3168.0
int__tai50_20_04,2702,524,2907.0,3335.0
int__tai50_20_04,2702,525,2900.0,3289.0
int__tai50_20_04,2702,526,2908.0,3285.0
int__tai50_20_04,2702,527,2945.0,3313.0
int__tai50_20_04,2702,528,2912.0,3268.0
int__tai50_20_04,2702,529,2917.0,3306.0
int__tai50_20_04,2702,530,3013.0,3415.0
int__tai50_20_04,2702,531,2966.0,3309.0
int__tai50_20_04,2702,532,2920.0,3288.0
int__tai50_20_04,2702,533,2850.0,3263.0
int__tai50_20_04,2702,534,3091.0,3517.0
int__tai50_20_04,2702,535,2986.0,3340.0
int__tai50_20_04,2702,536,2878.0,3243.0
int__tai50_20_04,2702,537,2971.0,3357.0
int__tai50_20_04,2702,538,2994.0,3399.0
int__tai50_20_04,2702,539,2909.0,3311.0
int__tai50_20_04,2702,540,3072.0,3452.0
int__tai50_20_04,2702,541,2959.0,3349.0
int__tai50_20_04,2702,542,2947.0,3380.0
int__tai50_20_04,2702,543,2960.0,3366.0
int__tai50_20_04,2702,544,2948.0,3375.0
int__tai50_20_04,2702,545,2924.0,3317.0
int__tai50_20_04,2702,546,2985.0,3343.0
int__tai50_20_04,2702,547,2968.0,3396.0
int__tai50_20_04,2702,548,2942.0,3333.0
int__tai50_20_04,2702,549,2839.0,3215.0
int__tai50_20_04,2702,550,2926.0,3327.0
int__tai50_20_04,2702,551,2932.0,3288.0
int__tai50_20_04,2702,552,2899.0,3275.0
int__tai50_20_04,2702,553,2973.0,3344.0
int__tai50_20_04,2702,554,2926.0,3329.0
int__tai50_20_04,2702,555,2964.0,3345.0
int__tai50_20_04,2702,556,2881.0,3287.0
int__tai50_20_04,2702,557,2878.0,3266.0
int__tai50_20_04,2702,558,3004.0,3367.0
int__tai50_20_04,2702,559,2928.0,3290.0
int__tai50_20_04,2702,560,2874.0,3255.0
int__tai50_20_04,2702,561,2873.0,3260.0
int__tai50_20_04,2702,562,2943.0,3368.0
int__tai50_20_04,2702,563,3042.0,3463.0
int__tai50_20_04,2702,564,2960.0,3314.0
int__tai50_20_04,2702,565,2910.0,3306.0
int__tai50_20_04,2702,566,2894.0,3296.0
int__tai50_20_04,2702,567,2888.0,3285.0
int__tai50_20_04,2702,568,2879.0,3260.0
int__tai50_20_04,2702,569,2993.0,3374.0
int__tai50_20_04,2702,570,2882.0,3286.0
int__tai50_20_04,2702,571,2912.0,3293.0
int__tai50_20_04,2702,572,2901.0,3286.0
int__tai50_20_04,2702,573,2896.0,3324.0
int__tai50_20_04,2702,574,2979.0,3380.0
int__tai50_20_04,2702,575,3036.0,3452.0
int__tai50_20_04,2702,576,3044.0,3426.0
int__tai50_20_04,2702,577,3002.0,3378.0
int__tai50_20_04,2702,578,3022.0,3401.0
int__tai50_20_04,2702,579,2865.0,3273.0
int__tai50_20_04,2702,580,2902.0,3254.0
int__tai50_20_04,2702,581,2871.0,3334.0
int__tai50_20_04,2702,582,2896.0,3256.0
int__tai50_20_04,2702,583,3013.0,3389.0
int__tai50_20_04,2702,584,2901.0,3316.0
int__tai50_20_04,2702,585,3001.0,3416.0
int__tai50_20_04,2702,586,2983.0,3359.0
int__tai50_20_04,2702,587,2928.0,3325.0
int__tai50_20_04,2702,588,2904.0,3291.0
int__tai50_20_04,2702,589,2953.0,3319.0
int__tai50_20_04,2702,590,2863.0,3274.0
int__tai50_20_04,2702,591,2956.0,3339.0
int__tai50_20_04,2702,592,3026.0,3387.0
int__tai50_20_04,2702,593,2867.0,3270.0
int__tai50_20_04,2702,594,2925.0,3296.0
int__tai50_20_04,2702,595,2859.0,3286.0
int__tai50_20_04,2702,596,3011.0,3470.0
int__tai50_20_04,2702,597,2927.0,3383.0
int__tai50_20_04,2702,598,2905.0,3294.0
int__tai50_20_04,2702,599,3000.0,3357.0
int__tai50_20_04,2702,600,2918.0,3279.0
int__tai50_20_04,2702,601,2939.0,3342.0
int__tai50_20_04,2702,602,2980.0,3386.0
int__tai50_20_04,2702,603,2943.0,3305.0
int__tai50_20_04,2702,604,2978.0,3355.0
int__tai50_20_04,2702,605,2873.0,3253.0
int__tai50_20_04,2702,606,2924.0,3349.0
int__tai50_20_04,2702,607,2967.0,3366.0
int__tai50_20_04,2702,608,2922.0,3272.0
int__tai50_20_04,2702,609,2869.0,3247.0
int__tai50_20_04,2702,610,3005.0,3350.0
int__tai50_20_04,2702,611,2913.0,3347.0
int__tai50_20_04,2702,612,2987.0,3342.0
int__tai50_20_04,2702,613,2905.0,3297.0
int__tai50_20_04,2702,614,2850.0,3252.0
int__tai50_20_04,2702,615,2899.0,3265.0
int__tai50_20_04,2702,616,2899.0,3285.0
int__tai50_20_04,2702,617,2860.0,3272.0
int__tai50_20_04,2702,618,2985.0,3366.0
int__tai50_20_04,2702,619,2915.0,3302.0
int__tai50_20_04,2702,620,2881.0,3262.0
int__tai50_20_04,2702,621,2907.0,3282.0
int__tai50_20_04,2702,622,2911.0,3280.0
int__tai50_20_04,2702,623,3008.0,3399.0
int__tai50_20_04,2702,624,2984.0,3339.0
int__tai50_20_04,2702,625,2873.0,3240.0
int__tai50_20_04,2702,626,2997.0,3377.0
int__tai50_20_04,2702,627,2955.0,3336.0
int__tai50_20_04,2702,628,2889.0,3315.0
int__tai50_20_04,2702,629,2964.0,3351.0
int__tai50_20_04,2702,630,2870.0,3241.0
int__tai50_20_04,2702,631,2953.0,3318.0
int__tai50_20_04,2702,632,2888.0,3288.0
int__tai50_20_04,2702,633,2962.0,3332.0
int__tai50_20_04,2702,634,2880.0,3254.0
int__tai50_20_04,2702,635,3022.0,3416.0
int__tai50_20_04,2702,636,3053.0,3490.0
int__tai50_20_04,2702,637,2909.0,3324.0
int__tai50_20_04,2702,638,2957.0,3386.0
int__tai50_20_04,2702,639,2937.0,3315.0
int__tai50_20_04,2702,640,2853.0,3237.0
int__tai50_20_04,2702,641,2868.0,3241.0
int__tai50_20_04,2702,642,2868.0,3234.0
int__tai50_20_04,2702,643,2896.0,3248.0
int__tai50_20_04,2702,644,2935.0,3313.0
int__tai50_20_04,2702,645,2989.0,3457.0
int__tai50_20_04,2702,646,2995.0,3393.0
int__tai50_20_04,2702,647,2889.0,3281.0
int__tai50_20_04,2702,648,2860.0,3211.0
int__tai50_20_04,2702,649,3061.0,3428.0
int__tai50_20_04,2702,650,2903.0,3312.0
int__tai50_20_04,2702,651,2955.0,3384.0
int__tai50_20_04,2702,652,2929.0,3307.0
int__tai50_20_04,2702,653,2910.0,3296.0
int__tai50_20_04,2702,654,2967.0,3335.0
int__tai50_20_04,2702,655,2974.0,3354.0
int__tai50_20_04,2702,656,3103.0,3498.0
int__tai50_20_04,2702,657,2990.0,3359.0
int__tai50_20_04,2702,658,2868.0,3266.0
int__tai50_20_04,2702,659,2896.0,3298.0
int__tai50_20_04,2702,660,3052.0,3399.0
int__tai50_20_04,2702,661,2921.0,3307.0
int__tai50_20_04,2702,662,2939.0,3269.0
int__tai50_20_04,2702,663,2904.0,3270.0
int__tai50_20_04,2702,664,2867.0,3277.0
int__tai50_20_04,2702,665,2962.0,3450.0
int__tai50_20_04,2702,666,2932.0,3320.0
int__tai50_20_04,2702,667,2883.0,3289.0
int__tai50_20_04,2702,668,2923.0,3352.0
int__tai50_20_04,2702,669,2962.0,3346.0
int__tai50_20_04,2702,670,2987.0,3353.0
int__tai50_20_04,2702,671,2907.0,3309.0
int__tai50_20_04,2702,672,2866.0,3277.0
int__tai50_20_04,2702,673,2986.0,3390.0
int__tai50_20_04,2702,674,2915.0,3261.0
int__tai50_20_04,2702,675,3051.0,3470.0
int__tai50_20_04,2702,676,2911.0,3294.0
int__tai50_20_04,2702,677,2915.0,3311.0
int__tai50_20_04,2702,678,2936.0,3325.0
int__tai50_20_04,2702,679,3158.0,3640.0
int__tai50_20_04,2702,680,2897.0,3300.0
int__tai50_20_04,2702,681,2878.0,3263.0
int__tai50_20_04,2702,682,2956.0,3310.0
int__tai50_20_04,2702,683,2884.0,3256.0
int__tai50_20_04,2702,684,2986.0,3379.0
int__tai50_20_04,2702,685,2914.0,3286.0
int__tai50_20_04,2702,686,2895.0,3257.0
int__tai50_20_04,2702,687,3009.0,3378.0
int__tai50_20_04,2702,688,2851.0,3218.0
int__tai50_20_04,2702,689,2883.0,3250.0
int__tai50_20_04,2702,690,2912.0,3313.0
int__tai50_20_04,2702,691,2959.0,3373.0
int__tai50_20_04,2702,692,2907.0,3320.0
int__tai50_20_04,2702,693,2979.0,3401.0
int__tai50_20_04,2702,694,2890.0,3295.0
int__tai50_20_04,2702,695,3067.0,3450.0
int__tai50_20_04,2702,696,2922.0,3339.0
int__tai50_20_04,2702,697,2923.0,3303.0
int__tai50_20_04,2702,698,2967.0,3378.0
int__tai50_20_04,2702,699,2880.0,3269.0
int__tai50_20_04,2702,700,3000.0,3388.0
int__tai50_20_04,2702,701,2845.0,3203.0
int__tai50_20_04,2702,702,2992.0,3399.0
int__tai50_20_04,2702,703,2965.0,3377.0
int__tai50_20_04,2702,704,2901.0,3265.0
int__tai50_20_04,2702,705,2994.0,3363.0
int__tai50_20_04,2702,706,2874.0,3248.0
int__tai50_20_04,2702,707,2935.0,3293.0
int__tai50_20_04,2702,708,2933.0,3294.0
int__tai50_20_04,2702,709,3010.0,3414.0
int__tai50_20_04,2702,710,3026.0,3407.0
int__tai50_20_04,2702,711,2938.0,3319.0
int__tai50_20_04,2702,712,2951.0,3341.0
int__tai50_20_04,2702,713,2930.0,3257.0
int__tai50_20_04,2702,714,2981.0,3369.0
int__tai50_20_04,2702,715,2909.0,3282.0
int__tai50_20_04,2702,716,2920.0,3351.0
int__tai50_20_04,2702,717,2952.0,3316.0
int__tai50_20_04,2702,718,2909.0,3275.0
int__tai50_20_04,2702,719,2901.0,3268.0
int__tai50_20_04,2702,720,2987.0,3396.0
int__tai50_20_04,2702,721,2994.0,3451.0
int__tai50_20_04,2702,722,3015.0,3414.0
int__tai50_20_04,2702,723,2948.0,3289.0
int__tai50_20_04,2702,724,2914.0,3365.0
int__tai50_20_04,2702,725,3005.0,3340.0
int__tai50_20_04,2702,726,2934.0,3328.0
int__tai50_20_04,2702,727,2905.0,3338.0
int__tai50_20_04,2702,728,2946.0,3318.0
int__tai50_20_04,2702,729,2898.0,3322.0
int__tai50_20_04,2702,730,2954.0,3391.0
int__tai50_20_04,2702,731,2867.0,3259.0
int__tai50_20_04,2702,732,2963.0,3343.0
int__tai50_20_04,2702,733,2964.0,3327.0
int__tai50_20_04,2702,734,3001.0,3358.0
int__tai50_20_04,2702,735,2927.0,3349.0
int__tai50_20_04,2702,736,3014.0,3433.0
int__tai50_20_04,2702,737,2977.0,3380.0
int__tai50_20_04,2702,738,2910.0,3242.0
int__tai50_20_04,2702,739,2978.0,3377.0
int__tai50_20_04,2702,740,2969.0,3407.0
int__tai50_20_04,2702,741,2967.0,3407.0
int__tai50_20_04,2702,742,2904.0,3308.0
int__tai50_20_04,2702,743,2918.0,3346.0
int__tai50_20_04,2702,744,2949.0,3355.0
int__tai50_20_04,2702,745,2945.0,3294.0
int__tai50_20_04,2702,746,2925.0,3331.0
int__tai50_20_04,2702,747,2828.0,3201.0
int__tai50_20_04,2702,748,2948.0,3317.0
int__tai50_20_04,2702,749,2937.0,3392.0
int__tai50_20_04,2702,750,2923.0,3287.0
int__tai50_20_04,2702,751,2931.0,3323.0
int__tai50_20_04,2702,752,2964.0,3354.0
int__tai50_20_04,2702,753,2963.0,3367.0
int__tai50_20_04,2702,754,2903.0,3337.0
int__tai50_20_04,2702,755,3059.0,3464.0
int__tai50_20_04,2702,756,2962.0,3326.0
int__tai50_20_04,2702,757,2867.0,3291.0
int__tai50_20_04,2702,758,2997.0,3388.0
int__tai50_20_04,2702,759,2860.0,3241.0
int__tai50_20_04,2702,760,3037.0,3384.0
int__tai50_20_04,2702,761,2873.0,3299.0
int__tai50_20_04,2702,762,2999.0,3412.0
int__tai50_20_04,2702,763,2963.0,3328.0
int__tai50_20_04,2702,764,2863.0,3273.0
int__tai50_20_04,2702,765,2978.0,3393.0
int__tai50_20_04,2702,766,2878.0,3253.0
int__tai50_20_04,2702,767,2901.0,3280.0
int__tai50_20_04,2702,768,2887.0,3292.0
int__tai50_20_04,2702,769,2922.0,3336.0
int__tai50_20_04,2702,770,2987.0,3307.0
int__tai50_20_04,2702,771,2946.0,3393.0
int__tai50_20_04,2702,772,2934.0,3340.0
int__tai50_20_04,2702,773,2937.0,3340.0
int__tai50_20_04,2702,774,2942.0,3333.0
int__tai50_20_04,2702,775,2918.0,3313.0
int__tai50_20_04,2702,776,2970.0,3308.0
int__tai50_20_04,2702,777,2901.0,3334.0
int__tai50_20_04,2702,778,2841.0,3238.0
int__tai50_20_04,2702,779,2994.0,3430.0
int__tai50_20_04,2702,780,2902.0,3299.0
int__tai50_20_04,2702,781,2851.0,3235.0
int__tai50_20_04,2702,782,2916.0,3300.0
int__tai50_20_04,2702,783,2960.0,3398.0
int__tai50_20_04,2702,784,2876.0,3267.0
int__tai50_20_04,2702,785,2891.0,3249.0
int__tai50_20_04,2702,786,2970.0,3304.0
int__tai50_20_04,2702,787,2920.0,3313.0
int__tai50_20_04,2702,788,2887.0,3310.0
int__tai50_20_04,2702,789,2975.0,3339.0
int__tai50_20_04,2702,790,2905.0,3328.0
int__tai50_20_04,2702,791,2966.0,3399.0
int__tai50_20_04,2702,792,2927.0,3338.0
int__tai50_20_04,2702,793,3045.0,3423.0
int__tai50_20_04,2702,794,2927.0,3316.0
int__tai50_20_04,2702,795,2992.0,3359.0
int__tai50_20_04,2702,796,3002.0,3376.0
int__tai50_20_04,2702,797,2970.0,3417.0
int__tai50_20_04,2702,798,2980.0,3328.0
int__tai50_20_04,2702,799,2947.0,3367.0
int__tai50_20_04,2702,800,2971.0,3348.0
int__tai50_20_04,2702,801,3022.0,3418.0
int__tai50_20_04,2702,802,2921.0,3341.0
int__tai50_20_04,2702,803,2896.0,3288.0
int__tai50_20_04,2702,804,2895.0,3265.0
int__tai50_20_04,2702,805,2869.0,3248.0
int__tai50_20_04,2702,806,2831.0,3257.0
int__tai50_20_04,2702,807,2851.0,3221.0
int__tai50_20_04,2702,808,2874.0,3229.0
int__tai50_20_04,2702,809,2873.0,3237.0
int__tai50_20_04,2702,810,2970.0,3352.0
int__tai50_20_04,2702,811,2929.0,3307.0
int__tai50_20_04,2702,812,2925.0,3363.0
int__tai50_20_04,2702,813,2885.0,3286.0
int__tai50_20_04,2702,814,2892.0,3297.0
int__tai50_20_04,2702,815,3023.0,3450.0
int__tai50_20_04,2702,816,2852.0,3241.0
int__tai50_20_04,2702,817,2976.0,3375.0
int__tai50_20_04,2702,818,2964.0,3376.0
int__tai50_20_04,2702,819,2883.0,3276.0
int__tai50_20_04,2702,820,2860.0,3226.0
int__tai50_20_04,2702,821,2983.0,3352.0
int__tai50_20_04,2702,822,2975.0,3416.0
int__tai50_20_04,2702,823,2986.0,3376.0
int__tai50_20_04,2702,824,2967.0,3348.0
int__tai50_20_04,2702,825,2824.0,3231.0
int__tai50_20_04,2702,826,2896.0,3280.0
int__tai50_20_04,2702,827,2974.0,3392.0
int__tai50_20_04,2702,828,2970.0,3401.0
int__tai50_20_04,2702,829,2930.0,3369.0
int__tai50_20_04,2702,830,2875.0,3238.0
int__tai50_20_04,2702,831,2934.0,3362.0
int__tai50_20_04,2702,832,2873.0,3308.0
int__tai50_20_04,2702,833,2957.0,3367.0
int__tai50_20_04,2702,834,2929.0,3306.0
int__tai50_20_04,2702,835,2907.0,3332.0
int__tai50_20_04,2702,836,2911.0,3289.0
int__tai50_20_04,2702,837,2930.0,3306.0
int__tai50_20_04,2702,838,2898.0,3269.0
int__tai50_20_04,2702,839,2908.0,3312.0
int__tai50_20_04,2702,840,2908.0,3306.0
int__tai50_20_04,2702,841,2909.0,3261.0
int__tai50_20_04,2702,842,2901.0,3304.0
int__tai50_20_04,2702,843,2907.0,3285.0
int__tai50_20_04,2702,844,2836.0,3208.0
int__tai50_20_04,2702,845,2979.0,3355.0
int__tai50_20_04,2702,846,2923.0,3329.0
int__tai50_20_04,2702,847,2905.0,3262.0
int__tai50_20_04,2702,848,2959.0,3394.0
int__tai50_20_04,2702,849,2933.0,3322.0
int__tai50_20_04,2702,850,2940.0,3314.0
int__tai50_20_04,2702,851,3000.0,3415.0
int__tai50_20_04,2702,852,2995.0,3407.0
int__tai50_20_04,2702,853,2930.0,3346.0
int__tai50_20_04,2702,854,2999.0,3487.0
int__tai50_20_04,2702,855,2912.0,3325.0
int__tai50_20_04,2702,856,2964.0,3330.0
int__tai50_20_04,2702,857,2897.0,3295.0
int__tai50_20_04,2702,858,2963.0,3291.0
int__tai50_20_04,2702,859,2931.0,3349.0
int__tai50_20_04,2702,860,2964.0,3339.0
int__tai50_20_04,2702,861,2902.0,3268.0
int__tai50_20_04,2702,862,2951.0,3369.0
int__tai50_20_04,2702,863,3008.0,3410.0
int__tai50_20_04,2702,864,2856.0,3245.0
int__tai50_20_04,2702,865,2935.0,3354.0
int__tai50_20_04,2702,866,3007.0,3365.0
int__tai50_20_04,2702,867,2893.0,3306.0
int__tai50_20_04,2702,868,2932.0,3334.0
int__tai50_20_04,2702,869,2978.0,3339.0
int__tai50_20_04,2702,870,2988.0,3339.0
int__tai50_20_04,2702,871,2996.0,3445.0
int__tai50_20_04,2702,872,2915.0,3304.0
int__tai50_20_04,2702,873,2950.0,3293.0
int__tai50_20_04,2702,874,2902.0,3300.0
int__tai50_20_04,2702,875,3044.0,3484.0
int__tai50_20_04,2702,876,2917.0,3323.0
int__tai50_20_04,2702,877,2891.0,3270.0
int__tai50_20_04,2702,878,2961.0,3394.0
int__tai50_20_04,2702,879,2979.0,3352.0
int__tai50_20_04,2702,880,2937.0,3336.0
int__tai50_20_04,2702,881,2960.0,3373.0
int__tai50_20_04,2702,882,2926.0,3312.0
int__tai50_20_04,2702,883,2942.0,3306.0
int__tai50_20_04,2702,884,2932.0,3324.0
int__tai50_20_04,2702,885,2945.0,3397.0
int__tai50_20_04,2702,886,3032.0,3404.0
int__tai50_20_04,2702,887,2910.0,3258.0
int__tai50_20_04,2702,888,3009.0,3432.0
int__tai50_20_04,2702,889,2882.0,3278.0
int__tai50_20_04,2702,890,2962.0,3390.0
int__tai50_20_04,2702,891,2995.0,3411.0
int__tai50_20_04,2702,892,2950.0,3361.0
int__tai50_20_04,2702,893,2904.0,3327.0
int__tai50_20_04,2702,894,2991.0,3402.0
int__tai50_20_04,2702,895,2972.0,3354.0
int__tai50_20_04,2702,896,2862.0,3284.0
int__tai50_20_04,2702,897,2911.0,3321.0
int__tai50_20_04,2702,898,2928.0,3366.0
int__tai50_20_04,2702,899,2937.0,3387.0
int__tai50_20_04,2702,900,2891.0,3278.0
int__tai50_20_04,2702,901,2994.0,3408.0
int__tai50_20_04,2702,902,3070.0,3496.0
int__tai50_20_04,2702,903,2959.0,3383.0
int__tai50_20_04,2702,904,2866.0,3239.0
int__tai50_20_04,2702,905,2937.0,3315.0
int__tai50_20_04,2702,906,2916.0,3353.0
int__tai50_20_04,2702,907,2898.0,3238.0
int__tai50_20_04,2702,908,3052.0,3490.0
int__tai50_20_04,2702,909,2888.0,3299.0
int__tai50_20_04,2702,910,2947.0,3326.0
int__tai50_20_04,2702,911,2953.0,3356.0
int__tai50_20_04,2702,912,2957.0,3340.0
int__tai50_20_04,2702,913,2987.0,3384.0
int__tai50_20_04,2702,914,2997.0,3448.0
int__tai50_20_04,2702,915,3000.0,3463.0
int__tai50_20_04,2702,916,2925.0,3343.0
int__tai50_20_04,2702,917,2960.0,3328.0
int__tai50_20_04,2702,918,2958.0,3427.0
int__tai50_20_04,2702,919,3043.0,3465.0
int__tai50_20_04,2702,920,2922.0,3340.0
int__tai50_20_04,2702,921,2938.0,3335.0
int__tai50_20_04,2702,922,2999.0,3382.0
int__tai50_20_04,2702,923,2891.0,3277.0
int__tai50_20_04,2702,924,2980.0,3405.0
int__tai50_20_04,2702,925,3003.0,3389.0
int__tai50_20_04,2702,926,2832.0,3185.0
int__tai50_20_04,2702,927,2886.0,3303.0
int__tai50_20_04,2702,928,2908.0,3273.0
int__tai50_20_04,2702,929,2899.0,3272.0
int__tai50_20_04,2702,930,2910.0,3273.0
int__tai50_20_04,2702,931,2920.0,3302.0
int__tai50_20_04,2702,932,3038.0,3463.0
int__tai50_20_04,2702,933,2904.0,3260.0
int__tai50_20_04,2702,934,2848.0,3267.0
int__tai50_20_04,2702,935,2962.0,3404.0
int__tai50_20_04,2702,936,2883.0,3293.0
int__tai50_20_04,2702,937,2873.0,3291.0
int__tai50_20_04,2702,938,2913.0,3261.0
int__tai50_20_04,2702,939,2880.0,3263.0
int__tai50_20_04,2702,940,2882.0,3260.0
int__tai50_20_04,2702,941,2967.0,3355.0
int__tai50_20_04,2702,942,2898.0,3351.0
int__tai50_20_04,2702,943,2999.0,3358.0
int__tai50_20_04,2702,944,2949.0,3369.0
int__tai50_20_04,2702,945,2968.0,3357.0
int__tai50_20_04,2702,946,2943.0,3283.0
int__tai50_20_04,2702,947,2918.0,3300.0
int__tai50_20_04,2702,948,2978.0,3348.0
int__tai50_20_04,2702,949,2910.0,3304.0
int__tai50_20_04,2702,950,2835.0,3273.0
int__tai50_20_04,2702,951,2960.0,3341.0
int__tai50_20_04,2702,952,2967.0,3345.0
int__tai50_20_04,2702,953,2963.0,3369.0
int__tai50_20_04,2702,954,2967.0,3339.0
int__tai50_20_04,2702,955,2955.0,3326.0
int__tai50_20_04,2702,956,2917.0,3313.0
int__tai50_20_04,2702,957,2832.0,3280.0
int__tai50_20_04,2702,958,2930.0,3282.0
int__tai50_20_04,2702,959,3077.0,3466.0
int__tai50_20_04,2702,960,2959.0,3342.0
int__tai50_20_04,2702,961,2977.0,3308.0
int__tai50_20_04,2702,962,2933.0,3317.0
int__tai50_20_04,2702,963,2981.0,3403.0
int__tai50_20_04,2702,964,2909.0,3314.0
int__tai50_20_04,2702,965,2868.0,3255.0
int__tai50_20_04,2702,966,2902.0,3285.0
int__tai50_20_04,2702,967,2958.0,3342.0
int__tai50_20_04,2702,968,2882.0,3295.0
int__tai50_20_04,2702,969,3003.0,3402.0
int__tai50_20_04,2702,970,2936.0,3335.0
int__tai50_20_04,2702,971,2895.0,3235.0
int__tai50_20_04,2702,972,2931.0,3332.0
int__tai50_20_04,2702,973,2919.0,3290.0
int__tai50_20_04,2702,974,2926.0,3306.0
int__tai50_20_04,2702,975,3092.0,3468.0
int__tai50_20_04,2702,976,2931.0,3296.0
int__tai50_20_04,2702,977,2904.0,3307.0
int__tai50_20_04,2702,978,2941.0,3260.0
int__tai50_20_04,2702,979,3017.0,3381.0
int__tai50_20_04,2702,980,2907.0,3311.0
int__tai50_20_04,2702,981,2950.0,3325.0
int__tai50_20_04,2702,982,2968.0,3357.0
int__tai50_20_04,2702,983,3076.0,3525.0
int__tai50_20_04,2702,984,2921.0,3342.0
int__tai50_20_04,2702,985,3069.0,3446.0
int__tai50_20_04,2702,986,2944.0,3326.0
int__tai50_20_04,2702,987,2887.0,3259.0
int__tai50_20_04,2702,988,2946.0,3308.0
int__tai50_20_04,2702,989,2925.0,3371.0
int__tai50_20_04,2702,990,2992.0,3357.0
int__tai50_20_04,2702,991,2951.0,3370.0
int__tai50_20_04,2702,992,2941.0,3312.0
int__tai50_20_04,2702,993,2863.0,3237.0
int__tai50_20_04,2702,994,2899.0,3306.0
int__tai50_20_04,2702,995,2977.0,3373.0
int__tai50_20_04,2702,996,2983.0,3362.0
int__tai50_20_04,2702,997,2901.0,3276.0
int__tai50_20_04,2702,998,2999.0,3392.0
int__tai50_20_04,2702,999,2969.0,3379.0
int__tai50_20_04,2702,1000,2966.0,3328.0
int__tai50_20_04,2702,1001,2940.0,3350.0
int__tai50_20_04,2702,1002,2960.0,3372.0
int__tai50_20_04,2702,1003,2951.0,3297.0
int__tai50_20_04,2702,1004,2997.0,3447.0
int__tai50_20_04,2702,1005,2943.0,3351.0
int__tai50_20_04,2702,1006,2926.0,3275.0
int__tai50_20_04,2702,1007,3007.0,3411.0
int__tai50_20_04,2702,1008,2872.0,3277.0
int__tai50_20_04,2702,1009,2938.0,3376.0
int__tai50_20_04,2702,1010,2871.0,3259.0
int__tai50_20_04,2702,1011,2941.0,3281.0
int__tai50_20_04,2702,1012,2985.0,3359.0
int__tai50_20_04,2702,1013,2917.0,3337.0
int__tai50_20_04,2702,1014,2891.0,3232.0
int__tai50_20_04,2702,1015,2993.0,3356.0
int__tai50_20_04,2702,1016,2979.0,3336.0
int__tai50_20_04,2702,1017,2878.0,3246.0
int__tai50_20_04,2702,1018,2946.0,3371.0
int__tai50_20_04,2702,1019,2963.0,3396.0
int__tai50_20_04,2702,1020,2872.0,3279.0
int__tai50_20_04,2702,1021,2958.0,3327.0
int__tai50_20_04,2702,1022,2929.0,3348.0
int__tai50_20_04,2702,1023,2877.0,3220.0
int__tai50_20_10,2995,0,3284.0,3706.0
int__tai50_20_10,2995,1,3371.0,3806.0
int__tai50_20_10,2995,2,3285.0,3718.0
int__tai50_20_10,2995,3,3332.0,3769.0
int__tai50_20_10,2995,4,3319.0,3742.0
int__tai50_20_10,2995,5,3391.0,3811.0
int__tai50_20_10,2995,6,3337.0,3768.0
int__tai50_20_10,2995,7,3306.0,3743.0
int__tai50_20_10,2995,8,3251.0,3735.0
int__tai50_20_10,2995,9,3362.0,3780.0
int__tai50_20_10,2995,10,3333.0,3736.0
int__tai50_20_10,2995,11,3352.0,3830.0
int__tai50_20_10,2995,12,3343.0,3790.0
int__tai50_20_10,2995,13,3280.0,3714.0
int__tai50_20_10,2995,14,3332.0,3767.0
int__tai50_20_10,2995,15,3325.0,3734.0
int__tai50_20_10,2995,16,3383.0,3844.0
int__tai50_20_10,2995,17,3442.0,3964.0
int__tai50_20_10,2995,18,3245.0,3694.0
int__tai50_20_10,2995,19,3342.0,3771.0
int__tai50_20_10,2995,20,3423.0,3830.0
int__tai50_20_10,2995,21,3341.0,3761.0
int__tai50_20_10,2995,22,3312.0,3754.0
int__tai50_20_10,2995,23,3324.0,3753.0
int__tai50_20_10,2995,24,3330.0,3751.0
int__tai50_20_10,2995,25,3328.0,3745.0
int__tai50_20_10,2995,26,3409.0,3830.0
int__tai50_20_10,2995,27,3327.0,3769.0
int__tai50_20_10,2995,28,3314.0,3735.0
int__tai50_20_10,2995,29,3331.0,3751.0
int__tai50_20_10,2995,30,3371.0,3747.0
int__tai50_20_10,2995,31,3304.0,3750.0
int__tai50_20_10,2995,32,3312.0,3777.0
int__tai50_20_10,2995,33,3277.0,3689.0
int__tai50_20_10,2995,34,3368.0,3780.0
int__tai50_20_10,2995,35,3292.0,3725.0
int__tai50_20_10,2995,36,3342.0,3886.0
int__tai50_20_10,2995,37,3285.0,3727.0
int__tai50_20_10,2995,38,3301.0,3767.0
int__tai50_20_10,2995,39,3235.0,3723.0
int__tai50_20_10,2995,40,3444.0,3869.0
int__tai50_20_10,2995,41,3270.0,3710.0
int__tai50_20_10,2995,42,3291.0,3759.0
int__tai50_20_10,2995,43,3321.0,3736.0
int__tai50_20_10,2995,44,3268.0,3712.0
int__tai50_20_10,2995,45,3432.0,3884.0
int__tai50_20_10,2995,46,3365.0,3817.0
int__tai50_20_10,2995,47,3372.0,3754.0
int__tai50_20_10,2995,48,3350.0,3773.0
int__tai50_20_10,2995,49,3245.0,3698.0
int__tai50_20_10,2995,50,3344.0,3797.0
int__tai50_20_10,2995,51,3242.0,3708.0
int__tai50_20_10,2995,52,3402.0,3781.0
int__tai50_20_10,2995,53,3406.0,3801.0
int__tai50_20_10,2995,54,3265.0,3675.0
int__tai50_20_10,2995,55,3409.0,3849.0
int__tai50_20_10,2995,56,3442.0,3827.0
int__tai50_20_10,2995,57,3319.0,3728.0
int__tai50_20_10,2995,58,3338.0,3783.0
int__tai50_20_10,2995,59,3332.0,3772.0
int__tai50_20_10,2995,60,3229.0,3630.0
int__tai50_20_10,2995,61,3468.0,3921.0
int__tai50_20_10,2995,62,3355.0,3810.0
int__tai50_20_10,2995,63,3384.0,3787.0
int__tai50_20_10,2995,64,3275.0,3692.0
int__tai50_20_10,2995,65,3337.0,3770.0
int__tai50_20_10,2995,66,3298.0,3708.0
int__tai50_20_10,2995,67,3303.0,3754.0
int__tai50_20_10,2995,68,3404.0,3846.0
int__tai50_20_10,2995,69,3369.0,3805.0
int__tai50_20_10,2995,70,3231.0,3618.0
int__tai50_20_10,2995,71,3300.0,3716.0
int__tai50_20_10,2995,72,3401.0,3840.0
int__tai50_20_10,2995,73,3228.0,3682.0
int__tai50_20_10,2995,74,3350.0,3795.0
int__tai50_20_10,2995,75,3336.0,3811.0
int__tai50_20_10,2995,76,3288.0,3704.0
int__tai50_20_10,2995,77,3391.0,3784.0
int__tai50_20_10,2995,78,3340.0,3781.0
int__tai50_20_10,2995,79,3404.0,3841.0
int__tai50_20_10,2995,80,3330.0,3750.0
int__tai50_20_10,2995,81,3256.0,3662.0
int__tai50_20_10,2995,82,3376.0,3780.0
int__tai50_20_10,2995,83,3321.0,3730.0
int__tai50_20_10,2995,84,3260.0,3664.0
int__tai50_20_10,2995,85,3238.0,3670.0
int__tai50_20_10,2995,86,3315.0,3705.0
int__tai50_20_10,2995,87,3345.0,3756.0
int__tai50_20_10,2995,88,3228.0,3644.0
int__tai50_20_10,2995,89,3308.0,3717.0
int__tai50_20_10,2995,90,3265.0,3679.0
int__tai50_20_10,2995,91,3304.0,3711.0
int__tai50_20_10,2995,92,3321.0,3707.0
int__tai50_20_10,2995,93,3307.0,3807.0
int__tai50_20_10,2995,94,3283.0,3703.0
int__tai50_20_10,2995,95,3318.0,3768.0
int__tai50_20_10,2995,96,3376.0,3789.0
int__tai50_20_10,2995,97,3468.0,3920.0
int__tai50_20_10,2995,98,3374.0,3805.0
int__tai50_20_10,2995,99,3232.0,3669.0
int__tai50_20_10,2995,100,3347.0,3745.0
int__tai50_20_10,2995,101,3243.0,3716.0
int__tai50_20_10,2995,102,3334.0,3746.0
int__tai50_20_10,2995,103,3373.0,3850.0
int__tai50_20_10,2995,104,3286.0,3715.0
int__tai50_20_10,2995,105,3303.0,3703.0
int__tai50_20_10,2995,106,3353.0,3764.0
int__tai50_20_10,2995,107,3338.0,3806.0
int__tai50_20_10,2995,108,3280.0,3705.0
int__tai50_20_10,2995,109,3422.0,3861.0
int__tai50_20_10,2995,110,3308.0,3719.0
int__tai50_20_10,2995,111,3308.0,3759.0
int__tai50_20_10,2995,112,3326.0,3734.0
int__tai50_20_10,2995,113,3344.0,3739.0
int__tai50_20_10,2995,114,3362.0,3767.0
int__tai50_20_10,2995,115,3368.0,3846.0
int__tai50_20_10,2995,116,3299.0,3747.0
int__tai50_20_10,2995,117,3348.0,3829.0
int__tai50_20_10,2995,118,3322.0,3776.0
int__tai50_20_10,2995,119,3267.0,3634.0
int__tai50_20_10,2995,120,3306.0,3712.0
int__tai50_20_10,2995,121,3395.0,3814.0
int__tai50_20_10,2995,122,3353.0,3760.0
int__tai50_20_10,2995,123,3329.0,3737.0
int__tai50_20_10,2995,124,3370.0,3768.0
int__tai50_20_10,2995,125,3284.0,3694.0
int__tai50_20_10,2995,126,3324.0,3789.0
int__tai50_20_10,2995,127,3371.0,3818.0
int__tai50_20_10,2995,128,3262.0,3723.0
int__tai50_20_10,2995,129,3346.0,3817.0
int__tai50_20_10,2995,130,3308.0,3769.0
int__tai50_20_10,2995,131,3289.0,3717.0
int__tai50_20_10,2995,132,3384.0,3802.0
int__tai50_20_10,2995,133,3318.0,3780.0
int__tai50_20_10,2995,134,3377.0,3838.0
int__tai50_20_10,2995,135,3311.0,3717.0
int__tai50_20_10,2995,136,3338.0,3775.0
int__tai50_20_10,2995,137,3275.0,3708.0
int__tai50_20_10,2995,138,3315.0,3706.0
int__tai50_20_10,2995,139,3314.0,3697.0
int__tai50_20_10,2995,140,3443.0,3920.0
int__tai50_20_10,2995,141,3244.0,3728.0
int__tai50_20_10,2995,142,3363.0,3757.0
int__tai50_20_10,2995,143,3386.0,3792.0
int__tai50_20_10,2995,144,3373.0,3818.0
int__tai50_20_10,2995,145,3232.0,3687.0
int__tai50_20_10,2995,146,3312.0,3743.0
int__tai50_20_10,2995,147,3350.0,3750.0
int__tai50_20_10,2995,148,3370.0,3797.0
int__tai50_20_10,2995,149,3387.0,3813.0
int__tai50_20_10,2995,150,3258.0,3719.0
int__tai50_20_10,2995,151,3315.0,3747.0
int__tai50_20_10,2995,152,3324.0,3729.0
int__tai50_20_10,2995,153,3339.0,3784.0
int__tai50_20_10,2995,154,3422.0,3810.0
int__tai50_20_10,2995,155,3349.0,3759.0
int__tai50_20_10,2995,156,3354.0,3826.0
int__tai50_20_10,2995,157,3258.0,3680.0
int__tai50_20_10,2995,158,3274.0,3708.0
int__tai50_20_10,2995,159,3358.0,3758.0
int__tai50_20_10,2995,160,3334.0,3761.0
int__tai50_20_10,2995,161,3460.0,3892.0
int__tai50_20_10,2995,162,3287.0,3735.0
int__tai50_20_10,2995,163,3263.0,3706.0
int__tai50_20_10,2995,164,3357.0,3819.0
int__tai50_20_10,2995,165,3250.0,3697.0
int__tai50_20_10,2995,166,3374.0,3756.0
int__tai50_20_10,2995,167,3332.0,3739.0
int__tai50_20_10,2995,168,3261.0,3677.0
int__tai50_20_10,2995,169,3309.0,3718.0
int__tai50_20_10,2995,170,3305.0,3774.0
int__tai50_20_10,2995,171,3373.0,3845.0
int__tai50_20_10,2995,172,3360.0,3735.0
int__tai50_20_10,2995,173,3237.0,3720.0
int__tai50_20_10,2995,174,3337.0,3746.0
int__tai50_20_10,2995,175,3496.0,3989.0
int__tai50_20_10,2995,176,3290.0,3717.0
int__tai50_20_10,2995,177,3286.0,3747.0
int__tai50_20_10,2995,178,3307.0,3704.0
int__tai50_20_10,2995,179,3359.0,3752.0
int__tai50_20_10,2995,180,3324.0,3762.0
int__tai50_20_10,2995,181,3337.0,3753.0
int__tai50_20_10,2995,182,3471.0,3942.0
int__tai50_20_10,2995,183,3261.0,3751.0
int__tai50_20_10,2995,184,3410.0,3859.0
int__tai50_20_10,2995,185,3334.0,3770.0
int__tai50_20_10,2995,186,3330.0,3718.0
int__tai50_20_10,2995,187,3303.0,3732.0
int__tai50_20_10,2995,188,3288.0,3715.0
int__tai50_20_10,2995,189,3299.0,3672.0
int__tai50_20_10,2995,190,3340.0,3741.0
int__tai50_20_10,2995,191,3409.0,3845.0
int__tai50_20_10,2995,192,3233.0,3645.0
int__tai50_20_10,2995,193,3275.0,3693.0
int__tai50_20_10,2995,194,3363.0,3799.0
int__tai50_20_10,2995,195,3531.0,3999.0
int__tai50_20_10,2995,196,3279.0,3735.0
int__tai50_20_10,2995,197,3324.0,3757.0
int__tai50_20_10,2995,198,3328.0,3722.0
int__tai50_20_10,2995,199,3240.0,3667.0
int__tai50_20_10,2995,200,3267.0,3717.0
int__tai50_20_10,2995,201,3268.0,3703.0
int__tai50_20_10,2995,202,3233.0,3672.0
int__tai50_20_10,2995,203,3516.0,4062.0
int__tai50_20_10,2995,204,3320.0,3771.0
int__tai50_20_10,2995,205,3283.0,3785.0
int__tai50_20_10,2995,206,3374.0,3811.0
int__tai50_20_10,2995,207,3307.0,3719.0
int__tai50_20_10,2995,208,3354.0,3809.0
int__tai50_20_10,2995,209,3282.0,3699.0
int__tai50_20_10,2995,210,3309.0,3729.0
int__tai50_20_10,2995,211,3304.0,3756.0
int__tai50_20_10,2995,212,3332.0,3759.0
int__tai50_20_10,2995,213,3324.0,3714.0
int__tai50_20_10,2995,214,3351.0,3803.0
int__tai50_20_10,2995,215,3300.0,3695.0
int__tai50_20_10,2995,216,3289.0,3705.0
int__tai50_20_10,2995,217,3303.0,3662.0
int__tai50_20_10,2995,218,3415.0,3841.0
int__tai50_20_10,2995,219,3303.0,3729.0
int__tai50_20_10,2995,220,3360.0,3822.0
int__tai50_20_10,2995,221,3445.0,3867.0
int__tai50_20_10,2995,222,3310.0,3710.0
int__tai50_20_10,2995,223,3324.0,3742.0
int__tai50_20_10,2995,224,3375.0,3841.0
int__tai50_20_10,2995,225,3273.0,3743.0
int__tai50_20_10,2995,226,3350.0,3783.0
int__tai50_20_10,2995,227,3373.0,3785.0
int__tai50_20_10,2995,228,3341.0,3801.0
int__tai50_20_10,2995,229,3331.0,3794.0
int__tai50_20_10,2995,230,3294.0,3695.0
int__tai50_20_10,2995,231,3335.0,3804.0
int__tai50_20_10,2995,232,3286.0,3725.0
int__tai50_20_10,2995,233,3378.0,3802.0
int__tai50_20_10,2995,234,3352.0,3778.0
int__tai50_20_10,2995,235,3291.0,3743.0
int__tai50_20_10,2995,236,3314.0,3718.0
int__tai50_20_10,2995,237,3392.0,3839.0
int__tai50_20_10,2995,238,3301.0,3691.0
int__tai50_20_10,2995,239,3298.0,3759.0
int__tai50_20_10,2995,240,3319.0,3747.0
int__tai50_20_10,2995,241,3303.0,3725.0
int__tai50_20_10,2995,242,3371.0,3852.0
int__tai50_20_10,2995,243,3347.0,3774.0
int__tai50_20_10,2995,244,3297.0,3725.0
int__tai50_20_10,2995,245,3414.0,3806.0
int__tai50_20_10,2995,246,3291.0,3721.0
int__tai50_20_10,2995,247,3337.0,3765.0
int__tai50_20_10,2995,248,3337.0,3733.0
int__tai50_20_10,2995,249,3359.0,3827.0
int__tai50_20_10,2995,250,3438.0,3843.0
int__tai50_20_10,2995,251,3243.0,3635.0
int__tai50_20_10,2995,252,3312.0,3690.0
int__tai50_20_10,2995,253,3327.0,3789.0
int__tai50_20_10,2995,254,3360.0,3813.0
int__tai50_20_10,2995,255,3333.0,3755.0
int__tai50_20_10,2995,256,3352.0,3749.0
int__tai50_20_10,2995,257,3353.0,3826.0
int__tai50_20_10,2995,258,3301.0,3762.0
int__tai50_20_10,2995,259,3266.0,3690.0
int__tai50_20_10,2995,260,3473.0,3954.0
int__tai50_20_10,2995,261,3403.0,3805.0
int__tai50_20_10,2995,262,3348.0,3833.0
int__tai50_20_10,2995,263,3307.0,3738.0
int__tai50_20_10,2995,264,3400.0,3844.0
int__tai50_20_10,2995,265,3393.0,3810.0
int__tai50_20_10,2995,266,3315.0,3769.0
int__tai50_20_10,2995,267,3365.0,3762.0
int__tai50_20_10,2995,268,3321.0,3732.0
int__tai50_20_10,2995,269,3313.0,3724.0
int__tai50_20_10,2995,270,3374.0,3779.0
int__tai50_20_10,2995,271,3281.0,3678.0
int__tai50_20_10,2995,272,3454.0,3931.0
int__tai50_20_10,2995,273,3295.0,3697.0
int__tai50_20_10,2995,274,3399.0,3846.0
int__tai50_20_10,2995,275,3393.0,3849.0
int__tai50_20_10,2995,276,3353.0,3746.0
int__tai50_20_10,2995,277,3407.0,3875.0
int__tai50_20_10,2995,278,3297.0,3738.0
int__tai50_20_10,2995,279,3283.0,3738.0
int__tai50_20_10,2995,280,3348.0,3760.0
int__tai50_20_10,2995,281,3229.0,3630.0
int__tai50_20_10,2995,282,3371.0,3836.0
int__tai50_20_10,2995,283,3305.0,3673.0
int__tai50_20_10,2995,284,3358.0,3737.0
int__tai50_20_10,2995,285,3245.0,3665.0
int__tai50_20_10,2995,286,3401.0,3855.0
int__tai50_20_10,2995,287,3376.0,3825.0
int__tai50_20_10,2995,288,3371.0,3805.0
int__tai50_20_10,2995,289,3377.0,3834.0
int__tai50_20_10,2995,290,3365.0,3754.0
int__tai50_20_10,2995,291,3311.0,3703.0
int__tai50_20_10,2995,292,3323.0,3786.0
int__tai50_20_10,2995,293,3277.0,3709.0
int__tai50_20_10,2995,294,3312.0,3730.0
int__tai50_20_10,2995,295,3276.0,3695.0
int__tai50_20_10,2995,296,3364.0,3804.0
int__tai50_20_10,2995,297,3341.0,3808.0
int__tai50_20_10,2995,298,3347.0,3780.0
int__tai50_20_10,2995,299,3360.0,3803.0
int__tai50_20_10,2995,300,3217.0,3636.0
int__tai50_20_10,2995,301,3307.0,3728.0
int__tai50_20_10,2995,302,3357.0,3815.0
int__tai50_20_10,2995,303,3276.0,3691.0
int__tai50_20_10,2995,304,3356.0,3763.0
int__tai50_20_10,2995,305,3293.0,3759.0
int__tai50_20_10,2995,306,3313.0,3752.0
int__tai50_20_10,2995,307,3246.0,3680.0
int__tai50_20_10,2995,308,3292.0,3695.0
int__tai50_20_10,2995,309,3304.0,3731.0
int__tai50_20_10,2995,310,3416.0,3843.0
int__tai50_20_10,2995,311,3333.0,3796.0
int__tai50_20_10,2995,312,3313.0,3836.0
int__tai50_20_10,2995,313,3240.0,3688.0
int__tai50_20_10,2995,314,3355.0,3866.0
int__tai50_20_10,2995,315,3375.0,3827.0
int__tai50_20_10,2995,316,3389.0,3783.0
int__tai50_20_10,2995,317,3270.0,3703.0
int__tai50_20_10,2995,318,3456.0,3853.0
int__tai50_20_10,2995,319,3398.0,3832.0
int__tai50_20_10,2995,320,3453.0,3882.0
int__tai50_20_10,2995,321,3410.0,3839.0
int__tai50_20_10,2995,322,3305.0,3732.0
int__tai50_20_10,2995,323,3412.0,3852.0
int__tai50_20_10,2995,324,3407.0,3855.0
int__tai50_20_10,2995,325,3266.0,3704.0
int__tai50_20_10,2995,326,3344.0,3772.0
int__tai50_20_10,2995,327,3280.0,3749.0
int__tai50_20_10,2995,328,3267.0,3691.0
int__tai50_20_10,2995,329,3330.0,3779.0
int__tai50_20_10,2995,330,3308.0,3750.0
int__tai50_20_10,2995,331,3222.0,3665.0
int__tai50_20_10,2995,332,3357.0,3777.0
int__tai50_20_10,2995,333,3336.0,3742.0
int__tai50_20_10,2995,334,3315.0,3753.0
int__tai50_20_10,2995,335,3304.0,3706.0
int__tai50_20_10,2995,336,3399.0,3807.0
int__tai50_20_10,2995,337,3379.0,3772.0
int__tai50_20_10,2995,338,3357.0,3788.0
int__tai50_20_10,2995,339,3368.0,3885.0
int__tai50_20_10,2995,340,3349.0,3788.0
int__tai50_20_10,2995,341,3292.0,3743.0
int__tai50_20_10,2995,342,3413.0,3808.0
int__tai50_20_10,2995,343,3318.0,3749.0
int__tai50_20_10,2995,344,3314.0,3751.0
int__tai50_20_10,2995,345,3256.0,3670.0
int__tai50_20_10,2995,346,3319.0,3737.0
int__tai50_20_10,2995,347,3288.0,3684.0
int__tai50_20_10,2995,348,3338.0,3747.0
int__tai50_20_10,2995,349,3353.0,3778.0
int__tai50_20_10,2995,350,3351.0,3761.0
int__tai50_20_10,2995,351,3348.0,3772.0
int__tai50_20_10,2995,352,3274.0,3722.0
int__tai50_20_10,2995,353,3308.0,3771.0
int__tai50_20_10,2995,354,3301.0,3699.0
int__tai50_20_10,2995,355,3275.0,3697.0
int__tai50_20_10,2995,356,3347.0,3787.0
int__tai50_20_10,2995,357,3216.0,3631.0
int__tai50_20_10,2995,358,3318.0,3748.0
int__tai50_20_10,2995,359,3319.0,3740.0
int__tai50_20_10,2995,360,3330.0,3743.0
int__tai50_20_10,2995,361,3326.0,3774.0
int__tai50_20_10,2995,362,3294.0,3788.0
int__tai50_20_10,2995,363,3322.0,3728.0
int__tai50_20_10,2995,364,3340.0,3741.0
int__tai50_20_10,2995,365,3302.0,3765.0
int__tai50_20_10,2995,366,3369.0,3779.0
int__tai50_20_10,2995,367,3277.0,3711.0
int__tai50_20_10,2995,368,3269.0,3686.0
int__tai50_20_10,2995,369,3283.0,3700.0
int__tai50_20_10,2995,370,3313.0,3717.0
int__tai50_20_10,2995,371,3173.0,3638.0
int__tai50_20_10,2995,372,3333.0,3757.0
int__tai50_20_10,2995,373,3409.0,3844.0
int__tai50_20_10,2995,374,3298.0,3759.0
int__tai50_20_10,2995,375,3423.0,3807.0
int__tai50_20_10,2995,376,3309.0,3800.0
int__tai50_20_10,2995,377,3281.0,3749.0
int__tai50_20_10,2995,378,3376.0,3795.0
int__tai50_20_10,2995,379,3414.0,3795.0
int__tai50_20_10,2995,380,3375.0,3797.0
int__tai50_20_10,2995,381,3297.0,3742.0
int__tai50_20_10,2995,382,3297.0,3711.0
int__tai50_20_10,2995,383,3298.0,3760.0
int__tai50_20_10,2995,384,3330.0,3747.0
int__tai50_20_10,2995,385,3423.0,3871.0
int__tai50_20_10,2995,386,3270.0,3714.0
int__tai50_20_10,2995,387,3321.0,3722.0
int__tai50_20_10,2995,388,3338.0,3761.0
int__tai50_20_10,2995,389,3255.0,3703.0
int__tai50_20_10,2995,390,3314.0,3712.0
int__tai50_20_10,2995,391,3326.0,3757.0
int__tai50_20_10,2995,392,3343.0,3762.0
int__tai50_20_10,2995,393,3328.0,3798.0
int__tai50_20_10,2995,394,3317.0,3740.0
int__tai50_20_10,2995,395,3385.0,3869.0
int__tai50_20_10,2995,396,3270.0,3704.0
int__tai50_20_10,2995,397,3307.0,3724.0
int__tai50_20_10,2995,398,3388.0,3791.0
int__tai50_20_10,2995,399,3288.0,3700.0
int__tai50_20_10,2995,400,3300.0,3717.0
int__tai50_20_10,2995,401,3337.0,3757.0
int__tai50_20_10,2995,402,3338.0,3741.0
int__tai50_20_10,2995,403,3301.0,3724.0
int__tai50_20_10,2995,404,3356.0,3718.0
int__tai50_20_10,2995,405,3371.0,3781.0
int__tai50_20_10,2995,406,3343.0,3788.0
int__tai50_20_10,2995,407,3330.0,3727.0
int__tai50_20_10,2995,408,3372.0,3780.0
int__tai50_20_10,2995,409,3269.0,3697.0
int__tai50_20_10,2995,410,3322.0,3705.0
int__tai50_20_10,2995,411,3317.0,3731.0
int__tai50_20_10,2995,412,3347.0,3767.0
int__tai50_20_10,2995,413,3331.0,3770.0
int__tai50_20_10,2995,414,3228.0,3665.0
int__tai50_20_10,2995,415,3305.0,3673.0
int__tai50_20_10,2995,416,3276.0,3722.0
int__tai50_20_10,2995,417,3350.0,3768.0
int__tai50_20_10,2995,418,3346.0,3791.0
int__tai50_20_10,2995,419,3352.0,3795.0
int__tai50_20_10,2995,420,3400.0,3836.0
int__tai50_20_10,2995,421,3388.0,3843.0
int__tai50_20_10,2995,422,3287.0,3699.0
int__tai50_20_10,2995,423,3246.0,3684.0
int__tai50_20_10,2995,424,3309.0,3694.0
int__tai50_20_10,2995,425,3254.0,3642.0
int__tai50_20_10,2995,426,3309.0,3750.0
int__tai50_20_10,2995,427,3322.0,3710.0
int__tai50_20_10,2995,428,3314.0,3777.0
int__tai50_20_10,2995,429,3286.0,3705.0
int__tai50_20_10,2995,430,3388.0,3821.0
int__tai50_20_10,2995,431,3333.0,3730.0
int__tai50_20_10,2995,432,3300.0,3692.0
int__tai50_20_10,2995,433,3366.0,3762.0
int__tai50_20_10,2995,434,3335.0,3761.0
int__tai50_20_10,2995,435,3332.0,3772.0
int__tai50_20_10,2995,436,3471.0,3874.0
int__tai50_20_10,2995,437,3255.0,3670.0
int__tai50_20_10,2995,438,3301.0,3739.0
int__tai50_20_10,2995,439,3299.0,3738.0
int__tai50_20_10,2995,440,3381.0,3795.0
int__tai50_20_10,2995,441,3344.0,3773.0
int__tai50_20_10,2995,442,3259.0,3731.0
int__tai50_20_10,2995,443,3377.0,3823.0
int__tai50_20_10,2995,444,3412.0,3844.0
int__tai50_20_10,2995,445,3310.0,3728.0
int__tai50_20_10,2995,446,3341.0,3786.0
int__tai50_20_10,2995,447,3293.0,3711.0
int__tai50_20_10,2995,448,3416.0,3865.0
int__tai50_20_10,2995,449,3291.0,3743.0
int__tai50_20_10,2995,450,3396.0,3842.0
int__tai50_20_10,2995,451,3351.0,3750.0
int__tai50_20_10,2995,452,3231.0,3657.0
int__tai50_20_10,2995,453,3312.0,3714.0
int__tai50_20_10,2995,454,3369.0,3758.0
int__tai50_20_10,2995,455,3323.0,3744.0
int__tai50_20_10,2995,456,3316.0,3767.0
int__tai50_20_10,2995,457,3393.0,3792.0
int__tai50_20_10,2995,458,3287.0,3697.0
int__tai50_20_10,2995,459,3430.0,3888.0
int__tai50_20_10,2995,460,3414.0,3828.0
int__tai50_20_10,2995,461,3400.0,3836.0
int__tai50_20_10,2995,462,3295.0,3718.0
int__tai50_20_10,2995,463,3261.0,3684.0
int__tai50_20_10,2995,464,3400.0,3812.0
int__tai50_20_10,2995,465,3293.0,3679.0
int__tai50_20_10,2995,466,3289.0,3717.0
int__tai50_20_10,2995,467,3257.0,3693.0
int__tai50_20_10,2995,468,3325.0,3738.0
int__tai50_20_10,2995,469,3376.0,3797.0
int__tai50_20_10,2995,470,3326.0,3746.0
int__tai50_20_10,2995,471,3322.0,3748.0
int__tai50_20_10,2995,472,3364.0,3789.0
int__tai50_20_10,2995,473,3290.0,3705.0
int__tai50_20_10,2995,474,3338.0,3738.0
int__tai50_20_10,2995,475,3376.0,3797.0
int__tai50_20_10,2995,476,3320.0,3796.0
int__tai50_20_10,2995,477,3312.0,3699.0
int__tai50_20_10,2995,478,3258.0,3707.0
int__tai50_20_10,2995,479,3310.0,3749.0
int__tai50_20_10,2995,480,3342.0,3758.0
int__tai50_20_10,2995,481,3461.0,3868.0
int__tai50_20_10,2995,482,3335.0,3771.0
int__tai50_20_10,2995,483,3326.0,3758.0
int__tai50_20_10,2995,484,3400.0,3844.0
int__tai50_20_10,2995,485,3308.0,3744.0
int__tai50_20_10,2995,486,3442.0,3894.0
int__tai50_20_10,2995,487,3336.0,3755.0
int__tai50_20_10,2995,488,3308.0,3766.0
int__tai50_20_10,2995,489,3269.0,3723.0
int__tai50_20_10,2995,490,3502.0,3956.0
int__tai50_20_10,2995,491,3367.0,3776.0
int__tai50_20_10,2995,492,3245.0,3650.0
int__tai50_20_10,2995,493,3396.0,3856.0
int__tai50_20_10,2995,494,3379.0,3869.0
int__tai50_20_10,2995,495,3335.0,3757.0
int__tai50_20_10,2995,496,3360.0,3814.0
int__tai50_20_10,2995,497,3230.0,3663.0
int__tai50_20_10,2995,498,3557.0,4063.0
int__tai50_20_10,2995,499,3404.0,3838.0
int__tai50_20_10,2995,500,3392.0,3837.0
int__tai50_20_10,2995,501,3367.0,3843.0
int__tai50_20_10,2995,502,3422.0,3853.0
int__tai50_20_10,2995,503,3293.0,3727.0
int__tai50_20_10,2995,504,3318.0,3742.0
int__tai50_20_10,2995,505,3329.0,3749.0
int__tai50_20_10,2995,506,3254.0,3642.0
int__tai50_20_10,2995,507,3339.0,3805.0
int__tai50_20_10,2995,508,3351.0,3778.0
int__tai50_20_10,2995,509,3532.0,3979.0
int__tai50_20_10,2995,510,3304.0,3723.0
int__tai50_20_10,2995,511,3254.0,3690.0
int__tai50_20_10,2995,512,3425.0,3848.0
int__tai50_20_10,2995,513,3352.0,3849.0
int__tai50_20_10,2995,514,3471.0,3930.0
int__tai50_20_10,2995,515,3335.0,3740.0
int__tai50_20_10,2995,516,3394.0,3895.0
int__tai50_20_10,2995,517,3438.0,3859.0
int__tai50_20_10,2995,518,3278.0,3702.0
int__tai50_20_10,2995,519,3363.0,3775.0
int__tai50_20_10,2995,520,3298.0,3715.0
int__tai50_20_10,2995,521,3261.0,3699.0
int__tai50_20_10,2995,522,3360.0,3794.0
int__tai50_20_10,2995,523,3333.0,3752.0
int__tai50_20_10,2995,524,3444.0,3896.0
int__tai50_20_10,2995,525,3459.0,3899.0
int__tai50_20_10,2995,526,3307.0,3744.0
int__tai50_20_10,2995,527,3361.0,3819.0
int__tai50_20_10,2995,528,3272.0,3688.0
int__tai50_20_10,2995,529,3417.0,3877.0
int__tai50_20_10,2995,530,3353.0,3745.0
int__tai50_20_10,2995,531,3303.0,3719.0
int__tai50_20_10,2995,532,3274.0,3695.0
int__tai50_20_10,2995,533,3346.0,3761.0
int__tai50_20_10,2995,534,3396.0,3814.0
int__tai50_20_10,2995,535,3347.0,3769.0
int__tai50_20_10,2995,536,3368.0,3820.0
int__tai50_20_10,2995,537,3254.0,3689.0
int__tai50_20_10,2995,538,3445.0,3898.0
int__tai50_20_10,2995,539,3322.0,3744.0
int__tai50_20_10,2995,540,3275.0,3715.0
int__tai50_20_10,2995,541,3387.0,3845.0
int__tai50_20_10,2995,542,3358.0,3776.0
int__tai50_20_10,2995,543,3404.0,3842.0
int__tai50_20_10,2995,544,3369.0,3789.0
int__tai50_20_10,2995,545,3284.0,3730.0
int__tai50_20_10,2995,546,3281.0,3706.0
int__tai50_20_10,2995,547,3268.0,3739.0
int__tai50_20_10,2995,548,3354.0,3788.0
int__tai50_20_10,2995,549,3344.0,3830.0
int__tai50_20_10,2995,550,3334.0,3827.0
int__tai50_20_10,2995,551,3307.0,3716.0
int__tai50_20_10,2995,552,3326.0,3742.0
int__tai50_20_10,2995,553,3312.0,3731.0
int__tai50_20_10,2995,554,3339.0,3764.0
int__tai50_20_10,2995,555,3340.0,3789.0
int__tai50_20_10,2995,556,3262.0,3698.0
int__tai50_20_10,2995,557,3379.0,3787.0
int__tai50_20_10,2995,558,3372.0,3830.0
int__tai50_20_10,2995,559,3348.0,3771.0
int__tai50_20_10,2995,560,3406.0,3875.0
int__tai50_20_10,2995,561,3367.0,3786.0
int__tai50_20_10,2995,562,3320.0,3710.0
int__tai50_20_10,2995,563,3305.0,3764.0
int__tai50_20_10,2995,564,3242.0,3770.0
int__tai50_20_10,2995,565,3384.0,3872.0
int__tai50_20_10,2995,566,3345.0,3794.0
int__tai50_20_10,2995,567,3294.0,3720.0
int__tai50_20_10,2995,568,3335.0,3735.0
int__tai50_20_10,2995,569,3222.0,3681.0
int__tai50_20_10,2995,570,3345.0,3805.0
int__tai50_20_10,2995,571,3277.0,3712.0
int__tai50_20_10,2995,572,3259.0,3651.0
int__tai50_20_10,2995,573,3270.0,3689.0
int__tai50_20_10,2995,574,3248.0,3664.0
int__tai50_20_10,2995,575,3324.0,3778.0
int__tai50_20_10,2995,576,3260.0,3709.0
int__tai50_20_10,2995,577,3398.0,3796.0
int__tai50_20_10,2995,578,3358.0,3792.0
int__tai50_20_10,2995,579,3442.0,3900.0
int__tai50_20_10,2995,580,3246.0,3676.0
int__tai50_20_10,2995,581,3252.0,3717.0
int__tai50_20_10,2995,582,3300.0,3721.0
int__tai50_20_10,2995,583,3254.0,3687.0
int__tai50_20_10,2995,584,3299.0,3727.0
int__tai50_20_10,2995,585,3347.0,3787.0
int__tai50_20_10,2995,586,3307.0,3740.0
int__tai50_20_10,2995,587,3244.0,3682.0
int__tai50_20_10,2995,588,3342.0,3768.0
int__tai50_20_10,2995,589,3245.0,3664.0
int__tai50_20_10,2995,590,3303.0,3727.0
int__tai50_20_10,2995,591,3297.0,3771.0
int__tai50_20_10,2995,592,3315.0,3716.0
int__tai50_20_10,2995,593,3304.0,3710.0
int__tai50_20_10,2995,594,3267.0,3718.0
int__tai50_20_10,2995,595,3335.0,3775.0
int__tai50_20_10,2995,596,3305.0,3741.0
int__tai50_20_10,2995,597,3304.0,3759.0
int__tai50_20_10,2995,598,3299.0,3768.0
int__tai50_20_10,2995,599,3352.0,3830.0
int__tai50_20_10,2995,600,3332.0,3752.0
int__tai50_20_10,2995,601,3333.0,3776.0
int__tai50_20_10,2995,602,3347.0,3778.0
int__tai50_20_10,2995,603,3377.0,3801.0
int__tai50_20_10,2995,604,3365.0,3798.0
int__tai50_20_10,2995,605,3378.0,3812.0
int__tai50_20_10,2995,606,3323.0,3753.0
int__tai50_20_10,2995,607,3265.0,3666.0
int__tai50_20_10,2995,608,3345.0,3777.0
int__tai50_20_10,2995,609,3307.0,3743.0
int__tai50_20_10,2995,610,3372.0,3775.0
int__tai50_20_10,2995,611,3338.0,3759.0
int__tai50_20_10,2995,612,3249.0,3770.0
int__tai50_20_10,2995,613,3299.0,3709.0
int__tai50_20_10,2995,614,3319.0,3705.0
int__tai50_20_10,2995,615,3306.0,3767.0
int__tai50_20_10,2995,616,3243.0,3709.0
int__tai50_20_10,2995,617,3355.0,3769.0
int__tai50_20_10,2995,618,3304.0,3720.0
int__tai50_20_10,2995,619,3304.0,3734.0
int__tai50_20_10,2995,620,3297.0,3737.0
int__tai50_20_10,2995,621,3303.0,3754.0
int__tai50_20_10,2995,622,3280.0,3741.0
int__tai50_20_10,2995,623,3359.0,3792.0
int__tai50_20_10,2995,624,3330.0,3741.0
int__tai50_20_10,2995,625,3250.0,3661.0
int__tai50_20_10,2995,626,3288.0,3698.0
int__tai50_20_10,2995,627,3345.0,3812.0
int__tai50_20_10,2995,628,3273.0,3676.0
int__tai50_20_10,2995,629,3333.0,3780.0
int__tai50_20_10,2995,630,3345.0,3770.0
int__tai50_20_10,2995,631,3265.0,3701.0
int__tai50_20_10,2995,632,3288.0,3684.0
int__tai50_20_10,2995,633,3362.0,3816.0
int__tai50_20_10,2995,634,3345.0,3773.0
int__tai50_20_10,2995,635,3356.0,3803.0
int__tai50_20_10,2995,636,3377.0,3806.0
int__tai50_20_10,2995,637,3362.0,3759.0
int__tai50_20_10,2995,638,3394.0,3822.0
int__tai50_20_10,2995,639,3345.0,3801.0
int__tai50_20_10,2995,640,3314.0,3761.0
int__tai50_20_10,2995,641,3374.0,3808.0
int__tai50_20_10,2995,642,3487.0,3987.0
int__tai50_20_10,2995,643,3392.0,3885.0
int__tai50_20_10,2995,644,3341.0,3791.0
int__tai50_20_10,2995,645,3234.0,3643.0
int__tai50_20_10,2995,646,3270.0,3708.0
int__tai50_20_10,2995,647,3336.0,3769.0
int__tai50_20_10,2995,648,3399.0,3840.0
int__tai50_20_10,2995,649,3351.0,3817.0
int__tai50_20_10,2995,650,3321.0,3800.0
int__tai50_20_10,2995,651,3363.0,3791.0
int__tai50_20_10,2995,652,3300.0,3707.0
int__tai50_20_10,2995,653,3331.0,3741.0
int__tai50_20_10,2995,654,3304.0,3728.0
int__tai50_20_10,2995,655,3323.0,3766.0
int__tai50_20_10,2995,656,3437.0,3901.0
int__tai50_20_10,2995,657,3380.0,3850.0
int__tai50_20_10,2995,658,3370.0,3844.0
int__tai50_20_10,2995,659,3432.0,3862.0
int__tai50_20_10,2995,660,3353.0,3771.0
int__tai50_20_10,2995,661,3288.0,3695.0
int__tai50_20_10,2995,662,3367.0,3769.0
int__tai50_20_10,2995,663,3349.0,3779.0
int__tai50_20_10,2995,664,3494.0,3917.0
int__tai50_20_10,2995,665,3352.0,3793.0
int__tai50_20_10,2995,666,3284.0,3746.0
int__tai50_20_10,2995,667,3270.0,3722.0
int__tai50_20_10,2995,668,3257.0,3719.0
int__tai50_20_10,2995,669,3300.0,3742.0
int__tai50_20_10,2995,670,3222.0,3638.0
int__tai50_20_10,2995,671,3385.0,3773.0
int__tai50_20_10,2995,672,3317.0,3752.0
int__tai50_20_10,2995,673,3384.0,3797.0
int__tai50_20_10,2995,674,3315.0,3743.0
int__tai50_20_10,2995,675,3347.0,3770.0
int__tai50_20_10,2995,676,3330.0,3725.0
int__tai50_20_10,2995,677,3264.0,3689.0
int__tai50_20_10,2995,678,3344.0,3798.0
int__tai50_20_10,2995,679,3398.0,3786.0
int__tai50_20_10,2995,680,3381.0,3868.0
int__tai50_20_10,2995,681,3250.0,3677.0
int__tai50_20_10,2995,682,3441.0,3913.0
int__tai50_20_10,2995,683,3348.0,3761.0
int__tai50_20_10,2995,684,3354.0,3786.0
int__tai50_20_10,2995,685,3300.0,3693.0
int__tai50_20_10,2995,686,3330.0,3747.0
int__tai50_20_10,2995,687,3353.0,3780.0
int__tai50_20_10,2995,688,3386.0,3888.0
int__tai50_20_10,2995,689,3402.0,3829.0
int__tai50_20_10,2995,690,3305.0,3751.0
int__tai50_20_10,2995,691,3277.0,3697.0
int__tai50_20_10,2995,692,3310.0,3767.0
int__tai50_20_10,2995,693,3408.0,3814.0
int__tai50_20_10,2995,694,3282.0,3722.0
int__tai50_20_10,2995,695,3217.0,3732.0
int__tai50_20_10,2995,696,3343.0,3762.0
int__tai50_20_10,2995,697,3317.0,3749.0
int__tai50_20_10,2995,698,3366.0,3819.0
int__tai50_20_10,2995,699,3305.0,3716.0
int__tai50_20_10,2995,700,3339.0,3739.0
int__tai50_20_10,2995,701,3382.0,3820.0
int__tai50_20_10,2995,702,3324.0,3818.0
int__tai50_20_10,2995,703,3334.0,3773.0
int__tai50_20_10,2995,704,3382.0,3753.0
int__tai50_20_10,2995,705,3344.0,3773.0
int__tai50_20_10,2995,706,3287.0,3727.0
int__tai50_20_10,2995,707,3336.0,3753.0
int__tai50_20_10,2995,708,3369.0,3807.0
int__tai50_20_10,2995,709,3273.0,3642.0
int__tai50_20_10,2995,710,3429.0,3859.0
int__tai50_20_10,2995,711,3348.0,3779.0
int__tai50_20_10,2995,712,3374.0,3794.0
int__tai50_20_10,2995,713,3364.0,3794.0
int__tai50_20_10,2995,714,3365.0,3791.0
int__tai50_20_10,2995,715,3311.0,3733.0
int__tai50_20_10,2995,716,3288.0,3711.0
int__tai50_20_10,2995,717,3380.0,3802.0
int__tai50_20_10,2995,718,3372.0,3782.0
int__tai50_20_10,2995,719,3400.0,3837.0
int__tai50_20_10,2995,720,3355.0,3820.0
int__tai50_20_10,2995,721,3350.0,3770.0
int__tai50_20_10,2995,722,3301.0,3702.0
int__tai50_20_10,2995,723,3355.0,3772.0
int__tai50_20_10,2995,724,3301.0,3706.0
int__tai50_20_10,2995,725,3334.0,3780.0
int__tai50_20_10,2995,726,3435.0,3871.0
int__tai50_20_10,2995,727,3313.0,3743.0
int__tai50_20_10,2995,728,3421.0,3880.0
int__tai50_20_10,2995,729,3329.0,3761.0
int__tai50_20_10,2995,730,3339.0,3858.0
int__tai50_20_10,2995,731,3351.0,3783.0
int__tai50_20_10,2995,732,3361.0,3771.0
int__tai50_20_10,2995,733,3333.0,3757.0
int__tai50_20_10,2995,734,3287.0,3734.0
int__tai50_20_10,2995,735,3307.0,3730.0
int__tai50_20_10,2995,736,3457.0,3883.0
int__tai50_20_10,2995,737,3184.0,3605.0
int__tai50_20_10,2995,738,3167.0,3625.0
int__tai50_20_10,2995,739,3269.0,3705.0
int__tai50_20_10,2995,740,3467.0,3931.0
int__tai50_20_10,2995,741,3305.0,3812.0
int__tai50_20_10,2995,742,3318.0,3748.0
int__tai50_20_10,2995,743,3281.0,3687.0
int__tai50_20_10,2995,744,3306.0,3692.0
int__tai50_20_10,2995,745,3250.0,3654.0
int__tai50_20_10,2995,746,3335.0,3728.0
int__tai50_20_10,2995,747,3308.0,3740.0
int__tai50_20_10,2995,748,3411.0,3868.0
int__tai50_20_10,2995,749,3302.0,3767.0
int__tai50_20_10,2995,750,3325.0,3748.0
int__tai50_20_10,2995,751,3346.0,3783.0
int__tai50_20_10,2995,752,3312.0,3724.0
int__tai50_20_10,2995,753,3365.0,3815.0
int__tai50_20_10,2995,754,3322.0,3750.0
int__tai50_20_10,2995,755,3317.0,3851.0
int__tai50_20_10,2995,756,3308.0,3744.0
int__tai50_20_10,2995,757,3404.0,3851.0
int__tai50_20_10,2995,758,3270.0,3716.0
int__tai50_20_10,2995,759,3328.0,3735.0
int__tai50_20_10,2995,760,3272.0,3707.0
int__tai50_20_10,2995,761,3354.0,3830.0
int__tai50_20_10,2995,762,3244.0,3667.0
int__tai50_20_10,2995,763,3229.0,3651.0
int__tai50_20_10,2995,764,3304.0,3731.0
int__tai50_20_10,2995,765,3374.0,3826.0
int__tai50_20_10,2995,766,3269.0,3682.0
int__tai50_20_10,2995,767,3227.0,3690.0
int__tai50_20_10,2995,768,3328.0,3749.0
int__tai50_20_10,2995,769,3342.0,3765.0
int__tai50_20_10,2995,770,3420.0,3831.0
int__tai50_20_10,2995,771,3404.0,3848.0
int__tai50_20_10,2995,772,3276.0,3675.0
int__tai50_20_10,2995,773,3390.0,3843.0
int__tai50_20_10,2995,774,3300.0,3735.0
int__tai50_20_10,2995,775,3283.0,3767.0
int__tai50_20_10,2995,776,3375.0,3826.0
int__tai50_20_10,2995,777,3339.0,3781.0
int__tai50_20_10,2995,778,3388.0,3846.0
int__tai50_20_10,2995,779,3406.0,3838.0
int__tai50_20_10,2995,780,3468.0,3905.0
int__tai50_20_10,2995,781,3310.0,3742.0
int__tai50_20_10,2995,782,3402.0,3816.0
int__tai50_20_10,2995,783,3342.0,3796.0
int__tai50_20_10,2995,784,3369.0,3810.0
int__tai50_20_10,2995,785,3342.0,3815.0
int__tai50_20_10,2995,786,3270.0,3720.0
int__tai50_20_10,2995,787,3290.0,3709.0
int__tai50_20_10,2995,788,3324.0,3722.0
int__tai50_20_10,2995,789,3302.0,3769.0
int__tai50_20_10,2995,790,3336.0,3753.0
int__tai50_20_10,2995,791,3256.0,3684.0
int__tai50_20_10,2995,792,3435.0,3838.0
int__tai50_20_10,2995,793,3349.0,3749.0
int__tai50_20_10,2995,794,3374.0,3786.0
int__tai50_20_10,2995,795,3364.0,3788.0
int__tai50_20_10,2995,796,3284.0,3698.0
int__tai50_20_10,2995,797,3256.0,3673.0
int__tai50_20_10,2995,798,3339.0,3779.0
int__tai50_20_10,2995,799,3277.0,3736.0
int__tai50_20_10,2995,800,3263.0,3664.0
int__tai50_20_10,2995,801,3412.0,3859.0
int__tai50_20_10,2995,802,3344.0,3756.0
int__tai50_20_10,2995,803,3312.0,3730.0
int__tai50_20_10,2995,804,3299.0,3767.0
int__tai50_20_10,2995,805,3314.0,3732.0
int__tai50_20_10,2995,806,3452.0,3843.0
int__tai50_20_10,2995,807,3354.0,3783.0
int__tai50_20_10,2995,808,3197.0,3651.0
int__tai50_20_10,2995,809,3295.0,3725.0
int__tai50_20_10,2995,810,3284.0,3721.0
int__tai50_20_10,2995,811,3360.0,3816.0
int__tai50_20_10,2995,812,3224.0,3653.0
int__tai50_20_10,2995,813,3361.0,3870.0
int__tai50_20_10,2995,814,3346.0,3767.0
int__tai50_20_10,2995,815,3386.0,3851.0
int__tai50_20_10,2995,816,3298.0,3742.0
int__tai50_20_10,2995,817,3223.0,3646.0
int__tai50_20_10,2995,818,3358.0,3804.0
int__tai50_20_10,2995,819,3259.0,3678.0
int__tai50_20_10,2995,820,3382.0,3797.0
int__tai50_20_10,2995,821,3349.0,3813.0
int__tai50_20_10,2995,822,3289.0,3737.0
int__tai50_20_10,2995,823,3316.0,3745.0
int__tai50_20_10,2995,824,3402.0,3820.0
int__tai50_20_10,2995,825,3339.0,3775.0
int__tai50_20_10,2995,826,3295.0,3703.0
int__tai50_20_10,2995,827,3350.0,3790.0
int__tai50_20_10,2995,828,3402.0,3813.0
int__tai50_20_10,2995,829,3333.0,3775.0
int__tai50_20_10,2995,830,3278.0,3740.0
int__tai50_20_10,2995,831,3272.0,3714.0
int__tai50_20_10,2995,832,3339.0,3792.0
int__tai50_20_10,2995,833,3319.0,3753.0
int__tai50_20_10,2995,834,3294.0,3734.0
int__tai50_20_10,2995,835,3330.0,3759.0
int__tai50_20_10,2995,836,3290.0,3722.0
int__tai50_20_10,2995,837,3294.0,3760.0
int__tai50_20_10,2995,838,3305.0,3690.0
int__tai50_20_10,2995,839,3287.0,3734.0
int__tai50_20_10,2995,840,3390.0,3822.0
int__tai50_20_10,2995,841,3248.0,3643.0
int__tai50_20_10,2995,842,3328.0,3782.0
int__tai50_20_10,2995,843,3302.0,3737.0
int__tai50_20_10,2995,844,3372.0,3814.0
int__tai50_20_10,2995,845,3375.0,3822.0
int__tai50_20_10,2995,846,3342.0,3756.0
int__tai50_20_10,2995,847,3337.0,3772.0
int__tai50_20_10,2995,848,3349.0,3806.0
int__tai50_20_10,2995,849,3342.0,3749.0
int__tai50_20_10,2995,850,3458.0,3887.0
int__tai50_20_10,2995,851,3287.0,3736.0
int__tai50_20_10,2995,852,3238.0,3638.0
int__tai50_20_10,2995,853,3383.0,3789.0
int__tai50_20_10,2995,854,3273.0,3701.0
int__tai50_20_10,2995,855,3312.0,3811.0
int__tai50_20_10,2995,856,3284.0,3678.0
int__tai50_20_10,2995,857,3255.0,3662.0
int__tai50_20_10,2995,858,3320.0,3757.0
int__tai50_20_10,2995,859,3289.0,3684.0
int__tai50_20_10,2995,860,3337.0,3778.0
int__tai50_20_10,2995,861,3288.0,3719.0
int__tai50_20_10,2995,862,3256.0,3690.0
int__tai50_20_10,2995,863,3321.0,3760.0
int__tai50_20_10,2995,864,3328.0,3748.0
int__tai50_20_10,2995,865,3384.0,3821.0
int__tai50_20_10,2995,866,3286.0,3693.0
int__tai50_20_10,2995,867,3314.0,3747.0
int__tai50_20_10,2995,868,3376.0,3811.0
int__tai50_20_10,2995,869,3385.0,3784.0
int__tai50_20_10,2995,870,3295.0,3767.0
int__tai50_20_10,2995,871,3323.0,3748.0
int__tai50_20_10,2995,872,3323.0,3723.0
int__tai50_20_10,2995,873,3321.0,3792.0
int__tai50_20_10,2995,874,3391.0,3808.0
int__tai50_20_10,2995,875,3462.0,3910.0
int__tai50_20_10,2995,876,3362.0,3772.0
int__tai50_20_10,2995,877,3470.0,3872.0
int__tai50_20_10,2995,878,3382.0,3769.0
int__tai50_20_10,2995,879,3394.0,3829.0
int__tai50_20_10,2995,880,3276.0,3687.0
int__tai50_20_10,2995,881,3333.0,3732.0
int__tai50_20_10,2995,882,3343.0,3758.0
int__tai50_20_10,2995,883,3258.0,3679.0
int__tai50_20_10,2995,884,3397.0,3813.0
int__tai50_20_10,2995,885,3284.0,3681.0
int__tai50_20_10,2995,886,3320.0,3766.0
int__tai50_20_10,2995,887,3398.0,3852.0
int__tai50_20_10,2995,888,3303.0,3753.0
int__tai50_20_10,2995,889,3339.0,3760.0
int__tai50_20_10,2995,890,3328.0,3778.0
int__tai50_20_10,2995,891,3226.0,3662.0
int__tai50_20_10,2995,892,3286.0,3711.0
int__tai50_20_10,2995,893,3321.0,3711.0
int__tai50_20_10,2995,894,3330.0,3732.0
int__tai50_20_10,2995,895,3287.0,3649.0
int__tai50_20_10,2995,896,3325.0,3786.0
int__tai50_20_10,2995,897,3375.0,3817.0
int__tai50_20_10,2995,898,3330.0,3711.0
int__tai50_20_10,2995,899,3270.0,3667.0
int__tai50_20_10,2995,900,3329.0,3776.0
int__tai50_20_10,2995,901,3347.0,3840.0
int__tai50_20_10,2995,902,3377.0,3755.0
int__tai50_20_10,2995,903,3330.0,3731.0
int__tai50_20_10,2995,904,3388.0,3795.0
int__tai50_20_10,2995,905,3345.0,3745.0
int__tai50_20_10,2995,906,3321.0,3749.0
int__tai50_20_10,2995,907,3277.0,3699.0
int__tai50_20_10,2995,908,3310.0,3709.0
int__tai50_20_10,2995,909,3269.0,3707.0
int__tai50_20_10,2995,910,3252.0,3624.0
int__tai50_20_10,2995,911,3278.0,3691.0
int__tai50_20_10,2995,912,3331.0,3753.0
int__tai50_20_10,2995,913,3289.0,3733.0
int__tai50_20_10,2995,914,3307.0,3703.0
int__tai50_20_10,2995,915,3237.0,3648.0
int__tai50_20_10,2995,916,3353.0,3748.0
int__tai50_20_10,2995,917,3354.0,3733.0
int__tai50_20_10,2995,918,3279.0,3720.0
int__tai50_20_10,2995,919,3283.0,3673.0
int__tai50_20_10,2995,920,3404.0,3840.0
int__tai50_20_10,2995,921,3342.0,3759.0
int__tai50_20_10,2995,922,3376.0,3902.0
int__tai50_20_10,2995,923,3373.0,3820.0
int__tai50_20_10,2995,924,3307.0,3736.0
int__tai50_20_10,2995,925,3354.0,3765.0
int__tai50_20_10,2995,926,3313.0,3769.0
int__tai50_20_10,2995,927,3232.0,3658.0
int__tai50_20_10,2995,928,3309.0,3699.0
int__tai50_20_10,2995,929,3308.0,3760.0
int__tai50_20_10,2995,930,3328.0,3763.0
int__tai50_20_10,2995,931,3323.0,3751.0
int__tai50_20_10,2995,932,3392.0,3831.0
int__tai50_20_10,2995,933,3320.0,3736.0
int__tai50_20_10,2995,934,3275.0,3733.0
int__tai50_20_10,2995,935,3312.0,3751.0
int__tai50_20_10,2995,936,3238.0,3646.0
int__tai50_20_10,2995,937,3298.0,3735.0
int__tai50_20_10,2995,938,3319.0,3754.0
int__tai50_20_10,2995,939,3363.0,3751.0
int__tai50_20_10,2995,940,3356.0,3770.0
int__tai50_20_10,2995,941,3301.0,3751.0
int__tai50_20_10,2995,942,3377.0,3848.0
int__tai50_20_10,2995,943,3361.0,3817.0
int__tai50_20_10,2995,944,3301.0,3744.0
int__tai50_20_10,2995,945,3337.0,3772.0
int__tai50_20_10,2995,946,3380.0,3851.0
int__tai50_20_10,2995,947,3299.0,3718.0
int__tai50_20_10,2995,948,3251.0,3663.0
int__tai50_20_10,2995,949,3271.0,3704.0
int__tai50_20_10,2995,950,3286.0,3708.0
int__tai50_20_10,2995,951,3470.0,3917.0
int__tai50_20_10,2995,952,3262.0,3665.0
int__tai50_20_10,2995,953,3297.0,3722.0
int__tai50_20_10,2995,954,3295.0,3684.0
int__tai50_20_10,2995,955,3351.0,3739.0
int__tai50_20_10,2995,956,3348.0,3729.0
int__tai50_20_10,2995,957,3408.0,3813.0
int__tai50_20_10,2995,958,3367.0,3775.0
int__tai50_20_10,2995,959,3385.0,3820.0
int__tai50_20_10,2995,960,3282.0,3707.0
int__tai50_20_10,2995,961,3211.0,3621.0
int__tai50_20_10,2995,962,3370.0,3806.0
int__tai50_20_10,2995,963,3344.0,3806.0
int__tai50_20_10,2995,964,3328.0,3765.0
int__tai50_20_10,2995,965,3393.0,3841.0
int__tai50_20_10,2995,966,3304.0,3714.0
int__tai50_20_10,2995,967,3353.0,3802.0
int__tai50_20_10,2995,968,3346.0,3768.0
int__tai50_20_10,2995,969,3279.0,3713.0
int__tai50_20_10,2995,970,3352.0,3755.0
int__tai50_20_10,2995,971,3275.0,3679.0
int__tai50_20_10,2995,972,3350.0,3733.0
int__tai50_20_10,2995,973,3441.0,3919.0
int__tai50_20_10,2995,974,3311.0,3733.0
int__tai50_20_10,2995,975,3305.0,3716.0
int__tai50_20_10,2995,976,3281.0,3741.0
int__tai50_20_10,2995,977,3258.0,3667.0
int__tai50_20_10,2995,978,3251.0,3644.0
int__tai50_20_10,2995,979,3354.0,3759.0
int__tai50_20_10,2995,980,3291.0,3718.0
int__tai50_20_10,2995,981,3409.0,3818.0
int__tai50_20_10,2995,982,3330.0,3762.0
int__tai50_20_10,2995,983,3299.0,3734.0
int__tai50_20_10,2995,984,3370.0,3782.0
int__tai50_20_10,2995,985,3265.0,3703.0
int__tai50_20_10,2995,986,3256.0,3693.0
int__tai50_20_10,2995,987,3364.0,3769.0
int__tai50_20_10,2995,988,3399.0,3822.0
int__tai50_20_10,2995,989,3370.0,3784.0
int__tai50_20_10,2995,990,3347.0,3800.0
int__tai50_20_10,2995,991,3434.0,3867.0
int__tai50_20_10,2995,992,3303.0,3712.0
int__tai50_20_10,2995,993,3310.0,3742.0
int__tai50_20_10,2995,994,3334.0,3727.0
int__tai50_20_10,2995,995,3290.0,3743.0
int__tai50_20_10,2995,996,3300.0,3747.0
int__tai50_20_10,2995,997,3535.0,3935.0
int__tai50_20_10,2995,998,3386.0,3829.0
int__tai50_20_10,2995,999,3314.0,3782.0
int__tai50_20_10,2995,1000,3339.0,3763.0
int__tai50_20_10,2995,1001,3231.0,3648.0
int__tai50_20_10,2995,1002,3205.0,3614.0
int__tai50_20_10,2995,1003,3307.0,3747.0
int__tai50_20_10,2995,1004,3261.0,3665.0
int__tai50_20_10,2995,1005,3326.0,3750.0
int__tai50_20_10,2995,1006,3314.0,3774.0
int__tai50_20_10,2995,1007,3515.0,3942.0
int__tai50_20_10,2995,1008,3334.0,3762.0
int__tai50_20_10,2995,1009,3308.0,3716.0
int__tai50_20_10,2995,1010,3262.0,3730.0
int__tai50_20_10,2995,1011,3277.0,3678.0
int__tai50_20_10,2995,1012,3374.0,3779.0
int__tai50_20_10,2995,1013,3401.0,3814.0
int__tai50_20_10,2995,1014,3356.0,3776.0
int__tai50_20_10,2995,1015,3345.0,3777.0
int__tai50_20_10,2995,1016,3430.0,3859.0
int__tai50_20_10,2995,1017,3237.0,3666.0
int__tai50_20_10,2995,1018,3307.0,3762.0
int__tai50_20_10,2995,1019,3330.0,3768.0
int__tai50_20_10,2995,1020,3235.0,3636.0
int__tai50_20_10,2995,1021,3256.0,3685.0
int__tai50_20_10,2995,1022,3336.0,3748.0
int__tai50_20_10,2995,1023,3269.0,3698.0
