arm,seed,instance,lb,sample_idx,lower,upper
base,8,int__tai20_15_05,1339,0,1487.0,1683.0
base,8,int__tai20_15_05,1339,1,1509.0,1754.0
base,8,int__tai20_15_05,1339,2,1533.0,1722.0
base,8,int__tai20_15_05,1339,3,1554.0,1748.0
base,8,int__tai20_15_05,1339,4,1598.0,1784.0
base,8,int__tai20_15_05,1339,5,1446.0,1670.0
base,8,int__tai20_15_05,1339,6,1553.0,1763.0
base,8,int__tai20_15_05,1339,7,1623.0,1852.0
base,8,int__tai20_15_05,1339,8,1570.0,1775.0
base,8,int__tai20_15_05,1339,9,1474.0,1688.0
base,8,int__tai20_15_05,1339,10,1519.0,1718.0
base,8,int__tai20_15_05,1339,11,1512.0,1711.0
base,8,int__tai20_15_05,1339,12,1484.0,1683.0
base,8,int__tai20_15_05,1339,13,1482.0,1652.0
base,8,int__tai20_15_05,1339,14,1522.0,1774.0
base,8,int__tai20_15_05,1339,15,1518.0,1738.0
base,8,int__tai20_15_05,1339,16,1489.0,1677.0
base,8,int__tai20_15_05,1339,17,1570.0,1793.0
base,8,int__tai20_15_05,1339,18,1459.0,1670.0
base,8,int__tai20_15_05,1339,19,1527.0,1780.0
base,8,int__tai20_15_05,1339,20,1505.0,1690.0
base,8,int__tai20_15_05,1339,21,1539.0,1763.0
base,8,int__tai20_15_05,1339,22,1558.0,1770.0
base,8,int__tai20_15_05,1339,23,1511.0,1716.0
base,8,int__tai20_15_05,1339,24,1470.0,1668.0
base,8,int__tai20_15_05,1339,25,1565.0,1780.0
base,8,int__tai20_15_05,1339,26,1507.0,1692.0
base,8,int__tai20_15_05,1339,27,1529.0,1721.0
base,8,int__tai20_15_05,1339,28,1525.0,1727.0
base,8,int__tai20_15_05,1339,29,1545.0,1748.0
base,8,int__tai20_15_05,1339,30,1486.0,1722.0
base,8,int__tai20_15_05,1339,31,1559.0,1762.0
base,8,int__tai20_15_05,1339,32,1548.0,1733.0
base,8,int__tai20_15_05,1339,33,1683.0,1884.0
base,8,int__tai20_15_05,1339,34,1509.0,1716.0
base,8,int__tai20_15_05,1339,35,1509.0,1715.0
base,8,int__tai20_15_05,1339,36,1480.0,1665.0
base,8,int__tai20_15_05,1339,37,1457.0,1678.0
base,8,int__tai20_15_05,1339,38,1494.0,1693.0
base,8,int__tai20_15_05,1339,39,1525.0,1727.0
base,8,int__tai20_15_05,1339,40,1475.0,1673.0
base,8,int__tai20_15_05,1339,41,1585.0,1775.0
base,8,int__tai20_15_05,1339,42,1556.0,1756.0
base,8,int__tai20_15_05,1339,43,1520.0,1732.0
base,8,int__tai20_15_05,1339,44,1504.0,1715.0
base,8,int__tai20_15_05,1339,45,1619.0,1844.0
base,8,int__tai20_15_05,1339,46,1440.0,1628.0
base,8,int__tai20_15_05,1339,47,1473.0,1687.0
base,8,int__tai20_15_05,1339,48,1502.0,1684.0
base,8,int__tai20_15_05,1339,49,1504.0,1707.0
base,8,int__tai20_15_05,1339,50,1584.0,1781.0
base,8,int__tai20_15_05,1339,51,1547.0,1753.0
base,8,int__tai20_15_05,1339,52,1615.0,1829.0
base,8,int__tai20_15_05,1339,53,1566.0,1788.0
base,8,int__tai20_15_05,1339,54,1570.0,1784.0
base,8,int__tai20_15_05,1339,55,1498.0,1703.0
base,8,int__tai20_15_05,1339,56,1533.0,1723.0
base,8,int__tai20_15_05,1339,57,1621.0,1865.0
base,8,int__tai20_15_05,1339,58,1596.0,1820.0
base,8,int__tai20_15_05,1339,59,1488.0,1700.0
base,8,int__tai20_15_05,1339,60,1477.0,1685.0
base,8,int__tai20_15_05,1339,61,1708.0,1919.0
base,8,int__tai20_15_05,1339,62,1457.0,1652.0
base,8,int__tai20_15_05,1339,63,1510.0,1718.0
base,8,int__tai20_15_06,1360,0,1469.0,1677.0
base,8,int__tai20_15_06,1360,1,1509.0,1693.0
base,8,int__tai20_15_06,1360,2,1516.0,1735.0
base,8,int__tai20_15_06,1360,3,1609.0,1817.0
base,8,int__tai20_15_06,1360,4,1571.0,1785.0
base,8,int__tai20_15_06,1360,5,1554.0,1767.0
base,8,int__tai20_15_06,1360,6,1474.0,1699.0
base,8,int__tai20_15_06,1360,7,1516.0,1718.0
base,8,int__tai20_15_06,1360,8,1516.0,1726.0
base,8,int__tai20_15_06,1360,9,1570.0,1796.0
base,8,int__tai20_15_06,1360,10,1508.0,1724.0
base,8,int__tai20_15_06,1360,11,1537.0,1787.0
base,8,int__tai20_15_06,1360,12,1527.0,1737.0
base,8,int__tai20_15_06,1360,13,1494.0,1743.0
base,8,int__tai20_15_06,1360,14,1581.0,1823.0
base,8,int__tai20_15_06,1360,15,1499.0,1701.0
base,8,int__tai20_15_06,1360,16,1532.0,1749.0
base,8,int__tai20_15_06,1360,17,1608.0,1819.0
base,8,int__tai20_15_06,1360,18,1515.0,1746.0
base,8,int__tai20_15_06,1360,19,1528.0,1727.0
base,8,int__tai20_15_06,1360,20,1521.0,1737.0
base,8,int__tai20_15_06,1360,21,1590.0,1800.0
base,8,int__tai20_15_06,1360,22,1664.0,1827.0
base,8,int__tai20_15_06,1360,23,1578.0,1808.0
base,8,int__tai20_15_06,1360,24,1551.0,1772.0
base,8,int__tai20_15_06,1360,25,1499.0,1735.0
base,8,int__tai20_15_06,1360,26,1525.0,1756.0
base,8,int__tai20_15_06,1360,27,1572.0,1785.0
base,8,int__tai20_15_06,1360,28,1490.0,1744.0
base,8,int__tai20_15_06,1360,29,1467.0,1701.0
base,8,int__tai20_15_06,1360,30,1537.0,1757.0
base,8,int__tai20_15_06,1360,31,1468.0,1691.0
base,8,int__tai20_15_06,1360,32,1508.0,1709.0
base,8,int__tai20_15_06,1360,33,1468.0,1691.0
base,8,int__tai20_15_06,1360,34,1506.0,1727.0
base,8,int__tai20_15_06,1360,35,1545.0,1799.0
base,8,int__tai20_15_06,1360,36,1592.0,1765.0
base,8,int__tai20_15_06,1360,37,1576.0,1765.0
base,8,int__tai20_15_06,1360,38,1478.0,1682.0
base,8,int__tai20_15_06,1360,39,1509.0,1735.0
base,8,int__tai20_15_06,1360,40,1485.0,1721.0
base,8,int__tai20_15_06,1360,41,1533.0,1767.0
base,8,int__tai20_15_06,1360,42,1496.0,1710.0
base,8,int__tai20_15_06,1360,43,1529.0,1715.0
base,8,int__tai20_15_06,1360,44,1506.0,1734.0
base,8,int__tai20_15_06,1360,45,1645.0,1846.0
base,8,int__tai20_15_06,1360,46,1519.0,1720.0
base,8,int__tai20_15_06,1360,47,1504.0,1747.0
base,8,int__tai20_15_06,1360,48,1467.0,1698.0
base,8,int__tai20_15_06,1360,49,1514.0,1754.0
base,8,int__tai20_15_06,1360,50,1591.0,1810.0
base,8,int__tai20_15_06,1360,51,1499.0,1698.0
base,8,int__tai20_15_06,1360,52,1520.0,1753.0
base,8,int__tai20_15_06,1360,53,1511.0,1706.0
base,8,int__tai20_15_06,1360,54,1564.0,1796.0
base,8,int__tai20_15_06,1360,55,1541.0,1748.0
base,8,int__tai20_15_06,1360,56,1586.0,1792.0
base,8,int__tai20_15_06,1360,57,1502.0,1717.0
base,8,int__tai20_15_06,1360,58,1508.0,1768.0
base,8,int__tai20_15_06,1360,59,1545.0,1790.0
base,8,int__tai20_15_06,1360,60,1546.0,1793.0
base,8,int__tai20_15_06,1360,61,1593.0,1840.0
base,8,int__tai20_15_06,1360,62,1486.0,1704.0
base,8,int__tai20_15_06,1360,63,1668.0,1934.0
base,8,int__tai20_15_07,1462,0,1526.0,1767.0
base,8,int__tai20_15_07,1462,1,1605.0,1817.0
base,8,int__tai20_15_07,1462,2,1643.0,1851.0
base,8,int__tai20_15_07,1462,3,1535.0,1793.0
base,8,int__tai20_15_07,1462,4,1579.0,1801.0
base,8,int__tai20_15_07,1462,5,1639.0,1852.0
base,8,int__tai20_15_07,1462,6,1588.0,1783.0
base,8,int__tai20_15_07,1462,7,1554.0,1811.0
base,8,int__tai20_15_07,1462,8,1580.0,1821.0
base,8,int__tai20_15_07,1462,9,1554.0,1784.0
base,8,int__tai20_15_07,1462,10,1570.0,1818.0
base,8,int__tai20_15_07,1462,11,1650.0,1890.0
base,8,int__tai20_15_07,1462,12,1615.0,1861.0
base,8,int__tai20_15_07,1462,13,1581.0,1786.0
base,8,int__tai20_15_07,1462,14,1562.0,1786.0
base,8,int__tai20_15_07,1462,15,1591.0,1820.0
base,8,int__tai20_15_07,1462,16,1564.0,1820.0
base,8,int__tai20_15_07,1462,17,1609.0,1788.0
base,8,int__tai20_15_07,1462,18,1567.0,1805.0
base,8,int__tai20_15_07,1462,19,1706.0,1934.0
base,8,int__tai20_15_07,1462,20,1573.0,1805.0
base,8,int__tai20_15_07,1462,21,1562.0,1767.0
base,8,int__tai20_15_07,1462,22,1579.0,1803.0
base,8,int__tai20_15_07,1462,23,1539.0,1751.0
base,8,int__tai20_15_07,1462,24,1597.0,1843.0
base,8,int__tai20_15_07,1462,25,1595.0,1828.0
base,8,int__tai20_15_07,1462,26,1524.0,1736.0
base,8,int__tai20_15_07,1462,27,1691.0,1931.0
base,8,int__tai20_15_07,1462,28,1557.0,1803.0
base,8,int__tai20_15_07,1462,29,1642.0,1860.0
base,8,int__tai20_15_07,1462,30,1557.0,1776.0
base,8,int__tai20_15_07,1462,31,1625.0,1856.0
base,8,int__tai20_15_07,1462,32,1620.0,1809.0
base,8,int__tai20_15_07,1462,33,1581.0,1831.0
base,8,int__tai20_15_07,1462,34,1565.0,1787.0
base,8,int__tai20_15_07,1462,35,1674.0,1885.0
base,8,int__tai20_15_07,1462,36,1642.0,1823.0
base,8,int__tai20_15_07,1462,37,1686.0,1891.0
base,8,int__tai20_15_07,1462,38,1582.0,1819.0
base,8,int__tai20_15_07,1462,39,1575.0,1808.0
base,8,int__tai20_15_07,1462,40,1582.0,1837.0
base,8,int__tai20_15_07,1462,41,1570.0,1773.0
base,8,int__tai20_15_07,1462,42,1625.0,1839.0
base,8,int__tai20_15_07,1462,43,1562.0,1828.0
base,8,int__tai20_15_07,1462,44,1638.0,1838.0
base,8,int__tai20_15_07,1462,45,1617.0,1828.0
base,8,int__tai20_15_07,1462,46,1655.0,1855.0
base,8,int__tai20_15_07,1462,47,1580.0,1831.0
base,8,int__tai20_15_07,1462,48,1583.0,1773.0
base,8,int__tai20_15_07,1462,49,1572.0,1800.0
base,8,int__tai20_15_07,1462,50,1599.0,1799.0
base,8,int__tai20_15_07,1462,51,1655.0,1838.0
base,8,int__tai20_15_07,1462,52,1616.0,1835.0
base,8,int__tai20_15_07,1462,53,1632.0,1852.0
base,8,int__tai20_15_07,1462,54,1595.0,1809.0
base,8,int__tai20_15_07,1462,55,1639.0,1888.0
base,8,int__tai20_15_07,1462,56,1541.0,1787.0
base,8,int__tai20_15_07,1462,57,1636.0,1852.0
base,8,int__tai20_15_07,1462,58,1630.0,1845.0
base,8,int__tai20_15_07,1462,59,1597.0,1833.0
base,8,int__tai20_15_07,1462,60,1529.0,1787.0
base,8,int__tai20_15_07,1462,61,1597.0,1826.0
base,8,int__tai20_15_07,1462,62,1569.0,1810.0
base,8,int__tai20_15_07,1462,63,1582.0,1826.0
base,8,int__tai20_15_08,1377,0,1602.0,1813.0
base,8,int__tai20_15_08,1377,1,1608.0,1838.0
base,8,int__tai20_15_08,1377,2,1601.0,1811.0
base,8,int__tai20_15_08,1377,3,1565.0,1794.0
base,8,int__tai20_15_08,1377,4,1588.0,1794.0
base,8,int__tai20_15_08,1377,5,1582.0,1804.0
base,8,int__tai20_15_08,1377,6,1558.0,1761.0
base,8,int__tai20_15_08,1377,7,1602.0,1864.0
base,8,int__tai20_15_08,1377,8,1551.0,1782.0
base,8,int__tai20_15_08,1377,9,1629.0,1869.0
base,8,int__tai20_15_08,1377,10,1692.0,1929.0
base,8,int__tai20_15_08,1377,11,1611.0,1806.0
base,8,int__tai20_15_08,1377,12,1603.0,1868.0
base,8,int__tai20_15_08,1377,13,1604.0,1833.0
base,8,int__tai20_15_08,1377,14,1608.0,1837.0
base,8,int__tai20_15_08,1377,15,1544.0,1764.0
base,8,int__tai20_15_08,1377,16,1551.0,1755.0
base,8,int__tai20_15_08,1377,17,1611.0,1839.0
base,8,int__tai20_15_08,1377,18,1612.0,1818.0
base,8,int__tai20_15_08,1377,19,1692.0,1901.0
base,8,int__tai20_15_08,1377,20,1554.0,1755.0
base,8,int__tai20_15_08,1377,21,1531.0,1753.0
base,8,int__tai20_15_08,1377,22,1608.0,1858.0
base,8,int__tai20_15_08,1377,23,1579.0,1788.0
base,8,int__tai20_15_08,1377,24,1534.0,1760.0
base,8,int__tai20_15_08,1377,25,1627.0,1792.0
base,8,int__tai20_15_08,1377,26,1562.0,1762.0
base,8,int__tai20_15_08,1377,27,1619.0,1837.0
base,8,int__tai20_15_08,1377,28,1668.0,1859.0
base,8,int__tai20_15_08,1377,29,1547.0,1771.0
base,8,int__tai20_15_08,1377,30,1629.0,1824.0
base,8,int__tai20_15_08,1377,31,1603.0,1793.0
base,8,int__tai20_15_08,1377,32,1563.0,1804.0
base,8,int__tai20_15_08,1377,33,1571.0,1779.0
base,8,int__tai20_15_08,1377,34,1565.0,1780.0
base,8,int__tai20_15_08,1377,35,1603.0,1808.0
base,8,int__tai20_15_08,1377,36,1571.0,1825.0
base,8,int__tai20_15_08,1377,37,1559.0,1795.0
base,8,int__tai20_15_08,1377,38,1523.0,1733.0
base,8,int__tai20_15_08,1377,39,1513.0,1737.0
base,8,int__tai20_15_08,1377,40,1630.0,1803.0
base,8,int__tai20_15_08,1377,41,1594.0,1780.0
base,8,int__tai20_15_08,1377,42,1555.0,1763.0
base,8,int__tai20_15_08,1377,43,1601.0,1773.0
base,8,int__tai20_15_08,1377,44,1607.0,1816.0
base,8,int__tai20_15_08,1377,45,1654.0,1910.0
base,8,int__tai20_15_08,1377,46,1592.0,1764.0
base,8,int__tai20_15_08,1377,47,1602.0,1825.0
base,8,int__tai20_15_08,1377,48,1549.0,1790.0
base,8,int__tai20_15_08,1377,49,1566.0,1803.0
base,8,int__tai20_15_08,1377,50,1559.0,1776.0
base,8,int__tai20_15_08,1377,51,1620.0,1846.0
base,8,int__tai20_15_08,1377,52,1596.0,1817.0
base,8,int__tai20_15_08,1377,53,1594.0,1798.0
base,8,int__tai20_15_08,1377,54,1556.0,1752.0
base,8,int__tai20_15_08,1377,55,1685.0,1910.0
base,8,int__tai20_15_08,1377,56,1574.0,1780.0
base,8,int__tai20_15_08,1377,57,1521.0,1747.0
base,8,int__tai20_15_08,1377,58,1498.0,1716.0
base,8,int__tai20_15_08,1377,59,1571.0,1805.0
base,8,int__tai20_15_08,1377,60,1543.0,1780.0
base,8,int__tai20_15_08,1377,61,1602.0,1814.0
base,8,int__tai20_15_08,1377,62,1646.0,1826.0
base,8,int__tai20_15_08,1377,63,1588.0,1804.0
base,8,int__tai20_15_09,1332,0,1385.0,1577.0
base,8,int__tai20_15_09,1332,1,1447.0,1625.0
base,8,int__tai20_15_09,1332,2,1489.0,1722.0
base,8,int__tai20_15_09,1332,3,1458.0,1712.0
base,8,int__tai20_15_09,1332,4,1463.0,1714.0
base,8,int__tai20_15_09,1332,5,1458.0,1657.0
base,8,int__tai20_15_09,1332,6,1446.0,1663.0
base,8,int__tai20_15_09,1332,7,1496.0,1693.0
base,8,int__tai20_15_09,1332,8,1463.0,1666.0
base,8,int__tai20_15_09,1332,9,1408.0,1621.0
base,8,int__tai20_15_09,1332,10,1434.0,1670.0
base,8,int__tai20_15_09,1332,11,1463.0,1682.0
base,8,int__tai20_15_09,1332,12,1482.0,1727.0
base,8,int__tai20_15_09,1332,13,1439.0,1643.0
base,8,int__tai20_15_09,1332,14,1432.0,1655.0
base,8,int__tai20_15_09,1332,15,1440.0,1628.0
base,8,int__tai20_15_09,1332,16,1454.0,1655.0
base,8,int__tai20_15_09,1332,17,1429.0,1638.0
base,8,int__tai20_15_09,1332,18,1460.0,1656.0
base,8,int__tai20_15_09,1332,19,1478.0,1695.0
base,8,int__tai20_15_09,1332,20,1425.0,1624.0
base,8,int__tai20_15_09,1332,21,1472.0,1677.0
base,8,int__tai20_15_09,1332,22,1457.0,1675.0
base,8,int__tai20_15_09,1332,23,1439.0,1679.0
base,8,int__tai20_15_09,1332,24,1458.0,1660.0
base,8,int__tai20_15_09,1332,25,1463.0,1677.0
base,8,int__tai20_15_09,1332,26,1470.0,1698.0
base,8,int__tai20_15_09,1332,27,1453.0,1670.0
base,8,int__tai20_15_09,1332,28,1437.0,1666.0
base,8,int__tai20_15_09,1332,29,1478.0,1694.0
base,8,int__tai20_15_09,1332,30,1460.0,1726.0
base,8,int__tai20_15_09,1332,31,1486.0,1704.0
base,8,int__tai20_15_09,1332,32,1427.0,1647.0
base,8,int__tai20_15_09,1332,33,1492.0,1694.0
base,8,int__tai20_15_09,1332,34,1423.0,1616.0
base,8,int__tai20_15_09,1332,35,1429.0,1621.0
base,8,int__tai20_15_09,1332,36,1477.0,1651.0
base,8,int__tai20_15_09,1332,37,1442.0,1710.0
base,8,int__tai20_15_09,1332,38,1450.0,1646.0
base,8,int__tai20_15_09,1332,39,1517.0,1720.0
base,8,int__tai20_15_09,1332,40,1457.0,1712.0
base,8,int__tai20_15_09,1332,41,1424.0,1633.0
base,8,int__tai20_15_09,1332,42,1454.0,1676.0
base,8,int__tai20_15_09,1332,43,1436.0,1636.0
base,8,int__tai20_15_09,1332,44,1423.0,1679.0
base,8,int__tai20_15_09,1332,45,1420.0,1607.0
base,8,int__tai20_15_09,1332,46,1421.0,1676.0
base,8,int__tai20_15_09,1332,47,1442.0,1649.0
base,8,int__tai20_15_09,1332,48,1485.0,1700.0
base,8,int__tai20_15_09,1332,49,1456.0,1712.0
base,8,int__tai20_15_09,1332,50,1498.0,1668.0
base,8,int__tai20_15_09,1332,51,1498.0,1685.0
base,8,int__tai20_15_09,1332,52,1511.0,1717.0
base,8,int__tai20_15_09,1332,53,1447.0,1704.0
base,8,int__tai20_15_09,1332,54,1480.0,1692.0
base,8,int__tai20_15_09,1332,55,1493.0,1712.0
base,8,int__tai20_15_09,1332,56,1478.0,1708.0
base,8,int__tai20_15_09,1332,57,1456.0,1706.0
base,8,int__tai20_15_09,1332,58,1442.0,1647.0
base,8,int__tai20_15_09,1332,59,1458.0,1640.0
base,8,int__tai20_15_09,1332,60,1436.0,1686.0
base,8,int__tai20_15_09,1332,61,1385.0,1598.0
base,8,int__tai20_15_09,1332,62,1443.0,1668.0
base,8,int__tai20_15_09,1332,63,1478.0,1704.0
base,8,int__tai20_15_10,1348,0,1546.0,1752.0
base,8,int__tai20_15_10,1348,1,1479.0,1700.0
base,8,int__tai20_15_10,1348,2,1516.0,1744.0
base,8,int__tai20_15_10,1348,3,1596.0,1833.0
base,8,int__tai20_15_10,1348,4,1536.0,1762.0
base,8,int__tai20_15_10,1348,5,1577.0,1807.0
base,8,int__tai20_15_10,1348,6,1601.0,1814.0
base,8,int__tai20_15_10,1348,7,1477.0,1697.0
base,8,int__tai20_15_10,1348,8,1535.0,1774.0
base,8,int__tai20_15_10,1348,9,1489.0,1699.0
base,8,int__tai20_15_10,1348,10,1519.0,1772.0
base,8,int__tai20_15_10,1348,11,1484.0,1704.0
base,8,int__tai20_15_10,1348,12,1511.0,1726.0
base,8,int__tai20_15_10,1348,13,1550.0,1804.0
base,8,int__tai20_15_10,1348,14,1508.0,1726.0
base,8,int__tai20_15_10,1348,15,1599.0,1845.0
base,8,int__tai20_15_10,1348,16,1469.0,1687.0
base,8,int__tai20_15_10,1348,17,1530.0,1733.0
base,8,int__tai20_15_10,1348,18,1489.0,1678.0
base,8,int__tai20_15_10,1348,19,1532.0,1772.0
base,8,int__tai20_15_10,1348,20,1474.0,1718.0
base,8,int__tai20_15_10,1348,21,1590.0,1797.0
base,8,int__tai20_15_10,1348,22,1560.0,1809.0
base,8,int__tai20_15_10,1348,23,1558.0,1789.0
base,8,int__tai20_15_10,1348,24,1543.0,1764.0
base,8,int__tai20_15_10,1348,25,1479.0,1690.0
base,8,int__tai20_15_10,1348,26,1588.0,1816.0
base,8,int__tai20_15_10,1348,27,1623.0,1867.0
base,8,int__tai20_15_10,1348,28,1528.0,1731.0
base,8,int__tai20_15_10,1348,29,1625.0,1885.0
base,8,int__tai20_15_10,1348,30,1598.0,1838.0
base,8,int__tai20_15_10,1348,31,1473.0,1688.0
base,8,int__tai20_15_10,1348,32,1468.0,1689.0
base,8,int__tai20_15_10,1348,33,1578.0,1817.0
base,8,int__tai20_15_10,1348,34,1599.0,1810.0
base,8,int__tai20_15_10,1348,35,1629.0,1898.0
base,8,int__tai20_15_10,1348,36,1559.0,1775.0
base,8,int__tai20_15_10,1348,37,1478.0,1701.0
base,8,int__tai20_15_10,1348,38,1514.0,1738.0
base,8,int__tai20_15_10,1348,39,1603.0,1821.0
base,8,int__tai20_15_10,1348,40,1566.0,1798.0
base,8,int__tai20_15_10,1348,41,1507.0,1699.0
base,8,int__tai20_15_10,1348,42,1588.0,1844.0
base,8,int__tai20_15_10,1348,43,1597.0,1790.0
base,8,int__tai20_15_10,1348,44,1588.0,1840.0
base,8,int__tai20_15_10,1348,45,1538.0,1785.0
base,8,int__tai20_15_10,1348,46,1530.0,1715.0
base,8,int__tai20_15_10,1348,47,1439.0,1669.0
base,8,int__tai20_15_10,1348,48,1539.0,1760.0
base,8,int__tai20_15_10,1348,49,1481.0,1711.0
base,8,int__tai20_15_10,1348,50,1560.0,1795.0
base,8,int__tai20_15_10,1348,51,1530.0,1710.0
base,8,int__tai20_15_10,1348,52,1566.0,1754.0
base,8,int__tai20_15_10,1348,53,1531.0,1734.0
base,8,int__tai20_15_10,1348,54,1490.0,1686.0
base,8,int__tai20_15_10,1348,55,1500.0,1716.0
base,8,int__tai20_15_10,1348,56,1510.0,1747.0
base,8,int__tai20_15_10,1348,57,1498.0,1706.0
base,8,int__tai20_15_10,1348,58,1481.0,1691.0
base,8,int__tai20_15_10,1348,59,1706.0,1952.0
base,8,int__tai20_15_10,1348,60,1541.0,1745.0
base,8,int__tai20_15_10,1348,61,1552.0,1783.0
base,8,int__tai20_15_10,1348,62,1519.0,1746.0
base,8,int__tai20_15_10,1348,63,1607.0,1886.0
lam0p5,7,int__tai20_15_05,1339,0,1456.0,1680.0
lam0p5,7,int__tai20_15_05,1339,1,1577.0,1774.0
lam0p5,7,int__tai20_15_05,1339,2,1614.0,1812.0
lam0p5,7,int__tai20_15_05,1339,3,1450.0,1653.0
lam0p5,7,int__tai20_15_05,1339,4,1492.0,1693.0
lam0p5,7,int__tai20_15_05,1339,5,1550.0,1750.0
lam0p5,7,int__tai20_15_05,1339,6,1495.0,1703.0
lam0p5,7,int__tai20_15_05,1339,7,1542.0,1748.0
lam0p5,7,int__tai20_15_05,1339,8,1536.0,1745.0
lam0p5,7,int__tai20_15_05,1339,9,1651.0,1862.0
lam0p5,7,int__tai20_15_05,1339,10,1533.0,1728.0
lam0p5,7,int__tai20_15_05,1339,11,1586.0,1845.0
lam0p5,7,int__tai20_15_05,1339,12,1584.0,1794.0
lam0p5,7,int__tai20_15_05,1339,13,1515.0,1716.0
lam0p5,7,int__tai20_15_05,1339,14,1636.0,1872.0
lam0p5,7,int__tai20_15_05,1339,15,1616.0,1826.0
lam0p5,7,int__tai20_15_05,1339,16,1559.0,1741.0
lam0p5,7,int__tai20_15_05,1339,17,1536.0,1739.0
lam0p5,7,int__tai20_15_05,1339,18,1591.0,1759.0
lam0p5,7,int__tai20_15_05,1339,19,1516.0,1728.0
lam0p5,7,int__tai20_15_05,1339,20,1686.0,1899.0
lam0p5,7,int__tai20_15_05,1339,21,1538.0,1723.0
lam0p5,7,int__tai20_15_05,1339,22,1547.0,1717.0
lam0p5,7,int__tai20_15_05,1339,23,1491.0,1700.0
lam0p5,7,int__tai20_15_05,1339,24,1579.0,1790.0
lam0p5,7,int__tai20_15_05,1339,25,1559.0,1781.0
lam0p5,7,int__tai20_15_05,1339,26,1541.0,1758.0
lam0p5,7,int__tai20_15_05,1339,27,1514.0,1743.0
lam0p5,7,int__tai20_15_05,1339,28,1583.0,1837.0
lam0p5,7,int__tai20_15_05,1339,29,1644.0,1883.0
lam0p5,7,int__tai20_15_05,1339,30,1532.0,1757.0
lam0p5,7,int__tai20_15_05,1339,31,1551.0,1761.0
lam0p5,7,int__tai20_15_05,1339,32,1577.0,1807.0
lam0p5,7,int__tai20_15_05,1339,33,1505.0,1718.0
lam0p5,7,int__tai20_15_05,1339,34,1592.0,1811.0
lam0p5,7,int__tai20_15_05,1339,35,1465.0,1683.0
lam0p5,7,int__tai20_15_05,1339,36,1553.0,1740.0
lam0p5,7,int__tai20_15_05,1339,37,1487.0,1726.0
lam0p5,7,int__tai20_15_05,1339,38,1508.0,1752.0
lam0p5,7,int__tai20_15_05,1339,39,1596.0,1822.0
lam0p5,7,int__tai20_15_05,1339,40,1658.0,1890.0
lam0p5,7,int__tai20_15_05,1339,41,1595.0,1787.0
lam0p5,7,int__tai20_15_05,1339,42,1556.0,1758.0
lam0p5,7,int__tai20_15_05,1339,43,1599.0,1808.0
lam0p5,7,int__tai20_15_05,1339,44,1524.0,1740.0
lam0p5,7,int__tai20_15_05,1339,45,1497.0,1667.0
lam0p5,7,int__tai20_15_05,1339,46,1512.0,1725.0
lam0p5,7,int__tai20_15_05,1339,47,1549.0,1779.0
lam0p5,7,int__tai20_15_05,1339,48,1474.0,1688.0
lam0p5,7,int__tai20_15_05,1339,49,1566.0,1792.0
lam0p5,7,int__tai20_15_05,1339,50,1525.0,1738.0
lam0p5,7,int__tai20_15_05,1339,51,1548.0,1753.0
lam0p5,7,int__tai20_15_05,1339,52,1629.0,1849.0
lam0p5,7,int__tai20_15_05,1339,53,1612.0,1804.0
lam0p5,7,int__tai20_15_05,1339,54,1565.0,1795.0
lam0p5,7,int__tai20_15_05,1339,55,1539.0,1770.0
lam0p5,7,int__tai20_15_05,1339,56,1596.0,1797.0
lam0p5,7,int__tai20_15_05,1339,57,1510.0,1727.0
lam0p5,7,int__tai20_15_05,1339,58,1542.0,1732.0
lam0p5,7,int__tai20_15_05,1339,59,1513.0,1747.0
lam0p5,7,int__tai20_15_05,1339,60,1505.0,1725.0
lam0p5,7,int__tai20_15_05,1339,61,1556.0,1752.0
lam0p5,7,int__tai20_15_05,1339,62,1512.0,1705.0
lam0p5,7,int__tai20_15_05,1339,63,1517.0,1728.0
lam0p5,7,int__tai20_15_06,1360,0,1496.0,1721.0
lam0p5,7,int__tai20_15_06,1360,1,1532.0,1802.0
lam0p5,7,int__tai20_15_06,1360,2,1552.0,1786.0
lam0p5,7,int__tai20_15_06,1360,3,1599.0,1831.0
lam0p5,7,int__tai20_15_06,1360,4,1466.0,1712.0
lam0p5,7,int__tai20_15_06,1360,5,1642.0,1893.0
lam0p5,7,int__tai20_15_06,1360,6,1466.0,1712.0
lam0p5,7,int__tai20_15_06,1360,7,1543.0,1782.0
lam0p5,7,int__tai20_15_06,1360,8,1466.0,1692.0
lam0p5,7,int__tai20_15_06,1360,9,1557.0,1762.0
lam0p5,7,int__tai20_15_06,1360,10,1554.0,1796.0
lam0p5,7,int__tai20_15_06,1360,11,1511.0,1770.0
lam0p5,7,int__tai20_15_06,1360,12,1576.0,1810.0
lam0p5,7,int__tai20_15_06,1360,13,1611.0,1834.0
lam0p5,7,int__tai20_15_06,1360,14,1482.0,1705.0
lam0p5,7,int__tai20_15_06,1360,15,1540.0,1798.0
lam0p5,7,int__tai20_15_06,1360,16,1484.0,1729.0
lam0p5,7,int__tai20_15_06,1360,17,1487.0,1717.0
lam0p5,7,int__tai20_15_06,1360,18,1500.0,1715.0
lam0p5,7,int__tai20_15_06,1360,19,1553.0,1754.0
lam0p5,7,int__tai20_15_06,1360,20,1564.0,1825.0
lam0p5,7,int__tai20_15_06,1360,21,1602.0,1835.0
lam0p5,7,int__tai20_15_06,1360,22,1473.0,1727.0
lam0p5,7,int__tai20_15_06,1360,23,1532.0,1777.0
lam0p5,7,int__tai20_15_06,1360,24,1543.0,1791.0
lam0p5,7,int__tai20_15_06,1360,25,1569.0,1790.0
lam0p5,7,int__tai20_15_06,1360,26,1542.0,1774.0
lam0p5,7,int__tai20_15_06,1360,27,1580.0,1760.0
lam0p5,7,int__tai20_15_06,1360,28,1512.0,1740.0
lam0p5,7,int__tai20_15_06,1360,29,1552.0,1795.0
lam0p5,7,int__tai20_15_06,1360,30,1502.0,1743.0
lam0p5,7,int__tai20_15_06,1360,31,1560.0,1778.0
lam0p5,7,int__tai20_15_06,1360,32,1609.0,1833.0
lam0p5,7,int__tai20_15_06,1360,33,1553.0,1801.0
lam0p5,7,int__tai20_15_06,1360,34,1482.0,1712.0
lam0p5,7,int__tai20_15_06,1360,35,1527.0,1776.0
lam0p5,7,int__tai20_15_06,1360,36,1562.0,1819.0
lam0p5,7,int__tai20_15_06,1360,37,1626.0,1876.0
lam0p5,7,int__tai20_15_06,1360,38,1567.0,1818.0
lam0p5,7,int__tai20_15_06,1360,39,1547.0,1795.0
lam0p5,7,int__tai20_15_06,1360,40,1599.0,1821.0
lam0p5,7,int__tai20_15_06,1360,41,1557.0,1797.0
lam0p5,7,int__tai20_15_06,1360,42,1527.0,1791.0
lam0p5,7,int__tai20_15_06,1360,43,1515.0,1752.0
lam0p5,7,int__tai20_15_06,1360,44,1475.0,1726.0
lam0p5,7,int__tai20_15_06,1360,45,1537.0,1791.0
lam0p5,7,int__tai20_15_06,1360,46,1580.0,1837.0
lam0p5,7,int__tai20_15_06,1360,47,1532.0,1785.0
lam0p5,7,int__tai20_15_06,1360,48,1605.0,1841.0
lam0p5,7,int__tai20_15_06,1360,49,1562.0,1791.0
lam0p5,7,int__tai20_15_06,1360,50,1599.0,1839.0
lam0p5,7,int__tai20_15_06,1360,51,1526.0,1787.0
lam0p5,7,int__tai20_15_06,1360,52,1513.0,1768.0
lam0p5,7,int__tai20_15_06,1360,53,1487.0,1691.0
lam0p5,7,int__tai20_15_06,1360,54,1537.0,1813.0
lam0p5,7,int__tai20_15_06,1360,55,1552.0,1767.0
lam0p5,7,int__tai20_15_06,1360,56,1538.0,1755.0
lam0p5,7,int__tai20_15_06,1360,57,1554.0,1779.0
lam0p5,7,int__tai20_15_06,1360,58,1531.0,1748.0
lam0p5,7,int__tai20_15_06,1360,59,1603.0,1859.0
lam0p5,7,int__tai20_15_06,1360,60,1583.0,1837.0
lam0p5,7,int__tai20_15_06,1360,61,1499.0,1757.0
lam0p5,7,int__tai20_15_06,1360,62,1492.0,1730.0
lam0p5,7,int__tai20_15_06,1360,63,1606.0,1805.0
lam0p5,7,int__tai20_15_07,1462,0,1539.0,1795.0
lam0p5,7,int__tai20_15_07,1462,1,1647.0,1901.0
lam0p5,7,int__tai20_15_07,1462,2,1687.0,1941.0
lam0p5,7,int__tai20_15_07,1462,3,1737.0,1986.0
lam0p5,7,int__tai20_15_07,1462,4,1615.0,1839.0
lam0p5,7,int__tai20_15_07,1462,5,1597.0,1839.0
lam0p5,7,int__tai20_15_07,1462,6,1612.0,1822.0
lam0p5,7,int__tai20_15_07,1462,7,1650.0,1884.0
lam0p5,7,int__tai20_15_07,1462,8,1652.0,1929.0
lam0p5,7,int__tai20_15_07,1462,9,1573.0,1814.0
lam0p5,7,int__tai20_15_07,1462,10,1661.0,1857.0
lam0p5,7,int__tai20_15_07,1462,11,1651.0,1868.0
lam0p5,7,int__tai20_15_07,1462,12,1620.0,1868.0
lam0p5,7,int__tai20_15_07,1462,13,1560.0,1788.0
lam0p5,7,int__tai20_15_07,1462,14,1630.0,1875.0
lam0p5,7,int__tai20_15_07,1462,15,1657.0,1895.0
lam0p5,7,int__tai20_15_07,1462,16,1617.0,1829.0
lam0p5,7,int__tai20_15_07,1462,17,1687.0,1899.0
lam0p5,7,int__tai20_15_07,1462,18,1629.0,1879.0
lam0p5,7,int__tai20_15_07,1462,19,1552.0,1769.0
lam0p5,7,int__tai20_15_07,1462,20,1650.0,1895.0
lam0p5,7,int__tai20_15_07,1462,21,1600.0,1853.0
lam0p5,7,int__tai20_15_07,1462,22,1549.0,1788.0
lam0p5,7,int__tai20_15_07,1462,23,1558.0,1811.0
lam0p5,7,int__tai20_15_07,1462,24,1726.0,1968.0
lam0p5,7,int__tai20_15_07,1462,25,1715.0,1906.0
lam0p5,7,int__tai20_15_07,1462,26,1656.0,1926.0
lam0p5,7,int__tai20_15_07,1462,27,1657.0,1886.0
lam0p5,7,int__tai20_15_07,1462,28,1648.0,1867.0
lam0p5,7,int__tai20_15_07,1462,29,1716.0,1917.0
lam0p5,7,int__tai20_15_07,1462,30,1821.0,2101.0
lam0p5,7,int__tai20_15_07,1462,31,1651.0,1889.0
lam0p5,7,int__tai20_15_07,1462,32,1626.0,1887.0
lam0p5,7,int__tai20_15_07,1462,33,1551.0,1783.0
lam0p5,7,int__tai20_15_07,1462,34,1675.0,1886.0
lam0p5,7,int__tai20_15_07,1462,35,1565.0,1797.0
lam0p5,7,int__tai20_15_07,1462,36,1633.0,1870.0
lam0p5,7,int__tai20_15_07,1462,37,1645.0,1858.0
lam0p5,7,int__tai20_15_07,1462,38,1578.0,1768.0
lam0p5,7,int__tai20_15_07,1462,39,1738.0,1968.0
lam0p5,7,int__tai20_15_07,1462,40,1628.0,1835.0
lam0p5,7,int__tai20_15_07,1462,41,1719.0,1980.0
lam0p5,7,int__tai20_15_07,1462,42,1656.0,1902.0
lam0p5,7,int__tai20_15_07,1462,43,1631.0,1896.0
lam0p5,7,int__tai20_15_07,1462,44,1636.0,1914.0
lam0p5,7,int__tai20_15_07,1462,45,1578.0,1815.0
lam0p5,7,int__tai20_15_07,1462,46,1617.0,1831.0
lam0p5,7,int__tai20_15_07,1462,47,1581.0,1817.0
lam0p5,7,int__tai20_15_07,1462,48,1670.0,1921.0
lam0p5,7,int__tai20_15_07,1462,49,1681.0,1928.0
lam0p5,7,int__tai20_15_07,1462,50,1560.0,1803.0
lam0p5,7,int__tai20_15_07,1462,51,1657.0,1855.0
lam0p5,7,int__tai20_15_07,1462,52,1590.0,1865.0
lam0p5,7,int__tai20_15_07,1462,53,1570.0,1776.0
lam0p5,7,int__tai20_15_07,1462,54,1623.0,1867.0
lam0p5,7,int__tai20_15_07,1462,55,1599.0,1809.0
lam0p5,7,int__tai20_15_07,1462,56,1641.0,1852.0
lam0p5,7,int__tai20_15_07,1462,57,1642.0,1846.0
lam0p5,7,int__tai20_15_07,1462,58,1622.0,1873.0
lam0p5,7,int__tai20_15_07,1462,59,1727.0,1961.0
lam0p5,7,int__tai20_15_07,1462,60,1682.0,1901.0
lam0p5,7,int__tai20_15_07,1462,61,1654.0,1870.0
lam0p5,7,int__tai20_15_07,1462,62,1719.0,1940.0
lam0p5,7,int__tai20_15_07,1462,63,1655.0,1888.0
lam0p5,7,int__tai20_15_08,1377,0,1556.0,1802.0
lam0p5,7,int__tai20_15_08,1377,1,1595.0,1813.0
lam0p5,7,int__tai20_15_08,1377,2,1535.0,1759.0
lam0p5,7,int__tai20_15_08,1377,3,1596.0,1794.0
lam0p5,7,int__tai20_15_08,1377,4,1710.0,1913.0
lam0p5,7,int__tai20_15_08,1377,5,1581.0,1782.0
lam0p5,7,int__tai20_15_08,1377,6,1697.0,1919.0
lam0p5,7,int__tai20_15_08,1377,7,1542.0,1772.0
lam0p5,7,int__tai20_15_08,1377,8,1593.0,1827.0
lam0p5,7,int__tai20_15_08,1377,9,1611.0,1848.0
lam0p5,7,int__tai20_15_08,1377,10,1638.0,1861.0
lam0p5,7,int__tai20_15_08,1377,11,1588.0,1809.0
lam0p5,7,int__tai20_15_08,1377,12,1566.0,1750.0
lam0p5,7,int__tai20_15_08,1377,13,1586.0,1814.0
lam0p5,7,int__tai20_15_08,1377,14,1590.0,1828.0
lam0p5,7,int__tai20_15_08,1377,15,1553.0,1767.0
lam0p5,7,int__tai20_15_08,1377,16,1581.0,1817.0
lam0p5,7,int__tai20_15_08,1377,17,1568.0,1789.0
lam0p5,7,int__tai20_15_08,1377,18,1581.0,1802.0
lam0p5,7,int__tai20_15_08,1377,19,1523.0,1736.0
lam0p5,7,int__tai20_15_08,1377,20,1530.0,1723.0
lam0p5,7,int__tai20_15_08,1377,21,1618.0,1857.0
lam0p5,7,int__tai20_15_08,1377,22,1599.0,1823.0
lam0p5,7,int__tai20_15_08,1377,23,1519.0,1750.0
lam0p5,7,int__tai20_15_08,1377,24,1590.0,1816.0
lam0p5,7,int__tai20_15_08,1377,25,1686.0,1888.0
lam0p5,7,int__tai20_15_08,1377,26,1525.0,1733.0
lam0p5,7,int__tai20_15_08,1377,27,1560.0,1770.0
lam0p5,7,int__tai20_15_08,1377,28,1650.0,1856.0
lam0p5,7,int__tai20_15_08,1377,29,1622.0,1879.0
lam0p5,7,int__tai20_15_08,1377,30,1589.0,1784.0
lam0p5,7,int__tai20_15_08,1377,31,1558.0,1761.0
lam0p5,7,int__tai20_15_08,1377,32,1556.0,1743.0
lam0p5,7,int__tai20_15_08,1377,33,1539.0,1755.0
lam0p5,7,int__tai20_15_08,1377,34,1562.0,1760.0
lam0p5,7,int__tai20_15_08,1377,35,1603.0,1841.0
lam0p5,7,int__tai20_15_08,1377,36,1590.0,1803.0
lam0p5,7,int__tai20_15_08,1377,37,1549.0,1750.0
lam0p5,7,int__tai20_15_08,1377,38,1556.0,1781.0
lam0p5,7,int__tai20_15_08,1377,39,1541.0,1745.0
lam0p5,7,int__tai20_15_08,1377,40,1620.0,1811.0
lam0p5,7,int__tai20_15_08,1377,41,1480.0,1704.0
lam0p5,7,int__tai20_15_08,1377,42,1585.0,1805.0
lam0p5,7,int__tai20_15_08,1377,43,1638.0,1846.0
lam0p5,7,int__tai20_15_08,1377,44,1530.0,1744.0
lam0p5,7,int__tai20_15_08,1377,45,1584.0,1792.0
lam0p5,7,int__tai20_15_08,1377,46,1552.0,1748.0
lam0p5,7,int__tai20_15_08,1377,47,1619.0,1862.0
lam0p5,7,int__tai20_15_08,1377,48,1587.0,1773.0
lam0p5,7,int__tai20_15_08,1377,49,1595.0,1798.0
lam0p5,7,int__tai20_15_08,1377,50,1615.0,1794.0
lam0p5,7,int__tai20_15_08,1377,51,1538.0,1756.0
lam0p5,7,int__tai20_15_08,1377,52,1548.0,1782.0
lam0p5,7,int__tai20_15_08,1377,53,1517.0,1712.0
lam0p5,7,int__tai20_15_08,1377,54,1536.0,1738.0
lam0p5,7,int__tai20_15_08,1377,55,1645.0,1913.0
lam0p5,7,int__tai20_15_08,1377,56,1548.0,1785.0
lam0p5,7,int__tai20_15_08,1377,57,1541.0,1744.0
lam0p5,7,int__tai20_15_08,1377,58,1540.0,1764.0
lam0p5,7,int__tai20_15_08,1377,59,1550.0,1759.0
lam0p5,7,int__tai20_15_08,1377,60,1529.0,1737.0
lam0p5,7,int__tai20_15_08,1377,61,1619.0,1857.0
lam0p5,7,int__tai20_15_08,1377,62,1650.0,1882.0
lam0p5,7,int__tai20_15_08,1377,63,1546.0,1748.0
lam0p5,7,int__tai20_15_09,1332,0,1507.0,1752.0
lam0p5,7,int__tai20_15_09,1332,1,1461.0,1670.0
lam0p5,7,int__tai20_15_09,1332,2,1565.0,1750.0
lam0p5,7,int__tai20_15_09,1332,3,1458.0,1695.0
lam0p5,7,int__tai20_15_09,1332,4,1554.0,1777.0
lam0p5,7,int__tai20_15_09,1332,5,1545.0,1782.0
lam0p5,7,int__tai20_15_09,1332,6,1546.0,1817.0
lam0p5,7,int__tai20_15_09,1332,7,1494.0,1769.0
lam0p5,7,int__tai20_15_09,1332,8,1490.0,1742.0
lam0p5,7,int__tai20_15_09,1332,9,1513.0,1766.0
lam0p5,7,int__tai20_15_09,1332,10,1597.0,1866.0
lam0p5,7,int__tai20_15_09,1332,11,1512.0,1764.0
lam0p5,7,int__tai20_15_09,1332,12,1477.0,1753.0
lam0p5,7,int__tai20_15_09,1332,13,1486.0,1772.0
lam0p5,7,int__tai20_15_09,1332,14,1494.0,1733.0
lam0p5,7,int__tai20_15_09,1332,15,1565.0,1762.0
lam0p5,7,int__tai20_15_09,1332,16,1526.0,1727.0
lam0p5,7,int__tai20_15_09,1332,17,1528.0,1793.0
lam0p5,7,int__tai20_15_09,1332,18,1482.0,1748.0
lam0p5,7,int__tai20_15_09,1332,19,1526.0,1751.0
lam0p5,7,int__tai20_15_09,1332,20,1473.0,1695.0
lam0p5,7,int__tai20_15_09,1332,21,1529.0,1794.0
lam0p5,7,int__tai20_15_09,1332,22,1463.0,1711.0
lam0p5,7,int__tai20_15_09,1332,23,1551.0,1764.0
lam0p5,7,int__tai20_15_09,1332,24,1476.0,1764.0
lam0p5,7,int__tai20_15_09,1332,25,1503.0,1753.0
lam0p5,7,int__tai20_15_09,1332,26,1487.0,1756.0
lam0p5,7,int__tai20_15_09,1332,27,1475.0,1757.0
lam0p5,7,int__tai20_15_09,1332,28,1567.0,1838.0
lam0p5,7,int__tai20_15_09,1332,29,1523.0,1776.0
lam0p5,7,int__tai20_15_09,1332,30,1521.0,1765.0
lam0p5,7,int__tai20_15_09,1332,31,1493.0,1767.0
lam0p5,7,int__tai20_15_09,1332,32,1552.0,1786.0
lam0p5,7,int__tai20_15_09,1332,33,1537.0,1805.0
lam0p5,7,int__tai20_15_09,1332,34,1552.0,1801.0
lam0p5,7,int__tai20_15_09,1332,35,1493.0,1735.0
lam0p5,7,int__tai20_15_09,1332,36,1496.0,1703.0
lam0p5,7,int__tai20_15_09,1332,37,1613.0,1814.0
lam0p5,7,int__tai20_15_09,1332,38,1453.0,1712.0
lam0p5,7,int__tai20_15_09,1332,39,1570.0,1776.0
lam0p5,7,int__tai20_15_09,1332,40,1522.0,1790.0
lam0p5,7,int__tai20_15_09,1332,41,1526.0,1803.0
lam0p5,7,int__tai20_15_09,1332,42,1495.0,1738.0
lam0p5,7,int__tai20_15_09,1332,43,1534.0,1750.0
lam0p5,7,int__tai20_15_09,1332,44,1562.0,1842.0
lam0p5,7,int__tai20_15_09,1332,45,1554.0,1781.0
lam0p5,7,int__tai20_15_09,1332,46,1618.0,1868.0
lam0p5,7,int__tai20_15_09,1332,47,1523.0,1747.0
lam0p5,7,int__tai20_15_09,1332,48,1504.0,1776.0
lam0p5,7,int__tai20_15_09,1332,49,1471.0,1753.0
lam0p5,7,int__tai20_15_09,1332,50,1550.0,1764.0
lam0p5,7,int__tai20_15_09,1332,51,1552.0,1758.0
lam0p5,7,int__tai20_15_09,1332,52,1486.0,1755.0
lam0p5,7,int__tai20_15_09,1332,53,1622.0,1852.0
lam0p5,7,int__tai20_15_09,1332,54,1474.0,1691.0
lam0p5,7,int__tai20_15_09,1332,55,1596.0,1848.0
lam0p5,7,int__tai20_15_09,1332,56,1562.0,1783.0
lam0p5,7,int__tai20_15_09,1332,57,1513.0,1762.0
lam0p5,7,int__tai20_15_09,1332,58,1495.0,1763.0
lam0p5,7,int__tai20_15_09,1332,59,1556.0,1775.0
lam0p5,7,int__tai20_15_09,1332,60,1549.0,1769.0
lam0p5,7,int__tai20_15_09,1332,61,1453.0,1693.0
lam0p5,7,int__tai20_15_09,1332,62,1515.0,1801.0
lam0p5,7,int__tai20_15_09,1332,63,1487.0,1762.0
lam0p5,7,int__tai20_15_10,1348,0,1525.0,1767.0
lam0p5,7,int__tai20_15_10,1348,1,1655.0,1895.0
lam0p5,7,int__tai20_15_10,1348,2,1548.0,1770.0
lam0p5,7,int__tai20_15_10,1348,3,1540.0,1749.0
lam0p5,7,int__tai20_15_10,1348,4,1613.0,1830.0
lam0p5,7,int__tai20_15_10,1348,5,1590.0,1820.0
lam0p5,7,int__tai20_15_10,1348,6,1576.0,1821.0
lam0p5,7,int__tai20_15_10,1348,7,1560.0,1788.0
lam0p5,7,int__tai20_15_10,1348,8,1596.0,1833.0
lam0p5,7,int__tai20_15_10,1348,9,1493.0,1742.0
lam0p5,7,int__tai20_15_10,1348,10,1574.0,1811.0
lam0p5,7,int__tai20_15_10,1348,11,1639.0,1881.0
lam0p5,7,int__tai20_15_10,1348,12,1535.0,1763.0
lam0p5,7,int__tai20_15_10,1348,13,1580.0,1790.0
lam0p5,7,int__tai20_15_10,1348,14,1699.0,1969.0
lam0p5,7,int__tai20_15_10,1348,15,1484.0,1681.0
lam0p5,7,int__tai20_15_10,1348,16,1503.0,1731.0
lam0p5,7,int__tai20_15_10,1348,17,1651.0,1948.0
lam0p5,7,int__tai20_15_10,1348,18,1528.0,1743.0
lam0p5,7,int__tai20_15_10,1348,19,1556.0,1760.0
lam0p5,7,int__tai20_15_10,1348,20,1534.0,1753.0
lam0p5,7,int__tai20_15_10,1348,21,1514.0,1748.0
lam0p5,7,int__tai20_15_10,1348,22,1605.0,1864.0
lam0p5,7,int__tai20_15_10,1348,23,1535.0,1745.0
lam0p5,7,int__tai20_15_10,1348,24,1481.0,1717.0
lam0p5,7,int__tai20_15_10,1348,25,1542.0,1776.0
lam0p5,7,int__tai20_15_10,1348,26,1501.0,1700.0
lam0p5,7,int__tai20_15_10,1348,27,1534.0,1740.0
lam0p5,7,int__tai20_15_10,1348,28,1544.0,1792.0
lam0p5,7,int__tai20_15_10,1348,29,1544.0,1749.0
lam0p5,7,int__tai20_15_10,1348,30,1637.0,1820.0
lam0p5,7,int__tai20_15_10,1348,31,1629.0,1878.0
lam0p5,7,int__tai20_15_10,1348,32,1629.0,1866.0
lam0p5,7,int__tai20_15_10,1348,33,1593.0,1811.0
lam0p5,7,int__tai20_15_10,1348,34,1525.0,1760.0
lam0p5,7,int__tai20_15_10,1348,35,1483.0,1727.0
lam0p5,7,int__tai20_15_10,1348,36,1573.0,1786.0
lam0p5,7,int__tai20_15_10,1348,37,1606.0,1830.0
lam0p5,7,int__tai20_15_10,1348,38,1521.0,1772.0
lam0p5,7,int__tai20_15_10,1348,39,1590.0,1813.0
lam0p5,7,int__tai20_15_10,1348,40,1613.0,1843.0
lam0p5,7,int__tai20_15_10,1348,41,1567.0,1795.0
lam0p5,7,int__tai20_15_10,1348,42,1496.0,1715.0
lam0p5,7,int__tai20_15_10,1348,43,1449.0,1647.0
lam0p5,7,int__tai20_15_10,1348,44,1534.0,1797.0
lam0p5,7,int__tai20_15_10,1348,45,1498.0,1707.0
lam0p5,7,int__tai20_15_10,1348,46,1555.0,1771.0
lam0p5,7,int__tai20_15_10,1348,47,1545.0,1780.0
lam0p5,7,int__tai20_15_10,1348,48,1614.0,1826.0
lam0p5,7,int__tai20_15_10,1348,49,1521.0,1729.0
lam0p5,7,int__tai20_15_10,1348,50,1509.0,1723.0
lam0p5,7,int__tai20_15_10,1348,51,1558.0,1771.0
lam0p5,7,int__tai20_15_10,1348,52,1565.0,1795.0
lam0p5,7,int__tai20_15_10,1348,53,1474.0,1713.0
lam0p5,7,int__tai20_15_10,1348,54,1578.0,1795.0
lam0p5,7,int__tai20_15_10,1348,55,1578.0,1802.0
lam0p5,7,int__tai20_15_10,1348,56,1617.0,1835.0
lam0p5,7,int__tai20_15_10,1348,57,1507.0,1722.0
lam0p5,7,int__tai20_15_10,1348,58,1501.0,1680.0
lam0p5,7,int__tai20_15_10,1348,59,1500.0,1730.0
lam0p5,7,int__tai20_15_10,1348,60,1655.0,1889.0
lam0p5,7,int__tai20_15_10,1348,61,1546.0,1784.0
lam0p5,7,int__tai20_15_10,1348,62,1542.0,1778.0
lam0p5,7,int__tai20_15_10,1348,63,1453.0,1678.0
lam1,6,int__tai20_15_05,1339,0,1506.0,1672.0
lam1,6,int__tai20_15_05,1339,1,1524.0,1698.0
lam1,6,int__tai20_15_05,1339,2,1546.0,1762.0
lam1,6,int__tai20_15_05,1339,3,1519.0,1766.0
lam1,6,int__tai20_15_05,1339,4,1530.0,1724.0
lam1,6,int__tai20_15_05,1339,5,1507.0,1679.0
lam1,6,int__tai20_15_05,1339,6,1595.0,1800.0
lam1,6,int__tai20_15_05,1339,7,1555.0,1754.0
lam1,6,int__tai20_15_05,1339,8,1556.0,1749.0
lam1,6,int__tai20_15_05,1339,9,1574.0,1771.0
lam1,6,int__tai20_15_05,1339,10,1498.0,1714.0
lam1,6,int__tai20_15_05,1339,11,1520.0,1711.0
lam1,6,int__tai20_15_05,1339,12,1555.0,1755.0
lam1,6,int__tai20_15_05,1339,13,1534.0,1689.0
lam1,6,int__tai20_15_05,1339,14,1531.0,1726.0
lam1,6,int__tai20_15_05,1339,15,1583.0,1807.0
lam1,6,int__tai20_15_05,1339,16,1526.0,1732.0
lam1,6,int__tai20_15_05,1339,17,1551.0,1755.0
lam1,6,int__tai20_15_05,1339,18,1525.0,1746.0
lam1,6,int__tai20_15_05,1339,19,1534.0,1753.0
lam1,6,int__tai20_15_05,1339,20,1483.0,1711.0
lam1,6,int__tai20_15_05,1339,21,1516.0,1705.0
lam1,6,int__tai20_15_05,1339,22,1569.0,1796.0
lam1,6,int__tai20_15_05,1339,23,1594.0,1784.0
lam1,6,int__tai20_15_05,1339,24,1488.0,1774.0
lam1,6,int__tai20_15_05,1339,25,1531.0,1759.0
lam1,6,int__tai20_15_05,1339,26,1518.0,1719.0
lam1,6,int__tai20_15_05,1339,27,1497.0,1732.0
lam1,6,int__tai20_15_05,1339,28,1521.0,1729.0
lam1,6,int__tai20_15_05,1339,29,1549.0,1743.0
lam1,6,int__tai20_15_05,1339,30,1520.0,1709.0
lam1,6,int__tai20_15_05,1339,31,1544.0,1740.0
lam1,6,int__tai20_15_05,1339,32,1540.0,1749.0
lam1,6,int__tai20_15_05,1339,33,1452.0,1675.0
lam1,6,int__tai20_15_05,1339,34,1552.0,1754.0
lam1,6,int__tai20_15_05,1339,35,1645.0,1830.0
lam1,6,int__tai20_15_05,1339,36,1490.0,1702.0
lam1,6,int__tai20_15_05,1339,37,1540.0,1728.0
lam1,6,int__tai20_15_05,1339,38,1478.0,1675.0
lam1,6,int__tai20_15_05,1339,39,1491.0,1709.0
lam1,6,int__tai20_15_05,1339,40,1551.0,1785.0
lam1,6,int__tai20_15_05,1339,41,1501.0,1715.0
lam1,6,int__tai20_15_05,1339,42,1552.0,1758.0
lam1,6,int__tai20_15_05,1339,43,1574.0,1783.0
lam1,6,int__tai20_15_05,1339,44,1516.0,1689.0
lam1,6,int__tai20_15_05,1339,45,1579.0,1790.0
lam1,6,int__tai20_15_05,1339,46,1580.0,1803.0
lam1,6,int__tai20_15_05,1339,47,1537.0,1760.0
lam1,6,int__tai20_15_05,1339,48,1550.0,1751.0
lam1,6,int__tai20_15_05,1339,49,1595.0,1809.0
lam1,6,int__tai20_15_05,1339,50,1589.0,1792.0
lam1,6,int__tai20_15_05,1339,51,1531.0,1749.0
lam1,6,int__tai20_15_05,1339,52,1664.0,1851.0
lam1,6,int__tai20_15_05,1339,53,1499.0,1704.0
lam1,6,int__tai20_15_05,1339,54,1519.0,1671.0
lam1,6,int__tai20_15_05,1339,55,1538.0,1739.0
lam1,6,int__tai20_15_05,1339,56,1589.0,1783.0
lam1,6,int__tai20_15_05,1339,57,1572.0,1825.0
lam1,6,int__tai20_15_05,1339,58,1577.0,1750.0
lam1,6,int__tai20_15_05,1339,59,1538.0,1779.0
lam1,6,int__tai20_15_05,1339,60,1518.0,1722.0
lam1,6,int__tai20_15_05,1339,61,1575.0,1792.0
lam1,6,int__tai20_15_05,1339,62,1519.0,1713.0
lam1,6,int__tai20_15_05,1339,63,1533.0,1741.0
lam1,6,int__tai20_15_06,1360,0,1462.0,1724.0
lam1,6,int__tai20_15_06,1360,1,1489.0,1710.0
lam1,6,int__tai20_15_06,1360,2,1534.0,1762.0
lam1,6,int__tai20_15_06,1360,3,1524.0,1746.0
lam1,6,int__tai20_15_06,1360,4,1563.0,1836.0
lam1,6,int__tai20_15_06,1360,5,1433.0,1660.0
lam1,6,int__tai20_15_06,1360,6,1573.0,1796.0
lam1,6,int__tai20_15_06,1360,7,1471.0,1690.0
lam1,6,int__tai20_15_06,1360,8,1471.0,1724.0
lam1,6,int__tai20_15_06,1360,9,1515.0,1739.0
lam1,6,int__tai20_15_06,1360,10,1491.0,1744.0
lam1,6,int__tai20_15_06,1360,11,1506.0,1724.0
lam1,6,int__tai20_15_06,1360,12,1576.0,1828.0
lam1,6,int__tai20_15_06,1360,13,1511.0,1740.0
lam1,6,int__tai20_15_06,1360,14,1485.0,1729.0
lam1,6,int__tai20_15_06,1360,15,1495.0,1739.0
lam1,6,int__tai20_15_06,1360,16,1518.0,1749.0
lam1,6,int__tai20_15_06,1360,17,1476.0,1731.0
lam1,6,int__tai20_15_06,1360,18,1490.0,1750.0
lam1,6,int__tai20_15_06,1360,19,1501.0,1710.0
lam1,6,int__tai20_15_06,1360,20,1505.0,1739.0
lam1,6,int__tai20_15_06,1360,21,1569.0,1816.0
lam1,6,int__tai20_15_06,1360,22,1522.0,1730.0
lam1,6,int__tai20_15_06,1360,23,1545.0,1770.0
lam1,6,int__tai20_15_06,1360,24,1508.0,1759.0
lam1,6,int__tai20_15_06,1360,25,1538.0,1781.0
lam1,6,int__tai20_15_06,1360,26,1503.0,1719.0
lam1,6,int__tai20_15_06,1360,27,1462.0,1674.0
lam1,6,int__tai20_15_06,1360,28,1522.0,1764.0
lam1,6,int__tai20_15_06,1360,29,1514.0,1760.0
lam1,6,int__tai20_15_06,1360,30,1518.0,1740.0
lam1,6,int__tai20_15_06,1360,31,1533.0,1769.0
lam1,6,int__tai20_15_06,1360,32,1483.0,1701.0
lam1,6,int__tai20_15_06,1360,33,1509.0,1720.0
lam1,6,int__tai20_15_06,1360,34,1473.0,1684.0
lam1,6,int__tai20_15_06,1360,35,1479.0,1689.0
lam1,6,int__tai20_15_06,1360,36,1540.0,1791.0
lam1,6,int__tai20_15_06,1360,37,1450.0,1682.0
lam1,6,int__tai20_15_06,1360,38,1499.0,1733.0
lam1,6,int__tai20_15_06,1360,39,1485.0,1724.0
lam1,6,int__tai20_15_06,1360,40,1599.0,1845.0
lam1,6,int__tai20_15_06,1360,41,1520.0,1771.0
lam1,6,int__tai20_15_06,1360,42,1526.0,1792.0
lam1,6,int__tai20_15_06,1360,43,1594.0,1827.0
lam1,6,int__tai20_15_06,1360,44,1495.0,1706.0
lam1,6,int__tai20_15_06,1360,45,1423.0,1642.0
lam1,6,int__tai20_15_06,1360,46,1420.0,1637.0
lam1,6,int__tai20_15_06,1360,47,1505.0,1707.0
lam1,6,int__tai20_15_06,1360,48,1663.0,1904.0
lam1,6,int__tai20_15_06,1360,49,1478.0,1699.0
lam1,6,int__tai20_15_06,1360,50,1523.0,1750.0
lam1,6,int__tai20_15_06,1360,51,1483.0,1698.0
lam1,6,int__tai20_15_06,1360,52,1486.0,1698.0
lam1,6,int__tai20_15_06,1360,53,1583.0,1837.0
lam1,6,int__tai20_15_06,1360,54,1543.0,1797.0
lam1,6,int__tai20_15_06,1360,55,1452.0,1687.0
lam1,6,int__tai20_15_06,1360,56,1498.0,1781.0
lam1,6,int__tai20_15_06,1360,57,1571.0,1807.0
lam1,6,int__tai20_15_06,1360,58,1590.0,1840.0
lam1,6,int__tai20_15_06,1360,59,1485.0,1692.0
lam1,6,int__tai20_15_06,1360,60,1478.0,1702.0
lam1,6,int__tai20_15_06,1360,61,1457.0,1691.0
lam1,6,int__tai20_15_06,1360,62,1594.0,1851.0
lam1,6,int__tai20_15_06,1360,63,1478.0,1718.0
lam1,6,int__tai20_15_07,1462,0,1551.0,1797.0
lam1,6,int__tai20_15_07,1462,1,1680.0,1971.0
lam1,6,int__tai20_15_07,1462,2,1582.0,1788.0
lam1,6,int__tai20_15_07,1462,3,1650.0,1912.0
lam1,6,int__tai20_15_07,1462,4,1599.0,1833.0
lam1,6,int__tai20_15_07,1462,5,1692.0,1954.0
lam1,6,int__tai20_15_07,1462,6,1627.0,1869.0
lam1,6,int__tai20_15_07,1462,7,1609.0,1857.0
lam1,6,int__tai20_15_07,1462,8,1550.0,1781.0
lam1,6,int__tai20_15_07,1462,9,1640.0,1892.0
lam1,6,int__tai20_15_07,1462,10,1661.0,1890.0
lam1,6,int__tai20_15_07,1462,11,1722.0,1982.0
lam1,6,int__tai20_15_07,1462,12,1561.0,1812.0
lam1,6,int__tai20_15_07,1462,13,1616.0,1880.0
lam1,6,int__tai20_15_07,1462,14,1621.0,1861.0
lam1,6,int__tai20_15_07,1462,15,1606.0,1822.0
lam1,6,int__tai20_15_07,1462,16,1593.0,1829.0
lam1,6,int__tai20_15_07,1462,17,1613.0,1829.0
lam1,6,int__tai20_15_07,1462,18,1646.0,1879.0
lam1,6,int__tai20_15_07,1462,19,1624.0,1858.0
lam1,6,int__tai20_15_07,1462,20,1576.0,1798.0
lam1,6,int__tai20_15_07,1462,21,1610.0,1854.0
lam1,6,int__tai20_15_07,1462,22,1618.0,1875.0
lam1,6,int__tai20_15_07,1462,23,1561.0,1815.0
lam1,6,int__tai20_15_07,1462,24,1633.0,1858.0
lam1,6,int__tai20_15_07,1462,25,1627.0,1869.0
lam1,6,int__tai20_15_07,1462,26,1681.0,1930.0
lam1,6,int__tai20_15_07,1462,27,1646.0,1889.0
lam1,6,int__tai20_15_07,1462,28,1628.0,1859.0
lam1,6,int__tai20_15_07,1462,29,1649.0,1903.0
lam1,6,int__tai20_15_07,1462,30,1696.0,1941.0
lam1,6,int__tai20_15_07,1462,31,1645.0,1871.0
lam1,6,int__tai20_15_07,1462,32,1633.0,1871.0
lam1,6,int__tai20_15_07,1462,33,1583.0,1808.0
lam1,6,int__tai20_15_07,1462,34,1630.0,1861.0
lam1,6,int__tai20_15_07,1462,35,1648.0,1872.0
lam1,6,int__tai20_15_07,1462,36,1602.0,1816.0
lam1,6,int__tai20_15_07,1462,37,1535.0,1769.0
lam1,6,int__tai20_15_07,1462,38,1588.0,1797.0
lam1,6,int__tai20_15_07,1462,39,1600.0,1864.0
lam1,6,int__tai20_15_07,1462,40,1650.0,1862.0
lam1,6,int__tai20_15_07,1462,41,1669.0,1937.0
lam1,6,int__tai20_15_07,1462,42,1665.0,1895.0
lam1,6,int__tai20_15_07,1462,43,1628.0,1871.0
lam1,6,int__tai20_15_07,1462,44,1731.0,1981.0
lam1,6,int__tai20_15_07,1462,45,1668.0,1969.0
lam1,6,int__tai20_15_07,1462,46,1583.0,1818.0
lam1,6,int__tai20_15_07,1462,47,1638.0,1870.0
lam1,6,int__tai20_15_07,1462,48,1688.0,1954.0
lam1,6,int__tai20_15_07,1462,49,1593.0,1843.0
lam1,6,int__tai20_15_07,1462,50,1675.0,1896.0
lam1,6,int__tai20_15_07,1462,51,1664.0,1924.0
lam1,6,int__tai20_15_07,1462,52,1610.0,1836.0
lam1,6,int__tai20_15_07,1462,53,1629.0,1894.0
lam1,6,int__tai20_15_07,1462,54,1581.0,1836.0
lam1,6,int__tai20_15_07,1462,55,1588.0,1806.0
lam1,6,int__tai20_15_07,1462,56,1643.0,1882.0
lam1,6,int__tai20_15_07,1462,57,1542.0,1783.0
lam1,6,int__tai20_15_07,1462,58,1621.0,1867.0
lam1,6,int__tai20_15_07,1462,59,1571.0,1785.0
lam1,6,int__tai20_15_07,1462,60,1593.0,1869.0
lam1,6,int__tai20_15_07,1462,61,1633.0,1898.0
lam1,6,int__tai20_15_07,1462,62,1550.0,1794.0
lam1,6,int__tai20_15_07,1462,63,1649.0,1858.0
lam1,6,int__tai20_15_08,1377,0,1518.0,1734.0
lam1,6,int__tai20_15_08,1377,1,1553.0,1777.0
lam1,6,int__tai20_15_08,1377,2,1518.0,1731.0
lam1,6,int__tai20_15_08,1377,3,1556.0,1777.0
lam1,6,int__tai20_15_08,1377,4,1549.0,1785.0
lam1,6,int__tai20_15_08,1377,5,1548.0,1753.0
lam1,6,int__tai20_15_08,1377,6,1588.0,1804.0
lam1,6,int__tai20_15_08,1377,7,1554.0,1792.0
lam1,6,int__tai20_15_08,1377,8,1535.0,1762.0
lam1,6,int__tai20_15_08,1377,9,1573.0,1803.0
lam1,6,int__tai20_15_08,1377,10,1539.0,1773.0
lam1,6,int__tai20_15_08,1377,11,1571.0,1789.0
lam1,6,int__tai20_15_08,1377,12,1542.0,1754.0
lam1,6,int__tai20_15_08,1377,13,1546.0,1787.0
lam1,6,int__tai20_15_08,1377,14,1620.0,1841.0
lam1,6,int__tai20_15_08,1377,15,1607.0,1836.0
lam1,6,int__tai20_15_08,1377,16,1585.0,1794.0
lam1,6,int__tai20_15_08,1377,17,1530.0,1718.0
lam1,6,int__tai20_15_08,1377,18,1513.0,1713.0
lam1,6,int__tai20_15_08,1377,19,1564.0,1771.0
lam1,6,int__tai20_15_08,1377,20,1532.0,1743.0
lam1,6,int__tai20_15_08,1377,21,1571.0,1757.0
lam1,6,int__tai20_15_08,1377,22,1534.0,1756.0
lam1,6,int__tai20_15_08,1377,23,1533.0,1747.0
lam1,6,int__tai20_15_08,1377,24,1499.0,1723.0
lam1,6,int__tai20_15_08,1377,25,1581.0,1801.0
lam1,6,int__tai20_15_08,1377,26,1557.0,1793.0
lam1,6,int__tai20_15_08,1377,27,1555.0,1815.0
lam1,6,int__tai20_15_08,1377,28,1509.0,1691.0
lam1,6,int__tai20_15_08,1377,29,1558.0,1793.0
lam1,6,int__tai20_15_08,1377,30,1547.0,1742.0
lam1,6,int__tai20_15_08,1377,31,1549.0,1760.0
lam1,6,int__tai20_15_08,1377,32,1599.0,1788.0
lam1,6,int__tai20_15_08,1377,33,1524.0,1732.0
lam1,6,int__tai20_15_08,1377,34,1542.0,1758.0
lam1,6,int__tai20_15_08,1377,35,1593.0,1835.0
lam1,6,int__tai20_15_08,1377,36,1547.0,1763.0
lam1,6,int__tai20_15_08,1377,37,1534.0,1773.0
lam1,6,int__tai20_15_08,1377,38,1485.0,1704.0
lam1,6,int__tai20_15_08,1377,39,1496.0,1749.0
lam1,6,int__tai20_15_08,1377,40,1570.0,1793.0
lam1,6,int__tai20_15_08,1377,41,1534.0,1750.0
lam1,6,int__tai20_15_08,1377,42,1534.0,1755.0
lam1,6,int__tai20_15_08,1377,43,1535.0,1753.0
lam1,6,int__tai20_15_08,1377,44,1644.0,1877.0
lam1,6,int__tai20_15_08,1377,45,1567.0,1779.0
lam1,6,int__tai20_15_08,1377,46,1544.0,1734.0
lam1,6,int__tai20_15_08,1377,47,1558.0,1779.0
lam1,6,int__tai20_15_08,1377,48,1541.0,1773.0
lam1,6,int__tai20_15_08,1377,49,1513.0,1754.0
lam1,6,int__tai20_15_08,1377,50,1551.0,1719.0
lam1,6,int__tai20_15_08,1377,51,1561.0,1799.0
lam1,6,int__tai20_15_08,1377,52,1558.0,1793.0
lam1,6,int__tai20_15_08,1377,53,1552.0,1776.0
lam1,6,int__tai20_15_08,1377,54,1623.0,1844.0
lam1,6,int__tai20_15_08,1377,55,1587.0,1794.0
lam1,6,int__tai20_15_08,1377,56,1611.0,1841.0
lam1,6,int__tai20_15_08,1377,57,1582.0,1792.0
lam1,6,int__tai20_15_08,1377,58,1652.0,1879.0
lam1,6,int__tai20_15_08,1377,59,1548.0,1750.0
lam1,6,int__tai20_15_08,1377,60,1561.0,1780.0
lam1,6,int__tai20_15_08,1377,61,1546.0,1749.0
lam1,6,int__tai20_15_08,1377,62,1530.0,1735.0
lam1,6,int__tai20_15_08,1377,63,1547.0,1746.0
lam1,6,int__tai20_15_09,1332,0,1452.0,1710.0
lam1,6,int__tai20_15_09,1332,1,1445.0,1713.0
lam1,6,int__tai20_15_09,1332,2,1463.0,1654.0
lam1,6,int__tai20_15_09,1332,3,1437.0,1700.0
lam1,6,int__tai20_15_09,1332,4,1493.0,1675.0
lam1,6,int__tai20_15_09,1332,5,1439.0,1667.0
lam1,6,int__tai20_15_09,1332,6,1539.0,1813.0
lam1,6,int__tai20_15_09,1332,7,1459.0,1704.0
lam1,6,int__tai20_15_09,1332,8,1487.0,1734.0
lam1,6,int__tai20_15_09,1332,9,1501.0,1694.0
lam1,6,int__tai20_15_09,1332,10,1445.0,1653.0
lam1,6,int__tai20_15_09,1332,11,1452.0,1685.0
lam1,6,int__tai20_15_09,1332,12,1439.0,1695.0
lam1,6,int__tai20_15_09,1332,13,1540.0,1756.0
lam1,6,int__tai20_15_09,1332,14,1501.0,1732.0
lam1,6,int__tai20_15_09,1332,15,1437.0,1697.0
lam1,6,int__tai20_15_09,1332,16,1505.0,1734.0
lam1,6,int__tai20_15_09,1332,17,1561.0,1832.0
lam1,6,int__tai20_15_09,1332,18,1503.0,1665.0
lam1,6,int__tai20_15_09,1332,19,1514.0,1667.0
lam1,6,int__tai20_15_09,1332,20,1479.0,1660.0
lam1,6,int__tai20_15_09,1332,21,1488.0,1758.0
lam1,6,int__tai20_15_09,1332,22,1518.0,1789.0
lam1,6,int__tai20_15_09,1332,23,1486.0,1688.0
lam1,6,int__tai20_15_09,1332,24,1490.0,1745.0
lam1,6,int__tai20_15_09,1332,25,1482.0,1647.0
lam1,6,int__tai20_15_09,1332,26,1445.0,1705.0
lam1,6,int__tai20_15_09,1332,27,1542.0,1789.0
lam1,6,int__tai20_15_09,1332,28,1479.0,1698.0
lam1,6,int__tai20_15_09,1332,29,1434.0,1649.0
lam1,6,int__tai20_15_09,1332,30,1491.0,1727.0
lam1,6,int__tai20_15_09,1332,31,1447.0,1671.0
lam1,6,int__tai20_15_09,1332,32,1443.0,1651.0
lam1,6,int__tai20_15_09,1332,33,1453.0,1703.0
lam1,6,int__tai20_15_09,1332,34,1504.0,1780.0
lam1,6,int__tai20_15_09,1332,35,1452.0,1659.0
lam1,6,int__tai20_15_09,1332,36,1434.0,1700.0
lam1,6,int__tai20_15_09,1332,37,1481.0,1686.0
lam1,6,int__tai20_15_09,1332,38,1474.0,1738.0
lam1,6,int__tai20_15_09,1332,39,1435.0,1669.0
lam1,6,int__tai20_15_09,1332,40,1502.0,1722.0
lam1,6,int__tai20_15_09,1332,41,1469.0,1686.0
lam1,6,int__tai20_15_09,1332,42,1439.0,1705.0
lam1,6,int__tai20_15_09,1332,43,1462.0,1647.0
lam1,6,int__tai20_15_09,1332,44,1488.0,1763.0
lam1,6,int__tai20_15_09,1332,45,1500.0,1707.0
lam1,6,int__tai20_15_09,1332,46,1567.0,1855.0
lam1,6,int__tai20_15_09,1332,47,1487.0,1701.0
lam1,6,int__tai20_15_09,1332,48,1468.0,1681.0
lam1,6,int__tai20_15_09,1332,49,1432.0,1652.0
lam1,6,int__tai20_15_09,1332,50,1466.0,1688.0
lam1,6,int__tai20_15_09,1332,51,1479.0,1744.0
lam1,6,int__tai20_15_09,1332,52,1513.0,1722.0
lam1,6,int__tai20_15_09,1332,53,1466.0,1639.0
lam1,6,int__tai20_15_09,1332,54,1519.0,1748.0
lam1,6,int__tai20_15_09,1332,55,1550.0,1775.0
lam1,6,int__tai20_15_09,1332,56,1524.0,1742.0
lam1,6,int__tai20_15_09,1332,57,1469.0,1689.0
lam1,6,int__tai20_15_09,1332,58,1492.0,1693.0
lam1,6,int__tai20_15_09,1332,59,1490.0,1692.0
lam1,6,int__tai20_15_09,1332,60,1510.0,1776.0
lam1,6,int__tai20_15_09,1332,61,1522.0,1737.0
lam1,6,int__tai20_15_09,1332,62,1491.0,1756.0
lam1,6,int__tai20_15_09,1332,63,1482.0,1716.0
lam1,6,int__tai20_15_10,1348,0,1478.0,1665.0
lam1,6,int__tai20_15_10,1348,1,1449.0,1638.0
lam1,6,int__tai20_15_10,1348,2,1545.0,1752.0
lam1,6,int__tai20_15_10,1348,3,1537.0,1734.0
lam1,6,int__tai20_15_10,1348,4,1479.0,1690.0
lam1,6,int__tai20_15_10,1348,5,1488.0,1679.0
lam1,6,int__tai20_15_10,1348,6,1448.0,1696.0
lam1,6,int__tai20_15_10,1348,7,1516.0,1722.0
lam1,6,int__tai20_15_10,1348,8,1529.0,1731.0
lam1,6,int__tai20_15_10,1348,9,1503.0,1744.0
lam1,6,int__tai20_15_10,1348,10,1521.0,1757.0
lam1,6,int__tai20_15_10,1348,11,1465.0,1663.0
lam1,6,int__tai20_15_10,1348,12,1474.0,1683.0
lam1,6,int__tai20_15_10,1348,13,1595.0,1829.0
lam1,6,int__tai20_15_10,1348,14,1476.0,1687.0
lam1,6,int__tai20_15_10,1348,15,1450.0,1674.0
lam1,6,int__tai20_15_10,1348,16,1530.0,1696.0
lam1,6,int__tai20_15_10,1348,17,1472.0,1666.0
lam1,6,int__tai20_15_10,1348,18,1491.0,1705.0
lam1,6,int__tai20_15_10,1348,19,1509.0,1702.0
lam1,6,int__tai20_15_10,1348,20,1501.0,1722.0
lam1,6,int__tai20_15_10,1348,21,1552.0,1759.0
lam1,6,int__tai20_15_10,1348,22,1519.0,1758.0
lam1,6,int__tai20_15_10,1348,23,1427.0,1635.0
lam1,6,int__tai20_15_10,1348,24,1515.0,1762.0
lam1,6,int__tai20_15_10,1348,25,1539.0,1741.0
lam1,6,int__tai20_15_10,1348,26,1500.0,1724.0
lam1,6,int__tai20_15_10,1348,27,1478.0,1683.0
lam1,6,int__tai20_15_10,1348,28,1560.0,1764.0
lam1,6,int__tai20_15_10,1348,29,1443.0,1629.0
lam1,6,int__tai20_15_10,1348,30,1516.0,1706.0
lam1,6,int__tai20_15_10,1348,31,1473.0,1661.0
lam1,6,int__tai20_15_10,1348,32,1549.0,1768.0
lam1,6,int__tai20_15_10,1348,33,1585.0,1798.0
lam1,6,int__tai20_15_10,1348,34,1456.0,1670.0
lam1,6,int__tai20_15_10,1348,35,1478.0,1669.0
lam1,6,int__tai20_15_10,1348,36,1516.0,1745.0
lam1,6,int__tai20_15_10,1348,37,1498.0,1681.0
lam1,6,int__tai20_15_10,1348,38,1488.0,1677.0
lam1,6,int__tai20_15_10,1348,39,1480.0,1667.0
lam1,6,int__tai20_15_10,1348,40,1501.0,1692.0
lam1,6,int__tai20_15_10,1348,41,1530.0,1728.0
lam1,6,int__tai20_15_10,1348,42,1491.0,1684.0
lam1,6,int__tai20_15_10,1348,43,1455.0,1664.0
lam1,6,int__tai20_15_10,1348,44,1443.0,1657.0
lam1,6,int__tai20_15_10,1348,45,1509.0,1698.0
lam1,6,int__tai20_15_10,1348,46,1452.0,1665.0
lam1,6,int__tai20_15_10,1348,47,1440.0,1650.0
lam1,6,int__tai20_15_10,1348,48,1497.0,1712.0
lam1,6,int__tai20_15_10,1348,49,1459.0,1689.0
lam1,6,int__tai20_15_10,1348,50,1528.0,1716.0
lam1,6,int__tai20_15_10,1348,51,1580.0,1784.0
lam1,6,int__tai20_15_10,1348,52,1476.0,1664.0
lam1,6,int__tai20_15_10,1348,53,1495.0,1686.0
lam1,6,int__tai20_15_10,1348,54,1505.0,1696.0
lam1,6,int__tai20_15_10,1348,55,1490.0,1716.0
lam1,6,int__tai20_15_10,1348,56,1507.0,1703.0
lam1,6,int__tai20_15_10,1348,57,1532.0,1774.0
lam1,6,int__tai20_15_10,1348,58,1510.0,1716.0
lam1,6,int__tai20_15_10,1348,59,1511.0,1714.0
lam1,6,int__tai20_15_10,1348,60,1491.0,1685.0
lam1,6,int__tai20_15_10,1348,61,1518.0,1730.0
lam1,6,int__tai20_15_10,1348,62,1444.0,1650.0
lam1,6,int__tai20_15_10,1348,63,1461.0,1656.0
lam2,5,int__tai20_15_05,1339,0,1533.0,1705.0
lam2,5,int__tai20_15_05,1339,1,1589.0,1769.0
lam2,5,int__tai20_15_05,1339,2,1577.0,1791.0
lam2,5,int__tai20_15_05,1339,3,1611.0,1834.0
lam2,5,int__tai20_15_05,1339,4,1544.0,1765.0
lam2,5,int__tai20_15_05,1339,5,1644.0,1882.0
lam2,5,int__tai20_15_05,1339,6,1454.0,1671.0
lam2,5,int__tai20_15_05,1339,7,1573.0,1759.0
lam2,5,int__tai20_15_05,1339,8,1651.0,1873.0
lam2,5,int__tai20_15_05,1339,9,1613.0,1824.0
lam2,5,int__tai20_15_05,1339,10,1662.0,1912.0
lam2,5,int__tai20_15_05,1339,11,1612.0,1818.0
lam2,5,int__tai20_15_05,1339,12,1499.0,1706.0
lam2,5,int__tai20_15_05,1339,13,1470.0,1671.0
lam2,5,int__tai20_15_05,1339,14,1526.0,1678.0
lam2,5,int__tai20_15_05,1339,15,1526.0,1725.0
lam2,5,int__tai20_15_05,1339,16,1544.0,1763.0
lam2,5,int__tai20_15_05,1339,17,1543.0,1738.0
lam2,5,int__tai20_15_05,1339,18,1500.0,1745.0
lam2,5,int__tai20_15_05,1339,19,1552.0,1765.0
lam2,5,int__tai20_15_05,1339,20,1519.0,1747.0
lam2,5,int__tai20_15_05,1339,21,1602.0,1841.0
lam2,5,int__tai20_15_05,1339,22,1547.0,1806.0
lam2,5,int__tai20_15_05,1339,23,1569.0,1769.0
lam2,5,int__tai20_15_05,1339,24,1485.0,1687.0
lam2,5,int__tai20_15_05,1339,25,1620.0,1844.0
lam2,5,int__tai20_15_05,1339,26,1662.0,1867.0
lam2,5,int__tai20_15_05,1339,27,1609.0,1840.0
lam2,5,int__tai20_15_05,1339,28,1565.0,1744.0
lam2,5,int__tai20_15_05,1339,29,1533.0,1752.0
lam2,5,int__tai20_15_05,1339,30,1490.0,1740.0
lam2,5,int__tai20_15_05,1339,31,1660.0,1865.0
lam2,5,int__tai20_15_05,1339,32,1471.0,1705.0
lam2,5,int__tai20_15_05,1339,33,1604.0,1816.0
lam2,5,int__tai20_15_05,1339,34,1678.0,1922.0
lam2,5,int__tai20_15_05,1339,35,1597.0,1804.0
lam2,5,int__tai20_15_05,1339,36,1629.0,1855.0
lam2,5,int__tai20_15_05,1339,37,1592.0,1839.0
lam2,5,int__tai20_15_05,1339,38,1566.0,1769.0
lam2,5,int__tai20_15_05,1339,39,1624.0,1825.0
lam2,5,int__tai20_15_05,1339,40,1537.0,1725.0
lam2,5,int__tai20_15_05,1339,41,1654.0,1888.0
lam2,5,int__tai20_15_05,1339,42,1600.0,1829.0
lam2,5,int__tai20_15_05,1339,43,1503.0,1662.0
lam2,5,int__tai20_15_05,1339,44,1596.0,1795.0
lam2,5,int__tai20_15_05,1339,45,1493.0,1708.0
lam2,5,int__tai20_15_05,1339,46,1515.0,1760.0
lam2,5,int__tai20_15_05,1339,47,1670.0,1873.0
lam2,5,int__tai20_15_05,1339,48,1538.0,1728.0
lam2,5,int__tai20_15_05,1339,49,1437.0,1620.0
lam2,5,int__tai20_15_05,1339,50,1559.0,1781.0
lam2,5,int__tai20_15_05,1339,51,1586.0,1822.0
lam2,5,int__tai20_15_05,1339,52,1536.0,1751.0
lam2,5,int__tai20_15_05,1339,53,1575.0,1769.0
lam2,5,int__tai20_15_05,1339,54,1631.0,1844.0
lam2,5,int__tai20_15_05,1339,55,1644.0,1853.0
lam2,5,int__tai20_15_05,1339,56,1571.0,1791.0
lam2,5,int__tai20_15_05,1339,57,1520.0,1714.0
lam2,5,int__tai20_15_05,1339,58,1572.0,1814.0
lam2,5,int__tai20_15_05,1339,59,1495.0,1755.0
lam2,5,int__tai20_15_05,1339,60,1566.0,1765.0
lam2,5,int__tai20_15_05,1339,61,1548.0,1762.0
lam2,5,int__tai20_15_05,1339,62,1588.0,1810.0
lam2,5,int__tai20_15_05,1339,63,1591.0,1812.0
lam2,5,int__tai20_15_06,1360,0,1513.0,1746.0
lam2,5,int__tai20_15_06,1360,1,1525.0,1758.0
lam2,5,int__tai20_15_06,1360,2,1597.0,1817.0
lam2,5,int__tai20_15_06,1360,3,1552.0,1811.0
lam2,5,int__tai20_15_06,1360,4,1649.0,1880.0
lam2,5,int__tai20_15_06,1360,5,1477.0,1713.0
lam2,5,int__tai20_15_06,1360,6,1609.0,1873.0
lam2,5,int__tai20_15_06,1360,7,1584.0,1845.0
lam2,5,int__tai20_15_06,1360,8,1710.0,1943.0
lam2,5,int__tai20_15_06,1360,9,1683.0,1916.0
lam2,5,int__tai20_15_06,1360,10,1573.0,1834.0
lam2,5,int__tai20_15_06,1360,11,1639.0,1900.0
lam2,5,int__tai20_15_06,1360,12,1638.0,1899.0
lam2,5,int__tai20_15_06,1360,13,1610.0,1838.0
lam2,5,int__tai20_15_06,1360,14,1481.0,1688.0
lam2,5,int__tai20_15_06,1360,15,1574.0,1820.0
lam2,5,int__tai20_15_06,1360,16,1552.0,1787.0
lam2,5,int__tai20_15_06,1360,17,1530.0,1748.0
lam2,5,int__tai20_15_06,1360,18,1655.0,1903.0
lam2,5,int__tai20_15_06,1360,19,1620.0,1810.0
lam2,5,int__tai20_15_06,1360,20,1544.0,1772.0
lam2,5,int__tai20_15_06,1360,21,1583.0,1747.0
lam2,5,int__tai20_15_06,1360,22,1561.0,1792.0
lam2,5,int__tai20_15_06,1360,23,1614.0,1811.0
lam2,5,int__tai20_15_06,1360,24,1598.0,1838.0
lam2,5,int__tai20_15_06,1360,25,1556.0,1806.0
lam2,5,int__tai20_15_06,1360,26,1566.0,1799.0
lam2,5,int__tai20_15_06,1360,27,1578.0,1825.0
lam2,5,int__tai20_15_06,1360,28,1619.0,1843.0
lam2,5,int__tai20_15_06,1360,29,1584.0,1845.0
lam2,5,int__tai20_15_06,1360,30,1602.0,1813.0
lam2,5,int__tai20_15_06,1360,31,1680.0,1948.0
lam2,5,int__tai20_15_06,1360,32,1542.0,1782.0
lam2,5,int__tai20_15_06,1360,33,1637.0,1878.0
lam2,5,int__tai20_15_06,1360,34,1601.0,1826.0
lam2,5,int__tai20_15_06,1360,35,1581.0,1796.0
lam2,5,int__tai20_15_06,1360,36,1511.0,1762.0
lam2,5,int__tai20_15_06,1360,37,1570.0,1844.0
lam2,5,int__tai20_15_06,1360,38,1629.0,1844.0
lam2,5,int__tai20_15_06,1360,39,1605.0,1821.0
lam2,5,int__tai20_15_06,1360,40,1588.0,1836.0
lam2,5,int__tai20_15_06,1360,41,1651.0,1883.0
lam2,5,int__tai20_15_06,1360,42,1576.0,1822.0
lam2,5,int__tai20_15_06,1360,43,1571.0,1796.0
lam2,5,int__tai20_15_06,1360,44,1536.0,1742.0
lam2,5,int__tai20_15_06,1360,45,1533.0,1764.0
lam2,5,int__tai20_15_06,1360,46,1584.0,1876.0
lam2,5,int__tai20_15_06,1360,47,1519.0,1747.0
lam2,5,int__tai20_15_06,1360,48,1545.0,1764.0
lam2,5,int__tai20_15_06,1360,49,1637.0,1918.0
lam2,5,int__tai20_15_06,1360,50,1469.0,1709.0
lam2,5,int__tai20_15_06,1360,51,1537.0,1766.0
lam2,5,int__tai20_15_06,1360,52,1526.0,1733.0
lam2,5,int__tai20_15_06,1360,53,1594.0,1828.0
lam2,5,int__tai20_15_06,1360,54,1511.0,1729.0
lam2,5,int__tai20_15_06,1360,55,1492.0,1750.0
lam2,5,int__tai20_15_06,1360,56,1497.0,1716.0
lam2,5,int__tai20_15_06,1360,57,1602.0,1824.0
lam2,5,int__tai20_15_06,1360,58,1554.0,1834.0
lam2,5,int__tai20_15_06,1360,59,1642.0,1882.0
lam2,5,int__tai20_15_06,1360,60,1636.0,1866.0
lam2,5,int__tai20_15_06,1360,61,1667.0,1897.0
lam2,5,int__tai20_15_06,1360,62,1554.0,1767.0
lam2,5,int__tai20_15_06,1360,63,1642.0,1859.0
lam2,5,int__tai20_15_07,1462,0,1547.0,1784.0
lam2,5,int__tai20_15_07,1462,1,1650.0,1864.0
lam2,5,int__tai20_15_07,1462,2,1589.0,1809.0
lam2,5,int__tai20_15_07,1462,3,1557.0,1793.0
lam2,5,int__tai20_15_07,1462,4,1634.0,1830.0
lam2,5,int__tai20_15_07,1462,5,1623.0,1887.0
lam2,5,int__tai20_15_07,1462,6,1631.0,1882.0
lam2,5,int__tai20_15_07,1462,7,1583.0,1827.0
lam2,5,int__tai20_15_07,1462,8,1568.0,1806.0
lam2,5,int__tai20_15_07,1462,9,1607.0,1875.0
lam2,5,int__tai20_15_07,1462,10,1570.0,1766.0
lam2,5,int__tai20_15_07,1462,11,1633.0,1830.0
lam2,5,int__tai20_15_07,1462,12,1646.0,1864.0
lam2,5,int__tai20_15_07,1462,13,1520.0,1787.0
lam2,5,int__tai20_15_07,1462,14,1609.0,1837.0
lam2,5,int__tai20_15_07,1462,15,1649.0,1888.0
lam2,5,int__tai20_15_07,1462,16,1657.0,1919.0
lam2,5,int__tai20_15_07,1462,17,1708.0,1938.0
lam2,5,int__tai20_15_07,1462,18,1609.0,1824.0
lam2,5,int__tai20_15_07,1462,19,1580.0,1816.0
lam2,5,int__tai20_15_07,1462,20,1623.0,1843.0
lam2,5,int__tai20_15_07,1462,21,1674.0,1937.0
lam2,5,int__tai20_15_07,1462,22,1579.0,1769.0
lam2,5,int__tai20_15_07,1462,23,1482.0,1737.0
lam2,5,int__tai20_15_07,1462,24,1560.0,1799.0
lam2,5,int__tai20_15_07,1462,25,1733.0,1940.0
lam2,5,int__tai20_15_07,1462,26,1634.0,1862.0
lam2,5,int__tai20_15_07,1462,27,1549.0,1760.0
lam2,5,int__tai20_15_07,1462,28,1553.0,1750.0
lam2,5,int__tai20_15_07,1462,29,1565.0,1798.0
lam2,5,int__tai20_15_07,1462,30,1644.0,1877.0
lam2,5,int__tai20_15_07,1462,31,1568.0,1763.0
lam2,5,int__tai20_15_07,1462,32,1565.0,1789.0
lam2,5,int__tai20_15_07,1462,33,1681.0,1912.0
lam2,5,int__tai20_15_07,1462,34,1589.0,1793.0
lam2,5,int__tai20_15_07,1462,35,1647.0,1897.0
lam2,5,int__tai20_15_07,1462,36,1544.0,1764.0
lam2,5,int__tai20_15_07,1462,37,1615.0,1858.0
lam2,5,int__tai20_15_07,1462,38,1556.0,1811.0
lam2,5,int__tai20_15_07,1462,39,1670.0,1869.0
lam2,5,int__tai20_15_07,1462,40,1628.0,1853.0
lam2,5,int__tai20_15_07,1462,41,1584.0,1825.0
lam2,5,int__tai20_15_07,1462,42,1733.0,1946.0
lam2,5,int__tai20_15_07,1462,43,1621.0,1896.0
lam2,5,int__tai20_15_07,1462,44,1627.0,1880.0
lam2,5,int__tai20_15_07,1462,45,1645.0,1863.0
lam2,5,int__tai20_15_07,1462,46,1680.0,1970.0
lam2,5,int__tai20_15_07,1462,47,1551.0,1797.0
lam2,5,int__tai20_15_07,1462,48,1623.0,1874.0
lam2,5,int__tai20_15_07,1462,49,1609.0,1812.0
lam2,5,int__tai20_15_07,1462,50,1580.0,1869.0
lam2,5,int__tai20_15_07,1462,51,1575.0,1800.0
lam2,5,int__tai20_15_07,1462,52,1582.0,1847.0
lam2,5,int__tai20_15_07,1462,53,1550.0,1801.0
lam2,5,int__tai20_15_07,1462,54,1695.0,1934.0
lam2,5,int__tai20_15_07,1462,55,1697.0,1944.0
lam2,5,int__tai20_15_07,1462,56,1601.0,1823.0
lam2,5,int__tai20_15_07,1462,57,1596.0,1812.0
lam2,5,int__tai20_15_07,1462,58,1572.0,1792.0
lam2,5,int__tai20_15_07,1462,59,1555.0,1794.0
lam2,5,int__tai20_15_07,1462,60,1524.0,1771.0
lam2,5,int__tai20_15_07,1462,61,1664.0,1928.0
lam2,5,int__tai20_15_07,1462,62,1624.0,1887.0
lam2,5,int__tai20_15_07,1462,63,1643.0,1879.0
lam2,5,int__tai20_15_08,1377,0,1609.0,1821.0
lam2,5,int__tai20_15_08,1377,1,1574.0,1784.0
lam2,5,int__tai20_15_08,1377,2,1586.0,1799.0
lam2,5,int__tai20_15_08,1377,3,1674.0,1896.0
lam2,5,int__tai20_15_08,1377,4,1576.0,1784.0
lam2,5,int__tai20_15_08,1377,5,1575.0,1807.0
lam2,5,int__tai20_15_08,1377,6,1549.0,1749.0
lam2,5,int__tai20_15_08,1377,7,1530.0,1723.0
lam2,5,int__tai20_15_08,1377,8,1597.0,1832.0
lam2,5,int__tai20_15_08,1377,9,1590.0,1856.0
lam2,5,int__tai20_15_08,1377,10,1560.0,1772.0
lam2,5,int__tai20_15_08,1377,11,1520.0,1744.0
lam2,5,int__tai20_15_08,1377,12,1630.0,1875.0
lam2,5,int__tai20_15_08,1377,13,1597.0,1814.0
lam2,5,int__tai20_15_08,1377,14,1553.0,1790.0
lam2,5,int__tai20_15_08,1377,15,1572.0,1746.0
lam2,5,int__tai20_15_08,1377,16,1564.0,1798.0
lam2,5,int__tai20_15_08,1377,17,1515.0,1744.0
lam2,5,int__tai20_15_08,1377,18,1534.0,1753.0
lam2,5,int__tai20_15_08,1377,19,1601.0,1811.0
lam2,5,int__tai20_15_08,1377,20,1532.0,1723.0
lam2,5,int__tai20_15_08,1377,21,1563.0,1767.0
lam2,5,int__tai20_15_08,1377,22,1550.0,1755.0
lam2,5,int__tai20_15_08,1377,23,1549.0,1778.0
lam2,5,int__tai20_15_08,1377,24,1568.0,1760.0
lam2,5,int__tai20_15_08,1377,25,1582.0,1757.0
lam2,5,int__tai20_15_08,1377,26,1590.0,1807.0
lam2,5,int__tai20_15_08,1377,27,1623.0,1825.0
lam2,5,int__tai20_15_08,1377,28,1610.0,1852.0
lam2,5,int__tai20_15_08,1377,29,1571.0,1776.0
lam2,5,int__tai20_15_08,1377,30,1537.0,1787.0
lam2,5,int__tai20_15_08,1377,31,1554.0,1769.0
lam2,5,int__tai20_15_08,1377,32,1575.0,1776.0
lam2,5,int__tai20_15_08,1377,33,1523.0,1720.0
lam2,5,int__tai20_15_08,1377,34,1635.0,1839.0
lam2,5,int__tai20_15_08,1377,35,1619.0,1828.0
lam2,5,int__tai20_15_08,1377,36,1533.0,1726.0
lam2,5,int__tai20_15_08,1377,37,1555.0,1760.0
lam2,5,int__tai20_15_08,1377,38,1505.0,1739.0
lam2,5,int__tai20_15_08,1377,39,1549.0,1778.0
lam2,5,int__tai20_15_08,1377,40,1539.0,1763.0
lam2,5,int__tai20_15_08,1377,41,1567.0,1780.0
lam2,5,int__tai20_15_08,1377,42,1666.0,1861.0
lam2,5,int__tai20_15_08,1377,43,1527.0,1734.0
lam2,5,int__tai20_15_08,1377,44,1544.0,1737.0
lam2,5,int__tai20_15_08,1377,45,1673.0,1850.0
lam2,5,int__tai20_15_08,1377,46,1537.0,1758.0
lam2,5,int__tai20_15_08,1377,47,1578.0,1803.0
lam2,5,int__tai20_15_08,1377,48,1602.0,1846.0
lam2,5,int__tai20_15_08,1377,49,1609.0,1827.0
lam2,5,int__tai20_15_08,1377,50,1568.0,1772.0
lam2,5,int__tai20_15_08,1377,51,1618.0,1836.0
lam2,5,int__tai20_15_08,1377,52,1556.0,1771.0
lam2,5,int__tai20_15_08,1377,53,1595.0,1809.0
lam2,5,int__tai20_15_08,1377,54,1595.0,1824.0
lam2,5,int__tai20_15_08,1377,55,1618.0,1880.0
lam2,5,int__tai20_15_08,1377,56,1594.0,1838.0
lam2,5,int__tai20_15_08,1377,57,1552.0,1782.0
lam2,5,int__tai20_15_08,1377,58,1564.0,1790.0
lam2,5,int__tai20_15_08,1377,59,1597.0,1785.0
lam2,5,int__tai20_15_08,1377,60,1628.0,1853.0
lam2,5,int__tai20_15_08,1377,61,1544.0,1739.0
lam2,5,int__tai20_15_08,1377,62,1550.0,1752.0
lam2,5,int__tai20_15_08,1377,63,1562.0,1795.0
lam2,5,int__tai20_15_09,1332,0,1489.0,1716.0
lam2,5,int__tai20_15_09,1332,1,1525.0,1776.0
lam2,5,int__tai20_15_09,1332,2,1460.0,1724.0
lam2,5,int__tai20_15_09,1332,3,1535.0,1753.0
lam2,5,int__tai20_15_09,1332,4,1457.0,1721.0
lam2,5,int__tai20_15_09,1332,5,1608.0,1829.0
lam2,5,int__tai20_15_09,1332,6,1528.0,1763.0
lam2,5,int__tai20_15_09,1332,7,1441.0,1662.0
lam2,5,int__tai20_15_09,1332,8,1541.0,1759.0
lam2,5,int__tai20_15_09,1332,9,1538.0,1772.0
lam2,5,int__tai20_15_09,1332,10,1544.0,1750.0
lam2,5,int__tai20_15_09,1332,11,1604.0,1841.0
lam2,5,int__tai20_15_09,1332,12,1549.0,1779.0
lam2,5,int__tai20_15_09,1332,13,1519.0,1759.0
lam2,5,int__tai20_15_09,1332,14,1473.0,1679.0
lam2,5,int__tai20_15_09,1332,15,1550.0,1825.0
lam2,5,int__tai20_15_09,1332,16,1511.0,1753.0
lam2,5,int__tai20_15_09,1332,17,1476.0,1726.0
lam2,5,int__tai20_15_09,1332,18,1575.0,1771.0
lam2,5,int__tai20_15_09,1332,19,1561.0,1782.0
lam2,5,int__tai20_15_09,1332,20,1518.0,1744.0
lam2,5,int__tai20_15_09,1332,21,1535.0,1747.0
lam2,5,int__tai20_15_09,1332,22,1573.0,1831.0
lam2,5,int__tai20_15_09,1332,23,1447.0,1673.0
lam2,5,int__tai20_15_09,1332,24,1548.0,1743.0
lam2,5,int__tai20_15_09,1332,25,1446.0,1673.0
lam2,5,int__tai20_15_09,1332,26,1556.0,1804.0
lam2,5,int__tai20_15_09,1332,27,1476.0,1672.0
lam2,5,int__tai20_15_09,1332,28,1493.0,1744.0
lam2,5,int__tai20_15_09,1332,29,1529.0,1783.0
lam2,5,int__tai20_15_09,1332,30,1516.0,1759.0
lam2,5,int__tai20_15_09,1332,31,1478.0,1699.0
lam2,5,int__tai20_15_09,1332,32,1563.0,1781.0
lam2,5,int__tai20_15_09,1332,33,1592.0,1810.0
lam2,5,int__tai20_15_09,1332,34,1578.0,1802.0
lam2,5,int__tai20_15_09,1332,35,1591.0,1825.0
lam2,5,int__tai20_15_09,1332,36,1544.0,1753.0
lam2,5,int__tai20_15_09,1332,37,1614.0,1866.0
lam2,5,int__tai20_15_09,1332,38,1573.0,1835.0
lam2,5,int__tai20_15_09,1332,39,1527.0,1773.0
lam2,5,int__tai20_15_09,1332,40,1478.0,1726.0
lam2,5,int__tai20_15_09,1332,41,1531.0,1765.0
lam2,5,int__tai20_15_09,1332,42,1477.0,1714.0
lam2,5,int__tai20_15_09,1332,43,1576.0,1838.0
lam2,5,int__tai20_15_09,1332,44,1549.0,1795.0
lam2,5,int__tai20_15_09,1332,45,1457.0,1706.0
lam2,5,int__tai20_15_09,1332,46,1444.0,1662.0
lam2,5,int__tai20_15_09,1332,47,1579.0,1766.0
lam2,5,int__tai20_15_09,1332,48,1500.0,1776.0
lam2,5,int__tai20_15_09,1332,49,1552.0,1775.0
lam2,5,int__tai20_15_09,1332,50,1479.0,1686.0
lam2,5,int__tai20_15_09,1332,51,1499.0,1704.0
lam2,5,int__tai20_15_09,1332,52,1572.0,1856.0
lam2,5,int__tai20_15_09,1332,53,1651.0,1904.0
lam2,5,int__tai20_15_09,1332,54,1564.0,1809.0
lam2,5,int__tai20_15_09,1332,55,1541.0,1768.0
lam2,5,int__tai20_15_09,1332,56,1568.0,1822.0
lam2,5,int__tai20_15_09,1332,57,1448.0,1697.0
lam2,5,int__tai20_15_09,1332,58,1535.0,1779.0
lam2,5,int__tai20_15_09,1332,59,1589.0,1816.0
lam2,5,int__tai20_15_09,1332,60,1477.0,1746.0
lam2,5,int__tai20_15_09,1332,61,1618.0,1816.0
lam2,5,int__tai20_15_09,1332,62,1535.0,1722.0
lam2,5,int__tai20_15_09,1332,63,1581.0,1835.0
lam2,5,int__tai20_15_10,1348,0,1586.0,1810.0
lam2,5,int__tai20_15_10,1348,1,1530.0,1763.0
lam2,5,int__tai20_15_10,1348,2,1500.0,1745.0
lam2,5,int__tai20_15_10,1348,3,1445.0,1649.0
lam2,5,int__tai20_15_10,1348,4,1512.0,1742.0
lam2,5,int__tai20_15_10,1348,5,1617.0,1887.0
lam2,5,int__tai20_15_10,1348,6,1446.0,1654.0
lam2,5,int__tai20_15_10,1348,7,1562.0,1796.0
lam2,5,int__tai20_15_10,1348,8,1674.0,1936.0
lam2,5,int__tai20_15_10,1348,9,1573.0,1811.0
lam2,5,int__tai20_15_10,1348,10,1438.0,1664.0
lam2,5,int__tai20_15_10,1348,11,1499.0,1719.0
lam2,5,int__tai20_15_10,1348,12,1621.0,1865.0
lam2,5,int__tai20_15_10,1348,13,1539.0,1780.0
lam2,5,int__tai20_15_10,1348,14,1569.0,1802.0
lam2,5,int__tai20_15_10,1348,15,1576.0,1774.0
lam2,5,int__tai20_15_10,1348,16,1582.0,1823.0
lam2,5,int__tai20_15_10,1348,17,1556.0,1748.0
lam2,5,int__tai20_15_10,1348,18,1498.0,1692.0
lam2,5,int__tai20_15_10,1348,19,1514.0,1762.0
lam2,5,int__tai20_15_10,1348,20,1591.0,1842.0
lam2,5,int__tai20_15_10,1348,21,1470.0,1689.0
lam2,5,int__tai20_15_10,1348,22,1690.0,1942.0
lam2,5,int__tai20_15_10,1348,23,1509.0,1742.0
lam2,5,int__tai20_15_10,1348,24,1528.0,1754.0
lam2,5,int__tai20_15_10,1348,25,1590.0,1847.0
lam2,5,int__tai20_15_10,1348,26,1547.0,1808.0
lam2,5,int__tai20_15_10,1348,27,1580.0,1785.0
lam2,5,int__tai20_15_10,1348,28,1534.0,1771.0
lam2,5,int__tai20_15_10,1348,29,1654.0,1939.0
lam2,5,int__tai20_15_10,1348,30,1557.0,1777.0
lam2,5,int__tai20_15_10,1348,31,1656.0,1896.0
lam2,5,int__tai20_15_10,1348,32,1579.0,1837.0
lam2,5,int__tai20_15_10,1348,33,1485.0,1679.0
lam2,5,int__tai20_15_10,1348,34,1574.0,1843.0
lam2,5,int__tai20_15_10,1348,35,1583.0,1847.0
lam2,5,int__tai20_15_10,1348,36,1567.0,1820.0
lam2,5,int__tai20_15_10,1348,37,1592.0,1845.0
lam2,5,int__tai20_15_10,1348,38,1578.0,1824.0
lam2,5,int__tai20_15_10,1348,39,1516.0,1755.0
lam2,5,int__tai20_15_10,1348,40,1504.0,1772.0
lam2,5,int__tai20_15_10,1348,41,1528.0,1746.0
lam2,5,int__tai20_15_10,1348,42,1562.0,1787.0
lam2,5,int__tai20_15_10,1348,43,1578.0,1808.0
lam2,5,int__tai20_15_10,1348,44,1516.0,1778.0
lam2,5,int__tai20_15_10,1348,45,1649.0,1852.0
lam2,5,int__tai20_15_10,1348,46,1580.0,1808.0
lam2,5,int__tai20_15_10,1348,47,1479.0,1678.0
lam2,5,int__tai20_15_10,1348,48,1581.0,1838.0
lam2,5,int__tai20_15_10,1348,49,1522.0,1736.0
lam2,5,int__tai20_15_10,1348,50,1518.0,1717.0
lam2,5,int__tai20_15_10,1348,51,1539.0,1738.0
lam2,5,int__tai20_15_10,1348,52,1591.0,1851.0
lam2,5,int__tai20_15_10,1348,53,1451.0,1745.0
lam2,5,int__tai20_15_10,1348,54,1559.0,1759.0
lam2,5,int__tai20_15_10,1348,55,1562.0,1804.0
lam2,5,int__tai20_15_10,1348,56,1605.0,1862.0
lam2,5,int__tai20_15_10,1348,57,1552.0,1757.0
lam2,5,int__tai20_15_10,1348,58,1608.0,1844.0
lam2,5,int__tai20_15_10,1348,59,1586.0,1836.0
lam2,5,int__tai20_15_10,1348,60,1521.0,1726.0
lam2,5,int__tai20_15_10,1348,61,1676.0,1928.0
lam2,5,int__tai20_15_10,1348,62,1531.0,1767.0
lam2,5,int__tai20_15_10,1348,63,1533.0,1735.0
lam2,11,int__tai20_15_05,1339,0,1519.0,1735.0
lam2,11,int__tai20_15_05,1339,1,1495.0,1749.0
lam2,11,int__tai20_15_05,1339,2,1516.0,1711.0
lam2,11,int__tai20_15_05,1339,3,1659.0,1878.0
lam2,11,int__tai20_15_05,1339,4,1530.0,1728.0
lam2,11,int__tai20_15_05,1339,5,1518.0,1723.0
lam2,11,int__tai20_15_05,1339,6,1511.0,1688.0
lam2,11,int__tai20_15_05,1339,7,1534.0,1727.0
lam2,11,int__tai20_15_05,1339,8,1539.0,1747.0
lam2,11,int__tai20_15_05,1339,9,1523.0,1706.0
lam2,11,int__tai20_15_05,1339,10,1627.0,1830.0
lam2,11,int__tai20_15_05,1339,11,1563.0,1753.0
lam2,11,int__tai20_15_05,1339,12,1471.0,1720.0
lam2,11,int__tai20_15_05,1339,13,1491.0,1688.0
lam2,11,int__tai20_15_05,1339,14,1531.0,1801.0
lam2,11,int__tai20_15_05,1339,15,1507.0,1716.0
lam2,11,int__tai20_15_05,1339,16,1511.0,1752.0
lam2,11,int__tai20_15_05,1339,17,1544.0,1743.0
lam2,11,int__tai20_15_05,1339,18,1482.0,1688.0
lam2,11,int__tai20_15_05,1339,19,1508.0,1707.0
lam2,11,int__tai20_15_05,1339,20,1533.0,1719.0
lam2,11,int__tai20_15_05,1339,21,1545.0,1727.0
lam2,11,int__tai20_15_05,1339,22,1502.0,1728.0
lam2,11,int__tai20_15_05,1339,23,1531.0,1726.0
lam2,11,int__tai20_15_05,1339,24,1449.0,1647.0
lam2,11,int__tai20_15_05,1339,25,1469.0,1691.0
lam2,11,int__tai20_15_05,1339,26,1494.0,1679.0
lam2,11,int__tai20_15_05,1339,27,1508.0,1723.0
lam2,11,int__tai20_15_05,1339,28,1472.0,1692.0
lam2,11,int__tai20_15_05,1339,29,1476.0,1690.0
lam2,11,int__tai20_15_05,1339,30,1505.0,1703.0
lam2,11,int__tai20_15_05,1339,31,1534.0,1726.0
lam2,11,int__tai20_15_05,1339,32,1525.0,1696.0
lam2,11,int__tai20_15_05,1339,33,1489.0,1713.0
lam2,11,int__tai20_15_05,1339,34,1483.0,1743.0
lam2,11,int__tai20_15_05,1339,35,1539.0,1743.0
lam2,11,int__tai20_15_05,1339,36,1497.0,1681.0
lam2,11,int__tai20_15_05,1339,37,1483.0,1686.0
lam2,11,int__tai20_15_05,1339,38,1547.0,1735.0
lam2,11,int__tai20_15_05,1339,39,1452.0,1642.0
lam2,11,int__tai20_15_05,1339,40,1456.0,1633.0
lam2,11,int__tai20_15_05,1339,41,1523.0,1733.0
lam2,11,int__tai20_15_05,1339,42,1485.0,1690.0
lam2,11,int__tai20_15_05,1339,43,1507.0,1706.0
lam2,11,int__tai20_15_05,1339,44,1586.0,1777.0
lam2,11,int__tai20_15_05,1339,45,1552.0,1787.0
lam2,11,int__tai20_15_05,1339,46,1542.0,1745.0
lam2,11,int__tai20_15_05,1339,47,1527.0,1736.0
lam2,11,int__tai20_15_05,1339,48,1513.0,1799.0
lam2,11,int__tai20_15_05,1339,49,1548.0,1762.0
lam2,11,int__tai20_15_05,1339,50,1512.0,1769.0
lam2,11,int__tai20_15_05,1339,51,1492.0,1705.0
lam2,11,int__tai20_15_05,1339,52,1536.0,1761.0
lam2,11,int__tai20_15_05,1339,53,1567.0,1781.0
lam2,11,int__tai20_15_05,1339,54,1564.0,1759.0
lam2,11,int__tai20_15_05,1339,55,1506.0,1702.0
lam2,11,int__tai20_15_05,1339,56,1562.0,1785.0
lam2,11,int__tai20_15_05,1339,57,1571.0,1742.0
lam2,11,int__tai20_15_05,1339,58,1524.0,1755.0
lam2,11,int__tai20_15_05,1339,59,1515.0,1690.0
lam2,11,int__tai20_15_05,1339,60,1519.0,1731.0
lam2,11,int__tai20_15_05,1339,61,1498.0,1692.0
lam2,11,int__tai20_15_05,1339,62,1578.0,1804.0
lam2,11,int__tai20_15_05,1339,63,1546.0,1749.0
lam2,11,int__tai20_15_06,1360,0,1497.0,1744.0
lam2,11,int__tai20_15_06,1360,1,1548.0,1782.0
lam2,11,int__tai20_15_06,1360,2,1460.0,1706.0
lam2,11,int__tai20_15_06,1360,3,1562.0,1815.0
lam2,11,int__tai20_15_06,1360,4,1561.0,1825.0
lam2,11,int__tai20_15_06,1360,5,1585.0,1837.0
lam2,11,int__tai20_15_06,1360,6,1514.0,1732.0
lam2,11,int__tai20_15_06,1360,7,1566.0,1785.0
lam2,11,int__tai20_15_06,1360,8,1581.0,1776.0
lam2,11,int__tai20_15_06,1360,9,1524.0,1769.0
lam2,11,int__tai20_15_06,1360,10,1566.0,1810.0
lam2,11,int__tai20_15_06,1360,11,1536.0,1780.0
lam2,11,int__tai20_15_06,1360,12,1460.0,1683.0
lam2,11,int__tai20_15_06,1360,13,1519.0,1772.0
lam2,11,int__tai20_15_06,1360,14,1511.0,1744.0
lam2,11,int__tai20_15_06,1360,15,1482.0,1694.0
lam2,11,int__tai20_15_06,1360,16,1530.0,1791.0
lam2,11,int__tai20_15_06,1360,17,1521.0,1778.0
lam2,11,int__tai20_15_06,1360,18,1451.0,1661.0
lam2,11,int__tai20_15_06,1360,19,1574.0,1817.0
lam2,11,int__tai20_15_06,1360,20,1546.0,1790.0
lam2,11,int__tai20_15_06,1360,21,1469.0,1705.0
lam2,11,int__tai20_15_06,1360,22,1472.0,1718.0
lam2,11,int__tai20_15_06,1360,23,1539.0,1762.0
lam2,11,int__tai20_15_06,1360,24,1513.0,1733.0
lam2,11,int__tai20_15_06,1360,25,1578.0,1837.0
lam2,11,int__tai20_15_06,1360,26,1474.0,1704.0
lam2,11,int__tai20_15_06,1360,27,1512.0,1727.0
lam2,11,int__tai20_15_06,1360,28,1482.0,1719.0
lam2,11,int__tai20_15_06,1360,29,1579.0,1831.0
lam2,11,int__tai20_15_06,1360,30,1502.0,1748.0
lam2,11,int__tai20_15_06,1360,31,1456.0,1688.0
lam2,11,int__tai20_15_06,1360,32,1521.0,1724.0
lam2,11,int__tai20_15_06,1360,33,1644.0,1881.0
lam2,11,int__tai20_15_06,1360,34,1628.0,1856.0
lam2,11,int__tai20_15_06,1360,35,1472.0,1719.0
lam2,11,int__tai20_15_06,1360,36,1501.0,1733.0
lam2,11,int__tai20_15_06,1360,37,1605.0,1856.0
lam2,11,int__tai20_15_06,1360,38,1618.0,1860.0
lam2,11,int__tai20_15_06,1360,39,1526.0,1744.0
lam2,11,int__tai20_15_06,1360,40,1619.0,1852.0
lam2,11,int__tai20_15_06,1360,41,1469.0,1717.0
lam2,11,int__tai20_15_06,1360,42,1471.0,1708.0
lam2,11,int__tai20_15_06,1360,43,1443.0,1687.0
lam2,11,int__tai20_15_06,1360,44,1547.0,1785.0
lam2,11,int__tai20_15_06,1360,45,1553.0,1810.0
lam2,11,int__tai20_15_06,1360,46,1524.0,1738.0
lam2,11,int__tai20_15_06,1360,47,1465.0,1721.0
lam2,11,int__tai20_15_06,1360,48,1638.0,1917.0
lam2,11,int__tai20_15_06,1360,49,1480.0,1718.0
lam2,11,int__tai20_15_06,1360,50,1509.0,1728.0
lam2,11,int__tai20_15_06,1360,51,1494.0,1761.0
lam2,11,int__tai20_15_06,1360,52,1550.0,1783.0
lam2,11,int__tai20_15_06,1360,53,1483.0,1734.0
lam2,11,int__tai20_15_06,1360,54,1507.0,1731.0
lam2,11,int__tai20_15_06,1360,55,1518.0,1762.0
lam2,11,int__tai20_15_06,1360,56,1532.0,1729.0
lam2,11,int__tai20_15_06,1360,57,1498.0,1753.0
lam2,11,int__tai20_15_06,1360,58,1610.0,1827.0
lam2,11,int__tai20_15_06,1360,59,1525.0,1806.0
lam2,11,int__tai20_15_06,1360,60,1568.0,1838.0
lam2,11,int__tai20_15_06,1360,61,1479.0,1695.0
lam2,11,int__tai20_15_06,1360,62,1523.0,1765.0
lam2,11,int__tai20_15_06,1360,63,1480.0,1711.0
lam2,11,int__tai20_15_07,1462,0,1590.0,1841.0
lam2,11,int__tai20_15_07,1462,1,1614.0,1890.0
lam2,11,int__tai20_15_07,1462,2,1546.0,1744.0
lam2,11,int__tai20_15_07,1462,3,1601.0,1850.0
lam2,11,int__tai20_15_07,1462,4,1805.0,2053.0
lam2,11,int__tai20_15_07,1462,5,1636.0,1886.0
lam2,11,int__tai20_15_07,1462,6,1668.0,1915.0
lam2,11,int__tai20_15_07,1462,7,1635.0,1892.0
lam2,11,int__tai20_15_07,1462,8,1604.0,1851.0
lam2,11,int__tai20_15_07,1462,9,1685.0,1928.0
lam2,11,int__tai20_15_07,1462,10,1869.0,2130.0
lam2,11,int__tai20_15_07,1462,11,1607.0,1843.0
lam2,11,int__tai20_15_07,1462,12,1633.0,1881.0
lam2,11,int__tai20_15_07,1462,13,1619.0,1848.0
lam2,11,int__tai20_15_07,1462,14,1612.0,1839.0
lam2,11,int__tai20_15_07,1462,15,1658.0,1893.0
lam2,11,int__tai20_15_07,1462,16,1622.0,1889.0
lam2,11,int__tai20_15_07,1462,17,1654.0,1895.0
lam2,11,int__tai20_15_07,1462,18,1649.0,1877.0
lam2,11,int__tai20_15_07,1462,19,1653.0,1874.0
lam2,11,int__tai20_15_07,1462,20,1724.0,1969.0
lam2,11,int__tai20_15_07,1462,21,1643.0,1891.0
lam2,11,int__tai20_15_07,1462,22,1532.0,1753.0
lam2,11,int__tai20_15_07,1462,23,1634.0,1843.0
lam2,11,int__tai20_15_07,1462,24,1613.0,1843.0
lam2,11,int__tai20_15_07,1462,25,1619.0,1825.0
lam2,11,int__tai20_15_07,1462,26,1653.0,1887.0
lam2,11,int__tai20_15_07,1462,27,1704.0,1968.0
lam2,11,int__tai20_15_07,1462,28,1710.0,1983.0
lam2,11,int__tai20_15_07,1462,29,1730.0,1980.0
lam2,11,int__tai20_15_07,1462,30,1697.0,1927.0
lam2,11,int__tai20_15_07,1462,31,1573.0,1824.0
lam2,11,int__tai20_15_07,1462,32,1717.0,1981.0
lam2,11,int__tai20_15_07,1462,33,1612.0,1866.0
lam2,11,int__tai20_15_07,1462,34,1653.0,1899.0
lam2,11,int__tai20_15_07,1462,35,1648.0,1927.0
lam2,11,int__tai20_15_07,1462,36,1617.0,1819.0
lam2,11,int__tai20_15_07,1462,37,1574.0,1825.0
lam2,11,int__tai20_15_07,1462,38,1557.0,1813.0
lam2,11,int__tai20_15_07,1462,39,1600.0,1831.0
lam2,11,int__tai20_15_07,1462,40,1624.0,1873.0
lam2,11,int__tai20_15_07,1462,41,1634.0,1881.0
lam2,11,int__tai20_15_07,1462,42,1763.0,1999.0
lam2,11,int__tai20_15_07,1462,43,1656.0,1922.0
lam2,11,int__tai20_15_07,1462,44,1644.0,1882.0
lam2,11,int__tai20_15_07,1462,45,1660.0,1912.0
lam2,11,int__tai20_15_07,1462,46,1756.0,2031.0
lam2,11,int__tai20_15_07,1462,47,1671.0,1925.0
lam2,11,int__tai20_15_07,1462,48,1661.0,1929.0
lam2,11,int__tai20_15_07,1462,49,1592.0,1842.0
lam2,11,int__tai20_15_07,1462,50,1718.0,1995.0
lam2,11,int__tai20_15_07,1462,51,1682.0,1901.0
lam2,11,int__tai20_15_07,1462,52,1614.0,1825.0
lam2,11,int__tai20_15_07,1462,53,1707.0,1913.0
lam2,11,int__tai20_15_07,1462,54,1593.0,1823.0
lam2,11,int__tai20_15_07,1462,55,1643.0,1892.0
lam2,11,int__tai20_15_07,1462,56,1612.0,1858.0
lam2,11,int__tai20_15_07,1462,57,1647.0,1884.0
lam2,11,int__tai20_15_07,1462,58,1602.0,1844.0
lam2,11,int__tai20_15_07,1462,59,1614.0,1880.0
lam2,11,int__tai20_15_07,1462,60,1649.0,1869.0
lam2,11,int__tai20_15_07,1462,61,1622.0,1854.0
lam2,11,int__tai20_15_07,1462,62,1727.0,1927.0
lam2,11,int__tai20_15_07,1462,63,1692.0,1962.0
lam2,11,int__tai20_15_08,1377,0,1535.0,1729.0
lam2,11,int__tai20_15_08,1377,1,1624.0,1840.0
lam2,11,int__tai20_15_08,1377,2,1560.0,1770.0
lam2,11,int__tai20_15_08,1377,3,1495.0,1713.0
lam2,11,int__tai20_15_08,1377,4,1579.0,1758.0
lam2,11,int__tai20_15_08,1377,5,1565.0,1763.0
lam2,11,int__tai20_15_08,1377,6,1618.0,1860.0
lam2,11,int__tai20_15_08,1377,7,1540.0,1732.0
lam2,11,int__tai20_15_08,1377,8,1512.0,1732.0
lam2,11,int__tai20_15_08,1377,9,1577.0,1779.0
lam2,11,int__tai20_15_08,1377,10,1528.0,1734.0
lam2,11,int__tai20_15_08,1377,11,1554.0,1767.0
lam2,11,int__tai20_15_08,1377,12,1553.0,1752.0
lam2,11,int__tai20_15_08,1377,13,1523.0,1736.0
lam2,11,int__tai20_15_08,1377,14,1591.0,1820.0
lam2,11,int__tai20_15_08,1377,15,1554.0,1780.0
lam2,11,int__tai20_15_08,1377,16,1572.0,1801.0
lam2,11,int__tai20_15_08,1377,17,1516.0,1727.0
lam2,11,int__tai20_15_08,1377,18,1510.0,1738.0
lam2,11,int__tai20_15_08,1377,19,1558.0,1752.0
lam2,11,int__tai20_15_08,1377,20,1618.0,1842.0
lam2,11,int__tai20_15_08,1377,21,1542.0,1757.0
lam2,11,int__tai20_15_08,1377,22,1577.0,1765.0
lam2,11,int__tai20_15_08,1377,23,1555.0,1771.0
lam2,11,int__tai20_15_08,1377,24,1592.0,1776.0
lam2,11,int__tai20_15_08,1377,25,1532.0,1762.0
lam2,11,int__tai20_15_08,1377,26,1620.0,1850.0
lam2,11,int__tai20_15_08,1377,27,1601.0,1782.0
lam2,11,int__tai20_15_08,1377,28,1536.0,1742.0
lam2,11,int__tai20_15_08,1377,29,1549.0,1743.0
lam2,11,int__tai20_15_08,1377,30,1546.0,1758.0
lam2,11,int__tai20_15_08,1377,31,1553.0,1751.0
lam2,11,int__tai20_15_08,1377,32,1577.0,1795.0
lam2,11,int__tai20_15_08,1377,33,1563.0,1819.0
lam2,11,int__tai20_15_08,1377,34,1541.0,1739.0
lam2,11,int__tai20_15_08,1377,35,1524.0,1758.0
lam2,11,int__tai20_15_08,1377,36,1575.0,1779.0
lam2,11,int__tai20_15_08,1377,37,1554.0,1765.0
lam2,11,int__tai20_15_08,1377,38,1637.0,1837.0
lam2,11,int__tai20_15_08,1377,39,1584.0,1806.0
lam2,11,int__tai20_15_08,1377,40,1535.0,1743.0
lam2,11,int__tai20_15_08,1377,41,1488.0,1703.0
lam2,11,int__tai20_15_08,1377,42,1560.0,1796.0
lam2,11,int__tai20_15_08,1377,43,1496.0,1703.0
lam2,11,int__tai20_15_08,1377,44,1559.0,1799.0
lam2,11,int__tai20_15_08,1377,45,1570.0,1757.0
lam2,11,int__tai20_15_08,1377,46,1554.0,1769.0
lam2,11,int__tai20_15_08,1377,47,1575.0,1762.0
lam2,11,int__tai20_15_08,1377,48,1601.0,1825.0
lam2,11,int__tai20_15_08,1377,49,1588.0,1812.0
lam2,11,int__tai20_15_08,1377,50,1523.0,1716.0
lam2,11,int__tai20_15_08,1377,51,1550.0,1768.0
lam2,11,int__tai20_15_08,1377,52,1666.0,1852.0
lam2,11,int__tai20_15_08,1377,53,1603.0,1858.0
lam2,11,int__tai20_15_08,1377,54,1542.0,1713.0
lam2,11,int__tai20_15_08,1377,55,1530.0,1768.0
lam2,11,int__tai20_15_08,1377,56,1568.0,1785.0
lam2,11,int__tai20_15_08,1377,57,1536.0,1734.0
lam2,11,int__tai20_15_08,1377,58,1611.0,1807.0
lam2,11,int__tai20_15_08,1377,59,1604.0,1793.0
lam2,11,int__tai20_15_08,1377,60,1577.0,1803.0
lam2,11,int__tai20_15_08,1377,61,1547.0,1744.0
lam2,11,int__tai20_15_08,1377,62,1530.0,1747.0
lam2,11,int__tai20_15_08,1377,63,1586.0,1795.0
lam2,11,int__tai20_15_09,1332,0,1505.0,1693.0
lam2,11,int__tai20_15_09,1332,1,1551.0,1765.0
lam2,11,int__tai20_15_09,1332,2,1553.0,1841.0
lam2,11,int__tai20_15_09,1332,3,1406.0,1673.0
lam2,11,int__tai20_15_09,1332,4,1461.0,1710.0
lam2,11,int__tai20_15_09,1332,5,1477.0,1686.0
lam2,11,int__tai20_15_09,1332,6,1461.0,1688.0
lam2,11,int__tai20_15_09,1332,7,1492.0,1784.0
lam2,11,int__tai20_15_09,1332,8,1498.0,1733.0
lam2,11,int__tai20_15_09,1332,9,1458.0,1621.0
lam2,11,int__tai20_15_09,1332,10,1416.0,1655.0
lam2,11,int__tai20_15_09,1332,11,1513.0,1673.0
lam2,11,int__tai20_15_09,1332,12,1483.0,1670.0
lam2,11,int__tai20_15_09,1332,13,1489.0,1713.0
lam2,11,int__tai20_15_09,1332,14,1479.0,1646.0
lam2,11,int__tai20_15_09,1332,15,1460.0,1665.0
lam2,11,int__tai20_15_09,1332,16,1470.0,1746.0
lam2,11,int__tai20_15_09,1332,17,1466.0,1745.0
lam2,11,int__tai20_15_09,1332,18,1442.0,1687.0
lam2,11,int__tai20_15_09,1332,19,1484.0,1738.0
lam2,11,int__tai20_15_09,1332,20,1478.0,1737.0
lam2,11,int__tai20_15_09,1332,21,1528.0,1730.0
lam2,11,int__tai20_15_09,1332,22,1507.0,1742.0
lam2,11,int__tai20_15_09,1332,23,1536.0,1766.0
lam2,11,int__tai20_15_09,1332,24,1515.0,1785.0
lam2,11,int__tai20_15_09,1332,25,1488.0,1703.0
lam2,11,int__tai20_15_09,1332,26,1454.0,1739.0
lam2,11,int__tai20_15_09,1332,27,1430.0,1656.0
lam2,11,int__tai20_15_09,1332,28,1471.0,1677.0
lam2,11,int__tai20_15_09,1332,29,1468.0,1727.0
lam2,11,int__tai20_15_09,1332,30,1499.0,1720.0
lam2,11,int__tai20_15_09,1332,31,1506.0,1765.0
lam2,11,int__tai20_15_09,1332,32,1532.0,1788.0
lam2,11,int__tai20_15_09,1332,33,1475.0,1725.0
lam2,11,int__tai20_15_09,1332,34,1499.0,1707.0
lam2,11,int__tai20_15_09,1332,35,1442.0,1675.0
lam2,11,int__tai20_15_09,1332,36,1521.0,1696.0
lam2,11,int__tai20_15_09,1332,37,1473.0,1690.0
lam2,11,int__tai20_15_09,1332,38,1439.0,1650.0
lam2,11,int__tai20_15_09,1332,39,1534.0,1788.0
lam2,11,int__tai20_15_09,1332,40,1440.0,1694.0
lam2,11,int__tai20_15_09,1332,41,1517.0,1709.0
lam2,11,int__tai20_15_09,1332,42,1444.0,1640.0
lam2,11,int__tai20_15_09,1332,43,1431.0,1678.0
lam2,11,int__tai20_15_09,1332,44,1512.0,1805.0
lam2,11,int__tai20_15_09,1332,45,1483.0,1684.0
lam2,11,int__tai20_15_09,1332,46,1440.0,1718.0
lam2,11,int__tai20_15_09,1332,47,1438.0,1629.0
lam2,11,int__tai20_15_09,1332,48,1495.0,1646.0
lam2,11,int__tai20_15_09,1332,49,1462.0,1665.0
lam2,11,int__tai20_15_09,1332,50,1516.0,1710.0
lam2,11,int__tai20_15_09,1332,51,1478.0,1748.0
lam2,11,int__tai20_15_09,1332,52,1496.0,1737.0
lam2,11,int__tai20_15_09,1332,53,1464.0,1708.0
lam2,11,int__tai20_15_09,1332,54,1518.0,1689.0
lam2,11,int__tai20_15_09,1332,55,1545.0,1789.0
lam2,11,int__tai20_15_09,1332,56,1441.0,1625.0
lam2,11,int__tai20_15_09,1332,57,1503.0,1681.0
lam2,11,int__tai20_15_09,1332,58,1515.0,1801.0
lam2,11,int__tai20_15_09,1332,59,1451.0,1663.0
lam2,11,int__tai20_15_09,1332,60,1505.0,1769.0
lam2,11,int__tai20_15_09,1332,61,1442.0,1691.0
lam2,11,int__tai20_15_09,1332,62,1515.0,1786.0
lam2,11,int__tai20_15_09,1332,63,1467.0,1680.0
lam2,11,int__tai20_15_10,1348,0,1504.0,1737.0
lam2,11,int__tai20_15_10,1348,1,1561.0,1797.0
lam2,11,int__tai20_15_10,1348,2,1592.0,1799.0
lam2,11,int__tai20_15_10,1348,3,1532.0,1748.0
lam2,11,int__tai20_15_10,1348,4,1461.0,1657.0
lam2,11,int__tai20_15_10,1348,5,1556.0,1740.0
lam2,11,int__tai20_15_10,1348,6,1463.0,1689.0
lam2,11,int__tai20_15_10,1348,7,1486.0,1704.0
lam2,11,int__tai20_15_10,1348,8,1481.0,1699.0
lam2,11,int__tai20_15_10,1348,9,1535.0,1734.0
lam2,11,int__tai20_15_10,1348,10,1466.0,1709.0
lam2,11,int__tai20_15_10,1348,11,1495.0,1707.0
lam2,11,int__tai20_15_10,1348,12,1446.0,1676.0
lam2,11,int__tai20_15_10,1348,13,1610.0,1826.0
lam2,11,int__tai20_15_10,1348,14,1437.0,1659.0
lam2,11,int__tai20_15_10,1348,15,1491.0,1687.0
lam2,11,int__tai20_15_10,1348,16,1496.0,1690.0
lam2,11,int__tai20_15_10,1348,17,1550.0,1711.0
lam2,11,int__tai20_15_10,1348,18,1435.0,1666.0
lam2,11,int__tai20_15_10,1348,19,1490.0,1707.0
lam2,11,int__tai20_15_10,1348,20,1476.0,1670.0
lam2,11,int__tai20_15_10,1348,21,1523.0,1713.0
lam2,11,int__tai20_15_10,1348,22,1569.0,1782.0
lam2,11,int__tai20_15_10,1348,23,1537.0,1729.0
lam2,11,int__tai20_15_10,1348,24,1527.0,1743.0
lam2,11,int__tai20_15_10,1348,25,1564.0,1797.0
lam2,11,int__tai20_15_10,1348,26,1502.0,1729.0
lam2,11,int__tai20_15_10,1348,27,1533.0,1777.0
lam2,11,int__tai20_15_10,1348,28,1511.0,1770.0
lam2,11,int__tai20_15_10,1348,29,1479.0,1705.0
lam2,11,int__tai20_15_10,1348,30,1526.0,1738.0
lam2,11,int__tai20_15_10,1348,31,1434.0,1656.0
lam2,11,int__tai20_15_10,1348,32,1535.0,1747.0
lam2,11,int__tai20_15_10,1348,33,1562.0,1738.0
lam2,11,int__tai20_15_10,1348,34,1534.0,1718.0
lam2,11,int__tai20_15_10,1348,35,1453.0,1699.0
lam2,11,int__tai20_15_10,1348,36,1473.0,1679.0
lam2,11,int__tai20_15_10,1348,37,1479.0,1677.0
lam2,11,int__tai20_15_10,1348,38,1516.0,1759.0
lam2,11,int__tai20_15_10,1348,39,1546.0,1806.0
lam2,11,int__tai20_15_10,1348,40,1446.0,1664.0
lam2,11,int__tai20_15_10,1348,41,1527.0,1732.0
lam2,11,int__tai20_15_10,1348,42,1463.0,1695.0
lam2,11,int__tai20_15_10,1348,43,1485.0,1735.0
lam2,11,int__tai20_15_10,1348,44,1565.0,1821.0
lam2,11,int__tai20_15_10,1348,45,1453.0,1660.0
lam2,11,int__tai20_15_10,1348,46,1408.0,1615.0
lam2,11,int__tai20_15_10,1348,47,1514.0,1734.0
lam2,11,int__tai20_15_10,1348,48,1540.0,1732.0
lam2,11,int__tai20_15_10,1348,49,1456.0,1696.0
lam2,11,int__tai20_15_10,1348,50,1519.0,1719.0
lam2,11,int__tai20_15_10,1348,51,1584.0,1816.0
lam2,11,int__tai20_15_10,1348,52,1492.0,1693.0
lam2,11,int__tai20_15_10,1348,53,1525.0,1750.0
lam2,11,int__tai20_15_10,1348,54,1473.0,1666.0
lam2,11,int__tai20_15_10,1348,55,1498.0,1744.0
lam2,11,int__tai20_15_10,1348,56,1509.0,1732.0
lam2,11,int__tai20_15_10,1348,57,1625.0,1848.0
lam2,11,int__tai20_15_10,1348,58,1504.0,1706.0
lam2,11,int__tai20_15_10,1348,59,1512.0,1713.0
lam2,11,int__tai20_15_10,1348,60,1539.0,1756.0
lam2,11,int__tai20_15_10,1348,61,1468.0,1655.0
lam2,11,int__tai20_15_10,1348,62,1453.0,1671.0
lam2,11,int__tai20_15_10,1348,63,1534.0,1787.0
lam4,10,int__tai20_15_05,1339,0,1538.0,1720.0
lam4,10,int__tai20_15_05,1339,1,1536.0,1756.0
lam4,10,int__tai20_15_05,1339,2,1499.0,1725.0
lam4,10,int__tai20_15_05,1339,3,1484.0,1706.0
lam4,10,int__tai20_15_05,1339,4,1469.0,1673.0
lam4,10,int__tai20_15_05,1339,5,1499.0,1711.0
lam4,10,int__tai20_15_05,1339,6,1613.0,1790.0
lam4,10,int__tai20_15_05,1339,7,1572.0,1818.0
lam4,10,int__tai20_15_05,1339,8,1460.0,1658.0
lam4,10,int__tai20_15_05,1339,9,1520.0,1756.0
lam4,10,int__tai20_15_05,1339,10,1586.0,1741.0
lam4,10,int__tai20_15_05,1339,11,1542.0,1775.0
lam4,10,int__tai20_15_05,1339,12,1592.0,1852.0
lam4,10,int__tai20_15_05,1339,13,1551.0,1764.0
lam4,10,int__tai20_15_05,1339,14,1552.0,1789.0
lam4,10,int__tai20_15_05,1339,15,1594.0,1821.0
lam4,10,int__tai20_15_05,1339,16,1503.0,1700.0
lam4,10,int__tai20_15_05,1339,17,1543.0,1750.0
lam4,10,int__tai20_15_05,1339,18,1502.0,1688.0
lam4,10,int__tai20_15_05,1339,19,1499.0,1696.0
lam4,10,int__tai20_15_05,1339,20,1519.0,1754.0
lam4,10,int__tai20_15_05,1339,21,1597.0,1829.0
lam4,10,int__tai20_15_05,1339,22,1487.0,1708.0
lam4,10,int__tai20_15_05,1339,23,1528.0,1756.0
lam4,10,int__tai20_15_05,1339,24,1539.0,1741.0
lam4,10,int__tai20_15_05,1339,25,1521.0,1700.0
lam4,10,int__tai20_15_05,1339,26,1501.0,1737.0
lam4,10,int__tai20_15_05,1339,27,1512.0,1707.0
lam4,10,int__tai20_15_05,1339,28,1532.0,1712.0
lam4,10,int__tai20_15_05,1339,29,1546.0,1775.0
lam4,10,int__tai20_15_05,1339,30,1531.0,1782.0
lam4,10,int__tai20_15_05,1339,31,1562.0,1813.0
lam4,10,int__tai20_15_05,1339,32,1521.0,1719.0
lam4,10,int__tai20_15_05,1339,33,1567.0,1793.0
lam4,10,int__tai20_15_05,1339,34,1541.0,1757.0
lam4,10,int__tai20_15_05,1339,35,1524.0,1766.0
lam4,10,int__tai20_15_05,1339,36,1511.0,1715.0
lam4,10,int__tai20_15_05,1339,37,1488.0,1699.0
lam4,10,int__tai20_15_05,1339,38,1487.0,1697.0
lam4,10,int__tai20_15_05,1339,39,1553.0,1754.0
lam4,10,int__tai20_15_05,1339,40,1525.0,1749.0
lam4,10,int__tai20_15_05,1339,41,1579.0,1801.0
lam4,10,int__tai20_15_05,1339,42,1435.0,1674.0
lam4,10,int__tai20_15_05,1339,43,1577.0,1789.0
lam4,10,int__tai20_15_05,1339,44,1580.0,1787.0
lam4,10,int__tai20_15_05,1339,45,1542.0,1741.0
lam4,10,int__tai20_15_05,1339,46,1585.0,1826.0
lam4,10,int__tai20_15_05,1339,47,1599.0,1839.0
lam4,10,int__tai20_15_05,1339,48,1513.0,1779.0
lam4,10,int__tai20_15_05,1339,49,1463.0,1719.0
lam4,10,int__tai20_15_05,1339,50,1526.0,1736.0
lam4,10,int__tai20_15_05,1339,51,1443.0,1634.0
lam4,10,int__tai20_15_05,1339,52,1620.0,1838.0
lam4,10,int__tai20_15_05,1339,53,1498.0,1695.0
lam4,10,int__tai20_15_05,1339,54,1477.0,1684.0
lam4,10,int__tai20_15_05,1339,55,1588.0,1804.0
lam4,10,int__tai20_15_05,1339,56,1608.0,1806.0
lam4,10,int__tai20_15_05,1339,57,1562.0,1769.0
lam4,10,int__tai20_15_05,1339,58,1571.0,1824.0
lam4,10,int__tai20_15_05,1339,59,1487.0,1692.0
lam4,10,int__tai20_15_05,1339,60,1521.0,1730.0
lam4,10,int__tai20_15_05,1339,61,1556.0,1790.0
lam4,10,int__tai20_15_05,1339,62,1539.0,1785.0
lam4,10,int__tai20_15_05,1339,63,1527.0,1723.0
lam4,10,int__tai20_15_06,1360,0,1494.0,1721.0
lam4,10,int__tai20_15_06,1360,1,1495.0,1715.0
lam4,10,int__tai20_15_06,1360,2,1521.0,1724.0
lam4,10,int__tai20_15_06,1360,3,1504.0,1753.0
lam4,10,int__tai20_15_06,1360,4,1543.0,1803.0
lam4,10,int__tai20_15_06,1360,5,1545.0,1804.0
lam4,10,int__tai20_15_06,1360,6,1523.0,1747.0
lam4,10,int__tai20_15_06,1360,7,1590.0,1815.0
lam4,10,int__tai20_15_06,1360,8,1513.0,1735.0
lam4,10,int__tai20_15_06,1360,9,1573.0,1826.0
lam4,10,int__tai20_15_06,1360,10,1507.0,1749.0
lam4,10,int__tai20_15_06,1360,11,1585.0,1773.0
lam4,10,int__tai20_15_06,1360,12,1507.0,1761.0
lam4,10,int__tai20_15_06,1360,13,1475.0,1706.0
lam4,10,int__tai20_15_06,1360,14,1485.0,1719.0
lam4,10,int__tai20_15_06,1360,15,1531.0,1766.0
lam4,10,int__tai20_15_06,1360,16,1561.0,1825.0
lam4,10,int__tai20_15_06,1360,17,1437.0,1673.0
lam4,10,int__tai20_15_06,1360,18,1554.0,1824.0
lam4,10,int__tai20_15_06,1360,19,1486.0,1760.0
lam4,10,int__tai20_15_06,1360,20,1465.0,1731.0
lam4,10,int__tai20_15_06,1360,21,1463.0,1707.0
lam4,10,int__tai20_15_06,1360,22,1449.0,1677.0
lam4,10,int__tai20_15_06,1360,23,1494.0,1733.0
lam4,10,int__tai20_15_06,1360,24,1546.0,1789.0
lam4,10,int__tai20_15_06,1360,25,1560.0,1808.0
lam4,10,int__tai20_15_06,1360,26,1596.0,1834.0
lam4,10,int__tai20_15_06,1360,27,1524.0,1778.0
lam4,10,int__tai20_15_06,1360,28,1465.0,1709.0
lam4,10,int__tai20_15_06,1360,29,1468.0,1709.0
lam4,10,int__tai20_15_06,1360,30,1482.0,1753.0
lam4,10,int__tai20_15_06,1360,31,1535.0,1760.0
lam4,10,int__tai20_15_06,1360,32,1473.0,1726.0
lam4,10,int__tai20_15_06,1360,33,1551.0,1804.0
lam4,10,int__tai20_15_06,1360,34,1517.0,1759.0
lam4,10,int__tai20_15_06,1360,35,1487.0,1763.0
lam4,10,int__tai20_15_06,1360,36,1635.0,1888.0
lam4,10,int__tai20_15_06,1360,37,1528.0,1786.0
lam4,10,int__tai20_15_06,1360,38,1498.0,1738.0
lam4,10,int__tai20_15_06,1360,39,1598.0,1859.0
lam4,10,int__tai20_15_06,1360,40,1547.0,1791.0
lam4,10,int__tai20_15_06,1360,41,1490.0,1697.0
lam4,10,int__tai20_15_06,1360,42,1546.0,1768.0
lam4,10,int__tai20_15_06,1360,43,1476.0,1727.0
lam4,10,int__tai20_15_06,1360,44,1570.0,1793.0
lam4,10,int__tai20_15_06,1360,45,1480.0,1704.0
lam4,10,int__tai20_15_06,1360,46,1593.0,1823.0
lam4,10,int__tai20_15_06,1360,47,1487.0,1751.0
lam4,10,int__tai20_15_06,1360,48,1512.0,1750.0
lam4,10,int__tai20_15_06,1360,49,1488.0,1737.0
lam4,10,int__tai20_15_06,1360,50,1485.0,1747.0
lam4,10,int__tai20_15_06,1360,51,1466.0,1714.0
lam4,10,int__tai20_15_06,1360,52,1538.0,1760.0
lam4,10,int__tai20_15_06,1360,53,1489.0,1705.0
lam4,10,int__tai20_15_06,1360,54,1528.0,1744.0
lam4,10,int__tai20_15_06,1360,55,1491.0,1749.0
lam4,10,int__tai20_15_06,1360,56,1503.0,1740.0
lam4,10,int__tai20_15_06,1360,57,1559.0,1829.0
lam4,10,int__tai20_15_06,1360,58,1570.0,1813.0
lam4,10,int__tai20_15_06,1360,59,1498.0,1761.0
lam4,10,int__tai20_15_06,1360,60,1512.0,1715.0
lam4,10,int__tai20_15_06,1360,61,1464.0,1687.0
lam4,10,int__tai20_15_06,1360,62,1537.0,1791.0
lam4,10,int__tai20_15_06,1360,63,1475.0,1676.0
lam4,10,int__tai20_15_07,1462,0,1670.0,1920.0
lam4,10,int__tai20_15_07,1462,1,1569.0,1816.0
lam4,10,int__tai20_15_07,1462,2,1551.0,1777.0
lam4,10,int__tai20_15_07,1462,3,1638.0,1846.0
lam4,10,int__tai20_15_07,1462,4,1627.0,1874.0
lam4,10,int__tai20_15_07,1462,5,1665.0,1907.0
lam4,10,int__tai20_15_07,1462,6,1572.0,1801.0
lam4,10,int__tai20_15_07,1462,7,1610.0,1838.0
lam4,10,int__tai20_15_07,1462,8,1608.0,1849.0
lam4,10,int__tai20_15_07,1462,9,1646.0,1891.0
lam4,10,int__tai20_15_07,1462,10,1660.0,1912.0
lam4,10,int__tai20_15_07,1462,11,1681.0,1896.0
lam4,10,int__tai20_15_07,1462,12,1568.0,1789.0
lam4,10,int__tai20_15_07,1462,13,1700.0,1933.0
lam4,10,int__tai20_15_07,1462,14,1646.0,1862.0
lam4,10,int__tai20_15_07,1462,15,1649.0,1856.0
lam4,10,int__tai20_15_07,1462,16,1652.0,1874.0
lam4,10,int__tai20_15_07,1462,17,1607.0,1838.0
lam4,10,int__tai20_15_07,1462,18,1627.0,1868.0
lam4,10,int__tai20_15_07,1462,19,1652.0,1883.0
lam4,10,int__tai20_15_07,1462,20,1666.0,1893.0
lam4,10,int__tai20_15_07,1462,21,1653.0,1889.0
lam4,10,int__tai20_15_07,1462,22,1689.0,1953.0
lam4,10,int__tai20_15_07,1462,23,1698.0,1938.0
lam4,10,int__tai20_15_07,1462,24,1605.0,1835.0
lam4,10,int__tai20_15_07,1462,25,1704.0,1970.0
lam4,10,int__tai20_15_07,1462,26,1626.0,1873.0
lam4,10,int__tai20_15_07,1462,27,1671.0,1906.0
lam4,10,int__tai20_15_07,1462,28,1644.0,1861.0
lam4,10,int__tai20_15_07,1462,29,1644.0,1884.0
lam4,10,int__tai20_15_07,1462,30,1583.0,1835.0
lam4,10,int__tai20_15_07,1462,31,1779.0,2063.0
lam4,10,int__tai20_15_07,1462,32,1559.0,1853.0
lam4,10,int__tai20_15_07,1462,33,1597.0,1829.0
lam4,10,int__tai20_15_07,1462,34,1751.0,1994.0
lam4,10,int__tai20_15_07,1462,35,1609.0,1843.0
lam4,10,int__tai20_15_07,1462,36,1684.0,1928.0
lam4,10,int__tai20_15_07,1462,37,1591.0,1836.0
lam4,10,int__tai20_15_07,1462,38,1698.0,1920.0
lam4,10,int__tai20_15_07,1462,39,1611.0,1844.0
lam4,10,int__tai20_15_07,1462,40,1639.0,1873.0
lam4,10,int__tai20_15_07,1462,41,1597.0,1846.0
lam4,10,int__tai20_15_07,1462,42,1639.0,1895.0
lam4,10,int__tai20_15_07,1462,43,1621.0,1847.0
lam4,10,int__tai20_15_07,1462,44,1569.0,1793.0
lam4,10,int__tai20_15_07,1462,45,1683.0,1927.0
lam4,10,int__tai20_15_07,1462,46,1556.0,1808.0
lam4,10,int__tai20_15_07,1462,47,1630.0,1841.0
lam4,10,int__tai20_15_07,1462,48,1639.0,1879.0
lam4,10,int__tai20_15_07,1462,49,1564.0,1833.0
lam4,10,int__tai20_15_07,1462,50,1610.0,1862.0
lam4,10,int__tai20_15_07,1462,51,1654.0,1911.0
lam4,10,int__tai20_15_07,1462,52,1641.0,1869.0
lam4,10,int__tai20_15_07,1462,53,1705.0,1955.0
lam4,10,int__tai20_15_07,1462,54,1620.0,1856.0
lam4,10,int__tai20_15_07,1462,55,1675.0,1895.0
lam4,10,int__tai20_15_07,1462,56,1688.0,1909.0
lam4,10,int__tai20_15_07,1462,57,1648.0,1893.0
lam4,10,int__tai20_15_07,1462,58,1653.0,1857.0
lam4,10,int__tai20_15_07,1462,59,1695.0,1946.0
lam4,10,int__tai20_15_07,1462,60,1631.0,1857.0
lam4,10,int__tai20_15_07,1462,61,1593.0,1836.0
lam4,10,int__tai20_15_07,1462,62,1591.0,1833.0
lam4,10,int__tai20_15_07,1462,63,1549.0,1792.0
lam4,10,int__tai20_15_08,1377,0,1551.0,1747.0
lam4,10,int__tai20_15_08,1377,1,1554.0,1788.0
lam4,10,int__tai20_15_08,1377,2,1624.0,1866.0
lam4,10,int__tai20_15_08,1377,3,1650.0,1850.0
lam4,10,int__tai20_15_08,1377,4,1524.0,1734.0
lam4,10,int__tai20_15_08,1377,5,1604.0,1823.0
lam4,10,int__tai20_15_08,1377,6,1578.0,1762.0
lam4,10,int__tai20_15_08,1377,7,1561.0,1789.0
lam4,10,int__tai20_15_08,1377,8,1564.0,1781.0
lam4,10,int__tai20_15_08,1377,9,1541.0,1773.0
lam4,10,int__tai20_15_08,1377,10,1533.0,1742.0
lam4,10,int__tai20_15_08,1377,11,1696.0,1930.0
lam4,10,int__tai20_15_08,1377,12,1521.0,1737.0
lam4,10,int__tai20_15_08,1377,13,1562.0,1798.0
lam4,10,int__tai20_15_08,1377,14,1632.0,1873.0
lam4,10,int__tai20_15_08,1377,15,1588.0,1819.0
lam4,10,int__tai20_15_08,1377,16,1590.0,1830.0
lam4,10,int__tai20_15_08,1377,17,1620.0,1848.0
lam4,10,int__tai20_15_08,1377,18,1590.0,1843.0
lam4,10,int__tai20_15_08,1377,19,1689.0,1936.0
lam4,10,int__tai20_15_08,1377,20,1706.0,1918.0
lam4,10,int__tai20_15_08,1377,21,1544.0,1738.0
lam4,10,int__tai20_15_08,1377,22,1586.0,1806.0
lam4,10,int__tai20_15_08,1377,23,1576.0,1812.0
lam4,10,int__tai20_15_08,1377,24,1601.0,1804.0
lam4,10,int__tai20_15_08,1377,25,1616.0,1813.0
lam4,10,int__tai20_15_08,1377,26,1564.0,1752.0
lam4,10,int__tai20_15_08,1377,27,1604.0,1836.0
lam4,10,int__tai20_15_08,1377,28,1595.0,1805.0
lam4,10,int__tai20_15_08,1377,29,1543.0,1760.0
lam4,10,int__tai20_15_08,1377,30,1593.0,1775.0
lam4,10,int__tai20_15_08,1377,31,1610.0,1811.0
lam4,10,int__tai20_15_08,1377,32,1595.0,1825.0
lam4,10,int__tai20_15_08,1377,33,1562.0,1798.0
lam4,10,int__tai20_15_08,1377,34,1523.0,1753.0
lam4,10,int__tai20_15_08,1377,35,1574.0,1811.0
lam4,10,int__tai20_15_08,1377,36,1604.0,1809.0
lam4,10,int__tai20_15_08,1377,37,1536.0,1750.0
lam4,10,int__tai20_15_08,1377,38,1627.0,1836.0
lam4,10,int__tai20_15_08,1377,39,1554.0,1761.0
lam4,10,int__tai20_15_08,1377,40,1503.0,1726.0
lam4,10,int__tai20_15_08,1377,41,1606.0,1852.0
lam4,10,int__tai20_15_08,1377,42,1618.0,1847.0
lam4,10,int__tai20_15_08,1377,43,1604.0,1826.0
lam4,10,int__tai20_15_08,1377,44,1557.0,1783.0
lam4,10,int__tai20_15_08,1377,45,1614.0,1847.0
lam4,10,int__tai20_15_08,1377,46,1578.0,1763.0
lam4,10,int__tai20_15_08,1377,47,1587.0,1837.0
lam4,10,int__tai20_15_08,1377,48,1586.0,1810.0
lam4,10,int__tai20_15_08,1377,49,1534.0,1757.0
lam4,10,int__tai20_15_08,1377,50,1538.0,1741.0
lam4,10,int__tai20_15_08,1377,51,1633.0,1825.0
lam4,10,int__tai20_15_08,1377,52,1559.0,1783.0
lam4,10,int__tai20_15_08,1377,53,1565.0,1799.0
lam4,10,int__tai20_15_08,1377,54,1584.0,1820.0
lam4,10,int__tai20_15_08,1377,55,1636.0,1878.0
lam4,10,int__tai20_15_08,1377,56,1617.0,1853.0
lam4,10,int__tai20_15_08,1377,57,1555.0,1744.0
lam4,10,int__tai20_15_08,1377,58,1528.0,1747.0
lam4,10,int__tai20_15_08,1377,59,1597.0,1836.0
lam4,10,int__tai20_15_08,1377,60,1582.0,1825.0
lam4,10,int__tai20_15_08,1377,61,1530.0,1743.0
lam4,10,int__tai20_15_08,1377,62,1560.0,1783.0
lam4,10,int__tai20_15_08,1377,63,1537.0,1779.0
lam4,10,int__tai20_15_09,1332,0,1429.0,1675.0
lam4,10,int__tai20_15_09,1332,1,1424.0,1660.0
lam4,10,int__tai20_15_09,1332,2,1526.0,1752.0
lam4,10,int__tai20_15_09,1332,3,1485.0,1678.0
lam4,10,int__tai20_15_09,1332,4,1558.0,1790.0
lam4,10,int__tai20_15_09,1332,5,1474.0,1733.0
lam4,10,int__tai20_15_09,1332,6,1460.0,1678.0
lam4,10,int__tai20_15_09,1332,7,1509.0,1705.0
lam4,10,int__tai20_15_09,1332,8,1488.0,1759.0
lam4,10,int__tai20_15_09,1332,9,1512.0,1812.0
lam4,10,int__tai20_15_09,1332,10,1436.0,1699.0
lam4,10,int__tai20_15_09,1332,11,1476.0,1674.0
lam4,10,int__tai20_15_09,1332,12,1508.0,1759.0
lam4,10,int__tai20_15_09,1332,13,1418.0,1591.0
lam4,10,int__tai20_15_09,1332,14,1525.0,1740.0
lam4,10,int__tai20_15_09,1332,15,1514.0,1800.0
lam4,10,int__tai20_15_09,1332,16,1533.0,1745.0
lam4,10,int__tai20_15_09,1332,17,1421.0,1622.0
lam4,10,int__tai20_15_09,1332,18,1505.0,1721.0
lam4,10,int__tai20_15_09,1332,19,1474.0,1750.0
lam4,10,int__tai20_15_09,1332,20,1479.0,1689.0
lam4,10,int__tai20_15_09,1332,21,1480.0,1692.0
lam4,10,int__tai20_15_09,1332,22,1547.0,1731.0
lam4,10,int__tai20_15_09,1332,23,1429.0,1685.0
lam4,10,int__tai20_15_09,1332,24,1448.0,1707.0
lam4,10,int__tai20_15_09,1332,25,1486.0,1749.0
lam4,10,int__tai20_15_09,1332,26,1451.0,1638.0
lam4,10,int__tai20_15_09,1332,27,1530.0,1728.0
lam4,10,int__tai20_15_09,1332,28,1418.0,1608.0
lam4,10,int__tai20_15_09,1332,29,1515.0,1757.0
lam4,10,int__tai20_15_09,1332,30,1485.0,1737.0
lam4,10,int__tai20_15_09,1332,31,1497.0,1678.0
lam4,10,int__tai20_15_09,1332,32,1482.0,1766.0
lam4,10,int__tai20_15_09,1332,33,1419.0,1652.0
lam4,10,int__tai20_15_09,1332,34,1491.0,1671.0
lam4,10,int__tai20_15_09,1332,35,1515.0,1791.0
lam4,10,int__tai20_15_09,1332,36,1492.0,1711.0
lam4,10,int__tai20_15_09,1332,37,1470.0,1741.0
lam4,10,int__tai20_15_09,1332,38,1463.0,1718.0
lam4,10,int__tai20_15_09,1332,39,1489.0,1742.0
lam4,10,int__tai20_15_09,1332,40,1473.0,1703.0
lam4,10,int__tai20_15_09,1332,41,1477.0,1673.0
lam4,10,int__tai20_15_09,1332,42,1468.0,1732.0
lam4,10,int__tai20_15_09,1332,43,1489.0,1722.0
lam4,10,int__tai20_15_09,1332,44,1494.0,1719.0
lam4,10,int__tai20_15_09,1332,45,1483.0,1687.0
lam4,10,int__tai20_15_09,1332,46,1507.0,1799.0
lam4,10,int__tai20_15_09,1332,47,1508.0,1757.0
lam4,10,int__tai20_15_09,1332,48,1492.0,1768.0
lam4,10,int__tai20_15_09,1332,49,1505.0,1733.0
lam4,10,int__tai20_15_09,1332,50,1477.0,1673.0
lam4,10,int__tai20_15_09,1332,51,1452.0,1724.0
lam4,10,int__tai20_15_09,1332,52,1539.0,1817.0
lam4,10,int__tai20_15_09,1332,53,1401.0,1657.0
lam4,10,int__tai20_15_09,1332,54,1479.0,1715.0
lam4,10,int__tai20_15_09,1332,55,1501.0,1708.0
lam4,10,int__tai20_15_09,1332,56,1517.0,1750.0
lam4,10,int__tai20_15_09,1332,57,1481.0,1715.0
lam4,10,int__tai20_15_09,1332,58,1526.0,1790.0
lam4,10,int__tai20_15_09,1332,59,1481.0,1740.0
lam4,10,int__tai20_15_09,1332,60,1457.0,1711.0
lam4,10,int__tai20_15_09,1332,61,1554.0,1804.0
lam4,10,int__tai20_15_09,1332,62,1504.0,1752.0
lam4,10,int__tai20_15_09,1332,63,1530.0,1766.0
lam4,10,int__tai20_15_10,1348,0,1476.0,1689.0
lam4,10,int__tai20_15_10,1348,1,1483.0,1715.0
lam4,10,int__tai20_15_10,1348,2,1591.0,1827.0
lam4,10,int__tai20_15_10,1348,3,1502.0,1711.0
lam4,10,int__tai20_15_10,1348,4,1491.0,1679.0
lam4,10,int__tai20_15_10,1348,5,1555.0,1736.0
lam4,10,int__tai20_15_10,1348,6,1533.0,1752.0
lam4,10,int__tai20_15_10,1348,7,1463.0,1705.0
lam4,10,int__tai20_15_10,1348,8,1547.0,1753.0
lam4,10,int__tai20_15_10,1348,9,1470.0,1689.0
lam4,10,int__tai20_15_10,1348,10,1519.0,1750.0
lam4,10,int__tai20_15_10,1348,11,1504.0,1721.0
lam4,10,int__tai20_15_10,1348,12,1618.0,1881.0
lam4,10,int__tai20_15_10,1348,13,1457.0,1674.0
lam4,10,int__tai20_15_10,1348,14,1527.0,1768.0
lam4,10,int__tai20_15_10,1348,15,1544.0,1771.0
lam4,10,int__tai20_15_10,1348,16,1610.0,1808.0
lam4,10,int__tai20_15_10,1348,17,1473.0,1714.0
lam4,10,int__tai20_15_10,1348,18,1489.0,1700.0
lam4,10,int__tai20_15_10,1348,19,1497.0,1718.0
lam4,10,int__tai20_15_10,1348,20,1503.0,1711.0
lam4,10,int__tai20_15_10,1348,21,1529.0,1731.0
lam4,10,int__tai20_15_10,1348,22,1577.0,1784.0
lam4,10,int__tai20_15_10,1348,23,1556.0,1744.0
lam4,10,int__tai20_15_10,1348,24,1462.0,1665.0
lam4,10,int__tai20_15_10,1348,25,1513.0,1742.0
lam4,10,int__tai20_15_10,1348,26,1523.0,1733.0
lam4,10,int__tai20_15_10,1348,27,1489.0,1741.0
lam4,10,int__tai20_15_10,1348,28,1503.0,1765.0
lam4,10,int__tai20_15_10,1348,29,1515.0,1747.0
lam4,10,int__tai20_15_10,1348,30,1520.0,1782.0
lam4,10,int__tai20_15_10,1348,31,1560.0,1789.0
lam4,10,int__tai20_15_10,1348,32,1570.0,1794.0
lam4,10,int__tai20_15_10,1348,33,1505.0,1702.0
lam4,10,int__tai20_15_10,1348,34,1551.0,1753.0
lam4,10,int__tai20_15_10,1348,35,1503.0,1740.0
lam4,10,int__tai20_15_10,1348,36,1568.0,1793.0
lam4,10,int__tai20_15_10,1348,37,1537.0,1753.0
lam4,10,int__tai20_15_10,1348,38,1499.0,1752.0
lam4,10,int__tai20_15_10,1348,39,1419.0,1668.0
lam4,10,int__tai20_15_10,1348,40,1486.0,1659.0
lam4,10,int__tai20_15_10,1348,41,1543.0,1755.0
lam4,10,int__tai20_15_10,1348,42,1505.0,1740.0
lam4,10,int__tai20_15_10,1348,43,1560.0,1814.0
lam4,10,int__tai20_15_10,1348,44,1526.0,1751.0
lam4,10,int__tai20_15_10,1348,45,1486.0,1716.0
lam4,10,int__tai20_15_10,1348,46,1524.0,1750.0
lam4,10,int__tai20_15_10,1348,47,1545.0,1750.0
lam4,10,int__tai20_15_10,1348,48,1493.0,1680.0
lam4,10,int__tai20_15_10,1348,49,1442.0,1684.0
lam4,10,int__tai20_15_10,1348,50,1560.0,1762.0
lam4,10,int__tai20_15_10,1348,51,1506.0,1744.0
lam4,10,int__tai20_15_10,1348,52,1507.0,1732.0
lam4,10,int__tai20_15_10,1348,53,1501.0,1734.0
lam4,10,int__tai20_15_10,1348,54,1493.0,1718.0
lam4,10,int__tai20_15_10,1348,55,1464.0,1668.0
lam4,10,int__tai20_15_10,1348,56,1567.0,1780.0
lam4,10,int__tai20_15_10,1348,57,1486.0,1692.0
lam4,10,int__tai20_15_10,1348,58,1521.0,1744.0
lam4,10,int__tai20_15_10,1348,59,1438.0,1684.0
lam4,10,int__tai20_15_10,1348,60,1531.0,1747.0
lam4,10,int__tai20_15_10,1348,61,1444.0,1667.0
lam4,10,int__tai20_15_10,1348,62,1486.0,1725.0
lam4,10,int__tai20_15_10,1348,63,1516.0,1768.0
