arm,seed,instance,lb,sample_idx,lower,upper
base,7,int__tai20_15_05,1339,0,1477.0,1717.0
base,7,int__tai20_15_05,1339,1,1520.0,1734.0
base,7,int__tai20_15_05,1339,2,1582.0,1783.0
base,7,int__tai20_15_05,1339,3,1483.0,1698.0
base,7,int__tai20_15_05,1339,4,1533.0,1756.0
base,7,int__tai20_15_05,1339,5,1456.0,1673.0
base,7,int__tai20_15_05,1339,6,1473.0,1722.0
base,7,int__tai20_15_05,1339,7,1447.0,1687.0
base,7,int__tai20_15_05,1339,8,1533.0,1683.0
base,7,int__tai20_15_05,1339,9,1515.0,1759.0
base,7,int__tai20_15_05,1339,10,1516.0,1720.0
base,7,int__tai20_15_05,1339,11,1534.0,1760.0
base,7,int__tai20_15_05,1339,12,1503.0,1703.0
base,7,int__tai20_15_05,1339,13,1525.0,1708.0
base,7,int__tai20_15_05,1339,14,1487.0,1722.0
base,7,int__tai20_15_05,1339,15,1475.0,1714.0
base,7,int__tai20_15_05,1339,16,1494.0,1688.0
base,7,int__tai20_15_05,1339,17,1459.0,1679.0
base,7,int__tai20_15_05,1339,18,1470.0,1703.0
base,7,int__tai20_15_05,1339,19,1527.0,1781.0
base,7,int__tai20_15_05,1339,20,1565.0,1796.0
base,7,int__tai20_15_05,1339,21,1475.0,1700.0
base,7,int__tai20_15_05,1339,22,1492.0,1694.0
base,7,int__tai20_15_05,1339,23,1455.0,1704.0
base,7,int__tai20_15_05,1339,24,1508.0,1718.0
base,7,int__tai20_15_05,1339,25,1585.0,1785.0
base,7,int__tai20_15_05,1339,26,1579.0,1795.0
base,7,int__tai20_15_05,1339,27,1413.0,1639.0
base,7,int__tai20_15_05,1339,28,1438.0,1640.0
base,7,int__tai20_15_05,1339,29,1569.0,1775.0
base,7,int__tai20_15_05,1339,30,1415.0,1616.0
base,7,int__tai20_15_05,1339,31,1489.0,1695.0
base,7,int__tai20_15_05,1339,32,1504.0,1708.0
base,7,int__tai20_15_05,1339,33,1439.0,1652.0
base,7,int__tai20_15_05,1339,34,1520.0,1742.0
base,7,int__tai20_15_05,1339,35,1504.0,1712.0
base,7,int__tai20_15_05,1339,36,1563.0,1783.0
base,7,int__tai20_15_05,1339,37,1519.0,1722.0
base,7,int__tai20_15_05,1339,38,1575.0,1781.0
base,7,int__tai20_15_05,1339,39,1505.0,1698.0
base,7,int__tai20_15_05,1339,40,1526.0,1736.0
base,7,int__tai20_15_05,1339,41,1550.0,1755.0
base,7,int__tai20_15_05,1339,42,1534.0,1743.0
base,7,int__tai20_15_05,1339,43,1481.0,1682.0
base,7,int__tai20_15_05,1339,44,1518.0,1694.0
base,7,int__tai20_15_05,1339,45,1575.0,1777.0
base,7,int__tai20_15_05,1339,46,1478.0,1681.0
base,7,int__tai20_15_05,1339,47,1594.0,1805.0
base,7,int__tai20_15_05,1339,48,1584.0,1790.0
base,7,int__tai20_15_05,1339,49,1497.0,1742.0
base,7,int__tai20_15_05,1339,50,1511.0,1694.0
base,7,int__tai20_15_05,1339,51,1554.0,1744.0
base,7,int__tai20_15_05,1339,52,1490.0,1690.0
base,7,int__tai20_15_05,1339,53,1466.0,1658.0
base,7,int__tai20_15_05,1339,54,1493.0,1751.0
base,7,int__tai20_15_05,1339,55,1450.0,1666.0
base,7,int__tai20_15_05,1339,56,1482.0,1716.0
base,7,int__tai20_15_05,1339,57,1572.0,1758.0
base,7,int__tai20_15_05,1339,58,1492.0,1692.0
base,7,int__tai20_15_05,1339,59,1554.0,1758.0
base,7,int__tai20_15_05,1339,60,1525.0,1749.0
base,7,int__tai20_15_05,1339,61,1517.0,1747.0
base,7,int__tai20_15_05,1339,62,1509.0,1715.0
base,7,int__tai20_15_05,1339,63,1484.0,1709.0
base,7,int__tai20_15_06,1360,0,1482.0,1711.0
base,7,int__tai20_15_06,1360,1,1454.0,1671.0
base,7,int__tai20_15_06,1360,2,1495.0,1708.0
base,7,int__tai20_15_06,1360,3,1491.0,1722.0
base,7,int__tai20_15_06,1360,4,1456.0,1669.0
base,7,int__tai20_15_06,1360,5,1505.0,1730.0
base,7,int__tai20_15_06,1360,6,1522.0,1737.0
base,7,int__tai20_15_06,1360,7,1490.0,1728.0
base,7,int__tai20_15_06,1360,8,1614.0,1889.0
base,7,int__tai20_15_06,1360,9,1583.0,1842.0
base,7,int__tai20_15_06,1360,10,1541.0,1774.0
base,7,int__tai20_15_06,1360,11,1514.0,1762.0
base,7,int__tai20_15_06,1360,12,1613.0,1880.0
base,7,int__tai20_15_06,1360,13,1438.0,1662.0
base,7,int__tai20_15_06,1360,14,1475.0,1706.0
base,7,int__tai20_15_06,1360,15,1562.0,1805.0
base,7,int__tai20_15_06,1360,16,1500.0,1775.0
base,7,int__tai20_15_06,1360,17,1513.0,1726.0
base,7,int__tai20_15_06,1360,18,1569.0,1798.0
base,7,int__tai20_15_06,1360,19,1544.0,1777.0
base,7,int__tai20_15_06,1360,20,1485.0,1718.0
base,7,int__tai20_15_06,1360,21,1532.0,1783.0
base,7,int__tai20_15_06,1360,22,1461.0,1672.0
base,7,int__tai20_15_06,1360,23,1550.0,1760.0
base,7,int__tai20_15_06,1360,24,1548.0,1807.0
base,7,int__tai20_15_06,1360,25,1541.0,1814.0
base,7,int__tai20_15_06,1360,26,1487.0,1726.0
base,7,int__tai20_15_06,1360,27,1512.0,1784.0
base,7,int__tai20_15_06,1360,28,1459.0,1665.0
base,7,int__tai20_15_06,1360,29,1529.0,1759.0
base,7,int__tai20_15_06,1360,30,1533.0,1774.0
base,7,int__tai20_15_06,1360,31,1536.0,1753.0
base,7,int__tai20_15_06,1360,32,1556.0,1804.0
base,7,int__tai20_15_06,1360,33,1548.0,1778.0
base,7,int__tai20_15_06,1360,34,1468.0,1738.0
base,7,int__tai20_15_06,1360,35,1476.0,1730.0
base,7,int__tai20_15_06,1360,36,1545.0,1775.0
base,7,int__tai20_15_06,1360,37,1499.0,1714.0
base,7,int__tai20_15_06,1360,38,1460.0,1698.0
base,7,int__tai20_15_06,1360,39,1550.0,1771.0
base,7,int__tai20_15_06,1360,40,1516.0,1729.0
base,7,int__tai20_15_06,1360,41,1527.0,1765.0
base,7,int__tai20_15_06,1360,42,1517.0,1726.0
base,7,int__tai20_15_06,1360,43,1516.0,1779.0
base,7,int__tai20_15_06,1360,44,1467.0,1700.0
base,7,int__tai20_15_06,1360,45,1521.0,1782.0
base,7,int__tai20_15_06,1360,46,1539.0,1771.0
base,7,int__tai20_15_06,1360,47,1472.0,1747.0
base,7,int__tai20_15_06,1360,48,1464.0,1694.0
base,7,int__tai20_15_06,1360,49,1515.0,1751.0
base,7,int__tai20_15_06,1360,50,1556.0,1770.0
base,7,int__tai20_15_06,1360,51,1574.0,1783.0
base,7,int__tai20_15_06,1360,52,1510.0,1738.0
base,7,int__tai20_15_06,1360,53,1567.0,1816.0
base,7,int__tai20_15_06,1360,54,1529.0,1754.0
base,7,int__tai20_15_06,1360,55,1554.0,1804.0
base,7,int__tai20_15_06,1360,56,1486.0,1714.0
base,7,int__tai20_15_06,1360,57,1466.0,1715.0
base,7,int__tai20_15_06,1360,58,1489.0,1747.0
base,7,int__tai20_15_06,1360,59,1527.0,1792.0
base,7,int__tai20_15_06,1360,60,1515.0,1788.0
base,7,int__tai20_15_06,1360,61,1487.0,1720.0
base,7,int__tai20_15_06,1360,62,1549.0,1811.0
base,7,int__tai20_15_06,1360,63,1546.0,1776.0
base,7,int__tai20_15_07,1462,0,1652.0,1891.0
base,7,int__tai20_15_07,1462,1,1531.0,1770.0
base,7,int__tai20_15_07,1462,2,1531.0,1775.0
base,7,int__tai20_15_07,1462,3,1649.0,1888.0
base,7,int__tai20_15_07,1462,4,1651.0,1865.0
base,7,int__tai20_15_07,1462,5,1638.0,1846.0
base,7,int__tai20_15_07,1462,6,1570.0,1810.0
base,7,int__tai20_15_07,1462,7,1634.0,1878.0
base,7,int__tai20_15_07,1462,8,1586.0,1854.0
base,7,int__tai20_15_07,1462,9,1577.0,1786.0
base,7,int__tai20_15_07,1462,10,1560.0,1813.0
base,7,int__tai20_15_07,1462,11,1614.0,1874.0
base,7,int__tai20_15_07,1462,12,1543.0,1804.0
base,7,int__tai20_15_07,1462,13,1584.0,1815.0
base,7,int__tai20_15_07,1462,14,1604.0,1816.0
base,7,int__tai20_15_07,1462,15,1538.0,1775.0
base,7,int__tai20_15_07,1462,16,1604.0,1842.0
base,7,int__tai20_15_07,1462,17,1585.0,1825.0
base,7,int__tai20_15_07,1462,18,1670.0,1925.0
base,7,int__tai20_15_07,1462,19,1557.0,1818.0
base,7,int__tai20_15_07,1462,20,1678.0,1913.0
base,7,int__tai20_15_07,1462,21,1605.0,1835.0
base,7,int__tai20_15_07,1462,22,1600.0,1848.0
base,7,int__tai20_15_07,1462,23,1630.0,1876.0
base,7,int__tai20_15_07,1462,24,1624.0,1837.0
base,7,int__tai20_15_07,1462,25,1600.0,1814.0
base,7,int__tai20_15_07,1462,26,1601.0,1853.0
base,7,int__tai20_15_07,1462,27,1603.0,1861.0
base,7,int__tai20_15_07,1462,28,1566.0,1835.0
base,7,int__tai20_15_07,1462,29,1738.0,1982.0
base,7,int__tai20_15_07,1462,30,1585.0,1835.0
base,7,int__tai20_15_07,1462,31,1577.0,1788.0
base,7,int__tai20_15_07,1462,32,1607.0,1803.0
base,7,int__tai20_15_07,1462,33,1587.0,1807.0
base,7,int__tai20_15_07,1462,34,1571.0,1843.0
base,7,int__tai20_15_07,1462,35,1580.0,1830.0
base,7,int__tai20_15_07,1462,36,1588.0,1814.0
base,7,int__tai20_15_07,1462,37,1596.0,1803.0
base,7,int__tai20_15_07,1462,38,1593.0,1830.0
base,7,int__tai20_15_07,1462,39,1574.0,1804.0
base,7,int__tai20_15_07,1462,40,1608.0,1877.0
base,7,int__tai20_15_07,1462,41,1578.0,1810.0
base,7,int__tai20_15_07,1462,42,1672.0,1889.0
base,7,int__tai20_15_07,1462,43,1634.0,1889.0
base,7,int__tai20_15_07,1462,44,1637.0,1902.0
base,7,int__tai20_15_07,1462,45,1586.0,1836.0
base,7,int__tai20_15_07,1462,46,1661.0,1906.0
base,7,int__tai20_15_07,1462,47,1560.0,1795.0
base,7,int__tai20_15_07,1462,48,1580.0,1797.0
base,7,int__tai20_15_07,1462,49,1602.0,1826.0
base,7,int__tai20_15_07,1462,50,1643.0,1882.0
base,7,int__tai20_15_07,1462,51,1567.0,1815.0
base,7,int__tai20_15_07,1462,52,1625.0,1856.0
base,7,int__tai20_15_07,1462,53,1629.0,1841.0
base,7,int__tai20_15_07,1462,54,1550.0,1788.0
base,7,int__tai20_15_07,1462,55,1593.0,1845.0
base,7,int__tai20_15_07,1462,56,1570.0,1840.0
base,7,int__tai20_15_07,1462,57,1567.0,1793.0
base,7,int__tai20_15_07,1462,58,1644.0,1886.0
base,7,int__tai20_15_07,1462,59,1623.0,1840.0
base,7,int__tai20_15_07,1462,60,1565.0,1805.0
base,7,int__tai20_15_07,1462,61,1699.0,1917.0
base,7,int__tai20_15_07,1462,62,1629.0,1871.0
base,7,int__tai20_15_07,1462,63,1658.0,1926.0
base,7,int__tai20_15_08,1377,0,1574.0,1797.0
base,7,int__tai20_15_08,1377,1,1568.0,1771.0
base,7,int__tai20_15_08,1377,2,1659.0,1891.0
base,7,int__tai20_15_08,1377,3,1578.0,1805.0
base,7,int__tai20_15_08,1377,4,1577.0,1810.0
base,7,int__tai20_15_08,1377,5,1620.0,1815.0
base,7,int__tai20_15_08,1377,6,1598.0,1811.0
base,7,int__tai20_15_08,1377,7,1556.0,1783.0
base,7,int__tai20_15_08,1377,8,1496.0,1717.0
base,7,int__tai20_15_08,1377,9,1578.0,1819.0
base,7,int__tai20_15_08,1377,10,1560.0,1791.0
base,7,int__tai20_15_08,1377,11,1635.0,1824.0
base,7,int__tai20_15_08,1377,12,1560.0,1784.0
base,7,int__tai20_15_08,1377,13,1566.0,1816.0
base,7,int__tai20_15_08,1377,14,1577.0,1776.0
base,7,int__tai20_15_08,1377,15,1561.0,1760.0
base,7,int__tai20_15_08,1377,16,1631.0,1836.0
base,7,int__tai20_15_08,1377,17,1589.0,1825.0
base,7,int__tai20_15_08,1377,18,1563.0,1826.0
base,7,int__tai20_15_08,1377,19,1660.0,1906.0
base,7,int__tai20_15_08,1377,20,1535.0,1749.0
base,7,int__tai20_15_08,1377,21,1582.0,1807.0
base,7,int__tai20_15_08,1377,22,1586.0,1831.0
base,7,int__tai20_15_08,1377,23,1580.0,1806.0
base,7,int__tai20_15_08,1377,24,1613.0,1831.0
base,7,int__tai20_15_08,1377,25,1574.0,1797.0
base,7,int__tai20_15_08,1377,26,1561.0,1783.0
base,7,int__tai20_15_08,1377,27,1602.0,1833.0
base,7,int__tai20_15_08,1377,28,1570.0,1773.0
base,7,int__tai20_15_08,1377,29,1571.0,1829.0
base,7,int__tai20_15_08,1377,30,1578.0,1819.0
base,7,int__tai20_15_08,1377,31,1577.0,1803.0
base,7,int__tai20_15_08,1377,32,1556.0,1770.0
base,7,int__tai20_15_08,1377,33,1570.0,1818.0
base,7,int__tai20_15_08,1377,34,1497.0,1712.0
base,7,int__tai20_15_08,1377,35,1604.0,1819.0
base,7,int__tai20_15_08,1377,36,1587.0,1820.0
base,7,int__tai20_15_08,1377,37,1545.0,1771.0
base,7,int__tai20_15_08,1377,38,1578.0,1821.0
base,7,int__tai20_15_08,1377,39,1581.0,1770.0
base,7,int__tai20_15_08,1377,40,1559.0,1793.0
base,7,int__tai20_15_08,1377,41,1520.0,1750.0
base,7,int__tai20_15_08,1377,42,1592.0,1776.0
base,7,int__tai20_15_08,1377,43,1530.0,1725.0
base,7,int__tai20_15_08,1377,44,1598.0,1816.0
base,7,int__tai20_15_08,1377,45,1529.0,1753.0
base,7,int__tai20_15_08,1377,46,1547.0,1784.0
base,7,int__tai20_15_08,1377,47,1619.0,1848.0
base,7,int__tai20_15_08,1377,48,1589.0,1843.0
base,7,int__tai20_15_08,1377,49,1620.0,1855.0
base,7,int__tai20_15_08,1377,50,1637.0,1853.0
base,7,int__tai20_15_08,1377,51,1538.0,1748.0
base,7,int__tai20_15_08,1377,52,1565.0,1805.0
base,7,int__tai20_15_08,1377,53,1544.0,1783.0
base,7,int__tai20_15_08,1377,54,1582.0,1814.0
base,7,int__tai20_15_08,1377,55,1637.0,1843.0
base,7,int__tai20_15_08,1377,56,1666.0,1928.0
base,7,int__tai20_15_08,1377,57,1543.0,1795.0
base,7,int__tai20_15_08,1377,58,1591.0,1807.0
base,7,int__tai20_15_08,1377,59,1579.0,1830.0
base,7,int__tai20_15_08,1377,60,1513.0,1731.0
base,7,int__tai20_15_08,1377,61,1576.0,1789.0
base,7,int__tai20_15_08,1377,62,1556.0,1760.0
base,7,int__tai20_15_08,1377,63,1596.0,1801.0
base,7,int__tai20_15_09,1332,0,1453.0,1712.0
base,7,int__tai20_15_09,1332,1,1514.0,1730.0
base,7,int__tai20_15_09,1332,2,1492.0,1677.0
base,7,int__tai20_15_09,1332,3,1415.0,1669.0
base,7,int__tai20_15_09,1332,4,1414.0,1659.0
base,7,int__tai20_15_09,1332,5,1414.0,1662.0
base,7,int__tai20_15_09,1332,6,1422.0,1665.0
base,7,int__tai20_15_09,1332,7,1427.0,1683.0
base,7,int__tai20_15_09,1332,8,1438.0,1618.0
base,7,int__tai20_15_09,1332,9,1421.0,1616.0
base,7,int__tai20_15_09,1332,10,1413.0,1630.0
base,7,int__tai20_15_09,1332,11,1456.0,1668.0
base,7,int__tai20_15_09,1332,12,1466.0,1675.0
base,7,int__tai20_15_09,1332,13,1473.0,1715.0
base,7,int__tai20_15_09,1332,14,1491.0,1705.0
base,7,int__tai20_15_09,1332,15,1512.0,1731.0
base,7,int__tai20_15_09,1332,16,1406.0,1616.0
base,7,int__tai20_15_09,1332,17,1439.0,1671.0
base,7,int__tai20_15_09,1332,18,1462.0,1683.0
base,7,int__tai20_15_09,1332,19,1456.0,1655.0
base,7,int__tai20_15_09,1332,20,1417.0,1680.0
base,7,int__tai20_15_09,1332,21,1452.0,1696.0
base,7,int__tai20_15_09,1332,22,1459.0,1704.0
base,7,int__tai20_15_09,1332,23,1457.0,1703.0
base,7,int__tai20_15_09,1332,24,1499.0,1751.0
base,7,int__tai20_15_09,1332,25,1464.0,1674.0
base,7,int__tai20_15_09,1332,26,1466.0,1664.0
base,7,int__tai20_15_09,1332,27,1504.0,1756.0
base,7,int__tai20_15_09,1332,28,1394.0,1622.0
base,7,int__tai20_15_09,1332,29,1557.0,1783.0
base,7,int__tai20_15_09,1332,30,1495.0,1683.0
base,7,int__tai20_15_09,1332,31,1450.0,1660.0
base,7,int__tai20_15_09,1332,32,1473.0,1675.0
base,7,int__tai20_15_09,1332,33,1392.0,1649.0
base,7,int__tai20_15_09,1332,34,1504.0,1710.0
base,7,int__tai20_15_09,1332,35,1504.0,1788.0
base,7,int__tai20_15_09,1332,36,1399.0,1659.0
base,7,int__tai20_15_09,1332,37,1419.0,1619.0
base,7,int__tai20_15_09,1332,38,1442.0,1670.0
base,7,int__tai20_15_09,1332,39,1437.0,1665.0
base,7,int__tai20_15_09,1332,40,1427.0,1609.0
base,7,int__tai20_15_09,1332,41,1411.0,1639.0
base,7,int__tai20_15_09,1332,42,1431.0,1645.0
base,7,int__tai20_15_09,1332,43,1481.0,1655.0
base,7,int__tai20_15_09,1332,44,1462.0,1679.0
base,7,int__tai20_15_09,1332,45,1493.0,1655.0
base,7,int__tai20_15_09,1332,46,1499.0,1730.0
base,7,int__tai20_15_09,1332,47,1466.0,1675.0
base,7,int__tai20_15_09,1332,48,1412.0,1653.0
base,7,int__tai20_15_09,1332,49,1412.0,1656.0
base,7,int__tai20_15_09,1332,50,1488.0,1685.0
base,7,int__tai20_15_09,1332,51,1448.0,1670.0
base,7,int__tai20_15_09,1332,52,1454.0,1697.0
base,7,int__tai20_15_09,1332,53,1469.0,1745.0
base,7,int__tai20_15_09,1332,54,1462.0,1681.0
base,7,int__tai20_15_09,1332,55,1480.0,1725.0
base,7,int__tai20_15_09,1332,56,1442.0,1686.0
base,7,int__tai20_15_09,1332,57,1415.0,1667.0
base,7,int__tai20_15_09,1332,58,1508.0,1717.0
base,7,int__tai20_15_09,1332,59,1494.0,1691.0
base,7,int__tai20_15_09,1332,60,1448.0,1675.0
base,7,int__tai20_15_09,1332,61,1486.0,1708.0
base,7,int__tai20_15_09,1332,62,1523.0,1782.0
base,7,int__tai20_15_09,1332,63,1474.0,1658.0
base,7,int__tai20_15_10,1348,0,1483.0,1726.0
base,7,int__tai20_15_10,1348,1,1478.0,1700.0
base,7,int__tai20_15_10,1348,2,1493.0,1695.0
base,7,int__tai20_15_10,1348,3,1472.0,1705.0
base,7,int__tai20_15_10,1348,4,1512.0,1736.0
base,7,int__tai20_15_10,1348,5,1596.0,1832.0
base,7,int__tai20_15_10,1348,6,1468.0,1687.0
base,7,int__tai20_15_10,1348,7,1469.0,1700.0
base,7,int__tai20_15_10,1348,8,1527.0,1729.0
base,7,int__tai20_15_10,1348,9,1523.0,1735.0
base,7,int__tai20_15_10,1348,10,1523.0,1750.0
base,7,int__tai20_15_10,1348,11,1494.0,1700.0
base,7,int__tai20_15_10,1348,12,1475.0,1637.0
base,7,int__tai20_15_10,1348,13,1529.0,1761.0
base,7,int__tai20_15_10,1348,14,1476.0,1660.0
base,7,int__tai20_15_10,1348,15,1514.0,1739.0
base,7,int__tai20_15_10,1348,16,1526.0,1718.0
base,7,int__tai20_15_10,1348,17,1436.0,1654.0
base,7,int__tai20_15_10,1348,18,1444.0,1660.0
base,7,int__tai20_15_10,1348,19,1550.0,1790.0
base,7,int__tai20_15_10,1348,20,1441.0,1651.0
base,7,int__tai20_15_10,1348,21,1555.0,1792.0
base,7,int__tai20_15_10,1348,22,1535.0,1766.0
base,7,int__tai20_15_10,1348,23,1466.0,1663.0
base,7,int__tai20_15_10,1348,24,1511.0,1750.0
base,7,int__tai20_15_10,1348,25,1499.0,1743.0
base,7,int__tai20_15_10,1348,26,1566.0,1810.0
base,7,int__tai20_15_10,1348,27,1494.0,1714.0
base,7,int__tai20_15_10,1348,28,1466.0,1657.0
base,7,int__tai20_15_10,1348,29,1502.0,1731.0
base,7,int__tai20_15_10,1348,30,1535.0,1756.0
base,7,int__tai20_15_10,1348,31,1504.0,1731.0
base,7,int__tai20_15_10,1348,32,1493.0,1709.0
base,7,int__tai20_15_10,1348,33,1505.0,1743.0
base,7,int__tai20_15_10,1348,34,1476.0,1689.0
base,7,int__tai20_15_10,1348,35,1478.0,1669.0
base,7,int__tai20_15_10,1348,36,1484.0,1686.0
base,7,int__tai20_15_10,1348,37,1546.0,1777.0
base,7,int__tai20_15_10,1348,38,1550.0,1722.0
base,7,int__tai20_15_10,1348,39,1498.0,1702.0
base,7,int__tai20_15_10,1348,40,1558.0,1766.0
base,7,int__tai20_15_10,1348,41,1422.0,1672.0
base,7,int__tai20_15_10,1348,42,1495.0,1691.0
base,7,int__tai20_15_10,1348,43,1480.0,1701.0
base,7,int__tai20_15_10,1348,44,1550.0,1750.0
base,7,int__tai20_15_10,1348,45,1501.0,1737.0
base,7,int__tai20_15_10,1348,46,1520.0,1745.0
base,7,int__tai20_15_10,1348,47,1515.0,1730.0
base,7,int__tai20_15_10,1348,48,1479.0,1668.0
base,7,int__tai20_15_10,1348,49,1561.0,1789.0
base,7,int__tai20_15_10,1348,50,1537.0,1748.0
base,7,int__tai20_15_10,1348,51,1514.0,1731.0
base,7,int__tai20_15_10,1348,52,1487.0,1707.0
base,7,int__tai20_15_10,1348,53,1504.0,1732.0
base,7,int__tai20_15_10,1348,54,1544.0,1736.0
base,7,int__tai20_15_10,1348,55,1443.0,1643.0
base,7,int__tai20_15_10,1348,56,1507.0,1719.0
base,7,int__tai20_15_10,1348,57,1489.0,1701.0
base,7,int__tai20_15_10,1348,58,1440.0,1668.0
base,7,int__tai20_15_10,1348,59,1453.0,1672.0
base,7,int__tai20_15_10,1348,60,1511.0,1726.0
base,7,int__tai20_15_10,1348,61,1505.0,1748.0
base,7,int__tai20_15_10,1348,62,1471.0,1708.0
base,7,int__tai20_15_10,1348,63,1477.0,1707.0
lam0p5,6,int__tai20_15_05,1339,0,1532.0,1730.0
lam0p5,6,int__tai20_15_05,1339,1,1585.0,1772.0
lam0p5,6,int__tai20_15_05,1339,2,1597.0,1789.0
lam0p5,6,int__tai20_15_05,1339,3,1514.0,1732.0
lam0p5,6,int__tai20_15_05,1339,4,1518.0,1733.0
lam0p5,6,int__tai20_15_05,1339,5,1530.0,1720.0
lam0p5,6,int__tai20_15_05,1339,6,1537.0,1733.0
lam0p5,6,int__tai20_15_05,1339,7,1541.0,1733.0
lam0p5,6,int__tai20_15_05,1339,8,1481.0,1689.0
lam0p5,6,int__tai20_15_05,1339,9,1588.0,1837.0
lam0p5,6,int__tai20_15_05,1339,10,1523.0,1709.0
lam0p5,6,int__tai20_15_05,1339,11,1577.0,1786.0
lam0p5,6,int__tai20_15_05,1339,12,1529.0,1727.0
lam0p5,6,int__tai20_15_05,1339,13,1505.0,1711.0
lam0p5,6,int__tai20_15_05,1339,14,1478.0,1679.0
lam0p5,6,int__tai20_15_05,1339,15,1562.0,1780.0
lam0p5,6,int__tai20_15_05,1339,16,1544.0,1716.0
lam0p5,6,int__tai20_15_05,1339,17,1491.0,1711.0
lam0p5,6,int__tai20_15_05,1339,18,1470.0,1679.0
lam0p5,6,int__tai20_15_05,1339,19,1536.0,1734.0
lam0p5,6,int__tai20_15_05,1339,20,1646.0,1861.0
lam0p5,6,int__tai20_15_05,1339,21,1509.0,1669.0
lam0p5,6,int__tai20_15_05,1339,22,1452.0,1684.0
lam0p5,6,int__tai20_15_05,1339,23,1548.0,1737.0
lam0p5,6,int__tai20_15_05,1339,24,1573.0,1771.0
lam0p5,6,int__tai20_15_05,1339,25,1570.0,1780.0
lam0p5,6,int__tai20_15_05,1339,26,1450.0,1644.0
lam0p5,6,int__tai20_15_05,1339,27,1505.0,1714.0
lam0p5,6,int__tai20_15_05,1339,28,1473.0,1663.0
lam0p5,6,int__tai20_15_05,1339,29,1505.0,1705.0
lam0p5,6,int__tai20_15_05,1339,30,1531.0,1713.0
lam0p5,6,int__tai20_15_05,1339,31,1566.0,1755.0
lam0p5,6,int__tai20_15_05,1339,32,1596.0,1790.0
lam0p5,6,int__tai20_15_05,1339,33,1573.0,1763.0
lam0p5,6,int__tai20_15_05,1339,34,1613.0,1820.0
lam0p5,6,int__tai20_15_05,1339,35,1564.0,1736.0
lam0p5,6,int__tai20_15_05,1339,36,1557.0,1766.0
lam0p5,6,int__tai20_15_05,1339,37,1473.0,1719.0
lam0p5,6,int__tai20_15_05,1339,38,1559.0,1754.0
lam0p5,6,int__tai20_15_05,1339,39,1478.0,1691.0
lam0p5,6,int__tai20_15_05,1339,40,1597.0,1801.0
lam0p5,6,int__tai20_15_05,1339,41,1499.0,1752.0
lam0p5,6,int__tai20_15_05,1339,42,1545.0,1744.0
lam0p5,6,int__tai20_15_05,1339,43,1460.0,1652.0
lam0p5,6,int__tai20_15_05,1339,44,1503.0,1717.0
lam0p5,6,int__tai20_15_05,1339,45,1587.0,1849.0
lam0p5,6,int__tai20_15_05,1339,46,1544.0,1753.0
lam0p5,6,int__tai20_15_05,1339,47,1643.0,1860.0
lam0p5,6,int__tai20_15_05,1339,48,1570.0,1768.0
lam0p5,6,int__tai20_15_05,1339,49,1484.0,1686.0
lam0p5,6,int__tai20_15_05,1339,50,1503.0,1710.0
lam0p5,6,int__tai20_15_05,1339,51,1544.0,1725.0
lam0p5,6,int__tai20_15_05,1339,52,1478.0,1701.0
lam0p5,6,int__tai20_15_05,1339,53,1490.0,1694.0
lam0p5,6,int__tai20_15_05,1339,54,1488.0,1711.0
lam0p5,6,int__tai20_15_05,1339,55,1639.0,1855.0
lam0p5,6,int__tai20_15_05,1339,56,1488.0,1670.0
lam0p5,6,int__tai20_15_05,1339,57,1491.0,1695.0
lam0p5,6,int__tai20_15_05,1339,58,1519.0,1697.0
lam0p5,6,int__tai20_15_05,1339,59,1522.0,1733.0
lam0p5,6,int__tai20_15_05,1339,60,1555.0,1756.0
lam0p5,6,int__tai20_15_05,1339,61,1497.0,1693.0
lam0p5,6,int__tai20_15_05,1339,62,1507.0,1711.0
lam0p5,6,int__tai20_15_05,1339,63,1606.0,1788.0
lam0p5,6,int__tai20_15_06,1360,0,1475.0,1712.0
lam0p5,6,int__tai20_15_06,1360,1,1535.0,1756.0
lam0p5,6,int__tai20_15_06,1360,2,1479.0,1714.0
lam0p5,6,int__tai20_15_06,1360,3,1493.0,1712.0
lam0p5,6,int__tai20_15_06,1360,4,1546.0,1795.0
lam0p5,6,int__tai20_15_06,1360,5,1528.0,1766.0
lam0p5,6,int__tai20_15_06,1360,6,1573.0,1803.0
lam0p5,6,int__tai20_15_06,1360,7,1481.0,1706.0
lam0p5,6,int__tai20_15_06,1360,8,1507.0,1749.0
lam0p5,6,int__tai20_15_06,1360,9,1534.0,1739.0
lam0p5,6,int__tai20_15_06,1360,10,1467.0,1676.0
lam0p5,6,int__tai20_15_06,1360,11,1511.0,1720.0
lam0p5,6,int__tai20_15_06,1360,12,1445.0,1654.0
lam0p5,6,int__tai20_15_06,1360,13,1560.0,1767.0
lam0p5,6,int__tai20_15_06,1360,14,1498.0,1747.0
lam0p5,6,int__tai20_15_06,1360,15,1506.0,1771.0
lam0p5,6,int__tai20_15_06,1360,16,1588.0,1818.0
lam0p5,6,int__tai20_15_06,1360,17,1446.0,1675.0
lam0p5,6,int__tai20_15_06,1360,18,1467.0,1681.0
lam0p5,6,int__tai20_15_06,1360,19,1577.0,1797.0
lam0p5,6,int__tai20_15_06,1360,20,1481.0,1727.0
lam0p5,6,int__tai20_15_06,1360,21,1495.0,1717.0
lam0p5,6,int__tai20_15_06,1360,22,1598.0,1837.0
lam0p5,6,int__tai20_15_06,1360,23,1613.0,1839.0
lam0p5,6,int__tai20_15_06,1360,24,1587.0,1849.0
lam0p5,6,int__tai20_15_06,1360,25,1525.0,1750.0
lam0p5,6,int__tai20_15_06,1360,26,1516.0,1744.0
lam0p5,6,int__tai20_15_06,1360,27,1493.0,1715.0
lam0p5,6,int__tai20_15_06,1360,28,1557.0,1761.0
lam0p5,6,int__tai20_15_06,1360,29,1467.0,1701.0
lam0p5,6,int__tai20_15_06,1360,30,1528.0,1747.0
lam0p5,6,int__tai20_15_06,1360,31,1452.0,1684.0
lam0p5,6,int__tai20_15_06,1360,32,1529.0,1721.0
lam0p5,6,int__tai20_15_06,1360,33,1524.0,1756.0
lam0p5,6,int__tai20_15_06,1360,34,1503.0,1711.0
lam0p5,6,int__tai20_15_06,1360,35,1529.0,1745.0
lam0p5,6,int__tai20_15_06,1360,36,1457.0,1670.0
lam0p5,6,int__tai20_15_06,1360,37,1484.0,1678.0
lam0p5,6,int__tai20_15_06,1360,38,1450.0,1640.0
lam0p5,6,int__tai20_15_06,1360,39,1481.0,1710.0
lam0p5,6,int__tai20_15_06,1360,40,1545.0,1789.0
lam0p5,6,int__tai20_15_06,1360,41,1614.0,1851.0
lam0p5,6,int__tai20_15_06,1360,42,1533.0,1726.0
lam0p5,6,int__tai20_15_06,1360,43,1454.0,1657.0
lam0p5,6,int__tai20_15_06,1360,44,1488.0,1742.0
lam0p5,6,int__tai20_15_06,1360,45,1506.0,1681.0
lam0p5,6,int__tai20_15_06,1360,46,1580.0,1799.0
lam0p5,6,int__tai20_15_06,1360,47,1520.0,1792.0
lam0p5,6,int__tai20_15_06,1360,48,1498.0,1758.0
lam0p5,6,int__tai20_15_06,1360,49,1493.0,1734.0
lam0p5,6,int__tai20_15_06,1360,50,1518.0,1722.0
lam0p5,6,int__tai20_15_06,1360,51,1516.0,1707.0
lam0p5,6,int__tai20_15_06,1360,52,1497.0,1701.0
lam0p5,6,int__tai20_15_06,1360,53,1484.0,1669.0
lam0p5,6,int__tai20_15_06,1360,54,1525.0,1735.0
lam0p5,6,int__tai20_15_06,1360,55,1503.0,1706.0
lam0p5,6,int__tai20_15_06,1360,56,1512.0,1772.0
lam0p5,6,int__tai20_15_06,1360,57,1574.0,1800.0
lam0p5,6,int__tai20_15_06,1360,58,1533.0,1760.0
lam0p5,6,int__tai20_15_06,1360,59,1577.0,1794.0
lam0p5,6,int__tai20_15_06,1360,60,1471.0,1680.0
lam0p5,6,int__tai20_15_06,1360,61,1438.0,1638.0
lam0p5,6,int__tai20_15_06,1360,62,1472.0,1705.0
lam0p5,6,int__tai20_15_06,1360,63,1423.0,1647.0
lam0p5,6,int__tai20_15_07,1462,0,1598.0,1816.0
lam0p5,6,int__tai20_15_07,1462,1,1624.0,1885.0
lam0p5,6,int__tai20_15_07,1462,2,1591.0,1843.0
lam0p5,6,int__tai20_15_07,1462,3,1740.0,1994.0
lam0p5,6,int__tai20_15_07,1462,4,1606.0,1867.0
lam0p5,6,int__tai20_15_07,1462,5,1610.0,1857.0
lam0p5,6,int__tai20_15_07,1462,6,1700.0,1927.0
lam0p5,6,int__tai20_15_07,1462,7,1614.0,1846.0
lam0p5,6,int__tai20_15_07,1462,8,1582.0,1836.0
lam0p5,6,int__tai20_15_07,1462,9,1599.0,1854.0
lam0p5,6,int__tai20_15_07,1462,10,1623.0,1863.0
lam0p5,6,int__tai20_15_07,1462,11,1571.0,1809.0
lam0p5,6,int__tai20_15_07,1462,12,1568.0,1816.0
lam0p5,6,int__tai20_15_07,1462,13,1737.0,1987.0
lam0p5,6,int__tai20_15_07,1462,14,1598.0,1835.0
lam0p5,6,int__tai20_15_07,1462,15,1552.0,1770.0
lam0p5,6,int__tai20_15_07,1462,16,1695.0,1922.0
lam0p5,6,int__tai20_15_07,1462,17,1617.0,1877.0
lam0p5,6,int__tai20_15_07,1462,18,1613.0,1897.0
lam0p5,6,int__tai20_15_07,1462,19,1579.0,1838.0
lam0p5,6,int__tai20_15_07,1462,20,1635.0,1865.0
lam0p5,6,int__tai20_15_07,1462,21,1565.0,1790.0
lam0p5,6,int__tai20_15_07,1462,22,1569.0,1825.0
lam0p5,6,int__tai20_15_07,1462,23,1559.0,1758.0
lam0p5,6,int__tai20_15_07,1462,24,1545.0,1815.0
lam0p5,6,int__tai20_15_07,1462,25,1566.0,1802.0
lam0p5,6,int__tai20_15_07,1462,26,1563.0,1802.0
lam0p5,6,int__tai20_15_07,1462,27,1584.0,1836.0
lam0p5,6,int__tai20_15_07,1462,28,1636.0,1856.0
lam0p5,6,int__tai20_15_07,1462,29,1587.0,1807.0
lam0p5,6,int__tai20_15_07,1462,30,1583.0,1823.0
lam0p5,6,int__tai20_15_07,1462,31,1584.0,1788.0
lam0p5,6,int__tai20_15_07,1462,32,1549.0,1781.0
lam0p5,6,int__tai20_15_07,1462,33,1616.0,1843.0
lam0p5,6,int__tai20_15_07,1462,34,1641.0,1843.0
lam0p5,6,int__tai20_15_07,1462,35,1590.0,1854.0
lam0p5,6,int__tai20_15_07,1462,36,1669.0,1853.0
lam0p5,6,int__tai20_15_07,1462,37,1553.0,1789.0
lam0p5,6,int__tai20_15_07,1462,38,1578.0,1806.0
lam0p5,6,int__tai20_15_07,1462,39,1560.0,1808.0
lam0p5,6,int__tai20_15_07,1462,40,1644.0,1886.0
lam0p5,6,int__tai20_15_07,1462,41,1652.0,1894.0
lam0p5,6,int__tai20_15_07,1462,42,1595.0,1818.0
lam0p5,6,int__tai20_15_07,1462,43,1547.0,1763.0
lam0p5,6,int__tai20_15_07,1462,44,1550.0,1765.0
lam0p5,6,int__tai20_15_07,1462,45,1540.0,1801.0
lam0p5,6,int__tai20_15_07,1462,46,1592.0,1808.0
lam0p5,6,int__tai20_15_07,1462,47,1629.0,1856.0
lam0p5,6,int__tai20_15_07,1462,48,1545.0,1754.0
lam0p5,6,int__tai20_15_07,1462,49,1624.0,1856.0
lam0p5,6,int__tai20_15_07,1462,50,1579.0,1789.0
lam0p5,6,int__tai20_15_07,1462,51,1632.0,1846.0
lam0p5,6,int__tai20_15_07,1462,52,1584.0,1825.0
lam0p5,6,int__tai20_15_07,1462,53,1576.0,1841.0
lam0p5,6,int__tai20_15_07,1462,54,1626.0,1838.0
lam0p5,6,int__tai20_15_07,1462,55,1644.0,1854.0
lam0p5,6,int__tai20_15_07,1462,56,1625.0,1891.0
lam0p5,6,int__tai20_15_07,1462,57,1707.0,1948.0
lam0p5,6,int__tai20_15_07,1462,58,1547.0,1774.0
lam0p5,6,int__tai20_15_07,1462,59,1652.0,1888.0
lam0p5,6,int__tai20_15_07,1462,60,1617.0,1867.0
lam0p5,6,int__tai20_15_07,1462,61,1643.0,1834.0
lam0p5,6,int__tai20_15_07,1462,62,1641.0,1862.0
lam0p5,6,int__tai20_15_07,1462,63,1624.0,1916.0
lam0p5,6,int__tai20_15_08,1377,0,1572.0,1779.0
lam0p5,6,int__tai20_15_08,1377,1,1537.0,1732.0
lam0p5,6,int__tai20_15_08,1377,2,1535.0,1725.0
lam0p5,6,int__tai20_15_08,1377,3,1624.0,1835.0
lam0p5,6,int__tai20_15_08,1377,4,1546.0,1766.0
lam0p5,6,int__tai20_15_08,1377,5,1515.0,1733.0
lam0p5,6,int__tai20_15_08,1377,6,1563.0,1750.0
lam0p5,6,int__tai20_15_08,1377,7,1567.0,1761.0
lam0p5,6,int__tai20_15_08,1377,8,1610.0,1827.0
lam0p5,6,int__tai20_15_08,1377,9,1592.0,1788.0
lam0p5,6,int__tai20_15_08,1377,10,1537.0,1745.0
lam0p5,6,int__tai20_15_08,1377,11,1584.0,1789.0
lam0p5,6,int__tai20_15_08,1377,12,1553.0,1771.0
lam0p5,6,int__tai20_15_08,1377,13,1595.0,1774.0
lam0p5,6,int__tai20_15_08,1377,14,1528.0,1737.0
lam0p5,6,int__tai20_15_08,1377,15,1544.0,1766.0
lam0p5,6,int__tai20_15_08,1377,16,1558.0,1768.0
lam0p5,6,int__tai20_15_08,1377,17,1487.0,1709.0
lam0p5,6,int__tai20_15_08,1377,18,1618.0,1845.0
lam0p5,6,int__tai20_15_08,1377,19,1578.0,1809.0
lam0p5,6,int__tai20_15_08,1377,20,1537.0,1756.0
lam0p5,6,int__tai20_15_08,1377,21,1584.0,1825.0
lam0p5,6,int__tai20_15_08,1377,22,1580.0,1779.0
lam0p5,6,int__tai20_15_08,1377,23,1607.0,1839.0
lam0p5,6,int__tai20_15_08,1377,24,1635.0,1849.0
lam0p5,6,int__tai20_15_08,1377,25,1583.0,1786.0
lam0p5,6,int__tai20_15_08,1377,26,1523.0,1735.0
lam0p5,6,int__tai20_15_08,1377,27,1570.0,1795.0
lam0p5,6,int__tai20_15_08,1377,28,1634.0,1826.0
lam0p5,6,int__tai20_15_08,1377,29,1566.0,1786.0
lam0p5,6,int__tai20_15_08,1377,30,1562.0,1806.0
lam0p5,6,int__tai20_15_08,1377,31,1604.0,1807.0
lam0p5,6,int__tai20_15_08,1377,32,1619.0,1806.0
lam0p5,6,int__tai20_15_08,1377,33,1528.0,1766.0
lam0p5,6,int__tai20_15_08,1377,34,1597.0,1802.0
lam0p5,6,int__tai20_15_08,1377,35,1584.0,1771.0
lam0p5,6,int__tai20_15_08,1377,36,1502.0,1753.0
lam0p5,6,int__tai20_15_08,1377,37,1553.0,1784.0
lam0p5,6,int__tai20_15_08,1377,38,1551.0,1775.0
lam0p5,6,int__tai20_15_08,1377,39,1513.0,1759.0
lam0p5,6,int__tai20_15_08,1377,40,1605.0,1832.0
lam0p5,6,int__tai20_15_08,1377,41,1559.0,1781.0
lam0p5,6,int__tai20_15_08,1377,42,1512.0,1713.0
lam0p5,6,int__tai20_15_08,1377,43,1567.0,1780.0
lam0p5,6,int__tai20_15_08,1377,44,1552.0,1803.0
lam0p5,6,int__tai20_15_08,1377,45,1515.0,1755.0
lam0p5,6,int__tai20_15_08,1377,46,1522.0,1758.0
lam0p5,6,int__tai20_15_08,1377,47,1580.0,1820.0
lam0p5,6,int__tai20_15_08,1377,48,1584.0,1807.0
lam0p5,6,int__tai20_15_08,1377,49,1579.0,1815.0
lam0p5,6,int__tai20_15_08,1377,50,1486.0,1707.0
lam0p5,6,int__tai20_15_08,1377,51,1523.0,1748.0
lam0p5,6,int__tai20_15_08,1377,52,1576.0,1803.0
lam0p5,6,int__tai20_15_08,1377,53,1543.0,1743.0
lam0p5,6,int__tai20_15_08,1377,54,1528.0,1731.0
lam0p5,6,int__tai20_15_08,1377,55,1534.0,1782.0
lam0p5,6,int__tai20_15_08,1377,56,1521.0,1726.0
lam0p5,6,int__tai20_15_08,1377,57,1568.0,1789.0
lam0p5,6,int__tai20_15_08,1377,58,1616.0,1818.0
lam0p5,6,int__tai20_15_08,1377,59,1674.0,1902.0
lam0p5,6,int__tai20_15_08,1377,60,1569.0,1770.0
lam0p5,6,int__tai20_15_08,1377,61,1556.0,1776.0
lam0p5,6,int__tai20_15_08,1377,62,1548.0,1770.0
lam0p5,6,int__tai20_15_08,1377,63,1565.0,1782.0
lam0p5,6,int__tai20_15_09,1332,0,1388.0,1590.0
lam0p5,6,int__tai20_15_09,1332,1,1423.0,1602.0
lam0p5,6,int__tai20_15_09,1332,2,1448.0,1721.0
lam0p5,6,int__tai20_15_09,1332,3,1484.0,1687.0
lam0p5,6,int__tai20_15_09,1332,4,1459.0,1719.0
lam0p5,6,int__tai20_15_09,1332,5,1514.0,1689.0
lam0p5,6,int__tai20_15_09,1332,6,1429.0,1646.0
lam0p5,6,int__tai20_15_09,1332,7,1465.0,1674.0
lam0p5,6,int__tai20_15_09,1332,8,1500.0,1712.0
lam0p5,6,int__tai20_15_09,1332,9,1495.0,1773.0
lam0p5,6,int__tai20_15_09,1332,10,1475.0,1707.0
lam0p5,6,int__tai20_15_09,1332,11,1479.0,1709.0
lam0p5,6,int__tai20_15_09,1332,12,1494.0,1708.0
lam0p5,6,int__tai20_15_09,1332,13,1466.0,1662.0
lam0p5,6,int__tai20_15_09,1332,14,1461.0,1671.0
lam0p5,6,int__tai20_15_09,1332,15,1418.0,1682.0
lam0p5,6,int__tai20_15_09,1332,16,1522.0,1754.0
lam0p5,6,int__tai20_15_09,1332,17,1480.0,1652.0
lam0p5,6,int__tai20_15_09,1332,18,1454.0,1707.0
lam0p5,6,int__tai20_15_09,1332,19,1440.0,1711.0
lam0p5,6,int__tai20_15_09,1332,20,1493.0,1715.0
lam0p5,6,int__tai20_15_09,1332,21,1486.0,1695.0
lam0p5,6,int__tai20_15_09,1332,22,1484.0,1665.0
lam0p5,6,int__tai20_15_09,1332,23,1479.0,1669.0
lam0p5,6,int__tai20_15_09,1332,24,1536.0,1760.0
lam0p5,6,int__tai20_15_09,1332,25,1440.0,1657.0
lam0p5,6,int__tai20_15_09,1332,26,1441.0,1675.0
lam0p5,6,int__tai20_15_09,1332,27,1464.0,1663.0
lam0p5,6,int__tai20_15_09,1332,28,1529.0,1729.0
lam0p5,6,int__tai20_15_09,1332,29,1533.0,1733.0
lam0p5,6,int__tai20_15_09,1332,30,1490.0,1686.0
lam0p5,6,int__tai20_15_09,1332,31,1513.0,1730.0
lam0p5,6,int__tai20_15_09,1332,32,1534.0,1697.0
lam0p5,6,int__tai20_15_09,1332,33,1463.0,1685.0
lam0p5,6,int__tai20_15_09,1332,34,1461.0,1725.0
lam0p5,6,int__tai20_15_09,1332,35,1533.0,1742.0
lam0p5,6,int__tai20_15_09,1332,36,1395.0,1600.0
lam0p5,6,int__tai20_15_09,1332,37,1528.0,1731.0
lam0p5,6,int__tai20_15_09,1332,38,1430.0,1626.0
lam0p5,6,int__tai20_15_09,1332,39,1479.0,1678.0
lam0p5,6,int__tai20_15_09,1332,40,1416.0,1639.0
lam0p5,6,int__tai20_15_09,1332,41,1436.0,1703.0
lam0p5,6,int__tai20_15_09,1332,42,1478.0,1707.0
lam0p5,6,int__tai20_15_09,1332,43,1469.0,1671.0
lam0p5,6,int__tai20_15_09,1332,44,1456.0,1734.0
lam0p5,6,int__tai20_15_09,1332,45,1437.0,1669.0
lam0p5,6,int__tai20_15_09,1332,46,1516.0,1748.0
lam0p5,6,int__tai20_15_09,1332,47,1465.0,1727.0
lam0p5,6,int__tai20_15_09,1332,48,1480.0,1725.0
lam0p5,6,int__tai20_15_09,1332,49,1387.0,1632.0
lam0p5,6,int__tai20_15_09,1332,50,1541.0,1749.0
lam0p5,6,int__tai20_15_09,1332,51,1487.0,1661.0
lam0p5,6,int__tai20_15_09,1332,52,1446.0,1637.0
lam0p5,6,int__tai20_15_09,1332,53,1437.0,1632.0
lam0p5,6,int__tai20_15_09,1332,54,1462.0,1698.0
lam0p5,6,int__tai20_15_09,1332,55,1472.0,1718.0
lam0p5,6,int__tai20_15_09,1332,56,1493.0,1735.0
lam0p5,6,int__tai20_15_09,1332,57,1450.0,1647.0
lam0p5,6,int__tai20_15_09,1332,58,1478.0,1733.0
lam0p5,6,int__tai20_15_09,1332,59,1556.0,1776.0
lam0p5,6,int__tai20_15_09,1332,60,1497.0,1641.0
lam0p5,6,int__tai20_15_09,1332,61,1462.0,1700.0
lam0p5,6,int__tai20_15_09,1332,62,1452.0,1677.0
lam0p5,6,int__tai20_15_09,1332,63,1506.0,1725.0
lam0p5,6,int__tai20_15_10,1348,0,1478.0,1683.0
lam0p5,6,int__tai20_15_10,1348,1,1528.0,1736.0
lam0p5,6,int__tai20_15_10,1348,2,1636.0,1850.0
lam0p5,6,int__tai20_15_10,1348,3,1573.0,1790.0
lam0p5,6,int__tai20_15_10,1348,4,1509.0,1737.0
lam0p5,6,int__tai20_15_10,1348,5,1550.0,1778.0
lam0p5,6,int__tai20_15_10,1348,6,1604.0,1795.0
lam0p5,6,int__tai20_15_10,1348,7,1501.0,1749.0
lam0p5,6,int__tai20_15_10,1348,8,1480.0,1671.0
lam0p5,6,int__tai20_15_10,1348,9,1450.0,1680.0
lam0p5,6,int__tai20_15_10,1348,10,1482.0,1678.0
lam0p5,6,int__tai20_15_10,1348,11,1492.0,1737.0
lam0p5,6,int__tai20_15_10,1348,12,1490.0,1677.0
lam0p5,6,int__tai20_15_10,1348,13,1539.0,1737.0
lam0p5,6,int__tai20_15_10,1348,14,1463.0,1667.0
lam0p5,6,int__tai20_15_10,1348,15,1491.0,1690.0
lam0p5,6,int__tai20_15_10,1348,16,1548.0,1801.0
lam0p5,6,int__tai20_15_10,1348,17,1475.0,1679.0
lam0p5,6,int__tai20_15_10,1348,18,1478.0,1712.0
lam0p5,6,int__tai20_15_10,1348,19,1484.0,1719.0
lam0p5,6,int__tai20_15_10,1348,20,1525.0,1737.0
lam0p5,6,int__tai20_15_10,1348,21,1527.0,1748.0
lam0p5,6,int__tai20_15_10,1348,22,1507.0,1748.0
lam0p5,6,int__tai20_15_10,1348,23,1475.0,1711.0
lam0p5,6,int__tai20_15_10,1348,24,1609.0,1849.0
lam0p5,6,int__tai20_15_10,1348,25,1458.0,1657.0
lam0p5,6,int__tai20_15_10,1348,26,1495.0,1709.0
lam0p5,6,int__tai20_15_10,1348,27,1510.0,1738.0
lam0p5,6,int__tai20_15_10,1348,28,1458.0,1650.0
lam0p5,6,int__tai20_15_10,1348,29,1480.0,1664.0
lam0p5,6,int__tai20_15_10,1348,30,1482.0,1699.0
lam0p5,6,int__tai20_15_10,1348,31,1540.0,1719.0
lam0p5,6,int__tai20_15_10,1348,32,1515.0,1703.0
lam0p5,6,int__tai20_15_10,1348,33,1402.0,1618.0
lam0p5,6,int__tai20_15_10,1348,34,1487.0,1723.0
lam0p5,6,int__tai20_15_10,1348,35,1631.0,1842.0
lam0p5,6,int__tai20_15_10,1348,36,1552.0,1774.0
lam0p5,6,int__tai20_15_10,1348,37,1522.0,1726.0
lam0p5,6,int__tai20_15_10,1348,38,1436.0,1664.0
lam0p5,6,int__tai20_15_10,1348,39,1428.0,1624.0
lam0p5,6,int__tai20_15_10,1348,40,1514.0,1733.0
lam0p5,6,int__tai20_15_10,1348,41,1598.0,1824.0
lam0p5,6,int__tai20_15_10,1348,42,1580.0,1770.0
lam0p5,6,int__tai20_15_10,1348,43,1495.0,1743.0
lam0p5,6,int__tai20_15_10,1348,44,1450.0,1689.0
lam0p5,6,int__tai20_15_10,1348,45,1529.0,1739.0
lam0p5,6,int__tai20_15_10,1348,46,1537.0,1771.0
lam0p5,6,int__tai20_15_10,1348,47,1526.0,1751.0
lam0p5,6,int__tai20_15_10,1348,48,1446.0,1679.0
lam0p5,6,int__tai20_15_10,1348,49,1445.0,1637.0
lam0p5,6,int__tai20_15_10,1348,50,1446.0,1670.0
lam0p5,6,int__tai20_15_10,1348,51,1384.0,1617.0
lam0p5,6,int__tai20_15_10,1348,52,1502.0,1690.0
lam0p5,6,int__tai20_15_10,1348,53,1544.0,1779.0
lam0p5,6,int__tai20_15_10,1348,54,1573.0,1818.0
lam0p5,6,int__tai20_15_10,1348,55,1457.0,1659.0
lam0p5,6,int__tai20_15_10,1348,56,1500.0,1706.0
lam0p5,6,int__tai20_15_10,1348,57,1529.0,1722.0
lam0p5,6,int__tai20_15_10,1348,58,1480.0,1711.0
lam0p5,6,int__tai20_15_10,1348,59,1545.0,1751.0
lam0p5,6,int__tai20_15_10,1348,60,1543.0,1702.0
lam0p5,6,int__tai20_15_10,1348,61,1528.0,1730.0
lam0p5,6,int__tai20_15_10,1348,62,1502.0,1720.0
lam0p5,6,int__tai20_15_10,1348,63,1444.0,1676.0
lam1,5,int__tai20_15_05,1339,0,1461.0,1702.0
lam1,5,int__tai20_15_05,1339,1,1546.0,1733.0
lam1,5,int__tai20_15_05,1339,2,1493.0,1703.0
lam1,5,int__tai20_15_05,1339,3,1506.0,1731.0
lam1,5,int__tai20_15_05,1339,4,1505.0,1673.0
lam1,5,int__tai20_15_05,1339,5,1476.0,1695.0
lam1,5,int__tai20_15_05,1339,6,1520.0,1724.0
lam1,5,int__tai20_15_05,1339,7,1462.0,1657.0
lam1,5,int__tai20_15_05,1339,8,1490.0,1729.0
lam1,5,int__tai20_15_05,1339,9,1457.0,1680.0
lam1,5,int__tai20_15_05,1339,10,1523.0,1737.0
lam1,5,int__tai20_15_05,1339,11,1502.0,1686.0
lam1,5,int__tai20_15_05,1339,12,1494.0,1688.0
lam1,5,int__tai20_15_05,1339,13,1572.0,1796.0
lam1,5,int__tai20_15_05,1339,14,1513.0,1708.0
lam1,5,int__tai20_15_05,1339,15,1464.0,1671.0
lam1,5,int__tai20_15_05,1339,16,1484.0,1682.0
lam1,5,int__tai20_15_05,1339,17,1515.0,1722.0
lam1,5,int__tai20_15_05,1339,18,1501.0,1700.0
lam1,5,int__tai20_15_05,1339,19,1479.0,1687.0
lam1,5,int__tai20_15_05,1339,20,1527.0,1736.0
lam1,5,int__tai20_15_05,1339,21,1505.0,1693.0
lam1,5,int__tai20_15_05,1339,22,1524.0,1746.0
lam1,5,int__tai20_15_05,1339,23,1555.0,1764.0
lam1,5,int__tai20_15_05,1339,24,1539.0,1700.0
lam1,5,int__tai20_15_05,1339,25,1467.0,1663.0
lam1,5,int__tai20_15_05,1339,26,1452.0,1636.0
lam1,5,int__tai20_15_05,1339,27,1543.0,1761.0
lam1,5,int__tai20_15_05,1339,28,1450.0,1662.0
lam1,5,int__tai20_15_05,1339,29,1572.0,1786.0
lam1,5,int__tai20_15_05,1339,30,1581.0,1794.0
lam1,5,int__tai20_15_05,1339,31,1506.0,1726.0
lam1,5,int__tai20_15_05,1339,32,1502.0,1720.0
lam1,5,int__tai20_15_05,1339,33,1481.0,1699.0
lam1,5,int__tai20_15_05,1339,34,1568.0,1794.0
lam1,5,int__tai20_15_05,1339,35,1504.0,1718.0
lam1,5,int__tai20_15_05,1339,36,1549.0,1713.0
lam1,5,int__tai20_15_05,1339,37,1462.0,1661.0
lam1,5,int__tai20_15_05,1339,38,1470.0,1663.0
lam1,5,int__tai20_15_05,1339,39,1563.0,1797.0
lam1,5,int__tai20_15_05,1339,40,1466.0,1661.0
lam1,5,int__tai20_15_05,1339,41,1504.0,1718.0
lam1,5,int__tai20_15_05,1339,42,1486.0,1719.0
lam1,5,int__tai20_15_05,1339,43,1498.0,1695.0
lam1,5,int__tai20_15_05,1339,44,1484.0,1676.0
lam1,5,int__tai20_15_05,1339,45,1520.0,1741.0
lam1,5,int__tai20_15_05,1339,46,1584.0,1782.0
lam1,5,int__tai20_15_05,1339,47,1566.0,1757.0
lam1,5,int__tai20_15_05,1339,48,1480.0,1668.0
lam1,5,int__tai20_15_05,1339,49,1515.0,1719.0
lam1,5,int__tai20_15_05,1339,50,1580.0,1789.0
lam1,5,int__tai20_15_05,1339,51,1516.0,1740.0
lam1,5,int__tai20_15_05,1339,52,1419.0,1618.0
lam1,5,int__tai20_15_05,1339,53,1466.0,1632.0
lam1,5,int__tai20_15_05,1339,54,1569.0,1794.0
lam1,5,int__tai20_15_05,1339,55,1514.0,1736.0
lam1,5,int__tai20_15_05,1339,56,1568.0,1768.0
lam1,5,int__tai20_15_05,1339,57,1495.0,1695.0
lam1,5,int__tai20_15_05,1339,58,1540.0,1748.0
lam1,5,int__tai20_15_05,1339,59,1599.0,1814.0
lam1,5,int__tai20_15_05,1339,60,1549.0,1770.0
lam1,5,int__tai20_15_05,1339,61,1445.0,1696.0
lam1,5,int__tai20_15_05,1339,62,1551.0,1781.0
lam1,5,int__tai20_15_05,1339,63,1439.0,1636.0
lam1,5,int__tai20_15_06,1360,0,1503.0,1738.0
lam1,5,int__tai20_15_06,1360,1,1545.0,1800.0
lam1,5,int__tai20_15_06,1360,2,1447.0,1694.0
lam1,5,int__tai20_15_06,1360,3,1511.0,1726.0
lam1,5,int__tai20_15_06,1360,4,1498.0,1740.0
lam1,5,int__tai20_15_06,1360,5,1401.0,1642.0
lam1,5,int__tai20_15_06,1360,6,1425.0,1672.0
lam1,5,int__tai20_15_06,1360,7,1508.0,1725.0
lam1,5,int__tai20_15_06,1360,8,1549.0,1786.0
lam1,5,int__tai20_15_06,1360,9,1493.0,1712.0
lam1,5,int__tai20_15_06,1360,10,1541.0,1785.0
lam1,5,int__tai20_15_06,1360,11,1556.0,1773.0
lam1,5,int__tai20_15_06,1360,12,1553.0,1775.0
lam1,5,int__tai20_15_06,1360,13,1576.0,1822.0
lam1,5,int__tai20_15_06,1360,14,1570.0,1808.0
lam1,5,int__tai20_15_06,1360,15,1531.0,1765.0
lam1,5,int__tai20_15_06,1360,16,1481.0,1697.0
lam1,5,int__tai20_15_06,1360,17,1512.0,1799.0
lam1,5,int__tai20_15_06,1360,18,1557.0,1818.0
lam1,5,int__tai20_15_06,1360,19,1473.0,1679.0
lam1,5,int__tai20_15_06,1360,20,1410.0,1668.0
lam1,5,int__tai20_15_06,1360,21,1564.0,1798.0
lam1,5,int__tai20_15_06,1360,22,1453.0,1699.0
lam1,5,int__tai20_15_06,1360,23,1492.0,1751.0
lam1,5,int__tai20_15_06,1360,24,1532.0,1747.0
lam1,5,int__tai20_15_06,1360,25,1494.0,1756.0
lam1,5,int__tai20_15_06,1360,26,1468.0,1711.0
lam1,5,int__tai20_15_06,1360,27,1548.0,1778.0
lam1,5,int__tai20_15_06,1360,28,1500.0,1768.0
lam1,5,int__tai20_15_06,1360,29,1579.0,1850.0
lam1,5,int__tai20_15_06,1360,30,1524.0,1768.0
lam1,5,int__tai20_15_06,1360,31,1418.0,1630.0
lam1,5,int__tai20_15_06,1360,32,1606.0,1860.0
lam1,5,int__tai20_15_06,1360,33,1468.0,1694.0
lam1,5,int__tai20_15_06,1360,34,1606.0,1816.0
lam1,5,int__tai20_15_06,1360,35,1588.0,1838.0
lam1,5,int__tai20_15_06,1360,36,1501.0,1751.0
lam1,5,int__tai20_15_06,1360,37,1464.0,1710.0
lam1,5,int__tai20_15_06,1360,38,1475.0,1703.0
lam1,5,int__tai20_15_06,1360,39,1458.0,1683.0
lam1,5,int__tai20_15_06,1360,40,1506.0,1728.0
lam1,5,int__tai20_15_06,1360,41,1507.0,1725.0
lam1,5,int__tai20_15_06,1360,42,1595.0,1869.0
lam1,5,int__tai20_15_06,1360,43,1498.0,1755.0
lam1,5,int__tai20_15_06,1360,44,1563.0,1776.0
lam1,5,int__tai20_15_06,1360,45,1513.0,1731.0
lam1,5,int__tai20_15_06,1360,46,1575.0,1784.0
lam1,5,int__tai20_15_06,1360,47,1511.0,1735.0
lam1,5,int__tai20_15_06,1360,48,1470.0,1714.0
lam1,5,int__tai20_15_06,1360,49,1465.0,1689.0
lam1,5,int__tai20_15_06,1360,50,1544.0,1805.0
lam1,5,int__tai20_15_06,1360,51,1516.0,1770.0
lam1,5,int__tai20_15_06,1360,52,1470.0,1718.0
lam1,5,int__tai20_15_06,1360,53,1508.0,1751.0
lam1,5,int__tai20_15_06,1360,54,1472.0,1734.0
lam1,5,int__tai20_15_06,1360,55,1532.0,1768.0
lam1,5,int__tai20_15_06,1360,56,1481.0,1739.0
lam1,5,int__tai20_15_06,1360,57,1546.0,1811.0
lam1,5,int__tai20_15_06,1360,58,1433.0,1679.0
lam1,5,int__tai20_15_06,1360,59,1510.0,1757.0
lam1,5,int__tai20_15_06,1360,60,1462.0,1663.0
lam1,5,int__tai20_15_06,1360,61,1480.0,1722.0
lam1,5,int__tai20_15_06,1360,62,1562.0,1803.0
lam1,5,int__tai20_15_06,1360,63,1572.0,1835.0
lam1,5,int__tai20_15_07,1462,0,1589.0,1795.0
lam1,5,int__tai20_15_07,1462,1,1625.0,1906.0
lam1,5,int__tai20_15_07,1462,2,1689.0,1950.0
lam1,5,int__tai20_15_07,1462,3,1632.0,1864.0
lam1,5,int__tai20_15_07,1462,4,1668.0,1922.0
lam1,5,int__tai20_15_07,1462,5,1692.0,1893.0
lam1,5,int__tai20_15_07,1462,6,1649.0,1840.0
lam1,5,int__tai20_15_07,1462,7,1716.0,1971.0
lam1,5,int__tai20_15_07,1462,8,1591.0,1807.0
lam1,5,int__tai20_15_07,1462,9,1611.0,1876.0
lam1,5,int__tai20_15_07,1462,10,1570.0,1807.0
lam1,5,int__tai20_15_07,1462,11,1660.0,1932.0
lam1,5,int__tai20_15_07,1462,12,1650.0,1898.0
lam1,5,int__tai20_15_07,1462,13,1716.0,1936.0
lam1,5,int__tai20_15_07,1462,14,1575.0,1813.0
lam1,5,int__tai20_15_07,1462,15,1591.0,1805.0
lam1,5,int__tai20_15_07,1462,16,1606.0,1813.0
lam1,5,int__tai20_15_07,1462,17,1588.0,1821.0
lam1,5,int__tai20_15_07,1462,18,1614.0,1846.0
lam1,5,int__tai20_15_07,1462,19,1651.0,1870.0
lam1,5,int__tai20_15_07,1462,20,1597.0,1798.0
lam1,5,int__tai20_15_07,1462,21,1577.0,1828.0
lam1,5,int__tai20_15_07,1462,22,1599.0,1844.0
lam1,5,int__tai20_15_07,1462,23,1607.0,1854.0
lam1,5,int__tai20_15_07,1462,24,1601.0,1837.0
lam1,5,int__tai20_15_07,1462,25,1579.0,1787.0
lam1,5,int__tai20_15_07,1462,26,1635.0,1849.0
lam1,5,int__tai20_15_07,1462,27,1656.0,1887.0
lam1,5,int__tai20_15_07,1462,28,1599.0,1848.0
lam1,5,int__tai20_15_07,1462,29,1649.0,1882.0
lam1,5,int__tai20_15_07,1462,30,1628.0,1860.0
lam1,5,int__tai20_15_07,1462,31,1586.0,1842.0
lam1,5,int__tai20_15_07,1462,32,1625.0,1822.0
lam1,5,int__tai20_15_07,1462,33,1522.0,1742.0
lam1,5,int__tai20_15_07,1462,34,1677.0,1926.0
lam1,5,int__tai20_15_07,1462,35,1618.0,1853.0
lam1,5,int__tai20_15_07,1462,36,1648.0,1872.0
lam1,5,int__tai20_15_07,1462,37,1586.0,1836.0
lam1,5,int__tai20_15_07,1462,38,1656.0,1908.0
lam1,5,int__tai20_15_07,1462,39,1573.0,1782.0
lam1,5,int__tai20_15_07,1462,40,1615.0,1845.0
lam1,5,int__tai20_15_07,1462,41,1646.0,1904.0
lam1,5,int__tai20_15_07,1462,42,1558.0,1824.0
lam1,5,int__tai20_15_07,1462,43,1653.0,1851.0
lam1,5,int__tai20_15_07,1462,44,1638.0,1883.0
lam1,5,int__tai20_15_07,1462,45,1580.0,1835.0
lam1,5,int__tai20_15_07,1462,46,1707.0,1937.0
lam1,5,int__tai20_15_07,1462,47,1667.0,1904.0
lam1,5,int__tai20_15_07,1462,48,1569.0,1840.0
lam1,5,int__tai20_15_07,1462,49,1689.0,1926.0
lam1,5,int__tai20_15_07,1462,50,1669.0,1899.0
lam1,5,int__tai20_15_07,1462,51,1611.0,1859.0
lam1,5,int__tai20_15_07,1462,52,1616.0,1817.0
lam1,5,int__tai20_15_07,1462,53,1595.0,1815.0
lam1,5,int__tai20_15_07,1462,54,1625.0,1895.0
lam1,5,int__tai20_15_07,1462,55,1660.0,1916.0
lam1,5,int__tai20_15_07,1462,56,1634.0,1838.0
lam1,5,int__tai20_15_07,1462,57,1667.0,1917.0
lam1,5,int__tai20_15_07,1462,58,1649.0,1865.0
lam1,5,int__tai20_15_07,1462,59,1592.0,1813.0
lam1,5,int__tai20_15_07,1462,60,1699.0,1909.0
lam1,5,int__tai20_15_07,1462,61,1588.0,1835.0
lam1,5,int__tai20_15_07,1462,62,1550.0,1826.0
lam1,5,int__tai20_15_07,1462,63,1637.0,1904.0
lam1,5,int__tai20_15_08,1377,0,1527.0,1765.0
lam1,5,int__tai20_15_08,1377,1,1508.0,1730.0
lam1,5,int__tai20_15_08,1377,2,1598.0,1840.0
lam1,5,int__tai20_15_08,1377,3,1628.0,1828.0
lam1,5,int__tai20_15_08,1377,4,1566.0,1804.0
lam1,5,int__tai20_15_08,1377,5,1631.0,1897.0
lam1,5,int__tai20_15_08,1377,6,1674.0,1887.0
lam1,5,int__tai20_15_08,1377,7,1585.0,1799.0
lam1,5,int__tai20_15_08,1377,8,1677.0,1907.0
lam1,5,int__tai20_15_08,1377,9,1521.0,1705.0
lam1,5,int__tai20_15_08,1377,10,1561.0,1798.0
lam1,5,int__tai20_15_08,1377,11,1598.0,1784.0
lam1,5,int__tai20_15_08,1377,12,1530.0,1757.0
lam1,5,int__tai20_15_08,1377,13,1623.0,1808.0
lam1,5,int__tai20_15_08,1377,14,1609.0,1794.0
lam1,5,int__tai20_15_08,1377,15,1559.0,1793.0
lam1,5,int__tai20_15_08,1377,16,1552.0,1804.0
lam1,5,int__tai20_15_08,1377,17,1618.0,1839.0
lam1,5,int__tai20_15_08,1377,18,1582.0,1817.0
lam1,5,int__tai20_15_08,1377,19,1600.0,1798.0
lam1,5,int__tai20_15_08,1377,20,1515.0,1743.0
lam1,5,int__tai20_15_08,1377,21,1680.0,1915.0
lam1,5,int__tai20_15_08,1377,22,1524.0,1762.0
lam1,5,int__tai20_15_08,1377,23,1615.0,1855.0
lam1,5,int__tai20_15_08,1377,24,1549.0,1777.0
lam1,5,int__tai20_15_08,1377,25,1613.0,1841.0
lam1,5,int__tai20_15_08,1377,26,1596.0,1812.0
lam1,5,int__tai20_15_08,1377,27,1629.0,1859.0
lam1,5,int__tai20_15_08,1377,28,1517.0,1728.0
lam1,5,int__tai20_15_08,1377,29,1577.0,1759.0
lam1,5,int__tai20_15_08,1377,30,1606.0,1817.0
lam1,5,int__tai20_15_08,1377,31,1587.0,1786.0
lam1,5,int__tai20_15_08,1377,32,1597.0,1849.0
lam1,5,int__tai20_15_08,1377,33,1549.0,1780.0
lam1,5,int__tai20_15_08,1377,34,1534.0,1760.0
lam1,5,int__tai20_15_08,1377,35,1561.0,1764.0
lam1,5,int__tai20_15_08,1377,36,1543.0,1782.0
lam1,5,int__tai20_15_08,1377,37,1616.0,1853.0
lam1,5,int__tai20_15_08,1377,38,1588.0,1796.0
lam1,5,int__tai20_15_08,1377,39,1517.0,1753.0
lam1,5,int__tai20_15_08,1377,40,1635.0,1871.0
lam1,5,int__tai20_15_08,1377,41,1556.0,1766.0
lam1,5,int__tai20_15_08,1377,42,1625.0,1861.0
lam1,5,int__tai20_15_08,1377,43,1565.0,1801.0
lam1,5,int__tai20_15_08,1377,44,1537.0,1769.0
lam1,5,int__tai20_15_08,1377,45,1618.0,1891.0
lam1,5,int__tai20_15_08,1377,46,1603.0,1843.0
lam1,5,int__tai20_15_08,1377,47,1665.0,1904.0
lam1,5,int__tai20_15_08,1377,48,1648.0,1875.0
lam1,5,int__tai20_15_08,1377,49,1518.0,1737.0
lam1,5,int__tai20_15_08,1377,50,1562.0,1782.0
lam1,5,int__tai20_15_08,1377,51,1491.0,1743.0
lam1,5,int__tai20_15_08,1377,52,1633.0,1812.0
lam1,5,int__tai20_15_08,1377,53,1584.0,1810.0
lam1,5,int__tai20_15_08,1377,54,1624.0,1869.0
lam1,5,int__tai20_15_08,1377,55,1579.0,1819.0
lam1,5,int__tai20_15_08,1377,56,1614.0,1844.0
lam1,5,int__tai20_15_08,1377,57,1587.0,1830.0
lam1,5,int__tai20_15_08,1377,58,1574.0,1808.0
lam1,5,int__tai20_15_08,1377,59,1556.0,1792.0
lam1,5,int__tai20_15_08,1377,60,1579.0,1793.0
lam1,5,int__tai20_15_08,1377,61,1508.0,1736.0
lam1,5,int__tai20_15_08,1377,62,1579.0,1780.0
lam1,5,int__tai20_15_08,1377,63,1620.0,1841.0
lam1,5,int__tai20_15_09,1332,0,1431.0,1694.0
lam1,5,int__tai20_15_09,1332,1,1438.0,1699.0
lam1,5,int__tai20_15_09,1332,2,1462.0,1700.0
lam1,5,int__tai20_15_09,1332,3,1532.0,1713.0
lam1,5,int__tai20_15_09,1332,4,1510.0,1796.0
lam1,5,int__tai20_15_09,1332,5,1487.0,1769.0
lam1,5,int__tai20_15_09,1332,6,1437.0,1707.0
lam1,5,int__tai20_15_09,1332,7,1496.0,1735.0
lam1,5,int__tai20_15_09,1332,8,1483.0,1714.0
lam1,5,int__tai20_15_09,1332,9,1469.0,1688.0
lam1,5,int__tai20_15_09,1332,10,1428.0,1743.0
lam1,5,int__tai20_15_09,1332,11,1492.0,1727.0
lam1,5,int__tai20_15_09,1332,12,1465.0,1705.0
lam1,5,int__tai20_15_09,1332,13,1479.0,1699.0
lam1,5,int__tai20_15_09,1332,14,1488.0,1724.0
lam1,5,int__tai20_15_09,1332,15,1489.0,1759.0
lam1,5,int__tai20_15_09,1332,16,1438.0,1693.0
lam1,5,int__tai20_15_09,1332,17,1453.0,1709.0
lam1,5,int__tai20_15_09,1332,18,1465.0,1737.0
lam1,5,int__tai20_15_09,1332,19,1476.0,1713.0
lam1,5,int__tai20_15_09,1332,20,1447.0,1724.0
lam1,5,int__tai20_15_09,1332,21,1445.0,1687.0
lam1,5,int__tai20_15_09,1332,22,1467.0,1688.0
lam1,5,int__tai20_15_09,1332,23,1509.0,1770.0
lam1,5,int__tai20_15_09,1332,24,1464.0,1734.0
lam1,5,int__tai20_15_09,1332,25,1483.0,1754.0
lam1,5,int__tai20_15_09,1332,26,1471.0,1740.0
lam1,5,int__tai20_15_09,1332,27,1491.0,1743.0
lam1,5,int__tai20_15_09,1332,28,1441.0,1664.0
lam1,5,int__tai20_15_09,1332,29,1473.0,1690.0
lam1,5,int__tai20_15_09,1332,30,1417.0,1667.0
lam1,5,int__tai20_15_09,1332,31,1450.0,1716.0
lam1,5,int__tai20_15_09,1332,32,1483.0,1708.0
lam1,5,int__tai20_15_09,1332,33,1469.0,1694.0
lam1,5,int__tai20_15_09,1332,34,1458.0,1674.0
lam1,5,int__tai20_15_09,1332,35,1475.0,1736.0
lam1,5,int__tai20_15_09,1332,36,1473.0,1717.0
lam1,5,int__tai20_15_09,1332,37,1529.0,1745.0
lam1,5,int__tai20_15_09,1332,38,1454.0,1726.0
lam1,5,int__tai20_15_09,1332,39,1503.0,1742.0
lam1,5,int__tai20_15_09,1332,40,1535.0,1796.0
lam1,5,int__tai20_15_09,1332,41,1478.0,1743.0
lam1,5,int__tai20_15_09,1332,42,1487.0,1716.0
lam1,5,int__tai20_15_09,1332,43,1516.0,1737.0
lam1,5,int__tai20_15_09,1332,44,1448.0,1649.0
lam1,5,int__tai20_15_09,1332,45,1483.0,1695.0
lam1,5,int__tai20_15_09,1332,46,1455.0,1633.0
lam1,5,int__tai20_15_09,1332,47,1447.0,1684.0
lam1,5,int__tai20_15_09,1332,48,1467.0,1664.0
lam1,5,int__tai20_15_09,1332,49,1461.0,1701.0
lam1,5,int__tai20_15_09,1332,50,1495.0,1733.0
lam1,5,int__tai20_15_09,1332,51,1461.0,1718.0
lam1,5,int__tai20_15_09,1332,52,1458.0,1684.0
lam1,5,int__tai20_15_09,1332,53,1447.0,1650.0
lam1,5,int__tai20_15_09,1332,54,1423.0,1678.0
lam1,5,int__tai20_15_09,1332,55,1460.0,1696.0
lam1,5,int__tai20_15_09,1332,56,1495.0,1687.0
lam1,5,int__tai20_15_09,1332,57,1475.0,1761.0
lam1,5,int__tai20_15_09,1332,58,1478.0,1689.0
lam1,5,int__tai20_15_09,1332,59,1445.0,1663.0
lam1,5,int__tai20_15_09,1332,60,1445.0,1652.0
lam1,5,int__tai20_15_09,1332,61,1426.0,1671.0
lam1,5,int__tai20_15_09,1332,62,1443.0,1664.0
lam1,5,int__tai20_15_09,1332,63,1470.0,1694.0
lam1,5,int__tai20_15_10,1348,0,1472.0,1677.0
lam1,5,int__tai20_15_10,1348,1,1464.0,1670.0
lam1,5,int__tai20_15_10,1348,2,1545.0,1739.0
lam1,5,int__tai20_15_10,1348,3,1521.0,1738.0
lam1,5,int__tai20_15_10,1348,4,1525.0,1777.0
lam1,5,int__tai20_15_10,1348,5,1548.0,1788.0
lam1,5,int__tai20_15_10,1348,6,1482.0,1689.0
lam1,5,int__tai20_15_10,1348,7,1468.0,1662.0
lam1,5,int__tai20_15_10,1348,8,1491.0,1701.0
lam1,5,int__tai20_15_10,1348,9,1556.0,1784.0
lam1,5,int__tai20_15_10,1348,10,1493.0,1662.0
lam1,5,int__tai20_15_10,1348,11,1439.0,1647.0
lam1,5,int__tai20_15_10,1348,12,1529.0,1744.0
lam1,5,int__tai20_15_10,1348,13,1617.0,1828.0
lam1,5,int__tai20_15_10,1348,14,1462.0,1680.0
lam1,5,int__tai20_15_10,1348,15,1503.0,1712.0
lam1,5,int__tai20_15_10,1348,16,1507.0,1722.0
lam1,5,int__tai20_15_10,1348,17,1572.0,1766.0
lam1,5,int__tai20_15_10,1348,18,1591.0,1803.0
lam1,5,int__tai20_15_10,1348,19,1520.0,1710.0
lam1,5,int__tai20_15_10,1348,20,1494.0,1745.0
lam1,5,int__tai20_15_10,1348,21,1480.0,1732.0
lam1,5,int__tai20_15_10,1348,22,1524.0,1757.0
lam1,5,int__tai20_15_10,1348,23,1484.0,1696.0
lam1,5,int__tai20_15_10,1348,24,1556.0,1725.0
lam1,5,int__tai20_15_10,1348,25,1529.0,1710.0
lam1,5,int__tai20_15_10,1348,26,1507.0,1705.0
lam1,5,int__tai20_15_10,1348,27,1440.0,1648.0
lam1,5,int__tai20_15_10,1348,28,1514.0,1757.0
lam1,5,int__tai20_15_10,1348,29,1509.0,1744.0
lam1,5,int__tai20_15_10,1348,30,1471.0,1662.0
lam1,5,int__tai20_15_10,1348,31,1527.0,1720.0
lam1,5,int__tai20_15_10,1348,32,1426.0,1648.0
lam1,5,int__tai20_15_10,1348,33,1626.0,1855.0
lam1,5,int__tai20_15_10,1348,34,1459.0,1691.0
lam1,5,int__tai20_15_10,1348,35,1566.0,1774.0
lam1,5,int__tai20_15_10,1348,36,1539.0,1747.0
lam1,5,int__tai20_15_10,1348,37,1505.0,1738.0
lam1,5,int__tai20_15_10,1348,38,1511.0,1710.0
lam1,5,int__tai20_15_10,1348,39,1462.0,1690.0
lam1,5,int__tai20_15_10,1348,40,1482.0,1717.0
lam1,5,int__tai20_15_10,1348,41,1537.0,1735.0
lam1,5,int__tai20_15_10,1348,42,1516.0,1726.0
lam1,5,int__tai20_15_10,1348,43,1563.0,1807.0
lam1,5,int__tai20_15_10,1348,44,1458.0,1664.0
lam1,5,int__tai20_15_10,1348,45,1509.0,1703.0
lam1,5,int__tai20_15_10,1348,46,1470.0,1698.0
lam1,5,int__tai20_15_10,1348,47,1515.0,1705.0
lam1,5,int__tai20_15_10,1348,48,1430.0,1645.0
lam1,5,int__tai20_15_10,1348,49,1534.0,1768.0
lam1,5,int__tai20_15_10,1348,50,1475.0,1697.0
lam1,5,int__tai20_15_10,1348,51,1498.0,1717.0
lam1,5,int__tai20_15_10,1348,52,1511.0,1715.0
lam1,5,int__tai20_15_10,1348,53,1513.0,1725.0
lam1,5,int__tai20_15_10,1348,54,1543.0,1790.0
lam1,5,int__tai20_15_10,1348,55,1501.0,1734.0
lam1,5,int__tai20_15_10,1348,56,1496.0,1701.0
lam1,5,int__tai20_15_10,1348,57,1467.0,1687.0
lam1,5,int__tai20_15_10,1348,58,1512.0,1709.0
lam1,5,int__tai20_15_10,1348,59,1539.0,1768.0
lam1,5,int__tai20_15_10,1348,60,1577.0,1781.0
lam1,5,int__tai20_15_10,1348,61,1536.0,1789.0
lam1,5,int__tai20_15_10,1348,62,1488.0,1696.0
lam1,5,int__tai20_15_10,1348,63,1493.0,1660.0
lam1,11,int__tai20_15_05,1339,0,1472.0,1697.0
lam1,11,int__tai20_15_05,1339,1,1533.0,1752.0
lam1,11,int__tai20_15_05,1339,2,1569.0,1778.0
lam1,11,int__tai20_15_05,1339,3,1544.0,1742.0
lam1,11,int__tai20_15_05,1339,4,1552.0,1766.0
lam1,11,int__tai20_15_05,1339,5,1578.0,1794.0
lam1,11,int__tai20_15_05,1339,6,1496.0,1718.0
lam1,11,int__tai20_15_05,1339,7,1575.0,1785.0
lam1,11,int__tai20_15_05,1339,8,1478.0,1677.0
lam1,11,int__tai20_15_05,1339,9,1560.0,1790.0
lam1,11,int__tai20_15_05,1339,10,1502.0,1713.0
lam1,11,int__tai20_15_05,1339,11,1572.0,1805.0
lam1,11,int__tai20_15_05,1339,12,1547.0,1741.0
lam1,11,int__tai20_15_05,1339,13,1604.0,1789.0
lam1,11,int__tai20_15_05,1339,14,1492.0,1679.0
lam1,11,int__tai20_15_05,1339,15,1570.0,1780.0
lam1,11,int__tai20_15_05,1339,16,1573.0,1779.0
lam1,11,int__tai20_15_05,1339,17,1541.0,1762.0
lam1,11,int__tai20_15_05,1339,18,1539.0,1739.0
lam1,11,int__tai20_15_05,1339,19,1545.0,1753.0
lam1,11,int__tai20_15_05,1339,20,1546.0,1785.0
lam1,11,int__tai20_15_05,1339,21,1489.0,1676.0
lam1,11,int__tai20_15_05,1339,22,1595.0,1804.0
lam1,11,int__tai20_15_05,1339,23,1526.0,1753.0
lam1,11,int__tai20_15_05,1339,24,1487.0,1674.0
lam1,11,int__tai20_15_05,1339,25,1567.0,1762.0
lam1,11,int__tai20_15_05,1339,26,1522.0,1740.0
lam1,11,int__tai20_15_05,1339,27,1565.0,1782.0
lam1,11,int__tai20_15_05,1339,28,1527.0,1759.0
lam1,11,int__tai20_15_05,1339,29,1486.0,1691.0
lam1,11,int__tai20_15_05,1339,30,1479.0,1702.0
lam1,11,int__tai20_15_05,1339,31,1504.0,1722.0
lam1,11,int__tai20_15_05,1339,32,1506.0,1731.0
lam1,11,int__tai20_15_05,1339,33,1640.0,1874.0
lam1,11,int__tai20_15_05,1339,34,1454.0,1637.0
lam1,11,int__tai20_15_05,1339,35,1496.0,1726.0
lam1,11,int__tai20_15_05,1339,36,1577.0,1797.0
lam1,11,int__tai20_15_05,1339,37,1566.0,1760.0
lam1,11,int__tai20_15_05,1339,38,1505.0,1684.0
lam1,11,int__tai20_15_05,1339,39,1495.0,1755.0
lam1,11,int__tai20_15_05,1339,40,1535.0,1772.0
lam1,11,int__tai20_15_05,1339,41,1431.0,1654.0
lam1,11,int__tai20_15_05,1339,42,1489.0,1701.0
lam1,11,int__tai20_15_05,1339,43,1512.0,1732.0
lam1,11,int__tai20_15_05,1339,44,1506.0,1711.0
lam1,11,int__tai20_15_05,1339,45,1462.0,1668.0
lam1,11,int__tai20_15_05,1339,46,1475.0,1722.0
lam1,11,int__tai20_15_05,1339,47,1557.0,1779.0
lam1,11,int__tai20_15_05,1339,48,1481.0,1660.0
lam1,11,int__tai20_15_05,1339,49,1555.0,1770.0
lam1,11,int__tai20_15_05,1339,50,1501.0,1711.0
lam1,11,int__tai20_15_05,1339,51,1632.0,1835.0
lam1,11,int__tai20_15_05,1339,52,1507.0,1705.0
lam1,11,int__tai20_15_05,1339,53,1471.0,1697.0
lam1,11,int__tai20_15_05,1339,54,1530.0,1735.0
lam1,11,int__tai20_15_05,1339,55,1572.0,1786.0
lam1,11,int__tai20_15_05,1339,56,1535.0,1744.0
lam1,11,int__tai20_15_05,1339,57,1453.0,1670.0
lam1,11,int__tai20_15_05,1339,58,1531.0,1745.0
lam1,11,int__tai20_15_05,1339,59,1514.0,1704.0
lam1,11,int__tai20_15_05,1339,60,1549.0,1764.0
lam1,11,int__tai20_15_05,1339,61,1477.0,1694.0
lam1,11,int__tai20_15_05,1339,62,1548.0,1764.0
lam1,11,int__tai20_15_05,1339,63,1497.0,1699.0
lam1,11,int__tai20_15_06,1360,0,1541.0,1803.0
lam1,11,int__tai20_15_06,1360,1,1584.0,1843.0
lam1,11,int__tai20_15_06,1360,2,1498.0,1738.0
lam1,11,int__tai20_15_06,1360,3,1590.0,1845.0
lam1,11,int__tai20_15_06,1360,4,1546.0,1788.0
lam1,11,int__tai20_15_06,1360,5,1514.0,1761.0
lam1,11,int__tai20_15_06,1360,6,1561.0,1778.0
lam1,11,int__tai20_15_06,1360,7,1544.0,1789.0
lam1,11,int__tai20_15_06,1360,8,1562.0,1821.0
lam1,11,int__tai20_15_06,1360,9,1607.0,1854.0
lam1,11,int__tai20_15_06,1360,10,1572.0,1801.0
lam1,11,int__tai20_15_06,1360,11,1539.0,1760.0
lam1,11,int__tai20_15_06,1360,12,1448.0,1657.0
lam1,11,int__tai20_15_06,1360,13,1541.0,1824.0
lam1,11,int__tai20_15_06,1360,14,1555.0,1796.0
lam1,11,int__tai20_15_06,1360,15,1543.0,1794.0
lam1,11,int__tai20_15_06,1360,16,1563.0,1828.0
lam1,11,int__tai20_15_06,1360,17,1564.0,1809.0
lam1,11,int__tai20_15_06,1360,18,1475.0,1700.0
lam1,11,int__tai20_15_06,1360,19,1563.0,1827.0
lam1,11,int__tai20_15_06,1360,20,1561.0,1803.0
lam1,11,int__tai20_15_06,1360,21,1538.0,1802.0
lam1,11,int__tai20_15_06,1360,22,1566.0,1817.0
lam1,11,int__tai20_15_06,1360,23,1551.0,1809.0
lam1,11,int__tai20_15_06,1360,24,1522.0,1742.0
lam1,11,int__tai20_15_06,1360,25,1476.0,1686.0
lam1,11,int__tai20_15_06,1360,26,1505.0,1746.0
lam1,11,int__tai20_15_06,1360,27,1613.0,1832.0
lam1,11,int__tai20_15_06,1360,28,1547.0,1768.0
lam1,11,int__tai20_15_06,1360,29,1493.0,1697.0
lam1,11,int__tai20_15_06,1360,30,1579.0,1834.0
lam1,11,int__tai20_15_06,1360,31,1488.0,1744.0
lam1,11,int__tai20_15_06,1360,32,1570.0,1780.0
lam1,11,int__tai20_15_06,1360,33,1599.0,1813.0
lam1,11,int__tai20_15_06,1360,34,1598.0,1839.0
lam1,11,int__tai20_15_06,1360,35,1495.0,1743.0
lam1,11,int__tai20_15_06,1360,36,1566.0,1792.0
lam1,11,int__tai20_15_06,1360,37,1516.0,1752.0
lam1,11,int__tai20_15_06,1360,38,1549.0,1787.0
lam1,11,int__tai20_15_06,1360,39,1502.0,1777.0
lam1,11,int__tai20_15_06,1360,40,1575.0,1816.0
lam1,11,int__tai20_15_06,1360,41,1607.0,1844.0
lam1,11,int__tai20_15_06,1360,42,1553.0,1797.0
lam1,11,int__tai20_15_06,1360,43,1531.0,1773.0
lam1,11,int__tai20_15_06,1360,44,1560.0,1842.0
lam1,11,int__tai20_15_06,1360,45,1524.0,1756.0
lam1,11,int__tai20_15_06,1360,46,1540.0,1764.0
lam1,11,int__tai20_15_06,1360,47,1658.0,1915.0
lam1,11,int__tai20_15_06,1360,48,1520.0,1764.0
lam1,11,int__tai20_15_06,1360,49,1530.0,1775.0
lam1,11,int__tai20_15_06,1360,50,1585.0,1809.0
lam1,11,int__tai20_15_06,1360,51,1529.0,1734.0
lam1,11,int__tai20_15_06,1360,52,1644.0,1880.0
lam1,11,int__tai20_15_06,1360,53,1460.0,1704.0
lam1,11,int__tai20_15_06,1360,54,1490.0,1712.0
lam1,11,int__tai20_15_06,1360,55,1490.0,1734.0
lam1,11,int__tai20_15_06,1360,56,1474.0,1707.0
lam1,11,int__tai20_15_06,1360,57,1570.0,1819.0
lam1,11,int__tai20_15_06,1360,58,1550.0,1812.0
lam1,11,int__tai20_15_06,1360,59,1578.0,1837.0
lam1,11,int__tai20_15_06,1360,60,1622.0,1890.0
lam1,11,int__tai20_15_06,1360,61,1498.0,1752.0
lam1,11,int__tai20_15_06,1360,62,1483.0,1739.0
lam1,11,int__tai20_15_06,1360,63,1580.0,1830.0
lam1,11,int__tai20_15_07,1462,0,1550.0,1788.0
lam1,11,int__tai20_15_07,1462,1,1624.0,1867.0
lam1,11,int__tai20_15_07,1462,2,1573.0,1813.0
lam1,11,int__tai20_15_07,1462,3,1537.0,1773.0
lam1,11,int__tai20_15_07,1462,4,1528.0,1769.0
lam1,11,int__tai20_15_07,1462,5,1607.0,1836.0
lam1,11,int__tai20_15_07,1462,6,1664.0,1899.0
lam1,11,int__tai20_15_07,1462,7,1608.0,1859.0
lam1,11,int__tai20_15_07,1462,8,1658.0,1919.0
lam1,11,int__tai20_15_07,1462,9,1629.0,1859.0
lam1,11,int__tai20_15_07,1462,10,1629.0,1848.0
lam1,11,int__tai20_15_07,1462,11,1687.0,1947.0
lam1,11,int__tai20_15_07,1462,12,1621.0,1812.0
lam1,11,int__tai20_15_07,1462,13,1676.0,1933.0
lam1,11,int__tai20_15_07,1462,14,1595.0,1840.0
lam1,11,int__tai20_15_07,1462,15,1676.0,1909.0
lam1,11,int__tai20_15_07,1462,16,1673.0,1953.0
lam1,11,int__tai20_15_07,1462,17,1617.0,1875.0
lam1,11,int__tai20_15_07,1462,18,1563.0,1804.0
lam1,11,int__tai20_15_07,1462,19,1559.0,1818.0
lam1,11,int__tai20_15_07,1462,20,1521.0,1778.0
lam1,11,int__tai20_15_07,1462,21,1622.0,1868.0
lam1,11,int__tai20_15_07,1462,22,1551.0,1796.0
lam1,11,int__tai20_15_07,1462,23,1570.0,1812.0
lam1,11,int__tai20_15_07,1462,24,1562.0,1793.0
lam1,11,int__tai20_15_07,1462,25,1540.0,1814.0
lam1,11,int__tai20_15_07,1462,26,1595.0,1870.0
lam1,11,int__tai20_15_07,1462,27,1605.0,1823.0
lam1,11,int__tai20_15_07,1462,28,1512.0,1777.0
lam1,11,int__tai20_15_07,1462,29,1629.0,1887.0
lam1,11,int__tai20_15_07,1462,30,1612.0,1844.0
lam1,11,int__tai20_15_07,1462,31,1566.0,1779.0
lam1,11,int__tai20_15_07,1462,32,1681.0,1891.0
lam1,11,int__tai20_15_07,1462,33,1641.0,1923.0
lam1,11,int__tai20_15_07,1462,34,1676.0,1939.0
lam1,11,int__tai20_15_07,1462,35,1562.0,1814.0
lam1,11,int__tai20_15_07,1462,36,1663.0,1915.0
lam1,11,int__tai20_15_07,1462,37,1549.0,1791.0
lam1,11,int__tai20_15_07,1462,38,1585.0,1841.0
lam1,11,int__tai20_15_07,1462,39,1643.0,1905.0
lam1,11,int__tai20_15_07,1462,40,1616.0,1866.0
lam1,11,int__tai20_15_07,1462,41,1654.0,1881.0
lam1,11,int__tai20_15_07,1462,42,1585.0,1798.0
lam1,11,int__tai20_15_07,1462,43,1565.0,1813.0
lam1,11,int__tai20_15_07,1462,44,1666.0,1879.0
lam1,11,int__tai20_15_07,1462,45,1639.0,1874.0
lam1,11,int__tai20_15_07,1462,46,1571.0,1821.0
lam1,11,int__tai20_15_07,1462,47,1606.0,1848.0
lam1,11,int__tai20_15_07,1462,48,1641.0,1919.0
lam1,11,int__tai20_15_07,1462,49,1640.0,1883.0
lam1,11,int__tai20_15_07,1462,50,1576.0,1806.0
lam1,11,int__tai20_15_07,1462,51,1567.0,1806.0
lam1,11,int__tai20_15_07,1462,52,1555.0,1785.0
lam1,11,int__tai20_15_07,1462,53,1602.0,1827.0
lam1,11,int__tai20_15_07,1462,54,1586.0,1816.0
lam1,11,int__tai20_15_07,1462,55,1674.0,1921.0
lam1,11,int__tai20_15_07,1462,56,1612.0,1862.0
lam1,11,int__tai20_15_07,1462,57,1617.0,1833.0
lam1,11,int__tai20_15_07,1462,58,1622.0,1901.0
lam1,11,int__tai20_15_07,1462,59,1594.0,1813.0
lam1,11,int__tai20_15_07,1462,60,1588.0,1868.0
lam1,11,int__tai20_15_07,1462,61,1656.0,1932.0
lam1,11,int__tai20_15_07,1462,62,1577.0,1813.0
lam1,11,int__tai20_15_07,1462,63,1608.0,1868.0
lam1,11,int__tai20_15_08,1377,0,1508.0,1730.0
lam1,11,int__tai20_15_08,1377,1,1565.0,1795.0
lam1,11,int__tai20_15_08,1377,2,1524.0,1751.0
lam1,11,int__tai20_15_08,1377,3,1579.0,1765.0
lam1,11,int__tai20_15_08,1377,4,1517.0,1771.0
lam1,11,int__tai20_15_08,1377,5,1600.0,1814.0
lam1,11,int__tai20_15_08,1377,6,1558.0,1773.0
lam1,11,int__tai20_15_08,1377,7,1580.0,1803.0
lam1,11,int__tai20_15_08,1377,8,1502.0,1735.0
lam1,11,int__tai20_15_08,1377,9,1580.0,1797.0
lam1,11,int__tai20_15_08,1377,10,1521.0,1729.0
lam1,11,int__tai20_15_08,1377,11,1540.0,1760.0
lam1,11,int__tai20_15_08,1377,12,1556.0,1779.0
lam1,11,int__tai20_15_08,1377,13,1558.0,1772.0
lam1,11,int__tai20_15_08,1377,14,1485.0,1698.0
lam1,11,int__tai20_15_08,1377,15,1522.0,1746.0
lam1,11,int__tai20_15_08,1377,16,1597.0,1801.0
lam1,11,int__tai20_15_08,1377,17,1614.0,1811.0
lam1,11,int__tai20_15_08,1377,18,1492.0,1709.0
lam1,11,int__tai20_15_08,1377,19,1498.0,1718.0
lam1,11,int__tai20_15_08,1377,20,1601.0,1785.0
lam1,11,int__tai20_15_08,1377,21,1583.0,1824.0
lam1,11,int__tai20_15_08,1377,22,1608.0,1852.0
lam1,11,int__tai20_15_08,1377,23,1550.0,1781.0
lam1,11,int__tai20_15_08,1377,24,1554.0,1811.0
lam1,11,int__tai20_15_08,1377,25,1612.0,1825.0
lam1,11,int__tai20_15_08,1377,26,1524.0,1751.0
lam1,11,int__tai20_15_08,1377,27,1508.0,1723.0
lam1,11,int__tai20_15_08,1377,28,1521.0,1749.0
lam1,11,int__tai20_15_08,1377,29,1561.0,1782.0
lam1,11,int__tai20_15_08,1377,30,1494.0,1706.0
lam1,11,int__tai20_15_08,1377,31,1530.0,1733.0
lam1,11,int__tai20_15_08,1377,32,1523.0,1738.0
lam1,11,int__tai20_15_08,1377,33,1558.0,1791.0
lam1,11,int__tai20_15_08,1377,34,1567.0,1770.0
lam1,11,int__tai20_15_08,1377,35,1551.0,1773.0
lam1,11,int__tai20_15_08,1377,36,1516.0,1750.0
lam1,11,int__tai20_15_08,1377,37,1577.0,1805.0
lam1,11,int__tai20_15_08,1377,38,1534.0,1781.0
lam1,11,int__tai20_15_08,1377,39,1528.0,1743.0
lam1,11,int__tai20_15_08,1377,40,1587.0,1799.0
lam1,11,int__tai20_15_08,1377,41,1588.0,1773.0
lam1,11,int__tai20_15_08,1377,42,1557.0,1764.0
lam1,11,int__tai20_15_08,1377,43,1619.0,1841.0
lam1,11,int__tai20_15_08,1377,44,1497.0,1725.0
lam1,11,int__tai20_15_08,1377,45,1520.0,1747.0
lam1,11,int__tai20_15_08,1377,46,1556.0,1787.0
lam1,11,int__tai20_15_08,1377,47,1550.0,1786.0
lam1,11,int__tai20_15_08,1377,48,1524.0,1743.0
lam1,11,int__tai20_15_08,1377,49,1572.0,1789.0
lam1,11,int__tai20_15_08,1377,50,1528.0,1746.0
lam1,11,int__tai20_15_08,1377,51,1505.0,1738.0
lam1,11,int__tai20_15_08,1377,52,1517.0,1745.0
lam1,11,int__tai20_15_08,1377,53,1539.0,1728.0
lam1,11,int__tai20_15_08,1377,54,1540.0,1746.0
lam1,11,int__tai20_15_08,1377,55,1547.0,1767.0
lam1,11,int__tai20_15_08,1377,56,1518.0,1731.0
lam1,11,int__tai20_15_08,1377,57,1535.0,1740.0
lam1,11,int__tai20_15_08,1377,58,1575.0,1751.0
lam1,11,int__tai20_15_08,1377,59,1576.0,1816.0
lam1,11,int__tai20_15_08,1377,60,1604.0,1797.0
lam1,11,int__tai20_15_08,1377,61,1550.0,1761.0
lam1,11,int__tai20_15_08,1377,62,1582.0,1779.0
lam1,11,int__tai20_15_08,1377,63,1526.0,1718.0
lam1,11,int__tai20_15_09,1332,0,1455.0,1669.0
lam1,11,int__tai20_15_09,1332,1,1471.0,1683.0
lam1,11,int__tai20_15_09,1332,2,1565.0,1782.0
lam1,11,int__tai20_15_09,1332,3,1505.0,1738.0
lam1,11,int__tai20_15_09,1332,4,1544.0,1735.0
lam1,11,int__tai20_15_09,1332,5,1487.0,1697.0
lam1,11,int__tai20_15_09,1332,6,1442.0,1697.0
lam1,11,int__tai20_15_09,1332,7,1546.0,1809.0
lam1,11,int__tai20_15_09,1332,8,1461.0,1704.0
lam1,11,int__tai20_15_09,1332,9,1484.0,1766.0
lam1,11,int__tai20_15_09,1332,10,1468.0,1685.0
lam1,11,int__tai20_15_09,1332,11,1523.0,1754.0
lam1,11,int__tai20_15_09,1332,12,1527.0,1777.0
lam1,11,int__tai20_15_09,1332,13,1524.0,1732.0
lam1,11,int__tai20_15_09,1332,14,1490.0,1748.0
lam1,11,int__tai20_15_09,1332,15,1475.0,1754.0
lam1,11,int__tai20_15_09,1332,16,1453.0,1713.0
lam1,11,int__tai20_15_09,1332,17,1504.0,1746.0
lam1,11,int__tai20_15_09,1332,18,1491.0,1759.0
lam1,11,int__tai20_15_09,1332,19,1485.0,1705.0
lam1,11,int__tai20_15_09,1332,20,1564.0,1865.0
lam1,11,int__tai20_15_09,1332,21,1532.0,1771.0
lam1,11,int__tai20_15_09,1332,22,1498.0,1700.0
lam1,11,int__tai20_15_09,1332,23,1479.0,1687.0
lam1,11,int__tai20_15_09,1332,24,1516.0,1729.0
lam1,11,int__tai20_15_09,1332,25,1497.0,1751.0
lam1,11,int__tai20_15_09,1332,26,1487.0,1709.0
lam1,11,int__tai20_15_09,1332,27,1416.0,1669.0
lam1,11,int__tai20_15_09,1332,28,1522.0,1798.0
lam1,11,int__tai20_15_09,1332,29,1478.0,1753.0
lam1,11,int__tai20_15_09,1332,30,1473.0,1696.0
lam1,11,int__tai20_15_09,1332,31,1505.0,1692.0
lam1,11,int__tai20_15_09,1332,32,1480.0,1702.0
lam1,11,int__tai20_15_09,1332,33,1507.0,1690.0
lam1,11,int__tai20_15_09,1332,34,1503.0,1716.0
lam1,11,int__tai20_15_09,1332,35,1451.0,1692.0
lam1,11,int__tai20_15_09,1332,36,1482.0,1746.0
lam1,11,int__tai20_15_09,1332,37,1552.0,1825.0
lam1,11,int__tai20_15_09,1332,38,1491.0,1742.0
lam1,11,int__tai20_15_09,1332,39,1568.0,1816.0
lam1,11,int__tai20_15_09,1332,40,1642.0,1867.0
lam1,11,int__tai20_15_09,1332,41,1540.0,1780.0
lam1,11,int__tai20_15_09,1332,42,1469.0,1748.0
lam1,11,int__tai20_15_09,1332,43,1500.0,1780.0
lam1,11,int__tai20_15_09,1332,44,1491.0,1772.0
lam1,11,int__tai20_15_09,1332,45,1489.0,1715.0
lam1,11,int__tai20_15_09,1332,46,1494.0,1705.0
lam1,11,int__tai20_15_09,1332,47,1471.0,1725.0
lam1,11,int__tai20_15_09,1332,48,1408.0,1684.0
lam1,11,int__tai20_15_09,1332,49,1471.0,1742.0
lam1,11,int__tai20_15_09,1332,50,1496.0,1770.0
lam1,11,int__tai20_15_09,1332,51,1512.0,1719.0
lam1,11,int__tai20_15_09,1332,52,1506.0,1766.0
lam1,11,int__tai20_15_09,1332,53,1424.0,1642.0
lam1,11,int__tai20_15_09,1332,54,1486.0,1764.0
lam1,11,int__tai20_15_09,1332,55,1469.0,1705.0
lam1,11,int__tai20_15_09,1332,56,1539.0,1781.0
lam1,11,int__tai20_15_09,1332,57,1493.0,1773.0
lam1,11,int__tai20_15_09,1332,58,1508.0,1726.0
lam1,11,int__tai20_15_09,1332,59,1479.0,1773.0
lam1,11,int__tai20_15_09,1332,60,1460.0,1677.0
lam1,11,int__tai20_15_09,1332,61,1496.0,1718.0
lam1,11,int__tai20_15_09,1332,62,1496.0,1773.0
lam1,11,int__tai20_15_09,1332,63,1454.0,1654.0
lam1,11,int__tai20_15_10,1348,0,1527.0,1726.0
lam1,11,int__tai20_15_10,1348,1,1472.0,1696.0
lam1,11,int__tai20_15_10,1348,2,1553.0,1786.0
lam1,11,int__tai20_15_10,1348,3,1432.0,1673.0
lam1,11,int__tai20_15_10,1348,4,1538.0,1774.0
lam1,11,int__tai20_15_10,1348,5,1556.0,1807.0
lam1,11,int__tai20_15_10,1348,6,1512.0,1710.0
lam1,11,int__tai20_15_10,1348,7,1541.0,1813.0
lam1,11,int__tai20_15_10,1348,8,1528.0,1746.0
lam1,11,int__tai20_15_10,1348,9,1482.0,1716.0
lam1,11,int__tai20_15_10,1348,10,1474.0,1719.0
lam1,11,int__tai20_15_10,1348,11,1441.0,1662.0
lam1,11,int__tai20_15_10,1348,12,1472.0,1681.0
lam1,11,int__tai20_15_10,1348,13,1568.0,1796.0
lam1,11,int__tai20_15_10,1348,14,1519.0,1768.0
lam1,11,int__tai20_15_10,1348,15,1548.0,1750.0
lam1,11,int__tai20_15_10,1348,16,1548.0,1762.0
lam1,11,int__tai20_15_10,1348,17,1572.0,1818.0
lam1,11,int__tai20_15_10,1348,18,1498.0,1740.0
lam1,11,int__tai20_15_10,1348,19,1484.0,1720.0
lam1,11,int__tai20_15_10,1348,20,1557.0,1753.0
lam1,11,int__tai20_15_10,1348,21,1502.0,1736.0
lam1,11,int__tai20_15_10,1348,22,1499.0,1707.0
lam1,11,int__tai20_15_10,1348,23,1469.0,1660.0
lam1,11,int__tai20_15_10,1348,24,1416.0,1639.0
lam1,11,int__tai20_15_10,1348,25,1414.0,1620.0
lam1,11,int__tai20_15_10,1348,26,1531.0,1775.0
lam1,11,int__tai20_15_10,1348,27,1458.0,1683.0
lam1,11,int__tai20_15_10,1348,28,1492.0,1716.0
lam1,11,int__tai20_15_10,1348,29,1478.0,1714.0
lam1,11,int__tai20_15_10,1348,30,1468.0,1671.0
lam1,11,int__tai20_15_10,1348,31,1591.0,1827.0
lam1,11,int__tai20_15_10,1348,32,1505.0,1705.0
lam1,11,int__tai20_15_10,1348,33,1543.0,1801.0
lam1,11,int__tai20_15_10,1348,34,1517.0,1736.0
lam1,11,int__tai20_15_10,1348,35,1520.0,1762.0
lam1,11,int__tai20_15_10,1348,36,1509.0,1733.0
lam1,11,int__tai20_15_10,1348,37,1527.0,1756.0
lam1,11,int__tai20_15_10,1348,38,1524.0,1731.0
lam1,11,int__tai20_15_10,1348,39,1474.0,1693.0
lam1,11,int__tai20_15_10,1348,40,1496.0,1735.0
lam1,11,int__tai20_15_10,1348,41,1511.0,1712.0
lam1,11,int__tai20_15_10,1348,42,1535.0,1750.0
lam1,11,int__tai20_15_10,1348,43,1553.0,1807.0
lam1,11,int__tai20_15_10,1348,44,1524.0,1756.0
lam1,11,int__tai20_15_10,1348,45,1431.0,1636.0
lam1,11,int__tai20_15_10,1348,46,1529.0,1777.0
lam1,11,int__tai20_15_10,1348,47,1551.0,1791.0
lam1,11,int__tai20_15_10,1348,48,1447.0,1671.0
lam1,11,int__tai20_15_10,1348,49,1490.0,1710.0
lam1,11,int__tai20_15_10,1348,50,1569.0,1800.0
lam1,11,int__tai20_15_10,1348,51,1571.0,1807.0
lam1,11,int__tai20_15_10,1348,52,1574.0,1821.0
lam1,11,int__tai20_15_10,1348,53,1456.0,1649.0
lam1,11,int__tai20_15_10,1348,54,1535.0,1780.0
lam1,11,int__tai20_15_10,1348,55,1468.0,1696.0
lam1,11,int__tai20_15_10,1348,56,1481.0,1763.0
lam1,11,int__tai20_15_10,1348,57,1519.0,1737.0
lam1,11,int__tai20_15_10,1348,58,1447.0,1663.0
lam1,11,int__tai20_15_10,1348,59,1554.0,1750.0
lam1,11,int__tai20_15_10,1348,60,1504.0,1724.0
lam1,11,int__tai20_15_10,1348,61,1568.0,1766.0
lam1,11,int__tai20_15_10,1348,62,1566.0,1821.0
lam1,11,int__tai20_15_10,1348,63,1585.0,1842.0
lam2,10,int__tai20_15_05,1339,0,1551.0,1759.0
lam2,10,int__tai20_15_05,1339,1,1517.0,1755.0
lam2,10,int__tai20_15_05,1339,2,1493.0,1681.0
lam2,10,int__tai20_15_05,1339,3,1621.0,1870.0
lam2,10,int__tai20_15_05,1339,4,1506.0,1671.0
lam2,10,int__tai20_15_05,1339,5,1476.0,1672.0
lam2,10,int__tai20_15_05,1339,6,1478.0,1694.0
lam2,10,int__tai20_15_05,1339,7,1479.0,1697.0
lam2,10,int__tai20_15_05,1339,8,1507.0,1737.0
lam2,10,int__tai20_15_05,1339,9,1502.0,1697.0
lam2,10,int__tai20_15_05,1339,10,1557.0,1773.0
lam2,10,int__tai20_15_05,1339,11,1608.0,1834.0
lam2,10,int__tai20_15_05,1339,12,1470.0,1701.0
lam2,10,int__tai20_15_05,1339,13,1465.0,1670.0
lam2,10,int__tai20_15_05,1339,14,1621.0,1822.0
lam2,10,int__tai20_15_05,1339,15,1420.0,1646.0
lam2,10,int__tai20_15_05,1339,16,1467.0,1645.0
lam2,10,int__tai20_15_05,1339,17,1477.0,1707.0
lam2,10,int__tai20_15_05,1339,18,1487.0,1721.0
lam2,10,int__tai20_15_05,1339,19,1479.0,1677.0
lam2,10,int__tai20_15_05,1339,20,1537.0,1743.0
lam2,10,int__tai20_15_05,1339,21,1459.0,1663.0
lam2,10,int__tai20_15_05,1339,22,1507.0,1703.0
lam2,10,int__tai20_15_05,1339,23,1580.0,1778.0
lam2,10,int__tai20_15_05,1339,24,1491.0,1713.0
lam2,10,int__tai20_15_05,1339,25,1545.0,1765.0
lam2,10,int__tai20_15_05,1339,26,1463.0,1642.0
lam2,10,int__tai20_15_05,1339,27,1448.0,1670.0
lam2,10,int__tai20_15_05,1339,28,1500.0,1720.0
lam2,10,int__tai20_15_05,1339,29,1513.0,1704.0
lam2,10,int__tai20_15_05,1339,30,1499.0,1698.0
lam2,10,int__tai20_15_05,1339,31,1529.0,1713.0
lam2,10,int__tai20_15_05,1339,32,1499.0,1671.0
lam2,10,int__tai20_15_05,1339,33,1464.0,1673.0
lam2,10,int__tai20_15_05,1339,34,1548.0,1733.0
lam2,10,int__tai20_15_05,1339,35,1576.0,1768.0
lam2,10,int__tai20_15_05,1339,36,1513.0,1701.0
lam2,10,int__tai20_15_05,1339,37,1536.0,1755.0
lam2,10,int__tai20_15_05,1339,38,1613.0,1821.0
lam2,10,int__tai20_15_05,1339,39,1473.0,1655.0
lam2,10,int__tai20_15_05,1339,40,1528.0,1751.0
lam2,10,int__tai20_15_05,1339,41,1582.0,1783.0
lam2,10,int__tai20_15_05,1339,42,1478.0,1723.0
lam2,10,int__tai20_15_05,1339,43,1528.0,1777.0
lam2,10,int__tai20_15_05,1339,44,1510.0,1707.0
lam2,10,int__tai20_15_05,1339,45,1499.0,1703.0
lam2,10,int__tai20_15_05,1339,46,1655.0,1859.0
lam2,10,int__tai20_15_05,1339,47,1481.0,1658.0
lam2,10,int__tai20_15_05,1339,48,1472.0,1674.0
lam2,10,int__tai20_15_05,1339,49,1488.0,1698.0
lam2,10,int__tai20_15_05,1339,50,1528.0,1734.0
lam2,10,int__tai20_15_05,1339,51,1572.0,1809.0
lam2,10,int__tai20_15_05,1339,52,1653.0,1870.0
lam2,10,int__tai20_15_05,1339,53,1503.0,1705.0
lam2,10,int__tai20_15_05,1339,54,1536.0,1727.0
lam2,10,int__tai20_15_05,1339,55,1539.0,1760.0
lam2,10,int__tai20_15_05,1339,56,1565.0,1770.0
lam2,10,int__tai20_15_05,1339,57,1545.0,1747.0
lam2,10,int__tai20_15_05,1339,58,1545.0,1726.0
lam2,10,int__tai20_15_05,1339,59,1449.0,1673.0
lam2,10,int__tai20_15_05,1339,60,1461.0,1671.0
lam2,10,int__tai20_15_05,1339,61,1480.0,1687.0
lam2,10,int__tai20_15_05,1339,62,1574.0,1797.0
lam2,10,int__tai20_15_05,1339,63,1497.0,1740.0
lam2,10,int__tai20_15_06,1360,0,1476.0,1677.0
lam2,10,int__tai20_15_06,1360,1,1480.0,1732.0
lam2,10,int__tai20_15_06,1360,2,1528.0,1769.0
lam2,10,int__tai20_15_06,1360,3,1540.0,1772.0
lam2,10,int__tai20_15_06,1360,4,1555.0,1804.0
lam2,10,int__tai20_15_06,1360,5,1568.0,1784.0
lam2,10,int__tai20_15_06,1360,6,1556.0,1761.0
lam2,10,int__tai20_15_06,1360,7,1526.0,1739.0
lam2,10,int__tai20_15_06,1360,8,1560.0,1763.0
lam2,10,int__tai20_15_06,1360,9,1544.0,1782.0
lam2,10,int__tai20_15_06,1360,10,1553.0,1782.0
lam2,10,int__tai20_15_06,1360,11,1516.0,1712.0
lam2,10,int__tai20_15_06,1360,12,1492.0,1725.0
lam2,10,int__tai20_15_06,1360,13,1605.0,1872.0
lam2,10,int__tai20_15_06,1360,14,1572.0,1810.0
lam2,10,int__tai20_15_06,1360,15,1553.0,1791.0
lam2,10,int__tai20_15_06,1360,16,1572.0,1828.0
lam2,10,int__tai20_15_06,1360,17,1532.0,1730.0
lam2,10,int__tai20_15_06,1360,18,1579.0,1840.0
lam2,10,int__tai20_15_06,1360,19,1499.0,1729.0
lam2,10,int__tai20_15_06,1360,20,1586.0,1807.0
lam2,10,int__tai20_15_06,1360,21,1491.0,1682.0
lam2,10,int__tai20_15_06,1360,22,1489.0,1686.0
lam2,10,int__tai20_15_06,1360,23,1494.0,1744.0
lam2,10,int__tai20_15_06,1360,24,1526.0,1746.0
lam2,10,int__tai20_15_06,1360,25,1540.0,1746.0
lam2,10,int__tai20_15_06,1360,26,1547.0,1775.0
lam2,10,int__tai20_15_06,1360,27,1461.0,1697.0
lam2,10,int__tai20_15_06,1360,28,1524.0,1742.0
lam2,10,int__tai20_15_06,1360,29,1525.0,1742.0
lam2,10,int__tai20_15_06,1360,30,1555.0,1797.0
lam2,10,int__tai20_15_06,1360,31,1509.0,1758.0
lam2,10,int__tai20_15_06,1360,32,1457.0,1693.0
lam2,10,int__tai20_15_06,1360,33,1495.0,1725.0
lam2,10,int__tai20_15_06,1360,34,1499.0,1700.0
lam2,10,int__tai20_15_06,1360,35,1553.0,1795.0
lam2,10,int__tai20_15_06,1360,36,1535.0,1755.0
lam2,10,int__tai20_15_06,1360,37,1532.0,1738.0
lam2,10,int__tai20_15_06,1360,38,1475.0,1730.0
lam2,10,int__tai20_15_06,1360,39,1568.0,1838.0
lam2,10,int__tai20_15_06,1360,40,1587.0,1849.0
lam2,10,int__tai20_15_06,1360,41,1590.0,1836.0
lam2,10,int__tai20_15_06,1360,42,1589.0,1797.0
lam2,10,int__tai20_15_06,1360,43,1541.0,1804.0
lam2,10,int__tai20_15_06,1360,44,1531.0,1729.0
lam2,10,int__tai20_15_06,1360,45,1477.0,1683.0
lam2,10,int__tai20_15_06,1360,46,1513.0,1789.0
lam2,10,int__tai20_15_06,1360,47,1548.0,1767.0
lam2,10,int__tai20_15_06,1360,48,1494.0,1711.0
lam2,10,int__tai20_15_06,1360,49,1500.0,1725.0
lam2,10,int__tai20_15_06,1360,50,1531.0,1739.0
lam2,10,int__tai20_15_06,1360,51,1571.0,1791.0
lam2,10,int__tai20_15_06,1360,52,1647.0,1907.0
lam2,10,int__tai20_15_06,1360,53,1475.0,1673.0
lam2,10,int__tai20_15_06,1360,54,1508.0,1729.0
lam2,10,int__tai20_15_06,1360,55,1548.0,1774.0
lam2,10,int__tai20_15_06,1360,56,1532.0,1776.0
lam2,10,int__tai20_15_06,1360,57,1539.0,1741.0
lam2,10,int__tai20_15_06,1360,58,1506.0,1706.0
lam2,10,int__tai20_15_06,1360,59,1491.0,1691.0
lam2,10,int__tai20_15_06,1360,60,1474.0,1702.0
lam2,10,int__tai20_15_06,1360,61,1498.0,1714.0
lam2,10,int__tai20_15_06,1360,62,1549.0,1808.0
lam2,10,int__tai20_15_06,1360,63,1530.0,1720.0
lam2,10,int__tai20_15_07,1462,0,1617.0,1873.0
lam2,10,int__tai20_15_07,1462,1,1581.0,1787.0
lam2,10,int__tai20_15_07,1462,2,1547.0,1755.0
lam2,10,int__tai20_15_07,1462,3,1564.0,1827.0
lam2,10,int__tai20_15_07,1462,4,1716.0,1956.0
lam2,10,int__tai20_15_07,1462,5,1629.0,1830.0
lam2,10,int__tai20_15_07,1462,6,1617.0,1900.0
lam2,10,int__tai20_15_07,1462,7,1639.0,1876.0
lam2,10,int__tai20_15_07,1462,8,1604.0,1824.0
lam2,10,int__tai20_15_07,1462,9,1612.0,1818.0
lam2,10,int__tai20_15_07,1462,10,1665.0,1919.0
lam2,10,int__tai20_15_07,1462,11,1571.0,1804.0
lam2,10,int__tai20_15_07,1462,12,1661.0,1923.0
lam2,10,int__tai20_15_07,1462,13,1529.0,1742.0
lam2,10,int__tai20_15_07,1462,14,1672.0,1900.0
lam2,10,int__tai20_15_07,1462,15,1680.0,1930.0
lam2,10,int__tai20_15_07,1462,16,1679.0,1885.0
lam2,10,int__tai20_15_07,1462,17,1568.0,1828.0
lam2,10,int__tai20_15_07,1462,18,1562.0,1810.0
lam2,10,int__tai20_15_07,1462,19,1611.0,1855.0
lam2,10,int__tai20_15_07,1462,20,1714.0,1931.0
lam2,10,int__tai20_15_07,1462,21,1509.0,1716.0
lam2,10,int__tai20_15_07,1462,22,1555.0,1795.0
lam2,10,int__tai20_15_07,1462,23,1611.0,1811.0
lam2,10,int__tai20_15_07,1462,24,1638.0,1857.0
lam2,10,int__tai20_15_07,1462,25,1617.0,1835.0
lam2,10,int__tai20_15_07,1462,26,1626.0,1845.0
lam2,10,int__tai20_15_07,1462,27,1644.0,1863.0
lam2,10,int__tai20_15_07,1462,28,1509.0,1745.0
lam2,10,int__tai20_15_07,1462,29,1608.0,1842.0
lam2,10,int__tai20_15_07,1462,30,1614.0,1833.0
lam2,10,int__tai20_15_07,1462,31,1633.0,1868.0
lam2,10,int__tai20_15_07,1462,32,1551.0,1767.0
lam2,10,int__tai20_15_07,1462,33,1657.0,1904.0
lam2,10,int__tai20_15_07,1462,34,1562.0,1765.0
lam2,10,int__tai20_15_07,1462,35,1695.0,1930.0
lam2,10,int__tai20_15_07,1462,36,1508.0,1751.0
lam2,10,int__tai20_15_07,1462,37,1668.0,1917.0
lam2,10,int__tai20_15_07,1462,38,1556.0,1761.0
lam2,10,int__tai20_15_07,1462,39,1574.0,1807.0
lam2,10,int__tai20_15_07,1462,40,1567.0,1802.0
lam2,10,int__tai20_15_07,1462,41,1600.0,1838.0
lam2,10,int__tai20_15_07,1462,42,1587.0,1826.0
lam2,10,int__tai20_15_07,1462,43,1683.0,1931.0
lam2,10,int__tai20_15_07,1462,44,1590.0,1795.0
lam2,10,int__tai20_15_07,1462,45,1588.0,1820.0
lam2,10,int__tai20_15_07,1462,46,1512.0,1742.0
lam2,10,int__tai20_15_07,1462,47,1729.0,1965.0
lam2,10,int__tai20_15_07,1462,48,1544.0,1785.0
lam2,10,int__tai20_15_07,1462,49,1562.0,1814.0
lam2,10,int__tai20_15_07,1462,50,1562.0,1816.0
lam2,10,int__tai20_15_07,1462,51,1530.0,1764.0
lam2,10,int__tai20_15_07,1462,52,1645.0,1849.0
lam2,10,int__tai20_15_07,1462,53,1594.0,1810.0
lam2,10,int__tai20_15_07,1462,54,1562.0,1774.0
lam2,10,int__tai20_15_07,1462,55,1602.0,1848.0
lam2,10,int__tai20_15_07,1462,56,1664.0,1911.0
lam2,10,int__tai20_15_07,1462,57,1630.0,1865.0
lam2,10,int__tai20_15_07,1462,58,1598.0,1826.0
lam2,10,int__tai20_15_07,1462,59,1611.0,1851.0
lam2,10,int__tai20_15_07,1462,60,1623.0,1876.0
lam2,10,int__tai20_15_07,1462,61,1647.0,1869.0
lam2,10,int__tai20_15_07,1462,62,1642.0,1885.0
lam2,10,int__tai20_15_07,1462,63,1578.0,1806.0
lam2,10,int__tai20_15_08,1377,0,1552.0,1778.0
lam2,10,int__tai20_15_08,1377,1,1536.0,1744.0
lam2,10,int__tai20_15_08,1377,2,1512.0,1718.0
lam2,10,int__tai20_15_08,1377,3,1613.0,1838.0
lam2,10,int__tai20_15_08,1377,4,1557.0,1791.0
lam2,10,int__tai20_15_08,1377,5,1553.0,1789.0
lam2,10,int__tai20_15_08,1377,6,1625.0,1846.0
lam2,10,int__tai20_15_08,1377,7,1578.0,1761.0
lam2,10,int__tai20_15_08,1377,8,1562.0,1746.0
lam2,10,int__tai20_15_08,1377,9,1545.0,1747.0
lam2,10,int__tai20_15_08,1377,10,1557.0,1779.0
lam2,10,int__tai20_15_08,1377,11,1510.0,1705.0
lam2,10,int__tai20_15_08,1377,12,1526.0,1700.0
lam2,10,int__tai20_15_08,1377,13,1566.0,1776.0
lam2,10,int__tai20_15_08,1377,14,1604.0,1819.0
lam2,10,int__tai20_15_08,1377,15,1566.0,1803.0
lam2,10,int__tai20_15_08,1377,16,1480.0,1686.0
lam2,10,int__tai20_15_08,1377,17,1483.0,1710.0
lam2,10,int__tai20_15_08,1377,18,1525.0,1740.0
lam2,10,int__tai20_15_08,1377,19,1578.0,1788.0
lam2,10,int__tai20_15_08,1377,20,1588.0,1822.0
lam2,10,int__tai20_15_08,1377,21,1534.0,1732.0
lam2,10,int__tai20_15_08,1377,22,1565.0,1765.0
lam2,10,int__tai20_15_08,1377,23,1567.0,1774.0
lam2,10,int__tai20_15_08,1377,24,1631.0,1820.0
lam2,10,int__tai20_15_08,1377,25,1569.0,1802.0
lam2,10,int__tai20_15_08,1377,26,1525.0,1736.0
lam2,10,int__tai20_15_08,1377,27,1613.0,1832.0
lam2,10,int__tai20_15_08,1377,28,1567.0,1787.0
lam2,10,int__tai20_15_08,1377,29,1530.0,1753.0
lam2,10,int__tai20_15_08,1377,30,1606.0,1811.0
lam2,10,int__tai20_15_08,1377,31,1556.0,1772.0
lam2,10,int__tai20_15_08,1377,32,1535.0,1772.0
lam2,10,int__tai20_15_08,1377,33,1537.0,1762.0
lam2,10,int__tai20_15_08,1377,34,1477.0,1708.0
lam2,10,int__tai20_15_08,1377,35,1552.0,1781.0
lam2,10,int__tai20_15_08,1377,36,1636.0,1856.0
lam2,10,int__tai20_15_08,1377,37,1595.0,1798.0
lam2,10,int__tai20_15_08,1377,38,1613.0,1826.0
lam2,10,int__tai20_15_08,1377,39,1566.0,1785.0
lam2,10,int__tai20_15_08,1377,40,1590.0,1816.0
lam2,10,int__tai20_15_08,1377,41,1584.0,1797.0
lam2,10,int__tai20_15_08,1377,42,1618.0,1832.0
lam2,10,int__tai20_15_08,1377,43,1570.0,1779.0
lam2,10,int__tai20_15_08,1377,44,1578.0,1783.0
lam2,10,int__tai20_15_08,1377,45,1545.0,1756.0
lam2,10,int__tai20_15_08,1377,46,1577.0,1807.0
lam2,10,int__tai20_15_08,1377,47,1609.0,1811.0
lam2,10,int__tai20_15_08,1377,48,1586.0,1761.0
lam2,10,int__tai20_15_08,1377,49,1594.0,1779.0
lam2,10,int__tai20_15_08,1377,50,1537.0,1727.0
lam2,10,int__tai20_15_08,1377,51,1534.0,1790.0
lam2,10,int__tai20_15_08,1377,52,1508.0,1747.0
lam2,10,int__tai20_15_08,1377,53,1611.0,1809.0
lam2,10,int__tai20_15_08,1377,54,1524.0,1746.0
lam2,10,int__tai20_15_08,1377,55,1558.0,1779.0
lam2,10,int__tai20_15_08,1377,56,1533.0,1761.0
lam2,10,int__tai20_15_08,1377,57,1533.0,1782.0
lam2,10,int__tai20_15_08,1377,58,1585.0,1808.0
lam2,10,int__tai20_15_08,1377,59,1639.0,1840.0
lam2,10,int__tai20_15_08,1377,60,1615.0,1796.0
lam2,10,int__tai20_15_08,1377,61,1564.0,1774.0
lam2,10,int__tai20_15_08,1377,62,1592.0,1840.0
lam2,10,int__tai20_15_08,1377,63,1582.0,1817.0
lam2,10,int__tai20_15_09,1332,0,1439.0,1665.0
lam2,10,int__tai20_15_09,1332,1,1500.0,1678.0
lam2,10,int__tai20_15_09,1332,2,1456.0,1739.0
lam2,10,int__tai20_15_09,1332,3,1444.0,1655.0
lam2,10,int__tai20_15_09,1332,4,1466.0,1675.0
lam2,10,int__tai20_15_09,1332,5,1440.0,1635.0
lam2,10,int__tai20_15_09,1332,6,1470.0,1658.0
lam2,10,int__tai20_15_09,1332,7,1468.0,1703.0
lam2,10,int__tai20_15_09,1332,8,1534.0,1742.0
lam2,10,int__tai20_15_09,1332,9,1513.0,1756.0
lam2,10,int__tai20_15_09,1332,10,1510.0,1774.0
lam2,10,int__tai20_15_09,1332,11,1485.0,1688.0
lam2,10,int__tai20_15_09,1332,12,1423.0,1663.0
lam2,10,int__tai20_15_09,1332,13,1475.0,1711.0
lam2,10,int__tai20_15_09,1332,14,1487.0,1682.0
lam2,10,int__tai20_15_09,1332,15,1471.0,1726.0
lam2,10,int__tai20_15_09,1332,16,1459.0,1660.0
lam2,10,int__tai20_15_09,1332,17,1423.0,1661.0
lam2,10,int__tai20_15_09,1332,18,1451.0,1678.0
lam2,10,int__tai20_15_09,1332,19,1489.0,1731.0
lam2,10,int__tai20_15_09,1332,20,1497.0,1721.0
lam2,10,int__tai20_15_09,1332,21,1433.0,1693.0
lam2,10,int__tai20_15_09,1332,22,1426.0,1642.0
lam2,10,int__tai20_15_09,1332,23,1458.0,1693.0
lam2,10,int__tai20_15_09,1332,24,1490.0,1783.0
lam2,10,int__tai20_15_09,1332,25,1435.0,1653.0
lam2,10,int__tai20_15_09,1332,26,1394.0,1615.0
lam2,10,int__tai20_15_09,1332,27,1437.0,1703.0
lam2,10,int__tai20_15_09,1332,28,1402.0,1664.0
lam2,10,int__tai20_15_09,1332,29,1481.0,1701.0
lam2,10,int__tai20_15_09,1332,30,1451.0,1734.0
lam2,10,int__tai20_15_09,1332,31,1420.0,1629.0
lam2,10,int__tai20_15_09,1332,32,1452.0,1716.0
lam2,10,int__tai20_15_09,1332,33,1442.0,1646.0
lam2,10,int__tai20_15_09,1332,34,1411.0,1631.0
lam2,10,int__tai20_15_09,1332,35,1468.0,1699.0
lam2,10,int__tai20_15_09,1332,36,1478.0,1741.0
lam2,10,int__tai20_15_09,1332,37,1520.0,1749.0
lam2,10,int__tai20_15_09,1332,38,1449.0,1664.0
lam2,10,int__tai20_15_09,1332,39,1502.0,1725.0
lam2,10,int__tai20_15_09,1332,40,1513.0,1707.0
lam2,10,int__tai20_15_09,1332,41,1495.0,1704.0
lam2,10,int__tai20_15_09,1332,42,1508.0,1687.0
lam2,10,int__tai20_15_09,1332,43,1500.0,1697.0
lam2,10,int__tai20_15_09,1332,44,1424.0,1646.0
lam2,10,int__tai20_15_09,1332,45,1528.0,1722.0
lam2,10,int__tai20_15_09,1332,46,1493.0,1686.0
lam2,10,int__tai20_15_09,1332,47,1534.0,1754.0
lam2,10,int__tai20_15_09,1332,48,1447.0,1681.0
lam2,10,int__tai20_15_09,1332,49,1413.0,1617.0
lam2,10,int__tai20_15_09,1332,50,1452.0,1648.0
lam2,10,int__tai20_15_09,1332,51,1441.0,1637.0
lam2,10,int__tai20_15_09,1332,52,1453.0,1705.0
lam2,10,int__tai20_15_09,1332,53,1555.0,1783.0
lam2,10,int__tai20_15_09,1332,54,1467.0,1672.0
lam2,10,int__tai20_15_09,1332,55,1553.0,1777.0
lam2,10,int__tai20_15_09,1332,56,1491.0,1680.0
lam2,10,int__tai20_15_09,1332,57,1518.0,1691.0
lam2,10,int__tai20_15_09,1332,58,1448.0,1656.0
lam2,10,int__tai20_15_09,1332,59,1498.0,1705.0
lam2,10,int__tai20_15_09,1332,60,1463.0,1673.0
lam2,10,int__tai20_15_09,1332,61,1456.0,1623.0
lam2,10,int__tai20_15_09,1332,62,1483.0,1673.0
lam2,10,int__tai20_15_09,1332,63,1436.0,1661.0
lam2,10,int__tai20_15_10,1348,0,1437.0,1653.0
lam2,10,int__tai20_15_10,1348,1,1472.0,1691.0
lam2,10,int__tai20_15_10,1348,2,1552.0,1759.0
lam2,10,int__tai20_15_10,1348,3,1435.0,1666.0
lam2,10,int__tai20_15_10,1348,4,1463.0,1687.0
lam2,10,int__tai20_15_10,1348,5,1488.0,1718.0
lam2,10,int__tai20_15_10,1348,6,1510.0,1728.0
lam2,10,int__tai20_15_10,1348,7,1552.0,1765.0
lam2,10,int__tai20_15_10,1348,8,1455.0,1673.0
lam2,10,int__tai20_15_10,1348,9,1467.0,1690.0
lam2,10,int__tai20_15_10,1348,10,1540.0,1746.0
lam2,10,int__tai20_15_10,1348,11,1542.0,1743.0
lam2,10,int__tai20_15_10,1348,12,1440.0,1671.0
lam2,10,int__tai20_15_10,1348,13,1535.0,1740.0
lam2,10,int__tai20_15_10,1348,14,1567.0,1801.0
lam2,10,int__tai20_15_10,1348,15,1547.0,1750.0
lam2,10,int__tai20_15_10,1348,16,1538.0,1768.0
lam2,10,int__tai20_15_10,1348,17,1576.0,1794.0
lam2,10,int__tai20_15_10,1348,18,1538.0,1794.0
lam2,10,int__tai20_15_10,1348,19,1471.0,1717.0
lam2,10,int__tai20_15_10,1348,20,1476.0,1698.0
lam2,10,int__tai20_15_10,1348,21,1455.0,1678.0
lam2,10,int__tai20_15_10,1348,22,1569.0,1818.0
lam2,10,int__tai20_15_10,1348,23,1547.0,1742.0
lam2,10,int__tai20_15_10,1348,24,1514.0,1716.0
lam2,10,int__tai20_15_10,1348,25,1498.0,1694.0
lam2,10,int__tai20_15_10,1348,26,1478.0,1681.0
lam2,10,int__tai20_15_10,1348,27,1463.0,1692.0
lam2,10,int__tai20_15_10,1348,28,1526.0,1739.0
lam2,10,int__tai20_15_10,1348,29,1542.0,1751.0
lam2,10,int__tai20_15_10,1348,30,1464.0,1685.0
lam2,10,int__tai20_15_10,1348,31,1468.0,1663.0
lam2,10,int__tai20_15_10,1348,32,1488.0,1722.0
lam2,10,int__tai20_15_10,1348,33,1495.0,1721.0
lam2,10,int__tai20_15_10,1348,34,1474.0,1695.0
lam2,10,int__tai20_15_10,1348,35,1479.0,1701.0
lam2,10,int__tai20_15_10,1348,36,1612.0,1800.0
lam2,10,int__tai20_15_10,1348,37,1420.0,1624.0
lam2,10,int__tai20_15_10,1348,38,1580.0,1821.0
lam2,10,int__tai20_15_10,1348,39,1462.0,1651.0
lam2,10,int__tai20_15_10,1348,40,1523.0,1748.0
lam2,10,int__tai20_15_10,1348,41,1533.0,1732.0
lam2,10,int__tai20_15_10,1348,42,1494.0,1737.0
lam2,10,int__tai20_15_10,1348,43,1437.0,1676.0
lam2,10,int__tai20_15_10,1348,44,1519.0,1707.0
lam2,10,int__tai20_15_10,1348,45,1435.0,1662.0
lam2,10,int__tai20_15_10,1348,46,1505.0,1747.0
lam2,10,int__tai20_15_10,1348,47,1441.0,1653.0
lam2,10,int__tai20_15_10,1348,48,1621.0,1811.0
lam2,10,int__tai20_15_10,1348,49,1493.0,1717.0
lam2,10,int__tai20_15_10,1348,50,1510.0,1728.0
lam2,10,int__tai20_15_10,1348,51,1429.0,1653.0
lam2,10,int__tai20_15_10,1348,52,1576.0,1813.0
lam2,10,int__tai20_15_10,1348,53,1524.0,1773.0
lam2,10,int__tai20_15_10,1348,54,1446.0,1669.0
lam2,10,int__tai20_15_10,1348,55,1487.0,1708.0
lam2,10,int__tai20_15_10,1348,56,1502.0,1737.0
lam2,10,int__tai20_15_10,1348,57,1561.0,1767.0
lam2,10,int__tai20_15_10,1348,58,1537.0,1727.0
lam2,10,int__tai20_15_10,1348,59,1520.0,1716.0
lam2,10,int__tai20_15_10,1348,60,1503.0,1691.0
lam2,10,int__tai20_15_10,1348,61,1524.0,1717.0
lam2,10,int__tai20_15_10,1348,62,1506.0,1739.0
lam2,10,int__tai20_15_10,1348,63,1531.0,1767.0
lam4,9,int__tai20_15_05,1339,0,1505.0,1717.0
lam4,9,int__tai20_15_05,1339,1,1565.0,1775.0
lam4,9,int__tai20_15_05,1339,2,1495.0,1697.0
lam4,9,int__tai20_15_05,1339,3,1633.0,1854.0
lam4,9,int__tai20_15_05,1339,4,1536.0,1730.0
lam4,9,int__tai20_15_05,1339,5,1554.0,1758.0
lam4,9,int__tai20_15_05,1339,6,1444.0,1624.0
lam4,9,int__tai20_15_05,1339,7,1514.0,1709.0
lam4,9,int__tai20_15_05,1339,8,1580.0,1739.0
lam4,9,int__tai20_15_05,1339,9,1549.0,1726.0
lam4,9,int__tai20_15_05,1339,10,1508.0,1702.0
lam4,9,int__tai20_15_05,1339,11,1527.0,1747.0
lam4,9,int__tai20_15_05,1339,12,1531.0,1776.0
lam4,9,int__tai20_15_05,1339,13,1589.0,1786.0
lam4,9,int__tai20_15_05,1339,14,1584.0,1780.0
lam4,9,int__tai20_15_05,1339,15,1569.0,1792.0
lam4,9,int__tai20_15_05,1339,16,1547.0,1736.0
lam4,9,int__tai20_15_05,1339,17,1459.0,1663.0
lam4,9,int__tai20_15_05,1339,18,1548.0,1771.0
lam4,9,int__tai20_15_05,1339,19,1510.0,1765.0
lam4,9,int__tai20_15_05,1339,20,1504.0,1693.0
lam4,9,int__tai20_15_05,1339,21,1488.0,1677.0
lam4,9,int__tai20_15_05,1339,22,1433.0,1662.0
lam4,9,int__tai20_15_05,1339,23,1496.0,1715.0
lam4,9,int__tai20_15_05,1339,24,1515.0,1704.0
lam4,9,int__tai20_15_05,1339,25,1502.0,1753.0
lam4,9,int__tai20_15_05,1339,26,1580.0,1806.0
lam4,9,int__tai20_15_05,1339,27,1575.0,1780.0
lam4,9,int__tai20_15_05,1339,28,1551.0,1773.0
lam4,9,int__tai20_15_05,1339,29,1570.0,1772.0
lam4,9,int__tai20_15_05,1339,30,1506.0,1700.0
lam4,9,int__tai20_15_05,1339,31,1547.0,1727.0
lam4,9,int__tai20_15_05,1339,32,1528.0,1718.0
lam4,9,int__tai20_15_05,1339,33,1433.0,1625.0
lam4,9,int__tai20_15_05,1339,34,1530.0,1743.0
lam4,9,int__tai20_15_05,1339,35,1492.0,1694.0
lam4,9,int__tai20_15_05,1339,36,1558.0,1779.0
lam4,9,int__tai20_15_05,1339,37,1521.0,1737.0
lam4,9,int__tai20_15_05,1339,38,1579.0,1767.0
lam4,9,int__tai20_15_05,1339,39,1563.0,1782.0
lam4,9,int__tai20_15_05,1339,40,1470.0,1680.0
lam4,9,int__tai20_15_05,1339,41,1530.0,1734.0
lam4,9,int__tai20_15_05,1339,42,1537.0,1721.0
lam4,9,int__tai20_15_05,1339,43,1645.0,1841.0
lam4,9,int__tai20_15_05,1339,44,1598.0,1795.0
lam4,9,int__tai20_15_05,1339,45,1550.0,1791.0
lam4,9,int__tai20_15_05,1339,46,1576.0,1776.0
lam4,9,int__tai20_15_05,1339,47,1487.0,1710.0
lam4,9,int__tai20_15_05,1339,48,1453.0,1665.0
lam4,9,int__tai20_15_05,1339,49,1625.0,1832.0
lam4,9,int__tai20_15_05,1339,50,1532.0,1719.0
lam4,9,int__tai20_15_05,1339,51,1505.0,1720.0
lam4,9,int__tai20_15_05,1339,52,1605.0,1817.0
lam4,9,int__tai20_15_05,1339,53,1621.0,1830.0
lam4,9,int__tai20_15_05,1339,54,1551.0,1729.0
lam4,9,int__tai20_15_05,1339,55,1525.0,1714.0
lam4,9,int__tai20_15_05,1339,56,1523.0,1713.0
lam4,9,int__tai20_15_05,1339,57,1557.0,1757.0
lam4,9,int__tai20_15_05,1339,58,1552.0,1730.0
lam4,9,int__tai20_15_05,1339,59,1618.0,1786.0
lam4,9,int__tai20_15_05,1339,60,1543.0,1781.0
lam4,9,int__tai20_15_05,1339,61,1458.0,1664.0
lam4,9,int__tai20_15_05,1339,62,1565.0,1745.0
lam4,9,int__tai20_15_05,1339,63,1575.0,1801.0
lam4,9,int__tai20_15_06,1360,0,1458.0,1675.0
lam4,9,int__tai20_15_06,1360,1,1566.0,1754.0
lam4,9,int__tai20_15_06,1360,2,1484.0,1720.0
lam4,9,int__tai20_15_06,1360,3,1594.0,1848.0
lam4,9,int__tai20_15_06,1360,4,1514.0,1744.0
lam4,9,int__tai20_15_06,1360,5,1602.0,1832.0
lam4,9,int__tai20_15_06,1360,6,1519.0,1768.0
lam4,9,int__tai20_15_06,1360,7,1484.0,1695.0
lam4,9,int__tai20_15_06,1360,8,1483.0,1696.0
lam4,9,int__tai20_15_06,1360,9,1512.0,1721.0
lam4,9,int__tai20_15_06,1360,10,1549.0,1737.0
lam4,9,int__tai20_15_06,1360,11,1568.0,1791.0
lam4,9,int__tai20_15_06,1360,12,1531.0,1724.0
lam4,9,int__tai20_15_06,1360,13,1576.0,1798.0
lam4,9,int__tai20_15_06,1360,14,1455.0,1668.0
lam4,9,int__tai20_15_06,1360,15,1454.0,1661.0
lam4,9,int__tai20_15_06,1360,16,1534.0,1781.0
lam4,9,int__tai20_15_06,1360,17,1491.0,1744.0
lam4,9,int__tai20_15_06,1360,18,1502.0,1709.0
lam4,9,int__tai20_15_06,1360,19,1592.0,1828.0
lam4,9,int__tai20_15_06,1360,20,1538.0,1749.0
lam4,9,int__tai20_15_06,1360,21,1521.0,1771.0
lam4,9,int__tai20_15_06,1360,22,1527.0,1746.0
lam4,9,int__tai20_15_06,1360,23,1516.0,1714.0
lam4,9,int__tai20_15_06,1360,24,1553.0,1784.0
lam4,9,int__tai20_15_06,1360,25,1450.0,1655.0
lam4,9,int__tai20_15_06,1360,26,1462.0,1667.0
lam4,9,int__tai20_15_06,1360,27,1569.0,1773.0
lam4,9,int__tai20_15_06,1360,28,1664.0,1896.0
lam4,9,int__tai20_15_06,1360,29,1566.0,1780.0
lam4,9,int__tai20_15_06,1360,30,1583.0,1781.0
lam4,9,int__tai20_15_06,1360,31,1558.0,1787.0
lam4,9,int__tai20_15_06,1360,32,1515.0,1717.0
lam4,9,int__tai20_15_06,1360,33,1611.0,1833.0
lam4,9,int__tai20_15_06,1360,34,1567.0,1801.0
lam4,9,int__tai20_15_06,1360,35,1507.0,1724.0
lam4,9,int__tai20_15_06,1360,36,1551.0,1783.0
lam4,9,int__tai20_15_06,1360,37,1536.0,1739.0
lam4,9,int__tai20_15_06,1360,38,1437.0,1648.0
lam4,9,int__tai20_15_06,1360,39,1542.0,1792.0
lam4,9,int__tai20_15_06,1360,40,1542.0,1746.0
lam4,9,int__tai20_15_06,1360,41,1431.0,1651.0
lam4,9,int__tai20_15_06,1360,42,1549.0,1759.0
lam4,9,int__tai20_15_06,1360,43,1563.0,1787.0
lam4,9,int__tai20_15_06,1360,44,1568.0,1769.0
lam4,9,int__tai20_15_06,1360,45,1528.0,1747.0
lam4,9,int__tai20_15_06,1360,46,1558.0,1784.0
lam4,9,int__tai20_15_06,1360,47,1520.0,1757.0
lam4,9,int__tai20_15_06,1360,48,1533.0,1780.0
lam4,9,int__tai20_15_06,1360,49,1457.0,1676.0
lam4,9,int__tai20_15_06,1360,50,1521.0,1712.0
lam4,9,int__tai20_15_06,1360,51,1555.0,1767.0
lam4,9,int__tai20_15_06,1360,52,1614.0,1813.0
lam4,9,int__tai20_15_06,1360,53,1413.0,1615.0
lam4,9,int__tai20_15_06,1360,54,1430.0,1635.0
lam4,9,int__tai20_15_06,1360,55,1573.0,1794.0
lam4,9,int__tai20_15_06,1360,56,1571.0,1805.0
lam4,9,int__tai20_15_06,1360,57,1486.0,1742.0
lam4,9,int__tai20_15_06,1360,58,1570.0,1822.0
lam4,9,int__tai20_15_06,1360,59,1505.0,1735.0
lam4,9,int__tai20_15_06,1360,60,1636.0,1900.0
lam4,9,int__tai20_15_06,1360,61,1495.0,1705.0
lam4,9,int__tai20_15_06,1360,62,1465.0,1676.0
lam4,9,int__tai20_15_06,1360,63,1528.0,1793.0
lam4,9,int__tai20_15_07,1462,0,1671.0,1919.0
lam4,9,int__tai20_15_07,1462,1,1759.0,2034.0
lam4,9,int__tai20_15_07,1462,2,1644.0,1912.0
lam4,9,int__tai20_15_07,1462,3,1655.0,1918.0
lam4,9,int__tai20_15_07,1462,4,1763.0,1955.0
lam4,9,int__tai20_15_07,1462,5,1650.0,1827.0
lam4,9,int__tai20_15_07,1462,6,1581.0,1784.0
lam4,9,int__tai20_15_07,1462,7,1786.0,2022.0
lam4,9,int__tai20_15_07,1462,8,1618.0,1848.0
lam4,9,int__tai20_15_07,1462,9,1678.0,1915.0
lam4,9,int__tai20_15_07,1462,10,1730.0,1986.0
lam4,9,int__tai20_15_07,1462,11,1750.0,1963.0
lam4,9,int__tai20_15_07,1462,12,1630.0,1846.0
lam4,9,int__tai20_15_07,1462,13,1692.0,1965.0
lam4,9,int__tai20_15_07,1462,14,1605.0,1834.0
lam4,9,int__tai20_15_07,1462,15,1761.0,2010.0
lam4,9,int__tai20_15_07,1462,16,1608.0,1870.0
lam4,9,int__tai20_15_07,1462,17,1694.0,1965.0
lam4,9,int__tai20_15_07,1462,18,1586.0,1837.0
lam4,9,int__tai20_15_07,1462,19,1619.0,1849.0
lam4,9,int__tai20_15_07,1462,20,1565.0,1795.0
lam4,9,int__tai20_15_07,1462,21,1667.0,1904.0
lam4,9,int__tai20_15_07,1462,22,1593.0,1839.0
lam4,9,int__tai20_15_07,1462,23,1688.0,1896.0
lam4,9,int__tai20_15_07,1462,24,1610.0,1854.0
lam4,9,int__tai20_15_07,1462,25,1565.0,1779.0
lam4,9,int__tai20_15_07,1462,26,1686.0,1921.0
lam4,9,int__tai20_15_07,1462,27,1606.0,1829.0
lam4,9,int__tai20_15_07,1462,28,1694.0,1942.0
lam4,9,int__tai20_15_07,1462,29,1567.0,1810.0
lam4,9,int__tai20_15_07,1462,30,1714.0,1955.0
lam4,9,int__tai20_15_07,1462,31,1676.0,1941.0
lam4,9,int__tai20_15_07,1462,32,1613.0,1871.0
lam4,9,int__tai20_15_07,1462,33,1781.0,2020.0
lam4,9,int__tai20_15_07,1462,34,1582.0,1789.0
lam4,9,int__tai20_15_07,1462,35,1681.0,1944.0
lam4,9,int__tai20_15_07,1462,36,1739.0,2006.0
lam4,9,int__tai20_15_07,1462,37,1646.0,1860.0
lam4,9,int__tai20_15_07,1462,38,1667.0,1905.0
lam4,9,int__tai20_15_07,1462,39,1616.0,1844.0
lam4,9,int__tai20_15_07,1462,40,1758.0,2020.0
lam4,9,int__tai20_15_07,1462,41,1668.0,1937.0
lam4,9,int__tai20_15_07,1462,42,1735.0,1983.0
lam4,9,int__tai20_15_07,1462,43,1670.0,1925.0
lam4,9,int__tai20_15_07,1462,44,1717.0,1999.0
lam4,9,int__tai20_15_07,1462,45,1725.0,1976.0
lam4,9,int__tai20_15_07,1462,46,1720.0,1989.0
lam4,9,int__tai20_15_07,1462,47,1804.0,2070.0
lam4,9,int__tai20_15_07,1462,48,1646.0,1890.0
lam4,9,int__tai20_15_07,1462,49,1622.0,1847.0
lam4,9,int__tai20_15_07,1462,50,1644.0,1895.0
lam4,9,int__tai20_15_07,1462,51,1775.0,2030.0
lam4,9,int__tai20_15_07,1462,52,1649.0,1876.0
lam4,9,int__tai20_15_07,1462,53,1551.0,1760.0
lam4,9,int__tai20_15_07,1462,54,1592.0,1826.0
lam4,9,int__tai20_15_07,1462,55,1626.0,1855.0
lam4,9,int__tai20_15_07,1462,56,1569.0,1829.0
lam4,9,int__tai20_15_07,1462,57,1612.0,1867.0
lam4,9,int__tai20_15_07,1462,58,1618.0,1892.0
lam4,9,int__tai20_15_07,1462,59,1679.0,1871.0
lam4,9,int__tai20_15_07,1462,60,1856.0,2110.0
lam4,9,int__tai20_15_07,1462,61,1586.0,1814.0
lam4,9,int__tai20_15_07,1462,62,1616.0,1872.0
lam4,9,int__tai20_15_07,1462,63,1618.0,1830.0
lam4,9,int__tai20_15_08,1377,0,1588.0,1809.0
lam4,9,int__tai20_15_08,1377,1,1542.0,1732.0
lam4,9,int__tai20_15_08,1377,2,1574.0,1756.0
lam4,9,int__tai20_15_08,1377,3,1538.0,1756.0
lam4,9,int__tai20_15_08,1377,4,1638.0,1840.0
lam4,9,int__tai20_15_08,1377,5,1648.0,1816.0
lam4,9,int__tai20_15_08,1377,6,1608.0,1842.0
lam4,9,int__tai20_15_08,1377,7,1651.0,1863.0
lam4,9,int__tai20_15_08,1377,8,1618.0,1812.0
lam4,9,int__tai20_15_08,1377,9,1599.0,1839.0
lam4,9,int__tai20_15_08,1377,10,1579.0,1774.0
lam4,9,int__tai20_15_08,1377,11,1587.0,1825.0
lam4,9,int__tai20_15_08,1377,12,1657.0,1841.0
lam4,9,int__tai20_15_08,1377,13,1590.0,1771.0
lam4,9,int__tai20_15_08,1377,14,1525.0,1760.0
lam4,9,int__tai20_15_08,1377,15,1608.0,1835.0
lam4,9,int__tai20_15_08,1377,16,1582.0,1778.0
lam4,9,int__tai20_15_08,1377,17,1595.0,1818.0
lam4,9,int__tai20_15_08,1377,18,1556.0,1795.0
lam4,9,int__tai20_15_08,1377,19,1554.0,1777.0
lam4,9,int__tai20_15_08,1377,20,1585.0,1823.0
lam4,9,int__tai20_15_08,1377,21,1495.0,1710.0
lam4,9,int__tai20_15_08,1377,22,1610.0,1837.0
lam4,9,int__tai20_15_08,1377,23,1565.0,1761.0
lam4,9,int__tai20_15_08,1377,24,1518.0,1738.0
lam4,9,int__tai20_15_08,1377,25,1598.0,1821.0
lam4,9,int__tai20_15_08,1377,26,1607.0,1813.0
lam4,9,int__tai20_15_08,1377,27,1666.0,1873.0
lam4,9,int__tai20_15_08,1377,28,1620.0,1876.0
lam4,9,int__tai20_15_08,1377,29,1587.0,1788.0
lam4,9,int__tai20_15_08,1377,30,1559.0,1765.0
lam4,9,int__tai20_15_08,1377,31,1629.0,1830.0
lam4,9,int__tai20_15_08,1377,32,1624.0,1849.0
lam4,9,int__tai20_15_08,1377,33,1588.0,1818.0
lam4,9,int__tai20_15_08,1377,34,1586.0,1785.0
lam4,9,int__tai20_15_08,1377,35,1643.0,1864.0
lam4,9,int__tai20_15_08,1377,36,1551.0,1770.0
lam4,9,int__tai20_15_08,1377,37,1575.0,1802.0
lam4,9,int__tai20_15_08,1377,38,1554.0,1751.0
lam4,9,int__tai20_15_08,1377,39,1521.0,1754.0
lam4,9,int__tai20_15_08,1377,40,1613.0,1809.0
lam4,9,int__tai20_15_08,1377,41,1551.0,1752.0
lam4,9,int__tai20_15_08,1377,42,1572.0,1778.0
lam4,9,int__tai20_15_08,1377,43,1564.0,1765.0
lam4,9,int__tai20_15_08,1377,44,1566.0,1761.0
lam4,9,int__tai20_15_08,1377,45,1650.0,1864.0
lam4,9,int__tai20_15_08,1377,46,1600.0,1825.0
lam4,9,int__tai20_15_08,1377,47,1624.0,1862.0
lam4,9,int__tai20_15_08,1377,48,1531.0,1755.0
lam4,9,int__tai20_15_08,1377,49,1611.0,1819.0
lam4,9,int__tai20_15_08,1377,50,1500.0,1745.0
lam4,9,int__tai20_15_08,1377,51,1599.0,1808.0
lam4,9,int__tai20_15_08,1377,52,1571.0,1779.0
lam4,9,int__tai20_15_08,1377,53,1568.0,1801.0
lam4,9,int__tai20_15_08,1377,54,1649.0,1837.0
lam4,9,int__tai20_15_08,1377,55,1635.0,1844.0
lam4,9,int__tai20_15_08,1377,56,1571.0,1767.0
lam4,9,int__tai20_15_08,1377,57,1557.0,1754.0
lam4,9,int__tai20_15_08,1377,58,1547.0,1793.0
lam4,9,int__tai20_15_08,1377,59,1561.0,1777.0
lam4,9,int__tai20_15_08,1377,60,1567.0,1780.0
lam4,9,int__tai20_15_08,1377,61,1636.0,1820.0
lam4,9,int__tai20_15_08,1377,62,1621.0,1826.0
lam4,9,int__tai20_15_08,1377,63,1611.0,1837.0
lam4,9,int__tai20_15_09,1332,0,1395.0,1591.0
lam4,9,int__tai20_15_09,1332,1,1483.0,1666.0
lam4,9,int__tai20_15_09,1332,2,1484.0,1668.0
lam4,9,int__tai20_15_09,1332,3,1422.0,1624.0
lam4,9,int__tai20_15_09,1332,4,1527.0,1779.0
lam4,9,int__tai20_15_09,1332,5,1488.0,1690.0
lam4,9,int__tai20_15_09,1332,6,1524.0,1754.0
lam4,9,int__tai20_15_09,1332,7,1549.0,1827.0
lam4,9,int__tai20_15_09,1332,8,1489.0,1734.0
lam4,9,int__tai20_15_09,1332,9,1503.0,1761.0
lam4,9,int__tai20_15_09,1332,10,1425.0,1635.0
lam4,9,int__tai20_15_09,1332,11,1427.0,1593.0
lam4,9,int__tai20_15_09,1332,12,1414.0,1594.0
lam4,9,int__tai20_15_09,1332,13,1496.0,1688.0
lam4,9,int__tai20_15_09,1332,14,1413.0,1624.0
lam4,9,int__tai20_15_09,1332,15,1466.0,1647.0
lam4,9,int__tai20_15_09,1332,16,1411.0,1630.0
lam4,9,int__tai20_15_09,1332,17,1585.0,1818.0
lam4,9,int__tai20_15_09,1332,18,1508.0,1726.0
lam4,9,int__tai20_15_09,1332,19,1496.0,1713.0
lam4,9,int__tai20_15_09,1332,20,1533.0,1809.0
lam4,9,int__tai20_15_09,1332,21,1533.0,1749.0
lam4,9,int__tai20_15_09,1332,22,1524.0,1743.0
lam4,9,int__tai20_15_09,1332,23,1491.0,1664.0
lam4,9,int__tai20_15_09,1332,24,1450.0,1648.0
lam4,9,int__tai20_15_09,1332,25,1477.0,1672.0
lam4,9,int__tai20_15_09,1332,26,1499.0,1682.0
lam4,9,int__tai20_15_09,1332,27,1454.0,1659.0
lam4,9,int__tai20_15_09,1332,28,1443.0,1629.0
lam4,9,int__tai20_15_09,1332,29,1452.0,1690.0
lam4,9,int__tai20_15_09,1332,30,1450.0,1704.0
lam4,9,int__tai20_15_09,1332,31,1466.0,1674.0
lam4,9,int__tai20_15_09,1332,32,1483.0,1732.0
lam4,9,int__tai20_15_09,1332,33,1425.0,1604.0
lam4,9,int__tai20_15_09,1332,34,1463.0,1643.0
lam4,9,int__tai20_15_09,1332,35,1442.0,1646.0
lam4,9,int__tai20_15_09,1332,36,1537.0,1722.0
lam4,9,int__tai20_15_09,1332,37,1535.0,1788.0
lam4,9,int__tai20_15_09,1332,38,1454.0,1653.0
lam4,9,int__tai20_15_09,1332,39,1467.0,1679.0
lam4,9,int__tai20_15_09,1332,40,1411.0,1591.0
lam4,9,int__tai20_15_09,1332,41,1428.0,1642.0
lam4,9,int__tai20_15_09,1332,42,1499.0,1701.0
lam4,9,int__tai20_15_09,1332,43,1459.0,1694.0
lam4,9,int__tai20_15_09,1332,44,1477.0,1667.0
lam4,9,int__tai20_15_09,1332,45,1536.0,1826.0
lam4,9,int__tai20_15_09,1332,46,1456.0,1692.0
lam4,9,int__tai20_15_09,1332,47,1462.0,1671.0
lam4,9,int__tai20_15_09,1332,48,1562.0,1778.0
lam4,9,int__tai20_15_09,1332,49,1463.0,1696.0
lam4,9,int__tai20_15_09,1332,50,1523.0,1771.0
lam4,9,int__tai20_15_09,1332,51,1418.0,1645.0
lam4,9,int__tai20_15_09,1332,52,1427.0,1639.0
lam4,9,int__tai20_15_09,1332,53,1478.0,1699.0
lam4,9,int__tai20_15_09,1332,54,1485.0,1694.0
lam4,9,int__tai20_15_09,1332,55,1428.0,1678.0
lam4,9,int__tai20_15_09,1332,56,1464.0,1707.0
lam4,9,int__tai20_15_09,1332,57,1574.0,1758.0
lam4,9,int__tai20_15_09,1332,58,1438.0,1627.0
lam4,9,int__tai20_15_09,1332,59,1476.0,1733.0
lam4,9,int__tai20_15_09,1332,60,1484.0,1700.0
lam4,9,int__tai20_15_09,1332,61,1488.0,1698.0
lam4,9,int__tai20_15_09,1332,62,1417.0,1648.0
lam4,9,int__tai20_15_09,1332,63,1515.0,1695.0
lam4,9,int__tai20_15_10,1348,0,1473.0,1672.0
lam4,9,int__tai20_15_10,1348,1,1512.0,1767.0
lam4,9,int__tai20_15_10,1348,2,1540.0,1770.0
lam4,9,int__tai20_15_10,1348,3,1507.0,1739.0
lam4,9,int__tai20_15_10,1348,4,1452.0,1655.0
lam4,9,int__tai20_15_10,1348,5,1536.0,1753.0
lam4,9,int__tai20_15_10,1348,6,1607.0,1813.0
lam4,9,int__tai20_15_10,1348,7,1525.0,1757.0
lam4,9,int__tai20_15_10,1348,8,1484.0,1699.0
lam4,9,int__tai20_15_10,1348,9,1459.0,1693.0
lam4,9,int__tai20_15_10,1348,10,1540.0,1753.0
lam4,9,int__tai20_15_10,1348,11,1525.0,1744.0
lam4,9,int__tai20_15_10,1348,12,1588.0,1772.0
lam4,9,int__tai20_15_10,1348,13,1524.0,1750.0
lam4,9,int__tai20_15_10,1348,14,1589.0,1816.0
lam4,9,int__tai20_15_10,1348,15,1587.0,1830.0
lam4,9,int__tai20_15_10,1348,16,1463.0,1699.0
lam4,9,int__tai20_15_10,1348,17,1520.0,1742.0
lam4,9,int__tai20_15_10,1348,18,1474.0,1690.0
lam4,9,int__tai20_15_10,1348,19,1588.0,1814.0
lam4,9,int__tai20_15_10,1348,20,1536.0,1780.0
lam4,9,int__tai20_15_10,1348,21,1508.0,1707.0
lam4,9,int__tai20_15_10,1348,22,1537.0,1786.0
lam4,9,int__tai20_15_10,1348,23,1594.0,1779.0
lam4,9,int__tai20_15_10,1348,24,1526.0,1769.0
lam4,9,int__tai20_15_10,1348,25,1474.0,1719.0
lam4,9,int__tai20_15_10,1348,26,1567.0,1785.0
lam4,9,int__tai20_15_10,1348,27,1551.0,1775.0
lam4,9,int__tai20_15_10,1348,28,1520.0,1736.0
lam4,9,int__tai20_15_10,1348,29,1518.0,1748.0
lam4,9,int__tai20_15_10,1348,30,1570.0,1774.0
lam4,9,int__tai20_15_10,1348,31,1517.0,1757.0
lam4,9,int__tai20_15_10,1348,32,1531.0,1761.0
lam4,9,int__tai20_15_10,1348,33,1490.0,1698.0
lam4,9,int__tai20_15_10,1348,34,1506.0,1716.0
lam4,9,int__tai20_15_10,1348,35,1494.0,1705.0
lam4,9,int__tai20_15_10,1348,36,1478.0,1680.0
lam4,9,int__tai20_15_10,1348,37,1464.0,1672.0
lam4,9,int__tai20_15_10,1348,38,1520.0,1730.0
lam4,9,int__tai20_15_10,1348,39,1540.0,1796.0
lam4,9,int__tai20_15_10,1348,40,1573.0,1776.0
lam4,9,int__tai20_15_10,1348,41,1523.0,1749.0
lam4,9,int__tai20_15_10,1348,42,1507.0,1710.0
lam4,9,int__tai20_15_10,1348,43,1571.0,1785.0
lam4,9,int__tai20_15_10,1348,44,1453.0,1676.0
lam4,9,int__tai20_15_10,1348,45,1558.0,1753.0
lam4,9,int__tai20_15_10,1348,46,1487.0,1711.0
lam4,9,int__tai20_15_10,1348,47,1525.0,1741.0
lam4,9,int__tai20_15_10,1348,48,1599.0,1794.0
lam4,9,int__tai20_15_10,1348,49,1667.0,1871.0
lam4,9,int__tai20_15_10,1348,50,1405.0,1625.0
lam4,9,int__tai20_15_10,1348,51,1476.0,1704.0
lam4,9,int__tai20_15_10,1348,52,1491.0,1728.0
lam4,9,int__tai20_15_10,1348,53,1524.0,1739.0
lam4,9,int__tai20_15_10,1348,54,1534.0,1772.0
lam4,9,int__tai20_15_10,1348,55,1486.0,1678.0
lam4,9,int__tai20_15_10,1348,56,1516.0,1707.0
lam4,9,int__tai20_15_10,1348,57,1629.0,1843.0
lam4,9,int__tai20_15_10,1348,58,1552.0,1804.0
lam4,9,int__tai20_15_10,1348,59,1530.0,1732.0
lam4,9,int__tai20_15_10,1348,60,1522.0,1702.0
lam4,9,int__tai20_15_10,1348,61,1451.0,1663.0
lam4,9,int__tai20_15_10,1348,62,1515.0,1730.0
lam4,9,int__tai20_15_10,1348,63,1562.0,1766.0
