arm,seed,instance,lb,sample_idx,lower,upper
base,6,int__tai20_15_05,1339,0,1510.0,1751.0
base,6,int__tai20_15_05,1339,1,1608.0,1804.0
base,6,int__tai20_15_05,1339,2,1556.0,1767.0
base,6,int__tai20_15_05,1339,3,1563.0,1789.0
base,6,int__tai20_15_05,1339,4,1507.0,1716.0
base,6,int__tai20_15_05,1339,5,1520.0,1716.0
base,6,int__tai20_15_05,1339,6,1533.0,1745.0
base,6,int__tai20_15_05,1339,7,1574.0,1742.0
base,6,int__tai20_15_05,1339,8,1507.0,1691.0
base,6,int__tai20_15_05,1339,9,1584.0,1760.0
base,6,int__tai20_15_05,1339,10,1536.0,1808.0
base,6,int__tai20_15_05,1339,11,1497.0,1708.0
base,6,int__tai20_15_05,1339,12,1559.0,1777.0
base,6,int__tai20_15_05,1339,13,1658.0,1870.0
base,6,int__tai20_15_05,1339,14,1614.0,1777.0
base,6,int__tai20_15_05,1339,15,1506.0,1719.0
base,6,int__tai20_15_05,1339,16,1564.0,1818.0
base,6,int__tai20_15_05,1339,17,1622.0,1862.0
base,6,int__tai20_15_05,1339,18,1525.0,1719.0
base,6,int__tai20_15_05,1339,19,1511.0,1730.0
base,6,int__tai20_15_05,1339,20,1608.0,1810.0
base,6,int__tai20_15_05,1339,21,1578.0,1784.0
base,6,int__tai20_15_05,1339,22,1484.0,1685.0
base,6,int__tai20_15_05,1339,23,1561.0,1769.0
base,6,int__tai20_15_05,1339,24,1501.0,1714.0
base,6,int__tai20_15_05,1339,25,1513.0,1697.0
base,6,int__tai20_15_05,1339,26,1541.0,1750.0
base,6,int__tai20_15_05,1339,27,1531.0,1763.0
base,6,int__tai20_15_05,1339,28,1581.0,1791.0
base,6,int__tai20_15_05,1339,29,1582.0,1792.0
base,6,int__tai20_15_05,1339,30,1571.0,1801.0
base,6,int__tai20_15_05,1339,31,1564.0,1780.0
base,6,int__tai20_15_05,1339,32,1547.0,1783.0
base,6,int__tai20_15_05,1339,33,1431.0,1659.0
base,6,int__tai20_15_05,1339,34,1494.0,1760.0
base,6,int__tai20_15_05,1339,35,1551.0,1782.0
base,6,int__tai20_15_05,1339,36,1533.0,1748.0
base,6,int__tai20_15_05,1339,37,1554.0,1789.0
base,6,int__tai20_15_05,1339,38,1620.0,1813.0
base,6,int__tai20_15_05,1339,39,1488.0,1708.0
base,6,int__tai20_15_05,1339,40,1520.0,1719.0
base,6,int__tai20_15_05,1339,41,1580.0,1806.0
base,6,int__tai20_15_05,1339,42,1512.0,1710.0
base,6,int__tai20_15_05,1339,43,1482.0,1664.0
base,6,int__tai20_15_05,1339,44,1519.0,1719.0
base,6,int__tai20_15_05,1339,45,1500.0,1693.0
base,6,int__tai20_15_05,1339,46,1583.0,1807.0
base,6,int__tai20_15_05,1339,47,1474.0,1702.0
base,6,int__tai20_15_05,1339,48,1466.0,1636.0
base,6,int__tai20_15_05,1339,49,1522.0,1750.0
base,6,int__tai20_15_05,1339,50,1613.0,1805.0
base,6,int__tai20_15_05,1339,51,1499.0,1737.0
base,6,int__tai20_15_05,1339,52,1579.0,1800.0
base,6,int__tai20_15_05,1339,53,1501.0,1735.0
base,6,int__tai20_15_05,1339,54,1498.0,1676.0
base,6,int__tai20_15_05,1339,55,1473.0,1718.0
base,6,int__tai20_15_05,1339,56,1651.0,1855.0
base,6,int__tai20_15_05,1339,57,1534.0,1708.0
base,6,int__tai20_15_05,1339,58,1532.0,1740.0
base,6,int__tai20_15_05,1339,59,1515.0,1743.0
base,6,int__tai20_15_05,1339,60,1618.0,1856.0
base,6,int__tai20_15_05,1339,61,1567.0,1809.0
base,6,int__tai20_15_05,1339,62,1585.0,1793.0
base,6,int__tai20_15_05,1339,63,1501.0,1716.0
base,6,int__tai20_15_06,1360,0,1491.0,1735.0
base,6,int__tai20_15_06,1360,1,1562.0,1792.0
base,6,int__tai20_15_06,1360,2,1507.0,1740.0
base,6,int__tai20_15_06,1360,3,1579.0,1834.0
base,6,int__tai20_15_06,1360,4,1620.0,1879.0
base,6,int__tai20_15_06,1360,5,1613.0,1844.0
base,6,int__tai20_15_06,1360,6,1452.0,1672.0
base,6,int__tai20_15_06,1360,7,1545.0,1800.0
base,6,int__tai20_15_06,1360,8,1509.0,1702.0
base,6,int__tai20_15_06,1360,9,1501.0,1729.0
base,6,int__tai20_15_06,1360,10,1453.0,1708.0
base,6,int__tai20_15_06,1360,11,1659.0,1867.0
base,6,int__tai20_15_06,1360,12,1475.0,1759.0
base,6,int__tai20_15_06,1360,13,1520.0,1721.0
base,6,int__tai20_15_06,1360,14,1480.0,1699.0
base,6,int__tai20_15_06,1360,15,1502.0,1763.0
base,6,int__tai20_15_06,1360,16,1552.0,1810.0
base,6,int__tai20_15_06,1360,17,1483.0,1704.0
base,6,int__tai20_15_06,1360,18,1459.0,1696.0
base,6,int__tai20_15_06,1360,19,1505.0,1721.0
base,6,int__tai20_15_06,1360,20,1663.0,1947.0
base,6,int__tai20_15_06,1360,21,1448.0,1681.0
base,6,int__tai20_15_06,1360,22,1574.0,1818.0
base,6,int__tai20_15_06,1360,23,1532.0,1768.0
base,6,int__tai20_15_06,1360,24,1489.0,1727.0
base,6,int__tai20_15_06,1360,25,1508.0,1774.0
base,6,int__tai20_15_06,1360,26,1540.0,1759.0
base,6,int__tai20_15_06,1360,27,1588.0,1815.0
base,6,int__tai20_15_06,1360,28,1419.0,1652.0
base,6,int__tai20_15_06,1360,29,1543.0,1779.0
base,6,int__tai20_15_06,1360,30,1520.0,1757.0
base,6,int__tai20_15_06,1360,31,1515.0,1737.0
base,6,int__tai20_15_06,1360,32,1600.0,1836.0
base,6,int__tai20_15_06,1360,33,1552.0,1793.0
base,6,int__tai20_15_06,1360,34,1489.0,1702.0
base,6,int__tai20_15_06,1360,35,1471.0,1687.0
base,6,int__tai20_15_06,1360,36,1533.0,1807.0
base,6,int__tai20_15_06,1360,37,1475.0,1670.0
base,6,int__tai20_15_06,1360,38,1509.0,1699.0
base,6,int__tai20_15_06,1360,39,1473.0,1716.0
base,6,int__tai20_15_06,1360,40,1512.0,1719.0
base,6,int__tai20_15_06,1360,41,1545.0,1796.0
base,6,int__tai20_15_06,1360,42,1518.0,1741.0
base,6,int__tai20_15_06,1360,43,1468.0,1644.0
base,6,int__tai20_15_06,1360,44,1469.0,1737.0
base,6,int__tai20_15_06,1360,45,1481.0,1704.0
base,6,int__tai20_15_06,1360,46,1500.0,1703.0
base,6,int__tai20_15_06,1360,47,1566.0,1784.0
base,6,int__tai20_15_06,1360,48,1457.0,1699.0
base,6,int__tai20_15_06,1360,49,1677.0,1905.0
base,6,int__tai20_15_06,1360,50,1533.0,1761.0
base,6,int__tai20_15_06,1360,51,1526.0,1757.0
base,6,int__tai20_15_06,1360,52,1464.0,1671.0
base,6,int__tai20_15_06,1360,53,1548.0,1784.0
base,6,int__tai20_15_06,1360,54,1397.0,1640.0
base,6,int__tai20_15_06,1360,55,1602.0,1858.0
base,6,int__tai20_15_06,1360,56,1511.0,1738.0
base,6,int__tai20_15_06,1360,57,1498.0,1744.0
base,6,int__tai20_15_06,1360,58,1582.0,1829.0
base,6,int__tai20_15_06,1360,59,1466.0,1718.0
base,6,int__tai20_15_06,1360,60,1571.0,1798.0
base,6,int__tai20_15_06,1360,61,1515.0,1775.0
base,6,int__tai20_15_06,1360,62,1586.0,1846.0
base,6,int__tai20_15_06,1360,63,1532.0,1774.0
base,6,int__tai20_15_07,1462,0,1647.0,1881.0
base,6,int__tai20_15_07,1462,1,1630.0,1882.0
base,6,int__tai20_15_07,1462,2,1553.0,1811.0
base,6,int__tai20_15_07,1462,3,1638.0,1906.0
base,6,int__tai20_15_07,1462,4,1558.0,1798.0
base,6,int__tai20_15_07,1462,5,1658.0,1882.0
base,6,int__tai20_15_07,1462,6,1619.0,1857.0
base,6,int__tai20_15_07,1462,7,1617.0,1889.0
base,6,int__tai20_15_07,1462,8,1564.0,1807.0
base,6,int__tai20_15_07,1462,9,1618.0,1846.0
base,6,int__tai20_15_07,1462,10,1591.0,1816.0
base,6,int__tai20_15_07,1462,11,1658.0,1908.0
base,6,int__tai20_15_07,1462,12,1551.0,1809.0
base,6,int__tai20_15_07,1462,13,1653.0,1901.0
base,6,int__tai20_15_07,1462,14,1595.0,1815.0
base,6,int__tai20_15_07,1462,15,1622.0,1870.0
base,6,int__tai20_15_07,1462,16,1597.0,1833.0
base,6,int__tai20_15_07,1462,17,1619.0,1882.0
base,6,int__tai20_15_07,1462,18,1600.0,1843.0
base,6,int__tai20_15_07,1462,19,1675.0,1957.0
base,6,int__tai20_15_07,1462,20,1597.0,1795.0
base,6,int__tai20_15_07,1462,21,1635.0,1866.0
base,6,int__tai20_15_07,1462,22,1597.0,1843.0
base,6,int__tai20_15_07,1462,23,1653.0,1911.0
base,6,int__tai20_15_07,1462,24,1601.0,1863.0
base,6,int__tai20_15_07,1462,25,1649.0,1895.0
base,6,int__tai20_15_07,1462,26,1648.0,1876.0
base,6,int__tai20_15_07,1462,27,1582.0,1825.0
base,6,int__tai20_15_07,1462,28,1624.0,1868.0
base,6,int__tai20_15_07,1462,29,1583.0,1855.0
base,6,int__tai20_15_07,1462,30,1535.0,1798.0
base,6,int__tai20_15_07,1462,31,1593.0,1833.0
base,6,int__tai20_15_07,1462,32,1666.0,1937.0
base,6,int__tai20_15_07,1462,33,1560.0,1801.0
base,6,int__tai20_15_07,1462,34,1612.0,1858.0
base,6,int__tai20_15_07,1462,35,1593.0,1824.0
base,6,int__tai20_15_07,1462,36,1647.0,1881.0
base,6,int__tai20_15_07,1462,37,1688.0,1970.0
base,6,int__tai20_15_07,1462,38,1665.0,1901.0
base,6,int__tai20_15_07,1462,39,1748.0,1987.0
base,6,int__tai20_15_07,1462,40,1589.0,1863.0
base,6,int__tai20_15_07,1462,41,1610.0,1839.0
base,6,int__tai20_15_07,1462,42,1693.0,1926.0
base,6,int__tai20_15_07,1462,43,1649.0,1901.0
base,6,int__tai20_15_07,1462,44,1680.0,1962.0
base,6,int__tai20_15_07,1462,45,1624.0,1891.0
base,6,int__tai20_15_07,1462,46,1590.0,1838.0
base,6,int__tai20_15_07,1462,47,1691.0,1939.0
base,6,int__tai20_15_07,1462,48,1655.0,1897.0
base,6,int__tai20_15_07,1462,49,1635.0,1860.0
base,6,int__tai20_15_07,1462,50,1734.0,2004.0
base,6,int__tai20_15_07,1462,51,1593.0,1845.0
base,6,int__tai20_15_07,1462,52,1629.0,1902.0
base,6,int__tai20_15_07,1462,53,1733.0,1943.0
base,6,int__tai20_15_07,1462,54,1651.0,1892.0
base,6,int__tai20_15_07,1462,55,1580.0,1821.0
base,6,int__tai20_15_07,1462,56,1573.0,1842.0
base,6,int__tai20_15_07,1462,57,1581.0,1871.0
base,6,int__tai20_15_07,1462,58,1556.0,1766.0
base,6,int__tai20_15_07,1462,59,1581.0,1819.0
base,6,int__tai20_15_07,1462,60,1686.0,1942.0
base,6,int__tai20_15_07,1462,61,1651.0,1897.0
base,6,int__tai20_15_07,1462,62,1638.0,1912.0
base,6,int__tai20_15_07,1462,63,1680.0,1937.0
base,6,int__tai20_15_08,1377,0,1511.0,1734.0
base,6,int__tai20_15_08,1377,1,1585.0,1804.0
base,6,int__tai20_15_08,1377,2,1615.0,1825.0
base,6,int__tai20_15_08,1377,3,1518.0,1737.0
base,6,int__tai20_15_08,1377,4,1596.0,1789.0
base,6,int__tai20_15_08,1377,5,1533.0,1749.0
base,6,int__tai20_15_08,1377,6,1578.0,1786.0
base,6,int__tai20_15_08,1377,7,1509.0,1748.0
base,6,int__tai20_15_08,1377,8,1584.0,1788.0
base,6,int__tai20_15_08,1377,9,1620.0,1808.0
base,6,int__tai20_15_08,1377,10,1526.0,1746.0
base,6,int__tai20_15_08,1377,11,1542.0,1737.0
base,6,int__tai20_15_08,1377,12,1570.0,1796.0
base,6,int__tai20_15_08,1377,13,1580.0,1758.0
base,6,int__tai20_15_08,1377,14,1591.0,1778.0
base,6,int__tai20_15_08,1377,15,1539.0,1730.0
base,6,int__tai20_15_08,1377,16,1600.0,1818.0
base,6,int__tai20_15_08,1377,17,1536.0,1793.0
base,6,int__tai20_15_08,1377,18,1560.0,1799.0
base,6,int__tai20_15_08,1377,19,1604.0,1802.0
base,6,int__tai20_15_08,1377,20,1506.0,1730.0
base,6,int__tai20_15_08,1377,21,1549.0,1767.0
base,6,int__tai20_15_08,1377,22,1551.0,1739.0
base,6,int__tai20_15_08,1377,23,1608.0,1849.0
base,6,int__tai20_15_08,1377,24,1534.0,1759.0
base,6,int__tai20_15_08,1377,25,1592.0,1808.0
base,6,int__tai20_15_08,1377,26,1591.0,1790.0
base,6,int__tai20_15_08,1377,27,1624.0,1837.0
base,6,int__tai20_15_08,1377,28,1588.0,1816.0
base,6,int__tai20_15_08,1377,29,1535.0,1733.0
base,6,int__tai20_15_08,1377,30,1681.0,1882.0
base,6,int__tai20_15_08,1377,31,1539.0,1770.0
base,6,int__tai20_15_08,1377,32,1544.0,1748.0
base,6,int__tai20_15_08,1377,33,1612.0,1862.0
base,6,int__tai20_15_08,1377,34,1526.0,1738.0
base,6,int__tai20_15_08,1377,35,1552.0,1774.0
base,6,int__tai20_15_08,1377,36,1601.0,1759.0
base,6,int__tai20_15_08,1377,37,1506.0,1745.0
base,6,int__tai20_15_08,1377,38,1601.0,1820.0
base,6,int__tai20_15_08,1377,39,1511.0,1744.0
base,6,int__tai20_15_08,1377,40,1561.0,1766.0
base,6,int__tai20_15_08,1377,41,1524.0,1717.0
base,6,int__tai20_15_08,1377,42,1622.0,1858.0
base,6,int__tai20_15_08,1377,43,1536.0,1748.0
base,6,int__tai20_15_08,1377,44,1580.0,1807.0
base,6,int__tai20_15_08,1377,45,1601.0,1833.0
base,6,int__tai20_15_08,1377,46,1556.0,1751.0
base,6,int__tai20_15_08,1377,47,1634.0,1866.0
base,6,int__tai20_15_08,1377,48,1557.0,1782.0
base,6,int__tai20_15_08,1377,49,1584.0,1802.0
base,6,int__tai20_15_08,1377,50,1603.0,1807.0
base,6,int__tai20_15_08,1377,51,1534.0,1735.0
base,6,int__tai20_15_08,1377,52,1595.0,1789.0
base,6,int__tai20_15_08,1377,53,1614.0,1832.0
base,6,int__tai20_15_08,1377,54,1620.0,1838.0
base,6,int__tai20_15_08,1377,55,1512.0,1731.0
base,6,int__tai20_15_08,1377,56,1589.0,1813.0
base,6,int__tai20_15_08,1377,57,1587.0,1757.0
base,6,int__tai20_15_08,1377,58,1685.0,1875.0
base,6,int__tai20_15_08,1377,59,1503.0,1695.0
base,6,int__tai20_15_08,1377,60,1539.0,1723.0
base,6,int__tai20_15_08,1377,61,1588.0,1820.0
base,6,int__tai20_15_08,1377,62,1590.0,1778.0
base,6,int__tai20_15_08,1377,63,1610.0,1848.0
base,6,int__tai20_15_09,1332,0,1436.0,1664.0
base,6,int__tai20_15_09,1332,1,1497.0,1720.0
base,6,int__tai20_15_09,1332,2,1518.0,1732.0
base,6,int__tai20_15_09,1332,3,1560.0,1748.0
base,6,int__tai20_15_09,1332,4,1512.0,1743.0
base,6,int__tai20_15_09,1332,5,1474.0,1655.0
base,6,int__tai20_15_09,1332,6,1506.0,1718.0
base,6,int__tai20_15_09,1332,7,1460.0,1676.0
base,6,int__tai20_15_09,1332,8,1465.0,1662.0
base,6,int__tai20_15_09,1332,9,1427.0,1646.0
base,6,int__tai20_15_09,1332,10,1444.0,1668.0
base,6,int__tai20_15_09,1332,11,1469.0,1698.0
base,6,int__tai20_15_09,1332,12,1466.0,1730.0
base,6,int__tai20_15_09,1332,13,1567.0,1777.0
base,6,int__tai20_15_09,1332,14,1457.0,1671.0
base,6,int__tai20_15_09,1332,15,1495.0,1693.0
base,6,int__tai20_15_09,1332,16,1493.0,1688.0
base,6,int__tai20_15_09,1332,17,1441.0,1629.0
base,6,int__tai20_15_09,1332,18,1488.0,1712.0
base,6,int__tai20_15_09,1332,19,1485.0,1691.0
base,6,int__tai20_15_09,1332,20,1465.0,1666.0
base,6,int__tai20_15_09,1332,21,1552.0,1728.0
base,6,int__tai20_15_09,1332,22,1516.0,1715.0
base,6,int__tai20_15_09,1332,23,1435.0,1631.0
base,6,int__tai20_15_09,1332,24,1556.0,1718.0
base,6,int__tai20_15_09,1332,25,1468.0,1721.0
base,6,int__tai20_15_09,1332,26,1514.0,1703.0
base,6,int__tai20_15_09,1332,27,1479.0,1650.0
base,6,int__tai20_15_09,1332,28,1460.0,1683.0
base,6,int__tai20_15_09,1332,29,1458.0,1666.0
base,6,int__tai20_15_09,1332,30,1424.0,1654.0
base,6,int__tai20_15_09,1332,31,1498.0,1728.0
base,6,int__tai20_15_09,1332,32,1453.0,1714.0
base,6,int__tai20_15_09,1332,33,1508.0,1645.0
base,6,int__tai20_15_09,1332,34,1506.0,1781.0
base,6,int__tai20_15_09,1332,35,1450.0,1684.0
base,6,int__tai20_15_09,1332,36,1519.0,1740.0
base,6,int__tai20_15_09,1332,37,1530.0,1712.0
base,6,int__tai20_15_09,1332,38,1448.0,1672.0
base,6,int__tai20_15_09,1332,39,1461.0,1672.0
base,6,int__tai20_15_09,1332,40,1463.0,1685.0
base,6,int__tai20_15_09,1332,41,1527.0,1780.0
base,6,int__tai20_15_09,1332,42,1438.0,1624.0
base,6,int__tai20_15_09,1332,43,1485.0,1701.0
base,6,int__tai20_15_09,1332,44,1482.0,1681.0
base,6,int__tai20_15_09,1332,45,1566.0,1780.0
base,6,int__tai20_15_09,1332,46,1423.0,1668.0
base,6,int__tai20_15_09,1332,47,1467.0,1706.0
base,6,int__tai20_15_09,1332,48,1569.0,1789.0
base,6,int__tai20_15_09,1332,49,1541.0,1740.0
base,6,int__tai20_15_09,1332,50,1459.0,1683.0
base,6,int__tai20_15_09,1332,51,1494.0,1709.0
base,6,int__tai20_15_09,1332,52,1547.0,1791.0
base,6,int__tai20_15_09,1332,53,1542.0,1770.0
base,6,int__tai20_15_09,1332,54,1573.0,1780.0
base,6,int__tai20_15_09,1332,55,1486.0,1689.0
base,6,int__tai20_15_09,1332,56,1441.0,1706.0
base,6,int__tai20_15_09,1332,57,1423.0,1625.0
base,6,int__tai20_15_09,1332,58,1472.0,1693.0
base,6,int__tai20_15_09,1332,59,1477.0,1701.0
base,6,int__tai20_15_09,1332,60,1501.0,1720.0
base,6,int__tai20_15_09,1332,61,1568.0,1752.0
base,6,int__tai20_15_09,1332,62,1481.0,1757.0
base,6,int__tai20_15_09,1332,63,1497.0,1717.0
base,6,int__tai20_15_10,1348,0,1495.0,1714.0
base,6,int__tai20_15_10,1348,1,1507.0,1698.0
base,6,int__tai20_15_10,1348,2,1554.0,1752.0
base,6,int__tai20_15_10,1348,3,1469.0,1687.0
base,6,int__tai20_15_10,1348,4,1537.0,1760.0
base,6,int__tai20_15_10,1348,5,1474.0,1691.0
base,6,int__tai20_15_10,1348,6,1627.0,1817.0
base,6,int__tai20_15_10,1348,7,1474.0,1680.0
base,6,int__tai20_15_10,1348,8,1497.0,1699.0
base,6,int__tai20_15_10,1348,9,1486.0,1696.0
base,6,int__tai20_15_10,1348,10,1513.0,1725.0
base,6,int__tai20_15_10,1348,11,1521.0,1723.0
base,6,int__tai20_15_10,1348,12,1490.0,1677.0
base,6,int__tai20_15_10,1348,13,1471.0,1672.0
base,6,int__tai20_15_10,1348,14,1472.0,1639.0
base,6,int__tai20_15_10,1348,15,1538.0,1802.0
base,6,int__tai20_15_10,1348,16,1486.0,1694.0
base,6,int__tai20_15_10,1348,17,1471.0,1683.0
base,6,int__tai20_15_10,1348,18,1616.0,1818.0
base,6,int__tai20_15_10,1348,19,1446.0,1675.0
base,6,int__tai20_15_10,1348,20,1542.0,1773.0
base,6,int__tai20_15_10,1348,21,1461.0,1682.0
base,6,int__tai20_15_10,1348,22,1464.0,1675.0
base,6,int__tai20_15_10,1348,23,1489.0,1721.0
base,6,int__tai20_15_10,1348,24,1477.0,1707.0
base,6,int__tai20_15_10,1348,25,1430.0,1657.0
base,6,int__tai20_15_10,1348,26,1509.0,1723.0
base,6,int__tai20_15_10,1348,27,1494.0,1713.0
base,6,int__tai20_15_10,1348,28,1467.0,1673.0
base,6,int__tai20_15_10,1348,29,1443.0,1704.0
base,6,int__tai20_15_10,1348,30,1481.0,1645.0
base,6,int__tai20_15_10,1348,31,1491.0,1728.0
base,6,int__tai20_15_10,1348,32,1483.0,1700.0
base,6,int__tai20_15_10,1348,33,1456.0,1663.0
base,6,int__tai20_15_10,1348,34,1493.0,1703.0
base,6,int__tai20_15_10,1348,35,1513.0,1711.0
base,6,int__tai20_15_10,1348,36,1486.0,1704.0
base,6,int__tai20_15_10,1348,37,1492.0,1737.0
base,6,int__tai20_15_10,1348,38,1534.0,1775.0
base,6,int__tai20_15_10,1348,39,1507.0,1712.0
base,6,int__tai20_15_10,1348,40,1567.0,1771.0
base,6,int__tai20_15_10,1348,41,1484.0,1688.0
base,6,int__tai20_15_10,1348,42,1577.0,1802.0
base,6,int__tai20_15_10,1348,43,1507.0,1710.0
base,6,int__tai20_15_10,1348,44,1609.0,1803.0
base,6,int__tai20_15_10,1348,45,1574.0,1761.0
base,6,int__tai20_15_10,1348,46,1490.0,1718.0
base,6,int__tai20_15_10,1348,47,1524.0,1747.0
base,6,int__tai20_15_10,1348,48,1635.0,1886.0
base,6,int__tai20_15_10,1348,49,1466.0,1668.0
base,6,int__tai20_15_10,1348,50,1412.0,1643.0
base,6,int__tai20_15_10,1348,51,1458.0,1686.0
base,6,int__tai20_15_10,1348,52,1450.0,1689.0
base,6,int__tai20_15_10,1348,53,1503.0,1717.0
base,6,int__tai20_15_10,1348,54,1464.0,1679.0
base,6,int__tai20_15_10,1348,55,1513.0,1697.0
base,6,int__tai20_15_10,1348,56,1540.0,1718.0
base,6,int__tai20_15_10,1348,57,1483.0,1713.0
base,6,int__tai20_15_10,1348,58,1502.0,1702.0
base,6,int__tai20_15_10,1348,59,1537.0,1731.0
base,6,int__tai20_15_10,1348,60,1538.0,1764.0
base,6,int__tai20_15_10,1348,61,1494.0,1688.0
base,6,int__tai20_15_10,1348,62,1505.0,1726.0
base,6,int__tai20_15_10,1348,63,1529.0,1733.0
lam0p5,5,int__tai20_15_05,1339,0,1488.0,1685.0
lam0p5,5,int__tai20_15_05,1339,1,1491.0,1740.0
lam0p5,5,int__tai20_15_05,1339,2,1536.0,1750.0
lam0p5,5,int__tai20_15_05,1339,3,1566.0,1797.0
lam0p5,5,int__tai20_15_05,1339,4,1472.0,1666.0
lam0p5,5,int__tai20_15_05,1339,5,1407.0,1611.0
lam0p5,5,int__tai20_15_05,1339,6,1465.0,1685.0
lam0p5,5,int__tai20_15_05,1339,7,1471.0,1665.0
lam0p5,5,int__tai20_15_05,1339,8,1527.0,1742.0
lam0p5,5,int__tai20_15_05,1339,9,1468.0,1696.0
lam0p5,5,int__tai20_15_05,1339,10,1601.0,1852.0
lam0p5,5,int__tai20_15_05,1339,11,1566.0,1780.0
lam0p5,5,int__tai20_15_05,1339,12,1497.0,1698.0
lam0p5,5,int__tai20_15_05,1339,13,1472.0,1661.0
lam0p5,5,int__tai20_15_05,1339,14,1408.0,1599.0
lam0p5,5,int__tai20_15_05,1339,15,1442.0,1669.0
lam0p5,5,int__tai20_15_05,1339,16,1528.0,1724.0
lam0p5,5,int__tai20_15_05,1339,17,1578.0,1779.0
lam0p5,5,int__tai20_15_05,1339,18,1480.0,1679.0
lam0p5,5,int__tai20_15_05,1339,19,1545.0,1761.0
lam0p5,5,int__tai20_15_05,1339,20,1515.0,1722.0
lam0p5,5,int__tai20_15_05,1339,21,1451.0,1644.0
lam0p5,5,int__tai20_15_05,1339,22,1536.0,1718.0
lam0p5,5,int__tai20_15_05,1339,23,1544.0,1739.0
lam0p5,5,int__tai20_15_05,1339,24,1501.0,1699.0
lam0p5,5,int__tai20_15_05,1339,25,1461.0,1665.0
lam0p5,5,int__tai20_15_05,1339,26,1507.0,1693.0
lam0p5,5,int__tai20_15_05,1339,27,1460.0,1638.0
lam0p5,5,int__tai20_15_05,1339,28,1454.0,1629.0
lam0p5,5,int__tai20_15_05,1339,29,1435.0,1680.0
lam0p5,5,int__tai20_15_05,1339,30,1556.0,1759.0
lam0p5,5,int__tai20_15_05,1339,31,1455.0,1662.0
lam0p5,5,int__tai20_15_05,1339,32,1547.0,1745.0
lam0p5,5,int__tai20_15_05,1339,33,1473.0,1656.0
lam0p5,5,int__tai20_15_05,1339,34,1541.0,1751.0
lam0p5,5,int__tai20_15_05,1339,35,1579.0,1768.0
lam0p5,5,int__tai20_15_05,1339,36,1506.0,1701.0
lam0p5,5,int__tai20_15_05,1339,37,1483.0,1668.0
lam0p5,5,int__tai20_15_05,1339,38,1552.0,1766.0
lam0p5,5,int__tai20_15_05,1339,39,1545.0,1748.0
lam0p5,5,int__tai20_15_05,1339,40,1548.0,1766.0
lam0p5,5,int__tai20_15_05,1339,41,1476.0,1691.0
lam0p5,5,int__tai20_15_05,1339,42,1477.0,1678.0
lam0p5,5,int__tai20_15_05,1339,43,1510.0,1717.0
lam0p5,5,int__tai20_15_05,1339,44,1473.0,1675.0
lam0p5,5,int__tai20_15_05,1339,45,1552.0,1771.0
lam0p5,5,int__tai20_15_05,1339,46,1505.0,1720.0
lam0p5,5,int__tai20_15_05,1339,47,1575.0,1778.0
lam0p5,5,int__tai20_15_05,1339,48,1505.0,1683.0
lam0p5,5,int__tai20_15_05,1339,49,1522.0,1742.0
lam0p5,5,int__tai20_15_05,1339,50,1513.0,1721.0
lam0p5,5,int__tai20_15_05,1339,51,1559.0,1758.0
lam0p5,5,int__tai20_15_05,1339,52,1479.0,1646.0
lam0p5,5,int__tai20_15_05,1339,53,1460.0,1704.0
lam0p5,5,int__tai20_15_05,1339,54,1565.0,1744.0
lam0p5,5,int__tai20_15_05,1339,55,1502.0,1712.0
lam0p5,5,int__tai20_15_05,1339,56,1583.0,1776.0
lam0p5,5,int__tai20_15_05,1339,57,1453.0,1651.0
lam0p5,5,int__tai20_15_05,1339,58,1519.0,1749.0
lam0p5,5,int__tai20_15_05,1339,59,1532.0,1744.0
lam0p5,5,int__tai20_15_05,1339,60,1524.0,1706.0
lam0p5,5,int__tai20_15_05,1339,61,1537.0,1743.0
lam0p5,5,int__tai20_15_05,1339,62,1476.0,1663.0
lam0p5,5,int__tai20_15_05,1339,63,1624.0,1804.0
lam0p5,5,int__tai20_15_06,1360,0,1515.0,1745.0
lam0p5,5,int__tai20_15_06,1360,1,1442.0,1707.0
lam0p5,5,int__tai20_15_06,1360,2,1527.0,1786.0
lam0p5,5,int__tai20_15_06,1360,3,1524.0,1760.0
lam0p5,5,int__tai20_15_06,1360,4,1466.0,1742.0
lam0p5,5,int__tai20_15_06,1360,5,1519.0,1783.0
lam0p5,5,int__tai20_15_06,1360,6,1485.0,1685.0
lam0p5,5,int__tai20_15_06,1360,7,1461.0,1711.0
lam0p5,5,int__tai20_15_06,1360,8,1471.0,1738.0
lam0p5,5,int__tai20_15_06,1360,9,1552.0,1815.0
lam0p5,5,int__tai20_15_06,1360,10,1591.0,1862.0
lam0p5,5,int__tai20_15_06,1360,11,1480.0,1693.0
lam0p5,5,int__tai20_15_06,1360,12,1446.0,1714.0
lam0p5,5,int__tai20_15_06,1360,13,1467.0,1715.0
lam0p5,5,int__tai20_15_06,1360,14,1549.0,1774.0
lam0p5,5,int__tai20_15_06,1360,15,1519.0,1791.0
lam0p5,5,int__tai20_15_06,1360,16,1463.0,1679.0
lam0p5,5,int__tai20_15_06,1360,17,1534.0,1740.0
lam0p5,5,int__tai20_15_06,1360,18,1524.0,1735.0
lam0p5,5,int__tai20_15_06,1360,19,1504.0,1714.0
lam0p5,5,int__tai20_15_06,1360,20,1424.0,1687.0
lam0p5,5,int__tai20_15_06,1360,21,1500.0,1730.0
lam0p5,5,int__tai20_15_06,1360,22,1511.0,1767.0
lam0p5,5,int__tai20_15_06,1360,23,1507.0,1754.0
lam0p5,5,int__tai20_15_06,1360,24,1459.0,1699.0
lam0p5,5,int__tai20_15_06,1360,25,1456.0,1683.0
lam0p5,5,int__tai20_15_06,1360,26,1525.0,1787.0
lam0p5,5,int__tai20_15_06,1360,27,1509.0,1749.0
lam0p5,5,int__tai20_15_06,1360,28,1484.0,1746.0
lam0p5,5,int__tai20_15_06,1360,29,1462.0,1695.0
lam0p5,5,int__tai20_15_06,1360,30,1546.0,1788.0
lam0p5,5,int__tai20_15_06,1360,31,1477.0,1700.0
lam0p5,5,int__tai20_15_06,1360,32,1506.0,1750.0
lam0p5,5,int__tai20_15_06,1360,33,1539.0,1751.0
lam0p5,5,int__tai20_15_06,1360,34,1559.0,1830.0
lam0p5,5,int__tai20_15_06,1360,35,1528.0,1781.0
lam0p5,5,int__tai20_15_06,1360,36,1498.0,1756.0
lam0p5,5,int__tai20_15_06,1360,37,1532.0,1785.0
lam0p5,5,int__tai20_15_06,1360,38,1458.0,1714.0
lam0p5,5,int__tai20_15_06,1360,39,1531.0,1794.0
lam0p5,5,int__tai20_15_06,1360,40,1456.0,1687.0
lam0p5,5,int__tai20_15_06,1360,41,1470.0,1692.0
lam0p5,5,int__tai20_15_06,1360,42,1525.0,1749.0
lam0p5,5,int__tai20_15_06,1360,43,1592.0,1801.0
lam0p5,5,int__tai20_15_06,1360,44,1514.0,1790.0
lam0p5,5,int__tai20_15_06,1360,45,1512.0,1726.0
lam0p5,5,int__tai20_15_06,1360,46,1473.0,1731.0
lam0p5,5,int__tai20_15_06,1360,47,1558.0,1786.0
lam0p5,5,int__tai20_15_06,1360,48,1497.0,1728.0
lam0p5,5,int__tai20_15_06,1360,49,1526.0,1763.0
lam0p5,5,int__tai20_15_06,1360,50,1512.0,1750.0
lam0p5,5,int__tai20_15_06,1360,51,1511.0,1746.0
lam0p5,5,int__tai20_15_06,1360,52,1460.0,1685.0
lam0p5,5,int__tai20_15_06,1360,53,1467.0,1699.0
lam0p5,5,int__tai20_15_06,1360,54,1488.0,1694.0
lam0p5,5,int__tai20_15_06,1360,55,1587.0,1836.0
lam0p5,5,int__tai20_15_06,1360,56,1501.0,1718.0
lam0p5,5,int__tai20_15_06,1360,57,1568.0,1795.0
lam0p5,5,int__tai20_15_06,1360,58,1576.0,1806.0
lam0p5,5,int__tai20_15_06,1360,59,1556.0,1810.0
lam0p5,5,int__tai20_15_06,1360,60,1513.0,1748.0
lam0p5,5,int__tai20_15_06,1360,61,1519.0,1771.0
lam0p5,5,int__tai20_15_06,1360,62,1483.0,1710.0
lam0p5,5,int__tai20_15_06,1360,63,1450.0,1702.0
lam0p5,5,int__tai20_15_07,1462,0,1581.0,1802.0
lam0p5,5,int__tai20_15_07,1462,1,1595.0,1834.0
lam0p5,5,int__tai20_15_07,1462,2,1609.0,1865.0
lam0p5,5,int__tai20_15_07,1462,3,1612.0,1846.0
lam0p5,5,int__tai20_15_07,1462,4,1661.0,1909.0
lam0p5,5,int__tai20_15_07,1462,5,1644.0,1886.0
lam0p5,5,int__tai20_15_07,1462,6,1622.0,1858.0
lam0p5,5,int__tai20_15_07,1462,7,1556.0,1814.0
lam0p5,5,int__tai20_15_07,1462,8,1648.0,1887.0
lam0p5,5,int__tai20_15_07,1462,9,1556.0,1798.0
lam0p5,5,int__tai20_15_07,1462,10,1585.0,1821.0
lam0p5,5,int__tai20_15_07,1462,11,1650.0,1919.0
lam0p5,5,int__tai20_15_07,1462,12,1545.0,1771.0
lam0p5,5,int__tai20_15_07,1462,13,1568.0,1799.0
lam0p5,5,int__tai20_15_07,1462,14,1639.0,1861.0
lam0p5,5,int__tai20_15_07,1462,15,1646.0,1856.0
lam0p5,5,int__tai20_15_07,1462,16,1606.0,1850.0
lam0p5,5,int__tai20_15_07,1462,17,1605.0,1812.0
lam0p5,5,int__tai20_15_07,1462,18,1601.0,1813.0
lam0p5,5,int__tai20_15_07,1462,19,1586.0,1830.0
lam0p5,5,int__tai20_15_07,1462,20,1587.0,1806.0
lam0p5,5,int__tai20_15_07,1462,21,1685.0,1912.0
lam0p5,5,int__tai20_15_07,1462,22,1612.0,1841.0
lam0p5,5,int__tai20_15_07,1462,23,1589.0,1796.0
lam0p5,5,int__tai20_15_07,1462,24,1621.0,1814.0
lam0p5,5,int__tai20_15_07,1462,25,1527.0,1727.0
lam0p5,5,int__tai20_15_07,1462,26,1594.0,1857.0
lam0p5,5,int__tai20_15_07,1462,27,1517.0,1772.0
lam0p5,5,int__tai20_15_07,1462,28,1617.0,1843.0
lam0p5,5,int__tai20_15_07,1462,29,1630.0,1866.0
lam0p5,5,int__tai20_15_07,1462,30,1666.0,1913.0
lam0p5,5,int__tai20_15_07,1462,31,1624.0,1814.0
lam0p5,5,int__tai20_15_07,1462,32,1618.0,1846.0
lam0p5,5,int__tai20_15_07,1462,33,1612.0,1860.0
lam0p5,5,int__tai20_15_07,1462,34,1579.0,1776.0
lam0p5,5,int__tai20_15_07,1462,35,1563.0,1799.0
lam0p5,5,int__tai20_15_07,1462,36,1595.0,1855.0
lam0p5,5,int__tai20_15_07,1462,37,1581.0,1790.0
lam0p5,5,int__tai20_15_07,1462,38,1616.0,1850.0
lam0p5,5,int__tai20_15_07,1462,39,1566.0,1806.0
lam0p5,5,int__tai20_15_07,1462,40,1581.0,1840.0
lam0p5,5,int__tai20_15_07,1462,41,1656.0,1879.0
lam0p5,5,int__tai20_15_07,1462,42,1666.0,1915.0
lam0p5,5,int__tai20_15_07,1462,43,1594.0,1808.0
lam0p5,5,int__tai20_15_07,1462,44,1719.0,1973.0
lam0p5,5,int__tai20_15_07,1462,45,1556.0,1779.0
lam0p5,5,int__tai20_15_07,1462,46,1564.0,1781.0
lam0p5,5,int__tai20_15_07,1462,47,1689.0,1927.0
lam0p5,5,int__tai20_15_07,1462,48,1573.0,1827.0
lam0p5,5,int__tai20_15_07,1462,49,1619.0,1872.0
lam0p5,5,int__tai20_15_07,1462,50,1597.0,1850.0
lam0p5,5,int__tai20_15_07,1462,51,1622.0,1862.0
lam0p5,5,int__tai20_15_07,1462,52,1585.0,1819.0
lam0p5,5,int__tai20_15_07,1462,53,1594.0,1832.0
lam0p5,5,int__tai20_15_07,1462,54,1601.0,1807.0
lam0p5,5,int__tai20_15_07,1462,55,1585.0,1819.0
lam0p5,5,int__tai20_15_07,1462,56,1582.0,1830.0
lam0p5,5,int__tai20_15_07,1462,57,1638.0,1880.0
lam0p5,5,int__tai20_15_07,1462,58,1662.0,1928.0
lam0p5,5,int__tai20_15_07,1462,59,1636.0,1850.0
lam0p5,5,int__tai20_15_07,1462,60,1622.0,1878.0
lam0p5,5,int__tai20_15_07,1462,61,1545.0,1769.0
lam0p5,5,int__tai20_15_07,1462,62,1590.0,1832.0
lam0p5,5,int__tai20_15_07,1462,63,1609.0,1831.0
lam0p5,5,int__tai20_15_08,1377,0,1591.0,1784.0
lam0p5,5,int__tai20_15_08,1377,1,1587.0,1817.0
lam0p5,5,int__tai20_15_08,1377,2,1636.0,1878.0
lam0p5,5,int__tai20_15_08,1377,3,1571.0,1765.0
lam0p5,5,int__tai20_15_08,1377,4,1558.0,1775.0
lam0p5,5,int__tai20_15_08,1377,5,1579.0,1822.0
lam0p5,5,int__tai20_15_08,1377,6,1567.0,1772.0
lam0p5,5,int__tai20_15_08,1377,7,1547.0,1789.0
lam0p5,5,int__tai20_15_08,1377,8,1547.0,1788.0
lam0p5,5,int__tai20_15_08,1377,9,1517.0,1753.0
lam0p5,5,int__tai20_15_08,1377,10,1605.0,1846.0
lam0p5,5,int__tai20_15_08,1377,11,1586.0,1801.0
lam0p5,5,int__tai20_15_08,1377,12,1554.0,1776.0
lam0p5,5,int__tai20_15_08,1377,13,1639.0,1862.0
lam0p5,5,int__tai20_15_08,1377,14,1572.0,1826.0
lam0p5,5,int__tai20_15_08,1377,15,1567.0,1793.0
lam0p5,5,int__tai20_15_08,1377,16,1518.0,1719.0
lam0p5,5,int__tai20_15_08,1377,17,1562.0,1771.0
lam0p5,5,int__tai20_15_08,1377,18,1528.0,1751.0
lam0p5,5,int__tai20_15_08,1377,19,1580.0,1801.0
lam0p5,5,int__tai20_15_08,1377,20,1531.0,1781.0
lam0p5,5,int__tai20_15_08,1377,21,1621.0,1847.0
lam0p5,5,int__tai20_15_08,1377,22,1543.0,1754.0
lam0p5,5,int__tai20_15_08,1377,23,1552.0,1792.0
lam0p5,5,int__tai20_15_08,1377,24,1509.0,1745.0
lam0p5,5,int__tai20_15_08,1377,25,1533.0,1759.0
lam0p5,5,int__tai20_15_08,1377,26,1565.0,1811.0
lam0p5,5,int__tai20_15_08,1377,27,1506.0,1716.0
lam0p5,5,int__tai20_15_08,1377,28,1598.0,1779.0
lam0p5,5,int__tai20_15_08,1377,29,1576.0,1795.0
lam0p5,5,int__tai20_15_08,1377,30,1511.0,1745.0
lam0p5,5,int__tai20_15_08,1377,31,1516.0,1744.0
lam0p5,5,int__tai20_15_08,1377,32,1552.0,1780.0
lam0p5,5,int__tai20_15_08,1377,33,1620.0,1854.0
lam0p5,5,int__tai20_15_08,1377,34,1580.0,1817.0
lam0p5,5,int__tai20_15_08,1377,35,1558.0,1776.0
lam0p5,5,int__tai20_15_08,1377,36,1590.0,1837.0
lam0p5,5,int__tai20_15_08,1377,37,1604.0,1814.0
lam0p5,5,int__tai20_15_08,1377,38,1631.0,1859.0
lam0p5,5,int__tai20_15_08,1377,39,1587.0,1821.0
lam0p5,5,int__tai20_15_08,1377,40,1506.0,1748.0
lam0p5,5,int__tai20_15_08,1377,41,1548.0,1779.0
lam0p5,5,int__tai20_15_08,1377,42,1617.0,1825.0
lam0p5,5,int__tai20_15_08,1377,43,1571.0,1822.0
lam0p5,5,int__tai20_15_08,1377,44,1530.0,1740.0
lam0p5,5,int__tai20_15_08,1377,45,1569.0,1820.0
lam0p5,5,int__tai20_15_08,1377,46,1599.0,1818.0
lam0p5,5,int__tai20_15_08,1377,47,1557.0,1780.0
lam0p5,5,int__tai20_15_08,1377,48,1546.0,1761.0
lam0p5,5,int__tai20_15_08,1377,49,1538.0,1788.0
lam0p5,5,int__tai20_15_08,1377,50,1538.0,1757.0
lam0p5,5,int__tai20_15_08,1377,51,1545.0,1788.0
lam0p5,5,int__tai20_15_08,1377,52,1495.0,1713.0
lam0p5,5,int__tai20_15_08,1377,53,1535.0,1727.0
lam0p5,5,int__tai20_15_08,1377,54,1576.0,1809.0
lam0p5,5,int__tai20_15_08,1377,55,1532.0,1771.0
lam0p5,5,int__tai20_15_08,1377,56,1554.0,1770.0
lam0p5,5,int__tai20_15_08,1377,57,1557.0,1769.0
lam0p5,5,int__tai20_15_08,1377,58,1580.0,1791.0
lam0p5,5,int__tai20_15_08,1377,59,1600.0,1815.0
lam0p5,5,int__tai20_15_08,1377,60,1594.0,1844.0
lam0p5,5,int__tai20_15_08,1377,61,1625.0,1820.0
lam0p5,5,int__tai20_15_08,1377,62,1565.0,1792.0
lam0p5,5,int__tai20_15_08,1377,63,1595.0,1792.0
lam0p5,5,int__tai20_15_09,1332,0,1399.0,1653.0
lam0p5,5,int__tai20_15_09,1332,1,1430.0,1686.0
lam0p5,5,int__tai20_15_09,1332,2,1431.0,1694.0
lam0p5,5,int__tai20_15_09,1332,3,1434.0,1679.0
lam0p5,5,int__tai20_15_09,1332,4,1470.0,1658.0
lam0p5,5,int__tai20_15_09,1332,5,1420.0,1685.0
lam0p5,5,int__tai20_15_09,1332,6,1446.0,1708.0
lam0p5,5,int__tai20_15_09,1332,7,1475.0,1667.0
lam0p5,5,int__tai20_15_09,1332,8,1516.0,1735.0
lam0p5,5,int__tai20_15_09,1332,9,1428.0,1632.0
lam0p5,5,int__tai20_15_09,1332,10,1471.0,1736.0
lam0p5,5,int__tai20_15_09,1332,11,1427.0,1601.0
lam0p5,5,int__tai20_15_09,1332,12,1402.0,1656.0
lam0p5,5,int__tai20_15_09,1332,13,1478.0,1711.0
lam0p5,5,int__tai20_15_09,1332,14,1477.0,1689.0
lam0p5,5,int__tai20_15_09,1332,15,1456.0,1682.0
lam0p5,5,int__tai20_15_09,1332,16,1454.0,1671.0
lam0p5,5,int__tai20_15_09,1332,17,1435.0,1648.0
lam0p5,5,int__tai20_15_09,1332,18,1493.0,1749.0
lam0p5,5,int__tai20_15_09,1332,19,1487.0,1695.0
lam0p5,5,int__tai20_15_09,1332,20,1463.0,1700.0
lam0p5,5,int__tai20_15_09,1332,21,1450.0,1684.0
lam0p5,5,int__tai20_15_09,1332,22,1438.0,1696.0
lam0p5,5,int__tai20_15_09,1332,23,1455.0,1712.0
lam0p5,5,int__tai20_15_09,1332,24,1475.0,1683.0
lam0p5,5,int__tai20_15_09,1332,25,1477.0,1698.0
lam0p5,5,int__tai20_15_09,1332,26,1430.0,1652.0
lam0p5,5,int__tai20_15_09,1332,27,1447.0,1707.0
lam0p5,5,int__tai20_15_09,1332,28,1437.0,1717.0
lam0p5,5,int__tai20_15_09,1332,29,1430.0,1676.0
lam0p5,5,int__tai20_15_09,1332,30,1424.0,1654.0
lam0p5,5,int__tai20_15_09,1332,31,1425.0,1689.0
lam0p5,5,int__tai20_15_09,1332,32,1428.0,1670.0
lam0p5,5,int__tai20_15_09,1332,33,1476.0,1728.0
lam0p5,5,int__tai20_15_09,1332,34,1466.0,1711.0
lam0p5,5,int__tai20_15_09,1332,35,1416.0,1671.0
lam0p5,5,int__tai20_15_09,1332,36,1430.0,1662.0
lam0p5,5,int__tai20_15_09,1332,37,1472.0,1720.0
lam0p5,5,int__tai20_15_09,1332,38,1476.0,1679.0
lam0p5,5,int__tai20_15_09,1332,39,1476.0,1722.0
lam0p5,5,int__tai20_15_09,1332,40,1510.0,1745.0
lam0p5,5,int__tai20_15_09,1332,41,1425.0,1664.0
lam0p5,5,int__tai20_15_09,1332,42,1458.0,1719.0
lam0p5,5,int__tai20_15_09,1332,43,1488.0,1770.0
lam0p5,5,int__tai20_15_09,1332,44,1466.0,1743.0
lam0p5,5,int__tai20_15_09,1332,45,1430.0,1631.0
lam0p5,5,int__tai20_15_09,1332,46,1478.0,1694.0
lam0p5,5,int__tai20_15_09,1332,47,1433.0,1609.0
lam0p5,5,int__tai20_15_09,1332,48,1442.0,1686.0
lam0p5,5,int__tai20_15_09,1332,49,1452.0,1654.0
lam0p5,5,int__tai20_15_09,1332,50,1472.0,1715.0
lam0p5,5,int__tai20_15_09,1332,51,1455.0,1684.0
lam0p5,5,int__tai20_15_09,1332,52,1459.0,1641.0
lam0p5,5,int__tai20_15_09,1332,53,1548.0,1761.0
lam0p5,5,int__tai20_15_09,1332,54,1497.0,1717.0
lam0p5,5,int__tai20_15_09,1332,55,1457.0,1693.0
lam0p5,5,int__tai20_15_09,1332,56,1428.0,1661.0
lam0p5,5,int__tai20_15_09,1332,57,1464.0,1653.0
lam0p5,5,int__tai20_15_09,1332,58,1409.0,1629.0
lam0p5,5,int__tai20_15_09,1332,59,1446.0,1686.0
lam0p5,5,int__tai20_15_09,1332,60,1469.0,1718.0
lam0p5,5,int__tai20_15_09,1332,61,1517.0,1732.0
lam0p5,5,int__tai20_15_09,1332,62,1442.0,1677.0
lam0p5,5,int__tai20_15_09,1332,63,1413.0,1642.0
lam0p5,5,int__tai20_15_10,1348,0,1475.0,1702.0
lam0p5,5,int__tai20_15_10,1348,1,1480.0,1681.0
lam0p5,5,int__tai20_15_10,1348,2,1537.0,1727.0
lam0p5,5,int__tai20_15_10,1348,3,1563.0,1716.0
lam0p5,5,int__tai20_15_10,1348,4,1497.0,1721.0
lam0p5,5,int__tai20_15_10,1348,5,1515.0,1758.0
lam0p5,5,int__tai20_15_10,1348,6,1490.0,1754.0
lam0p5,5,int__tai20_15_10,1348,7,1556.0,1800.0
lam0p5,5,int__tai20_15_10,1348,8,1481.0,1734.0
lam0p5,5,int__tai20_15_10,1348,9,1518.0,1750.0
lam0p5,5,int__tai20_15_10,1348,10,1430.0,1647.0
lam0p5,5,int__tai20_15_10,1348,11,1461.0,1695.0
lam0p5,5,int__tai20_15_10,1348,12,1574.0,1837.0
lam0p5,5,int__tai20_15_10,1348,13,1495.0,1707.0
lam0p5,5,int__tai20_15_10,1348,14,1526.0,1762.0
lam0p5,5,int__tai20_15_10,1348,15,1418.0,1613.0
lam0p5,5,int__tai20_15_10,1348,16,1424.0,1644.0
lam0p5,5,int__tai20_15_10,1348,17,1513.0,1713.0
lam0p5,5,int__tai20_15_10,1348,18,1523.0,1702.0
lam0p5,5,int__tai20_15_10,1348,19,1493.0,1663.0
lam0p5,5,int__tai20_15_10,1348,20,1486.0,1726.0
lam0p5,5,int__tai20_15_10,1348,21,1539.0,1759.0
lam0p5,5,int__tai20_15_10,1348,22,1526.0,1718.0
lam0p5,5,int__tai20_15_10,1348,23,1497.0,1733.0
lam0p5,5,int__tai20_15_10,1348,24,1483.0,1722.0
lam0p5,5,int__tai20_15_10,1348,25,1450.0,1688.0
lam0p5,5,int__tai20_15_10,1348,26,1457.0,1678.0
lam0p5,5,int__tai20_15_10,1348,27,1509.0,1745.0
lam0p5,5,int__tai20_15_10,1348,28,1485.0,1692.0
lam0p5,5,int__tai20_15_10,1348,29,1488.0,1675.0
lam0p5,5,int__tai20_15_10,1348,30,1520.0,1752.0
lam0p5,5,int__tai20_15_10,1348,31,1420.0,1632.0
lam0p5,5,int__tai20_15_10,1348,32,1467.0,1656.0
lam0p5,5,int__tai20_15_10,1348,33,1480.0,1704.0
lam0p5,5,int__tai20_15_10,1348,34,1503.0,1733.0
lam0p5,5,int__tai20_15_10,1348,35,1500.0,1705.0
lam0p5,5,int__tai20_15_10,1348,36,1409.0,1624.0
lam0p5,5,int__tai20_15_10,1348,37,1470.0,1685.0
lam0p5,5,int__tai20_15_10,1348,38,1488.0,1693.0
lam0p5,5,int__tai20_15_10,1348,39,1484.0,1702.0
lam0p5,5,int__tai20_15_10,1348,40,1521.0,1704.0
lam0p5,5,int__tai20_15_10,1348,41,1516.0,1726.0
lam0p5,5,int__tai20_15_10,1348,42,1486.0,1698.0
lam0p5,5,int__tai20_15_10,1348,43,1496.0,1731.0
lam0p5,5,int__tai20_15_10,1348,44,1512.0,1720.0
lam0p5,5,int__tai20_15_10,1348,45,1436.0,1674.0
lam0p5,5,int__tai20_15_10,1348,46,1543.0,1774.0
lam0p5,5,int__tai20_15_10,1348,47,1512.0,1728.0
lam0p5,5,int__tai20_15_10,1348,48,1470.0,1688.0
lam0p5,5,int__tai20_15_10,1348,49,1536.0,1748.0
lam0p5,5,int__tai20_15_10,1348,50,1506.0,1745.0
lam0p5,5,int__tai20_15_10,1348,51,1536.0,1723.0
lam0p5,5,int__tai20_15_10,1348,52,1495.0,1707.0
lam0p5,5,int__tai20_15_10,1348,53,1555.0,1787.0
lam0p5,5,int__tai20_15_10,1348,54,1438.0,1680.0
lam0p5,5,int__tai20_15_10,1348,55,1457.0,1640.0
lam0p5,5,int__tai20_15_10,1348,56,1491.0,1723.0
lam0p5,5,int__tai20_15_10,1348,57,1545.0,1815.0
lam0p5,5,int__tai20_15_10,1348,58,1496.0,1675.0
lam0p5,5,int__tai20_15_10,1348,59,1497.0,1700.0
lam0p5,5,int__tai20_15_10,1348,60,1477.0,1695.0
lam0p5,5,int__tai20_15_10,1348,61,1527.0,1792.0
lam0p5,5,int__tai20_15_10,1348,62,1524.0,1760.0
lam0p5,5,int__tai20_15_10,1348,63,1446.0,1671.0
lam0p5,11,int__tai20_15_05,1339,0,1462.0,1666.0
lam0p5,11,int__tai20_15_05,1339,1,1539.0,1728.0
lam0p5,11,int__tai20_15_05,1339,2,1566.0,1795.0
lam0p5,11,int__tai20_15_05,1339,3,1565.0,1790.0
lam0p5,11,int__tai20_15_05,1339,4,1471.0,1674.0
lam0p5,11,int__tai20_15_05,1339,5,1496.0,1690.0
lam0p5,11,int__tai20_15_05,1339,6,1497.0,1687.0
lam0p5,11,int__tai20_15_05,1339,7,1500.0,1710.0
lam0p5,11,int__tai20_15_05,1339,8,1509.0,1702.0
lam0p5,11,int__tai20_15_05,1339,9,1520.0,1733.0
lam0p5,11,int__tai20_15_05,1339,10,1437.0,1621.0
lam0p5,11,int__tai20_15_05,1339,11,1507.0,1698.0
lam0p5,11,int__tai20_15_05,1339,12,1602.0,1780.0
lam0p5,11,int__tai20_15_05,1339,13,1430.0,1619.0
lam0p5,11,int__tai20_15_05,1339,14,1627.0,1800.0
lam0p5,11,int__tai20_15_05,1339,15,1507.0,1778.0
lam0p5,11,int__tai20_15_05,1339,16,1520.0,1726.0
lam0p5,11,int__tai20_15_05,1339,17,1487.0,1654.0
lam0p5,11,int__tai20_15_05,1339,18,1526.0,1788.0
lam0p5,11,int__tai20_15_05,1339,19,1518.0,1724.0
lam0p5,11,int__tai20_15_05,1339,20,1503.0,1737.0
lam0p5,11,int__tai20_15_05,1339,21,1467.0,1723.0
lam0p5,11,int__tai20_15_05,1339,22,1584.0,1770.0
lam0p5,11,int__tai20_15_05,1339,23,1506.0,1671.0
lam0p5,11,int__tai20_15_05,1339,24,1474.0,1712.0
lam0p5,11,int__tai20_15_05,1339,25,1468.0,1691.0
lam0p5,11,int__tai20_15_05,1339,26,1574.0,1802.0
lam0p5,11,int__tai20_15_05,1339,27,1587.0,1789.0
lam0p5,11,int__tai20_15_05,1339,28,1512.0,1733.0
lam0p5,11,int__tai20_15_05,1339,29,1504.0,1698.0
lam0p5,11,int__tai20_15_05,1339,30,1509.0,1706.0
lam0p5,11,int__tai20_15_05,1339,31,1508.0,1704.0
lam0p5,11,int__tai20_15_05,1339,32,1512.0,1711.0
lam0p5,11,int__tai20_15_05,1339,33,1545.0,1770.0
lam0p5,11,int__tai20_15_05,1339,34,1544.0,1733.0
lam0p5,11,int__tai20_15_05,1339,35,1492.0,1695.0
lam0p5,11,int__tai20_15_05,1339,36,1544.0,1721.0
lam0p5,11,int__tai20_15_05,1339,37,1498.0,1706.0
lam0p5,11,int__tai20_15_05,1339,38,1478.0,1699.0
lam0p5,11,int__tai20_15_05,1339,39,1508.0,1710.0
lam0p5,11,int__tai20_15_05,1339,40,1486.0,1694.0
lam0p5,11,int__tai20_15_05,1339,41,1471.0,1669.0
lam0p5,11,int__tai20_15_05,1339,42,1495.0,1696.0
lam0p5,11,int__tai20_15_05,1339,43,1476.0,1671.0
lam0p5,11,int__tai20_15_05,1339,44,1523.0,1714.0
lam0p5,11,int__tai20_15_05,1339,45,1546.0,1732.0
lam0p5,11,int__tai20_15_05,1339,46,1500.0,1718.0
lam0p5,11,int__tai20_15_05,1339,47,1525.0,1746.0
lam0p5,11,int__tai20_15_05,1339,48,1517.0,1679.0
lam0p5,11,int__tai20_15_05,1339,49,1544.0,1730.0
lam0p5,11,int__tai20_15_05,1339,50,1544.0,1737.0
lam0p5,11,int__tai20_15_05,1339,51,1535.0,1702.0
lam0p5,11,int__tai20_15_05,1339,52,1471.0,1652.0
lam0p5,11,int__tai20_15_05,1339,53,1559.0,1722.0
lam0p5,11,int__tai20_15_05,1339,54,1483.0,1690.0
lam0p5,11,int__tai20_15_05,1339,55,1540.0,1727.0
lam0p5,11,int__tai20_15_05,1339,56,1509.0,1711.0
lam0p5,11,int__tai20_15_05,1339,57,1486.0,1712.0
lam0p5,11,int__tai20_15_05,1339,58,1581.0,1774.0
lam0p5,11,int__tai20_15_05,1339,59,1427.0,1630.0
lam0p5,11,int__tai20_15_05,1339,60,1558.0,1748.0
lam0p5,11,int__tai20_15_05,1339,61,1509.0,1706.0
lam0p5,11,int__tai20_15_05,1339,62,1527.0,1726.0
lam0p5,11,int__tai20_15_05,1339,63,1519.0,1702.0
lam0p5,11,int__tai20_15_06,1360,0,1491.0,1723.0
lam0p5,11,int__tai20_15_06,1360,1,1480.0,1728.0
lam0p5,11,int__tai20_15_06,1360,2,1511.0,1766.0
lam0p5,11,int__tai20_15_06,1360,3,1507.0,1746.0
lam0p5,11,int__tai20_15_06,1360,4,1514.0,1738.0
lam0p5,11,int__tai20_15_06,1360,5,1530.0,1780.0
lam0p5,11,int__tai20_15_06,1360,6,1496.0,1737.0
lam0p5,11,int__tai20_15_06,1360,7,1528.0,1775.0
lam0p5,11,int__tai20_15_06,1360,8,1491.0,1700.0
lam0p5,11,int__tai20_15_06,1360,9,1470.0,1670.0
lam0p5,11,int__tai20_15_06,1360,10,1518.0,1753.0
lam0p5,11,int__tai20_15_06,1360,11,1432.0,1648.0
lam0p5,11,int__tai20_15_06,1360,12,1454.0,1689.0
lam0p5,11,int__tai20_15_06,1360,13,1506.0,1709.0
lam0p5,11,int__tai20_15_06,1360,14,1534.0,1771.0
lam0p5,11,int__tai20_15_06,1360,15,1532.0,1796.0
lam0p5,11,int__tai20_15_06,1360,16,1532.0,1762.0
lam0p5,11,int__tai20_15_06,1360,17,1469.0,1705.0
lam0p5,11,int__tai20_15_06,1360,18,1494.0,1706.0
lam0p5,11,int__tai20_15_06,1360,19,1498.0,1731.0
lam0p5,11,int__tai20_15_06,1360,20,1579.0,1793.0
lam0p5,11,int__tai20_15_06,1360,21,1454.0,1661.0
lam0p5,11,int__tai20_15_06,1360,22,1443.0,1699.0
lam0p5,11,int__tai20_15_06,1360,23,1560.0,1803.0
lam0p5,11,int__tai20_15_06,1360,24,1443.0,1656.0
lam0p5,11,int__tai20_15_06,1360,25,1521.0,1781.0
lam0p5,11,int__tai20_15_06,1360,26,1485.0,1716.0
lam0p5,11,int__tai20_15_06,1360,27,1466.0,1688.0
lam0p5,11,int__tai20_15_06,1360,28,1424.0,1648.0
lam0p5,11,int__tai20_15_06,1360,29,1501.0,1739.0
lam0p5,11,int__tai20_15_06,1360,30,1613.0,1836.0
lam0p5,11,int__tai20_15_06,1360,31,1547.0,1837.0
lam0p5,11,int__tai20_15_06,1360,32,1496.0,1710.0
lam0p5,11,int__tai20_15_06,1360,33,1476.0,1713.0
lam0p5,11,int__tai20_15_06,1360,34,1515.0,1735.0
lam0p5,11,int__tai20_15_06,1360,35,1456.0,1666.0
lam0p5,11,int__tai20_15_06,1360,36,1450.0,1670.0
lam0p5,11,int__tai20_15_06,1360,37,1511.0,1727.0
lam0p5,11,int__tai20_15_06,1360,38,1543.0,1782.0
lam0p5,11,int__tai20_15_06,1360,39,1534.0,1740.0
lam0p5,11,int__tai20_15_06,1360,40,1544.0,1780.0
lam0p5,11,int__tai20_15_06,1360,41,1504.0,1741.0
lam0p5,11,int__tai20_15_06,1360,42,1467.0,1679.0
lam0p5,11,int__tai20_15_06,1360,43,1538.0,1775.0
lam0p5,11,int__tai20_15_06,1360,44,1480.0,1728.0
lam0p5,11,int__tai20_15_06,1360,45,1478.0,1727.0
lam0p5,11,int__tai20_15_06,1360,46,1471.0,1699.0
lam0p5,11,int__tai20_15_06,1360,47,1466.0,1702.0
lam0p5,11,int__tai20_15_06,1360,48,1551.0,1752.0
lam0p5,11,int__tai20_15_06,1360,49,1455.0,1688.0
lam0p5,11,int__tai20_15_06,1360,50,1478.0,1711.0
lam0p5,11,int__tai20_15_06,1360,51,1488.0,1713.0
lam0p5,11,int__tai20_15_06,1360,52,1439.0,1652.0
lam0p5,11,int__tai20_15_06,1360,53,1460.0,1701.0
lam0p5,11,int__tai20_15_06,1360,54,1533.0,1752.0
lam0p5,11,int__tai20_15_06,1360,55,1470.0,1693.0
lam0p5,11,int__tai20_15_06,1360,56,1444.0,1649.0
lam0p5,11,int__tai20_15_06,1360,57,1502.0,1720.0
lam0p5,11,int__tai20_15_06,1360,58,1557.0,1741.0
lam0p5,11,int__tai20_15_06,1360,59,1549.0,1787.0
lam0p5,11,int__tai20_15_06,1360,60,1497.0,1770.0
lam0p5,11,int__tai20_15_06,1360,61,1439.0,1639.0
lam0p5,11,int__tai20_15_06,1360,62,1508.0,1754.0
lam0p5,11,int__tai20_15_06,1360,63,1454.0,1692.0
lam0p5,11,int__tai20_15_07,1462,0,1553.0,1809.0
lam0p5,11,int__tai20_15_07,1462,1,1623.0,1879.0
lam0p5,11,int__tai20_15_07,1462,2,1546.0,1800.0
lam0p5,11,int__tai20_15_07,1462,3,1607.0,1846.0
lam0p5,11,int__tai20_15_07,1462,4,1671.0,1898.0
lam0p5,11,int__tai20_15_07,1462,5,1582.0,1825.0
lam0p5,11,int__tai20_15_07,1462,6,1609.0,1845.0
lam0p5,11,int__tai20_15_07,1462,7,1620.0,1868.0
lam0p5,11,int__tai20_15_07,1462,8,1581.0,1851.0
lam0p5,11,int__tai20_15_07,1462,9,1605.0,1831.0
lam0p5,11,int__tai20_15_07,1462,10,1602.0,1836.0
lam0p5,11,int__tai20_15_07,1462,11,1581.0,1836.0
lam0p5,11,int__tai20_15_07,1462,12,1584.0,1784.0
lam0p5,11,int__tai20_15_07,1462,13,1660.0,1889.0
lam0p5,11,int__tai20_15_07,1462,14,1624.0,1860.0
lam0p5,11,int__tai20_15_07,1462,15,1670.0,1895.0
lam0p5,11,int__tai20_15_07,1462,16,1629.0,1868.0
lam0p5,11,int__tai20_15_07,1462,17,1578.0,1806.0
lam0p5,11,int__tai20_15_07,1462,18,1616.0,1896.0
lam0p5,11,int__tai20_15_07,1462,19,1644.0,1870.0
lam0p5,11,int__tai20_15_07,1462,20,1582.0,1856.0
lam0p5,11,int__tai20_15_07,1462,21,1553.0,1795.0
lam0p5,11,int__tai20_15_07,1462,22,1594.0,1846.0
lam0p5,11,int__tai20_15_07,1462,23,1607.0,1866.0
lam0p5,11,int__tai20_15_07,1462,24,1603.0,1818.0
lam0p5,11,int__tai20_15_07,1462,25,1623.0,1844.0
lam0p5,11,int__tai20_15_07,1462,26,1647.0,1926.0
lam0p5,11,int__tai20_15_07,1462,27,1627.0,1884.0
lam0p5,11,int__tai20_15_07,1462,28,1585.0,1795.0
lam0p5,11,int__tai20_15_07,1462,29,1652.0,1916.0
lam0p5,11,int__tai20_15_07,1462,30,1619.0,1876.0
lam0p5,11,int__tai20_15_07,1462,31,1585.0,1822.0
lam0p5,11,int__tai20_15_07,1462,32,1560.0,1806.0
lam0p5,11,int__tai20_15_07,1462,33,1582.0,1783.0
lam0p5,11,int__tai20_15_07,1462,34,1613.0,1849.0
lam0p5,11,int__tai20_15_07,1462,35,1588.0,1814.0
lam0p5,11,int__tai20_15_07,1462,36,1599.0,1819.0
lam0p5,11,int__tai20_15_07,1462,37,1607.0,1840.0
lam0p5,11,int__tai20_15_07,1462,38,1695.0,1897.0
lam0p5,11,int__tai20_15_07,1462,39,1636.0,1880.0
lam0p5,11,int__tai20_15_07,1462,40,1613.0,1845.0
lam0p5,11,int__tai20_15_07,1462,41,1571.0,1789.0
lam0p5,11,int__tai20_15_07,1462,42,1614.0,1824.0
lam0p5,11,int__tai20_15_07,1462,43,1589.0,1846.0
lam0p5,11,int__tai20_15_07,1462,44,1591.0,1833.0
lam0p5,11,int__tai20_15_07,1462,45,1669.0,1946.0
lam0p5,11,int__tai20_15_07,1462,46,1610.0,1841.0
lam0p5,11,int__tai20_15_07,1462,47,1613.0,1840.0
lam0p5,11,int__tai20_15_07,1462,48,1664.0,1888.0
lam0p5,11,int__tai20_15_07,1462,49,1675.0,1923.0
lam0p5,11,int__tai20_15_07,1462,50,1560.0,1779.0
lam0p5,11,int__tai20_15_07,1462,51,1616.0,1856.0
lam0p5,11,int__tai20_15_07,1462,52,1562.0,1815.0
lam0p5,11,int__tai20_15_07,1462,53,1671.0,1903.0
lam0p5,11,int__tai20_15_07,1462,54,1665.0,1893.0
lam0p5,11,int__tai20_15_07,1462,55,1595.0,1840.0
lam0p5,11,int__tai20_15_07,1462,56,1579.0,1776.0
lam0p5,11,int__tai20_15_07,1462,57,1638.0,1918.0
lam0p5,11,int__tai20_15_07,1462,58,1610.0,1828.0
lam0p5,11,int__tai20_15_07,1462,59,1619.0,1843.0
lam0p5,11,int__tai20_15_07,1462,60,1594.0,1842.0
lam0p5,11,int__tai20_15_07,1462,61,1730.0,2002.0
lam0p5,11,int__tai20_15_07,1462,62,1615.0,1807.0
lam0p5,11,int__tai20_15_07,1462,63,1572.0,1787.0
lam0p5,11,int__tai20_15_08,1377,0,1611.0,1856.0
lam0p5,11,int__tai20_15_08,1377,1,1524.0,1742.0
lam0p5,11,int__tai20_15_08,1377,2,1655.0,1887.0
lam0p5,11,int__tai20_15_08,1377,3,1537.0,1742.0
lam0p5,11,int__tai20_15_08,1377,4,1619.0,1811.0
lam0p5,11,int__tai20_15_08,1377,5,1568.0,1794.0
lam0p5,11,int__tai20_15_08,1377,6,1536.0,1742.0
lam0p5,11,int__tai20_15_08,1377,7,1595.0,1834.0
lam0p5,11,int__tai20_15_08,1377,8,1586.0,1789.0
lam0p5,11,int__tai20_15_08,1377,9,1580.0,1840.0
lam0p5,11,int__tai20_15_08,1377,10,1534.0,1731.0
lam0p5,11,int__tai20_15_08,1377,11,1578.0,1793.0
lam0p5,11,int__tai20_15_08,1377,12,1569.0,1793.0
lam0p5,11,int__tai20_15_08,1377,13,1589.0,1846.0
lam0p5,11,int__tai20_15_08,1377,14,1557.0,1787.0
lam0p5,11,int__tai20_15_08,1377,15,1550.0,1784.0
lam0p5,11,int__tai20_15_08,1377,16,1578.0,1793.0
lam0p5,11,int__tai20_15_08,1377,17,1573.0,1782.0
lam0p5,11,int__tai20_15_08,1377,18,1548.0,1762.0
lam0p5,11,int__tai20_15_08,1377,19,1542.0,1756.0
lam0p5,11,int__tai20_15_08,1377,20,1593.0,1823.0
lam0p5,11,int__tai20_15_08,1377,21,1591.0,1788.0
lam0p5,11,int__tai20_15_08,1377,22,1555.0,1791.0
lam0p5,11,int__tai20_15_08,1377,23,1565.0,1773.0
lam0p5,11,int__tai20_15_08,1377,24,1526.0,1722.0
lam0p5,11,int__tai20_15_08,1377,25,1539.0,1784.0
lam0p5,11,int__tai20_15_08,1377,26,1585.0,1807.0
lam0p5,11,int__tai20_15_08,1377,27,1554.0,1772.0
lam0p5,11,int__tai20_15_08,1377,28,1589.0,1803.0
lam0p5,11,int__tai20_15_08,1377,29,1563.0,1791.0
lam0p5,11,int__tai20_15_08,1377,30,1499.0,1726.0
lam0p5,11,int__tai20_15_08,1377,31,1550.0,1777.0
lam0p5,11,int__tai20_15_08,1377,32,1575.0,1804.0
lam0p5,11,int__tai20_15_08,1377,33,1561.0,1808.0
lam0p5,11,int__tai20_15_08,1377,34,1525.0,1764.0
lam0p5,11,int__tai20_15_08,1377,35,1614.0,1830.0
lam0p5,11,int__tai20_15_08,1377,36,1560.0,1787.0
lam0p5,11,int__tai20_15_08,1377,37,1557.0,1802.0
lam0p5,11,int__tai20_15_08,1377,38,1512.0,1736.0
lam0p5,11,int__tai20_15_08,1377,39,1608.0,1784.0
lam0p5,11,int__tai20_15_08,1377,40,1507.0,1737.0
lam0p5,11,int__tai20_15_08,1377,41,1531.0,1763.0
lam0p5,11,int__tai20_15_08,1377,42,1542.0,1772.0
lam0p5,11,int__tai20_15_08,1377,43,1532.0,1764.0
lam0p5,11,int__tai20_15_08,1377,44,1531.0,1742.0
lam0p5,11,int__tai20_15_08,1377,45,1608.0,1852.0
lam0p5,11,int__tai20_15_08,1377,46,1599.0,1803.0
lam0p5,11,int__tai20_15_08,1377,47,1544.0,1812.0
lam0p5,11,int__tai20_15_08,1377,48,1575.0,1774.0
lam0p5,11,int__tai20_15_08,1377,49,1591.0,1780.0
lam0p5,11,int__tai20_15_08,1377,50,1518.0,1730.0
lam0p5,11,int__tai20_15_08,1377,51,1660.0,1880.0
lam0p5,11,int__tai20_15_08,1377,52,1507.0,1693.0
lam0p5,11,int__tai20_15_08,1377,53,1550.0,1766.0
lam0p5,11,int__tai20_15_08,1377,54,1539.0,1750.0
lam0p5,11,int__tai20_15_08,1377,55,1583.0,1797.0
lam0p5,11,int__tai20_15_08,1377,56,1631.0,1845.0
lam0p5,11,int__tai20_15_08,1377,57,1675.0,1899.0
lam0p5,11,int__tai20_15_08,1377,58,1590.0,1813.0
lam0p5,11,int__tai20_15_08,1377,59,1516.0,1743.0
lam0p5,11,int__tai20_15_08,1377,60,1557.0,1757.0
lam0p5,11,int__tai20_15_08,1377,61,1599.0,1807.0
lam0p5,11,int__tai20_15_08,1377,62,1485.0,1706.0
lam0p5,11,int__tai20_15_08,1377,63,1554.0,1785.0
lam0p5,11,int__tai20_15_09,1332,0,1380.0,1601.0
lam0p5,11,int__tai20_15_09,1332,1,1416.0,1643.0
lam0p5,11,int__tai20_15_09,1332,2,1502.0,1766.0
lam0p5,11,int__tai20_15_09,1332,3,1486.0,1705.0
lam0p5,11,int__tai20_15_09,1332,4,1455.0,1678.0
lam0p5,11,int__tai20_15_09,1332,5,1419.0,1632.0
lam0p5,11,int__tai20_15_09,1332,6,1465.0,1680.0
lam0p5,11,int__tai20_15_09,1332,7,1505.0,1709.0
lam0p5,11,int__tai20_15_09,1332,8,1454.0,1692.0
lam0p5,11,int__tai20_15_09,1332,9,1465.0,1660.0
lam0p5,11,int__tai20_15_09,1332,10,1458.0,1683.0
lam0p5,11,int__tai20_15_09,1332,11,1449.0,1663.0
lam0p5,11,int__tai20_15_09,1332,12,1401.0,1622.0
lam0p5,11,int__tai20_15_09,1332,13,1457.0,1682.0
lam0p5,11,int__tai20_15_09,1332,14,1420.0,1606.0
lam0p5,11,int__tai20_15_09,1332,15,1492.0,1768.0
lam0p5,11,int__tai20_15_09,1332,16,1528.0,1735.0
lam0p5,11,int__tai20_15_09,1332,17,1426.0,1665.0
lam0p5,11,int__tai20_15_09,1332,18,1416.0,1647.0
lam0p5,11,int__tai20_15_09,1332,19,1475.0,1727.0
lam0p5,11,int__tai20_15_09,1332,20,1426.0,1643.0
lam0p5,11,int__tai20_15_09,1332,21,1387.0,1587.0
lam0p5,11,int__tai20_15_09,1332,22,1416.0,1619.0
lam0p5,11,int__tai20_15_09,1332,23,1447.0,1695.0
lam0p5,11,int__tai20_15_09,1332,24,1442.0,1628.0
lam0p5,11,int__tai20_15_09,1332,25,1425.0,1637.0
lam0p5,11,int__tai20_15_09,1332,26,1442.0,1636.0
lam0p5,11,int__tai20_15_09,1332,27,1462.0,1710.0
lam0p5,11,int__tai20_15_09,1332,28,1467.0,1696.0
lam0p5,11,int__tai20_15_09,1332,29,1471.0,1643.0
lam0p5,11,int__tai20_15_09,1332,30,1442.0,1662.0
lam0p5,11,int__tai20_15_09,1332,31,1408.0,1637.0
lam0p5,11,int__tai20_15_09,1332,32,1391.0,1624.0
lam0p5,11,int__tai20_15_09,1332,33,1443.0,1665.0
lam0p5,11,int__tai20_15_09,1332,34,1401.0,1594.0
lam0p5,11,int__tai20_15_09,1332,35,1394.0,1600.0
lam0p5,11,int__tai20_15_09,1332,36,1433.0,1617.0
lam0p5,11,int__tai20_15_09,1332,37,1416.0,1621.0
lam0p5,11,int__tai20_15_09,1332,38,1446.0,1652.0
lam0p5,11,int__tai20_15_09,1332,39,1456.0,1682.0
lam0p5,11,int__tai20_15_09,1332,40,1468.0,1670.0
lam0p5,11,int__tai20_15_09,1332,41,1494.0,1739.0
lam0p5,11,int__tai20_15_09,1332,42,1487.0,1723.0
lam0p5,11,int__tai20_15_09,1332,43,1486.0,1657.0
lam0p5,11,int__tai20_15_09,1332,44,1399.0,1588.0
lam0p5,11,int__tai20_15_09,1332,45,1442.0,1690.0
lam0p5,11,int__tai20_15_09,1332,46,1422.0,1644.0
lam0p5,11,int__tai20_15_09,1332,47,1441.0,1627.0
lam0p5,11,int__tai20_15_09,1332,48,1513.0,1713.0
lam0p5,11,int__tai20_15_09,1332,49,1393.0,1577.0
lam0p5,11,int__tai20_15_09,1332,50,1466.0,1639.0
lam0p5,11,int__tai20_15_09,1332,51,1516.0,1748.0
lam0p5,11,int__tai20_15_09,1332,52,1451.0,1667.0
lam0p5,11,int__tai20_15_09,1332,53,1423.0,1677.0
lam0p5,11,int__tai20_15_09,1332,54,1450.0,1679.0
lam0p5,11,int__tai20_15_09,1332,55,1409.0,1672.0
lam0p5,11,int__tai20_15_09,1332,56,1410.0,1647.0
lam0p5,11,int__tai20_15_09,1332,57,1444.0,1703.0
lam0p5,11,int__tai20_15_09,1332,58,1511.0,1722.0
lam0p5,11,int__tai20_15_09,1332,59,1408.0,1610.0
lam0p5,11,int__tai20_15_09,1332,60,1446.0,1650.0
lam0p5,11,int__tai20_15_09,1332,61,1469.0,1684.0
lam0p5,11,int__tai20_15_09,1332,62,1433.0,1637.0
lam0p5,11,int__tai20_15_09,1332,63,1429.0,1629.0
lam0p5,11,int__tai20_15_10,1348,0,1459.0,1671.0
lam0p5,11,int__tai20_15_10,1348,1,1549.0,1790.0
lam0p5,11,int__tai20_15_10,1348,2,1499.0,1702.0
lam0p5,11,int__tai20_15_10,1348,3,1522.0,1716.0
lam0p5,11,int__tai20_15_10,1348,4,1478.0,1682.0
lam0p5,11,int__tai20_15_10,1348,5,1534.0,1749.0
lam0p5,11,int__tai20_15_10,1348,6,1501.0,1736.0
lam0p5,11,int__tai20_15_10,1348,7,1456.0,1677.0
lam0p5,11,int__tai20_15_10,1348,8,1458.0,1687.0
lam0p5,11,int__tai20_15_10,1348,9,1493.0,1744.0
lam0p5,11,int__tai20_15_10,1348,10,1510.0,1717.0
lam0p5,11,int__tai20_15_10,1348,11,1458.0,1692.0
lam0p5,11,int__tai20_15_10,1348,12,1514.0,1720.0
lam0p5,11,int__tai20_15_10,1348,13,1457.0,1690.0
lam0p5,11,int__tai20_15_10,1348,14,1549.0,1773.0
lam0p5,11,int__tai20_15_10,1348,15,1495.0,1681.0
lam0p5,11,int__tai20_15_10,1348,16,1496.0,1710.0
lam0p5,11,int__tai20_15_10,1348,17,1449.0,1679.0
lam0p5,11,int__tai20_15_10,1348,18,1458.0,1659.0
lam0p5,11,int__tai20_15_10,1348,19,1553.0,1793.0
lam0p5,11,int__tai20_15_10,1348,20,1462.0,1658.0
lam0p5,11,int__tai20_15_10,1348,21,1532.0,1707.0
lam0p5,11,int__tai20_15_10,1348,22,1501.0,1752.0
lam0p5,11,int__tai20_15_10,1348,23,1440.0,1650.0
lam0p5,11,int__tai20_15_10,1348,24,1488.0,1713.0
lam0p5,11,int__tai20_15_10,1348,25,1540.0,1774.0
lam0p5,11,int__tai20_15_10,1348,26,1485.0,1683.0
lam0p5,11,int__tai20_15_10,1348,27,1538.0,1782.0
lam0p5,11,int__tai20_15_10,1348,28,1478.0,1696.0
lam0p5,11,int__tai20_15_10,1348,29,1489.0,1689.0
lam0p5,11,int__tai20_15_10,1348,30,1511.0,1761.0
lam0p5,11,int__tai20_15_10,1348,31,1514.0,1736.0
lam0p5,11,int__tai20_15_10,1348,32,1524.0,1717.0
lam0p5,11,int__tai20_15_10,1348,33,1442.0,1650.0
lam0p5,11,int__tai20_15_10,1348,34,1429.0,1648.0
lam0p5,11,int__tai20_15_10,1348,35,1500.0,1696.0
lam0p5,11,int__tai20_15_10,1348,36,1556.0,1757.0
lam0p5,11,int__tai20_15_10,1348,37,1525.0,1744.0
lam0p5,11,int__tai20_15_10,1348,38,1476.0,1682.0
lam0p5,11,int__tai20_15_10,1348,39,1530.0,1755.0
lam0p5,11,int__tai20_15_10,1348,40,1550.0,1748.0
lam0p5,11,int__tai20_15_10,1348,41,1473.0,1717.0
lam0p5,11,int__tai20_15_10,1348,42,1482.0,1696.0
lam0p5,11,int__tai20_15_10,1348,43,1522.0,1756.0
lam0p5,11,int__tai20_15_10,1348,44,1627.0,1870.0
lam0p5,11,int__tai20_15_10,1348,45,1466.0,1686.0
lam0p5,11,int__tai20_15_10,1348,46,1481.0,1694.0
lam0p5,11,int__tai20_15_10,1348,47,1504.0,1707.0
lam0p5,11,int__tai20_15_10,1348,48,1411.0,1634.0
lam0p5,11,int__tai20_15_10,1348,49,1539.0,1783.0
lam0p5,11,int__tai20_15_10,1348,50,1496.0,1716.0
lam0p5,11,int__tai20_15_10,1348,51,1548.0,1769.0
lam0p5,11,int__tai20_15_10,1348,52,1468.0,1671.0
lam0p5,11,int__tai20_15_10,1348,53,1472.0,1669.0
lam0p5,11,int__tai20_15_10,1348,54,1471.0,1690.0
lam0p5,11,int__tai20_15_10,1348,55,1436.0,1617.0
lam0p5,11,int__tai20_15_10,1348,56,1467.0,1691.0
lam0p5,11,int__tai20_15_10,1348,57,1451.0,1679.0
lam0p5,11,int__tai20_15_10,1348,58,1526.0,1723.0
lam0p5,11,int__tai20_15_10,1348,59,1479.0,1723.0
lam0p5,11,int__tai20_15_10,1348,60,1600.0,1806.0
lam0p5,11,int__tai20_15_10,1348,61,1464.0,1701.0
lam0p5,11,int__tai20_15_10,1348,62,1423.0,1643.0
lam0p5,11,int__tai20_15_10,1348,63,1551.0,1763.0
lam1,10,int__tai20_15_05,1339,0,1513.0,1696.0
lam1,10,int__tai20_15_05,1339,1,1571.0,1769.0
lam1,10,int__tai20_15_05,1339,2,1531.0,1700.0
lam1,10,int__tai20_15_05,1339,3,1537.0,1783.0
lam1,10,int__tai20_15_05,1339,4,1483.0,1726.0
lam1,10,int__tai20_15_05,1339,5,1585.0,1815.0
lam1,10,int__tai20_15_05,1339,6,1521.0,1703.0
lam1,10,int__tai20_15_05,1339,7,1554.0,1748.0
lam1,10,int__tai20_15_05,1339,8,1493.0,1702.0
lam1,10,int__tai20_15_05,1339,9,1545.0,1707.0
lam1,10,int__tai20_15_05,1339,10,1521.0,1706.0
lam1,10,int__tai20_15_05,1339,11,1518.0,1738.0
lam1,10,int__tai20_15_05,1339,12,1519.0,1768.0
lam1,10,int__tai20_15_05,1339,13,1530.0,1723.0
lam1,10,int__tai20_15_05,1339,14,1515.0,1730.0
lam1,10,int__tai20_15_05,1339,15,1558.0,1775.0
lam1,10,int__tai20_15_05,1339,16,1567.0,1799.0
lam1,10,int__tai20_15_05,1339,17,1501.0,1717.0
lam1,10,int__tai20_15_05,1339,18,1502.0,1722.0
lam1,10,int__tai20_15_05,1339,19,1499.0,1713.0
lam1,10,int__tai20_15_05,1339,20,1553.0,1751.0
lam1,10,int__tai20_15_05,1339,21,1566.0,1771.0
lam1,10,int__tai20_15_05,1339,22,1508.0,1722.0
lam1,10,int__tai20_15_05,1339,23,1532.0,1708.0
lam1,10,int__tai20_15_05,1339,24,1445.0,1682.0
lam1,10,int__tai20_15_05,1339,25,1528.0,1749.0
lam1,10,int__tai20_15_05,1339,26,1595.0,1766.0
lam1,10,int__tai20_15_05,1339,27,1505.0,1708.0
lam1,10,int__tai20_15_05,1339,28,1471.0,1682.0
lam1,10,int__tai20_15_05,1339,29,1474.0,1709.0
lam1,10,int__tai20_15_05,1339,30,1567.0,1791.0
lam1,10,int__tai20_15_05,1339,31,1639.0,1806.0
lam1,10,int__tai20_15_05,1339,32,1592.0,1797.0
lam1,10,int__tai20_15_05,1339,33,1587.0,1773.0
lam1,10,int__tai20_15_05,1339,34,1608.0,1823.0
lam1,10,int__tai20_15_05,1339,35,1496.0,1703.0
lam1,10,int__tai20_15_05,1339,36,1563.0,1742.0
lam1,10,int__tai20_15_05,1339,37,1483.0,1683.0
lam1,10,int__tai20_15_05,1339,38,1473.0,1669.0
lam1,10,int__tai20_15_05,1339,39,1496.0,1743.0
lam1,10,int__tai20_15_05,1339,40,1490.0,1733.0
lam1,10,int__tai20_15_05,1339,41,1526.0,1740.0
lam1,10,int__tai20_15_05,1339,42,1545.0,1734.0
lam1,10,int__tai20_15_05,1339,43,1499.0,1689.0
lam1,10,int__tai20_15_05,1339,44,1531.0,1741.0
lam1,10,int__tai20_15_05,1339,45,1625.0,1819.0
lam1,10,int__tai20_15_05,1339,46,1594.0,1814.0
lam1,10,int__tai20_15_05,1339,47,1551.0,1761.0
lam1,10,int__tai20_15_05,1339,48,1503.0,1726.0
lam1,10,int__tai20_15_05,1339,49,1546.0,1764.0
lam1,10,int__tai20_15_05,1339,50,1596.0,1780.0
lam1,10,int__tai20_15_05,1339,51,1517.0,1734.0
lam1,10,int__tai20_15_05,1339,52,1538.0,1722.0
lam1,10,int__tai20_15_05,1339,53,1491.0,1682.0
lam1,10,int__tai20_15_05,1339,54,1494.0,1702.0
lam1,10,int__tai20_15_05,1339,55,1524.0,1716.0
lam1,10,int__tai20_15_05,1339,56,1474.0,1685.0
lam1,10,int__tai20_15_05,1339,57,1607.0,1807.0
lam1,10,int__tai20_15_05,1339,58,1572.0,1790.0
lam1,10,int__tai20_15_05,1339,59,1593.0,1784.0
lam1,10,int__tai20_15_05,1339,60,1546.0,1781.0
lam1,10,int__tai20_15_05,1339,61,1546.0,1750.0
lam1,10,int__tai20_15_05,1339,62,1582.0,1800.0
lam1,10,int__tai20_15_05,1339,63,1541.0,1747.0
lam1,10,int__tai20_15_06,1360,0,1486.0,1701.0
lam1,10,int__tai20_15_06,1360,1,1502.0,1754.0
lam1,10,int__tai20_15_06,1360,2,1440.0,1667.0
lam1,10,int__tai20_15_06,1360,3,1516.0,1739.0
lam1,10,int__tai20_15_06,1360,4,1488.0,1748.0
lam1,10,int__tai20_15_06,1360,5,1503.0,1718.0
lam1,10,int__tai20_15_06,1360,6,1521.0,1748.0
lam1,10,int__tai20_15_06,1360,7,1465.0,1707.0
lam1,10,int__tai20_15_06,1360,8,1494.0,1700.0
lam1,10,int__tai20_15_06,1360,9,1451.0,1713.0
lam1,10,int__tai20_15_06,1360,10,1494.0,1717.0
lam1,10,int__tai20_15_06,1360,11,1524.0,1754.0
lam1,10,int__tai20_15_06,1360,12,1482.0,1697.0
lam1,10,int__tai20_15_06,1360,13,1535.0,1768.0
lam1,10,int__tai20_15_06,1360,14,1517.0,1741.0
lam1,10,int__tai20_15_06,1360,15,1503.0,1742.0
lam1,10,int__tai20_15_06,1360,16,1472.0,1693.0
lam1,10,int__tai20_15_06,1360,17,1517.0,1735.0
lam1,10,int__tai20_15_06,1360,18,1557.0,1734.0
lam1,10,int__tai20_15_06,1360,19,1586.0,1885.0
lam1,10,int__tai20_15_06,1360,20,1528.0,1748.0
lam1,10,int__tai20_15_06,1360,21,1444.0,1702.0
lam1,10,int__tai20_15_06,1360,22,1524.0,1752.0
lam1,10,int__tai20_15_06,1360,23,1528.0,1738.0
lam1,10,int__tai20_15_06,1360,24,1593.0,1838.0
lam1,10,int__tai20_15_06,1360,25,1417.0,1674.0
lam1,10,int__tai20_15_06,1360,26,1484.0,1729.0
lam1,10,int__tai20_15_06,1360,27,1542.0,1732.0
lam1,10,int__tai20_15_06,1360,28,1503.0,1693.0
lam1,10,int__tai20_15_06,1360,29,1526.0,1776.0
lam1,10,int__tai20_15_06,1360,30,1468.0,1693.0
lam1,10,int__tai20_15_06,1360,31,1567.0,1852.0
lam1,10,int__tai20_15_06,1360,32,1515.0,1726.0
lam1,10,int__tai20_15_06,1360,33,1517.0,1739.0
lam1,10,int__tai20_15_06,1360,34,1565.0,1770.0
lam1,10,int__tai20_15_06,1360,35,1539.0,1751.0
lam1,10,int__tai20_15_06,1360,36,1512.0,1750.0
lam1,10,int__tai20_15_06,1360,37,1579.0,1825.0
lam1,10,int__tai20_15_06,1360,38,1436.0,1677.0
lam1,10,int__tai20_15_06,1360,39,1515.0,1735.0
lam1,10,int__tai20_15_06,1360,40,1527.0,1741.0
lam1,10,int__tai20_15_06,1360,41,1596.0,1840.0
lam1,10,int__tai20_15_06,1360,42,1517.0,1783.0
lam1,10,int__tai20_15_06,1360,43,1489.0,1696.0
lam1,10,int__tai20_15_06,1360,44,1523.0,1794.0
lam1,10,int__tai20_15_06,1360,45,1500.0,1768.0
lam1,10,int__tai20_15_06,1360,46,1508.0,1744.0
lam1,10,int__tai20_15_06,1360,47,1515.0,1756.0
lam1,10,int__tai20_15_06,1360,48,1444.0,1659.0
lam1,10,int__tai20_15_06,1360,49,1551.0,1808.0
lam1,10,int__tai20_15_06,1360,50,1509.0,1752.0
lam1,10,int__tai20_15_06,1360,51,1619.0,1877.0
lam1,10,int__tai20_15_06,1360,52,1538.0,1752.0
lam1,10,int__tai20_15_06,1360,53,1543.0,1770.0
lam1,10,int__tai20_15_06,1360,54,1464.0,1719.0
lam1,10,int__tai20_15_06,1360,55,1501.0,1722.0
lam1,10,int__tai20_15_06,1360,56,1483.0,1725.0
lam1,10,int__tai20_15_06,1360,57,1642.0,1893.0
lam1,10,int__tai20_15_06,1360,58,1500.0,1741.0
lam1,10,int__tai20_15_06,1360,59,1545.0,1753.0
lam1,10,int__tai20_15_06,1360,60,1514.0,1761.0
lam1,10,int__tai20_15_06,1360,61,1496.0,1728.0
lam1,10,int__tai20_15_06,1360,62,1526.0,1728.0
lam1,10,int__tai20_15_06,1360,63,1569.0,1821.0
lam1,10,int__tai20_15_07,1462,0,1574.0,1794.0
lam1,10,int__tai20_15_07,1462,1,1654.0,1860.0
lam1,10,int__tai20_15_07,1462,2,1584.0,1820.0
lam1,10,int__tai20_15_07,1462,3,1630.0,1866.0
lam1,10,int__tai20_15_07,1462,4,1669.0,1930.0
lam1,10,int__tai20_15_07,1462,5,1645.0,1927.0
lam1,10,int__tai20_15_07,1462,6,1637.0,1840.0
lam1,10,int__tai20_15_07,1462,7,1602.0,1857.0
lam1,10,int__tai20_15_07,1462,8,1654.0,1908.0
lam1,10,int__tai20_15_07,1462,9,1533.0,1739.0
lam1,10,int__tai20_15_07,1462,10,1606.0,1834.0
lam1,10,int__tai20_15_07,1462,11,1730.0,1954.0
lam1,10,int__tai20_15_07,1462,12,1567.0,1799.0
lam1,10,int__tai20_15_07,1462,13,1709.0,1952.0
lam1,10,int__tai20_15_07,1462,14,1633.0,1839.0
lam1,10,int__tai20_15_07,1462,15,1674.0,1926.0
lam1,10,int__tai20_15_07,1462,16,1628.0,1865.0
lam1,10,int__tai20_15_07,1462,17,1506.0,1754.0
lam1,10,int__tai20_15_07,1462,18,1641.0,1864.0
lam1,10,int__tai20_15_07,1462,19,1632.0,1880.0
lam1,10,int__tai20_15_07,1462,20,1645.0,1880.0
lam1,10,int__tai20_15_07,1462,21,1528.0,1794.0
lam1,10,int__tai20_15_07,1462,22,1618.0,1874.0
lam1,10,int__tai20_15_07,1462,23,1661.0,1846.0
lam1,10,int__tai20_15_07,1462,24,1700.0,1920.0
lam1,10,int__tai20_15_07,1462,25,1601.0,1845.0
lam1,10,int__tai20_15_07,1462,26,1789.0,2062.0
lam1,10,int__tai20_15_07,1462,27,1592.0,1816.0
lam1,10,int__tai20_15_07,1462,28,1629.0,1804.0
lam1,10,int__tai20_15_07,1462,29,1692.0,1922.0
lam1,10,int__tai20_15_07,1462,30,1527.0,1767.0
lam1,10,int__tai20_15_07,1462,31,1610.0,1865.0
lam1,10,int__tai20_15_07,1462,32,1560.0,1765.0
lam1,10,int__tai20_15_07,1462,33,1602.0,1862.0
lam1,10,int__tai20_15_07,1462,34,1609.0,1840.0
lam1,10,int__tai20_15_07,1462,35,1561.0,1789.0
lam1,10,int__tai20_15_07,1462,36,1664.0,1902.0
lam1,10,int__tai20_15_07,1462,37,1613.0,1823.0
lam1,10,int__tai20_15_07,1462,38,1564.0,1797.0
lam1,10,int__tai20_15_07,1462,39,1637.0,1879.0
lam1,10,int__tai20_15_07,1462,40,1639.0,1897.0
lam1,10,int__tai20_15_07,1462,41,1570.0,1788.0
lam1,10,int__tai20_15_07,1462,42,1592.0,1853.0
lam1,10,int__tai20_15_07,1462,43,1654.0,1891.0
lam1,10,int__tai20_15_07,1462,44,1618.0,1865.0
lam1,10,int__tai20_15_07,1462,45,1608.0,1858.0
lam1,10,int__tai20_15_07,1462,46,1582.0,1827.0
lam1,10,int__tai20_15_07,1462,47,1687.0,1925.0
lam1,10,int__tai20_15_07,1462,48,1665.0,1906.0
lam1,10,int__tai20_15_07,1462,49,1648.0,1897.0
lam1,10,int__tai20_15_07,1462,50,1585.0,1801.0
lam1,10,int__tai20_15_07,1462,51,1494.0,1702.0
lam1,10,int__tai20_15_07,1462,52,1508.0,1694.0
lam1,10,int__tai20_15_07,1462,53,1770.0,2018.0
lam1,10,int__tai20_15_07,1462,54,1594.0,1832.0
lam1,10,int__tai20_15_07,1462,55,1582.0,1819.0
lam1,10,int__tai20_15_07,1462,56,1552.0,1794.0
lam1,10,int__tai20_15_07,1462,57,1680.0,1909.0
lam1,10,int__tai20_15_07,1462,58,1569.0,1780.0
lam1,10,int__tai20_15_07,1462,59,1616.0,1851.0
lam1,10,int__tai20_15_07,1462,60,1578.0,1780.0
lam1,10,int__tai20_15_07,1462,61,1597.0,1847.0
lam1,10,int__tai20_15_07,1462,62,1575.0,1847.0
lam1,10,int__tai20_15_07,1462,63,1659.0,1877.0
lam1,10,int__tai20_15_08,1377,0,1547.0,1752.0
lam1,10,int__tai20_15_08,1377,1,1520.0,1735.0
lam1,10,int__tai20_15_08,1377,2,1566.0,1793.0
lam1,10,int__tai20_15_08,1377,3,1519.0,1726.0
lam1,10,int__tai20_15_08,1377,4,1542.0,1754.0
lam1,10,int__tai20_15_08,1377,5,1509.0,1725.0
lam1,10,int__tai20_15_08,1377,6,1559.0,1790.0
lam1,10,int__tai20_15_08,1377,7,1539.0,1750.0
lam1,10,int__tai20_15_08,1377,8,1536.0,1760.0
lam1,10,int__tai20_15_08,1377,9,1531.0,1754.0
lam1,10,int__tai20_15_08,1377,10,1544.0,1778.0
lam1,10,int__tai20_15_08,1377,11,1552.0,1759.0
lam1,10,int__tai20_15_08,1377,12,1521.0,1730.0
lam1,10,int__tai20_15_08,1377,13,1552.0,1771.0
lam1,10,int__tai20_15_08,1377,14,1573.0,1759.0
lam1,10,int__tai20_15_08,1377,15,1494.0,1738.0
lam1,10,int__tai20_15_08,1377,16,1611.0,1835.0
lam1,10,int__tai20_15_08,1377,17,1525.0,1760.0
lam1,10,int__tai20_15_08,1377,18,1566.0,1797.0
lam1,10,int__tai20_15_08,1377,19,1548.0,1734.0
lam1,10,int__tai20_15_08,1377,20,1579.0,1798.0
lam1,10,int__tai20_15_08,1377,21,1556.0,1758.0
lam1,10,int__tai20_15_08,1377,22,1539.0,1756.0
lam1,10,int__tai20_15_08,1377,23,1549.0,1748.0
lam1,10,int__tai20_15_08,1377,24,1543.0,1766.0
lam1,10,int__tai20_15_08,1377,25,1550.0,1748.0
lam1,10,int__tai20_15_08,1377,26,1546.0,1786.0
lam1,10,int__tai20_15_08,1377,27,1591.0,1835.0
lam1,10,int__tai20_15_08,1377,28,1537.0,1768.0
lam1,10,int__tai20_15_08,1377,29,1534.0,1767.0
lam1,10,int__tai20_15_08,1377,30,1573.0,1781.0
lam1,10,int__tai20_15_08,1377,31,1524.0,1730.0
lam1,10,int__tai20_15_08,1377,32,1484.0,1706.0
lam1,10,int__tai20_15_08,1377,33,1591.0,1803.0
lam1,10,int__tai20_15_08,1377,34,1609.0,1813.0
lam1,10,int__tai20_15_08,1377,35,1516.0,1744.0
lam1,10,int__tai20_15_08,1377,36,1586.0,1790.0
lam1,10,int__tai20_15_08,1377,37,1496.0,1697.0
lam1,10,int__tai20_15_08,1377,38,1511.0,1713.0
lam1,10,int__tai20_15_08,1377,39,1523.0,1755.0
lam1,10,int__tai20_15_08,1377,40,1611.0,1863.0
lam1,10,int__tai20_15_08,1377,41,1480.0,1690.0
lam1,10,int__tai20_15_08,1377,42,1511.0,1711.0
lam1,10,int__tai20_15_08,1377,43,1542.0,1781.0
lam1,10,int__tai20_15_08,1377,44,1479.0,1706.0
lam1,10,int__tai20_15_08,1377,45,1551.0,1757.0
lam1,10,int__tai20_15_08,1377,46,1564.0,1782.0
lam1,10,int__tai20_15_08,1377,47,1548.0,1750.0
lam1,10,int__tai20_15_08,1377,48,1631.0,1825.0
lam1,10,int__tai20_15_08,1377,49,1574.0,1810.0
lam1,10,int__tai20_15_08,1377,50,1568.0,1784.0
lam1,10,int__tai20_15_08,1377,51,1575.0,1792.0
lam1,10,int__tai20_15_08,1377,52,1583.0,1801.0
lam1,10,int__tai20_15_08,1377,53,1558.0,1801.0
lam1,10,int__tai20_15_08,1377,54,1513.0,1747.0
lam1,10,int__tai20_15_08,1377,55,1565.0,1775.0
lam1,10,int__tai20_15_08,1377,56,1607.0,1818.0
lam1,10,int__tai20_15_08,1377,57,1594.0,1806.0
lam1,10,int__tai20_15_08,1377,58,1632.0,1833.0
lam1,10,int__tai20_15_08,1377,59,1607.0,1827.0
lam1,10,int__tai20_15_08,1377,60,1525.0,1726.0
lam1,10,int__tai20_15_08,1377,61,1496.0,1730.0
lam1,10,int__tai20_15_08,1377,62,1588.0,1834.0
lam1,10,int__tai20_15_08,1377,63,1640.0,1803.0
lam1,10,int__tai20_15_09,1332,0,1412.0,1636.0
lam1,10,int__tai20_15_09,1332,1,1442.0,1658.0
lam1,10,int__tai20_15_09,1332,2,1427.0,1644.0
lam1,10,int__tai20_15_09,1332,3,1463.0,1697.0
lam1,10,int__tai20_15_09,1332,4,1465.0,1719.0
lam1,10,int__tai20_15_09,1332,5,1431.0,1688.0
lam1,10,int__tai20_15_09,1332,6,1471.0,1697.0
lam1,10,int__tai20_15_09,1332,7,1430.0,1645.0
lam1,10,int__tai20_15_09,1332,8,1434.0,1658.0
lam1,10,int__tai20_15_09,1332,9,1470.0,1659.0
lam1,10,int__tai20_15_09,1332,10,1442.0,1656.0
lam1,10,int__tai20_15_09,1332,11,1476.0,1691.0
lam1,10,int__tai20_15_09,1332,12,1431.0,1687.0
lam1,10,int__tai20_15_09,1332,13,1460.0,1667.0
lam1,10,int__tai20_15_09,1332,14,1427.0,1662.0
lam1,10,int__tai20_15_09,1332,15,1479.0,1764.0
lam1,10,int__tai20_15_09,1332,16,1446.0,1673.0
lam1,10,int__tai20_15_09,1332,17,1409.0,1655.0
lam1,10,int__tai20_15_09,1332,18,1486.0,1725.0
lam1,10,int__tai20_15_09,1332,19,1475.0,1692.0
lam1,10,int__tai20_15_09,1332,20,1451.0,1686.0
lam1,10,int__tai20_15_09,1332,21,1416.0,1635.0
lam1,10,int__tai20_15_09,1332,22,1432.0,1663.0
lam1,10,int__tai20_15_09,1332,23,1481.0,1688.0
lam1,10,int__tai20_15_09,1332,24,1454.0,1682.0
lam1,10,int__tai20_15_09,1332,25,1437.0,1686.0
lam1,10,int__tai20_15_09,1332,26,1411.0,1673.0
lam1,10,int__tai20_15_09,1332,27,1500.0,1759.0
lam1,10,int__tai20_15_09,1332,28,1443.0,1669.0
lam1,10,int__tai20_15_09,1332,29,1477.0,1714.0
lam1,10,int__tai20_15_09,1332,30,1465.0,1703.0
lam1,10,int__tai20_15_09,1332,31,1448.0,1706.0
lam1,10,int__tai20_15_09,1332,32,1433.0,1621.0
lam1,10,int__tai20_15_09,1332,33,1439.0,1659.0
lam1,10,int__tai20_15_09,1332,34,1426.0,1645.0
lam1,10,int__tai20_15_09,1332,35,1483.0,1742.0
lam1,10,int__tai20_15_09,1332,36,1506.0,1730.0
lam1,10,int__tai20_15_09,1332,37,1458.0,1681.0
lam1,10,int__tai20_15_09,1332,38,1415.0,1651.0
lam1,10,int__tai20_15_09,1332,39,1416.0,1597.0
lam1,10,int__tai20_15_09,1332,40,1470.0,1659.0
lam1,10,int__tai20_15_09,1332,41,1447.0,1698.0
lam1,10,int__tai20_15_09,1332,42,1460.0,1680.0
lam1,10,int__tai20_15_09,1332,43,1445.0,1712.0
lam1,10,int__tai20_15_09,1332,44,1432.0,1702.0
lam1,10,int__tai20_15_09,1332,45,1412.0,1620.0
lam1,10,int__tai20_15_09,1332,46,1438.0,1641.0
lam1,10,int__tai20_15_09,1332,47,1528.0,1753.0
lam1,10,int__tai20_15_09,1332,48,1501.0,1739.0
lam1,10,int__tai20_15_09,1332,49,1439.0,1656.0
lam1,10,int__tai20_15_09,1332,50,1471.0,1727.0
lam1,10,int__tai20_15_09,1332,51,1454.0,1734.0
lam1,10,int__tai20_15_09,1332,52,1471.0,1701.0
lam1,10,int__tai20_15_09,1332,53,1466.0,1728.0
lam1,10,int__tai20_15_09,1332,54,1482.0,1724.0
lam1,10,int__tai20_15_09,1332,55,1445.0,1661.0
lam1,10,int__tai20_15_09,1332,56,1414.0,1670.0
lam1,10,int__tai20_15_09,1332,57,1446.0,1689.0
lam1,10,int__tai20_15_09,1332,58,1421.0,1625.0
lam1,10,int__tai20_15_09,1332,59,1471.0,1683.0
lam1,10,int__tai20_15_09,1332,60,1484.0,1753.0
lam1,10,int__tai20_15_09,1332,61,1440.0,1726.0
lam1,10,int__tai20_15_09,1332,62,1423.0,1655.0
lam1,10,int__tai20_15_09,1332,63,1474.0,1708.0
lam1,10,int__tai20_15_10,1348,0,1458.0,1674.0
lam1,10,int__tai20_15_10,1348,1,1476.0,1676.0
lam1,10,int__tai20_15_10,1348,2,1532.0,1752.0
lam1,10,int__tai20_15_10,1348,3,1478.0,1716.0
lam1,10,int__tai20_15_10,1348,4,1499.0,1726.0
lam1,10,int__tai20_15_10,1348,5,1477.0,1691.0
lam1,10,int__tai20_15_10,1348,6,1523.0,1730.0
lam1,10,int__tai20_15_10,1348,7,1503.0,1738.0
lam1,10,int__tai20_15_10,1348,8,1506.0,1729.0
lam1,10,int__tai20_15_10,1348,9,1444.0,1642.0
lam1,10,int__tai20_15_10,1348,10,1429.0,1649.0
lam1,10,int__tai20_15_10,1348,11,1449.0,1694.0
lam1,10,int__tai20_15_10,1348,12,1486.0,1674.0
lam1,10,int__tai20_15_10,1348,13,1492.0,1727.0
lam1,10,int__tai20_15_10,1348,14,1503.0,1727.0
lam1,10,int__tai20_15_10,1348,15,1506.0,1705.0
lam1,10,int__tai20_15_10,1348,16,1456.0,1684.0
lam1,10,int__tai20_15_10,1348,17,1568.0,1777.0
lam1,10,int__tai20_15_10,1348,18,1420.0,1619.0
lam1,10,int__tai20_15_10,1348,19,1556.0,1768.0
lam1,10,int__tai20_15_10,1348,20,1462.0,1670.0
lam1,10,int__tai20_15_10,1348,21,1510.0,1739.0
lam1,10,int__tai20_15_10,1348,22,1580.0,1817.0
lam1,10,int__tai20_15_10,1348,23,1534.0,1742.0
lam1,10,int__tai20_15_10,1348,24,1436.0,1661.0
lam1,10,int__tai20_15_10,1348,25,1515.0,1775.0
lam1,10,int__tai20_15_10,1348,26,1538.0,1729.0
lam1,10,int__tai20_15_10,1348,27,1451.0,1662.0
lam1,10,int__tai20_15_10,1348,28,1455.0,1689.0
lam1,10,int__tai20_15_10,1348,29,1492.0,1692.0
lam1,10,int__tai20_15_10,1348,30,1576.0,1777.0
lam1,10,int__tai20_15_10,1348,31,1515.0,1713.0
lam1,10,int__tai20_15_10,1348,32,1595.0,1825.0
lam1,10,int__tai20_15_10,1348,33,1477.0,1685.0
lam1,10,int__tai20_15_10,1348,34,1455.0,1697.0
lam1,10,int__tai20_15_10,1348,35,1487.0,1730.0
lam1,10,int__tai20_15_10,1348,36,1513.0,1707.0
lam1,10,int__tai20_15_10,1348,37,1510.0,1772.0
lam1,10,int__tai20_15_10,1348,38,1465.0,1679.0
lam1,10,int__tai20_15_10,1348,39,1539.0,1761.0
lam1,10,int__tai20_15_10,1348,40,1403.0,1620.0
lam1,10,int__tai20_15_10,1348,41,1463.0,1704.0
lam1,10,int__tai20_15_10,1348,42,1536.0,1767.0
lam1,10,int__tai20_15_10,1348,43,1573.0,1810.0
lam1,10,int__tai20_15_10,1348,44,1471.0,1727.0
lam1,10,int__tai20_15_10,1348,45,1483.0,1698.0
lam1,10,int__tai20_15_10,1348,46,1511.0,1742.0
lam1,10,int__tai20_15_10,1348,47,1438.0,1638.0
lam1,10,int__tai20_15_10,1348,48,1475.0,1690.0
lam1,10,int__tai20_15_10,1348,49,1547.0,1740.0
lam1,10,int__tai20_15_10,1348,50,1414.0,1642.0
lam1,10,int__tai20_15_10,1348,51,1478.0,1697.0
lam1,10,int__tai20_15_10,1348,52,1516.0,1737.0
lam1,10,int__tai20_15_10,1348,53,1473.0,1648.0
lam1,10,int__tai20_15_10,1348,54,1443.0,1671.0
lam1,10,int__tai20_15_10,1348,55,1472.0,1689.0
lam1,10,int__tai20_15_10,1348,56,1511.0,1691.0
lam1,10,int__tai20_15_10,1348,57,1427.0,1668.0
lam1,10,int__tai20_15_10,1348,58,1495.0,1701.0
lam1,10,int__tai20_15_10,1348,59,1497.0,1727.0
lam1,10,int__tai20_15_10,1348,60,1517.0,1740.0
lam1,10,int__tai20_15_10,1348,61,1461.0,1686.0
lam1,10,int__tai20_15_10,1348,62,1443.0,1654.0
lam1,10,int__tai20_15_10,1348,63,1474.0,1691.0
lam2,9,int__tai20_15_05,1339,0,1525.0,1711.0
lam2,9,int__tai20_15_05,1339,1,1602.0,1811.0
lam2,9,int__tai20_15_05,1339,2,1507.0,1711.0
lam2,9,int__tai20_15_05,1339,3,1551.0,1770.0
lam2,9,int__tai20_15_05,1339,4,1555.0,1793.0
lam2,9,int__tai20_15_05,1339,5,1604.0,1806.0
lam2,9,int__tai20_15_05,1339,6,1690.0,1893.0
lam2,9,int__tai20_15_05,1339,7,1483.0,1705.0
lam2,9,int__tai20_15_05,1339,8,1592.0,1810.0
lam2,9,int__tai20_15_05,1339,9,1657.0,1857.0
lam2,9,int__tai20_15_05,1339,10,1477.0,1651.0
lam2,9,int__tai20_15_05,1339,11,1712.0,1948.0
lam2,9,int__tai20_15_05,1339,12,1564.0,1771.0
lam2,9,int__tai20_15_05,1339,13,1578.0,1816.0
lam2,9,int__tai20_15_05,1339,14,1523.0,1735.0
lam2,9,int__tai20_15_05,1339,15,1515.0,1758.0
lam2,9,int__tai20_15_05,1339,16,1492.0,1710.0
lam2,9,int__tai20_15_05,1339,17,1550.0,1731.0
lam2,9,int__tai20_15_05,1339,18,1665.0,1902.0
lam2,9,int__tai20_15_05,1339,19,1451.0,1677.0
lam2,9,int__tai20_15_05,1339,20,1480.0,1671.0
lam2,9,int__tai20_15_05,1339,21,1501.0,1697.0
lam2,9,int__tai20_15_05,1339,22,1517.0,1733.0
lam2,9,int__tai20_15_05,1339,23,1596.0,1778.0
lam2,9,int__tai20_15_05,1339,24,1480.0,1685.0
lam2,9,int__tai20_15_05,1339,25,1546.0,1754.0
lam2,9,int__tai20_15_05,1339,26,1643.0,1870.0
lam2,9,int__tai20_15_05,1339,27,1688.0,1884.0
lam2,9,int__tai20_15_05,1339,28,1615.0,1801.0
lam2,9,int__tai20_15_05,1339,29,1460.0,1688.0
lam2,9,int__tai20_15_05,1339,30,1669.0,1897.0
lam2,9,int__tai20_15_05,1339,31,1495.0,1691.0
lam2,9,int__tai20_15_05,1339,32,1541.0,1735.0
lam2,9,int__tai20_15_05,1339,33,1425.0,1677.0
lam2,9,int__tai20_15_05,1339,34,1516.0,1715.0
lam2,9,int__tai20_15_05,1339,35,1481.0,1699.0
lam2,9,int__tai20_15_05,1339,36,1527.0,1721.0
lam2,9,int__tai20_15_05,1339,37,1442.0,1625.0
lam2,9,int__tai20_15_05,1339,38,1452.0,1660.0
lam2,9,int__tai20_15_05,1339,39,1537.0,1740.0
lam2,9,int__tai20_15_05,1339,40,1543.0,1725.0
lam2,9,int__tai20_15_05,1339,41,1521.0,1742.0
lam2,9,int__tai20_15_05,1339,42,1565.0,1775.0
lam2,9,int__tai20_15_05,1339,43,1505.0,1719.0
lam2,9,int__tai20_15_05,1339,44,1419.0,1619.0
lam2,9,int__tai20_15_05,1339,45,1546.0,1755.0
lam2,9,int__tai20_15_05,1339,46,1491.0,1683.0
lam2,9,int__tai20_15_05,1339,47,1579.0,1801.0
lam2,9,int__tai20_15_05,1339,48,1512.0,1696.0
lam2,9,int__tai20_15_05,1339,49,1558.0,1744.0
lam2,9,int__tai20_15_05,1339,50,1507.0,1713.0
lam2,9,int__tai20_15_05,1339,51,1523.0,1704.0
lam2,9,int__tai20_15_05,1339,52,1526.0,1729.0
lam2,9,int__tai20_15_05,1339,53,1614.0,1826.0
lam2,9,int__tai20_15_05,1339,54,1537.0,1747.0
lam2,9,int__tai20_15_05,1339,55,1550.0,1758.0
lam2,9,int__tai20_15_05,1339,56,1528.0,1729.0
lam2,9,int__tai20_15_05,1339,57,1500.0,1692.0
lam2,9,int__tai20_15_05,1339,58,1482.0,1692.0
lam2,9,int__tai20_15_05,1339,59,1558.0,1754.0
lam2,9,int__tai20_15_05,1339,60,1504.0,1721.0
lam2,9,int__tai20_15_05,1339,61,1639.0,1832.0
lam2,9,int__tai20_15_05,1339,62,1531.0,1760.0
lam2,9,int__tai20_15_05,1339,63,1528.0,1701.0
lam2,9,int__tai20_15_06,1360,0,1516.0,1749.0
lam2,9,int__tai20_15_06,1360,1,1434.0,1662.0
lam2,9,int__tai20_15_06,1360,2,1477.0,1721.0
lam2,9,int__tai20_15_06,1360,3,1603.0,1871.0
lam2,9,int__tai20_15_06,1360,4,1568.0,1825.0
lam2,9,int__tai20_15_06,1360,5,1594.0,1812.0
lam2,9,int__tai20_15_06,1360,6,1489.0,1720.0
lam2,9,int__tai20_15_06,1360,7,1529.0,1742.0
lam2,9,int__tai20_15_06,1360,8,1515.0,1742.0
lam2,9,int__tai20_15_06,1360,9,1528.0,1752.0
lam2,9,int__tai20_15_06,1360,10,1499.0,1722.0
lam2,9,int__tai20_15_06,1360,11,1482.0,1711.0
lam2,9,int__tai20_15_06,1360,12,1487.0,1718.0
lam2,9,int__tai20_15_06,1360,13,1523.0,1753.0
lam2,9,int__tai20_15_06,1360,14,1642.0,1890.0
lam2,9,int__tai20_15_06,1360,15,1533.0,1757.0
lam2,9,int__tai20_15_06,1360,16,1492.0,1698.0
lam2,9,int__tai20_15_06,1360,17,1573.0,1803.0
lam2,9,int__tai20_15_06,1360,18,1538.0,1739.0
lam2,9,int__tai20_15_06,1360,19,1485.0,1745.0
lam2,9,int__tai20_15_06,1360,20,1517.0,1771.0
lam2,9,int__tai20_15_06,1360,21,1494.0,1728.0
lam2,9,int__tai20_15_06,1360,22,1503.0,1725.0
lam2,9,int__tai20_15_06,1360,23,1450.0,1676.0
lam2,9,int__tai20_15_06,1360,24,1457.0,1671.0
lam2,9,int__tai20_15_06,1360,25,1516.0,1738.0
lam2,9,int__tai20_15_06,1360,26,1496.0,1746.0
lam2,9,int__tai20_15_06,1360,27,1538.0,1774.0
lam2,9,int__tai20_15_06,1360,28,1526.0,1751.0
lam2,9,int__tai20_15_06,1360,29,1542.0,1826.0
lam2,9,int__tai20_15_06,1360,30,1477.0,1728.0
lam2,9,int__tai20_15_06,1360,31,1568.0,1806.0
lam2,9,int__tai20_15_06,1360,32,1627.0,1861.0
lam2,9,int__tai20_15_06,1360,33,1551.0,1791.0
lam2,9,int__tai20_15_06,1360,34,1592.0,1832.0
lam2,9,int__tai20_15_06,1360,35,1547.0,1780.0
lam2,9,int__tai20_15_06,1360,36,1496.0,1708.0
lam2,9,int__tai20_15_06,1360,37,1575.0,1795.0
lam2,9,int__tai20_15_06,1360,38,1578.0,1778.0
lam2,9,int__tai20_15_06,1360,39,1512.0,1727.0
lam2,9,int__tai20_15_06,1360,40,1510.0,1737.0
lam2,9,int__tai20_15_06,1360,41,1576.0,1800.0
lam2,9,int__tai20_15_06,1360,42,1604.0,1882.0
lam2,9,int__tai20_15_06,1360,43,1442.0,1658.0
lam2,9,int__tai20_15_06,1360,44,1532.0,1758.0
lam2,9,int__tai20_15_06,1360,45,1508.0,1752.0
lam2,9,int__tai20_15_06,1360,46,1560.0,1792.0
lam2,9,int__tai20_15_06,1360,47,1542.0,1773.0
lam2,9,int__tai20_15_06,1360,48,1462.0,1651.0
lam2,9,int__tai20_15_06,1360,49,1512.0,1762.0
lam2,9,int__tai20_15_06,1360,50,1448.0,1639.0
lam2,9,int__tai20_15_06,1360,51,1515.0,1750.0
lam2,9,int__tai20_15_06,1360,52,1495.0,1734.0
lam2,9,int__tai20_15_06,1360,53,1508.0,1738.0
lam2,9,int__tai20_15_06,1360,54,1555.0,1766.0
lam2,9,int__tai20_15_06,1360,55,1519.0,1725.0
lam2,9,int__tai20_15_06,1360,56,1443.0,1661.0
lam2,9,int__tai20_15_06,1360,57,1543.0,1811.0
lam2,9,int__tai20_15_06,1360,58,1496.0,1699.0
lam2,9,int__tai20_15_06,1360,59,1463.0,1657.0
lam2,9,int__tai20_15_06,1360,60,1522.0,1802.0
lam2,9,int__tai20_15_06,1360,61,1585.0,1850.0
lam2,9,int__tai20_15_06,1360,62,1498.0,1716.0
lam2,9,int__tai20_15_06,1360,63,1502.0,1737.0
lam2,9,int__tai20_15_07,1462,0,1584.0,1861.0
lam2,9,int__tai20_15_07,1462,1,1744.0,1982.0
lam2,9,int__tai20_15_07,1462,2,1614.0,1862.0
lam2,9,int__tai20_15_07,1462,3,1583.0,1811.0
lam2,9,int__tai20_15_07,1462,4,1589.0,1835.0
lam2,9,int__tai20_15_07,1462,5,1709.0,1951.0
lam2,9,int__tai20_15_07,1462,6,1636.0,1897.0
lam2,9,int__tai20_15_07,1462,7,1638.0,1823.0
lam2,9,int__tai20_15_07,1462,8,1724.0,1945.0
lam2,9,int__tai20_15_07,1462,9,1647.0,1835.0
lam2,9,int__tai20_15_07,1462,10,1586.0,1817.0
lam2,9,int__tai20_15_07,1462,11,1643.0,1863.0
lam2,9,int__tai20_15_07,1462,12,1617.0,1851.0
lam2,9,int__tai20_15_07,1462,13,1673.0,1910.0
lam2,9,int__tai20_15_07,1462,14,1699.0,1906.0
lam2,9,int__tai20_15_07,1462,15,1636.0,1865.0
lam2,9,int__tai20_15_07,1462,16,1644.0,1881.0
lam2,9,int__tai20_15_07,1462,17,1614.0,1869.0
lam2,9,int__tai20_15_07,1462,18,1724.0,1952.0
lam2,9,int__tai20_15_07,1462,19,1674.0,1932.0
lam2,9,int__tai20_15_07,1462,20,1574.0,1817.0
lam2,9,int__tai20_15_07,1462,21,1692.0,1909.0
lam2,9,int__tai20_15_07,1462,22,1563.0,1829.0
lam2,9,int__tai20_15_07,1462,23,1607.0,1837.0
lam2,9,int__tai20_15_07,1462,24,1602.0,1838.0
lam2,9,int__tai20_15_07,1462,25,1695.0,1920.0
lam2,9,int__tai20_15_07,1462,26,1655.0,1895.0
lam2,9,int__tai20_15_07,1462,27,1659.0,1895.0
lam2,9,int__tai20_15_07,1462,28,1546.0,1771.0
lam2,9,int__tai20_15_07,1462,29,1588.0,1835.0
lam2,9,int__tai20_15_07,1462,30,1544.0,1748.0
lam2,9,int__tai20_15_07,1462,31,1546.0,1811.0
lam2,9,int__tai20_15_07,1462,32,1648.0,1927.0
lam2,9,int__tai20_15_07,1462,33,1685.0,1881.0
lam2,9,int__tai20_15_07,1462,34,1600.0,1849.0
lam2,9,int__tai20_15_07,1462,35,1616.0,1849.0
lam2,9,int__tai20_15_07,1462,36,1635.0,1855.0
lam2,9,int__tai20_15_07,1462,37,1691.0,1946.0
lam2,9,int__tai20_15_07,1462,38,1671.0,1889.0
lam2,9,int__tai20_15_07,1462,39,1593.0,1831.0
lam2,9,int__tai20_15_07,1462,40,1599.0,1814.0
lam2,9,int__tai20_15_07,1462,41,1723.0,1969.0
lam2,9,int__tai20_15_07,1462,42,1645.0,1903.0
lam2,9,int__tai20_15_07,1462,43,1608.0,1851.0
lam2,9,int__tai20_15_07,1462,44,1604.0,1848.0
lam2,9,int__tai20_15_07,1462,45,1579.0,1814.0
lam2,9,int__tai20_15_07,1462,46,1575.0,1828.0
lam2,9,int__tai20_15_07,1462,47,1667.0,1888.0
lam2,9,int__tai20_15_07,1462,48,1652.0,1888.0
lam2,9,int__tai20_15_07,1462,49,1623.0,1883.0
lam2,9,int__tai20_15_07,1462,50,1570.0,1821.0
lam2,9,int__tai20_15_07,1462,51,1672.0,1881.0
lam2,9,int__tai20_15_07,1462,52,1561.0,1811.0
lam2,9,int__tai20_15_07,1462,53,1658.0,1910.0
lam2,9,int__tai20_15_07,1462,54,1620.0,1881.0
lam2,9,int__tai20_15_07,1462,55,1662.0,1887.0
lam2,9,int__tai20_15_07,1462,56,1573.0,1791.0
lam2,9,int__tai20_15_07,1462,57,1630.0,1847.0
lam2,9,int__tai20_15_07,1462,58,1637.0,1893.0
lam2,9,int__tai20_15_07,1462,59,1589.0,1840.0
lam2,9,int__tai20_15_07,1462,60,1603.0,1826.0
lam2,9,int__tai20_15_07,1462,61,1554.0,1786.0
lam2,9,int__tai20_15_07,1462,62,1604.0,1791.0
lam2,9,int__tai20_15_07,1462,63,1653.0,1865.0
lam2,9,int__tai20_15_08,1377,0,1583.0,1803.0
lam2,9,int__tai20_15_08,1377,1,1542.0,1792.0
lam2,9,int__tai20_15_08,1377,2,1588.0,1805.0
lam2,9,int__tai20_15_08,1377,3,1561.0,1756.0
lam2,9,int__tai20_15_08,1377,4,1635.0,1865.0
lam2,9,int__tai20_15_08,1377,5,1557.0,1783.0
lam2,9,int__tai20_15_08,1377,6,1631.0,1836.0
lam2,9,int__tai20_15_08,1377,7,1544.0,1754.0
lam2,9,int__tai20_15_08,1377,8,1605.0,1830.0
lam2,9,int__tai20_15_08,1377,9,1685.0,1883.0
lam2,9,int__tai20_15_08,1377,10,1529.0,1748.0
lam2,9,int__tai20_15_08,1377,11,1513.0,1705.0
lam2,9,int__tai20_15_08,1377,12,1548.0,1744.0
lam2,9,int__tai20_15_08,1377,13,1597.0,1816.0
lam2,9,int__tai20_15_08,1377,14,1587.0,1766.0
lam2,9,int__tai20_15_08,1377,15,1538.0,1736.0
lam2,9,int__tai20_15_08,1377,16,1523.0,1714.0
lam2,9,int__tai20_15_08,1377,17,1569.0,1732.0
lam2,9,int__tai20_15_08,1377,18,1587.0,1795.0
lam2,9,int__tai20_15_08,1377,19,1557.0,1740.0
lam2,9,int__tai20_15_08,1377,20,1601.0,1827.0
lam2,9,int__tai20_15_08,1377,21,1530.0,1760.0
lam2,9,int__tai20_15_08,1377,22,1566.0,1764.0
lam2,9,int__tai20_15_08,1377,23,1548.0,1738.0
lam2,9,int__tai20_15_08,1377,24,1605.0,1804.0
lam2,9,int__tai20_15_08,1377,25,1535.0,1733.0
lam2,9,int__tai20_15_08,1377,26,1585.0,1819.0
lam2,9,int__tai20_15_08,1377,27,1584.0,1774.0
lam2,9,int__tai20_15_08,1377,28,1557.0,1777.0
lam2,9,int__tai20_15_08,1377,29,1607.0,1849.0
lam2,9,int__tai20_15_08,1377,30,1549.0,1768.0
lam2,9,int__tai20_15_08,1377,31,1576.0,1791.0
lam2,9,int__tai20_15_08,1377,32,1585.0,1823.0
lam2,9,int__tai20_15_08,1377,33,1569.0,1795.0
lam2,9,int__tai20_15_08,1377,34,1542.0,1758.0
lam2,9,int__tai20_15_08,1377,35,1608.0,1836.0
lam2,9,int__tai20_15_08,1377,36,1580.0,1795.0
lam2,9,int__tai20_15_08,1377,37,1552.0,1767.0
lam2,9,int__tai20_15_08,1377,38,1573.0,1809.0
lam2,9,int__tai20_15_08,1377,39,1515.0,1721.0
lam2,9,int__tai20_15_08,1377,40,1576.0,1780.0
lam2,9,int__tai20_15_08,1377,41,1627.0,1855.0
lam2,9,int__tai20_15_08,1377,42,1587.0,1809.0
lam2,9,int__tai20_15_08,1377,43,1631.0,1853.0
lam2,9,int__tai20_15_08,1377,44,1624.0,1826.0
lam2,9,int__tai20_15_08,1377,45,1521.0,1762.0
lam2,9,int__tai20_15_08,1377,46,1582.0,1771.0
lam2,9,int__tai20_15_08,1377,47,1581.0,1792.0
lam2,9,int__tai20_15_08,1377,48,1542.0,1788.0
lam2,9,int__tai20_15_08,1377,49,1605.0,1826.0
lam2,9,int__tai20_15_08,1377,50,1525.0,1804.0
lam2,9,int__tai20_15_08,1377,51,1563.0,1783.0
lam2,9,int__tai20_15_08,1377,52,1539.0,1719.0
lam2,9,int__tai20_15_08,1377,53,1578.0,1768.0
lam2,9,int__tai20_15_08,1377,54,1530.0,1762.0
lam2,9,int__tai20_15_08,1377,55,1590.0,1781.0
lam2,9,int__tai20_15_08,1377,56,1555.0,1761.0
lam2,9,int__tai20_15_08,1377,57,1569.0,1765.0
lam2,9,int__tai20_15_08,1377,58,1594.0,1829.0
lam2,9,int__tai20_15_08,1377,59,1547.0,1785.0
lam2,9,int__tai20_15_08,1377,60,1601.0,1820.0
lam2,9,int__tai20_15_08,1377,61,1513.0,1714.0
lam2,9,int__tai20_15_08,1377,62,1602.0,1823.0
lam2,9,int__tai20_15_08,1377,63,1561.0,1788.0
lam2,9,int__tai20_15_09,1332,0,1440.0,1628.0
lam2,9,int__tai20_15_09,1332,1,1419.0,1645.0
lam2,9,int__tai20_15_09,1332,2,1484.0,1645.0
lam2,9,int__tai20_15_09,1332,3,1448.0,1677.0
lam2,9,int__tai20_15_09,1332,4,1426.0,1644.0
lam2,9,int__tai20_15_09,1332,5,1507.0,1755.0
lam2,9,int__tai20_15_09,1332,6,1492.0,1740.0
lam2,9,int__tai20_15_09,1332,7,1519.0,1737.0
lam2,9,int__tai20_15_09,1332,8,1469.0,1698.0
lam2,9,int__tai20_15_09,1332,9,1446.0,1614.0
lam2,9,int__tai20_15_09,1332,10,1486.0,1741.0
lam2,9,int__tai20_15_09,1332,11,1477.0,1684.0
lam2,9,int__tai20_15_09,1332,12,1462.0,1661.0
lam2,9,int__tai20_15_09,1332,13,1609.0,1841.0
lam2,9,int__tai20_15_09,1332,14,1441.0,1685.0
lam2,9,int__tai20_15_09,1332,15,1455.0,1680.0
lam2,9,int__tai20_15_09,1332,16,1479.0,1701.0
lam2,9,int__tai20_15_09,1332,17,1452.0,1710.0
lam2,9,int__tai20_15_09,1332,18,1462.0,1716.0
lam2,9,int__tai20_15_09,1332,19,1498.0,1714.0
lam2,9,int__tai20_15_09,1332,20,1402.0,1632.0
lam2,9,int__tai20_15_09,1332,21,1468.0,1648.0
lam2,9,int__tai20_15_09,1332,22,1402.0,1588.0
lam2,9,int__tai20_15_09,1332,23,1471.0,1674.0
lam2,9,int__tai20_15_09,1332,24,1445.0,1641.0
lam2,9,int__tai20_15_09,1332,25,1392.0,1594.0
lam2,9,int__tai20_15_09,1332,26,1490.0,1687.0
lam2,9,int__tai20_15_09,1332,27,1449.0,1654.0
lam2,9,int__tai20_15_09,1332,28,1492.0,1716.0
lam2,9,int__tai20_15_09,1332,29,1465.0,1697.0
lam2,9,int__tai20_15_09,1332,30,1446.0,1651.0
lam2,9,int__tai20_15_09,1332,31,1502.0,1703.0
lam2,9,int__tai20_15_09,1332,32,1505.0,1712.0
lam2,9,int__tai20_15_09,1332,33,1396.0,1608.0
lam2,9,int__tai20_15_09,1332,34,1549.0,1766.0
lam2,9,int__tai20_15_09,1332,35,1402.0,1584.0
lam2,9,int__tai20_15_09,1332,36,1518.0,1750.0
lam2,9,int__tai20_15_09,1332,37,1484.0,1648.0
lam2,9,int__tai20_15_09,1332,38,1468.0,1681.0
lam2,9,int__tai20_15_09,1332,39,1496.0,1692.0
lam2,9,int__tai20_15_09,1332,40,1421.0,1647.0
lam2,9,int__tai20_15_09,1332,41,1429.0,1680.0
lam2,9,int__tai20_15_09,1332,42,1502.0,1734.0
lam2,9,int__tai20_15_09,1332,43,1519.0,1712.0
lam2,9,int__tai20_15_09,1332,44,1444.0,1650.0
lam2,9,int__tai20_15_09,1332,45,1487.0,1733.0
lam2,9,int__tai20_15_09,1332,46,1476.0,1669.0
lam2,9,int__tai20_15_09,1332,47,1442.0,1652.0
lam2,9,int__tai20_15_09,1332,48,1486.0,1709.0
lam2,9,int__tai20_15_09,1332,49,1469.0,1664.0
lam2,9,int__tai20_15_09,1332,50,1434.0,1655.0
lam2,9,int__tai20_15_09,1332,51,1538.0,1752.0
lam2,9,int__tai20_15_09,1332,52,1430.0,1661.0
lam2,9,int__tai20_15_09,1332,53,1507.0,1780.0
lam2,9,int__tai20_15_09,1332,54,1437.0,1695.0
lam2,9,int__tai20_15_09,1332,55,1438.0,1637.0
lam2,9,int__tai20_15_09,1332,56,1472.0,1700.0
lam2,9,int__tai20_15_09,1332,57,1461.0,1661.0
lam2,9,int__tai20_15_09,1332,58,1436.0,1639.0
lam2,9,int__tai20_15_09,1332,59,1432.0,1642.0
lam2,9,int__tai20_15_09,1332,60,1462.0,1730.0
lam2,9,int__tai20_15_09,1332,61,1516.0,1708.0
lam2,9,int__tai20_15_09,1332,62,1483.0,1707.0
lam2,9,int__tai20_15_09,1332,63,1433.0,1649.0
lam2,9,int__tai20_15_10,1348,0,1490.0,1729.0
lam2,9,int__tai20_15_10,1348,1,1474.0,1716.0
lam2,9,int__tai20_15_10,1348,2,1430.0,1642.0
lam2,9,int__tai20_15_10,1348,3,1462.0,1654.0
lam2,9,int__tai20_15_10,1348,4,1450.0,1665.0
lam2,9,int__tai20_15_10,1348,5,1531.0,1731.0
lam2,9,int__tai20_15_10,1348,6,1535.0,1735.0
lam2,9,int__tai20_15_10,1348,7,1513.0,1744.0
lam2,9,int__tai20_15_10,1348,8,1669.0,1918.0
lam2,9,int__tai20_15_10,1348,9,1502.0,1711.0
lam2,9,int__tai20_15_10,1348,10,1489.0,1703.0
lam2,9,int__tai20_15_10,1348,11,1521.0,1742.0
lam2,9,int__tai20_15_10,1348,12,1549.0,1753.0
lam2,9,int__tai20_15_10,1348,13,1523.0,1745.0
lam2,9,int__tai20_15_10,1348,14,1554.0,1762.0
lam2,9,int__tai20_15_10,1348,15,1491.0,1727.0
lam2,9,int__tai20_15_10,1348,16,1453.0,1665.0
lam2,9,int__tai20_15_10,1348,17,1524.0,1739.0
lam2,9,int__tai20_15_10,1348,18,1532.0,1777.0
lam2,9,int__tai20_15_10,1348,19,1570.0,1794.0
lam2,9,int__tai20_15_10,1348,20,1499.0,1715.0
lam2,9,int__tai20_15_10,1348,21,1531.0,1736.0
lam2,9,int__tai20_15_10,1348,22,1487.0,1696.0
lam2,9,int__tai20_15_10,1348,23,1504.0,1712.0
lam2,9,int__tai20_15_10,1348,24,1537.0,1778.0
lam2,9,int__tai20_15_10,1348,25,1557.0,1752.0
lam2,9,int__tai20_15_10,1348,26,1575.0,1779.0
lam2,9,int__tai20_15_10,1348,27,1498.0,1748.0
lam2,9,int__tai20_15_10,1348,28,1523.0,1717.0
lam2,9,int__tai20_15_10,1348,29,1467.0,1691.0
lam2,9,int__tai20_15_10,1348,30,1645.0,1864.0
lam2,9,int__tai20_15_10,1348,31,1478.0,1694.0
lam2,9,int__tai20_15_10,1348,32,1458.0,1675.0
lam2,9,int__tai20_15_10,1348,33,1504.0,1762.0
lam2,9,int__tai20_15_10,1348,34,1515.0,1716.0
lam2,9,int__tai20_15_10,1348,35,1569.0,1827.0
lam2,9,int__tai20_15_10,1348,36,1488.0,1707.0
lam2,9,int__tai20_15_10,1348,37,1532.0,1777.0
lam2,9,int__tai20_15_10,1348,38,1483.0,1744.0
lam2,9,int__tai20_15_10,1348,39,1504.0,1700.0
lam2,9,int__tai20_15_10,1348,40,1517.0,1749.0
lam2,9,int__tai20_15_10,1348,41,1597.0,1823.0
lam2,9,int__tai20_15_10,1348,42,1529.0,1753.0
lam2,9,int__tai20_15_10,1348,43,1503.0,1731.0
lam2,9,int__tai20_15_10,1348,44,1533.0,1785.0
lam2,9,int__tai20_15_10,1348,45,1562.0,1773.0
lam2,9,int__tai20_15_10,1348,46,1487.0,1713.0
lam2,9,int__tai20_15_10,1348,47,1527.0,1760.0
lam2,9,int__tai20_15_10,1348,48,1459.0,1691.0
lam2,9,int__tai20_15_10,1348,49,1498.0,1732.0
lam2,9,int__tai20_15_10,1348,50,1524.0,1749.0
lam2,9,int__tai20_15_10,1348,51,1474.0,1697.0
lam2,9,int__tai20_15_10,1348,52,1551.0,1784.0
lam2,9,int__tai20_15_10,1348,53,1552.0,1758.0
lam2,9,int__tai20_15_10,1348,54,1449.0,1662.0
lam2,9,int__tai20_15_10,1348,55,1492.0,1695.0
lam2,9,int__tai20_15_10,1348,56,1556.0,1814.0
lam2,9,int__tai20_15_10,1348,57,1552.0,1783.0
lam2,9,int__tai20_15_10,1348,58,1487.0,1723.0
lam2,9,int__tai20_15_10,1348,59,1488.0,1708.0
lam2,9,int__tai20_15_10,1348,60,1573.0,1816.0
lam2,9,int__tai20_15_10,1348,61,1554.0,1770.0
lam2,9,int__tai20_15_10,1348,62,1631.0,1825.0
lam2,9,int__tai20_15_10,1348,63,1564.0,1788.0
lam4,8,int__tai20_15_05,1339,0,1508.0,1699.0
lam4,8,int__tai20_15_05,1339,1,1509.0,1739.0
lam4,8,int__tai20_15_05,1339,2,1455.0,1677.0
lam4,8,int__tai20_15_05,1339,3,1532.0,1715.0
lam4,8,int__tai20_15_05,1339,4,1511.0,1672.0
lam4,8,int__tai20_15_05,1339,5,1584.0,1771.0
lam4,8,int__tai20_15_05,1339,6,1481.0,1690.0
lam4,8,int__tai20_15_05,1339,7,1500.0,1690.0
lam4,8,int__tai20_15_05,1339,8,1446.0,1635.0
lam4,8,int__tai20_15_05,1339,9,1580.0,1786.0
lam4,8,int__tai20_15_05,1339,10,1473.0,1678.0
lam4,8,int__tai20_15_05,1339,11,1579.0,1778.0
lam4,8,int__tai20_15_05,1339,12,1534.0,1771.0
lam4,8,int__tai20_15_05,1339,13,1660.0,1869.0
lam4,8,int__tai20_15_05,1339,14,1565.0,1760.0
lam4,8,int__tai20_15_05,1339,15,1501.0,1708.0
lam4,8,int__tai20_15_05,1339,16,1461.0,1694.0
lam4,8,int__tai20_15_05,1339,17,1523.0,1724.0
lam4,8,int__tai20_15_05,1339,18,1510.0,1698.0
lam4,8,int__tai20_15_05,1339,19,1525.0,1723.0
lam4,8,int__tai20_15_05,1339,20,1473.0,1669.0
lam4,8,int__tai20_15_05,1339,21,1589.0,1785.0
lam4,8,int__tai20_15_05,1339,22,1514.0,1717.0
lam4,8,int__tai20_15_05,1339,23,1514.0,1690.0
lam4,8,int__tai20_15_05,1339,24,1471.0,1701.0
lam4,8,int__tai20_15_05,1339,25,1543.0,1723.0
lam4,8,int__tai20_15_05,1339,26,1464.0,1675.0
lam4,8,int__tai20_15_05,1339,27,1470.0,1685.0
lam4,8,int__tai20_15_05,1339,28,1554.0,1775.0
lam4,8,int__tai20_15_05,1339,29,1483.0,1659.0
lam4,8,int__tai20_15_05,1339,30,1515.0,1719.0
lam4,8,int__tai20_15_05,1339,31,1553.0,1756.0
lam4,8,int__tai20_15_05,1339,32,1535.0,1751.0
lam4,8,int__tai20_15_05,1339,33,1484.0,1676.0
lam4,8,int__tai20_15_05,1339,34,1468.0,1675.0
lam4,8,int__tai20_15_05,1339,35,1552.0,1762.0
lam4,8,int__tai20_15_05,1339,36,1529.0,1735.0
lam4,8,int__tai20_15_05,1339,37,1492.0,1664.0
lam4,8,int__tai20_15_05,1339,38,1493.0,1695.0
lam4,8,int__tai20_15_05,1339,39,1600.0,1780.0
lam4,8,int__tai20_15_05,1339,40,1573.0,1819.0
lam4,8,int__tai20_15_05,1339,41,1535.0,1745.0
lam4,8,int__tai20_15_05,1339,42,1461.0,1689.0
lam4,8,int__tai20_15_05,1339,43,1514.0,1747.0
lam4,8,int__tai20_15_05,1339,44,1492.0,1679.0
lam4,8,int__tai20_15_05,1339,45,1597.0,1836.0
lam4,8,int__tai20_15_05,1339,46,1471.0,1685.0
lam4,8,int__tai20_15_05,1339,47,1460.0,1682.0
lam4,8,int__tai20_15_05,1339,48,1462.0,1673.0
lam4,8,int__tai20_15_05,1339,49,1447.0,1654.0
lam4,8,int__tai20_15_05,1339,50,1559.0,1752.0
lam4,8,int__tai20_15_05,1339,51,1604.0,1831.0
lam4,8,int__tai20_15_05,1339,52,1426.0,1636.0
lam4,8,int__tai20_15_05,1339,53,1438.0,1646.0
lam4,8,int__tai20_15_05,1339,54,1516.0,1679.0
lam4,8,int__tai20_15_05,1339,55,1501.0,1759.0
lam4,8,int__tai20_15_05,1339,56,1481.0,1701.0
lam4,8,int__tai20_15_05,1339,57,1511.0,1727.0
lam4,8,int__tai20_15_05,1339,58,1517.0,1739.0
lam4,8,int__tai20_15_05,1339,59,1460.0,1678.0
lam4,8,int__tai20_15_05,1339,60,1479.0,1689.0
lam4,8,int__tai20_15_05,1339,61,1509.0,1735.0
lam4,8,int__tai20_15_05,1339,62,1530.0,1755.0
lam4,8,int__tai20_15_05,1339,63,1466.0,1657.0
lam4,8,int__tai20_15_06,1360,0,1501.0,1726.0
lam4,8,int__tai20_15_06,1360,1,1496.0,1733.0
lam4,8,int__tai20_15_06,1360,2,1505.0,1764.0
lam4,8,int__tai20_15_06,1360,3,1565.0,1808.0
lam4,8,int__tai20_15_06,1360,4,1559.0,1770.0
lam4,8,int__tai20_15_06,1360,5,1531.0,1769.0
lam4,8,int__tai20_15_06,1360,6,1635.0,1874.0
lam4,8,int__tai20_15_06,1360,7,1555.0,1768.0
lam4,8,int__tai20_15_06,1360,8,1567.0,1757.0
lam4,8,int__tai20_15_06,1360,9,1580.0,1815.0
lam4,8,int__tai20_15_06,1360,10,1495.0,1773.0
lam4,8,int__tai20_15_06,1360,11,1501.0,1749.0
lam4,8,int__tai20_15_06,1360,12,1497.0,1726.0
lam4,8,int__tai20_15_06,1360,13,1463.0,1720.0
lam4,8,int__tai20_15_06,1360,14,1639.0,1831.0
lam4,8,int__tai20_15_06,1360,15,1634.0,1874.0
lam4,8,int__tai20_15_06,1360,16,1537.0,1778.0
lam4,8,int__tai20_15_06,1360,17,1539.0,1748.0
lam4,8,int__tai20_15_06,1360,18,1572.0,1780.0
lam4,8,int__tai20_15_06,1360,19,1521.0,1739.0
lam4,8,int__tai20_15_06,1360,20,1637.0,1846.0
lam4,8,int__tai20_15_06,1360,21,1500.0,1689.0
lam4,8,int__tai20_15_06,1360,22,1532.0,1788.0
lam4,8,int__tai20_15_06,1360,23,1551.0,1786.0
lam4,8,int__tai20_15_06,1360,24,1528.0,1743.0
lam4,8,int__tai20_15_06,1360,25,1589.0,1784.0
lam4,8,int__tai20_15_06,1360,26,1535.0,1790.0
lam4,8,int__tai20_15_06,1360,27,1586.0,1824.0
lam4,8,int__tai20_15_06,1360,28,1520.0,1762.0
lam4,8,int__tai20_15_06,1360,29,1545.0,1784.0
lam4,8,int__tai20_15_06,1360,30,1551.0,1754.0
lam4,8,int__tai20_15_06,1360,31,1467.0,1670.0
lam4,8,int__tai20_15_06,1360,32,1519.0,1727.0
lam4,8,int__tai20_15_06,1360,33,1490.0,1716.0
lam4,8,int__tai20_15_06,1360,34,1555.0,1780.0
lam4,8,int__tai20_15_06,1360,35,1573.0,1809.0
lam4,8,int__tai20_15_06,1360,36,1574.0,1787.0
lam4,8,int__tai20_15_06,1360,37,1513.0,1709.0
lam4,8,int__tai20_15_06,1360,38,1623.0,1863.0
lam4,8,int__tai20_15_06,1360,39,1474.0,1679.0
lam4,8,int__tai20_15_06,1360,40,1510.0,1766.0
lam4,8,int__tai20_15_06,1360,41,1509.0,1716.0
lam4,8,int__tai20_15_06,1360,42,1436.0,1640.0
lam4,8,int__tai20_15_06,1360,43,1507.0,1738.0
lam4,8,int__tai20_15_06,1360,44,1563.0,1794.0
lam4,8,int__tai20_15_06,1360,45,1585.0,1807.0
lam4,8,int__tai20_15_06,1360,46,1541.0,1776.0
lam4,8,int__tai20_15_06,1360,47,1494.0,1730.0
lam4,8,int__tai20_15_06,1360,48,1558.0,1782.0
lam4,8,int__tai20_15_06,1360,49,1637.0,1869.0
lam4,8,int__tai20_15_06,1360,50,1519.0,1748.0
lam4,8,int__tai20_15_06,1360,51,1555.0,1749.0
lam4,8,int__tai20_15_06,1360,52,1565.0,1797.0
lam4,8,int__tai20_15_06,1360,53,1502.0,1724.0
lam4,8,int__tai20_15_06,1360,54,1531.0,1739.0
lam4,8,int__tai20_15_06,1360,55,1631.0,1864.0
lam4,8,int__tai20_15_06,1360,56,1515.0,1738.0
lam4,8,int__tai20_15_06,1360,57,1569.0,1783.0
lam4,8,int__tai20_15_06,1360,58,1528.0,1723.0
lam4,8,int__tai20_15_06,1360,59,1612.0,1878.0
lam4,8,int__tai20_15_06,1360,60,1562.0,1795.0
lam4,8,int__tai20_15_06,1360,61,1551.0,1796.0
lam4,8,int__tai20_15_06,1360,62,1525.0,1747.0
lam4,8,int__tai20_15_06,1360,63,1559.0,1760.0
lam4,8,int__tai20_15_07,1462,0,1498.0,1700.0
lam4,8,int__tai20_15_07,1462,1,1667.0,1917.0
lam4,8,int__tai20_15_07,1462,2,1652.0,1865.0
lam4,8,int__tai20_15_07,1462,3,1579.0,1792.0
lam4,8,int__tai20_15_07,1462,4,1557.0,1735.0
lam4,8,int__tai20_15_07,1462,5,1641.0,1861.0
lam4,8,int__tai20_15_07,1462,6,1594.0,1842.0
lam4,8,int__tai20_15_07,1462,7,1603.0,1813.0
lam4,8,int__tai20_15_07,1462,8,1593.0,1837.0
lam4,8,int__tai20_15_07,1462,9,1617.0,1873.0
lam4,8,int__tai20_15_07,1462,10,1584.0,1803.0
lam4,8,int__tai20_15_07,1462,11,1615.0,1842.0
lam4,8,int__tai20_15_07,1462,12,1578.0,1811.0
lam4,8,int__tai20_15_07,1462,13,1664.0,1894.0
lam4,8,int__tai20_15_07,1462,14,1630.0,1881.0
lam4,8,int__tai20_15_07,1462,15,1628.0,1887.0
lam4,8,int__tai20_15_07,1462,16,1646.0,1866.0
lam4,8,int__tai20_15_07,1462,17,1618.0,1874.0
lam4,8,int__tai20_15_07,1462,18,1642.0,1905.0
lam4,8,int__tai20_15_07,1462,19,1676.0,1939.0
lam4,8,int__tai20_15_07,1462,20,1533.0,1785.0
lam4,8,int__tai20_15_07,1462,21,1557.0,1796.0
lam4,8,int__tai20_15_07,1462,22,1633.0,1879.0
lam4,8,int__tai20_15_07,1462,23,1588.0,1802.0
lam4,8,int__tai20_15_07,1462,24,1605.0,1860.0
lam4,8,int__tai20_15_07,1462,25,1548.0,1748.0
lam4,8,int__tai20_15_07,1462,26,1605.0,1827.0
lam4,8,int__tai20_15_07,1462,27,1598.0,1809.0
lam4,8,int__tai20_15_07,1462,28,1546.0,1771.0
lam4,8,int__tai20_15_07,1462,29,1659.0,1870.0
lam4,8,int__tai20_15_07,1462,30,1626.0,1864.0
lam4,8,int__tai20_15_07,1462,31,1523.0,1710.0
lam4,8,int__tai20_15_07,1462,32,1612.0,1849.0
lam4,8,int__tai20_15_07,1462,33,1600.0,1836.0
lam4,8,int__tai20_15_07,1462,34,1536.0,1784.0
lam4,8,int__tai20_15_07,1462,35,1632.0,1891.0
lam4,8,int__tai20_15_07,1462,36,1624.0,1865.0
lam4,8,int__tai20_15_07,1462,37,1562.0,1788.0
lam4,8,int__tai20_15_07,1462,38,1592.0,1848.0
lam4,8,int__tai20_15_07,1462,39,1601.0,1844.0
lam4,8,int__tai20_15_07,1462,40,1621.0,1859.0
lam4,8,int__tai20_15_07,1462,41,1654.0,1889.0
lam4,8,int__tai20_15_07,1462,42,1575.0,1834.0
lam4,8,int__tai20_15_07,1462,43,1560.0,1780.0
lam4,8,int__tai20_15_07,1462,44,1599.0,1844.0
lam4,8,int__tai20_15_07,1462,45,1650.0,1906.0
lam4,8,int__tai20_15_07,1462,46,1592.0,1780.0
lam4,8,int__tai20_15_07,1462,47,1589.0,1793.0
lam4,8,int__tai20_15_07,1462,48,1590.0,1792.0
lam4,8,int__tai20_15_07,1462,49,1562.0,1791.0
lam4,8,int__tai20_15_07,1462,50,1583.0,1818.0
lam4,8,int__tai20_15_07,1462,51,1605.0,1819.0
lam4,8,int__tai20_15_07,1462,52,1482.0,1686.0
lam4,8,int__tai20_15_07,1462,53,1760.0,2010.0
lam4,8,int__tai20_15_07,1462,54,1605.0,1841.0
lam4,8,int__tai20_15_07,1462,55,1636.0,1846.0
lam4,8,int__tai20_15_07,1462,56,1637.0,1868.0
lam4,8,int__tai20_15_07,1462,57,1577.0,1824.0
lam4,8,int__tai20_15_07,1462,58,1589.0,1823.0
lam4,8,int__tai20_15_07,1462,59,1559.0,1786.0
lam4,8,int__tai20_15_07,1462,60,1531.0,1775.0
lam4,8,int__tai20_15_07,1462,61,1638.0,1840.0
lam4,8,int__tai20_15_07,1462,62,1663.0,1939.0
lam4,8,int__tai20_15_07,1462,63,1560.0,1781.0
lam4,8,int__tai20_15_08,1377,0,1658.0,1898.0
lam4,8,int__tai20_15_08,1377,1,1704.0,1933.0
lam4,8,int__tai20_15_08,1377,2,1653.0,1899.0
lam4,8,int__tai20_15_08,1377,3,1565.0,1804.0
lam4,8,int__tai20_15_08,1377,4,1584.0,1814.0
lam4,8,int__tai20_15_08,1377,5,1529.0,1776.0
lam4,8,int__tai20_15_08,1377,6,1526.0,1767.0
lam4,8,int__tai20_15_08,1377,7,1639.0,1852.0
lam4,8,int__tai20_15_08,1377,8,1545.0,1750.0
lam4,8,int__tai20_15_08,1377,9,1561.0,1794.0
lam4,8,int__tai20_15_08,1377,10,1662.0,1871.0
lam4,8,int__tai20_15_08,1377,11,1548.0,1777.0
lam4,8,int__tai20_15_08,1377,12,1550.0,1764.0
lam4,8,int__tai20_15_08,1377,13,1616.0,1833.0
lam4,8,int__tai20_15_08,1377,14,1620.0,1850.0
lam4,8,int__tai20_15_08,1377,15,1650.0,1907.0
lam4,8,int__tai20_15_08,1377,16,1581.0,1808.0
lam4,8,int__tai20_15_08,1377,17,1604.0,1840.0
lam4,8,int__tai20_15_08,1377,18,1622.0,1872.0
lam4,8,int__tai20_15_08,1377,19,1489.0,1696.0
lam4,8,int__tai20_15_08,1377,20,1573.0,1823.0
lam4,8,int__tai20_15_08,1377,21,1573.0,1811.0
lam4,8,int__tai20_15_08,1377,22,1603.0,1812.0
lam4,8,int__tai20_15_08,1377,23,1547.0,1771.0
lam4,8,int__tai20_15_08,1377,24,1641.0,1856.0
lam4,8,int__tai20_15_08,1377,25,1673.0,1940.0
lam4,8,int__tai20_15_08,1377,26,1577.0,1817.0
lam4,8,int__tai20_15_08,1377,27,1635.0,1873.0
lam4,8,int__tai20_15_08,1377,28,1538.0,1758.0
lam4,8,int__tai20_15_08,1377,29,1556.0,1794.0
lam4,8,int__tai20_15_08,1377,30,1588.0,1786.0
lam4,8,int__tai20_15_08,1377,31,1575.0,1815.0
lam4,8,int__tai20_15_08,1377,32,1509.0,1735.0
lam4,8,int__tai20_15_08,1377,33,1570.0,1771.0
lam4,8,int__tai20_15_08,1377,34,1599.0,1832.0
lam4,8,int__tai20_15_08,1377,35,1549.0,1767.0
lam4,8,int__tai20_15_08,1377,36,1684.0,1880.0
lam4,8,int__tai20_15_08,1377,37,1545.0,1765.0
lam4,8,int__tai20_15_08,1377,38,1634.0,1811.0
lam4,8,int__tai20_15_08,1377,39,1553.0,1773.0
lam4,8,int__tai20_15_08,1377,40,1628.0,1880.0
lam4,8,int__tai20_15_08,1377,41,1562.0,1783.0
lam4,8,int__tai20_15_08,1377,42,1593.0,1815.0
lam4,8,int__tai20_15_08,1377,43,1615.0,1813.0
lam4,8,int__tai20_15_08,1377,44,1565.0,1769.0
lam4,8,int__tai20_15_08,1377,45,1541.0,1761.0
lam4,8,int__tai20_15_08,1377,46,1591.0,1834.0
lam4,8,int__tai20_15_08,1377,47,1551.0,1771.0
lam4,8,int__tai20_15_08,1377,48,1575.0,1809.0
lam4,8,int__tai20_15_08,1377,49,1548.0,1769.0
lam4,8,int__tai20_15_08,1377,50,1622.0,1863.0
lam4,8,int__tai20_15_08,1377,51,1614.0,1843.0
lam4,8,int__tai20_15_08,1377,52,1597.0,1813.0
lam4,8,int__tai20_15_08,1377,53,1562.0,1787.0
lam4,8,int__tai20_15_08,1377,54,1572.0,1785.0
lam4,8,int__tai20_15_08,1377,55,1579.0,1790.0
lam4,8,int__tai20_15_08,1377,56,1500.0,1726.0
lam4,8,int__tai20_15_08,1377,57,1655.0,1847.0
lam4,8,int__tai20_15_08,1377,58,1605.0,1833.0
lam4,8,int__tai20_15_08,1377,59,1627.0,1888.0
lam4,8,int__tai20_15_08,1377,60,1603.0,1823.0
lam4,8,int__tai20_15_08,1377,61,1628.0,1857.0
lam4,8,int__tai20_15_08,1377,62,1510.0,1717.0
lam4,8,int__tai20_15_08,1377,63,1620.0,1874.0
lam4,8,int__tai20_15_09,1332,0,1478.0,1693.0
lam4,8,int__tai20_15_09,1332,1,1445.0,1630.0
lam4,8,int__tai20_15_09,1332,2,1498.0,1724.0
lam4,8,int__tai20_15_09,1332,3,1505.0,1721.0
lam4,8,int__tai20_15_09,1332,4,1457.0,1659.0
lam4,8,int__tai20_15_09,1332,5,1459.0,1657.0
lam4,8,int__tai20_15_09,1332,6,1507.0,1713.0
lam4,8,int__tai20_15_09,1332,7,1461.0,1666.0
lam4,8,int__tai20_15_09,1332,8,1479.0,1682.0
lam4,8,int__tai20_15_09,1332,9,1545.0,1774.0
lam4,8,int__tai20_15_09,1332,10,1480.0,1717.0
lam4,8,int__tai20_15_09,1332,11,1502.0,1700.0
lam4,8,int__tai20_15_09,1332,12,1452.0,1686.0
lam4,8,int__tai20_15_09,1332,13,1482.0,1705.0
lam4,8,int__tai20_15_09,1332,14,1517.0,1701.0
lam4,8,int__tai20_15_09,1332,15,1396.0,1638.0
lam4,8,int__tai20_15_09,1332,16,1438.0,1627.0
lam4,8,int__tai20_15_09,1332,17,1475.0,1672.0
lam4,8,int__tai20_15_09,1332,18,1498.0,1704.0
lam4,8,int__tai20_15_09,1332,19,1532.0,1734.0
lam4,8,int__tai20_15_09,1332,20,1512.0,1705.0
lam4,8,int__tai20_15_09,1332,21,1417.0,1682.0
lam4,8,int__tai20_15_09,1332,22,1491.0,1719.0
lam4,8,int__tai20_15_09,1332,23,1420.0,1643.0
lam4,8,int__tai20_15_09,1332,24,1494.0,1686.0
lam4,8,int__tai20_15_09,1332,25,1510.0,1716.0
lam4,8,int__tai20_15_09,1332,26,1435.0,1685.0
lam4,8,int__tai20_15_09,1332,27,1450.0,1664.0
lam4,8,int__tai20_15_09,1332,28,1495.0,1721.0
lam4,8,int__tai20_15_09,1332,29,1545.0,1746.0
lam4,8,int__tai20_15_09,1332,30,1455.0,1697.0
lam4,8,int__tai20_15_09,1332,31,1492.0,1709.0
lam4,8,int__tai20_15_09,1332,32,1427.0,1668.0
lam4,8,int__tai20_15_09,1332,33,1493.0,1692.0
lam4,8,int__tai20_15_09,1332,34,1450.0,1711.0
lam4,8,int__tai20_15_09,1332,35,1553.0,1740.0
lam4,8,int__tai20_15_09,1332,36,1447.0,1652.0
lam4,8,int__tai20_15_09,1332,37,1506.0,1684.0
lam4,8,int__tai20_15_09,1332,38,1457.0,1639.0
lam4,8,int__tai20_15_09,1332,39,1491.0,1677.0
lam4,8,int__tai20_15_09,1332,40,1444.0,1681.0
lam4,8,int__tai20_15_09,1332,41,1505.0,1694.0
lam4,8,int__tai20_15_09,1332,42,1443.0,1681.0
lam4,8,int__tai20_15_09,1332,43,1518.0,1746.0
lam4,8,int__tai20_15_09,1332,44,1440.0,1666.0
lam4,8,int__tai20_15_09,1332,45,1455.0,1665.0
lam4,8,int__tai20_15_09,1332,46,1511.0,1737.0
lam4,8,int__tai20_15_09,1332,47,1486.0,1702.0
lam4,8,int__tai20_15_09,1332,48,1504.0,1732.0
lam4,8,int__tai20_15_09,1332,49,1470.0,1731.0
lam4,8,int__tai20_15_09,1332,50,1433.0,1619.0
lam4,8,int__tai20_15_09,1332,51,1451.0,1664.0
lam4,8,int__tai20_15_09,1332,52,1553.0,1749.0
lam4,8,int__tai20_15_09,1332,53,1481.0,1695.0
lam4,8,int__tai20_15_09,1332,54,1483.0,1732.0
lam4,8,int__tai20_15_09,1332,55,1539.0,1745.0
lam4,8,int__tai20_15_09,1332,56,1523.0,1737.0
lam4,8,int__tai20_15_09,1332,57,1475.0,1680.0
lam4,8,int__tai20_15_09,1332,58,1501.0,1703.0
lam4,8,int__tai20_15_09,1332,59,1403.0,1642.0
lam4,8,int__tai20_15_09,1332,60,1527.0,1735.0
lam4,8,int__tai20_15_09,1332,61,1507.0,1721.0
lam4,8,int__tai20_15_09,1332,62,1511.0,1723.0
lam4,8,int__tai20_15_09,1332,63,1505.0,1731.0
lam4,8,int__tai20_15_10,1348,0,1443.0,1685.0
lam4,8,int__tai20_15_10,1348,1,1533.0,1757.0
lam4,8,int__tai20_15_10,1348,2,1554.0,1752.0
lam4,8,int__tai20_15_10,1348,3,1541.0,1787.0
lam4,8,int__tai20_15_10,1348,4,1537.0,1722.0
lam4,8,int__tai20_15_10,1348,5,1550.0,1781.0
lam4,8,int__tai20_15_10,1348,6,1590.0,1797.0
lam4,8,int__tai20_15_10,1348,7,1540.0,1764.0
lam4,8,int__tai20_15_10,1348,8,1590.0,1827.0
lam4,8,int__tai20_15_10,1348,9,1511.0,1732.0
lam4,8,int__tai20_15_10,1348,10,1498.0,1727.0
lam4,8,int__tai20_15_10,1348,11,1475.0,1745.0
lam4,8,int__tai20_15_10,1348,12,1492.0,1668.0
lam4,8,int__tai20_15_10,1348,13,1458.0,1704.0
lam4,8,int__tai20_15_10,1348,14,1610.0,1830.0
lam4,8,int__tai20_15_10,1348,15,1596.0,1810.0
lam4,8,int__tai20_15_10,1348,16,1531.0,1739.0
lam4,8,int__tai20_15_10,1348,17,1468.0,1685.0
lam4,8,int__tai20_15_10,1348,18,1486.0,1685.0
lam4,8,int__tai20_15_10,1348,19,1570.0,1779.0
lam4,8,int__tai20_15_10,1348,20,1555.0,1768.0
lam4,8,int__tai20_15_10,1348,21,1538.0,1740.0
lam4,8,int__tai20_15_10,1348,22,1505.0,1743.0
lam4,8,int__tai20_15_10,1348,23,1486.0,1718.0
lam4,8,int__tai20_15_10,1348,24,1556.0,1762.0
lam4,8,int__tai20_15_10,1348,25,1535.0,1732.0
lam4,8,int__tai20_15_10,1348,26,1500.0,1745.0
lam4,8,int__tai20_15_10,1348,27,1524.0,1750.0
lam4,8,int__tai20_15_10,1348,28,1501.0,1686.0
lam4,8,int__tai20_15_10,1348,29,1531.0,1752.0
lam4,8,int__tai20_15_10,1348,30,1545.0,1730.0
lam4,8,int__tai20_15_10,1348,31,1575.0,1818.0
lam4,8,int__tai20_15_10,1348,32,1552.0,1793.0
lam4,8,int__tai20_15_10,1348,33,1421.0,1631.0
lam4,8,int__tai20_15_10,1348,34,1544.0,1765.0
lam4,8,int__tai20_15_10,1348,35,1523.0,1735.0
lam4,8,int__tai20_15_10,1348,36,1572.0,1800.0
lam4,8,int__tai20_15_10,1348,37,1487.0,1718.0
lam4,8,int__tai20_15_10,1348,38,1459.0,1676.0
lam4,8,int__tai20_15_10,1348,39,1543.0,1746.0
lam4,8,int__tai20_15_10,1348,40,1564.0,1798.0
lam4,8,int__tai20_15_10,1348,41,1529.0,1738.0
lam4,8,int__tai20_15_10,1348,42,1514.0,1699.0
lam4,8,int__tai20_15_10,1348,43,1548.0,1772.0
lam4,8,int__tai20_15_10,1348,44,1529.0,1727.0
lam4,8,int__tai20_15_10,1348,45,1486.0,1714.0
lam4,8,int__tai20_15_10,1348,46,1523.0,1736.0
lam4,8,int__tai20_15_10,1348,47,1449.0,1665.0
lam4,8,int__tai20_15_10,1348,48,1669.0,1859.0
lam4,8,int__tai20_15_10,1348,49,1561.0,1789.0
lam4,8,int__tai20_15_10,1348,50,1489.0,1710.0
lam4,8,int__tai20_15_10,1348,51,1591.0,1827.0
lam4,8,int__tai20_15_10,1348,52,1456.0,1688.0
lam4,8,int__tai20_15_10,1348,53,1492.0,1692.0
lam4,8,int__tai20_15_10,1348,54,1445.0,1652.0
lam4,8,int__tai20_15_10,1348,55,1486.0,1698.0
lam4,8,int__tai20_15_10,1348,56,1523.0,1764.0
lam4,8,int__tai20_15_10,1348,57,1571.0,1774.0
lam4,8,int__tai20_15_10,1348,58,1412.0,1628.0
lam4,8,int__tai20_15_10,1348,59,1517.0,1721.0
lam4,8,int__tai20_15_10,1348,60,1477.0,1702.0
lam4,8,int__tai20_15_10,1348,61,1594.0,1833.0
lam4,8,int__tai20_15_10,1348,62,1540.0,1771.0
lam4,8,int__tai20_15_10,1348,63,1551.0,1804.0
