arm,seed,instance,lb,sample_idx,lower,upper
lam0p5,7,int__tai20_15_05,1339,0,1553.0,1762.0
lam0p5,7,int__tai20_15_05,1339,1,1578.0,1800.0
lam0p5,7,int__tai20_15_05,1339,2,1530.0,1751.0
lam0p5,7,int__tai20_15_05,1339,3,1591.0,1837.0
lam0p5,7,int__tai20_15_05,1339,4,1509.0,1703.0
lam0p5,7,int__tai20_15_05,1339,5,1589.0,1798.0
lam0p5,7,int__tai20_15_05,1339,6,1493.0,1684.0
lam0p5,7,int__tai20_15_05,1339,7,1516.0,1691.0
lam0p5,7,int__tai20_15_05,1339,8,1565.0,1731.0
lam0p5,7,int__tai20_15_05,1339,9,1560.0,1781.0
lam0p5,7,int__tai20_15_05,1339,10,1502.0,1706.0
lam0p5,7,int__tai20_15_05,1339,11,1460.0,1684.0
lam0p5,7,int__tai20_15_05,1339,12,1577.0,1768.0
lam0p5,7,int__tai20_15_05,1339,13,1519.0,1708.0
lam0p5,7,int__tai20_15_05,1339,14,1590.0,1797.0
lam0p5,7,int__tai20_15_05,1339,15,1550.0,1775.0
lam0p5,7,int__tai20_15_05,1339,16,1569.0,1751.0
lam0p5,7,int__tai20_15_05,1339,17,1475.0,1700.0
lam0p5,7,int__tai20_15_05,1339,18,1484.0,1685.0
lam0p5,7,int__tai20_15_05,1339,19,1599.0,1812.0
lam0p5,7,int__tai20_15_05,1339,20,1557.0,1836.0
lam0p5,7,int__tai20_15_05,1339,21,1595.0,1772.0
lam0p5,7,int__tai20_15_05,1339,22,1625.0,1867.0
lam0p5,7,int__tai20_15_05,1339,23,1517.0,1737.0
lam0p5,7,int__tai20_15_05,1339,24,1516.0,1761.0
lam0p5,7,int__tai20_15_05,1339,25,1576.0,1822.0
lam0p5,7,int__tai20_15_05,1339,26,1463.0,1654.0
lam0p5,7,int__tai20_15_05,1339,27,1553.0,1766.0
lam0p5,7,int__tai20_15_05,1339,28,1532.0,1774.0
lam0p5,7,int__tai20_15_05,1339,29,1546.0,1749.0
lam0p5,7,int__tai20_15_05,1339,30,1561.0,1762.0
lam0p5,7,int__tai20_15_05,1339,31,1575.0,1782.0
lam0p5,7,int__tai20_15_05,1339,32,1536.0,1725.0
lam0p5,7,int__tai20_15_05,1339,33,1547.0,1751.0
lam0p5,7,int__tai20_15_05,1339,34,1489.0,1720.0
lam0p5,7,int__tai20_15_05,1339,35,1541.0,1744.0
lam0p5,7,int__tai20_15_05,1339,36,1535.0,1705.0
lam0p5,7,int__tai20_15_05,1339,37,1468.0,1648.0
lam0p5,7,int__tai20_15_05,1339,38,1591.0,1789.0
lam0p5,7,int__tai20_15_05,1339,39,1553.0,1784.0
lam0p5,7,int__tai20_15_05,1339,40,1579.0,1784.0
lam0p5,7,int__tai20_15_05,1339,41,1475.0,1707.0
lam0p5,7,int__tai20_15_05,1339,42,1608.0,1825.0
lam0p5,7,int__tai20_15_05,1339,43,1509.0,1699.0
lam0p5,7,int__tai20_15_05,1339,44,1549.0,1741.0
lam0p5,7,int__tai20_15_05,1339,45,1495.0,1700.0
lam0p5,7,int__tai20_15_05,1339,46,1510.0,1681.0
lam0p5,7,int__tai20_15_05,1339,47,1528.0,1740.0
lam0p5,7,int__tai20_15_05,1339,48,1553.0,1772.0
lam0p5,7,int__tai20_15_05,1339,49,1530.0,1742.0
lam0p5,7,int__tai20_15_05,1339,50,1630.0,1860.0
lam0p5,7,int__tai20_15_05,1339,51,1646.0,1875.0
lam0p5,7,int__tai20_15_05,1339,52,1539.0,1729.0
lam0p5,7,int__tai20_15_05,1339,53,1459.0,1639.0
lam0p5,7,int__tai20_15_05,1339,54,1513.0,1741.0
lam0p5,7,int__tai20_15_05,1339,55,1552.0,1728.0
lam0p5,7,int__tai20_15_05,1339,56,1536.0,1730.0
lam0p5,7,int__tai20_15_05,1339,57,1525.0,1717.0
lam0p5,7,int__tai20_15_05,1339,58,1546.0,1763.0
lam0p5,7,int__tai20_15_05,1339,59,1534.0,1717.0
lam0p5,7,int__tai20_15_05,1339,60,1565.0,1740.0
lam0p5,7,int__tai20_15_05,1339,61,1543.0,1743.0
lam0p5,7,int__tai20_15_05,1339,62,1607.0,1831.0
lam0p5,7,int__tai20_15_05,1339,63,1552.0,1756.0
lam0p5,7,int__tai20_15_06,1360,0,1491.0,1706.0
lam0p5,7,int__tai20_15_06,1360,1,1518.0,1742.0
lam0p5,7,int__tai20_15_06,1360,2,1547.0,1775.0
lam0p5,7,int__tai20_15_06,1360,3,1554.0,1816.0
lam0p5,7,int__tai20_15_06,1360,4,1573.0,1816.0
lam0p5,7,int__tai20_15_06,1360,5,1483.0,1711.0
lam0p5,7,int__tai20_15_06,1360,6,1477.0,1691.0
lam0p5,7,int__tai20_15_06,1360,7,1620.0,1860.0
lam0p5,7,int__tai20_15_06,1360,8,1560.0,1824.0
lam0p5,7,int__tai20_15_06,1360,9,1568.0,1841.0
lam0p5,7,int__tai20_15_06,1360,10,1545.0,1766.0
lam0p5,7,int__tai20_15_06,1360,11,1567.0,1794.0
lam0p5,7,int__tai20_15_06,1360,12,1534.0,1780.0
lam0p5,7,int__tai20_15_06,1360,13,1567.0,1826.0
lam0p5,7,int__tai20_15_06,1360,14,1507.0,1728.0
lam0p5,7,int__tai20_15_06,1360,15,1589.0,1777.0
lam0p5,7,int__tai20_15_06,1360,16,1513.0,1756.0
lam0p5,7,int__tai20_15_06,1360,17,1474.0,1693.0
lam0p5,7,int__tai20_15_06,1360,18,1493.0,1721.0
lam0p5,7,int__tai20_15_06,1360,19,1487.0,1739.0
lam0p5,7,int__tai20_15_06,1360,20,1636.0,1870.0
lam0p5,7,int__tai20_15_06,1360,21,1536.0,1757.0
lam0p5,7,int__tai20_15_06,1360,22,1487.0,1719.0
lam0p5,7,int__tai20_15_06,1360,23,1474.0,1707.0
lam0p5,7,int__tai20_15_06,1360,24,1580.0,1812.0
lam0p5,7,int__tai20_15_06,1360,25,1548.0,1766.0
lam0p5,7,int__tai20_15_06,1360,26,1537.0,1752.0
lam0p5,7,int__tai20_15_06,1360,27,1437.0,1645.0
lam0p5,7,int__tai20_15_06,1360,28,1456.0,1671.0
lam0p5,7,int__tai20_15_06,1360,29,1556.0,1819.0
lam0p5,7,int__tai20_15_06,1360,30,1543.0,1760.0
lam0p5,7,int__tai20_15_06,1360,31,1489.0,1735.0
lam0p5,7,int__tai20_15_06,1360,32,1645.0,1904.0
lam0p5,7,int__tai20_15_06,1360,33,1554.0,1833.0
lam0p5,7,int__tai20_15_06,1360,34,1552.0,1790.0
lam0p5,7,int__tai20_15_06,1360,35,1535.0,1761.0
lam0p5,7,int__tai20_15_06,1360,36,1594.0,1838.0
lam0p5,7,int__tai20_15_06,1360,37,1566.0,1784.0
lam0p5,7,int__tai20_15_06,1360,38,1520.0,1781.0
lam0p5,7,int__tai20_15_06,1360,39,1481.0,1711.0
lam0p5,7,int__tai20_15_06,1360,40,1552.0,1799.0
lam0p5,7,int__tai20_15_06,1360,41,1563.0,1783.0
lam0p5,7,int__tai20_15_06,1360,42,1473.0,1711.0
lam0p5,7,int__tai20_15_06,1360,43,1451.0,1645.0
lam0p5,7,int__tai20_15_06,1360,44,1590.0,1791.0
lam0p5,7,int__tai20_15_06,1360,45,1483.0,1718.0
lam0p5,7,int__tai20_15_06,1360,46,1516.0,1769.0
lam0p5,7,int__tai20_15_06,1360,47,1475.0,1697.0
lam0p5,7,int__tai20_15_06,1360,48,1569.0,1850.0
lam0p5,7,int__tai20_15_06,1360,49,1540.0,1796.0
lam0p5,7,int__tai20_15_06,1360,50,1497.0,1732.0
lam0p5,7,int__tai20_15_06,1360,51,1467.0,1686.0
lam0p5,7,int__tai20_15_06,1360,52,1466.0,1711.0
lam0p5,7,int__tai20_15_06,1360,53,1625.0,1854.0
lam0p5,7,int__tai20_15_06,1360,54,1546.0,1794.0
lam0p5,7,int__tai20_15_06,1360,55,1522.0,1762.0
lam0p5,7,int__tai20_15_06,1360,56,1471.0,1707.0
lam0p5,7,int__tai20_15_06,1360,57,1539.0,1763.0
lam0p5,7,int__tai20_15_06,1360,58,1652.0,1929.0
lam0p5,7,int__tai20_15_06,1360,59,1577.0,1825.0
lam0p5,7,int__tai20_15_06,1360,60,1560.0,1794.0
lam0p5,7,int__tai20_15_06,1360,61,1507.0,1715.0
lam0p5,7,int__tai20_15_06,1360,62,1495.0,1746.0
lam0p5,7,int__tai20_15_06,1360,63,1513.0,1755.0
lam0p5,7,int__tai20_15_07,1462,0,1603.0,1835.0
lam0p5,7,int__tai20_15_07,1462,1,1644.0,1886.0
lam0p5,7,int__tai20_15_07,1462,2,1664.0,1952.0
lam0p5,7,int__tai20_15_07,1462,3,1576.0,1819.0
lam0p5,7,int__tai20_15_07,1462,4,1588.0,1816.0
lam0p5,7,int__tai20_15_07,1462,5,1691.0,1918.0
lam0p5,7,int__tai20_15_07,1462,6,1612.0,1864.0
lam0p5,7,int__tai20_15_07,1462,7,1640.0,1858.0
lam0p5,7,int__tai20_15_07,1462,8,1588.0,1808.0
lam0p5,7,int__tai20_15_07,1462,9,1619.0,1867.0
lam0p5,7,int__tai20_15_07,1462,10,1559.0,1816.0
lam0p5,7,int__tai20_15_07,1462,11,1621.0,1864.0
lam0p5,7,int__tai20_15_07,1462,12,1561.0,1790.0
lam0p5,7,int__tai20_15_07,1462,13,1626.0,1872.0
lam0p5,7,int__tai20_15_07,1462,14,1632.0,1854.0
lam0p5,7,int__tai20_15_07,1462,15,1599.0,1822.0
lam0p5,7,int__tai20_15_07,1462,16,1583.0,1811.0
lam0p5,7,int__tai20_15_07,1462,17,1600.0,1852.0
lam0p5,7,int__tai20_15_07,1462,18,1647.0,1869.0
lam0p5,7,int__tai20_15_07,1462,19,1517.0,1743.0
lam0p5,7,int__tai20_15_07,1462,20,1622.0,1908.0
lam0p5,7,int__tai20_15_07,1462,21,1657.0,1899.0
lam0p5,7,int__tai20_15_07,1462,22,1559.0,1777.0
lam0p5,7,int__tai20_15_07,1462,23,1679.0,1921.0
lam0p5,7,int__tai20_15_07,1462,24,1656.0,1903.0
lam0p5,7,int__tai20_15_07,1462,25,1595.0,1803.0
lam0p5,7,int__tai20_15_07,1462,26,1685.0,1900.0
lam0p5,7,int__tai20_15_07,1462,27,1567.0,1792.0
lam0p5,7,int__tai20_15_07,1462,28,1567.0,1816.0
lam0p5,7,int__tai20_15_07,1462,29,1540.0,1775.0
lam0p5,7,int__tai20_15_07,1462,30,1669.0,1917.0
lam0p5,7,int__tai20_15_07,1462,31,1563.0,1799.0
lam0p5,7,int__tai20_15_07,1462,32,1590.0,1814.0
lam0p5,7,int__tai20_15_07,1462,33,1617.0,1858.0
lam0p5,7,int__tai20_15_07,1462,34,1623.0,1838.0
lam0p5,7,int__tai20_15_07,1462,35,1704.0,1960.0
lam0p5,7,int__tai20_15_07,1462,36,1575.0,1805.0
lam0p5,7,int__tai20_15_07,1462,37,1628.0,1870.0
lam0p5,7,int__tai20_15_07,1462,38,1650.0,1912.0
lam0p5,7,int__tai20_15_07,1462,39,1639.0,1870.0
lam0p5,7,int__tai20_15_07,1462,40,1649.0,1884.0
lam0p5,7,int__tai20_15_07,1462,41,1527.0,1785.0
lam0p5,7,int__tai20_15_07,1462,42,1640.0,1884.0
lam0p5,7,int__tai20_15_07,1462,43,1598.0,1846.0
lam0p5,7,int__tai20_15_07,1462,44,1636.0,1875.0
lam0p5,7,int__tai20_15_07,1462,45,1593.0,1821.0
lam0p5,7,int__tai20_15_07,1462,46,1603.0,1859.0
lam0p5,7,int__tai20_15_07,1462,47,1637.0,1860.0
lam0p5,7,int__tai20_15_07,1462,48,1667.0,1924.0
lam0p5,7,int__tai20_15_07,1462,49,1632.0,1922.0
lam0p5,7,int__tai20_15_07,1462,50,1613.0,1903.0
lam0p5,7,int__tai20_15_07,1462,51,1596.0,1820.0
lam0p5,7,int__tai20_15_07,1462,52,1636.0,1885.0
lam0p5,7,int__tai20_15_07,1462,53,1595.0,1843.0
lam0p5,7,int__tai20_15_07,1462,54,1555.0,1792.0
lam0p5,7,int__tai20_15_07,1462,55,1583.0,1823.0
lam0p5,7,int__tai20_15_07,1462,56,1693.0,1912.0
lam0p5,7,int__tai20_15_07,1462,57,1669.0,1887.0
lam0p5,7,int__tai20_15_07,1462,58,1594.0,1837.0
lam0p5,7,int__tai20_15_07,1462,59,1605.0,1855.0
lam0p5,7,int__tai20_15_07,1462,60,1616.0,1837.0
lam0p5,7,int__tai20_15_07,1462,61,1558.0,1792.0
lam0p5,7,int__tai20_15_07,1462,62,1569.0,1808.0
lam0p5,7,int__tai20_15_07,1462,63,1563.0,1812.0
lam0p5,7,int__tai20_15_08,1377,0,1579.0,1785.0
lam0p5,7,int__tai20_15_08,1377,1,1527.0,1760.0
lam0p5,7,int__tai20_15_08,1377,2,1554.0,1740.0
lam0p5,7,int__tai20_15_08,1377,3,1571.0,1785.0
lam0p5,7,int__tai20_15_08,1377,4,1566.0,1814.0
lam0p5,7,int__tai20_15_08,1377,5,1556.0,1808.0
lam0p5,7,int__tai20_15_08,1377,6,1554.0,1756.0
lam0p5,7,int__tai20_15_08,1377,7,1597.0,1810.0
lam0p5,7,int__tai20_15_08,1377,8,1564.0,1749.0
lam0p5,7,int__tai20_15_08,1377,9,1538.0,1751.0
lam0p5,7,int__tai20_15_08,1377,10,1594.0,1790.0
lam0p5,7,int__tai20_15_08,1377,11,1647.0,1859.0
lam0p5,7,int__tai20_15_08,1377,12,1614.0,1814.0
lam0p5,7,int__tai20_15_08,1377,13,1582.0,1816.0
lam0p5,7,int__tai20_15_08,1377,14,1542.0,1769.0
lam0p5,7,int__tai20_15_08,1377,15,1578.0,1835.0
lam0p5,7,int__tai20_15_08,1377,16,1633.0,1858.0
lam0p5,7,int__tai20_15_08,1377,17,1546.0,1768.0
lam0p5,7,int__tai20_15_08,1377,18,1636.0,1878.0
lam0p5,7,int__tai20_15_08,1377,19,1600.0,1807.0
lam0p5,7,int__tai20_15_08,1377,20,1616.0,1832.0
lam0p5,7,int__tai20_15_08,1377,21,1532.0,1757.0
lam0p5,7,int__tai20_15_08,1377,22,1615.0,1845.0
lam0p5,7,int__tai20_15_08,1377,23,1518.0,1744.0
lam0p5,7,int__tai20_15_08,1377,24,1577.0,1845.0
lam0p5,7,int__tai20_15_08,1377,25,1542.0,1778.0
lam0p5,7,int__tai20_15_08,1377,26,1575.0,1797.0
lam0p5,7,int__tai20_15_08,1377,27,1604.0,1806.0
lam0p5,7,int__tai20_15_08,1377,28,1571.0,1808.0
lam0p5,7,int__tai20_15_08,1377,29,1624.0,1834.0
lam0p5,7,int__tai20_15_08,1377,30,1587.0,1806.0
lam0p5,7,int__tai20_15_08,1377,31,1575.0,1784.0
lam0p5,7,int__tai20_15_08,1377,32,1587.0,1834.0
lam0p5,7,int__tai20_15_08,1377,33,1581.0,1788.0
lam0p5,7,int__tai20_15_08,1377,34,1561.0,1779.0
lam0p5,7,int__tai20_15_08,1377,35,1606.0,1796.0
lam0p5,7,int__tai20_15_08,1377,36,1571.0,1802.0
lam0p5,7,int__tai20_15_08,1377,37,1614.0,1815.0
lam0p5,7,int__tai20_15_08,1377,38,1603.0,1798.0
lam0p5,7,int__tai20_15_08,1377,39,1621.0,1852.0
lam0p5,7,int__tai20_15_08,1377,40,1536.0,1764.0
lam0p5,7,int__tai20_15_08,1377,41,1567.0,1787.0
lam0p5,7,int__tai20_15_08,1377,42,1646.0,1882.0
lam0p5,7,int__tai20_15_08,1377,43,1610.0,1832.0
lam0p5,7,int__tai20_15_08,1377,44,1636.0,1851.0
lam0p5,7,int__tai20_15_08,1377,45,1584.0,1796.0
lam0p5,7,int__tai20_15_08,1377,46,1578.0,1787.0
lam0p5,7,int__tai20_15_08,1377,47,1534.0,1733.0
lam0p5,7,int__tai20_15_08,1377,48,1607.0,1800.0
lam0p5,7,int__tai20_15_08,1377,49,1605.0,1867.0
lam0p5,7,int__tai20_15_08,1377,50,1543.0,1781.0
lam0p5,7,int__tai20_15_08,1377,51,1533.0,1731.0
lam0p5,7,int__tai20_15_08,1377,52,1586.0,1820.0
lam0p5,7,int__tai20_15_08,1377,53,1702.0,1955.0
lam0p5,7,int__tai20_15_08,1377,54,1610.0,1828.0
lam0p5,7,int__tai20_15_08,1377,55,1563.0,1778.0
lam0p5,7,int__tai20_15_08,1377,56,1536.0,1748.0
lam0p5,7,int__tai20_15_08,1377,57,1599.0,1764.0
lam0p5,7,int__tai20_15_08,1377,58,1565.0,1808.0
lam0p5,7,int__tai20_15_08,1377,59,1551.0,1767.0
lam0p5,7,int__tai20_15_08,1377,60,1620.0,1864.0
lam0p5,7,int__tai20_15_08,1377,61,1589.0,1809.0
lam0p5,7,int__tai20_15_08,1377,62,1586.0,1796.0
lam0p5,7,int__tai20_15_08,1377,63,1666.0,1938.0
lam0p5,7,int__tai20_15_09,1332,0,1438.0,1691.0
lam0p5,7,int__tai20_15_09,1332,1,1571.0,1825.0
lam0p5,7,int__tai20_15_09,1332,2,1591.0,1759.0
lam0p5,7,int__tai20_15_09,1332,3,1511.0,1767.0
lam0p5,7,int__tai20_15_09,1332,4,1552.0,1741.0
lam0p5,7,int__tai20_15_09,1332,5,1487.0,1698.0
lam0p5,7,int__tai20_15_09,1332,6,1586.0,1838.0
lam0p5,7,int__tai20_15_09,1332,7,1482.0,1680.0
lam0p5,7,int__tai20_15_09,1332,8,1546.0,1792.0
lam0p5,7,int__tai20_15_09,1332,9,1434.0,1677.0
lam0p5,7,int__tai20_15_09,1332,10,1459.0,1689.0
lam0p5,7,int__tai20_15_09,1332,11,1489.0,1746.0
lam0p5,7,int__tai20_15_09,1332,12,1554.0,1801.0
lam0p5,7,int__tai20_15_09,1332,13,1535.0,1731.0
lam0p5,7,int__tai20_15_09,1332,14,1486.0,1674.0
lam0p5,7,int__tai20_15_09,1332,15,1534.0,1750.0
lam0p5,7,int__tai20_15_09,1332,16,1571.0,1783.0
lam0p5,7,int__tai20_15_09,1332,17,1563.0,1759.0
lam0p5,7,int__tai20_15_09,1332,18,1643.0,1853.0
lam0p5,7,int__tai20_15_09,1332,19,1473.0,1733.0
lam0p5,7,int__tai20_15_09,1332,20,1590.0,1880.0
lam0p5,7,int__tai20_15_09,1332,21,1535.0,1763.0
lam0p5,7,int__tai20_15_09,1332,22,1448.0,1701.0
lam0p5,7,int__tai20_15_09,1332,23,1484.0,1718.0
lam0p5,7,int__tai20_15_09,1332,24,1471.0,1705.0
lam0p5,7,int__tai20_15_09,1332,25,1490.0,1708.0
lam0p5,7,int__tai20_15_09,1332,26,1501.0,1745.0
lam0p5,7,int__tai20_15_09,1332,27,1480.0,1775.0
lam0p5,7,int__tai20_15_09,1332,28,1611.0,1833.0
lam0p5,7,int__tai20_15_09,1332,29,1513.0,1747.0
lam0p5,7,int__tai20_15_09,1332,30,1596.0,1794.0
lam0p5,7,int__tai20_15_09,1332,31,1601.0,1825.0
lam0p5,7,int__tai20_15_09,1332,32,1444.0,1644.0
lam0p5,7,int__tai20_15_09,1332,33,1442.0,1666.0
lam0p5,7,int__tai20_15_09,1332,34,1453.0,1684.0
lam0p5,7,int__tai20_15_09,1332,35,1515.0,1774.0
lam0p5,7,int__tai20_15_09,1332,36,1514.0,1726.0
lam0p5,7,int__tai20_15_09,1332,37,1527.0,1753.0
lam0p5,7,int__tai20_15_09,1332,38,1457.0,1661.0
lam0p5,7,int__tai20_15_09,1332,39,1492.0,1729.0
lam0p5,7,int__tai20_15_09,1332,40,1512.0,1756.0
lam0p5,7,int__tai20_15_09,1332,41,1568.0,1815.0
lam0p5,7,int__tai20_15_09,1332,42,1539.0,1760.0
lam0p5,7,int__tai20_15_09,1332,43,1466.0,1688.0
lam0p5,7,int__tai20_15_09,1332,44,1583.0,1821.0
lam0p5,7,int__tai20_15_09,1332,45,1454.0,1684.0
lam0p5,7,int__tai20_15_09,1332,46,1591.0,1800.0
lam0p5,7,int__tai20_15_09,1332,47,1562.0,1793.0
lam0p5,7,int__tai20_15_09,1332,48,1515.0,1736.0
lam0p5,7,int__tai20_15_09,1332,49,1519.0,1737.0
lam0p5,7,int__tai20_15_09,1332,50,1491.0,1767.0
lam0p5,7,int__tai20_15_09,1332,51,1483.0,1717.0
lam0p5,7,int__tai20_15_09,1332,52,1598.0,1807.0
lam0p5,7,int__tai20_15_09,1332,53,1563.0,1742.0
lam0p5,7,int__tai20_15_09,1332,54,1525.0,1816.0
lam0p5,7,int__tai20_15_09,1332,55,1526.0,1762.0
lam0p5,7,int__tai20_15_09,1332,56,1467.0,1698.0
lam0p5,7,int__tai20_15_09,1332,57,1481.0,1712.0
lam0p5,7,int__tai20_15_09,1332,58,1490.0,1695.0
lam0p5,7,int__tai20_15_09,1332,59,1494.0,1745.0
lam0p5,7,int__tai20_15_09,1332,60,1513.0,1784.0
lam0p5,7,int__tai20_15_09,1332,61,1474.0,1677.0
lam0p5,7,int__tai20_15_09,1332,62,1538.0,1744.0
lam0p5,7,int__tai20_15_09,1332,63,1516.0,1760.0
lam0p5,7,int__tai20_15_10,1348,0,1516.0,1750.0
lam0p5,7,int__tai20_15_10,1348,1,1579.0,1805.0
lam0p5,7,int__tai20_15_10,1348,2,1549.0,1800.0
lam0p5,7,int__tai20_15_10,1348,3,1558.0,1778.0
lam0p5,7,int__tai20_15_10,1348,4,1531.0,1741.0
lam0p5,7,int__tai20_15_10,1348,5,1564.0,1768.0
lam0p5,7,int__tai20_15_10,1348,6,1521.0,1747.0
lam0p5,7,int__tai20_15_10,1348,7,1616.0,1825.0
lam0p5,7,int__tai20_15_10,1348,8,1524.0,1734.0
lam0p5,7,int__tai20_15_10,1348,9,1514.0,1716.0
lam0p5,7,int__tai20_15_10,1348,10,1501.0,1743.0
lam0p5,7,int__tai20_15_10,1348,11,1558.0,1742.0
lam0p5,7,int__tai20_15_10,1348,12,1538.0,1750.0
lam0p5,7,int__tai20_15_10,1348,13,1671.0,1915.0
lam0p5,7,int__tai20_15_10,1348,14,1620.0,1842.0
lam0p5,7,int__tai20_15_10,1348,15,1545.0,1785.0
lam0p5,7,int__tai20_15_10,1348,16,1533.0,1728.0
lam0p5,7,int__tai20_15_10,1348,17,1532.0,1717.0
lam0p5,7,int__tai20_15_10,1348,18,1535.0,1751.0
lam0p5,7,int__tai20_15_10,1348,19,1542.0,1731.0
lam0p5,7,int__tai20_15_10,1348,20,1558.0,1794.0
lam0p5,7,int__tai20_15_10,1348,21,1496.0,1719.0
lam0p5,7,int__tai20_15_10,1348,22,1508.0,1740.0
lam0p5,7,int__tai20_15_10,1348,23,1477.0,1669.0
lam0p5,7,int__tai20_15_10,1348,24,1588.0,1777.0
lam0p5,7,int__tai20_15_10,1348,25,1547.0,1748.0
lam0p5,7,int__tai20_15_10,1348,26,1463.0,1660.0
lam0p5,7,int__tai20_15_10,1348,27,1549.0,1767.0
lam0p5,7,int__tai20_15_10,1348,28,1600.0,1832.0
lam0p5,7,int__tai20_15_10,1348,29,1567.0,1782.0
lam0p5,7,int__tai20_15_10,1348,30,1543.0,1773.0
lam0p5,7,int__tai20_15_10,1348,31,1602.0,1858.0
lam0p5,7,int__tai20_15_10,1348,32,1505.0,1732.0
lam0p5,7,int__tai20_15_10,1348,33,1570.0,1758.0
lam0p5,7,int__tai20_15_10,1348,34,1533.0,1761.0
lam0p5,7,int__tai20_15_10,1348,35,1549.0,1744.0
lam0p5,7,int__tai20_15_10,1348,36,1505.0,1752.0
lam0p5,7,int__tai20_15_10,1348,37,1531.0,1743.0
lam0p5,7,int__tai20_15_10,1348,38,1496.0,1700.0
lam0p5,7,int__tai20_15_10,1348,39,1579.0,1746.0
lam0p5,7,int__tai20_15_10,1348,40,1544.0,1757.0
lam0p5,7,int__tai20_15_10,1348,41,1485.0,1714.0
lam0p5,7,int__tai20_15_10,1348,42,1562.0,1794.0
lam0p5,7,int__tai20_15_10,1348,43,1558.0,1815.0
lam0p5,7,int__tai20_15_10,1348,44,1550.0,1771.0
lam0p5,7,int__tai20_15_10,1348,45,1571.0,1811.0
lam0p5,7,int__tai20_15_10,1348,46,1486.0,1669.0
lam0p5,7,int__tai20_15_10,1348,47,1518.0,1756.0
lam0p5,7,int__tai20_15_10,1348,48,1589.0,1828.0
lam0p5,7,int__tai20_15_10,1348,49,1452.0,1670.0
lam0p5,7,int__tai20_15_10,1348,50,1633.0,1892.0
lam0p5,7,int__tai20_15_10,1348,51,1616.0,1840.0
lam0p5,7,int__tai20_15_10,1348,52,1447.0,1687.0
lam0p5,7,int__tai20_15_10,1348,53,1564.0,1778.0
lam0p5,7,int__tai20_15_10,1348,54,1458.0,1691.0
lam0p5,7,int__tai20_15_10,1348,55,1582.0,1777.0
lam0p5,7,int__tai20_15_10,1348,56,1601.0,1815.0
lam0p5,7,int__tai20_15_10,1348,57,1627.0,1889.0
lam0p5,7,int__tai20_15_10,1348,58,1536.0,1776.0
lam0p5,7,int__tai20_15_10,1348,59,1547.0,1741.0
lam0p5,7,int__tai20_15_10,1348,60,1618.0,1819.0
lam0p5,7,int__tai20_15_10,1348,61,1479.0,1713.0
lam0p5,7,int__tai20_15_10,1348,62,1463.0,1703.0
lam0p5,7,int__tai20_15_10,1348,63,1500.0,1765.0
lam1,3,int__tai20_15_05,1339,0,1508.0,1685.0
lam1,3,int__tai20_15_05,1339,1,1527.0,1781.0
lam1,3,int__tai20_15_05,1339,2,1458.0,1636.0
lam1,3,int__tai20_15_05,1339,3,1485.0,1721.0
lam1,3,int__tai20_15_05,1339,4,1554.0,1749.0
lam1,3,int__tai20_15_05,1339,5,1530.0,1749.0
lam1,3,int__tai20_15_05,1339,6,1477.0,1672.0
lam1,3,int__tai20_15_05,1339,7,1547.0,1729.0
lam1,3,int__tai20_15_05,1339,8,1481.0,1688.0
lam1,3,int__tai20_15_05,1339,9,1505.0,1728.0
lam1,3,int__tai20_15_05,1339,10,1517.0,1734.0
lam1,3,int__tai20_15_05,1339,11,1497.0,1690.0
lam1,3,int__tai20_15_05,1339,12,1431.0,1603.0
lam1,3,int__tai20_15_05,1339,13,1519.0,1742.0
lam1,3,int__tai20_15_05,1339,14,1514.0,1733.0
lam1,3,int__tai20_15_05,1339,15,1566.0,1799.0
lam1,3,int__tai20_15_05,1339,16,1538.0,1726.0
lam1,3,int__tai20_15_05,1339,17,1560.0,1781.0
lam1,3,int__tai20_15_05,1339,18,1501.0,1703.0
lam1,3,int__tai20_15_05,1339,19,1488.0,1690.0
lam1,3,int__tai20_15_05,1339,20,1481.0,1680.0
lam1,3,int__tai20_15_05,1339,21,1553.0,1782.0
lam1,3,int__tai20_15_05,1339,22,1488.0,1718.0
lam1,3,int__tai20_15_05,1339,23,1550.0,1739.0
lam1,3,int__tai20_15_05,1339,24,1533.0,1735.0
lam1,3,int__tai20_15_05,1339,25,1558.0,1748.0
lam1,3,int__tai20_15_05,1339,26,1540.0,1738.0
lam1,3,int__tai20_15_05,1339,27,1633.0,1829.0
lam1,3,int__tai20_15_05,1339,28,1641.0,1874.0
lam1,3,int__tai20_15_05,1339,29,1543.0,1744.0
lam1,3,int__tai20_15_05,1339,30,1462.0,1694.0
lam1,3,int__tai20_15_05,1339,31,1513.0,1725.0
lam1,3,int__tai20_15_05,1339,32,1471.0,1664.0
lam1,3,int__tai20_15_05,1339,33,1550.0,1767.0
lam1,3,int__tai20_15_05,1339,34,1512.0,1730.0
lam1,3,int__tai20_15_05,1339,35,1611.0,1855.0
lam1,3,int__tai20_15_05,1339,36,1585.0,1804.0
lam1,3,int__tai20_15_05,1339,37,1483.0,1691.0
lam1,3,int__tai20_15_05,1339,38,1591.0,1781.0
lam1,3,int__tai20_15_05,1339,39,1446.0,1636.0
lam1,3,int__tai20_15_05,1339,40,1571.0,1787.0
lam1,3,int__tai20_15_05,1339,41,1587.0,1803.0
lam1,3,int__tai20_15_05,1339,42,1489.0,1682.0
lam1,3,int__tai20_15_05,1339,43,1587.0,1783.0
lam1,3,int__tai20_15_05,1339,44,1509.0,1705.0
lam1,3,int__tai20_15_05,1339,45,1470.0,1678.0
lam1,3,int__tai20_15_05,1339,46,1482.0,1713.0
lam1,3,int__tai20_15_05,1339,47,1539.0,1736.0
lam1,3,int__tai20_15_05,1339,48,1604.0,1776.0
lam1,3,int__tai20_15_05,1339,49,1606.0,1811.0
lam1,3,int__tai20_15_05,1339,50,1614.0,1836.0
lam1,3,int__tai20_15_05,1339,51,1545.0,1756.0
lam1,3,int__tai20_15_05,1339,52,1539.0,1746.0
lam1,3,int__tai20_15_05,1339,53,1475.0,1690.0
lam1,3,int__tai20_15_05,1339,54,1514.0,1728.0
lam1,3,int__tai20_15_05,1339,55,1594.0,1829.0
lam1,3,int__tai20_15_05,1339,56,1527.0,1715.0
lam1,3,int__tai20_15_05,1339,57,1520.0,1731.0
lam1,3,int__tai20_15_05,1339,58,1588.0,1776.0
lam1,3,int__tai20_15_05,1339,59,1567.0,1771.0
lam1,3,int__tai20_15_05,1339,60,1581.0,1817.0
lam1,3,int__tai20_15_05,1339,61,1514.0,1727.0
lam1,3,int__tai20_15_05,1339,62,1569.0,1809.0
lam1,3,int__tai20_15_05,1339,63,1522.0,1724.0
lam1,3,int__tai20_15_06,1360,0,1464.0,1710.0
lam1,3,int__tai20_15_06,1360,1,1539.0,1843.0
lam1,3,int__tai20_15_06,1360,2,1494.0,1715.0
lam1,3,int__tai20_15_06,1360,3,1508.0,1774.0
lam1,3,int__tai20_15_06,1360,4,1487.0,1720.0
lam1,3,int__tai20_15_06,1360,5,1497.0,1711.0
lam1,3,int__tai20_15_06,1360,6,1460.0,1718.0
lam1,3,int__tai20_15_06,1360,7,1456.0,1676.0
lam1,3,int__tai20_15_06,1360,8,1489.0,1727.0
lam1,3,int__tai20_15_06,1360,9,1501.0,1736.0
lam1,3,int__tai20_15_06,1360,10,1466.0,1712.0
lam1,3,int__tai20_15_06,1360,11,1579.0,1809.0
lam1,3,int__tai20_15_06,1360,12,1527.0,1750.0
lam1,3,int__tai20_15_06,1360,13,1502.0,1748.0
lam1,3,int__tai20_15_06,1360,14,1518.0,1726.0
lam1,3,int__tai20_15_06,1360,15,1518.0,1759.0
lam1,3,int__tai20_15_06,1360,16,1432.0,1678.0
lam1,3,int__tai20_15_06,1360,17,1535.0,1723.0
lam1,3,int__tai20_15_06,1360,18,1444.0,1660.0
lam1,3,int__tai20_15_06,1360,19,1482.0,1716.0
lam1,3,int__tai20_15_06,1360,20,1473.0,1693.0
lam1,3,int__tai20_15_06,1360,21,1510.0,1728.0
lam1,3,int__tai20_15_06,1360,22,1505.0,1710.0
lam1,3,int__tai20_15_06,1360,23,1452.0,1697.0
lam1,3,int__tai20_15_06,1360,24,1447.0,1684.0
lam1,3,int__tai20_15_06,1360,25,1458.0,1685.0
lam1,3,int__tai20_15_06,1360,26,1511.0,1757.0
lam1,3,int__tai20_15_06,1360,27,1463.0,1696.0
lam1,3,int__tai20_15_06,1360,28,1429.0,1630.0
lam1,3,int__tai20_15_06,1360,29,1497.0,1748.0
lam1,3,int__tai20_15_06,1360,30,1547.0,1768.0
lam1,3,int__tai20_15_06,1360,31,1493.0,1715.0
lam1,3,int__tai20_15_06,1360,32,1560.0,1772.0
lam1,3,int__tai20_15_06,1360,33,1496.0,1723.0
lam1,3,int__tai20_15_06,1360,34,1523.0,1772.0
lam1,3,int__tai20_15_06,1360,35,1451.0,1676.0
lam1,3,int__tai20_15_06,1360,36,1441.0,1652.0
lam1,3,int__tai20_15_06,1360,37,1481.0,1698.0
lam1,3,int__tai20_15_06,1360,38,1517.0,1732.0
lam1,3,int__tai20_15_06,1360,39,1446.0,1676.0
lam1,3,int__tai20_15_06,1360,40,1531.0,1735.0
lam1,3,int__tai20_15_06,1360,41,1571.0,1836.0
lam1,3,int__tai20_15_06,1360,42,1464.0,1695.0
lam1,3,int__tai20_15_06,1360,43,1449.0,1680.0
lam1,3,int__tai20_15_06,1360,44,1440.0,1659.0
lam1,3,int__tai20_15_06,1360,45,1554.0,1790.0
lam1,3,int__tai20_15_06,1360,46,1505.0,1765.0
lam1,3,int__tai20_15_06,1360,47,1484.0,1744.0
lam1,3,int__tai20_15_06,1360,48,1512.0,1776.0
lam1,3,int__tai20_15_06,1360,49,1552.0,1750.0
lam1,3,int__tai20_15_06,1360,50,1523.0,1736.0
lam1,3,int__tai20_15_06,1360,51,1491.0,1712.0
lam1,3,int__tai20_15_06,1360,52,1452.0,1700.0
lam1,3,int__tai20_15_06,1360,53,1510.0,1709.0
lam1,3,int__tai20_15_06,1360,54,1486.0,1712.0
lam1,3,int__tai20_15_06,1360,55,1506.0,1741.0
lam1,3,int__tai20_15_06,1360,56,1560.0,1750.0
lam1,3,int__tai20_15_06,1360,57,1561.0,1793.0
lam1,3,int__tai20_15_06,1360,58,1582.0,1805.0
lam1,3,int__tai20_15_06,1360,59,1490.0,1720.0
lam1,3,int__tai20_15_06,1360,60,1494.0,1719.0
lam1,3,int__tai20_15_06,1360,61,1536.0,1801.0
lam1,3,int__tai20_15_06,1360,62,1430.0,1660.0
lam1,3,int__tai20_15_06,1360,63,1471.0,1680.0
lam1,3,int__tai20_15_07,1462,0,1582.0,1785.0
lam1,3,int__tai20_15_07,1462,1,1586.0,1835.0
lam1,3,int__tai20_15_07,1462,2,1568.0,1825.0
lam1,3,int__tai20_15_07,1462,3,1599.0,1838.0
lam1,3,int__tai20_15_07,1462,4,1595.0,1827.0
lam1,3,int__tai20_15_07,1462,5,1618.0,1886.0
lam1,3,int__tai20_15_07,1462,6,1606.0,1825.0
lam1,3,int__tai20_15_07,1462,7,1574.0,1811.0
lam1,3,int__tai20_15_07,1462,8,1600.0,1814.0
lam1,3,int__tai20_15_07,1462,9,1632.0,1847.0
lam1,3,int__tai20_15_07,1462,10,1551.0,1770.0
lam1,3,int__tai20_15_07,1462,11,1532.0,1773.0
lam1,3,int__tai20_15_07,1462,12,1523.0,1777.0
lam1,3,int__tai20_15_07,1462,13,1651.0,1915.0
lam1,3,int__tai20_15_07,1462,14,1636.0,1877.0
lam1,3,int__tai20_15_07,1462,15,1620.0,1814.0
lam1,3,int__tai20_15_07,1462,16,1532.0,1794.0
lam1,3,int__tai20_15_07,1462,17,1577.0,1821.0
lam1,3,int__tai20_15_07,1462,18,1506.0,1754.0
lam1,3,int__tai20_15_07,1462,19,1552.0,1820.0
lam1,3,int__tai20_15_07,1462,20,1627.0,1897.0
lam1,3,int__tai20_15_07,1462,21,1646.0,1842.0
lam1,3,int__tai20_15_07,1462,22,1565.0,1829.0
lam1,3,int__tai20_15_07,1462,23,1602.0,1830.0
lam1,3,int__tai20_15_07,1462,24,1587.0,1819.0
lam1,3,int__tai20_15_07,1462,25,1596.0,1847.0
lam1,3,int__tai20_15_07,1462,26,1633.0,1865.0
lam1,3,int__tai20_15_07,1462,27,1571.0,1824.0
lam1,3,int__tai20_15_07,1462,28,1600.0,1842.0
lam1,3,int__tai20_15_07,1462,29,1559.0,1763.0
lam1,3,int__tai20_15_07,1462,30,1576.0,1834.0
lam1,3,int__tai20_15_07,1462,31,1547.0,1799.0
lam1,3,int__tai20_15_07,1462,32,1614.0,1840.0
lam1,3,int__tai20_15_07,1462,33,1586.0,1824.0
lam1,3,int__tai20_15_07,1462,34,1555.0,1788.0
lam1,3,int__tai20_15_07,1462,35,1537.0,1760.0
lam1,3,int__tai20_15_07,1462,36,1569.0,1829.0
lam1,3,int__tai20_15_07,1462,37,1594.0,1831.0
lam1,3,int__tai20_15_07,1462,38,1591.0,1853.0
lam1,3,int__tai20_15_07,1462,39,1603.0,1838.0
lam1,3,int__tai20_15_07,1462,40,1560.0,1788.0
lam1,3,int__tai20_15_07,1462,41,1630.0,1815.0
lam1,3,int__tai20_15_07,1462,42,1568.0,1808.0
lam1,3,int__tai20_15_07,1462,43,1551.0,1805.0
lam1,3,int__tai20_15_07,1462,44,1563.0,1803.0
lam1,3,int__tai20_15_07,1462,45,1589.0,1852.0
lam1,3,int__tai20_15_07,1462,46,1636.0,1848.0
lam1,3,int__tai20_15_07,1462,47,1702.0,1999.0
lam1,3,int__tai20_15_07,1462,48,1624.0,1839.0
lam1,3,int__tai20_15_07,1462,49,1579.0,1817.0
lam1,3,int__tai20_15_07,1462,50,1594.0,1857.0
lam1,3,int__tai20_15_07,1462,51,1671.0,1911.0
lam1,3,int__tai20_15_07,1462,52,1590.0,1860.0
lam1,3,int__tai20_15_07,1462,53,1613.0,1846.0
lam1,3,int__tai20_15_07,1462,54,1606.0,1838.0
lam1,3,int__tai20_15_07,1462,55,1625.0,1880.0
lam1,3,int__tai20_15_07,1462,56,1591.0,1813.0
lam1,3,int__tai20_15_07,1462,57,1638.0,1902.0
lam1,3,int__tai20_15_07,1462,58,1721.0,1989.0
lam1,3,int__tai20_15_07,1462,59,1574.0,1813.0
lam1,3,int__tai20_15_07,1462,60,1575.0,1781.0
lam1,3,int__tai20_15_07,1462,61,1610.0,1836.0
lam1,3,int__tai20_15_07,1462,62,1579.0,1829.0
lam1,3,int__tai20_15_07,1462,63,1547.0,1787.0
lam1,3,int__tai20_15_08,1377,0,1525.0,1756.0
lam1,3,int__tai20_15_08,1377,1,1511.0,1742.0
lam1,3,int__tai20_15_08,1377,2,1529.0,1757.0
lam1,3,int__tai20_15_08,1377,3,1561.0,1786.0
lam1,3,int__tai20_15_08,1377,4,1601.0,1810.0
lam1,3,int__tai20_15_08,1377,5,1608.0,1818.0
lam1,3,int__tai20_15_08,1377,6,1581.0,1848.0
lam1,3,int__tai20_15_08,1377,7,1548.0,1742.0
lam1,3,int__tai20_15_08,1377,8,1549.0,1758.0
lam1,3,int__tai20_15_08,1377,9,1607.0,1861.0
lam1,3,int__tai20_15_08,1377,10,1595.0,1837.0
lam1,3,int__tai20_15_08,1377,11,1532.0,1744.0
lam1,3,int__tai20_15_08,1377,12,1561.0,1782.0
lam1,3,int__tai20_15_08,1377,13,1531.0,1748.0
lam1,3,int__tai20_15_08,1377,14,1507.0,1719.0
lam1,3,int__tai20_15_08,1377,15,1560.0,1769.0
lam1,3,int__tai20_15_08,1377,16,1599.0,1835.0
lam1,3,int__tai20_15_08,1377,17,1607.0,1851.0
lam1,3,int__tai20_15_08,1377,18,1541.0,1773.0
lam1,3,int__tai20_15_08,1377,19,1581.0,1788.0
lam1,3,int__tai20_15_08,1377,20,1624.0,1864.0
lam1,3,int__tai20_15_08,1377,21,1599.0,1835.0
lam1,3,int__tai20_15_08,1377,22,1528.0,1787.0
lam1,3,int__tai20_15_08,1377,23,1603.0,1767.0
lam1,3,int__tai20_15_08,1377,24,1505.0,1738.0
lam1,3,int__tai20_15_08,1377,25,1499.0,1721.0
lam1,3,int__tai20_15_08,1377,26,1541.0,1771.0
lam1,3,int__tai20_15_08,1377,27,1514.0,1740.0
lam1,3,int__tai20_15_08,1377,28,1549.0,1763.0
lam1,3,int__tai20_15_08,1377,29,1554.0,1779.0
lam1,3,int__tai20_15_08,1377,30,1541.0,1790.0
lam1,3,int__tai20_15_08,1377,31,1582.0,1794.0
lam1,3,int__tai20_15_08,1377,32,1485.0,1729.0
lam1,3,int__tai20_15_08,1377,33,1557.0,1805.0
lam1,3,int__tai20_15_08,1377,34,1598.0,1829.0
lam1,3,int__tai20_15_08,1377,35,1555.0,1751.0
lam1,3,int__tai20_15_08,1377,36,1539.0,1767.0
lam1,3,int__tai20_15_08,1377,37,1543.0,1753.0
lam1,3,int__tai20_15_08,1377,38,1514.0,1713.0
lam1,3,int__tai20_15_08,1377,39,1566.0,1796.0
lam1,3,int__tai20_15_08,1377,40,1575.0,1836.0
lam1,3,int__tai20_15_08,1377,41,1538.0,1766.0
lam1,3,int__tai20_15_08,1377,42,1517.0,1750.0
lam1,3,int__tai20_15_08,1377,43,1570.0,1803.0
lam1,3,int__tai20_15_08,1377,44,1539.0,1763.0
lam1,3,int__tai20_15_08,1377,45,1561.0,1793.0
lam1,3,int__tai20_15_08,1377,46,1562.0,1771.0
lam1,3,int__tai20_15_08,1377,47,1648.0,1879.0
lam1,3,int__tai20_15_08,1377,48,1528.0,1756.0
lam1,3,int__tai20_15_08,1377,49,1629.0,1812.0
lam1,3,int__tai20_15_08,1377,50,1518.0,1746.0
lam1,3,int__tai20_15_08,1377,51,1548.0,1794.0
lam1,3,int__tai20_15_08,1377,52,1535.0,1751.0
lam1,3,int__tai20_15_08,1377,53,1606.0,1863.0
lam1,3,int__tai20_15_08,1377,54,1608.0,1825.0
lam1,3,int__tai20_15_08,1377,55,1575.0,1811.0
lam1,3,int__tai20_15_08,1377,56,1530.0,1768.0
lam1,3,int__tai20_15_08,1377,57,1496.0,1723.0
lam1,3,int__tai20_15_08,1377,58,1521.0,1732.0
lam1,3,int__tai20_15_08,1377,59,1545.0,1782.0
lam1,3,int__tai20_15_08,1377,60,1497.0,1725.0
lam1,3,int__tai20_15_08,1377,61,1496.0,1754.0
lam1,3,int__tai20_15_08,1377,62,1510.0,1722.0
lam1,3,int__tai20_15_08,1377,63,1544.0,1787.0
lam1,3,int__tai20_15_09,1332,0,1434.0,1627.0
lam1,3,int__tai20_15_09,1332,1,1424.0,1633.0
lam1,3,int__tai20_15_09,1332,2,1471.0,1662.0
lam1,3,int__tai20_15_09,1332,3,1523.0,1762.0
lam1,3,int__tai20_15_09,1332,4,1443.0,1656.0
lam1,3,int__tai20_15_09,1332,5,1428.0,1641.0
lam1,3,int__tai20_15_09,1332,6,1419.0,1650.0
lam1,3,int__tai20_15_09,1332,7,1485.0,1676.0
lam1,3,int__tai20_15_09,1332,8,1469.0,1716.0
lam1,3,int__tai20_15_09,1332,9,1421.0,1624.0
lam1,3,int__tai20_15_09,1332,10,1466.0,1681.0
lam1,3,int__tai20_15_09,1332,11,1440.0,1641.0
lam1,3,int__tai20_15_09,1332,12,1474.0,1708.0
lam1,3,int__tai20_15_09,1332,13,1426.0,1665.0
lam1,3,int__tai20_15_09,1332,14,1490.0,1714.0
lam1,3,int__tai20_15_09,1332,15,1412.0,1627.0
lam1,3,int__tai20_15_09,1332,16,1471.0,1655.0
lam1,3,int__tai20_15_09,1332,17,1583.0,1836.0
lam1,3,int__tai20_15_09,1332,18,1436.0,1647.0
lam1,3,int__tai20_15_09,1332,19,1454.0,1710.0
lam1,3,int__tai20_15_09,1332,20,1449.0,1674.0
lam1,3,int__tai20_15_09,1332,21,1492.0,1716.0
lam1,3,int__tai20_15_09,1332,22,1453.0,1671.0
lam1,3,int__tai20_15_09,1332,23,1420.0,1656.0
lam1,3,int__tai20_15_09,1332,24,1435.0,1630.0
lam1,3,int__tai20_15_09,1332,25,1498.0,1724.0
lam1,3,int__tai20_15_09,1332,26,1413.0,1639.0
lam1,3,int__tai20_15_09,1332,27,1498.0,1699.0
lam1,3,int__tai20_15_09,1332,28,1462.0,1653.0
lam1,3,int__tai20_15_09,1332,29,1503.0,1705.0
lam1,3,int__tai20_15_09,1332,30,1433.0,1628.0
lam1,3,int__tai20_15_09,1332,31,1463.0,1703.0
lam1,3,int__tai20_15_09,1332,32,1531.0,1755.0
lam1,3,int__tai20_15_09,1332,33,1453.0,1663.0
lam1,3,int__tai20_15_09,1332,34,1479.0,1709.0
lam1,3,int__tai20_15_09,1332,35,1466.0,1676.0
lam1,3,int__tai20_15_09,1332,36,1483.0,1677.0
lam1,3,int__tai20_15_09,1332,37,1464.0,1652.0
lam1,3,int__tai20_15_09,1332,38,1473.0,1667.0
lam1,3,int__tai20_15_09,1332,39,1430.0,1616.0
lam1,3,int__tai20_15_09,1332,40,1467.0,1658.0
lam1,3,int__tai20_15_09,1332,41,1513.0,1718.0
lam1,3,int__tai20_15_09,1332,42,1503.0,1731.0
lam1,3,int__tai20_15_09,1332,43,1488.0,1704.0
lam1,3,int__tai20_15_09,1332,44,1421.0,1647.0
lam1,3,int__tai20_15_09,1332,45,1420.0,1637.0
lam1,3,int__tai20_15_09,1332,46,1419.0,1640.0
lam1,3,int__tai20_15_09,1332,47,1503.0,1711.0
lam1,3,int__tai20_15_09,1332,48,1475.0,1683.0
lam1,3,int__tai20_15_09,1332,49,1507.0,1679.0
lam1,3,int__tai20_15_09,1332,50,1443.0,1680.0
lam1,3,int__tai20_15_09,1332,51,1453.0,1676.0
lam1,3,int__tai20_15_09,1332,52,1442.0,1647.0
lam1,3,int__tai20_15_09,1332,53,1461.0,1691.0
lam1,3,int__tai20_15_09,1332,54,1465.0,1668.0
lam1,3,int__tai20_15_09,1332,55,1458.0,1677.0
lam1,3,int__tai20_15_09,1332,56,1461.0,1673.0
lam1,3,int__tai20_15_09,1332,57,1527.0,1799.0
lam1,3,int__tai20_15_09,1332,58,1432.0,1671.0
lam1,3,int__tai20_15_09,1332,59,1459.0,1665.0
lam1,3,int__tai20_15_09,1332,60,1469.0,1656.0
lam1,3,int__tai20_15_09,1332,61,1473.0,1698.0
lam1,3,int__tai20_15_09,1332,62,1478.0,1703.0
lam1,3,int__tai20_15_09,1332,63,1411.0,1615.0
lam1,3,int__tai20_15_10,1348,0,1614.0,1875.0
lam1,3,int__tai20_15_10,1348,1,1432.0,1668.0
lam1,3,int__tai20_15_10,1348,2,1444.0,1664.0
lam1,3,int__tai20_15_10,1348,3,1479.0,1710.0
lam1,3,int__tai20_15_10,1348,4,1500.0,1714.0
lam1,3,int__tai20_15_10,1348,5,1516.0,1740.0
lam1,3,int__tai20_15_10,1348,6,1449.0,1659.0
lam1,3,int__tai20_15_10,1348,7,1453.0,1658.0
lam1,3,int__tai20_15_10,1348,8,1460.0,1680.0
lam1,3,int__tai20_15_10,1348,9,1537.0,1739.0
lam1,3,int__tai20_15_10,1348,10,1549.0,1774.0
lam1,3,int__tai20_15_10,1348,11,1466.0,1710.0
lam1,3,int__tai20_15_10,1348,12,1431.0,1653.0
lam1,3,int__tai20_15_10,1348,13,1442.0,1686.0
lam1,3,int__tai20_15_10,1348,14,1419.0,1655.0
lam1,3,int__tai20_15_10,1348,15,1461.0,1688.0
lam1,3,int__tai20_15_10,1348,16,1448.0,1647.0
lam1,3,int__tai20_15_10,1348,17,1450.0,1682.0
lam1,3,int__tai20_15_10,1348,18,1419.0,1629.0
lam1,3,int__tai20_15_10,1348,19,1461.0,1720.0
lam1,3,int__tai20_15_10,1348,20,1588.0,1851.0
lam1,3,int__tai20_15_10,1348,21,1531.0,1698.0
lam1,3,int__tai20_15_10,1348,22,1438.0,1706.0
lam1,3,int__tai20_15_10,1348,23,1414.0,1635.0
lam1,3,int__tai20_15_10,1348,24,1505.0,1756.0
lam1,3,int__tai20_15_10,1348,25,1577.0,1797.0
lam1,3,int__tai20_15_10,1348,26,1443.0,1651.0
lam1,3,int__tai20_15_10,1348,27,1482.0,1728.0
lam1,3,int__tai20_15_10,1348,28,1480.0,1679.0
lam1,3,int__tai20_15_10,1348,29,1534.0,1739.0
lam1,3,int__tai20_15_10,1348,30,1519.0,1749.0
lam1,3,int__tai20_15_10,1348,31,1453.0,1656.0
lam1,3,int__tai20_15_10,1348,32,1461.0,1710.0
lam1,3,int__tai20_15_10,1348,33,1492.0,1706.0
lam1,3,int__tai20_15_10,1348,34,1449.0,1665.0
lam1,3,int__tai20_15_10,1348,35,1511.0,1744.0
lam1,3,int__tai20_15_10,1348,36,1438.0,1645.0
lam1,3,int__tai20_15_10,1348,37,1417.0,1631.0
lam1,3,int__tai20_15_10,1348,38,1449.0,1670.0
lam1,3,int__tai20_15_10,1348,39,1560.0,1795.0
lam1,3,int__tai20_15_10,1348,40,1428.0,1664.0
lam1,3,int__tai20_15_10,1348,41,1592.0,1836.0
lam1,3,int__tai20_15_10,1348,42,1498.0,1713.0
lam1,3,int__tai20_15_10,1348,43,1542.0,1783.0
lam1,3,int__tai20_15_10,1348,44,1509.0,1704.0
lam1,3,int__tai20_15_10,1348,45,1408.0,1647.0
lam1,3,int__tai20_15_10,1348,46,1404.0,1632.0
lam1,3,int__tai20_15_10,1348,47,1483.0,1699.0
lam1,3,int__tai20_15_10,1348,48,1535.0,1743.0
lam1,3,int__tai20_15_10,1348,49,1497.0,1725.0
lam1,3,int__tai20_15_10,1348,50,1461.0,1699.0
lam1,3,int__tai20_15_10,1348,51,1460.0,1687.0
lam1,3,int__tai20_15_10,1348,52,1520.0,1789.0
lam1,3,int__tai20_15_10,1348,53,1395.0,1630.0
lam1,3,int__tai20_15_10,1348,54,1484.0,1710.0
lam1,3,int__tai20_15_10,1348,55,1525.0,1765.0
lam1,3,int__tai20_15_10,1348,56,1474.0,1717.0
lam1,3,int__tai20_15_10,1348,57,1483.0,1675.0
lam1,3,int__tai20_15_10,1348,58,1448.0,1653.0
lam1,3,int__tai20_15_10,1348,59,1446.0,1637.0
lam1,3,int__tai20_15_10,1348,60,1476.0,1725.0
lam1,3,int__tai20_15_10,1348,61,1528.0,1774.0
lam1,3,int__tai20_15_10,1348,62,1447.0,1664.0
lam1,3,int__tai20_15_10,1348,63,1483.0,1684.0
lam1,9,int__tai20_15_05,1339,0,1515.0,1709.0
lam1,9,int__tai20_15_05,1339,1,1522.0,1747.0
lam1,9,int__tai20_15_05,1339,2,1494.0,1699.0
lam1,9,int__tai20_15_05,1339,3,1584.0,1789.0
lam1,9,int__tai20_15_05,1339,4,1488.0,1711.0
lam1,9,int__tai20_15_05,1339,5,1478.0,1668.0
lam1,9,int__tai20_15_05,1339,6,1565.0,1753.0
lam1,9,int__tai20_15_05,1339,7,1452.0,1651.0
lam1,9,int__tai20_15_05,1339,8,1623.0,1844.0
lam1,9,int__tai20_15_05,1339,9,1566.0,1796.0
lam1,9,int__tai20_15_05,1339,10,1541.0,1752.0
lam1,9,int__tai20_15_05,1339,11,1479.0,1742.0
lam1,9,int__tai20_15_05,1339,12,1507.0,1682.0
lam1,9,int__tai20_15_05,1339,13,1466.0,1691.0
lam1,9,int__tai20_15_05,1339,14,1532.0,1752.0
lam1,9,int__tai20_15_05,1339,15,1532.0,1748.0
lam1,9,int__tai20_15_05,1339,16,1577.0,1742.0
lam1,9,int__tai20_15_05,1339,17,1506.0,1706.0
lam1,9,int__tai20_15_05,1339,18,1506.0,1704.0
lam1,9,int__tai20_15_05,1339,19,1580.0,1801.0
lam1,9,int__tai20_15_05,1339,20,1458.0,1691.0
lam1,9,int__tai20_15_05,1339,21,1543.0,1756.0
lam1,9,int__tai20_15_05,1339,22,1437.0,1645.0
lam1,9,int__tai20_15_05,1339,23,1557.0,1768.0
lam1,9,int__tai20_15_05,1339,24,1461.0,1671.0
lam1,9,int__tai20_15_05,1339,25,1486.0,1723.0
lam1,9,int__tai20_15_05,1339,26,1506.0,1690.0
lam1,9,int__tai20_15_05,1339,27,1600.0,1813.0
lam1,9,int__tai20_15_05,1339,28,1531.0,1739.0
lam1,9,int__tai20_15_05,1339,29,1551.0,1819.0
lam1,9,int__tai20_15_05,1339,30,1506.0,1745.0
lam1,9,int__tai20_15_05,1339,31,1609.0,1819.0
lam1,9,int__tai20_15_05,1339,32,1530.0,1747.0
lam1,9,int__tai20_15_05,1339,33,1512.0,1708.0
lam1,9,int__tai20_15_05,1339,34,1587.0,1782.0
lam1,9,int__tai20_15_05,1339,35,1494.0,1709.0
lam1,9,int__tai20_15_05,1339,36,1517.0,1718.0
lam1,9,int__tai20_15_05,1339,37,1504.0,1676.0
lam1,9,int__tai20_15_05,1339,38,1527.0,1743.0
lam1,9,int__tai20_15_05,1339,39,1469.0,1648.0
lam1,9,int__tai20_15_05,1339,40,1597.0,1816.0
lam1,9,int__tai20_15_05,1339,41,1590.0,1803.0
lam1,9,int__tai20_15_05,1339,42,1554.0,1747.0
lam1,9,int__tai20_15_05,1339,43,1472.0,1684.0
lam1,9,int__tai20_15_05,1339,44,1550.0,1786.0
lam1,9,int__tai20_15_05,1339,45,1491.0,1674.0
lam1,9,int__tai20_15_05,1339,46,1553.0,1779.0
lam1,9,int__tai20_15_05,1339,47,1585.0,1801.0
lam1,9,int__tai20_15_05,1339,48,1564.0,1798.0
lam1,9,int__tai20_15_05,1339,49,1608.0,1816.0
lam1,9,int__tai20_15_05,1339,50,1492.0,1679.0
lam1,9,int__tai20_15_05,1339,51,1627.0,1851.0
lam1,9,int__tai20_15_05,1339,52,1484.0,1685.0
lam1,9,int__tai20_15_05,1339,53,1572.0,1779.0
lam1,9,int__tai20_15_05,1339,54,1490.0,1709.0
lam1,9,int__tai20_15_05,1339,55,1605.0,1781.0
lam1,9,int__tai20_15_05,1339,56,1514.0,1735.0
lam1,9,int__tai20_15_05,1339,57,1544.0,1745.0
lam1,9,int__tai20_15_05,1339,58,1540.0,1719.0
lam1,9,int__tai20_15_05,1339,59,1579.0,1765.0
lam1,9,int__tai20_15_05,1339,60,1479.0,1662.0
lam1,9,int__tai20_15_05,1339,61,1499.0,1689.0
lam1,9,int__tai20_15_05,1339,62,1530.0,1756.0
lam1,9,int__tai20_15_05,1339,63,1531.0,1731.0
lam1,9,int__tai20_15_06,1360,0,1446.0,1666.0
lam1,9,int__tai20_15_06,1360,1,1515.0,1743.0
lam1,9,int__tai20_15_06,1360,2,1468.0,1731.0
lam1,9,int__tai20_15_06,1360,3,1560.0,1796.0
lam1,9,int__tai20_15_06,1360,4,1525.0,1785.0
lam1,9,int__tai20_15_06,1360,5,1603.0,1819.0
lam1,9,int__tai20_15_06,1360,6,1554.0,1763.0
lam1,9,int__tai20_15_06,1360,7,1570.0,1815.0
lam1,9,int__tai20_15_06,1360,8,1611.0,1875.0
lam1,9,int__tai20_15_06,1360,9,1517.0,1740.0
lam1,9,int__tai20_15_06,1360,10,1535.0,1791.0
lam1,9,int__tai20_15_06,1360,11,1550.0,1803.0
lam1,9,int__tai20_15_06,1360,12,1530.0,1769.0
lam1,9,int__tai20_15_06,1360,13,1493.0,1749.0
lam1,9,int__tai20_15_06,1360,14,1538.0,1762.0
lam1,9,int__tai20_15_06,1360,15,1540.0,1810.0
lam1,9,int__tai20_15_06,1360,16,1481.0,1705.0
lam1,9,int__tai20_15_06,1360,17,1495.0,1742.0
lam1,9,int__tai20_15_06,1360,18,1531.0,1757.0
lam1,9,int__tai20_15_06,1360,19,1486.0,1727.0
lam1,9,int__tai20_15_06,1360,20,1611.0,1856.0
lam1,9,int__tai20_15_06,1360,21,1583.0,1765.0
lam1,9,int__tai20_15_06,1360,22,1513.0,1729.0
lam1,9,int__tai20_15_06,1360,23,1541.0,1785.0
lam1,9,int__tai20_15_06,1360,24,1514.0,1788.0
lam1,9,int__tai20_15_06,1360,25,1530.0,1762.0
lam1,9,int__tai20_15_06,1360,26,1530.0,1766.0
lam1,9,int__tai20_15_06,1360,27,1508.0,1741.0
lam1,9,int__tai20_15_06,1360,28,1598.0,1823.0
lam1,9,int__tai20_15_06,1360,29,1519.0,1777.0
lam1,9,int__tai20_15_06,1360,30,1535.0,1759.0
lam1,9,int__tai20_15_06,1360,31,1525.0,1750.0
lam1,9,int__tai20_15_06,1360,32,1554.0,1750.0
lam1,9,int__tai20_15_06,1360,33,1491.0,1721.0
lam1,9,int__tai20_15_06,1360,34,1537.0,1729.0
lam1,9,int__tai20_15_06,1360,35,1530.0,1747.0
lam1,9,int__tai20_15_06,1360,36,1493.0,1717.0
lam1,9,int__tai20_15_06,1360,37,1563.0,1798.0
lam1,9,int__tai20_15_06,1360,38,1602.0,1857.0
lam1,9,int__tai20_15_06,1360,39,1482.0,1715.0
lam1,9,int__tai20_15_06,1360,40,1558.0,1808.0
lam1,9,int__tai20_15_06,1360,41,1600.0,1842.0
lam1,9,int__tai20_15_06,1360,42,1562.0,1785.0
lam1,9,int__tai20_15_06,1360,43,1520.0,1744.0
lam1,9,int__tai20_15_06,1360,44,1577.0,1816.0
lam1,9,int__tai20_15_06,1360,45,1551.0,1783.0
lam1,9,int__tai20_15_06,1360,46,1562.0,1792.0
lam1,9,int__tai20_15_06,1360,47,1580.0,1817.0
lam1,9,int__tai20_15_06,1360,48,1524.0,1770.0
lam1,9,int__tai20_15_06,1360,49,1558.0,1793.0
lam1,9,int__tai20_15_06,1360,50,1468.0,1680.0
lam1,9,int__tai20_15_06,1360,51,1492.0,1685.0
lam1,9,int__tai20_15_06,1360,52,1515.0,1755.0
lam1,9,int__tai20_15_06,1360,53,1576.0,1814.0
lam1,9,int__tai20_15_06,1360,54,1621.0,1908.0
lam1,9,int__tai20_15_06,1360,55,1491.0,1724.0
lam1,9,int__tai20_15_06,1360,56,1545.0,1773.0
lam1,9,int__tai20_15_06,1360,57,1515.0,1723.0
lam1,9,int__tai20_15_06,1360,58,1526.0,1736.0
lam1,9,int__tai20_15_06,1360,59,1482.0,1716.0
lam1,9,int__tai20_15_06,1360,60,1496.0,1692.0
lam1,9,int__tai20_15_06,1360,61,1471.0,1691.0
lam1,9,int__tai20_15_06,1360,62,1464.0,1674.0
lam1,9,int__tai20_15_06,1360,63,1581.0,1840.0
lam1,9,int__tai20_15_07,1462,0,1728.0,1992.0
lam1,9,int__tai20_15_07,1462,1,1659.0,1909.0
lam1,9,int__tai20_15_07,1462,2,1812.0,2080.0
lam1,9,int__tai20_15_07,1462,3,1707.0,1943.0
lam1,9,int__tai20_15_07,1462,4,1633.0,1854.0
lam1,9,int__tai20_15_07,1462,5,1652.0,1878.0
lam1,9,int__tai20_15_07,1462,6,1642.0,1884.0
lam1,9,int__tai20_15_07,1462,7,1640.0,1899.0
lam1,9,int__tai20_15_07,1462,8,1584.0,1804.0
lam1,9,int__tai20_15_07,1462,9,1639.0,1885.0
lam1,9,int__tai20_15_07,1462,10,1691.0,1935.0
lam1,9,int__tai20_15_07,1462,11,1627.0,1882.0
lam1,9,int__tai20_15_07,1462,12,1634.0,1874.0
lam1,9,int__tai20_15_07,1462,13,1637.0,1835.0
lam1,9,int__tai20_15_07,1462,14,1728.0,1998.0
lam1,9,int__tai20_15_07,1462,15,1735.0,1987.0
lam1,9,int__tai20_15_07,1462,16,1645.0,1898.0
lam1,9,int__tai20_15_07,1462,17,1776.0,2008.0
lam1,9,int__tai20_15_07,1462,18,1655.0,1908.0
lam1,9,int__tai20_15_07,1462,19,1625.0,1870.0
lam1,9,int__tai20_15_07,1462,20,1705.0,1992.0
lam1,9,int__tai20_15_07,1462,21,1671.0,1921.0
lam1,9,int__tai20_15_07,1462,22,1740.0,1976.0
lam1,9,int__tai20_15_07,1462,23,1663.0,1850.0
lam1,9,int__tai20_15_07,1462,24,1596.0,1819.0
lam1,9,int__tai20_15_07,1462,25,1625.0,1899.0
lam1,9,int__tai20_15_07,1462,26,1702.0,1942.0
lam1,9,int__tai20_15_07,1462,27,1677.0,1902.0
lam1,9,int__tai20_15_07,1462,28,1662.0,1888.0
lam1,9,int__tai20_15_07,1462,29,1637.0,1883.0
lam1,9,int__tai20_15_07,1462,30,1621.0,1839.0
lam1,9,int__tai20_15_07,1462,31,1661.0,1935.0
lam1,9,int__tai20_15_07,1462,32,1618.0,1861.0
lam1,9,int__tai20_15_07,1462,33,1621.0,1877.0
lam1,9,int__tai20_15_07,1462,34,1723.0,1913.0
lam1,9,int__tai20_15_07,1462,35,1636.0,1900.0
lam1,9,int__tai20_15_07,1462,36,1603.0,1839.0
lam1,9,int__tai20_15_07,1462,37,1628.0,1863.0
lam1,9,int__tai20_15_07,1462,38,1715.0,1975.0
lam1,9,int__tai20_15_07,1462,39,1642.0,1857.0
lam1,9,int__tai20_15_07,1462,40,1621.0,1864.0
lam1,9,int__tai20_15_07,1462,41,1634.0,1867.0
lam1,9,int__tai20_15_07,1462,42,1631.0,1867.0
lam1,9,int__tai20_15_07,1462,43,1660.0,1887.0
lam1,9,int__tai20_15_07,1462,44,1732.0,1966.0
lam1,9,int__tai20_15_07,1462,45,1669.0,1919.0
lam1,9,int__tai20_15_07,1462,46,1637.0,1839.0
lam1,9,int__tai20_15_07,1462,47,1685.0,1935.0
lam1,9,int__tai20_15_07,1462,48,1613.0,1857.0
lam1,9,int__tai20_15_07,1462,49,1687.0,1955.0
lam1,9,int__tai20_15_07,1462,50,1728.0,1991.0
lam1,9,int__tai20_15_07,1462,51,1649.0,1890.0
lam1,9,int__tai20_15_07,1462,52,1766.0,2065.0
lam1,9,int__tai20_15_07,1462,53,1623.0,1833.0
lam1,9,int__tai20_15_07,1462,54,1604.0,1833.0
lam1,9,int__tai20_15_07,1462,55,1633.0,1883.0
lam1,9,int__tai20_15_07,1462,56,1564.0,1817.0
lam1,9,int__tai20_15_07,1462,57,1729.0,1941.0
lam1,9,int__tai20_15_07,1462,58,1597.0,1868.0
lam1,9,int__tai20_15_07,1462,59,1695.0,1939.0
lam1,9,int__tai20_15_07,1462,60,1731.0,1937.0
lam1,9,int__tai20_15_07,1462,61,1635.0,1907.0
lam1,9,int__tai20_15_07,1462,62,1651.0,1892.0
lam1,9,int__tai20_15_07,1462,63,1591.0,1845.0
lam1,9,int__tai20_15_08,1377,0,1583.0,1801.0
lam1,9,int__tai20_15_08,1377,1,1620.0,1864.0
lam1,9,int__tai20_15_08,1377,2,1580.0,1806.0
lam1,9,int__tai20_15_08,1377,3,1597.0,1832.0
lam1,9,int__tai20_15_08,1377,4,1517.0,1717.0
lam1,9,int__tai20_15_08,1377,5,1589.0,1804.0
lam1,9,int__tai20_15_08,1377,6,1517.0,1725.0
lam1,9,int__tai20_15_08,1377,7,1630.0,1815.0
lam1,9,int__tai20_15_08,1377,8,1615.0,1811.0
lam1,9,int__tai20_15_08,1377,9,1568.0,1762.0
lam1,9,int__tai20_15_08,1377,10,1583.0,1783.0
lam1,9,int__tai20_15_08,1377,11,1514.0,1714.0
lam1,9,int__tai20_15_08,1377,12,1556.0,1780.0
lam1,9,int__tai20_15_08,1377,13,1589.0,1765.0
lam1,9,int__tai20_15_08,1377,14,1603.0,1808.0
lam1,9,int__tai20_15_08,1377,15,1625.0,1863.0
lam1,9,int__tai20_15_08,1377,16,1586.0,1762.0
lam1,9,int__tai20_15_08,1377,17,1541.0,1794.0
lam1,9,int__tai20_15_08,1377,18,1575.0,1751.0
lam1,9,int__tai20_15_08,1377,19,1581.0,1817.0
lam1,9,int__tai20_15_08,1377,20,1604.0,1825.0
lam1,9,int__tai20_15_08,1377,21,1543.0,1765.0
lam1,9,int__tai20_15_08,1377,22,1570.0,1778.0
lam1,9,int__tai20_15_08,1377,23,1623.0,1848.0
lam1,9,int__tai20_15_08,1377,24,1573.0,1816.0
lam1,9,int__tai20_15_08,1377,25,1567.0,1780.0
lam1,9,int__tai20_15_08,1377,26,1524.0,1730.0
lam1,9,int__tai20_15_08,1377,27,1536.0,1687.0
lam1,9,int__tai20_15_08,1377,28,1540.0,1758.0
lam1,9,int__tai20_15_08,1377,29,1547.0,1766.0
lam1,9,int__tai20_15_08,1377,30,1582.0,1761.0
lam1,9,int__tai20_15_08,1377,31,1567.0,1762.0
lam1,9,int__tai20_15_08,1377,32,1562.0,1770.0
lam1,9,int__tai20_15_08,1377,33,1589.0,1805.0
lam1,9,int__tai20_15_08,1377,34,1662.0,1902.0
lam1,9,int__tai20_15_08,1377,35,1516.0,1724.0
lam1,9,int__tai20_15_08,1377,36,1538.0,1752.0
lam1,9,int__tai20_15_08,1377,37,1559.0,1785.0
lam1,9,int__tai20_15_08,1377,38,1643.0,1847.0
lam1,9,int__tai20_15_08,1377,39,1547.0,1730.0
lam1,9,int__tai20_15_08,1377,40,1535.0,1726.0
lam1,9,int__tai20_15_08,1377,41,1549.0,1763.0
lam1,9,int__tai20_15_08,1377,42,1517.0,1752.0
lam1,9,int__tai20_15_08,1377,43,1518.0,1712.0
lam1,9,int__tai20_15_08,1377,44,1570.0,1766.0
lam1,9,int__tai20_15_08,1377,45,1570.0,1766.0
lam1,9,int__tai20_15_08,1377,46,1595.0,1795.0
lam1,9,int__tai20_15_08,1377,47,1661.0,1881.0
lam1,9,int__tai20_15_08,1377,48,1591.0,1801.0
lam1,9,int__tai20_15_08,1377,49,1552.0,1760.0
lam1,9,int__tai20_15_08,1377,50,1518.0,1730.0
lam1,9,int__tai20_15_08,1377,51,1633.0,1870.0
lam1,9,int__tai20_15_08,1377,52,1583.0,1796.0
lam1,9,int__tai20_15_08,1377,53,1594.0,1812.0
lam1,9,int__tai20_15_08,1377,54,1613.0,1843.0
lam1,9,int__tai20_15_08,1377,55,1607.0,1810.0
lam1,9,int__tai20_15_08,1377,56,1647.0,1847.0
lam1,9,int__tai20_15_08,1377,57,1523.0,1734.0
lam1,9,int__tai20_15_08,1377,58,1490.0,1703.0
lam1,9,int__tai20_15_08,1377,59,1585.0,1786.0
lam1,9,int__tai20_15_08,1377,60,1557.0,1756.0
lam1,9,int__tai20_15_08,1377,61,1601.0,1799.0
lam1,9,int__tai20_15_08,1377,62,1553.0,1765.0
lam1,9,int__tai20_15_08,1377,63,1643.0,1870.0
lam1,9,int__tai20_15_09,1332,0,1445.0,1679.0
lam1,9,int__tai20_15_09,1332,1,1430.0,1617.0
lam1,9,int__tai20_15_09,1332,2,1438.0,1647.0
lam1,9,int__tai20_15_09,1332,3,1480.0,1685.0
lam1,9,int__tai20_15_09,1332,4,1426.0,1609.0
lam1,9,int__tai20_15_09,1332,5,1495.0,1700.0
lam1,9,int__tai20_15_09,1332,6,1492.0,1712.0
lam1,9,int__tai20_15_09,1332,7,1500.0,1724.0
lam1,9,int__tai20_15_09,1332,8,1515.0,1750.0
lam1,9,int__tai20_15_09,1332,9,1472.0,1705.0
lam1,9,int__tai20_15_09,1332,10,1537.0,1767.0
lam1,9,int__tai20_15_09,1332,11,1521.0,1724.0
lam1,9,int__tai20_15_09,1332,12,1459.0,1653.0
lam1,9,int__tai20_15_09,1332,13,1505.0,1730.0
lam1,9,int__tai20_15_09,1332,14,1504.0,1704.0
lam1,9,int__tai20_15_09,1332,15,1513.0,1678.0
lam1,9,int__tai20_15_09,1332,16,1514.0,1745.0
lam1,9,int__tai20_15_09,1332,17,1507.0,1757.0
lam1,9,int__tai20_15_09,1332,18,1474.0,1718.0
lam1,9,int__tai20_15_09,1332,19,1477.0,1694.0
lam1,9,int__tai20_15_09,1332,20,1495.0,1724.0
lam1,9,int__tai20_15_09,1332,21,1466.0,1666.0
lam1,9,int__tai20_15_09,1332,22,1522.0,1724.0
lam1,9,int__tai20_15_09,1332,23,1477.0,1697.0
lam1,9,int__tai20_15_09,1332,24,1478.0,1670.0
lam1,9,int__tai20_15_09,1332,25,1461.0,1681.0
lam1,9,int__tai20_15_09,1332,26,1509.0,1681.0
lam1,9,int__tai20_15_09,1332,27,1486.0,1677.0
lam1,9,int__tai20_15_09,1332,28,1564.0,1760.0
lam1,9,int__tai20_15_09,1332,29,1510.0,1753.0
lam1,9,int__tai20_15_09,1332,30,1594.0,1821.0
lam1,9,int__tai20_15_09,1332,31,1451.0,1665.0
lam1,9,int__tai20_15_09,1332,32,1567.0,1806.0
lam1,9,int__tai20_15_09,1332,33,1396.0,1606.0
lam1,9,int__tai20_15_09,1332,34,1498.0,1714.0
lam1,9,int__tai20_15_09,1332,35,1459.0,1693.0
lam1,9,int__tai20_15_09,1332,36,1528.0,1779.0
lam1,9,int__tai20_15_09,1332,37,1463.0,1698.0
lam1,9,int__tai20_15_09,1332,38,1429.0,1667.0
lam1,9,int__tai20_15_09,1332,39,1557.0,1770.0
lam1,9,int__tai20_15_09,1332,40,1456.0,1703.0
lam1,9,int__tai20_15_09,1332,41,1465.0,1658.0
lam1,9,int__tai20_15_09,1332,42,1486.0,1703.0
lam1,9,int__tai20_15_09,1332,43,1555.0,1791.0
lam1,9,int__tai20_15_09,1332,44,1494.0,1696.0
lam1,9,int__tai20_15_09,1332,45,1477.0,1713.0
lam1,9,int__tai20_15_09,1332,46,1464.0,1678.0
lam1,9,int__tai20_15_09,1332,47,1476.0,1728.0
lam1,9,int__tai20_15_09,1332,48,1470.0,1707.0
lam1,9,int__tai20_15_09,1332,49,1442.0,1673.0
lam1,9,int__tai20_15_09,1332,50,1477.0,1699.0
lam1,9,int__tai20_15_09,1332,51,1430.0,1675.0
lam1,9,int__tai20_15_09,1332,52,1491.0,1677.0
lam1,9,int__tai20_15_09,1332,53,1448.0,1641.0
lam1,9,int__tai20_15_09,1332,54,1551.0,1778.0
lam1,9,int__tai20_15_09,1332,55,1462.0,1703.0
lam1,9,int__tai20_15_09,1332,56,1495.0,1711.0
lam1,9,int__tai20_15_09,1332,57,1553.0,1769.0
lam1,9,int__tai20_15_09,1332,58,1471.0,1676.0
lam1,9,int__tai20_15_09,1332,59,1446.0,1662.0
lam1,9,int__tai20_15_09,1332,60,1438.0,1675.0
lam1,9,int__tai20_15_09,1332,61,1479.0,1678.0
lam1,9,int__tai20_15_09,1332,62,1494.0,1715.0
lam1,9,int__tai20_15_09,1332,63,1524.0,1786.0
lam1,9,int__tai20_15_10,1348,0,1614.0,1827.0
lam1,9,int__tai20_15_10,1348,1,1581.0,1841.0
lam1,9,int__tai20_15_10,1348,2,1567.0,1775.0
lam1,9,int__tai20_15_10,1348,3,1504.0,1742.0
lam1,9,int__tai20_15_10,1348,4,1502.0,1720.0
lam1,9,int__tai20_15_10,1348,5,1486.0,1666.0
lam1,9,int__tai20_15_10,1348,6,1487.0,1730.0
lam1,9,int__tai20_15_10,1348,7,1506.0,1733.0
lam1,9,int__tai20_15_10,1348,8,1565.0,1802.0
lam1,9,int__tai20_15_10,1348,9,1586.0,1864.0
lam1,9,int__tai20_15_10,1348,10,1537.0,1763.0
lam1,9,int__tai20_15_10,1348,11,1538.0,1782.0
lam1,9,int__tai20_15_10,1348,12,1531.0,1755.0
lam1,9,int__tai20_15_10,1348,13,1505.0,1713.0
lam1,9,int__tai20_15_10,1348,14,1581.0,1817.0
lam1,9,int__tai20_15_10,1348,15,1515.0,1716.0
lam1,9,int__tai20_15_10,1348,16,1461.0,1718.0
lam1,9,int__tai20_15_10,1348,17,1708.0,1971.0
lam1,9,int__tai20_15_10,1348,18,1587.0,1818.0
lam1,9,int__tai20_15_10,1348,19,1565.0,1791.0
lam1,9,int__tai20_15_10,1348,20,1522.0,1743.0
lam1,9,int__tai20_15_10,1348,21,1519.0,1755.0
lam1,9,int__tai20_15_10,1348,22,1519.0,1714.0
lam1,9,int__tai20_15_10,1348,23,1549.0,1760.0
lam1,9,int__tai20_15_10,1348,24,1588.0,1771.0
lam1,9,int__tai20_15_10,1348,25,1437.0,1630.0
lam1,9,int__tai20_15_10,1348,26,1525.0,1729.0
lam1,9,int__tai20_15_10,1348,27,1594.0,1760.0
lam1,9,int__tai20_15_10,1348,28,1485.0,1701.0
lam1,9,int__tai20_15_10,1348,29,1531.0,1722.0
lam1,9,int__tai20_15_10,1348,30,1544.0,1764.0
lam1,9,int__tai20_15_10,1348,31,1534.0,1776.0
lam1,9,int__tai20_15_10,1348,32,1529.0,1741.0
lam1,9,int__tai20_15_10,1348,33,1479.0,1683.0
lam1,9,int__tai20_15_10,1348,34,1551.0,1763.0
lam1,9,int__tai20_15_10,1348,35,1612.0,1848.0
lam1,9,int__tai20_15_10,1348,36,1540.0,1752.0
lam1,9,int__tai20_15_10,1348,37,1502.0,1725.0
lam1,9,int__tai20_15_10,1348,38,1501.0,1687.0
lam1,9,int__tai20_15_10,1348,39,1610.0,1826.0
lam1,9,int__tai20_15_10,1348,40,1516.0,1751.0
lam1,9,int__tai20_15_10,1348,41,1602.0,1833.0
lam1,9,int__tai20_15_10,1348,42,1460.0,1663.0
lam1,9,int__tai20_15_10,1348,43,1519.0,1726.0
lam1,9,int__tai20_15_10,1348,44,1528.0,1746.0
lam1,9,int__tai20_15_10,1348,45,1529.0,1717.0
lam1,9,int__tai20_15_10,1348,46,1578.0,1787.0
lam1,9,int__tai20_15_10,1348,47,1552.0,1790.0
lam1,9,int__tai20_15_10,1348,48,1480.0,1717.0
lam1,9,int__tai20_15_10,1348,49,1513.0,1729.0
lam1,9,int__tai20_15_10,1348,50,1545.0,1769.0
lam1,9,int__tai20_15_10,1348,51,1561.0,1781.0
lam1,9,int__tai20_15_10,1348,52,1567.0,1751.0
lam1,9,int__tai20_15_10,1348,53,1450.0,1662.0
lam1,9,int__tai20_15_10,1348,54,1484.0,1707.0
lam1,9,int__tai20_15_10,1348,55,1480.0,1713.0
lam1,9,int__tai20_15_10,1348,56,1511.0,1738.0
lam1,9,int__tai20_15_10,1348,57,1541.0,1778.0
lam1,9,int__tai20_15_10,1348,58,1536.0,1762.0
lam1,9,int__tai20_15_10,1348,59,1551.0,1805.0
lam1,9,int__tai20_15_10,1348,60,1576.0,1842.0
lam1,9,int__tai20_15_10,1348,61,1508.0,1729.0
lam1,9,int__tai20_15_10,1348,62,1563.0,1767.0
lam1,9,int__tai20_15_10,1348,63,1626.0,1870.0
lam2,5,int__tai20_15_05,1339,0,1496.0,1669.0
lam2,5,int__tai20_15_05,1339,1,1525.0,1744.0
lam2,5,int__tai20_15_05,1339,2,1532.0,1728.0
lam2,5,int__tai20_15_05,1339,3,1528.0,1718.0
lam2,5,int__tai20_15_05,1339,4,1501.0,1706.0
lam2,5,int__tai20_15_05,1339,5,1546.0,1783.0
lam2,5,int__tai20_15_05,1339,6,1546.0,1781.0
lam2,5,int__tai20_15_05,1339,7,1580.0,1768.0
lam2,5,int__tai20_15_05,1339,8,1516.0,1734.0
lam2,5,int__tai20_15_05,1339,9,1553.0,1717.0
lam2,5,int__tai20_15_05,1339,10,1551.0,1784.0
lam2,5,int__tai20_15_05,1339,11,1573.0,1761.0
lam2,5,int__tai20_15_05,1339,12,1568.0,1806.0
lam2,5,int__tai20_15_05,1339,13,1533.0,1761.0
lam2,5,int__tai20_15_05,1339,14,1556.0,1767.0
lam2,5,int__tai20_15_05,1339,15,1504.0,1691.0
lam2,5,int__tai20_15_05,1339,16,1596.0,1829.0
lam2,5,int__tai20_15_05,1339,17,1590.0,1789.0
lam2,5,int__tai20_15_05,1339,18,1582.0,1794.0
lam2,5,int__tai20_15_05,1339,19,1506.0,1726.0
lam2,5,int__tai20_15_05,1339,20,1478.0,1723.0
lam2,5,int__tai20_15_05,1339,21,1532.0,1708.0
lam2,5,int__tai20_15_05,1339,22,1542.0,1764.0
lam2,5,int__tai20_15_05,1339,23,1516.0,1709.0
lam2,5,int__tai20_15_05,1339,24,1572.0,1752.0
lam2,5,int__tai20_15_05,1339,25,1570.0,1806.0
lam2,5,int__tai20_15_05,1339,26,1472.0,1693.0
lam2,5,int__tai20_15_05,1339,27,1503.0,1719.0
lam2,5,int__tai20_15_05,1339,28,1525.0,1698.0
lam2,5,int__tai20_15_05,1339,29,1506.0,1711.0
lam2,5,int__tai20_15_05,1339,30,1501.0,1757.0
lam2,5,int__tai20_15_05,1339,31,1511.0,1697.0
lam2,5,int__tai20_15_05,1339,32,1592.0,1807.0
lam2,5,int__tai20_15_05,1339,33,1477.0,1665.0
lam2,5,int__tai20_15_05,1339,34,1582.0,1789.0
lam2,5,int__tai20_15_05,1339,35,1535.0,1730.0
lam2,5,int__tai20_15_05,1339,36,1514.0,1724.0
lam2,5,int__tai20_15_05,1339,37,1550.0,1770.0
lam2,5,int__tai20_15_05,1339,38,1507.0,1740.0
lam2,5,int__tai20_15_05,1339,39,1505.0,1713.0
lam2,5,int__tai20_15_05,1339,40,1533.0,1737.0
lam2,5,int__tai20_15_05,1339,41,1500.0,1717.0
lam2,5,int__tai20_15_05,1339,42,1628.0,1823.0
lam2,5,int__tai20_15_05,1339,43,1653.0,1881.0
lam2,5,int__tai20_15_05,1339,44,1525.0,1727.0
lam2,5,int__tai20_15_05,1339,45,1562.0,1771.0
lam2,5,int__tai20_15_05,1339,46,1466.0,1712.0
lam2,5,int__tai20_15_05,1339,47,1652.0,1890.0
lam2,5,int__tai20_15_05,1339,48,1473.0,1651.0
lam2,5,int__tai20_15_05,1339,49,1580.0,1803.0
lam2,5,int__tai20_15_05,1339,50,1450.0,1665.0
lam2,5,int__tai20_15_05,1339,51,1611.0,1810.0
lam2,5,int__tai20_15_05,1339,52,1587.0,1816.0
lam2,5,int__tai20_15_05,1339,53,1438.0,1670.0
lam2,5,int__tai20_15_05,1339,54,1650.0,1900.0
lam2,5,int__tai20_15_05,1339,55,1534.0,1715.0
lam2,5,int__tai20_15_05,1339,56,1501.0,1662.0
lam2,5,int__tai20_15_05,1339,57,1553.0,1748.0
lam2,5,int__tai20_15_05,1339,58,1632.0,1880.0
lam2,5,int__tai20_15_05,1339,59,1551.0,1759.0
lam2,5,int__tai20_15_05,1339,60,1547.0,1768.0
lam2,5,int__tai20_15_05,1339,61,1553.0,1771.0
lam2,5,int__tai20_15_05,1339,62,1522.0,1768.0
lam2,5,int__tai20_15_05,1339,63,1659.0,1900.0
lam2,5,int__tai20_15_06,1360,0,1467.0,1684.0
lam2,5,int__tai20_15_06,1360,1,1560.0,1787.0
lam2,5,int__tai20_15_06,1360,2,1486.0,1724.0
lam2,5,int__tai20_15_06,1360,3,1490.0,1716.0
lam2,5,int__tai20_15_06,1360,4,1542.0,1767.0
lam2,5,int__tai20_15_06,1360,5,1480.0,1707.0
lam2,5,int__tai20_15_06,1360,6,1598.0,1796.0
lam2,5,int__tai20_15_06,1360,7,1581.0,1848.0
lam2,5,int__tai20_15_06,1360,8,1554.0,1763.0
lam2,5,int__tai20_15_06,1360,9,1480.0,1725.0
lam2,5,int__tai20_15_06,1360,10,1650.0,1860.0
lam2,5,int__tai20_15_06,1360,11,1521.0,1725.0
lam2,5,int__tai20_15_06,1360,12,1525.0,1738.0
lam2,5,int__tai20_15_06,1360,13,1499.0,1768.0
lam2,5,int__tai20_15_06,1360,14,1469.0,1705.0
lam2,5,int__tai20_15_06,1360,15,1506.0,1708.0
lam2,5,int__tai20_15_06,1360,16,1630.0,1874.0
lam2,5,int__tai20_15_06,1360,17,1505.0,1771.0
lam2,5,int__tai20_15_06,1360,18,1521.0,1777.0
lam2,5,int__tai20_15_06,1360,19,1492.0,1746.0
lam2,5,int__tai20_15_06,1360,20,1513.0,1768.0
lam2,5,int__tai20_15_06,1360,21,1455.0,1647.0
lam2,5,int__tai20_15_06,1360,22,1500.0,1717.0
lam2,5,int__tai20_15_06,1360,23,1454.0,1684.0
lam2,5,int__tai20_15_06,1360,24,1474.0,1748.0
lam2,5,int__tai20_15_06,1360,25,1529.0,1770.0
lam2,5,int__tai20_15_06,1360,26,1483.0,1729.0
lam2,5,int__tai20_15_06,1360,27,1507.0,1774.0
lam2,5,int__tai20_15_06,1360,28,1484.0,1664.0
lam2,5,int__tai20_15_06,1360,29,1513.0,1743.0
lam2,5,int__tai20_15_06,1360,30,1540.0,1762.0
lam2,5,int__tai20_15_06,1360,31,1506.0,1730.0
lam2,5,int__tai20_15_06,1360,32,1531.0,1790.0
lam2,5,int__tai20_15_06,1360,33,1507.0,1763.0
lam2,5,int__tai20_15_06,1360,34,1502.0,1709.0
lam2,5,int__tai20_15_06,1360,35,1499.0,1729.0
lam2,5,int__tai20_15_06,1360,36,1505.0,1745.0
lam2,5,int__tai20_15_06,1360,37,1520.0,1796.0
lam2,5,int__tai20_15_06,1360,38,1525.0,1772.0
lam2,5,int__tai20_15_06,1360,39,1463.0,1697.0
lam2,5,int__tai20_15_06,1360,40,1516.0,1756.0
lam2,5,int__tai20_15_06,1360,41,1496.0,1722.0
lam2,5,int__tai20_15_06,1360,42,1560.0,1785.0
lam2,5,int__tai20_15_06,1360,43,1589.0,1853.0
lam2,5,int__tai20_15_06,1360,44,1501.0,1728.0
lam2,5,int__tai20_15_06,1360,45,1510.0,1757.0
lam2,5,int__tai20_15_06,1360,46,1444.0,1654.0
lam2,5,int__tai20_15_06,1360,47,1550.0,1793.0
lam2,5,int__tai20_15_06,1360,48,1540.0,1796.0
lam2,5,int__tai20_15_06,1360,49,1569.0,1771.0
lam2,5,int__tai20_15_06,1360,50,1686.0,1918.0
lam2,5,int__tai20_15_06,1360,51,1541.0,1793.0
lam2,5,int__tai20_15_06,1360,52,1577.0,1773.0
lam2,5,int__tai20_15_06,1360,53,1538.0,1753.0
lam2,5,int__tai20_15_06,1360,54,1571.0,1823.0
lam2,5,int__tai20_15_06,1360,55,1605.0,1801.0
lam2,5,int__tai20_15_06,1360,56,1492.0,1711.0
lam2,5,int__tai20_15_06,1360,57,1486.0,1753.0
lam2,5,int__tai20_15_06,1360,58,1448.0,1662.0
lam2,5,int__tai20_15_06,1360,59,1519.0,1754.0
lam2,5,int__tai20_15_06,1360,60,1566.0,1789.0
lam2,5,int__tai20_15_06,1360,61,1524.0,1773.0
lam2,5,int__tai20_15_06,1360,62,1463.0,1703.0
lam2,5,int__tai20_15_06,1360,63,1475.0,1689.0
lam2,5,int__tai20_15_07,1462,0,1534.0,1754.0
lam2,5,int__tai20_15_07,1462,1,1588.0,1854.0
lam2,5,int__tai20_15_07,1462,2,1624.0,1817.0
lam2,5,int__tai20_15_07,1462,3,1692.0,1906.0
lam2,5,int__tai20_15_07,1462,4,1695.0,1928.0
lam2,5,int__tai20_15_07,1462,5,1574.0,1770.0
lam2,5,int__tai20_15_07,1462,6,1627.0,1868.0
lam2,5,int__tai20_15_07,1462,7,1620.0,1860.0
lam2,5,int__tai20_15_07,1462,8,1618.0,1868.0
lam2,5,int__tai20_15_07,1462,9,1624.0,1886.0
lam2,5,int__tai20_15_07,1462,10,1705.0,1975.0
lam2,5,int__tai20_15_07,1462,11,1589.0,1837.0
lam2,5,int__tai20_15_07,1462,12,1630.0,1865.0
lam2,5,int__tai20_15_07,1462,13,1610.0,1828.0
lam2,5,int__tai20_15_07,1462,14,1556.0,1789.0
lam2,5,int__tai20_15_07,1462,15,1642.0,1848.0
lam2,5,int__tai20_15_07,1462,16,1642.0,1911.0
lam2,5,int__tai20_15_07,1462,17,1609.0,1841.0
lam2,5,int__tai20_15_07,1462,18,1631.0,1881.0
lam2,5,int__tai20_15_07,1462,19,1584.0,1830.0
lam2,5,int__tai20_15_07,1462,20,1710.0,1920.0
lam2,5,int__tai20_15_07,1462,21,1562.0,1800.0
lam2,5,int__tai20_15_07,1462,22,1559.0,1814.0
lam2,5,int__tai20_15_07,1462,23,1579.0,1809.0
lam2,5,int__tai20_15_07,1462,24,1635.0,1857.0
lam2,5,int__tai20_15_07,1462,25,1826.0,2106.0
lam2,5,int__tai20_15_07,1462,26,1529.0,1745.0
lam2,5,int__tai20_15_07,1462,27,1612.0,1865.0
lam2,5,int__tai20_15_07,1462,28,1572.0,1793.0
lam2,5,int__tai20_15_07,1462,29,1613.0,1879.0
lam2,5,int__tai20_15_07,1462,30,1657.0,1872.0
lam2,5,int__tai20_15_07,1462,31,1583.0,1825.0
lam2,5,int__tai20_15_07,1462,32,1593.0,1827.0
lam2,5,int__tai20_15_07,1462,33,1629.0,1849.0
lam2,5,int__tai20_15_07,1462,34,1701.0,1929.0
lam2,5,int__tai20_15_07,1462,35,1596.0,1862.0
lam2,5,int__tai20_15_07,1462,36,1667.0,1901.0
lam2,5,int__tai20_15_07,1462,37,1588.0,1829.0
lam2,5,int__tai20_15_07,1462,38,1742.0,2008.0
lam2,5,int__tai20_15_07,1462,39,1616.0,1824.0
lam2,5,int__tai20_15_07,1462,40,1661.0,1883.0
lam2,5,int__tai20_15_07,1462,41,1621.0,1845.0
lam2,5,int__tai20_15_07,1462,42,1719.0,1972.0
lam2,5,int__tai20_15_07,1462,43,1567.0,1788.0
lam2,5,int__tai20_15_07,1462,44,1594.0,1813.0
lam2,5,int__tai20_15_07,1462,45,1633.0,1890.0
lam2,5,int__tai20_15_07,1462,46,1650.0,1886.0
lam2,5,int__tai20_15_07,1462,47,1624.0,1881.0
lam2,5,int__tai20_15_07,1462,48,1687.0,1941.0
lam2,5,int__tai20_15_07,1462,49,1548.0,1803.0
lam2,5,int__tai20_15_07,1462,50,1656.0,1883.0
lam2,5,int__tai20_15_07,1462,51,1574.0,1779.0
lam2,5,int__tai20_15_07,1462,52,1584.0,1796.0
lam2,5,int__tai20_15_07,1462,53,1596.0,1825.0
lam2,5,int__tai20_15_07,1462,54,1614.0,1840.0
lam2,5,int__tai20_15_07,1462,55,1598.0,1838.0
lam2,5,int__tai20_15_07,1462,56,1637.0,1853.0
lam2,5,int__tai20_15_07,1462,57,1664.0,1871.0
lam2,5,int__tai20_15_07,1462,58,1661.0,1910.0
lam2,5,int__tai20_15_07,1462,59,1633.0,1850.0
lam2,5,int__tai20_15_07,1462,60,1622.0,1856.0
lam2,5,int__tai20_15_07,1462,61,1627.0,1857.0
lam2,5,int__tai20_15_07,1462,62,1692.0,1908.0
lam2,5,int__tai20_15_07,1462,63,1669.0,1944.0
lam2,5,int__tai20_15_08,1377,0,1529.0,1740.0
lam2,5,int__tai20_15_08,1377,1,1550.0,1798.0
lam2,5,int__tai20_15_08,1377,2,1432.0,1650.0
lam2,5,int__tai20_15_08,1377,3,1543.0,1762.0
lam2,5,int__tai20_15_08,1377,4,1586.0,1768.0
lam2,5,int__tai20_15_08,1377,5,1565.0,1798.0
lam2,5,int__tai20_15_08,1377,6,1569.0,1804.0
lam2,5,int__tai20_15_08,1377,7,1543.0,1759.0
lam2,5,int__tai20_15_08,1377,8,1560.0,1758.0
lam2,5,int__tai20_15_08,1377,9,1595.0,1829.0
lam2,5,int__tai20_15_08,1377,10,1647.0,1898.0
lam2,5,int__tai20_15_08,1377,11,1567.0,1791.0
lam2,5,int__tai20_15_08,1377,12,1546.0,1764.0
lam2,5,int__tai20_15_08,1377,13,1547.0,1781.0
lam2,5,int__tai20_15_08,1377,14,1639.0,1877.0
lam2,5,int__tai20_15_08,1377,15,1596.0,1814.0
lam2,5,int__tai20_15_08,1377,16,1569.0,1804.0
lam2,5,int__tai20_15_08,1377,17,1572.0,1769.0
lam2,5,int__tai20_15_08,1377,18,1525.0,1760.0
lam2,5,int__tai20_15_08,1377,19,1583.0,1795.0
lam2,5,int__tai20_15_08,1377,20,1571.0,1782.0
lam2,5,int__tai20_15_08,1377,21,1523.0,1753.0
lam2,5,int__tai20_15_08,1377,22,1560.0,1791.0
lam2,5,int__tai20_15_08,1377,23,1629.0,1876.0
lam2,5,int__tai20_15_08,1377,24,1593.0,1841.0
lam2,5,int__tai20_15_08,1377,25,1587.0,1813.0
lam2,5,int__tai20_15_08,1377,26,1483.0,1721.0
lam2,5,int__tai20_15_08,1377,27,1528.0,1760.0
lam2,5,int__tai20_15_08,1377,28,1522.0,1731.0
lam2,5,int__tai20_15_08,1377,29,1571.0,1795.0
lam2,5,int__tai20_15_08,1377,30,1538.0,1785.0
lam2,5,int__tai20_15_08,1377,31,1611.0,1839.0
lam2,5,int__tai20_15_08,1377,32,1493.0,1728.0
lam2,5,int__tai20_15_08,1377,33,1497.0,1710.0
lam2,5,int__tai20_15_08,1377,34,1615.0,1849.0
lam2,5,int__tai20_15_08,1377,35,1555.0,1802.0
lam2,5,int__tai20_15_08,1377,36,1547.0,1763.0
lam2,5,int__tai20_15_08,1377,37,1566.0,1764.0
lam2,5,int__tai20_15_08,1377,38,1539.0,1775.0
lam2,5,int__tai20_15_08,1377,39,1539.0,1762.0
lam2,5,int__tai20_15_08,1377,40,1582.0,1814.0
lam2,5,int__tai20_15_08,1377,41,1555.0,1778.0
lam2,5,int__tai20_15_08,1377,42,1557.0,1787.0
lam2,5,int__tai20_15_08,1377,43,1621.0,1818.0
lam2,5,int__tai20_15_08,1377,44,1515.0,1726.0
lam2,5,int__tai20_15_08,1377,45,1585.0,1838.0
lam2,5,int__tai20_15_08,1377,46,1582.0,1810.0
lam2,5,int__tai20_15_08,1377,47,1553.0,1767.0
lam2,5,int__tai20_15_08,1377,48,1489.0,1730.0
lam2,5,int__tai20_15_08,1377,49,1513.0,1718.0
lam2,5,int__tai20_15_08,1377,50,1706.0,1920.0
lam2,5,int__tai20_15_08,1377,51,1614.0,1829.0
lam2,5,int__tai20_15_08,1377,52,1555.0,1803.0
lam2,5,int__tai20_15_08,1377,53,1554.0,1740.0
lam2,5,int__tai20_15_08,1377,54,1543.0,1759.0
lam2,5,int__tai20_15_08,1377,55,1546.0,1741.0
lam2,5,int__tai20_15_08,1377,56,1547.0,1805.0
lam2,5,int__tai20_15_08,1377,57,1535.0,1757.0
lam2,5,int__tai20_15_08,1377,58,1532.0,1773.0
lam2,5,int__tai20_15_08,1377,59,1522.0,1762.0
lam2,5,int__tai20_15_08,1377,60,1496.0,1699.0
lam2,5,int__tai20_15_08,1377,61,1618.0,1861.0
lam2,5,int__tai20_15_08,1377,62,1541.0,1770.0
lam2,5,int__tai20_15_08,1377,63,1544.0,1757.0
lam2,5,int__tai20_15_09,1332,0,1463.0,1679.0
lam2,5,int__tai20_15_09,1332,1,1611.0,1798.0
lam2,5,int__tai20_15_09,1332,2,1467.0,1718.0
lam2,5,int__tai20_15_09,1332,3,1555.0,1815.0
lam2,5,int__tai20_15_09,1332,4,1463.0,1649.0
lam2,5,int__tai20_15_09,1332,5,1458.0,1729.0
lam2,5,int__tai20_15_09,1332,6,1452.0,1655.0
lam2,5,int__tai20_15_09,1332,7,1654.0,1912.0
lam2,5,int__tai20_15_09,1332,8,1593.0,1857.0
lam2,5,int__tai20_15_09,1332,9,1511.0,1792.0
lam2,5,int__tai20_15_09,1332,10,1481.0,1667.0
lam2,5,int__tai20_15_09,1332,11,1539.0,1754.0
lam2,5,int__tai20_15_09,1332,12,1488.0,1750.0
lam2,5,int__tai20_15_09,1332,13,1484.0,1725.0
lam2,5,int__tai20_15_09,1332,14,1477.0,1707.0
lam2,5,int__tai20_15_09,1332,15,1586.0,1842.0
lam2,5,int__tai20_15_09,1332,16,1505.0,1754.0
lam2,5,int__tai20_15_09,1332,17,1421.0,1620.0
lam2,5,int__tai20_15_09,1332,18,1517.0,1757.0
lam2,5,int__tai20_15_09,1332,19,1501.0,1728.0
lam2,5,int__tai20_15_09,1332,20,1482.0,1753.0
lam2,5,int__tai20_15_09,1332,21,1549.0,1805.0
lam2,5,int__tai20_15_09,1332,22,1505.0,1706.0
lam2,5,int__tai20_15_09,1332,23,1584.0,1804.0
lam2,5,int__tai20_15_09,1332,24,1554.0,1760.0
lam2,5,int__tai20_15_09,1332,25,1484.0,1698.0
lam2,5,int__tai20_15_09,1332,26,1548.0,1778.0
lam2,5,int__tai20_15_09,1332,27,1427.0,1654.0
lam2,5,int__tai20_15_09,1332,28,1558.0,1766.0
lam2,5,int__tai20_15_09,1332,29,1525.0,1781.0
lam2,5,int__tai20_15_09,1332,30,1593.0,1850.0
lam2,5,int__tai20_15_09,1332,31,1471.0,1698.0
lam2,5,int__tai20_15_09,1332,32,1452.0,1667.0
lam2,5,int__tai20_15_09,1332,33,1454.0,1700.0
lam2,5,int__tai20_15_09,1332,34,1462.0,1642.0
lam2,5,int__tai20_15_09,1332,35,1477.0,1712.0
lam2,5,int__tai20_15_09,1332,36,1520.0,1738.0
lam2,5,int__tai20_15_09,1332,37,1506.0,1708.0
lam2,5,int__tai20_15_09,1332,38,1482.0,1695.0
lam2,5,int__tai20_15_09,1332,39,1555.0,1813.0
lam2,5,int__tai20_15_09,1332,40,1487.0,1722.0
lam2,5,int__tai20_15_09,1332,41,1467.0,1700.0
lam2,5,int__tai20_15_09,1332,42,1442.0,1654.0
lam2,5,int__tai20_15_09,1332,43,1503.0,1778.0
lam2,5,int__tai20_15_09,1332,44,1470.0,1689.0
lam2,5,int__tai20_15_09,1332,45,1485.0,1710.0
lam2,5,int__tai20_15_09,1332,46,1490.0,1725.0
lam2,5,int__tai20_15_09,1332,47,1440.0,1665.0
lam2,5,int__tai20_15_09,1332,48,1490.0,1774.0
lam2,5,int__tai20_15_09,1332,49,1580.0,1793.0
lam2,5,int__tai20_15_09,1332,50,1434.0,1661.0
lam2,5,int__tai20_15_09,1332,51,1440.0,1648.0
lam2,5,int__tai20_15_09,1332,52,1476.0,1703.0
lam2,5,int__tai20_15_09,1332,53,1487.0,1730.0
lam2,5,int__tai20_15_09,1332,54,1506.0,1736.0
lam2,5,int__tai20_15_09,1332,55,1489.0,1704.0
lam2,5,int__tai20_15_09,1332,56,1470.0,1692.0
lam2,5,int__tai20_15_09,1332,57,1571.0,1788.0
lam2,5,int__tai20_15_09,1332,58,1447.0,1639.0
lam2,5,int__tai20_15_09,1332,59,1533.0,1759.0
lam2,5,int__tai20_15_09,1332,60,1533.0,1736.0
lam2,5,int__tai20_15_09,1332,61,1569.0,1829.0
lam2,5,int__tai20_15_09,1332,62,1498.0,1689.0
lam2,5,int__tai20_15_09,1332,63,1516.0,1754.0
lam2,5,int__tai20_15_10,1348,0,1477.0,1689.0
lam2,5,int__tai20_15_10,1348,1,1483.0,1683.0
lam2,5,int__tai20_15_10,1348,2,1553.0,1787.0
lam2,5,int__tai20_15_10,1348,3,1479.0,1679.0
lam2,5,int__tai20_15_10,1348,4,1569.0,1800.0
lam2,5,int__tai20_15_10,1348,5,1509.0,1719.0
lam2,5,int__tai20_15_10,1348,6,1550.0,1752.0
lam2,5,int__tai20_15_10,1348,7,1514.0,1759.0
lam2,5,int__tai20_15_10,1348,8,1503.0,1723.0
lam2,5,int__tai20_15_10,1348,9,1396.0,1610.0
lam2,5,int__tai20_15_10,1348,10,1434.0,1658.0
lam2,5,int__tai20_15_10,1348,11,1565.0,1777.0
lam2,5,int__tai20_15_10,1348,12,1609.0,1841.0
lam2,5,int__tai20_15_10,1348,13,1495.0,1691.0
lam2,5,int__tai20_15_10,1348,14,1499.0,1717.0
lam2,5,int__tai20_15_10,1348,15,1432.0,1671.0
lam2,5,int__tai20_15_10,1348,16,1552.0,1807.0
lam2,5,int__tai20_15_10,1348,17,1483.0,1704.0
lam2,5,int__tai20_15_10,1348,18,1494.0,1665.0
lam2,5,int__tai20_15_10,1348,19,1552.0,1758.0
lam2,5,int__tai20_15_10,1348,20,1447.0,1634.0
lam2,5,int__tai20_15_10,1348,21,1452.0,1662.0
lam2,5,int__tai20_15_10,1348,22,1540.0,1752.0
lam2,5,int__tai20_15_10,1348,23,1469.0,1661.0
lam2,5,int__tai20_15_10,1348,24,1505.0,1706.0
lam2,5,int__tai20_15_10,1348,25,1483.0,1674.0
lam2,5,int__tai20_15_10,1348,26,1518.0,1729.0
lam2,5,int__tai20_15_10,1348,27,1511.0,1726.0
lam2,5,int__tai20_15_10,1348,28,1505.0,1715.0
lam2,5,int__tai20_15_10,1348,29,1453.0,1648.0
lam2,5,int__tai20_15_10,1348,30,1490.0,1737.0
lam2,5,int__tai20_15_10,1348,31,1561.0,1802.0
lam2,5,int__tai20_15_10,1348,32,1523.0,1731.0
lam2,5,int__tai20_15_10,1348,33,1467.0,1683.0
lam2,5,int__tai20_15_10,1348,34,1484.0,1680.0
lam2,5,int__tai20_15_10,1348,35,1524.0,1775.0
lam2,5,int__tai20_15_10,1348,36,1496.0,1707.0
lam2,5,int__tai20_15_10,1348,37,1469.0,1662.0
lam2,5,int__tai20_15_10,1348,38,1459.0,1662.0
lam2,5,int__tai20_15_10,1348,39,1448.0,1680.0
lam2,5,int__tai20_15_10,1348,40,1456.0,1668.0
lam2,5,int__tai20_15_10,1348,41,1471.0,1659.0
lam2,5,int__tai20_15_10,1348,42,1482.0,1708.0
lam2,5,int__tai20_15_10,1348,43,1478.0,1700.0
lam2,5,int__tai20_15_10,1348,44,1479.0,1702.0
lam2,5,int__tai20_15_10,1348,45,1595.0,1843.0
lam2,5,int__tai20_15_10,1348,46,1520.0,1717.0
lam2,5,int__tai20_15_10,1348,47,1467.0,1668.0
lam2,5,int__tai20_15_10,1348,48,1568.0,1728.0
lam2,5,int__tai20_15_10,1348,49,1481.0,1687.0
lam2,5,int__tai20_15_10,1348,50,1501.0,1732.0
lam2,5,int__tai20_15_10,1348,51,1529.0,1735.0
lam2,5,int__tai20_15_10,1348,52,1516.0,1709.0
lam2,5,int__tai20_15_10,1348,53,1515.0,1726.0
lam2,5,int__tai20_15_10,1348,54,1527.0,1728.0
lam2,5,int__tai20_15_10,1348,55,1526.0,1745.0
lam2,5,int__tai20_15_10,1348,56,1478.0,1702.0
lam2,5,int__tai20_15_10,1348,57,1515.0,1732.0
lam2,5,int__tai20_15_10,1348,58,1523.0,1745.0
lam2,5,int__tai20_15_10,1348,59,1441.0,1661.0
lam2,5,int__tai20_15_10,1348,60,1459.0,1679.0
lam2,5,int__tai20_15_10,1348,61,1507.0,1704.0
lam2,5,int__tai20_15_10,1348,62,1528.0,1754.0
lam2,5,int__tai20_15_10,1348,63,1435.0,1642.0
lam2,11,int__tai20_15_05,1339,0,1550.0,1732.0
lam2,11,int__tai20_15_05,1339,1,1495.0,1728.0
lam2,11,int__tai20_15_05,1339,2,1533.0,1744.0
lam2,11,int__tai20_15_05,1339,3,1483.0,1681.0
lam2,11,int__tai20_15_05,1339,4,1523.0,1716.0
lam2,11,int__tai20_15_05,1339,5,1520.0,1706.0
lam2,11,int__tai20_15_05,1339,6,1534.0,1726.0
lam2,11,int__tai20_15_05,1339,7,1457.0,1648.0
lam2,11,int__tai20_15_05,1339,8,1514.0,1757.0
lam2,11,int__tai20_15_05,1339,9,1462.0,1684.0
lam2,11,int__tai20_15_05,1339,10,1517.0,1743.0
lam2,11,int__tai20_15_05,1339,11,1606.0,1775.0
lam2,11,int__tai20_15_05,1339,12,1582.0,1804.0
lam2,11,int__tai20_15_05,1339,13,1515.0,1748.0
lam2,11,int__tai20_15_05,1339,14,1507.0,1692.0
lam2,11,int__tai20_15_05,1339,15,1513.0,1711.0
lam2,11,int__tai20_15_05,1339,16,1537.0,1737.0
lam2,11,int__tai20_15_05,1339,17,1492.0,1691.0
lam2,11,int__tai20_15_05,1339,18,1472.0,1745.0
lam2,11,int__tai20_15_05,1339,19,1495.0,1689.0
lam2,11,int__tai20_15_05,1339,20,1516.0,1754.0
lam2,11,int__tai20_15_05,1339,21,1497.0,1721.0
lam2,11,int__tai20_15_05,1339,22,1561.0,1781.0
lam2,11,int__tai20_15_05,1339,23,1511.0,1710.0
lam2,11,int__tai20_15_05,1339,24,1562.0,1768.0
lam2,11,int__tai20_15_05,1339,25,1517.0,1735.0
lam2,11,int__tai20_15_05,1339,26,1533.0,1710.0
lam2,11,int__tai20_15_05,1339,27,1466.0,1664.0
lam2,11,int__tai20_15_05,1339,28,1550.0,1693.0
lam2,11,int__tai20_15_05,1339,29,1501.0,1714.0
lam2,11,int__tai20_15_05,1339,30,1490.0,1690.0
lam2,11,int__tai20_15_05,1339,31,1524.0,1729.0
lam2,11,int__tai20_15_05,1339,32,1531.0,1734.0
lam2,11,int__tai20_15_05,1339,33,1471.0,1670.0
lam2,11,int__tai20_15_05,1339,34,1528.0,1737.0
lam2,11,int__tai20_15_05,1339,35,1573.0,1791.0
lam2,11,int__tai20_15_05,1339,36,1483.0,1691.0
lam2,11,int__tai20_15_05,1339,37,1459.0,1697.0
lam2,11,int__tai20_15_05,1339,38,1500.0,1670.0
lam2,11,int__tai20_15_05,1339,39,1468.0,1659.0
lam2,11,int__tai20_15_05,1339,40,1580.0,1786.0
lam2,11,int__tai20_15_05,1339,41,1583.0,1790.0
lam2,11,int__tai20_15_05,1339,42,1475.0,1711.0
lam2,11,int__tai20_15_05,1339,43,1515.0,1719.0
lam2,11,int__tai20_15_05,1339,44,1496.0,1735.0
lam2,11,int__tai20_15_05,1339,45,1528.0,1728.0
lam2,11,int__tai20_15_05,1339,46,1585.0,1771.0
lam2,11,int__tai20_15_05,1339,47,1522.0,1736.0
lam2,11,int__tai20_15_05,1339,48,1527.0,1710.0
lam2,11,int__tai20_15_05,1339,49,1495.0,1726.0
lam2,11,int__tai20_15_05,1339,50,1509.0,1748.0
lam2,11,int__tai20_15_05,1339,51,1553.0,1786.0
lam2,11,int__tai20_15_05,1339,52,1527.0,1737.0
lam2,11,int__tai20_15_05,1339,53,1502.0,1703.0
lam2,11,int__tai20_15_05,1339,54,1595.0,1769.0
lam2,11,int__tai20_15_05,1339,55,1432.0,1617.0
lam2,11,int__tai20_15_05,1339,56,1516.0,1727.0
lam2,11,int__tai20_15_05,1339,57,1570.0,1736.0
lam2,11,int__tai20_15_05,1339,58,1473.0,1675.0
lam2,11,int__tai20_15_05,1339,59,1530.0,1738.0
lam2,11,int__tai20_15_05,1339,60,1507.0,1720.0
lam2,11,int__tai20_15_05,1339,61,1551.0,1751.0
lam2,11,int__tai20_15_05,1339,62,1511.0,1748.0
lam2,11,int__tai20_15_05,1339,63,1451.0,1658.0
lam2,11,int__tai20_15_06,1360,0,1531.0,1769.0
lam2,11,int__tai20_15_06,1360,1,1465.0,1667.0
lam2,11,int__tai20_15_06,1360,2,1528.0,1758.0
lam2,11,int__tai20_15_06,1360,3,1490.0,1725.0
lam2,11,int__tai20_15_06,1360,4,1520.0,1742.0
lam2,11,int__tai20_15_06,1360,5,1517.0,1728.0
lam2,11,int__tai20_15_06,1360,6,1511.0,1724.0
lam2,11,int__tai20_15_06,1360,7,1468.0,1700.0
lam2,11,int__tai20_15_06,1360,8,1484.0,1700.0
lam2,11,int__tai20_15_06,1360,9,1546.0,1790.0
lam2,11,int__tai20_15_06,1360,10,1536.0,1732.0
lam2,11,int__tai20_15_06,1360,11,1499.0,1732.0
lam2,11,int__tai20_15_06,1360,12,1533.0,1820.0
lam2,11,int__tai20_15_06,1360,13,1482.0,1706.0
lam2,11,int__tai20_15_06,1360,14,1484.0,1697.0
lam2,11,int__tai20_15_06,1360,15,1552.0,1760.0
lam2,11,int__tai20_15_06,1360,16,1429.0,1646.0
lam2,11,int__tai20_15_06,1360,17,1498.0,1734.0
lam2,11,int__tai20_15_06,1360,18,1508.0,1743.0
lam2,11,int__tai20_15_06,1360,19,1478.0,1684.0
lam2,11,int__tai20_15_06,1360,20,1538.0,1744.0
lam2,11,int__tai20_15_06,1360,21,1450.0,1651.0
lam2,11,int__tai20_15_06,1360,22,1487.0,1731.0
lam2,11,int__tai20_15_06,1360,23,1518.0,1754.0
lam2,11,int__tai20_15_06,1360,24,1477.0,1675.0
lam2,11,int__tai20_15_06,1360,25,1442.0,1653.0
lam2,11,int__tai20_15_06,1360,26,1498.0,1727.0
lam2,11,int__tai20_15_06,1360,27,1638.0,1892.0
lam2,11,int__tai20_15_06,1360,28,1489.0,1725.0
lam2,11,int__tai20_15_06,1360,29,1474.0,1702.0
lam2,11,int__tai20_15_06,1360,30,1531.0,1775.0
lam2,11,int__tai20_15_06,1360,31,1481.0,1739.0
lam2,11,int__tai20_15_06,1360,32,1545.0,1764.0
lam2,11,int__tai20_15_06,1360,33,1515.0,1723.0
lam2,11,int__tai20_15_06,1360,34,1547.0,1778.0
lam2,11,int__tai20_15_06,1360,35,1518.0,1757.0
lam2,11,int__tai20_15_06,1360,36,1493.0,1674.0
lam2,11,int__tai20_15_06,1360,37,1462.0,1703.0
lam2,11,int__tai20_15_06,1360,38,1558.0,1780.0
lam2,11,int__tai20_15_06,1360,39,1431.0,1645.0
lam2,11,int__tai20_15_06,1360,40,1496.0,1689.0
lam2,11,int__tai20_15_06,1360,41,1460.0,1640.0
lam2,11,int__tai20_15_06,1360,42,1474.0,1709.0
lam2,11,int__tai20_15_06,1360,43,1529.0,1758.0
lam2,11,int__tai20_15_06,1360,44,1451.0,1649.0
lam2,11,int__tai20_15_06,1360,45,1455.0,1695.0
lam2,11,int__tai20_15_06,1360,46,1598.0,1828.0
lam2,11,int__tai20_15_06,1360,47,1545.0,1713.0
lam2,11,int__tai20_15_06,1360,48,1577.0,1813.0
lam2,11,int__tai20_15_06,1360,49,1572.0,1807.0
lam2,11,int__tai20_15_06,1360,50,1498.0,1732.0
lam2,11,int__tai20_15_06,1360,51,1512.0,1743.0
lam2,11,int__tai20_15_06,1360,52,1544.0,1720.0
lam2,11,int__tai20_15_06,1360,53,1549.0,1792.0
lam2,11,int__tai20_15_06,1360,54,1556.0,1779.0
lam2,11,int__tai20_15_06,1360,55,1539.0,1759.0
lam2,11,int__tai20_15_06,1360,56,1535.0,1738.0
lam2,11,int__tai20_15_06,1360,57,1550.0,1769.0
lam2,11,int__tai20_15_06,1360,58,1558.0,1764.0
lam2,11,int__tai20_15_06,1360,59,1493.0,1735.0
lam2,11,int__tai20_15_06,1360,60,1552.0,1776.0
lam2,11,int__tai20_15_06,1360,61,1475.0,1701.0
lam2,11,int__tai20_15_06,1360,62,1401.0,1635.0
lam2,11,int__tai20_15_06,1360,63,1476.0,1689.0
lam2,11,int__tai20_15_07,1462,0,1686.0,1925.0
lam2,11,int__tai20_15_07,1462,1,1598.0,1818.0
lam2,11,int__tai20_15_07,1462,2,1648.0,1884.0
lam2,11,int__tai20_15_07,1462,3,1650.0,1896.0
lam2,11,int__tai20_15_07,1462,4,1621.0,1858.0
lam2,11,int__tai20_15_07,1462,5,1565.0,1825.0
lam2,11,int__tai20_15_07,1462,6,1591.0,1826.0
lam2,11,int__tai20_15_07,1462,7,1644.0,1858.0
lam2,11,int__tai20_15_07,1462,8,1575.0,1795.0
lam2,11,int__tai20_15_07,1462,9,1560.0,1817.0
lam2,11,int__tai20_15_07,1462,10,1608.0,1828.0
lam2,11,int__tai20_15_07,1462,11,1683.0,1933.0
lam2,11,int__tai20_15_07,1462,12,1586.0,1820.0
lam2,11,int__tai20_15_07,1462,13,1638.0,1874.0
lam2,11,int__tai20_15_07,1462,14,1609.0,1832.0
lam2,11,int__tai20_15_07,1462,15,1617.0,1860.0
lam2,11,int__tai20_15_07,1462,16,1591.0,1854.0
lam2,11,int__tai20_15_07,1462,17,1671.0,1919.0
lam2,11,int__tai20_15_07,1462,18,1599.0,1846.0
lam2,11,int__tai20_15_07,1462,19,1613.0,1855.0
lam2,11,int__tai20_15_07,1462,20,1616.0,1858.0
lam2,11,int__tai20_15_07,1462,21,1516.0,1761.0
lam2,11,int__tai20_15_07,1462,22,1590.0,1814.0
lam2,11,int__tai20_15_07,1462,23,1657.0,1898.0
lam2,11,int__tai20_15_07,1462,24,1568.0,1782.0
lam2,11,int__tai20_15_07,1462,25,1625.0,1838.0
lam2,11,int__tai20_15_07,1462,26,1580.0,1814.0
lam2,11,int__tai20_15_07,1462,27,1573.0,1795.0
lam2,11,int__tai20_15_07,1462,28,1675.0,1891.0
lam2,11,int__tai20_15_07,1462,29,1619.0,1856.0
lam2,11,int__tai20_15_07,1462,30,1634.0,1883.0
lam2,11,int__tai20_15_07,1462,31,1584.0,1836.0
lam2,11,int__tai20_15_07,1462,32,1624.0,1865.0
lam2,11,int__tai20_15_07,1462,33,1623.0,1880.0
lam2,11,int__tai20_15_07,1462,34,1630.0,1865.0
lam2,11,int__tai20_15_07,1462,35,1602.0,1831.0
lam2,11,int__tai20_15_07,1462,36,1615.0,1826.0
lam2,11,int__tai20_15_07,1462,37,1559.0,1790.0
lam2,11,int__tai20_15_07,1462,38,1611.0,1835.0
lam2,11,int__tai20_15_07,1462,39,1623.0,1869.0
lam2,11,int__tai20_15_07,1462,40,1595.0,1874.0
lam2,11,int__tai20_15_07,1462,41,1702.0,1949.0
lam2,11,int__tai20_15_07,1462,42,1675.0,1880.0
lam2,11,int__tai20_15_07,1462,43,1568.0,1805.0
lam2,11,int__tai20_15_07,1462,44,1609.0,1834.0
lam2,11,int__tai20_15_07,1462,45,1654.0,1909.0
lam2,11,int__tai20_15_07,1462,46,1586.0,1813.0
lam2,11,int__tai20_15_07,1462,47,1650.0,1902.0
lam2,11,int__tai20_15_07,1462,48,1613.0,1821.0
lam2,11,int__tai20_15_07,1462,49,1568.0,1790.0
lam2,11,int__tai20_15_07,1462,50,1603.0,1843.0
lam2,11,int__tai20_15_07,1462,51,1617.0,1810.0
lam2,11,int__tai20_15_07,1462,52,1634.0,1843.0
lam2,11,int__tai20_15_07,1462,53,1527.0,1756.0
lam2,11,int__tai20_15_07,1462,54,1615.0,1850.0
lam2,11,int__tai20_15_07,1462,55,1578.0,1827.0
lam2,11,int__tai20_15_07,1462,56,1690.0,1914.0
lam2,11,int__tai20_15_07,1462,57,1661.0,1859.0
lam2,11,int__tai20_15_07,1462,58,1636.0,1895.0
lam2,11,int__tai20_15_07,1462,59,1635.0,1860.0
lam2,11,int__tai20_15_07,1462,60,1668.0,1943.0
lam2,11,int__tai20_15_07,1462,61,1650.0,1907.0
lam2,11,int__tai20_15_07,1462,62,1642.0,1868.0
lam2,11,int__tai20_15_07,1462,63,1727.0,1949.0
lam2,11,int__tai20_15_08,1377,0,1573.0,1806.0
lam2,11,int__tai20_15_08,1377,1,1486.0,1704.0
lam2,11,int__tai20_15_08,1377,2,1569.0,1809.0
lam2,11,int__tai20_15_08,1377,3,1569.0,1781.0
lam2,11,int__tai20_15_08,1377,4,1601.0,1802.0
lam2,11,int__tai20_15_08,1377,5,1598.0,1820.0
lam2,11,int__tai20_15_08,1377,6,1544.0,1777.0
lam2,11,int__tai20_15_08,1377,7,1578.0,1815.0
lam2,11,int__tai20_15_08,1377,8,1674.0,1901.0
lam2,11,int__tai20_15_08,1377,9,1569.0,1783.0
lam2,11,int__tai20_15_08,1377,10,1568.0,1809.0
lam2,11,int__tai20_15_08,1377,11,1631.0,1846.0
lam2,11,int__tai20_15_08,1377,12,1557.0,1778.0
lam2,11,int__tai20_15_08,1377,13,1582.0,1804.0
lam2,11,int__tai20_15_08,1377,14,1590.0,1835.0
lam2,11,int__tai20_15_08,1377,15,1587.0,1823.0
lam2,11,int__tai20_15_08,1377,16,1601.0,1830.0
lam2,11,int__tai20_15_08,1377,17,1594.0,1827.0
lam2,11,int__tai20_15_08,1377,18,1573.0,1774.0
lam2,11,int__tai20_15_08,1377,19,1551.0,1785.0
lam2,11,int__tai20_15_08,1377,20,1655.0,1924.0
lam2,11,int__tai20_15_08,1377,21,1607.0,1811.0
lam2,11,int__tai20_15_08,1377,22,1615.0,1832.0
lam2,11,int__tai20_15_08,1377,23,1618.0,1858.0
lam2,11,int__tai20_15_08,1377,24,1552.0,1796.0
lam2,11,int__tai20_15_08,1377,25,1532.0,1753.0
lam2,11,int__tai20_15_08,1377,26,1575.0,1765.0
lam2,11,int__tai20_15_08,1377,27,1536.0,1763.0
lam2,11,int__tai20_15_08,1377,28,1587.0,1823.0
lam2,11,int__tai20_15_08,1377,29,1634.0,1844.0
lam2,11,int__tai20_15_08,1377,30,1607.0,1792.0
lam2,11,int__tai20_15_08,1377,31,1651.0,1874.0
lam2,11,int__tai20_15_08,1377,32,1628.0,1849.0
lam2,11,int__tai20_15_08,1377,33,1502.0,1721.0
lam2,11,int__tai20_15_08,1377,34,1567.0,1759.0
lam2,11,int__tai20_15_08,1377,35,1588.0,1805.0
lam2,11,int__tai20_15_08,1377,36,1584.0,1822.0
lam2,11,int__tai20_15_08,1377,37,1564.0,1773.0
lam2,11,int__tai20_15_08,1377,38,1560.0,1778.0
lam2,11,int__tai20_15_08,1377,39,1615.0,1825.0
lam2,11,int__tai20_15_08,1377,40,1624.0,1839.0
lam2,11,int__tai20_15_08,1377,41,1567.0,1769.0
lam2,11,int__tai20_15_08,1377,42,1627.0,1824.0
lam2,11,int__tai20_15_08,1377,43,1542.0,1794.0
lam2,11,int__tai20_15_08,1377,44,1574.0,1796.0
lam2,11,int__tai20_15_08,1377,45,1507.0,1724.0
lam2,11,int__tai20_15_08,1377,46,1547.0,1787.0
lam2,11,int__tai20_15_08,1377,47,1573.0,1801.0
lam2,11,int__tai20_15_08,1377,48,1643.0,1848.0
lam2,11,int__tai20_15_08,1377,49,1500.0,1721.0
lam2,11,int__tai20_15_08,1377,50,1548.0,1755.0
lam2,11,int__tai20_15_08,1377,51,1583.0,1807.0
lam2,11,int__tai20_15_08,1377,52,1606.0,1791.0
lam2,11,int__tai20_15_08,1377,53,1595.0,1829.0
lam2,11,int__tai20_15_08,1377,54,1641.0,1873.0
lam2,11,int__tai20_15_08,1377,55,1587.0,1807.0
lam2,11,int__tai20_15_08,1377,56,1635.0,1828.0
lam2,11,int__tai20_15_08,1377,57,1614.0,1872.0
lam2,11,int__tai20_15_08,1377,58,1589.0,1789.0
lam2,11,int__tai20_15_08,1377,59,1587.0,1794.0
lam2,11,int__tai20_15_08,1377,60,1565.0,1798.0
lam2,11,int__tai20_15_08,1377,61,1599.0,1833.0
lam2,11,int__tai20_15_08,1377,62,1624.0,1861.0
lam2,11,int__tai20_15_08,1377,63,1546.0,1765.0
lam2,11,int__tai20_15_09,1332,0,1434.0,1640.0
lam2,11,int__tai20_15_09,1332,1,1443.0,1673.0
lam2,11,int__tai20_15_09,1332,2,1468.0,1680.0
lam2,11,int__tai20_15_09,1332,3,1450.0,1666.0
lam2,11,int__tai20_15_09,1332,4,1425.0,1656.0
lam2,11,int__tai20_15_09,1332,5,1427.0,1624.0
lam2,11,int__tai20_15_09,1332,6,1419.0,1625.0
lam2,11,int__tai20_15_09,1332,7,1426.0,1609.0
lam2,11,int__tai20_15_09,1332,8,1403.0,1662.0
lam2,11,int__tai20_15_09,1332,9,1449.0,1649.0
lam2,11,int__tai20_15_09,1332,10,1451.0,1734.0
lam2,11,int__tai20_15_09,1332,11,1479.0,1690.0
lam2,11,int__tai20_15_09,1332,12,1406.0,1647.0
lam2,11,int__tai20_15_09,1332,13,1434.0,1656.0
lam2,11,int__tai20_15_09,1332,14,1458.0,1689.0
lam2,11,int__tai20_15_09,1332,15,1432.0,1648.0
lam2,11,int__tai20_15_09,1332,16,1448.0,1652.0
lam2,11,int__tai20_15_09,1332,17,1445.0,1665.0
lam2,11,int__tai20_15_09,1332,18,1453.0,1650.0
lam2,11,int__tai20_15_09,1332,19,1443.0,1665.0
lam2,11,int__tai20_15_09,1332,20,1438.0,1672.0
lam2,11,int__tai20_15_09,1332,21,1416.0,1650.0
lam2,11,int__tai20_15_09,1332,22,1452.0,1647.0
lam2,11,int__tai20_15_09,1332,23,1483.0,1706.0
lam2,11,int__tai20_15_09,1332,24,1485.0,1717.0
lam2,11,int__tai20_15_09,1332,25,1425.0,1664.0
lam2,11,int__tai20_15_09,1332,26,1431.0,1653.0
lam2,11,int__tai20_15_09,1332,27,1419.0,1626.0
lam2,11,int__tai20_15_09,1332,28,1500.0,1689.0
lam2,11,int__tai20_15_09,1332,29,1404.0,1626.0
lam2,11,int__tai20_15_09,1332,30,1468.0,1652.0
lam2,11,int__tai20_15_09,1332,31,1484.0,1711.0
lam2,11,int__tai20_15_09,1332,32,1539.0,1736.0
lam2,11,int__tai20_15_09,1332,33,1410.0,1650.0
lam2,11,int__tai20_15_09,1332,34,1439.0,1678.0
lam2,11,int__tai20_15_09,1332,35,1513.0,1715.0
lam2,11,int__tai20_15_09,1332,36,1464.0,1680.0
lam2,11,int__tai20_15_09,1332,37,1479.0,1740.0
lam2,11,int__tai20_15_09,1332,38,1443.0,1690.0
lam2,11,int__tai20_15_09,1332,39,1435.0,1630.0
lam2,11,int__tai20_15_09,1332,40,1468.0,1669.0
lam2,11,int__tai20_15_09,1332,41,1468.0,1670.0
lam2,11,int__tai20_15_09,1332,42,1474.0,1673.0
lam2,11,int__tai20_15_09,1332,43,1399.0,1600.0
lam2,11,int__tai20_15_09,1332,44,1468.0,1677.0
lam2,11,int__tai20_15_09,1332,45,1511.0,1713.0
lam2,11,int__tai20_15_09,1332,46,1466.0,1656.0
lam2,11,int__tai20_15_09,1332,47,1426.0,1631.0
lam2,11,int__tai20_15_09,1332,48,1455.0,1667.0
lam2,11,int__tai20_15_09,1332,49,1426.0,1662.0
lam2,11,int__tai20_15_09,1332,50,1481.0,1702.0
lam2,11,int__tai20_15_09,1332,51,1445.0,1649.0
lam2,11,int__tai20_15_09,1332,52,1415.0,1662.0
lam2,11,int__tai20_15_09,1332,53,1456.0,1659.0
lam2,11,int__tai20_15_09,1332,54,1464.0,1645.0
lam2,11,int__tai20_15_09,1332,55,1481.0,1666.0
lam2,11,int__tai20_15_09,1332,56,1472.0,1679.0
lam2,11,int__tai20_15_09,1332,57,1437.0,1648.0
lam2,11,int__tai20_15_09,1332,58,1439.0,1634.0
lam2,11,int__tai20_15_09,1332,59,1463.0,1698.0
lam2,11,int__tai20_15_09,1332,60,1461.0,1666.0
lam2,11,int__tai20_15_09,1332,61,1462.0,1672.0
lam2,11,int__tai20_15_09,1332,62,1448.0,1653.0
lam2,11,int__tai20_15_09,1332,63,1412.0,1615.0
lam2,11,int__tai20_15_10,1348,0,1474.0,1702.0
lam2,11,int__tai20_15_10,1348,1,1452.0,1674.0
lam2,11,int__tai20_15_10,1348,2,1493.0,1731.0
lam2,11,int__tai20_15_10,1348,3,1489.0,1699.0
lam2,11,int__tai20_15_10,1348,4,1522.0,1745.0
lam2,11,int__tai20_15_10,1348,5,1453.0,1656.0
lam2,11,int__tai20_15_10,1348,6,1464.0,1682.0
lam2,11,int__tai20_15_10,1348,7,1553.0,1802.0
lam2,11,int__tai20_15_10,1348,8,1485.0,1688.0
lam2,11,int__tai20_15_10,1348,9,1479.0,1682.0
lam2,11,int__tai20_15_10,1348,10,1500.0,1750.0
lam2,11,int__tai20_15_10,1348,11,1472.0,1719.0
lam2,11,int__tai20_15_10,1348,12,1523.0,1743.0
lam2,11,int__tai20_15_10,1348,13,1442.0,1651.0
lam2,11,int__tai20_15_10,1348,14,1507.0,1699.0
lam2,11,int__tai20_15_10,1348,15,1539.0,1772.0
lam2,11,int__tai20_15_10,1348,16,1439.0,1651.0
lam2,11,int__tai20_15_10,1348,17,1476.0,1661.0
lam2,11,int__tai20_15_10,1348,18,1445.0,1682.0
lam2,11,int__tai20_15_10,1348,19,1523.0,1737.0
lam2,11,int__tai20_15_10,1348,20,1481.0,1699.0
lam2,11,int__tai20_15_10,1348,21,1541.0,1744.0
lam2,11,int__tai20_15_10,1348,22,1502.0,1721.0
lam2,11,int__tai20_15_10,1348,23,1471.0,1680.0
lam2,11,int__tai20_15_10,1348,24,1544.0,1780.0
lam2,11,int__tai20_15_10,1348,25,1538.0,1768.0
lam2,11,int__tai20_15_10,1348,26,1497.0,1700.0
lam2,11,int__tai20_15_10,1348,27,1444.0,1652.0
lam2,11,int__tai20_15_10,1348,28,1506.0,1703.0
lam2,11,int__tai20_15_10,1348,29,1536.0,1796.0
lam2,11,int__tai20_15_10,1348,30,1496.0,1718.0
lam2,11,int__tai20_15_10,1348,31,1466.0,1682.0
lam2,11,int__tai20_15_10,1348,32,1456.0,1683.0
lam2,11,int__tai20_15_10,1348,33,1515.0,1689.0
lam2,11,int__tai20_15_10,1348,34,1484.0,1695.0
lam2,11,int__tai20_15_10,1348,35,1469.0,1678.0
lam2,11,int__tai20_15_10,1348,36,1446.0,1657.0
lam2,11,int__tai20_15_10,1348,37,1505.0,1730.0
lam2,11,int__tai20_15_10,1348,38,1511.0,1770.0
lam2,11,int__tai20_15_10,1348,39,1462.0,1704.0
lam2,11,int__tai20_15_10,1348,40,1481.0,1679.0
lam2,11,int__tai20_15_10,1348,41,1487.0,1715.0
lam2,11,int__tai20_15_10,1348,42,1535.0,1745.0
lam2,11,int__tai20_15_10,1348,43,1532.0,1716.0
lam2,11,int__tai20_15_10,1348,44,1485.0,1723.0
lam2,11,int__tai20_15_10,1348,45,1492.0,1692.0
lam2,11,int__tai20_15_10,1348,46,1461.0,1677.0
lam2,11,int__tai20_15_10,1348,47,1555.0,1771.0
lam2,11,int__tai20_15_10,1348,48,1535.0,1752.0
lam2,11,int__tai20_15_10,1348,49,1473.0,1665.0
lam2,11,int__tai20_15_10,1348,50,1486.0,1692.0
lam2,11,int__tai20_15_10,1348,51,1476.0,1673.0
lam2,11,int__tai20_15_10,1348,52,1481.0,1714.0
lam2,11,int__tai20_15_10,1348,53,1454.0,1680.0
lam2,11,int__tai20_15_10,1348,54,1497.0,1669.0
lam2,11,int__tai20_15_10,1348,55,1515.0,1720.0
lam2,11,int__tai20_15_10,1348,56,1552.0,1762.0
lam2,11,int__tai20_15_10,1348,57,1499.0,1698.0
lam2,11,int__tai20_15_10,1348,58,1503.0,1698.0
lam2,11,int__tai20_15_10,1348,59,1493.0,1712.0
lam2,11,int__tai20_15_10,1348,60,1543.0,1763.0
lam2,11,int__tai20_15_10,1348,61,1475.0,1680.0
lam2,11,int__tai20_15_10,1348,62,1488.0,1678.0
lam2,11,int__tai20_15_10,1348,63,1485.0,1692.0
lam4,7,int__tai20_15_05,1339,0,1478.0,1659.0
lam4,7,int__tai20_15_05,1339,1,1556.0,1755.0
lam4,7,int__tai20_15_05,1339,2,1431.0,1676.0
lam4,7,int__tai20_15_05,1339,3,1563.0,1759.0
lam4,7,int__tai20_15_05,1339,4,1468.0,1667.0
lam4,7,int__tai20_15_05,1339,5,1506.0,1687.0
lam4,7,int__tai20_15_05,1339,6,1471.0,1668.0
lam4,7,int__tai20_15_05,1339,7,1552.0,1748.0
lam4,7,int__tai20_15_05,1339,8,1511.0,1700.0
lam4,7,int__tai20_15_05,1339,9,1511.0,1726.0
lam4,7,int__tai20_15_05,1339,10,1600.0,1831.0
lam4,7,int__tai20_15_05,1339,11,1517.0,1702.0
lam4,7,int__tai20_15_05,1339,12,1561.0,1751.0
lam4,7,int__tai20_15_05,1339,13,1534.0,1718.0
lam4,7,int__tai20_15_05,1339,14,1568.0,1751.0
lam4,7,int__tai20_15_05,1339,15,1511.0,1738.0
lam4,7,int__tai20_15_05,1339,16,1514.0,1708.0
lam4,7,int__tai20_15_05,1339,17,1516.0,1731.0
lam4,7,int__tai20_15_05,1339,18,1489.0,1702.0
lam4,7,int__tai20_15_05,1339,19,1466.0,1652.0
lam4,7,int__tai20_15_05,1339,20,1499.0,1704.0
lam4,7,int__tai20_15_05,1339,21,1531.0,1726.0
lam4,7,int__tai20_15_05,1339,22,1573.0,1754.0
lam4,7,int__tai20_15_05,1339,23,1481.0,1716.0
lam4,7,int__tai20_15_05,1339,24,1459.0,1662.0
lam4,7,int__tai20_15_05,1339,25,1578.0,1773.0
lam4,7,int__tai20_15_05,1339,26,1668.0,1856.0
lam4,7,int__tai20_15_05,1339,27,1501.0,1696.0
lam4,7,int__tai20_15_05,1339,28,1518.0,1751.0
lam4,7,int__tai20_15_05,1339,29,1472.0,1652.0
lam4,7,int__tai20_15_05,1339,30,1475.0,1703.0
lam4,7,int__tai20_15_05,1339,31,1590.0,1785.0
lam4,7,int__tai20_15_05,1339,32,1503.0,1699.0
lam4,7,int__tai20_15_05,1339,33,1617.0,1830.0
lam4,7,int__tai20_15_05,1339,34,1485.0,1675.0
lam4,7,int__tai20_15_05,1339,35,1575.0,1789.0
lam4,7,int__tai20_15_05,1339,36,1511.0,1687.0
lam4,7,int__tai20_15_05,1339,37,1471.0,1688.0
lam4,7,int__tai20_15_05,1339,38,1487.0,1690.0
lam4,7,int__tai20_15_05,1339,39,1570.0,1803.0
lam4,7,int__tai20_15_05,1339,40,1613.0,1813.0
lam4,7,int__tai20_15_05,1339,41,1590.0,1761.0
lam4,7,int__tai20_15_05,1339,42,1613.0,1841.0
lam4,7,int__tai20_15_05,1339,43,1506.0,1714.0
lam4,7,int__tai20_15_05,1339,44,1544.0,1756.0
lam4,7,int__tai20_15_05,1339,45,1501.0,1706.0
lam4,7,int__tai20_15_05,1339,46,1573.0,1783.0
lam4,7,int__tai20_15_05,1339,47,1642.0,1858.0
lam4,7,int__tai20_15_05,1339,48,1531.0,1721.0
lam4,7,int__tai20_15_05,1339,49,1461.0,1673.0
lam4,7,int__tai20_15_05,1339,50,1509.0,1708.0
lam4,7,int__tai20_15_05,1339,51,1529.0,1774.0
lam4,7,int__tai20_15_05,1339,52,1602.0,1794.0
lam4,7,int__tai20_15_05,1339,53,1579.0,1776.0
lam4,7,int__tai20_15_05,1339,54,1479.0,1670.0
lam4,7,int__tai20_15_05,1339,55,1393.0,1608.0
lam4,7,int__tai20_15_05,1339,56,1559.0,1785.0
lam4,7,int__tai20_15_05,1339,57,1615.0,1836.0
lam4,7,int__tai20_15_05,1339,58,1555.0,1812.0
lam4,7,int__tai20_15_05,1339,59,1592.0,1804.0
lam4,7,int__tai20_15_05,1339,60,1636.0,1838.0
lam4,7,int__tai20_15_05,1339,61,1450.0,1641.0
lam4,7,int__tai20_15_05,1339,62,1465.0,1653.0
lam4,7,int__tai20_15_05,1339,63,1543.0,1786.0
lam4,7,int__tai20_15_06,1360,0,1455.0,1684.0
lam4,7,int__tai20_15_06,1360,1,1538.0,1791.0
lam4,7,int__tai20_15_06,1360,2,1541.0,1790.0
lam4,7,int__tai20_15_06,1360,3,1521.0,1771.0
lam4,7,int__tai20_15_06,1360,4,1584.0,1835.0
lam4,7,int__tai20_15_06,1360,5,1527.0,1764.0
lam4,7,int__tai20_15_06,1360,6,1505.0,1730.0
lam4,7,int__tai20_15_06,1360,7,1575.0,1785.0
lam4,7,int__tai20_15_06,1360,8,1483.0,1721.0
lam4,7,int__tai20_15_06,1360,9,1565.0,1806.0
lam4,7,int__tai20_15_06,1360,10,1538.0,1742.0
lam4,7,int__tai20_15_06,1360,11,1549.0,1761.0
lam4,7,int__tai20_15_06,1360,12,1582.0,1778.0
lam4,7,int__tai20_15_06,1360,13,1524.0,1761.0
lam4,7,int__tai20_15_06,1360,14,1500.0,1717.0
lam4,7,int__tai20_15_06,1360,15,1569.0,1807.0
lam4,7,int__tai20_15_06,1360,16,1509.0,1742.0
lam4,7,int__tai20_15_06,1360,17,1513.0,1747.0
lam4,7,int__tai20_15_06,1360,18,1510.0,1735.0
lam4,7,int__tai20_15_06,1360,19,1552.0,1787.0
lam4,7,int__tai20_15_06,1360,20,1402.0,1637.0
lam4,7,int__tai20_15_06,1360,21,1576.0,1824.0
lam4,7,int__tai20_15_06,1360,22,1578.0,1809.0
lam4,7,int__tai20_15_06,1360,23,1515.0,1737.0
lam4,7,int__tai20_15_06,1360,24,1569.0,1828.0
lam4,7,int__tai20_15_06,1360,25,1482.0,1714.0
lam4,7,int__tai20_15_06,1360,26,1561.0,1792.0
lam4,7,int__tai20_15_06,1360,27,1507.0,1767.0
lam4,7,int__tai20_15_06,1360,28,1483.0,1707.0
lam4,7,int__tai20_15_06,1360,29,1531.0,1767.0
lam4,7,int__tai20_15_06,1360,30,1547.0,1762.0
lam4,7,int__tai20_15_06,1360,31,1578.0,1782.0
lam4,7,int__tai20_15_06,1360,32,1497.0,1712.0
lam4,7,int__tai20_15_06,1360,33,1533.0,1804.0
lam4,7,int__tai20_15_06,1360,34,1505.0,1734.0
lam4,7,int__tai20_15_06,1360,35,1437.0,1665.0
lam4,7,int__tai20_15_06,1360,36,1516.0,1720.0
lam4,7,int__tai20_15_06,1360,37,1507.0,1723.0
lam4,7,int__tai20_15_06,1360,38,1478.0,1730.0
lam4,7,int__tai20_15_06,1360,39,1526.0,1776.0
lam4,7,int__tai20_15_06,1360,40,1519.0,1734.0
lam4,7,int__tai20_15_06,1360,41,1520.0,1727.0
lam4,7,int__tai20_15_06,1360,42,1475.0,1688.0
lam4,7,int__tai20_15_06,1360,43,1556.0,1788.0
lam4,7,int__tai20_15_06,1360,44,1493.0,1695.0
lam4,7,int__tai20_15_06,1360,45,1602.0,1844.0
lam4,7,int__tai20_15_06,1360,46,1580.0,1767.0
lam4,7,int__tai20_15_06,1360,47,1539.0,1785.0
lam4,7,int__tai20_15_06,1360,48,1561.0,1789.0
lam4,7,int__tai20_15_06,1360,49,1494.0,1756.0
lam4,7,int__tai20_15_06,1360,50,1506.0,1717.0
lam4,7,int__tai20_15_06,1360,51,1548.0,1752.0
lam4,7,int__tai20_15_06,1360,52,1575.0,1827.0
lam4,7,int__tai20_15_06,1360,53,1513.0,1717.0
lam4,7,int__tai20_15_06,1360,54,1527.0,1747.0
lam4,7,int__tai20_15_06,1360,55,1545.0,1816.0
lam4,7,int__tai20_15_06,1360,56,1548.0,1755.0
lam4,7,int__tai20_15_06,1360,57,1513.0,1764.0
lam4,7,int__tai20_15_06,1360,58,1570.0,1818.0
lam4,7,int__tai20_15_06,1360,59,1560.0,1791.0
lam4,7,int__tai20_15_06,1360,60,1572.0,1817.0
lam4,7,int__tai20_15_06,1360,61,1586.0,1790.0
lam4,7,int__tai20_15_06,1360,62,1594.0,1845.0
lam4,7,int__tai20_15_06,1360,63,1594.0,1814.0
lam4,7,int__tai20_15_07,1462,0,1636.0,1853.0
lam4,7,int__tai20_15_07,1462,1,1582.0,1809.0
lam4,7,int__tai20_15_07,1462,2,1596.0,1848.0
lam4,7,int__tai20_15_07,1462,3,1542.0,1764.0
lam4,7,int__tai20_15_07,1462,4,1636.0,1840.0
lam4,7,int__tai20_15_07,1462,5,1626.0,1875.0
lam4,7,int__tai20_15_07,1462,6,1598.0,1835.0
lam4,7,int__tai20_15_07,1462,7,1651.0,1926.0
lam4,7,int__tai20_15_07,1462,8,1685.0,1922.0
lam4,7,int__tai20_15_07,1462,9,1701.0,1925.0
lam4,7,int__tai20_15_07,1462,10,1575.0,1819.0
lam4,7,int__tai20_15_07,1462,11,1544.0,1787.0
lam4,7,int__tai20_15_07,1462,12,1615.0,1808.0
lam4,7,int__tai20_15_07,1462,13,1612.0,1856.0
lam4,7,int__tai20_15_07,1462,14,1548.0,1812.0
lam4,7,int__tai20_15_07,1462,15,1567.0,1817.0
lam4,7,int__tai20_15_07,1462,16,1633.0,1874.0
lam4,7,int__tai20_15_07,1462,17,1595.0,1819.0
lam4,7,int__tai20_15_07,1462,18,1626.0,1824.0
lam4,7,int__tai20_15_07,1462,19,1588.0,1808.0
lam4,7,int__tai20_15_07,1462,20,1632.0,1856.0
lam4,7,int__tai20_15_07,1462,21,1636.0,1869.0
lam4,7,int__tai20_15_07,1462,22,1619.0,1881.0
lam4,7,int__tai20_15_07,1462,23,1631.0,1859.0
lam4,7,int__tai20_15_07,1462,24,1556.0,1786.0
lam4,7,int__tai20_15_07,1462,25,1599.0,1813.0
lam4,7,int__tai20_15_07,1462,26,1586.0,1786.0
lam4,7,int__tai20_15_07,1462,27,1609.0,1850.0
lam4,7,int__tai20_15_07,1462,28,1645.0,1891.0
lam4,7,int__tai20_15_07,1462,29,1549.0,1797.0
lam4,7,int__tai20_15_07,1462,30,1620.0,1827.0
lam4,7,int__tai20_15_07,1462,31,1590.0,1846.0
lam4,7,int__tai20_15_07,1462,32,1586.0,1804.0
lam4,7,int__tai20_15_07,1462,33,1653.0,1873.0
lam4,7,int__tai20_15_07,1462,34,1541.0,1783.0
lam4,7,int__tai20_15_07,1462,35,1643.0,1880.0
lam4,7,int__tai20_15_07,1462,36,1689.0,1903.0
lam4,7,int__tai20_15_07,1462,37,1687.0,1943.0
lam4,7,int__tai20_15_07,1462,38,1718.0,1926.0
lam4,7,int__tai20_15_07,1462,39,1548.0,1748.0
lam4,7,int__tai20_15_07,1462,40,1582.0,1800.0
lam4,7,int__tai20_15_07,1462,41,1638.0,1851.0
lam4,7,int__tai20_15_07,1462,42,1691.0,1923.0
lam4,7,int__tai20_15_07,1462,43,1595.0,1792.0
lam4,7,int__tai20_15_07,1462,44,1644.0,1861.0
lam4,7,int__tai20_15_07,1462,45,1651.0,1894.0
lam4,7,int__tai20_15_07,1462,46,1615.0,1901.0
lam4,7,int__tai20_15_07,1462,47,1656.0,1893.0
lam4,7,int__tai20_15_07,1462,48,1617.0,1866.0
lam4,7,int__tai20_15_07,1462,49,1597.0,1842.0
lam4,7,int__tai20_15_07,1462,50,1564.0,1783.0
lam4,7,int__tai20_15_07,1462,51,1588.0,1839.0
lam4,7,int__tai20_15_07,1462,52,1580.0,1836.0
lam4,7,int__tai20_15_07,1462,53,1636.0,1885.0
lam4,7,int__tai20_15_07,1462,54,1594.0,1826.0
lam4,7,int__tai20_15_07,1462,55,1544.0,1802.0
lam4,7,int__tai20_15_07,1462,56,1686.0,1960.0
lam4,7,int__tai20_15_07,1462,57,1589.0,1800.0
lam4,7,int__tai20_15_07,1462,58,1543.0,1801.0
lam4,7,int__tai20_15_07,1462,59,1622.0,1820.0
lam4,7,int__tai20_15_07,1462,60,1572.0,1788.0
lam4,7,int__tai20_15_07,1462,61,1668.0,1922.0
lam4,7,int__tai20_15_07,1462,62,1525.0,1770.0
lam4,7,int__tai20_15_07,1462,63,1651.0,1925.0
lam4,7,int__tai20_15_08,1377,0,1592.0,1840.0
lam4,7,int__tai20_15_08,1377,1,1564.0,1803.0
lam4,7,int__tai20_15_08,1377,2,1595.0,1808.0
lam4,7,int__tai20_15_08,1377,3,1538.0,1729.0
lam4,7,int__tai20_15_08,1377,4,1609.0,1801.0
lam4,7,int__tai20_15_08,1377,5,1559.0,1812.0
lam4,7,int__tai20_15_08,1377,6,1479.0,1676.0
lam4,7,int__tai20_15_08,1377,7,1602.0,1802.0
lam4,7,int__tai20_15_08,1377,8,1564.0,1761.0
lam4,7,int__tai20_15_08,1377,9,1586.0,1771.0
lam4,7,int__tai20_15_08,1377,10,1481.0,1700.0
lam4,7,int__tai20_15_08,1377,11,1546.0,1769.0
lam4,7,int__tai20_15_08,1377,12,1576.0,1772.0
lam4,7,int__tai20_15_08,1377,13,1581.0,1785.0
lam4,7,int__tai20_15_08,1377,14,1600.0,1826.0
lam4,7,int__tai20_15_08,1377,15,1570.0,1827.0
lam4,7,int__tai20_15_08,1377,16,1583.0,1827.0
lam4,7,int__tai20_15_08,1377,17,1535.0,1751.0
lam4,7,int__tai20_15_08,1377,18,1635.0,1846.0
lam4,7,int__tai20_15_08,1377,19,1549.0,1726.0
lam4,7,int__tai20_15_08,1377,20,1574.0,1786.0
lam4,7,int__tai20_15_08,1377,21,1627.0,1800.0
lam4,7,int__tai20_15_08,1377,22,1589.0,1790.0
lam4,7,int__tai20_15_08,1377,23,1598.0,1829.0
lam4,7,int__tai20_15_08,1377,24,1569.0,1777.0
lam4,7,int__tai20_15_08,1377,25,1571.0,1808.0
lam4,7,int__tai20_15_08,1377,26,1541.0,1771.0
lam4,7,int__tai20_15_08,1377,27,1599.0,1841.0
lam4,7,int__tai20_15_08,1377,28,1579.0,1784.0
lam4,7,int__tai20_15_08,1377,29,1539.0,1748.0
lam4,7,int__tai20_15_08,1377,30,1505.0,1707.0
lam4,7,int__tai20_15_08,1377,31,1605.0,1836.0
lam4,7,int__tai20_15_08,1377,32,1600.0,1832.0
lam4,7,int__tai20_15_08,1377,33,1530.0,1703.0
lam4,7,int__tai20_15_08,1377,34,1569.0,1775.0
lam4,7,int__tai20_15_08,1377,35,1559.0,1790.0
lam4,7,int__tai20_15_08,1377,36,1528.0,1723.0
lam4,7,int__tai20_15_08,1377,37,1592.0,1806.0
lam4,7,int__tai20_15_08,1377,38,1603.0,1803.0
lam4,7,int__tai20_15_08,1377,39,1529.0,1757.0
lam4,7,int__tai20_15_08,1377,40,1619.0,1792.0
lam4,7,int__tai20_15_08,1377,41,1585.0,1802.0
lam4,7,int__tai20_15_08,1377,42,1652.0,1865.0
lam4,7,int__tai20_15_08,1377,43,1595.0,1773.0
lam4,7,int__tai20_15_08,1377,44,1549.0,1775.0
lam4,7,int__tai20_15_08,1377,45,1604.0,1836.0
lam4,7,int__tai20_15_08,1377,46,1537.0,1766.0
lam4,7,int__tai20_15_08,1377,47,1638.0,1849.0
lam4,7,int__tai20_15_08,1377,48,1567.0,1793.0
lam4,7,int__tai20_15_08,1377,49,1575.0,1772.0
lam4,7,int__tai20_15_08,1377,50,1554.0,1744.0
lam4,7,int__tai20_15_08,1377,51,1542.0,1726.0
lam4,7,int__tai20_15_08,1377,52,1524.0,1711.0
lam4,7,int__tai20_15_08,1377,53,1545.0,1773.0
lam4,7,int__tai20_15_08,1377,54,1596.0,1847.0
lam4,7,int__tai20_15_08,1377,55,1665.0,1904.0
lam4,7,int__tai20_15_08,1377,56,1549.0,1797.0
lam4,7,int__tai20_15_08,1377,57,1554.0,1763.0
lam4,7,int__tai20_15_08,1377,58,1611.0,1837.0
lam4,7,int__tai20_15_08,1377,59,1575.0,1811.0
lam4,7,int__tai20_15_08,1377,60,1532.0,1736.0
lam4,7,int__tai20_15_08,1377,61,1576.0,1824.0
lam4,7,int__tai20_15_08,1377,62,1592.0,1776.0
lam4,7,int__tai20_15_08,1377,63,1557.0,1778.0
lam4,7,int__tai20_15_09,1332,0,1449.0,1671.0
lam4,7,int__tai20_15_09,1332,1,1485.0,1690.0
lam4,7,int__tai20_15_09,1332,2,1466.0,1655.0
lam4,7,int__tai20_15_09,1332,3,1560.0,1771.0
lam4,7,int__tai20_15_09,1332,4,1451.0,1685.0
lam4,7,int__tai20_15_09,1332,5,1459.0,1736.0
lam4,7,int__tai20_15_09,1332,6,1470.0,1680.0
lam4,7,int__tai20_15_09,1332,7,1486.0,1740.0
lam4,7,int__tai20_15_09,1332,8,1378.0,1573.0
lam4,7,int__tai20_15_09,1332,9,1500.0,1714.0
lam4,7,int__tai20_15_09,1332,10,1521.0,1773.0
lam4,7,int__tai20_15_09,1332,11,1478.0,1701.0
lam4,7,int__tai20_15_09,1332,12,1510.0,1731.0
lam4,7,int__tai20_15_09,1332,13,1614.0,1786.0
lam4,7,int__tai20_15_09,1332,14,1596.0,1834.0
lam4,7,int__tai20_15_09,1332,15,1513.0,1758.0
lam4,7,int__tai20_15_09,1332,16,1428.0,1670.0
lam4,7,int__tai20_15_09,1332,17,1474.0,1685.0
lam4,7,int__tai20_15_09,1332,18,1404.0,1598.0
lam4,7,int__tai20_15_09,1332,19,1488.0,1758.0
lam4,7,int__tai20_15_09,1332,20,1512.0,1750.0
lam4,7,int__tai20_15_09,1332,21,1462.0,1660.0
lam4,7,int__tai20_15_09,1332,22,1471.0,1706.0
lam4,7,int__tai20_15_09,1332,23,1614.0,1829.0
lam4,7,int__tai20_15_09,1332,24,1456.0,1684.0
lam4,7,int__tai20_15_09,1332,25,1505.0,1693.0
lam4,7,int__tai20_15_09,1332,26,1459.0,1693.0
lam4,7,int__tai20_15_09,1332,27,1540.0,1777.0
lam4,7,int__tai20_15_09,1332,28,1505.0,1715.0
lam4,7,int__tai20_15_09,1332,29,1537.0,1798.0
lam4,7,int__tai20_15_09,1332,30,1497.0,1735.0
lam4,7,int__tai20_15_09,1332,31,1561.0,1779.0
lam4,7,int__tai20_15_09,1332,32,1454.0,1705.0
lam4,7,int__tai20_15_09,1332,33,1474.0,1692.0
lam4,7,int__tai20_15_09,1332,34,1415.0,1669.0
lam4,7,int__tai20_15_09,1332,35,1442.0,1672.0
lam4,7,int__tai20_15_09,1332,36,1493.0,1767.0
lam4,7,int__tai20_15_09,1332,37,1520.0,1744.0
lam4,7,int__tai20_15_09,1332,38,1532.0,1770.0
lam4,7,int__tai20_15_09,1332,39,1454.0,1629.0
lam4,7,int__tai20_15_09,1332,40,1428.0,1663.0
lam4,7,int__tai20_15_09,1332,41,1499.0,1663.0
lam4,7,int__tai20_15_09,1332,42,1474.0,1673.0
lam4,7,int__tai20_15_09,1332,43,1470.0,1664.0
lam4,7,int__tai20_15_09,1332,44,1515.0,1746.0
lam4,7,int__tai20_15_09,1332,45,1481.0,1704.0
lam4,7,int__tai20_15_09,1332,46,1450.0,1660.0
lam4,7,int__tai20_15_09,1332,47,1477.0,1714.0
lam4,7,int__tai20_15_09,1332,48,1474.0,1686.0
lam4,7,int__tai20_15_09,1332,49,1479.0,1708.0
lam4,7,int__tai20_15_09,1332,50,1421.0,1619.0
lam4,7,int__tai20_15_09,1332,51,1599.0,1786.0
lam4,7,int__tai20_15_09,1332,52,1458.0,1714.0
lam4,7,int__tai20_15_09,1332,53,1570.0,1792.0
lam4,7,int__tai20_15_09,1332,54,1422.0,1656.0
lam4,7,int__tai20_15_09,1332,55,1448.0,1671.0
lam4,7,int__tai20_15_09,1332,56,1508.0,1726.0
lam4,7,int__tai20_15_09,1332,57,1491.0,1711.0
lam4,7,int__tai20_15_09,1332,58,1489.0,1711.0
lam4,7,int__tai20_15_09,1332,59,1506.0,1746.0
lam4,7,int__tai20_15_09,1332,60,1522.0,1740.0
lam4,7,int__tai20_15_09,1332,61,1475.0,1714.0
lam4,7,int__tai20_15_09,1332,62,1456.0,1662.0
lam4,7,int__tai20_15_09,1332,63,1505.0,1693.0
lam4,7,int__tai20_15_10,1348,0,1524.0,1729.0
lam4,7,int__tai20_15_10,1348,1,1549.0,1711.0
lam4,7,int__tai20_15_10,1348,2,1466.0,1684.0
lam4,7,int__tai20_15_10,1348,3,1500.0,1728.0
lam4,7,int__tai20_15_10,1348,4,1503.0,1675.0
lam4,7,int__tai20_15_10,1348,5,1610.0,1804.0
lam4,7,int__tai20_15_10,1348,6,1486.0,1713.0
lam4,7,int__tai20_15_10,1348,7,1447.0,1676.0
lam4,7,int__tai20_15_10,1348,8,1524.0,1737.0
lam4,7,int__tai20_15_10,1348,9,1507.0,1713.0
lam4,7,int__tai20_15_10,1348,10,1463.0,1659.0
lam4,7,int__tai20_15_10,1348,11,1535.0,1732.0
lam4,7,int__tai20_15_10,1348,12,1504.0,1723.0
lam4,7,int__tai20_15_10,1348,13,1520.0,1766.0
lam4,7,int__tai20_15_10,1348,14,1485.0,1698.0
lam4,7,int__tai20_15_10,1348,15,1549.0,1777.0
lam4,7,int__tai20_15_10,1348,16,1506.0,1742.0
lam4,7,int__tai20_15_10,1348,17,1667.0,1871.0
lam4,7,int__tai20_15_10,1348,18,1508.0,1714.0
lam4,7,int__tai20_15_10,1348,19,1547.0,1739.0
lam4,7,int__tai20_15_10,1348,20,1514.0,1762.0
lam4,7,int__tai20_15_10,1348,21,1557.0,1799.0
lam4,7,int__tai20_15_10,1348,22,1569.0,1794.0
lam4,7,int__tai20_15_10,1348,23,1613.0,1830.0
lam4,7,int__tai20_15_10,1348,24,1612.0,1848.0
lam4,7,int__tai20_15_10,1348,25,1482.0,1690.0
lam4,7,int__tai20_15_10,1348,26,1550.0,1801.0
lam4,7,int__tai20_15_10,1348,27,1494.0,1731.0
lam4,7,int__tai20_15_10,1348,28,1502.0,1756.0
lam4,7,int__tai20_15_10,1348,29,1567.0,1757.0
lam4,7,int__tai20_15_10,1348,30,1571.0,1721.0
lam4,7,int__tai20_15_10,1348,31,1489.0,1687.0
lam4,7,int__tai20_15_10,1348,32,1488.0,1723.0
lam4,7,int__tai20_15_10,1348,33,1529.0,1735.0
lam4,7,int__tai20_15_10,1348,34,1500.0,1731.0
lam4,7,int__tai20_15_10,1348,35,1561.0,1801.0
lam4,7,int__tai20_15_10,1348,36,1494.0,1678.0
lam4,7,int__tai20_15_10,1348,37,1610.0,1812.0
lam4,7,int__tai20_15_10,1348,38,1562.0,1757.0
lam4,7,int__tai20_15_10,1348,39,1487.0,1684.0
lam4,7,int__tai20_15_10,1348,40,1512.0,1730.0
lam4,7,int__tai20_15_10,1348,41,1532.0,1754.0
lam4,7,int__tai20_15_10,1348,42,1494.0,1670.0
lam4,7,int__tai20_15_10,1348,43,1573.0,1814.0
lam4,7,int__tai20_15_10,1348,44,1608.0,1831.0
lam4,7,int__tai20_15_10,1348,45,1544.0,1794.0
lam4,7,int__tai20_15_10,1348,46,1486.0,1685.0
lam4,7,int__tai20_15_10,1348,47,1534.0,1745.0
lam4,7,int__tai20_15_10,1348,48,1519.0,1704.0
lam4,7,int__tai20_15_10,1348,49,1492.0,1712.0
lam4,7,int__tai20_15_10,1348,50,1547.0,1764.0
lam4,7,int__tai20_15_10,1348,51,1582.0,1795.0
lam4,7,int__tai20_15_10,1348,52,1479.0,1699.0
lam4,7,int__tai20_15_10,1348,53,1481.0,1679.0
lam4,7,int__tai20_15_10,1348,54,1551.0,1808.0
lam4,7,int__tai20_15_10,1348,55,1560.0,1769.0
lam4,7,int__tai20_15_10,1348,56,1516.0,1707.0
lam4,7,int__tai20_15_10,1348,57,1566.0,1812.0
lam4,7,int__tai20_15_10,1348,58,1475.0,1660.0
lam4,7,int__tai20_15_10,1348,59,1514.0,1709.0
lam4,7,int__tai20_15_10,1348,60,1580.0,1773.0
lam4,7,int__tai20_15_10,1348,61,1554.0,1760.0
lam4,7,int__tai20_15_10,1348,62,1531.0,1756.0
lam4,7,int__tai20_15_10,1348,63,1490.0,1698.0
