metodo,semilla,instancia,presupuesto,re,segundos
ga_sembrado,1,FT10,1,20.3763,0.0150
ga_sembrado,1,FT10,2,20.3763,0.0150
ga_sembrado,1,FT10,4,20.3763,0.0150
ga_sembrado,1,FT10,8,20.3763,0.0150
ga_sembrado,1,FT10,16,20.3763,0.0150
ga_sembrado,1,FT10,32,20.3763,0.0160
ga_sembrado,1,FT10,64,20.3763,0.0180
ga_sembrado,1,FT10,128,20.3763,0.0230
ga_sembrado,1,FT10,256,20.3763,0.0300
ga_sembrado,1,FT10,512,20.3763,0.0570
ga_sembrado,1,FT10,1024,20.3763,0.1080
ga_sembrado,1,FT10,2048,18.6022,0.2110
ga_sembrado,1,FT10,4096,11.4516,0.4330
ga_sembrado,1,FT10,8192,8.8172,0.8000
ga_sembrado,1,FT10,16384,7.3118,1.4810
ga_sembrado,1,FT10,32768,6.7742,3.0379
ga_sembrado,1,FT10,65536,6.7742,6.2010
ga_sembrado,1,FT10,131072,3.4409,12.7235
ga_sembrado,1,FT10,262144,3.4409,24.3863
ga_sembrado,1,FT10,524288,3.4409,47.5436
ga_sembrado,1,FT10,1048576,3.4409,91.9101
ga_sembrado,1,FT10,2097152,3.4409,183.6445
ga_sembrado,1,FT10,4194304,3.4409,366.3696
ga_sembrado,1,FT10,8388608,3.4409,744.9561
ga_sembrado,1,FT10,10248070,3.4409,900.0007
ga,1,FT20,1,63.8627,0.0130
ga,1,FT20,2,63.8627,0.0130
ga,1,FT20,4,63.8627,0.0130
ga,1,FT20,8,63.8627,0.0130
ga,1,FT20,16,58.7124,0.0140
ga,1,FT20,32,58.7124,0.0150
ga,1,FT20,64,54.4206,0.0160
ga,1,FT20,128,51.3305,0.0200
ga,1,FT20,256,46.0944,0.0280
ga,1,FT20,512,45.1502,0.0540
ga,1,FT20,1024,41.2876,0.1080
ga,1,FT20,2048,34.1202,0.2090
ga,1,FT20,4096,17.6395,0.4320
ga,1,FT20,8192,15.4506,0.8040
ga,1,FT20,16384,10.3004,1.4690
ga,1,FT20,32768,4.2060,3.0349
ga,1,FT20,65536,2.7897,6.1780
ga,1,FT20,131072,1.7167,12.4625
ga,1,FT20,262144,1.5880,24.6993
ga,1,FT20,524288,1.1159,47.9780
ga,1,FT20,1048576,1.1159,93.0821
ga,1,FT20,2097152,1.1159,186.2018
ga,1,FT20,4194304,1.1159,370.3855
ga,1,FT20,8388608,1.1159,752.5144
ga,1,FT20,10150655,1.1159,900.0007
regla_bon,1,FT10,1,20.3763,0.0030
regla_bon,1,FT10,2,20.3763,0.0050
regla_bon,1,FT10,4,13.6022,0.0090
regla_bon,1,FT10,8,13.1183,0.0180
regla_bon,1,FT10,16,10.4839,0.0370
regla_bon,1,FT10,32,8.3871,0.0770
regla_bon,1,FT10,64,8.3871,0.1530
regla_bon,1,FT10,128,8.2796,0.3400
regla_bon,1,FT10,256,7.4731,0.6330
regla_bon,1,FT10,512,6.7742,1.1725
regla_bon,1,FT10,1024,6.6129,2.2438
regla_bon,1,FT10,2048,4.0323,4.8764
regla_bon,1,FT10,4096,4.0323,9.8974
regla_bon,1,FT10,8192,3.8710,19.3174
regla_bon,1,FT10,16384,3.7097,38.4163
regla_bon,1,FT10,32768,3.3871,74.0980
regla_bon,1,FT10,65536,3.3871,142.7402
regla_bon,1,FT10,131072,3.3871,293.0850
regla_bon,1,FT10,262144,3.3871,589.3618
regla_bon,1,FT10,403974,3.3871,900.0007
ga_sembrado,1,FT20,1,13.2189,0.0150
ga_sembrado,1,FT20,2,13.2189,0.0150
ga_sembrado,1,FT20,4,13.2189,0.0150
ga_sembrado,1,FT20,8,13.2189,0.0150
ga_sembrado,1,FT20,16,13.2189,0.0160
ga_sembrado,1,FT20,32,13.2189,0.0170
ga_sembrado,1,FT20,64,13.2189,0.0180
ga_sembrado,1,FT20,128,13.2189,0.0220
ga_sembrado,1,FT20,256,13.2189,0.0330
ga_sembrado,1,FT20,512,13.2189,0.0560
ga_sembrado,1,FT20,1024,13.2189,0.1100
ga_sembrado,1,FT20,2048,13.2189,0.2580
ga_sembrado,1,FT20,4096,13.2189,0.4470
ga_sembrado,1,FT20,8192,12.7897,0.8070
ga_sembrado,1,FT20,16384,11.9742,1.4730
ga_sembrado,1,FT20,32768,10.2146,3.0489
ga_sembrado,1,FT20,65536,7.6395,6.2940
ga_sembrado,1,FT20,131072,5.8369,12.8715
ga_sembrado,1,FT20,262144,2.3176,25.0373
ga_sembrado,1,FT20,524288,2.3176,48.4395
ga_sembrado,1,FT20,1048576,2.3176,93.1141
ga_sembrado,1,FT20,2097152,2.3176,186.5195
ga_sembrado,1,FT20,4194304,2.3176,372.1055
ga_sembrado,1,FT20,8388608,2.3176,753.4814
ga_sembrado,1,FT20,10136580,2.3176,900.0007
regla_bon,1,FT20,1,13.2189,0.0040
regla_bon,1,FT20,2,13.2189,0.0070
regla_bon,1,FT20,4,13.2189,0.0130
regla_bon,1,FT20,8,13.2189,0.0260
regla_bon,1,FT20,16,12.7897,0.0560
regla_bon,1,FT20,32,12.7897,0.1130
regla_bon,1,FT20,64,12.0601,0.2570
regla_bon,1,FT20,128,12.0601,0.4730
regla_bon,1,FT20,256,11.0730,0.8825
regla_bon,1,FT20,512,10.7725,1.6721
regla_bon,1,FT20,1024,10.7725,3.5239
regla_bon,1,FT20,2048,7.4678,7.1971
regla_bon,1,FT20,4096,7.4678,14.7057
regla_bon,1,FT20,8192,7.1245,28.6819
regla_bon,1,FT20,16384,7.0815,54.4632
regla_bon,1,FT20,32768,7.0815,105.7925
regla_bon,1,FT20,65536,6.6953,213.0934
regla_bon,1,FT20,131072,6.4378,423.0793
regla_bon,1,FT20,262144,6.1373,852.2491
regla_bon,1,FT20,277965,5.9227,900.0017
ga,1,FT10,1,71.3978,0.0120
ga,1,FT10,2,71.3978,0.0120
ga,1,FT10,4,56.0215,0.0130
ga,1,FT10,8,56.0215,0.0130
ga,1,FT10,16,56.0215,0.0130
ga,1,FT10,32,56.0215,0.0140
ga,1,FT10,64,56.0215,0.0160
ga,1,FT10,128,46.9892,0.0190
ga,1,FT10,256,37.0968,0.0270
ga,1,FT10,512,37.0968,0.0510
ga,1,FT10,1024,33.9247,0.1330
ga,1,FT10,2048,28.3333,0.2320
ga,1,FT10,4096,16.0215,0.4350
ga,1,FT10,8192,15.5914,0.7880
ga,1,FT10,16384,6.2366,1.4631
ga,1,FT10,32768,3.6022,3.0459
ga,1,FT10,65536,3.6022,6.1100
ga,1,FT10,131072,3.6022,12.2720
ga,1,FT10,262144,3.6022,23.9963
ga,1,FT10,524288,3.6022,47.3686
ga,1,FT10,1048576,3.6022,91.6831
ga,1,FT10,2097152,3.6022,183.2205
ga,1,FT10,4194304,3.6022,366.3881
ga,1,FT10,8388608,3.6022,745.5347
ga,1,FT10,10241364,3.6022,900.0008
ga,1,La21,1,78.9675,0.0190
ga,1,La21,2,78.9675,0.0190
ga,1,La21,4,78.9675,0.0190
ga,1,La21,8,78.9675,0.0200
ga,1,La21,16,71.9885,0.0200
ga,1,La21,32,71.9885,0.0220
ga,1,La21,64,57.4092,0.0240
ga,1,La21,128,57.4092,0.0280
ga,1,La21,256,53.3461,0.0380
ga,1,La21,512,44.5985,0.0690
ga,1,La21,1024,44.5985,0.1401
ga,1,La21,2048,32.9828,0.2611
ga,1,La21,4096,31.0229,0.4881
ga,1,La21,8192,19.8853,0.9548
ga,1,La21,16384,10.8987,1.9121
ga,1,La21,32768,5.7839,3.8398
ga,1,La21,65536,5.7839,8.1932
ga,1,La21,131072,5.7839,16.0148
ga,1,La21,262144,5.7839,32.1986
ga,1,La21,524288,5.7839,64.0238
ga,1,La21,1048576,5.7839,133.6009
ga,1,La21,2097152,5.7839,259.5538
ga,1,La21,4194304,5.7839,510.2868
ga,1,La21,7574132,5.7839,900.0004
ga_sembrado,1,La21,1,15.0096,0.0160
ga_sembrado,1,La21,2,15.0096,0.0160
ga_sembrado,1,La21,4,15.0096,0.0160
ga_sembrado,1,La21,8,15.0096,0.0160
ga_sembrado,1,La21,16,15.0096,0.0170
ga_sembrado,1,La21,32,15.0096,0.0180
ga_sembrado,1,La21,64,15.0096,0.0200
ga_sembrado,1,La21,128,15.0096,0.0260
ga_sembrado,1,La21,256,15.0096,0.0370
ga_sembrado,1,La21,512,15.0096,0.0740
ga_sembrado,1,La21,1024,15.0096,0.1441
ga_sembrado,1,La21,2048,15.0096,0.2571
ga_sembrado,1,La21,4096,15.0096,0.5091
ga_sembrado,1,La21,8192,12.3805,0.9898
ga_sembrado,1,La21,16384,11.7113,1.8951
ga_sembrado,1,La21,32768,9.8470,3.8668
ga_sembrado,1,La21,65536,8.8910,8.1352
ga_sembrado,1,La21,131072,8.5086,15.9738
ga_sembrado,1,La21,262144,8.0306,32.2146
ga_sembrado,1,La21,524288,3.6807,64.1380
ga_sembrado,1,La21,1048576,3.6807,132.3139
ga_sembrado,1,La21,2097152,3.6807,258.6891
ga_sembrado,1,La21,4194304,3.6807,509.4896
ga_sembrado,1,La21,7582087,3.6807,900.0004
regla_bon,1,La21,1,15.0096,0.0050
regla_bon,1,La21,2,13.5277,0.0100
regla_bon,1,La21,4,13.5277,0.0180
regla_bon,1,La21,8,13.5277,0.0350
regla_bon,1,La21,16,13.5277,0.0740
regla_bon,1,La21,32,12.3327,0.1491
regla_bon,1,La21,64,14.4359,0.2751
regla_bon,1,La21,128,14.4359,0.5271
regla_bon,1,La21,256,10.8987,1.0228
regla_bon,1,La21,512,10.8987,2.0391
regla_bon,1,La21,1024,8.9866,4.1542
regla_bon,1,La21,2048,8.9866,8.7815
regla_bon,1,La21,4096,8.9866,17.2931
regla_bon,1,La21,8192,8.9866,34.7859
regla_bon,1,La21,16384,8.9866,69.6611
regla_bon,1,La21,32768,8.7954,144.2114
regla_bon,1,La21,65536,8.1740,279.1285
regla_bon,1,La21,131072,7.8394,550.1241
regla_bon,1,La21,218394,7.8394,900.0034
ga,1,La24,1,89.8396,0.0200
ga,1,La24,2,89.8396,0.0200
ga,1,La24,4,77.4332,0.0200
ga,1,La24,8,76.4706,0.0200
ga,1,La24,16,76.4706,0.0210
ga,1,La24,32,72.8342,0.0220
ga,1,La24,64,67.2727,0.0250
ga,1,La24,128,55.5080,0.0300
ga,1,La24,256,55.5080,0.0415
ga,1,La24,512,51.8182,0.0770
ga,1,La24,1024,42.4064,0.1450
ga,1,La24,2048,37.0053,0.2740
ga,1,La24,4096,29.3583,0.5051
ga,1,La24,8192,22.6738,0.9677
ga,1,La24,16384,13.1551,1.9151
ga,1,La24,32768,9.9465,3.8518
ga,1,La24,65536,9.4652,8.1792
ga,1,La24,131072,8.7701,16.0873
ga,1,La24,262144,8.7701,32.2566
ga,1,La24,524288,8.7701,64.1150
ga,1,La24,1048576,8.7701,133.3517
ga,1,La24,2097152,8.7701,259.2307
ga,1,La24,4194304,8.7701,510.8929
ga,1,La24,7559003,8.7701,900.0004
ga_sembrado,1,La24,1,10.1070,0.0185
ga_sembrado,1,La24,2,10.1070,0.0185
ga_sembrado,1,La24,4,10.1070,0.0185
ga_sembrado,1,La24,8,10.1070,0.0185
ga_sembrado,1,La24,16,10.1070,0.0195
ga_sembrado,1,La24,32,10.1070,0.0205
ga_sembrado,1,La24,64,10.1070,0.0235
ga_sembrado,1,La24,128,10.1070,0.0285
ga_sembrado,1,La24,256,10.1070,0.0395
ga_sembrado,1,La24,512,10.1070,0.0705
ga_sembrado,1,La24,1024,10.1070,0.1315
ga_sembrado,1,La24,2048,10.1070,0.2545
ga_sembrado,1,La24,4096,9.9465,0.4966
ga_sembrado,1,La24,8192,9.5187,0.9917
ga_sembrado,1,La24,16384,7.6471,1.9396
ga_sembrado,1,La24,32768,7.4866,3.8873
ga_sembrado,1,La24,65536,4.8128,8.1637
ga_sembrado,1,La24,131072,4.5989,16.0798
ga_sembrado,1,La24,262144,3.1016,32.4190
ga_sembrado,1,La24,524288,3.1016,64.5666
ga_sembrado,1,La24,1048576,2.6738,133.1472
ga_sembrado,1,La24,2097152,2.6738,260.4858
ga_sembrado,1,La24,4194304,2.6738,512.5338
ga_sembrado,1,La24,7534110,2.6738,900.0009
regla_bon,1,La24,1,10.1070,0.0060
regla_bon,1,La24,2,10.1070,0.0100
regla_bon,1,La24,4,10.1070,0.0220
regla_bon,1,La24,8,10.1070,0.0420
regla_bon,1,La24,16,8.7701,0.0750
regla_bon,1,La24,32,8.7701,0.1420
regla_bon,1,La24,64,8.7701,0.2800
regla_bon,1,La24,128,8.7701,0.5441
regla_bon,1,La24,256,8.5561,1.0268
regla_bon,1,La24,512,8.5561,2.0231
regla_bon,1,La24,1024,8.5561,4.1196
regla_bon,1,La24,2048,8.5561,8.7755
regla_bon,1,La24,4096,6.0428,17.3331
regla_bon,1,La24,8192,7.8075,34.9909
regla_bon,1,La24,16384,5.2406,70.2792
regla_bon,1,La24,32768,5.4545,144.4824
regla_bon,1,La24,65536,5.4545,280.3717
regla_bon,1,La24,131072,5.4545,552.7593
regla_bon,1,La24,217304,5.4545,900.0103
ga,1,La25,1,90.3787,0.0190
ga,1,La25,2,90.3787,0.0190
ga,1,La25,4,90.3787,0.0190
ga,1,La25,8,63.1525,0.0190
ga,1,La25,16,63.1525,0.0200
ga,1,La25,32,59.7748,0.0210
ga,1,La25,64,55.0665,0.0240
ga,1,La25,128,42.8864,0.0290
ga,1,La25,256,42.8864,0.0390
ga,1,La25,512,42.8864,0.0710
ga,1,La25,1024,35.3122,0.1850
ga,1,La25,2048,30.3992,0.3200
ga,1,La25,4096,23.2856,0.5635
ga,1,La25,8192,16.1720,1.0181
ga,1,La25,16384,10.0819,1.9590
ga,1,La25,32768,9.0072,3.8626
ga,1,La25,65536,9.0072,7.5176
ga,1,La25,131072,9.0072,14.9872
ga,1,La25,262144,9.0072,30.4827
ga,1,La25,524288,8.1883,60.9211
ga,1,La25,1048576,8.1883,122.6887
ga,1,La25,2097152,8.1883,243.1943
ga,1,La25,4194304,8.1883,500.7145
ga,1,La25,7140684,5.5271,900.0007
ga_sembrado,1,La25,1,11.8219,0.0230
ga_sembrado,1,La25,2,11.8219,0.0230
ga_sembrado,1,La25,4,11.8219,0.0240
ga_sembrado,1,La25,8,11.8219,0.0240
ga_sembrado,1,La25,16,11.8219,0.0250
ga_sembrado,1,La25,32,11.8219,0.0270
ga_sembrado,1,La25,64,11.8219,0.0300
ga_sembrado,1,La25,128,11.8219,0.0370
ga_sembrado,1,La25,256,11.8219,0.0480
ga_sembrado,1,La25,512,11.8219,0.0870
ga_sembrado,1,La25,1024,11.8219,0.1800
ga_sembrado,1,La25,2048,11.8219,0.3100
ga_sembrado,1,La25,4096,12.2313,0.5535
ga_sembrado,1,La25,8192,9.9795,1.0271
ga_sembrado,1,La25,16384,9.9795,1.9100
ga_sembrado,1,La25,32768,9.7748,3.8176
ga_sembrado,1,La25,65536,9.7748,7.5436
ga_sembrado,1,La25,131072,9.0583,15.0582
ga_sembrado,1,La25,262144,8.7513,30.4367
ga_sembrado,1,La25,524288,8.7513,60.7760
ga_sembrado,1,La25,1048576,8.7513,122.7362
ga_sembrado,1,La25,2097152,8.7513,243.8679
ga_sembrado,1,La25,4194304,8.7513,501.6946
ga_sembrado,1,La25,7114604,8.7513,900.0007
regla_bon,1,La25,1,11.8219,0.0050
regla_bon,1,La25,2,11.8219,0.0090
regla_bon,1,La25,4,11.8219,0.0180
regla_bon,1,La25,8,11.8219,0.0490
regla_bon,1,La25,16,11.8219,0.0870
regla_bon,1,La25,32,11.8219,0.1960
regla_bon,1,La25,64,11.5660,0.3340
regla_bon,1,La25,128,9.3142,0.6010
regla_bon,1,La25,256,9.0072,1.0861
regla_bon,1,La25,512,9.3654,2.1320
regla_bon,1,La25,1024,7.6254,4.1729
regla_bon,1,La25,2048,6.5507,8.2247
regla_bon,1,La25,4096,6.5507,16.2728
regla_bon,1,La25,8192,5.9365,32.7478
regla_bon,1,La25,16384,5.9365,65.9230
regla_bon,1,La25,32768,5.7830,132.0721
regla_bon,1,La25,65536,5.7830,262.3882
regla_bon,1,La25,131072,5.3224,542.3111
regla_bon,1,La25,206362,5.2201,900.0037
ga,1,La27,1,102.3482,0.0260
ga,1,La27,2,98.1377,0.0260
ga,1,La27,4,77.8138,0.0260
ga,1,La27,8,77.8138,0.0260
ga,1,La27,16,77.8138,0.0270
ga,1,La27,32,66.7206,0.0290
ga,1,La27,64,59.1903,0.0330
ga,1,La27,128,59.1903,0.0400
ga,1,La27,256,59.1903,0.0830
ga,1,La27,512,59.1903,0.1300
ga,1,La27,1024,55.6680,0.2120
ga,1,La27,2048,43.1579,0.3750
ga,1,La27,4096,34.6964,0.6911
ga,1,La27,8192,26.2348,1.3026
ga,1,La27,16384,15.5061,2.5072
ga,1,La27,32768,8.2186,4.8471
ga,1,La27,65536,5.0607,9.7663
ga,1,La27,131072,5.0607,19.5802
ga,1,La27,262144,5.0607,38.9237
ga,1,La27,524288,4.8583,78.7315
ga,1,La27,1048576,4.4130,156.7756
ga,1,La27,2097152,3.6437,312.7705
ga,1,La27,4194304,3.6437,667.2230
ga,1,La27,5547569,3.6437,900.0007
ga_sembrado,1,La27,1,24.9798,0.0530
ga_sembrado,1,La27,2,24.9798,0.0530
ga_sembrado,1,La27,4,24.9798,0.0530
ga_sembrado,1,La27,8,24.9798,0.0540
ga_sembrado,1,La27,16,24.9798,0.0540
ga_sembrado,1,La27,32,24.9798,0.0560
ga_sembrado,1,La27,64,24.9798,0.0610
ga_sembrado,1,La27,128,24.9798,0.0680
ga_sembrado,1,La27,256,24.9798,0.0820
ga_sembrado,1,La27,512,24.9798,0.1180
ga_sembrado,1,La27,1024,24.9798,0.2100
ga_sembrado,1,La27,2048,24.9798,0.3610
ga_sembrado,1,La27,4096,25.1012,0.6501
ga_sembrado,1,La27,8192,16.7611,1.2257
ga_sembrado,1,La27,16384,13.4413,2.4792
ga_sembrado,1,La27,32768,12.4696,4.9526
ga_sembrado,1,La27,65536,11.4575,9.8293
ga_sembrado,1,La27,131072,10.8907,19.6952
ga_sembrado,1,La27,262144,8.0567,39.1413
ga_sembrado,1,La27,524288,6.1538,78.6695
ga_sembrado,1,La27,1048576,6.1538,157.6538
ga_sembrado,1,La27,2097152,6.1538,313.4131
ga_sembrado,1,La27,4194304,5.9514,669.9713
ga_sembrado,1,La27,5520077,5.9514,900.0007
regla_bon,1,La27,1,24.9798,0.0090
regla_bon,1,La27,2,17.1660,0.0170
regla_bon,1,La27,4,17.1660,0.0300
regla_bon,1,La27,8,17.1660,0.0610
regla_bon,1,La27,16,13.4413,0.1190
regla_bon,1,La27,32,13.4413,0.2490
regla_bon,1,La27,64,13.6842,0.4761
regla_bon,1,La27,128,13.6842,0.9221
regla_bon,1,La27,256,12.5506,1.7790
regla_bon,1,La27,512,12.1457,3.5136
regla_bon,1,La27,1024,11.3360,6.8815
regla_bon,1,La27,2048,11.3360,13.7047
regla_bon,1,La27,4096,10.3644,27.3552
regla_bon,1,La27,8192,10.0810,54.5599
regla_bon,1,La27,16384,8.7449,110.9309
regla_bon,1,La27,32768,9.3117,220.1710
regla_bon,1,La27,65536,7.0850,445.2755
regla_bon,1,La27,123692,7.0850,900.0007
ga,1,La29,1,109.2014,0.0250
ga,1,La29,2,97.4392,0.0250
ga,1,La29,4,94.4878,0.0250
ga,1,La29,8,89.2361,0.0260
ga,1,La29,16,89.2361,0.0270
ga,1,La29,32,71.3542,0.0280
ga,1,La29,64,71.3542,0.0320
ga,1,La29,128,65.7118,0.0380
ga,1,La29,256,65.0174,0.0520
ga,1,La29,512,61.1545,0.1080
ga,1,La29,1024,56.8576,0.2400
ga,1,La29,2048,47.2656,0.4106
ga,1,La29,4096,32.2483,0.7366
ga,1,La29,8192,27.3438,1.3477
ga,1,La29,16384,16.5799,2.6131
ga,1,La29,32768,15.5816,5.0824
ga,1,La29,65536,12.3264,10.1789
ga,1,La29,131072,11.3715,20.1617
ga,1,La29,262144,10.0260,40.8202
ga,1,La29,524288,9.2014,81.6161
ga,1,La29,1048576,8.8108,161.1686
ga,1,La29,2097152,8.6806,333.7966
ga,1,La29,4194304,8.6806,666.0677
ga,1,La29,5700395,8.6806,900.0003
ga_sembrado,1,La29,1,13.4115,0.0310
ga_sembrado,1,La29,2,13.4115,0.0310
ga_sembrado,1,La29,4,13.4115,0.0310
ga_sembrado,1,La29,8,13.4115,0.0320
ga_sembrado,1,La29,16,13.4115,0.0330
ga_sembrado,1,La29,32,13.4115,0.0350
ga_sembrado,1,La29,64,13.4115,0.0380
ga_sembrado,1,La29,128,13.4115,0.0470
ga_sembrado,1,La29,256,13.4115,0.0620
ga_sembrado,1,La29,512,13.4115,0.1050
ga_sembrado,1,La29,1024,13.4115,0.2320
ga_sembrado,1,La29,2048,13.4115,0.4146
ga_sembrado,1,La29,4096,13.4115,0.7146
ga_sembrado,1,La29,8192,11.2847,1.3607
ga_sembrado,1,La29,16384,10.3299,2.6211
ga_sembrado,1,La29,32768,10.1562,5.1114
ga_sembrado,1,La29,65536,9.4618,10.1989
ga_sembrado,1,La29,131072,8.4635,20.2092
ga_sembrado,1,La29,262144,7.1615,40.9193
ga_sembrado,1,La29,524288,7.1181,81.6201
ga_sembrado,1,La29,1048576,6.9444,161.3752
ga_sembrado,1,La29,2097152,8.0295,333.7386
ga_sembrado,1,La29,4194304,8.0295,666.5939
ga_sembrado,1,La29,5697364,8.0295,900.0003
regla_bon,1,La29,1,13.4115,0.0080
regla_bon,1,La29,2,14.1493,0.0150
regla_bon,1,La29,4,14.1493,0.0290
regla_bon,1,La29,8,14.1493,0.0630
regla_bon,1,La29,16,14.1493,0.1310
regla_bon,1,La29,32,14.1493,0.2510
regla_bon,1,La29,64,14.1493,0.4975
regla_bon,1,La29,128,14.1493,0.9102
regla_bon,1,La29,256,13.3681,1.7579
regla_bon,1,La29,512,11.4583,3.5397
regla_bon,1,La29,1024,11.0243,7.0203
regla_bon,1,La29,2048,11.0243,13.9916
regla_bon,1,La29,4096,11.0243,28.3210
regla_bon,1,La29,8192,11.0243,56.7256
regla_bon,1,La29,16384,11.0243,112.9002
regla_bon,1,La29,32768,11.1979,228.9938
regla_bon,1,La29,65536,9.7222,466.9958
regla_bon,1,La29,127580,9.6788,900.0033
ga,1,La38,1,95.8194,0.0430
ga,1,La38,2,79.1806,0.0430
ga,1,La38,4,79.1806,0.0440
ga,1,La38,8,64.8411,0.0440
ga,1,La38,16,64.8411,0.0460
ga,1,La38,32,63.1271,0.0480
ga,1,La38,64,63.1271,0.0550
ga,1,La38,128,63.1271,0.0650
ga,1,La38,256,63.1271,0.0800
ga,1,La38,512,62.7090,0.1360
ga,1,La38,1024,53.2609,0.2310
ga,1,La38,2048,44.7324,0.4186
ga,1,La38,4096,37.3746,0.7671
ga,1,La38,8192,29.5151,1.4117
ga,1,La38,16384,16.9732,2.8052
ga,1,La38,32768,12.2492,5.5106
ga,1,La38,65536,10.6187,11.1681
ga,1,La38,131072,10.0334,22.3866
ga,1,La38,262144,10.0334,44.8963
ga,1,La38,524288,10.0334,89.7980
ga,1,La38,1048576,10.0334,179.8424
ga,1,La38,2097152,10.0334,371.7231
ga,1,La38,4194304,9.6990,740.0414
ga,1,La38,5132704,9.6990,900.0003
ga_sembrado,1,La38,1,14.9666,0.0290
ga_sembrado,1,La38,2,14.9666,0.0290
ga_sembrado,1,La38,4,14.9666,0.0290
ga_sembrado,1,La38,8,14.9666,0.0290
ga_sembrado,1,La38,16,14.9666,0.0300
ga_sembrado,1,La38,32,14.9666,0.0320
ga_sembrado,1,La38,64,14.9666,0.0360
ga_sembrado,1,La38,128,14.9666,0.0440
ga_sembrado,1,La38,256,14.9666,0.0610
ga_sembrado,1,La38,512,14.9666,0.1080
ga_sembrado,1,La38,1024,14.9666,0.2010
ga_sembrado,1,La38,2048,14.9666,0.3846
ga_sembrado,1,La38,4096,13.6706,0.7071
ga_sembrado,1,La38,8192,10.9950,1.3677
ga_sembrado,1,La38,16384,10.0753,2.7683
ga_sembrado,1,La38,32768,8.7375,5.5056
ga_sembrado,1,La38,65536,8.0686,11.1922
ga_sembrado,1,La38,131072,8.0686,22.4213
ga_sembrado,1,La38,262144,7.5251,44.9494
ga_sembrado,1,La38,524288,7.5251,89.9461
ga_sembrado,1,La38,1048576,7.5251,179.3602
ga_sembrado,1,La38,2097152,7.5251,371.1626
ga_sembrado,1,La38,4194304,7.5251,739.5809
ga_sembrado,1,La38,5132130,7.5251,900.0003
regla_bon,1,La38,1,14.9666,0.0080
regla_bon,1,La38,2,14.9666,0.0140
regla_bon,1,La38,4,14.9666,0.0290
regla_bon,1,La38,8,14.9666,0.0570
regla_bon,1,La38,16,13.1689,0.1090
regla_bon,1,La38,32,13.3361,0.2320
regla_bon,1,La38,64,13.3361,0.4326
regla_bon,1,La38,128,11.8311,0.8342
regla_bon,1,La38,256,11.4548,1.6374
regla_bon,1,La38,512,11.4548,3.2262
regla_bon,1,La38,1024,9.4482,6.3863
regla_bon,1,La38,2048,7.7341,12.8693
regla_bon,1,La38,4096,7.7341,25.9789
regla_bon,1,La38,8192,7.7341,51.8531
regla_bon,1,La38,16384,7.0234,103.2224
regla_bon,1,La38,32768,7.0234,208.5319
regla_bon,1,La38,65536,7.0234,426.0875
regla_bon,1,La38,131072,7.0234,846.3702
regla_bon,1,La38,139619,7.0234,900.0003
ga,1,La40,1,108.8380,0.0250
ga,1,La40,2,98.2815,0.0250
ga,1,La40,4,97.2177,0.0250
ga,1,La40,8,93.7807,0.0250
ga,1,La40,16,81.6285,0.0260
ga,1,La40,32,74.8773,0.0270
ga,1,La40,64,72.6678,0.0300
ga,1,La40,128,62.9296,0.0380
ga,1,La40,256,62.9296,0.0570
ga,1,La40,512,52.7005,0.1080
ga,1,La40,1024,51.7185,0.2020
ga,1,La40,2048,39.4026,0.4261
ga,1,La40,4096,35.8429,0.8152
ga,1,La40,8192,24.9591,1.5268
ga,1,La40,16384,15.2209,2.9624
ga,1,La40,32768,9.6154,5.7461
ga,1,La40,65536,7.9787,11.3845
ga,1,La40,131072,7.8560,22.5191
ga,1,La40,262144,7.8560,45.2269
ga,1,La40,524288,5.7692,89.8832
ga,1,La40,1048576,5.0736,181.9625
ga,1,La40,2097152,5.0736,360.2720
ga,1,La40,4194304,5.0736,735.7957
ga,1,La40,5099611,5.0736,900.0008
regla_bon,1,La40,1,13.2570,0.0070
regla_bon,1,La40,2,13.2570,0.0160
regla_bon,1,La40,4,13.2570,0.0320
regla_bon,1,La40,8,13.2570,0.0570
regla_bon,1,La40,16,12.0704,0.1070
regla_bon,1,La40,32,12.0704,0.2130
regla_bon,1,La40,64,12.8478,0.4781
regla_bon,1,La40,128,12.8478,0.8947
regla_bon,1,La40,256,9.9427,1.7038
regla_bon,1,La40,512,9.9427,3.3091
regla_bon,1,La40,1024,9.9427,6.4332
regla_bon,1,La40,2048,10.0655,12.8219
regla_bon,1,La40,4096,10.0655,25.8539
regla_bon,1,La40,8192,9.4108,51.2998
regla_bon,1,La40,16384,7.4877,102.4771
regla_bon,1,La40,32768,7.4877,207.5172
regla_bon,1,La40,65536,6.5466,410.9782
regla_bon,1,La40,131072,6.5466,844.0039
regla_bon,1,La40,139870,6.5466,900.0023
ga_sembrado,1,La40,1,13.2570,0.0300
ga_sembrado,1,La40,2,13.2570,0.0300
ga_sembrado,1,La40,4,13.2570,0.0300
ga_sembrado,1,La40,8,13.2570,0.0310
ga_sembrado,1,La40,16,13.2570,0.0320
ga_sembrado,1,La40,32,13.2570,0.0330
ga_sembrado,1,La40,64,13.2570,0.0370
ga_sembrado,1,La40,128,13.2570,0.0450
ga_sembrado,1,La40,256,13.2570,0.0590
ga_sembrado,1,La40,512,13.2570,0.1040
ga_sembrado,1,La40,1024,13.2570,0.2015
ga_sembrado,1,La40,2048,13.2570,0.4341
ga_sembrado,1,La40,4096,12.1931,0.8172
ga_sembrado,1,La40,8192,11.4975,1.5228
ga_sembrado,1,La40,16384,10.1882,2.9685
ga_sembrado,1,La40,32768,8.8380,5.7261
ga_sembrado,1,La40,65536,8.0606,11.3525
ga_sembrado,1,La40,131072,7.5696,22.6242
ga_sembrado,1,La40,262144,6.3830,45.3959
ga_sembrado,1,La40,524288,6.0966,90.2677
ga_sembrado,1,La40,1048576,5.9329,182.9921
ga_sembrado,1,La40,2097152,5.3191,361.7156
ga_sembrado,1,La40,4194304,5.1964,737.8343
ga_sembrado,1,La40,5087444,5.1964,900.0003
ga,1,ABZ7,1,125.7622,0.0380
ga,1,ABZ7,2,91.1585,0.0380
ga,1,ABZ7,4,91.1585,0.0390
ga,1,ABZ7,8,84.9848,0.0390
ga,1,ABZ7,16,82.0884,0.0400
ga,1,ABZ7,32,82.0884,0.0430
ga,1,ABZ7,64,82.0884,0.0480
ga,1,ABZ7,128,73.0183,0.0580
ga,1,ABZ7,256,58.3079,0.0810
ga,1,ABZ7,512,58.3079,0.1445
ga,1,ABZ7,1024,53.3537,0.3130
ga,1,ABZ7,2048,53.3537,0.5901
ga,1,ABZ7,4096,42.8354,1.0718
ga,1,ABZ7,8192,34.8323,1.9999
ga,1,ABZ7,16384,26.2195,3.8297
ga,1,ABZ7,32768,13.7195,7.4654
ga,1,ABZ7,65536,10.6707,14.8874
ga,1,ABZ7,131072,9.1463,30.0737
ga,1,ABZ7,262144,9.1463,59.5705
ga,1,ABZ7,524288,9.1463,119.0229
ga,1,ABZ7,1048576,9.1463,240.2364
ga,1,ABZ7,2097152,9.1463,478.6449
ga,1,ABZ7,3852099,9.1463,900.0003
ga_sembrado,1,ABZ7,1,19.6646,0.0390
ga_sembrado,1,ABZ7,2,19.6646,0.0390
ga_sembrado,1,ABZ7,4,19.6646,0.0390
ga_sembrado,1,ABZ7,8,19.6646,0.0400
ga_sembrado,1,ABZ7,16,19.6646,0.0410
ga_sembrado,1,ABZ7,32,19.6646,0.0440
ga_sembrado,1,ABZ7,64,19.6646,0.0490
ga_sembrado,1,ABZ7,128,19.6646,0.0590
ga_sembrado,1,ABZ7,256,19.6646,0.0805
ga_sembrado,1,ABZ7,512,19.6646,0.1450
ga_sembrado,1,ABZ7,1024,19.6646,0.3081
ga_sembrado,1,ABZ7,2048,19.6646,0.5791
ga_sembrado,1,ABZ7,4096,19.6646,1.0358
ga_sembrado,1,ABZ7,8192,15.3201,1.9789
ga_sembrado,1,ABZ7,16384,13.6433,3.8272
ga_sembrado,1,ABZ7,32768,12.5762,7.4794
ga_sembrado,1,ABZ7,65536,10.7470,14.8884
ga_sembrado,1,ABZ7,131072,8.9939,30.1658
ga_sembrado,1,ABZ7,262144,8.2317,59.7393
ga_sembrado,1,ABZ7,524288,7.3933,119.3125
ga_sembrado,1,ABZ7,1048576,7.3933,240.6371
ga_sembrado,1,ABZ7,2097152,7.3171,479.7321
ga_sembrado,1,ABZ7,3841133,7.3171,900.0004
regla_bon,1,ABZ7,1,19.6646,0.0120
regla_bon,1,ABZ7,2,19.6646,0.0250
regla_bon,1,ABZ7,4,19.6646,0.0515
regla_bon,1,ABZ7,8,15.7012,0.1020
regla_bon,1,ABZ7,16,15.9299,0.2310
regla_bon,1,ABZ7,32,14.3293,0.4191
regla_bon,1,ABZ7,64,14.3293,0.7637
regla_bon,1,ABZ7,128,12.9573,1.4588
regla_bon,1,ABZ7,256,12.5000,2.8109
regla_bon,1,ABZ7,512,12.7287,5.5011
regla_bon,1,ABZ7,1024,11.6616,10.9124
regla_bon,1,ABZ7,2048,11.7378,21.6410
regla_bon,1,ABZ7,4096,10.3659,43.5910
regla_bon,1,ABZ7,8192,8.6890,86.6704
regla_bon,1,ABZ7,16384,8.6890,175.6406
regla_bon,1,ABZ7,32768,8.6890,347.6910
regla_bon,1,ABZ7,65536,8.6890,705.4637
regla_bon,1,ABZ7,82774,8.6890,900.0094
ga,1,ABZ8,1,142.7907,0.0335
ga,1,ABZ8,2,123.2558,0.0345
ga,1,ABZ8,4,110.3101,0.0345
ga,1,ABZ8,8,79.0698,0.0345
ga,1,ABZ8,16,79.0698,0.0355
ga,1,ABZ8,32,79.0698,0.0375
ga,1,ABZ8,64,79.0698,0.0425
ga,1,ABZ8,128,79.0698,0.0505
ga,1,ABZ8,256,76.5891,0.0655
ga,1,ABZ8,512,73.5659,0.1256
ga,1,ABZ8,1024,70.0775,0.2466
ga,1,ABZ8,2048,62.5581,0.5036
ga,1,ABZ8,4096,56.7442,0.9592
ga,1,ABZ8,8192,44.8062,1.8495
ga,1,ABZ8,16384,32.9457,3.7410
ga,1,ABZ8,32768,20.9302,7.2725
ga,1,ABZ8,65536,16.7442,14.4638
ga,1,ABZ8,131072,16.1240,28.8485
ga,1,ABZ8,262144,14.7287,57.2819
ga,1,ABZ8,524288,13.3333,120.2463
ga,1,ABZ8,1048576,13.3333,245.6893
ga,1,ABZ8,2097152,11.4729,496.8618
ga,1,ABZ8,3791969,11.4729,900.0050
regla_bon,1,ABZ8,1,24.7287,0.0130
regla_bon,1,ABZ8,2,24.6512,0.0240
regla_bon,1,ABZ8,4,22.0930,0.0460
regla_bon,1,ABZ8,8,22.0930,0.0910
regla_bon,1,ABZ8,16,22.0930,0.1800
regla_bon,1,ABZ8,32,22.0930,0.3760
regla_bon,1,ABZ8,64,22.0930,0.7257
regla_bon,1,ABZ8,128,20.6202,1.3818
regla_bon,1,ABZ8,256,20.6977,2.6877
regla_bon,1,ABZ8,512,17.6744,5.4499
regla_bon,1,ABZ8,1024,17.6744,10.7669
regla_bon,1,ABZ8,2048,17.6744,21.2846
regla_bon,1,ABZ8,4096,17.6744,42.7268
regla_bon,1,ABZ8,8192,17.6744,87.2406
regla_bon,1,ABZ8,16384,17.6744,181.1096
regla_bon,1,ABZ8,32768,16.5891,366.7123
regla_bon,1,ABZ8,65536,16.5891,733.0731
regla_bon,1,ABZ8,79786,16.5891,900.0075
ga_sembrado,1,ABZ8,1,24.7287,0.0380
ga_sembrado,1,ABZ8,2,24.7287,0.0390
ga_sembrado,1,ABZ8,4,24.7287,0.0390
ga_sembrado,1,ABZ8,8,24.7287,0.0400
ga_sembrado,1,ABZ8,16,24.7287,0.0410
ga_sembrado,1,ABZ8,32,24.7287,0.0430
ga_sembrado,1,ABZ8,64,24.7287,0.0480
ga_sembrado,1,ABZ8,128,24.7287,0.0580
ga_sembrado,1,ABZ8,256,24.7287,0.0790
ga_sembrado,1,ABZ8,512,24.7287,0.1311
ga_sembrado,1,ABZ8,1024,24.7287,0.2530
ga_sembrado,1,ABZ8,2048,24.7287,0.5031
ga_sembrado,1,ABZ8,4096,24.7287,0.9627
ga_sembrado,1,ABZ8,8192,21.5504,1.8640
ga_sembrado,1,ABZ8,16384,21.4729,3.7810
ga_sembrado,1,ABZ8,32768,19.6124,7.3410
ga_sembrado,1,ABZ8,65536,17.8295,14.4003
ga_sembrado,1,ABZ8,131072,17.3643,28.6610
ga_sembrado,1,ABZ8,262144,17.2868,57.4255
ga_sembrado,1,ABZ8,524288,17.2868,120.5303
ga_sembrado,1,ABZ8,1048576,17.1318,246.2128
ga_sembrado,1,ABZ8,2097152,17.1318,497.4526
ga_sembrado,1,ABZ8,3790023,16.4341,900.0005
ga,1,ABZ9,1,118.0787,0.0290
ga,1,ABZ9,2,111.6490,0.0290
ga,1,ABZ9,4,107.4130,0.0290
ga,1,ABZ9,8,65.9607,0.0290
ga,1,ABZ9,16,65.9607,0.0300
ga,1,ABZ9,32,65.9607,0.0320
ga,1,ABZ9,64,65.9607,0.0360
ga,1,ABZ9,128,65.9607,0.0445
ga,1,ABZ9,256,65.9607,0.0640
ga,1,ABZ9,512,65.9607,0.1180
ga,1,ABZ9,1024,57.1104,0.2300
ga,1,ABZ9,2048,57.2617,0.4901
ga,1,ABZ9,4096,54.6142,0.9587
ga,1,ABZ9,8192,43.1165,1.8300
ga,1,ABZ9,16384,32.7534,3.7490
ga,1,ABZ9,32768,23.1467,7.4400
ga,1,ABZ9,65536,19.5915,14.6203
ga,1,ABZ9,131072,16.7927,29.1852
ga,1,ABZ9,262144,14.3722,57.8341
ga,1,ABZ9,524288,14.3722,121.4785
ga,1,ABZ9,1048576,13.7670,247.9118
ga,1,ABZ9,2097152,13.2375,500.4484
ga,1,ABZ9,3766389,13.2375,900.0005
ga_sembrado,1,ABZ9,1,33.3585,0.0380
ga_sembrado,1,ABZ9,2,33.3585,0.0380
ga_sembrado,1,ABZ9,4,33.3585,0.0390
ga_sembrado,1,ABZ9,8,33.3585,0.0390
ga_sembrado,1,ABZ9,16,33.3585,0.0400
ga_sembrado,1,ABZ9,32,33.3585,0.0440
ga_sembrado,1,ABZ9,64,33.3585,0.0490
ga_sembrado,1,ABZ9,128,33.3585,0.0590
ga_sembrado,1,ABZ9,256,33.3585,0.0790
ga_sembrado,1,ABZ9,512,33.3585,0.1380
ga_sembrado,1,ABZ9,1024,33.3585,0.2760
ga_sembrado,1,ABZ9,2048,33.3585,0.5306
ga_sembrado,1,ABZ9,4096,31.2405,0.9767
ga_sembrado,1,ABZ9,8192,29.0469,1.8525
ga_sembrado,1,ABZ9,16384,25.8699,3.7480
ga_sembrado,1,ABZ9,32768,23.2980,7.3180
ga_sembrado,1,ABZ9,65536,19.8185,14.5673
ga_sembrado,1,ABZ9,131072,15.2799,29.0787
ga_sembrado,1,ABZ9,262144,14.1452,57.8046
ga_sembrado,1,ABZ9,524288,13.9939,121.5560
ga_sembrado,1,ABZ9,1048576,12.9349,248.4156
ga_sembrado,1,ABZ9,2097152,12.9349,501.5016
ga_sembrado,1,ABZ9,3757621,12.9349,900.0004
regla_bon,1,ABZ9,1,33.3585,0.0100
regla_bon,1,ABZ9,2,32.0726,0.0230
regla_bon,1,ABZ9,4,26.9289,0.0460
regla_bon,1,ABZ9,8,26.9289,0.0900
regla_bon,1,ABZ9,16,26.9289,0.1800
regla_bon,1,ABZ9,32,25.2648,0.3631
regla_bon,1,ABZ9,64,25.2648,0.7016
regla_bon,1,ABZ9,128,24.3570,1.3108
regla_bon,1,ABZ9,256,24.3570,2.6672
regla_bon,1,ABZ9,512,22.0877,5.3499
regla_bon,1,ABZ9,1024,22.0877,10.5719
regla_bon,1,ABZ9,2048,22.0877,21.0056
regla_bon,1,ABZ9,4096,20.9531,42.2492
regla_bon,1,ABZ9,8192,20.9531,86.1967
regla_bon,1,ABZ9,16384,20.9531,178.7468
regla_bon,1,ABZ9,32768,20.9531,362.4403
regla_bon,1,ABZ9,65536,19.5159,724.9576
regla_bon,1,ABZ9,80693,19.5159,900.0044
ga,2,FT10,1,82.9032,0.0140
ga,2,FT10,2,78.7097,0.0140
ga,2,FT10,4,71.1828,0.0140
ga,2,FT10,8,71.1828,0.0140
ga,2,FT10,16,55.5914,0.0150
ga,2,FT10,32,56.2903,0.0160
ga,2,FT10,64,46.6667,0.0180
ga,2,FT10,128,46.6667,0.0210
ga,2,FT10,256,44.5699,0.0320
ga,2,FT10,512,34.6237,0.0620
ga,2,FT10,1024,32.4731,0.1170
ga,2,FT10,2048,32.4731,0.2160
ga,2,FT10,4096,21.1828,0.4156
ga,2,FT10,8192,15.0000,0.9512
ga,2,FT10,16384,10.9140,1.8454
ga,2,FT10,32768,9.4624,3.4012
ga,2,FT10,65536,4.4086,6.8631
ga,2,FT10,131072,3.0108,14.8232
ga,2,FT10,262144,3.0108,29.7659
ga,2,FT10,524288,2.5269,64.1034
ga,2,FT10,1048576,0.9677,110.9236
ga,2,FT10,2097152,0.9677,217.0203
ga,2,FT10,4194304,0.9677,421.2823
ga,2,FT10,8388608,0.9677,785.6345
ga,2,FT10,9571740,0.9677,900.0009
regla_bon,2,FT10,1,20.3763,0.0050
regla_bon,2,FT10,2,20.3763,0.0070
regla_bon,2,FT10,4,20.3763,0.0110
regla_bon,2,FT10,8,16.1290,0.0240
regla_bon,2,FT10,16,12.7957,0.0440
regla_bon,2,FT10,32,12.0968,0.0860
regla_bon,2,FT10,64,8.9785,0.1640
regla_bon,2,FT10,128,7.9570,0.3126
regla_bon,2,FT10,256,7.0430,0.6392
regla_bon,2,FT10,512,7.0430,1.4178
regla_bon,2,FT10,1024,6.2903,2.6980
regla_bon,2,FT10,2048,3.8710,5.5074
regla_bon,2,FT10,4096,3.8710,11.3476
regla_bon,2,FT10,8192,3.8710,23.1513
regla_bon,2,FT10,16384,3.8710,48.2703
regla_bon,2,FT10,32768,3.8710,89.4019
regla_bon,2,FT10,65536,3.4409,169.4612
regla_bon,2,FT10,131072,3.4409,333.0791
regla_bon,2,FT10,262144,3.8172,636.6444
regla_bon,2,FT10,377623,3.8172,900.0009
ga_sembrado,2,FT10,1,20.3763,0.0140
ga_sembrado,2,FT10,2,20.3763,0.0140
ga_sembrado,2,FT10,4,20.3763,0.0140
ga_sembrado,2,FT10,8,20.3763,0.0140
ga_sembrado,2,FT10,16,20.3763,0.0140
ga_sembrado,2,FT10,32,20.3763,0.0160
ga_sembrado,2,FT10,64,20.3763,0.0170
ga_sembrado,2,FT10,128,20.3763,0.0230
ga_sembrado,2,FT10,256,20.3763,0.0300
ga_sembrado,2,FT10,512,20.3763,0.0530
ga_sembrado,2,FT10,1024,20.3763,0.1040
ga_sembrado,2,FT10,2048,20.3763,0.1970
ga_sembrado,2,FT10,4096,13.2796,0.3836
ga_sembrado,2,FT10,8192,6.6667,0.9042
ga_sembrado,2,FT10,16384,2.6882,1.8109
ga_sembrado,2,FT10,32768,2.0430,3.3562
ga_sembrado,2,FT10,65536,2.0430,6.8071
ga_sembrado,2,FT10,131072,2.0430,15.2238
ga_sembrado,2,FT10,262144,2.0430,30.8613
ga_sembrado,2,FT10,524288,2.0430,64.2734
ga_sembrado,2,FT10,1048576,1.7204,110.9427
ga_sembrado,2,FT10,2097152,1.7204,216.5472
ga_sembrado,2,FT10,4194304,1.7204,419.9869
ga_sembrado,2,FT10,8388608,1.7204,784.1612
ga_sembrado,2,FT10,9582812,1.7204,900.0009
ga,2,FT20,1,78.8841,0.0140
ga,2,FT20,2,70.0429,0.0140
ga,2,FT20,4,70.0429,0.0140
ga,2,FT20,8,62.1888,0.0140
ga,2,FT20,16,62.1888,0.0150
ga,2,FT20,32,62.1888,0.0150
ga,2,FT20,64,49.1845,0.0180
ga,2,FT20,128,47.7253,0.0220
ga,2,FT20,256,47.7253,0.0320
ga,2,FT20,512,41.3734,0.0600
ga,2,FT20,1024,32.5322,0.1180
ga,2,FT20,2048,29.8712,0.2170
ga,2,FT20,4096,17.4678,0.4246
ga,2,FT20,8192,12.5322,0.9587
ga,2,FT20,16384,4.7639,1.8769
ga,2,FT20,32768,2.0172,3.4422
ga,2,FT20,65536,1.2876,7.0131
ga,2,FT20,131072,1.2876,15.8008
ga,2,FT20,262144,1.2876,32.0653
ga,2,FT20,524288,1.2876,64.6165
ga,2,FT20,1048576,1.2876,111.8899
ga,2,FT20,2097152,1.2876,219.7394
ga,2,FT20,4194304,1.2876,428.6937
ga,2,FT20,8388608,1.2876,794.0458
ga,2,FT20,9453959,1.2876,900.0009
ga_sembrado,2,FT20,1,13.2189,0.0140
ga_sembrado,2,FT20,2,13.2189,0.0140
ga_sembrado,2,FT20,4,13.2189,0.0150
ga_sembrado,2,FT20,8,13.2189,0.0150
ga_sembrado,2,FT20,16,13.2189,0.0150
ga_sembrado,2,FT20,32,13.2189,0.0160
ga_sembrado,2,FT20,64,13.2189,0.0190
ga_sembrado,2,FT20,128,13.2189,0.0250
ga_sembrado,2,FT20,256,13.2189,0.0340
ga_sembrado,2,FT20,512,13.2189,0.0570
ga_sembrado,2,FT20,1024,13.2189,0.1020
ga_sembrado,2,FT20,2048,13.2189,0.1966
ga_sembrado,2,FT20,4096,13.2189,0.4356
ga_sembrado,2,FT20,8192,11.9742,0.9487
ga_sembrado,2,FT20,16384,11.9313,1.8089
ga_sembrado,2,FT20,32768,9.2275,3.4238
ga_sembrado,2,FT20,65536,8.2403,6.9662
ga_sembrado,2,FT20,131072,7.6395,15.7168
ga_sembrado,2,FT20,262144,7.6395,30.8988
ga_sembrado,2,FT20,524288,6.1373,63.7188
ga_sembrado,2,FT20,1048576,2.5751,111.2198
ga_sembrado,2,FT20,2097152,2.5751,218.3271
ga_sembrado,2,FT20,4194304,2.5751,427.6060
ga_sembrado,2,FT20,8388608,2.5751,792.7791
ga_sembrado,2,FT20,9464649,2.5751,900.0008
regla_bon,2,FT20,1,13.2189,0.0030
regla_bon,2,FT20,2,13.2189,0.0090
regla_bon,2,FT20,4,13.2189,0.0160
regla_bon,2,FT20,8,13.2189,0.0320
regla_bon,2,FT20,16,12.0172,0.0590
regla_bon,2,FT20,32,12.0172,0.1090
regla_bon,2,FT20,64,10.9871,0.2256
regla_bon,2,FT20,128,10.9871,0.4742
regla_bon,2,FT20,256,10.9871,1.0407
regla_bon,2,FT20,512,10.9871,2.0374
regla_bon,2,FT20,1024,8.7124,3.8963
regla_bon,2,FT20,2048,8.1974,7.8939
regla_bon,2,FT20,4096,8.1974,17.4019
regla_bon,2,FT20,8192,7.8970,37.9185
regla_bon,2,FT20,16384,7.1245,70.1428
regla_bon,2,FT20,32768,6.3519,125.0055
regla_bon,2,FT20,65536,6.3519,248.7102
regla_bon,2,FT20,131072,6.2661,481.9314
regla_bon,2,FT20,259174,6.1803,900.0029
ga,2,La21,1,92.8298,0.0200
ga,2,La21,2,74.7132,0.0200
ga,2,La21,4,74.7132,0.0200
ga,2,La21,8,54.4933,0.0200
ga,2,La21,16,54.4933,0.0210
ga,2,La21,32,54.4933,0.0220
ga,2,La21,64,52.6291,0.0250
ga,2,La21,128,52.6291,0.0310
ga,2,La21,256,52.6291,0.0430
ga,2,La21,512,48.1836,0.0760
ga,2,La21,1024,44.4551,0.1459
ga,2,La21,2048,33.5564,0.2910
ga,2,La21,4096,26.3862,0.5551
ga,2,La21,8192,21.9885,1.2586
ga,2,La21,16384,13.4321,2.4233
ga,2,La21,32768,11.0899,4.8155
ga,2,La21,65536,10.0860,8.9836
ga,2,La21,131072,8.4130,17.2047
ga,2,La21,262144,8.4130,33.8668
ga,2,La21,524288,8.4130,68.3523
ga,2,La21,1048576,8.4130,139.8570
ga,2,La21,2097152,8.4130,281.3741
ga,2,La21,4194304,8.4130,546.7608
ga,2,La21,7262789,8.4130,900.0000
regla_bon,2,La21,1,15.0096,0.0050
regla_bon,2,La21,2,15.0096,0.0090
regla_bon,2,La21,4,13.8145,0.0180
regla_bon,2,La21,8,10.6119,0.0380
regla_bon,2,La21,16,10.6119,0.0726
regla_bon,2,La21,32,10.6119,0.1430
regla_bon,2,La21,64,11.1377,0.2810
regla_bon,2,La21,128,11.8069,0.5866
regla_bon,2,La21,256,11.8069,1.3931
regla_bon,2,La21,512,11.8069,2.6194
regla_bon,2,La21,1024,11.5679,5.1230
regla_bon,2,La21,2048,11.5679,9.6062
regla_bon,2,La21,4096,11.5679,18.5771
regla_bon,2,La21,8192,10.1816,36.6683
regla_bon,2,La21,16384,10.1816,74.1627
regla_bon,2,La21,32768,9.3212,151.5648
regla_bon,2,La21,65536,7.9828,306.9192
regla_bon,2,La21,131072,7.9828,586.7649
regla_bon,2,La21,208838,7.0746,900.0030
ga_sembrado,2,La21,1,15.0096,0.0150
ga_sembrado,2,La21,2,15.0096,0.0150
ga_sembrado,2,La21,4,15.0096,0.0150
ga_sembrado,2,La21,8,15.0096,0.0160
ga_sembrado,2,La21,16,15.0096,0.0170
ga_sembrado,2,La21,32,15.0096,0.0190
ga_sembrado,2,La21,64,15.0096,0.0210
ga_sembrado,2,La21,128,15.0096,0.0270
ga_sembrado,2,La21,256,15.0096,0.0375
ga_sembrado,2,La21,512,15.0096,0.0696
ga_sembrado,2,La21,1024,15.0096,0.1450
ga_sembrado,2,La21,2048,15.0096,0.2820
ga_sembrado,2,La21,4096,15.4876,0.5516
ga_sembrado,2,La21,8192,12.1415,1.2666
ga_sembrado,2,La21,16384,9.6558,2.3963
ga_sembrado,2,La21,32768,8.8910,4.7695
ga_sembrado,2,La21,65536,7.5526,8.9831
ga_sembrado,2,La21,131072,4.6367,17.2152
ga_sembrado,2,La21,262144,3.5373,33.9733
ga_sembrado,2,La21,524288,3.5373,68.6354
ga_sembrado,2,La21,1048576,3.5373,140.0750
ga_sembrado,2,La21,2097152,3.5373,282.0753
ga_sembrado,2,La21,4194304,3.5373,547.9572
ga_sembrado,2,La21,7223648,3.5373,900.0000
ga,2,La24,1,105.3476,0.0210
ga,2,La24,2,97.9679,0.0210
ga,2,La24,4,67.9144,0.0220
ga,2,La24,8,66.6310,0.0220
ga,2,La24,16,66.6310,0.0220
ga,2,La24,32,62.0321,0.0240
ga,2,La24,64,62.0321,0.0265
ga,2,La24,128,52.6203,0.0315
ga,2,La24,256,52.6203,0.0405
ga,2,La24,512,52.6203,0.0728
ga,2,La24,1024,39.1979,0.1450
ga,2,La24,2048,39.1979,0.2760
ga,2,La24,4096,30.6952,0.5546
ga,2,La24,8192,18.6096,1.2726
ga,2,La24,16384,12.6203,2.3863
ga,2,La24,32768,9.7326,4.7615
ga,2,La24,65536,8.1283,8.9511
ga,2,La24,131072,6.5241,17.1207
ga,2,La24,262144,4.6524,33.8793
ga,2,La24,524288,4.6524,68.3603
ga,2,La24,1048576,4.6524,140.0851
ga,2,La24,2097152,4.6524,281.8753
ga,2,La24,4194304,4.4385,547.3270
ga,2,La24,7233126,4.4385,900.0010
ga_sembrado,2,La24,1,10.1070,0.0176
ga_sembrado,2,La24,2,10.1070,0.0176
ga_sembrado,2,La24,4,10.1070,0.0181
ga_sembrado,2,La24,8,10.1070,0.0201
ga_sembrado,2,La24,16,10.1070,0.0221
ga_sembrado,2,La24,32,10.1070,0.0241
ga_sembrado,2,La24,64,10.1070,0.0271
ga_sembrado,2,La24,128,10.1070,0.0321
ga_sembrado,2,La24,256,10.1070,0.0441
ga_sembrado,2,La24,512,10.1070,0.0761
ga_sembrado,2,La24,1024,10.1070,0.1441
ga_sembrado,2,La24,2048,10.1070,0.2771
ga_sembrado,2,La24,4096,10.1070,0.5797
ga_sembrado,2,La24,8192,9.8396,1.3032
ga_sembrado,2,La24,16384,9.3048,2.4289
ga_sembrado,2,La24,32768,7.7005,4.8036
ga_sembrado,2,La24,65536,6.9519,8.9872
ga_sembrado,2,La24,131072,4.7594,17.2464
ga_sembrado,2,La24,262144,3.5829,34.1311
ga_sembrado,2,La24,524288,3.2086,68.8015
ga_sembrado,2,La24,1048576,2.6738,140.6392
ga_sembrado,2,La24,2097152,2.6738,282.4346
ga_sembrado,2,La24,4194304,2.6738,548.7630
ga_sembrado,2,La24,7215830,2.6738,900.0001
regla_bon,2,La24,1,10.1070,0.0040
regla_bon,2,La24,2,10.1070,0.0091
regla_bon,2,La24,4,9.1444,0.0191
regla_bon,2,La24,8,9.1444,0.0360
regla_bon,2,La24,16,9.1444,0.0731
regla_bon,2,La24,32,9.1444,0.1500
regla_bon,2,La24,64,7.8075,0.2881
regla_bon,2,La24,128,7.8075,0.6186
regla_bon,2,La24,256,7.8075,1.3877
regla_bon,2,La24,512,7.8075,2.6014
regla_bon,2,La24,1024,7.3797,5.1056
regla_bon,2,La24,2048,7.3797,9.5957
regla_bon,2,La24,4096,6.4706,18.6471
regla_bon,2,La24,8192,6.4706,36.7289
regla_bon,2,La24,16384,6.4706,74.6130
regla_bon,2,La24,32768,6.7914,152.5332
regla_bon,2,La24,65536,6.7914,309.5896
regla_bon,2,La24,131072,5.4011,589.3250
regla_bon,2,La24,207454,5.7219,900.0030
ga,2,La25,1,82.3951,0.0160
ga,2,La25,2,82.3951,0.0160
ga,2,La25,4,82.3951,0.0160
ga,2,La25,8,77.8915,0.0160
ga,2,La25,16,60.3889,0.0170
ga,2,La25,32,60.3889,0.0170
ga,2,La25,64,60.3889,0.0190
ga,2,La25,128,60.3889,0.0230
ga,2,La25,256,55.6807,0.0310
ga,2,La25,512,51.0235,0.0600
ga,2,La25,1024,48.0041,0.1180
ga,2,La25,2048,35.7216,0.2300
ga,2,La25,4096,28.9150,0.4480
ga,2,La25,8192,19.5496,0.9781
ga,2,La25,16384,7.7789,1.9503
ga,2,La25,32768,6.8577,3.9214
ga,2,La25,65536,6.8577,7.6994
ga,2,La25,131072,4.7083,15.1618
ga,2,La25,262144,4.7083,29.7211
ga,2,La25,524288,4.7083,59.5998
ga,2,La25,1048576,3.0706,118.8401
ga,2,La25,2097152,2.8659,238.8018
ga,2,La25,4194304,2.8147,476.3547
ga,2,La25,7888922,2.8147,900.0004
regla_bon,2,La25,1,11.8219,0.0040
regla_bon,2,La25,2,11.8219,0.0070
regla_bon,2,La25,4,11.8219,0.0140
regla_bon,2,La25,8,11.8219,0.0310
regla_bon,2,La25,16,11.8219,0.0640
regla_bon,2,La25,32,10.0819,0.1290
regla_bon,2,La25,64,10.5425,0.2610
regla_bon,2,La25,128,9.3654,0.5161
regla_bon,2,La25,256,9.4166,1.1451
regla_bon,2,La25,512,6.6018,2.1424
regla_bon,2,La25,1024,6.6018,4.2303
regla_bon,2,La25,2048,6.6018,8.3420
regla_bon,2,La25,4096,6.6018,16.5435
regla_bon,2,La25,8192,6.6018,32.7255
regla_bon,2,La25,16384,5.9365,65.1732
regla_bon,2,La25,32768,6.3971,129.3802
regla_bon,2,La25,65536,4.7083,258.7709
regla_bon,2,La25,131072,4.7083,514.2674
regla_bon,2,La25,228230,4.7083,900.0015
ga_sembrado,2,La25,1,11.8219,0.0190
ga_sembrado,2,La25,2,11.8219,0.0190
ga_sembrado,2,La25,4,11.8219,0.0190
ga_sembrado,2,La25,8,11.8219,0.0190
ga_sembrado,2,La25,16,11.8219,0.0200
ga_sembrado,2,La25,32,11.8219,0.0210
ga_sembrado,2,La25,64,11.8219,0.0240
ga_sembrado,2,La25,128,11.8219,0.0290
ga_sembrado,2,La25,256,11.8219,0.0410
ga_sembrado,2,La25,512,11.8219,0.0730
ga_sembrado,2,La25,1024,11.8219,0.1380
ga_sembrado,2,La25,2048,11.8219,0.2660
ga_sembrado,2,La25,4096,11.8219,0.5131
ga_sembrado,2,La25,8192,10.1842,1.0771
ga_sembrado,2,La25,16384,9.9795,2.0273
ga_sembrado,2,La25,32768,8.9048,3.9224
ga_sembrado,2,La25,65536,7.4207,7.6024
ga_sembrado,2,La25,131072,7.4207,15.1138
ga_sembrado,2,La25,262144,7.4207,30.0352
ga_sembrado,2,La25,524288,7.4207,59.9449
ga_sembrado,2,La25,1048576,7.4207,119.9424
ga_sembrado,2,La25,2097152,5.5271,240.5772
ga_sembrado,2,La25,4194304,5.5271,478.8699
ga_sembrado,2,La25,7859507,5.5271,900.0005
ga,2,La27,1,75.9514,0.0170
ga,2,La27,2,75.9514,0.0170
ga,2,La27,4,75.9514,0.0170
ga,2,La27,8,75.9514,0.0170
ga,2,La27,16,75.9514,0.0180
ga,2,La27,32,69.3117,0.0190
ga,2,La27,64,69.3117,0.0210
ga,2,La27,128,70.5263,0.0260
ga,2,La27,256,57.3279,0.0360
ga,2,La27,512,56.3968,0.0660
ga,2,La27,1024,53.3603,0.1280
ga,2,La27,2048,46.8016,0.2660
ga,2,La27,4096,37.0040,0.5611
ga,2,La27,8192,28.7449,1.2681
ga,2,La27,16384,18.8664,2.4615
ga,2,La27,32768,11.8219,4.9380
ga,2,La27,65536,9.3927,9.7692
ga,2,La27,131072,9.3117,19.3144
ga,2,La27,262144,9.3117,38.3003
ga,2,La27,524288,9.3117,77.1486
ga,2,La27,1048576,9.3117,153.5662
ga,2,La27,2097152,9.3117,306.8562
ga,2,La27,4194304,7.6923,610.6511
ga,2,La27,6144156,7.6923,900.0005
ga_sembrado,2,La27,1,24.9798,0.0240
ga_sembrado,2,La27,2,24.9798,0.0240
ga_sembrado,2,La27,4,24.9798,0.0250
ga_sembrado,2,La27,8,24.9798,0.0250
ga_sembrado,2,La27,16,24.9798,0.0260
ga_sembrado,2,La27,32,24.9798,0.0280
ga_sembrado,2,La27,64,24.9798,0.0310
ga_sembrado,2,La27,128,24.9798,0.0370
ga_sembrado,2,La27,256,24.9798,0.0510
ga_sembrado,2,La27,512,24.9798,0.0880
ga_sembrado,2,La27,1024,24.9798,0.1590
ga_sembrado,2,La27,2048,24.9798,0.3121
ga_sembrado,2,La27,4096,24.9798,0.6429
ga_sembrado,2,La27,8192,19.3927,1.3282
ga_sembrado,2,La27,16384,15.2632,2.5656
ga_sembrado,2,La27,32768,11.1336,5.0172
ga_sembrado,2,La27,65536,10.3239,9.7558
ga_sembrado,2,La27,131072,7.9352,19.3704
ga_sembrado,2,La27,262144,7.0850,38.2333
ga_sembrado,2,La27,524288,6.1943,76.9506
ga_sembrado,2,La27,1048576,6.1943,152.9951
ga_sembrado,2,La27,2097152,6.1943,306.5066
ga_sembrado,2,La27,4194304,6.1943,610.7711
ga_sembrado,2,La27,6137173,6.1943,900.0005
regla_bon,2,La27,1,24.9798,0.0060
regla_bon,2,La27,2,23.3198,0.0120
regla_bon,2,La27,4,16.4372,0.0250
regla_bon,2,La27,8,16.7206,0.0510
regla_bon,2,La27,16,13.7652,0.1020
regla_bon,2,La27,32,12.1457,0.2070
regla_bon,2,La27,64,12.1457,0.3981
regla_bon,2,La27,128,12.5506,0.9161
regla_bon,2,La27,256,11.4575,1.7643
regla_bon,2,La27,512,11.4575,3.4824
regla_bon,2,La27,1024,11.2551,6.8146
regla_bon,2,La27,2048,8.9069,13.5460
regla_bon,2,La27,4096,8.9069,26.8599
regla_bon,2,La27,8192,8.5020,53.6536
regla_bon,2,La27,16384,8.5020,107.4667
regla_bon,2,La27,32768,8.5020,216.9041
regla_bon,2,La27,65536,8.5020,430.6403
regla_bon,2,La27,131072,8.5020,865.2051
regla_bon,2,La27,136472,8.5020,900.0045
ga,2,La29,1,96.1806,0.0215
ga,2,La29,2,96.1806,0.0215
ga,2,La29,4,78.4722,0.0215
ga,2,La29,8,68.2292,0.0220
ga,2,La29,16,68.2292,0.0220
ga,2,La29,32,68.2292,0.0230
ga,2,La29,64,68.2292,0.0260
ga,2,La29,128,68.2292,0.0300
ga,2,La29,256,63.8889,0.0400
ga,2,La29,512,57.8125,0.0750
ga,2,La29,1024,57.8125,0.1440
ga,2,La29,2048,50.6076,0.2825
ga,2,La29,4096,42.6649,0.5741
ga,2,La29,8192,33.4201,1.2473
ga,2,La29,16384,22.9167,2.4110
ga,2,La29,32768,14.9740,4.8252
ga,2,La29,65536,12.1094,9.5154
ga,2,La29,131072,10.4601,19.0518
ga,2,La29,262144,10.2431,37.6777
ga,2,La29,524288,8.1163,76.0907
ga,2,La29,1048576,7.9861,151.5348
ga,2,La29,2097152,7.8125,302.8096
ga,2,La29,4194304,7.8125,606.0107
ga,2,La29,6172915,7.8125,900.0005
regla_bon,2,La29,1,13.4115,0.0080
regla_bon,2,La29,2,13.4115,0.0150
regla_bon,2,La29,4,13.4115,0.0290
regla_bon,2,La29,8,13.4115,0.0570
regla_bon,2,La29,16,13.4115,0.1140
regla_bon,2,La29,32,13.4115,0.2230
regla_bon,2,La29,64,13.4115,0.4100
regla_bon,2,La29,128,14.4965,0.8392
regla_bon,2,La29,256,13.4549,1.7099
regla_bon,2,La29,512,13.4549,3.4067
regla_bon,2,La29,1024,12.2396,6.7555
regla_bon,2,La29,2048,11.2847,13.6173
regla_bon,2,La29,4096,11.2847,26.8528
regla_bon,2,La29,8192,10.9809,53.3700
regla_bon,2,La29,16384,10.9809,107.1784
regla_bon,2,La29,32768,10.0694,213.5691
regla_bon,2,La29,65536,10.3733,427.1462
regla_bon,2,La29,131072,10.3733,861.3070
regla_bon,2,La29,136953,10.3733,900.0054
ga_sembrado,2,La29,1,13.4115,0.0200
ga_sembrado,2,La29,2,13.4115,0.0200
ga_sembrado,2,La29,4,13.4115,0.0210
ga_sembrado,2,La29,8,13.4115,0.0210
ga_sembrado,2,La29,16,13.4115,0.0220
ga_sembrado,2,La29,32,13.4115,0.0230
ga_sembrado,2,La29,64,13.4115,0.0250
ga_sembrado,2,La29,128,13.4115,0.0330
ga_sembrado,2,La29,256,13.4115,0.0440
ga_sembrado,2,La29,512,13.4115,0.0760
ga_sembrado,2,La29,1024,13.4115,0.1620
ga_sembrado,2,La29,2048,13.4115,0.3020
ga_sembrado,2,La29,4096,13.4115,0.5841
ga_sembrado,2,La29,8192,11.0677,1.2453
ga_sembrado,2,La29,16384,10.3299,2.4420
ga_sembrado,2,La29,32768,10.0260,4.8161
ga_sembrado,2,La29,65536,9.2448,9.6353
ga_sembrado,2,La29,131072,8.3333,19.3549
ga_sembrado,2,La29,262144,8.0729,38.3554
ga_sembrado,2,La29,524288,7.0747,77.0650
ga_sembrado,2,La29,1048576,6.7274,153.0062
ga_sembrado,2,La29,2097152,6.7274,305.3319
ga_sembrado,2,La29,4194304,6.7274,609.5697
ga_sembrado,2,La29,6149346,6.7274,900.0005
ga,2,La38,1,97.0736,0.0240
ga,2,La38,2,84.6154,0.0240
ga,2,La38,4,65.8445,0.0240
ga,2,La38,8,65.8445,0.0240
ga,2,La38,16,65.8445,0.0250
ga,2,La38,32,65.8445,0.0270
ga,2,La38,64,65.0502,0.0290
ga,2,La38,128,65.0502,0.0360
ga,2,La38,256,59.3645,0.0510
ga,2,La38,512,52.0485,0.0910
ga,2,La38,1024,52.1321,0.1730
ga,2,La38,2048,44.5652,0.3600
ga,2,La38,4096,36.6639,0.6961
ga,2,La38,8192,27.0903,1.4373
ga,2,La38,16384,15.8863,2.7501
ga,2,La38,32768,13.7960,5.3902
ga,2,La38,65536,11.8729,10.6566
ga,2,La38,131072,11.3294,21.2928
ga,2,La38,262144,11.3294,42.3382
ga,2,La38,524288,11.3294,85.5057
ga,2,La38,1048576,11.3294,169.8075
ga,2,La38,2097152,10.8278,338.3008
ga,2,La38,4194304,10.0334,676.3482
ga,2,La38,5545415,9.7826,900.0005
ga_sembrado,2,La38,1,14.9666,0.0270
ga_sembrado,2,La38,2,14.9666,0.0270
ga_sembrado,2,La38,4,14.9666,0.0280
ga_sembrado,2,La38,8,14.9666,0.0280
ga_sembrado,2,La38,16,14.9666,0.0290
ga_sembrado,2,La38,32,14.9666,0.0310
ga_sembrado,2,La38,64,14.9666,0.0340
ga_sembrado,2,La38,128,14.9666,0.0400
ga_sembrado,2,La38,256,14.9666,0.0520
ga_sembrado,2,La38,512,14.9666,0.0920
ga_sembrado,2,La38,1024,14.9666,0.1760
ga_sembrado,2,La38,2048,14.9666,0.3250
ga_sembrado,2,La38,4096,12.2910,0.6331
ga_sembrado,2,La38,8192,9.6572,1.3434
ga_sembrado,2,La38,16384,8.3194,2.6201
ga_sembrado,2,La38,32768,5.9783,5.1902
ga_sembrado,2,La38,65536,5.9783,10.5916
ga_sembrado,2,La38,131072,5.9783,21.2118
ga_sembrado,2,La38,262144,5.9783,42.0825
ga_sembrado,2,La38,524288,5.9783,85.3622
ga_sembrado,2,La38,1048576,5.9783,169.9996
ga_sembrado,2,La38,2097152,5.4766,338.1988
ga_sembrado,2,La38,4194304,5.4766,677.4730
ga_sembrado,2,La38,5533775,5.4766,900.0005
regla_bon,2,La38,1,14.9666,0.0070
regla_bon,2,La38,2,15.1338,0.0110
regla_bon,2,La38,4,15.1338,0.0220
regla_bon,2,La38,8,15.1338,0.0450
regla_bon,2,La38,16,15.1338,0.0960
regla_bon,2,La38,32,11.9147,0.1990
regla_bon,2,La38,64,11.5803,0.4031
regla_bon,2,La38,128,10.3261,0.8122
regla_bon,2,La38,256,10.3261,1.6629
regla_bon,2,La38,512,10.3261,3.2237
regla_bon,2,La38,1024,10.3261,6.2994
regla_bon,2,La38,2048,10.3261,12.4786
regla_bon,2,La38,4096,9.4482,24.5072
regla_bon,2,La38,8192,8.4866,48.9172
regla_bon,2,La38,16384,8.0686,98.1772
regla_bon,2,La38,32768,5.6438,195.3325
regla_bon,2,La38,65536,5.6438,390.0307
regla_bon,2,La38,131072,5.6438,780.0169
regla_bon,2,La38,150493,5.6438,900.0025
ga,2,La40,1,120.0491,0.0200
ga,2,La40,2,86.4157,0.0200
ga,2,La40,4,72.4223,0.0200
ga,2,La40,8,72.4223,0.0210
ga,2,La40,16,72.4223,0.0210
ga,2,La40,32,71.1129,0.0230
ga,2,La40,64,64.4845,0.0250
ga,2,La40,128,64.4845,0.0310
ga,2,La40,256,64.4845,0.0440
ga,2,La40,512,52.4550,0.0840
ga,2,La40,1024,50.0818,0.1690
ga,2,La40,2048,40.8347,0.3311
ga,2,La40,4096,38.6252,0.6651
ga,2,La40,8192,30.1146,1.4235
ga,2,La40,16384,16.2848,2.9384
ga,2,La40,32768,13.2160,5.4162
ga,2,La40,65536,9.8609,10.6253
ga,2,La40,131072,9.6563,21.0728
ga,2,La40,262144,9.6563,42.1023
ga,2,La40,524288,9.4926,84.4155
ga,2,La40,1048576,9.2471,169.2700
ga,2,La40,2097152,6.3011,336.7660
ga,2,La40,4194304,6.3011,681.4869
ga,2,La40,5529312,5.4828,900.0008
regla_bon,2,La40,1,13.2570,0.0070
regla_bon,2,La40,2,13.2570,0.0110
regla_bon,2,La40,4,13.2570,0.0240
regla_bon,2,La40,8,13.2570,0.0460
regla_bon,2,La40,16,13.2570,0.0910
regla_bon,2,La40,32,13.5025,0.1800
regla_bon,2,La40,64,13.5025,0.3631
regla_bon,2,La40,128,9.3290,0.7532
regla_bon,2,La40,256,9.3290,1.6269
regla_bon,2,La40,512,9.3290,3.3164
regla_bon,2,La40,1024,9.6972,6.3210
regla_bon,2,La40,2048,9.6972,12.3601
regla_bon,2,La40,4096,8.8380,24.7122
regla_bon,2,La40,8192,8.5106,48.9427
regla_bon,2,La40,16384,8.5106,97.6293
regla_bon,2,La40,32768,6.9149,194.7531
regla_bon,2,La40,65536,6.9149,388.7124
regla_bon,2,La40,131072,6.9149,784.4493
regla_bon,2,La40,149946,6.9149,900.0018
ga_sembrado,2,La40,1,13.2570,0.0240
ga_sembrado,2,La40,2,13.2570,0.0240
ga_sembrado,2,La40,4,13.2570,0.0240
ga_sembrado,2,La40,8,13.2570,0.0240
ga_sembrado,2,La40,16,13.2570,0.0250
ga_sembrado,2,La40,32,13.2570,0.0260
ga_sembrado,2,La40,64,13.2570,0.0290
ga_sembrado,2,La40,128,13.2570,0.0350
ga_sembrado,2,La40,256,13.2570,0.0510
ga_sembrado,2,La40,512,13.2570,0.0890
ga_sembrado,2,La40,1024,13.2570,0.1780
ga_sembrado,2,La40,2048,13.2570,0.3491
ga_sembrado,2,La40,4096,13.2570,0.6832
ga_sembrado,2,La40,8192,11.0065,1.4604
ga_sembrado,2,La40,16384,9.9018,2.9844
ga_sembrado,2,La40,32768,9.9018,5.5889
ga_sembrado,2,La40,65536,10.1882,10.8978
ga_sembrado,2,La40,131072,7.5696,21.5938
ga_sembrado,2,La40,262144,7.5696,42.5792
ga_sembrado,2,La40,524288,7.5696,85.0517
ga_sembrado,2,La40,1048576,7.5696,169.7371
ga_sembrado,2,La40,2097152,6.0966,337.8129
ga_sembrado,2,La40,4194304,6.0147,682.6253
ga_sembrado,2,La40,5513007,6.0147,900.0008
ga,2,ABZ7,1,111.2043,0.0360
ga,2,ABZ7,2,90.3963,0.0360
ga,2,ABZ7,4,90.3963,0.0360
ga,2,ABZ7,8,86.0518,0.0370
ga,2,ABZ7,16,83.9939,0.0380
ga,2,ABZ7,32,83.9939,0.0400
ga,2,ABZ7,64,76.2957,0.0450
ga,2,ABZ7,128,66.3872,0.0550
ga,2,ABZ7,256,62.4238,0.0750
ga,2,ABZ7,512,62.4238,0.1330
ga,2,ABZ7,1024,62.0427,0.2500
ga,2,ABZ7,2048,55.9451,0.4621
ga,2,ABZ7,4096,44.2073,0.9002
ga,2,ABZ7,8192,35.4421,1.8755
ga,2,ABZ7,16384,24.9238,3.8005
ga,2,ABZ7,32768,14.4817,7.3076
ga,2,ABZ7,65536,13.1098,14.2891
ga,2,ABZ7,131072,12.2713,28.0997
ga,2,ABZ7,262144,12.2713,55.8040
ga,2,ABZ7,524288,12.2713,111.5095
ga,2,ABZ7,1048576,12.2713,223.7080
ga,2,ABZ7,2097152,12.2713,448.3993
ga,2,ABZ7,4176862,12.2713,900.0008
ga_sembrado,2,ABZ7,1,19.6646,0.0290
ga_sembrado,2,ABZ7,2,19.6646,0.0290
ga_sembrado,2,ABZ7,4,19.6646,0.0290
ga_sembrado,2,ABZ7,8,19.6646,0.0300
ga_sembrado,2,ABZ7,16,19.6646,0.0310
ga_sembrado,2,ABZ7,32,19.6646,0.0330
ga_sembrado,2,ABZ7,64,19.6646,0.0360
ga_sembrado,2,ABZ7,128,19.6646,0.0430
ga_sembrado,2,ABZ7,256,19.6646,0.0610
ga_sembrado,2,ABZ7,512,19.6646,0.1150
ga_sembrado,2,ABZ7,1024,19.6646,0.2211
ga_sembrado,2,ABZ7,2048,19.6646,0.4441
ga_sembrado,2,ABZ7,4096,19.6646,0.9098
ga_sembrado,2,ABZ7,8192,15.3963,1.8685
ga_sembrado,2,ABZ7,16384,14.1768,3.7480
ga_sembrado,2,ABZ7,32768,10.7470,7.1496
ga_sembrado,2,ABZ7,65536,10.2896,14.1410
ga_sembrado,2,ABZ7,131072,10.2896,28.2863
ga_sembrado,2,ABZ7,262144,9.2226,56.7263
ga_sembrado,2,ABZ7,524288,8.7652,112.9081
ga_sembrado,2,ABZ7,1048576,8.7652,224.5180
ga_sembrado,2,ABZ7,2097152,8.7652,450.5700
ga_sembrado,2,ABZ7,4167333,7.2409,900.0003
regla_bon,2,ABZ7,1,19.6646,0.0130
regla_bon,2,ABZ7,2,16.1585,0.0220
regla_bon,2,ABZ7,4,16.1585,0.0420
regla_bon,2,ABZ7,8,15.7774,0.0805
regla_bon,2,ABZ7,16,15.7774,0.1620
regla_bon,2,ABZ7,32,12.8811,0.3221
regla_bon,2,ABZ7,64,12.8811,0.6502
regla_bon,2,ABZ7,128,12.8811,1.4079
regla_bon,2,ABZ7,256,12.8811,2.8574
regla_bon,2,ABZ7,512,12.8811,5.3969
regla_bon,2,ABZ7,1024,11.4329,10.5408
regla_bon,2,ABZ7,2048,9.6799,20.8253
regla_bon,2,ABZ7,4096,9.6799,41.2820
regla_bon,2,ABZ7,8192,9.6799,82.7079
regla_bon,2,ABZ7,16384,9.6799,164.8392
regla_bon,2,ABZ7,32768,10.6707,328.5197
regla_bon,2,ABZ7,65536,10.6707,664.7658
regla_bon,2,ABZ7,88550,10.6707,900.0053
ga,2,ABZ8,1,140.7752,0.0360
ga,2,ABZ8,2,115.1938,0.0360
ga,2,ABZ8,4,100.5426,0.0370
ga,2,ABZ8,8,87.2093,0.0370
ga,2,ABZ8,16,87.2093,0.0390
ga,2,ABZ8,32,82.4806,0.0410
ga,2,ABZ8,64,82.4806,0.0460
ga,2,ABZ8,128,80.0000,0.0570
ga,2,ABZ8,256,76.6667,0.0790
ga,2,ABZ8,512,70.5426,0.1300
ga,2,ABZ8,1024,68.3721,0.2385
ga,2,ABZ8,2048,61.5504,0.4461
ga,2,ABZ8,4096,52.7132,0.8566
ga,2,ABZ8,8192,42.3256,1.7334
ga,2,ABZ8,16384,32.4031,3.5814
ga,2,ABZ8,32768,22.7132,7.0954
ga,2,ABZ8,65536,16.1240,13.9502
ga,2,ABZ8,131072,15.8140,27.5392
ga,2,ABZ8,262144,14.8837,55.3297
ga,2,ABZ8,524288,14.8837,110.8566
ga,2,ABZ8,1048576,13.7209,222.7939
ga,2,ABZ8,2097152,13.7209,447.0796
ga,2,ABZ8,4194304,13.5659,896.7785
ga,2,ABZ8,4209707,13.5659,900.0009
regla_bon,2,ABZ8,1,24.7287,0.0130
regla_bon,2,ABZ8,2,24.7287,0.0250
regla_bon,2,ABZ8,4,24.7287,0.0470
regla_bon,2,ABZ8,8,24.0310,0.0870
regla_bon,2,ABZ8,16,24.0310,0.1655
regla_bon,2,ABZ8,32,23.2558,0.3205
regla_bon,2,ABZ8,64,22.7132,0.6216
regla_bon,2,ABZ8,128,21.7054,1.2839
regla_bon,2,ABZ8,256,21.7054,2.6288
regla_bon,2,ABZ8,512,21.7054,5.2835
regla_bon,2,ABZ8,1024,19.4574,10.3372
regla_bon,2,ABZ8,2048,19.4574,20.4237
regla_bon,2,ABZ8,4096,19.4574,40.8617
regla_bon,2,ABZ8,8192,19.4574,82.5755
regla_bon,2,ABZ8,16384,16.8992,165.1478
regla_bon,2,ABZ8,32768,16.8992,333.4963
regla_bon,2,ABZ8,65536,16.2016,660.9535
regla_bon,2,ABZ8,88737,16.2016,900.0009
ga,2,ABZ9,1,104.3873,0.0380
ga,2,ABZ9,2,81.4675,0.0380
ga,2,ABZ9,4,81.4675,0.0380
ga,2,ABZ9,8,81.4675,0.0390
ga,2,ABZ9,16,81.4675,0.0400
ga,2,ABZ9,32,80.3328,0.0430
ga,2,ABZ9,64,80.3328,0.0480
ga,2,ABZ9,128,77.6853,0.0580
ga,2,ABZ9,256,77.6853,0.0790
ga,2,ABZ9,512,69.6672,0.1305
ga,2,ABZ9,1024,65.1286,0.2425
ga,2,ABZ9,2048,59.8336,0.4646
ga,2,ABZ9,4096,50.9834,0.8918
ga,2,ABZ9,8192,39.7882,1.7535
ga,2,ABZ9,16384,27.3071,3.5784
ga,2,ABZ9,32768,18.5325,7.0864
ga,2,ABZ9,65536,12.8593,14.1514
ga,2,ABZ9,131072,12.5567,28.1482
ga,2,ABZ9,262144,11.4977,56.2155
ga,2,ABZ9,524288,9.2284,112.5440
ga,2,ABZ9,1048576,9.2284,225.8332
ga,2,ABZ9,2097152,9.2284,451.4524
ga,2,ABZ9,4167890,8.3207,900.0009
ga_sembrado,2,ABZ8,1,24.7287,0.0340
ga_sembrado,2,ABZ8,2,24.7287,0.0340
ga_sembrado,2,ABZ8,4,24.7287,0.0340
ga_sembrado,2,ABZ8,8,24.7287,0.0350
ga_sembrado,2,ABZ8,16,24.7287,0.0360
ga_sembrado,2,ABZ8,32,24.7287,0.0380
ga_sembrado,2,ABZ8,64,24.7287,0.0420
ga_sembrado,2,ABZ8,128,24.7287,0.0500
ga_sembrado,2,ABZ8,256,24.7287,0.0680
ga_sembrado,2,ABZ8,512,24.7287,0.1165
ga_sembrado,2,ABZ8,1024,24.7287,0.2305
ga_sembrado,2,ABZ8,2048,24.7287,0.4496
ga_sembrado,2,ABZ8,4096,24.3411,0.8828
ga_sembrado,2,ABZ8,8192,21.1628,1.7375
ga_sembrado,2,ABZ8,16384,20.3101,3.6104
ga_sembrado,2,ABZ8,32768,17.9845,6.9954
ga_sembrado,2,ABZ8,65536,17.3643,14.1374
ga_sembrado,2,ABZ8,131072,17.3643,27.8982
ga_sembrado,2,ABZ8,262144,17.3643,55.8384
ga_sembrado,2,ABZ8,524288,17.3643,111.4153
ga_sembrado,2,ABZ8,1048576,17.3643,223.6297
ga_sembrado,2,ABZ8,2097152,17.3643,447.2177
ga_sembrado,2,ABZ8,4194304,17.3643,897.5396
ga_sembrado,2,ABZ8,4205764,17.3643,900.0009
regla_bon,2,ABZ9,1,33.3585,0.0120
regla_bon,2,ABZ9,2,32.9803,0.0230
regla_bon,2,ABZ9,4,32.8290,0.0440
regla_bon,2,ABZ9,8,29.5008,0.0840
regla_bon,2,ABZ9,16,24.2057,0.1660
regla_bon,2,ABZ9,32,24.2057,0.3271
regla_bon,2,ABZ9,64,24.2057,0.6451
regla_bon,2,ABZ9,128,24.2057,1.2749
regla_bon,2,ABZ9,256,23.0711,2.5663
regla_bon,2,ABZ9,512,23.0711,5.2090
regla_bon,2,ABZ9,1024,23.0711,10.2607
regla_bon,2,ABZ9,2048,23.3737,20.4162
regla_bon,2,ABZ9,4096,20.8018,40.6532
regla_bon,2,ABZ9,8192,20.8018,82.0429
regla_bon,2,ABZ9,16384,20.8018,164.3791
regla_bon,2,ABZ9,32768,18.6838,331.4789
regla_bon,2,ABZ9,65536,18.6838,657.4145
regla_bon,2,ABZ9,89076,18.6838,900.0055
ga_sembrado,2,ABZ9,1,33.3585,0.0240
ga_sembrado,2,ABZ9,2,33.3585,0.0240
ga_sembrado,2,ABZ9,4,33.3585,0.0240
ga_sembrado,2,ABZ9,8,33.3585,0.0250
ga_sembrado,2,ABZ9,16,33.3585,0.0260
ga_sembrado,2,ABZ9,32,33.3585,0.0270
ga_sembrado,2,ABZ9,64,33.3585,0.0330
ga_sembrado,2,ABZ9,128,33.3585,0.0430
ga_sembrado,2,ABZ9,256,33.3585,0.0600
ga_sembrado,2,ABZ9,512,33.3585,0.1040
ga_sembrado,2,ABZ9,1024,33.3585,0.2215
ga_sembrado,2,ABZ9,2048,33.3585,0.4311
ga_sembrado,2,ABZ9,4096,33.2829,0.8658
ga_sembrado,2,ABZ9,8192,27.6097,1.7130
ga_sembrado,2,ABZ9,16384,25.5673,3.5854
ga_sembrado,2,ABZ9,32768,22.6929,7.0349
ga_sembrado,2,ABZ9,65536,19.6672,13.9939
ga_sembrado,2,ABZ9,131072,19.6672,27.6922
ga_sembrado,2,ABZ9,262144,19.6672,55.7999
ga_sembrado,2,ABZ9,524288,19.6672,112.2954
ga_sembrado,2,ABZ9,1048576,19.6672,225.4416
ga_sembrado,2,ABZ9,2097152,16.2632,451.6439
ga_sembrado,2,ABZ9,4170954,16.2632,900.0005
ga,3,FT10,1,89.9462,0.0090
ga,3,FT10,2,89.9462,0.0090
ga,3,FT10,4,79.5699,0.0090
ga,3,FT10,8,54.9462,0.0090
ga,3,FT10,16,53.4409,0.0090
ga,3,FT10,32,47.4194,0.0100
ga,3,FT10,64,47.4194,0.0120
ga,3,FT10,128,47.4194,0.0140
ga,3,FT10,256,41.9355,0.0200
ga,3,FT10,512,40.9677,0.0380
ga,3,FT10,1024,30.9677,0.0770
ga,3,FT10,2048,30.9677,0.1581
ga,3,FT10,4096,21.3441,0.3092
ga,3,FT10,8192,14.8925,0.6164
ga,3,FT10,16384,10.5914,1.2564
ga,3,FT10,32768,5.4839,2.5852
ga,3,FT10,65536,5.4839,5.2315
ga,3,FT10,131072,5.4839,10.3215
ga,3,FT10,262144,5.4839,20.8549
ga,3,FT10,524288,5.4839,41.6593
ga,3,FT10,1048576,5.4839,85.6467
ga,3,FT10,2097152,5.4839,172.7377
ga,3,FT10,4194304,5.4839,339.6060
ga,3,FT10,8388608,5.4839,672.0745
ga,3,FT10,11193246,5.4839,900.0002
regla_bon,3,FT10,1,20.3763,0.0020
regla_bon,3,FT10,2,20.3763,0.0030
regla_bon,3,FT10,4,20.4839,0.0060
regla_bon,3,FT10,8,14.9462,0.0120
regla_bon,3,FT10,16,12.4731,0.0251
regla_bon,3,FT10,32,8.4946,0.0611
regla_bon,3,FT10,64,8.4946,0.1242
regla_bon,3,FT10,128,8.4946,0.2537
regla_bon,3,FT10,256,8.4946,0.5333
regla_bon,3,FT10,512,6.7742,1.0564
regla_bon,3,FT10,1024,6.6129,2.0721
regla_bon,3,FT10,2048,6.6129,4.3028
regla_bon,3,FT10,4096,6.2903,8.4383
regla_bon,3,FT10,8192,5.3226,16.7807
regla_bon,3,FT10,16384,4.8925,33.4420
regla_bon,3,FT10,32768,3.8710,68.6451
regla_bon,3,FT10,65536,3.8710,138.4949
regla_bon,3,FT10,131072,3.2258,271.3648
regla_bon,3,FT10,262144,2.9570,536.9612
regla_bon,3,FT10,439204,2.9570,900.0002
ga_sembrado,3,FT10,1,20.3763,0.0120
ga_sembrado,3,FT10,2,20.3763,0.0120
ga_sembrado,3,FT10,4,20.3763,0.0120
ga_sembrado,3,FT10,8,20.3763,0.0130
ga_sembrado,3,FT10,16,20.3763,0.0130
ga_sembrado,3,FT10,32,20.3763,0.0140
ga_sembrado,3,FT10,64,20.3763,0.0160
ga_sembrado,3,FT10,128,20.3763,0.0190
ga_sembrado,3,FT10,256,20.3763,0.0271
ga_sembrado,3,FT10,512,20.3763,0.0431
ga_sembrado,3,FT10,1024,20.3763,0.0851
ga_sembrado,3,FT10,2048,21.0753,0.1717
ga_sembrado,3,FT10,4096,11.6129,0.3377
ga_sembrado,3,FT10,8192,4.9462,0.6418
ga_sembrado,3,FT10,16384,2.4194,1.2789
ga_sembrado,3,FT10,32768,2.2581,2.5952
ga_sembrado,3,FT10,65536,2.0430,5.2696
ga_sembrado,3,FT10,131072,2.0430,10.4665
ga_sembrado,3,FT10,262144,2.0430,21.0275
ga_sembrado,3,FT10,524288,2.0430,41.9924
ga_sembrado,3,FT10,1048576,2.0430,85.7657
ga_sembrado,3,FT10,2097152,2.0430,172.9648
ga_sembrado,3,FT10,4194304,2.0430,339.0249
ga_sembrado,3,FT10,8388608,2.0430,672.7387
ga_sembrado,3,FT10,11179444,1.7204,900.0002
ga,3,FT20,1,84.9785,0.0130
ga,3,FT20,2,80.7296,0.0130
ga,3,FT20,4,68.5837,0.0130
ga,3,FT20,8,68.5837,0.0130
ga,3,FT20,16,48.1545,0.0140
ga,3,FT20,32,48.1545,0.0140
ga,3,FT20,64,48.1545,0.0160
ga,3,FT20,128,47.2103,0.0186
ga,3,FT20,256,47.2103,0.0241
ga,3,FT20,512,43.3476,0.0471
ga,3,FT20,1024,40.6867,0.0841
ga,3,FT20,2048,35.5794,0.1737
ga,3,FT20,4096,23.4335,0.3367
ga,3,FT20,8192,14.7210,0.6458
ga,3,FT20,16384,8.3262,1.3039
ga,3,FT20,32768,3.6052,2.6583
ga,3,FT20,65536,2.7039,5.4761
ga,3,FT20,131072,2.7039,10.8512
ga,3,FT20,262144,1.7597,21.5081
ga,3,FT20,524288,1.6309,42.6636
ga,3,FT20,1048576,1.6309,86.5281
ga,3,FT20,2097152,1.6309,174.2550
ga,3,FT20,4194304,1.6309,342.7491
ga,3,FT20,8388608,1.6309,679.2256
ga,3,FT20,11070256,1.6309,900.0002
regla_bon,3,FT20,1,13.2189,0.0030
regla_bon,3,FT20,2,13.2189,0.0070
regla_bon,3,FT20,4,13.2189,0.0130
regla_bon,3,FT20,8,11.6738,0.0235
regla_bon,3,FT20,16,11.6738,0.0505
regla_bon,3,FT20,32,11.6738,0.0935
regla_bon,3,FT20,64,11.6738,0.1941
regla_bon,3,FT20,128,10.6867,0.3681
regla_bon,3,FT20,256,9.0129,0.7542
regla_bon,3,FT20,512,9.0129,1.5628
regla_bon,3,FT20,1024,8.0687,3.1053
regla_bon,3,FT20,2048,7.4249,6.2031
regla_bon,3,FT20,4096,7.5536,12.1143
regla_bon,3,FT20,8192,7.7253,24.1446
regla_bon,3,FT20,16384,7.7253,48.0897
regla_bon,3,FT20,32768,6.7811,98.5959
regla_bon,3,FT20,65536,6.7811,198.7843
regla_bon,3,FT20,131072,6.7811,391.5844
regla_bon,3,FT20,262144,5.7511,776.4109
regla_bon,3,FT20,302290,5.7511,900.0001
ga_sembrado,3,FT20,1,13.2189,0.0140
ga_sembrado,3,FT20,2,13.2189,0.0140
ga_sembrado,3,FT20,4,13.2189,0.0140
ga_sembrado,3,FT20,8,13.2189,0.0150
ga_sembrado,3,FT20,16,13.2189,0.0150
ga_sembrado,3,FT20,32,13.2189,0.0160
ga_sembrado,3,FT20,64,13.2189,0.0180
ga_sembrado,3,FT20,128,13.2189,0.0210
ga_sembrado,3,FT20,256,13.2189,0.0285
ga_sembrado,3,FT20,512,13.2189,0.0485
ga_sembrado,3,FT20,1024,13.2189,0.0925
ga_sembrado,3,FT20,2048,13.2189,0.1781
ga_sembrado,3,FT20,4096,13.2189,0.3471
ga_sembrado,3,FT20,8192,11.9742,0.7046
ga_sembrado,3,FT20,16384,11.8026,1.3578
ga_sembrado,3,FT20,32768,10.2146,2.6907
ga_sembrado,3,FT20,65536,6.1803,5.4360
ga_sembrado,3,FT20,131072,4.1202,10.6380
ga_sembrado,3,FT20,262144,4.0773,21.6575
ga_sembrado,3,FT20,524288,4.0773,42.3743
ga_sembrado,3,FT20,1048576,4.0773,86.4670
ga_sembrado,3,FT20,2097152,4.0773,173.8733
ga_sembrado,3,FT20,4194304,1.6309,342.2344
ga_sembrado,3,FT20,8388608,1.6309,677.0814
ga_sembrado,3,FT20,11109326,1.6309,900.0001
ga,3,La21,1,94.2639,0.0180
ga,3,La21,2,92.7342,0.0180
ga,3,La21,4,75.2390,0.0190
ga,3,La21,8,75.2390,0.0190
ga,3,La21,16,61.5679,0.0200
ga,3,La21,32,57.8394,0.0210
ga,3,La21,64,48.7572,0.0240
ga,3,La21,128,48.7572,0.0290
ga,3,La21,256,48.7572,0.0390
ga,3,La21,512,48.7572,0.0700
ga,3,La21,1024,40.4398,0.1170
ga,3,La21,2048,38.9579,0.2330
ga,3,La21,4096,30.5449,0.4716
ga,3,La21,8192,20.2199,0.9199
ga,3,La21,16384,13.3365,1.8157
ga,3,La21,32768,9.1778,3.7877
ga,3,La21,65536,8.7954,7.4294
ga,3,La21,131072,8.7954,14.8084
ga,3,La21,262144,8.7954,29.4592
ga,3,La21,524288,8.7954,58.8348
ga,3,La21,1048576,8.4130,118.3649
ga,3,La21,2097152,7.2658,235.5276
ga,3,La21,4194304,6.6922,470.7526
ga,3,La21,7926521,4.4933,900.0006
regla_bon,3,La21,1,15.0096,0.0040
regla_bon,3,La21,2,13.8623,0.0090
regla_bon,3,La21,4,13.8623,0.0180
regla_bon,3,La21,8,13.8623,0.0340
regla_bon,3,La21,16,13.8623,0.0690
regla_bon,3,La21,32,13.8623,0.1320
regla_bon,3,La21,64,13.8623,0.2511
regla_bon,3,La21,128,12.9541,0.4971
regla_bon,3,La21,256,12.2371,0.9980
regla_bon,3,La21,512,11.9503,2.0207
regla_bon,3,La21,1024,11.1377,4.1013
regla_bon,3,La21,2048,8.6042,8.0006
regla_bon,3,La21,4096,8.6042,16.1367
regla_bon,3,La21,8192,8.6042,31.9711
regla_bon,3,La21,16384,8.6042,64.2847
regla_bon,3,La21,32768,8.6042,128.4095
regla_bon,3,La21,65536,8.6042,256.4855
regla_bon,3,La21,131072,8.6042,512.6594
regla_bon,3,La21,227546,7.0746,900.0015
ga,3,La24,1,118.7166,0.0180
ga,3,La24,2,91.3369,0.0180
ga,3,La24,4,78.7166,0.0180
ga,3,La24,8,73.2620,0.0180
ga,3,La24,16,67.3797,0.0190
ga,3,La24,32,67.3797,0.0210
ga,3,La24,64,63.5294,0.0230
ga,3,La24,128,63.5294,0.0270
ga,3,La24,256,53.5829,0.0350
ga,3,La24,512,42.5134,0.0630
ga,3,La24,1024,41.6043,0.1270
ga,3,La24,2048,40.2139,0.2421
ga,3,La24,4096,31.1765,0.4641
ga,3,La24,8192,18.8770,0.9310
ga,3,La24,16384,10.6952,1.8772
ga,3,La24,32768,10.3743,3.8620
ga,3,La24,65536,9.3048,7.4455
ga,3,La24,131072,7.3797,14.8864
ga,3,La24,262144,6.2567,29.7243
ga,3,La24,524288,6.2567,59.4250
ga,3,La24,1048576,6.2567,118.6620
ga,3,La24,2097152,6.2567,236.9329
ga,3,La24,4194304,6.2567,473.6963
ga,3,La24,7854034,6.2567,900.0006
ga_sembrado,3,La21,1,15.0096,0.0190
ga_sembrado,3,La21,2,15.0096,0.0190
ga_sembrado,3,La21,4,15.0096,0.0190
ga_sembrado,3,La21,8,15.0096,0.0190
ga_sembrado,3,La21,16,15.0096,0.0200
ga_sembrado,3,La21,32,15.0096,0.0210
ga_sembrado,3,La21,64,15.0096,0.0240
ga_sembrado,3,La21,128,15.0096,0.0290
ga_sembrado,3,La21,256,15.0096,0.0400
ga_sembrado,3,La21,512,15.0096,0.0660
ga_sembrado,3,La21,1024,15.0096,0.1160
ga_sembrado,3,La21,2048,15.0096,0.2221
ga_sembrado,3,La21,4096,13.6233,0.4451
ga_sembrado,3,La21,8192,13.9101,0.8879
ga_sembrado,3,La21,16384,9.6558,1.7757
ga_sembrado,3,La21,32768,9.0822,3.6887
ga_sembrado,3,La21,65536,6.9790,7.4585
ga_sembrado,3,La21,131072,5.7839,14.7294
ga_sembrado,3,La21,262144,5.7839,29.7148
ga_sembrado,3,La21,524288,5.7839,58.9368
ga_sembrado,3,La21,1048576,5.7839,118.4750
ga_sembrado,3,La21,2097152,4.2065,236.2152
ga_sembrado,3,La21,4194304,4.2065,473.2175
ga_sembrado,3,La21,7879796,4.2065,900.0006
regla_bon,3,La24,1,10.1070,0.0040
regla_bon,3,La24,2,9.8930,0.0080
regla_bon,3,La24,4,9.8930,0.0160
regla_bon,3,La24,8,9.8930,0.0330
regla_bon,3,La24,16,9.8930,0.0580
regla_bon,3,La24,32,9.8930,0.1241
regla_bon,3,La24,64,7.8075,0.2576
regla_bon,3,La24,128,7.8075,0.5129
regla_bon,3,La24,256,7.8075,0.9955
regla_bon,3,La24,512,8.7701,1.9447
regla_bon,3,La24,1024,8.7701,4.0433
regla_bon,3,La24,2048,8.7701,8.0582
regla_bon,3,La24,4096,7.3797,15.9807
regla_bon,3,La24,8192,7.3797,31.8291
regla_bon,3,La24,16384,7.8075,64.2792
regla_bon,3,La24,32768,7.8075,128.9927
regla_bon,3,La24,65536,5.4011,258.0591
regla_bon,3,La24,131072,5.5615,518.0458
regla_bon,3,La24,225247,5.5615,900.0006
ga_sembrado,3,La24,1,10.1070,0.0185
ga_sembrado,3,La24,2,10.1070,0.0185
ga_sembrado,3,La24,4,10.1070,0.0185
ga_sembrado,3,La24,8,10.1070,0.0195
ga_sembrado,3,La24,16,10.1070,0.0195
ga_sembrado,3,La24,32,10.1070,0.0215
ga_sembrado,3,La24,64,10.1070,0.0235
ga_sembrado,3,La24,128,10.1070,0.0290
ga_sembrado,3,La24,256,10.1070,0.0400
ga_sembrado,3,La24,512,10.1070,0.0700
ga_sembrado,3,La24,1024,10.1070,0.1181
ga_sembrado,3,La24,2048,10.1070,0.2416
ga_sembrado,3,La24,4096,9.9465,0.4699
ga_sembrado,3,La24,8192,9.8396,0.9100
ga_sembrado,3,La24,16384,9.3048,1.8387
ga_sembrado,3,La24,32768,4.4920,3.8110
ga_sembrado,3,La24,65536,4.0642,7.5135
ga_sembrado,3,La24,131072,4.0642,14.9025
ga_sembrado,3,La24,262144,4.0642,29.6833
ga_sembrado,3,La24,524288,4.0642,59.4405
ga_sembrado,3,La24,1048576,4.0642,118.8776
ga_sembrado,3,La24,2097152,4.0642,236.8909
ga_sembrado,3,La24,4194304,4.0642,473.6203
ga_sembrado,3,La24,7869889,4.0642,900.0006
ga,3,La25,1,86.0287,0.0130
ga,3,La25,2,86.0287,0.0140
ga,3,La25,4,76.4585,0.0140
ga,3,La25,8,64.7902,0.0140
ga,3,La25,16,63.6131,0.0140
ga,3,La25,32,63.6131,0.0160
ga,3,La25,64,63.6131,0.0180
ga,3,La25,128,57.5230,0.0240
ga,3,La25,256,54.0942,0.0340
ga,3,La25,512,54.0942,0.0630
ga,3,La25,1024,43.2446,0.1220
ga,3,La25,2048,40.1228,0.2290
ga,3,La25,4096,31.1668,0.4790
ga,3,La25,8192,19.8567,0.9681
ga,3,La25,16384,12.2825,1.8828
ga,3,La25,32768,6.9601,3.7772
ga,3,La25,65536,4.7083,7.5259
ga,3,La25,131072,2.8147,14.7297
ga,3,La25,262144,2.4565,29.2840
ga,3,La25,524288,2.4565,58.6055
ga,3,La25,1048576,2.4565,117.6785
ga,3,La25,2097152,2.4565,235.6585
ga,3,La25,4194304,2.4565,472.0510
ga,3,La25,7970617,2.4565,900.0003
ga,3,La27,1,85.5870,0.0210
ga,3,La27,2,77.3279,0.0210
ga,3,La27,4,72.6316,0.0220
ga,3,La27,8,72.6316,0.0220
ga,3,La27,16,72.6316,0.0230
ga,3,La27,32,72.6316,0.0240
ga,3,La27,64,71.3360,0.0280
ga,3,La27,128,67.7733,0.0340
ga,3,La27,256,61.2146,0.0480
ga,3,La27,512,56.3563,0.0870
ga,3,La27,1024,56.3563,0.1660
ga,3,La27,2048,44.2510,0.2960
ga,3,La27,4096,34.8178,0.5930
ga,3,La27,8192,28.8664,1.1907
ga,3,La27,16384,21.0526,2.3483
ga,3,La27,32768,12.3887,4.8886
ga,3,La27,65536,6.5182,9.7176
ga,3,La27,131072,6.1943,19.0799
ga,3,La27,262144,6.1943,38.0823
ga,3,La27,524288,6.1538,76.1522
ga,3,La27,1048576,6.1538,151.9976
ga,3,La27,2097152,6.1538,304.7378
ga,3,La27,4194304,6.1538,607.1112
ga,3,La27,6195473,5.7490,900.0003
ga_sembrado,3,La25,1,11.8219,0.0160
ga_sembrado,3,La25,2,11.8219,0.0160
ga_sembrado,3,La25,4,11.8219,0.0160
ga_sembrado,3,La25,8,11.8219,0.0170
ga_sembrado,3,La25,16,11.8219,0.0170
ga_sembrado,3,La25,32,11.8219,0.0190
ga_sembrado,3,La25,64,11.8219,0.0210
ga_sembrado,3,La25,128,11.8219,0.0260
ga_sembrado,3,La25,256,11.8219,0.0370
ga_sembrado,3,La25,512,11.8219,0.0690
ga_sembrado,3,La25,1024,11.8219,0.1300
ga_sembrado,3,La25,2048,11.8219,0.2470
ga_sembrado,3,La25,4096,11.8219,0.4600
ga_sembrado,3,La25,8192,10.1842,0.9131
ga_sembrado,3,La25,16384,9.9795,1.8368
ga_sembrado,3,La25,32768,9.7748,3.8112
ga_sembrado,3,La25,65536,9.7748,7.6694
ga_sembrado,3,La25,131072,9.7748,15.0954
ga_sembrado,3,La25,262144,8.5977,29.8581
ga_sembrado,3,La25,524288,8.5977,58.9486
ga_sembrado,3,La25,1048576,8.2907,118.0942
ga_sembrado,3,La25,2097152,8.2907,236.4313
ga_sembrado,3,La25,4194304,8.2907,473.2863
ga_sembrado,3,La25,7956276,8.2907,900.0003
regla_bon,3,La25,1,11.8219,0.0050
regla_bon,3,La25,2,11.8219,0.0090
regla_bon,3,La25,4,11.8219,0.0150
regla_bon,3,La25,8,9.7236,0.0260
regla_bon,3,La25,16,9.7236,0.0500
regla_bon,3,La25,32,9.7236,0.1090
regla_bon,3,La25,64,10.1331,0.2290
regla_bon,3,La25,128,9.1607,0.4900
regla_bon,3,La25,256,9.1607,0.9631
regla_bon,3,La25,512,7.9324,1.9598
regla_bon,3,La25,1024,6.3460,4.1090
regla_bon,3,La25,2048,6.3460,8.1010
regla_bon,3,La25,4096,6.3460,16.1474
regla_bon,3,La25,8192,6.2948,32.2729
regla_bon,3,La25,16384,6.2948,64.9569
regla_bon,3,La25,32768,6.2948,128.3853
regla_bon,3,La25,65536,5.6295,257.1039
regla_bon,3,La25,131072,4.6571,512.0536
regla_bon,3,La25,229658,4.6571,900.0033
ga_sembrado,3,La27,1,24.9798,0.0190
ga_sembrado,3,La27,2,24.9798,0.0190
ga_sembrado,3,La27,4,24.9798,0.0190
ga_sembrado,3,La27,8,24.9798,0.0200
ga_sembrado,3,La27,16,24.9798,0.0200
ga_sembrado,3,La27,32,24.9798,0.0220
ga_sembrado,3,La27,64,24.9798,0.0240
ga_sembrado,3,La27,128,24.9798,0.0290
ga_sembrado,3,La27,256,24.9798,0.0380
ga_sembrado,3,La27,512,24.9798,0.0720
ga_sembrado,3,La27,1024,24.9798,0.1960
ga_sembrado,3,La27,2048,24.9798,0.3430
ga_sembrado,3,La27,4096,25.1012,0.6441
ga_sembrado,3,La27,8192,18.1781,1.2107
ga_sembrado,3,La27,16384,14.7368,2.4204
ga_sembrado,3,La27,32768,13.0364,4.9181
ga_sembrado,3,La27,65536,10.9717,9.6667
ga_sembrado,3,La27,131072,10.8502,19.0589
ga_sembrado,3,La27,262144,10.7287,38.0093
ga_sembrado,3,La27,524288,10.7287,76.4576
ga_sembrado,3,La27,1048576,9.6356,152.4823
ga_sembrado,3,La27,2097152,9.6356,304.7348
ga_sembrado,3,La27,4194304,5.1012,608.3636
ga_sembrado,3,La27,6182435,5.1012,900.0003
regla_bon,3,La27,1,24.9798,0.0070
regla_bon,3,La27,2,22.3887,0.0150
regla_bon,3,La27,4,14.3725,0.0260
regla_bon,3,La27,8,14.3725,0.0500
regla_bon,3,La27,16,14.3725,0.1050
regla_bon,3,La27,32,13.6032,0.2060
regla_bon,3,La27,64,13.6032,0.3790
regla_bon,3,La27,128,13.6032,0.7781
regla_bon,3,La27,256,13.6032,1.5827
regla_bon,3,La27,512,11.4575,3.2892
regla_bon,3,La27,1024,9.8381,6.8057
regla_bon,3,La27,2048,9.8381,13.6665
regla_bon,3,La27,4096,10.4453,26.8891
regla_bon,3,La27,8192,10.4453,53.8173
regla_bon,3,La27,16384,8.7045,108.0296
regla_bon,3,La27,32768,8.7045,215.4611
regla_bon,3,La27,65536,8.7045,431.4214
regla_bon,3,La27,131072,8.3806,864.0590
regla_bon,3,La27,136549,8.3806,900.0053
ga,3,La29,1,113.2812,0.0240
ga,3,La29,2,90.4514,0.0240
ga,3,La29,4,90.4514,0.0250
ga,3,La29,8,90.4514,0.0250
ga,3,La29,16,81.7274,0.0260
ga,3,La29,32,76.4757,0.0278
ga,3,La29,64,65.8854,0.0310
ga,3,La29,128,63.2378,0.0370
ga,3,La29,256,63.2378,0.0510
ga,3,La29,512,60.5903,0.0920
ga,3,La29,1024,50.8681,0.1731
ga,3,La29,2048,46.5278,0.3261
ga,3,La29,4096,33.0295,0.5992
ga,3,La29,8192,29.2535,1.1607
ga,3,La29,16384,20.8333,2.4202
ga,3,La29,32768,14.6267,5.0393
ga,3,La29,65536,12.1094,9.7522
ga,3,La29,131072,10.5035,19.2257
ga,3,La29,262144,10.5035,38.3377
ga,3,La29,524288,9.3750,76.6982
ga,3,La29,1048576,8.8542,154.8542
ga,3,La29,2097152,8.6806,309.9697
ga,3,La29,4194304,8.6806,624.9261
ga,3,La29,5734339,7.5955,900.0002
ga,3,La38,1,90.6355,0.0230
ga,3,La38,2,90.6355,0.0230
ga,3,La38,4,79.0134,0.0240
ga,3,La38,8,79.0134,0.0240
ga,3,La38,16,79.0134,0.0250
ga,3,La38,32,79.0134,0.0270
ga,3,La38,64,79.0134,0.0300
ga,3,La38,128,74.2057,0.0370
ga,3,La38,256,61.5803,0.0520
ga,3,La38,512,56.1455,0.0930
ga,3,La38,1024,56.1455,0.1670
ga,3,La38,2048,41.1371,0.3281
ga,3,La38,4096,38.2107,0.6531
ga,3,La38,8192,30.9365,1.3427
ga,3,La38,16384,17.0987,2.6077
ga,3,La38,32768,10.9114,5.3923
ga,3,La38,65536,9.3645,10.6175
ga,3,La38,131072,6.1873,21.2916
ga,3,La38,262144,6.1873,42.4254
ga,3,La38,524288,6.0201,84.6718
ga,3,La38,1048576,5.2676,171.1194
ga,3,La38,2097152,5.2676,342.3255
ga,3,La38,4194304,4.9749,708.0673
ga,3,La38,5170477,4.9749,900.0002
regla_bon,3,La29,1,13.4115,0.0080
regla_bon,3,La29,2,13.4115,0.0150
regla_bon,3,La29,4,13.4115,0.0290
regla_bon,3,La29,8,13.4115,0.0580
regla_bon,3,La29,16,13.4115,0.1110
regla_bon,3,La29,32,13.4115,0.2060
regla_bon,3,La29,64,14.0625,0.4221
regla_bon,3,La29,128,14.0625,0.8482
regla_bon,3,La29,256,12.7170,1.7383
regla_bon,3,La29,512,12.7170,3.4199
regla_bon,3,La29,1024,12.7170,6.8221
regla_bon,3,La29,2048,10.8073,13.3807
regla_bon,3,La29,4096,10.8073,26.6231
regla_bon,3,La29,8192,10.8073,53.5037
regla_bon,3,La29,16384,10.0260,108.6604
regla_bon,3,La29,32768,10.0260,215.8903
regla_bon,3,La29,65536,9.7222,432.8225
regla_bon,3,La29,127573,9.7222,900.0032
ga_sembrado,3,La29,1,13.4115,0.0200
ga_sembrado,3,La29,2,13.4115,0.0200
ga_sembrado,3,La29,4,13.4115,0.0200
ga_sembrado,3,La29,8,13.4115,0.0200
ga_sembrado,3,La29,16,13.4115,0.0210
ga_sembrado,3,La29,32,13.4115,0.0220
ga_sembrado,3,La29,64,13.4115,0.0250
ga_sembrado,3,La29,128,13.4115,0.0310
ga_sembrado,3,La29,256,13.4115,0.0420
ga_sembrado,3,La29,512,13.4115,0.0720
ga_sembrado,3,La29,1024,13.4115,0.1430
ga_sembrado,3,La29,2048,13.4115,0.2871
ga_sembrado,3,La29,4096,13.1944,0.5621
ga_sembrado,3,La29,8192,11.9792,1.1457
ga_sembrado,3,La29,16384,10.4167,2.2740
ga_sembrado,3,La29,32768,10.4167,4.8312
ga_sembrado,3,La29,65536,10.2865,9.5822
ga_sembrado,3,La29,131072,10.0260,18.7670
ga_sembrado,3,La29,262144,9.1146,37.5700
ga_sembrado,3,La29,524288,8.5503,75.9895
ga_sembrado,3,La29,1048576,8.5503,153.3404
ga_sembrado,3,La29,2097152,8.5503,305.9865
ga_sembrado,3,La29,4194304,8.5503,619.5095
ga_sembrado,3,La29,5784006,8.5503,900.0002
regla_bon,3,La38,1,14.9666,0.0060
regla_bon,3,La38,2,14.9666,0.0110
regla_bon,3,La38,4,14.9666,0.0220
regla_bon,3,La38,8,14.9666,0.0480
regla_bon,3,La38,16,13.7542,0.0940
regla_bon,3,La38,32,13.7542,0.1970
regla_bon,3,La38,64,13.0853,0.4001
regla_bon,3,La38,128,11.8311,0.8217
regla_bon,3,La38,256,10.4097,1.6023
regla_bon,3,La38,512,10.2843,3.1508
regla_bon,3,La38,1024,9.4900,6.3620
regla_bon,3,La38,2048,9.4900,12.5505
regla_bon,3,La38,4096,7.9013,24.7061
regla_bon,3,La38,8192,7.9013,48.8493
regla_bon,3,La38,16384,7.9013,99.1722
regla_bon,3,La38,32768,8.3194,198.4631
regla_bon,3,La38,65536,7.8595,396.7419
regla_bon,3,La38,131072,7.5669,842.0206
regla_bon,3,La38,139115,7.5669,900.0002
ga_sembrado,3,La38,1,14.9666,0.0260
ga_sembrado,3,La38,2,14.9666,0.0260
ga_sembrado,3,La38,4,14.9666,0.0260
ga_sembrado,3,La38,8,14.9666,0.0270
ga_sembrado,3,La38,16,14.9666,0.0280
ga_sembrado,3,La38,32,14.9666,0.0300
ga_sembrado,3,La38,64,14.9666,0.0330
ga_sembrado,3,La38,128,14.9666,0.0380
ga_sembrado,3,La38,256,14.9666,0.0510
ga_sembrado,3,La38,512,14.9666,0.0980
ga_sembrado,3,La38,1024,14.9666,0.1940
ga_sembrado,3,La38,2048,14.9666,0.3541
ga_sembrado,3,La38,4096,13.2107,0.6491
ga_sembrado,3,La38,8192,10.9950,1.2752
ga_sembrado,3,La38,16384,9.8244,2.5407
ga_sembrado,3,La38,32768,8.4866,5.3123
ga_sembrado,3,La38,65536,5.7692,10.5119
ga_sembrado,3,La38,131072,5.7692,21.1076
ga_sembrado,3,La38,262144,5.4766,42.2444
ga_sembrado,3,La38,524288,5.4766,84.6148
ga_sembrado,3,La38,1048576,5.4766,171.3534
ga_sembrado,3,La38,2097152,5.4766,342.6652
ga_sembrado,3,La38,4194304,5.4766,707.7792
ga_sembrado,3,La38,5174432,4.9749,900.0002
ga,3,La40,1,86.8249,0.0290
ga,3,La40,2,86.8249,0.0290
ga,3,La40,4,86.8249,0.0290
ga,3,La40,8,79.4599,0.0300
ga,3,La40,16,79.4599,0.0310
ga,3,La40,32,76.6367,0.0340
ga,3,La40,64,71.1129,0.0380
ga,3,La40,128,66.3666,0.0450
ga,3,La40,256,66.1211,0.0620
ga,3,La40,512,52.7005,0.1101
ga,3,La40,1024,48.6088,0.2042
ga,3,La40,2048,47.5450,0.3829
ga,3,La40,4096,34.1653,0.7601
ga,3,La40,8192,25.9820,1.4934
ga,3,La40,16384,12.8887,3.0119
ga,3,La40,32768,6.7921,6.1900
ga,3,La40,65536,4.5417,12.5143
ga,3,La40,131072,4.5417,25.5604
ga,3,La40,262144,4.5417,51.2044
ga,3,La40,524288,4.5417,101.5424
ga,3,La40,1048576,4.5417,194.4169
ga,3,La40,2097152,4.5417,395.3910
ga,3,La40,4194304,4.5417,796.9979
ga,3,La40,4727471,4.5417,900.0008
regla_bon,3,La40,1,13.2570,0.0070
regla_bon,3,La40,2,13.2570,0.0140
regla_bon,3,La40,4,13.2570,0.0260
regla_bon,3,La40,8,13.2570,0.0525
regla_bon,3,La40,16,13.2570,0.1045
regla_bon,3,La40,32,13.2570,0.2099
regla_bon,3,La40,64,13.2570,0.4244
regla_bon,3,La40,128,13.2570,0.8476
regla_bon,3,La40,256,11.4157,1.6984
regla_bon,3,La40,512,11.4157,3.4055
regla_bon,3,La40,1024,9.3290,7.0706
regla_bon,3,La40,2048,9.3290,14.2408
regla_bon,3,La40,4096,7.0786,29.4235
regla_bon,3,La40,8192,7.0786,57.2733
regla_bon,3,La40,16384,7.0786,113.8891
regla_bon,3,La40,32768,7.0786,222.9845
regla_bon,3,La40,65536,7.8151,451.4559
regla_bon,3,La40,129723,7.4877,900.0038
ga_sembrado,3,La40,1,13.2570,0.0280
ga_sembrado,3,La40,2,13.2570,0.0280
ga_sembrado,3,La40,4,13.2570,0.0280
ga_sembrado,3,La40,8,13.2570,0.0290
ga_sembrado,3,La40,16,13.2570,0.0300
ga_sembrado,3,La40,32,13.2570,0.0320
ga_sembrado,3,La40,64,13.2570,0.0360
ga_sembrado,3,La40,128,13.2570,0.0445
ga_sembrado,3,La40,256,13.2570,0.0585
ga_sembrado,3,La40,512,13.2570,0.1055
ga_sembrado,3,La40,1024,13.2570,0.2039
ga_sembrado,3,La40,2048,13.2570,0.3929
ga_sembrado,3,La40,4096,11.9067,0.7727
ga_sembrado,3,La40,8192,11.0065,1.5174
ga_sembrado,3,La40,16384,11.0065,3.0254
ga_sembrado,3,La40,32768,10.7201,6.1759
ga_sembrado,3,La40,65536,8.4288,12.5102
ga_sembrado,3,La40,131072,8.4288,25.5859
ga_sembrado,3,La40,262144,7.1195,51.2833
ga_sembrado,3,La40,524288,7.1195,101.8279
ga_sembrado,3,La40,1048576,7.1195,194.6970
ga_sembrado,3,La40,2097152,5.9329,395.1900
ga_sembrado,3,La40,4194304,5.9329,797.3239
ga_sembrado,3,La40,4726787,5.9329,900.0008
ga,3,ABZ7,1,105.4878,0.0380
ga,3,ABZ7,2,105.4878,0.0380
ga,3,ABZ7,4,92.0732,0.0380
ga,3,ABZ7,8,92.0732,0.0390
ga,3,ABZ7,16,75.3049,0.0400
ga,3,ABZ7,32,70.4268,0.0420
ga,3,ABZ7,64,70.4268,0.0475
ga,3,ABZ7,128,61.1280,0.0585
ga,3,ABZ7,256,57.5457,0.0795
ga,3,ABZ7,512,57.5457,0.1412
ga,3,ABZ7,1024,56.6311,0.2619
ga,3,ABZ7,2048,48.8567,0.5004
ga,3,ABZ7,4096,46.4177,0.9847
ga,3,ABZ7,8192,37.1951,1.9766
ga,3,ABZ7,16384,28.8872,4.0084
ga,3,ABZ7,32768,19.0549,8.1587
ga,3,ABZ7,65536,18.2165,16.8512
ga,3,ABZ7,131072,15.0152,33.8425
ga,3,ABZ7,262144,14.3293,65.8800
ga,3,ABZ7,524288,13.5671,131.2396
ga,3,ABZ7,1048576,13.5671,258.8499
ga,3,ABZ7,2097152,13.5671,527.9977
ga,3,ABZ7,3573591,13.5671,900.0018
regla_bon,3,ABZ7,1,19.6646,0.0120
regla_bon,3,ABZ7,2,19.6646,0.0241
regla_bon,3,ABZ7,4,16.9970,0.0482
regla_bon,3,ABZ7,8,14.7866,0.0897
regla_bon,3,ABZ7,16,14.7866,0.1807
regla_bon,3,ABZ7,32,14.0244,0.3563
regla_bon,3,ABZ7,64,14.0244,0.7175
regla_bon,3,ABZ7,128,14.0244,1.4358
regla_bon,3,ABZ7,256,11.2043,2.9013
regla_bon,3,ABZ7,512,11.2043,5.9278
regla_bon,3,ABZ7,1024,11.2043,11.8926
regla_bon,3,ABZ7,2048,11.2043,24.6200
regla_bon,3,ABZ7,4096,11.2043,49.3904
regla_bon,3,ABZ7,8192,9.8323,98.1795
regla_bon,3,ABZ7,16384,9.8323,188.4232
regla_bon,3,ABZ7,32768,9.6799,377.7006
regla_bon,3,ABZ7,65536,9.6799,773.5468
regla_bon,3,ABZ7,76261,9.6799,900.0032
ga_sembrado,3,ABZ7,1,19.6646,0.0362
ga_sembrado,3,ABZ7,2,19.6646,0.0362
ga_sembrado,3,ABZ7,4,19.6646,0.0362
ga_sembrado,3,ABZ7,8,19.6646,0.0362
ga_sembrado,3,ABZ7,16,19.6646,0.0372
ga_sembrado,3,ABZ7,32,19.6646,0.0412
ga_sembrado,3,ABZ7,64,19.6646,0.0452
ga_sembrado,3,ABZ7,128,19.6646,0.0592
ga_sembrado,3,ABZ7,256,19.6646,0.0797
ga_sembrado,3,ABZ7,512,19.6646,0.1408
ga_sembrado,3,ABZ7,1024,19.6646,0.2627
ga_sembrado,3,ABZ7,2048,19.6646,0.5050
ga_sembrado,3,ABZ7,4096,19.8933,0.9981
ga_sembrado,3,ABZ7,8192,13.5671,1.9775
ga_sembrado,3,ABZ7,16384,11.2043,4.0694
ga_sembrado,3,ABZ7,32768,11.2043,8.2546
ga_sembrado,3,ABZ7,65536,11.0518,17.0987
ga_sembrado,3,ABZ7,131072,10.3659,33.9345
ga_sembrado,3,ABZ7,262144,10.3659,65.9159
ga_sembrado,3,ABZ7,524288,10.3659,131.3555
ga_sembrado,3,ABZ7,1048576,10.3659,258.9179
ga_sembrado,3,ABZ7,2097152,9.0701,528.1221
ga_sembrado,3,ABZ7,3575510,9.0701,900.0002
ga,3,ABZ8,1,108.6047,0.0440
ga,3,ABZ8,2,97.9845,0.0440
ga,3,ABZ8,4,97.9845,0.0440
ga,3,ABZ8,8,97.9845,0.0450
ga,3,ABZ8,16,90.3101,0.0460
ga,3,ABZ8,32,90.3101,0.0490
ga,3,ABZ8,64,84.1860,0.0550
ga,3,ABZ8,128,82.0155,0.0710
ga,3,ABZ8,256,77.5194,0.0970
ga,3,ABZ8,512,70.5426,0.1605
ga,3,ABZ8,1024,70.5426,0.2845
ga,3,ABZ8,2048,58.4496,0.5136
ga,3,ABZ8,4096,47.6744,0.9558
ga,3,ABZ8,8192,35.2713,1.9355
ga,3,ABZ8,16384,26.0465,3.9287
ga,3,ABZ8,32768,21.7054,9.4690
ga,3,ABZ8,65536,19.0698,19.4125
ga,3,ABZ8,131072,15.3488,36.8484
ga,3,ABZ8,262144,14.8062,82.7575
ga,3,ABZ8,524288,13.1008,143.6584
ga,3,ABZ8,1048576,10.9302,263.7886
ga,3,ABZ8,2097152,10.3876,545.8986
ga,3,ABZ8,3579506,10.3876,900.0009
ga,3,ABZ9,1,112.8593,0.0390
ga,3,ABZ9,2,112.8593,0.0390
ga,3,ABZ9,4,83.0560,0.0390
ga,3,ABZ9,8,83.0560,0.0400
ga,3,ABZ9,16,83.0560,0.0410
ga,3,ABZ9,32,83.0560,0.0440
ga,3,ABZ9,64,83.0560,0.0490
ga,3,ABZ9,128,83.0560,0.0580
ga,3,ABZ9,256,74.1301,0.0805
ga,3,ABZ9,512,72.0877,0.1435
ga,3,ABZ9,1024,63.2375,0.2510
ga,3,ABZ9,2048,58.0182,0.4776
ga,3,ABZ9,4096,49.5461,0.9007
ga,3,ABZ9,8192,40.4690,1.9014
ga,3,ABZ9,16384,25.3404,3.9266
ga,3,ABZ9,32768,19.3646,9.4070
ga,3,ABZ9,65536,15.4312,19.2644
ga,3,ABZ9,131072,14.9773,37.2139
ga,3,ABZ9,262144,14.9773,82.5993
ga,3,ABZ9,524288,14.9773,144.1249
ga,3,ABZ9,1048576,14.9773,266.1005
ga,3,ABZ9,2097152,14.9773,550.1950
ga,3,ABZ9,3547395,12.7080,900.0009
regla_bon,3,ABZ8,1,24.7287,0.0120
regla_bon,3,ABZ8,2,24.7287,0.0230
regla_bon,3,ABZ8,4,24.7287,0.0460
regla_bon,3,ABZ8,8,24.2636,0.0905
regla_bon,3,ABZ8,16,23.5659,0.1805
regla_bon,3,ABZ8,32,23.5659,0.3546
regla_bon,3,ABZ8,64,22.7132,0.6826
regla_bon,3,ABZ8,128,19.5349,1.3974
regla_bon,3,ABZ8,256,18.2171,2.8787
regla_bon,3,ABZ8,512,18.2171,6.4765
regla_bon,3,ABZ8,1024,18.2171,13.5429
regla_bon,3,ABZ8,2048,18.2171,26.5752
regla_bon,3,ABZ8,4096,18.2171,50.9509
regla_bon,3,ABZ8,8192,18.2171,111.5083
regla_bon,3,ABZ8,16384,18.2171,198.5883
regla_bon,3,ABZ8,32768,17.8295,396.2046
regla_bon,3,ABZ8,65536,16.4341,775.9366
regla_bon,3,ABZ8,75720,16.4341,900.0059
ga_sembrado,3,ABZ8,1,24.7287,0.0390
ga_sembrado,3,ABZ8,2,24.7287,0.0390
ga_sembrado,3,ABZ8,4,24.7287,0.0400
ga_sembrado,3,ABZ8,8,24.7287,0.0400
ga_sembrado,3,ABZ8,16,24.7287,0.0410
ga_sembrado,3,ABZ8,32,24.7287,0.0440
ga_sembrado,3,ABZ8,64,24.7287,0.0500
ga_sembrado,3,ABZ8,128,24.7287,0.0595
ga_sembrado,3,ABZ8,256,24.7287,0.0795
ga_sembrado,3,ABZ8,512,24.7287,0.1395
ga_sembrado,3,ABZ8,1024,24.7287,0.2490
ga_sembrado,3,ABZ8,2048,24.7287,0.4766
ga_sembrado,3,ABZ8,4096,24.7287,0.9227
ga_sembrado,3,ABZ8,8192,21.0853,1.9274
ga_sembrado,3,ABZ8,16384,20.9302,3.9036
ga_sembrado,3,ABZ8,32768,19.2248,9.4931
ga_sembrado,3,ABZ8,65536,18.1395,19.2604
ga_sembrado,3,ABZ8,131072,17.2093,37.0754
ga_sembrado,3,ABZ8,262144,17.2093,82.4553
ga_sembrado,3,ABZ8,524288,17.2093,143.7234
ga_sembrado,3,ABZ8,1048576,16.1240,264.6635
ga_sembrado,3,ABZ8,2097152,15.5814,546.7897
ga_sembrado,3,ABZ8,3575165,13.3333,900.0009
regla_bon,3,ABZ9,1,33.3585,0.0120
regla_bon,3,ABZ9,2,31.1649,0.0230
regla_bon,3,ABZ9,4,31.1649,0.0430
regla_bon,3,ABZ9,8,31.1649,0.0860
regla_bon,3,ABZ9,16,27.4584,0.1665
regla_bon,3,ABZ9,32,25.4917,0.3321
regla_bon,3,ABZ9,64,25.4917,0.6572
regla_bon,3,ABZ9,128,25.4160,1.3807
regla_bon,3,ABZ9,256,25.4160,2.8612
regla_bon,3,ABZ9,512,24.2814,6.3460
regla_bon,3,ABZ9,1024,23.0711,13.4503
regla_bon,3,ABZ9,2048,21.4826,26.4336
regla_bon,3,ABZ9,4096,21.4826,50.6969
regla_bon,3,ABZ9,8192,21.3313,110.5326
regla_bon,3,ABZ9,16384,19.1377,197.3969
regla_bon,3,ABZ9,32768,19.1377,394.2706
regla_bon,3,ABZ9,65536,19.1377,772.1553
regla_bon,3,ABZ9,76080,19.1377,900.0004
ga_sembrado,3,ABZ9,1,33.3585,0.0350
ga_sembrado,3,ABZ9,2,33.3585,0.0350
ga_sembrado,3,ABZ9,4,33.3585,0.0350
ga_sembrado,3,ABZ9,8,33.3585,0.0360
ga_sembrado,3,ABZ9,16,33.3585,0.0370
ga_sembrado,3,ABZ9,32,33.3585,0.0400
ga_sembrado,3,ABZ9,64,33.3585,0.0450
ga_sembrado,3,ABZ9,128,33.3585,0.0530
ga_sembrado,3,ABZ9,256,33.3585,0.0730
ga_sembrado,3,ABZ9,512,33.3585,0.1305
ga_sembrado,3,ABZ9,1024,33.3585,0.2400
ga_sembrado,3,ABZ9,2048,33.3585,0.4741
ga_sembrado,3,ABZ9,4096,29.8033,0.9338
ga_sembrado,3,ABZ9,8192,26.7020,1.9254
ga_sembrado,3,ABZ9,16384,26.7020,3.9197
ga_sembrado,3,ABZ9,32768,23.5250,9.2235
ga_sembrado,3,ABZ9,65536,22.6929,18.7858
ga_sembrado,3,ABZ9,131072,17.4735,36.2563
ga_sembrado,3,ABZ9,262144,16.3389,82.3368
ga_sembrado,3,ABZ9,524288,15.1286,143.5239
ga_sembrado,3,ABZ9,1048576,15.1286,264.8952
ga_sembrado,3,ABZ9,2097152,14.8260,547.3253
ga_sembrado,3,ABZ9,3569002,14.8260,900.0004
ga,4,FT10,1,76.6129,0.0100
ga,4,FT10,2,76.6129,0.0100
ga,4,FT10,4,76.6129,0.0100
ga,4,FT10,8,59.0323,0.0100
ga,4,FT10,16,59.0323,0.0110
ga,4,FT10,32,52.0430,0.0120
ga,4,FT10,64,52.0430,0.0130
ga,4,FT10,128,46.2366,0.0160
ga,4,FT10,256,46.2366,0.0230
ga,4,FT10,512,43.8172,0.0450
ga,4,FT10,1024,34.6237,0.0880
ga,4,FT10,2048,30.5376,0.1800
ga,4,FT10,4096,20.6452,0.3700
ga,4,FT10,8192,15.4839,0.7192
ga,4,FT10,16384,11.2366,1.4358
ga,4,FT10,32768,9.4086,2.9205
ga,4,FT10,65536,9.0323,5.9914
ga,4,FT10,131072,9.0323,12.4385
ga,4,FT10,262144,8.3871,27.1704
ga,4,FT10,524288,8.3871,58.6664
ga,4,FT10,1048576,8.3871,107.7518
ga,4,FT10,2097152,8.3871,208.7263
ga,4,FT10,4194304,8.3871,382.3280
ga,4,FT10,8388608,8.3871,725.6086
ga,4,FT10,10528510,8.3871,900.0009
ga_sembrado,4,FT10,1,20.3763,0.0160
ga_sembrado,4,FT10,2,20.3763,0.0170
ga_sembrado,4,FT10,4,20.3763,0.0170
ga_sembrado,4,FT10,8,20.3763,0.0170
ga_sembrado,4,FT10,16,20.3763,0.0170
ga_sembrado,4,FT10,32,20.3763,0.0180
ga_sembrado,4,FT10,64,20.3763,0.0200
ga_sembrado,4,FT10,128,20.3763,0.0240
ga_sembrado,4,FT10,256,20.3763,0.0310
ga_sembrado,4,FT10,512,20.3763,0.0550
ga_sembrado,4,FT10,1024,20.3763,0.1000
ga_sembrado,4,FT10,2048,20.3763,0.1850
ga_sembrado,4,FT10,4096,15.4301,0.3597
ga_sembrado,4,FT10,8192,8.4946,0.7123
ga_sembrado,4,FT10,16384,6.7742,1.4229
ga_sembrado,4,FT10,32768,3.6559,2.9015
ga_sembrado,4,FT10,65536,3.6559,5.9889
ga_sembrado,4,FT10,131072,3.6559,12.4315
ga_sembrado,4,FT10,262144,3.6559,27.0514
ga_sembrado,4,FT10,524288,3.6559,59.6181
ga_sembrado,4,FT10,1048576,3.6559,108.1039
ga_sembrado,4,FT10,2097152,3.6559,209.3795
ga_sembrado,4,FT10,4194304,3.9247,383.2585
ga_sembrado,4,FT10,8388608,3.9247,727.8084
ga_sembrado,4,FT10,10491159,3.9247,900.0005
regla_bon,4,FT10,1,20.3763,0.0020
regla_bon,4,FT10,2,8.8710,0.0050
regla_bon,4,FT10,4,8.8710,0.0100
regla_bon,4,FT10,8,8.8710,0.0190
regla_bon,4,FT10,16,8.8710,0.0370
regla_bon,4,FT10,32,8.3871,0.0730
regla_bon,4,FT10,64,8.3871,0.1420
regla_bon,4,FT10,128,8.3871,0.2830
regla_bon,4,FT10,256,8.3871,0.5642
regla_bon,4,FT10,512,7.4194,1.1218
regla_bon,4,FT10,1024,6.6667,2.2625
regla_bon,4,FT10,2048,3.8710,4.7250
regla_bon,4,FT10,4096,3.8710,9.9431
regla_bon,4,FT10,8192,3.8710,19.8451
regla_bon,4,FT10,16384,3.8710,46.1330
regla_bon,4,FT10,32768,3.8710,89.4553
regla_bon,4,FT10,65536,3.8710,168.6882
regla_bon,4,FT10,131072,3.7097,312.2504
regla_bon,4,FT10,262144,3.8172,585.9971
regla_bon,4,FT10,412624,3.8172,900.0015
ga,4,FT20,1,93.6481,0.0140
ga,4,FT20,2,54.9785,0.0140
ga,4,FT20,4,54.9785,0.0140
ga,4,FT20,8,54.9785,0.0140
ga,4,FT20,16,54.9785,0.0150
ga,4,FT20,32,42.9614,0.0160
ga,4,FT20,64,42.9614,0.0170
ga,4,FT20,128,42.9614,0.0210
ga,4,FT20,256,42.9614,0.0280
ga,4,FT20,512,42.9614,0.0520
ga,4,FT20,1024,36.1373,0.0970
ga,4,FT20,2048,33.6481,0.1800
ga,4,FT20,4096,26.5236,0.3576
ga,4,FT20,8192,13.7768,0.7093
ga,4,FT20,16384,8.8412,1.4389
ga,4,FT20,32768,3.3476,2.9425
ga,4,FT20,65536,3.3476,5.9909
ga,4,FT20,131072,3.3476,12.5645
ga,4,FT20,262144,3.3476,28.1921
ga,4,FT20,524288,3.3476,60.1768
ga,4,FT20,1048576,3.3476,108.8720
ga,4,FT20,2097152,3.3476,212.2007
ga,4,FT20,4194304,3.3476,386.7324
ga,4,FT20,8388608,3.3476,734.3646
ga,4,FT20,10391566,3.3476,900.0005
ga_sembrado,4,FT20,1,13.2189,0.0130
ga_sembrado,4,FT20,2,13.2189,0.0130
ga_sembrado,4,FT20,4,13.2189,0.0130
ga_sembrado,4,FT20,8,13.2189,0.0140
ga_sembrado,4,FT20,16,13.2189,0.0140
ga_sembrado,4,FT20,32,13.2189,0.0150
ga_sembrado,4,FT20,64,13.2189,0.0170
ga_sembrado,4,FT20,128,13.2189,0.0200
ga_sembrado,4,FT20,256,13.2189,0.0270
ga_sembrado,4,FT20,512,13.2189,0.0490
ga_sembrado,4,FT20,1024,13.2189,0.0940
ga_sembrado,4,FT20,2048,13.2189,0.1810
ga_sembrado,4,FT20,4096,13.2189,0.3576
ga_sembrado,4,FT20,8192,12.7897,0.7072
ga_sembrado,4,FT20,16384,11.9742,1.4344
ga_sembrado,4,FT20,32768,8.1545,2.9690
ga_sembrado,4,FT20,65536,6.6094,6.1496
ga_sembrado,4,FT20,131072,4.1631,12.7041
ga_sembrado,4,FT20,262144,2.3176,28.5097
ga_sembrado,4,FT20,524288,2.3176,60.3977
ga_sembrado,4,FT20,1048576,2.3176,109.0500
ga_sembrado,4,FT20,2097152,2.3176,212.3117
ga_sembrado,4,FT20,4194304,2.3176,386.6124
ga_sembrado,4,FT20,8388608,2.3176,733.3194
ga_sembrado,4,FT20,10411357,2.3176,900.0010
regla_bon,4,FT20,1,13.2189,0.0030
regla_bon,4,FT20,2,13.2189,0.0060
regla_bon,4,FT20,4,13.2189,0.0130
regla_bon,4,FT20,8,11.6738,0.0250
regla_bon,4,FT20,16,11.4592,0.0500
regla_bon,4,FT20,32,11.4592,0.1000
regla_bon,4,FT20,64,11.4592,0.2066
regla_bon,4,FT20,128,11.4592,0.4132
regla_bon,4,FT20,256,11.3734,0.8172
regla_bon,4,FT20,512,9.9571,1.6314
regla_bon,4,FT20,1024,6.9528,3.3475
regla_bon,4,FT20,2048,6.9528,7.2768
regla_bon,4,FT20,4096,6.9528,14.2402
regla_bon,4,FT20,8192,7.3820,34.1786
regla_bon,4,FT20,16384,7.3820,68.8080
regla_bon,4,FT20,32768,7.3820,122.4313
regla_bon,4,FT20,65536,5.8798,236.2801
regla_bon,4,FT20,131072,5.8798,435.3376
regla_bon,4,FT20,262144,5.8798,832.0828
regla_bon,4,FT20,284661,5.8798,900.0010
ga,4,La21,1,71.5105,0.0120
ga,4,La21,2,71.5105,0.0120
ga,4,La21,4,71.2237,0.0130
ga,4,La21,8,71.2237,0.0130
ga,4,La21,16,61.9981,0.0140
ga,4,La21,32,61.9981,0.0150
ga,4,La21,64,56.5966,0.0170
ga,4,La21,128,54.0153,0.0220
ga,4,La21,256,54.0153,0.0320
ga,4,La21,512,46.3193,0.0625
ga,4,La21,1024,44.3595,0.1215
ga,4,La21,2048,37.4761,0.2321
ga,4,La21,4096,34.2734,0.4666
ga,4,La21,8192,18.6902,0.9302
ga,4,La21,16384,14.3403,1.8926
ga,4,La21,32768,9.3212,3.8071
ga,4,La21,65536,6.6444,7.6405
ga,4,La21,131072,5.3537,15.1835
ga,4,La21,262144,5.3537,30.1632
ga,4,La21,524288,5.3537,60.1018
ga,4,La21,1048576,5.3537,120.8019
ga,4,La21,2097152,5.3537,242.4380
ga,4,La21,4194304,5.3537,487.6907
ga,4,La21,7667764,5.3537,900.0001
ga_sembrado,4,La21,1,15.0096,0.0180
ga_sembrado,4,La21,2,15.0096,0.0180
ga_sembrado,4,La21,4,15.0096,0.0180
ga_sembrado,4,La21,8,15.0096,0.0190
ga_sembrado,4,La21,16,15.0096,0.0190
ga_sembrado,4,La21,32,15.0096,0.0210
ga_sembrado,4,La21,64,15.0096,0.0230
ga_sembrado,4,La21,128,15.0096,0.0290
ga_sembrado,4,La21,256,15.0096,0.0390
ga_sembrado,4,La21,512,15.0096,0.0705
ga_sembrado,4,La21,1024,15.0096,0.1265
ga_sembrado,4,La21,2048,15.0096,0.2501
ga_sembrado,4,La21,4096,16.3958,0.4806
ga_sembrado,4,La21,8192,14.9140,0.9702
ga_sembrado,4,La21,16384,11.6635,1.9236
ga_sembrado,4,La21,32768,9.6558,3.8561
ga_sembrado,4,La21,65536,6.0229,7.7360
ga_sembrado,4,La21,131072,6.0229,15.2600
ga_sembrado,4,La21,262144,4.3021,30.3348
ga_sembrado,4,La21,524288,3.1549,60.3958
ga_sembrado,4,La21,1048576,3.1549,121.0573
ga_sembrado,4,La21,2097152,3.1549,242.9756
ga_sembrado,4,La21,4194304,2.4857,489.1855
ga_sembrado,4,La21,7644850,2.4857,900.0006
regla_bon,4,La21,1,15.0096,0.0040
regla_bon,4,La21,2,15.0096,0.0090
regla_bon,4,La21,4,12.3327,0.0150
regla_bon,4,La21,8,12.3327,0.0300
regla_bon,4,La21,16,12.3327,0.0610
regla_bon,4,La21,32,12.8107,0.1265
regla_bon,4,La21,64,12.5239,0.2571
regla_bon,4,La21,128,11.1855,0.5006
regla_bon,4,La21,256,11.1855,1.0187
regla_bon,4,La21,512,11.1855,2.0376
regla_bon,4,La21,1024,10.1338,4.1376
regla_bon,4,La21,2048,10.1338,8.3402
regla_bon,4,La21,4096,8.6998,16.4494
regla_bon,4,La21,8192,8.6998,32.8731
regla_bon,4,La21,16384,8.9866,65.7394
regla_bon,4,La21,32768,9.1778,132.0240
regla_bon,4,La21,65536,9.1778,264.0180
regla_bon,4,La21,131072,9.1778,530.3640
regla_bon,4,La21,220212,8.7476,900.0006
ga,4,La24,1,115.9893,0.0180
ga,4,La24,2,65.3476,0.0180
ga,4,La24,4,65.3476,0.0180
ga,4,La24,8,65.3476,0.0190
ga,4,La24,16,65.3476,0.0190
ga,4,La24,32,65.3476,0.0210
ga,4,La24,64,65.3476,0.0230
ga,4,La24,128,62.5668,0.0280
ga,4,La24,256,61.2834,0.0380
ga,4,La24,512,50.1604,0.0695
ga,4,La24,1024,50.1604,0.1295
ga,4,La24,2048,38.2888,0.2501
ga,4,La24,4096,29.3048,0.4966
ga,4,La24,8192,19.8930,0.9602
ga,4,La24,16384,10.5882,1.8620
ga,4,La24,32768,7.2727,3.7931
ga,4,La24,65536,7.2727,7.6785
ga,4,La24,131072,7.1658,15.2070
ga,4,La24,262144,7.1658,30.2908
ga,4,La24,524288,7.1658,60.3618
ga,4,La24,1048576,7.1658,121.1459
ga,4,La24,2097152,7.1658,242.8556
ga,4,La24,4194304,7.1658,488.6229
ga,4,La24,7649580,7.1658,900.0006
regla_bon,4,La24,1,10.1070,0.0040
regla_bon,4,La24,2,10.1070,0.0090
regla_bon,4,La24,4,10.1070,0.0180
regla_bon,4,La24,8,10.1070,0.0320
regla_bon,4,La24,16,8.3957,0.0655
regla_bon,4,La24,32,8.3957,0.1315
regla_bon,4,La24,64,8.3957,0.2585
regla_bon,4,La24,128,7.4866,0.5021
regla_bon,4,La24,256,7.4866,1.0072
regla_bon,4,La24,512,7.4866,2.0732
regla_bon,4,La24,1024,8.5027,4.2037
regla_bon,4,La24,2048,7.1658,8.4337
regla_bon,4,La24,4096,7.5401,16.7309
regla_bon,4,La24,8192,6.1497,33.1806
regla_bon,4,La24,16384,6.1497,66.0849
regla_bon,4,La24,32768,6.1497,132.8130
regla_bon,4,La24,65536,6.1497,265.9146
regla_bon,4,La24,131072,5.6150,536.0703
regla_bon,4,La24,218384,5.6150,900.0010
ga_sembrado,4,La24,1,10.1070,0.0190
ga_sembrado,4,La24,2,10.1070,0.0190
ga_sembrado,4,La24,4,10.1070,0.0190
ga_sembrado,4,La24,8,10.1070,0.0190
ga_sembrado,4,La24,16,10.1070,0.0200
ga_sembrado,4,La24,32,10.1070,0.0210
ga_sembrado,4,La24,64,10.1070,0.0230
ga_sembrado,4,La24,128,10.1070,0.0280
ga_sembrado,4,La24,256,10.1070,0.0390
ga_sembrado,4,La24,512,10.1070,0.0705
ga_sembrado,4,La24,1024,10.1070,0.1325
ga_sembrado,4,La24,2048,10.1070,0.2625
ga_sembrado,4,La24,4096,9.8396,0.5061
ga_sembrado,4,La24,8192,9.5187,0.9802
ga_sembrado,4,La24,16384,8.5027,1.9201
ga_sembrado,4,La24,32768,8.1818,3.8613
ga_sembrado,4,La24,65536,5.6684,7.7550
ga_sembrado,4,La24,131072,4.5989,15.3705
ga_sembrado,4,La24,262144,3.1016,30.5669
ga_sembrado,4,La24,524288,2.6738,60.5994
ga_sembrado,4,La24,1048576,2.6738,121.8120
ga_sembrado,4,La24,2097152,2.6738,243.9373
ga_sembrado,4,La24,4194304,2.6738,490.6199
ga_sembrado,4,La24,7618355,2.6738,900.0020
ga,4,La25,1,105.6295,0.0220
ga,4,La25,2,87.4616,0.0220
ga,4,La25,4,87.4616,0.0220
ga,4,La25,8,70.5732,0.0230
ga,4,La25,16,66.3255,0.0230
ga,4,La25,32,66.3255,0.0250
ga,4,La25,64,66.3255,0.0280
ga,4,La25,128,43.6540,0.0330
ga,4,La25,256,43.6540,0.0450
ga,4,La25,512,43.6540,0.0890
ga,4,La25,1024,43.1423,0.1640
ga,4,La25,2048,29.9386,0.3620
ga,4,La25,4096,29.9386,0.7035
ga,4,La25,8192,22.4156,1.1656
ga,4,La25,16384,10.3378,2.3150
ga,4,La25,32768,6.5507,4.8606
ga,4,La25,65536,6.5507,8.8317
ga,4,La25,131072,6.5507,16.5929
ga,4,La25,262144,6.5507,32.4480
ga,4,La25,524288,6.5507,64.6812
ga,4,La25,1048576,6.5507,128.8900
ga,4,La25,2097152,5.2201,269.3561
ga,4,La25,4194304,2.5077,562.6170
ga,4,La25,6604930,2.4053,900.0000
ga_sembrado,4,La25,1,11.8219,0.0220
ga_sembrado,4,La25,2,11.8219,0.0220
ga_sembrado,4,La25,4,11.8219,0.0220
ga_sembrado,4,La25,8,11.8219,0.0220
ga_sembrado,4,La25,16,11.8219,0.0230
ga_sembrado,4,La25,32,11.8219,0.0240
ga_sembrado,4,La25,64,11.8219,0.0270
ga_sembrado,4,La25,128,11.8219,0.0380
ga_sembrado,4,La25,256,11.8219,0.0510
ga_sembrado,4,La25,512,11.8219,0.0880
ga_sembrado,4,La25,1024,11.8219,0.1990
ga_sembrado,4,La25,2048,11.8219,0.4620
ga_sembrado,4,La25,4096,11.8219,0.6925
ga_sembrado,4,La25,8192,9.9795,1.1706
ga_sembrado,4,La25,16384,9.9795,2.3883
ga_sembrado,4,La25,32768,9.7748,4.7041
ga_sembrado,4,La25,65536,9.7748,8.6487
ga_sembrado,4,La25,131072,9.7748,16.4689
ga_sembrado,4,La25,262144,10.2354,32.3910
ga_sembrado,4,La25,524288,7.2160,64.6402
ga_sembrado,4,La25,1048576,7.2160,128.7500
ga_sembrado,4,La25,2097152,7.0113,268.8070
ga_sembrado,4,La25,4194304,7.0113,561.2597
ga_sembrado,4,La25,6608315,7.0113,900.0191
ga,4,La27,1,92.8745,0.0340
ga,4,La27,2,92.8745,0.0340
ga,4,La27,4,92.8745,0.0340
ga,4,La27,8,93.6842,0.0350
ga,4,La27,16,81.8623,0.0360
ga,4,La27,32,75.9109,0.0380
ga,4,La27,64,52.3077,0.0410
ga,4,La27,128,52.3077,0.0480
ga,4,La27,256,52.3077,0.0630
ga,4,La27,512,52.3077,0.1130
ga,4,La27,1024,46.2348,0.2440
ga,4,La27,2048,45.9109,0.4975
ga,4,La27,4096,37.8138,0.7965
ga,4,La27,8192,28.2996,1.4236
ga,4,La27,16384,17.7328,3.1089
ga,4,La27,32768,6.8826,5.8221
ga,4,La27,65536,4.6154,10.9124
ga,4,La27,131072,4.0891,20.9052
ga,4,La27,262144,4.0891,40.9422
ga,4,La27,524288,4.0891,81.6564
ga,4,La27,1048576,4.0891,165.5847
ga,4,La27,2097152,4.0891,354.9641
ga,4,La27,4194304,4.0891,720.9957
ga,4,La27,5170054,4.0891,900.0271
regla_bon,4,La25,1,11.8219,0.0090
regla_bon,4,La25,2,11.8219,0.0140
regla_bon,4,La25,4,11.9754,0.0260
regla_bon,4,La25,8,11.9243,0.0440
regla_bon,4,La25,16,11.9243,0.0790
regla_bon,4,La25,32,9.8260,0.1780
regla_bon,4,La25,64,9.8260,0.4650
regla_bon,4,La25,128,10.5425,0.7345
regla_bon,4,La25,256,6.9601,1.2416
regla_bon,4,La25,512,6.9601,2.6349
regla_bon,4,La25,1024,6.9601,5.1789
regla_bon,4,La25,2048,6.9601,9.4981
regla_bon,4,La25,4096,5.4248,18.0442
regla_bon,4,La25,8192,5.4248,35.2472
regla_bon,4,La25,16384,5.4248,70.2149
regla_bon,4,La25,32768,5.4248,141.1506
regla_bon,4,La25,65536,5.4248,296.1988
regla_bon,4,La25,131072,5.0154,611.8458
regla_bon,4,La25,189923,4.9130,900.0361
ga_sembrado,4,La27,1,24.9798,0.0450
ga_sembrado,4,La27,2,24.9798,0.0460
ga_sembrado,4,La27,4,24.9798,0.0460
ga_sembrado,4,La27,8,24.9798,0.0470
ga_sembrado,4,La27,16,24.9798,0.0490
ga_sembrado,4,La27,32,24.9798,0.0510
ga_sembrado,4,La27,64,24.9798,0.0560
ga_sembrado,4,La27,128,24.9798,0.0750
ga_sembrado,4,La27,256,24.9798,0.0930
ga_sembrado,4,La27,512,24.9798,0.1600
ga_sembrado,4,La27,1024,24.9798,0.3120
ga_sembrado,4,La27,2048,24.9798,0.4705
ga_sembrado,4,La27,4096,24.9798,0.7725
ga_sembrado,4,La27,8192,23.0364,1.4502
ga_sembrado,4,La27,16384,13.9271,3.0859
ga_sembrado,4,La27,32768,7.1660,5.7811
ga_sembrado,4,La27,65536,5.7895,10.8679
ga_sembrado,4,La27,131072,5.7895,20.9292
ga_sembrado,4,La27,262144,5.7895,41.2191
ga_sembrado,4,La27,524288,4.9798,82.1725
ga_sembrado,4,La27,1048576,4.5749,166.0014
ga_sembrado,4,La27,2097152,4.5749,356.3775
ga_sembrado,4,La27,4194304,4.5749,724.0416
ga_sembrado,4,La27,5150795,4.5749,900.0001
regla_bon,4,La27,1,24.9798,0.0180
regla_bon,4,La27,2,19.0688,0.0360
regla_bon,4,La27,4,19.0688,0.0610
regla_bon,4,La27,8,12.4291,0.1000
regla_bon,4,La27,16,12.4291,0.2410
regla_bon,4,La27,32,12.4291,0.3795
regla_bon,4,La27,64,12.5506,0.6015
regla_bon,4,La27,128,12.4291,1.0446
regla_bon,4,La27,256,12.4291,2.1221
regla_bon,4,La27,512,12.4291,4.3841
regla_bon,4,La27,1024,10.0000,8.0181
regla_bon,4,La27,2048,10.0000,15.0552
regla_bon,4,La27,4096,10.2834,29.2110
regla_bon,4,La27,8192,10.2834,58.3071
regla_bon,4,La27,16384,9.7166,115.2947
regla_bon,4,La27,32768,8.4615,240.6740
regla_bon,4,La27,65536,7.4089,504.9228
regla_bon,4,La27,114676,7.6923,900.0121
ga,4,La29,1,97.7431,0.0280
ga,4,La29,2,97.7431,0.0280
ga,4,La29,4,88.8021,0.0280
ga,4,La29,8,88.8889,0.0290
ga,4,La29,16,75.0868,0.0300
ga,4,La29,32,75.0868,0.0330
ga,4,La29,64,75.0868,0.0360
ga,4,La29,128,62.6736,0.0440
ga,4,La29,256,62.6736,0.0635
ga,4,La29,512,54.9913,0.1991
ga,4,La29,1024,54.9913,0.3271
ga,4,La29,2048,49.9132,0.5031
ga,4,La29,4096,40.4514,0.8567
ga,4,La29,8192,30.1215,1.5669
ga,4,La29,16384,20.3559,3.0712
ga,4,La29,32768,15.6250,6.4534
ga,4,La29,65536,11.3715,12.6056
ga,4,La29,131072,9.0712,24.1118
ga,4,La29,262144,9.0712,47.2679
ga,4,La29,524288,9.0712,92.7881
ga,4,La29,1048576,9.0712,183.6729
ga,4,La29,2097152,9.0712,373.1600
ga,4,La29,4194304,8.2465,753.5554
ga,4,La29,5137780,8.0295,900.0003
ga,4,La38,1,68.1438,0.0560
ga,4,La38,2,68.1438,0.0560
ga,4,La38,4,68.1438,0.0560
ga,4,La38,8,54.3478,0.0570
ga,4,La38,16,54.3478,0.0580
ga,4,La38,32,54.3478,0.0620
ga,4,La38,64,54.3478,0.0710
ga,4,La38,128,54.3478,0.0800
ga,4,La38,256,54.3478,0.1220
ga,4,La38,512,54.3478,0.1990
ga,4,La38,1024,49.7910,0.3040
ga,4,La38,2048,42.7258,0.4991
ga,4,La38,4096,42.0569,0.8847
ga,4,La38,8192,32.6505,1.6617
ga,4,La38,16384,18.8127,3.3783
ga,4,La38,32768,12.1237,6.9526
ga,4,La38,65536,12.0819,13.6159
ga,4,La38,131072,11.2040,26.2917
ga,4,La38,262144,9.1973,52.1760
ga,4,La38,524288,9.1973,102.4165
ga,4,La38,1048576,7.6923,205.8896
ga,4,La38,2097152,7.6087,411.8006
ga,4,La38,4194304,7.3579,824.1510
ga,4,La38,4633968,7.3579,900.0002
regla_bon,4,La29,1,13.4115,0.0080
regla_bon,4,La29,2,13.4115,0.0180
regla_bon,4,La29,4,13.4115,0.0730
regla_bon,4,La29,8,13.4115,0.1380
regla_bon,4,La29,16,13.4115,0.2170
regla_bon,4,La29,32,13.4115,0.3520
regla_bon,4,La29,64,13.4115,0.6046
regla_bon,4,La29,128,13.4115,1.0947
regla_bon,4,La29,256,12.8472,2.0692
regla_bon,4,La29,512,10.7639,4.3687
regla_bon,4,La29,1024,10.7639,8.8808
regla_bon,4,La29,2048,10.7205,16.9607
regla_bon,4,La29,4096,9.0278,33.3642
regla_bon,4,La29,8192,9.0278,66.1493
regla_bon,4,La29,16384,9.0278,130.1735
regla_bon,4,La29,32768,9.0278,266.5417
regla_bon,4,La29,65536,9.0278,523.4318
regla_bon,4,La29,113783,9.0278,900.0062
ga_sembrado,4,La29,1,13.4115,0.0680
ga_sembrado,4,La29,2,13.4115,0.0680
ga_sembrado,4,La29,4,13.4115,0.0680
ga_sembrado,4,La29,8,13.4115,0.0690
ga_sembrado,4,La29,16,13.4115,0.0700
ga_sembrado,4,La29,32,13.4115,0.0740
ga_sembrado,4,La29,64,13.4115,0.0780
ga_sembrado,4,La29,128,13.4115,0.1010
ga_sembrado,4,La29,256,13.4115,0.1200
ga_sembrado,4,La29,512,13.4115,0.1710
ga_sembrado,4,La29,1024,13.4115,0.2690
ga_sembrado,4,La29,2048,13.4115,0.4460
ga_sembrado,4,La29,4096,13.4115,0.7987
ga_sembrado,4,La29,8192,12.4132,1.5098
ga_sembrado,4,La29,16384,10.6771,2.9802
ga_sembrado,4,La29,32768,10.3299,6.2703
ga_sembrado,4,La29,65536,10.0260,12.4216
ga_sembrado,4,La29,131072,8.9844,23.9107
ga_sembrado,4,La29,262144,8.1597,46.8797
ga_sembrado,4,La29,524288,7.6389,92.2984
ga_sembrado,4,La29,1048576,8.0295,183.1555
ga_sembrado,4,La29,2097152,8.0295,372.2577
ga_sembrado,4,La29,4194304,8.0295,752.8422
ga_sembrado,4,La29,5141852,8.0295,900.0002
regla_bon,4,La38,1,14.9666,0.0240
regla_bon,4,La38,2,12.6672,0.0310
regla_bon,4,La38,4,12.6672,0.0480
regla_bon,4,La38,8,12.6672,0.0850
regla_bon,4,La38,16,12.6672,0.1420
regla_bon,4,La38,32,12.6672,0.2610
regla_bon,4,La38,64,10.7441,0.4816
regla_bon,4,La38,128,10.7441,0.9247
regla_bon,4,La38,256,10.7441,1.7983
regla_bon,4,La38,512,10.7441,3.8930
regla_bon,4,La38,1024,9.1137,8.2052
regla_bon,4,La38,2048,8.3612,15.4463
regla_bon,4,La38,4096,7.2324,30.3275
regla_bon,4,La38,8192,7.2324,59.7901
regla_bon,4,La38,16384,7.2324,117.9030
regla_bon,4,La38,32768,7.2324,241.5032
regla_bon,4,La38,65536,7.5251,474.4921
regla_bon,4,La38,125423,7.5251,900.0012
ga_sembrado,4,La38,1,14.9666,0.0420
ga_sembrado,4,La38,2,14.9666,0.0420
ga_sembrado,4,La38,4,14.9666,0.0420
ga_sembrado,4,La38,8,14.9666,0.0420
ga_sembrado,4,La38,16,14.9666,0.0440
ga_sembrado,4,La38,32,14.9666,0.0470
ga_sembrado,4,La38,64,14.9666,0.0520
ga_sembrado,4,La38,128,14.9666,0.0600
ga_sembrado,4,La38,256,14.9666,0.0770
ga_sembrado,4,La38,512,14.9666,0.1310
ga_sembrado,4,La38,1024,14.9666,0.2350
ga_sembrado,4,La38,2048,14.9666,0.4316
ga_sembrado,4,La38,4096,12.1237,0.8307
ga_sembrado,4,La38,8192,10.5351,1.6217
ga_sembrado,4,La38,16384,9.9916,3.3643
ga_sembrado,4,La38,32768,6.0619,6.9436
ga_sembrado,4,La38,65536,5.7274,13.5860
ga_sembrado,4,La38,131072,5.5184,26.1912
ga_sembrado,4,La38,262144,5.5184,52.0530
ga_sembrado,4,La38,524288,5.5184,102.3310
ga_sembrado,4,La38,1048576,5.5184,205.9582
ga_sembrado,4,La38,2097152,5.5184,412.0122
ga_sembrado,4,La38,4194304,5.5184,824.6763
ga_sembrado,4,La38,4630228,5.5184,900.0002
ga,4,La40,1,91.3666,0.0260
ga,4,La40,2,69.8036,0.0260
ga,4,La40,4,69.8036,0.0260
ga,4,La40,8,69.8036,0.0260
ga,4,La40,16,69.8036,0.0270
ga,4,La40,32,69.8036,0.0280
ga,4,La40,64,58.6743,0.0320
ga,4,La40,128,58.6743,0.0380
ga,4,La40,256,58.6743,0.0540
ga,4,La40,512,58.6743,0.0960
ga,4,La40,1024,47.9133,0.1820
ga,4,La40,2048,38.1751,0.3541
ga,4,La40,4096,33.5516,0.6921
ga,4,La40,8192,33.0606,1.3963
ga,4,La40,16384,18.0442,2.8011
ga,4,La40,32768,10.0655,5.5807
ga,4,La40,65536,7.9787,11.0130
ga,4,La40,131072,7.9378,21.7958
ga,4,La40,262144,6.8331,43.4334
ga,4,La40,524288,4.3372,87.5270
ga,4,La40,1048576,4.3372,175.4045
ga,4,La40,2097152,4.3372,349.3140
ga,4,La40,4194304,4.3372,698.1547
ga,4,La40,5417338,4.3372,900.0009
ga_sembrado,4,La40,1,13.2570,0.0220
ga_sembrado,4,La40,2,13.2570,0.0220
ga_sembrado,4,La40,4,13.2570,0.0220
ga_sembrado,4,La40,8,13.2570,0.0230
ga_sembrado,4,La40,16,13.2570,0.0240
ga_sembrado,4,La40,32,13.2570,0.0260
ga_sembrado,4,La40,64,13.2570,0.0300
ga_sembrado,4,La40,128,13.2570,0.0370
ga_sembrado,4,La40,256,13.2570,0.0520
ga_sembrado,4,La40,512,13.2570,0.0950
ga_sembrado,4,La40,1024,13.2570,0.1730
ga_sembrado,4,La40,2048,13.2570,0.3421
ga_sembrado,4,La40,4096,11.5794,0.6941
ga_sembrado,4,La40,8192,11.3748,1.3823
ga_sembrado,4,La40,16384,9.9018,2.7581
ga_sembrado,4,La40,32768,9.9018,5.5497
ga_sembrado,4,La40,65536,9.3699,10.9460
ga_sembrado,4,La40,131072,8.5925,21.8378
ga_sembrado,4,La40,262144,7.6923,43.5085
ga_sembrado,4,La40,524288,7.1195,87.9216
ga_sembrado,4,La40,1048576,7.1195,176.0393
ga_sembrado,4,La40,2097152,5.8920,349.8537
ga_sembrado,4,La40,4194304,5.8920,700.8676
ga_sembrado,4,La40,5394354,5.8920,900.0004
regla_bon,4,La40,1,13.2570,0.0070
regla_bon,4,La40,2,13.2570,0.0130
regla_bon,4,La40,4,13.2570,0.0260
regla_bon,4,La40,8,13.2570,0.0520
regla_bon,4,La40,16,13.2570,0.1040
regla_bon,4,La40,32,13.2570,0.2100
regla_bon,4,La40,64,13.2570,0.4091
regla_bon,4,La40,128,10.5565,0.7852
regla_bon,4,La40,256,11.0475,1.5434
regla_bon,4,La40,512,11.0475,3.1563
regla_bon,4,La40,1024,11.0475,6.3965
regla_bon,4,La40,2048,10.1064,12.6545
regla_bon,4,La40,4096,8.9198,25.1956
regla_bon,4,La40,8192,8.1424,50.5362
regla_bon,4,La40,16384,8.1424,101.2246
regla_bon,4,La40,32768,8.3470,202.2228
regla_bon,4,La40,65536,6.7921,402.7023
regla_bon,4,La40,131072,7.6514,806.0706
regla_bon,4,La40,146507,8.3061,900.0054
ga,4,ABZ7,1,80.4116,0.0290
ga,4,ABZ7,2,80.4116,0.0290
ga,4,ABZ7,4,80.4116,0.0290
ga,4,ABZ7,8,80.4116,0.0300
ga,4,ABZ7,16,71.5701,0.0320
ga,4,ABZ7,32,68.9024,0.0340
ga,4,ABZ7,64,68.9024,0.0390
ga,4,ABZ7,128,68.9024,0.0490
ga,4,ABZ7,256,68.9024,0.0690
ga,4,ABZ7,512,62.2713,0.1240
ga,4,ABZ7,1024,57.4695,0.2441
ga,4,ABZ7,2048,53.3537,0.4831
ga,4,ABZ7,4096,43.4451,0.9352
ga,4,ABZ7,8192,33.5366,1.8404
ga,4,ABZ7,16384,26.2957,3.6488
ga,4,ABZ7,32768,16.3110,7.3135
ga,4,ABZ7,65536,13.3384,14.5041
ga,4,ABZ7,131072,12.8049,28.6515
ga,4,ABZ7,262144,10.9756,57.8991
ga,4,ABZ7,524288,7.7744,115.1490
ga,4,ABZ7,1048576,6.8598,229.8228
ga,4,ABZ7,2097152,6.8598,458.6363
ga,4,ABZ7,4125026,6.8598,900.0004
ga_sembrado,4,ABZ7,1,19.6646,0.0380
ga_sembrado,4,ABZ7,2,19.6646,0.0380
ga_sembrado,4,ABZ7,4,19.6646,0.0390
ga_sembrado,4,ABZ7,8,19.6646,0.0390
ga_sembrado,4,ABZ7,16,19.6646,0.0410
ga_sembrado,4,ABZ7,32,19.6646,0.0430
ga_sembrado,4,ABZ7,64,19.6646,0.0480
ga_sembrado,4,ABZ7,128,19.6646,0.0570
ga_sembrado,4,ABZ7,256,19.6646,0.0770
ga_sembrado,4,ABZ7,512,19.6646,0.1381
ga_sembrado,4,ABZ7,1024,19.6646,0.2471
ga_sembrado,4,ABZ7,2048,19.6646,0.4691
ga_sembrado,4,ABZ7,4096,19.7409,0.9172
ga_sembrado,4,ABZ7,8192,14.1768,1.8244
ga_sembrado,4,ABZ7,16384,12.6524,3.6744
ga_sembrado,4,ABZ7,32768,10.6707,7.3521
ga_sembrado,4,ABZ7,65536,10.3659,14.6467
ga_sembrado,4,ABZ7,131072,9.9848,29.0011
ga_sembrado,4,ABZ7,262144,8.7652,58.1869
ga_sembrado,4,ABZ7,524288,8.7652,116.0312
ga_sembrado,4,ABZ7,1048576,7.6220,232.0434
ga_sembrado,4,ABZ7,2097152,7.6220,463.5721
ga_sembrado,4,ABZ7,4082455,7.6220,900.0004
regla_bon,4,ABZ7,1,19.6646,0.0090
regla_bon,4,ABZ7,2,16.0823,0.0200
regla_bon,4,ABZ7,4,16.0823,0.0380
regla_bon,4,ABZ7,8,13.4909,0.0810
regla_bon,4,ABZ7,16,13.4909,0.1620
regla_bon,4,ABZ7,32,13.4909,0.3321
regla_bon,4,ABZ7,64,14.0244,0.6552
regla_bon,4,ABZ7,128,14.0244,1.3073
regla_bon,4,ABZ7,256,12.8811,2.6921
regla_bon,4,ABZ7,512,12.8811,5.4287
regla_bon,4,ABZ7,1024,12.8811,10.7969
regla_bon,4,ABZ7,2048,12.0427,21.4117
regla_bon,4,ABZ7,4096,10.7470,42.6773
regla_bon,4,ABZ7,8192,10.7470,85.8907
regla_bon,4,ABZ7,16384,10.7470,171.5808
regla_bon,4,ABZ7,32768,10.7470,341.6582
regla_bon,4,ABZ7,65536,10.3659,684.5126
regla_bon,4,ABZ7,86357,10.4421,900.0014
ga,4,ABZ8,1,107.7519,0.0365
ga,4,ABZ8,2,101.3953,0.0365
ga,4,ABZ8,4,92.7132,0.0375
ga,4,ABZ8,8,92.7132,0.0375
ga,4,ABZ8,16,92.7132,0.0395
ga,4,ABZ8,32,92.7132,0.0415
ga,4,ABZ8,64,88.2946,0.0465
ga,4,ABZ8,128,82.0155,0.0575
ga,4,ABZ8,256,74.2636,0.0795
ga,4,ABZ8,512,69.7674,0.1405
ga,4,ABZ8,1024,63.8760,0.2585
ga,4,ABZ8,2048,61.7054,0.4841
ga,4,ABZ8,4096,51.6279,0.9277
ga,4,ABZ8,8192,39.7674,1.8323
ga,4,ABZ8,16384,29.0698,3.6373
ga,4,ABZ8,32768,21.8605,7.1608
ga,4,ABZ8,65536,17.4419,14.2862
ga,4,ABZ8,131072,13.0233,28.3775
ga,4,ABZ8,262144,11.6279,56.6665
ga,4,ABZ8,524288,11.6279,113.0588
ga,4,ABZ8,1048576,11.6279,226.7462
ga,4,ABZ8,2097152,10.9302,458.5091
ga,4,ABZ8,4126452,10.9302,900.0000
regla_bon,4,ABZ8,1,24.7287,0.0100
regla_bon,4,ABZ8,2,24.7287,0.0210
regla_bon,4,ABZ8,4,24.7287,0.0420
regla_bon,4,ABZ8,8,24.7287,0.0840
regla_bon,4,ABZ8,16,21.3178,0.1650
regla_bon,4,ABZ8,32,21.4729,0.3055
regla_bon,4,ABZ8,64,21.4729,0.6136
regla_bon,4,ABZ8,128,21.3178,1.2937
regla_bon,4,ABZ8,256,21.3178,2.6331
regla_bon,4,ABZ8,512,20.0000,5.2395
regla_bon,4,ABZ8,1024,19.6899,10.5847
regla_bon,4,ABZ8,2048,19.6899,21.0903
regla_bon,4,ABZ8,4096,18.8372,42.0877
regla_bon,4,ABZ8,8192,18.5271,84.2323
regla_bon,4,ABZ8,16384,18.5271,169.2332
regla_bon,4,ABZ8,32768,17.9845,342.2610
regla_bon,4,ABZ8,65536,17.5969,680.1932
regla_bon,4,ABZ8,86888,17.5969,900.0105
ga_sembrado,4,ABZ8,1,24.7287,0.0370
ga_sembrado,4,ABZ8,2,24.7287,0.0380
ga_sembrado,4,ABZ8,4,24.7287,0.0380
ga_sembrado,4,ABZ8,8,24.7287,0.0390
ga_sembrado,4,ABZ8,16,24.7287,0.0400
ga_sembrado,4,ABZ8,32,24.7287,0.0420
ga_sembrado,4,ABZ8,64,24.7287,0.0470
ga_sembrado,4,ABZ8,128,24.7287,0.0540
ga_sembrado,4,ABZ8,256,24.7287,0.0710
ga_sembrado,4,ABZ8,512,24.7287,0.1270
ga_sembrado,4,ABZ8,1024,24.7287,0.2335
ga_sembrado,4,ABZ8,2048,24.7287,0.4656
ga_sembrado,4,ABZ8,4096,24.7287,0.9586
ga_sembrado,4,ABZ8,8192,21.2403,1.8368
ga_sembrado,4,ABZ8,16384,21.1628,3.6643
ga_sembrado,4,ABZ8,32768,20.3101,7.4159
ga_sembrado,4,ABZ8,65536,18.7597,14.6338
ga_sembrado,4,ABZ8,131072,15.8140,28.8476
ga_sembrado,4,ABZ8,262144,15.1163,57.4455
ga_sembrado,4,ABZ8,524288,14.5736,114.5201
ga_sembrado,4,ABZ8,1048576,14.5736,230.0818
ga_sembrado,4,ABZ8,2097152,14.5736,464.0685
ga_sembrado,4,ABZ8,4080354,14.5736,900.0005
ga,4,ABZ9,1,96.6717,0.0260
ga,4,ABZ9,2,96.6717,0.0260
ga,4,ABZ9,4,87.8215,0.0260
ga,4,ABZ9,8,87.8215,0.0270
ga,4,ABZ9,16,91.1498,0.0280
ga,4,ABZ9,32,82.2995,0.0310
ga,4,ABZ9,64,82.2995,0.0360
ga,4,ABZ9,128,75.9455,0.0470
ga,4,ABZ9,256,71.4826,0.0680
ga,4,ABZ9,512,71.4826,0.1260
ga,4,ABZ9,1024,65.5068,0.2405
ga,4,ABZ9,2048,53.8578,0.4346
ga,4,ABZ9,4096,48.5628,0.8991
ga,4,ABZ9,8192,38.5779,1.7608
ga,4,ABZ9,16384,29.3495,3.5963
ga,4,ABZ9,32768,17.3222,7.2853
ga,4,ABZ9,65536,15.1286,14.3878
ga,4,ABZ9,131072,14.5234,28.4835
ga,4,ABZ9,262144,14.5234,56.8165
ga,4,ABZ9,524288,14.5234,113.8178
ga,4,ABZ9,1048576,14.5234,228.2284
ga,4,ABZ9,2097152,14.5234,460.5708
ga,4,ABZ9,4116812,14.5234,900.0005
ga_sembrado,4,ABZ9,1,33.3585,0.0370
ga_sembrado,4,ABZ9,2,33.3585,0.0370
ga_sembrado,4,ABZ9,4,33.3585,0.0380
ga_sembrado,4,ABZ9,8,33.3585,0.0380
ga_sembrado,4,ABZ9,16,33.3585,0.0390
ga_sembrado,4,ABZ9,32,33.3585,0.0420
ga_sembrado,4,ABZ9,64,33.3585,0.0470
ga_sembrado,4,ABZ9,128,33.3585,0.0570
ga_sembrado,4,ABZ9,256,33.3585,0.0765
ga_sembrado,4,ABZ9,512,33.3585,0.1345
ga_sembrado,4,ABZ9,1024,33.3585,0.2525
ga_sembrado,4,ABZ9,2048,33.3585,0.4806
ga_sembrado,4,ABZ9,4096,32.8290,0.9657
ga_sembrado,4,ABZ9,8192,28.4418,1.8594
ga_sembrado,4,ABZ9,16384,26.8533,3.6904
ga_sembrado,4,ABZ9,32768,25.0378,7.3324
ga_sembrado,4,ABZ9,65536,23.9032,14.4978
ga_sembrado,4,ABZ9,131072,20.1967,28.7356
ga_sembrado,4,ABZ9,262144,17.1710,57.5641
ga_sembrado,4,ABZ9,524288,16.1876,114.8512
ga_sembrado,4,ABZ9,1048576,16.1876,230.1365
ga_sembrado,4,ABZ9,2097152,16.1876,464.5247
ga_sembrado,4,ABZ9,4080741,16.1876,900.0010
regla_bon,4,ABZ9,1,33.3585,0.0100
regla_bon,4,ABZ9,2,33.3585,0.0200
regla_bon,4,ABZ9,4,25.4160,0.0410
regla_bon,4,ABZ9,8,25.4160,0.0825
regla_bon,4,ABZ9,16,25.4160,0.1595
regla_bon,4,ABZ9,32,25.4160,0.3106
regla_bon,4,ABZ9,64,25.4160,0.6581
regla_bon,4,ABZ9,128,26.2481,1.3257
regla_bon,4,ABZ9,256,21.7852,2.6461
regla_bon,4,ABZ9,512,21.7852,5.2195
regla_bon,4,ABZ9,1024,21.7852,10.5367
regla_bon,4,ABZ9,2048,21.9365,20.9893
regla_bon,4,ABZ9,4096,21.2557,41.7107
regla_bon,4,ABZ9,8192,20.6505,83.5982
regla_bon,4,ABZ9,16384,20.6505,168.2004
regla_bon,4,ABZ9,32768,20.6505,339.8372
regla_bon,4,ABZ9,65536,20.6505,676.5749
regla_bon,4,ABZ9,87307,20.6505,900.0090
ga,5,FT10,1,101.7204,0.0120
ga,5,FT10,2,86.5591,0.0120
ga,5,FT10,4,63.6559,0.0120
ga,5,FT10,8,63.6559,0.0130
ga,5,FT10,16,63.6559,0.0130
ga,5,FT10,32,42.4731,0.0140
ga,5,FT10,64,42.4731,0.0160
ga,5,FT10,128,42.4731,0.0190
ga,5,FT10,256,42.4731,0.0260
ga,5,FT10,512,42.4731,0.0470
ga,5,FT10,1024,40.5376,0.0910
ga,5,FT10,2048,28.0645,0.1765
ga,5,FT10,4096,15.4839,0.3460
ga,5,FT10,8192,13.9247,0.6841
ga,5,FT10,16384,5.2688,1.3469
ga,5,FT10,32768,4.4086,2.6734
ga,5,FT10,65536,4.4086,5.3177
ga,5,FT10,131072,2.6882,10.7963
ga,5,FT10,262144,2.6882,21.4981
ga,5,FT10,524288,2.6882,42.8418
ga,5,FT10,1048576,2.6882,86.0057
ga,5,FT10,2097152,2.6882,173.0765
ga,5,FT10,4194304,2.6882,344.3904
ga,5,FT10,8388608,2.6882,688.7543
ga,5,FT10,10974933,2.6882,900.0001
ga_sembrado,5,FT10,1,20.3763,0.0130
ga_sembrado,5,FT10,2,20.3763,0.0130
ga_sembrado,5,FT10,4,20.3763,0.0130
ga_sembrado,5,FT10,8,20.3763,0.0140
ga_sembrado,5,FT10,16,20.3763,0.0140
ga_sembrado,5,FT10,32,20.3763,0.0150
ga_sembrado,5,FT10,64,20.3763,0.0170
ga_sembrado,5,FT10,128,20.3763,0.0210
ga_sembrado,5,FT10,256,20.3763,0.0285
ga_sembrado,5,FT10,512,20.3763,0.0525
ga_sembrado,5,FT10,1024,20.3763,0.0965
ga_sembrado,5,FT10,2048,16.9355,0.1790
ga_sembrado,5,FT10,4096,11.1828,0.3531
ga_sembrado,5,FT10,8192,8.0108,0.6632
ga_sembrado,5,FT10,16384,4.9462,1.3369
ga_sembrado,5,FT10,32768,2.0430,2.6915
ga_sembrado,5,FT10,65536,2.0430,5.3578
ga_sembrado,5,FT10,131072,2.0430,10.8284
ga_sembrado,5,FT10,262144,2.0430,21.3826
ga_sembrado,5,FT10,524288,2.0430,42.8248
ga_sembrado,5,FT10,1048576,2.0430,86.0837
ga_sembrado,5,FT10,2097152,2.0430,173.0875
ga_sembrado,5,FT10,4194304,2.0430,344.2924
ga_sembrado,5,FT10,8388608,1.7204,689.5515
ga_sembrado,5,FT10,10960498,1.7204,900.0006
regla_bon,5,FT10,1,20.3763,0.0020
regla_bon,5,FT10,2,18.0108,0.0050
regla_bon,5,FT10,4,12.6882,0.0090
regla_bon,5,FT10,8,10.5376,0.0180
regla_bon,5,FT10,16,9.7849,0.0355
regla_bon,5,FT10,32,9.7849,0.0705
regla_bon,5,FT10,64,8.3871,0.1280
regla_bon,5,FT10,128,8.3871,0.2581
regla_bon,5,FT10,256,8.3871,0.5111
regla_bon,5,FT10,512,8.2796,1.0419
regla_bon,5,FT10,1024,6.9355,2.0752
regla_bon,5,FT10,2048,4.7849,4.2235
regla_bon,5,FT10,4096,4.7849,8.6112
regla_bon,5,FT10,8192,4.3011,17.2415
regla_bon,5,FT10,16384,4.3011,34.3360
regla_bon,5,FT10,32768,3.8710,68.3704
regla_bon,5,FT10,65536,3.8710,138.3896
regla_bon,5,FT10,131072,3.8710,275.6333
regla_bon,5,FT10,262144,3.8710,548.9536
regla_bon,5,FT10,430209,3.8710,900.0016
ga,5,FT20,1,68.4979,0.0115
ga,5,FT20,2,68.4979,0.0115
ga,5,FT20,4,50.9871,0.0115
ga,5,FT20,8,50.9871,0.0115
ga,5,FT20,16,50.9871,0.0125
ga,5,FT20,32,50.9871,0.0135
ga,5,FT20,64,50.9871,0.0145
ga,5,FT20,128,50.9871,0.0185
ga,5,FT20,256,38.6266,0.0255
ga,5,FT20,512,38.6266,0.0445
ga,5,FT20,1024,30.9871,0.0875
ga,5,FT20,2048,30.4721,0.1720
ga,5,FT20,4096,27.4678,0.3411
ga,5,FT20,8192,14.3348,0.6862
ga,5,FT20,16384,10.4721,1.3339
ga,5,FT20,32768,3.6052,2.7600
ga,5,FT20,65536,2.9185,5.4633
ga,5,FT20,131072,2.9185,11.0269
ga,5,FT20,262144,2.9185,21.9569
ga,5,FT20,524288,2.9185,43.3174
ga,5,FT20,1048576,2.9185,87.0344
ga,5,FT20,2097152,2.9185,175.1345
ga,5,FT20,4194304,2.9185,348.2398
ga,5,FT20,8388608,2.9185,697.6090
ga,5,FT20,10834461,2.9185,900.0006
ga_sembrado,5,FT20,1,13.2189,0.0095
ga_sembrado,5,FT20,2,13.2189,0.0095
ga_sembrado,5,FT20,4,13.2189,0.0095
ga_sembrado,5,FT20,8,13.2189,0.0095
ga_sembrado,5,FT20,16,13.2189,0.0095
ga_sembrado,5,FT20,32,13.2189,0.0105
ga_sembrado,5,FT20,64,13.2189,0.0115
ga_sembrado,5,FT20,128,13.2189,0.0145
ga_sembrado,5,FT20,256,13.2189,0.0195
ga_sembrado,5,FT20,512,13.2189,0.0385
ga_sembrado,5,FT20,1024,13.2189,0.0765
ga_sembrado,5,FT20,2048,13.2189,0.1575
ga_sembrado,5,FT20,4096,12.1030,0.3266
ga_sembrado,5,FT20,8192,10.9013,0.6683
ga_sembrado,5,FT20,16384,8.3691,1.3219
ga_sembrado,5,FT20,32768,8.0687,2.6935
ga_sembrado,5,FT20,65536,5.9227,5.3588
ga_sembrado,5,FT20,131072,5.8369,10.9094
ga_sembrado,5,FT20,262144,5.8369,21.7343
ga_sembrado,5,FT20,524288,5.8369,43.2779
ga_sembrado,5,FT20,1048576,5.8369,87.0774
ga_sembrado,5,FT20,2097152,5.8369,174.9054
ga_sembrado,5,FT20,4194304,5.8369,348.6289
ga_sembrado,5,FT20,8388608,5.8369,697.8756
ga_sembrado,5,FT20,10828732,5.8369,900.0001
regla_bon,5,FT20,1,13.2189,0.0030
regla_bon,5,FT20,2,13.2189,0.0060
regla_bon,5,FT20,4,13.2189,0.0125
regla_bon,5,FT20,8,12.7897,0.0205
regla_bon,5,FT20,16,12.0172,0.0415
regla_bon,5,FT20,32,12.0172,0.0895
regla_bon,5,FT20,64,12.0172,0.1885
regla_bon,5,FT20,128,11.2017,0.3866
regla_bon,5,FT20,256,10.6438,0.7733
regla_bon,5,FT20,512,7.2103,1.5565
regla_bon,5,FT20,1024,7.2103,3.1025
regla_bon,5,FT20,2048,7.2961,6.1461
regla_bon,5,FT20,4096,7.2961,12.4920
regla_bon,5,FT20,8192,7.2961,24.8030
regla_bon,5,FT20,16384,6.9099,49.6043
regla_bon,5,FT20,32768,6.1803,100.0977
regla_bon,5,FT20,65536,6.1803,201.5579
regla_bon,5,FT20,131072,6.1803,401.0156
regla_bon,5,FT20,262144,5.0644,801.8325
regla_bon,5,FT20,294372,5.0644,900.0021
ga,5,La21,1,114.0535,0.0190
ga,5,La21,2,114.0535,0.0190
ga,5,La21,4,104.6845,0.0190
ga,5,La21,8,67.3996,0.0190
ga,5,La21,16,54.8279,0.0200
ga,5,La21,32,54.8279,0.0210
ga,5,La21,64,54.8279,0.0240
ga,5,La21,128,54.8279,0.0280
ga,5,La21,256,52.5813,0.0370
ga,5,La21,512,52.5813,0.0695
ga,5,La21,1024,43.0688,0.1305
ga,5,La21,2048,38.5755,0.2425
ga,5,La21,4096,28.2505,0.4716
ga,5,La21,8192,18.7859,0.9372
ga,5,La21,16384,14.1491,1.8965
ga,5,La21,32768,7.0268,3.7655
ga,5,La21,65536,6.3576,7.5346
ga,5,La21,131072,6.1663,15.3459
ga,5,La21,262144,6.0229,30.4295
ga,5,La21,524288,6.0229,60.5098
ga,5,La21,1048576,6.0229,121.3012
ga,5,La21,2097152,6.0229,242.0301
ga,5,La21,4194304,6.0229,486.0774
ga,5,La21,7761551,6.0229,900.0006
regla_bon,5,La21,1,15.0096,0.0030
regla_bon,5,La21,2,15.0096,0.0070
regla_bon,5,La21,4,16.3958,0.0130
regla_bon,5,La21,8,16.3958,0.0300
regla_bon,5,La21,16,13.7667,0.0640
regla_bon,5,La21,32,13.2409,0.1310
regla_bon,5,La21,64,9.0344,0.2601
regla_bon,5,La21,128,9.0344,0.5081
regla_bon,5,La21,256,9.0344,1.0137
regla_bon,5,La21,512,9.0344,2.0490
regla_bon,5,La21,1024,9.0344,4.1436
regla_bon,5,La21,2048,9.0344,8.5172
regla_bon,5,La21,4096,9.0344,16.7239
regla_bon,5,La21,8192,9.8470,33.1121
regla_bon,5,La21,16384,9.8470,65.8759
regla_bon,5,La21,32768,9.8470,131.8563
regla_bon,5,La21,65536,8.6042,262.9329
regla_bon,5,La21,131072,8.0784,526.0972
regla_bon,5,La21,223653,8.0784,900.0006
ga_sembrado,5,La21,1,15.0096,0.0180
ga_sembrado,5,La21,2,15.0096,0.0190
ga_sembrado,5,La21,4,15.0096,0.0190
ga_sembrado,5,La21,8,15.0096,0.0190
ga_sembrado,5,La21,16,15.0096,0.0200
ga_sembrado,5,La21,32,15.0096,0.0210
ga_sembrado,5,La21,64,15.0096,0.0240
ga_sembrado,5,La21,128,15.0096,0.0280
ga_sembrado,5,La21,256,15.0096,0.0370
ga_sembrado,5,La21,512,15.0096,0.0680
ga_sembrado,5,La21,1024,15.0096,0.1310
ga_sembrado,5,La21,2048,15.0096,0.2561
ga_sembrado,5,La21,4096,14.1969,0.4831
ga_sembrado,5,La21,8192,13.2409,0.9422
ga_sembrado,5,La21,16384,13.5277,1.9115
ga_sembrado,5,La21,32768,10.4685,3.7831
ga_sembrado,5,La21,65536,10.4685,7.6580
ga_sembrado,5,La21,131072,10.3728,15.3955
ga_sembrado,5,La21,262144,10.3728,30.4300
ga_sembrado,5,La21,524288,10.3728,60.5503
ga_sembrado,5,La21,1048576,9.4646,121.4608
ga_sembrado,5,La21,2097152,4.9235,242.2376
ga_sembrado,5,La21,4194304,4.9235,485.6949
ga_sembrado,5,La21,7753719,4.9235,900.0006
ga,5,La24,1,67.1658,0.0130
ga,5,La24,2,67.1658,0.0130
ga,5,La24,4,67.1658,0.0130
ga,5,La24,8,61.7112,0.0140
ga,5,La24,16,61.7112,0.0140
ga,5,La24,32,61.7112,0.0150
ga,5,La24,64,61.7112,0.0180
ga,5,La24,128,61.7112,0.0230
ga,5,La24,256,56.6845,0.0320
ga,5,La24,512,50.9091,0.0600
ga,5,La24,1024,45.5080,0.1190
ga,5,La24,2048,36.8449,0.2361
ga,5,La24,4096,30.3743,0.4791
ga,5,La24,8192,20.0000,0.9427
ga,5,La24,16384,10.3209,1.8965
ga,5,La24,32768,9.8396,3.7931
ga,5,La24,65536,6.4706,7.6300
ga,5,La24,131072,6.1497,15.3220
ga,5,La24,262144,6.1497,30.4149
ga,5,La24,524288,6.1497,60.6663
ga,5,La24,1048576,6.1497,121.6038
ga,5,La24,2097152,5.9893,242.8270
ga,5,La24,4194304,5.9893,485.6789
ga,5,La24,7759591,5.9893,900.0006
ga_sembrado,5,La24,1,10.1070,0.0190
ga_sembrado,5,La24,2,10.1070,0.0190
ga_sembrado,5,La24,4,10.1070,0.0190
ga_sembrado,5,La24,8,10.1070,0.0190
ga_sembrado,5,La24,16,10.1070,0.0200
ga_sembrado,5,La24,32,10.1070,0.0210
ga_sembrado,5,La24,64,10.1070,0.0240
ga_sembrado,5,La24,128,10.1070,0.0290
ga_sembrado,5,La24,256,10.1070,0.0380
ga_sembrado,5,La24,512,10.1070,0.0630
ga_sembrado,5,La24,1024,10.1070,0.1181
ga_sembrado,5,La24,2048,10.1070,0.2291
ga_sembrado,5,La24,4096,9.9465,0.4641
ga_sembrado,5,La24,8192,9.8396,0.9337
ga_sembrado,5,La24,16384,8.2353,1.8759
ga_sembrado,5,La24,32768,6.7914,3.7471
ga_sembrado,5,La24,65536,4.4920,7.6770
ga_sembrado,5,La24,131072,4.2246,15.3730
ga_sembrado,5,La24,262144,4.2246,30.5340
ga_sembrado,5,La24,524288,4.5455,60.7813
ga_sembrado,5,La24,1048576,4.5455,122.1837
ga_sembrado,5,La24,2097152,4.5455,243.5626
ga_sembrado,5,La24,4194304,4.5455,488.1435
ga_sembrado,5,La24,7732788,4.5455,900.0001
regla_bon,5,La24,1,10.1070,0.0050
regla_bon,5,La24,2,10.1070,0.0090
regla_bon,5,La24,4,10.1070,0.0150
regla_bon,5,La24,8,8.5561,0.0320
regla_bon,5,La24,16,8.5561,0.0610
regla_bon,5,La24,32,8.5561,0.1231
regla_bon,5,La24,64,8.5561,0.2421
regla_bon,5,La24,128,8.5561,0.5046
regla_bon,5,La24,256,7.5401,1.0227
regla_bon,5,La24,512,7.5401,2.0950
regla_bon,5,La24,1024,7.2193,4.2001
regla_bon,5,La24,2048,7.2193,8.6162
regla_bon,5,La24,4096,7.2193,16.8344
regla_bon,5,La24,8192,6.4706,33.3257
regla_bon,5,La24,16384,6.4706,66.2913
regla_bon,5,La24,32768,5.4011,133.0490
regla_bon,5,La24,65536,5.4011,265.1138
regla_bon,5,La24,131072,5.5615,530.7913
regla_bon,5,La24,221829,5.0267,900.0031
ga,5,La25,1,45.1894,0.0180
ga,5,La25,2,45.1894,0.0180
ga,5,La25,4,45.1894,0.0180
ga,5,La25,8,45.1894,0.0180
ga,5,La25,16,45.1894,0.0190
ga,5,La25,32,45.1894,0.0200
ga,5,La25,64,45.1894,0.0230
ga,5,La25,128,45.1894,0.0270
ga,5,La25,256,45.1894,0.0380
ga,5,La25,512,45.1894,0.0680
ga,5,La25,1024,38.7922,0.1375
ga,5,La25,2048,35.8751,0.2750
ga,5,La25,4096,27.6356,0.5549
ga,5,La25,8192,20.8291,1.1045
ga,5,La25,16384,13.1013,2.5817
ga,5,La25,32768,11.6684,5.1793
ga,5,La25,65536,11.6684,9.3094
ga,5,La25,131072,9.3142,16.9346
ga,5,La25,262144,9.3142,32.2798
ga,5,La25,524288,9.3142,62.4032
ga,5,La25,1048576,9.3142,123.1023
ga,5,La25,2097152,9.3142,244.1521
ga,5,La25,4194304,4.6571,486.2464
ga,5,La25,7731257,4.6571,900.0005
ga_sembrado,5,La25,1,11.8219,0.0155
ga_sembrado,5,La25,2,11.8219,0.0155
ga_sembrado,5,La25,4,11.8219,0.0155
ga_sembrado,5,La25,8,11.8219,0.0155
ga_sembrado,5,La25,16,11.8219,0.0165
ga_sembrado,5,La25,32,11.8219,0.0175
ga_sembrado,5,La25,64,11.8219,0.0205
ga_sembrado,5,La25,128,11.8219,0.0255
ga_sembrado,5,La25,256,11.8219,0.0365
ga_sembrado,5,La25,512,11.8219,0.0665
ga_sembrado,5,La25,1024,11.8219,0.1305
ga_sembrado,5,La25,2048,11.8219,0.2563
ga_sembrado,5,La25,4096,11.8219,0.5074
ga_sembrado,5,La25,8192,11.3101,1.0180
ga_sembrado,5,La25,16384,9.9795,2.1511
ga_sembrado,5,La25,32768,9.7748,4.4030
ga_sembrado,5,La25,65536,9.5189,8.5639
ga_sembrado,5,La25,131072,8.4442,16.2420
ga_sembrado,5,La25,262144,7.8301,31.5150
ga_sembrado,5,La25,524288,7.8301,61.8236
ga_sembrado,5,La25,1048576,7.8301,122.5653
ga_sembrado,5,La25,2097152,7.0624,244.2896
ga_sembrado,5,La25,4194304,7.0624,487.2593
ga_sembrado,5,La25,7720960,7.0624,900.0001
regla_bon,5,La25,1,11.8219,0.0090
regla_bon,5,La25,2,8.1883,0.0155
regla_bon,5,La25,4,8.1883,0.0225
regla_bon,5,La25,8,8.1883,0.0395
regla_bon,5,La25,16,8.1883,0.0755
regla_bon,5,La25,32,8.1883,0.1475
regla_bon,5,La25,64,8.1883,0.2909
regla_bon,5,La25,128,8.1883,0.5724
regla_bon,5,La25,256,8.1883,1.1760
regla_bon,5,La25,512,8.1883,2.4442
regla_bon,5,La25,1024,6.2436,4.8637
regla_bon,5,La25,2048,6.7554,9.3254
regla_bon,5,La25,4096,6.7554,17.5752
regla_bon,5,La25,8192,6.7554,34.0728
regla_bon,5,La25,16384,6.7554,66.6962
regla_bon,5,La25,32768,5.6295,132.8409
regla_bon,5,La25,65536,5.9877,264.4153
regla_bon,5,La25,131072,5.9877,526.6817
regla_bon,5,La25,223285,4.5036,900.0011
ga,5,La27,1,87.6518,0.0315
ga,5,La27,2,72.3077,0.0315
ga,5,La27,4,72.3077,0.0315
ga,5,La27,8,65.9919,0.0325
ga,5,La27,16,65.9919,0.0335
ga,5,La27,32,65.9919,0.0345
ga,5,La27,64,68.0567,0.0385
ga,5,La27,128,68.0567,0.0485
ga,5,La27,256,56.1134,0.0625
ga,5,La27,512,56.1134,0.1025
ga,5,La27,1024,47.2470,0.1831
ga,5,La27,2048,44.7773,0.3529
ga,5,La27,4096,38.0162,0.6769
ga,5,La27,8192,24.8988,1.3715
ga,5,La27,16384,16.3563,2.7827
ga,5,La27,32768,12.2267,5.6389
ga,5,La27,65536,9.3927,10.8378
ga,5,La27,131072,8.7045,20.7185
ga,5,La27,262144,8.5020,40.1928
ga,5,La27,524288,8.5020,79.3140
ga,5,La27,1048576,8.5020,157.7604
ga,5,La27,2097152,8.5020,314.0410
ga,5,La27,4194304,8.5020,627.7715
ga,5,La27,5996544,8.5020,900.0001
regla_bon,5,La27,1,24.9798,0.0080
regla_bon,5,La27,2,19.8381,0.0220
regla_bon,5,La27,4,19.8381,0.0410
regla_bon,5,La27,8,19.8381,0.0776
regla_bon,5,La27,16,14.3725,0.1358
regla_bon,5,La27,32,14.1296,0.2599
regla_bon,5,La27,64,12.9150,0.4954
regla_bon,5,La27,128,12.9150,0.9625
regla_bon,5,La27,256,10.7287,2.2167
regla_bon,5,La27,512,10.7287,4.6621
regla_bon,5,La27,1024,10.7287,8.4283
regla_bon,5,La27,2048,10.3644,15.3448
regla_bon,5,La27,4096,10.8907,29.0509
regla_bon,5,La27,8192,10.8907,56.2709
regla_bon,5,La27,16384,9.3927,111.4567
regla_bon,5,La27,32768,8.7449,220.9912
regla_bon,5,La27,65536,8.0972,439.5466
regla_bon,5,La27,131072,7.1660,881.2266
regla_bon,5,La27,133872,7.1660,900.0036
ga_sembrado,5,La27,1,24.9798,0.0230
ga_sembrado,5,La27,2,24.9798,0.0230
ga_sembrado,5,La27,4,24.9798,0.0230
ga_sembrado,5,La27,8,24.9798,0.0240
ga_sembrado,5,La27,16,24.9798,0.0240
ga_sembrado,5,La27,32,24.9798,0.0260
ga_sembrado,5,La27,64,24.9798,0.0290
ga_sembrado,5,La27,128,24.9798,0.0360
ga_sembrado,5,La27,256,24.9798,0.0495
ga_sembrado,5,La27,512,24.9798,0.0877
ga_sembrado,5,La27,1024,24.9798,0.1734
ga_sembrado,5,La27,2048,24.9798,0.3629
ga_sembrado,5,La27,4096,23.6032,0.7635
ga_sembrado,5,La27,8192,18.7045,1.5541
ga_sembrado,5,La27,16384,15.3846,2.9562
ga_sembrado,5,La27,32768,13.6437,5.8045
ga_sembrado,5,La27,65536,10.3644,10.9993
ga_sembrado,5,La27,131072,10.2024,20.7390
ga_sembrado,5,La27,262144,9.7166,40.3853
ga_sembrado,5,La27,524288,9.1903,79.4961
ga_sembrado,5,La27,1048576,9.1903,158.0585
ga_sembrado,5,La27,2097152,9.1903,314.5122
ga_sembrado,5,La27,4194304,9.1903,627.2959
ga_sembrado,5,La27,6009293,9.1903,900.0006
ga,5,La29,1,84.0278,0.0220
ga,5,La29,2,84.0278,0.0220
ga,5,La29,4,72.1788,0.0220
ga,5,La29,8,72.1788,0.0220
ga,5,La29,16,72.1788,0.0235
ga,5,La29,32,72.1788,0.0250
ga,5,La29,64,72.0052,0.0280
ga,5,La29,128,64.7569,0.0350
ga,5,La29,256,59.6354,0.0500
ga,5,La29,512,59.6354,0.0870
ga,5,La29,1024,50.7378,0.1620
ga,5,La29,2048,44.4444,0.3111
ga,5,La29,4096,41.4931,0.6156
ga,5,La29,8192,31.1632,1.2292
ga,5,La29,16384,21.8316,2.4922
ga,5,La29,32768,14.6701,4.9744
ga,5,La29,65536,11.8490,9.9439
ga,5,La29,131072,11.1111,19.5938
ga,5,La29,262144,11.1111,38.8957
ga,5,La29,524288,11.1111,77.7694
ga,5,La29,1048576,11.1111,156.3135
ga,5,La29,2097152,11.1111,316.6088
ga,5,La29,4194304,11.1111,631.1215
ga,5,La29,5998513,11.1111,900.0008
regla_bon,5,La29,1,13.4115,0.0080
regla_bon,5,La29,2,13.4115,0.0150
regla_bon,5,La29,4,13.4115,0.0260
regla_bon,5,La29,8,13.4115,0.0510
regla_bon,5,La29,16,13.4115,0.1090
regla_bon,5,La29,32,14.4097,0.2180
regla_bon,5,La29,64,14.4097,0.4376
regla_bon,5,La29,128,14.0191,0.8626
regla_bon,5,La29,256,12.0660,1.7735
regla_bon,5,La29,512,12.0660,3.5321
regla_bon,5,La29,1024,10.6771,6.9814
regla_bon,5,La29,2048,10.6771,13.9393
regla_bon,5,La29,4096,10.6771,27.8341
regla_bon,5,La29,8192,10.6771,55.2317
regla_bon,5,La29,16384,10.6771,110.4148
regla_bon,5,La29,32768,10.1997,221.3783
regla_bon,5,La29,65536,9.8090,446.3596
regla_bon,5,La29,131072,9.8090,890.4677
regla_bon,5,La29,132484,9.8090,900.0048
ga_sembrado,5,La29,1,13.4115,0.0220
ga_sembrado,5,La29,2,13.4115,0.0220
ga_sembrado,5,La29,4,13.4115,0.0230
ga_sembrado,5,La29,8,13.4115,0.0230
ga_sembrado,5,La29,16,13.4115,0.0230
ga_sembrado,5,La29,32,13.4115,0.0250
ga_sembrado,5,La29,64,13.4115,0.0270
ga_sembrado,5,La29,128,13.4115,0.0340
ga_sembrado,5,La29,256,13.4115,0.0470
ga_sembrado,5,La29,512,13.4115,0.0860
ga_sembrado,5,La29,1024,13.4115,0.1620
ga_sembrado,5,La29,2048,13.4115,0.3015
ga_sembrado,5,La29,4096,13.0208,0.5971
ga_sembrado,5,La29,8192,11.8924,1.2047
ga_sembrado,5,La29,16384,10.9809,2.4727
ga_sembrado,5,La29,32768,10.2865,4.9500
ga_sembrado,5,La29,65536,10.1128,9.8489
ga_sembrado,5,La29,131072,7.8125,19.4177
ga_sembrado,5,La29,262144,6.4670,38.7766
ga_sembrado,5,La29,524288,6.3802,77.7714
ga_sembrado,5,La29,1048576,6.3802,156.1389
ga_sembrado,5,La29,2097152,6.3802,315.6551
ga_sembrado,5,La29,4194304,6.3802,628.2880
ga_sembrado,5,La29,6025085,6.3802,900.0008
ga,5,La38,1,134.1137,0.0260
ga,5,La38,2,75.8361,0.0260
ga,5,La38,4,75.8361,0.0260
ga,5,La38,8,75.8361,0.0260
ga,5,La38,16,75.8361,0.0270
ga,5,La38,32,68.2274,0.0290
ga,5,La38,64,68.2274,0.0330
ga,5,La38,128,68.2274,0.0400
ga,5,La38,256,68.2274,0.0560
ga,5,La38,512,63.4197,0.1000
ga,5,La38,1024,54.7659,0.1820
ga,5,La38,2048,47.9097,0.3605
ga,5,La38,4096,39.3813,0.6976
ga,5,La38,8192,30.6020,1.4028
ga,5,La38,16384,17.7676,2.7973
ga,5,La38,32768,14.1722,5.4951
ga,5,La38,65536,12.5418,10.9635
ga,5,La38,131072,12.5000,21.7273
ga,5,La38,262144,12.5000,43.3738
ga,5,La38,524288,12.5000,86.6524
ga,5,La38,1048576,12.0401,173.5876
ga,5,La38,2097152,12.0401,350.9859
ga,5,La38,4194304,12.0401,699.7029
ga,5,La38,5403399,12.0401,900.0008
regla_bon,5,La38,1,14.9666,0.0070
regla_bon,5,La38,2,14.9666,0.0140
regla_bon,5,La38,4,14.9666,0.0260
regla_bon,5,La38,8,14.9666,0.0500
regla_bon,5,La38,16,14.9666,0.0990
regla_bon,5,La38,32,13.0435,0.2005
regla_bon,5,La38,64,11.5803,0.3965
regla_bon,5,La38,128,10.1171,0.7976
regla_bon,5,La38,256,10.1171,1.5854
regla_bon,5,La38,512,10.1171,3.2205
regla_bon,5,La38,1024,8.3612,6.3699
regla_bon,5,La38,2048,8.3612,12.8060
regla_bon,5,La38,4096,8.3612,25.4198
regla_bon,5,La38,8192,8.3612,50.4756
regla_bon,5,La38,16384,7.6923,100.8473
regla_bon,5,La38,32768,8.1940,202.3933
regla_bon,5,La38,65536,8.2358,409.2322
regla_bon,5,La38,131072,6.7726,816.2136
regla_bon,5,La38,144598,6.7726,900.0018
ga_sembrado,5,La38,1,14.9666,0.0220
ga_sembrado,5,La38,2,14.9666,0.0220
ga_sembrado,5,La38,4,14.9666,0.0220
ga_sembrado,5,La38,8,14.9666,0.0230
ga_sembrado,5,La38,16,14.9666,0.0240
ga_sembrado,5,La38,32,14.9666,0.0250
ga_sembrado,5,La38,64,14.9666,0.0290
ga_sembrado,5,La38,128,14.9666,0.0360
ga_sembrado,5,La38,256,14.9666,0.0520
ga_sembrado,5,La38,512,14.9666,0.0960
ga_sembrado,5,La38,1024,14.9666,0.1835
ga_sembrado,5,La38,2048,14.9666,0.3495
ga_sembrado,5,La38,4096,13.2525,0.6811
ga_sembrado,5,La38,8192,10.2425,1.3568
ga_sembrado,5,La38,16384,9.7408,2.8044
ga_sembrado,5,La38,32768,8.0686,5.4521
ga_sembrado,5,La38,65536,6.0619,10.9876
ga_sembrado,5,La38,131072,6.0619,21.8448
ga_sembrado,5,La38,262144,6.0619,43.3723
ga_sembrado,5,La38,524288,6.0619,86.6113
ga_sembrado,5,La38,1048576,6.0619,173.9622
ga_sembrado,5,La38,2097152,6.0619,351.9401
ga_sembrado,5,La38,4194304,6.0619,701.7738
ga_sembrado,5,La38,5393195,5.7692,900.0008
ga,5,La40,1,98.4452,0.0270
ga,5,La40,2,98.4452,0.0270
ga,5,La40,4,79.0917,0.0280
ga,5,La40,8,79.0917,0.0280
ga,5,La40,16,79.0917,0.0290
ga,5,La40,32,75.2864,0.0310
ga,5,La40,64,60.7201,0.0345
ga,5,La40,128,55.9738,0.0420
ga,5,La40,256,55.9738,0.0580
ga,5,La40,512,52.8642,0.1010
ga,5,La40,1024,50.5728,0.1931
ga,5,La40,2048,48.4452,0.3611
ga,5,La40,4096,32.8151,0.6963
ga,5,La40,8192,25.1227,1.3825
ga,5,La40,16384,13.0115,2.9474
ga,5,La40,32768,9.6972,5.6959
ga,5,La40,65536,7.5286,11.2317
ga,5,La40,131072,7.2013,22.0195
ga,5,La40,262144,7.2013,43.6334
ga,5,La40,524288,6.2602,86.7543
ga,5,La40,1048576,6.2602,174.1414
ga,5,La40,2097152,6.0966,349.7456
ga,5,La40,4194304,6.0966,696.5481
ga,5,La40,5417239,6.0966,900.0008
regla_bon,5,La40,1,13.2570,0.0070
regla_bon,5,La40,2,13.2570,0.0140
regla_bon,5,La40,4,13.2570,0.0235
regla_bon,5,La40,8,13.2570,0.0490
regla_bon,5,La40,16,13.2570,0.0931
regla_bon,5,La40,32,11.6612,0.1891
regla_bon,5,La40,64,11.6612,0.3722
regla_bon,5,La40,128,11.6612,0.7532
regla_bon,5,La40,256,10.3928,1.5769
regla_bon,5,La40,512,10.3928,3.3196
regla_bon,5,La40,1024,10.0245,6.4031
regla_bon,5,La40,2048,9.4926,12.7188
regla_bon,5,La40,4096,9.4926,25.1367
regla_bon,5,La40,8192,9.4926,49.9713
regla_bon,5,La40,16384,8.0196,99.6799
regla_bon,5,La40,32768,9.0016,199.8586
regla_bon,5,La40,65536,7.6514,400.8579
regla_bon,5,La40,131072,7.6514,799.7672
regla_bon,5,La40,147372,7.6514,900.0018
ga,5,ABZ7,1,90.0152,0.0330
ga,5,ABZ7,2,90.0152,0.0330
ga,5,ABZ7,4,90.0152,0.0330
ga,5,ABZ7,8,90.0152,0.0340
ga,5,ABZ7,16,84.9085,0.0350
ga,5,ABZ7,32,74.9238,0.0380
ga,5,ABZ7,64,65.4726,0.0430
ga,5,ABZ7,128,65.4726,0.0500
ga,5,ABZ7,256,65.4726,0.0700
ga,5,ABZ7,512,65.4726,0.1201
ga,5,ABZ7,1024,64.0244,0.2391
ga,5,ABZ7,2048,51.5244,0.4652
ga,5,ABZ7,4096,45.8841,0.9242
ga,5,ABZ7,8192,35.8994,1.9255
ga,5,ABZ7,16384,25.7622,3.7882
ga,5,ABZ7,32768,17.9878,7.3234
ga,5,ABZ7,65536,15.3963,14.4838
ga,5,ABZ7,131072,12.5000,28.7088
ga,5,ABZ7,262144,12.5000,57.1434
ga,5,ABZ7,524288,11.5091,114.0880
ga,5,ABZ7,1048576,11.5091,228.5583
ga,5,ABZ7,2097152,11.5091,457.6802
ga,5,ABZ7,4133070,10.5183,900.0008
ga_sembrado,5,La40,1,13.2570,0.0240
ga_sembrado,5,La40,2,13.2570,0.0240
ga_sembrado,5,La40,4,13.2570,0.0240
ga_sembrado,5,La40,8,13.2570,0.0250
ga_sembrado,5,La40,16,13.2570,0.0260
ga_sembrado,5,La40,32,13.2570,0.0270
ga_sembrado,5,La40,64,13.2570,0.0310
ga_sembrado,5,La40,128,13.2570,0.0380
ga_sembrado,5,La40,256,13.2570,0.0510
ga_sembrado,5,La40,512,13.2570,0.0961
ga_sembrado,5,La40,1024,13.2570,0.1851
ga_sembrado,5,La40,2048,13.2570,0.3602
ga_sembrado,5,La40,4096,13.2570,0.7032
ga_sembrado,5,La40,8192,11.5794,1.4019
ga_sembrado,5,La40,16384,11.0065,2.9394
ga_sembrado,5,La40,32768,9.9018,5.6598
ga_sembrado,5,La40,65536,8.4288,11.1776
ga_sembrado,5,La40,131072,8.4288,22.0761
ga_sembrado,5,La40,262144,8.4288,43.7664
ga_sembrado,5,La40,524288,7.2013,87.1394
ga_sembrado,5,La40,1048576,6.7103,174.6656
ga_sembrado,5,La40,2097152,6.7103,351.1378
ga_sembrado,5,La40,4194304,5.6465,699.2811
ga_sembrado,5,La40,5393005,5.6465,900.0008
regla_bon,5,ABZ7,1,19.6646,0.0130
regla_bon,5,ABZ7,2,17.4543,0.0240
regla_bon,5,ABZ7,4,17.4543,0.0460
regla_bon,5,ABZ7,8,16.3110,0.0840
regla_bon,5,ABZ7,16,14.4055,0.1621
regla_bon,5,ABZ7,32,13.7957,0.3191
regla_bon,5,ABZ7,64,13.7957,0.6262
regla_bon,5,ABZ7,128,12.9573,1.3259
regla_bon,5,ABZ7,256,12.9573,2.8233
regla_bon,5,ABZ7,512,12.9573,5.4558
regla_bon,5,ABZ7,1024,12.9573,10.8055
regla_bon,5,ABZ7,2048,10.7470,21.3913
regla_bon,5,ABZ7,4096,10.7470,42.7991
regla_bon,5,ABZ7,8192,9.5274,85.2337
regla_bon,5,ABZ7,16384,9.5274,170.5362
regla_bon,5,ABZ7,32768,9.5274,343.4226
regla_bon,5,ABZ7,65536,8.9939,684.4129
regla_bon,5,ABZ7,86134,8.9939,900.0013
ga_sembrado,5,ABZ7,1,19.6646,0.0370
ga_sembrado,5,ABZ7,2,19.6646,0.0370
ga_sembrado,5,ABZ7,4,19.6646,0.0370
ga_sembrado,5,ABZ7,8,19.6646,0.0380
ga_sembrado,5,ABZ7,16,19.6646,0.0390
ga_sembrado,5,ABZ7,32,19.6646,0.0420
ga_sembrado,5,ABZ7,64,19.6646,0.0470
ga_sembrado,5,ABZ7,128,19.6646,0.0570
ga_sembrado,5,ABZ7,256,19.6646,0.0770
ga_sembrado,5,ABZ7,512,19.6646,0.1351
ga_sembrado,5,ABZ7,1024,19.6646,0.2461
ga_sembrado,5,ABZ7,2048,19.6646,0.4651
ga_sembrado,5,ABZ7,4096,15.3963,0.9027
ga_sembrado,5,ABZ7,8192,12.5762,1.9134
ga_sembrado,5,ABZ7,16384,12.4238,3.8448
ga_sembrado,5,ABZ7,32768,12.3476,7.4463
ga_sembrado,5,ABZ7,65536,10.8232,14.6438
ga_sembrado,5,ABZ7,131072,10.0610,29.0335
ga_sembrado,5,ABZ7,262144,9.2988,57.7390
ga_sembrado,5,ABZ7,524288,7.6982,115.2792
ga_sembrado,5,ABZ7,1048576,7.2409,231.1841
ga_sembrado,5,ABZ7,2097152,7.2409,463.8229
ga_sembrado,5,ABZ7,4080171,7.2409,900.0003
ga,5,ABZ8,1,108.5271,0.0340
ga,5,ABZ8,2,108.5271,0.0350
ga,5,ABZ8,4,95.6589,0.0350
ga,5,ABZ8,8,95.6589,0.0360
ga,5,ABZ8,16,95.6589,0.0370
ga,5,ABZ8,32,93.9535,0.0400
ga,5,ABZ8,64,78.8372,0.0450
ga,5,ABZ8,128,78.8372,0.0550
ga,5,ABZ8,256,76.5116,0.0730
ga,5,ABZ8,512,66.7442,0.1290
ga,5,ABZ8,1024,58.9147,0.2386
ga,5,ABZ8,2048,58.9147,0.4675
ga,5,ABZ8,4096,54.1085,0.9178
ga,5,ABZ8,8192,48.4496,1.7961
ga,5,ABZ8,16384,36.2791,3.6332
ga,5,ABZ8,32768,22.4806,7.1660
ga,5,ABZ8,65536,17.5969,14.4215
ga,5,ABZ8,131072,16.1240,28.6401
ga,5,ABZ8,262144,15.6589,56.8018
ga,5,ABZ8,524288,15.5814,113.2736
ga,5,ABZ8,1048576,14.1860,226.7194
ga,5,ABZ8,2097152,14.1085,454.4231
ga,5,ABZ8,4143066,14.1085,900.0006
regla_bon,5,ABZ8,1,24.7287,0.0120
regla_bon,5,ABZ8,2,24.7287,0.0220
regla_bon,5,ABZ8,4,24.7287,0.0426
regla_bon,5,ABZ8,8,24.7287,0.0836
regla_bon,5,ABZ8,16,25.6589,0.1671
regla_bon,5,ABZ8,32,21.4729,0.3325
regla_bon,5,ABZ8,64,21.4729,0.6538
regla_bon,5,ABZ8,128,21.4729,1.3209
regla_bon,5,ABZ8,256,20.4651,2.6954
regla_bon,5,ABZ8,512,20.8527,5.3471
regla_bon,5,ABZ8,1024,17.1318,10.7925
regla_bon,5,ABZ8,2048,17.1318,21.3574
regla_bon,5,ABZ8,4096,17.1318,42.5011
regla_bon,5,ABZ8,8192,17.1318,84.7522
regla_bon,5,ABZ8,16384,17.1318,169.7312
regla_bon,5,ABZ8,32768,18.0620,339.3073
regla_bon,5,ABZ8,65536,16.5891,679.5751
regla_bon,5,ABZ8,86817,16.5891,900.0001
ga,5,ABZ9,1,109.5310,0.0326
ga,5,ABZ9,2,105.9758,0.0326
ga,5,ABZ9,4,105.9758,0.0326
ga,5,ABZ9,8,105.9758,0.0336
ga,5,ABZ9,16,82.2995,0.0346
ga,5,ABZ9,32,82.9803,0.0366
ga,5,ABZ9,64,77.7610,0.0416
ga,5,ABZ9,128,77.7610,0.0525
ga,5,ABZ9,256,72.9955,0.0706
ga,5,ABZ9,512,68.6838,0.1236
ga,5,ABZ9,1024,65.8850,0.2321
ga,5,ABZ9,2048,54.0091,0.4487
ga,5,ABZ9,4096,52.4962,0.9128
ga,5,ABZ9,8192,42.0575,1.7901
ga,5,ABZ9,16384,25.0378,3.6471
ga,5,ABZ9,32768,19.4402,7.1880
ga,5,ABZ9,65536,19.3646,14.3870
ga,5,ABZ9,131072,18.4569,28.6925
ga,5,ABZ9,262144,17.2466,57.0638
ga,5,ABZ9,524288,17.2466,113.8249
ga,5,ABZ9,1048576,17.2466,227.5285
ga,5,ABZ9,2097152,17.2466,454.4320
ga,5,ABZ9,4144501,17.2466,900.0001
ga_sembrado,5,ABZ8,1,24.7287,0.0336
ga_sembrado,5,ABZ8,2,24.7287,0.0336
ga_sembrado,5,ABZ8,4,24.7287,0.0336
ga_sembrado,5,ABZ8,8,24.7287,0.0336
ga_sembrado,5,ABZ8,16,24.7287,0.0346
ga_sembrado,5,ABZ8,32,24.7287,0.0366
ga_sembrado,5,ABZ8,64,24.7287,0.0406
ga_sembrado,5,ABZ8,128,24.7287,0.0486
ga_sembrado,5,ABZ8,256,24.7287,0.0696
ga_sembrado,5,ABZ8,512,24.7287,0.1246
ga_sembrado,5,ABZ8,1024,24.4186,0.2271
ga_sembrado,5,ABZ8,2048,24.4186,0.4427
ga_sembrado,5,ABZ8,4096,23.6434,0.8728
ga_sembrado,5,ABZ8,8192,21.3178,1.7671
ga_sembrado,5,ABZ8,16384,21.1628,3.6421
ga_sembrado,5,ABZ8,32768,18.2946,7.1810
ga_sembrado,5,ABZ8,65536,18.1395,14.4775
ga_sembrado,5,ABZ8,131072,17.3643,28.7926
ga_sembrado,5,ABZ8,262144,17.3643,57.1878
ga_sembrado,5,ABZ8,524288,17.3643,114.2394
ga_sembrado,5,ABZ8,1048576,17.3643,229.2185
ga_sembrado,5,ABZ8,2097152,17.3643,458.8251
ga_sembrado,5,ABZ8,4106661,17.2093,900.0001
ga_sembrado,5,ABZ9,1,33.3585,0.0305
ga_sembrado,5,ABZ9,2,33.3585,0.0315
ga_sembrado,5,ABZ9,4,33.3585,0.0315
ga_sembrado,5,ABZ9,8,33.3585,0.0325
ga_sembrado,5,ABZ9,16,33.3585,0.0335
ga_sembrado,5,ABZ9,32,33.3585,0.0365
ga_sembrado,5,ABZ9,64,33.3585,0.0405
ga_sembrado,5,ABZ9,128,33.3585,0.0505
ga_sembrado,5,ABZ9,256,33.3585,0.0715
ga_sembrado,5,ABZ9,512,33.3585,0.1236
ga_sembrado,5,ABZ9,1024,33.3585,0.2400
ga_sembrado,5,ABZ9,2048,33.3585,0.4542
ga_sembrado,5,ABZ9,4096,30.7110,0.8717
ga_sembrado,5,ABZ9,8192,27.2315,1.7406
ga_sembrado,5,ABZ9,16384,25.6430,3.5760
ga_sembrado,5,ABZ9,32768,23.2980,7.1459
ga_sembrado,5,ABZ9,65536,21.9365,14.3254
ga_sembrado,5,ABZ9,131072,21.4826,28.6170
ga_sembrado,5,ABZ9,262144,17.8517,56.8992
ga_sembrado,5,ABZ9,524288,16.8684,113.5193
ga_sembrado,5,ABZ9,1048576,16.3389,227.9681
ga_sembrado,5,ABZ9,2097152,15.6581,456.1408
ga_sembrado,5,ABZ9,4129298,15.6581,900.0000
regla_bon,5,ABZ9,1,33.3585,0.0125
regla_bon,5,ABZ9,2,28.5930,0.0235
regla_bon,5,ABZ9,4,28.5930,0.0435
regla_bon,5,ABZ9,8,28.5930,0.0845
regla_bon,5,ABZ9,16,28.5930,0.1708
regla_bon,5,ABZ9,32,26.8533,0.3281
regla_bon,5,ABZ9,64,25.1891,0.6572
regla_bon,5,ABZ9,128,24.8109,1.3078
regla_bon,5,ABZ9,256,24.8109,2.6458
regla_bon,5,ABZ9,512,21.3313,5.2525
regla_bon,5,ABZ9,1024,21.3313,10.6550
regla_bon,5,ABZ9,2048,21.3313,21.1403
regla_bon,5,ABZ9,4096,21.3313,42.1415
regla_bon,5,ABZ9,8192,21.3313,83.9475
regla_bon,5,ABZ9,16384,21.7095,168.3586
regla_bon,5,ABZ9,32768,20.3480,336.7225
regla_bon,5,ABZ9,65536,20.0454,675.0731
regla_bon,5,ABZ9,87397,20.0454,900.0060
ga,6,FT10,1,84.9462,0.0090
ga,6,FT10,2,66.0215,0.0090
ga,6,FT10,4,66.0215,0.0090
ga,6,FT10,8,66.0215,0.0090
ga,6,FT10,16,56.6667,0.0100
ga,6,FT10,32,56.6667,0.0100
ga,6,FT10,64,56.6667,0.0120
ga,6,FT10,128,49.6774,0.0150
ga,6,FT10,256,45.1613,0.0230
ga,6,FT10,512,43.3871,0.0435
ga,6,FT10,1024,41.5054,0.0875
ga,6,FT10,2048,24.1935,0.1715
ga,6,FT10,4096,17.3118,0.3341
ga,6,FT10,8192,10.4301,0.6491
ga,6,FT10,16384,7.4731,1.3013
ga,6,FT10,32768,6.3978,2.6575
ga,6,FT10,65536,5.7527,5.2623
ga,6,FT10,131072,5.7527,10.5718
ga,6,FT10,262144,5.7527,21.3079
ga,6,FT10,524288,5.1613,42.5410
ga,6,FT10,1048576,5.2688,85.1586
ga,6,FT10,2097152,5.2688,171.1655
ga,6,FT10,4194304,5.2688,342.2474
ga,6,FT10,8388608,5.2688,685.3741
ga,6,FT10,11016567,5.2688,900.0005
ga_sembrado,6,FT10,1,20.3763,0.0100
ga_sembrado,6,FT10,2,20.3763,0.0100
ga_sembrado,6,FT10,4,20.3763,0.0100
ga_sembrado,6,FT10,8,20.3763,0.0110
ga_sembrado,6,FT10,16,20.3763,0.0110
ga_sembrado,6,FT10,32,20.3763,0.0120
ga_sembrado,6,FT10,64,20.3763,0.0140
ga_sembrado,6,FT10,128,20.3763,0.0170
ga_sembrado,6,FT10,256,20.3763,0.0230
ga_sembrado,6,FT10,512,20.3763,0.0430
ga_sembrado,6,FT10,1024,20.3763,0.0800
ga_sembrado,6,FT10,2048,20.3763,0.1645
ga_sembrado,6,FT10,4096,11.3441,0.3256
ga_sembrado,6,FT10,8192,7.4194,0.6546
ga_sembrado,6,FT10,16384,2.2043,1.3243
ga_sembrado,6,FT10,32768,2.0430,2.6740
ga_sembrado,6,FT10,65536,2.0430,5.3363
ga_sembrado,6,FT10,131072,2.0430,10.8344
ga_sembrado,6,FT10,262144,2.0430,21.5555
ga_sembrado,6,FT10,524288,2.0430,43.0206
ga_sembrado,6,FT10,1048576,2.0430,85.7682
ga_sembrado,6,FT10,2097152,2.0430,172.1477
ga_sembrado,6,FT10,4194304,2.0430,343.9264
ga_sembrado,6,FT10,8388608,2.0430,687.7637
ga_sembrado,6,FT10,10981319,2.0430,900.0000
regla_bon,6,FT10,1,20.3763,0.0020
regla_bon,6,FT10,2,16.0215,0.0040
regla_bon,6,FT10,4,16.0215,0.0080
regla_bon,6,FT10,8,12.0968,0.0150
regla_bon,6,FT10,16,12.0968,0.0300
regla_bon,6,FT10,32,12.1505,0.0600
regla_bon,6,FT10,64,7.8495,0.1305
regla_bon,6,FT10,128,8.2258,0.2731
regla_bon,6,FT10,256,8.2796,0.5336
regla_bon,6,FT10,512,8.1720,1.0723
regla_bon,6,FT10,1024,6.7742,2.1359
regla_bon,6,FT10,2048,6.7742,4.3166
regla_bon,6,FT10,4096,6.4516,8.7834
regla_bon,6,FT10,8192,6.4516,17.5003
regla_bon,6,FT10,16384,4.0323,34.5119
regla_bon,6,FT10,32768,3.8710,68.9335
regla_bon,6,FT10,65536,3.8710,137.7807
regla_bon,6,FT10,131072,3.8172,275.3865
regla_bon,6,FT10,262144,3.8172,551.3056
regla_bon,6,FT10,428371,3.8172,900.0000
ga,6,FT20,1,58.6695,0.0130
ga,6,FT20,2,58.6695,0.0130
ga,6,FT20,4,58.6695,0.0130
ga,6,FT20,8,58.6695,0.0140
ga,6,FT20,16,56.7811,0.0140
ga,6,FT20,32,56.7811,0.0150
ga,6,FT20,64,50.4292,0.0160
ga,6,FT20,128,50.6438,0.0200
ga,6,FT20,256,48.7554,0.0270
ga,6,FT20,512,44.2060,0.0500
ga,6,FT20,1024,32.9614,0.0960
ga,6,FT20,2048,32.5322,0.1795
ga,6,FT20,4096,22.5751,0.3636
ga,6,FT20,8192,15.5365,0.7092
ga,6,FT20,16384,9.2275,1.3703
ga,6,FT20,32768,5.1931,2.7295
ga,6,FT20,65536,5.0644,5.4103
ga,6,FT20,131072,4.2060,10.9264
ga,6,FT20,262144,4.2060,21.8410
ga,6,FT20,524288,4.2060,43.2956
ga,6,FT20,1048576,4.2060,86.6923
ga,6,FT20,2097152,4.2060,173.8660
ga,6,FT20,4194304,4.2060,347.1848
ga,6,FT20,8388608,4.2060,694.2444
ga,6,FT20,10872328,4.2060,900.0010
ga_sembrado,6,FT20,1,13.2189,0.0090
ga_sembrado,6,FT20,2,13.2189,0.0090
ga_sembrado,6,FT20,4,13.2189,0.0090
ga_sembrado,6,FT20,8,13.2189,0.0100
ga_sembrado,6,FT20,16,13.2189,0.0100
ga_sembrado,6,FT20,32,13.2189,0.0110
ga_sembrado,6,FT20,64,13.2189,0.0130
ga_sembrado,6,FT20,128,13.2189,0.0170
ga_sembrado,6,FT20,256,13.2189,0.0240
ga_sembrado,6,FT20,512,13.2189,0.0480
ga_sembrado,6,FT20,1024,13.2189,0.0885
ga_sembrado,6,FT20,2048,13.2189,0.1645
ga_sembrado,6,FT20,4096,13.2189,0.3241
ga_sembrado,6,FT20,8192,12.7897,0.6692
ga_sembrado,6,FT20,16384,11.5451,1.3163
ga_sembrado,6,FT20,32768,10.2146,2.6500
ga_sembrado,6,FT20,65536,8.5408,5.3598
ga_sembrado,6,FT20,131072,7.6395,10.7688
ga_sembrado,6,FT20,262144,7.1245,21.5625
ga_sembrado,6,FT20,524288,6.1373,43.1381
ga_sembrado,6,FT20,1048576,6.1373,86.5198
ga_sembrado,6,FT20,2097152,2.3176,173.5172
ga_sembrado,6,FT20,4194304,2.3176,346.2988
ga_sembrado,6,FT20,8388608,2.3176,693.2031
ga_sembrado,6,FT20,10883482,2.3176,900.0010
regla_bon,6,FT20,1,13.2189,0.0040
regla_bon,6,FT20,2,13.2189,0.0070
regla_bon,6,FT20,4,13.2189,0.0120
regla_bon,6,FT20,8,13.2189,0.0220
regla_bon,6,FT20,16,13.2189,0.0460
regla_bon,6,FT20,32,10.5579,0.0935
regla_bon,6,FT20,64,10.5579,0.1930
regla_bon,6,FT20,128,10.5579,0.3921
regla_bon,6,FT20,256,10.5579,0.7812
regla_bon,6,FT20,512,9.6137,1.5448
regla_bon,6,FT20,1024,9.6137,3.0875
regla_bon,6,FT20,2048,7.2532,6.1972
regla_bon,6,FT20,4096,7.2532,12.4797
regla_bon,6,FT20,8192,7.2532,24.9253
regla_bon,6,FT20,16384,7.2532,49.6442
regla_bon,6,FT20,32768,7.2532,99.4734
regla_bon,6,FT20,65536,6.8670,199.8016
regla_bon,6,FT20,131072,6.0944,399.4443
regla_bon,6,FT20,262144,6.0944,800.5586
regla_bon,6,FT20,294615,6.0944,900.0020
ga,6,La21,1,83.3174,0.0150
ga,6,La21,2,83.3174,0.0150
ga,6,La21,4,83.3174,0.0150
ga,6,La21,8,75.8126,0.0150
ga,6,La21,16,66.3958,0.0160
ga,6,La21,32,60.4207,0.0170
ga,6,La21,64,49.0440,0.0190
ga,6,La21,128,49.0440,0.0230
ga,6,La21,256,49.0440,0.0310
ga,6,La21,512,49.0440,0.0620
ga,6,La21,1024,42.8298,0.1210
ga,6,La21,2048,29.7323,0.2405
ga,6,La21,4096,27.1033,0.4765
ga,6,La21,8192,20.9369,0.9596
ga,6,La21,16384,16.2524,1.9084
ga,6,La21,32768,10.6119,3.8068
ga,6,La21,65536,7.2658,7.4948
ga,6,La21,131072,7.2658,15.1461
ga,6,La21,262144,7.2658,30.2844
ga,6,La21,524288,7.2658,60.6726
ga,6,La21,1048576,5.2103,121.3254
ga,6,La21,2097152,5.2103,242.7819
ga,6,La21,4194304,5.2103,492.5277
ga,6,La21,7705978,3.1549,900.0000
regla_bon,6,La21,1,15.0096,0.0030
regla_bon,6,La21,2,16.7304,0.0070
regla_bon,6,La21,4,16.7304,0.0130
regla_bon,6,La21,8,15.7744,0.0285
regla_bon,6,La21,16,15.7744,0.0615
regla_bon,6,La21,32,15.7744,0.1235
regla_bon,6,La21,64,12.0459,0.2485
regla_bon,6,La21,128,12.0459,0.5105
regla_bon,6,La21,256,12.0459,1.0222
regla_bon,6,La21,512,12.0459,2.0433
regla_bon,6,La21,1024,9.8470,4.1185
regla_bon,6,La21,2048,8.6998,8.2905
regla_bon,6,La21,4096,8.6998,16.6049
regla_bon,6,La21,8192,8.9388,33.0551
regla_bon,6,La21,16384,8.9388,66.0930
regla_bon,6,La21,32768,8.9388,132.8201
regla_bon,6,La21,65536,8.9388,265.4747
regla_bon,6,La21,131072,8.9388,538.7345
regla_bon,6,La21,219823,8.1262,900.0020
ga_sembrado,6,La21,1,15.0096,0.0160
ga_sembrado,6,La21,2,15.0096,0.0160
ga_sembrado,6,La21,4,15.0096,0.0160
ga_sembrado,6,La21,8,15.0096,0.0170
ga_sembrado,6,La21,16,15.0096,0.0170
ga_sembrado,6,La21,32,15.0096,0.0180
ga_sembrado,6,La21,64,15.0096,0.0210
ga_sembrado,6,La21,128,15.0096,0.0255
ga_sembrado,6,La21,256,15.0096,0.0365
ga_sembrado,6,La21,512,15.0096,0.0615
ga_sembrado,6,La21,1024,15.0096,0.1185
ga_sembrado,6,La21,2048,15.0096,0.2325
ga_sembrado,6,La21,4096,15.0096,0.4725
ga_sembrado,6,La21,8192,14.0057,0.9566
ga_sembrado,6,La21,16384,13.1453,1.8978
ga_sembrado,6,La21,32768,11.0899,3.8640
ga_sembrado,6,La21,65536,9.2734,7.6418
ga_sembrado,6,La21,131072,7.5526,15.2721
ga_sembrado,6,La21,262144,6.5488,30.1653
ga_sembrado,6,La21,524288,6.2141,60.4021
ga_sembrado,6,La21,1048576,6.2141,121.0938
ga_sembrado,6,La21,2097152,5.1625,243.0565
ga_sembrado,6,La21,4194304,5.1625,493.8875
ga_sembrado,6,La21,7677858,5.1625,900.0000
ga,6,La24,1,82.5668,0.0150
ga,6,La24,2,78.0214,0.0150
ga,6,La24,4,78.0214,0.0150
ga,6,La24,8,75.6150,0.0160
ga,6,La24,16,74.1176,0.0160
ga,6,La24,32,74.1176,0.0180
ga,6,La24,64,55.9893,0.0200
ga,6,La24,128,55.9893,0.0255
ga,6,La24,256,55.9893,0.0355
ga,6,La24,512,46.8984,0.0625
ga,6,La24,1024,46.8984,0.1225
ga,6,La24,2048,45.6150,0.2385
ga,6,La24,4096,34.2246,0.4785
ga,6,La24,8192,21.2834,0.9622
ga,6,La24,16384,14.4385,1.9038
ga,6,La24,32768,9.6791,3.8058
ga,6,La24,65536,7.9679,7.6569
ga,6,La24,131072,7.9679,15.3711
ga,6,La24,262144,7.7005,30.4099
ga,6,La24,524288,6.2032,60.4626
ga,6,La24,1048576,6.0428,121.1404
ga,6,La24,2097152,6.0428,242.3973
ga,6,La24,4194304,6.0428,493.3625
ga,6,La24,7690249,5.5615,900.0000
regla_bon,6,La24,1,10.1070,0.0040
regla_bon,6,La24,2,10.1070,0.0080
regla_bon,6,La24,4,10.1070,0.0140
regla_bon,6,La24,8,10.1070,0.0280
regla_bon,6,La24,16,8.9305,0.0570
regla_bon,6,La24,32,8.9305,0.1190
regla_bon,6,La24,64,7.1123,0.2500
regla_bon,6,La24,128,7.1123,0.4991
regla_bon,6,La24,256,7.1123,1.0197
regla_bon,6,La24,512,7.1123,2.0333
regla_bon,6,La24,1024,7.1123,4.1395
regla_bon,6,La24,2048,7.1123,8.4395
regla_bon,6,La24,4096,7.1123,16.7360
regla_bon,6,La24,8192,8.7701,33.4862
regla_bon,6,La24,16384,5.5615,66.8472
regla_bon,6,La24,32768,5.5615,133.9765
regla_bon,6,La24,65536,5.5615,267.8618
regla_bon,6,La24,131072,5.5615,542.7820
regla_bon,6,La24,217969,5.5615,900.0025
ga_sembrado,6,La24,1,10.1070,0.0190
ga_sembrado,6,La24,2,10.1070,0.0190
ga_sembrado,6,La24,4,10.1070,0.0190
ga_sembrado,6,La24,8,10.1070,0.0190
ga_sembrado,6,La24,16,10.1070,0.0200
ga_sembrado,6,La24,32,10.1070,0.0210
ga_sembrado,6,La24,64,10.1070,0.0240
ga_sembrado,6,La24,128,10.1070,0.0290
ga_sembrado,6,La24,256,10.1070,0.0400
ga_sembrado,6,La24,512,10.1070,0.0710
ga_sembrado,6,La24,1024,10.1070,0.1240
ga_sembrado,6,La24,2048,10.1070,0.2390
ga_sembrado,6,La24,4096,10.1070,0.4701
ga_sembrado,6,La24,8192,9.4652,0.9337
ga_sembrado,6,La24,16384,9.5187,1.8578
ga_sembrado,6,La24,32768,8.1818,3.7750
ga_sembrado,6,La24,65536,4.5989,7.5633
ga_sembrado,6,La24,131072,4.5989,15.2306
ga_sembrado,6,La24,262144,3.2086,30.2263
ga_sembrado,6,La24,524288,3.2086,60.5311
ga_sembrado,6,La24,1048576,3.2086,120.9113
ga_sembrado,6,La24,2097152,3.2086,242.6859
ga_sembrado,6,La24,4194304,3.2086,493.3705
ga_sembrado,6,La24,7694286,3.2086,900.0006
ga,6,La25,1,111.9754,0.0140
ga,6,La25,2,86.5916,0.0140
ga,6,La25,4,86.5916,0.0140
ga,6,La25,8,86.5916,0.0150
ga,6,La25,16,81.3715,0.0150
ga,6,La25,32,72.6203,0.0160
ga,6,La25,64,64.6878,0.0180
ga,6,La25,128,58.9560,0.0220
ga,6,La25,256,58.9560,0.0330
ga,6,La25,512,47.2364,0.0670
ga,6,La25,1024,38.3316,0.1245
ga,6,La25,2048,33.8280,0.2441
ga,6,La25,4096,26.7656,0.4782
ga,6,La25,8192,17.9120,0.9648
ga,6,La25,16384,10.9007,1.9190
ga,6,La25,32768,6.9601,3.9189
ga,6,La25,65536,6.9601,7.6978
ga,6,La25,131072,6.2948,15.3508
ga,6,La25,262144,6.2436,30.6559
ga,6,La25,524288,5.5271,60.9318
ga,6,La25,1048576,5.5271,121.5964
ga,6,La25,2097152,5.4759,243.6245
ga,6,La25,4194304,5.4248,503.8561
ga,6,La25,7407430,5.4248,900.0010
regla_bon,6,La25,1,11.8219,0.0050
regla_bon,6,La25,2,12.7431,0.0090
regla_bon,6,La25,4,12.7431,0.0170
regla_bon,6,La25,8,12.7431,0.0340
regla_bon,6,La25,16,10.4401,0.0661
regla_bon,6,La25,32,9.3654,0.1290
regla_bon,6,La25,64,9.3654,0.2541
regla_bon,6,La25,128,9.3654,0.5137
regla_bon,6,La25,256,7.4207,1.0203
regla_bon,6,La25,512,7.4207,2.0476
regla_bon,6,La25,1024,6.6530,4.1900
regla_bon,6,La25,2048,6.6530,8.3392
regla_bon,6,La25,4096,7.1136,16.6362
regla_bon,6,La25,8192,7.1136,33.1218
regla_bon,6,La25,16384,7.1136,65.9038
regla_bon,6,La25,32768,5.7318,132.2140
regla_bon,6,La25,65536,4.4012,265.4471
regla_bon,6,La25,131072,4.4012,548.4829
regla_bon,6,La25,213106,4.4012,900.0005
ga,6,La27,1,90.2024,0.0250
ga,6,La27,2,82.7126,0.0250
ga,6,La27,4,80.4049,0.0260
ga,6,La27,8,80.4049,0.0260
ga,6,La27,16,71.6599,0.0270
ga,6,La27,32,66.1134,0.0280
ga,6,La27,64,66.1134,0.0320
ga,6,La27,128,67.2874,0.0380
ga,6,La27,256,51.4575,0.0520
ga,6,La27,512,51.4575,0.0910
ga,6,La27,1024,42.6316,0.1691
ga,6,La27,2048,42.6316,0.3171
ga,6,La27,4096,39.1093,0.6097
ga,6,La27,8192,28.8259,1.2223
ga,6,La27,16384,17.7328,2.4667
ga,6,La27,32768,11.2551,4.9432
ga,6,La27,65536,6.3158,9.8375
ga,6,La27,131072,3.8057,19.5779
ga,6,La27,262144,3.6032,39.0609
ga,6,La27,524288,3.6032,78.1682
ga,6,La27,1048576,3.6032,156.5077
ga,6,La27,2097152,3.6032,321.3606
ga,6,La27,4194304,3.6032,653.4221
ga,6,La27,5751874,3.3603,900.0005
ga_sembrado,6,La25,1,11.8219,0.0180
ga_sembrado,6,La25,2,11.8219,0.0180
ga_sembrado,6,La25,4,11.8219,0.0180
ga_sembrado,6,La25,8,11.8219,0.0180
ga_sembrado,6,La25,16,11.8219,0.0190
ga_sembrado,6,La25,32,11.8219,0.0200
ga_sembrado,6,La25,64,11.8219,0.0230
ga_sembrado,6,La25,128,11.8219,0.0280
ga_sembrado,6,La25,256,11.8219,0.0390
ga_sembrado,6,La25,512,11.8219,0.0670
ga_sembrado,6,La25,1024,11.8219,0.1260
ga_sembrado,6,La25,2048,11.8219,0.2501
ga_sembrado,6,La25,4096,10.1842,0.4837
ga_sembrado,6,La25,8192,9.9795,0.9482
ga_sembrado,6,La25,16384,9.9795,1.8860
ga_sembrado,6,La25,32768,10.2354,3.7979
ga_sembrado,6,La25,65536,8.8025,7.5768
ga_sembrado,6,La25,131072,8.0348,15.1888
ga_sembrado,6,La25,262144,7.4207,30.4578
ga_sembrado,6,La25,524288,5.5271,60.7048
ga_sembrado,6,La25,1048576,5.5271,121.1578
ga_sembrado,6,La25,2097152,5.5271,243.7696
ga_sembrado,6,La25,4194304,5.5271,504.5564
ga_sembrado,6,La25,7395768,5.5271,900.0005
regla_bon,6,La27,1,24.9798,0.0070
regla_bon,6,La27,2,20.9717,0.0150
regla_bon,6,La27,4,20.9717,0.0290
regla_bon,6,La27,8,20.5263,0.0550
regla_bon,6,La27,16,17.9352,0.1110
regla_bon,6,La27,32,12.8340,0.2191
regla_bon,6,La27,64,12.8340,0.4256
regla_bon,6,La27,128,11.6599,0.8432
regla_bon,6,La27,256,11.6599,1.6800
regla_bon,6,La27,512,11.6599,3.4323
regla_bon,6,La27,1024,11.0931,6.7992
regla_bon,6,La27,2048,10.7287,13.6089
regla_bon,6,La27,4096,9.1093,27.2795
regla_bon,6,La27,8192,9.1093,54.5194
regla_bon,6,La27,16384,8.2186,108.7782
regla_bon,6,La27,32768,8.2186,219.0448
regla_bon,6,La27,65536,8.0972,453.6259
regla_bon,6,La27,128728,8.2591,900.0030
ga_sembrado,6,La27,1,24.9798,0.0250
ga_sembrado,6,La27,2,24.9798,0.0250
ga_sembrado,6,La27,4,24.9798,0.0250
ga_sembrado,6,La27,8,24.9798,0.0250
ga_sembrado,6,La27,16,24.9798,0.0260
ga_sembrado,6,La27,32,24.9798,0.0280
ga_sembrado,6,La27,64,24.9798,0.0310
ga_sembrado,6,La27,128,24.9798,0.0380
ga_sembrado,6,La27,256,24.9798,0.0500
ga_sembrado,6,La27,512,24.9798,0.0860
ga_sembrado,6,La27,1024,24.9798,0.1581
ga_sembrado,6,La27,2048,24.9798,0.3171
ga_sembrado,6,La27,4096,22.1862,0.6157
ga_sembrado,6,La27,8192,15.0607,1.2003
ga_sembrado,6,La27,16384,12.7530,2.4436
ga_sembrado,6,La27,32768,11.1741,4.9062
ga_sembrado,6,La27,65536,8.8664,9.9140
ga_sembrado,6,La27,131072,8.5425,19.5959
ga_sembrado,6,La27,262144,8.5425,39.2504
ga_sembrado,6,La27,524288,8.0162,78.2836
ga_sembrado,6,La27,1048576,8.0162,156.6257
ga_sembrado,6,La27,2097152,8.0162,322.2764
ga_sembrado,6,La27,4194304,8.0162,655.1996
ga_sembrado,6,La27,5735885,8.0162,900.0000
ga,6,La29,1,88.1076,0.0250
ga,6,La29,2,88.1076,0.0250
ga,6,La29,4,88.1076,0.0250
ga,6,La29,8,80.8160,0.0250
ga,6,La29,16,80.8160,0.0260
ga,6,La29,32,72.5694,0.0290
ga,6,La29,64,71.5712,0.0320
ga,6,La29,128,66.4062,0.0390
ga,6,La29,256,65.2344,0.0540
ga,6,La29,512,65.6250,0.0920
ga,6,La29,1024,54.5139,0.1786
ga,6,La29,2048,45.0955,0.3423
ga,6,La29,4096,41.1892,0.6547
ga,6,La29,8192,30.7726,1.2849
ga,6,La29,16384,22.6128,2.5709
ga,6,La29,32768,11.1979,5.3419
ga,6,La29,65536,10.0260,10.7380
ga,6,La29,131072,9.4618,20.7687
ga,6,La29,262144,9.4618,41.3112
ga,6,La29,524288,8.2031,83.6156
ga,6,La29,1048576,8.2031,170.4839
ga,6,La29,2097152,8.2031,340.1589
ga,6,La29,4194304,7.9861,689.3644
ga,6,La29,5485462,7.9861,900.0010
ga,6,La38,1,100.9197,0.0260
ga,6,La38,2,96.6555,0.0260
ga,6,La38,4,94.7742,0.0260
ga,6,La38,8,94.7742,0.0270
ga,6,La38,16,88.8796,0.0280
ga,6,La38,32,74.2475,0.0300
ga,6,La38,64,65.0502,0.0340
ga,6,La38,128,65.0502,0.0415
ga,6,La38,256,65.0502,0.0565
ga,6,La38,512,65.0502,0.1025
ga,6,La38,1024,56.8980,0.1928
ga,6,La38,2048,46.0702,0.3736
ga,6,La38,4096,37.6672,0.7232
ga,6,La38,8192,31.0201,1.4195
ga,6,La38,16384,22.7425,2.8774
ga,6,La38,32768,14.8411,5.9113
ga,6,La38,65536,14.1722,11.8193
ga,6,La38,131072,11.8311,22.9724
ga,6,La38,262144,11.5385,45.9869
ga,6,La38,524288,11.5385,92.6716
ga,6,La38,1048576,11.5385,189.4017
ga,6,La38,2097152,11.5385,377.3343
ga,6,La38,4194304,11.5385,765.2135
ga,6,La38,4943658,11.5385,900.0005
regla_bon,6,La29,1,13.4115,0.0090
regla_bon,6,La29,2,13.4115,0.0170
regla_bon,6,La29,4,13.4115,0.0320
regla_bon,6,La29,8,13.4115,0.0595
regla_bon,6,La29,16,13.4115,0.1165
regla_bon,6,La29,32,13.4115,0.2300
regla_bon,6,La29,64,13.4115,0.4481
regla_bon,6,La29,128,15.4514,0.8953
regla_bon,6,La29,256,13.4549,1.7996
regla_bon,6,La29,512,13.4549,3.6988
regla_bon,6,La29,1024,11.2847,7.5229
regla_bon,6,La29,2048,11.2847,14.9452
regla_bon,6,La29,4096,11.2847,29.2581
regla_bon,6,La29,8192,11.0677,59.4297
regla_bon,6,La29,16384,10.7639,118.6439
regla_bon,6,La29,32768,10.7205,242.1599
regla_bon,6,La29,65536,9.2882,491.8158
regla_bon,6,La29,120534,9.2882,900.0025
ga_sembrado,6,La29,1,13.4115,0.0250
ga_sembrado,6,La29,2,13.4115,0.0250
ga_sembrado,6,La29,4,13.4115,0.0250
ga_sembrado,6,La29,8,13.4115,0.0260
ga_sembrado,6,La29,16,13.4115,0.0270
ga_sembrado,6,La29,32,13.4115,0.0280
ga_sembrado,6,La29,64,13.4115,0.0315
ga_sembrado,6,La29,128,13.4115,0.0385
ga_sembrado,6,La29,256,13.4115,0.0515
ga_sembrado,6,La29,512,13.4115,0.0905
ga_sembrado,6,La29,1024,13.4115,0.1748
ga_sembrado,6,La29,2048,13.4115,0.3386
ga_sembrado,6,La29,4096,13.4115,0.6593
ga_sembrado,6,La29,8192,12.1094,1.2764
ga_sembrado,6,La29,16384,10.4167,2.5678
ga_sembrado,6,La29,32768,10.4167,5.3299
ga_sembrado,6,La29,65536,10.2865,10.7205
ga_sembrado,6,La29,131072,8.9410,20.7802
ga_sembrado,6,La29,262144,6.9878,41.3207
ga_sembrado,6,La29,524288,6.8142,83.6870
ga_sembrado,6,La29,1048576,6.9010,170.9765
ga_sembrado,6,La29,2097152,6.3802,340.7126
ga_sembrado,6,La29,4194304,6.3802,691.1782
ga_sembrado,6,La29,5472783,6.3802,900.0005
ga_sembrado,6,La38,1,14.9666,0.0271
ga_sembrado,6,La38,2,14.9666,0.0271
ga_sembrado,6,La38,4,14.9666,0.0271
ga_sembrado,6,La38,8,14.9666,0.0281
ga_sembrado,6,La38,16,14.9666,0.0291
ga_sembrado,6,La38,32,14.9666,0.0301
ga_sembrado,6,La38,64,14.9666,0.0331
ga_sembrado,6,La38,128,14.9666,0.0402
ga_sembrado,6,La38,256,14.9666,0.0557
ga_sembrado,6,La38,512,14.9666,0.1009
ga_sembrado,6,La38,1024,14.9666,0.1895
ga_sembrado,6,La38,2048,14.9666,0.3635
ga_sembrado,6,La38,4096,13.6706,0.7276
ga_sembrado,6,La38,8192,10.5769,1.4470
ga_sembrado,6,La38,16384,9.8244,2.9378
ga_sembrado,6,La38,32768,8.0686,5.9764
ga_sembrado,6,La38,65536,8.0686,11.8743
ga_sembrado,6,La38,131072,5.4766,23.0053
ga_sembrado,6,La38,262144,5.4766,45.8723
ga_sembrado,6,La38,524288,5.2676,92.2169
ga_sembrado,6,La38,1048576,5.2676,189.0941
ga_sembrado,6,La38,2097152,5.2676,376.9881
ga_sembrado,6,La38,4194304,5.2676,764.9409
ga_sembrado,6,La38,4947258,4.9749,900.0004
regla_bon,6,La38,1,14.9666,0.0070
regla_bon,6,La38,2,14.9666,0.0140
regla_bon,6,La38,4,14.9666,0.0281
regla_bon,6,La38,8,14.9666,0.0542
regla_bon,6,La38,16,11.4130,0.1059
regla_bon,6,La38,32,11.4130,0.2080
regla_bon,6,La38,64,10.3261,0.4061
regla_bon,6,La38,128,10.3261,0.8057
regla_bon,6,La38,256,10.3261,1.6310
regla_bon,6,La38,512,8.9883,3.3566
regla_bon,6,La38,1024,8.9883,6.8207
regla_bon,6,La38,2048,8.9883,13.5593
regla_bon,6,La38,4096,8.9047,26.4342
regla_bon,6,La38,8192,8.4030,53.6274
regla_bon,6,La38,16384,7.8177,107.0454
regla_bon,6,La38,32768,7.8177,219.4222
regla_bon,6,La38,65536,7.8177,443.0968
regla_bon,6,La38,131072,7.8177,885.6909
regla_bon,6,La38,133343,7.8177,900.0034
ga,6,La40,1,68.1669,0.0280
ga,6,La40,2,68.1669,0.0280
ga,6,La40,4,66.0393,0.0280
ga,6,La40,8,66.0393,0.0290
ga,6,La40,16,66.0393,0.0300
ga,6,La40,32,66.0393,0.0310
ga,6,La40,64,63.9525,0.0350
ga,6,La40,128,63.9525,0.0430
ga,6,La40,256,63.3388,0.0590
ga,6,La40,512,53.0278,0.1020
ga,6,La40,1024,53.0278,0.1891
ga,6,La40,2048,43.6579,0.3606
ga,6,La40,4096,35.5155,0.7046
ga,6,La40,8192,19.9264,1.3859
ga,6,La40,16384,14.9345,2.8006
ga,6,La40,32768,9.9427,5.6680
ga,6,La40,65536,8.5925,11.3745
ga,6,La40,131072,5.3191,22.5282
ga,6,La40,262144,5.3191,45.0436
ga,6,La40,524288,5.0736,89.9713
ga,6,La40,1048576,5.0736,186.3438
ga,6,La40,2097152,4.6645,373.7624
ga,6,La40,4194304,4.4599,745.7193
ga,6,La40,5049311,4.4599,900.0007
regla_bon,6,La40,1,13.2570,0.0060
regla_bon,6,La40,2,13.2570,0.0110
regla_bon,6,La40,4,13.2570,0.0250
regla_bon,6,La40,8,13.2570,0.0505
regla_bon,6,La40,16,13.2570,0.0995
regla_bon,6,La40,32,12.3568,0.2015
regla_bon,6,La40,64,10.6383,0.4045
regla_bon,6,La40,128,10.6383,0.8106
regla_bon,6,La40,256,10.6383,1.6083
regla_bon,6,La40,512,10.1473,3.2555
regla_bon,6,La40,1024,8.2242,6.5630
regla_bon,6,La40,2048,8.2242,13.1288
regla_bon,6,La40,4096,8.2242,26.0952
regla_bon,6,La40,8192,8.3061,51.9714
regla_bon,6,La40,16384,8.3061,104.4678
regla_bon,6,La40,32768,7.9787,216.5031
regla_bon,6,La40,65536,7.0376,430.2224
regla_bon,6,La40,131072,7.2831,864.5806
regla_bon,6,La40,136351,7.2831,900.0017
ga,6,ABZ7,1,72.8659,0.0300
ga,6,ABZ7,2,72.8659,0.0300
ga,6,ABZ7,4,72.8659,0.0300
ga,6,ABZ7,8,72.8659,0.0300
ga,6,ABZ7,16,72.8659,0.0310
ga,6,ABZ7,32,72.8659,0.0330
ga,6,ABZ7,64,72.8659,0.0380
ga,6,ABZ7,128,72.8659,0.0465
ga,6,ABZ7,256,72.8659,0.0645
ga,6,ABZ7,512,69.8933,0.1215
ga,6,ABZ7,1024,61.5854,0.2325
ga,6,ABZ7,2048,54.6494,0.4625
ga,6,ABZ7,4096,41.9970,0.9037
ga,6,ABZ7,8192,37.5000,1.8149
ga,6,ABZ7,16384,25.9146,3.6960
ga,6,ABZ7,32768,18.4451,7.4301
ga,6,ABZ7,65536,15.1677,14.8030
ga,6,ABZ7,131072,13.1860,29.5134
ga,6,ABZ7,262144,13.1860,58.9664
ga,6,ABZ7,524288,12.3476,121.1832
ga,6,ABZ7,1048576,9.4512,246.1947
ga,6,ABZ7,2097152,9.4512,489.5902
ga,6,ABZ7,3845130,9.4512,900.0007
ga_sembrado,6,La40,1,13.2570,0.0240
ga_sembrado,6,La40,2,13.2570,0.0240
ga_sembrado,6,La40,4,13.2570,0.0240
ga_sembrado,6,La40,8,13.2570,0.0250
ga_sembrado,6,La40,16,13.2570,0.0260
ga_sembrado,6,La40,32,13.2570,0.0270
ga_sembrado,6,La40,64,13.2570,0.0310
ga_sembrado,6,La40,128,13.2570,0.0390
ga_sembrado,6,La40,256,13.2570,0.0545
ga_sembrado,6,La40,512,13.2570,0.0975
ga_sembrado,6,La40,1024,13.2570,0.1905
ga_sembrado,6,La40,2048,13.2570,0.3565
ga_sembrado,6,La40,4096,13.2570,0.6976
ga_sembrado,6,La40,8192,10.5565,1.4038
ga_sembrado,6,La40,16384,9.9018,2.8502
ga_sembrado,6,La40,32768,9.9018,5.6779
ga_sembrado,6,La40,65536,9.9018,11.3739
ga_sembrado,6,La40,131072,9.9018,22.5761
ga_sembrado,6,La40,262144,6.7103,45.1060
ga_sembrado,6,La40,524288,5.9329,90.2348
ga_sembrado,6,La40,1048576,5.9329,186.9565
ga_sembrado,6,La40,2097152,5.9329,374.8401
ga_sembrado,6,La40,4194304,5.9329,746.5911
ga_sembrado,6,La40,5043125,5.9329,900.0007
regla_bon,6,ABZ7,1,19.6646,0.0120
regla_bon,6,ABZ7,2,15.9299,0.0210
regla_bon,6,ABZ7,4,15.9299,0.0430
regla_bon,6,ABZ7,8,15.9299,0.0850
regla_bon,6,ABZ7,16,14.3293,0.1710
regla_bon,6,ABZ7,32,14.3293,0.3330
regla_bon,6,ABZ7,64,14.3293,0.6531
regla_bon,6,ABZ7,128,14.3293,1.3233
regla_bon,6,ABZ7,256,12.5762,2.7096
regla_bon,6,ABZ7,512,13.1860,5.4714
regla_bon,6,ABZ7,1024,12.1189,11.0189
regla_bon,6,ABZ7,2048,11.4329,21.9256
regla_bon,6,ABZ7,4096,11.4329,43.7488
regla_bon,6,ABZ7,8192,11.5854,87.5950
regla_bon,6,ABZ7,16384,11.2043,181.8183
regla_bon,6,ABZ7,32768,11.2043,365.6746
regla_bon,6,ABZ7,65536,9.9848,728.3703
regla_bon,6,ABZ7,80812,9.9848,900.0067
ga_sembrado,6,ABZ7,1,19.6646,0.0370
ga_sembrado,6,ABZ7,2,19.6646,0.0370
ga_sembrado,6,ABZ7,4,19.6646,0.0370
ga_sembrado,6,ABZ7,8,19.6646,0.0380
ga_sembrado,6,ABZ7,16,19.6646,0.0390
ga_sembrado,6,ABZ7,32,19.6646,0.0420
ga_sembrado,6,ABZ7,64,19.6646,0.0470
ga_sembrado,6,ABZ7,128,19.6646,0.0570
ga_sembrado,6,ABZ7,256,19.6646,0.0780
ga_sembrado,6,ABZ7,512,19.6646,0.1360
ga_sembrado,6,ABZ7,1024,19.6646,0.2520
ga_sembrado,6,ABZ7,2048,19.6646,0.4711
ga_sembrado,6,ABZ7,4096,19.6646,0.9192
ga_sembrado,6,ABZ7,8192,14.2530,1.8224
ga_sembrado,6,ABZ7,16384,12.7287,3.7085
ga_sembrado,6,ABZ7,32768,11.9665,7.4432
ga_sembrado,6,ABZ7,65536,11.4329,14.8435
ga_sembrado,6,ABZ7,131072,11.4329,29.4509
ga_sembrado,6,ABZ7,262144,11.4329,59.0149
ga_sembrado,6,ABZ7,524288,11.4329,121.2852
ga_sembrado,6,ABZ7,1048576,11.4329,246.1652
ga_sembrado,6,ABZ7,2097152,11.4329,489.9267
ga_sembrado,6,ABZ7,3841046,8.6890,900.0007
ga,6,ABZ8,1,97.7519,0.0320
ga,6,ABZ8,2,97.7519,0.0320
ga,6,ABZ8,4,97.7519,0.0320
ga,6,ABZ8,8,97.7519,0.0330
ga,6,ABZ8,16,82.9457,0.0340
ga,6,ABZ8,32,82.9457,0.0370
ga,6,ABZ8,64,82.9457,0.0420
ga,6,ABZ8,128,74.3411,0.0530
ga,6,ABZ8,256,74.3411,0.0720
ga,6,ABZ8,512,74.3411,0.1280
ga,6,ABZ8,1024,67.9070,0.2470
ga,6,ABZ8,2048,56.1240,0.4776
ga,6,ABZ8,4096,48.9147,0.9266
ga,6,ABZ8,8192,41.2403,2.3739
ga,6,ABZ8,16384,32.7132,5.3289
ga,6,ABZ8,32768,21.7054,9.2775
ga,6,ABZ8,65536,16.8992,16.5650
ga,6,ABZ8,131072,15.3488,31.0742
ga,6,ABZ8,262144,15.1163,66.5724
ga,6,ABZ8,524288,13.2558,133.7962
ga,6,ABZ8,1048576,12.4031,261.7846
ga,6,ABZ8,2097152,12.4031,531.1486
ga,6,ABZ8,3650257,12.4031,900.0002
ga,6,ABZ9,1,96.6717,0.0300
ga,6,ABZ9,2,92.8139,0.0300
ga,6,ABZ9,4,92.8139,0.0300
ga,6,ABZ9,8,92.8139,0.0310
ga,6,ABZ9,16,91.1498,0.0320
ga,6,ABZ9,32,86.6868,0.0340
ga,6,ABZ9,64,82.7534,0.0380
ga,6,ABZ9,128,76.2481,0.0480
ga,6,ABZ9,256,76.2481,0.0670
ga,6,ABZ9,512,68.7595,0.1225
ga,6,ABZ9,1024,68.8351,0.2375
ga,6,ABZ9,2048,61.4977,0.4655
ga,6,ABZ9,4096,51.5885,0.8947
ga,6,ABZ9,8192,43.4191,2.2589
ga,6,ABZ9,16384,30.4085,4.9463
ga,6,ABZ9,32768,22.1634,8.9054
ga,6,ABZ9,65536,19.0620,16.2180
ga,6,ABZ9,131072,17.3979,30.7806
ga,6,ABZ9,262144,17.3979,66.0208
ga,6,ABZ9,524288,17.3979,133.3513
ga,6,ABZ9,1048576,17.3979,260.8626
ga,6,ABZ9,2097152,17.3979,530.1109
ga,6,ABZ9,3644545,14.2209,900.0002
regla_bon,6,ABZ8,1,24.7287,0.0120
regla_bon,6,ABZ8,2,24.7287,0.0230
regla_bon,6,ABZ8,4,24.7287,0.0440
regla_bon,6,ABZ8,8,24.4186,0.0850
regla_bon,6,ABZ8,16,23.5659,0.1735
regla_bon,6,ABZ8,32,21.8605,0.3455
regla_bon,6,ABZ8,64,21.3178,0.6876
regla_bon,6,ABZ8,128,21.3178,1.3762
regla_bon,6,ABZ8,256,20.1550,3.7167
regla_bon,6,ABZ8,512,20.6977,7.0509
regla_bon,6,ABZ8,1024,20.6977,12.6536
regla_bon,6,ABZ8,2048,18.3721,23.5351
regla_bon,6,ABZ8,4096,18.3721,47.9011
regla_bon,6,ABZ8,8192,17.8295,99.7232
regla_bon,6,ABZ8,16384,17.8295,193.4659
regla_bon,6,ABZ8,32768,18.2171,390.0962
regla_bon,6,ABZ8,65536,16.3566,781.6706
regla_bon,6,ABZ8,76525,16.3566,900.0042
ga_sembrado,6,ABZ8,1,24.7287,0.0370
ga_sembrado,6,ABZ8,2,24.7287,0.0370
ga_sembrado,6,ABZ8,4,24.7287,0.0380
ga_sembrado,6,ABZ8,8,24.7287,0.0380
ga_sembrado,6,ABZ8,16,24.7287,0.0400
ga_sembrado,6,ABZ8,32,24.7287,0.0420
ga_sembrado,6,ABZ8,64,24.7287,0.0470
ga_sembrado,6,ABZ8,128,24.7287,0.0570
ga_sembrado,6,ABZ8,256,24.7287,0.0750
ga_sembrado,6,ABZ8,512,24.7287,0.1315
ga_sembrado,6,ABZ8,1024,24.7287,0.2495
ga_sembrado,6,ABZ8,2048,24.7287,0.4805
ga_sembrado,6,ABZ8,4096,24.7287,0.9417
ga_sembrado,6,ABZ8,8192,22.2481,2.2859
ga_sembrado,6,ABZ8,16384,21.0853,5.0088
ga_sembrado,6,ABZ8,32768,18.7597,9.0324
ga_sembrado,6,ABZ8,65536,18.1395,16.4120
ga_sembrado,6,ABZ8,131072,17.3643,31.0262
ga_sembrado,6,ABZ8,262144,17.3643,66.4244
ga_sembrado,6,ABZ8,524288,17.3643,134.4549
ga_sembrado,6,ABZ8,1048576,17.3643,263.7494
ga_sembrado,6,ABZ8,2097152,17.3643,536.9170
ga_sembrado,6,ABZ8,3607005,16.4341,900.0002
ga_sembrado,6,ABZ9,1,33.3585,0.0340
ga_sembrado,6,ABZ9,2,33.3585,0.0340
ga_sembrado,6,ABZ9,4,33.3585,0.0350
ga_sembrado,6,ABZ9,8,33.3585,0.0350
ga_sembrado,6,ABZ9,16,33.3585,0.0360
ga_sembrado,6,ABZ9,32,33.3585,0.0380
ga_sembrado,6,ABZ9,64,33.3585,0.0430
ga_sembrado,6,ABZ9,128,33.3585,0.0530
ga_sembrado,6,ABZ9,256,33.3585,0.0730
ga_sembrado,6,ABZ9,512,33.3585,0.1320
ga_sembrado,6,ABZ9,1024,33.3585,0.2400
ga_sembrado,6,ABZ9,2048,33.3585,0.4741
ga_sembrado,6,ABZ9,4096,33.3585,0.9382
ga_sembrado,6,ABZ9,8192,28.0635,2.6146
ga_sembrado,6,ABZ9,16384,26.6263,5.4183
ga_sembrado,6,ABZ9,32768,24.0545,9.2661
ga_sembrado,6,ABZ9,65536,22.1634,16.7156
ga_sembrado,6,ABZ9,131072,21.3313,31.2998
ga_sembrado,6,ABZ9,262144,21.3313,67.0882
ga_sembrado,6,ABZ9,524288,20.2723,134.9857
ga_sembrado,6,ABZ9,1048576,18.6082,264.6279
ga_sembrado,6,ABZ9,2097152,18.0030,537.1065
ga_sembrado,6,ABZ9,3606537,18.0030,900.0007
regla_bon,6,ABZ9,1,33.3585,0.0100
regla_bon,6,ABZ9,2,33.3585,0.0200
regla_bon,6,ABZ9,4,33.5855,0.0430
regla_bon,6,ABZ9,8,29.4251,0.0850
regla_bon,6,ABZ9,16,29.4251,0.1640
regla_bon,6,ABZ9,32,29.2738,0.3270
regla_bon,6,ABZ9,64,28.6687,0.6592
regla_bon,6,ABZ9,128,23.7519,1.5433
regla_bon,6,ABZ9,256,23.7519,3.9252
regla_bon,6,ABZ9,512,23.7519,7.1434
regla_bon,6,ABZ9,1024,23.7519,12.7021
regla_bon,6,ABZ9,2048,23.3737,23.4266
regla_bon,6,ABZ9,4096,23.3737,47.5326
regla_bon,6,ABZ9,8192,20.9531,98.8538
regla_bon,6,ABZ9,16384,18.8351,191.3757
regla_bon,6,ABZ9,32768,18.8351,385.7845
regla_bon,6,ABZ9,65536,18.8351,773.1671
regla_bon,6,ABZ9,77445,18.8351,900.0087
ga,7,FT10,1,110.9677,0.0120
ga,7,FT10,2,86.7742,0.0120
ga,7,FT10,4,66.6667,0.0120
ga,7,FT10,8,66.6667,0.0130
ga,7,FT10,16,58.1720,0.0130
ga,7,FT10,32,58.1720,0.0140
ga,7,FT10,64,58.1720,0.0160
ga,7,FT10,128,54.1398,0.0190
ga,7,FT10,256,43.7634,0.0250
ga,7,FT10,512,41.0753,0.0480
ga,7,FT10,1024,39.5699,0.0920
ga,7,FT10,2048,36.3978,0.1790
ga,7,FT10,4096,27.1505,0.3475
ga,7,FT10,8192,15.2688,0.6996
ga,7,FT10,16384,12.3656,1.4011
ga,7,FT10,32768,10.3226,2.7969
ga,7,FT10,65536,8.6022,5.6148
ga,7,FT10,131072,8.6022,12.1667
ga,7,FT10,262144,8.6022,23.5775
ga,7,FT10,524288,8.6022,45.6072
ga,7,FT10,1048576,8.6022,90.0928
ga,7,FT10,2097152,8.6022,182.2697
ga,7,FT10,4194304,8.6022,361.3550
ga,7,FT10,8388608,8.6022,718.5278
ga,7,FT10,10541095,8.6022,900.0006
ga_sembrado,7,FT10,1,20.3763,0.0130
ga_sembrado,7,FT10,2,20.3763,0.0130
ga_sembrado,7,FT10,4,20.3763,0.0140
ga_sembrado,7,FT10,8,20.3763,0.0140
ga_sembrado,7,FT10,16,20.3763,0.0140
ga_sembrado,7,FT10,32,20.3763,0.0150
ga_sembrado,7,FT10,64,20.3763,0.0170
ga_sembrado,7,FT10,128,20.3763,0.0200
ga_sembrado,7,FT10,256,20.3763,0.0270
ga_sembrado,7,FT10,512,20.3763,0.0470
ga_sembrado,7,FT10,1024,20.3763,0.0900
ga_sembrado,7,FT10,2048,20.3763,0.1765
ga_sembrado,7,FT10,4096,11.8817,0.3500
ga_sembrado,7,FT10,8192,8.4946,0.6806
ga_sembrado,7,FT10,16384,7.0430,1.3786
ga_sembrado,7,FT10,32768,2.0430,2.7685
ga_sembrado,7,FT10,65536,1.7204,5.5889
ga_sembrado,7,FT10,131072,1.7204,12.3117
ga_sembrado,7,FT10,262144,1.7204,23.8293
ga_sembrado,7,FT10,524288,1.7204,46.1732
ga_sembrado,7,FT10,1048576,1.7204,90.9220
ga_sembrado,7,FT10,2097152,1.7204,183.4361
ga_sembrado,7,FT10,4194304,1.7204,363.5416
ga_sembrado,7,FT10,8388608,1.7204,722.1905
ga_sembrado,7,FT10,10487732,1.7204,900.0006
regla_bon,7,FT10,1,20.3763,0.0030
regla_bon,7,FT10,2,20.3763,0.0050
regla_bon,7,FT10,4,13.0645,0.0100
regla_bon,7,FT10,8,13.2796,0.0180
regla_bon,7,FT10,16,8.6022,0.0340
regla_bon,7,FT10,32,8.6022,0.0670
regla_bon,7,FT10,64,8.6022,0.1410
regla_bon,7,FT10,128,8.1720,0.2780
regla_bon,7,FT10,256,8.1720,0.5496
regla_bon,7,FT10,512,6.7742,1.1090
regla_bon,7,FT10,1024,3.7097,2.2172
regla_bon,7,FT10,2048,3.7097,4.4542
regla_bon,7,FT10,4096,3.7097,9.5514
regla_bon,7,FT10,8192,3.7097,19.1464
regla_bon,7,FT10,16384,3.7097,37.0158
regla_bon,7,FT10,32768,3.7097,72.6483
regla_bon,7,FT10,65536,3.7097,145.5658
regla_bon,7,FT10,131072,3.4409,291.5109
regla_bon,7,FT10,262144,3.4946,582.4490
regla_bon,7,FT10,408497,3.4946,900.0006
ga,7,FT20,1,74.5923,0.0130
ga,7,FT20,2,66.0086,0.0130
ga,7,FT20,4,66.0086,0.0130
ga,7,FT20,8,59.5708,0.0130
ga,7,FT20,16,59.5708,0.0140
ga,7,FT20,32,47.0386,0.0150
ga,7,FT20,64,47.0386,0.0170
ga,7,FT20,128,47.0386,0.0190
ga,7,FT20,256,47.0386,0.0250
ga,7,FT20,512,42.8326,0.0460
ga,7,FT20,1024,38.4120,0.0950
ga,7,FT20,2048,27.6395,0.1795
ga,7,FT20,4096,23.9485,0.3470
ga,7,FT20,8192,15.0215,0.7056
ga,7,FT20,16384,9.4421,1.4106
ga,7,FT20,32768,3.8627,2.7966
ga,7,FT20,65536,2.9185,5.6264
ga,7,FT20,131072,2.9185,12.4578
ga,7,FT20,262144,2.9185,23.9988
ga,7,FT20,524288,2.9185,46.2842
ga,7,FT20,1048576,2.9185,91.3657
ga,7,FT20,2097152,2.9185,184.7089
ga,7,FT20,4194304,2.9185,366.1183
ga,7,FT20,8388608,2.9185,727.3187
ga,7,FT20,10408217,2.9185,900.0006
ga_sembrado,7,FT20,1,13.2189,0.0120
ga_sembrado,7,FT20,2,13.2189,0.0120
ga_sembrado,7,FT20,4,13.2189,0.0120
ga_sembrado,7,FT20,8,13.2189,0.0120
ga_sembrado,7,FT20,16,13.2189,0.0120
ga_sembrado,7,FT20,32,13.2189,0.0130
ga_sembrado,7,FT20,64,13.2189,0.0140
ga_sembrado,7,FT20,128,13.2189,0.0170
ga_sembrado,7,FT20,256,13.2189,0.0235
ga_sembrado,7,FT20,512,13.2189,0.0445
ga_sembrado,7,FT20,1024,13.2189,0.0880
ga_sembrado,7,FT20,2048,13.2189,0.1710
ga_sembrado,7,FT20,4096,13.2189,0.3476
ga_sembrado,7,FT20,8192,12.4893,0.6986
ga_sembrado,7,FT20,16384,11.9313,1.4061
ga_sembrado,7,FT20,32768,8.4120,2.8146
ga_sembrado,7,FT20,65536,6.0944,5.6249
ga_sembrado,7,FT20,131072,3.6910,12.4053
ga_sembrado,7,FT20,262144,2.6180,24.0264
ga_sembrado,7,FT20,524288,2.6180,46.3176
ga_sembrado,7,FT20,1048576,2.5322,91.4898
ga_sembrado,7,FT20,2097152,2.5322,184.8584
ga_sembrado,7,FT20,4194304,2.5322,366.6780
ga_sembrado,7,FT20,8388608,2.5322,728.6970
ga_sembrado,7,FT20,10394332,2.5322,900.0002
regla_bon,7,FT20,1,13.2189,0.0030
regla_bon,7,FT20,2,13.2189,0.0060
regla_bon,7,FT20,4,13.2189,0.0130
regla_bon,7,FT20,8,13.2189,0.0255
regla_bon,7,FT20,16,13.2189,0.0515
regla_bon,7,FT20,32,12.7897,0.1010
regla_bon,7,FT20,64,11.8884,0.2060
regla_bon,7,FT20,128,11.8455,0.4076
regla_bon,7,FT20,256,9.9571,0.8171
regla_bon,7,FT20,512,9.9571,1.6197
regla_bon,7,FT20,1024,9.0558,3.2417
regla_bon,7,FT20,2048,7.5107,6.4703
regla_bon,7,FT20,4096,7.5107,14.3630
regla_bon,7,FT20,8192,6.8240,27.1878
regla_bon,7,FT20,16384,6.8240,52.9242
regla_bon,7,FT20,32768,6.0515,104.5562
regla_bon,7,FT20,65536,6.0515,211.9861
regla_bon,7,FT20,131072,6.0515,418.7148
regla_bon,7,FT20,262144,6.0515,833.5966
regla_bon,7,FT20,282928,6.0515,900.0012
ga,7,La21,1,82.9828,0.0200
ga,7,La21,2,82.9828,0.0200
ga,7,La21,4,82.9828,0.0200
ga,7,La21,8,54.2065,0.0200
ga,7,La21,16,54.2065,0.0210
ga,7,La21,32,52.1033,0.0220
ga,7,La21,64,52.1033,0.0250
ga,7,La21,128,52.1033,0.0300
ga,7,La21,256,52.1033,0.0400
ga,7,La21,512,52.8681,0.0700
ga,7,La21,1024,50.8604,0.1340
ga,7,La21,2048,37.9063,0.2586
ga,7,La21,4096,29.7323,0.5001
ga,7,La21,8192,20.0765,0.9822
ga,7,La21,16384,13.4799,1.9350
ga,7,La21,32768,8.9866,3.9025
ga,7,La21,65536,6.0229,8.0011
ga,7,La21,131072,4.9713,15.9459
ga,7,La21,262144,4.9713,31.6812
ga,7,La21,524288,4.9713,63.5223
ga,7,La21,1048576,4.9713,125.8145
ga,7,La21,2097152,4.9713,248.7906
ga,7,La21,4194304,4.6367,505.2476
ga,7,La21,7395360,4.6367,900.0002
regla_bon,7,La21,1,15.0096,0.0050
regla_bon,7,La21,2,15.0096,0.0090
regla_bon,7,La21,4,14.3881,0.0150
regla_bon,7,La21,8,13.3843,0.0320
regla_bon,7,La21,16,13.3843,0.0660
regla_bon,7,La21,32,13.3843,0.1336
regla_bon,7,La21,64,13.3843,0.2661
regla_bon,7,La21,128,11.3767,0.5256
regla_bon,7,La21,256,9.5124,1.0662
regla_bon,7,La21,512,9.5124,2.0940
regla_bon,7,La21,1024,9.5124,4.2155
regla_bon,7,La21,2048,8.4130,8.8213
regla_bon,7,La21,4096,8.4130,17.3121
regla_bon,7,La21,8192,8.4130,34.4312
regla_bon,7,La21,16384,8.4130,69.0588
regla_bon,7,La21,32768,8.4130,137.3813
regla_bon,7,La21,65536,8.4130,271.8974
regla_bon,7,La21,131072,8.1262,552.5779
regla_bon,7,La21,210953,8.1262,900.0007
ga_sembrado,7,La21,1,15.0096,0.0160
ga_sembrado,7,La21,2,15.0096,0.0160
ga_sembrado,7,La21,4,15.0096,0.0160
ga_sembrado,7,La21,8,15.0096,0.0160
ga_sembrado,7,La21,16,15.0096,0.0160
ga_sembrado,7,La21,32,15.0096,0.0170
ga_sembrado,7,La21,64,15.0096,0.0190
ga_sembrado,7,La21,128,15.0096,0.0230
ga_sembrado,7,La21,256,15.0096,0.0320
ga_sembrado,7,La21,512,15.0096,0.0630
ga_sembrado,7,La21,1024,15.0096,0.1245
ga_sembrado,7,La21,2048,15.0096,0.2481
ga_sembrado,7,La21,4096,14.5315,0.4846
ga_sembrado,7,La21,8192,13.7667,0.9562
ga_sembrado,7,La21,16384,11.8547,1.9261
ga_sembrado,7,La21,32768,6.8356,3.8755
ga_sembrado,7,La21,65536,6.4532,8.0501
ga_sembrado,7,La21,131072,6.3098,15.9244
ga_sembrado,7,La21,262144,5.5927,31.5593
ga_sembrado,7,La21,524288,2.8203,63.3093
ga_sembrado,7,La21,1048576,2.4857,125.6464
ga_sembrado,7,La21,2097152,2.4857,248.9951
ga_sembrado,7,La21,4194304,2.4857,506.7638
ga_sembrado,7,La21,7380673,2.4857,900.0007
ga,7,La24,1,76.3636,0.0180
ga,7,La24,2,76.3636,0.0190
ga,7,La24,4,76.3636,0.0190
ga,7,La24,8,76.3636,0.0190
ga,7,La24,16,76.3636,0.0200
ga,7,La24,32,67.9144,0.0210
ga,7,La24,64,41.2834,0.0230
ga,7,La24,128,41.2834,0.0270
ga,7,La24,256,41.2834,0.0380
ga,7,La24,512,41.2834,0.0695
ga,7,La24,1024,41.2834,0.1336
ga,7,La24,2048,34.0107,0.2481
ga,7,La24,4096,30.0000,0.4896
ga,7,La24,8192,17.9679,0.9692
ga,7,La24,16384,7.5936,1.9080
ga,7,La24,32768,7.4332,3.8555
ga,7,La24,65536,6.4171,8.0341
ga,7,La24,131072,5.6150,15.9724
ga,7,La24,262144,3.2086,31.5633
ga,7,La24,524288,3.2086,63.5753
ga,7,La24,1048576,3.2086,126.1066
ga,7,La24,2097152,2.4599,249.7275
ga,7,La24,4194304,2.8342,506.8878
ga,7,La24,7367832,2.8342,900.0007
regla_bon,7,La24,1,10.1070,0.0050
regla_bon,7,La24,2,10.1070,0.0090
regla_bon,7,La24,4,10.1070,0.0160
regla_bon,7,La24,8,10.1070,0.0315
regla_bon,7,La24,16,9.8396,0.0635
regla_bon,7,La24,32,9.8396,0.1265
regla_bon,7,La24,64,9.8396,0.2610
regla_bon,7,La24,128,8.3957,0.5256
regla_bon,7,La24,256,8.1818,1.0536
regla_bon,7,La24,512,8.1818,2.1196
regla_bon,7,La24,1024,8.1818,4.2689
regla_bon,7,La24,2048,8.1818,8.9628
regla_bon,7,La24,4096,8.1818,17.3425
regla_bon,7,La24,8192,6.2032,34.4127
regla_bon,7,La24,16384,6.2032,68.8592
regla_bon,7,La24,32768,6.2032,137.2487
regla_bon,7,La24,65536,6.2032,271.1927
regla_bon,7,La24,131072,4.7594,550.9779
regla_bon,7,La24,211751,5.5615,900.0022
ga_sembrado,7,La24,1,10.1070,0.0150
ga_sembrado,7,La24,2,10.1070,0.0150
ga_sembrado,7,La24,4,10.1070,0.0150
ga_sembrado,7,La24,8,10.1070,0.0150
ga_sembrado,7,La24,16,10.1070,0.0160
ga_sembrado,7,La24,32,10.1070,0.0170
ga_sembrado,7,La24,64,10.1070,0.0180
ga_sembrado,7,La24,128,10.1070,0.0235
ga_sembrado,7,La24,256,10.1070,0.0345
ga_sembrado,7,La24,512,10.1070,0.0645
ga_sembrado,7,La24,1024,10.1070,0.1215
ga_sembrado,7,La24,2048,10.1070,0.2330
ga_sembrado,7,La24,4096,10.0535,0.4740
ga_sembrado,7,La24,8192,9.1979,0.9526
ga_sembrado,7,La24,16384,8.4492,1.9425
ga_sembrado,7,La24,32768,7.5936,3.9054
ga_sembrado,7,La24,65536,6.1497,8.1235
ga_sembrado,7,La24,131072,4.7594,16.0394
ga_sembrado,7,La24,262144,4.2246,31.7663
ga_sembrado,7,La24,524288,4.2246,63.6510
ga_sembrado,7,La24,1048576,4.1711,126.3881
ga_sembrado,7,La24,2097152,2.8877,250.2551
ga_sembrado,7,La24,4194304,2.8877,508.6342
ga_sembrado,7,La24,7352434,2.8877,900.0002
ga,7,La25,1,65.6090,0.0140
ga,7,La25,2,65.6090,0.0140
ga,7,La25,4,65.6090,0.0150
ga,7,La25,8,65.6090,0.0150
ga,7,La25,16,65.6090,0.0150
ga,7,La25,32,65.6090,0.0160
ga,7,La25,64,42.9887,0.0190
ga,7,La25,128,42.9887,0.0250
ga,7,La25,256,42.9887,0.0360
ga,7,La25,512,39.8158,0.0660
ga,7,La25,1024,39.8158,0.1326
ga,7,La25,2048,28.7615,0.2596
ga,7,La25,4096,24.5650,0.5067
ga,7,La25,8192,21.0338,1.0198
ga,7,La25,16384,13.7155,2.0588
ga,7,La25,32768,10.2866,4.1686
ga,7,La25,65536,10.2866,8.4512
ga,7,La25,131072,10.2354,17.8495
ga,7,La25,262144,10.2354,34.6455
ga,7,La25,524288,10.2354,67.8540
ga,7,La25,1048576,10.2354,144.0231
ga,7,La25,2097152,10.2354,295.9316
ga,7,La25,4194304,10.2354,600.7809
ga,7,La25,6427783,10.1331,900.0007
ga_sembrado,7,La25,1,11.8219,0.0180
ga_sembrado,7,La25,2,11.8219,0.0180
ga_sembrado,7,La25,4,11.8219,0.0180
ga_sembrado,7,La25,8,11.8219,0.0180
ga_sembrado,7,La25,16,11.8219,0.0190
ga_sembrado,7,La25,32,11.8219,0.0200
ga_sembrado,7,La25,64,11.8219,0.0220
ga_sembrado,7,La25,128,11.8219,0.0270
ga_sembrado,7,La25,256,11.8219,0.0370
ga_sembrado,7,La25,512,11.8219,0.0700
ga_sembrado,7,La25,1024,11.8219,0.1341
ga_sembrado,7,La25,2048,11.8731,0.2621
ga_sembrado,7,La25,4096,11.8731,0.5156
ga_sembrado,7,La25,8192,9.7748,1.0192
ga_sembrado,7,La25,16384,9.7748,2.0767
ga_sembrado,7,La25,32768,9.7748,4.1716
ga_sembrado,7,La25,65536,9.4166,8.5307
ga_sembrado,7,La25,131072,9.0583,17.8614
ga_sembrado,7,La25,262144,8.9560,34.6812
ga_sembrado,7,La25,524288,7.4207,68.1384
ga_sembrado,7,La25,1048576,5.5271,144.9872
ga_sembrado,7,La25,2097152,5.5271,297.6586
ga_sembrado,7,La25,4194304,5.5271,602.6744
ga_sembrado,7,La25,6406693,5.5271,900.0006
regla_bon,7,La25,1,11.8219,0.0050
regla_bon,7,La25,2,11.8219,0.0100
regla_bon,7,La25,4,12.0778,0.0180
regla_bon,7,La25,8,12.0778,0.0350
regla_bon,7,La25,16,12.0778,0.0710
regla_bon,7,La25,32,12.0778,0.1411
regla_bon,7,La25,64,10.6448,0.2781
regla_bon,7,La25,128,9.7748,0.5496
regla_bon,7,La25,256,7.3183,1.1022
regla_bon,7,La25,512,7.3183,2.2312
regla_bon,7,La25,1024,6.6530,4.5486
regla_bon,7,La25,2048,6.9089,9.2703
regla_bon,7,La25,4096,5.8854,19.1665
regla_bon,7,La25,8192,5.8854,37.2810
regla_bon,7,La25,16384,5.8854,73.8800
regla_bon,7,La25,32768,5.8342,155.9358
regla_bon,7,La25,65536,4.7083,319.7782
regla_bon,7,La25,131072,4.7083,647.8411
regla_bon,7,La25,186390,4.7083,900.0031
ga,7,La27,1,92.5506,0.0220
ga,7,La27,2,92.5506,0.0220
ga,7,La27,4,79.4332,0.0220
ga,7,La27,8,71.4575,0.0230
ga,7,La27,16,70.6073,0.0230
ga,7,La27,32,70.6073,0.0250
ga,7,La27,64,70.6073,0.0280
ga,7,La27,128,66.4777,0.0340
ga,7,La27,256,63.6437,0.0510
ga,7,La27,512,59.7571,0.0910
ga,7,La27,1024,48.5020,0.1731
ga,7,La27,2048,44.8583,0.3391
ga,7,La27,4096,42.6721,0.6597
ga,7,La27,8192,27.2874,1.3318
ga,7,La27,16384,17.7328,2.6999
ga,7,La27,32768,10.2429,5.4558
ga,7,La27,65536,7.4494,10.9577
ga,7,La27,131072,7.4494,22.6052
ga,7,La27,262144,7.4494,44.0616
ga,7,La27,524288,7.4494,89.6202
ga,7,La27,1048576,5.1822,185.0743
ga,7,La27,2097152,5.1822,388.0498
ga,7,La27,4194304,5.1822,763.0478
ga,7,La27,4990688,5.1822,900.0001
regla_bon,7,La27,1,24.9798,0.0090
regla_bon,7,La27,2,21.0121,0.0150
regla_bon,7,La27,4,17.5709,0.0280
regla_bon,7,La27,8,17.7328,0.0570
regla_bon,7,La27,16,12.0648,0.1100
regla_bon,7,La27,32,12.0648,0.2260
regla_bon,7,La27,64,12.0648,0.4536
regla_bon,7,La27,128,12.0648,0.9172
regla_bon,7,La27,256,12.0648,1.8697
regla_bon,7,La27,512,9.6761,3.7533
regla_bon,7,La27,1024,9.6761,7.6624
regla_bon,7,La27,2048,9.6761,15.8501
regla_bon,7,La27,4096,8.0567,31.2655
regla_bon,7,La27,8192,8.0567,61.0431
regla_bon,7,La27,16384,8.7449,129.8864
regla_bon,7,La27,32768,8.7449,266.0242
regla_bon,7,La27,65536,6.9231,543.9269
regla_bon,7,La27,111234,6.9231,900.0027
ga_sembrado,7,La27,1,24.9798,0.0240
ga_sembrado,7,La27,2,24.9798,0.0240
ga_sembrado,7,La27,4,24.9798,0.0240
ga_sembrado,7,La27,8,24.9798,0.0250
ga_sembrado,7,La27,16,24.9798,0.0250
ga_sembrado,7,La27,32,24.9798,0.0270
ga_sembrado,7,La27,64,24.9798,0.0300
ga_sembrado,7,La27,128,24.9798,0.0360
ga_sembrado,7,La27,256,24.9798,0.0490
ga_sembrado,7,La27,512,24.9798,0.0920
ga_sembrado,7,La27,1024,24.9798,0.1690
ga_sembrado,7,La27,2048,24.9798,0.3286
ga_sembrado,7,La27,4096,24.7773,0.6606
ga_sembrado,7,La27,8192,18.0162,1.3185
ga_sembrado,7,La27,16384,15.5061,2.6633
ga_sembrado,7,La27,32768,12.7530,5.4068
ga_sembrado,7,La27,65536,12.5101,10.9277
ga_sembrado,7,La27,131072,11.2551,22.6157
ga_sembrado,7,La27,262144,11.2551,44.0227
ga_sembrado,7,La27,524288,10.2834,89.8323
ga_sembrado,7,La27,1048576,10.2834,185.2163
ga_sembrado,7,La27,2097152,10.2834,389.3504
ga_sembrado,7,La27,4194304,10.2834,763.3348
ga_sembrado,7,La27,4983400,10.2834,900.0008
ga,7,La29,1,104.4271,0.0240
ga,7,La29,2,104.4271,0.0240
ga,7,La29,4,104.4271,0.0250
ga,7,La29,8,74.5226,0.0250
ga,7,La29,16,74.5226,0.0260
ga,7,La29,32,74.5226,0.0270
ga,7,La29,64,73.0903,0.0310
ga,7,La29,128,70.9201,0.0380
ga,7,La29,256,62.6736,0.0530
ga,7,La29,512,55.9028,0.0965
ga,7,La29,1024,55.6858,0.1840
ga,7,La29,2048,45.2257,0.3537
ga,7,La29,4096,38.4549,0.6763
ga,7,La29,8192,28.0816,1.3128
ga,7,La29,16384,18.0122,2.5797
ga,7,La29,32768,14.7135,5.4766
ga,7,La29,65536,11.8924,10.6577
ga,7,La29,131072,11.8056,22.6097
ga,7,La29,262144,10.7639,43.1267
ga,7,La29,524288,10.7639,87.4705
ga,7,La29,1048576,10.7639,182.0050
ga,7,La29,2097152,11.1111,383.3827
ga,7,La29,4194304,10.7205,770.8352
ga,7,La29,4979797,10.7205,900.0009
ga,7,La38,1,91.4716,0.0272
ga,7,La38,2,91.4716,0.0272
ga,7,La38,4,91.4716,0.0272
ga,7,La38,8,82.9013,0.0272
ga,7,La38,16,70.6522,0.0281
ga,7,La38,32,70.6522,0.0292
ga,7,La38,64,70.6522,0.0332
ga,7,La38,128,70.6522,0.0422
ga,7,La38,256,63.5452,0.0622
ga,7,La38,512,53.7207,0.1117
ga,7,La38,1024,52.0903,0.2012
ga,7,La38,2048,47.9097,0.3762
ga,7,La38,4096,37.9599,0.7193
ga,7,La38,8192,30.3512,1.4239
ga,7,La38,16384,23.7040,2.8522
ga,7,La38,32768,13.2943,5.9382
ga,7,La38,65536,13.1271,11.7082
ga,7,La38,131072,13.1271,24.5590
ga,7,La38,262144,13.1271,47.4518
ga,7,La38,524288,13.1271,96.7680
ga,7,La38,1048576,13.0853,200.9099
ga,7,La38,2097152,13.0853,421.1713
ga,7,La38,4194304,13.0853,842.7400
ga,7,La38,4509605,13.0853,900.0009
regla_bon,7,La29,1,13.4115,0.0091
regla_bon,7,La29,2,13.4115,0.0171
regla_bon,7,La29,4,13.4115,0.0322
regla_bon,7,La29,8,13.4115,0.0752
regla_bon,7,La29,16,13.4115,0.1317
regla_bon,7,La29,32,14.9740,0.2422
regla_bon,7,La29,64,13.2812,0.4702
regla_bon,7,La29,128,13.6719,0.9043
regla_bon,7,La29,256,13.6719,1.7940
regla_bon,7,La29,512,12.1094,3.6565
regla_bon,7,La29,1024,12.1094,7.4930
regla_bon,7,La29,2048,10.8507,14.8207
regla_bon,7,La29,4096,11.7622,31.0904
regla_bon,7,La29,8192,11.7622,60.1467
regla_bon,7,La29,16384,11.7622,123.6537
regla_bon,7,La29,32768,10.1997,265.5013
regla_bon,7,La29,65536,9.7222,549.9463
regla_bon,7,La29,110314,9.7222,900.0029
ga_sembrado,7,La29,1,13.4115,0.0252
ga_sembrado,7,La29,2,13.4115,0.0252
ga_sembrado,7,La29,4,13.4115,0.0252
ga_sembrado,7,La29,8,13.4115,0.0262
ga_sembrado,7,La29,16,13.4115,0.0272
ga_sembrado,7,La29,32,13.4115,0.0292
ga_sembrado,7,La29,64,13.4115,0.0352
ga_sembrado,7,La29,128,13.4115,0.0432
ga_sembrado,7,La29,256,13.4115,0.0612
ga_sembrado,7,La29,512,13.4115,0.1037
ga_sembrado,7,La29,1024,13.4115,0.1857
ga_sembrado,7,La29,2048,13.4115,0.3402
ga_sembrado,7,La29,4096,13.4115,0.6442
ga_sembrado,7,La29,8192,11.9358,1.2574
ga_sembrado,7,La29,16384,10.8507,2.5532
ga_sembrado,7,La29,32768,10.4167,5.3066
ga_sembrado,7,La29,65536,10.3299,10.5296
ga_sembrado,7,La29,131072,8.7674,22.3161
ga_sembrado,7,La29,262144,7.5955,42.6601
ga_sembrado,7,La29,524288,6.6840,86.6409
ga_sembrado,7,La29,1048576,6.6840,181.1454
ga_sembrado,7,La29,2097152,6.6840,383.2256
ga_sembrado,7,La29,4194304,6.6840,766.3361
ga_sembrado,7,La29,5010763,6.6840,900.0009
ga_sembrado,7,La38,1,14.9666,0.0270
ga_sembrado,7,La38,2,14.9666,0.0270
ga_sembrado,7,La38,4,14.9666,0.0270
ga_sembrado,7,La38,8,14.9666,0.0280
ga_sembrado,7,La38,16,14.9666,0.0280
ga_sembrado,7,La38,32,14.9666,0.0300
ga_sembrado,7,La38,64,14.9666,0.0340
ga_sembrado,7,La38,128,14.9666,0.0420
ga_sembrado,7,La38,256,14.9666,0.0575
ga_sembrado,7,La38,512,14.9666,0.0965
ga_sembrado,7,La38,1024,14.9666,0.1865
ga_sembrado,7,La38,2048,14.9666,0.3485
ga_sembrado,7,La38,4096,11.0368,0.7146
ga_sembrado,7,La38,8192,10.5769,1.4242
ga_sembrado,7,La38,16384,8.3612,2.8546
ga_sembrado,7,La38,32768,5.9783,5.9571
ga_sembrado,7,La38,65536,5.9783,11.7675
ga_sembrado,7,La38,131072,5.9783,24.9334
ga_sembrado,7,La38,262144,5.9783,47.8703
ga_sembrado,7,La38,524288,5.9783,97.8541
ga_sembrado,7,La38,1048576,5.6438,202.2707
ga_sembrado,7,La38,2097152,5.4766,424.7262
ga_sembrado,7,La38,4194304,5.4766,846.3580
ga_sembrado,7,La38,4488585,5.4766,900.0002
regla_bon,7,La38,1,14.9666,0.0070
regla_bon,7,La38,2,14.9666,0.0130
regla_bon,7,La38,4,14.9666,0.0250
regla_bon,7,La38,8,14.9666,0.0515
regla_bon,7,La38,16,14.9666,0.1025
regla_bon,7,La38,32,12.8763,0.2015
regla_bon,7,La38,64,11.5385,0.3915
regla_bon,7,La38,128,11.5385,0.7926
regla_bon,7,La38,256,9.6572,1.6243
regla_bon,7,La38,512,8.6538,3.2783
regla_bon,7,La38,1024,8.6538,6.8242
regla_bon,7,La38,2048,8.6538,13.5581
regla_bon,7,La38,4096,8.6538,28.4636
regla_bon,7,La38,8192,8.6538,54.8997
regla_bon,7,La38,16384,7.1070,110.6624
regla_bon,7,La38,32768,7.4415,235.2507
regla_bon,7,La38,65536,7.8177,488.6101
regla_bon,7,La38,122521,7.8177,900.0052
ga,7,La40,1,136.7840,0.0250
ga,7,La40,2,102.8642,0.0250
ga,7,La40,4,85.7610,0.0250
ga,7,La40,8,85.7610,0.0250
ga,7,La40,16,76.5139,0.0260
ga,7,La40,32,76.5139,0.0280
ga,7,La40,64,72.7496,0.0300
ga,7,La40,128,59.6563,0.0360
ga,7,La40,256,59.6563,0.0510
ga,7,La40,512,55.8101,0.0940
ga,7,La40,1024,53.7643,0.1750
ga,7,La40,2048,46.4812,0.3576
ga,7,La40,4096,36.4975,0.7056
ga,7,La40,8192,19.9264,1.4069
ga,7,La40,16384,13.8707,2.7880
ga,7,La40,32768,12.0295,5.5511
ga,7,La40,65536,7.7332,11.2187
ga,7,La40,131072,7.7332,22.2237
ga,7,La40,262144,6.6285,45.6242
ga,7,La40,524288,5.4419,91.2079
ga,7,La40,1048576,5.1964,180.7667
ga,7,La40,2097152,4.3372,373.3145
ga,7,La40,4194304,3.0687,745.5810
ga,7,La40,4985582,1.9640,900.0008
regla_bon,7,La40,1,13.2570,0.0070
regla_bon,7,La40,2,13.2570,0.0130
regla_bon,7,La40,4,13.2570,0.0260
regla_bon,7,La40,8,13.2570,0.0490
regla_bon,7,La40,16,13.2570,0.0950
regla_bon,7,La40,32,12.2340,0.1996
regla_bon,7,La40,64,10.5565,0.3966
regla_bon,7,La40,128,10.5565,0.7887
regla_bon,7,La40,256,10.5565,1.6002
regla_bon,7,La40,512,10.5565,3.2282
regla_bon,7,La40,1024,9.7791,6.4339
regla_bon,7,La40,2048,10.1473,12.8572
regla_bon,7,La40,4096,8.8380,25.8785
regla_bon,7,La40,8192,8.7561,53.0056
regla_bon,7,La40,16384,6.9967,104.5679
regla_bon,7,La40,32768,6.9967,209.9022
regla_bon,7,La40,65536,7.6923,428.2289
regla_bon,7,La40,131072,7.6923,868.7895
regla_bon,7,La40,135721,7.6923,900.0004
ga,7,ABZ7,1,126.2195,0.0310
ga,7,ABZ7,2,107.7744,0.0310
ga,7,ABZ7,4,82.3171,0.0310
ga,7,ABZ7,8,82.3171,0.0320
ga,7,ABZ7,16,82.3171,0.0330
ga,7,ABZ7,32,82.3171,0.0360
ga,7,ABZ7,64,73.7805,0.0400
ga,7,ABZ7,128,73.3232,0.0480
ga,7,ABZ7,256,66.6159,0.0660
ga,7,ABZ7,512,68.2927,0.1250
ga,7,ABZ7,1024,61.4329,0.2376
ga,7,ABZ7,2048,57.5457,0.4651
ga,7,ABZ7,4096,44.4360,0.9442
ga,7,ABZ7,8192,36.1280,1.8378
ga,7,ABZ7,16384,23.5518,3.6854
ga,7,ABZ7,32768,16.2348,7.3013
ga,7,ABZ7,65536,14.1768,14.6653
ga,7,ABZ7,131072,11.7378,29.4051
ga,7,ABZ7,262144,10.0610,60.8871
ga,7,ABZ7,524288,10.0610,118.8775
ga,7,ABZ7,1048576,10.0610,242.4963
ga,7,ABZ7,2097152,10.0610,488.1166
ga,7,ABZ7,3806777,10.0610,900.0004
ga_sembrado,7,La40,1,13.2570,0.0250
ga_sembrado,7,La40,2,13.2570,0.0260
ga_sembrado,7,La40,4,13.2570,0.0260
ga_sembrado,7,La40,8,13.2570,0.0260
ga_sembrado,7,La40,16,13.2570,0.0270
ga_sembrado,7,La40,32,13.2570,0.0290
ga_sembrado,7,La40,64,13.2570,0.0310
ga_sembrado,7,La40,128,13.2570,0.0370
ga_sembrado,7,La40,256,13.2570,0.0490
ga_sembrado,7,La40,512,13.2570,0.0910
ga_sembrado,7,La40,1024,13.2570,0.1756
ga_sembrado,7,La40,2048,13.2570,0.3470
ga_sembrado,7,La40,4096,13.2570,0.6847
ga_sembrado,7,La40,8192,10.1064,1.3951
ga_sembrado,7,La40,16384,9.9018,2.7916
ga_sembrado,7,La40,32768,9.8200,5.5751
ga_sembrado,7,La40,65536,6.8740,11.1997
ga_sembrado,7,La40,131072,6.2193,22.3188
ga_sembrado,7,La40,262144,6.0966,46.0763
ga_sembrado,7,La40,524288,6.0966,91.6780
ga_sembrado,7,La40,1048576,5.9329,181.0234
ga_sembrado,7,La40,2097152,5.9329,374.0820
ga_sembrado,7,La40,4194304,5.9329,746.4097
ga_sembrado,7,La40,4977352,5.9329,900.0004
regla_bon,7,ABZ7,1,19.6646,0.0116
regla_bon,7,ABZ7,2,19.6646,0.0226
regla_bon,7,ABZ7,4,15.8537,0.0446
regla_bon,7,ABZ7,8,15.8537,0.0876
regla_bon,7,ABZ7,16,15.8537,0.1734
regla_bon,7,ABZ7,32,15.2439,0.3340
regla_bon,7,ABZ7,64,13.9482,0.6766
regla_bon,7,ABZ7,128,13.9482,1.3621
regla_bon,7,ABZ7,256,12.0427,2.6905
regla_bon,7,ABZ7,512,12.0427,5.3781
regla_bon,7,ABZ7,1024,12.0427,10.9127
regla_bon,7,ABZ7,2048,12.0427,21.6741
regla_bon,7,ABZ7,4096,10.7470,44.4288
regla_bon,7,ABZ7,8192,9.6037,88.7479
regla_bon,7,ABZ7,16384,9.6037,175.2327
regla_bon,7,ABZ7,32768,9.6037,361.5812
regla_bon,7,ABZ7,65536,9.6037,721.2728
regla_bon,7,ABZ7,80209,9.6037,900.0033
ga_sembrado,7,ABZ7,1,19.6646,0.0330
ga_sembrado,7,ABZ7,2,19.6646,0.0330
ga_sembrado,7,ABZ7,4,19.6646,0.0340
ga_sembrado,7,ABZ7,8,19.6646,0.0340
ga_sembrado,7,ABZ7,16,19.6646,0.0360
ga_sembrado,7,ABZ7,32,19.6646,0.0380
ga_sembrado,7,ABZ7,64,19.6646,0.0430
ga_sembrado,7,ABZ7,128,19.6646,0.0530
ga_sembrado,7,ABZ7,256,19.6646,0.0730
ga_sembrado,7,ABZ7,512,19.6646,0.1277
ga_sembrado,7,ABZ7,1024,19.6646,0.2380
ga_sembrado,7,ABZ7,2048,19.6646,0.4650
ga_sembrado,7,ABZ7,4096,18.9024,0.9527
ga_sembrado,7,ABZ7,8192,15.0915,1.8542
ga_sembrado,7,ABZ7,16384,14.8628,3.6936
ga_sembrado,7,ABZ7,32768,13.6433,7.3547
ga_sembrado,7,ABZ7,65536,11.4329,14.7898
ga_sembrado,7,ABZ7,131072,10.8232,29.8081
ga_sembrado,7,ABZ7,262144,10.8232,61.6953
ga_sembrado,7,ABZ7,524288,10.5183,119.9498
ga_sembrado,7,ABZ7,1048576,9.6037,245.0244
ga_sembrado,7,ABZ7,2097152,9.6037,493.9427
ga_sembrado,7,ABZ7,3774358,9.6037,900.0008
ga,7,ABZ8,1,117.8295,0.0370
ga,7,ABZ8,2,117.8295,0.0370
ga,7,ABZ8,4,97.9845,0.0370
ga,7,ABZ8,8,97.9845,0.0380
ga,7,ABZ8,16,94.1085,0.0390
ga,7,ABZ8,32,89.2248,0.0410
ga,7,ABZ8,64,89.2248,0.0460
ga,7,ABZ8,128,84.3411,0.0560
ga,7,ABZ8,256,77.6744,0.0760
ga,7,ABZ8,512,76.2016,0.1275
ga,7,ABZ8,1024,63.9535,0.2466
ga,7,ABZ8,2048,60.2326,0.4906
ga,7,ABZ8,4096,52.4031,0.9635
ga,7,ABZ8,8192,40.8527,1.8785
ga,7,ABZ8,16384,30.0775,3.7273
ga,7,ABZ8,32768,22.7132,7.3626
ga,7,ABZ8,65536,19.6899,14.8950
ga,7,ABZ8,131072,15.8140,31.2879
ga,7,ABZ8,262144,15.0388,69.4678
ga,7,ABZ8,524288,15.0388,138.5505
ga,7,ABZ8,1048576,15.0388,274.2054
ga,7,ABZ8,2097152,15.0388,529.7406
ga,7,ABZ8,3555685,15.0388,900.0005
ga,7,ABZ9,1,112.7080,0.0410
ga,7,ABZ9,2,112.7080,0.0410
ga,7,ABZ9,4,102.9501,0.0410
ga,7,ABZ9,8,102.9501,0.0420
ga,7,ABZ9,16,93.6460,0.0430
ga,7,ABZ9,32,85.5522,0.0460
ga,7,ABZ9,64,81.6944,0.0520
ga,7,ABZ9,128,81.6944,0.0610
ga,7,ABZ9,256,80.1815,0.0810
ga,7,ABZ9,512,70.1967,0.1380
ga,7,ABZ9,1024,64.6747,0.2570
ga,7,ABZ9,2048,55.5219,0.4877
ga,7,ABZ9,4096,51.7398,0.9397
ga,7,ABZ9,8192,42.6626,1.8605
ga,7,ABZ9,16384,29.2738,3.7288
ga,7,ABZ9,32768,21.7095,7.4132
ga,7,ABZ9,65536,17.3979,15.0355
ga,7,ABZ9,131072,15.5068,31.6584
ga,7,ABZ9,262144,14.6747,70.3936
ga,7,ABZ9,524288,14.2965,139.0717
ga,7,ABZ9,1048576,14.0696,275.7543
ga,7,ABZ9,2097152,14.0696,532.7936
ga,7,ABZ9,3536973,14.0696,900.0006
regla_bon,7,ABZ8,1,24.7287,0.0130
regla_bon,7,ABZ8,2,21.0853,0.0230
regla_bon,7,ABZ8,4,21.0853,0.0440
regla_bon,7,ABZ8,8,21.0853,0.0860
regla_bon,7,ABZ8,16,21.0853,0.1680
regla_bon,7,ABZ8,32,21.0853,0.3396
regla_bon,7,ABZ8,64,21.1628,0.6798
regla_bon,7,ABZ8,128,21.1628,1.3584
regla_bon,7,ABZ8,256,20.3876,2.7279
regla_bon,7,ABZ8,512,18.6047,5.4308
regla_bon,7,ABZ8,1024,18.6047,10.9544
regla_bon,7,ABZ8,2048,18.6047,22.6334
regla_bon,7,ABZ8,4096,18.6047,48.5889
regla_bon,7,ABZ8,8192,18.5271,102.1248
regla_bon,7,ABZ8,16384,17.8295,203.3788
regla_bon,7,ABZ8,32768,17.5969,397.9320
regla_bon,7,ABZ8,65536,17.5969,775.3404
regla_bon,7,ABZ8,75626,16.2791,900.0086
ga_sembrado,7,ABZ8,1,24.7287,0.0400
ga_sembrado,7,ABZ8,2,24.7287,0.0400
ga_sembrado,7,ABZ8,4,24.7287,0.0410
ga_sembrado,7,ABZ8,8,24.7287,0.0410
ga_sembrado,7,ABZ8,16,24.7287,0.0430
ga_sembrado,7,ABZ8,32,24.7287,0.0460
ga_sembrado,7,ABZ8,64,24.7287,0.0510
ga_sembrado,7,ABZ8,128,24.7287,0.0620
ga_sembrado,7,ABZ8,256,24.7287,0.0790
ga_sembrado,7,ABZ8,512,24.7287,0.1350
ga_sembrado,7,ABZ8,1024,24.7287,0.2490
ga_sembrado,7,ABZ8,2048,24.7287,0.4797
ga_sembrado,7,ABZ8,4096,24.6512,0.9452
ga_sembrado,7,ABZ8,8192,21.2403,1.8855
ga_sembrado,7,ABZ8,16384,21.0853,3.7568
ga_sembrado,7,ABZ8,32768,19.3798,7.3621
ga_sembrado,7,ABZ8,65536,18.2171,14.8285
ga_sembrado,7,ABZ8,131072,17.3643,31.2783
ga_sembrado,7,ABZ8,262144,17.3643,69.8499
ga_sembrado,7,ABZ8,524288,17.3643,138.5945
ga_sembrado,7,ABZ8,1048576,17.3643,274.5235
ga_sembrado,7,ABZ8,2097152,17.3643,529.6945
ga_sembrado,7,ABZ8,3560078,17.3643,900.0006
regla_bon,7,ABZ9,1,33.3585,0.0120
regla_bon,7,ABZ9,2,29.8790,0.0230
regla_bon,7,ABZ9,4,29.8790,0.0440
regla_bon,7,ABZ9,8,28.2148,0.0835
regla_bon,7,ABZ9,16,25.4160,0.1680
regla_bon,7,ABZ9,32,25.1891,0.3467
regla_bon,7,ABZ9,64,25.1891,0.6756
regla_bon,7,ABZ9,128,23.3737,1.3549
regla_bon,7,ABZ9,256,23.3737,2.7460
regla_bon,7,ABZ9,512,23.4493,5.4430
regla_bon,7,ABZ9,1024,20.9531,11.0145
regla_bon,7,ABZ9,2048,20.9531,22.6295
regla_bon,7,ABZ9,4096,20.9531,48.2493
regla_bon,7,ABZ9,8192,20.9531,102.8294
regla_bon,7,ABZ9,16384,20.9531,203.9730
regla_bon,7,ABZ9,32768,20.1210,399.2790
regla_bon,7,ABZ9,65536,18.8351,780.2002
regla_bon,7,ABZ9,75181,18.8351,900.0032
ga_sembrado,7,ABZ9,1,33.3585,0.0360
ga_sembrado,7,ABZ9,2,33.3585,0.0370
ga_sembrado,7,ABZ9,4,33.3585,0.0370
ga_sembrado,7,ABZ9,8,33.3585,0.0370
ga_sembrado,7,ABZ9,16,33.3585,0.0380
ga_sembrado,7,ABZ9,32,33.3585,0.0400
ga_sembrado,7,ABZ9,64,33.3585,0.0450
ga_sembrado,7,ABZ9,128,33.3585,0.0550
ga_sembrado,7,ABZ9,256,33.3585,0.0735
ga_sembrado,7,ABZ9,512,33.3585,0.1310
ga_sembrado,7,ABZ9,1024,33.3585,0.2495
ga_sembrado,7,ABZ9,2048,33.3585,0.4722
ga_sembrado,7,ABZ9,4096,32.8290,0.9292
ga_sembrado,7,ABZ9,8192,27.4584,1.8576
ga_sembrado,7,ABZ9,16384,27.0045,3.7208
ga_sembrado,7,ABZ9,32768,25.3404,7.3633
ga_sembrado,7,ABZ9,65536,22.3147,14.8995
ga_sembrado,7,ABZ9,131072,21.1800,31.3063
ga_sembrado,7,ABZ9,262144,20.2723,70.5492
ga_sembrado,7,ABZ9,524288,17.8517,139.0887
ga_sembrado,7,ABZ9,1048576,17.3979,275.2577
ga_sembrado,7,ABZ9,2097152,17.3979,531.0203
ga_sembrado,7,ABZ9,3547835,17.3979,900.0002
ga,8,FT10,1,76.6667,0.0130
ga,8,FT10,2,76.6667,0.0130
ga,8,FT10,4,76.6667,0.0130
ga,8,FT10,8,68.2796,0.0140
ga,8,FT10,16,68.2796,0.0140
ga,8,FT10,32,55.9677,0.0150
ga,8,FT10,64,53.4946,0.0170
ga,8,FT10,128,53.4946,0.0210
ga,8,FT10,256,51.1290,0.0300
ga,8,FT10,512,45.8065,0.0536
ga,8,FT10,1024,33.8710,0.1117
ga,8,FT10,2048,29.7312,0.2078
ga,8,FT10,4096,25.9677,0.4048
ga,8,FT10,8192,15.9140,0.8040
ga,8,FT10,16384,8.3871,1.5989
ga,8,FT10,32768,8.2796,3.2822
ga,8,FT10,65536,7.3118,6.5626
ga,8,FT10,131072,7.3118,13.3923
ga,8,FT10,262144,7.3118,26.3181
ga,8,FT10,524288,7.3118,51.9439
ga,8,FT10,1048576,5.5914,103.1852
ga,8,FT10,2097152,5.5914,209.1902
ga,8,FT10,4194304,5.5914,439.3931
ga,8,FT10,8388608,4.3011,881.6026
ga,8,FT10,8584859,4.3011,900.0002
ga_sembrado,8,FT10,1,20.3763,0.0160
ga_sembrado,8,FT10,2,20.3763,0.0160
ga_sembrado,8,FT10,4,20.3763,0.0170
ga_sembrado,8,FT10,8,20.3763,0.0170
ga_sembrado,8,FT10,16,20.3763,0.0170
ga_sembrado,8,FT10,32,20.3763,0.0180
ga_sembrado,8,FT10,64,20.3763,0.0200
ga_sembrado,8,FT10,128,20.3763,0.0230
ga_sembrado,8,FT10,256,20.3763,0.0320
ga_sembrado,8,FT10,512,20.3763,0.0540
ga_sembrado,8,FT10,1024,20.3763,0.1030
ga_sembrado,8,FT10,2048,19.3548,0.2011
ga_sembrado,8,FT10,4096,13.4946,0.4117
ga_sembrado,8,FT10,8192,7.5806,0.8054
ga_sembrado,8,FT10,16384,3.4946,1.6169
ga_sembrado,8,FT10,32768,3.1720,3.3368
ga_sembrado,8,FT10,65536,3.0108,6.6119
ga_sembrado,8,FT10,131072,3.0108,13.2925
ga_sembrado,8,FT10,262144,3.0108,26.2524
ga_sembrado,8,FT10,524288,3.0108,51.9353
ga_sembrado,8,FT10,1048576,1.7204,103.2406
ga_sembrado,8,FT10,2097152,1.7204,209.0595
ga_sembrado,8,FT10,4194304,1.7204,438.6631
ga_sembrado,8,FT10,8388608,1.7204,882.1507
ga_sembrado,8,FT10,8579577,1.7204,900.0005
ga,8,FT20,1,88.6695,0.0150
ga,8,FT20,2,82.9614,0.0150
ga,8,FT20,4,79.0558,0.0150
ga,8,FT20,8,64.8069,0.0150
ga,8,FT20,16,61.3734,0.0160
ga,8,FT20,32,56.8670,0.0160
ga,8,FT20,64,48.0687,0.0180
ga,8,FT20,128,48.0687,0.0220
ga,8,FT20,256,48.0687,0.0300
ga,8,FT20,512,46.0944,0.0560
ga,8,FT20,1024,35.2361,0.1060
ga,8,FT20,2048,35.2361,0.2081
ga,8,FT20,4096,21.6309,0.4137
ga,8,FT20,8192,11.6738,0.8124
ga,8,FT20,16384,7.7682,1.6309
ga,8,FT20,32768,7.5536,3.3508
ga,8,FT20,65536,6.1373,6.6620
ga,8,FT20,131072,3.3906,13.5152
ga,8,FT20,262144,3.3476,26.6351
ga,8,FT20,524288,3.3476,52.6172
ga,8,FT20,1048576,3.3476,104.4366
ga,8,FT20,2097152,3.3476,211.9384
ga,8,FT20,4194304,3.3476,446.9736
ga,8,FT20,8388608,3.3476,895.2663
ga,8,FT20,8438340,3.3476,900.0005
regla_bon,8,FT10,1,20.3763,0.0040
regla_bon,8,FT10,2,8.4946,0.0060
regla_bon,8,FT10,4,8.4946,0.0100
regla_bon,8,FT10,8,8.4946,0.0170
regla_bon,8,FT10,16,8.4946,0.0360
regla_bon,8,FT10,32,8.4946,0.0750
regla_bon,8,FT10,64,8.4946,0.1505
regla_bon,8,FT10,128,8.1720,0.3150
regla_bon,8,FT10,256,8.1720,0.6282
regla_bon,8,FT10,512,8.1720,1.2505
regla_bon,8,FT10,1024,6.4516,2.5851
regla_bon,8,FT10,2048,5.8065,5.1229
regla_bon,8,FT10,4096,5.8065,10.4941
regla_bon,8,FT10,8192,3.8710,20.5326
regla_bon,8,FT10,16384,3.8710,40.9774
regla_bon,8,FT10,32768,3.8710,81.1964
regla_bon,8,FT10,65536,3.8710,164.1655
regla_bon,8,FT10,131072,3.7634,344.4460
regla_bon,8,FT10,262144,3.8172,685.3690
regla_bon,8,FT10,341388,3.8172,900.0015
ga_sembrado,8,FT20,1,13.2189,0.0130
ga_sembrado,8,FT20,2,13.2189,0.0130
ga_sembrado,8,FT20,4,13.2189,0.0130
ga_sembrado,8,FT20,8,13.2189,0.0130
ga_sembrado,8,FT20,16,13.2189,0.0130
ga_sembrado,8,FT20,32,13.2189,0.0140
ga_sembrado,8,FT20,64,13.2189,0.0160
ga_sembrado,8,FT20,128,13.2189,0.0190
ga_sembrado,8,FT20,256,13.2189,0.0280
ga_sembrado,8,FT20,512,13.2189,0.0530
ga_sembrado,8,FT20,1024,13.2189,0.1080
ga_sembrado,8,FT20,2048,13.2189,0.2121
ga_sembrado,8,FT20,4096,13.2189,0.4082
ga_sembrado,8,FT20,8192,13.2189,0.8068
ga_sembrado,8,FT20,16384,11.8026,1.6285
ga_sembrado,8,FT20,32768,8.7983,3.3498
ga_sembrado,8,FT20,65536,7.3820,6.6445
ga_sembrado,8,FT20,131072,7.1245,13.4192
ga_sembrado,8,FT20,262144,6.1373,26.5652
ga_sembrado,8,FT20,524288,2.3176,52.6571
ga_sembrado,8,FT20,1048576,2.3176,104.7148
ga_sembrado,8,FT20,2097152,2.3176,212.7831
ga_sembrado,8,FT20,4194304,2.3176,446.2773
ga_sembrado,8,FT20,8388608,2.3176,893.6171
ga_sembrado,8,FT20,8454833,2.3176,900.0005
regla_bon,8,FT20,1,13.2189,0.0040
regla_bon,8,FT20,2,13.2189,0.0070
regla_bon,8,FT20,4,13.2189,0.0200
regla_bon,8,FT20,8,13.2189,0.0340
regla_bon,8,FT20,16,13.2189,0.0630
regla_bon,8,FT20,32,12.6180,0.1330
regla_bon,8,FT20,64,10.4721,0.2486
regla_bon,8,FT20,128,10.4721,0.4752
regla_bon,8,FT20,256,8.9270,0.9328
regla_bon,8,FT20,512,8.9270,1.8716
regla_bon,8,FT20,1024,8.9270,3.7872
regla_bon,8,FT20,2048,8.9270,7.5103
regla_bon,8,FT20,4096,7.4678,15.0985
regla_bon,8,FT20,8192,7.1245,30.0001
regla_bon,8,FT20,16384,7.1674,59.4070
regla_bon,8,FT20,32768,6.1373,118.5621
regla_bon,8,FT20,65536,6.1373,241.9905
regla_bon,8,FT20,131072,6.1373,502.6243
regla_bon,8,FT20,232843,6.2661,900.0035
ga,8,La21,1,114.1491,0.0185
ga,8,La21,2,74.3786,0.0185
ga,8,La21,4,74.3786,0.0185
ga,8,La21,8,70.9847,0.0185
ga,8,La21,16,70.9847,0.0195
ga,8,La21,32,70.9847,0.0215
ga,8,La21,64,50.4780,0.0245
ga,8,La21,128,50.4780,0.0286
ga,8,La21,256,44.9331,0.0396
ga,8,La21,512,44.9331,0.0726
ga,8,La21,1024,45.0765,0.1416
ga,8,La21,2048,32.8872,0.2936
ga,8,La21,4096,27.2467,0.5677
ga,8,La21,8192,18.8337,1.1104
ga,8,La21,16384,14.2925,2.1685
ga,8,La21,32768,8.9866,4.3682
ga,8,La21,65536,8.5564,9.0584
ga,8,La21,131072,8.2218,17.9030
ga,8,La21,262144,8.2218,34.9268
ga,8,La21,524288,9.4646,69.4145
ga,8,La21,1048576,9.4646,140.7520
ga,8,La21,2097152,9.4646,278.1555
ga,8,La21,4194304,4.8757,572.9858
ga,8,La21,6729863,4.8757,900.0002
regla_bon,8,La21,1,15.0096,0.0050
regla_bon,8,La21,2,15.0096,0.0100
regla_bon,8,La21,4,15.0096,0.0190
regla_bon,8,La21,8,14.8662,0.0390
regla_bon,8,La21,16,14.8662,0.0760
regla_bon,8,La21,32,14.8662,0.1530
regla_bon,8,La21,64,12.6195,0.3051
regla_bon,8,La21,128,10.8509,0.5862
regla_bon,8,La21,256,10.8509,1.1724
regla_bon,8,La21,512,10.8987,2.3101
regla_bon,8,La21,1024,9.0822,4.7233
regla_bon,8,La21,2048,8.6998,9.7686
regla_bon,8,La21,4096,8.0784,19.1027
regla_bon,8,La21,8192,8.0784,37.2832
regla_bon,8,La21,16384,9.0344,74.6217
regla_bon,8,La21,32768,7.6004,151.6056
regla_bon,8,La21,65536,7.6004,301.3919
regla_bon,8,La21,131072,7.6004,618.1928
regla_bon,8,La21,194902,7.6004,900.0018
ga,8,La24,1,138.7166,0.0240
ga,8,La24,2,95.3476,0.0240
ga,8,La24,4,95.3476,0.0240
ga,8,La24,8,75.8289,0.0240
ga,8,La24,16,75.8289,0.0250
ga,8,La24,32,77.3262,0.0270
ga,8,La24,64,57.3262,0.0300
ga,8,La24,128,57.3262,0.0370
ga,8,La24,256,56.2567,0.0510
ga,8,La24,512,52.8342,0.0890
ga,8,La24,1024,46.8449,0.1650
ga,8,La24,2048,36.7914,0.2981
ga,8,La24,4096,34.0642,0.5622
ga,8,La24,8192,21.9786,1.1019
ga,8,La24,16384,17.2193,2.1630
ga,8,La24,32768,15.0267,4.4706
ga,8,La24,65536,14.9198,9.2849
ga,8,La24,131072,14.8663,18.0012
ga,8,La24,262144,14.8663,35.0868
ga,8,La24,524288,14.8663,69.7241
ga,8,La24,1048576,10.2674,140.5774
ga,8,La24,2097152,10.2674,278.2410
ga,8,La24,4194304,10.2674,576.9475
ga,8,La24,6700651,10.2674,900.0008
ga_sembrado,8,La21,1,15.0096,0.0250
ga_sembrado,8,La21,2,15.0096,0.0250
ga_sembrado,8,La21,4,15.0096,0.0250
ga_sembrado,8,La21,8,15.0096,0.0250
ga_sembrado,8,La21,16,15.0096,0.0260
ga_sembrado,8,La21,32,15.0096,0.0270
ga_sembrado,8,La21,64,15.0096,0.0310
ga_sembrado,8,La21,128,15.0096,0.0390
ga_sembrado,8,La21,256,15.0096,0.0510
ga_sembrado,8,La21,512,15.0096,0.0870
ga_sembrado,8,La21,1024,15.0096,0.1650
ga_sembrado,8,La21,2048,15.0096,0.3141
ga_sembrado,8,La21,4096,14.3881,0.5842
ga_sembrado,8,La21,8192,13.1453,1.1274
ga_sembrado,8,La21,16384,13.0975,2.2050
ga_sembrado,8,La21,32768,12.2371,4.5362
ga_sembrado,8,La21,65536,9.6558,9.0394
ga_sembrado,8,La21,131072,9.2734,17.7945
ga_sembrado,8,La21,262144,4.9713,34.8802
ga_sembrado,8,La21,524288,4.4455,69.5270
ga_sembrado,8,La21,1048576,4.4455,140.0863
ga_sembrado,8,La21,2097152,4.4455,277.6334
ga_sembrado,8,La21,4194304,4.4455,574.0813
ga_sembrado,8,La21,6720962,4.4455,900.0003
regla_bon,8,La24,1,10.1070,0.0060
regla_bon,8,La24,2,10.1070,0.0110
regla_bon,8,La24,4,10.1070,0.0200
regla_bon,8,La24,8,10.1070,0.0380
regla_bon,8,La24,16,7.7540,0.0891
regla_bon,8,La24,32,7.7540,0.1600
regla_bon,8,La24,64,7.7540,0.3110
regla_bon,8,La24,128,7.7540,0.5882
regla_bon,8,La24,256,8.6631,1.1779
regla_bon,8,La24,512,7.1658,2.3825
regla_bon,8,La24,1024,7.1658,4.8763
regla_bon,8,La24,2048,7.7540,9.8372
regla_bon,8,La24,4096,7.3797,19.2868
regla_bon,8,La24,8192,5.6150,37.6234
regla_bon,8,La24,16384,5.6150,75.2385
regla_bon,8,La24,32768,5.6150,152.3174
regla_bon,8,La24,65536,4.7594,302.9374
regla_bon,8,La24,131072,4.7594,621.7792
regla_bon,8,La24,193625,4.7594,900.0023
ga_sembrado,8,La24,1,10.1070,0.0210
ga_sembrado,8,La24,2,10.1070,0.0210
ga_sembrado,8,La24,4,10.1070,0.0210
ga_sembrado,8,La24,8,10.1070,0.0220
ga_sembrado,8,La24,16,10.1070,0.0220
ga_sembrado,8,La24,32,10.1070,0.0240
ga_sembrado,8,La24,64,10.1070,0.0260
ga_sembrado,8,La24,128,10.1070,0.0310
ga_sembrado,8,La24,256,10.1070,0.0420
ga_sembrado,8,La24,512,10.1070,0.0825
ga_sembrado,8,La24,1024,10.1070,0.1561
ga_sembrado,8,La24,2048,10.1070,0.2901
ga_sembrado,8,La24,4096,9.8396,0.5587
ga_sembrado,8,La24,8192,9.8396,1.0964
ga_sembrado,8,La24,16384,9.5187,2.1910
ga_sembrado,8,La24,32768,8.1818,4.4522
ga_sembrado,8,La24,65536,7.5936,8.9974
ga_sembrado,8,La24,131072,7.5936,17.8352
ga_sembrado,8,La24,262144,7.5936,34.8997
ga_sembrado,8,La24,524288,7.5936,69.7442
ga_sembrado,8,La24,1048576,7.5936,141.6150
ga_sembrado,8,La24,2097152,7.1123,279.9139
ga_sembrado,8,La24,4194304,4.5989,576.8895
ga_sembrado,8,La24,6692243,4.5989,900.0004
ga,8,La25,1,87.5640,0.0150
ga,8,La25,2,67.5537,0.0150
ga,8,La25,4,67.5537,0.0150
ga,8,La25,8,67.5537,0.0150
ga,8,La25,16,64.8925,0.0160
ga,8,La25,32,64.8925,0.0170
ga,8,La25,64,59.9795,0.0200
ga,8,La25,128,59.9795,0.0250
ga,8,La25,256,59.9795,0.0350
ga,8,La25,512,52.9171,0.0660
ga,8,La25,1024,48.1064,0.1290
ga,8,La25,2048,32.9580,0.2527
ga,8,La25,4096,29.7339,0.5199
ga,8,La25,8192,24.8721,1.1137
ga,8,La25,16384,16.1208,2.1461
ga,8,La25,32768,10.7984,4.2365
ga,8,La25,65536,6.2436,8.5017
ga,8,La25,131072,6.0389,16.9142
ga,8,La25,262144,6.0389,33.5037
ga,8,La25,524288,6.0389,66.8472
ga,8,La25,1048576,6.0389,133.9064
ga,8,La25,2097152,5.1177,268.1558
ga,8,La25,4194304,5.1177,535.8110
ga,8,La25,6990470,5.1177,900.0006
ga,8,La27,1,87.2065,0.0220
ga,8,La27,2,87.2065,0.0220
ga,8,La27,4,87.2065,0.0220
ga,8,La27,8,74.6559,0.0230
ga,8,La27,16,74.6559,0.0240
ga,8,La27,32,74.6559,0.0260
ga,8,La27,64,60.0000,0.0290
ga,8,La27,128,59.0283,0.0360
ga,8,La27,256,59.0283,0.0490
ga,8,La27,512,58.1377,0.0885
ga,8,La27,1024,50.0810,0.1691
ga,8,La27,2048,40.2834,0.3502
ga,8,La27,4096,38.8664,0.7549
ga,8,La27,8192,29.8381,1.4191
ga,8,La27,16384,22.9960,2.7512
ga,8,La27,32768,13.7247,5.4411
ga,8,La27,65536,11.2551,10.9682
ga,8,La27,131072,10.0405,21.6847
ga,8,La27,262144,8.5020,43.1953
ga,8,La27,524288,7.0445,85.9134
ga,8,La27,1048576,7.0445,172.2714
ga,8,La27,2097152,7.0445,344.4327
ga,8,La27,4194304,7.0445,696.4308
ga,8,La27,5430449,7.0445,900.0004
regla_bon,8,La25,1,11.8219,0.0040
regla_bon,8,La25,2,11.8219,0.0090
regla_bon,8,La25,4,11.8219,0.0170
regla_bon,8,La25,8,11.8219,0.0330
regla_bon,8,La25,16,11.8219,0.0680
regla_bon,8,La25,32,10.1842,0.1360
regla_bon,8,La25,64,10.1842,0.2781
regla_bon,8,La25,128,8.4954,0.6314
regla_bon,8,La25,256,8.4954,1.1925
regla_bon,8,La25,512,8.0348,2.3511
regla_bon,8,La25,1024,7.6254,4.5884
regla_bon,8,La25,2048,7.6254,9.2252
regla_bon,8,La25,4096,7.6254,18.3642
regla_bon,8,La25,8192,6.8577,36.5769
regla_bon,8,La25,16384,6.8577,72.8856
regla_bon,8,La25,32768,6.8577,145.9062
regla_bon,8,La25,65536,5.0154,292.4445
regla_bon,8,La25,131072,4.9130,587.2185
regla_bon,8,La25,200111,4.9130,900.0034
ga_sembrado,8,La25,1,11.8219,0.0170
ga_sembrado,8,La25,2,11.8219,0.0170
ga_sembrado,8,La25,4,11.8219,0.0170
ga_sembrado,8,La25,8,11.8219,0.0170
ga_sembrado,8,La25,16,11.8219,0.0180
ga_sembrado,8,La25,32,11.8219,0.0180
ga_sembrado,8,La25,64,11.8219,0.0210
ga_sembrado,8,La25,128,11.8219,0.0260
ga_sembrado,8,La25,256,11.8219,0.0360
ga_sembrado,8,La25,512,11.8219,0.0685
ga_sembrado,8,La25,1024,11.8219,0.1340
ga_sembrado,8,La25,2048,11.8219,0.2611
ga_sembrado,8,La25,4096,11.8219,0.5954
ga_sembrado,8,La25,8192,9.9795,1.0995
ga_sembrado,8,La25,16384,9.7748,2.1326
ga_sembrado,8,La25,32768,9.7748,4.2019
ga_sembrado,8,La25,65536,9.7748,8.4541
ga_sembrado,8,La25,131072,9.7748,16.8645
ga_sembrado,8,La25,262144,9.7748,33.5081
ga_sembrado,8,La25,524288,10.2866,66.7555
ga_sembrado,8,La25,1048576,7.4207,133.8224
ga_sembrado,8,La25,2097152,5.5271,267.9715
ga_sembrado,8,La25,4194304,5.5271,536.2056
ga_sembrado,8,La25,6985162,5.5271,900.0004
regla_bon,8,La27,1,24.9798,0.0080
regla_bon,8,La27,2,17.3279,0.0145
regla_bon,8,La27,4,17.3279,0.0285
regla_bon,8,La27,8,17.3279,0.0591
regla_bon,8,La27,16,17.3279,0.1250
regla_bon,8,La27,32,15.2632,0.2521
regla_bon,8,La27,64,14.8178,0.5628
regla_bon,8,La27,128,13.2389,1.0335
regla_bon,8,La27,256,12.9555,1.9875
regla_bon,8,La27,512,10.8502,3.8896
regla_bon,8,La27,1024,10.8502,7.7462
regla_bon,8,La27,2048,9.3927,15.3715
regla_bon,8,La27,4096,9.3927,30.6758
regla_bon,8,La27,8192,8.7854,60.9686
regla_bon,8,La27,16384,8.7854,121.7705
regla_bon,8,La27,32768,8.7854,244.6355
regla_bon,8,La27,65536,7.1660,489.9320
regla_bon,8,La27,119612,7.1660,900.0033
ga_sembrado,8,La27,1,24.9798,0.0235
ga_sembrado,8,La27,2,24.9798,0.0235
ga_sembrado,8,La27,4,24.9798,0.0235
ga_sembrado,8,La27,8,24.9798,0.0235
ga_sembrado,8,La27,16,24.9798,0.0245
ga_sembrado,8,La27,32,24.9798,0.0265
ga_sembrado,8,La27,64,24.9798,0.0295
ga_sembrado,8,La27,128,24.9798,0.0351
ga_sembrado,8,La27,256,24.9798,0.0501
ga_sembrado,8,La27,512,24.9798,0.0941
ga_sembrado,8,La27,1024,24.9798,0.1821
ga_sembrado,8,La27,2048,24.9798,0.4163
ga_sembrado,8,La27,4096,22.8745,0.7519
ga_sembrado,8,La27,8192,20.3239,1.4171
ga_sembrado,8,La27,16384,16.8421,2.7497
ga_sembrado,8,La27,32768,13.2389,5.4537
ga_sembrado,8,La27,65536,10.3644,10.9226
ga_sembrado,8,La27,131072,10.3644,21.6136
ga_sembrado,8,La27,262144,10.3644,43.0933
ga_sembrado,8,La27,524288,6.6397,85.9085
ga_sembrado,8,La27,1048576,4.8988,172.4448
ga_sembrado,8,La27,2097152,4.8583,344.6238
ga_sembrado,8,La27,4194304,4.8583,696.8428
ga_sembrado,8,La27,5427988,4.8583,900.0003
ga,8,La29,1,98.0903,0.0220
ga,8,La29,2,97.3958,0.0220
ga,8,La29,4,92.2743,0.0230
ga,8,La29,8,92.2743,0.0230
ga,8,La29,16,77.9514,0.0240
ga,8,La29,32,69.6181,0.0260
ga,8,La29,64,69.6181,0.0290
ga,8,La29,128,66.2326,0.0360
ga,8,La29,256,66.2326,0.0510
ga,8,La29,512,58.3333,0.0920
ga,8,La29,1024,57.6389,0.1695
ga,8,La29,2048,49.6962,0.3376
ga,8,La29,4096,41.1458,0.6668
ga,8,La29,8192,28.2118,1.3420
ga,8,La29,16384,18.4462,2.7159
ga,8,La29,32768,13.8455,5.4469
ga,8,La29,65536,9.4618,11.1019
ga,8,La29,131072,9.4618,21.9426
ga,8,La29,262144,8.5503,43.7923
ga,8,La29,524288,8.5503,89.3061
ga,8,La29,1048576,8.5503,185.0436
ga,8,La29,2097152,7.8993,359.6763
ga,8,La29,4194304,7.8993,715.6055
ga,8,La29,5283036,7.8993,900.0007
ga,8,La38,1,123.0769,0.0230
ga,8,La38,2,123.0769,0.0230
ga,8,La38,4,86.0368,0.0230
ga,8,La38,8,86.0368,0.0240
ga,8,La38,16,86.0368,0.0250
ga,8,La38,32,80.4766,0.0270
ga,8,La38,64,61.5385,0.0310
ga,8,La38,128,61.5385,0.0390
ga,8,La38,256,61.5385,0.0560
ga,8,La38,512,52.9264,0.0980
ga,8,La38,1024,52.9264,0.1900
ga,8,La38,2048,48.3278,0.3742
ga,8,La38,4096,41.1789,0.7503
ga,8,La38,8192,32.0234,1.4871
ga,8,La38,16384,19.8161,2.9966
ga,8,La38,32768,12.1656,5.9926
ga,8,La38,65536,11.2876,12.2545
ga,8,La38,131072,10.9532,24.2457
ga,8,La38,262144,10.1589,48.2885
ga,8,La38,524288,10.1589,98.3967
ga,8,La38,1048576,9.6154,203.0134
ga,8,La38,2097152,9.5736,397.3452
ga,8,La38,4194304,9.5736,789.9310
ga,8,La38,4777306,9.5736,900.0002
regla_bon,8,La29,1,13.4115,0.0080
regla_bon,8,La29,2,13.4115,0.0150
regla_bon,8,La29,4,13.4115,0.0310
regla_bon,8,La29,8,13.4115,0.0590
regla_bon,8,La29,16,13.4115,0.1140
regla_bon,8,La29,32,15.4514,0.2296
regla_bon,8,La29,64,15.4514,0.4523
regla_bon,8,La29,128,13.2378,0.9519
regla_bon,8,La29,256,12.6736,1.8908
regla_bon,8,La29,512,11.5885,3.8852
regla_bon,8,La29,1024,11.5885,7.6394
regla_bon,8,La29,2048,11.2847,15.5365
regla_bon,8,La29,4096,11.2847,30.6617
regla_bon,8,La29,8192,10.4601,61.1417
regla_bon,8,La29,16384,10.4601,124.9995
regla_bon,8,La29,32768,10.6771,255.9136
regla_bon,8,La29,65536,10.6771,502.8408
regla_bon,8,La29,117383,11.0243,900.0052
ga_sembrado,8,La29,1,13.4115,0.0250
ga_sembrado,8,La29,2,13.4115,0.0250
ga_sembrado,8,La29,4,13.4115,0.0250
ga_sembrado,8,La29,8,13.4115,0.0260
ga_sembrado,8,La29,16,13.4115,0.0270
ga_sembrado,8,La29,32,13.4115,0.0280
ga_sembrado,8,La29,64,13.4115,0.0350
ga_sembrado,8,La29,128,13.4115,0.0410
ga_sembrado,8,La29,256,13.4115,0.0570
ga_sembrado,8,La29,512,13.4115,0.0940
ga_sembrado,8,La29,1024,13.4115,0.1760
ga_sembrado,8,La29,2048,13.4115,0.3401
ga_sembrado,8,La29,4096,13.0208,0.6893
ga_sembrado,8,La29,8192,11.8056,1.3740
ga_sembrado,8,La29,16384,10.6337,2.7359
ga_sembrado,8,La29,32768,10.2865,5.4579
ga_sembrado,8,La29,65536,8.9410,11.0995
ga_sembrado,8,La29,131072,7.6389,21.8521
ga_sembrado,8,La29,262144,7.4219,43.7128
ga_sembrado,8,La29,524288,7.4219,89.3910
ga_sembrado,8,La29,1048576,7.4219,183.9192
ga_sembrado,8,La29,2097152,7.4219,358.5973
ga_sembrado,8,La29,4194304,7.4219,714.2737
ga_sembrado,8,La29,5292342,7.4219,900.0003
ga_sembrado,8,La38,1,14.9666,0.0280
ga_sembrado,8,La38,2,14.9666,0.0280
ga_sembrado,8,La38,4,14.9666,0.0280
ga_sembrado,8,La38,8,14.9666,0.0290
ga_sembrado,8,La38,16,14.9666,0.0290
ga_sembrado,8,La38,32,14.9666,0.0310
ga_sembrado,8,La38,64,14.9666,0.0370
ga_sembrado,8,La38,128,14.9666,0.0450
ga_sembrado,8,La38,256,14.9666,0.0601
ga_sembrado,8,La38,512,14.9666,0.1031
ga_sembrado,8,La38,1024,14.9666,0.1967
ga_sembrado,8,La38,2048,14.9666,0.3782
ga_sembrado,8,La38,4096,14.9666,0.7539
ga_sembrado,8,La38,8192,11.0786,1.5137
ga_sembrado,8,La38,16384,9.6154,3.0091
ga_sembrado,8,La38,32768,9.0301,6.0252
ga_sembrado,8,La38,65536,6.6472,12.3236
ga_sembrado,8,La38,131072,6.3127,24.3970
ga_sembrado,8,La38,262144,6.1037,48.6148
ga_sembrado,8,La38,524288,6.1037,99.0110
ga_sembrado,8,La38,1048576,6.1037,204.5014
ga_sembrado,8,La38,2097152,6.1037,399.9778
ga_sembrado,8,La38,4194304,4.5151,795.5913
ga_sembrado,8,La38,4744128,4.5151,900.0003
regla_bon,8,La38,1,14.9666,0.0090
regla_bon,8,La38,2,13.9214,0.0150
regla_bon,8,La38,4,14.5067,0.0280
regla_bon,8,La38,8,14.5067,0.0551
regla_bon,8,La38,16,14.5067,0.1081
regla_bon,8,La38,32,11.8729,0.2102
regla_bon,8,La38,64,11.8729,0.4303
regla_bon,8,La38,128,9.5736,0.8574
regla_bon,8,La38,256,9.5736,1.7058
regla_bon,8,La38,512,11.5385,3.4534
regla_bon,8,La38,1024,9.7826,6.8997
regla_bon,8,La38,2048,8.8211,14.0991
regla_bon,8,La38,4096,9.2391,27.8024
regla_bon,8,La38,8192,7.7759,55.6619
regla_bon,8,La38,16384,7.8177,113.8603
regla_bon,8,La38,32768,7.5669,233.2187
regla_bon,8,La38,65536,6.4799,458.3423
regla_bon,8,La38,129065,5.9783,900.0063
ga,8,La40,1,107.2422,0.0270
ga,8,La40,2,107.8560,0.0270
ga,8,La40,4,89.0753,0.0270
ga,8,La40,8,76.8412,0.0270
ga,8,La40,16,76.8412,0.0285
ga,8,La40,32,71.5630,0.0300
ga,8,La40,64,70.3355,0.0340
ga,8,La40,128,62.4386,0.0420
ga,8,La40,256,62.4386,0.0570
ga,8,La40,512,56.1784,0.1001
ga,8,La40,1024,53.8871,0.1901
ga,8,La40,2048,45.4583,0.3802
ga,8,La40,4096,39.6890,0.7524
ga,8,La40,8192,25.7365,1.5540
ga,8,La40,16384,15.3846,3.1520
ga,8,La40,32768,9.5745,6.2281
ga,8,La40,65536,7.7741,12.4096
ga,8,La40,131072,7.7741,24.9038
ga,8,La40,262144,7.2013,49.4749
ga,8,La40,524288,7.2013,99.1394
ga,8,La40,1048576,5.7692,199.4995
ga,8,La40,2097152,5.7692,392.6298
ga,8,La40,4194304,5.7692,785.5637
ga,8,La40,4778766,5.7692,900.0009
ga,8,ABZ7,1,85.9756,0.0360
ga,8,ABZ7,2,85.9756,0.0365
ga,8,ABZ7,4,85.9756,0.0365
ga,8,ABZ7,8,85.9756,0.0370
ga,8,ABZ7,16,75.1524,0.0380
ga,8,ABZ7,32,67.3780,0.0410
ga,8,ABZ7,64,67.3780,0.0460
ga,8,ABZ7,128,67.3780,0.0570
ga,8,ABZ7,256,65.0152,0.0760
ga,8,ABZ7,512,65.0152,0.1381
ga,8,ABZ7,1024,61.8902,0.2671
ga,8,ABZ7,2048,53.0488,0.5048
ga,8,ABZ7,4096,45.1982,1.0188
ga,8,ABZ7,8192,35.0610,2.0145
ga,8,ABZ7,16384,27.1341,4.2015
ga,8,ABZ7,32768,18.2927,8.3961
ga,8,ABZ7,65536,15.7774,16.5916
ga,8,ABZ7,131072,14.4817,33.0249
ga,8,ABZ7,262144,11.0518,65.6763
ga,8,ABZ7,524288,10.9756,132.2705
ga,8,ABZ7,1048576,10.9756,262.1188
ga,8,ABZ7,2097152,10.9756,520.5887
ga,8,ABZ7,3607471,10.9756,900.0008
regla_bon,8,La40,1,13.2570,0.0060
regla_bon,8,La40,2,13.2570,0.0140
regla_bon,8,La40,4,13.2570,0.0250
regla_bon,8,La40,8,13.2570,0.0520
regla_bon,8,La40,16,13.2570,0.1020
regla_bon,8,La40,32,13.2570,0.2141
regla_bon,8,La40,64,12.4386,0.4268
regla_bon,8,La40,128,12.2340,0.8718
regla_bon,8,La40,256,12.2340,1.7619
regla_bon,8,La40,512,12.2340,3.5998
regla_bon,8,La40,1024,11.1293,7.0528
regla_bon,8,La40,2048,8.3061,14.2419
regla_bon,8,La40,4096,8.3061,28.2986
regla_bon,8,La40,8192,8.3061,56.4158
regla_bon,8,La40,16384,8.3061,113.1512
regla_bon,8,La40,32768,8.3061,226.0276
regla_bon,8,La40,65536,7.4468,448.0853
regla_bon,8,La40,131065,7.0376,900.0048
ga_sembrado,8,La40,1,13.2570,0.0270
ga_sembrado,8,La40,2,13.2570,0.0270
ga_sembrado,8,La40,4,13.2570,0.0270
ga_sembrado,8,La40,8,13.2570,0.0270
ga_sembrado,8,La40,16,13.2570,0.0280
ga_sembrado,8,La40,32,13.2570,0.0300
ga_sembrado,8,La40,64,13.2570,0.0330
ga_sembrado,8,La40,128,13.2570,0.0401
ga_sembrado,8,La40,256,13.2570,0.0551
ga_sembrado,8,La40,512,13.2570,0.1010
ga_sembrado,8,La40,1024,13.2570,0.2001
ga_sembrado,8,La40,2048,13.2570,0.3997
ga_sembrado,8,La40,4096,13.2570,0.7826
ga_sembrado,8,La40,8192,11.4157,1.5689
ga_sembrado,8,La40,16384,10.4746,3.2060
ga_sembrado,8,La40,32768,9.9018,6.2531
ga_sembrado,8,La40,65536,9.9018,12.5007
ga_sembrado,8,La40,131072,9.9018,24.9757
ga_sembrado,8,La40,262144,9.9018,49.7130
ga_sembrado,8,La40,524288,7.4877,99.3727
ga_sembrado,8,La40,1048576,7.4059,199.9109
ga_sembrado,8,La40,2097152,5.9329,393.1667
ga_sembrado,8,La40,4194304,5.9329,786.8709
ga_sembrado,8,La40,4776225,5.9329,900.0009
regla_bon,8,ABZ7,1,19.6646,0.0130
regla_bon,8,ABZ7,2,19.6646,0.0240
regla_bon,8,ABZ7,4,15.7012,0.0470
regla_bon,8,ABZ7,8,11.8140,0.0920
regla_bon,8,ABZ7,16,11.8140,0.1821
regla_bon,8,ABZ7,32,11.8140,0.3597
regla_bon,8,ABZ7,64,11.8140,0.7578
regla_bon,8,ABZ7,128,11.8140,1.4938
regla_bon,8,ABZ7,256,11.8140,3.0459
regla_bon,8,ABZ7,512,10.7470,5.9679
regla_bon,8,ABZ7,1024,10.7470,11.9674
regla_bon,8,ABZ7,2048,10.7470,24.0612
regla_bon,8,ABZ7,4096,12.5762,47.9138
regla_bon,8,ABZ7,8192,10.9756,95.7560
regla_bon,8,ABZ7,16384,10.9756,193.1584
regla_bon,8,ABZ7,32768,9.8323,381.0649
regla_bon,8,ABZ7,65536,9.0701,755.8275
regla_bon,8,ABZ7,77147,9.0701,900.0029
ga_sembrado,8,ABZ7,1,19.6646,0.0380
ga_sembrado,8,ABZ7,2,19.6646,0.0380
ga_sembrado,8,ABZ7,4,19.6646,0.0380
ga_sembrado,8,ABZ7,8,19.6646,0.0390
ga_sembrado,8,ABZ7,16,19.6646,0.0400
ga_sembrado,8,ABZ7,32,19.6646,0.0420
ga_sembrado,8,ABZ7,64,19.6646,0.0480
ga_sembrado,8,ABZ7,128,19.6646,0.0590
ga_sembrado,8,ABZ7,256,19.6646,0.0810
ga_sembrado,8,ABZ7,512,19.6646,0.1421
ga_sembrado,8,ABZ7,1024,19.6646,0.2687
ga_sembrado,8,ABZ7,2048,19.6646,0.5134
ga_sembrado,8,ABZ7,4096,19.5122,1.0292
ga_sembrado,8,ABZ7,8192,13.1860,2.0361
ga_sembrado,8,ABZ7,16384,12.0427,4.1735
ga_sembrado,8,ABZ7,32768,11.8140,8.3340
ga_sembrado,8,ABZ7,65536,10.3659,16.5556
ga_sembrado,8,ABZ7,131072,10.2896,32.9253
ga_sembrado,8,ABZ7,262144,10.2896,65.6543
ga_sembrado,8,ABZ7,524288,10.2896,132.1854
ga_sembrado,8,ABZ7,1048576,10.2896,261.8166
ga_sembrado,8,ABZ7,2097152,10.2896,519.5701
ga_sembrado,8,ABZ7,3610587,10.2896,900.0009
ga,8,ABZ8,1,103.9535,0.0380
ga,8,ABZ8,2,103.9535,0.0380
ga,8,ABZ8,4,101.2403,0.0380
ga,8,ABZ8,8,94.4186,0.0390
ga,8,ABZ8,16,82.0930,0.0400
ga,8,ABZ8,32,80.6202,0.0430
ga,8,ABZ8,64,80.6202,0.0480
ga,8,ABZ8,128,71.7829,0.0580
ga,8,ABZ8,256,71.7829,0.0810
ga,8,ABZ8,512,71.7829,0.1440
ga,8,ABZ8,1024,63.1783,0.2811
ga,8,ABZ8,2048,55.8915,0.5422
ga,8,ABZ8,4096,51.4729,1.0379
ga,8,ABZ8,8192,43.8760,2.0023
ga,8,ABZ8,16384,31.9380,3.9762
ga,8,ABZ8,32768,21.7829,7.9412
ga,8,ABZ8,65536,15.9690,16.0208
ga,8,ABZ8,131072,15.3488,32.2004
ga,8,ABZ8,262144,14.7287,63.1457
ga,8,ABZ8,524288,14.7287,127.6200
ga,8,ABZ8,1048576,14.7287,252.5162
ga,8,ABZ8,2097152,14.7287,503.8092
ga,8,ABZ8,3771381,12.8682,900.0005
regla_bon,8,ABZ8,1,24.7287,0.0130
regla_bon,8,ABZ8,2,24.7287,0.0250
regla_bon,8,ABZ8,4,24.7287,0.0530
regla_bon,8,ABZ8,8,24.6512,0.0980
regla_bon,8,ABZ8,16,24.6512,0.1941
regla_bon,8,ABZ8,32,24.6512,0.3792
regla_bon,8,ABZ8,64,23.8760,0.7272
regla_bon,8,ABZ8,128,22.6357,1.4391
regla_bon,8,ABZ8,256,22.6357,2.8968
regla_bon,8,ABZ8,512,21.0078,5.7243
regla_bon,8,ABZ8,1024,21.3953,11.6061
regla_bon,8,ABZ8,2048,21.0078,23.2291
regla_bon,8,ABZ8,4096,19.0698,46.6645
regla_bon,8,ABZ8,8192,19.0698,94.7063
regla_bon,8,ABZ8,16384,17.2093,185.4742
regla_bon,8,ABZ8,32768,17.0543,376.7533
regla_bon,8,ABZ8,65536,16.4341,737.8632
regla_bon,8,ABZ8,79971,16.4341,900.0031
ga,8,ABZ9,1,101.2859,0.0370
ga,8,ABZ9,2,101.2859,0.0370
ga,8,ABZ9,4,101.2859,0.0370
ga,8,ABZ9,8,101.2859,0.0380
ga,8,ABZ9,16,84.4175,0.0390
ga,8,ABZ9,32,83.6611,0.0420
ga,8,ABZ9,64,85.2496,0.0480
ga,8,ABZ9,128,85.2496,0.0590
ga,8,ABZ9,256,74.9622,0.0800
ga,8,ABZ9,512,67.3979,0.1451
ga,8,ABZ9,1024,67.3979,0.2772
ga,8,ABZ9,2048,60.5144,0.5262
ga,8,ABZ9,4096,50.9077,1.0070
ga,8,ABZ9,8192,37.6702,1.9708
ga,8,ABZ9,16384,27.2315,3.9442
ga,8,ABZ9,32768,23.7519,7.9466
ga,8,ABZ9,65536,22.0877,15.9238
ga,8,ABZ9,131072,22.0877,31.8742
ga,8,ABZ9,262144,20.8775,62.6990
ga,8,ABZ9,524288,14.3722,127.1819
ga,8,ABZ9,1048576,13.1619,251.9645
ga,8,ABZ9,2097152,13.1619,503.1269
ga,8,ABZ9,3776550,13.1619,900.0001
ga_sembrado,8,ABZ8,1,24.7287,0.0420
ga_sembrado,8,ABZ8,2,24.7287,0.0420
ga_sembrado,8,ABZ8,4,24.7287,0.0430
ga_sembrado,8,ABZ8,8,24.7287,0.0430
ga_sembrado,8,ABZ8,16,24.7287,0.0450
ga_sembrado,8,ABZ8,32,24.7287,0.0470
ga_sembrado,8,ABZ8,64,24.7287,0.0520
ga_sembrado,8,ABZ8,128,24.7287,0.0640
ga_sembrado,8,ABZ8,256,24.7287,0.0850
ga_sembrado,8,ABZ8,512,24.7287,0.1511
ga_sembrado,8,ABZ8,1024,24.7287,0.2851
ga_sembrado,8,ABZ8,2048,24.7287,0.5212
ga_sembrado,8,ABZ8,4096,24.7287,0.9940
ga_sembrado,8,ABZ8,8192,21.1628,1.9588
ga_sembrado,8,ABZ8,16384,20.2326,3.9462
ga_sembrado,8,ABZ8,32768,17.5194,7.9512
ga_sembrado,8,ABZ8,65536,17.2093,16.0718
ga_sembrado,8,ABZ8,131072,17.2093,32.1699
ga_sembrado,8,ABZ8,262144,17.2093,63.2672
ga_sembrado,8,ABZ8,524288,17.2093,127.8964
ga_sembrado,8,ABZ8,1048576,17.2093,253.4051
ga_sembrado,8,ABZ8,2097152,17.0543,506.3856
ga_sembrado,8,ABZ8,3745905,15.5039,900.0001
ga_sembrado,8,ABZ9,1,33.3585,0.0450
ga_sembrado,8,ABZ9,2,33.3585,0.0450
ga_sembrado,8,ABZ9,4,33.3585,0.0460
ga_sembrado,8,ABZ9,8,33.3585,0.0470
ga_sembrado,8,ABZ9,16,33.3585,0.0480
ga_sembrado,8,ABZ9,32,33.3585,0.0510
ga_sembrado,8,ABZ9,64,33.3585,0.0570
ga_sembrado,8,ABZ9,128,33.3585,0.0670
ga_sembrado,8,ABZ9,256,33.3585,0.0901
ga_sembrado,8,ABZ9,512,33.3585,0.1551
ga_sembrado,8,ABZ9,1024,33.3585,0.2791
ga_sembrado,8,ABZ9,2048,33.3585,0.5201
ga_sembrado,8,ABZ9,4096,32.8290,1.0145
ga_sembrado,8,ABZ9,8192,27.7610,1.9475
ga_sembrado,8,ABZ9,16384,26.8533,3.9362
ga_sembrado,8,ABZ9,32768,25.3404,7.9522
ga_sembrado,8,ABZ9,65536,23.6762,15.9503
ga_sembrado,8,ABZ9,131072,20.6505,31.9858
ga_sembrado,8,ABZ9,262144,20.5749,62.9381
ga_sembrado,8,ABZ9,524288,20.1210,127.2068
ga_sembrado,8,ABZ9,1048576,17.0953,252.6603
ga_sembrado,8,ABZ9,2097152,15.2042,504.9900
ga_sembrado,8,ABZ9,3756050,14.6747,900.0005
regla_bon,8,ABZ9,1,33.3585,0.0130
regla_bon,8,ABZ9,2,33.3585,0.0240
regla_bon,8,ABZ9,4,32.4508,0.0500
regla_bon,8,ABZ9,8,27.6853,0.0981
regla_bon,8,ABZ9,16,28.1392,0.1901
regla_bon,8,ABZ9,32,26.0968,0.3611
regla_bon,8,ABZ9,64,24.2057,0.7168
regla_bon,8,ABZ9,128,23.9032,1.4361
regla_bon,8,ABZ9,256,23.9032,2.8959
regla_bon,8,ABZ9,512,23.9032,5.7393
regla_bon,8,ABZ9,1024,23.9032,11.5650
regla_bon,8,ABZ9,2048,23.9032,23.2481
regla_bon,8,ABZ9,4096,22.8442,46.8435
regla_bon,8,ABZ9,8192,20.9531,94.8609
regla_bon,8,ABZ9,16384,18.9864,186.2869
regla_bon,8,ABZ9,32768,18.9864,378.2926
regla_bon,8,ABZ9,65536,19.8185,741.1256
regla_bon,8,ABZ9,79590,19.8185,900.0105
ga,9,FT10,1,68.1720,0.0135
ga,9,FT10,2,68.1720,0.0135
ga,9,FT10,4,68.1720,0.0135
ga,9,FT10,8,59.3548,0.0135
ga,9,FT10,16,59.3548,0.0135
ga,9,FT10,32,59.3548,0.0145
ga,9,FT10,64,57.3656,0.0165
ga,9,FT10,128,44.7312,0.0185
ga,9,FT10,256,42.4194,0.0245
ga,9,FT10,512,42.4194,0.0495
ga,9,FT10,1024,41.8280,0.0955
ga,9,FT10,2048,27.9570,0.1936
ga,9,FT10,4096,20.1075,0.3701
ga,9,FT10,8192,9.8387,0.7345
ga,9,FT10,16384,6.4516,1.4705
ga,9,FT10,32768,4.0323,2.9187
ga,9,FT10,65536,4.0323,5.8176
ga,9,FT10,131072,3.6559,11.7648
ga,9,FT10,262144,2.9570,23.7973
ga,9,FT10,524288,2.9570,47.0695
ga,9,FT10,1048576,2.9570,94.0207
ga,9,FT10,2097152,2.9570,187.5036
ga,9,FT10,4194304,2.9570,375.7649
ga,9,FT10,8388608,2.9570,753.4313
ga,9,FT10,10028912,2.9570,900.0004
regla_bon,9,FT10,1,20.3763,0.0030
regla_bon,9,FT10,2,15.0538,0.0050
regla_bon,9,FT10,4,15.0538,0.0090
regla_bon,9,FT10,8,11.1290,0.0175
regla_bon,9,FT10,16,7.8495,0.0365
regla_bon,9,FT10,32,7.8495,0.0745
regla_bon,9,FT10,64,7.8495,0.1475
regla_bon,9,FT10,128,9.1398,0.2867
regla_bon,9,FT10,256,6.5591,0.5769
regla_bon,9,FT10,512,6.5591,1.1492
regla_bon,9,FT10,1024,6.5591,2.3400
regla_bon,9,FT10,2048,6.5591,4.6634
regla_bon,9,FT10,4096,6.6667,9.4242
regla_bon,9,FT10,8192,3.8710,18.9609
regla_bon,9,FT10,16384,3.8710,37.7314
regla_bon,9,FT10,32768,3.8172,75.1206
regla_bon,9,FT10,65536,3.8172,150.1423
regla_bon,9,FT10,131072,3.8172,299.9797
regla_bon,9,FT10,262144,3.8172,603.6635
regla_bon,9,FT10,391398,3.8172,900.0001
ga_sembrado,9,FT10,1,20.3763,0.0125
ga_sembrado,9,FT10,2,20.3763,0.0125
ga_sembrado,9,FT10,4,20.3763,0.0135
ga_sembrado,9,FT10,8,20.3763,0.0135
ga_sembrado,9,FT10,16,20.3763,0.0135
ga_sembrado,9,FT10,32,20.3763,0.0145
ga_sembrado,9,FT10,64,20.3763,0.0155
ga_sembrado,9,FT10,128,20.3763,0.0185
ga_sembrado,9,FT10,256,20.3763,0.0275
ga_sembrado,9,FT10,512,20.3763,0.0525
ga_sembrado,9,FT10,1024,20.3763,0.0985
ga_sembrado,9,FT10,2048,18.6022,0.1845
ga_sembrado,9,FT10,4096,14.4086,0.3612
ga_sembrado,9,FT10,8192,7.2581,0.7230
ga_sembrado,9,FT10,16384,6.7742,1.4730
ga_sembrado,9,FT10,32768,6.7742,2.9253
ga_sembrado,9,FT10,65536,6.7742,5.8549
ga_sembrado,9,FT10,131072,6.7742,11.8148
ga_sembrado,9,FT10,262144,4.0860,23.7883
ga_sembrado,9,FT10,524288,4.0860,47.0976
ga_sembrado,9,FT10,1048576,4.0860,94.0983
ga_sembrado,9,FT10,2097152,4.0860,187.8990
ga_sembrado,9,FT10,4194304,4.0860,376.4733
ga_sembrado,9,FT10,8388608,4.0860,753.9600
ga_sembrado,9,FT10,10023148,4.0860,900.0002
ga,9,FT20,1,67.7253,0.0135
ga,9,FT20,2,66.0944,0.0135
ga,9,FT20,4,66.0944,0.0135
ga,9,FT20,8,61.5880,0.0145
ga,9,FT20,16,61.5880,0.0145
ga,9,FT20,32,55.2361,0.0155
ga,9,FT20,64,49.9571,0.0175
ga,9,FT20,128,45.2790,0.0225
ga,9,FT20,256,42.1459,0.0305
ga,9,FT20,512,42.1459,0.0545
ga,9,FT20,1024,39.2275,0.0985
ga,9,FT20,2048,33.8197,0.1911
ga,9,FT20,4096,22.7897,0.3752
ga,9,FT20,8192,17.9828,0.7510
ga,9,FT20,16384,12.0172,1.5000
ga,9,FT20,32768,7.0386,2.9733
ga,9,FT20,65536,4.6781,5.9364
ga,9,FT20,131072,3.3476,11.9755
ga,9,FT20,262144,3.3476,24.0940
ga,9,FT20,524288,3.3476,47.6554
ga,9,FT20,1048576,3.3476,95.3081
ga,9,FT20,2097152,3.3476,190.0558
ga,9,FT20,4194304,3.3476,380.5920
ga,9,FT20,8388608,3.0472,761.3154
ga,9,FT20,9925293,3.0472,900.0002
ga_sembrado,9,FT20,1,13.2189,0.0136
ga_sembrado,9,FT20,2,13.2189,0.0136
ga_sembrado,9,FT20,4,13.2189,0.0136
ga_sembrado,9,FT20,8,13.2189,0.0136
ga_sembrado,9,FT20,16,13.2189,0.0146
ga_sembrado,9,FT20,32,13.2189,0.0146
ga_sembrado,9,FT20,64,13.2189,0.0166
ga_sembrado,9,FT20,128,13.2189,0.0196
ga_sembrado,9,FT20,256,13.2189,0.0276
ga_sembrado,9,FT20,512,13.2189,0.0481
ga_sembrado,9,FT20,1024,13.2189,0.0912
ga_sembrado,9,FT20,2048,13.2189,0.1747
ga_sembrado,9,FT20,4096,13.2189,0.3604
ga_sembrado,9,FT20,8192,12.2318,0.7346
ga_sembrado,9,FT20,16384,11.8026,1.4800
ga_sembrado,9,FT20,32768,11.4163,2.9693
ga_sembrado,9,FT20,65536,7.2103,5.8969
ga_sembrado,9,FT20,131072,6.1803,11.9060
ga_sembrado,9,FT20,262144,5.8369,24.0855
ga_sembrado,9,FT20,524288,5.8369,47.6130
ga_sembrado,9,FT20,1048576,1.6738,95.2158
ga_sembrado,9,FT20,2097152,1.6738,190.5466
ga_sembrado,9,FT20,4194304,1.6738,382.3386
ga_sembrado,9,FT20,8388608,1.6738,764.5211
ga_sembrado,9,FT20,9885785,1.6738,900.0002
regla_bon,9,FT20,1,13.2189,0.0030
regla_bon,9,FT20,2,10.3863,0.0050
regla_bon,9,FT20,4,10.3863,0.0116
regla_bon,9,FT20,8,10.3863,0.0246
regla_bon,9,FT20,16,10.3863,0.0491
regla_bon,9,FT20,32,10.3863,0.1012
regla_bon,9,FT20,64,10.3863,0.2108
regla_bon,9,FT20,128,10.3863,0.4224
regla_bon,9,FT20,256,10.3863,0.8487
regla_bon,9,FT20,512,10.0858,1.7092
regla_bon,9,FT20,1024,10.0858,3.4095
regla_bon,9,FT20,2048,10.0858,6.8248
regla_bon,9,FT20,4096,9.6137,13.8869
regla_bon,9,FT20,8192,7.4678,27.7713
regla_bon,9,FT20,16384,6.9528,55.0220
regla_bon,9,FT20,32768,6.9528,110.2224
regla_bon,9,FT20,65536,6.4378,220.0786
regla_bon,9,FT20,131072,6.4378,442.5290
regla_bon,9,FT20,262144,6.4807,882.3488
regla_bon,9,FT20,267442,6.4807,900.0012
ga,9,La21,1,67.5908,0.0195
ga,9,La21,2,67.5908,0.0195
ga,9,La21,4,65.7744,0.0195
ga,9,La21,8,64.7228,0.0195
ga,9,La21,16,64.7228,0.0205
ga,9,La21,32,62.9063,0.0215
ga,9,La21,64,62.9063,0.0251
ga,9,La21,128,62.9063,0.0290
ga,9,La21,256,58.6042,0.0376
ga,9,La21,512,53.5373,0.0687
ga,9,La21,1024,44.9331,0.1283
ga,9,La21,2048,41.5870,0.2629
ga,9,La21,4096,30.4493,0.5239
ga,9,La21,8192,24.0918,1.0212
ga,9,La21,16384,14.1491,2.0594
ga,9,La21,32768,5.9751,4.2095
ga,9,La21,65536,5.9751,8.3582
ga,9,La21,131072,5.7361,16.8319
ga,9,La21,262144,5.7361,33.4144
ga,9,La21,524288,5.7361,66.6024
ga,9,La21,1048576,5.7361,135.6846
ga,9,La21,2097152,5.7361,270.0358
ga,9,La21,4194304,5.7361,535.7140
ga,9,La21,7051481,5.7361,900.0002
ga_sembrado,9,La21,1,15.0096,0.0180
ga_sembrado,9,La21,2,15.0096,0.0180
ga_sembrado,9,La21,4,15.0096,0.0180
ga_sembrado,9,La21,8,15.0096,0.0180
ga_sembrado,9,La21,16,15.0096,0.0190
ga_sembrado,9,La21,32,15.0096,0.0220
ga_sembrado,9,La21,64,15.0096,0.0250
ga_sembrado,9,La21,128,15.0096,0.0300
ga_sembrado,9,La21,256,15.0096,0.0415
ga_sembrado,9,La21,512,15.0096,0.0766
ga_sembrado,9,La21,1024,15.0096,0.1426
ga_sembrado,9,La21,2048,15.0096,0.2706
ga_sembrado,9,La21,4096,14.5315,0.5202
ga_sembrado,9,La21,8192,13.1453,1.0229
ga_sembrado,9,La21,16384,12.3327,2.0762
ga_sembrado,9,La21,32768,10.4207,4.2678
ga_sembrado,9,La21,65536,9.5124,8.3530
ga_sembrado,9,La21,131072,8.3174,16.8332
ga_sembrado,9,La21,262144,5.6883,33.3917
ga_sembrado,9,La21,524288,5.2581,66.7762
ga_sembrado,9,La21,1048576,5.2581,135.6114
ga_sembrado,9,La21,2097152,5.2581,270.0045
ga_sembrado,9,La21,4194304,5.0669,535.7328
ga_sembrado,9,La21,7046008,5.0669,900.0000
regla_bon,9,La21,1,15.0096,0.0050
regla_bon,9,La21,2,15.0096,0.0090
regla_bon,9,La21,4,15.0096,0.0170
regla_bon,9,La21,8,16.7304,0.0375
regla_bon,9,La21,16,12.9063,0.0726
regla_bon,9,La21,32,12.3805,0.1346
regla_bon,9,La21,64,11.8547,0.2726
regla_bon,9,La21,128,10.2294,0.5412
regla_bon,9,La21,256,10.2294,1.0895
regla_bon,9,La21,512,12.1415,2.2413
regla_bon,9,La21,1024,8.9388,4.5489
regla_bon,9,La21,2048,8.9388,8.9684
regla_bon,9,La21,4096,8.9866,18.0856
regla_bon,9,La21,8192,8.9866,36.0698
regla_bon,9,La21,16384,8.9866,72.0971
regla_bon,9,La21,32768,8.7954,146.0650
regla_bon,9,La21,65536,6.6922,290.7865
regla_bon,9,La21,131072,6.6922,577.1541
regla_bon,9,La21,204381,6.6922,900.0030
ga,9,La24,1,93.5829,0.0200
ga,9,La24,2,93.5829,0.0210
ga,9,La24,4,69.1444,0.0210
ga,9,La24,8,69.1444,0.0210
ga,9,La24,16,62.6203,0.0220
ga,9,La24,32,62.6203,0.0230
ga,9,La24,64,62.6203,0.0250
ga,9,La24,128,62.6203,0.0305
ga,9,La24,256,62.7807,0.0425
ga,9,La24,512,54.9733,0.0776
ga,9,La24,1024,43.4759,0.1406
ga,9,La24,2048,44.0642,0.2636
ga,9,La24,4096,31.7647,0.5222
ga,9,La24,8192,21.1230,1.0319
ga,9,La24,16384,11.5508,2.0842
ga,9,La24,32768,8.9840,4.2188
ga,9,La24,65536,5.8824,8.3120
ga,9,La24,131072,5.3476,16.8532
ga,9,La24,262144,5.0267,33.4492
ga,9,La24,524288,3.5829,66.7182
ga,9,La24,1048576,3.5829,135.5494
ga,9,La24,2097152,3.5829,269.7584
ga,9,La24,4194304,3.5829,535.1385
ga,9,La24,7046735,3.5294,900.0000
regla_bon,9,La24,1,10.1070,0.0055
regla_bon,9,La24,2,10.1070,0.0115
regla_bon,9,La24,4,10.1070,0.0195
regla_bon,9,La24,8,10.1070,0.0375
regla_bon,9,La24,16,10.1070,0.0745
regla_bon,9,La24,32,10.1070,0.1430
regla_bon,9,La24,64,9.8396,0.2796
regla_bon,9,La24,128,9.8930,0.5583
regla_bon,9,La24,256,9.1979,1.1096
regla_bon,9,La24,512,7.7005,2.3083
regla_bon,9,La24,1024,7.7005,4.6424
regla_bon,9,La24,2048,7.7005,9.2869
regla_bon,9,La24,4096,6.5241,18.5254
regla_bon,9,La24,8192,6.5241,36.8662
regla_bon,9,La24,16384,6.5241,73.9002
regla_bon,9,La24,32768,6.5241,149.8609
regla_bon,9,La24,65536,7.1123,298.2247
regla_bon,9,La24,131072,4.7594,592.1253
regla_bon,9,La24,199051,4.7594,900.0005
ga_sembrado,9,La24,1,10.1070,0.0195
ga_sembrado,9,La24,2,10.1070,0.0195
ga_sembrado,9,La24,4,10.1070,0.0195
ga_sembrado,9,La24,8,10.1070,0.0205
ga_sembrado,9,La24,16,10.1070,0.0215
ga_sembrado,9,La24,32,10.1070,0.0235
ga_sembrado,9,La24,64,10.1070,0.0265
ga_sembrado,9,La24,128,10.1070,0.0315
ga_sembrado,9,La24,256,10.1070,0.0435
ga_sembrado,9,La24,512,10.1070,0.0755
ga_sembrado,9,La24,1024,10.1070,0.1400
ga_sembrado,9,La24,2048,10.1070,0.2651
ga_sembrado,9,La24,4096,9.9465,0.5133
ga_sembrado,9,La24,8192,9.7861,1.0190
ga_sembrado,9,La24,16384,8.2353,2.0987
ga_sembrado,9,La24,32768,7.3262,4.2263
ga_sembrado,9,La24,65536,4.7594,8.3185
ga_sembrado,9,La24,131072,4.2246,16.8026
ga_sembrado,9,La24,262144,4.2246,33.2856
ga_sembrado,9,La24,524288,4.2246,66.4766
ga_sembrado,9,La24,1048576,4.2246,135.5799
ga_sembrado,9,La24,2097152,4.1711,269.4348
ga_sembrado,9,La24,4194304,4.1711,534.1982
ga_sembrado,9,La24,7073190,4.1711,900.0005
ga,9,La25,1,96.9294,0.0190
ga,9,La25,2,87.6151,0.0190
ga,9,La25,4,58.1372,0.0190
ga,9,La25,8,58.1372,0.0200
ga,9,La25,16,55.2201,0.0200
ga,9,La25,32,55.2201,0.0220
ga,9,La25,64,55.2201,0.0250
ga,9,La25,128,55.2201,0.0300
ga,9,La25,256,53.0194,0.0400
ga,9,La25,512,53.0194,0.0700
ga,9,La25,1024,43.9099,0.1386
ga,9,La25,2048,31.7810,0.2711
ga,9,La25,4096,27.9427,0.5187
ga,9,La25,8192,20.5732,1.0086
ga,9,La25,16384,10.7472,2.0411
ga,9,La25,32768,7.3695,4.0939
ga,9,La25,65536,6.0389,8.2942
ga,9,La25,131072,5.8854,16.6253
ga,9,La25,262144,5.8854,33.1561
ga,9,La25,524288,5.8854,66.9874
ga,9,La25,1048576,5.8854,132.6347
ga,9,La25,2097152,5.8854,263.1107
ga,9,La25,4194304,5.3224,528.8522
ga,9,La25,7120530,5.3224,900.0010
ga,9,La27,1,86.9636,0.0250
ga,9,La27,2,86.9636,0.0250
ga,9,La27,4,86.9636,0.0260
ga,9,La27,8,78.4615,0.0260
ga,9,La27,16,71.8219,0.0270
ga,9,La27,32,65.8300,0.0290
ga,9,La27,64,62.6721,0.0330
ga,9,La27,128,56.5587,0.0400
ga,9,La27,256,54.9798,0.0540
ga,9,La27,512,54.9798,0.0980
ga,9,La27,1024,47.7733,0.1790
ga,9,La27,2048,46.7206,0.3475
ga,9,La27,4096,34.4130,0.6747
ga,9,La27,8192,26.1134,1.3182
ga,9,La27,16384,14.8178,2.6588
ga,9,La27,32768,11.9838,5.3203
ga,9,La27,65536,9.3117,10.7319
ga,9,La27,131072,8.8664,21.3014
ga,9,La27,262144,5.4251,42.4500
ga,9,La27,524288,5.4251,86.9201
ga,9,La27,1048576,5.4251,170.1555
ga,9,La27,2097152,5.4251,340.0015
ga,9,La27,4194304,5.4251,687.2639
ga,9,La27,5542278,5.4251,900.0009
ga_sembrado,9,La25,1,11.8219,0.0190
ga_sembrado,9,La25,2,11.8219,0.0190
ga_sembrado,9,La25,4,11.8219,0.0190
ga_sembrado,9,La25,8,11.8219,0.0190
ga_sembrado,9,La25,16,11.8219,0.0200
ga_sembrado,9,La25,32,11.8219,0.0210
ga_sembrado,9,La25,64,11.8219,0.0230
ga_sembrado,9,La25,128,11.8219,0.0270
ga_sembrado,9,La25,256,11.8219,0.0380
ga_sembrado,9,La25,512,11.8219,0.0680
ga_sembrado,9,La25,1024,11.8219,0.1310
ga_sembrado,9,La25,2048,11.8219,0.2520
ga_sembrado,9,La25,4096,11.8219,0.5066
ga_sembrado,9,La25,8192,9.9795,1.0155
ga_sembrado,9,La25,16384,9.7748,2.0405
ga_sembrado,9,La25,32768,9.7748,4.0998
ga_sembrado,9,La25,65536,9.7748,8.2581
ga_sembrado,9,La25,131072,9.7748,16.5768
ga_sembrado,9,La25,262144,9.0072,33.1566
ga_sembrado,9,La25,524288,7.8813,67.2091
ga_sembrado,9,La25,1048576,7.8813,133.1283
ga_sembrado,9,La25,2097152,5.5271,263.6313
ga_sembrado,9,La25,4194304,5.5271,529.7301
ga_sembrado,9,La25,7110772,5.5271,900.0009
regla_bon,9,La25,1,11.8219,0.0050
regla_bon,9,La25,2,11.8219,0.0090
regla_bon,9,La25,4,10.1331,0.0170
regla_bon,9,La25,8,10.1331,0.0330
regla_bon,9,La25,16,10.1331,0.0710
regla_bon,9,La25,32,9.1095,0.1400
regla_bon,9,La25,64,8.5977,0.2815
regla_bon,9,La25,128,8.5977,0.5496
regla_bon,9,La25,256,6.9089,1.0940
regla_bon,9,La25,512,6.8066,2.2086
regla_bon,9,La25,1024,6.8066,4.4609
regla_bon,9,La25,2048,7.6254,8.9364
regla_bon,9,La25,4096,7.4207,18.0024
regla_bon,9,La25,8192,7.4207,35.8072
regla_bon,9,La25,16384,5.0154,72.9033
regla_bon,9,La25,32768,5.0154,143.5941
regla_bon,9,La25,65536,5.0154,285.6914
regla_bon,9,La25,131072,5.0154,572.8098
regla_bon,9,La25,205643,5.0154,900.0049
regla_bon,9,La27,1,24.9798,0.0070
regla_bon,9,La27,2,19.3117,0.0140
regla_bon,9,La27,4,15.3036,0.0290
regla_bon,9,La27,8,15.3036,0.0590
regla_bon,9,La27,16,14.3320,0.1115
regla_bon,9,La27,32,15.5870,0.2305
regla_bon,9,La27,64,13.1174,0.4587
regla_bon,9,La27,128,13.1174,0.9231
regla_bon,9,La27,256,13.1174,1.8545
regla_bon,9,La27,512,11.3765,3.6958
regla_bon,9,La27,1024,11.3765,7.4545
regla_bon,9,La27,2048,10.0405,15.0923
regla_bon,9,La27,4096,9.7976,29.9563
regla_bon,9,La27,8192,9.7976,60.1415
regla_bon,9,La27,16384,9.6761,120.6010
regla_bon,9,La27,32768,9.6761,238.1265
regla_bon,9,La27,65536,7.7733,478.2924
regla_bon,9,La27,123030,7.7733,900.0031
ga_sembrado,9,La27,1,24.9798,0.0260
ga_sembrado,9,La27,2,24.9798,0.0260
ga_sembrado,9,La27,4,24.9798,0.0260
ga_sembrado,9,La27,8,24.9798,0.0260
ga_sembrado,9,La27,16,24.9798,0.0270
ga_sembrado,9,La27,32,24.9798,0.0290
ga_sembrado,9,La27,64,24.9798,0.0330
ga_sembrado,9,La27,128,24.9798,0.0380
ga_sembrado,9,La27,256,24.9798,0.0500
ga_sembrado,9,La27,512,24.9798,0.0895
ga_sembrado,9,La27,1024,24.9798,0.1785
ga_sembrado,9,La27,2048,24.9798,0.3366
ga_sembrado,9,La27,4096,23.6842,0.6780
ga_sembrado,9,La27,8192,19.6761,1.3519
ga_sembrado,9,La27,16384,16.5182,2.7200
ga_sembrado,9,La27,32768,13.3603,5.3749
ga_sembrado,9,La27,65536,10.5668,10.7896
ga_sembrado,9,La27,131072,10.3644,21.4882
ga_sembrado,9,La27,262144,9.0688,42.7824
ga_sembrado,9,La27,524288,7.4899,87.4859
ga_sembrado,9,La27,1048576,7.4899,171.5062
ga_sembrado,9,La27,2097152,7.4899,342.8534
ga_sembrado,9,La27,4194304,7.4899,693.3615
ga_sembrado,9,La27,5493764,7.4899,900.0001
ga,9,La29,1,89.6701,0.0240
ga,9,La29,2,89.6701,0.0240
ga,9,La29,4,89.6701,0.0240
ga,9,La29,8,83.5938,0.0250
ga,9,La29,16,71.0503,0.0250
ga,9,La29,32,71.0503,0.0260
ga,9,La29,64,71.0503,0.0290
ga,9,La29,128,65.8420,0.0350
ga,9,La29,256,65.8420,0.0465
ga,9,La29,512,61.9792,0.0865
ga,9,La29,1024,52.8646,0.1670
ga,9,La29,2048,46.0069,0.3222
ga,9,La29,4096,38.4549,0.6322
ga,9,La29,8192,25.8681,1.2430
ga,9,La29,16384,20.5729,2.5072
ga,9,La29,32768,14.5399,4.9949
ga,9,La29,65536,11.7188,9.9964
ga,9,La29,131072,10.8073,19.9836
ga,9,La29,262144,8.7674,39.8344
ga,9,La29,524288,8.7674,79.7205
ga,9,La29,1048576,8.7674,160.7786
ga,9,La29,2097152,8.7674,322.7251
ga,9,La29,4194304,8.7674,644.5272
ga,9,La29,5872103,8.7674,900.0004
ga,9,La38,1,113.9632,0.0275
ga,9,La38,2,89.8829,0.0275
ga,9,La38,4,88.1271,0.0275
ga,9,La38,8,81.1873,0.0285
ga,9,La38,16,59.1137,0.0295
ga,9,La38,32,59.1137,0.0315
ga,9,La38,64,59.1137,0.0345
ga,9,La38,128,59.1137,0.0426
ga,9,La38,256,59.1137,0.0551
ga,9,La38,512,58.2358,0.0981
ga,9,La38,1024,50.1672,0.1832
ga,9,La38,2048,43.8963,0.3555
ga,9,La38,4096,35.0753,0.7078
ga,9,La38,8192,29.2642,1.3828
ga,9,La38,16384,16.8478,2.8234
ga,9,La38,32768,13.2525,5.5958
ga,9,La38,65536,9.8662,11.1009
ga,9,La38,131072,8.3194,22.1830
ga,9,La38,262144,7.0652,44.4835
ga,9,La38,524288,7.0652,88.9082
ga,9,La38,1048576,7.0652,179.0309
ga,9,La38,2097152,7.0652,359.4019
ga,9,La38,4194304,6.9816,718.0332
ga,9,La38,5265374,6.9816,900.0005
regla_bon,9,La29,1,13.4115,0.0060
regla_bon,9,La29,2,13.4115,0.0130
regla_bon,9,La29,4,13.4115,0.0275
regla_bon,9,La29,8,15.0608,0.0561
regla_bon,9,La29,16,15.0608,0.1111
regla_bon,9,La29,32,15.0608,0.2252
regla_bon,9,La29,64,13.0208,0.4427
regla_bon,9,La29,128,10.7639,0.8799
regla_bon,9,La29,256,10.7639,1.7433
regla_bon,9,La29,512,10.7639,3.5192
regla_bon,9,La29,1024,10.7639,6.9542
regla_bon,9,La29,2048,10.7639,13.9866
regla_bon,9,La29,4096,10.7639,28.0068
regla_bon,9,La29,8192,10.5469,55.8294
regla_bon,9,La29,16384,10.5469,112.4439
regla_bon,9,La29,32768,10.0260,226.1374
regla_bon,9,La29,65536,9.6354,454.3658
regla_bon,9,La29,130424,9.6354,900.0075
ga_sembrado,9,La29,1,13.4115,0.0205
ga_sembrado,9,La29,2,13.4115,0.0205
ga_sembrado,9,La29,4,13.4115,0.0205
ga_sembrado,9,La29,8,13.4115,0.0215
ga_sembrado,9,La29,16,13.4115,0.0215
ga_sembrado,9,La29,32,13.4115,0.0235
ga_sembrado,9,La29,64,13.4115,0.0255
ga_sembrado,9,La29,128,13.4115,0.0326
ga_sembrado,9,La29,256,13.4115,0.0461
ga_sembrado,9,La29,512,13.4115,0.0831
ga_sembrado,9,La29,1024,13.4115,0.1612
ga_sembrado,9,La29,2048,13.4115,0.3194
ga_sembrado,9,La29,4096,13.4115,0.6272
ga_sembrado,9,La29,8192,12.0226,1.2657
ga_sembrado,9,La29,16384,11.1979,2.5238
ga_sembrado,9,La29,32768,10.5903,4.9760
ga_sembrado,9,La29,65536,10.2865,9.9784
ga_sembrado,9,La29,131072,10.0694,19.9836
ga_sembrado,9,La29,262144,7.5087,39.8795
ga_sembrado,9,La29,524288,7.4653,79.8657
ga_sembrado,9,La29,1048576,7.4653,160.7616
ga_sembrado,9,La29,2097152,7.4653,322.7947
ga_sembrado,9,La29,4194304,7.4653,644.9000
ga_sembrado,9,La29,5867464,7.4653,900.0005
regla_bon,9,La38,1,14.9666,0.0080
regla_bon,9,La38,2,14.9666,0.0140
regla_bon,9,La38,4,14.9666,0.0290
regla_bon,9,La38,8,14.9666,0.0540
regla_bon,9,La38,16,14.9666,0.1041
regla_bon,9,La38,32,14.9666,0.2029
regla_bon,9,La38,64,9.9498,0.4000
regla_bon,9,La38,128,9.9498,0.7937
regla_bon,9,La38,256,9.8662,1.5946
regla_bon,9,La38,512,9.6154,3.2519
regla_bon,9,La38,1024,9.7826,6.4767
regla_bon,9,La38,2048,9.7826,12.9730
regla_bon,9,La38,4096,9.7826,26.0108
regla_bon,9,La38,8192,9.7826,51.7299
regla_bon,9,La38,16384,8.3194,103.5311
regla_bon,9,La38,32768,6.3127,208.4208
regla_bon,9,La38,65536,6.3127,418.7786
regla_bon,9,La38,131072,6.3127,833.7706
regla_bon,9,La38,141560,6.3127,900.0013
ga_sembrado,9,La38,1,14.9666,0.0270
ga_sembrado,9,La38,2,14.9666,0.0270
ga_sembrado,9,La38,4,14.9666,0.0270
ga_sembrado,9,La38,8,14.9666,0.0270
ga_sembrado,9,La38,16,14.9666,0.0280
ga_sembrado,9,La38,32,14.9666,0.0300
ga_sembrado,9,La38,64,14.9666,0.0330
ga_sembrado,9,La38,128,14.9666,0.0400
ga_sembrado,9,La38,256,14.9666,0.0530
ga_sembrado,9,La38,512,14.9666,0.0990
ga_sembrado,9,La38,1024,14.9666,0.1844
ga_sembrado,9,La38,2048,14.5067,0.3549
ga_sembrado,9,La38,4096,13.9214,0.7056
ga_sembrado,9,La38,8192,11.6639,1.3975
ga_sembrado,9,La38,16384,9.4064,2.8252
ga_sembrado,9,La38,32768,6.8562,5.5917
ga_sembrado,9,La38,65536,6.1873,11.1602
ga_sembrado,9,La38,131072,6.1873,22.2559
ga_sembrado,9,La38,262144,6.1873,44.3683
ga_sembrado,9,La38,524288,5.7692,88.5414
ga_sembrado,9,La38,1048576,5.7692,178.5494
ga_sembrado,9,La38,2097152,5.7692,358.8430
ga_sembrado,9,La38,4194304,5.7692,716.6619
ga_sembrado,9,La38,5278258,5.7692,900.0003
ga,9,La40,1,98.3224,0.0280
ga,9,La40,2,98.3224,0.0280
ga,9,La40,4,81.2602,0.0290
ga,9,La40,8,82.4877,0.0290
ga,9,La40,16,82.4877,0.0300
ga,9,La40,32,82.4877,0.0320
ga,9,La40,64,72.6678,0.0350
ga,9,La40,128,66.8576,0.0430
ga,9,La40,256,60.0245,0.0570
ga,9,La40,512,60.0245,0.1001
ga,9,La40,1024,56.4648,0.1861
ga,9,La40,2048,45.2946,0.3681
ga,9,La40,4096,38.6252,0.7239
ga,9,La40,8192,26.3912,1.4143
ga,9,La40,16384,13.2570,2.8375
ga,9,La40,32768,8.9198,5.6333
ga,9,La40,65536,7.7741,11.1265
ga,9,La40,131072,5.5646,22.3016
ga,9,La40,262144,5.4419,44.6824
ga,9,La40,524288,5.0736,90.7729
ga,9,La40,1048576,5.0736,179.4299
ga,9,La40,2097152,5.0736,357.5276
ga,9,La40,4194304,5.0736,713.9353
ga,9,La40,5275466,5.0736,900.0006
regla_bon,9,La40,1,13.2570,0.0070
regla_bon,9,La40,2,13.2570,0.0130
regla_bon,9,La40,4,13.2570,0.0260
regla_bon,9,La40,8,13.2570,0.0510
regla_bon,9,La40,16,13.2570,0.0990
regla_bon,9,La40,32,12.2750,0.1961
regla_bon,9,La40,64,11.5385,0.3913
regla_bon,9,La40,128,11.5385,0.7850
regla_bon,9,La40,256,10.6383,1.5528
regla_bon,9,La40,512,8.4288,3.1694
regla_bon,9,La40,1024,8.4288,6.3460
regla_bon,9,La40,2048,8.4288,12.6810
regla_bon,9,La40,4096,7.4468,25.4245
regla_bon,9,La40,8192,8.5925,50.9845
regla_bon,9,La40,16384,8.5925,103.1968
regla_bon,9,La40,32768,8.5925,205.6832
regla_bon,9,La40,65536,9.3290,410.3072
regla_bon,9,La40,131072,9.3290,823.3774
regla_bon,9,La40,143396,9.3290,900.0008
ga,9,ABZ7,1,90.0915,0.0360
ga,9,ABZ7,2,90.0915,0.0360
ga,9,ABZ7,4,87.4238,0.0370
ga,9,ABZ7,8,87.4238,0.0370
ga,9,ABZ7,16,87.4238,0.0390
ga,9,ABZ7,32,69.7409,0.0410
ga,9,ABZ7,64,69.7409,0.0470
ga,9,ABZ7,128,68.1402,0.0570
ga,9,ABZ7,256,68.1402,0.0760
ga,9,ABZ7,512,64.0244,0.1320
ga,9,ABZ7,1024,62.0427,0.2496
ga,9,ABZ7,2048,53.5061,0.4738
ga,9,ABZ7,4096,43.1402,0.9316
ga,9,ABZ7,8192,34.9085,1.8329
ga,9,ABZ7,16384,22.1799,3.6932
ga,9,ABZ7,32768,16.8445,7.3185
ga,9,ABZ7,65536,13.7195,14.7459
ga,9,ABZ7,131072,11.8140,29.4640
ga,9,ABZ7,262144,11.4329,58.7709
ga,9,ABZ7,524288,11.4329,118.7859
ga,9,ABZ7,1048576,11.4329,236.6369
ga,9,ABZ7,2097152,11.4329,471.0049
ga,9,ABZ7,3996290,9.5274,900.0008
ga_sembrado,9,La40,1,13.2570,0.0230
ga_sembrado,9,La40,2,13.2570,0.0230
ga_sembrado,9,La40,4,13.2570,0.0230
ga_sembrado,9,La40,8,13.2570,0.0230
ga_sembrado,9,La40,16,13.2570,0.0240
ga_sembrado,9,La40,32,13.2570,0.0260
ga_sembrado,9,La40,64,13.2570,0.0290
ga_sembrado,9,La40,128,13.2570,0.0340
ga_sembrado,9,La40,256,13.2570,0.0500
ga_sembrado,9,La40,512,13.2570,0.0890
ga_sembrado,9,La40,1024,13.2570,0.1741
ga_sembrado,9,La40,2048,13.2570,0.3422
ga_sembrado,9,La40,4096,11.9476,0.6885
ga_sembrado,9,La40,8192,10.7201,1.3778
ga_sembrado,9,La40,16384,9.9018,2.8229
ga_sembrado,9,La40,32768,9.6563,5.6002
ga_sembrado,9,La40,65536,8.5925,11.1870
ga_sembrado,9,La40,131072,8.1833,22.3416
ga_sembrado,9,La40,262144,7.6923,44.7977
ga_sembrado,9,La40,524288,7.1195,90.8859
ga_sembrado,9,La40,1048576,7.1195,179.8380
ga_sembrado,9,La40,2097152,7.1195,358.3638
ga_sembrado,9,La40,4194304,7.1195,716.2167
ga_sembrado,9,La40,5259920,5.6465,900.0008
regla_bon,9,ABZ7,1,19.6646,0.0120
regla_bon,9,ABZ7,2,17.2256,0.0225
regla_bon,9,ABZ7,4,17.2256,0.0415
regla_bon,9,ABZ7,8,15.3963,0.0835
regla_bon,9,ABZ7,16,15.1677,0.1671
regla_bon,9,ABZ7,32,15.1677,0.3207
regla_bon,9,ABZ7,64,12.8049,0.6649
regla_bon,9,ABZ7,128,12.8049,1.3337
regla_bon,9,ABZ7,256,13.2622,2.6649
regla_bon,9,ABZ7,512,12.5762,5.3231
regla_bon,9,ABZ7,1024,13.7957,10.6913
regla_bon,9,ABZ7,2048,10.7470,21.3998
regla_bon,9,ABZ7,4096,9.9085,42.9089
regla_bon,9,ABZ7,8192,9.9848,85.6057
regla_bon,9,ABZ7,16384,9.9848,173.1469
regla_bon,9,ABZ7,32768,10.6707,345.6609
regla_bon,9,ABZ7,65536,9.0701,689.0605
regla_bon,9,ABZ7,85276,9.0701,900.0024
ga_sembrado,9,ABZ7,1,19.6646,0.0325
ga_sembrado,9,ABZ7,2,19.6646,0.0325
ga_sembrado,9,ABZ7,4,19.6646,0.0325
ga_sembrado,9,ABZ7,8,19.6646,0.0335
ga_sembrado,9,ABZ7,16,19.6646,0.0345
ga_sembrado,9,ABZ7,32,19.6646,0.0375
ga_sembrado,9,ABZ7,64,19.6646,0.0425
ga_sembrado,9,ABZ7,128,19.6646,0.0525
ga_sembrado,9,ABZ7,256,19.6646,0.0715
ga_sembrado,9,ABZ7,512,19.6646,0.1211
ga_sembrado,9,ABZ7,1024,19.6646,0.2302
ga_sembrado,9,ABZ7,2048,19.6646,0.4629
ga_sembrado,9,ABZ7,4096,18.3689,0.9006
ga_sembrado,9,ABZ7,8192,16.6921,1.8029
ga_sembrado,9,ABZ7,16384,13.0335,3.7023
ga_sembrado,9,ABZ7,32768,10.9756,7.3490
ga_sembrado,9,ABZ7,65536,10.2134,14.7979
ga_sembrado,9,ABZ7,131072,9.9085,29.6070
ga_sembrado,9,ABZ7,262144,9.9085,58.9039
ga_sembrado,9,ABZ7,524288,9.9085,119.2496
ga_sembrado,9,ABZ7,1048576,9.9085,237.9238
ga_sembrado,9,ABZ7,2097152,9.9085,473.6025
ga_sembrado,9,ABZ7,3973127,7.9268,900.0004
ga,9,ABZ8,1,94.4961,0.0320
ga,9,ABZ8,2,94.4961,0.0320
ga,9,ABZ8,4,94.4961,0.0320
ga,9,ABZ8,8,94.4961,0.0330
ga,9,ABZ8,16,94.4961,0.0340
ga,9,ABZ8,32,91.3178,0.0370
ga,9,ABZ8,64,75.1938,0.0420
ga,9,ABZ8,128,75.1938,0.0510
ga,9,ABZ8,256,74.2636,0.0715
ga,9,ABZ8,512,65.1163,0.1315
ga,9,ABZ8,1024,64.1085,0.2419
ga,9,ABZ8,2048,63.1008,0.4715
ga,9,ABZ8,4096,49.4574,0.9243
ga,9,ABZ8,8192,36.7442,1.8362
ga,9,ABZ8,16384,23.5659,3.7011
ga,9,ABZ8,32768,17.5194,7.2868
ga,9,ABZ8,65536,14.4186,14.5834
ga,9,ABZ8,131072,13.6434,29.1948
ga,9,ABZ8,262144,13.4109,58.2409
ga,9,ABZ8,524288,13.1783,116.4105
ga,9,ABZ8,1048576,13.1783,233.3898
ga,9,ABZ8,2097152,13.1783,466.5591
ga,9,ABZ8,4041189,13.1783,900.0010
ga,9,ABZ9,1,104.3873,0.0371
ga,9,ABZ9,2,88.0484,0.0371
ga,9,ABZ9,4,88.0484,0.0381
ga,9,ABZ9,8,88.0484,0.0381
ga,9,ABZ9,16,88.0484,0.0391
ga,9,ABZ9,32,87.7458,0.0417
ga,9,ABZ9,64,79.3495,0.0467
ga,9,ABZ9,128,74.8865,0.0562
ga,9,ABZ9,256,74.8865,0.0772
ga,9,ABZ9,512,68.6838,0.1347
ga,9,ABZ9,1024,62.4054,0.2452
ga,9,ABZ9,2048,54.3873,0.4713
ga,9,ABZ9,4096,51.9667,0.9311
ga,9,ABZ9,8192,45.0832,1.8265
ga,9,ABZ9,16384,30.7110,3.6874
ga,9,ABZ9,32768,20.2723,7.2876
ga,9,ABZ9,65536,17.3222,14.6312
ga,9,ABZ9,131072,17.3222,29.1251
ga,9,ABZ9,262144,16.0363,58.2537
ga,9,ABZ9,524288,16.0363,116.3658
ga,9,ABZ9,1048576,16.0363,233.1665
ga,9,ABZ9,2097152,16.0363,466.7886
ga,9,ABZ9,4035317,16.0363,900.0008
regla_bon,9,ABZ8,1,24.7287,0.0120
regla_bon,9,ABZ8,2,24.7287,0.0241
regla_bon,9,ABZ8,4,24.7287,0.0447
regla_bon,9,ABZ8,8,24.7287,0.0887
regla_bon,9,ABZ8,16,24.7287,0.1667
regla_bon,9,ABZ8,32,20.3101,0.3383
regla_bon,9,ABZ8,64,20.3101,0.6740
regla_bon,9,ABZ8,128,20.3101,1.3437
regla_bon,9,ABZ8,256,20.3101,2.7110
regla_bon,9,ABZ8,512,20.3101,5.4179
regla_bon,9,ABZ8,1024,20.3876,10.8279
regla_bon,9,ABZ8,2048,20.3876,21.7437
regla_bon,9,ABZ8,4096,20.0000,43.4127
regla_bon,9,ABZ8,8192,18.5271,86.7829
regla_bon,9,ABZ8,16384,18.0620,173.9153
regla_bon,9,ABZ8,32768,18.0620,347.5923
regla_bon,9,ABZ8,65536,17.1318,696.8264
regla_bon,9,ABZ8,84660,17.1318,900.0078
ga_sembrado,9,ABZ8,1,24.7287,0.0376
ga_sembrado,9,ABZ8,2,24.7287,0.0376
ga_sembrado,9,ABZ8,4,24.7287,0.0376
ga_sembrado,9,ABZ8,8,24.7287,0.0386
ga_sembrado,9,ABZ8,16,24.7287,0.0396
ga_sembrado,9,ABZ8,32,24.7287,0.0431
ga_sembrado,9,ABZ8,64,24.7287,0.0481
ga_sembrado,9,ABZ8,128,24.7287,0.0591
ga_sembrado,9,ABZ8,256,24.7287,0.0787
ga_sembrado,9,ABZ8,512,24.7287,0.1357
ga_sembrado,9,ABZ8,1024,24.7287,0.2442
ga_sembrado,9,ABZ8,2048,24.7287,0.4793
ga_sembrado,9,ABZ8,4096,24.6512,0.9360
ga_sembrado,9,ABZ8,8192,21.2403,1.8404
ga_sembrado,9,ABZ8,16384,20.5426,3.6923
ga_sembrado,9,ABZ8,32768,18.1395,7.3366
ga_sembrado,9,ABZ8,65536,18.1395,14.6821
ga_sembrado,9,ABZ8,131072,18.1395,29.2507
ga_sembrado,9,ABZ8,262144,18.1395,58.3586
ga_sembrado,9,ABZ8,524288,18.1395,116.6615
ga_sembrado,9,ABZ8,1048576,16.4341,233.9575
ga_sembrado,9,ABZ8,2097152,16.2791,467.7276
ga_sembrado,9,ABZ8,4026960,16.2791,900.0007
ga_sembrado,9,ABZ9,1,33.3585,0.0320
ga_sembrado,9,ABZ9,2,33.3585,0.0320
ga_sembrado,9,ABZ9,4,33.3585,0.0320
ga_sembrado,9,ABZ9,8,33.3585,0.0330
ga_sembrado,9,ABZ9,16,33.3585,0.0340
ga_sembrado,9,ABZ9,32,33.3585,0.0370
ga_sembrado,9,ABZ9,64,33.3585,0.0420
ga_sembrado,9,ABZ9,128,33.3585,0.0510
ga_sembrado,9,ABZ9,256,33.3585,0.0685
ga_sembrado,9,ABZ9,512,33.3585,0.1226
ga_sembrado,9,ABZ9,1024,33.3585,0.2306
ga_sembrado,9,ABZ9,2048,33.3585,0.4572
ga_sembrado,9,ABZ9,4096,33.3585,0.9155
ga_sembrado,9,ABZ9,8192,26.9289,1.8028
ga_sembrado,9,ABZ9,16384,24.2814,3.6719
ga_sembrado,9,ABZ9,32768,21.1044,7.2689
ga_sembrado,9,ABZ9,65536,20.1210,14.5745
ga_sembrado,9,ABZ9,131072,18.6838,29.1566
ga_sembrado,9,ABZ9,262144,18.6838,58.0329
ga_sembrado,9,ABZ9,524288,15.3555,116.1001
ga_sembrado,9,ABZ9,1048576,14.6747,232.9328
ga_sembrado,9,ABZ9,2097152,14.6747,466.1961
ga_sembrado,9,ABZ9,4042300,14.6747,900.0001
regla_bon,9,ABZ9,1,33.3585,0.0120
regla_bon,9,ABZ9,2,33.8880,0.0230
regla_bon,9,ABZ9,4,33.8880,0.0420
regla_bon,9,ABZ9,8,27.3071,0.0825
regla_bon,9,ABZ9,16,27.3071,0.1686
regla_bon,9,ABZ9,32,27.1558,0.3357
regla_bon,9,ABZ9,64,27.1558,0.6593
regla_bon,9,ABZ9,128,24.2057,1.3366
regla_bon,9,ABZ9,256,23.4493,2.7034
regla_bon,9,ABZ9,512,23.4493,5.3663
regla_bon,9,ABZ9,1024,22.6172,10.7762
regla_bon,9,ABZ9,2048,21.4826,21.5670
regla_bon,9,ABZ9,4096,21.4826,43.1298
regla_bon,9,ABZ9,8192,21.4070,86.3701
regla_bon,9,ABZ9,16384,20.0454,172.9273
regla_bon,9,ABZ9,32768,20.5749,345.9870
regla_bon,9,ABZ9,65536,19.9697,693.9947
regla_bon,9,ABZ9,85016,19.9697,900.0051
ga,10,FT10,1,93.5484,0.0130
ga,10,FT10,2,93.5484,0.0130
ga,10,FT10,4,86.4516,0.0130
ga,10,FT10,8,72.4731,0.0130
ga,10,FT10,16,64.0323,0.0140
ga,10,FT10,32,54.3011,0.0140
ga,10,FT10,64,51.1828,0.0160
ga,10,FT10,128,47.6344,0.0200
ga,10,FT10,256,47.6344,0.0270
ga,10,FT10,512,43.9785,0.0450
ga,10,FT10,1024,32.7957,0.0905
ga,10,FT10,2048,25.5914,0.1761
ga,10,FT10,4096,24.0860,0.3441
ga,10,FT10,8192,12.7957,0.6682
ga,10,FT10,16384,12.2581,1.3570
ga,10,FT10,32768,12.2581,2.7272
ga,10,FT10,65536,12.2581,5.4967
ga,10,FT10,131072,12.2581,11.0336
ga,10,FT10,262144,9.3548,22.1309
ga,10,FT10,524288,4.9462,43.9616
ga,10,FT10,1048576,4.9462,87.4922
ga,10,FT10,2097152,4.9462,175.1116
ga,10,FT10,4194304,4.9462,352.0708
ga,10,FT10,8388608,4.9462,701.8676
ga,10,FT10,10753773,4.9462,900.0006
ga_sembrado,10,FT10,1,20.3763,0.0130
ga_sembrado,10,FT10,2,20.3763,0.0130
ga_sembrado,10,FT10,4,20.3763,0.0130
ga_sembrado,10,FT10,8,20.3763,0.0140
ga_sembrado,10,FT10,16,20.3763,0.0140
ga_sembrado,10,FT10,32,20.3763,0.0150
ga_sembrado,10,FT10,64,20.3763,0.0170
ga_sembrado,10,FT10,128,20.3763,0.0210
ga_sembrado,10,FT10,256,20.3763,0.0280
ga_sembrado,10,FT10,512,20.3763,0.0525
ga_sembrado,10,FT10,1024,20.3763,0.0960
ga_sembrado,10,FT10,2048,20.3763,0.1880
ga_sembrado,10,FT10,4096,14.1935,0.3521
ga_sembrado,10,FT10,8192,8.4946,0.7028
ga_sembrado,10,FT10,16384,6.7742,1.3945
ga_sembrado,10,FT10,32768,4.0860,2.7537
ga_sembrado,10,FT10,65536,4.0860,5.4867
ga_sembrado,10,FT10,131072,4.0860,10.9936
ga_sembrado,10,FT10,262144,4.0860,21.9953
ga_sembrado,10,FT10,524288,4.0860,43.9345
ga_sembrado,10,FT10,1048576,4.0860,87.5741
ga_sembrado,10,FT10,2097152,2.5806,175.5277
ga_sembrado,10,FT10,4194304,2.5806,352.7725
ga_sembrado,10,FT10,8388608,2.5806,702.5929
ga_sembrado,10,FT10,10744052,2.5806,900.0001
regla_bon,10,FT10,1,20.3763,0.0030
regla_bon,10,FT10,2,20.3763,0.0060
regla_bon,10,FT10,4,19.3548,0.0100
regla_bon,10,FT10,8,6.7742,0.0190
regla_bon,10,FT10,16,6.7742,0.0330
regla_bon,10,FT10,32,6.7742,0.0680
regla_bon,10,FT10,64,6.7742,0.1360
regla_bon,10,FT10,128,6.7742,0.2686
regla_bon,10,FT10,256,6.7742,0.5422
regla_bon,10,FT10,512,6.7742,1.0789
regla_bon,10,FT10,1024,6.7742,2.1799
regla_bon,10,FT10,2048,6.6667,4.3724
regla_bon,10,FT10,4096,6.4516,8.8421
regla_bon,10,FT10,8192,6.2903,17.6639
regla_bon,10,FT10,16384,3.8710,34.9881
regla_bon,10,FT10,32768,3.8710,69.7815
regla_bon,10,FT10,65536,3.4409,139.6572
regla_bon,10,FT10,131072,3.4409,279.8168
regla_bon,10,FT10,262144,3.8172,560.4824
regla_bon,10,FT10,421184,3.8172,900.0006
ga,10,FT20,1,100.0858,0.0130
ga,10,FT20,2,85.4936,0.0130
ga,10,FT20,4,84.3348,0.0130
ga,10,FT20,8,62.0601,0.0130
ga,10,FT20,16,62.0601,0.0140
ga,10,FT20,32,62.0601,0.0140
ga,10,FT20,64,61.1159,0.0160
ga,10,FT20,128,51.8455,0.0190
ga,10,FT20,256,46.0944,0.0250
ga,10,FT20,512,45.7511,0.0435
ga,10,FT20,1024,37.5107,0.0860
ga,10,FT20,2048,22.4034,0.1750
ga,10,FT20,4096,21.8026,0.3481
ga,10,FT20,8192,13.9914,0.6848
ga,10,FT20,16384,9.4850,1.3586
ga,10,FT20,32768,6.2661,2.7803
ga,10,FT20,65536,5.9227,5.5587
ga,10,FT20,131072,5.9227,11.1412
ga,10,FT20,262144,2.8326,22.2165
ga,10,FT20,524288,2.8326,44.2856
ga,10,FT20,1048576,2.8326,88.3461
ga,10,FT20,2097152,2.8326,176.7289
ga,10,FT20,4194304,2.8326,354.9333
ga,10,FT20,8388608,2.8326,707.6711
ga,10,FT20,10664165,2.8326,900.0006
regla_bon,10,FT20,1,13.2189,0.0020
regla_bon,10,FT20,2,13.2189,0.0050
regla_bon,10,FT20,4,13.2189,0.0100
regla_bon,10,FT20,8,13.2189,0.0210
regla_bon,10,FT20,16,13.2189,0.0451
regla_bon,10,FT20,32,12.0601,0.0956
regla_bon,10,FT20,64,12.0601,0.2001
regla_bon,10,FT20,128,11.8455,0.4022
regla_bon,10,FT20,256,10.9013,0.7993
regla_bon,10,FT20,512,10.0858,1.5957
regla_bon,10,FT20,1024,10.3004,3.1901
regla_bon,10,FT20,2048,9.3562,6.4032
regla_bon,10,FT20,4096,7.5107,12.9180
regla_bon,10,FT20,8192,7.5107,25.7860
regla_bon,10,FT20,16384,7.5536,51.3543
regla_bon,10,FT20,32768,7.2532,102.6000
regla_bon,10,FT20,65536,7.5107,205.7046
regla_bon,10,FT20,131072,6.1803,412.9521
regla_bon,10,FT20,262144,5.4506,824.1157
regla_bon,10,FT20,286273,5.4506,900.0022
ga_sembrado,10,FT20,1,13.2189,0.0130
ga_sembrado,10,FT20,2,13.2189,0.0130
ga_sembrado,10,FT20,4,13.2189,0.0130
ga_sembrado,10,FT20,8,13.2189,0.0130
ga_sembrado,10,FT20,16,13.2189,0.0130
ga_sembrado,10,FT20,32,13.2189,0.0140
ga_sembrado,10,FT20,64,13.2189,0.0160
ga_sembrado,10,FT20,128,13.2189,0.0190
ga_sembrado,10,FT20,256,13.2189,0.0260
ga_sembrado,10,FT20,512,13.2189,0.0481
ga_sembrado,10,FT20,1024,13.2189,0.0916
ga_sembrado,10,FT20,2048,13.2189,0.1741
ga_sembrado,10,FT20,4096,13.2189,0.3432
ga_sembrado,10,FT20,8192,11.8026,0.6903
ga_sembrado,10,FT20,16384,11.3305,1.3741
ga_sembrado,10,FT20,32768,10.9013,2.7939
ga_sembrado,10,FT20,65536,9.3562,5.5558
ga_sembrado,10,FT20,131072,7.2103,11.1783
ga_sembrado,10,FT20,262144,5.8369,22.3212
ga_sembrado,10,FT20,524288,2.3176,44.3147
ga_sembrado,10,FT20,1048576,2.3176,88.3552
ga_sembrado,10,FT20,2097152,2.3176,177.0311
ga_sembrado,10,FT20,4194304,2.3176,356.1879
ga_sembrado,10,FT20,8388608,2.3176,709.1851
ga_sembrado,10,FT20,10642835,2.3176,900.0002
ga,10,La21,1,117.1128,0.0160
ga,10,La21,2,103.2505,0.0160
ga,10,La21,4,62.5239,0.0160
ga,10,La21,8,62.5239,0.0160
ga,10,La21,16,59.7992,0.0170
ga,10,La21,32,57.7438,0.0180
ga,10,La21,64,57.7438,0.0210
ga,10,La21,128,57.7438,0.0270
ga,10,La21,256,55.4971,0.0370
ga,10,La21,512,51.8642,0.0670
ga,10,La21,1024,40.2486,0.1280
ga,10,La21,2048,36.5201,0.2521
ga,10,La21,4096,29.9713,0.4883
ga,10,La21,8192,23.1358,0.9529
ga,10,La21,16384,11.4723,1.9169
ga,10,La21,32768,7.3136,3.9277
ga,10,La21,65536,6.5488,7.8473
ga,10,La21,131072,5.0669,15.6493
ga,10,La21,262144,4.6367,31.0777
ga,10,La21,524288,4.6367,62.0438
ga,10,La21,1048576,4.6367,125.3963
ga,10,La21,2097152,4.6367,249.6790
ga,10,La21,4194304,4.4455,500.4184
ga,10,La21,7560091,4.4455,900.0004
ga_sembrado,10,La21,1,15.0096,0.0190
ga_sembrado,10,La21,2,15.0096,0.0190
ga_sembrado,10,La21,4,15.0096,0.0190
ga_sembrado,10,La21,8,15.0096,0.0190
ga_sembrado,10,La21,16,15.0096,0.0200
ga_sembrado,10,La21,32,15.0096,0.0210
ga_sembrado,10,La21,64,15.0096,0.0240
ga_sembrado,10,La21,128,15.0096,0.0290
ga_sembrado,10,La21,256,15.0096,0.0400
ga_sembrado,10,La21,512,15.0096,0.0690
ga_sembrado,10,La21,1024,15.0096,0.1331
ga_sembrado,10,La21,2048,15.0096,0.2587
ga_sembrado,10,La21,4096,14.2925,0.4997
ga_sembrado,10,La21,8192,13.8145,0.9839
ga_sembrado,10,La21,16384,10.9943,1.9400
ga_sembrado,10,La21,32768,10.1816,3.9573
ga_sembrado,10,La21,65536,10.1816,7.8552
ga_sembrado,10,La21,131072,10.1816,15.7200
ga_sembrado,10,La21,262144,10.1816,31.1613
ga_sembrado,10,La21,524288,8.8910,62.2490
ga_sembrado,10,La21,1048576,5.3059,125.4660
ga_sembrado,10,La21,2097152,5.2103,250.2713
ga_sembrado,10,La21,4194304,5.2103,501.6887
ga_sembrado,10,La21,7540482,5.2103,900.0010
regla_bon,10,La21,1,15.0096,0.0050
regla_bon,10,La21,2,15.0096,0.0090
regla_bon,10,La21,4,15.0096,0.0180
regla_bon,10,La21,8,13.4321,0.0350
regla_bon,10,La21,16,10.1338,0.0670
regla_bon,10,La21,32,10.1338,0.1341
regla_bon,10,La21,64,10.1338,0.2732
regla_bon,10,La21,128,10.1338,0.5302
regla_bon,10,La21,256,10.1338,1.0619
regla_bon,10,La21,512,9.8948,2.1030
regla_bon,10,La21,1024,9.8470,4.2564
regla_bon,10,La21,2048,9.8470,8.4609
regla_bon,10,La21,4096,9.8470,16.9299
regla_bon,10,La21,8192,9.9426,33.6743
regla_bon,10,La21,16384,10.3250,67.3624
regla_bon,10,La21,32768,10.3250,135.7492
regla_bon,10,La21,65536,10.3250,270.1370
regla_bon,10,La21,131072,10.3250,541.0843
regla_bon,10,La21,218174,8.3174,900.0020
ga,10,La24,1,134.8663,0.0190
ga,10,La24,2,92.7273,0.0190
ga,10,La24,4,92.7273,0.0200
ga,10,La24,8,85.4545,0.0200
ga,10,La24,16,78.4492,0.0210
ga,10,La24,32,56.6845,0.0220
ga,10,La24,64,56.6845,0.0240
ga,10,La24,128,56.6845,0.0290
ga,10,La24,256,56.6845,0.0380
ga,10,La24,512,49.9465,0.0700
ga,10,La24,1024,36.6310,0.1331
ga,10,La24,2048,36.6310,0.2537
ga,10,La24,4096,27.3797,0.5037
ga,10,La24,8192,19.3583,0.9889
ga,10,La24,16384,10.9091,1.9610
ga,10,La24,32768,5.9358,3.9408
ga,10,La24,65536,5.2406,7.8562
ga,10,La24,131072,5.2406,15.7175
ga,10,La24,262144,5.2406,31.2529
ga,10,La24,524288,5.2406,62.4691
ga,10,La24,1048576,5.2406,126.1691
ga,10,La24,2097152,5.2406,250.8223
ga,10,La24,4194304,5.2406,502.4350
ga,10,La24,7533219,5.2406,900.0010
regla_bon,10,La24,1,10.1070,0.0040
regla_bon,10,La24,2,10.1070,0.0070
regla_bon,10,La24,4,10.1070,0.0140
regla_bon,10,La24,8,10.1070,0.0300
regla_bon,10,La24,16,10.1070,0.0640
regla_bon,10,La24,32,10.1070,0.1271
regla_bon,10,La24,64,9.5187,0.2541
regla_bon,10,La24,128,9.1979,0.5211
regla_bon,10,La24,256,9.1979,1.0650
regla_bon,10,La24,512,6.9519,2.1796
regla_bon,10,La24,1024,6.9519,4.3236
regla_bon,10,La24,2048,4.8663,8.5795
regla_bon,10,La24,4096,4.8663,17.1150
regla_bon,10,La24,8192,4.8663,33.9972
regla_bon,10,La24,16384,4.8663,67.9661
regla_bon,10,La24,32768,4.8663,136.9387
regla_bon,10,La24,65536,4.8663,272.6754
regla_bon,10,La24,131072,4.8663,546.0389
regla_bon,10,La24,216253,4.8663,900.0019
ga_sembrado,10,La24,1,10.1070,0.0190
ga_sembrado,10,La24,2,10.1070,0.0190
ga_sembrado,10,La24,4,10.1070,0.0190
ga_sembrado,10,La24,8,10.1070,0.0200
ga_sembrado,10,La24,16,10.1070,0.0200
ga_sembrado,10,La24,32,10.1070,0.0220
ga_sembrado,10,La24,64,10.1070,0.0240
ga_sembrado,10,La24,128,10.1070,0.0290
ga_sembrado,10,La24,256,10.1070,0.0390
ga_sembrado,10,La24,512,10.1070,0.0715
ga_sembrado,10,La24,1024,10.1070,0.1330
ga_sembrado,10,La24,2048,10.1070,0.2520
ga_sembrado,10,La24,4096,9.9465,0.4915
ga_sembrado,10,La24,8192,8.5561,0.9804
ga_sembrado,10,La24,16384,8.0749,1.9674
ga_sembrado,10,La24,32768,7.7005,3.9582
ga_sembrado,10,La24,65536,7.7005,7.8696
ga_sembrado,10,La24,131072,7.7005,15.6754
ga_sembrado,10,La24,262144,7.7005,31.1973
ga_sembrado,10,La24,524288,5.4545,62.2624
ga_sembrado,10,La24,1048576,5.4545,125.5324
ga_sembrado,10,La24,2097152,5.4545,250.3422
ga_sembrado,10,La24,4194304,5.4545,501.9347
ga_sembrado,10,La24,7541045,6.2032,900.0009
ga,10,La25,1,78.8127,0.0190
ga,10,La25,2,78.8127,0.0190
ga,10,La25,4,78.8127,0.0190
ga,10,La25,8,78.8127,0.0190
ga,10,La25,16,67.3490,0.0200
ga,10,La25,32,67.3490,0.0210
ga,10,La25,64,62.8454,0.0240
ga,10,La25,128,59.3654,0.0290
ga,10,La25,256,52.0983,0.0390
ga,10,La25,512,52.2006,0.0711
ga,10,La25,1024,47.1853,0.1346
ga,10,La25,2048,29.7339,0.2616
ga,10,La25,4096,30.7062,0.5057
ga,10,La25,8192,18.0143,0.9829
ga,10,La25,16384,12.4872,1.9364
ga,10,La25,32768,10.2354,3.9186
ga,10,La25,65536,9.0072,7.7895
ga,10,La25,131072,7.7277,15.8582
ga,10,La25,262144,7.6254,31.2495
ga,10,La25,524288,6.9601,62.2236
ga,10,La25,1048576,6.9601,124.4626
ga,10,La25,2097152,6.9601,249.0638
ga,10,La25,4194304,6.9601,498.4601
ga,10,La25,7587184,6.9601,900.0009
regla_bon,10,La25,1,11.8219,0.0050
regla_bon,10,La25,2,11.8219,0.0100
regla_bon,10,La25,4,11.9243,0.0190
regla_bon,10,La25,8,11.9243,0.0360
regla_bon,10,La25,16,8.0348,0.0690
regla_bon,10,La25,32,8.0348,0.1331
regla_bon,10,La25,64,8.0348,0.2606
regla_bon,10,La25,128,8.0348,0.5182
regla_bon,10,La25,256,6.8577,1.0360
regla_bon,10,La25,512,6.8577,2.0809
regla_bon,10,La25,1024,6.8577,4.2053
regla_bon,10,La25,2048,6.8577,8.4255
regla_bon,10,La25,4096,7.4719,17.1321
regla_bon,10,La25,8192,5.1689,34.0523
regla_bon,10,La25,16384,5.1689,67.9755
regla_bon,10,La25,32768,5.1689,135.8759
regla_bon,10,La25,65536,5.3224,270.9919
regla_bon,10,La25,131072,5.3224,542.8278
regla_bon,10,La25,217548,4.5036,900.0014
ga_sembrado,10,La25,1,11.8219,0.0190
ga_sembrado,10,La25,2,11.8219,0.0190
ga_sembrado,10,La25,4,11.8219,0.0190
ga_sembrado,10,La25,8,11.8219,0.0190
ga_sembrado,10,La25,16,11.8219,0.0200
ga_sembrado,10,La25,32,11.8219,0.0210
ga_sembrado,10,La25,64,11.8219,0.0240
ga_sembrado,10,La25,128,11.8219,0.0290
ga_sembrado,10,La25,256,11.8219,0.0390
ga_sembrado,10,La25,512,11.8219,0.0716
ga_sembrado,10,La25,1024,11.8219,0.1301
ga_sembrado,10,La25,2048,11.8219,0.2526
ga_sembrado,10,La25,4096,11.8219,0.4862
ga_sembrado,10,La25,8192,11.3101,0.9654
ga_sembrado,10,La25,16384,9.7748,1.9399
ga_sembrado,10,La25,32768,9.7748,3.9191
ga_sembrado,10,La25,65536,9.7748,7.8003
ga_sembrado,10,La25,131072,8.2907,15.8442
ga_sembrado,10,La25,262144,7.9836,31.4680
ga_sembrado,10,La25,524288,7.8301,62.6347
ga_sembrado,10,La25,1048576,7.8301,124.8642
ga_sembrado,10,La25,2097152,7.0624,249.8892
ga_sembrado,10,La25,4194304,7.0624,499.9638
ga_sembrado,10,La25,7569835,7.1136,900.0004
ga,10,La27,1,74.0891,0.0250
ga,10,La27,2,74.0891,0.0250
ga,10,La27,4,74.0891,0.0250
ga,10,La27,8,74.0891,0.0250
ga,10,La27,16,69.3927,0.0260
ga,10,La27,32,69.3927,0.0280
ga,10,La27,64,67.2470,0.0320
ga,10,La27,128,61.9433,0.0390
ga,10,La27,256,61.9433,0.0530
ga,10,La27,512,47.6923,0.0905
ga,10,La27,1024,46.8826,0.1691
ga,10,La27,2048,45.4251,0.3231
ga,10,La27,4096,37.0040,0.6362
ga,10,La27,8192,22.8340,1.2540
ga,10,La27,16384,15.5466,2.5302
ga,10,La27,32768,11.7409,5.0705
ga,10,La27,65536,9.8381,10.0557
ga,10,La27,131072,9.7571,20.3160
ga,10,La27,262144,9.7571,40.5183
ga,10,La27,524288,8.1377,80.7819
ga,10,La27,1048576,5.4656,161.4596
ga,10,La27,2097152,5.4656,321.9739
ga,10,La27,4194304,5.3441,643.5160
ga,10,La27,5872334,5.3441,900.0004
regla_bon,10,La27,1,24.9798,0.0060
regla_bon,10,La27,2,20.7692,0.0130
regla_bon,10,La27,4,16.5992,0.0260
regla_bon,10,La27,8,16.5992,0.0530
regla_bon,10,La27,16,17.4494,0.1075
regla_bon,10,La27,32,14.5749,0.2205
regla_bon,10,La27,64,10.2429,0.4356
regla_bon,10,La27,128,10.2429,0.8839
regla_bon,10,La27,256,10.2429,1.7733
regla_bon,10,La27,512,10.2429,3.5528
regla_bon,10,La27,1024,10.2429,7.0481
regla_bon,10,La27,2048,9.1903,14.2081
regla_bon,10,La27,4096,7.6113,28.3755
regla_bon,10,La27,8192,7.6113,56.4903
regla_bon,10,La27,16384,7.1255,112.6780
regla_bon,10,La27,32768,7.1255,225.1099
regla_bon,10,La27,65536,7.1255,451.1345
regla_bon,10,La27,131072,7.1255,899.0566
regla_bon,10,La27,131210,7.1255,900.0029
ga_sembrado,10,La27,1,24.9798,0.0240
ga_sembrado,10,La27,2,24.9798,0.0240
ga_sembrado,10,La27,4,24.9798,0.0240
ga_sembrado,10,La27,8,24.9798,0.0250
ga_sembrado,10,La27,16,24.9798,0.0250
ga_sembrado,10,La27,32,24.9798,0.0270
ga_sembrado,10,La27,64,24.9798,0.0300
ga_sembrado,10,La27,128,24.9798,0.0370
ga_sembrado,10,La27,256,24.9798,0.0490
ga_sembrado,10,La27,512,24.9798,0.0905
ga_sembrado,10,La27,1024,24.9798,0.1645
ga_sembrado,10,La27,2048,24.9798,0.3186
ga_sembrado,10,La27,4096,21.7814,0.6377
ga_sembrado,10,La27,8192,18.1781,1.2730
ga_sembrado,10,La27,16384,14.6154,2.5398
ga_sembrado,10,La27,32768,13.3603,5.0469
ga_sembrado,10,La27,65536,11.8219,10.0297
ga_sembrado,10,La27,131072,10.8502,20.2135
ga_sembrado,10,La27,262144,10.8502,40.4468
ga_sembrado,10,La27,524288,10.3644,80.4157
ga_sembrado,10,La27,1048576,4.9798,160.6066
ga_sembrado,10,La27,2097152,4.3320,320.5543
ga_sembrado,10,La27,4194304,4.0891,642.0762
ga_sembrado,10,La27,5885931,4.0891,900.0009
ga,10,La29,1,112.3264,0.0200
ga,10,La29,2,69.0972,0.0200
ga,10,La29,4,69.0972,0.0200
ga,10,La29,8,69.0972,0.0210
ga,10,La29,16,69.0972,0.0210
ga,10,La29,32,67.8385,0.0230
ga,10,La29,64,63.2812,0.0270
ga,10,La29,128,63.2812,0.0340
ga,10,La29,256,63.2812,0.0485
ga,10,La29,512,60.3733,0.0895
ga,10,La29,1024,57.0312,0.1641
ga,10,La29,2048,47.3090,0.3262
ga,10,La29,4096,37.3264,0.6373
ga,10,La29,8192,27.2135,1.2539
ga,10,La29,16384,20.4427,2.5212
ga,10,La29,32768,14.9740,5.0436
ga,10,La29,65536,14.1493,10.0148
ga,10,La29,131072,14.1493,20.0477
ga,10,La29,262144,14.1493,40.0418
ga,10,La29,524288,14.1493,80.0501
ga,10,La29,1048576,14.1493,160.9197
ga,10,La29,2097152,14.1493,329.1065
ga,10,La29,4194304,14.1493,661.1426
ga,10,La29,5693002,14.1493,900.0006
regla_bon,10,La29,1,13.4115,0.0080
regla_bon,10,La29,2,13.4115,0.0170
regla_bon,10,La29,4,13.4115,0.0311
regla_bon,10,La29,8,13.4115,0.0601
regla_bon,10,La29,16,13.4115,0.1141
regla_bon,10,La29,32,14.5833,0.2251
regla_bon,10,La29,64,14.5833,0.4382
regla_bon,10,La29,128,14.4965,0.8803
regla_bon,10,La29,256,14.7569,1.7553
regla_bon,10,La29,512,13.7587,3.5283
regla_bon,10,La29,1024,12.2830,7.0470
regla_bon,10,La29,2048,11.3715,14.0437
regla_bon,10,La29,4096,11.1111,28.1955
regla_bon,10,La29,8192,11.1979,56.3140
regla_bon,10,La29,16384,11.4583,113.6416
regla_bon,10,La29,32768,11.4583,231.8770
regla_bon,10,La29,65536,9.3750,467.1245
regla_bon,10,La29,125826,9.3750,900.0001
ga,10,La38,1,102.2575,0.0271
ga,10,La38,2,82.6505,0.0271
ga,10,La38,4,82.6505,0.0281
ga,10,La38,8,82.6505,0.0281
ga,10,La38,16,77.5920,0.0291
ga,10,La38,32,71.6137,0.0311
ga,10,La38,64,71.6137,0.0351
ga,10,La38,128,64.7993,0.0431
ga,10,La38,256,64.7993,0.0561
ga,10,La38,512,63.3779,0.1011
ga,10,La38,1024,60.5351,0.1921
ga,10,La38,2048,45.2341,0.3692
ga,10,La38,4096,37.2910,0.7063
ga,10,La38,8192,30.6856,1.3945
ga,10,La38,16384,19.0217,2.7979
ga,10,La38,32768,16.8060,5.5155
ga,10,La38,65536,16.3880,11.0818
ga,10,La38,131072,16.3880,22.2900
ga,10,La38,262144,16.3880,44.3740
ga,10,La38,524288,13.0017,88.7609
ga,10,La38,1048576,13.0017,179.1359
ga,10,La38,2097152,10.9114,365.5308
ga,10,La38,4194304,10.9114,735.2834
ga,10,La38,5119911,10.9114,900.0001
ga_sembrado,10,La29,1,13.4115,0.0251
ga_sembrado,10,La29,2,13.4115,0.0261
ga_sembrado,10,La29,4,13.4115,0.0261
ga_sembrado,10,La29,8,13.4115,0.0261
ga_sembrado,10,La29,16,13.4115,0.0271
ga_sembrado,10,La29,32,13.4115,0.0291
ga_sembrado,10,La29,64,13.4115,0.0311
ga_sembrado,10,La29,128,13.4115,0.0371
ga_sembrado,10,La29,256,13.4115,0.0521
ga_sembrado,10,La29,512,13.4115,0.0911
ga_sembrado,10,La29,1024,13.4115,0.1691
ga_sembrado,10,La29,2048,13.4115,0.3102
ga_sembrado,10,La29,4096,12.0660,0.6233
ga_sembrado,10,La29,8192,11.7188,1.2485
ga_sembrado,10,La29,16384,10.3299,2.5173
ga_sembrado,10,La29,32768,10.2865,5.0258
ga_sembrado,10,La29,65536,10.0694,10.0618
ga_sembrado,10,La29,131072,8.0729,20.0802
ga_sembrado,10,La29,262144,7.2483,39.9332
ga_sembrado,10,La29,524288,6.6406,79.9311
ga_sembrado,10,La29,1048576,6.5104,160.9587
ga_sembrado,10,La29,2097152,6.2500,329.6558
ga_sembrado,10,La29,4194304,6.2500,661.9091
ga_sembrado,10,La29,5685972,6.2500,900.0001
ga_sembrado,10,La38,1,14.9666,0.0240
ga_sembrado,10,La38,2,14.9666,0.0240
ga_sembrado,10,La38,4,14.9666,0.0240
ga_sembrado,10,La38,8,14.9666,0.0250
ga_sembrado,10,La38,16,14.9666,0.0260
ga_sembrado,10,La38,32,14.9666,0.0270
ga_sembrado,10,La38,64,14.9666,0.0310
ga_sembrado,10,La38,128,14.9666,0.0390
ga_sembrado,10,La38,256,14.9666,0.0541
ga_sembrado,10,La38,512,14.9666,0.0911
ga_sembrado,10,La38,1024,14.9666,0.1761
ga_sembrado,10,La38,2048,14.9666,0.3522
ga_sembrado,10,La38,4096,12.1656,0.7002
ga_sembrado,10,La38,8192,10.9532,1.3911
ga_sembrado,10,La38,16384,7.9013,2.7829
ga_sembrado,10,La38,32768,6.5635,5.5745
ga_sembrado,10,La38,65536,6.5635,11.0853
ga_sembrado,10,La38,131072,6.5635,22.2740
ga_sembrado,10,La38,262144,6.5635,44.3884
ga_sembrado,10,La38,524288,6.4799,88.9307
ga_sembrado,10,La38,1048576,4.9331,179.9099
ga_sembrado,10,La38,2097152,4.9331,367.2460
ga_sembrado,10,La38,4194304,4.9331,739.1105
ga_sembrado,10,La38,5093497,4.9331,900.0001
regla_bon,10,La38,1,14.9666,0.0070
regla_bon,10,La38,2,14.9666,0.0130
regla_bon,10,La38,4,14.9666,0.0250
regla_bon,10,La38,8,11.2876,0.0491
regla_bon,10,La38,16,11.2876,0.0991
regla_bon,10,La38,32,11.2876,0.1911
regla_bon,10,La38,64,11.2876,0.3972
regla_bon,10,La38,128,9.6154,0.7987
regla_bon,10,La38,256,9.6572,1.5983
regla_bon,10,La38,512,9.9080,3.2191
regla_bon,10,La38,1024,9.6990,6.4178
regla_bon,10,La38,2048,7.9849,12.8516
regla_bon,10,La38,4096,7.9849,25.7640
regla_bon,10,La38,8192,7.9849,51.2505
regla_bon,10,La38,16384,7.8595,102.4100
regla_bon,10,La38,32768,7.3161,210.4487
regla_bon,10,La38,65536,6.8562,423.9153
regla_bon,10,La38,131072,6.8562,852.0274
regla_bon,10,La38,138454,6.8562,900.0051
ga,10,La40,1,109.9427,0.0235
ga,10,La40,2,105.3191,0.0235
ga,10,La40,4,101.3093,0.0245
ga,10,La40,8,81.8331,0.0245
ga,10,La40,16,56.4648,0.0255
ga,10,La40,32,56.4648,0.0265
ga,10,La40,64,56.4648,0.0305
ga,10,La40,128,56.4648,0.0385
ga,10,La40,256,50.2455,0.0550
ga,10,La40,512,50.2455,0.0990
ga,10,La40,1024,50.2455,0.1876
ga,10,La40,2048,43.0442,0.3717
ga,10,La40,4096,33.4288,0.7219
ga,10,La40,8192,22.8314,1.4321
ga,10,La40,16384,15.7119,2.8883
ga,10,La40,32768,10.6383,5.7571
ga,10,La40,65536,9.2471,11.7560
ga,10,La40,131072,9.2471,23.3483
ga,10,La40,262144,9.2471,46.2273
ga,10,La40,524288,8.8380,92.5871
ga,10,La40,1048576,8.8380,186.9168
ga,10,La40,2097152,8.5925,376.9686
ga,10,La40,4194304,8.5925,766.3693
ga,10,La40,4914136,8.5925,900.0002
regla_bon,10,La40,1,13.2570,0.0070
regla_bon,10,La40,2,13.2570,0.0120
regla_bon,10,La40,4,13.2570,0.0250
regla_bon,10,La40,8,13.2570,0.0505
regla_bon,10,La40,16,13.2570,0.1021
regla_bon,10,La40,32,12.3568,0.2091
regla_bon,10,La40,64,12.3568,0.4198
regla_bon,10,La40,128,11.8249,0.8295
regla_bon,10,La40,256,10.8020,1.6244
regla_bon,10,La40,512,9.0835,3.2749
regla_bon,10,La40,1024,9.0835,6.5582
regla_bon,10,La40,2048,9.0835,13.3872
regla_bon,10,La40,4096,7.8560,26.5323
regla_bon,10,La40,8192,7.8560,52.7845
regla_bon,10,La40,16384,8.0196,105.8643
regla_bon,10,La40,32768,7.0376,214.4573
regla_bon,10,La40,65536,7.0376,431.5730
regla_bon,10,La40,131072,6.9967,877.6138
regla_bon,10,La40,134324,8.1015,900.0047
ga,10,ABZ7,1,103.2774,0.0395
ga,10,ABZ7,2,92.5305,0.0405
ga,10,ABZ7,4,82.4695,0.0405
ga,10,ABZ7,8,74.7713,0.0405
ga,10,ABZ7,16,74.7713,0.0425
ga,10,ABZ7,32,69.1311,0.0445
ga,10,ABZ7,64,69.1311,0.0495
ga,10,ABZ7,128,67.6829,0.0605
ga,10,ABZ7,256,67.6829,0.0826
ga,10,ABZ7,512,66.0061,0.1421
ga,10,ABZ7,1024,56.2500,0.2571
ga,10,ABZ7,2048,55.7165,0.4893
ga,10,ABZ7,4096,51.0671,0.9685
ga,10,ABZ7,8192,32.0122,1.9035
ga,10,ABZ7,16384,26.1433,3.8473
ga,10,ABZ7,32768,19.5884,7.6152
ga,10,ABZ7,65536,17.2256,15.4811
ga,10,ABZ7,131072,13.7957,30.6798
ga,10,ABZ7,262144,13.4146,60.7537
ga,10,ABZ7,524288,12.6524,122.4103
ga,10,ABZ7,1048576,12.6524,248.3160
ga,10,ABZ7,2097152,11.4329,500.4598
ga,10,ABZ7,3716150,11.4329,900.0007
ga_sembrado,10,La40,1,13.2570,0.0245
ga_sembrado,10,La40,2,13.2570,0.0245
ga_sembrado,10,La40,4,13.2570,0.0255
ga_sembrado,10,La40,8,13.2570,0.0255
ga_sembrado,10,La40,16,13.2570,0.0265
ga_sembrado,10,La40,32,13.2570,0.0285
ga_sembrado,10,La40,64,13.2570,0.0325
ga_sembrado,10,La40,128,13.2570,0.0405
ga_sembrado,10,La40,256,13.2570,0.0565
ga_sembrado,10,La40,512,13.2570,0.1011
ga_sembrado,10,La40,1024,13.2570,0.1921
ga_sembrado,10,La40,2048,13.2570,0.3677
ga_sembrado,10,La40,4096,12.0704,0.7200
ga_sembrado,10,La40,8192,11.0065,1.4327
ga_sembrado,10,La40,16384,9.9018,2.8958
ga_sembrado,10,La40,32768,9.9018,5.7716
ga_sembrado,10,La40,65536,8.5925,11.7127
ga_sembrado,10,La40,131072,8.5925,23.1797
ga_sembrado,10,La40,262144,7.4877,46.1073
ga_sembrado,10,La40,524288,7.4877,92.6716
ga_sembrado,10,La40,1048576,7.6923,187.4411
ga_sembrado,10,La40,2097152,7.6923,378.0546
ga_sembrado,10,La40,4194304,7.6923,769.3003
ga_sembrado,10,La40,4894572,7.6923,900.0007
regla_bon,10,ABZ7,1,19.6646,0.0110
regla_bon,10,ABZ7,2,18.0640,0.0200
regla_bon,10,ABZ7,4,16.3110,0.0430
regla_bon,10,ABZ7,8,16.3110,0.0845
regla_bon,10,ABZ7,16,12.9573,0.1726
regla_bon,10,ABZ7,32,12.9573,0.3362
regla_bon,10,ABZ7,64,12.9573,0.6799
regla_bon,10,ABZ7,128,12.9573,1.3697
regla_bon,10,ABZ7,256,12.9573,2.7818
regla_bon,10,ABZ7,512,12.9573,5.5615
regla_bon,10,ABZ7,1024,12.1189,11.3858
regla_bon,10,ABZ7,2048,12.1189,22.6136
regla_bon,10,ABZ7,4096,12.1189,45.0402
regla_bon,10,ABZ7,8192,8.5366,90.3943
regla_bon,10,ABZ7,16384,8.5366,182.3757
regla_bon,10,ABZ7,32768,8.5366,367.8963
regla_bon,10,ABZ7,65536,8.5366,746.6697
regla_bon,10,ABZ7,78743,8.5366,900.0107
ga_sembrado,10,ABZ7,1,19.6646,0.0350
ga_sembrado,10,ABZ7,2,19.6646,0.0360
ga_sembrado,10,ABZ7,4,19.6646,0.0360
ga_sembrado,10,ABZ7,8,19.6646,0.0360
ga_sembrado,10,ABZ7,16,19.6646,0.0370
ga_sembrado,10,ABZ7,32,19.6646,0.0390
ga_sembrado,10,ABZ7,64,19.6646,0.0440
ga_sembrado,10,ABZ7,128,19.6646,0.0540
ga_sembrado,10,ABZ7,256,19.6646,0.0725
ga_sembrado,10,ABZ7,512,19.6646,0.1306
ga_sembrado,10,ABZ7,1024,19.6646,0.2467
ga_sembrado,10,ABZ7,2048,19.6646,0.4838
ga_sembrado,10,ABZ7,4096,19.6646,0.9540
ga_sembrado,10,ABZ7,8192,13.4909,1.9146
ga_sembrado,10,ABZ7,16384,12.2713,3.8493
ga_sembrado,10,ABZ7,32768,11.6616,7.7142
ga_sembrado,10,ABZ7,65536,10.3659,15.4871
ga_sembrado,10,ABZ7,131072,10.2896,30.7163
ga_sembrado,10,ABZ7,262144,10.2896,61.0935
ga_sembrado,10,ABZ7,524288,10.2896,122.5739
ga_sembrado,10,ABZ7,1048576,10.2896,248.7316
ga_sembrado,10,ABZ7,2097152,10.2134,501.9057
ga_sembrado,10,ABZ7,3705782,9.6799,900.0007
ga,10,ABZ8,1,152.4031,0.0380
ga,10,ABZ8,2,116.4341,0.0380
ga,10,ABZ8,4,82.0930,0.0380
ga,10,ABZ8,8,82.0930,0.0390
ga,10,ABZ8,16,82.0930,0.0400
ga,10,ABZ8,32,82.0930,0.0430
ga,10,ABZ8,64,82.0930,0.0480
ga,10,ABZ8,128,74.9612,0.0580
ga,10,ABZ8,256,74.9612,0.0770
ga,10,ABZ8,512,69.0698,0.1351
ga,10,ABZ8,1024,60.3101,0.2631
ga,10,ABZ8,2048,60.3101,0.5009
ga,10,ABZ8,4096,50.0000,0.9712
ga,10,ABZ8,8192,41.8605,1.9173
ga,10,ABZ8,16384,29.1473,3.8635
ga,10,ABZ8,32768,20.6202,7.7389
ga,10,ABZ8,65536,16.1240,15.4815
ga,10,ABZ8,131072,14.1860,30.7015
ga,10,ABZ8,262144,11.9380,61.2324
ga,10,ABZ8,524288,11.9380,122.6564
ga,10,ABZ8,1048576,11.9380,252.3606
ga,10,ABZ8,2097152,11.9380,513.5388
ga,10,ABZ8,3660285,11.9380,900.0009
ga,10,ABZ9,1,115.1286,0.0360
ga,10,ABZ9,2,115.1286,0.0360
ga,10,ABZ9,4,96.3691,0.0370
ga,10,ABZ9,8,84.7201,0.0370
ga,10,ABZ9,16,84.7201,0.0390
ga,10,ABZ9,32,84.7201,0.0420
ga,10,ABZ9,64,86.0061,0.0460
ga,10,ABZ9,128,82.6778,0.0560
ga,10,ABZ9,256,75.4917,0.0780
ga,10,ABZ9,512,66.0363,0.1351
ga,10,ABZ9,1024,66.1120,0.2507
ga,10,ABZ9,2048,63.3888,0.4779
ga,10,ABZ9,4096,54.3873,0.9482
ga,10,ABZ9,8192,43.3434,1.8919
ga,10,ABZ9,16384,31.1649,3.8284
ga,10,ABZ9,32768,19.3646,7.6780
ga,10,ABZ9,65536,19.3646,15.3989
ga,10,ABZ9,131072,19.3646,30.7194
ga,10,ABZ9,262144,16.1876,61.2344
ga,10,ABZ9,524288,16.1876,122.5829
ga,10,ABZ9,1048576,16.1876,252.4993
ga,10,ABZ9,2097152,13.9939,514.6059
ga,10,ABZ9,3655978,13.9939,900.0003
regla_bon,10,ABZ8,1,24.7287,0.0130
regla_bon,10,ABZ8,2,24.7287,0.0250
regla_bon,10,ABZ8,4,24.7287,0.0510
regla_bon,10,ABZ8,8,24.7287,0.0946
regla_bon,10,ABZ8,16,23.5659,0.1811
regla_bon,10,ABZ8,32,23.5659,0.3538
regla_bon,10,ABZ8,64,23.5659,0.6990
regla_bon,10,ABZ8,128,22.4806,1.4044
regla_bon,10,ABZ8,256,20.8527,2.8474
regla_bon,10,ABZ8,512,20.2326,5.7370
regla_bon,10,ABZ8,1024,20.9302,11.4158
regla_bon,10,ABZ8,2048,19.0698,23.0079
regla_bon,10,ABZ8,4096,19.0698,45.5840
regla_bon,10,ABZ8,8192,18.6822,91.3621
regla_bon,10,ABZ8,16384,19.0698,185.0710
regla_bon,10,ABZ8,32768,17.9070,375.9604
regla_bon,10,ABZ8,65536,16.8992,768.0337
regla_bon,10,ABZ8,76722,16.8992,900.0063
ga_sembrado,10,ABZ8,1,24.7287,0.0390
ga_sembrado,10,ABZ8,2,24.7287,0.0390
ga_sembrado,10,ABZ8,4,24.7287,0.0400
ga_sembrado,10,ABZ8,8,24.7287,0.0400
ga_sembrado,10,ABZ8,16,24.7287,0.0420
ga_sembrado,10,ABZ8,32,24.7287,0.0440
ga_sembrado,10,ABZ8,64,24.7287,0.0500
ga_sembrado,10,ABZ8,128,24.7287,0.0600
ga_sembrado,10,ABZ8,256,24.7287,0.0806
ga_sembrado,10,ABZ8,512,24.7287,0.1401
ga_sembrado,10,ABZ8,1024,24.7287,0.2518
ga_sembrado,10,ABZ8,2048,24.7287,0.4774
ga_sembrado,10,ABZ8,4096,24.3411,0.9422
ga_sembrado,10,ABZ8,8192,22.3256,1.8894
ga_sembrado,10,ABZ8,16384,21.0078,3.8640
ga_sembrado,10,ABZ8,32768,20.7752,7.7500
ga_sembrado,10,ABZ8,65536,19.8450,15.4159
ga_sembrado,10,ABZ8,131072,19.8450,30.6159
ga_sembrado,10,ABZ8,262144,18.1395,61.1809
ga_sembrado,10,ABZ8,524288,16.4341,122.4924
ga_sembrado,10,ABZ8,1048576,16.2016,251.9939
ga_sembrado,10,ABZ8,2097152,15.8140,513.1176
ga_sembrado,10,ABZ8,3664458,15.8140,900.0003
regla_bon,10,ABZ9,1,33.3585,0.0110
regla_bon,10,ABZ9,2,31.3162,0.0225
regla_bon,10,ABZ9,4,27.6853,0.0436
regla_bon,10,ABZ9,8,27.6853,0.0882
regla_bon,10,ABZ9,16,27.0802,0.1747
regla_bon,10,ABZ9,32,23.1467,0.3434
regla_bon,10,ABZ9,64,23.1467,0.6851
regla_bon,10,ABZ9,128,23.1467,1.3691
regla_bon,10,ABZ9,256,23.1467,2.8290
regla_bon,10,ABZ9,512,23.1467,5.7000
regla_bon,10,ABZ9,1024,23.4493,11.3398
regla_bon,10,ABZ9,2048,23.4493,22.7778
regla_bon,10,ABZ9,4096,21.0287,45.2209
regla_bon,10,ABZ9,8192,21.0287,90.6763
regla_bon,10,ABZ9,16384,21.0287,183.4692
regla_bon,10,ABZ9,32768,21.7095,372.5823
regla_bon,10,ABZ9,65536,19.6672,761.3049
regla_bon,10,ABZ9,77375,19.6672,900.0013
ga_sembrado,10,ABZ9,1,33.3585,0.0346
ga_sembrado,10,ABZ9,2,33.3585,0.0346
ga_sembrado,10,ABZ9,4,33.3585,0.0356
ga_sembrado,10,ABZ9,8,33.3585,0.0356
ga_sembrado,10,ABZ9,16,33.3585,0.0366
ga_sembrado,10,ABZ9,32,33.3585,0.0396
ga_sembrado,10,ABZ9,64,33.3585,0.0447
ga_sembrado,10,ABZ9,128,33.3585,0.0537
ga_sembrado,10,ABZ9,256,33.3585,0.0742
ga_sembrado,10,ABZ9,512,33.3585,0.1347
ga_sembrado,10,ABZ9,1024,33.3585,0.2533
ga_sembrado,10,ABZ9,2048,33.3585,0.4920
ga_sembrado,10,ABZ9,4096,31.1649,0.9647
ga_sembrado,10,ABZ9,8192,27.7610,1.9186
ga_sembrado,10,ABZ9,16384,23.6006,3.8915
ga_sembrado,10,ABZ9,32768,21.1800,7.7890
ga_sembrado,10,ABZ9,65536,19.9697,15.4608
ga_sembrado,10,ABZ9,131072,19.9697,30.7149
ga_sembrado,10,ABZ9,262144,18.0030,61.2535
ga_sembrado,10,ABZ9,524288,16.6415,122.7295
ga_sembrado,10,ABZ9,1048576,14.5991,252.3882
ga_sembrado,10,ABZ9,2097152,14.5991,513.5853
ga_sembrado,10,ABZ9,3662174,14.5991,900.0004
ga,11,FT10,1,84.3011,0.0140
ga,11,FT10,2,83.4946,0.0140
ga,11,FT10,4,83.4946,0.0140
ga,11,FT10,8,75.1613,0.0140
ga,11,FT10,16,65.9677,0.0150
ga,11,FT10,32,56.1290,0.0150
ga,11,FT10,64,48.3871,0.0170
ga,11,FT10,128,48.3871,0.0200
ga,11,FT10,256,48.3871,0.0300
ga,11,FT10,512,43.7634,0.0535
ga,11,FT10,1024,41.5054,0.1030
ga,11,FT10,2048,28.3871,0.1906
ga,11,FT10,4096,23.7634,0.3781
ga,11,FT10,8192,8.7634,0.7473
ga,11,FT10,16384,4.6774,1.4815
ga,11,FT10,32768,2.7957,2.9927
ga,11,FT10,65536,2.7957,6.0214
ga,11,FT10,131072,2.7957,12.0824
ga,11,FT10,262144,2.7957,24.0789
ga,11,FT10,524288,2.7957,48.0565
ga,11,FT10,1048576,2.7957,95.8789
ga,11,FT10,2097152,2.7957,192.9183
ga,11,FT10,4194304,2.7957,396.2211
ga,11,FT10,8388608,2.7957,780.5405
ga,11,FT10,9687587,2.7957,900.0002
ga_sembrado,11,FT10,1,20.3763,0.0140
ga_sembrado,11,FT10,2,20.3763,0.0140
ga_sembrado,11,FT10,4,20.3763,0.0150
ga_sembrado,11,FT10,8,20.3763,0.0150
ga_sembrado,11,FT10,16,20.3763,0.0150
ga_sembrado,11,FT10,32,20.3763,0.0160
ga_sembrado,11,FT10,64,20.3763,0.0190
ga_sembrado,11,FT10,128,20.3763,0.0240
ga_sembrado,11,FT10,256,20.3763,0.0315
ga_sembrado,11,FT10,512,20.3763,0.0571
ga_sembrado,11,FT10,1024,20.3763,0.1081
ga_sembrado,11,FT10,2048,20.3763,0.2001
ga_sembrado,11,FT10,4096,12.5269,0.3888
ga_sembrado,11,FT10,8192,7.6344,0.7495
ga_sembrado,11,FT10,16384,5.5914,1.4801
ga_sembrado,11,FT10,32768,5.5914,2.9912
ga_sembrado,11,FT10,65536,5.5914,6.0394
ga_sembrado,11,FT10,131072,5.5914,12.1004
ga_sembrado,11,FT10,262144,5.5914,24.0751
ga_sembrado,11,FT10,524288,5.5914,48.0620
ga_sembrado,11,FT10,1048576,5.5914,96.1365
ga_sembrado,11,FT10,2097152,5.5914,194.0279
ga_sembrado,11,FT10,4194304,5.1613,397.4623
ga_sembrado,11,FT10,8388608,4.1398,783.0591
ga_sembrado,11,FT10,9651780,4.1398,900.0007
regla_bon,11,FT10,1,20.3763,0.0030
regla_bon,11,FT10,2,20.3763,0.0050
regla_bon,11,FT10,4,6.5054,0.0080
regla_bon,11,FT10,8,6.5054,0.0160
regla_bon,11,FT10,16,6.5054,0.0325
regla_bon,11,FT10,32,6.5054,0.0701
regla_bon,11,FT10,64,6.5054,0.1416
regla_bon,11,FT10,128,6.5054,0.2897
regla_bon,11,FT10,256,6.5054,0.5778
regla_bon,11,FT10,512,6.5054,1.1699
regla_bon,11,FT10,1024,6.5054,2.3639
regla_bon,11,FT10,2048,5.4301,4.8057
regla_bon,11,FT10,4096,5.4301,9.6761
regla_bon,11,FT10,8192,5.6452,19.1584
regla_bon,11,FT10,16384,5.8602,37.9260
regla_bon,11,FT10,32768,4.4624,76.1137
regla_bon,11,FT10,65536,3.8710,151.7614
regla_bon,11,FT10,131072,3.8710,313.5473
regla_bon,11,FT10,262144,3.8710,625.8624
regla_bon,11,FT10,382657,3.7097,900.0017
ga,11,FT20,1,77.5536,0.0140
ga,11,FT20,2,63.0043,0.0150
ga,11,FT20,4,63.0043,0.0150
ga,11,FT20,8,63.0043,0.0150
ga,11,FT20,16,58.8841,0.0150
ga,11,FT20,32,59.1416,0.0160
ga,11,FT20,64,49.0987,0.0180
ga,11,FT20,128,49.0987,0.0210
ga,11,FT20,256,46.6094,0.0285
ga,11,FT20,512,46.6094,0.0531
ga,11,FT20,1024,38.0258,0.1041
ga,11,FT20,2048,30.7296,0.1901
ga,11,FT20,4096,26.9957,0.3728
ga,11,FT20,8192,16.2232,0.7395
ga,11,FT20,16384,9.1845,1.5121
ga,11,FT20,32768,6.9528,3.0548
ga,11,FT20,65536,6.9528,6.0920
ga,11,FT20,131072,6.9528,12.2137
ga,11,FT20,262144,6.9528,24.3462
ga,11,FT20,524288,6.9528,48.6153
ga,11,FT20,1048576,1.8884,97.0106
ga,11,FT20,2097152,1.6309,195.9086
ga,11,FT20,4194304,1.6309,400.6149
ga,11,FT20,8388608,1.6309,788.8947
ga,11,FT20,9577855,1.6309,900.0007
ga_sembrado,11,FT20,1,13.2189,0.0130
ga_sembrado,11,FT20,2,13.2189,0.0136
ga_sembrado,11,FT20,4,13.2189,0.0136
ga_sembrado,11,FT20,8,13.2189,0.0136
ga_sembrado,11,FT20,16,13.2189,0.0136
ga_sembrado,11,FT20,32,13.2189,0.0166
ga_sembrado,11,FT20,64,13.2189,0.0186
ga_sembrado,11,FT20,128,13.2189,0.0226
ga_sembrado,11,FT20,256,13.2189,0.0306
ga_sembrado,11,FT20,512,13.2189,0.0536
ga_sembrado,11,FT20,1024,13.2189,0.0986
ga_sembrado,11,FT20,2048,13.2189,0.1906
ga_sembrado,11,FT20,4096,13.2189,0.3737
ga_sembrado,11,FT20,8192,12.8755,0.7385
ga_sembrado,11,FT20,16384,11.8026,1.4975
ga_sembrado,11,FT20,32768,11.4163,3.0227
ga_sembrado,11,FT20,65536,8.9270,6.1090
ga_sembrado,11,FT20,131072,4.5494,12.2401
ga_sembrado,11,FT20,262144,3.1760,24.5252
ga_sembrado,11,FT20,524288,1.7597,48.8198
ga_sembrado,11,FT20,1048576,1.7597,97.4401
ga_sembrado,11,FT20,2097152,1.7597,196.9973
ga_sembrado,11,FT20,4194304,1.7597,402.6910
ga_sembrado,11,FT20,8388608,1.7597,792.3035
ga_sembrado,11,FT20,9531985,1.7597,900.0006
regla_bon,11,FT20,1,13.2189,0.0030
regla_bon,11,FT20,2,13.2189,0.0055
regla_bon,11,FT20,4,13.2189,0.0146
regla_bon,11,FT20,8,11.8455,0.0306
regla_bon,11,FT20,16,11.8455,0.0566
regla_bon,11,FT20,32,11.8455,0.1081
regla_bon,11,FT20,64,11.5021,0.2166
regla_bon,11,FT20,128,11.5021,0.4313
regla_bon,11,FT20,256,11.2876,0.8607
regla_bon,11,FT20,512,8.4979,1.7296
regla_bon,11,FT20,1024,7.8970,3.4618
regla_bon,11,FT20,2048,7.1674,7.1059
regla_bon,11,FT20,4096,7.1674,14.0776
regla_bon,11,FT20,8192,7.1674,28.1509
regla_bon,11,FT20,16384,5.4936,55.6436
regla_bon,11,FT20,32768,5.4936,111.3042
regla_bon,11,FT20,65536,5.4936,228.6650
regla_bon,11,FT20,131072,3.9914,460.2666
regla_bon,11,FT20,259986,3.9914,900.0026
ga,11,La21,1,69.5985,0.0190
ga,11,La21,2,69.5985,0.0190
ga,11,La21,4,69.5985,0.0190
ga,11,La21,8,69.5985,0.0200
ga,11,La21,16,63.4799,0.0200
ga,11,La21,32,59.3690,0.0220
ga,11,La21,64,55.6405,0.0240
ga,11,La21,128,55.6405,0.0290
ga,11,La21,256,55.6405,0.0390
ga,11,La21,512,46.0803,0.0705
ga,11,La21,1024,42.6386,0.1340
ga,11,La21,2048,35.5641,0.2606
ga,11,La21,4096,31.5010,0.5166
ga,11,La21,8192,22.8967,1.0224
ga,11,La21,16384,13.0975,2.0494
ga,11,La21,32768,6.3576,4.0731
ga,11,La21,65536,6.2620,8.9469
ga,11,La21,131072,6.2620,20.0625
ga,11,La21,262144,5.7839,42.3142
ga,11,La21,524288,5.3059,93.6531
ga,11,La21,1048576,4.8279,173.1364
ga,11,La21,2097152,4.1109,322.0764
ga,11,La21,4194304,4.1109,616.2574
ga,11,La21,6227650,4.1109,900.0007
ga_sembrado,11,La21,1,15.0096,0.0185
ga_sembrado,11,La21,2,15.0096,0.0185
ga_sembrado,11,La21,4,15.0096,0.0185
ga_sembrado,11,La21,8,15.0096,0.0195
ga_sembrado,11,La21,16,15.0096,0.0195
ga_sembrado,11,La21,32,15.0096,0.0210
ga_sembrado,11,La21,64,15.0096,0.0230
ga_sembrado,11,La21,128,15.0096,0.0290
ga_sembrado,11,La21,256,15.0096,0.0390
ga_sembrado,11,La21,512,15.0096,0.0671
ga_sembrado,11,La21,1024,15.0096,0.1311
ga_sembrado,11,La21,2048,15.0096,0.2576
ga_sembrado,11,La21,4096,14.1013,0.4935
ga_sembrado,11,La21,8192,13.3365,0.9941
ga_sembrado,11,La21,16384,12.3805,1.9999
ga_sembrado,11,La21,32768,11.7591,4.0076
ga_sembrado,11,La21,65536,9.8470,8.8649
ga_sembrado,11,La21,131072,9.2734,20.3320
ga_sembrado,11,La21,262144,6.9312,42.3078
ga_sembrado,11,La21,524288,4.9713,93.5617
ga_sembrado,11,La21,1048576,4.9713,173.1320
ga_sembrado,11,La21,2097152,4.9713,321.8473
ga_sembrado,11,La21,4194304,4.9713,615.1301
ga_sembrado,11,La21,6237425,4.9713,900.0008
ga,11,La24,1,107.0588,0.0185
ga,11,La24,2,90.4278,0.0185
ga,11,La24,4,90.4278,0.0185
ga,11,La24,8,51.5508,0.0185
ga,11,La24,16,51.5508,0.0195
ga,11,La24,32,51.5508,0.0210
ga,11,La24,64,51.5508,0.0230
ga,11,La24,128,51.5508,0.0290
ga,11,La24,256,51.5508,0.0390
ga,11,La24,512,51.5508,0.0681
ga,11,La24,1024,48.5561,0.1331
ga,11,La24,2048,45.2406,0.2606
ga,11,La24,4096,32.9947,0.5065
ga,11,La24,8192,21.8717,0.9951
ga,11,La24,16384,16.5775,2.0109
ga,11,La24,32768,9.5187,4.0606
ga,11,La24,65536,9.5187,8.9209
ga,11,La24,131072,9.5187,20.2270
ga,11,La24,262144,9.5187,42.1227
ga,11,La24,524288,7.5401,93.4687
ga,11,La24,1048576,7.5401,173.7077
ga,11,La24,2097152,7.5401,322.3460
ga,11,La24,4194304,7.5401,615.0599
ga,11,La24,6238710,5.2406,900.0008
regla_bon,11,La21,1,15.0096,0.0050
regla_bon,11,La21,2,15.0096,0.0100
regla_bon,11,La21,4,10.2772,0.0185
regla_bon,11,La21,8,10.2772,0.0370
regla_bon,11,La21,16,10.2772,0.0701
regla_bon,11,La21,32,10.2772,0.1371
regla_bon,11,La21,64,10.2772,0.2696
regla_bon,11,La21,128,12.6673,0.5367
regla_bon,11,La21,256,12.6673,1.0831
regla_bon,11,La21,512,9.5602,2.1985
regla_bon,11,La21,1024,9.7036,4.3827
regla_bon,11,La21,2048,10.6119,10.0015
regla_bon,11,La21,4096,10.6119,22.3637
regla_bon,11,La21,8192,9.3690,45.9037
regla_bon,11,La21,16384,9.3690,100.2926
regla_bon,11,La21,32768,8.0306,186.9797
regla_bon,11,La21,65536,7.5048,347.0432
regla_bon,11,La21,131072,7.5048,664.4849
regla_bon,11,La21,179566,7.5048,900.0038
ga_sembrado,11,La24,1,10.1070,0.0165
ga_sembrado,11,La24,2,10.1070,0.0165
ga_sembrado,11,La24,4,10.1070,0.0175
ga_sembrado,11,La24,8,10.1070,0.0175
ga_sembrado,11,La24,16,10.1070,0.0175
ga_sembrado,11,La24,32,10.1070,0.0195
ga_sembrado,11,La24,64,10.1070,0.0225
ga_sembrado,11,La24,128,10.1070,0.0285
ga_sembrado,11,La24,256,10.1070,0.0395
ga_sembrado,11,La24,512,10.1070,0.0695
ga_sembrado,11,La24,1024,10.1070,0.1345
ga_sembrado,11,La24,2048,10.1070,0.2552
ga_sembrado,11,La24,4096,9.9465,0.5032
ga_sembrado,11,La24,8192,9.8396,1.0016
ga_sembrado,11,La24,16384,9.3048,2.0224
ga_sembrado,11,La24,32768,7.6471,4.0316
ga_sembrado,11,La24,65536,6.9519,9.1807
ga_sembrado,11,La24,131072,5.8289,20.7253
ga_sembrado,11,La24,262144,5.8289,42.3904
ga_sembrado,11,La24,524288,5.8289,93.0995
ga_sembrado,11,La24,1048576,5.6150,173.1200
ga_sembrado,11,La24,2097152,4.2246,321.5382
ga_sembrado,11,La24,4194304,4.2246,614.4986
ga_sembrado,11,La24,6244574,4.2246,900.0010
regla_bon,11,La24,1,10.1070,0.0050
regla_bon,11,La24,2,10.1070,0.0080
regla_bon,11,La24,4,10.1070,0.0155
regla_bon,11,La24,8,10.1070,0.0325
regla_bon,11,La24,16,10.1070,0.0655
regla_bon,11,La24,32,8.2888,0.1325
regla_bon,11,La24,64,9.3583,0.2663
regla_bon,11,La24,128,9.3583,0.5393
regla_bon,11,La24,256,9.3583,1.0726
regla_bon,11,La24,512,9.3583,2.2270
regla_bon,11,La24,1024,9.3583,4.4668
regla_bon,11,La24,2048,9.3583,9.9937
regla_bon,11,La24,4096,7.0588,22.7984
regla_bon,11,La24,8192,6.9519,46.2673
regla_bon,11,La24,16384,5.5080,101.7763
regla_bon,11,La24,32768,5.5080,189.2138
regla_bon,11,La24,65536,5.5080,351.1640
regla_bon,11,La24,131072,5.5080,669.7838
regla_bon,11,La24,178042,4.4920,900.0010
ga,11,La25,1,103.7871,0.0170
ga,11,La25,2,87.9222,0.0170
ga,11,La25,4,72.8762,0.0170
ga,11,La25,8,72.8762,0.0180
ga,11,La25,16,65.8649,0.0180
ga,11,La25,32,62.6407,0.0200
ga,11,La25,64,64.1760,0.0220
ga,11,La25,128,64.1760,0.0270
ga,11,La25,256,46.3664,0.0380
ga,11,La25,512,46.3664,0.0700
ga,11,La25,1024,41.1464,0.1371
ga,11,La25,2048,37.6663,0.2882
ga,11,La25,4096,20.6244,0.5824
ga,11,La25,8192,18.0143,1.1544
ga,11,La25,16384,7.6766,2.3831
ga,11,La25,32768,6.5507,4.9591
ga,11,La25,65536,6.5507,9.6306
ga,11,La25,131072,5.1689,18.8370
ga,11,La25,262144,5.1689,36.8751
ga,11,La25,524288,3.4800,72.8630
ga,11,La25,1048576,2.4053,145.2103
ga,11,La25,2097152,1.3818,291.7694
ga,11,La25,4194304,1.3818,581.0567
ga,11,La25,6498033,1.3818,900.0003
ga,11,La27,1,60.6073,0.0300
ga,11,La27,2,60.6073,0.0300
ga,11,La27,4,60.6073,0.0300
ga,11,La27,8,60.6073,0.0310
ga,11,La27,16,60.6073,0.0310
ga,11,La27,32,60.6073,0.0330
ga,11,La27,64,60.6073,0.0360
ga,11,La27,128,60.6073,0.0441
ga,11,La27,256,56.5182,0.0611
ga,11,La27,512,53.3198,0.1131
ga,11,La27,1024,44.9393,0.2172
ga,11,La27,2048,40.5263,0.4159
ga,11,La27,4096,33.3603,0.7662
ga,11,La27,8192,29.3117,1.5276
ga,11,La27,16384,16.0324,3.4365
ga,11,La27,32768,8.9069,6.2105
ga,11,La27,65536,7.2065,12.0532
ga,11,La27,131072,7.2065,23.7180
ga,11,La27,262144,7.2065,46.8327
ga,11,La27,524288,7.1255,93.0741
ga,11,La27,1048576,7.1255,186.9087
ga,11,La27,2097152,7.1255,374.5021
ga,11,La27,4194304,7.1255,749.5636
ga,11,La27,5041856,7.1255,900.0003
regla_bon,11,La25,1,11.8219,0.0060
regla_bon,11,La25,2,11.8219,0.0110
regla_bon,11,La25,4,11.8219,0.0240
regla_bon,11,La25,8,11.7707,0.0451
regla_bon,11,La25,16,11.7707,0.0841
regla_bon,11,La25,32,10.7472,0.1641
regla_bon,11,La25,64,9.3142,0.3243
regla_bon,11,La25,128,9.3142,0.6241
regla_bon,11,La25,256,8.6489,1.2424
regla_bon,11,La25,512,8.0348,2.8513
regla_bon,11,La25,1024,8.5977,5.4335
regla_bon,11,La25,2048,7.1136,10.4271
regla_bon,11,La25,4096,7.1136,20.2255
regla_bon,11,La25,8192,7.1136,39.5947
regla_bon,11,La25,16384,6.3460,78.4613
regla_bon,11,La25,32768,6.0389,156.6655
regla_bon,11,La25,65536,4.5036,314.2582
regla_bon,11,La25,131072,4.5036,629.6958
regla_bon,11,La25,187954,4.5036,900.0033
ga_sembrado,11,La25,1,11.8219,0.0230
ga_sembrado,11,La25,2,11.8219,0.0240
ga_sembrado,11,La25,4,11.8219,0.0240
ga_sembrado,11,La25,8,11.8219,0.0240
ga_sembrado,11,La25,16,11.8219,0.0250
ga_sembrado,11,La25,32,11.8219,0.0260
ga_sembrado,11,La25,64,11.8219,0.0290
ga_sembrado,11,La25,128,11.8219,0.0340
ga_sembrado,11,La25,256,11.8219,0.0471
ga_sembrado,11,La25,512,11.8219,0.0901
ga_sembrado,11,La25,1024,11.8219,0.1702
ga_sembrado,11,La25,2048,11.8219,0.3213
ga_sembrado,11,La25,4096,12.2313,0.5931
ga_sembrado,11,La25,8192,10.1842,1.1734
ga_sembrado,11,La25,16384,10.1842,2.4451
ga_sembrado,11,La25,32768,9.9795,5.0861
ga_sembrado,11,La25,65536,6.2436,9.8067
ga_sembrado,11,La25,131072,5.3224,19.0129
ga_sembrado,11,La25,262144,5.3224,37.0056
ga_sembrado,11,La25,524288,5.3224,72.7298
ga_sembrado,11,La25,1048576,5.3224,145.3848
ga_sembrado,11,La25,2097152,5.3224,291.8660
ga_sembrado,11,La25,4194304,5.3224,581.5074
ga_sembrado,11,La25,6492648,5.3224,900.0003
ga_sembrado,11,La27,1,24.9798,0.0300
ga_sembrado,11,La27,2,24.9798,0.0300
ga_sembrado,11,La27,4,24.9798,0.0310
ga_sembrado,11,La27,8,24.9798,0.0310
ga_sembrado,11,La27,16,24.9798,0.0320
ga_sembrado,11,La27,32,24.9798,0.0340
ga_sembrado,11,La27,64,24.9798,0.0370
ga_sembrado,11,La27,128,24.9798,0.0450
ga_sembrado,11,La27,256,24.9798,0.0625
ga_sembrado,11,La27,512,24.9798,0.1141
ga_sembrado,11,La27,1024,24.9798,0.2017
ga_sembrado,11,La27,2048,24.9798,0.3819
ga_sembrado,11,La27,4096,23.9271,0.7535
ga_sembrado,11,La27,8192,21.3360,1.5301
ga_sembrado,11,La27,16384,15.9109,3.4442
ga_sembrado,11,La27,32768,14.1296,6.2750
ga_sembrado,11,La27,65536,14.0891,12.3853
ga_sembrado,11,La27,131072,10.1619,23.7755
ga_sembrado,11,La27,262144,9.2308,46.7746
ga_sembrado,11,La27,524288,9.2308,92.8989
ga_sembrado,11,La27,1048576,5.9109,187.0203
ga_sembrado,11,La27,2097152,5.9109,375.2126
ga_sembrado,11,La27,4194304,5.9109,750.5706
ga_sembrado,11,La27,5035376,5.0202,900.0009
regla_bon,11,La27,1,24.9798,0.0090
regla_bon,11,La27,2,23.2794,0.0190
regla_bon,11,La27,4,17.8138,0.0370
regla_bon,11,La27,8,17.8138,0.0695
regla_bon,11,La27,16,17.2065,0.1360
regla_bon,11,La27,32,14.5749,0.2607
regla_bon,11,La27,64,14.5749,0.5159
regla_bon,11,La27,128,12.9555,1.0391
regla_bon,11,La27,256,13.1984,2.1509
regla_bon,11,La27,512,11.5385,4.5068
regla_bon,11,La27,1024,11.5385,8.6138
regla_bon,11,La27,2048,11.2551,16.8978
regla_bon,11,La27,4096,10.0810,32.8458
regla_bon,11,La27,8192,9.5951,65.5405
regla_bon,11,La27,16384,9.7166,131.2749
regla_bon,11,La27,32768,9.7166,262.5758
regla_bon,11,La27,65536,8.0162,524.4666
regla_bon,11,La27,112254,7.7733,900.0079
ga,11,La29,1,96.7882,0.0270
ga,11,La29,2,96.7882,0.0270
ga,11,La29,4,96.7882,0.0270
ga,11,La29,8,79.6441,0.0280
ga,11,La29,16,79.6441,0.0290
ga,11,La29,32,79.6441,0.0310
ga,11,La29,64,69.1840,0.0340
ga,11,La29,128,60.7205,0.0410
ga,11,La29,256,53.4288,0.0555
ga,11,La29,512,53.4288,0.1030
ga,11,La29,1024,53.4288,0.1941
ga,11,La29,2048,50.6076,0.3783
ga,11,La29,4096,42.9688,0.7560
ga,11,La29,8192,32.4219,1.4923
ga,11,La29,16384,20.9201,3.3558
ga,11,La29,32768,14.6267,6.3584
ga,11,La29,65536,11.0677,12.5758
ga,11,La29,131072,10.7205,24.7380
ga,11,La29,262144,10.7205,47.6151
ga,11,La29,524288,10.7205,93.5597
ga,11,La29,1048576,10.6771,183.6662
ga,11,La29,2097152,9.5920,343.3941
ga,11,La29,4194304,9.5920,656.8883
ga,11,La29,5847692,9.5920,900.0009
ga,11,La38,1,98.3278,0.0275
ga,11,La38,2,73.9967,0.0275
ga,11,La38,4,73.9967,0.0285
ga,11,La38,8,73.9967,0.0285
ga,11,La38,16,73.9967,0.0295
ga,11,La38,32,56.7726,0.0315
ga,11,La38,64,56.7726,0.0355
ga,11,La38,128,56.7726,0.0435
ga,11,La38,256,56.7726,0.0615
ga,11,La38,512,56.7726,0.1167
ga,11,La38,1024,50.7943,0.2253
ga,11,La38,2048,48.5786,0.4389
ga,11,La38,4096,36.7893,0.8410
ga,11,La38,8192,30.8528,1.7012
ga,11,La38,16384,19.9415,3.5824
ga,11,La38,32768,13.0435,6.9880
ga,11,La38,65536,10.2007,13.6830
ga,11,La38,131072,10.4097,27.3848
ga,11,La38,262144,10.2007,52.6901
ga,11,La38,524288,10.2007,103.5537
ga,11,La38,1048576,10.2007,200.5930
ga,11,La38,2097152,8.9047,378.5669
ga,11,La38,4194304,8.4448,724.4244
ga,11,La38,5264940,8.4448,900.0008
ga_sembrado,11,La29,1,13.4115,0.0210
ga_sembrado,11,La29,2,13.4115,0.0210
ga_sembrado,11,La29,4,13.4115,0.0210
ga_sembrado,11,La29,8,13.4115,0.0220
ga_sembrado,11,La29,16,13.4115,0.0220
ga_sembrado,11,La29,32,13.4115,0.0240
ga_sembrado,11,La29,64,13.4115,0.0270
ga_sembrado,11,La29,128,13.4115,0.0330
ga_sembrado,11,La29,256,13.4115,0.0470
ga_sembrado,11,La29,512,13.4115,0.0930
ga_sembrado,11,La29,1024,13.4115,0.1927
ga_sembrado,11,La29,2048,13.4115,0.3883
ga_sembrado,11,La29,4096,13.0208,0.7550
ga_sembrado,11,La29,8192,11.7188,1.5087
ga_sembrado,11,La29,16384,10.3299,3.2532
ga_sembrado,11,La29,32768,10.1562,6.2413
ga_sembrado,11,La29,65536,10.0260,12.3797
ga_sembrado,11,La29,131072,8.9844,24.4968
ga_sembrado,11,La29,262144,7.3351,47.2569
ga_sembrado,11,La29,524288,7.4653,93.0412
ga_sembrado,11,La29,1048576,7.4653,182.9719
ga_sembrado,11,La29,2097152,7.4653,342.9629
ga_sembrado,11,La29,4194304,7.4653,655.3399
ga_sembrado,11,La29,5860596,7.4653,900.0003
regla_bon,11,La29,1,13.4115,0.0065
regla_bon,11,La29,2,13.4115,0.0156
regla_bon,11,La29,4,13.4115,0.0285
regla_bon,11,La29,8,13.4115,0.0615
regla_bon,11,La29,16,13.4115,0.1327
regla_bon,11,La29,32,13.4115,0.2748
regla_bon,11,La29,64,13.4115,0.5314
regla_bon,11,La29,128,13.4115,1.0461
regla_bon,11,La29,256,11.3715,2.3569
regla_bon,11,La29,512,11.3715,4.4328
regla_bon,11,La29,1024,11.3715,9.2117
regla_bon,11,La29,2048,11.3715,17.7426
regla_bon,11,La29,4096,11.3715,33.9908
regla_bon,11,La29,8192,11.3715,66.2143
regla_bon,11,La29,16384,10.5903,131.0320
regla_bon,11,La29,32768,11.5885,248.8445
regla_bon,11,La29,65536,9.8958,474.2445
regla_bon,11,La29,128841,10.3299,900.0068
regla_bon,11,La38,1,14.9666,0.0080
regla_bon,11,La38,2,14.9666,0.0160
regla_bon,11,La38,4,14.9666,0.0330
regla_bon,11,La38,8,14.9666,0.0626
regla_bon,11,La38,16,14.9666,0.1226
regla_bon,11,La38,32,11.1622,0.2446
regla_bon,11,La38,64,12.1237,0.4767
regla_bon,11,La38,128,13.3361,0.9319
regla_bon,11,La38,256,13.3361,2.1576
regla_bon,11,La38,512,10.3679,4.0775
regla_bon,11,La38,1024,9.6154,8.3526
regla_bon,11,La38,2048,9.6154,15.9505
regla_bon,11,La38,4096,7.4833,30.9542
regla_bon,11,La38,8192,7.4833,60.1188
regla_bon,11,La38,16384,7.4833,118.3308
regla_bon,11,La38,32768,7.4833,227.1624
regla_bon,11,La38,65536,7.3997,431.0579
regla_bon,11,La38,131072,7.3997,829.8232
regla_bon,11,La38,142663,7.3997,900.0016
ga_sembrado,11,La38,1,14.9666,0.0320
ga_sembrado,11,La38,2,14.9666,0.0320
ga_sembrado,11,La38,4,14.9666,0.0330
ga_sembrado,11,La38,8,14.9666,0.0330
ga_sembrado,11,La38,16,14.9666,0.0340
ga_sembrado,11,La38,32,14.9666,0.0360
ga_sembrado,11,La38,64,14.9666,0.0390
ga_sembrado,11,La38,128,14.9666,0.0490
ga_sembrado,11,La38,256,14.9666,0.0665
ga_sembrado,11,La38,512,14.9666,0.1205
ga_sembrado,11,La38,1024,14.9666,0.2326
ga_sembrado,11,La38,2048,14.9666,0.4337
ga_sembrado,11,La38,4096,14.1304,0.8488
ga_sembrado,11,La38,8192,11.1204,1.8455
ga_sembrado,11,La38,16384,10.3679,3.6543
ga_sembrado,11,La38,32768,10.0753,7.1184
ga_sembrado,11,La38,65536,5.0585,13.8835
ga_sembrado,11,La38,131072,5.0585,27.6865
ga_sembrado,11,La38,262144,4.5151,53.0348
ga_sembrado,11,La38,524288,4.5151,104.1003
ga_sembrado,11,La38,1048576,4.5151,201.4809
ga_sembrado,11,La38,2097152,4.9331,380.4937
ga_sembrado,11,La38,4194304,4.9331,727.3824
ga_sembrado,11,La38,5245664,4.9331,900.0006
ga,11,La40,1,95.9083,0.0270
ga,11,La40,2,95.9083,0.0270
ga,11,La40,4,88.5025,0.0280
ga,11,La40,8,68.5761,0.0280
ga,11,La40,16,68.5761,0.0290
ga,11,La40,32,68.5761,0.0310
ga,11,La40,64,68.5761,0.0340
ga,11,La40,128,51.8003,0.0400
ga,11,La40,256,51.8003,0.0520
ga,11,La40,512,51.8003,0.0860
ga,11,La40,1024,51.8003,0.1635
ga,11,La40,2048,41.8576,0.3171
ga,11,La40,4096,34.9018,0.6577
ga,11,La40,8192,28.6416,1.3600
ga,11,La40,16384,14.5254,2.7277
ga,11,La40,32768,8.9198,5.4508
ga,11,La40,65536,7.9787,10.8816
ga,11,La40,131072,6.9967,21.6548
ga,11,La40,262144,6.9967,43.6025
ga,11,La40,524288,6.9967,86.7808
ga,11,La40,1048576,6.7103,173.8981
ga,11,La40,2097152,6.4648,345.1750
ga,11,La40,4194304,6.4648,687.8866
ga,11,La40,5475947,4.8282,900.0005
ga_sembrado,11,La40,1,13.2570,0.0200
ga_sembrado,11,La40,2,13.2570,0.0200
ga_sembrado,11,La40,4,13.2570,0.0200
ga_sembrado,11,La40,8,13.2570,0.0200
ga_sembrado,11,La40,16,13.2570,0.0210
ga_sembrado,11,La40,32,13.2570,0.0230
ga_sembrado,11,La40,64,13.2570,0.0260
ga_sembrado,11,La40,128,13.2570,0.0310
ga_sembrado,11,La40,256,13.2570,0.0430
ga_sembrado,11,La40,512,13.2570,0.0880
ga_sembrado,11,La40,1024,13.2570,0.1810
ga_sembrado,11,La40,2048,13.2570,0.3521
ga_sembrado,11,La40,4096,12.8069,0.6903
ga_sembrado,11,La40,8192,11.4157,1.3752
ga_sembrado,11,La40,16384,10.4746,2.7407
ga_sembrado,11,La40,32768,9.9018,5.3928
ga_sembrado,11,La40,65536,8.4288,10.7452
ga_sembrado,11,La40,131072,8.4288,21.6474
ga_sembrado,11,La40,262144,8.4288,43.3280
ga_sembrado,11,La40,524288,7.3241,86.3671
ga_sembrado,11,La40,1048576,6.0966,173.9487
ga_sembrado,11,La40,2097152,5.9329,346.2834
ga_sembrado,11,La40,4194304,5.9329,690.4403
ga_sembrado,11,La40,5472429,5.9329,900.0000
ga,11,ABZ7,1,93.2927,0.0310
ga,11,ABZ7,2,93.2927,0.0310
ga,11,ABZ7,4,93.2927,0.0310
ga,11,ABZ7,8,74.5427,0.0320
ga,11,ABZ7,16,74.5427,0.0330
ga,11,ABZ7,32,74.5427,0.0360
ga,11,ABZ7,64,74.5427,0.0410
ga,11,ABZ7,128,74.5427,0.0520
ga,11,ABZ7,256,70.6555,0.0721
ga,11,ABZ7,512,69.8171,0.1260
ga,11,ABZ7,1024,59.9848,0.2311
ga,11,ABZ7,2048,55.1067,0.4402
ga,11,ABZ7,4096,45.8841,0.8568
ga,11,ABZ7,8192,32.7744,1.7383
ga,11,ABZ7,16384,25.6860,3.5196
ga,11,ABZ7,32768,15.3201,7.0827
ga,11,ABZ7,65536,10.5183,14.2004
ga,11,ABZ7,131072,8.3841,28.5851
ga,11,ABZ7,262144,8.8415,57.0684
ga,11,ABZ7,524288,9.7561,113.2689
ga,11,ABZ7,1048576,9.7561,227.3940
ga,11,ABZ7,2097152,8.3841,453.2360
ga,11,ABZ7,4164636,7.7744,900.0001
regla_bon,11,La40,1,13.2570,0.0070
regla_bon,11,La40,2,13.2570,0.0130
regla_bon,11,La40,4,13.2570,0.0260
regla_bon,11,La40,8,13.2570,0.0530
regla_bon,11,La40,16,13.2570,0.1050
regla_bon,11,La40,32,13.2570,0.1971
regla_bon,11,La40,64,13.2570,0.3882
regla_bon,11,La40,128,12.1113,0.7663
regla_bon,11,La40,256,10.6383,1.5418
regla_bon,11,La40,512,10.6383,3.1034
regla_bon,11,La40,1024,10.6383,6.1354
regla_bon,11,La40,2048,10.1473,12.3331
regla_bon,11,La40,4096,8.5106,24.8020
regla_bon,11,La40,8192,8.8380,49.6654
regla_bon,11,La40,16384,8.8380,99.2413
regla_bon,11,La40,32768,8.8380,200.1172
regla_bon,11,La40,65536,7.4059,398.3682
regla_bon,11,La40,131072,7.4059,793.9029
regla_bon,11,La40,148415,7.4059,900.0040
ga_sembrado,11,ABZ7,1,19.6646,0.0350
ga_sembrado,11,ABZ7,2,19.6646,0.0350
ga_sembrado,11,ABZ7,4,19.6646,0.0360
ga_sembrado,11,ABZ7,8,19.6646,0.0360
ga_sembrado,11,ABZ7,16,19.6646,0.0380
ga_sembrado,11,ABZ7,32,19.6646,0.0400
ga_sembrado,11,ABZ7,64,19.6646,0.0460
ga_sembrado,11,ABZ7,128,19.6646,0.0551
ga_sembrado,11,ABZ7,256,19.6646,0.0761
ga_sembrado,11,ABZ7,512,19.6646,0.1331
ga_sembrado,11,ABZ7,1024,19.6646,0.2506
ga_sembrado,11,ABZ7,2048,19.6646,0.4842
ga_sembrado,11,ABZ7,4096,18.3689,0.9064
ga_sembrado,11,ABZ7,8192,16.2348,1.7703
ga_sembrado,11,ABZ7,16384,14.2530,3.5656
ga_sembrado,11,ABZ7,32768,11.6616,7.1073
ga_sembrado,11,ABZ7,65536,10.1372,14.1354
ga_sembrado,11,ABZ7,131072,9.7561,28.3691
ga_sembrado,11,ABZ7,262144,9.6799,56.3136
ga_sembrado,11,ABZ7,524288,8.7652,112.7492
ga_sembrado,11,ABZ7,1048576,8.7652,227.5376
ga_sembrado,11,ABZ7,2097152,8.7652,453.4130
ga_sembrado,11,ABZ7,4172791,7.7744,900.0006
regla_bon,11,ABZ7,1,19.6646,0.0100
regla_bon,11,ABZ7,2,17.5305,0.0180
regla_bon,11,ABZ7,4,15.1677,0.0365
regla_bon,11,ABZ7,8,15.1677,0.0791
regla_bon,11,ABZ7,16,15.1677,0.1561
regla_bon,11,ABZ7,32,14.1768,0.3251
regla_bon,11,ABZ7,64,12.4238,0.6347
regla_bon,11,ABZ7,128,12.4238,1.2787
regla_bon,11,ABZ7,256,11.8902,2.5916
regla_bon,11,ABZ7,512,11.8902,5.2318
regla_bon,11,ABZ7,1024,11.2805,10.5461
regla_bon,11,ABZ7,2048,11.2805,21.1952
regla_bon,11,ABZ7,4096,11.2805,42.4165
regla_bon,11,ABZ7,8192,10.5945,84.8139
regla_bon,11,ABZ7,16384,11.3567,171.0355
regla_bon,11,ABZ7,32768,9.6799,340.8288
regla_bon,11,ABZ7,65536,9.6799,679.1495
regla_bon,11,ABZ7,86828,8.2317,900.0076
ga,11,ABZ8,1,133.3333,0.0300
ga,11,ABZ8,2,127.4419,0.0300
ga,11,ABZ8,4,110.4651,0.0310
ga,11,ABZ8,8,99.8450,0.0310
ga,11,ABZ8,16,83.2558,0.0320
ga,11,ABZ8,32,83.2558,0.0350
ga,11,ABZ8,64,83.2558,0.0400
ga,11,ABZ8,128,80.9302,0.0500
ga,11,ABZ8,256,75.1938,0.0700
ga,11,ABZ8,512,71.3953,0.1280
ga,11,ABZ8,1024,62.5581,0.2461
ga,11,ABZ8,2048,62.4806,0.4496
ga,11,ABZ8,4096,56.6667,0.8784
ga,11,ABZ8,8192,46.4341,1.7638
ga,11,ABZ8,16384,33.4109,3.5167
ga,11,ABZ8,32768,20.8527,7.0212
ga,11,ABZ8,65536,17.2093,14.0008
ga,11,ABZ8,131072,16.0465,28.1469
ga,11,ABZ8,262144,15.3488,56.1515
ga,11,ABZ8,524288,13.7984,111.9629
ga,11,ABZ8,1048576,12.7907,224.2607
ga,11,ABZ8,2097152,12.7907,448.6475
ga,11,ABZ8,4186427,12.7907,900.0008
regla_bon,11,ABZ8,1,24.7287,0.0090
regla_bon,11,ABZ8,2,24.4186,0.0160
regla_bon,11,ABZ8,4,24.4186,0.0320
regla_bon,11,ABZ8,8,24.4186,0.0750
regla_bon,11,ABZ8,16,23.0233,0.1626
regla_bon,11,ABZ8,32,23.0233,0.3297
regla_bon,11,ABZ8,64,23.1008,0.6664
regla_bon,11,ABZ8,128,21.2403,1.2920
regla_bon,11,ABZ8,256,19.8450,2.6141
regla_bon,11,ABZ8,512,19.8450,5.1962
regla_bon,11,ABZ8,1024,18.2946,10.4334
regla_bon,11,ABZ8,2048,18.2946,20.9910
regla_bon,11,ABZ8,4096,18.8372,42.3337
regla_bon,11,ABZ8,8192,18.3721,84.2709
regla_bon,11,ABZ8,16384,17.5194,167.5058
regla_bon,11,ABZ8,32768,17.8295,334.8499
regla_bon,11,ABZ8,65536,17.5969,671.9024
regla_bon,11,ABZ8,87842,17.5969,900.0018
ga,11,ABZ9,1,106.1271,0.0310
ga,11,ABZ9,2,106.1271,0.0320
ga,11,ABZ9,4,106.1271,0.0320
ga,11,ABZ9,8,106.1271,0.0320
ga,11,ABZ9,16,98.8654,0.0340
ga,11,ABZ9,32,78.1392,0.0360
ga,11,ABZ9,64,78.1392,0.0410
ga,11,ABZ9,128,76.5507,0.0510
ga,11,ABZ9,256,76.5507,0.0690
ga,11,ABZ9,512,72.7685,0.1275
ga,11,ABZ9,1024,62.2542,0.2346
ga,11,ABZ9,2048,53.7821,0.4437
ga,11,ABZ9,4096,50.9834,0.8943
ga,11,ABZ9,8192,42.5113,1.7798
ga,11,ABZ9,16384,31.6944,3.5819
ga,11,ABZ9,32768,19.1377,7.0817
ga,11,ABZ9,65536,16.1120,14.2400
ga,11,ABZ9,131072,15.2042,28.5322
ga,11,ABZ9,262144,15.2042,56.9319
ga,11,ABZ9,524288,13.9939,113.3715
ga,11,ABZ9,1048576,13.9939,226.8836
ga,11,ABZ9,2097152,13.9939,453.4129
ga,11,ABZ9,4143121,13.9939,900.0008
ga_sembrado,11,ABZ8,1,24.7287,0.0350
ga_sembrado,11,ABZ8,2,24.7287,0.0360
ga_sembrado,11,ABZ8,4,24.7287,0.0360
ga_sembrado,11,ABZ8,8,24.7287,0.0360
ga_sembrado,11,ABZ8,16,24.7287,0.0380
ga_sembrado,11,ABZ8,32,24.7287,0.0400
ga_sembrado,11,ABZ8,64,24.7287,0.0440
ga_sembrado,11,ABZ8,128,24.7287,0.0530
ga_sembrado,11,ABZ8,256,24.7287,0.0720
ga_sembrado,11,ABZ8,512,24.7287,0.1226
ga_sembrado,11,ABZ8,1024,24.7287,0.2166
ga_sembrado,11,ABZ8,2048,24.7287,0.4257
ga_sembrado,11,ABZ8,4096,24.0310,0.8743
ga_sembrado,11,ABZ8,8192,21.0853,1.7678
ga_sembrado,11,ABZ8,16384,21.0078,3.4763
ga_sembrado,11,ABZ8,32768,20.9302,6.9372
ga_sembrado,11,ABZ8,65536,19.0698,13.9408
ga_sembrado,11,ABZ8,131072,18.0620,28.1349
ga_sembrado,11,ABZ8,262144,17.8295,56.4232
ga_sembrado,11,ABZ8,524288,15.8915,112.9915
ga_sembrado,11,ABZ8,1048576,15.8140,225.8087
ga_sembrado,11,ABZ8,2097152,15.8140,450.7244
ga_sembrado,11,ABZ8,4182618,15.8140,900.0008
regla_bon,11,ABZ9,1,33.3585,0.0120
regla_bon,11,ABZ9,2,33.3585,0.0230
regla_bon,11,ABZ9,4,30.1059,0.0460
regla_bon,11,ABZ9,8,29.8033,0.0871
regla_bon,11,ABZ9,16,22.1634,0.1771
regla_bon,11,ABZ9,32,22.1634,0.3448
regla_bon,11,ABZ9,64,22.1634,0.6747
regla_bon,11,ABZ9,128,22.1634,1.2921
regla_bon,11,ABZ9,256,20.2723,2.6456
regla_bon,11,ABZ9,512,20.2723,5.3089
regla_bon,11,ABZ9,1024,20.2723,10.6199
regla_bon,11,ABZ9,2048,20.2723,21.1681
regla_bon,11,ABZ9,4096,20.2723,42.5614
regla_bon,11,ABZ9,8192,20.2723,84.5156
regla_bon,11,ABZ9,16384,20.2723,168.4406
regla_bon,11,ABZ9,32768,20.2723,336.8345
regla_bon,11,ABZ9,65536,20.8775,675.0148
regla_bon,11,ABZ9,87427,20.8018,900.0053
ga_sembrado,11,ABZ9,1,33.3585,0.0370
ga_sembrado,11,ABZ9,2,33.3585,0.0370
ga_sembrado,11,ABZ9,4,33.3585,0.0380
ga_sembrado,11,ABZ9,8,33.3585,0.0380
ga_sembrado,11,ABZ9,16,33.3585,0.0390
ga_sembrado,11,ABZ9,32,33.3585,0.0410
ga_sembrado,11,ABZ9,64,33.3585,0.0450
ga_sembrado,11,ABZ9,128,33.3585,0.0525
ga_sembrado,11,ABZ9,256,33.3585,0.0731
ga_sembrado,11,ABZ9,512,33.3585,0.1216
ga_sembrado,11,ABZ9,1024,33.3585,0.2342
ga_sembrado,11,ABZ9,2048,33.3585,0.4568
ga_sembrado,11,ABZ9,4096,30.1059,0.8813
ga_sembrado,11,ABZ9,8192,28.1392,1.7052
ga_sembrado,11,ABZ9,16384,26.9289,3.4633
ga_sembrado,11,ABZ9,32768,25.5673,7.1159
ga_sembrado,11,ABZ9,65536,22.2390,14.1394
ga_sembrado,11,ABZ9,131072,20.8775,28.2005
ga_sembrado,11,ABZ9,262144,18.3056,56.2006
ga_sembrado,11,ABZ9,524288,18.3056,112.4293
ga_sembrado,11,ABZ9,1048576,16.7927,224.7380
ga_sembrado,11,ABZ9,2097152,15.5825,449.4573
ga_sembrado,11,ABZ9,4184554,15.2799,900.0003
ga,12,FT10,1,80.9677,0.0120
ga,12,FT10,2,56.2366,0.0120
ga,12,FT10,4,56.2366,0.0120
ga,12,FT10,8,56.2366,0.0120
ga,12,FT10,16,56.2366,0.0120
ga,12,FT10,32,51.5054,0.0130
ga,12,FT10,64,51.5054,0.0150
ga,12,FT10,128,51.5054,0.0180
ga,12,FT10,256,49.0323,0.0260
ga,12,FT10,512,44.8387,0.0470
ga,12,FT10,1024,32.7957,0.0900
ga,12,FT10,2048,31.4516,0.1530
ga,12,FT10,4096,29.1935,0.3121
ga,12,FT10,8192,15.5914,0.6382
ga,12,FT10,16384,9.1935,1.3094
ga,12,FT10,32768,8.7634,2.7035
ga,12,FT10,65536,6.7742,5.3957
ga,12,FT10,131072,6.7742,10.7661
ga,12,FT10,262144,6.7742,21.4082
ga,12,FT10,524288,4.8387,42.7677
ga,12,FT10,1048576,4.8387,85.4478
ga,12,FT10,2097152,4.8387,170.7645
ga,12,FT10,4194304,4.8387,341.5788
ga,12,FT10,8388608,4.8387,680.2338
ga,12,FT10,11103154,4.8387,900.0009
regla_bon,12,FT10,1,20.3763,0.0020
regla_bon,12,FT10,2,20.3763,0.0050
regla_bon,12,FT10,4,20.3763,0.0100
regla_bon,12,FT10,8,13.8710,0.0190
regla_bon,12,FT10,16,13.2258,0.0360
regla_bon,12,FT10,32,10.8602,0.0720
regla_bon,12,FT10,64,8.0108,0.1431
regla_bon,12,FT10,128,7.9570,0.2581
regla_bon,12,FT10,256,7.9570,0.5192
regla_bon,12,FT10,512,5.8065,1.0379
regla_bon,12,FT10,1024,5.6452,2.1173
regla_bon,12,FT10,2048,5.6452,4.2332
regla_bon,12,FT10,4096,5.6452,8.4507
regla_bon,12,FT10,8192,3.8710,16.9597
regla_bon,12,FT10,16384,3.8710,33.7533
regla_bon,12,FT10,32768,3.8710,67.4259
regla_bon,12,FT10,65536,3.8710,134.6408
regla_bon,12,FT10,131072,3.8710,271.1288
regla_bon,12,FT10,262144,3.8710,541.3566
regla_bon,12,FT10,436319,3.8172,900.0001
ga_sembrado,12,FT10,1,20.3763,0.0100
ga_sembrado,12,FT10,2,20.3763,0.0100
ga_sembrado,12,FT10,4,20.3763,0.0100
ga_sembrado,12,FT10,8,20.3763,0.0100
ga_sembrado,12,FT10,16,20.3763,0.0100
ga_sembrado,12,FT10,32,20.3763,0.0110
ga_sembrado,12,FT10,64,20.3763,0.0120
ga_sembrado,12,FT10,128,20.3763,0.0150
ga_sembrado,12,FT10,256,20.3763,0.0210
ga_sembrado,12,FT10,512,20.3763,0.0380
ga_sembrado,12,FT10,1024,20.3763,0.0790
ga_sembrado,12,FT10,2048,16.2903,0.1531
ga_sembrado,12,FT10,4096,13.4946,0.3271
ga_sembrado,12,FT10,8192,11.2903,0.6773
ga_sembrado,12,FT10,16384,2.4194,1.3109
ga_sembrado,12,FT10,32768,2.4194,2.6685
ga_sembrado,12,FT10,65536,2.0430,5.3201
ga_sembrado,12,FT10,131072,2.0430,10.5411
ga_sembrado,12,FT10,262144,2.0430,20.9025
ga_sembrado,12,FT10,524288,2.0430,42.2276
ga_sembrado,12,FT10,1048576,2.0430,84.9340
ga_sembrado,12,FT10,2097152,2.0430,170.2297
ga_sembrado,12,FT10,4194304,2.0430,341.8794
ga_sembrado,12,FT10,8388608,2.0430,680.3038
ga_sembrado,12,FT10,11093503,2.0430,900.0001
ga,12,FT20,1,96.3948,0.0130
ga,12,FT20,2,65.4936,0.0140
ga,12,FT20,4,65.4936,0.0140
ga,12,FT20,8,63.4335,0.0140
ga,12,FT20,16,58.3691,0.0140
ga,12,FT20,32,58.3691,0.0150
ga,12,FT20,64,59.0558,0.0170
ga,12,FT20,128,51.8455,0.0210
ga,12,FT20,256,46.5236,0.0280
ga,12,FT20,512,39.6567,0.0520
ga,12,FT20,1024,39.6567,0.0950
ga,12,FT20,2048,33.9056,0.1831
ga,12,FT20,4096,22.8326,0.3631
ga,12,FT20,8192,16.6524,0.6963
ga,12,FT20,16384,8.1974,1.3529
ga,12,FT20,32768,4.8069,2.7371
ga,12,FT20,65536,4.6352,5.3672
ga,12,FT20,131072,4.6352,10.7737
ga,12,FT20,262144,4.6352,21.4302
ga,12,FT20,524288,2.3176,42.9084
ga,12,FT20,1048576,1.2876,85.6908
ga,12,FT20,2097152,1.2876,170.8275
ga,12,FT20,4194304,1.2876,343.2086
ga,12,FT20,8388608,1.2876,684.8241
ga,12,FT20,11021836,1.2876,900.0001
ga_sembrado,12,FT20,1,13.2189,0.0130
ga_sembrado,12,FT20,2,13.2189,0.0130
ga_sembrado,12,FT20,4,13.2189,0.0130
ga_sembrado,12,FT20,8,13.2189,0.0140
ga_sembrado,12,FT20,16,13.2189,0.0140
ga_sembrado,12,FT20,32,13.2189,0.0150
ga_sembrado,12,FT20,64,13.2189,0.0170
ga_sembrado,12,FT20,128,13.2189,0.0200
ga_sembrado,12,FT20,256,13.2189,0.0270
ga_sembrado,12,FT20,512,13.2189,0.0470
ga_sembrado,12,FT20,1024,13.2189,0.0900
ga_sembrado,12,FT20,2048,13.2189,0.1761
ga_sembrado,12,FT20,4096,13.2189,0.3396
ga_sembrado,12,FT20,8192,12.7897,0.6583
ga_sembrado,12,FT20,16384,11.8026,1.3255
ga_sembrado,12,FT20,32768,8.5837,2.7036
ga_sembrado,12,FT20,65536,8.0687,5.4003
ga_sembrado,12,FT20,131072,7.1245,10.8317
ga_sembrado,12,FT20,262144,7.1245,21.5217
ga_sembrado,12,FT20,524288,7.1245,43.2531
ga_sembrado,12,FT20,1048576,5.8369,86.4413
ga_sembrado,12,FT20,2097152,4.1202,173.1749
ga_sembrado,12,FT20,4194304,1.1159,346.0532
ga_sembrado,12,FT20,8388608,1.1159,689.5301
ga_sembrado,12,FT20,10943828,1.1159,900.0001
regla_bon,12,FT20,1,13.2189,0.0040
regla_bon,12,FT20,2,13.2189,0.0070
regla_bon,12,FT20,4,13.2189,0.0140
regla_bon,12,FT20,8,13.2189,0.0260
regla_bon,12,FT20,16,13.2189,0.0520
regla_bon,12,FT20,32,12.4034,0.0970
regla_bon,12,FT20,64,12.0172,0.1921
regla_bon,12,FT20,128,12.0172,0.3802
regla_bon,12,FT20,256,10.9013,0.7508
regla_bon,12,FT20,512,10.9013,1.5085
regla_bon,12,FT20,1024,7.2961,3.0537
regla_bon,12,FT20,2048,7.2961,6.1170
regla_bon,12,FT20,4096,7.5107,12.2860
regla_bon,12,FT20,8192,7.5107,24.6755
regla_bon,12,FT20,16384,7.1245,49.4218
regla_bon,12,FT20,32768,7.1245,98.3647
regla_bon,12,FT20,65536,7.0386,196.7428
regla_bon,12,FT20,131072,7.3391,395.4859
regla_bon,12,FT20,262144,6.5665,791.2564
regla_bon,12,FT20,298179,5.1073,900.0031
ga,12,La21,1,101.5774,0.0161
ga,12,La21,2,89.4359,0.0161
ga,12,La21,4,82.1224,0.0161
ga,12,La21,8,82.1224,0.0161
ga,12,La21,16,65.7744,0.0171
ga,12,La21,32,65.7744,0.0181
ga,12,La21,64,59.2734,0.0212
ga,12,La21,128,56.6444,0.0262
ga,12,La21,256,56.6444,0.0382
ga,12,La21,512,47.9924,0.0672
ga,12,La21,1024,34.6080,0.1257
ga,12,La21,2048,34.6080,0.2563
ga,12,La21,4096,24.9522,0.4543
ga,12,La21,8192,22.8489,0.8946
ga,12,La21,16384,15.0096,1.8056
ga,12,La21,32768,12.1415,3.6591
ga,12,La21,65536,8.5086,7.4052
ga,12,La21,131072,7.2658,14.8562
ga,12,La21,262144,7.2658,31.7361
ga,12,La21,524288,7.2658,61.5903
ga,12,La21,1048576,7.2658,121.3092
ga,12,La21,2097152,7.2658,241.1318
ga,12,La21,4194304,7.2658,484.6111
ga,12,La21,7807967,7.2658,900.0006
regla_bon,12,La21,1,15.0096,0.0050
regla_bon,12,La21,2,19.3117,0.0090
regla_bon,12,La21,4,15.8222,0.0170
regla_bon,12,La21,8,14.4359,0.0280
regla_bon,12,La21,16,14.4359,0.0615
regla_bon,12,La21,32,13.0975,0.1311
regla_bon,12,La21,64,11.2811,0.2626
regla_bon,12,La21,128,11.2811,0.4963
regla_bon,12,La21,256,11.2811,1.0046
regla_bon,12,La21,512,10.8509,2.0256
regla_bon,12,La21,1024,10.4685,4.1352
regla_bon,12,La21,2048,10.4685,8.1194
regla_bon,12,La21,4096,10.4685,16.3377
regla_bon,12,La21,8192,10.4685,34.0338
regla_bon,12,La21,16384,9.2256,66.7595
regla_bon,12,La21,32768,8.3652,131.9788
regla_bon,12,La21,65536,8.1262,263.3574
regla_bon,12,La21,131072,8.1262,528.0217
regla_bon,12,La21,223863,8.1262,900.0014
ga_sembrado,12,La21,1,15.0096,0.0170
ga_sembrado,12,La21,2,15.0096,0.0170
ga_sembrado,12,La21,4,15.0096,0.0170
ga_sembrado,12,La21,8,15.0096,0.0170
ga_sembrado,12,La21,16,15.0096,0.0180
ga_sembrado,12,La21,32,15.0096,0.0190
ga_sembrado,12,La21,64,15.0096,0.0220
ga_sembrado,12,La21,128,15.0096,0.0270
ga_sembrado,12,La21,256,15.0096,0.0370
ga_sembrado,12,La21,512,15.0096,0.0645
ga_sembrado,12,La21,1024,15.0096,0.1260
ga_sembrado,12,La21,2048,15.0096,0.2431
ga_sembrado,12,La21,4096,15.0096,0.4803
ga_sembrado,12,La21,8192,13.8145,0.9360
ga_sembrado,12,La21,16384,13.0975,1.9315
ga_sembrado,12,La21,32768,10.3250,3.7759
ga_sembrado,12,La21,65536,7.0746,7.4851
ga_sembrado,12,La21,131072,5.8317,15.0507
ga_sembrado,12,La21,262144,3.9197,31.8536
ga_sembrado,12,La21,524288,3.5373,62.1710
ga_sembrado,12,La21,1048576,3.5373,122.3790
ga_sembrado,12,La21,2097152,3.1549,242.1455
ga_sembrado,12,La21,4194304,3.1549,485.7805
ga_sembrado,12,La21,7791898,3.1549,900.0004
ga,12,La24,1,72.7273,0.0190
ga,12,La24,2,72.7273,0.0190
ga,12,La24,4,64.8128,0.0190
ga,12,La24,8,64.8128,0.0190
ga,12,La24,16,64.8128,0.0200
ga,12,La24,32,64.8128,0.0210
ga,12,La24,64,64.8128,0.0230
ga,12,La24,128,59.6791,0.0270
ga,12,La24,256,59.6791,0.0350
ga,12,La24,512,53.6898,0.0675
ga,12,La24,1024,47.7005,0.1341
ga,12,La24,2048,38.6631,0.2476
ga,12,La24,4096,30.1604,0.4933
ga,12,La24,8192,22.2460,0.9906
ga,12,La24,16384,14.5455,1.9480
ga,12,La24,32768,7.7540,3.9092
ga,12,La24,65536,5.9893,7.7297
ga,12,La24,131072,5.9893,15.2417
ga,12,La24,262144,5.9893,32.0862
ga,12,La24,524288,5.8824,61.8040
ga,12,La24,1048576,5.8824,121.5068
ga,12,La24,2097152,5.8824,241.5322
ga,12,La24,4194304,5.8824,483.5862
ga,12,La24,7825211,5.8824,900.0004
regla_bon,12,La24,1,10.1070,0.0040
regla_bon,12,La24,2,10.1070,0.0070
regla_bon,12,La24,4,9.7861,0.0140
regla_bon,12,La24,8,9.7861,0.0280
regla_bon,12,La24,16,9.7861,0.0595
regla_bon,12,La24,32,8.9840,0.1226
regla_bon,12,La24,64,8.2353,0.2452
regla_bon,12,La24,128,7.8075,0.4883
regla_bon,12,La24,256,7.1658,0.9991
regla_bon,12,La24,512,7.8075,2.0555
regla_bon,12,La24,1024,7.8075,4.1187
regla_bon,12,La24,2048,7.8075,8.1554
regla_bon,12,La24,4096,7.8075,16.2567
regla_bon,12,La24,8192,6.6310,34.5758
regla_bon,12,La24,16384,6.6310,67.2877
regla_bon,12,La24,32768,6.6310,132.7943
regla_bon,12,La24,65536,6.0428,264.0495
regla_bon,12,La24,131072,5.7754,528.7121
regla_bon,12,La24,223561,5.7754,900.0003
ga_sembrado,12,La24,1,10.1070,0.0180
ga_sembrado,12,La24,2,10.1070,0.0180
ga_sembrado,12,La24,4,10.1070,0.0190
ga_sembrado,12,La24,8,10.1070,0.0190
ga_sembrado,12,La24,16,10.1070,0.0190
ga_sembrado,12,La24,32,10.1070,0.0210
ga_sembrado,12,La24,64,10.1070,0.0230
ga_sembrado,12,La24,128,10.1070,0.0285
ga_sembrado,12,La24,256,10.1070,0.0395
ga_sembrado,12,La24,512,10.1070,0.0715
ga_sembrado,12,La24,1024,10.1070,0.1346
ga_sembrado,12,La24,2048,10.1070,0.2532
ga_sembrado,12,La24,4096,9.9465,0.4813
ga_sembrado,12,La24,8192,9.8396,0.9161
ga_sembrado,12,La24,16384,8.8770,1.8315
ga_sembrado,12,La24,32768,4.9198,3.6721
ga_sembrado,12,La24,65536,4.8663,7.3530
ga_sembrado,12,La24,131072,4.1711,14.7240
ga_sembrado,12,La24,262144,2.6738,31.4534
ga_sembrado,12,La24,524288,2.6738,61.7324
ga_sembrado,12,La24,1048576,2.6738,121.4057
ga_sembrado,12,La24,2097152,2.6738,241.3822
ga_sembrado,12,La24,4194304,2.6738,485.4014
ga_sembrado,12,La24,7778988,2.6738,900.0003
ga,12,La25,1,90.1740,0.0190
ga,12,La25,2,88.7922,0.0190
ga,12,La25,4,88.7922,0.0190
ga,12,La25,8,88.7922,0.0190
ga,12,La25,16,65.8137,0.0200
ga,12,La25,32,65.8137,0.0210
ga,12,La25,64,65.8137,0.0240
ga,12,La25,128,55.8854,0.0290
ga,12,La25,256,52.8147,0.0400
ga,12,La25,512,45.5476,0.0710
ga,12,La25,1024,44.1146,0.1340
ga,12,La25,2048,40.9928,0.2490
ga,12,La25,4096,32.5486,0.4791
ga,12,La25,8192,23.7462,0.9588
ga,12,La25,16384,8.0860,1.9103
ga,12,La25,32768,6.0389,3.7930
ga,12,La25,65536,6.0389,7.5241
ga,12,La25,131072,6.0389,15.0288
ga,12,La25,262144,6.0389,29.9233
ga,12,La25,524288,6.0389,60.0579
ga,12,La25,1048576,5.6295,119.7636
ga,12,La25,2097152,5.6295,239.8837
ga,12,La25,4194304,5.6295,482.1548
ga,12,La25,7843526,5.6295,900.0004
ga_sembrado,12,La25,1,11.8219,0.0150
ga_sembrado,12,La25,2,11.8219,0.0150
ga_sembrado,12,La25,4,11.8219,0.0150
ga_sembrado,12,La25,8,11.8219,0.0160
ga_sembrado,12,La25,16,11.8219,0.0160
ga_sembrado,12,La25,32,11.8219,0.0170
ga_sembrado,12,La25,64,11.8219,0.0200
ga_sembrado,12,La25,128,11.8219,0.0230
ga_sembrado,12,La25,256,11.8219,0.0310
ga_sembrado,12,La25,512,11.8219,0.0600
ga_sembrado,12,La25,1024,11.8219,0.1260
ga_sembrado,12,La25,2048,11.8219,0.2430
ga_sembrado,12,La25,4096,11.8219,0.4766
ga_sembrado,12,La25,8192,11.6172,0.9279
ga_sembrado,12,La25,16384,9.9795,1.8183
ga_sembrado,12,La25,32768,9.7748,3.7601
ga_sembrado,12,La25,65536,9.7748,7.4152
ga_sembrado,12,La25,131072,9.7748,14.9488
ga_sembrado,12,La25,262144,9.7748,30.0775
ga_sembrado,12,La25,524288,9.7748,60.3411
ga_sembrado,12,La25,1048576,8.7513,120.1110
ga_sembrado,12,La25,2097152,5.5271,240.5132
ga_sembrado,12,La25,4194304,5.5271,483.0656
ga_sembrado,12,La25,7830744,5.5271,900.0005
regla_bon,12,La25,1,11.8219,0.0050
regla_bon,12,La25,2,11.8219,0.0080
regla_bon,12,La25,4,11.8219,0.0170
regla_bon,12,La25,8,9.4678,0.0340
regla_bon,12,La25,16,9.4678,0.0670
regla_bon,12,La25,32,9.4678,0.1300
regla_bon,12,La25,64,9.4678,0.2460
regla_bon,12,La25,128,6.4483,0.4826
regla_bon,12,La25,256,6.4483,0.9795
regla_bon,12,La25,512,6.4483,1.9453
regla_bon,12,La25,1024,6.4483,3.9852
regla_bon,12,La25,2048,6.4483,8.1011
regla_bon,12,La25,4096,6.4483,16.1549
regla_bon,12,La25,8192,4.8618,32.3809
regla_bon,12,La25,16384,4.8618,64.5967
regla_bon,12,La25,32768,4.8618,129.6092
regla_bon,12,La25,65536,4.8618,259.8190
regla_bon,12,La25,131072,4.7083,522.7945
regla_bon,12,La25,225997,5.0154,900.0025
ga,12,La27,1,107.3684,0.0250
ga,12,La27,2,107.3684,0.0250
ga,12,La27,4,91.0121,0.0250
ga,12,La27,8,71.5789,0.0260
ga,12,La27,16,66.1134,0.0270
ga,12,La27,32,66.1134,0.0290
ga,12,La27,64,66.1134,0.0320
ga,12,La27,128,66.1134,0.0390
ga,12,La27,256,63.9676,0.0510
ga,12,La27,512,49.5142,0.0890
ga,12,La27,1024,49.5142,0.1640
ga,12,La27,2048,45.7895,0.3216
ga,12,La27,4096,38.2186,0.6398
ga,12,La27,8192,26.3563,1.2091
ga,12,La27,16384,15.9514,2.4566
ga,12,La27,32768,13.2794,4.8686
ga,12,La27,65536,8.9879,9.6630
ga,12,La27,131072,7.0445,19.2803
ga,12,La27,262144,4.1296,38.5997
ga,12,La27,524288,3.9271,76.8425
ga,12,La27,1048576,3.9271,154.0376
ga,12,La27,2097152,3.9271,308.3624
ga,12,La27,4194304,3.9271,617.4978
ga,12,La27,6122328,3.9271,900.0005
ga_sembrado,12,La27,1,24.9798,0.0240
ga_sembrado,12,La27,2,24.9798,0.0240
ga_sembrado,12,La27,4,24.9798,0.0240
ga_sembrado,12,La27,8,24.9798,0.0250
ga_sembrado,12,La27,16,24.9798,0.0250
ga_sembrado,12,La27,32,24.9798,0.0270
ga_sembrado,12,La27,64,24.9798,0.0300
ga_sembrado,12,La27,128,24.9798,0.0370
ga_sembrado,12,La27,256,24.9798,0.0510
ga_sembrado,12,La27,512,24.9798,0.0916
ga_sembrado,12,La27,1024,24.9798,0.1571
ga_sembrado,12,La27,2048,24.9798,0.3161
ga_sembrado,12,La27,4096,23.0769,0.6323
ga_sembrado,12,La27,8192,19.7166,1.2096
ga_sembrado,12,La27,16384,16.0729,2.3966
ga_sembrado,12,La27,32768,13.9271,4.7727
ga_sembrado,12,La27,65536,10.6073,9.6505
ga_sembrado,12,La27,131072,9.3117,19.3279
ga_sembrado,12,La27,262144,9.0688,38.6218
ga_sembrado,12,La27,524288,9.0688,77.2047
ga_sembrado,12,La27,1048576,9.0688,154.0216
ga_sembrado,12,La27,2097152,8.6640,308.0079
ga_sembrado,12,La27,4194304,8.6640,618.5390
ga_sembrado,12,La27,6106577,8.6640,900.0006
regla_bon,12,La27,1,24.9798,0.0070
regla_bon,12,La27,2,24.0081,0.0130
regla_bon,12,La27,4,13.8057,0.0280
regla_bon,12,La27,8,13.8057,0.0560
regla_bon,12,La27,16,13.8057,0.1081
regla_bon,12,La27,32,13.4818,0.2016
regla_bon,12,La27,64,13.5223,0.4057
regla_bon,12,La27,128,13.5223,0.8194
regla_bon,12,La27,256,13.5223,1.6902
regla_bon,12,La27,512,13.5223,3.4255
regla_bon,12,La27,1024,13.5223,6.6980
regla_bon,12,La27,2048,10.8907,13.4945
regla_bon,12,La27,4096,9.7976,27.1942
regla_bon,12,La27,8192,9.9595,54.2138
regla_bon,12,La27,16384,9.9595,108.6779
regla_bon,12,La27,32768,7.0445,217.8018
regla_bon,12,La27,65536,7.0445,435.2573
regla_bon,12,La27,131072,7.0445,872.0496
regla_bon,12,La27,135319,7.0445,900.0066
ga,12,La29,1,114.5399,0.0240
ga,12,La29,2,102.6476,0.0240
ga,12,La29,4,102.6476,0.0240
ga,12,La29,8,81.4236,0.0250
ga,12,La29,16,70.7465,0.0250
ga,12,La29,32,70.7465,0.0270
ga,12,La29,64,60.6771,0.0300
ga,12,La29,128,60.6771,0.0370
ga,12,La29,256,60.6771,0.0510
ga,12,La29,512,60.6771,0.0900
ga,12,La29,1024,55.0347,0.1660
ga,12,La29,2048,49.8698,0.3206
ga,12,La29,4096,37.1528,0.6147
ga,12,La29,8192,32.6389,1.2040
ga,12,La29,16384,21.5712,2.3840
ga,12,La29,32768,16.8403,4.8397
ga,12,La29,65536,13.6285,9.6994
ga,12,La29,131072,13.5851,19.4332
ga,12,La29,262144,13.5851,38.7442
ga,12,La29,524288,13.5851,77.3374
ga,12,La29,1048576,13.5851,157.0116
ga,12,La29,2097152,10.2865,311.4892
ga,12,La29,4194304,10.2865,621.1305
ga,12,La29,6070474,10.2865,900.0006
ga,12,La38,1,118.7291,0.0250
ga,12,La38,2,95.8612,0.0250
ga,12,La38,4,83.6120,0.0250
ga,12,La38,8,80.4348,0.0260
ga,12,La38,16,80.4348,0.0260
ga,12,La38,32,79.7659,0.0280
ga,12,La38,64,79.7659,0.0330
ga,12,La38,128,74.1639,0.0400
ga,12,La38,256,68.8963,0.0540
ga,12,La38,512,56.8562,0.0950
ga,12,La38,1024,55.7692,0.1731
ga,12,La38,2048,46.9900,0.3311
ga,12,La38,4096,33.9465,0.6523
ga,12,La38,8192,20.9866,1.3099
ga,12,La38,16384,18.5619,2.6997
ga,12,La38,32768,15.0502,5.3500
ga,12,La38,65536,10.8696,10.7485
ga,12,La38,131072,10.3679,21.3603
ga,12,La38,262144,10.3679,42.8968
ga,12,La38,524288,10.3679,86.1869
ga,12,La38,1048576,10.3679,174.4807
ga,12,La38,2097152,8.4866,346.0829
ga,12,La38,4194304,8.4866,689.4689
ga,12,La38,5469700,8.4866,900.0001
ga_sembrado,12,La29,1,13.4115,0.0190
ga_sembrado,12,La29,2,13.4115,0.0190
ga_sembrado,12,La29,4,13.4115,0.0190
ga_sembrado,12,La29,8,13.4115,0.0200
ga_sembrado,12,La29,16,13.4115,0.0200
ga_sembrado,12,La29,32,13.4115,0.0220
ga_sembrado,12,La29,64,13.4115,0.0240
ga_sembrado,12,La29,128,13.4115,0.0320
ga_sembrado,12,La29,256,13.4115,0.0460
ga_sembrado,12,La29,512,13.4115,0.0860
ga_sembrado,12,La29,1024,13.4115,0.1671
ga_sembrado,12,La29,2048,13.4115,0.3241
ga_sembrado,12,La29,4096,12.9340,0.6028
ga_sembrado,12,La29,8192,12.5000,1.1779
ga_sembrado,12,La29,16384,10.8507,2.3614
ga_sembrado,12,La29,32768,10.2431,4.7652
ga_sembrado,12,La29,65536,9.4618,9.5169
ga_sembrado,12,La29,131072,8.9844,18.8430
ga_sembrado,12,La29,262144,8.9410,38.3216
ga_sembrado,12,La29,524288,8.8108,77.1028
ga_sembrado,12,La29,1048576,7.4653,157.2237
ga_sembrado,12,La29,2097152,7.4653,311.3127
ga_sembrado,12,La29,4194304,7.4653,618.9618
ga_sembrado,12,La29,6085156,7.4653,900.0001
regla_bon,12,La29,1,13.4115,0.0070
regla_bon,12,La29,2,13.4115,0.0120
regla_bon,12,La29,4,13.4115,0.0250
regla_bon,12,La29,8,13.4115,0.0540
regla_bon,12,La29,16,13.9757,0.1020
regla_bon,12,La29,32,13.9757,0.2051
regla_bon,12,La29,64,13.9757,0.4087
regla_bon,12,La29,128,13.9757,0.8293
regla_bon,12,La29,256,12.4132,1.7291
regla_bon,12,La29,512,12.4132,3.4265
regla_bon,12,La29,1024,10.8941,6.8647
regla_bon,12,La29,2048,10.8941,13.6883
regla_bon,12,La29,4096,10.5469,27.2158
regla_bon,12,La29,8192,10.5469,54.5712
regla_bon,12,La29,16384,10.5469,109.1088
regla_bon,12,La29,32768,10.6337,219.7595
regla_bon,12,La29,65536,10.5903,436.8495
regla_bon,12,La29,131072,9.3750,872.2083
regla_bon,12,La29,135275,9.3750,900.0071
regla_bon,12,La38,1,14.9666,0.0070
regla_bon,12,La38,2,14.9666,0.0130
regla_bon,12,La38,4,14.9666,0.0270
regla_bon,12,La38,8,14.9666,0.0530
regla_bon,12,La38,16,14.9666,0.1050
regla_bon,12,La38,32,13.7124,0.2096
regla_bon,12,La38,64,13.7124,0.4192
regla_bon,12,La38,128,12.5418,0.7983
regla_bon,12,La38,256,12.2074,1.5495
regla_bon,12,La38,512,10.4097,3.1328
regla_bon,12,La38,1024,10.4097,6.2215
regla_bon,12,La38,2048,10.4097,12.5715
regla_bon,12,La38,4096,8.5702,25.1539
regla_bon,12,La38,8192,7.4415,49.9833
regla_bon,12,La38,16384,7.4415,99.7260
regla_bon,12,La38,32768,7.4415,201.5475
regla_bon,12,La38,65536,8.4866,401.5845
regla_bon,12,La38,131072,8.4866,802.8497
regla_bon,12,La38,146930,8.4866,900.0060
ga_sembrado,12,La38,1,14.9666,0.0220
ga_sembrado,12,La38,2,14.9666,0.0220
ga_sembrado,12,La38,4,14.9666,0.0220
ga_sembrado,12,La38,8,14.9666,0.0230
ga_sembrado,12,La38,16,14.9666,0.0240
ga_sembrado,12,La38,32,14.9666,0.0250
ga_sembrado,12,La38,64,14.9666,0.0290
ga_sembrado,12,La38,128,14.9666,0.0360
ga_sembrado,12,La38,256,14.9666,0.0480
ga_sembrado,12,La38,512,14.9666,0.0910
ga_sembrado,12,La38,1024,14.9666,0.1866
ga_sembrado,12,La38,2048,14.9666,0.3577
ga_sembrado,12,La38,4096,14.5067,0.7023
ga_sembrado,12,La38,8192,10.6605,1.3290
ga_sembrado,12,La38,16384,10.5769,2.7036
ga_sembrado,12,La38,32768,8.4448,5.3601
ga_sembrado,12,La38,65536,6.3545,10.5725
ga_sembrado,12,La38,131072,6.3545,21.4158
ga_sembrado,12,La38,262144,6.3545,42.9768
ga_sembrado,12,La38,524288,5.6438,86.0828
ga_sembrado,12,La38,1048576,5.6438,173.9318
ga_sembrado,12,La38,2097152,5.6438,345.7558
ga_sembrado,12,La38,4194304,5.6438,688.8167
ga_sembrado,12,La38,5480270,5.6438,900.0010
ga,12,La40,1,129.7463,0.0270
ga,12,La40,2,81.0966,0.0270
ga,12,La40,4,81.0966,0.0280
ga,12,La40,8,81.0966,0.0280
ga,12,La40,16,65.0164,0.0290
ga,12,La40,32,65.0164,0.0310
ga,12,La40,64,65.0164,0.0350
ga,12,La40,128,63.2570,0.0430
ga,12,La40,256,61.4157,0.0570
ga,12,La40,512,61.4157,0.0950
ga,12,La40,1024,54.5417,0.1780
ga,12,La40,2048,46.9722,0.3581
ga,12,La40,4096,33.1015,0.7071
ga,12,La40,8192,29.7054,1.3333
ga,12,La40,16384,17.5123,2.7174
ga,12,La40,32768,13.7480,5.3751
ga,12,La40,65536,9.6563,10.7745
ga,12,La40,131072,8.3470,21.3228
ga,12,La40,262144,8.0196,42.6878
ga,12,La40,524288,6.7921,85.8813
ga,12,La40,1048576,6.7921,171.8991
ga,12,La40,2097152,6.7921,343.9185
ga,12,La40,4194304,6.7921,687.7639
ga,12,La40,5491311,6.7921,900.0009
ga,12,ABZ7,1,75.2287,0.0340
ga,12,ABZ7,2,75.2287,0.0350
ga,12,ABZ7,4,75.2287,0.0350
ga,12,ABZ7,8,75.2287,0.0350
ga,12,ABZ7,16,75.2287,0.0370
ga,12,ABZ7,32,75.2287,0.0390
ga,12,ABZ7,64,75.2287,0.0440
ga,12,ABZ7,128,68.0640,0.0540
ga,12,ABZ7,256,66.3110,0.0750
ga,12,ABZ7,512,64.2530,0.1330
ga,12,ABZ7,1024,61.4329,0.2450
ga,12,ABZ7,2048,53.5061,0.4560
ga,12,ABZ7,4096,45.5793,0.8992
ga,12,ABZ7,8192,35.9756,1.7615
ga,12,ABZ7,16384,24.2378,3.5117
ga,12,ABZ7,32768,16.3110,7.1155
ga,12,ABZ7,65536,12.8811,14.3134
ga,12,ABZ7,131072,11.2805,28.4704
ga,12,ABZ7,262144,9.0701,56.7488
ga,12,ABZ7,524288,9.0701,113.4824
ga,12,ABZ7,1048576,8.9177,227.2634
ga,12,ABZ7,2097152,8.2317,453.9358
ga,12,ABZ7,4145704,8.2317,900.0005
ga_sembrado,12,La40,1,13.2570,0.0250
ga_sembrado,12,La40,2,13.2570,0.0260
ga_sembrado,12,La40,4,13.2570,0.0260
ga_sembrado,12,La40,8,13.2570,0.0260
ga_sembrado,12,La40,16,13.2570,0.0270
ga_sembrado,12,La40,32,13.2570,0.0280
ga_sembrado,12,La40,64,13.2570,0.0310
ga_sembrado,12,La40,128,13.2570,0.0370
ga_sembrado,12,La40,256,13.2570,0.0520
ga_sembrado,12,La40,512,13.2570,0.0950
ga_sembrado,12,La40,1024,13.2570,0.1800
ga_sembrado,12,La40,2048,13.2570,0.3260
ga_sembrado,12,La40,4096,12.8069,0.6741
ga_sembrado,12,La40,8192,11.0065,1.3519
ga_sembrado,12,La40,16384,11.0065,2.7124
ga_sembrado,12,La40,32768,9.1244,5.3372
ga_sembrado,12,La40,65536,9.5336,10.6450
ga_sembrado,12,La40,131072,7.9378,21.4178
ga_sembrado,12,La40,262144,6.8740,43.0676
ga_sembrado,12,La40,524288,6.0966,86.3213
ga_sembrado,12,La40,1048576,5.9329,171.9813
ga_sembrado,12,La40,2097152,5.9329,343.8681
ga_sembrado,12,La40,4194304,5.9329,687.8349
ga_sembrado,12,La40,5490898,5.9329,900.0006
regla_bon,12,La40,1,13.2570,0.0070
regla_bon,12,La40,2,13.2570,0.0150
regla_bon,12,La40,4,13.2570,0.0260
regla_bon,12,La40,8,13.2570,0.0490
regla_bon,12,La40,16,13.2570,0.0950
regla_bon,12,La40,32,13.2570,0.2030
regla_bon,12,La40,64,13.2570,0.4040
regla_bon,12,La40,128,10.3928,0.7962
regla_bon,12,La40,256,10.3928,1.5514
regla_bon,12,La40,512,10.3928,3.0264
regla_bon,12,La40,1024,10.3928,6.0711
regla_bon,12,La40,2048,9.9018,12.2623
regla_bon,12,La40,4096,7.7741,24.6807
regla_bon,12,La40,8192,8.0196,49.5632
regla_bon,12,La40,16384,8.0196,98.7607
regla_bon,12,La40,32768,6.6285,197.6107
regla_bon,12,La40,65536,6.6285,394.4913
regla_bon,12,La40,131072,7.4059,789.2377
regla_bon,12,La40,149409,7.4059,900.0065
regla_bon,12,ABZ7,1,19.6646,0.0110
regla_bon,12,ABZ7,2,19.6646,0.0220
regla_bon,12,ABZ7,4,16.0823,0.0450
regla_bon,12,ABZ7,8,16.6159,0.0900
regla_bon,12,ABZ7,16,17.0732,0.1800
regla_bon,12,ABZ7,32,15.3963,0.3461
regla_bon,12,ABZ7,64,14.8628,0.6632
regla_bon,12,ABZ7,128,13.0335,1.2939
regla_bon,12,ABZ7,256,12.0427,2.5894
regla_bon,12,ABZ7,512,12.0427,5.1917
regla_bon,12,ABZ7,1024,12.0427,10.4675
regla_bon,12,ABZ7,2048,11.8902,20.8652
regla_bon,12,ABZ7,4096,11.9665,41.8396
regla_bon,12,ABZ7,8192,10.2896,83.7478
regla_bon,12,ABZ7,16384,10.2896,167.7728
regla_bon,12,ABZ7,32768,10.2896,336.5358
regla_bon,12,ABZ7,65536,10.2896,674.2042
regla_bon,12,ABZ7,87533,10.0610,900.0001
ga_sembrado,12,ABZ7,1,19.6646,0.0380
ga_sembrado,12,ABZ7,2,19.6646,0.0380
ga_sembrado,12,ABZ7,4,19.6646,0.0390
ga_sembrado,12,ABZ7,8,19.6646,0.0390
ga_sembrado,12,ABZ7,16,19.6646,0.0410
ga_sembrado,12,ABZ7,32,19.6646,0.0430
ga_sembrado,12,ABZ7,64,19.6646,0.0480
ga_sembrado,12,ABZ7,128,19.6646,0.0580
ga_sembrado,12,ABZ7,256,19.6646,0.0760
ga_sembrado,12,ABZ7,512,19.6646,0.1230
ga_sembrado,12,ABZ7,1024,19.6646,0.2280
ga_sembrado,12,ABZ7,2048,19.6646,0.4436
ga_sembrado,12,ABZ7,4096,19.6646,0.8822
ga_sembrado,12,ABZ7,8192,16.6159,1.7596
ga_sembrado,12,ABZ7,16384,13.7957,3.6108
ga_sembrado,12,ABZ7,32768,12.1951,7.1741
ga_sembrado,12,ABZ7,65536,11.5091,14.1434
ga_sembrado,12,ABZ7,131072,11.3567,28.4177
ga_sembrado,12,ABZ7,262144,11.3567,56.8734
ga_sembrado,12,ABZ7,524288,11.3567,113.5398
ga_sembrado,12,ABZ7,1048576,11.2043,227.0449
ga_sembrado,12,ABZ7,2097152,11.2043,454.7078
ga_sembrado,12,ABZ7,4142057,7.6982,900.0001
ga,12,ABZ8,1,97.9845,0.0356
ga,12,ABZ8,2,97.9845,0.0366
ga,12,ABZ8,4,97.9845,0.0366
ga,12,ABZ8,8,87.2093,0.0366
ga,12,ABZ8,16,81.7054,0.0386
ga,12,ABZ8,32,81.7054,0.0416
ga,12,ABZ8,64,81.3178,0.0476
ga,12,ABZ8,128,76.1240,0.0586
ga,12,ABZ8,256,76.1240,0.0781
ga,12,ABZ8,512,76.1240,0.1441
ga,12,ABZ8,1024,70.8527,0.2637
ga,12,ABZ8,2048,63.7209,0.4953
ga,12,ABZ8,4096,53.9535,0.9855
ga,12,ABZ8,8192,43.2558,1.8767
ga,12,ABZ8,16384,32.5581,3.6133
ga,12,ABZ8,32768,21.5504,7.1883
ga,12,ABZ8,65536,18.9147,14.0931
ga,12,ABZ8,131072,15.1938,28.1782
ga,12,ABZ8,262144,14.4186,56.2936
ga,12,ABZ8,524288,13.6434,112.2471
ga,12,ABZ8,1048576,13.2558,229.1460
ga,12,ABZ8,2097152,13.2558,455.7355
ga,12,ABZ8,4150251,12.9457,900.0009
ga,12,ABZ9,1,107.0348,0.0370
ga,12,ABZ9,2,96.8230,0.0370
ga,12,ABZ9,4,79.6520,0.0370
ga,12,ABZ9,8,79.6520,0.0380
ga,12,ABZ9,16,79.6520,0.0390
ga,12,ABZ9,32,74.3570,0.0420
ga,12,ABZ9,64,74.3570,0.0470
ga,12,ABZ9,128,74.3570,0.0550
ga,12,ABZ9,256,67.8517,0.0750
ga,12,ABZ9,512,67.8517,0.1370
ga,12,ABZ9,1024,66.9440,0.2646
ga,12,ABZ9,2048,57.7912,0.5022
ga,12,ABZ9,4096,50.6051,0.9609
ga,12,ABZ9,8192,39.0318,1.8093
ga,12,ABZ9,16384,29.1982,3.6312
ga,12,ABZ9,32768,21.0287,7.2257
ga,12,ABZ9,65536,15.9607,14.2745
ga,12,ABZ9,131072,15.1286,28.2716
ga,12,ABZ9,262144,12.4811,56.3555
ga,12,ABZ9,524288,12.4811,112.4465
ga,12,ABZ9,1048576,12.4811,229.3586
ga,12,ABZ9,2097152,11.9516,457.3729
ga,12,ABZ9,4158095,11.9516,900.0005
regla_bon,12,ABZ8,1,24.7287,0.0120
regla_bon,12,ABZ8,2,24.7287,0.0240
regla_bon,12,ABZ8,4,24.3411,0.0460
regla_bon,12,ABZ8,8,23.3333,0.0890
regla_bon,12,ABZ8,16,23.3333,0.1766
regla_bon,12,ABZ8,32,23.3333,0.3526
regla_bon,12,ABZ8,64,23.3333,0.7113
regla_bon,12,ABZ8,128,22.4806,1.3705
regla_bon,12,ABZ8,256,21.5504,2.7137
regla_bon,12,ABZ8,512,18.6822,5.3169
regla_bon,12,ABZ8,1024,18.5271,10.4967
regla_bon,12,ABZ8,2048,18.5271,20.8565
regla_bon,12,ABZ8,4096,18.5271,41.4771
regla_bon,12,ABZ8,8192,17.4419,83.3865
regla_bon,12,ABZ8,16384,17.4419,169.7701
regla_bon,12,ABZ8,32768,17.4419,340.7327
regla_bon,12,ABZ8,65536,16.6667,675.1253
regla_bon,12,ABZ8,87449,16.6667,900.0075
ga_sembrado,12,ABZ8,1,24.7287,0.0370
ga_sembrado,12,ABZ8,2,24.7287,0.0370
ga_sembrado,12,ABZ8,4,24.7287,0.0370
ga_sembrado,12,ABZ8,8,24.7287,0.0380
ga_sembrado,12,ABZ8,16,24.7287,0.0390
ga_sembrado,12,ABZ8,32,24.7287,0.0420
ga_sembrado,12,ABZ8,64,24.7287,0.0470
ga_sembrado,12,ABZ8,128,24.7287,0.0580
ga_sembrado,12,ABZ8,256,24.7287,0.0760
ga_sembrado,12,ABZ8,512,24.7287,0.1350
ga_sembrado,12,ABZ8,1024,24.7287,0.2626
ga_sembrado,12,ABZ8,2048,24.7287,0.4962
ga_sembrado,12,ABZ8,4096,23.1783,0.9799
ga_sembrado,12,ABZ8,8192,21.1628,1.8508
ga_sembrado,12,ABZ8,16384,20.0000,3.6282
ga_sembrado,12,ABZ8,32768,17.6744,7.0961
ga_sembrado,12,ABZ8,65536,17.3643,14.1199
ga_sembrado,12,ABZ8,131072,17.3643,28.2636
ga_sembrado,12,ABZ8,262144,17.3643,56.3475
ga_sembrado,12,ABZ8,524288,17.2868,112.5071
ga_sembrado,12,ABZ8,1048576,17.2868,229.7992
ga_sembrado,12,ABZ8,2097152,17.2868,458.7001
ga_sembrado,12,ABZ8,4132993,17.2868,900.0005
ga_sembrado,12,ABZ9,1,33.3585,0.0410
ga_sembrado,12,ABZ9,2,33.3585,0.0410
ga_sembrado,12,ABZ9,4,33.3585,0.0410
ga_sembrado,12,ABZ9,8,33.3585,0.0420
ga_sembrado,12,ABZ9,16,33.3585,0.0430
ga_sembrado,12,ABZ9,32,33.3585,0.0460
ga_sembrado,12,ABZ9,64,33.3585,0.0510
ga_sembrado,12,ABZ9,128,33.3585,0.0610
ga_sembrado,12,ABZ9,256,33.3585,0.0811
ga_sembrado,12,ABZ9,512,33.3585,0.1381
ga_sembrado,12,ABZ9,1024,33.3585,0.2547
ga_sembrado,12,ABZ9,2048,33.3585,0.5013
ga_sembrado,12,ABZ9,4096,32.9803,0.9439
ga_sembrado,12,ABZ9,8192,28.2905,1.8168
ga_sembrado,12,ABZ9,16384,26.3238,3.6152
ga_sembrado,12,ABZ9,32768,24.0545,7.2172
ga_sembrado,12,ABZ9,65536,22.3903,14.4526
ga_sembrado,12,ABZ9,131072,20.1967,28.6259
ga_sembrado,12,ABZ9,262144,19.5159,56.6147
ga_sembrado,12,ABZ9,524288,18.9107,112.7099
ga_sembrado,12,ABZ9,1048576,18.7595,229.6547
ga_sembrado,12,ABZ9,2097152,18.1543,458.1189
ga_sembrado,12,ABZ9,4146543,18.0030,900.0006
regla_bon,12,ABZ9,1,33.3585,0.0120
regla_bon,12,ABZ9,2,26.3238,0.0240
regla_bon,12,ABZ9,4,26.3238,0.0490
regla_bon,12,ABZ9,8,26.3238,0.0921
regla_bon,12,ABZ9,16,26.3238,0.1811
regla_bon,12,ABZ9,32,26.3238,0.3562
regla_bon,12,ABZ9,64,26.3238,0.6793
regla_bon,12,ABZ9,128,25.1891,1.3024
regla_bon,12,ABZ9,256,25.1891,2.6682
regla_bon,12,ABZ9,512,24.2057,5.3070
regla_bon,12,ABZ9,1024,21.7852,10.4823
regla_bon,12,ABZ9,2048,21.0287,20.8640
regla_bon,12,ABZ9,4096,21.0287,41.9448
regla_bon,12,ABZ9,8192,21.0287,83.7162
regla_bon,12,ABZ9,16384,21.0287,169.9539
regla_bon,12,ABZ9,32768,20.2723,340.4921
regla_bon,12,ABZ9,65536,19.2133,676.0688
regla_bon,12,ABZ9,87273,19.2133,900.0026
ga,13,FT10,1,80.6452,0.0130
ga,13,FT10,2,80.6452,0.0130
ga,13,FT10,4,69.2473,0.0130
ga,13,FT10,8,57.1505,0.0130
ga,13,FT10,16,57.1505,0.0130
ga,13,FT10,32,49.6774,0.0140
ga,13,FT10,64,49.6774,0.0160
ga,13,FT10,128,49.6774,0.0198
ga,13,FT10,256,49.6774,0.0255
ga,13,FT10,512,46.2903,0.0446
ga,13,FT10,1024,36.7742,0.0832
ga,13,FT10,2048,31.5591,0.1622
ga,13,FT10,4096,23.6022,0.3378
ga,13,FT10,8192,9.5699,0.6670
ga,13,FT10,16384,6.7742,1.3143
ga,13,FT10,32768,6.7742,2.6647
ga,13,FT10,65536,6.7742,5.3602
ga,13,FT10,131072,6.7742,10.6706
ga,13,FT10,262144,6.7742,21.2435
ga,13,FT10,524288,6.7742,42.2231
ga,13,FT10,1048576,6.7742,84.8217
ga,13,FT10,2097152,6.7742,170.6776
ga,13,FT10,4194304,6.7742,340.2825
ga,13,FT10,8388608,6.7742,679.5989
ga,13,FT10,11125744,6.7742,900.0008
ga_sembrado,13,FT10,1,20.3763,0.0130
ga_sembrado,13,FT10,2,20.3763,0.0130
ga_sembrado,13,FT10,4,20.3763,0.0130
ga_sembrado,13,FT10,8,20.3763,0.0130
ga_sembrado,13,FT10,16,20.3763,0.0135
ga_sembrado,13,FT10,32,20.3763,0.0145
ga_sembrado,13,FT10,64,20.3763,0.0155
ga_sembrado,13,FT10,128,20.3763,0.0195
ga_sembrado,13,FT10,256,20.3763,0.0265
ga_sembrado,13,FT10,512,20.3763,0.0475
ga_sembrado,13,FT10,1024,20.3763,0.0845
ga_sembrado,13,FT10,2048,20.3763,0.1691
ga_sembrado,13,FT10,4096,12.4731,0.3337
ga_sembrado,13,FT10,8192,7.1505,0.6854
ga_sembrado,13,FT10,16384,3.6022,1.3639
ga_sembrado,13,FT10,32768,2.4731,2.6811
ga_sembrado,13,FT10,65536,2.0430,5.3200
ga_sembrado,13,FT10,131072,1.7204,10.6959
ga_sembrado,13,FT10,262144,1.7204,21.2288
ga_sembrado,13,FT10,524288,1.7204,42.1483
ga_sembrado,13,FT10,1048576,1.7204,85.0306
ga_sembrado,13,FT10,2097152,1.7204,170.9151
ga_sembrado,13,FT10,4194304,1.7204,339.2730
ga_sembrado,13,FT10,8388608,1.7204,679.5182
ga_sembrado,13,FT10,11121312,1.7204,900.0005
regla_bon,13,FT10,1,20.3763,0.0020
regla_bon,13,FT10,2,18.0645,0.0040
regla_bon,13,FT10,4,18.0645,0.0070
regla_bon,13,FT10,8,18.0645,0.0135
regla_bon,13,FT10,16,11.2903,0.0255
regla_bon,13,FT10,32,9.7312,0.0495
regla_bon,13,FT10,64,9.7312,0.1191
regla_bon,13,FT10,128,7.9570,0.2616
regla_bon,13,FT10,256,7.7419,0.5278
regla_bon,13,FT10,512,7.7419,1.0400
regla_bon,13,FT10,1024,4.0860,2.1328
regla_bon,13,FT10,2048,4.0860,4.2715
regla_bon,13,FT10,4096,4.0860,8.6025
regla_bon,13,FT10,8192,4.0860,17.2857
regla_bon,13,FT10,16384,3.8710,34.2223
regla_bon,13,FT10,32768,3.8710,68.0220
regla_bon,13,FT10,65536,3.8710,136.9591
regla_bon,13,FT10,131072,3.4409,271.9549
regla_bon,13,FT10,262144,3.4946,544.6663
regla_bon,13,FT10,434011,3.4946,900.0025
ga,13,FT20,1,89.9571,0.0095
ga,13,FT20,2,78.7124,0.0095
ga,13,FT20,4,78.7124,0.0095
ga,13,FT20,8,67.4678,0.0095
ga,13,FT20,16,54.7639,0.0095
ga,13,FT20,32,52.7039,0.0105
ga,13,FT20,64,52.7039,0.0115
ga,13,FT20,128,50.6438,0.0145
ga,13,FT20,256,45.2361,0.0205
ga,13,FT20,512,42.0172,0.0395
ga,13,FT20,1024,39.8283,0.0805
ga,13,FT20,2048,36.0515,0.1501
ga,13,FT20,4096,28.5837,0.3067
ga,13,FT20,8192,20.0000,0.6514
ga,13,FT20,16384,10.7725,1.3094
ga,13,FT20,32768,5.7511,2.6316
ga,13,FT20,65536,3.1760,5.3351
ga,13,FT20,131072,3.1760,10.7789
ga,13,FT20,262144,3.1760,21.5992
ga,13,FT20,524288,3.1760,42.8036
ga,13,FT20,1048576,3.1760,86.1621
ga,13,FT20,2097152,3.1760,172.8976
ga,13,FT20,4194304,3.1760,344.3308
ga,13,FT20,8388608,3.1760,687.1606
ga,13,FT20,10998139,3.1760,900.0005
ga_sembrado,13,FT20,1,13.2189,0.0130
ga_sembrado,13,FT20,2,13.2189,0.0130
ga_sembrado,13,FT20,4,13.2189,0.0130
ga_sembrado,13,FT20,8,13.2189,0.0140
ga_sembrado,13,FT20,16,13.2189,0.0140
ga_sembrado,13,FT20,32,13.2189,0.0140
ga_sembrado,13,FT20,64,13.2189,0.0160
ga_sembrado,13,FT20,128,13.2189,0.0180
ga_sembrado,13,FT20,256,13.2189,0.0240
ga_sembrado,13,FT20,512,13.2189,0.0460
ga_sembrado,13,FT20,1024,13.2189,0.0880
ga_sembrado,13,FT20,2048,13.2189,0.1641
ga_sembrado,13,FT20,4096,12.8326,0.3167
ga_sembrado,13,FT20,8192,11.9742,0.6468
ga_sembrado,13,FT20,16384,11.6738,1.3178
ga_sembrado,13,FT20,32768,10.3433,2.6611
ga_sembrado,13,FT20,65536,8.4120,5.3835
ga_sembrado,13,FT20,131072,8.0687,10.8530
ga_sembrado,13,FT20,262144,5.8798,21.5146
ga_sembrado,13,FT20,524288,5.8369,43.0131
ga_sembrado,13,FT20,1048576,5.8369,86.3950
ga_sembrado,13,FT20,2097152,5.8369,173.2488
ga_sembrado,13,FT20,4194304,5.8369,344.5209
ga_sembrado,13,FT20,8388608,5.8369,687.6902
ga_sembrado,13,FT20,10984072,5.8369,900.0009
regla_bon,13,FT20,1,13.2189,0.0030
regla_bon,13,FT20,2,13.2189,0.0070
regla_bon,13,FT20,4,13.2189,0.0130
regla_bon,13,FT20,8,13.2189,0.0260
regla_bon,13,FT20,16,13.2189,0.0520
regla_bon,13,FT20,32,12.5322,0.1000
regla_bon,13,FT20,64,10.4292,0.1891
regla_bon,13,FT20,128,7.1674,0.3917
regla_bon,13,FT20,256,7.1674,0.7824
regla_bon,13,FT20,512,7.1674,1.5765
regla_bon,13,FT20,1024,7.1674,3.1187
regla_bon,13,FT20,2048,7.1674,6.2330
regla_bon,13,FT20,4096,7.1674,12.5791
regla_bon,13,FT20,8192,7.1674,25.1255
regla_bon,13,FT20,16384,6.9528,49.9477
regla_bon,13,FT20,32768,6.9528,99.9871
regla_bon,13,FT20,65536,5.9657,200.0639
regla_bon,13,FT20,131072,6.0944,398.5027
regla_bon,13,FT20,262144,6.0944,796.2497
regla_bon,13,FT20,296577,6.0944,900.0029
ga,13,La21,1,106.0229,0.0151
ga,13,La21,2,89.8662,0.0151
ga,13,La21,4,89.8662,0.0151
ga,13,La21,8,89.8662,0.0161
ga,13,La21,16,63.3843,0.0161
ga,13,La21,32,63.3843,0.0171
ga,13,La21,64,51.6730,0.0191
ga,13,La21,128,51.6730,0.0231
ga,13,La21,256,51.6730,0.0332
ga,13,La21,512,50.7170,0.0653
ga,13,La21,1024,45.3155,0.1304
ga,13,La21,2048,39.1969,0.2479
ga,13,La21,4096,31.1663,0.4795
ga,13,La21,8192,22.0363,0.9388
ga,13,La21,16384,11.2811,1.9013
ga,13,La21,32768,6.3098,3.8172
ga,13,La21,65536,4.3021,7.5249
ga,13,La21,131072,3.5373,15.0794
ga,13,La21,262144,2.5813,30.1956
ga,13,La21,524288,2.5813,59.7454
ga,13,La21,1048576,1.6252,119.6359
ga,13,La21,2097152,1.4818,238.8623
ga,13,La21,4194304,1.4818,480.1348
ga,13,La21,7862718,1.4818,900.0001
ga_sembrado,13,La21,1,15.0096,0.0140
ga_sembrado,13,La21,2,15.0096,0.0140
ga_sembrado,13,La21,4,15.0096,0.0140
ga_sembrado,13,La21,8,15.0096,0.0140
ga_sembrado,13,La21,16,15.0096,0.0150
ga_sembrado,13,La21,32,15.0096,0.0160
ga_sembrado,13,La21,64,15.0096,0.0180
ga_sembrado,13,La21,128,15.0096,0.0240
ga_sembrado,13,La21,256,15.0096,0.0330
ga_sembrado,13,La21,512,15.0096,0.0580
ga_sembrado,13,La21,1024,15.0096,0.1235
ga_sembrado,13,La21,2048,15.0096,0.2561
ga_sembrado,13,La21,4096,14.6750,0.4607
ga_sembrado,13,La21,8192,14.7228,0.9351
ga_sembrado,13,La21,16384,11.7113,1.8620
ga_sembrado,13,La21,32768,9.8470,3.6990
ga_sembrado,13,La21,65536,9.2734,7.5241
ga_sembrado,13,La21,131072,6.7878,15.1611
ga_sembrado,13,La21,262144,7.1224,30.2878
ga_sembrado,13,La21,524288,4.4933,60.1638
ga_sembrado,13,La21,1048576,4.2065,120.0062
ga_sembrado,13,La21,2097152,4.2065,240.2252
ga_sembrado,13,La21,4194304,3.9675,482.8177
ga_sembrado,13,La21,7833378,3.9675,900.0007
ga,13,La24,1,85.2406,0.0140
ga,13,La24,2,85.2406,0.0140
ga,13,La24,4,84.0642,0.0140
ga,13,La24,8,79.0374,0.0150
ga,13,La24,16,71.6578,0.0150
ga,13,La24,32,65.2406,0.0160
ga,13,La24,64,64.5455,0.0190
ga,13,La24,128,64.5455,0.0230
ga,13,La24,256,45.7219,0.0340
ga,13,La24,512,45.7219,0.0670
ga,13,La24,1024,45.7219,0.1235
ga,13,La24,2048,37.4332,0.2411
ga,13,La24,4096,31.3904,0.4777
ga,13,La24,8192,20.6417,0.9361
ga,13,La24,16384,14.4385,1.9035
ga,13,La24,32768,10.3743,3.7445
ga,13,La24,65536,10.2674,7.6441
ga,13,La24,131072,9.8396,15.2181
ga,13,La24,262144,5.2406,30.4394
ga,13,La24,524288,5.2406,60.4283
ga,13,La24,1048576,5.2406,120.8144
ga,13,La24,2097152,5.2406,240.6979
ga,13,La24,4194304,5.2406,483.3706
ga,13,La24,7827546,5.2406,900.0007
regla_bon,13,La21,1,15.0096,0.0050
regla_bon,13,La21,2,15.0096,0.0090
regla_bon,13,La21,4,15.0096,0.0170
regla_bon,13,La21,8,15.0096,0.0340
regla_bon,13,La21,16,15.9178,0.0660
regla_bon,13,La21,32,12.8107,0.1285
regla_bon,13,La21,64,12.8107,0.2521
regla_bon,13,La21,128,12.8107,0.5117
regla_bon,13,La21,256,11.4723,1.0291
regla_bon,13,La21,512,11.4723,2.0591
regla_bon,13,La21,1024,11.4723,4.1083
regla_bon,13,La21,2048,10.9943,8.0849
regla_bon,13,La21,4096,10.9943,16.3357
regla_bon,13,La21,8192,10.0860,32.7642
regla_bon,13,La21,16384,9.7036,65.1346
regla_bon,13,La21,32768,9.7036,130.5652
regla_bon,13,La21,65536,9.7036,260.3684
regla_bon,13,La21,131072,9.7036,522.0089
regla_bon,13,La21,226204,7.9828,900.0047
regla_bon,13,La24,1,10.1070,0.0050
regla_bon,13,La24,2,10.1070,0.0090
regla_bon,13,La24,4,10.1070,0.0170
regla_bon,13,La24,8,8.1283,0.0330
regla_bon,13,La24,16,8.1283,0.0690
regla_bon,13,La24,32,7.8075,0.1375
regla_bon,13,La24,64,7.8075,0.2666
regla_bon,13,La24,128,7.8075,0.5339
regla_bon,13,La24,256,7.8075,1.0501
regla_bon,13,La24,512,8.1818,2.0793
regla_bon,13,La24,1024,8.1818,4.1448
regla_bon,13,La24,2048,7.7540,8.2559
regla_bon,13,La24,4096,7.7540,16.6334
regla_bon,13,La24,8192,7.7540,33.4362
regla_bon,13,La24,16384,5.3476,66.3202
regla_bon,13,La24,32768,6.0428,132.9140
regla_bon,13,La24,65536,6.0428,265.4563
regla_bon,13,La24,131072,6.0428,532.8783
regla_bon,13,La24,221585,6.0428,900.0003
ga_sembrado,13,La24,1,10.1070,0.0150
ga_sembrado,13,La24,2,10.1070,0.0150
ga_sembrado,13,La24,4,10.1070,0.0150
ga_sembrado,13,La24,8,10.1070,0.0150
ga_sembrado,13,La24,16,10.1070,0.0160
ga_sembrado,13,La24,32,10.1070,0.0170
ga_sembrado,13,La24,64,10.1070,0.0200
ga_sembrado,13,La24,128,10.1070,0.0240
ga_sembrado,13,La24,256,10.1070,0.0310
ga_sembrado,13,La24,512,10.1070,0.0620
ga_sembrado,13,La24,1024,10.1070,0.1235
ga_sembrado,13,La24,2048,10.1070,0.2356
ga_sembrado,13,La24,4096,9.9465,0.4718
ga_sembrado,13,La24,8192,9.4652,0.9436
ga_sembrado,13,La24,16384,9.1979,1.9070
ga_sembrado,13,La24,32768,6.7914,3.8122
ga_sembrado,13,La24,65536,5.8289,7.4280
ga_sembrado,13,La24,131072,4.5455,15.1230
ga_sembrado,13,La24,262144,4.2246,30.1743
ga_sembrado,13,La24,524288,4.2246,59.8607
ga_sembrado,13,La24,1048576,4.2246,119.7431
ga_sembrado,13,La24,2097152,4.2246,239.8225
ga_sembrado,13,La24,4194304,4.2246,480.6386
ga_sembrado,13,La24,7861865,4.1711,900.0003
ga,13,La25,1,100.5118,0.0200
ga,13,La25,2,86.2845,0.0200
ga,13,La25,4,77.0727,0.0200
ga,13,La25,8,77.0727,0.0200
ga,13,La25,16,63.5107,0.0210
ga,13,La25,32,63.5107,0.0220
ga,13,La25,64,63.5107,0.0250
ga,13,La25,128,60.4913,0.0300
ga,13,La25,256,54.0430,0.0400
ga,13,La25,512,47.4411,0.0730
ga,13,La25,1024,47.4411,0.1240
ga,13,La25,2048,28.0962,0.2455
ga,13,La25,4096,25.0768,0.4816
ga,13,La25,8192,17.7584,0.9723
ga,13,La25,16384,11.6684,1.9473
ga,13,La25,32768,11.6684,3.9150
ga,13,La25,65536,11.6684,7.7624
ga,13,La25,131072,9.3142,15.4596
ga,13,La25,262144,9.3142,30.9791
ga,13,La25,524288,9.3142,61.3542
ga,13,La25,1048576,9.3142,122.5680
ga,13,La25,2097152,9.3142,246.9029
ga,13,La25,4194304,9.3142,492.4936
ga,13,La25,7552109,9.3142,900.0002
ga,13,La27,1,102.3482,0.0250
ga,13,La27,2,76.4777,0.0250
ga,13,La27,4,76.4777,0.0250
ga,13,La27,8,59.6761,0.0260
ga,13,La27,16,59.6761,0.0270
ga,13,La27,32,56.3563,0.0280
ga,13,La27,64,56.3563,0.0320
ga,13,La27,128,56.3563,0.0390
ga,13,La27,256,56.3563,0.0540
ga,13,La27,512,54.0486,0.0950
ga,13,La27,1024,52.7935,0.1740
ga,13,La27,2048,47.7733,0.3196
ga,13,La27,4096,34.0081,0.6117
ga,13,La27,8192,27.2470,1.2267
ga,13,La27,16384,16.6802,2.4909
ga,13,La27,32768,8.0972,4.8491
ga,13,La27,65536,7.3684,9.6807
ga,13,La27,131072,7.3684,19.3865
ga,13,La27,262144,7.3684,38.8393
ga,13,La27,524288,7.3684,77.6729
ga,13,La27,1048576,7.3684,155.8087
ga,13,La27,2097152,7.3684,312.2292
ga,13,La27,4194304,7.3684,621.2010
ga,13,La27,5978050,7.3684,900.0002
regla_bon,13,La25,1,11.8219,0.0050
regla_bon,13,La25,2,11.8219,0.0090
regla_bon,13,La25,4,11.8219,0.0170
regla_bon,13,La25,8,11.8219,0.0350
regla_bon,13,La25,16,11.8219,0.0670
regla_bon,13,La25,32,11.3613,0.1260
regla_bon,13,La25,64,10.5425,0.2426
regla_bon,13,La25,128,10.5425,0.4937
regla_bon,13,La25,256,9.3654,0.9919
regla_bon,13,La25,512,9.3654,1.9873
regla_bon,13,La25,1024,5.6807,4.0278
regla_bon,13,La25,2048,5.6807,8.1557
regla_bon,13,La25,4096,5.6807,16.4906
regla_bon,13,La25,8192,5.6807,32.7346
regla_bon,13,La25,16384,5.6807,65.1946
regla_bon,13,La25,32768,5.6807,130.6087
regla_bon,13,La25,65536,5.7318,262.3631
regla_bon,13,La25,131072,4.6059,524.2727
regla_bon,13,La25,221372,4.6059,900.0042
ga_sembrado,13,La25,1,11.8219,0.0120
ga_sembrado,13,La25,2,11.8219,0.0120
ga_sembrado,13,La25,4,11.8219,0.0120
ga_sembrado,13,La25,8,11.8219,0.0120
ga_sembrado,13,La25,16,11.8219,0.0120
ga_sembrado,13,La25,32,11.8219,0.0130
ga_sembrado,13,La25,64,11.8219,0.0150
ga_sembrado,13,La25,128,11.8219,0.0190
ga_sembrado,13,La25,256,11.8219,0.0280
ga_sembrado,13,La25,512,11.8219,0.0510
ga_sembrado,13,La25,1024,11.8219,0.1060
ga_sembrado,13,La25,2048,11.8219,0.2376
ga_sembrado,13,La25,4096,11.8219,0.4647
ga_sembrado,13,La25,8192,11.3101,0.9369
ga_sembrado,13,La25,16384,9.7748,1.8338
ga_sembrado,13,La25,32768,9.7748,3.7206
ga_sembrado,13,La25,65536,9.7748,7.5059
ga_sembrado,13,La25,131072,9.7748,15.1811
ga_sembrado,13,La25,262144,9.4166,30.1074
ga_sembrado,13,La25,524288,7.4207,59.7700
ga_sembrado,13,La25,1048576,7.4207,119.7077
ga_sembrado,13,La25,2097152,7.4207,241.3215
ga_sembrado,13,La25,4194304,7.4207,482.6099
ga_sembrado,13,La25,7688110,7.4207,900.0002
regla_bon,13,La27,1,24.9798,0.0080
regla_bon,13,La27,2,19.8785,0.0150
regla_bon,13,La27,4,17.8138,0.0300
regla_bon,13,La27,8,17.8138,0.0590
regla_bon,13,La27,16,16.2348,0.1170
regla_bon,13,La27,32,16.2348,0.2181
regla_bon,13,La27,64,16.2348,0.4482
regla_bon,13,La27,128,14.8178,0.8683
regla_bon,13,La27,256,14.6154,1.7357
regla_bon,13,La27,512,11.3765,3.5091
regla_bon,13,La27,1024,11.1741,6.9291
regla_bon,13,La27,2048,11.7004,13.7628
regla_bon,13,La27,4096,11.2146,27.6472
regla_bon,13,La27,8192,10.4858,55.1044
regla_bon,13,La27,16384,7.9757,110.1516
regla_bon,13,La27,32768,7.8543,222.3921
regla_bon,13,La27,65536,8.0972,443.9033
regla_bon,13,La27,131072,6.8826,899.9577
regla_bon,13,La27,131078,6.8826,900.0012
ga_sembrado,13,La27,1,24.9798,0.0190
ga_sembrado,13,La27,2,24.9798,0.0190
ga_sembrado,13,La27,4,24.9798,0.0200
ga_sembrado,13,La27,8,24.9798,0.0200
ga_sembrado,13,La27,16,24.9798,0.0200
ga_sembrado,13,La27,32,24.9798,0.0220
ga_sembrado,13,La27,64,24.9798,0.0240
ga_sembrado,13,La27,128,24.9798,0.0290
ga_sembrado,13,La27,256,24.9798,0.0410
ga_sembrado,13,La27,512,24.9798,0.0710
ga_sembrado,13,La27,1024,24.9798,0.1360
ga_sembrado,13,La27,2048,24.9798,0.2856
ga_sembrado,13,La27,4096,22.0243,0.5798
ga_sembrado,13,La27,8192,19.6761,1.1551
ga_sembrado,13,La27,16384,14.9393,2.3144
ga_sembrado,13,La27,32768,13.3198,4.7510
ga_sembrado,13,La27,65536,10.8097,9.6141
ga_sembrado,13,La27,131072,10.8097,19.3055
ga_sembrado,13,La27,262144,10.8097,38.5698
ga_sembrado,13,La27,524288,9.5142,77.1957
ga_sembrado,13,La27,1048576,8.8259,154.7738
ga_sembrado,13,La27,2097152,8.6640,311.4728
ga_sembrado,13,La27,4194304,8.6640,620.0393
ga_sembrado,13,La27,5982498,8.6640,900.0003
ga,13,La29,1,102.3003,0.0250
ga,13,La29,2,88.5417,0.0250
ga,13,La29,4,88.5417,0.0250
ga,13,La29,8,77.6910,0.0260
ga,13,La29,16,77.6910,0.0270
ga,13,La29,32,73.6111,0.0280
ga,13,La29,64,54.2535,0.0320
ga,13,La29,128,54.2535,0.0390
ga,13,La29,256,54.2535,0.0540
ga,13,La29,512,54.2535,0.0965
ga,13,La29,1024,51.3889,0.1795
ga,13,La29,2048,48.9583,0.3436
ga,13,La29,4096,43.1424,0.6838
ga,13,La29,8192,31.0330,1.3647
ga,13,La29,16384,21.0069,2.7525
ga,13,La29,32768,13.9757,5.4377
ga,13,La29,65536,13.6285,11.4538
ga,13,La29,131072,13.1076,22.2491
ga,13,La29,262144,13.1076,42.8386
ga,13,La29,524288,13.1076,81.7622
ga,13,La29,1048576,13.1076,159.4828
ga,13,La29,2097152,13.1076,317.1921
ga,13,La29,4194304,8.2031,628.7452
ga,13,La29,5995134,8.2031,900.0001
ga,13,La38,1,91.3043,0.0285
ga,13,La38,2,86.2876,0.0285
ga,13,La38,4,86.2876,0.0285
ga,13,La38,8,86.2876,0.0295
ga,13,La38,16,66.5552,0.0305
ga,13,La38,32,60.7023,0.0315
ga,13,La38,64,60.7023,0.0355
ga,13,La38,128,60.7023,0.0435
ga,13,La38,256,55.1839,0.0585
ga,13,La38,512,51.6304,0.1071
ga,13,La38,1024,51.6304,0.2021
ga,13,La38,2048,47.2408,0.3932
ga,13,La38,4096,39.6321,0.7679
ga,13,La38,8192,31.6054,1.5327
ga,13,La38,16384,21.8645,3.0683
ga,13,La38,32768,17.5167,6.0164
ga,13,La38,65536,14.1304,12.6836
ga,13,La38,131072,13.9632,24.8553
ga,13,La38,262144,13.9632,47.1167
ga,13,La38,524288,13.9632,89.8983
ga,13,La38,1048576,13.9632,175.9550
ga,13,La38,2097152,11.8729,349.8261
ga,13,La38,4194304,11.8729,693.9203
ga,13,La38,5426084,11.8729,900.0006
regla_bon,13,La29,1,13.4115,0.0080
regla_bon,13,La29,2,13.4115,0.0155
regla_bon,13,La29,4,13.4115,0.0315
regla_bon,13,La29,8,13.4115,0.0595
regla_bon,13,La29,16,13.4115,0.1181
regla_bon,13,La29,32,13.4115,0.2346
regla_bon,13,La29,64,13.4115,0.4672
regla_bon,13,La29,128,13.7587,0.9446
regla_bon,13,La29,256,11.8490,1.8999
regla_bon,13,La29,512,12.3264,3.8172
regla_bon,13,La29,1024,11.8056,8.1017
regla_bon,13,La29,2048,11.8056,15.8777
regla_bon,13,La29,4096,11.9358,31.6082
regla_bon,13,La29,8192,11.0677,59.0974
regla_bon,13,La29,16384,10.9809,113.9252
regla_bon,13,La29,32768,11.8924,223.7605
regla_bon,13,La29,65536,11.9358,446.6137
regla_bon,13,La29,131072,11.9358,893.3221
regla_bon,13,La29,132003,11.9358,900.0046
ga_sembrado,13,La29,1,13.4115,0.0245
ga_sembrado,13,La29,2,13.4115,0.0245
ga_sembrado,13,La29,4,13.4115,0.0245
ga_sembrado,13,La29,8,13.4115,0.0255
ga_sembrado,13,La29,16,13.4115,0.0265
ga_sembrado,13,La29,32,13.4115,0.0275
ga_sembrado,13,La29,64,13.4115,0.0305
ga_sembrado,13,La29,128,13.4115,0.0375
ga_sembrado,13,La29,256,13.4115,0.0525
ga_sembrado,13,La29,512,13.4115,0.0941
ga_sembrado,13,La29,1024,13.4115,0.1781
ga_sembrado,13,La29,2048,13.4115,0.3457
ga_sembrado,13,La29,4096,13.0208,0.6789
ga_sembrado,13,La29,8192,11.7188,1.3527
ga_sembrado,13,La29,16384,10.4167,2.7456
ga_sembrado,13,La29,32768,10.2865,5.4007
ga_sembrado,13,La29,65536,10.2865,11.3793
ga_sembrado,13,La29,131072,9.4618,22.1371
ga_sembrado,13,La29,262144,7.5087,42.8007
ga_sembrado,13,La29,524288,6.5972,81.3827
ga_sembrado,13,La29,1048576,6.5972,158.6489
ga_sembrado,13,La29,2097152,6.5972,315.4476
ga_sembrado,13,La29,4194304,6.2500,625.0938
ga_sembrado,13,La29,6031283,6.2500,900.0006
regla_bon,13,La38,1,14.9666,0.0080
regla_bon,13,La38,2,14.9666,0.0140
regla_bon,13,La38,4,13.6706,0.0270
regla_bon,13,La38,8,13.6706,0.0540
regla_bon,13,La38,16,13.6706,0.1071
regla_bon,13,La38,32,13.6706,0.2156
regla_bon,13,La38,64,12.2910,0.4328
regla_bon,13,La38,128,12.2910,0.8715
regla_bon,13,La38,256,10.0334,1.7694
regla_bon,13,La38,512,10.0334,3.5065
regla_bon,13,La38,1024,10.0334,7.2397
regla_bon,13,La38,2048,10.0334,14.6452
regla_bon,13,La38,4096,10.8278,29.1656
regla_bon,13,La38,8192,9.4064,54.2740
regla_bon,13,La38,16384,8.5284,104.4770
regla_bon,13,La38,32768,7.8595,204.9781
regla_bon,13,La38,65536,6.1455,407.5221
regla_bon,13,La38,131072,6.1455,806.6390
regla_bon,13,La38,145493,6.1455,900.0021
ga_sembrado,13,La38,1,14.9666,0.0270
ga_sembrado,13,La38,2,14.9666,0.0270
ga_sembrado,13,La38,4,14.9666,0.0270
ga_sembrado,13,La38,8,14.9666,0.0280
ga_sembrado,13,La38,16,14.9666,0.0290
ga_sembrado,13,La38,32,14.9666,0.0310
ga_sembrado,13,La38,64,14.9666,0.0340
ga_sembrado,13,La38,128,14.9666,0.0420
ga_sembrado,13,La38,256,14.9666,0.0570
ga_sembrado,13,La38,512,14.9666,0.1031
ga_sembrado,13,La38,1024,14.9666,0.2036
ga_sembrado,13,La38,2048,14.9666,0.3958
ga_sembrado,13,La38,4096,11.4967,0.7680
ga_sembrado,13,La38,8192,10.2425,1.5142
ga_sembrado,13,La38,16384,6.8562,3.0598
ga_sembrado,13,La38,32768,6.0619,6.0120
ga_sembrado,13,La38,65536,6.0619,12.6910
ga_sembrado,13,La38,131072,6.0619,24.9383
ga_sembrado,13,La38,262144,6.0619,47.4390
ga_sembrado,13,La38,524288,6.0619,90.2309
ga_sembrado,13,La38,1048576,6.0619,176.0021
ga_sembrado,13,La38,2097152,6.0619,351.1607
ga_sembrado,13,La38,4194304,6.0619,694.7908
ga_sembrado,13,La38,5421202,5.6438,900.0001
ga,13,La40,1,86.1293,0.0270
ga,13,La40,2,86.1293,0.0280
ga,13,La40,4,86.1293,0.0280
ga,13,La40,8,86.1293,0.0280
ga,13,La40,16,72.5041,0.0290
ga,13,La40,32,70.2128,0.0310
ga,13,La40,64,70.2128,0.0350
ga,13,La40,128,62.3568,0.0420
ga,13,La40,256,62.3568,0.0540
ga,13,La40,512,60.3110,0.0940
ga,13,La40,1024,55.5646,0.1831
ga,13,La40,2048,38.7480,0.3631
ga,13,La40,4096,37.3977,0.7043
ga,13,La40,8192,22.9951,1.3691
ga,13,La40,16384,14.7300,2.7032
ga,13,La40,32768,9.0016,5.3649
ga,13,La40,65536,6.9149,10.7788
ga,13,La40,131072,5.2782,21.5014
ga,13,La40,262144,5.1964,43.1784
ga,13,La40,524288,4.0098,86.1503
ga,13,La40,1048576,4.0098,172.2903
ga,13,La40,2097152,4.0098,344.7393
ga,13,La40,4194304,3.2324,687.2617
ga,13,La40,5477361,3.2324,900.0005
ga_sembrado,13,La40,1,13.2570,0.0240
ga_sembrado,13,La40,2,13.2570,0.0240
ga_sembrado,13,La40,4,13.2570,0.0240
ga_sembrado,13,La40,8,13.2570,0.0240
ga_sembrado,13,La40,16,13.2570,0.0250
ga_sembrado,13,La40,32,13.2570,0.0270
ga_sembrado,13,La40,64,13.2570,0.0300
ga_sembrado,13,La40,128,13.2570,0.0380
ga_sembrado,13,La40,256,13.2570,0.0530
ga_sembrado,13,La40,512,13.2570,0.0970
ga_sembrado,13,La40,1024,13.2570,0.1811
ga_sembrado,13,La40,2048,13.2570,0.3482
ga_sembrado,13,La40,4096,12.4386,0.6798
ga_sembrado,13,La40,8192,11.0065,1.3412
ga_sembrado,13,La40,16384,10.4337,2.7076
ga_sembrado,13,La40,32768,10.4746,5.4511
ga_sembrado,13,La40,65536,9.5336,10.8289
ga_sembrado,13,La40,131072,7.8151,21.6605
ga_sembrado,13,La40,262144,7.6923,43.0579
ga_sembrado,13,La40,524288,7.6923,85.8072
ga_sembrado,13,La40,1048576,7.6923,171.9791
ga_sembrado,13,La40,2097152,7.6923,344.0411
ga_sembrado,13,La40,4194304,7.6923,686.8035
ga_sembrado,13,La40,5473582,7.6923,900.0005
ga,13,ABZ7,1,104.4207,0.0320
ga,13,ABZ7,2,97.4085,0.0320
ga,13,ABZ7,4,97.4085,0.0320
ga,13,ABZ7,8,81.0976,0.0330
ga,13,ABZ7,16,81.0976,0.0340
ga,13,ABZ7,32,79.0396,0.0370
ga,13,ABZ7,64,79.0396,0.0410
ga,13,ABZ7,128,77.1341,0.0510
ga,13,ABZ7,256,62.5762,0.0690
ga,13,ABZ7,512,62.5762,0.1240
ga,13,ABZ7,1024,57.3171,0.2271
ga,13,ABZ7,2048,53.4299,0.4342
ga,13,ABZ7,4096,46.3415,0.8609
ga,13,ABZ7,8192,36.9665,1.7544
ga,13,ABZ7,16384,28.2012,3.4885
ga,13,ABZ7,32768,16.5396,7.0119
ga,13,ABZ7,65536,11.5091,13.9889
ga,13,ABZ7,131072,11.1280,28.1495
ga,13,ABZ7,262144,8.8415,55.9458
ga,13,ABZ7,524288,8.7652,112.8215
ga,13,ABZ7,1048576,8.7652,225.1805
ga,13,ABZ7,2097152,8.7652,450.6690
ga,13,ABZ7,4180303,8.7652,900.0005
regla_bon,13,La40,1,13.2570,0.0070
regla_bon,13,La40,2,13.2570,0.0120
regla_bon,13,La40,4,13.2570,0.0240
regla_bon,13,La40,8,13.2570,0.0490
regla_bon,13,La40,16,13.2570,0.0990
regla_bon,13,La40,32,13.2570,0.1991
regla_bon,13,La40,64,11.4157,0.3902
regla_bon,13,La40,128,11.4157,0.7739
regla_bon,13,La40,256,9.2881,1.5212
regla_bon,13,La40,512,9.2881,3.1028
regla_bon,13,La40,1024,10.7201,6.2479
regla_bon,13,La40,2048,9.4517,12.4001
regla_bon,13,La40,4096,9.3699,24.8273
regla_bon,13,La40,8192,9.0016,49.5320
regla_bon,13,La40,16384,8.7561,99.3140
regla_bon,13,La40,32768,7.9378,198.4720
regla_bon,13,La40,65536,7.9378,396.4442
regla_bon,13,La40,131072,7.9378,794.9875
regla_bon,13,La40,148404,7.9378,900.0055
regla_bon,13,ABZ7,1,19.6646,0.0100
regla_bon,13,ABZ7,2,17.5305,0.0190
regla_bon,13,ABZ7,4,18.2927,0.0420
regla_bon,13,ABZ7,8,15.4726,0.0861
regla_bon,13,ABZ7,16,15.4726,0.1741
regla_bon,13,ABZ7,32,14.6341,0.3382
regla_bon,13,ABZ7,64,13.6433,0.6738
regla_bon,13,ABZ7,128,13.6433,1.3463
regla_bon,13,ABZ7,256,11.7378,2.7073
regla_bon,13,ABZ7,512,11.7378,5.3400
regla_bon,13,ABZ7,1024,11.7378,10.5598
regla_bon,13,ABZ7,2048,11.7378,21.2108
regla_bon,13,ABZ7,4096,11.7378,42.4316
regla_bon,13,ABZ7,8192,11.7378,84.3576
regla_bon,13,ABZ7,16384,11.7378,169.9968
regla_bon,13,ABZ7,32768,8.6890,339.4830
regla_bon,13,ABZ7,65536,8.6890,677.1955
regla_bon,13,ABZ7,86880,8.6890,900.0001
ga_sembrado,13,ABZ7,1,19.6646,0.0380
ga_sembrado,13,ABZ7,2,19.6646,0.0380
ga_sembrado,13,ABZ7,4,19.6646,0.0380
ga_sembrado,13,ABZ7,8,19.6646,0.0390
ga_sembrado,13,ABZ7,16,19.6646,0.0400
ga_sembrado,13,ABZ7,32,19.6646,0.0430
ga_sembrado,13,ABZ7,64,19.6646,0.0480
ga_sembrado,13,ABZ7,128,19.6646,0.0585
ga_sembrado,13,ABZ7,256,19.6646,0.0786
ga_sembrado,13,ABZ7,512,19.6646,0.1341
ga_sembrado,13,ABZ7,1024,19.6646,0.2537
ga_sembrado,13,ABZ7,2048,19.6646,0.4767
ga_sembrado,13,ABZ7,4096,17.9878,0.9075
ga_sembrado,13,ABZ7,8192,15.1677,1.8004
ga_sembrado,13,ABZ7,16384,13.1098,3.6083
ga_sembrado,13,ABZ7,32768,12.0427,7.1158
ga_sembrado,13,ABZ7,65536,10.4421,14.2081
ga_sembrado,13,ABZ7,131072,10.3659,28.7644
ga_sembrado,13,ABZ7,262144,9.7561,56.8773
ga_sembrado,13,ABZ7,524288,9.6037,114.1420
ga_sembrado,13,ABZ7,1048576,9.2226,227.7429
ga_sembrado,13,ABZ7,2097152,9.2226,455.4381
ga_sembrado,13,ABZ7,4145454,8.0793,900.0001
ga,13,ABZ8,1,101.8605,0.0280
ga,13,ABZ8,2,101.8605,0.0280
ga,13,ABZ8,4,101.8605,0.0290
ga,13,ABZ8,8,97.4419,0.0290
ga,13,ABZ8,16,93.5659,0.0310
ga,13,ABZ8,32,91.7829,0.0330
ga,13,ABZ8,64,87.8295,0.0380
ga,13,ABZ8,128,83.9535,0.0480
ga,13,ABZ8,256,75.9690,0.0680
ga,13,ABZ8,512,73.0233,0.1245
ga,13,ABZ8,1024,63.7209,0.2381
ga,13,ABZ8,2048,60.7752,0.4422
ga,13,ABZ8,4096,53.3333,0.8739
ga,13,ABZ8,8192,43.4109,1.7431
ga,13,ABZ8,16384,31.9380,3.4874
ga,13,ABZ8,32768,20.5426,6.9703
ga,13,ABZ8,65536,14.7287,14.0577
ga,13,ABZ8,131072,13.9535,28.0880
ga,13,ABZ8,262144,13.9535,55.7617
ga,13,ABZ8,524288,13.8760,111.4286
ga,13,ABZ8,1048576,11.2403,224.2684
ga,13,ABZ8,2097152,11.2403,449.8793
ga,13,ABZ8,4188550,11.2403,900.0005
ga,13,ABZ9,1,103.1770,0.0340
ga,13,ABZ9,2,103.1770,0.0340
ga,13,ABZ9,4,103.7821,0.0340
ga,13,ABZ9,8,85.9304,0.0350
ga,13,ABZ9,16,86.8381,0.0360
ga,13,ABZ9,32,86.8381,0.0390
ga,13,ABZ9,64,80.5598,0.0450
ga,13,ABZ9,128,77.4584,0.0540
ga,13,ABZ9,256,77.4584,0.0750
ga,13,ABZ9,512,71.8608,0.1321
ga,13,ABZ9,1024,65.4312,0.2407
ga,13,ABZ9,2048,62.4054,0.4623
ga,13,ABZ9,4096,53.6309,0.8859
ga,13,ABZ9,8192,47.3525,1.7516
ga,13,ABZ9,16384,33.5098,3.4955
ga,13,ABZ9,32768,23.9788,7.1159
ga,13,ABZ9,65536,21.4826,14.1504
ga,13,ABZ9,131072,19.8941,28.7395
ga,13,ABZ9,262144,19.6672,56.6426
ga,13,ABZ9,524288,19.5159,113.1858
ga,13,ABZ9,1048576,18.6082,226.6375
ga,13,ABZ9,2097152,18.6082,453.6471
ga,13,ABZ9,4153745,18.6082,900.0006
regla_bon,13,ABZ8,1,24.7287,0.0100
regla_bon,13,ABZ8,2,24.7287,0.0205
regla_bon,13,ABZ8,4,24.7287,0.0420
regla_bon,13,ABZ8,8,24.6512,0.0860
regla_bon,13,ABZ8,16,24.6512,0.1631
regla_bon,13,ABZ8,32,24.1860,0.3358
regla_bon,13,ABZ8,64,24.1860,0.6573
regla_bon,13,ABZ8,128,21.9380,1.3330
regla_bon,13,ABZ8,256,20.8527,2.6766
regla_bon,13,ABZ8,512,20.8527,5.2210
regla_bon,13,ABZ8,1024,19.6899,10.3544
regla_bon,13,ABZ8,2048,18.9922,20.8105
regla_bon,13,ABZ8,4096,18.5271,41.8975
regla_bon,13,ABZ8,8192,17.5194,83.4970
regla_bon,13,ABZ8,16384,17.5194,166.6195
regla_bon,13,ABZ8,32768,17.3643,334.7661
regla_bon,13,ABZ8,65536,17.4419,671.9428
regla_bon,13,ABZ8,87878,17.0543,900.0066
ga_sembrado,13,ABZ8,1,24.7287,0.0370
ga_sembrado,13,ABZ8,2,24.7287,0.0370
ga_sembrado,13,ABZ8,4,24.7287,0.0370
ga_sembrado,13,ABZ8,8,24.7287,0.0380
ga_sembrado,13,ABZ8,16,24.7287,0.0390
ga_sembrado,13,ABZ8,32,24.7287,0.0410
ga_sembrado,13,ABZ8,64,24.7287,0.0460
ga_sembrado,13,ABZ8,128,24.7287,0.0550
ga_sembrado,13,ABZ8,256,24.7287,0.0740
ga_sembrado,13,ABZ8,512,24.7287,0.1311
ga_sembrado,13,ABZ8,1024,24.7287,0.2537
ga_sembrado,13,ABZ8,2048,24.7287,0.4743
ga_sembrado,13,ABZ8,4096,24.7287,0.9219
ga_sembrado,13,ABZ8,8192,21.1628,1.7806
ga_sembrado,13,ABZ8,16384,20.9302,3.5707
ga_sembrado,13,ABZ8,32768,19.2248,7.0869
ga_sembrado,13,ABZ8,65536,18.8372,14.0484
ga_sembrado,13,ABZ8,131072,18.0620,28.1920
ga_sembrado,13,ABZ8,262144,17.2868,56.2388
ga_sembrado,13,ABZ8,524288,17.2868,112.3050
ga_sembrado,13,ABZ8,1048576,16.8217,224.4716
ga_sembrado,13,ABZ8,2097152,16.8217,449.5477
ga_sembrado,13,ABZ8,4194304,16.0465,899.3278
ga_sembrado,13,ABZ8,4197477,16.0465,900.0006
regla_bon,13,ABZ9,1,33.3585,0.0120
regla_bon,13,ABZ9,2,33.1316,0.0201
regla_bon,13,ABZ9,4,29.6520,0.0421
regla_bon,13,ABZ9,8,28.2148,0.0841
regla_bon,13,ABZ9,16,27.9879,0.1711
regla_bon,13,ABZ9,32,26.4750,0.3482
regla_bon,13,ABZ9,64,23.9788,0.6782
regla_bon,13,ABZ9,128,23.9788,1.2775
regla_bon,13,ABZ9,256,21.7095,2.5945
regla_bon,13,ABZ9,512,21.7095,5.2015
regla_bon,13,ABZ9,1024,21.7095,10.4495
regla_bon,13,ABZ9,2048,21.7095,20.9976
regla_bon,13,ABZ9,4096,19.2890,42.3597
regla_bon,13,ABZ9,8192,19.2890,83.8736
regla_bon,13,ABZ9,16384,19.2890,167.7472
regla_bon,13,ABZ9,32768,19.2890,336.6426
regla_bon,13,ABZ9,65536,20.9531,674.1320
regla_bon,13,ABZ9,87501,20.1210,900.0025
ga_sembrado,13,ABZ9,1,33.3585,0.0351
ga_sembrado,13,ABZ9,2,33.3585,0.0351
ga_sembrado,13,ABZ9,4,33.3585,0.0351
ga_sembrado,13,ABZ9,8,33.3585,0.0361
ga_sembrado,13,ABZ9,16,33.3585,0.0371
ga_sembrado,13,ABZ9,32,33.3585,0.0401
ga_sembrado,13,ABZ9,64,33.3585,0.0451
ga_sembrado,13,ABZ9,128,33.3585,0.0561
ga_sembrado,13,ABZ9,256,33.3585,0.0781
ga_sembrado,13,ABZ9,512,33.3585,0.1321
ga_sembrado,13,ABZ9,1024,33.3585,0.2506
ga_sembrado,13,ABZ9,2048,33.3585,0.4572
ga_sembrado,13,ABZ9,4096,32.6021,0.8403
ga_sembrado,13,ABZ9,8192,24.9622,1.7306
ga_sembrado,13,ABZ9,16384,23.0711,3.5021
ga_sembrado,13,ABZ9,32768,20.4992,7.0128
ga_sembrado,13,ABZ9,65536,19.6672,14.0318
ga_sembrado,13,ABZ9,131072,19.6672,28.4153
ga_sembrado,13,ABZ9,262144,19.6672,56.4070
ga_sembrado,13,ABZ9,524288,16.4145,112.5985
ga_sembrado,13,ABZ9,1048576,13.4644,224.7595
ga_sembrado,13,ABZ9,2097152,13.1619,449.8813
ga_sembrado,13,ABZ9,4194304,13.1619,899.9695
ga_sembrado,13,ABZ9,4194457,13.1619,900.0005
ga,14,FT10,1,118.6022,0.0090
ga,14,FT10,2,91.8280,0.0090
ga,14,FT10,4,66.8817,0.0090
ga,14,FT10,8,66.8817,0.0090
ga,14,FT10,16,61.1828,0.0090
ga,14,FT10,32,57.4194,0.0100
ga,14,FT10,64,55.2688,0.0110
ga,14,FT10,128,55.2688,0.0140
ga,14,FT10,256,47.5806,0.0190
ga,14,FT10,512,47.5806,0.0360
ga,14,FT10,1024,36.0753,0.0690
ga,14,FT10,2048,31.3978,0.1341
ga,14,FT10,4096,25.2151,0.3032
ga,14,FT10,8192,18.3871,0.6248
ga,14,FT10,16384,8.9785,1.3137
ga,14,FT10,32768,8.8172,2.8492
ga,14,FT10,65536,7.4194,6.0327
ga,14,FT10,131072,7.4194,11.6134
ga,14,FT10,262144,7.4194,22.1508
ga,14,FT10,524288,7.4194,43.3025
ga,14,FT10,1048576,7.4194,86.1028
ga,14,FT10,2097152,7.4194,171.7146
ga,14,FT10,4194304,7.4194,343.3666
ga,14,FT10,8388608,7.4194,683.7993
ga,14,FT10,11042375,7.4194,900.0007
ga_sembrado,14,FT10,1,20.3763,0.0130
ga_sembrado,14,FT10,2,20.3763,0.0130
ga_sembrado,14,FT10,4,20.3763,0.0130
ga_sembrado,14,FT10,8,20.3763,0.0130
ga_sembrado,14,FT10,16,20.3763,0.0140
ga_sembrado,14,FT10,32,20.3763,0.0150
ga_sembrado,14,FT10,64,20.3763,0.0170
ga_sembrado,14,FT10,128,20.3763,0.0200
ga_sembrado,14,FT10,256,20.3763,0.0270
ga_sembrado,14,FT10,512,20.3763,0.0495
ga_sembrado,14,FT10,1024,20.3763,0.0820
ga_sembrado,14,FT10,2048,18.7097,0.1560
ga_sembrado,14,FT10,4096,10.9677,0.3286
ga_sembrado,14,FT10,8192,6.1290,0.6603
ga_sembrado,14,FT10,16384,5.5914,1.4521
ga_sembrado,14,FT10,32768,4.1398,3.0657
ga_sembrado,14,FT10,65536,4.1398,6.1686
ga_sembrado,14,FT10,131072,4.1398,11.6534
ga_sembrado,14,FT10,262144,4.1398,22.2637
ga_sembrado,14,FT10,524288,4.1398,43.9607
ga_sembrado,14,FT10,1048576,4.1398,86.2323
ga_sembrado,14,FT10,2097152,4.1398,171.8416
ga_sembrado,14,FT10,4194304,4.1398,344.7449
ga_sembrado,14,FT10,8388608,4.1398,687.9595
ga_sembrado,14,FT10,10985309,4.1398,900.0001
regla_bon,14,FT10,1,20.3763,0.0020
regla_bon,14,FT10,2,13.4409,0.0040
regla_bon,14,FT10,4,13.4409,0.0090
regla_bon,14,FT10,8,12.4731,0.0190
regla_bon,14,FT10,16,8.7634,0.0360
regla_bon,14,FT10,32,8.7634,0.0720
regla_bon,14,FT10,64,8.7634,0.1390
regla_bon,14,FT10,128,8.7634,0.2711
regla_bon,14,FT10,256,7.9032,0.5163
regla_bon,14,FT10,512,6.2903,1.1086
regla_bon,14,FT10,1024,6.2903,2.3695
regla_bon,14,FT10,2048,6.2903,4.8989
regla_bon,14,FT10,4096,6.2903,9.4847
regla_bon,14,FT10,8192,3.8710,17.8913
regla_bon,14,FT10,16384,3.8710,35.1697
regla_bon,14,FT10,32768,3.8710,68.7536
regla_bon,14,FT10,65536,3.8710,136.5267
regla_bon,14,FT10,131072,3.4946,273.7028
regla_bon,14,FT10,262144,3.4946,545.9984
regla_bon,14,FT10,433592,3.4946,900.0001
ga,14,FT20,1,58.3691,0.0130
ga,14,FT20,2,58.3691,0.0130
ga,14,FT20,4,58.3691,0.0130
ga,14,FT20,8,51.6738,0.0140
ga,14,FT20,16,51.6738,0.0140
ga,14,FT20,32,37.5107,0.0150
ga,14,FT20,64,37.5107,0.0170
ga,14,FT20,128,37.5107,0.0200
ga,14,FT20,256,37.5107,0.0280
ga,14,FT20,512,37.5107,0.0515
ga,14,FT20,1024,31.3305,0.0980
ga,14,FT20,2048,31.3305,0.1905
ga,14,FT20,4096,20.7725,0.3446
ga,14,FT20,8192,14.7210,0.6619
ga,14,FT20,16384,10.9013,1.4511
ga,14,FT20,32768,6.1373,3.0097
ga,14,FT20,65536,6.0515,6.1106
ga,14,FT20,131072,4.0343,11.5839
ga,14,FT20,262144,4.0343,22.2387
ga,14,FT20,524288,3.2618,43.6496
ga,14,FT20,1048576,3.2618,86.2723
ga,14,FT20,2097152,3.2618,172.4787
ga,14,FT20,4194304,3.2618,345.7628
ga,14,FT20,8388608,3.2618,689.9419
ga,14,FT20,10937673,3.2618,900.0001
regla_bon,14,FT20,1,13.2189,0.0040
regla_bon,14,FT20,2,13.2189,0.0070
regla_bon,14,FT20,4,13.2189,0.0140
regla_bon,14,FT20,8,13.2189,0.0275
regla_bon,14,FT20,16,13.2189,0.0531
regla_bon,14,FT20,32,12.7897,0.1061
regla_bon,14,FT20,64,11.4163,0.2122
regla_bon,14,FT20,128,10.2575,0.3867
regla_bon,14,FT20,256,10.2575,0.7690
regla_bon,14,FT20,512,10.2575,1.6907
regla_bon,14,FT20,1024,9.0129,3.4936
regla_bon,14,FT20,2048,9.0129,7.0284
regla_bon,14,FT20,4096,7.5966,13.1610
regla_bon,14,FT20,8192,6.9957,25.3281
regla_bon,14,FT20,16384,6.9957,50.1329
regla_bon,14,FT20,32768,6.9957,99.6611
regla_bon,14,FT20,65536,6.4378,199.1284
regla_bon,14,FT20,131072,6.2661,398.6585
regla_bon,14,FT20,262144,5.9657,793.8832
regla_bon,14,FT20,297287,5.9657,900.0006
ga_sembrado,14,FT20,1,13.2189,0.0120
ga_sembrado,14,FT20,2,13.2189,0.0120
ga_sembrado,14,FT20,4,13.2189,0.0130
ga_sembrado,14,FT20,8,13.2189,0.0130
ga_sembrado,14,FT20,16,13.2189,0.0130
ga_sembrado,14,FT20,32,13.2189,0.0140
ga_sembrado,14,FT20,64,13.2189,0.0160
ga_sembrado,14,FT20,128,13.2189,0.0195
ga_sembrado,14,FT20,256,13.2189,0.0265
ga_sembrado,14,FT20,512,13.2189,0.0491
ga_sembrado,14,FT20,1024,13.2189,0.0941
ga_sembrado,14,FT20,2048,13.2189,0.1876
ga_sembrado,14,FT20,4096,12.8755,0.3567
ga_sembrado,14,FT20,8192,11.9742,0.7044
ga_sembrado,14,FT20,16384,11.6309,1.5847
ga_sembrado,14,FT20,32768,10.2146,3.2118
ga_sembrado,14,FT20,65536,6.6524,6.3047
ga_sembrado,14,FT20,131072,4.0343,11.7930
ga_sembrado,14,FT20,262144,1.6309,22.4784
ga_sembrado,14,FT20,524288,1.6309,44.0337
ga_sembrado,14,FT20,1048576,1.6309,86.6563
ga_sembrado,14,FT20,2097152,1.6309,173.7745
ga_sembrado,14,FT20,4194304,1.6309,347.3403
ga_sembrado,14,FT20,8388608,1.6309,692.9774
ga_sembrado,14,FT20,10901524,1.6309,900.0006
ga,14,La21,1,95.9847,0.0150
ga,14,La21,2,53.2027,0.0160
ga,14,La21,4,53.2027,0.0160
ga,14,La21,8,53.2027,0.0160
ga,14,La21,16,53.2027,0.0160
ga,14,La21,32,53.2027,0.0170
ga,14,La21,64,53.2027,0.0190
ga,14,La21,128,53.2027,0.0230
ga,14,La21,256,53.2027,0.0310
ga,14,La21,512,53.2027,0.0610
ga,14,La21,1024,45.0287,0.1210
ga,14,La21,2048,34.2256,0.2535
ga,14,La21,4096,31.8356,0.5186
ga,14,La21,8192,25.2390,1.0002
ga,14,La21,16384,12.2371,1.8673
ga,14,La21,32768,8.3174,3.8051
ga,14,La21,65536,5.4493,7.5763
ga,14,La21,131072,5.1147,15.0447
ga,14,La21,262144,5.1147,30.1832
ga,14,La21,524288,5.1147,60.0878
ga,14,La21,1048576,5.1147,120.1882
ga,14,La21,2097152,5.1147,241.7658
ga,14,La21,4194304,4.3021,488.8094
ga,14,La21,7758967,4.3021,900.0000
regla_bon,14,La21,1,15.0096,0.0050
regla_bon,14,La21,2,15.0096,0.0080
regla_bon,14,La21,4,15.0096,0.0170
regla_bon,14,La21,8,15.4876,0.0340
regla_bon,14,La21,16,15.0574,0.0670
regla_bon,14,La21,32,15.8222,0.1440
regla_bon,14,La21,64,11.8547,0.2830
regla_bon,14,La21,128,11.8547,0.5406
regla_bon,14,La21,256,11.1377,1.0676
regla_bon,14,La21,512,9.8948,2.1211
regla_bon,14,La21,1024,9.8470,4.1994
regla_bon,14,La21,2048,9.8470,8.2692
regla_bon,14,La21,4096,8.7476,16.3828
regla_bon,14,La21,8192,8.7476,32.8237
regla_bon,14,La21,16384,8.9866,65.0541
regla_bon,14,La21,32768,9.9904,129.5427
regla_bon,14,La21,65536,8.4608,259.3359
regla_bon,14,La21,131072,8.4608,525.6356
regla_bon,14,La21,225431,8.4608,900.0006
ga_sembrado,14,La21,1,15.0096,0.0190
ga_sembrado,14,La21,2,15.0096,0.0190
ga_sembrado,14,La21,4,15.0096,0.0190
ga_sembrado,14,La21,8,15.0096,0.0190
ga_sembrado,14,La21,16,15.0096,0.0200
ga_sembrado,14,La21,32,15.0096,0.0210
ga_sembrado,14,La21,64,15.0096,0.0240
ga_sembrado,14,La21,128,15.0096,0.0290
ga_sembrado,14,La21,256,15.0096,0.0400
ga_sembrado,14,La21,512,15.0096,0.0730
ga_sembrado,14,La21,1024,15.0096,0.1390
ga_sembrado,14,La21,2048,15.0096,0.2710
ga_sembrado,14,La21,4096,15.0096,0.5096
ga_sembrado,14,La21,8192,13.3843,0.9745
ga_sembrado,14,La21,16384,12.1893,1.9290
ga_sembrado,14,La21,32768,9.8470,3.7277
ga_sembrado,14,La21,65536,8.2218,7.4979
ga_sembrado,14,La21,131072,8.2696,14.9893
ga_sembrado,14,La21,262144,7.8872,29.8176
ga_sembrado,14,La21,524288,7.2658,59.6866
ga_sembrado,14,La21,1048576,7.2658,119.5332
ga_sembrado,14,La21,2097152,5.9751,239.2548
ga_sembrado,14,La21,4194304,4.5411,486.1794
ga_sembrado,14,La21,7796010,4.5411,900.0006
ga,14,La24,1,116.7914,0.0180
ga,14,La24,2,98.1818,0.0180
ga,14,La24,4,89.9465,0.0180
ga,14,La24,8,80.0000,0.0190
ga,14,La24,16,73.4225,0.0190
ga,14,La24,32,61.6043,0.0210
ga,14,La24,64,61.6043,0.0230
ga,14,La24,128,57.9144,0.0290
ga,14,La24,256,57.9144,0.0400
ga,14,La24,512,51.1230,0.0730
ga,14,La24,1024,48.6631,0.1490
ga,14,La24,2048,37.5936,0.2800
ga,14,La24,4096,25.4545,0.5176
ga,14,La24,8192,19.6791,1.0066
ga,14,La24,16384,11.1230,1.9640
ga,14,La24,32768,10.3743,3.8693
ga,14,La24,65536,9.7861,7.5719
ga,14,La24,131072,9.0909,15.1483
ga,14,La24,262144,9.0909,30.0836
ga,14,La24,524288,9.0909,60.1459
ga,14,La24,1048576,9.0909,120.6365
ga,14,La24,2097152,9.0909,241.0165
ga,14,La24,4194304,9.0909,489.4591
ga,14,La24,7756853,8.8235,900.0006
regla_bon,14,La24,1,10.1070,0.0050
regla_bon,14,La24,2,9.9465,0.0100
regla_bon,14,La24,4,9.9465,0.0190
regla_bon,14,La24,8,9.9465,0.0360
regla_bon,14,La24,16,9.9465,0.0730
regla_bon,14,La24,32,9.9465,0.1380
regla_bon,14,La24,64,9.1444,0.2736
regla_bon,14,La24,128,9.1444,0.5467
regla_bon,14,La24,256,6.7380,1.0767
regla_bon,14,La24,512,6.7380,2.1282
regla_bon,14,La24,1024,7.7005,4.1949
regla_bon,14,La24,2048,7.5936,8.3093
regla_bon,14,La24,4096,7.5936,16.5219
regla_bon,14,La24,8192,7.0053,33.4184
regla_bon,14,La24,16384,7.0053,66.4383
regla_bon,14,La24,32768,7.0053,132.9140
regla_bon,14,La24,65536,5.8289,265.5150
regla_bon,14,La24,131072,5.1872,536.8436
regla_bon,14,La24,220529,5.1872,900.0036
ga_sembrado,14,La24,1,10.1070,0.0190
ga_sembrado,14,La24,2,10.1070,0.0190
ga_sembrado,14,La24,4,10.1070,0.0190
ga_sembrado,14,La24,8,10.1070,0.0190
ga_sembrado,14,La24,16,10.1070,0.0200
ga_sembrado,14,La24,32,10.1070,0.0210
ga_sembrado,14,La24,64,10.1070,0.0220
ga_sembrado,14,La24,128,10.1070,0.0280
ga_sembrado,14,La24,256,10.1070,0.0360
ga_sembrado,14,La24,512,10.1070,0.0680
ga_sembrado,14,La24,1024,10.1070,0.1280
ga_sembrado,14,La24,2048,10.1070,0.2496
ga_sembrado,14,La24,4096,10.1070,0.4461
ga_sembrado,14,La24,8192,9.8396,0.8936
ga_sembrado,14,La24,16384,9.8396,1.8340
ga_sembrado,14,La24,32768,8.3422,3.7203
ga_sembrado,14,La24,65536,6.1497,7.5904
ga_sembrado,14,La24,131072,6.1497,15.0414
ga_sembrado,14,La24,262144,6.1497,30.2747
ga_sembrado,14,La24,524288,6.1497,60.4167
ga_sembrado,14,La24,1048576,3.8503,119.9062
ga_sembrado,14,La24,2097152,2.6738,240.0187
ga_sembrado,14,La24,4194304,2.6738,486.9126
ga_sembrado,14,La24,7791127,2.6738,900.0007
ga,14,La25,1,119.0379,0.0200
ga,14,La25,2,98.4647,0.0200
ga,14,La25,4,74.8209,0.0200
ga,14,La25,8,73.8997,0.0200
ga,14,La25,16,58.7513,0.0210
ga,14,La25,32,56.8066,0.0220
ga,14,La25,64,52.7124,0.0240
ga,14,La25,128,52.7124,0.0280
ga,14,La25,256,47.7994,0.0370
ga,14,La25,512,47.7994,0.0675
ga,14,La25,1024,45.1382,0.1221
ga,14,La25,2048,32.8557,0.2361
ga,14,La25,4096,26.7656,0.4817
ga,14,La25,8192,16.1720,0.9253
ga,14,La25,16384,9.5189,1.8906
ga,14,La25,32768,7.8813,4.0415
ga,14,La25,65536,7.0624,8.1734
ga,14,La25,131072,7.0624,15.7976
ga,14,La25,262144,7.0624,30.7025
ga,14,La25,524288,7.0624,60.9109
ga,14,La25,1048576,7.0624,120.3578
ga,14,La25,2097152,1.0747,240.6699
ga,14,La25,4194304,1.0747,482.5986
ga,14,La25,7852436,1.0747,900.0003
ga_sembrado,14,La25,1,11.8219,0.0120
ga_sembrado,14,La25,2,11.8219,0.0120
ga_sembrado,14,La25,4,11.8219,0.0120
ga_sembrado,14,La25,8,11.8219,0.0130
ga_sembrado,14,La25,16,11.8219,0.0130
ga_sembrado,14,La25,32,11.8219,0.0150
ga_sembrado,14,La25,64,11.8219,0.0170
ga_sembrado,14,La25,128,11.8219,0.0230
ga_sembrado,14,La25,256,11.8219,0.0340
ga_sembrado,14,La25,512,11.8219,0.0640
ga_sembrado,14,La25,1024,11.8219,0.1135
ga_sembrado,14,La25,2048,11.8219,0.2241
ga_sembrado,14,La25,4096,11.4125,0.4691
ga_sembrado,14,La25,8192,10.1842,0.9289
ga_sembrado,14,La25,16384,9.7748,1.8540
ga_sembrado,14,La25,32768,9.7748,4.1090
ga_sembrado,14,La25,65536,9.6213,8.2152
ga_sembrado,14,La25,131072,7.4207,15.8231
ga_sembrado,14,La25,262144,7.4207,30.8600
ga_sembrado,14,La25,524288,7.4207,60.6363
ga_sembrado,14,La25,1048576,5.5783,120.5542
ga_sembrado,14,La25,2097152,5.5271,240.7124
ga_sembrado,14,La25,4194304,5.5271,483.6505
ga_sembrado,14,La25,7831144,5.5271,900.0008
regla_bon,14,La25,1,11.8219,0.0050
regla_bon,14,La25,2,11.2590,0.0090
regla_bon,14,La25,4,11.2590,0.0190
regla_bon,14,La25,8,11.2590,0.0390
regla_bon,14,La25,16,11.2590,0.0740
regla_bon,14,La25,32,11.2590,0.1405
regla_bon,14,La25,64,9.3142,0.2660
regla_bon,14,La25,128,9.3142,0.5122
regla_bon,14,La25,256,9.3142,1.0315
regla_bon,14,La25,512,8.6489,2.0355
regla_bon,14,La25,1024,7.4719,4.5158
regla_bon,14,La25,2048,7.4719,8.9788
regla_bon,14,La25,4096,7.4719,17.1561
regla_bon,14,La25,8192,7.4719,33.5354
regla_bon,14,La25,16384,6.5507,66.1890
regla_bon,14,La25,32768,6.5507,131.6239
regla_bon,14,La25,65536,4.5548,263.5010
regla_bon,14,La25,131072,4.5548,528.0318
regla_bon,14,La25,224090,4.5548,900.0018
ga,14,La27,1,90.6883,0.0210
ga,14,La27,2,90.6883,0.0210
ga,14,La27,4,90.6883,0.0210
ga,14,La27,8,77.8543,0.0220
ga,14,La27,16,67.2874,0.0230
ga,14,La27,32,67.2874,0.0250
ga,14,La27,64,67.2874,0.0280
ga,14,La27,128,66.8016,0.0350
ga,14,La27,256,61.9433,0.0490
ga,14,La27,512,53.5628,0.0835
ga,14,La27,1024,47.6113,0.1485
ga,14,La27,2048,41.7814,0.3046
ga,14,La27,4096,35.9109,0.5987
ga,14,La27,8192,30.1215,1.2111
ga,14,La27,16384,16.1943,2.5708
ga,14,La27,32768,10.0810,5.3292
ga,14,La27,65536,7.3684,10.4608
ga,14,La27,131072,5.5870,20.1203
ga,14,La27,262144,3.7652,39.6179
ga,14,La27,524288,3.4818,78.1308
ga,14,La27,1048576,3.4818,155.0069
ga,14,La27,2097152,3.4818,312.9682
ga,14,La27,4194304,3.4818,622.6201
ga,14,La27,6081475,3.4818,900.0008
regla_bon,14,La27,1,24.9798,0.0070
regla_bon,14,La27,2,21.7814,0.0140
regla_bon,14,La27,4,17.1660,0.0275
regla_bon,14,La27,8,15.3441,0.0545
regla_bon,14,La27,16,12.8340,0.1105
regla_bon,14,La27,32,12.8340,0.2135
regla_bon,14,La27,64,12.8340,0.4167
regla_bon,14,La27,128,12.8340,0.8384
regla_bon,14,La27,256,11.6599,1.6865
regla_bon,14,La27,512,10.8502,3.7229
regla_bon,14,La27,1024,9.8381,7.4026
regla_bon,14,La27,2048,9.8381,14.3149
regla_bon,14,La27,4096,9.7976,27.9307
regla_bon,14,La27,8192,9.7976,55.1984
regla_bon,14,La27,16384,8.9069,109.4024
regla_bon,14,La27,32768,8.9069,219.1725
regla_bon,14,La27,65536,8.4615,439.6205
regla_bon,14,La27,131072,5.5870,873.7253
regla_bon,14,La27,135065,5.5870,900.0018
ga_sembrado,14,La27,1,24.9798,0.0255
ga_sembrado,14,La27,2,24.9798,0.0255
ga_sembrado,14,La27,4,24.9798,0.0255
ga_sembrado,14,La27,8,24.9798,0.0255
ga_sembrado,14,La27,16,24.9798,0.0265
ga_sembrado,14,La27,32,24.9798,0.0285
ga_sembrado,14,La27,64,24.9798,0.0315
ga_sembrado,14,La27,128,24.9798,0.0395
ga_sembrado,14,La27,256,24.9798,0.0525
ga_sembrado,14,La27,512,24.9798,0.0905
ga_sembrado,14,La27,1024,24.9798,0.1585
ga_sembrado,14,La27,2048,25.0607,0.3131
ga_sembrado,14,La27,4096,20.9717,0.6263
ga_sembrado,14,La27,8192,20.2834,1.1893
ga_sembrado,14,La27,16384,18.2186,2.5759
ga_sembrado,14,La27,32768,13.7652,5.3452
ga_sembrado,14,La27,65536,10.6073,10.4799
ga_sembrado,14,La27,131072,10.2024,20.1424
ga_sembrado,14,La27,262144,10.1215,39.6859
ga_sembrado,14,La27,524288,10.1215,78.2434
ga_sembrado,14,La27,1048576,9.9190,155.7563
ga_sembrado,14,La27,2097152,9.9190,313.0608
ga_sembrado,14,La27,4194304,9.9190,622.4081
ga_sembrado,14,La27,6079177,4.8178,900.0008
ga,14,La29,1,97.7431,0.0200
ga,14,La29,2,97.7431,0.0200
ga,14,La29,4,97.7431,0.0200
ga,14,La29,8,82.7257,0.0210
ga,14,La29,16,64.3229,0.0210
ga,14,La29,32,64.3229,0.0230
ga,14,La29,64,64.3229,0.0260
ga,14,La29,128,64.1927,0.0330
ga,14,La29,256,63.7587,0.0470
ga,14,La29,512,62.5000,0.0830
ga,14,La29,1024,49.5226,0.1605
ga,14,La29,2048,49.5226,0.3101
ga,14,La29,4096,37.9340,0.6301
ga,14,La29,8192,30.7726,1.2530
ga,14,La29,16384,17.5347,2.4836
ga,14,La29,32768,11.3715,4.8753
ga,14,La29,65536,8.8542,9.6246
ga,14,La29,131072,6.9878,21.1680
ga,14,La29,262144,6.5972,40.4381
ga,14,La29,524288,6.5972,79.0701
ga,14,La29,1048576,6.5972,156.3088
ga,14,La29,2097152,6.5972,310.4535
ga,14,La29,4194304,6.5972,619.5133
ga,14,La29,6081599,6.5972,900.0002
ga,14,La38,1,89.4649,0.0240
ga,14,La38,2,89.4649,0.0240
ga,14,La38,4,77.8846,0.0240
ga,14,La38,8,77.8846,0.0250
ga,14,La38,16,77.8846,0.0260
ga,14,La38,32,77.4247,0.0280
ga,14,La38,64,77.4247,0.0320
ga,14,La38,128,67.8094,0.0400
ga,14,La38,256,65.5936,0.0555
ga,14,La38,512,65.5936,0.0925
ga,14,La38,1024,57.7759,0.1715
ga,14,La38,2048,46.4047,0.3250
ga,14,La38,4096,36.7057,0.6307
ga,14,La38,8192,31.7308,1.2685
ga,14,La38,16384,20.0669,2.6552
ga,14,La38,32768,18.0602,5.3621
ga,14,La38,65536,18.1856,10.7152
ga,14,La38,131072,14.8829,23.3848
ga,14,La38,262144,14.8829,44.7910
ga,14,La38,524288,14.6739,87.7591
ga,14,La38,1048576,14.6739,173.8295
ga,14,La38,2097152,14.6739,344.6425
ga,14,La38,4194304,14.6739,688.2084
ga,14,La38,5479975,14.6739,900.0002
regla_bon,14,La29,1,13.4115,0.0050
regla_bon,14,La29,2,13.4115,0.0100
regla_bon,14,La29,4,13.4115,0.0210
regla_bon,14,La29,8,13.4115,0.0420
regla_bon,14,La29,16,13.4115,0.0825
regla_bon,14,La29,32,13.4115,0.1895
regla_bon,14,La29,64,13.4115,0.4071
regla_bon,14,La29,128,15.2344,0.8478
regla_bon,14,La29,256,11.8924,1.6687
regla_bon,14,La29,512,11.3715,3.3545
regla_bon,14,La29,1024,11.3715,6.7086
regla_bon,14,La29,2048,11.8056,13.5795
regla_bon,14,La29,4096,11.8056,28.5087
regla_bon,14,La29,8192,11.6319,55.7900
regla_bon,14,La29,16384,10.2865,110.0831
regla_bon,14,La29,32768,11.4583,219.1636
regla_bon,14,La29,65536,11.4583,437.9403
regla_bon,14,La29,131072,10.0694,876.1733
regla_bon,14,La29,134663,10.0694,900.0042
ga_sembrado,14,La29,1,13.4115,0.0240
ga_sembrado,14,La29,2,13.4115,0.0240
ga_sembrado,14,La29,4,13.4115,0.0240
ga_sembrado,14,La29,8,13.4115,0.0250
ga_sembrado,14,La29,16,13.4115,0.0260
ga_sembrado,14,La29,32,13.4115,0.0270
ga_sembrado,14,La29,64,13.4115,0.0310
ga_sembrado,14,La29,128,13.4115,0.0375
ga_sembrado,14,La29,256,13.4115,0.0515
ga_sembrado,14,La29,512,13.4115,0.0905
ga_sembrado,14,La29,1024,13.4115,0.1715
ga_sembrado,14,La29,2048,13.4115,0.3321
ga_sembrado,14,La29,4096,13.0208,0.6517
ga_sembrado,14,La29,8192,11.9792,1.2645
ga_sembrado,14,La29,16384,10.5903,2.4851
ga_sembrado,14,La29,32768,10.4167,4.8643
ga_sembrado,14,La29,65536,10.0260,9.7793
ga_sembrado,14,La29,131072,9.1146,21.3758
ga_sembrado,14,La29,262144,8.9410,40.6140
ga_sembrado,14,La29,524288,7.0747,78.8965
ga_sembrado,14,La29,1048576,6.9010,155.7285
ga_sembrado,14,La29,2097152,6.9010,309.0999
ga_sembrado,14,La29,4194304,6.9010,616.3340
ga_sembrado,14,La29,6123534,6.9010,900.0002
ga_sembrado,14,La38,1,14.9666,0.0240
ga_sembrado,14,La38,2,14.9666,0.0240
ga_sembrado,14,La38,4,14.9666,0.0240
ga_sembrado,14,La38,8,14.9666,0.0250
ga_sembrado,14,La38,16,14.9666,0.0250
ga_sembrado,14,La38,32,14.9666,0.0270
ga_sembrado,14,La38,64,14.9666,0.0290
ga_sembrado,14,La38,128,14.9666,0.0350
ga_sembrado,14,La38,256,14.9666,0.0460
ga_sembrado,14,La38,512,14.9666,0.0770
ga_sembrado,14,La38,1024,14.9666,0.1521
ga_sembrado,14,La38,2048,14.9666,0.3112
ga_sembrado,14,La38,4096,13.6706,0.6138
ga_sembrado,14,La38,8192,11.7475,1.2356
ga_sembrado,14,La38,16384,10.2425,2.5597
ga_sembrado,14,La38,32768,6.8562,5.3006
ga_sembrado,14,La38,65536,6.4799,10.5742
ga_sembrado,14,La38,131072,6.4799,22.9326
ga_sembrado,14,La38,262144,6.4799,44.4470
ga_sembrado,14,La38,524288,4.5151,87.4361
ga_sembrado,14,La38,1048576,4.5151,173.0848
ga_sembrado,14,La38,2097152,4.5151,345.1859
ga_sembrado,14,La38,4194304,4.5151,688.7539
ga_sembrado,14,La38,5481779,4.5151,900.0007
regla_bon,14,La38,1,14.9666,0.0070
regla_bon,14,La38,2,14.9666,0.0130
regla_bon,14,La38,4,14.9666,0.0240
regla_bon,14,La38,8,14.9666,0.0470
regla_bon,14,La38,16,14.2140,0.0950
regla_bon,14,La38,32,11.7893,0.1891
regla_bon,14,La38,64,11.7893,0.3887
regla_bon,14,La38,128,11.7893,0.7849
regla_bon,14,La38,256,10.9950,1.5492
regla_bon,14,La38,512,10.6605,3.1475
regla_bon,14,La38,1024,10.1589,6.2955
regla_bon,14,La38,2048,9.9916,12.4201
regla_bon,14,La38,4096,10.0334,26.4671
regla_bon,14,La38,8192,10.0334,51.0762
regla_bon,14,La38,16384,10.0334,100.0214
regla_bon,14,La38,32768,8.9465,197.7319
regla_bon,14,La38,65536,7.8177,395.2030
regla_bon,14,La38,131072,7.8177,789.8337
regla_bon,14,La38,148975,7.8177,900.0057
ga,14,La40,1,111.5385,0.0260
ga,14,La40,2,72.4223,0.0260
ga,14,La40,4,72.4223,0.0260
ga,14,La40,8,72.4223,0.0260
ga,14,La40,16,65.7938,0.0270
ga,14,La40,32,65.7938,0.0290
ga,14,La40,64,65.7938,0.0320
ga,14,La40,128,60.1473,0.0400
ga,14,La40,256,60.1473,0.0560
ga,14,La40,512,54.0098,0.1005
ga,14,La40,1024,47.0540,0.1851
ga,14,La40,2048,36.9067,0.3551
ga,14,La40,4096,35.0655,0.6993
ga,14,La40,8192,22.7087,1.3425
ga,14,La40,16384,10.6383,2.7483
ga,14,La40,32768,7.5286,5.4334
ga,14,La40,65536,7.3650,10.7090
ga,14,La40,131072,5.9738,21.4116
ga,14,La40,262144,5.9738,43.1458
ga,14,La40,524288,5.9738,85.7997
ga,14,La40,1048576,5.9738,171.6735
ga,14,La40,2097152,5.0736,343.6422
ga,14,La40,4194304,5.0736,688.2779
ga,14,La40,5489245,5.0736,900.0009
regla_bon,14,La40,1,13.2570,0.0060
regla_bon,14,La40,2,11.8249,0.0110
regla_bon,14,La40,4,11.8249,0.0210
regla_bon,14,La40,8,11.8249,0.0420
regla_bon,14,La40,16,11.8249,0.0910
regla_bon,14,La40,32,11.8249,0.1961
regla_bon,14,La40,64,11.8249,0.3737
regla_bon,14,La40,128,10.7201,0.7670
regla_bon,14,La40,256,9.6972,1.5622
regla_bon,14,La40,512,9.6972,3.1399
regla_bon,14,La40,1024,9.6972,6.2718
regla_bon,14,La40,2048,10.5565,12.4119
regla_bon,14,La40,4096,8.6334,24.9722
regla_bon,14,La40,8192,9.6563,49.5682
regla_bon,14,La40,16384,9.6563,99.4483
regla_bon,14,La40,32768,7.7741,199.6961
regla_bon,14,La40,65536,7.3650,400.0978
regla_bon,14,La40,131072,6.6694,802.1684
regla_bon,14,La40,147156,6.6694,900.0015
ga,14,ABZ7,1,77.9726,0.0350
ga,14,ABZ7,2,77.9726,0.0350
ga,14,ABZ7,4,77.9726,0.0350
ga,14,ABZ7,8,77.9726,0.0350
ga,14,ABZ7,16,77.9726,0.0370
ga,14,ABZ7,32,75.7622,0.0390
ga,14,ABZ7,64,76.9055,0.0440
ga,14,ABZ7,128,73.4756,0.0540
ga,14,ABZ7,256,67.4543,0.0720
ga,14,ABZ7,512,61.2805,0.1190
ga,14,ABZ7,1024,54.8018,0.2286
ga,14,ABZ7,2048,51.4482,0.4473
ga,14,ABZ7,4096,43.3689,0.8628
ga,14,ABZ7,8192,37.5762,1.7282
ga,14,ABZ7,16384,24.9238,3.4736
ga,14,ABZ7,32768,17.9878,7.0123
ga,14,ABZ7,65536,13.8720,14.0988
ga,14,ABZ7,131072,13.8720,28.1960
ga,14,ABZ7,262144,13.8720,56.4385
ga,14,ABZ7,524288,13.8720,112.8173
ga,14,ABZ7,1048576,12.4238,226.3200
ga,14,ABZ7,2097152,10.6707,451.7318
ga,14,ABZ7,4173961,10.2896,900.0005
ga_sembrado,14,La40,1,13.2570,0.0270
ga_sembrado,14,La40,2,13.2570,0.0270
ga_sembrado,14,La40,4,13.2570,0.0270
ga_sembrado,14,La40,8,13.2570,0.0280
ga_sembrado,14,La40,16,13.2570,0.0290
ga_sembrado,14,La40,32,13.2570,0.0300
ga_sembrado,14,La40,64,13.2570,0.0340
ga_sembrado,14,La40,128,13.2570,0.0410
ga_sembrado,14,La40,256,13.2570,0.0550
ga_sembrado,14,La40,512,13.2570,0.0970
ga_sembrado,14,La40,1024,13.2570,0.1831
ga_sembrado,14,La40,2048,13.2570,0.3332
ga_sembrado,14,La40,4096,12.7660,0.6489
ga_sembrado,14,La40,8192,11.5794,1.2786
ga_sembrado,14,La40,16384,11.0065,2.6442
ga_sembrado,14,La40,32768,10.9656,5.3370
ga_sembrado,14,La40,65536,8.4288,10.6874
ga_sembrado,14,La40,131072,7.3650,21.4237
ga_sembrado,14,La40,262144,7.3650,43.0348
ga_sembrado,14,La40,524288,6.7103,85.6938
ga_sembrado,14,La40,1048576,6.7103,171.4431
ga_sembrado,14,La40,2097152,6.7103,342.9340
ga_sembrado,14,La40,4194304,6.7103,688.6430
ga_sembrado,14,La40,5487766,6.7103,900.0000
regla_bon,14,ABZ7,1,19.6646,0.0120
regla_bon,14,ABZ7,2,17.9116,0.0240
regla_bon,14,ABZ7,4,17.2256,0.0485
regla_bon,14,ABZ7,8,13.4909,0.0926
regla_bon,14,ABZ7,16,13.4909,0.1807
regla_bon,14,ABZ7,32,13.4909,0.3603
regla_bon,14,ABZ7,64,13.4909,0.7208
regla_bon,14,ABZ7,128,11.8140,1.3596
regla_bon,14,ABZ7,256,11.8140,2.7037
regla_bon,14,ABZ7,512,11.8140,5.3434
regla_bon,14,ABZ7,1024,11.8140,10.6069
regla_bon,14,ABZ7,2048,11.8140,21.1295
regla_bon,14,ABZ7,4096,10.2896,42.5681
regla_bon,14,ABZ7,8192,10.2896,84.8459
regla_bon,14,ABZ7,16384,10.9756,169.7528
regla_bon,14,ABZ7,32768,9.6037,338.7836
regla_bon,14,ABZ7,65536,9.6037,678.2391
regla_bon,14,ABZ7,87056,9.6037,900.0021
ga_sembrado,14,ABZ7,1,19.6646,0.0376
ga_sembrado,14,ABZ7,2,19.6646,0.0376
ga_sembrado,14,ABZ7,4,19.6646,0.0376
ga_sembrado,14,ABZ7,8,19.6646,0.0386
ga_sembrado,14,ABZ7,16,19.6646,0.0396
ga_sembrado,14,ABZ7,32,19.6646,0.0426
ga_sembrado,14,ABZ7,64,19.6646,0.0476
ga_sembrado,14,ABZ7,128,19.6646,0.0576
ga_sembrado,14,ABZ7,256,19.6646,0.0756
ga_sembrado,14,ABZ7,512,19.6646,0.1306
ga_sembrado,14,ABZ7,1024,19.6646,0.2407
ga_sembrado,14,ABZ7,2048,19.6646,0.4634
ga_sembrado,14,ABZ7,4096,19.6646,0.8824
ga_sembrado,14,ABZ7,8192,16.6921,1.7568
ga_sembrado,14,ABZ7,16384,15.7012,3.6026
ga_sembrado,14,ABZ7,32768,14.1768,7.1333
ga_sembrado,14,ABZ7,65536,11.7378,14.1569
ga_sembrado,14,ABZ7,131072,11.7378,28.3947
ga_sembrado,14,ABZ7,262144,11.2805,56.5541
ga_sembrado,14,ABZ7,524288,9.5274,112.7619
ga_sembrado,14,ABZ7,1048576,9.4512,225.5362
ga_sembrado,14,ABZ7,2097152,8.9939,449.3198
ga_sembrado,14,ABZ7,4194304,8.8415,899.5528
ga_sembrado,14,ABZ7,4196325,8.8415,900.0001
ga,14,ABZ8,1,139.8450,0.0365
ga,14,ABZ8,2,133.4884,0.0365
ga,14,ABZ8,4,126.2016,0.0375
ga,14,ABZ8,8,98.6047,0.0375
ga,14,ABZ8,16,95.6589,0.0385
ga,14,ABZ8,32,83.8760,0.0405
ga,14,ABZ8,64,80.0000,0.0445
ga,14,ABZ8,128,80.0000,0.0515
ga,14,ABZ8,256,80.0000,0.0745
ga,14,ABZ8,512,77.3643,0.1306
ga,14,ABZ8,1024,66.9767,0.2321
ga,14,ABZ8,2048,60.6977,0.4433
ga,14,ABZ8,4096,53.9535,0.8746
ga,14,ABZ8,8192,44.4961,1.7380
ga,14,ABZ8,16384,28.8372,3.6513
ga,14,ABZ8,32768,20.1550,7.1751
ga,14,ABZ8,65536,16.0465,14.1770
ga,14,ABZ8,131072,14.1085,28.3394
ga,14,ABZ8,262144,13.7984,56.8136
ga,14,ABZ8,524288,13.7984,112.6751
ga,14,ABZ8,1048576,13.7984,226.1034
ga,14,ABZ8,2097152,12.8682,454.3115
ga,14,ABZ8,4171760,12.7907,900.0010
ga,14,ABZ9,1,95.9153,0.0380
ga,14,ABZ9,2,86.6868,0.0380
ga,14,ABZ9,4,86.6868,0.0380
ga,14,ABZ9,8,86.6868,0.0390
ga,14,ABZ9,16,78.3661,0.0400
ga,14,ABZ9,32,78.3661,0.0420
ga,14,ABZ9,64,76.5507,0.0450
ga,14,ABZ9,128,76.5507,0.0560
ga,14,ABZ9,256,76.5507,0.0760
ga,14,ABZ9,512,70.2723,0.1230
ga,14,ABZ9,1024,65.6581,0.2366
ga,14,ABZ9,2048,57.2617,0.4723
ga,14,ABZ9,4096,49.6218,0.9449
ga,14,ABZ9,8192,43.2678,1.7848
ga,14,ABZ9,16384,28.3661,3.6913
ga,14,ABZ9,32768,18.3056,7.3041
ga,14,ABZ9,65536,16.2632,14.3559
ga,14,ABZ9,131072,14.4478,28.5238
ga,14,ABZ9,262144,13.9939,56.7705
ga,14,ABZ9,524288,13.9939,113.0206
ga,14,ABZ9,1048576,13.9939,225.4500
ga,14,ABZ9,2097152,11.2708,453.9123
ga,14,ABZ9,4168536,11.2708,900.0008
regla_bon,14,ABZ8,1,24.7287,0.0120
regla_bon,14,ABZ8,2,23.8760,0.0240
regla_bon,14,ABZ8,4,23.8760,0.0470
regla_bon,14,ABZ8,8,23.8760,0.0895
regla_bon,14,ABZ8,16,23.8760,0.1780
regla_bon,14,ABZ8,32,23.8760,0.3361
regla_bon,14,ABZ8,64,18.9147,0.6544
regla_bon,14,ABZ8,128,18.9147,1.2936
regla_bon,14,ABZ8,256,18.9147,2.7079
regla_bon,14,ABZ8,512,18.9147,5.4323
regla_bon,14,ABZ8,1024,18.9147,10.6463
regla_bon,14,ABZ8,2048,18.9147,21.3192
regla_bon,14,ABZ8,4096,18.9147,42.4542
regla_bon,14,ABZ8,8192,18.9147,84.5044
regla_bon,14,ABZ8,16384,18.9147,168.8757
regla_bon,14,ABZ8,32768,15.2713,340.4281
regla_bon,14,ABZ8,65536,15.2713,679.0676
regla_bon,14,ABZ8,87119,15.2713,900.0058
ga_sembrado,14,ABZ8,1,24.7287,0.0380
ga_sembrado,14,ABZ8,2,24.7287,0.0380
ga_sembrado,14,ABZ8,4,24.7287,0.0390
ga_sembrado,14,ABZ8,8,24.7287,0.0390
ga_sembrado,14,ABZ8,16,24.7287,0.0410
ga_sembrado,14,ABZ8,32,24.7287,0.0430
ga_sembrado,14,ABZ8,64,24.7287,0.0490
ga_sembrado,14,ABZ8,128,24.7287,0.0590
ga_sembrado,14,ABZ8,256,24.7287,0.0815
ga_sembrado,14,ABZ8,512,24.7287,0.1420
ga_sembrado,14,ABZ8,1024,24.3411,0.2396
ga_sembrado,14,ABZ8,2048,24.3411,0.4473
ga_sembrado,14,ABZ8,4096,24.3411,0.8844
ga_sembrado,14,ABZ8,8192,22.1705,1.7618
ga_sembrado,14,ABZ8,16384,21.0853,3.6513
ga_sembrado,14,ABZ8,32768,19.3798,7.2485
ga_sembrado,14,ABZ8,65536,19.0698,14.3349
ga_sembrado,14,ABZ8,131072,18.6047,28.3997
ga_sembrado,14,ABZ8,262144,16.1240,56.7325
ga_sembrado,14,ABZ8,524288,14.8837,113.4509
ga_sembrado,14,ABZ8,1048576,14.8837,226.4240
ga_sembrado,14,ABZ8,2097152,14.8837,456.1383
ga_sembrado,14,ABZ8,4149340,13.9535,900.0008
regla_bon,14,ABZ9,1,33.3585,0.0100
regla_bon,14,ABZ9,2,28.0635,0.0210
regla_bon,14,ABZ9,4,28.0635,0.0400
regla_bon,14,ABZ9,8,27.6853,0.0795
regla_bon,14,ABZ9,16,24.5083,0.1567
regla_bon,14,ABZ9,32,24.5083,0.3282
regla_bon,14,ABZ9,64,24.5083,0.6418
regla_bon,14,ABZ9,128,24.5083,1.2841
regla_bon,14,ABZ9,256,24.5083,2.6824
regla_bon,14,ABZ9,512,24.8109,5.3517
regla_bon,14,ABZ9,1024,23.2980,10.6152
regla_bon,14,ABZ9,2048,22.7685,20.8769
regla_bon,14,ABZ9,4096,21.7095,41.9004
regla_bon,14,ABZ9,8192,21.7095,83.7619
regla_bon,14,ABZ9,16384,19.6672,167.4089
regla_bon,14,ABZ9,32768,19.6672,336.9207
regla_bon,14,ABZ9,65536,19.6672,673.0653
regla_bon,14,ABZ9,87806,19.6672,900.0023
ga_sembrado,14,ABZ9,1,33.3585,0.0310
ga_sembrado,14,ABZ9,2,33.3585,0.0310
ga_sembrado,14,ABZ9,4,33.3585,0.0310
ga_sembrado,14,ABZ9,8,33.3585,0.0320
ga_sembrado,14,ABZ9,16,33.3585,0.0330
ga_sembrado,14,ABZ9,32,33.3585,0.0360
ga_sembrado,14,ABZ9,64,33.3585,0.0400
ga_sembrado,14,ABZ9,128,33.3585,0.0505
ga_sembrado,14,ABZ9,256,33.3585,0.0705
ga_sembrado,14,ABZ9,512,33.3585,0.1282
ga_sembrado,14,ABZ9,1024,33.3585,0.2327
ga_sembrado,14,ABZ9,2048,33.3585,0.4547
ga_sembrado,14,ABZ9,4096,30.3328,0.8949
ga_sembrado,14,ABZ9,8192,28.0635,1.7593
ga_sembrado,14,ABZ9,16384,26.7020,3.6528
ga_sembrado,14,ABZ9,32768,24.0545,7.1122
ga_sembrado,14,ABZ9,65536,20.0454,14.1563
ga_sembrado,14,ABZ9,131072,16.4902,28.3307
ga_sembrado,14,ABZ9,262144,15.2799,56.3678
ga_sembrado,14,ABZ9,524288,14.8260,113.1486
ga_sembrado,14,ABZ9,1048576,13.9939,226.2524
ga_sembrado,14,ABZ9,2097152,13.9939,455.8406
ga_sembrado,14,ABZ9,4142994,13.9939,900.0003
ga,15,FT10,1,93.4409,0.0100
ga,15,FT10,2,86.9892,0.0100
ga,15,FT10,4,80.2688,0.0100
ga,15,FT10,8,57.0968,0.0100
ga,15,FT10,16,57.0968,0.0110
ga,15,FT10,32,49.3548,0.0120
ga,15,FT10,64,49.3548,0.0130
ga,15,FT10,128,49.2473,0.0170
ga,15,FT10,256,46.4516,0.0240
ga,15,FT10,512,43.7634,0.0460
ga,15,FT10,1024,39.2473,0.0900
ga,15,FT10,2048,23.6022,0.1771
ga,15,FT10,4096,20.0538,0.3631
ga,15,FT10,8192,12.6882,0.7117
ga,15,FT10,16384,9.4086,1.3505
ga,15,FT10,32768,5.3763,2.6496
ga,15,FT10,65536,5.2688,5.3439
ga,15,FT10,131072,5.2688,10.5765
ga,15,FT10,262144,5.1613,21.1885
ga,15,FT10,524288,5.1613,42.3308
ga,15,FT10,1048576,5.1613,84.7359
ga,15,FT10,2097152,5.1613,169.7859
ga,15,FT10,4194304,3.0108,339.2679
ga,15,FT10,8388608,3.0108,681.3827
ga,15,FT10,11100571,3.0108,900.0000
ga_sembrado,15,FT10,1,20.3763,0.0130
ga_sembrado,15,FT10,2,20.3763,0.0130
ga_sembrado,15,FT10,4,20.3763,0.0130
ga_sembrado,15,FT10,8,20.3763,0.0130
ga_sembrado,15,FT10,16,20.3763,0.0140
ga_sembrado,15,FT10,32,20.3763,0.0140
ga_sembrado,15,FT10,64,20.3763,0.0160
ga_sembrado,15,FT10,128,20.3763,0.0190
ga_sembrado,15,FT10,256,20.3763,0.0260
ga_sembrado,15,FT10,512,20.3763,0.0450
ga_sembrado,15,FT10,1024,20.3763,0.0840
ga_sembrado,15,FT10,2048,17.6344,0.1720
ga_sembrado,15,FT10,4096,14.4624,0.3257
ga_sembrado,15,FT10,8192,9.3548,0.6513
ga_sembrado,15,FT10,16384,7.5269,1.2990
ga_sembrado,15,FT10,32768,4.4086,2.6336
ga_sembrado,15,FT10,65536,1.7204,5.2659
ga_sembrado,15,FT10,131072,1.7204,10.5826
ga_sembrado,15,FT10,262144,1.7204,21.1616
ga_sembrado,15,FT10,524288,1.7204,42.2329
ga_sembrado,15,FT10,1048576,1.7204,84.7242
ga_sembrado,15,FT10,2097152,1.7204,170.3943
ga_sembrado,15,FT10,4194304,1.7204,339.7196
ga_sembrado,15,FT10,8388608,1.7204,681.4087
ga_sembrado,15,FT10,11094017,1.7204,900.0005
regla_bon,15,FT10,1,20.3763,0.0030
regla_bon,15,FT10,2,20.3763,0.0050
regla_bon,15,FT10,4,20.3763,0.0090
regla_bon,15,FT10,8,13.2258,0.0180
regla_bon,15,FT10,16,9.6774,0.0360
regla_bon,15,FT10,32,8.2796,0.0720
regla_bon,15,FT10,64,6.4516,0.1330
regla_bon,15,FT10,128,6.4516,0.2641
regla_bon,15,FT10,256,6.4516,0.5307
regla_bon,15,FT10,512,6.4516,1.1055
regla_bon,15,FT10,1024,6.4516,2.1750
regla_bon,15,FT10,2048,6.2903,4.2683
regla_bon,15,FT10,4096,6.2903,8.5291
regla_bon,15,FT10,8192,5.6989,16.9675
regla_bon,15,FT10,16384,5.4301,33.8497
regla_bon,15,FT10,32768,3.4409,68.0069
regla_bon,15,FT10,65536,3.4409,135.3834
regla_bon,15,FT10,131072,3.8172,270.7807
regla_bon,15,FT10,262144,3.8172,543.5174
regla_bon,15,FT10,434193,3.8172,900.0015
ga,15,FT20,1,73.8197,0.0090
ga,15,FT20,2,73.6910,0.0090
ga,15,FT20,4,73.6910,0.0090
ga,15,FT20,8,66.1803,0.0090
ga,15,FT20,16,66.1803,0.0090
ga,15,FT20,32,51.2446,0.0100
ga,15,FT20,64,41.8026,0.0120
ga,15,FT20,128,41.8026,0.0150
ga,15,FT20,256,41.8026,0.0220
ga,15,FT20,512,41.8026,0.0440
ga,15,FT20,1024,41.0730,0.0820
ga,15,FT20,2048,31.0730,0.1680
ga,15,FT20,4096,20.3004,0.3466
ga,15,FT20,8192,13.7339,0.6913
ga,15,FT20,16384,7.8970,1.2860
ga,15,FT20,32768,6.1373,2.6982
ga,15,FT20,65536,6.1373,5.3965
ga,15,FT20,131072,6.1373,10.7106
ga,15,FT20,262144,6.1373,21.0986
ga,15,FT20,524288,5.8369,42.4875
ga,15,FT20,1048576,5.8369,85.4396
ga,15,FT20,2097152,5.8369,170.6399
ga,15,FT20,4194304,5.8369,341.2892
ga,15,FT20,8388608,5.8369,686.6961
ga,15,FT20,10997861,5.8369,900.0005
regla_bon,15,FT20,1,13.2189,0.0030
regla_bon,15,FT20,2,13.2189,0.0050
regla_bon,15,FT20,4,13.2189,0.0100
regla_bon,15,FT20,8,11.5021,0.0240
regla_bon,15,FT20,16,11.3734,0.0485
regla_bon,15,FT20,32,11.3734,0.0916
regla_bon,15,FT20,64,10.8155,0.1786
regla_bon,15,FT20,128,10.8155,0.3706
regla_bon,15,FT20,256,8.8412,0.7328
regla_bon,15,FT20,512,8.8412,1.5216
regla_bon,15,FT20,1024,8.8412,3.1313
regla_bon,15,FT20,2048,8.8412,6.2524
regla_bon,15,FT20,4096,7.9828,12.4682
regla_bon,15,FT20,8192,6.1803,24.8416
regla_bon,15,FT20,16384,6.1803,49.9419
regla_bon,15,FT20,32768,5.9227,100.1764
regla_bon,15,FT20,65536,5.9227,200.1702
regla_bon,15,FT20,131072,6.1803,400.3338
regla_bon,15,FT20,262144,5.9227,800.1559
regla_bon,15,FT20,294863,5.9227,900.0011
ga_sembrado,15,FT20,1,13.2189,0.0130
ga_sembrado,15,FT20,2,13.2189,0.0130
ga_sembrado,15,FT20,4,13.2189,0.0130
ga_sembrado,15,FT20,8,13.2189,0.0130
ga_sembrado,15,FT20,16,13.2189,0.0140
ga_sembrado,15,FT20,32,13.2189,0.0150
ga_sembrado,15,FT20,64,13.2189,0.0160
ga_sembrado,15,FT20,128,13.2189,0.0200
ga_sembrado,15,FT20,256,13.2189,0.0270
ga_sembrado,15,FT20,512,13.2189,0.0445
ga_sembrado,15,FT20,1024,13.2189,0.0866
ga_sembrado,15,FT20,2048,13.2189,0.1696
ga_sembrado,15,FT20,4096,13.2189,0.3236
ga_sembrado,15,FT20,8192,12.7468,0.6848
ga_sembrado,15,FT20,16384,11.6309,1.3330
ga_sembrado,15,FT20,32768,8.2403,2.6651
ga_sembrado,15,FT20,65536,7.4249,5.3485
ga_sembrado,15,FT20,131072,7.2103,10.5876
ga_sembrado,15,FT20,262144,6.7811,21.2481
ga_sembrado,15,FT20,524288,5.8369,42.6696
ga_sembrado,15,FT20,1048576,5.8369,85.7597
ga_sembrado,15,FT20,2097152,5.8369,171.6385
ga_sembrado,15,FT20,4194304,5.8369,343.2926
ga_sembrado,15,FT20,8388608,5.8369,689.5256
ga_sembrado,15,FT20,10960756,5.8369,900.0001
ga,15,La21,1,79.0153,0.0130
ga,15,La21,2,79.0153,0.0130
ga,15,La21,4,79.0153,0.0130
ga,15,La21,8,66.1568,0.0130
ga,15,La21,16,69.1205,0.0140
ga,15,La21,32,65.4876,0.0150
ga,15,La21,64,65.4876,0.0160
ga,15,La21,128,58.6042,0.0220
ga,15,La21,256,58.6042,0.0330
ga,15,La21,512,54.7323,0.0660
ga,15,La21,1024,45.4111,0.1260
ga,15,La21,2048,41.3958,0.2391
ga,15,La21,4096,29.9713,0.4693
ga,15,La21,8192,21.2237,0.9124
ga,15,La21,16384,15.6788,1.8788
ga,15,La21,32768,11.6635,3.6747
ga,15,La21,65536,11.0899,7.4095
ga,15,La21,131072,10.6119,14.9321
ga,15,La21,262144,10.6119,29.8713
ga,15,La21,524288,10.1338,60.2083
ga,15,La21,1048576,7.3614,120.2034
ga,15,La21,2097152,7.3614,240.1793
ga,15,La21,4194304,5.2103,482.0995
ga,15,La21,7844267,5.2103,900.0006
ga,15,La24,1,87.7005,0.0155
ga,15,La24,2,87.7005,0.0155
ga,15,La24,4,87.7005,0.0165
ga,15,La24,8,85.7754,0.0165
ga,15,La24,16,76.1497,0.0175
ga,15,La24,32,54.4385,0.0185
ga,15,La24,64,54.4385,0.0215
ga,15,La24,128,54.4385,0.0266
ga,15,La24,256,52.0856,0.0376
ga,15,La24,512,49.8930,0.0626
ga,15,La24,1024,49.3583,0.1121
ga,15,La24,2048,42.1925,0.2077
ga,15,La24,4096,35.2941,0.4428
ga,15,La24,8192,18.5027,0.9070
ga,15,La24,16384,14.9198,1.8026
ga,15,La24,32768,10.2674,3.6733
ga,15,La24,65536,8.6631,7.4667
ga,15,La24,131072,8.2353,14.9106
ga,15,La24,262144,7.4866,30.0460
ga,15,La24,524288,7.4866,60.4031
ga,15,La24,1048576,7.4866,120.7849
ga,15,La24,2097152,7.4866,240.5780
ga,15,La24,4194304,7.4866,481.9199
ga,15,La24,7842322,7.4866,900.0001
ga_sembrado,15,La21,1,15.0096,0.0155
ga_sembrado,15,La21,2,15.0096,0.0155
ga_sembrado,15,La21,4,15.0096,0.0155
ga_sembrado,15,La21,8,15.0096,0.0165
ga_sembrado,15,La21,16,15.0096,0.0165
ga_sembrado,15,La21,32,15.0096,0.0180
ga_sembrado,15,La21,64,15.0096,0.0195
ga_sembrado,15,La21,128,15.0096,0.0235
ga_sembrado,15,La21,256,15.0096,0.0321
ga_sembrado,15,La21,512,15.0096,0.0566
ga_sembrado,15,La21,1024,15.0096,0.1176
ga_sembrado,15,La21,2048,15.0096,0.2377
ga_sembrado,15,La21,4096,15.0096,0.4718
ga_sembrado,15,La21,8192,13.3843,0.9490
ga_sembrado,15,La21,16384,12.8107,1.9272
ga_sembrado,15,La21,32768,12.2849,3.7823
ga_sembrado,15,La21,65536,7.6482,7.6932
ga_sembrado,15,La21,131072,7.6482,15.2262
ga_sembrado,15,La21,262144,7.6482,30.4957
ga_sembrado,15,La21,524288,7.6482,60.7556
ga_sembrado,15,La21,1048576,7.6482,121.2651
ga_sembrado,15,La21,2097152,7.6482,240.7780
ga_sembrado,15,La21,4194304,7.6482,482.7643
ga_sembrado,15,La21,7834301,7.6482,900.0001
regla_bon,15,La21,1,15.0096,0.0055
regla_bon,15,La21,2,15.8222,0.0095
regla_bon,15,La21,4,16.7304,0.0190
regla_bon,15,La21,8,9.4646,0.0361
regla_bon,15,La21,16,9.4646,0.0696
regla_bon,15,La21,32,9.4646,0.1397
regla_bon,15,La21,64,9.4646,0.2807
regla_bon,15,La21,128,9.4646,0.5288
regla_bon,15,La21,256,9.4646,1.0370
regla_bon,15,La21,512,9.4646,2.0782
regla_bon,15,La21,1024,9.4646,4.1254
regla_bon,15,La21,2048,9.4646,8.1629
regla_bon,15,La21,4096,9.4646,16.2847
regla_bon,15,La21,8192,8.2696,33.0171
regla_bon,15,La21,16384,8.2696,66.2575
regla_bon,15,La21,32768,8.2696,132.7951
regla_bon,15,La21,65536,8.2696,265.0608
regla_bon,15,La21,131072,7.8394,531.4298
regla_bon,15,La21,222301,8.2218,900.0031
regla_bon,15,La24,1,10.1070,0.0050
regla_bon,15,La24,2,10.1070,0.0090
regla_bon,15,La24,4,10.1070,0.0170
regla_bon,15,La24,8,10.1070,0.0350
regla_bon,15,La24,16,10.1070,0.0680
regla_bon,15,La24,32,9.7861,0.1321
regla_bon,15,La24,64,10.1070,0.2471
regla_bon,15,La24,128,9.4652,0.5002
regla_bon,15,La24,256,7.7005,1.0050
regla_bon,15,La24,512,7.7005,2.0361
regla_bon,15,La24,1024,7.2727,4.1690
regla_bon,15,La24,2048,6.8984,8.2891
regla_bon,15,La24,4096,7.1658,16.4528
regla_bon,15,La24,8192,7.1658,32.8180
regla_bon,15,La24,16384,7.1658,66.1108
regla_bon,15,La24,32768,7.1658,131.9662
regla_bon,15,La24,65536,4.8663,262.4197
regla_bon,15,La24,131072,4.8663,526.4193
regla_bon,15,La24,224082,4.8663,900.0025
ga_sembrado,15,La24,1,10.1070,0.0140
ga_sembrado,15,La24,2,10.1070,0.0140
ga_sembrado,15,La24,4,10.1070,0.0140
ga_sembrado,15,La24,8,10.1070,0.0150
ga_sembrado,15,La24,16,10.1070,0.0150
ga_sembrado,15,La24,32,10.1070,0.0160
ga_sembrado,15,La24,64,10.1070,0.0180
ga_sembrado,15,La24,128,10.1070,0.0220
ga_sembrado,15,La24,256,10.1070,0.0290
ga_sembrado,15,La24,512,10.1070,0.0610
ga_sembrado,15,La24,1024,10.1070,0.1251
ga_sembrado,15,La24,2048,10.1070,0.2451
ga_sembrado,15,La24,4096,9.8396,0.4642
ga_sembrado,15,La24,8192,8.9840,0.9044
ga_sembrado,15,La24,16384,8.4492,1.8206
ga_sembrado,15,La24,32768,7.3262,3.6977
ga_sembrado,15,La24,65536,4.7594,7.3445
ga_sembrado,15,La24,131072,2.8877,14.7420
ga_sembrado,15,La24,262144,2.6738,29.8208
ga_sembrado,15,La24,524288,2.6738,59.8137
ga_sembrado,15,La24,1048576,2.6738,120.0921
ga_sembrado,15,La24,2097152,2.6738,239.2253
ga_sembrado,15,La24,4194304,2.6738,480.6767
ga_sembrado,15,La24,7850067,2.6738,900.0005
ga,15,La25,1,78.4033,0.0170
ga,15,La25,2,78.4033,0.0180
ga,15,La25,4,68.3726,0.0180
ga,15,La25,8,68.3726,0.0180
ga,15,La25,16,70.1126,0.0190
ga,15,La25,32,68.6285,0.0200
ga,15,La25,64,66.6325,0.0230
ga,15,La25,128,47.1853,0.0280
ga,15,La25,256,47.1853,0.0380
ga,15,La25,512,47.1853,0.0650
ga,15,La25,1024,42.6817,0.1220
ga,15,La25,2048,33.4698,0.2441
ga,15,La25,4096,23.4903,0.4952
ga,15,La25,8192,20.7779,0.9608
ga,15,La25,16384,12.6919,1.9161
ga,15,La25,32768,6.4483,3.8965
ga,15,La25,65536,5.5783,7.6064
ga,15,La25,131072,5.5783,15.1226
ga,15,La25,262144,5.4248,30.0730
ga,15,La25,524288,5.4248,60.0949
ga,15,La25,1048576,5.4248,125.1021
ga,15,La25,2097152,5.4248,245.7166
ga,15,La25,4194304,5.4248,487.1783
ga,15,La25,7806611,5.4248,900.0003
regla_bon,15,La25,1,11.8219,0.0050
regla_bon,15,La25,2,11.8219,0.0090
regla_bon,15,La25,4,11.5148,0.0180
regla_bon,15,La25,8,11.5148,0.0340
regla_bon,15,La25,16,8.5466,0.0660
regla_bon,15,La25,32,8.5466,0.1230
regla_bon,15,La25,64,8.5466,0.2481
regla_bon,15,La25,128,8.5466,0.4927
regla_bon,15,La25,256,8.5466,0.9713
regla_bon,15,La25,512,9.6213,1.9947
regla_bon,15,La25,1024,6.4483,3.9993
regla_bon,15,La25,2048,7.2671,8.0271
regla_bon,15,La25,4096,6.3460,15.9166
regla_bon,15,La25,8192,5.1689,32.1346
regla_bon,15,La25,16384,5.1689,65.3948
regla_bon,15,La25,32768,4.5036,134.6009
regla_bon,15,La25,65536,4.5036,266.4851
regla_bon,15,La25,131072,4.5036,529.0879
regla_bon,15,La25,223843,4.5036,900.0014
ga,15,La27,1,100.2429,0.0210
ga,15,La27,2,100.2429,0.0220
ga,15,La27,4,89.6356,0.0220
ga,15,La27,8,72.4291,0.0220
ga,15,La27,16,70.6478,0.0230
ga,15,La27,32,70.6478,0.0250
ga,15,La27,64,63.4818,0.0280
ga,15,La27,128,63.4818,0.0350
ga,15,La27,256,55.6275,0.0490
ga,15,La27,512,48.9069,0.0830
ga,15,La27,1024,48.9069,0.1481
ga,15,La27,2048,44.5344,0.2926
ga,15,La27,4096,38.5425,0.5777
ga,15,La27,8192,27.2470,1.1775
ga,15,La27,16384,20.5263,2.4024
ga,15,La27,32768,14.0486,4.8425
ga,15,La27,65536,10.3239,9.6173
ga,15,La27,131072,9.4737,19.1848
ga,15,La27,262144,8.2996,38.7152
ga,15,La27,524288,8.2591,78.6792
ga,15,La27,1048576,6.4777,159.5787
ga,15,La27,2097152,5.9514,315.3330
ga,15,La27,4194304,5.9514,626.3794
ga,15,La27,6045764,5.9514,900.0004
ga_sembrado,15,La25,1,11.8219,0.0150
ga_sembrado,15,La25,2,11.8219,0.0150
ga_sembrado,15,La25,4,11.8219,0.0150
ga_sembrado,15,La25,8,11.8219,0.0150
ga_sembrado,15,La25,16,11.8219,0.0160
ga_sembrado,15,La25,32,11.8219,0.0170
ga_sembrado,15,La25,64,11.8219,0.0200
ga_sembrado,15,La25,128,11.8219,0.0260
ga_sembrado,15,La25,256,11.8219,0.0370
ga_sembrado,15,La25,512,11.8219,0.0630
ga_sembrado,15,La25,1024,11.8219,0.1200
ga_sembrado,15,La25,2048,11.8219,0.2241
ga_sembrado,15,La25,4096,11.8219,0.4362
ga_sembrado,15,La25,8192,11.3101,0.9073
ga_sembrado,15,La25,16384,9.7748,1.8066
ga_sembrado,15,La25,32768,9.7748,3.7047
ga_sembrado,15,La25,65536,9.7748,7.5324
ga_sembrado,15,La25,131072,9.7748,15.1206
ga_sembrado,15,La25,262144,9.7748,30.2576
ga_sembrado,15,La25,524288,8.8025,60.3127
ga_sembrado,15,La25,1048576,7.4207,125.6985
ga_sembrado,15,La25,2097152,7.4207,246.3523
ga_sembrado,15,La25,4194304,7.4207,487.4055
ga_sembrado,15,La25,7805148,7.4207,900.0004
regla_bon,15,La27,1,24.9798,0.0060
regla_bon,15,La27,2,17.8138,0.0125
regla_bon,15,La27,4,17.8138,0.0255
regla_bon,15,La27,8,17.5709,0.0550
regla_bon,15,La27,16,17.1660,0.1131
regla_bon,15,La27,32,17.4899,0.2266
regla_bon,15,La27,64,16.0729,0.4366
regla_bon,15,La27,128,12.2267,0.8502
regla_bon,15,La27,256,12.2267,1.7006
regla_bon,15,La27,512,11.6599,3.3980
regla_bon,15,La27,1024,11.6599,6.7861
regla_bon,15,La27,2048,11.0931,13.5685
regla_bon,15,La27,4096,9.8381,27.3501
regla_bon,15,La27,8192,9.8381,54.6497
regla_bon,15,La27,16384,9.0283,114.4913
regla_bon,15,La27,32768,8.0972,223.9106
regla_bon,15,La27,65536,8.1781,443.1616
regla_bon,15,La27,131072,7.4494,879.0805
regla_bon,15,La27,134248,7.4494,900.0033
ga_sembrado,15,La27,1,24.9798,0.0225
ga_sembrado,15,La27,2,24.9798,0.0225
ga_sembrado,15,La27,4,24.9798,0.0225
ga_sembrado,15,La27,8,24.9798,0.0225
ga_sembrado,15,La27,16,24.9798,0.0235
ga_sembrado,15,La27,32,24.9798,0.0255
ga_sembrado,15,La27,64,24.9798,0.0285
ga_sembrado,15,La27,128,24.9798,0.0355
ga_sembrado,15,La27,256,24.9798,0.0500
ga_sembrado,15,La27,512,24.9798,0.0900
ga_sembrado,15,La27,1024,24.9798,0.1751
ga_sembrado,15,La27,2048,24.9798,0.3376
ga_sembrado,15,La27,4096,24.9798,0.6472
ga_sembrado,15,La27,8192,20.2429,1.2388
ga_sembrado,15,La27,16384,16.7611,2.4865
ga_sembrado,15,La27,32768,14.8988,4.9445
ga_sembrado,15,La27,65536,13.1174,9.6904
ga_sembrado,15,La27,131072,11.6599,19.1418
ga_sembrado,15,La27,262144,9.4332,38.2850
ga_sembrado,15,La27,524288,9.1498,78.0894
ga_sembrado,15,La27,1048576,9.1498,159.6737
ga_sembrado,15,La27,2097152,9.1498,315.4455
ga_sembrado,15,La27,4194304,9.1498,625.5371
ga_sembrado,15,La27,6054261,9.1093,900.0003
ga,15,La29,1,94.3576,0.0210
ga,15,La29,2,79.8611,0.0210
ga,15,La29,4,79.8611,0.0210
ga,15,La29,8,79.8611,0.0210
ga,15,La29,16,79.8611,0.0220
ga,15,La29,32,76.7361,0.0230
ga,15,La29,64,64.8003,0.0260
ga,15,La29,128,64.8003,0.0330
ga,15,La29,256,61.4583,0.0480
ga,15,La29,512,59.7222,0.0840
ga,15,La29,1024,55.5556,0.1631
ga,15,La29,2048,50.7812,0.3001
ga,15,La29,4096,35.9375,0.6202
ga,15,La29,8192,28.9062,1.2374
ga,15,La29,16384,19.4010,2.4611
ga,15,La29,32768,12.5868,4.9462
ga,15,La29,65536,10.5903,9.8492
ga,15,La29,131072,9.3316,19.3992
ga,15,La29,262144,9.4184,38.7072
ga,15,La29,524288,9.4184,77.5641
ga,15,La29,1048576,9.4184,156.7054
ga,15,La29,2097152,8.8542,315.1535
ga,15,La29,4194304,8.8542,626.9371
ga,15,La29,6032709,8.8542,900.0003
ga,15,La38,1,74.7074,0.0250
ga,15,La38,2,74.7074,0.0250
ga,15,La38,4,74.7074,0.0250
ga,15,La38,8,72.3662,0.0250
ga,15,La38,16,72.3662,0.0260
ga,15,La38,32,69.6488,0.0280
ga,15,La38,64,69.4398,0.0320
ga,15,La38,128,69.4398,0.0400
ga,15,La38,256,63.3361,0.0570
ga,15,La38,512,60.2007,0.1010
ga,15,La38,1024,48.3278,0.1870
ga,15,La38,2048,47.4080,0.3491
ga,15,La38,4096,42.0987,0.6607
ga,15,La38,8192,32.4833,1.2919
ga,15,La38,16384,21.9900,2.6023
ga,15,La38,32768,16.6806,5.2858
ga,15,La38,65536,12.8763,10.5469
ga,15,La38,131072,11.7893,21.0345
ga,15,La38,262144,10.1171,42.4919
ga,15,La38,524288,10.1171,85.8435
ga,15,La38,1048576,9.8662,172.8638
ga,15,La38,2097152,9.8662,348.4213
ga,15,La38,4194304,9.8662,692.8452
ga,15,La38,5454366,9.3645,900.0008
regla_bon,15,La29,1,13.4115,0.0080
regla_bon,15,La29,2,13.4115,0.0140
regla_bon,15,La29,4,13.4115,0.0280
regla_bon,15,La29,8,13.4115,0.0540
regla_bon,15,La29,16,13.4115,0.1190
regla_bon,15,La29,32,13.4115,0.2280
regla_bon,15,La29,64,11.5885,0.4456
regla_bon,15,La29,128,11.5885,0.8873
regla_bon,15,La29,256,11.5885,1.7684
regla_bon,15,La29,512,11.5885,3.5012
regla_bon,15,La29,1024,11.5885,6.9677
regla_bon,15,La29,2048,10.4167,13.7479
regla_bon,15,La29,4096,10.4167,27.4853
regla_bon,15,La29,8192,10.4167,54.5959
regla_bon,15,La29,16384,10.4167,110.9489
regla_bon,15,La29,32768,10.9375,220.9341
regla_bon,15,La29,65536,10.8941,443.8347
regla_bon,15,La29,131072,9.7222,884.2694
regla_bon,15,La29,133435,9.7222,900.0059
ga_sembrado,15,La29,1,13.4115,0.0250
ga_sembrado,15,La29,2,13.4115,0.0250
ga_sembrado,15,La29,4,13.4115,0.0250
ga_sembrado,15,La29,8,13.4115,0.0260
ga_sembrado,15,La29,16,13.4115,0.0260
ga_sembrado,15,La29,32,13.4115,0.0280
ga_sembrado,15,La29,64,13.4115,0.0310
ga_sembrado,15,La29,128,13.4115,0.0380
ga_sembrado,15,La29,256,13.4115,0.0520
ga_sembrado,15,La29,512,13.4115,0.0900
ga_sembrado,15,La29,1024,13.4115,0.1720
ga_sembrado,15,La29,2048,13.4115,0.3371
ga_sembrado,15,La29,4096,13.4115,0.6437
ga_sembrado,15,La29,8192,12.3264,1.2759
ga_sembrado,15,La29,16384,11.1111,2.4952
ga_sembrado,15,La29,32768,10.1997,4.8321
ga_sembrado,15,La29,65536,9.5052,9.5581
ga_sembrado,15,La29,131072,9.2882,19.4078
ga_sembrado,15,La29,262144,8.4635,38.8378
ga_sembrado,15,La29,524288,7.8559,77.7892
ga_sembrado,15,La29,1048576,7.2049,156.7601
ga_sembrado,15,La29,2097152,6.7708,315.2470
ga_sembrado,15,La29,4194304,6.7708,626.3738
ga_sembrado,15,La29,6034609,6.7708,900.0008
regla_bon,15,La38,1,14.9666,0.0070
regla_bon,15,La38,2,14.9666,0.0130
regla_bon,15,La38,4,14.9666,0.0260
regla_bon,15,La38,8,11.8729,0.0530
regla_bon,15,La38,16,11.8729,0.1040
regla_bon,15,La38,32,11.3712,0.1946
regla_bon,15,La38,64,11.3712,0.3837
regla_bon,15,La38,128,9.4900,0.7827
regla_bon,15,La38,256,9.4900,1.5903
regla_bon,15,La38,512,8.4866,3.2206
regla_bon,15,La38,1024,8.4866,6.3674
regla_bon,15,La38,2048,8.1104,12.5513
regla_bon,15,La38,4096,8.1104,24.9530
regla_bon,15,La38,8192,8.3194,49.5517
regla_bon,15,La38,16384,8.2776,100.3788
regla_bon,15,La38,32768,7.3997,199.9299
regla_bon,15,La38,65536,6.5217,402.0243
regla_bon,15,La38,131072,6.5217,797.3105
regla_bon,15,La38,147897,6.5217,900.0009
ga_sembrado,15,La38,1,14.9666,0.0180
ga_sembrado,15,La38,2,14.9666,0.0180
ga_sembrado,15,La38,4,14.9666,0.0180
ga_sembrado,15,La38,8,14.9666,0.0190
ga_sembrado,15,La38,16,14.9666,0.0190
ga_sembrado,15,La38,32,14.9666,0.0210
ga_sembrado,15,La38,64,14.9666,0.0240
ga_sembrado,15,La38,128,14.9666,0.0290
ga_sembrado,15,La38,256,14.9666,0.0410
ga_sembrado,15,La38,512,14.9666,0.0760
ga_sembrado,15,La38,1024,14.9666,0.1616
ga_sembrado,15,La38,2048,14.9666,0.3372
ga_sembrado,15,La38,4096,12.4164,0.6562
ga_sembrado,15,La38,8192,10.9532,1.3043
ga_sembrado,15,La38,16384,8.7375,2.5783
ga_sembrado,15,La38,32768,7.9013,5.2815
ga_sembrado,15,La38,65536,5.4766,10.7025
ga_sembrado,15,La38,131072,5.3930,21.3547
ga_sembrado,15,La38,262144,5.3930,42.8274
ga_sembrado,15,La38,524288,5.3930,86.3550
ga_sembrado,15,La38,1048576,5.3930,173.2516
ga_sembrado,15,La38,2097152,5.3930,349.7839
ga_sembrado,15,La38,4194304,5.3930,693.8023
ga_sembrado,15,La38,5446972,5.3930,900.0009
ga,15,La40,1,108.3879,0.0270
ga,15,La40,2,108.3879,0.0270
ga,15,La40,4,108.3879,0.0280
ga,15,La40,8,79.1326,0.0280
ga,15,La40,16,67.1440,0.0290
ga,15,La40,32,67.1440,0.0310
ga,15,La40,64,55.9738,0.0350
ga,15,La40,128,55.9738,0.0430
ga,15,La40,256,48.9362,0.0600
ga,15,La40,512,44.3535,0.0980
ga,15,La40,1024,44.3535,0.1830
ga,15,La40,2048,44.3535,0.3577
ga,15,La40,4096,36.4157,0.7133
ga,15,La40,8192,28.3552,1.3774
ga,15,La40,16384,16.6939,2.7150
ga,15,La40,32768,7.4059,5.4656
ga,15,La40,65536,6.0556,10.7724
ga,15,La40,131072,4.3372,21.3610
ga,15,La40,262144,3.6007,42.6346
ga,15,La40,524288,3.6007,85.4321
ga,15,La40,1048576,3.6007,170.9139
ga,15,La40,2097152,2.8232,343.7530
ga,15,La40,4194304,2.8232,687.7945
ga,15,La40,5486775,2.8232,900.0005
ga,15,ABZ7,1,116.6159,0.0340
ga,15,ABZ7,2,111.9665,0.0340
ga,15,ABZ7,4,111.9665,0.0340
ga,15,ABZ7,8,87.2713,0.0340
ga,15,ABZ7,16,83.9939,0.0350
ga,15,ABZ7,32,77.8963,0.0370
ga,15,ABZ7,64,74.0091,0.0420
ga,15,ABZ7,128,66.9970,0.0520
ga,15,ABZ7,256,66.9970,0.0730
ga,15,ABZ7,512,64.1006,0.1286
ga,15,ABZ7,1024,55.3354,0.2331
ga,15,ABZ7,2048,52.4390,0.4542
ga,15,ABZ7,4096,47.7134,0.9217
ga,15,ABZ7,8192,38.4146,1.7827
ga,15,ABZ7,16384,25.0000,3.5365
ga,15,ABZ7,32768,16.9207,7.1157
ga,15,ABZ7,65536,14.3293,14.2207
ga,15,ABZ7,131072,14.1006,28.2489
ga,15,ABZ7,262144,12.4238,56.5665
ga,15,ABZ7,524288,10.2896,112.9990
ga,15,ABZ7,1048576,8.9177,225.4459
ga,15,ABZ7,2097152,8.2317,451.3145
ga,15,ABZ7,4178202,8.2317,900.0004
ga_sembrado,15,La40,1,13.2570,0.0260
ga_sembrado,15,La40,2,13.2570,0.0260
ga_sembrado,15,La40,4,13.2570,0.0260
ga_sembrado,15,La40,8,13.2570,0.0270
ga_sembrado,15,La40,16,13.2570,0.0280
ga_sembrado,15,La40,32,13.2570,0.0300
ga_sembrado,15,La40,64,13.2570,0.0340
ga_sembrado,15,La40,128,13.2570,0.0410
ga_sembrado,15,La40,256,13.2570,0.0550
ga_sembrado,15,La40,512,13.2570,0.0916
ga_sembrado,15,La40,1024,13.2570,0.1821
ga_sembrado,15,La40,2048,13.2570,0.3562
ga_sembrado,15,La40,4096,13.2570,0.7028
ga_sembrado,15,La40,8192,11.5794,1.3725
ga_sembrado,15,La40,16384,10.5155,2.7451
ga_sembrado,15,La40,32768,9.9018,5.5320
ga_sembrado,15,La40,65536,9.9018,10.8869
ga_sembrado,15,La40,131072,6.8740,21.4775
ga_sembrado,15,La40,262144,6.0147,42.8191
ga_sembrado,15,La40,524288,5.9329,86.0626
ga_sembrado,15,La40,1048576,5.9329,172.4182
ga_sembrado,15,La40,2097152,5.9329,345.1215
ga_sembrado,15,La40,4194304,5.9329,689.7550
ga_sembrado,15,La40,5472165,5.9329,900.0004
regla_bon,15,La40,1,13.2570,0.0075
regla_bon,15,La40,2,13.2570,0.0150
regla_bon,15,La40,4,13.2570,0.0260
regla_bon,15,La40,8,13.2570,0.0470
regla_bon,15,La40,16,13.2570,0.0965
regla_bon,15,La40,32,13.2570,0.1775
regla_bon,15,La40,64,13.2570,0.3532
regla_bon,15,La40,128,11.5794,0.7377
regla_bon,15,La40,256,10.0245,1.4916
regla_bon,15,La40,512,10.7201,3.0134
regla_bon,15,La40,1024,9.3290,6.1934
regla_bon,15,La40,2048,9.5336,12.3366
regla_bon,15,La40,4096,9.5336,24.7584
regla_bon,15,La40,8192,9.5336,49.3878
regla_bon,15,La40,16384,8.4288,98.9192
regla_bon,15,La40,32768,7.9787,197.5887
regla_bon,15,La40,65536,6.7921,396.7869
regla_bon,15,La40,131072,6.7921,795.9780
regla_bon,15,La40,148340,6.7921,900.0054
regla_bon,15,ABZ7,1,19.6646,0.0130
regla_bon,15,ABZ7,2,12.2713,0.0230
regla_bon,15,ABZ7,4,12.2713,0.0390
regla_bon,15,ABZ7,8,12.2713,0.0741
regla_bon,15,ABZ7,16,12.2713,0.1631
regla_bon,15,ABZ7,32,12.2713,0.3261
regla_bon,15,ABZ7,64,12.2713,0.6566
regla_bon,15,ABZ7,128,12.2713,1.3335
regla_bon,15,ABZ7,256,11.9665,2.6685
regla_bon,15,ABZ7,512,11.9665,5.3840
regla_bon,15,ABZ7,1024,11.0518,10.6838
regla_bon,15,ABZ7,2048,11.8902,21.1474
regla_bon,15,ABZ7,4096,12.5000,42.1204
regla_bon,15,ABZ7,8192,12.5000,84.1416
regla_bon,15,ABZ7,16384,11.6616,167.8945
regla_bon,15,ABZ7,32768,9.1463,335.6337
regla_bon,15,ABZ7,65536,8.9939,673.6456
regla_bon,15,ABZ7,87519,8.9939,900.0020
ga_sembrado,15,ABZ7,1,19.6646,0.0360
ga_sembrado,15,ABZ7,2,19.6646,0.0370
ga_sembrado,15,ABZ7,4,19.6646,0.0370
ga_sembrado,15,ABZ7,8,19.6646,0.0380
ga_sembrado,15,ABZ7,16,19.6646,0.0390
ga_sembrado,15,ABZ7,32,19.6646,0.0410
ga_sembrado,15,ABZ7,64,19.6646,0.0460
ga_sembrado,15,ABZ7,128,19.6646,0.0561
ga_sembrado,15,ABZ7,256,19.6646,0.0761
ga_sembrado,15,ABZ7,512,19.6646,0.1336
ga_sembrado,15,ABZ7,1024,19.6646,0.2341
ga_sembrado,15,ABZ7,2048,19.6646,0.4396
ga_sembrado,15,ABZ7,4096,19.0549,0.8697
ga_sembrado,15,ABZ7,8192,13.3384,1.7897
ga_sembrado,15,ABZ7,16384,11.9665,3.5846
ga_sembrado,15,ABZ7,32768,10.2134,7.0464
ga_sembrado,15,ABZ7,65536,9.5274,13.9316
ga_sembrado,15,ABZ7,131072,9.5274,28.2460
ga_sembrado,15,ABZ7,262144,9.5274,56.1883
ga_sembrado,15,ABZ7,524288,9.5274,112.6144
ga_sembrado,15,ABZ7,1048576,9.6037,224.7816
ga_sembrado,15,ABZ7,2097152,8.0030,451.3165
ga_sembrado,15,ABZ7,4178275,8.0030,900.0010
ga,15,ABZ8,1,137.6744,0.0350
ga,15,ABZ8,2,123.9535,0.0350
ga,15,ABZ8,4,107.2868,0.0360
ga,15,ABZ8,8,103.4884,0.0360
ga,15,ABZ8,16,75.7364,0.0380
ga,15,ABZ8,32,73.1783,0.0400
ga,15,ABZ8,64,73.1783,0.0450
ga,15,ABZ8,128,73.1783,0.0540
ga,15,ABZ8,256,72.4806,0.0700
ga,15,ABZ8,512,67.9070,0.1155
ga,15,ABZ8,1024,67.9070,0.2396
ga,15,ABZ8,2048,60.6202,0.4556
ga,15,ABZ8,4096,48.6822,0.9195
ga,15,ABZ8,8192,37.8295,1.8021
ga,15,ABZ8,16384,31.7829,3.5784
ga,15,ABZ8,32768,21.4729,7.0680
ga,15,ABZ8,65536,20.0775,14.1590
ga,15,ABZ8,131072,17.9070,28.3252
ga,15,ABZ8,262144,16.8217,55.9789
ga,15,ABZ8,524288,15.2713,112.4441
ga,15,ABZ8,1048576,14.4186,225.1584
ga,15,ABZ8,2097152,14.4186,449.7754
ga,15,ABZ8,4059351,14.4186,900.0019
ga,15,ABZ9,1,101.0590,0.0310
ga,15,ABZ9,2,101.0590,0.0310
ga,15,ABZ9,4,101.0590,0.0310
ga,15,ABZ9,8,101.0590,0.0320
ga,15,ABZ9,16,95.1589,0.0330
ga,15,ABZ9,32,82.9047,0.0350
ga,15,ABZ9,64,82.9047,0.0400
ga,15,ABZ9,128,77.3828,0.0500
ga,15,ABZ9,256,67.5492,0.0700
ga,15,ABZ9,512,67.5492,0.1290
ga,15,ABZ9,1024,67.5492,0.2456
ga,15,ABZ9,2048,55.0681,0.4578
ga,15,ABZ9,4096,47.7307,0.9227
ga,15,ABZ9,8192,35.8548,1.8027
ga,15,ABZ9,16384,28.5174,3.5617
ga,15,ABZ9,32768,20.4992,7.1394
ga,15,ABZ9,65536,17.8517,14.2205
ga,15,ABZ9,131072,17.8517,28.2776
ga,15,ABZ9,262144,15.4312,56.5087
ga,15,ABZ9,524288,15.4312,113.2304
ga,15,ABZ9,1048576,15.4312,226.1210
ga,15,ABZ9,2097152,15.4312,452.0706
ga,15,ABZ9,4041717,13.7670,900.0005
regla_bon,15,ABZ8,1,24.7287,0.0120
regla_bon,15,ABZ8,2,24.7287,0.0230
regla_bon,15,ABZ8,4,24.7287,0.0460
regla_bon,15,ABZ8,8,24.7287,0.0900
regla_bon,15,ABZ8,16,24.7287,0.1600
regla_bon,15,ABZ8,32,24.7287,0.3151
regla_bon,15,ABZ8,64,24.8062,0.6500
regla_bon,15,ABZ8,128,21.3178,1.3444
regla_bon,15,ABZ8,256,19.7674,2.7132
regla_bon,15,ABZ8,512,20.6202,5.3778
regla_bon,15,ABZ8,1024,19.3023,10.5807
regla_bon,15,ABZ8,2048,18.1395,20.9965
regla_bon,15,ABZ8,4096,18.1395,42.0471
regla_bon,15,ABZ8,8192,18.1395,84.3631
regla_bon,15,ABZ8,16384,17.8295,168.7664
regla_bon,15,ABZ8,32768,17.9845,336.7430
regla_bon,15,ABZ8,65536,17.2093,672.9919
regla_bon,15,ABZ8,85023,17.2093,900.0065
ga_sembrado,15,ABZ8,1,24.7287,0.0290
ga_sembrado,15,ABZ8,2,24.7287,0.0290
ga_sembrado,15,ABZ8,4,24.7287,0.0290
ga_sembrado,15,ABZ8,8,24.7287,0.0300
ga_sembrado,15,ABZ8,16,24.7287,0.0310
ga_sembrado,15,ABZ8,32,24.7287,0.0320
ga_sembrado,15,ABZ8,64,24.7287,0.0360
ga_sembrado,15,ABZ8,128,24.7287,0.0430
ga_sembrado,15,ABZ8,256,24.7287,0.0590
ga_sembrado,15,ABZ8,512,24.7287,0.1130
ga_sembrado,15,ABZ8,1024,24.7287,0.2156
ga_sembrado,15,ABZ8,2048,24.7287,0.4293
ga_sembrado,15,ABZ8,4096,22.8682,0.8851
ga_sembrado,15,ABZ8,8192,21.4729,1.8042
ga_sembrado,15,ABZ8,16384,20.1550,3.5717
ga_sembrado,15,ABZ8,32768,19.3798,7.1159
ga_sembrado,15,ABZ8,65536,18.1395,14.1945
ga_sembrado,15,ABZ8,131072,18.1395,28.3814
ga_sembrado,15,ABZ8,262144,17.3643,56.1826
ga_sembrado,15,ABZ8,524288,17.2868,112.6112
ga_sembrado,15,ABZ8,1048576,17.0543,225.6237
ga_sembrado,15,ABZ8,2097152,17.0543,451.0897
ga_sembrado,15,ABZ8,4057972,17.0543,900.0005
ga_sembrado,15,ABZ9,1,33.3585,0.0320
ga_sembrado,15,ABZ9,2,33.3585,0.0320
ga_sembrado,15,ABZ9,4,33.3585,0.0320
ga_sembrado,15,ABZ9,8,33.3585,0.0330
ga_sembrado,15,ABZ9,16,33.3585,0.0330
ga_sembrado,15,ABZ9,32,33.3585,0.0355
ga_sembrado,15,ABZ9,64,33.3585,0.0385
ga_sembrado,15,ABZ9,128,33.3585,0.0455
ga_sembrado,15,ABZ9,256,33.3585,0.0595
ga_sembrado,15,ABZ9,512,33.3585,0.1125
ga_sembrado,15,ABZ9,1024,33.3585,0.2291
ga_sembrado,15,ABZ9,2048,33.3585,0.4664
ga_sembrado,15,ABZ9,4096,30.2572,0.9192
ga_sembrado,15,ABZ9,8192,27.1558,1.8357
ga_sembrado,15,ABZ9,16384,25.4917,3.5937
ga_sembrado,15,ABZ9,32768,23.8275,7.0893
ga_sembrado,15,ABZ9,65536,22.9955,14.1390
ga_sembrado,15,ABZ9,131072,18.1543,28.1873
ga_sembrado,15,ABZ9,262144,16.9440,56.5391
ga_sembrado,15,ABZ9,524288,16.9440,113.2068
ga_sembrado,15,ABZ9,1048576,16.9440,227.6025
ga_sembrado,15,ABZ9,2097152,16.9440,454.3447
ga_sembrado,15,ABZ9,4015992,16.9440,900.0000
regla_bon,15,ABZ9,1,33.3585,0.0120
regla_bon,15,ABZ9,2,30.1059,0.0240
regla_bon,15,ABZ9,4,30.1059,0.0455
regla_bon,15,ABZ9,8,30.4085,0.0895
regla_bon,15,ABZ9,16,30.4085,0.1746
regla_bon,15,ABZ9,32,23.2980,0.3443
regla_bon,15,ABZ9,64,23.2980,0.6730
regla_bon,15,ABZ9,128,23.2980,1.3605
regla_bon,15,ABZ9,256,23.2980,2.6996
regla_bon,15,ABZ9,512,23.2980,5.3127
regla_bon,15,ABZ9,1024,21.1800,10.5883
regla_bon,15,ABZ9,2048,21.1800,20.7769
regla_bon,15,ABZ9,4096,21.1800,41.5013
regla_bon,15,ABZ9,8192,21.1800,82.9779
regla_bon,15,ABZ9,16384,21.1800,166.8188
regla_bon,15,ABZ9,32768,21.0287,333.0218
regla_bon,15,ABZ9,65536,19.5159,667.0708
regla_bon,15,ABZ9,85690,19.5159,900.0095
ga,16,FT10,1,66.1290,0.0080
ga,16,FT10,2,66.1290,0.0090
ga,16,FT10,4,66.1290,0.0090
ga,16,FT10,8,66.1290,0.0090
ga,16,FT10,16,66.1290,0.0090
ga,16,FT10,32,41.8280,0.0100
ga,16,FT10,64,41.8280,0.0120
ga,16,FT10,128,41.8280,0.0150
ga,16,FT10,256,41.8280,0.0210
ga,16,FT10,512,41.8280,0.0410
ga,16,FT10,1024,38.9247,0.0840
ga,16,FT10,2048,28.4409,0.1620
ga,16,FT10,4096,22.4731,0.3312
ga,16,FT10,8192,15.5914,0.6679
ga,16,FT10,16384,5.6452,1.3363
ga,16,FT10,32768,5.2688,2.6948
ga,16,FT10,65536,5.2688,5.6204
ga,16,FT10,131072,5.2688,13.5085
ga,16,FT10,262144,5.2688,28.8961
ga,16,FT10,524288,5.2688,51.6433
ga,16,FT10,1048576,5.2688,96.2251
ga,16,FT10,2097152,5.2688,184.9708
ga,16,FT10,4194304,5.2688,364.9784
ga,16,FT10,8388608,5.2688,718.8131
ga,16,FT10,10576637,5.2688,900.0002
ga_sembrado,16,FT10,1,20.3763,0.0090
ga_sembrado,16,FT10,2,20.3763,0.0090
ga_sembrado,16,FT10,4,20.3763,0.0090
ga_sembrado,16,FT10,8,20.3763,0.0100
ga_sembrado,16,FT10,16,20.3763,0.0100
ga_sembrado,16,FT10,32,20.3763,0.0110
ga_sembrado,16,FT10,64,20.3763,0.0120
ga_sembrado,16,FT10,128,20.3763,0.0150
ga_sembrado,16,FT10,256,20.3763,0.0210
ga_sembrado,16,FT10,512,20.3763,0.0440
ga_sembrado,16,FT10,1024,20.3763,0.0891
ga_sembrado,16,FT10,2048,19.2473,0.1701
ga_sembrado,16,FT10,4096,12.4731,0.3327
ga_sembrado,16,FT10,8192,8.2796,0.6834
ga_sembrado,16,FT10,16384,5.5914,1.3333
ga_sembrado,16,FT10,32768,5.1613,2.7057
ga_sembrado,16,FT10,65536,5.1613,6.2363
ga_sembrado,16,FT10,131072,5.1613,13.6771
ga_sembrado,16,FT10,262144,5.1613,28.9046
ga_sembrado,16,FT10,524288,5.1613,51.7533
ga_sembrado,16,FT10,1048576,5.1613,96.3698
ga_sembrado,16,FT10,2097152,5.1613,185.4163
ga_sembrado,16,FT10,4194304,5.1613,366.1949
ga_sembrado,16,FT10,8388608,5.1613,721.4441
ga_sembrado,16,FT10,10533959,5.1613,900.0001
regla_bon,16,FT10,1,20.3763,0.0020
regla_bon,16,FT10,2,20.3763,0.0040
regla_bon,16,FT10,4,20.3763,0.0090
regla_bon,16,FT10,8,17.9032,0.0180
regla_bon,16,FT10,16,11.9892,0.0360
regla_bon,16,FT10,32,8.4946,0.0731
regla_bon,16,FT10,64,8.4946,0.1441
regla_bon,16,FT10,128,8.4946,0.2782
regla_bon,16,FT10,256,8.2796,0.5508
regla_bon,16,FT10,512,8.1720,1.0637
regla_bon,16,FT10,1024,7.6344,2.1475
regla_bon,16,FT10,2048,6.4516,4.4236
regla_bon,16,FT10,4096,6.4516,10.5658
regla_bon,16,FT10,8192,6.2903,22.9950
regla_bon,16,FT10,16384,3.8172,41.8898
regla_bon,16,FT10,32768,3.8172,77.8958
regla_bon,16,FT10,65536,3.8172,149.2534
regla_bon,16,FT10,131072,3.8172,291.2274
regla_bon,16,FT10,262144,3.8172,579.6100
regla_bon,16,FT10,411627,3.8172,900.0002
ga,16,FT20,1,73.8197,0.0130
ga,16,FT20,2,73.8197,0.0130
ga,16,FT20,4,73.8197,0.0130
ga,16,FT20,8,54.6781,0.0140
ga,16,FT20,16,50.2146,0.0140
ga,16,FT20,32,50.2146,0.0150
ga,16,FT20,64,49.0129,0.0170
ga,16,FT20,128,41.2876,0.0210
ga,16,FT20,256,41.2876,0.0280
ga,16,FT20,512,41.2876,0.0511
ga,16,FT20,1024,34.7639,0.0901
ga,16,FT20,2048,27.3820,0.1671
ga,16,FT20,4096,22.1888,0.3347
ga,16,FT20,8192,15.7082,0.6754
ga,16,FT20,16384,9.1845,1.3323
ga,16,FT20,32768,5.2790,2.7307
ga,16,FT20,65536,3.3476,6.2543
ga,16,FT20,131072,3.3476,13.6591
ga,16,FT20,262144,2.9185,28.7856
ga,16,FT20,524288,1.7167,51.6503
ga,16,FT20,1048576,1.7167,96.7219
ga,16,FT20,2097152,1.7167,186.2602
ga,16,FT20,4194304,1.7167,369.1767
ga,16,FT20,8388608,1.7167,725.8983
ga,16,FT20,10468243,1.7167,900.0001
ga_sembrado,16,FT20,1,13.2189,0.0115
ga_sembrado,16,FT20,2,13.2189,0.0115
ga_sembrado,16,FT20,4,13.2189,0.0115
ga_sembrado,16,FT20,8,13.2189,0.0115
ga_sembrado,16,FT20,16,13.2189,0.0115
ga_sembrado,16,FT20,32,13.2189,0.0125
ga_sembrado,16,FT20,64,13.2189,0.0135
ga_sembrado,16,FT20,128,13.2189,0.0165
ga_sembrado,16,FT20,256,13.2189,0.0225
ga_sembrado,16,FT20,512,13.2189,0.0445
ga_sembrado,16,FT20,1024,13.2189,0.0920
ga_sembrado,16,FT20,2048,13.2189,0.1680
ga_sembrado,16,FT20,4096,13.2189,0.3352
ga_sembrado,16,FT20,8192,11.9742,0.6799
ga_sembrado,16,FT20,16384,11.8455,1.3657
ga_sembrado,16,FT20,32768,10.2146,2.7338
ga_sembrado,16,FT20,65536,9.3562,6.2844
ga_sembrado,16,FT20,131072,2.3605,13.8466
ga_sembrado,16,FT20,262144,1.8026,28.8606
ga_sembrado,16,FT20,524288,1.1159,51.9969
ga_sembrado,16,FT20,1048576,1.1159,97.2752
ga_sembrado,16,FT20,2097152,1.1159,187.6647
ga_sembrado,16,FT20,4194304,1.1159,371.0122
ga_sembrado,16,FT20,8388608,1.1159,729.3508
ga_sembrado,16,FT20,10418022,1.1159,900.0007
regla_bon,16,FT20,1,13.2189,0.0035
regla_bon,16,FT20,2,13.2189,0.0065
regla_bon,16,FT20,4,13.2189,0.0125
regla_bon,16,FT20,8,10.9871,0.0255
regla_bon,16,FT20,16,10.9871,0.0525
regla_bon,16,FT20,32,10.9871,0.1040
regla_bon,16,FT20,64,9.8712,0.2016
regla_bon,16,FT20,128,9.8712,0.4058
regla_bon,16,FT20,256,10.4721,0.8010
regla_bon,16,FT20,512,7.8541,1.5778
regla_bon,16,FT20,1024,7.1245,3.1534
regla_bon,16,FT20,2048,7.1245,7.3415
regla_bon,16,FT20,4096,7.1245,16.1480
regla_bon,16,FT20,8192,7.1245,31.9021
regla_bon,16,FT20,16384,7.1245,58.1228
regla_bon,16,FT20,32768,7.1245,109.8318
regla_bon,16,FT20,65536,6.3948,212.9009
regla_bon,16,FT20,131072,6.0944,422.4542
regla_bon,16,FT20,262144,6.0944,831.4357
regla_bon,16,FT20,284371,6.0944,900.0032
ga,16,La21,1,75.3824,0.0155
ga,16,La21,2,75.3824,0.0155
ga,16,La21,4,75.3824,0.0165
ga,16,La21,8,75.3824,0.0165
ga,16,La21,16,72.9446,0.0165
ga,16,La21,32,73.5182,0.0185
ga,16,La21,64,68.1166,0.0205
ga,16,La21,128,60.5163,0.0245
ga,16,La21,256,51.9120,0.0325
ga,16,La21,512,42.9732,0.0625
ga,16,La21,1024,41.4436,0.1225
ga,16,La21,2048,37.8585,0.2385
ga,16,La21,4096,25.4302,0.4771
ga,16,La21,8192,19.4073,0.9569
ga,16,La21,16384,11.9025,1.8665
ga,16,La21,32768,9.1778,3.7491
ga,16,La21,65536,9.1778,7.5320
ga,16,La21,131072,9.1778,15.0836
ga,16,La21,262144,7.1702,30.6418
ga,16,La21,524288,7.1702,60.9745
ga,16,La21,1048576,7.1702,123.5260
ga,16,La21,2097152,7.1702,243.6745
ga,16,La21,4194304,7.1702,487.2350
ga,16,La21,7524180,7.1702,900.0009
regla_bon,16,La21,1,15.0096,0.0040
regla_bon,16,La21,2,15.0096,0.0090
regla_bon,16,La21,4,15.0096,0.0170
regla_bon,16,La21,8,15.3442,0.0340
regla_bon,16,La21,16,13.2409,0.0660
regla_bon,16,La21,32,13.2409,0.1246
regla_bon,16,La21,64,13.2409,0.2467
regla_bon,16,La21,128,12.1415,0.5173
regla_bon,16,La21,256,11.5201,1.0166
regla_bon,16,La21,512,10.1338,2.0905
regla_bon,16,La21,1024,10.1338,4.1881
regla_bon,16,La21,2048,9.7514,8.4009
regla_bon,16,La21,4096,9.7514,16.7857
regla_bon,16,La21,8192,9.7514,33.7262
regla_bon,16,La21,16384,8.2696,67.0693
regla_bon,16,La21,32768,9.3690,135.6792
regla_bon,16,La21,65536,9.3690,266.4197
regla_bon,16,La21,131072,7.4092,531.6916
regla_bon,16,La21,214607,7.4092,900.0029
ga_sembrado,16,La21,1,15.0096,0.0180
ga_sembrado,16,La21,2,15.0096,0.0180
ga_sembrado,16,La21,4,15.0096,0.0180
ga_sembrado,16,La21,8,15.0096,0.0180
ga_sembrado,16,La21,16,15.0096,0.0190
ga_sembrado,16,La21,32,15.0096,0.0200
ga_sembrado,16,La21,64,15.0096,0.0230
ga_sembrado,16,La21,128,15.0096,0.0280
ga_sembrado,16,La21,256,15.0096,0.0390
ga_sembrado,16,La21,512,15.0096,0.0680
ga_sembrado,16,La21,1024,15.0096,0.1266
ga_sembrado,16,La21,2048,15.0096,0.2467
ga_sembrado,16,La21,4096,14.6750,0.4843
ga_sembrado,16,La21,8192,13.4799,0.9676
ga_sembrado,16,La21,16384,12.3805,1.9464
ga_sembrado,16,La21,32768,11.6635,3.8449
ga_sembrado,16,La21,65536,10.4685,7.6937
ga_sembrado,16,La21,131072,10.0382,15.2934
ga_sembrado,16,La21,262144,8.2696,30.7784
ga_sembrado,16,La21,524288,8.8910,61.1932
ga_sembrado,16,La21,1048576,7.4570,123.8901
ga_sembrado,16,La21,2097152,7.4570,243.5095
ga_sembrado,16,La21,4194304,7.4570,487.7042
ga_sembrado,16,La21,7511160,7.4570,900.0009
ga,16,La24,1,105.2406,0.0170
ga,16,La24,2,101.0695,0.0170
ga,16,La24,4,101.0695,0.0170
ga,16,La24,8,80.6417,0.0180
ga,16,La24,16,71.1765,0.0180
ga,16,La24,32,68.0214,0.0190
ga,16,La24,64,60.9626,0.0210
ga,16,La24,128,53.4225,0.0250
ga,16,La24,256,50.6952,0.0350
ga,16,La24,512,42.1390,0.0630
ga,16,La24,1024,42.1390,0.1246
ga,16,La24,2048,37.8610,0.2377
ga,16,La24,4096,36.8984,0.4903
ga,16,La24,8192,21.2834,0.9706
ga,16,La24,16384,12.6738,1.9454
ga,16,La24,32768,9.4118,3.8659
ga,16,La24,65536,7.5936,7.7447
ga,16,La24,131072,6.5241,15.3524
ga,16,La24,262144,5.9893,30.6929
ga,16,La24,524288,5.9893,61.2803
ga,16,La24,1048576,5.9893,124.2742
ga,16,La24,2097152,5.9893,243.8641
ga,16,La24,4194304,5.9893,487.4051
ga,16,La24,7514109,5.9893,900.0009
ga_sembrado,16,La24,1,10.1070,0.0190
ga_sembrado,16,La24,2,10.1070,0.0190
ga_sembrado,16,La24,4,10.1070,0.0190
ga_sembrado,16,La24,8,10.1070,0.0190
ga_sembrado,16,La24,16,10.1070,0.0200
ga_sembrado,16,La24,32,10.1070,0.0210
ga_sembrado,16,La24,64,10.1070,0.0240
ga_sembrado,16,La24,128,10.1070,0.0290
ga_sembrado,16,La24,256,10.1070,0.0390
ga_sembrado,16,La24,512,10.1070,0.0720
ga_sembrado,16,La24,1024,10.1070,0.1321
ga_sembrado,16,La24,2048,10.1070,0.2476
ga_sembrado,16,La24,4096,10.2139,0.4798
ga_sembrado,16,La24,8192,9.3583,0.9565
ga_sembrado,16,La24,16384,8.7166,1.9073
ga_sembrado,16,La24,32768,8.3957,3.8073
ga_sembrado,16,La24,65536,7.5936,7.6406
ga_sembrado,16,La24,131072,5.5615,15.2657
ga_sembrado,16,La24,262144,5.5080,30.7328
ga_sembrado,16,La24,524288,4.5989,61.4188
ga_sembrado,16,La24,1048576,2.6738,124.2706
ga_sembrado,16,La24,2097152,2.6738,243.7524
ga_sembrado,16,La24,4194304,2.6738,488.5707
ga_sembrado,16,La24,7498327,2.6738,900.0008
regla_bon,16,La24,1,10.1070,0.0040
regla_bon,16,La24,2,10.1070,0.0090
regla_bon,16,La24,4,10.1070,0.0180
regla_bon,16,La24,8,10.1070,0.0360
regla_bon,16,La24,16,10.1070,0.0720
regla_bon,16,La24,32,10.1070,0.1411
regla_bon,16,La24,64,9.9465,0.2686
regla_bon,16,La24,128,6.9519,0.5203
regla_bon,16,La24,256,6.9519,1.0315
regla_bon,16,La24,512,6.4171,2.0744
regla_bon,16,La24,1024,6.4171,4.1470
regla_bon,16,La24,2048,6.4171,8.3193
regla_bon,16,La24,4096,6.4171,16.5445
regla_bon,16,La24,8192,6.4171,33.4180
regla_bon,16,La24,16384,5.6684,66.4313
regla_bon,16,La24,32768,6.3102,134.4245
regla_bon,16,La24,65536,5.7754,264.9654
regla_bon,16,La24,131072,5.7754,529.9607
regla_bon,16,La24,215744,5.7754,900.0018
ga,16,La25,1,94.5752,0.0160
ga,16,La25,2,94.5752,0.0160
ga,16,La25,4,92.7840,0.0160
ga,16,La25,8,67.0420,0.0170
ga,16,La25,16,67.0420,0.0170
ga,16,La25,32,54.5548,0.0180
ga,16,La25,64,54.5548,0.0200
ga,16,La25,128,54.5548,0.0250
ga,16,La25,256,54.5548,0.0370
ga,16,La25,512,54.5548,0.0710
ga,16,La25,1024,37.6663,0.1375
ga,16,La25,2048,29.1709,0.2640
ga,16,La25,4096,29.1709,0.5136
ga,16,La25,8192,19.9079,0.9875
ga,16,La25,16384,10.2866,1.9605
ga,16,La25,32768,6.7554,3.9670
ga,16,La25,65536,6.6018,8.1202
ga,16,La25,131072,6.6018,16.0687
ga,16,La25,262144,6.6018,32.4944
ga,16,La25,524288,6.6018,65.9559
ga,16,La25,1048576,6.6018,129.7905
ga,16,La25,2097152,6.2948,258.0473
ga,16,La25,4194304,6.2948,519.5178
ga,16,La25,7303358,6.2948,900.0002
ga,16,La27,1,79.4332,0.0260
ga,16,La27,2,79.4332,0.0260
ga,16,La27,4,79.4332,0.0260
ga,16,La27,8,79.1903,0.0270
ga,16,La27,16,79.1903,0.0290
ga,16,La27,32,57.8138,0.0310
ga,16,La27,64,57.8138,0.0330
ga,16,La27,128,57.8138,0.0380
ga,16,La27,256,57.8138,0.0520
ga,16,La27,512,57.8138,0.0920
ga,16,La27,1024,50.3239,0.1750
ga,16,La27,2048,45.5061,0.3406
ga,16,La27,4096,34.6154,0.6670
ga,16,La27,8192,24.9798,1.3098
ga,16,La27,16384,20.3239,2.6026
ga,16,La27,32768,9.9595,5.3040
ga,16,La27,65536,6.3968,10.4614
ga,16,La27,131072,5.3036,20.8070
ga,16,La27,262144,5.3036,43.0059
ga,16,La27,524288,5.3036,85.1772
ga,16,La27,1048576,5.3036,167.0353
ga,16,La27,2097152,5.3036,340.8082
ga,16,La27,4194304,5.3036,665.1753
ga,16,La27,5646190,5.3036,900.0010
regla_bon,16,La25,1,11.8219,0.0040
regla_bon,16,La25,2,11.8219,0.0070
regla_bon,16,La25,4,11.8219,0.0170
regla_bon,16,La25,8,11.8219,0.0340
regla_bon,16,La25,16,11.8731,0.0680
regla_bon,16,La25,32,10.1331,0.1365
regla_bon,16,La25,64,8.0348,0.2686
regla_bon,16,La25,128,8.0348,0.5414
regla_bon,16,La25,256,9.4166,1.0732
regla_bon,16,La25,512,9.4166,2.1838
regla_bon,16,La25,1024,7.8301,4.4463
regla_bon,16,La25,2048,6.1412,8.8319
regla_bon,16,La25,4096,5.6295,17.4673
regla_bon,16,La25,8192,5.6295,35.6144
regla_bon,16,La25,16384,7.0624,71.8086
regla_bon,16,La25,32768,4.7595,140.5931
regla_bon,16,La25,65536,4.7595,283.6113
regla_bon,16,La25,131072,4.7595,564.8539
regla_bon,16,La25,209538,4.7595,900.0030
ga_sembrado,16,La25,1,11.8219,0.0150
ga_sembrado,16,La25,2,11.8219,0.0150
ga_sembrado,16,La25,4,11.8219,0.0150
ga_sembrado,16,La25,8,11.8219,0.0160
ga_sembrado,16,La25,16,11.8219,0.0160
ga_sembrado,16,La25,32,11.8219,0.0170
ga_sembrado,16,La25,64,11.8219,0.0190
ga_sembrado,16,La25,128,11.8219,0.0230
ga_sembrado,16,La25,256,11.8219,0.0330
ga_sembrado,16,La25,512,11.8219,0.0670
ga_sembrado,16,La25,1024,11.8219,0.1325
ga_sembrado,16,La25,2048,11.8219,0.2536
ga_sembrado,16,La25,4096,11.8219,0.5063
ga_sembrado,16,La25,8192,10.1842,1.0017
ga_sembrado,16,La25,16384,9.9795,2.0277
ga_sembrado,16,La25,32768,9.6213,4.0977
ga_sembrado,16,La25,65536,9.4678,8.2105
ga_sembrado,16,La25,131072,9.2119,16.1802
ga_sembrado,16,La25,262144,8.5977,32.7894
ga_sembrado,16,La25,524288,8.5466,66.3853
ga_sembrado,16,La25,1048576,8.3930,130.2472
ga_sembrado,16,La25,2097152,8.3930,258.1879
ga_sembrado,16,La25,4194304,8.3930,520.2791
ga_sembrado,16,La25,7293601,8.3930,900.0010
regla_bon,16,La27,1,24.9798,0.0070
regla_bon,16,La27,2,24.9798,0.0140
regla_bon,16,La27,4,23.0769,0.0260
regla_bon,16,La27,8,13.4818,0.0540
regla_bon,16,La27,16,13.4818,0.1110
regla_bon,16,La27,32,13.4818,0.2227
regla_bon,16,La27,64,13.4818,0.4424
regla_bon,16,La27,128,13.4818,0.8877
regla_bon,16,La27,256,11.9028,1.7821
regla_bon,16,La27,512,12.1457,3.6185
regla_bon,16,La27,1024,12.1457,7.3701
regla_bon,16,La27,2048,10.5668,14.6424
regla_bon,16,La27,4096,10.5668,29.5811
regla_bon,16,La27,8192,8.9474,59.7058
regla_bon,16,La27,16384,10.1619,117.5383
regla_bon,16,La27,32768,9.9595,233.0160
regla_bon,16,La27,65536,8.1781,470.8640
regla_bon,16,La27,126375,7.6923,900.0015
ga_sembrado,16,La27,1,24.9798,0.0250
ga_sembrado,16,La27,2,24.9798,0.0250
ga_sembrado,16,La27,4,24.9798,0.0260
ga_sembrado,16,La27,8,24.9798,0.0270
ga_sembrado,16,La27,16,24.9798,0.0280
ga_sembrado,16,La27,32,24.9798,0.0300
ga_sembrado,16,La27,64,24.9798,0.0330
ga_sembrado,16,La27,128,24.9798,0.0380
ga_sembrado,16,La27,256,24.9798,0.0500
ga_sembrado,16,La27,512,24.9798,0.0880
ga_sembrado,16,La27,1024,24.9798,0.1676
ga_sembrado,16,La27,2048,24.9798,0.3289
ga_sembrado,16,La27,4096,19.7166,0.6441
ga_sembrado,16,La27,8192,17.6113,1.2863
ga_sembrado,16,La27,16384,14.9798,2.5853
ga_sembrado,16,La27,32768,13.0364,5.2670
ga_sembrado,16,La27,65536,11.2551,10.3764
ga_sembrado,16,La27,131072,9.3117,20.7308
ga_sembrado,16,La27,262144,7.4899,42.7613
ga_sembrado,16,La27,524288,7.4899,84.8866
ga_sembrado,16,La27,1048576,7.4899,166.7772
ga_sembrado,16,La27,2097152,7.0040,339.8178
ga_sembrado,16,La27,4194304,7.0040,663.8569
ga_sembrado,16,La27,5661880,7.0040,900.0005
ga,16,La29,1,110.1562,0.0240
ga,16,La29,2,110.1562,0.0240
ga,16,La29,4,90.5382,0.0240
ga,16,La29,8,82.8125,0.0240
ga,16,La29,16,78.9931,0.0250
ga,16,La29,32,73.9149,0.0270
ga,16,La29,64,73.9149,0.0300
ga,16,La29,128,73.6111,0.0370
ga,16,La29,256,66.8403,0.0510
ga,16,La29,512,62.7604,0.0915
ga,16,La29,1024,58.6806,0.1725
ga,16,La29,2048,47.6562,0.3413
ga,16,La29,4096,39.2361,0.6609
ga,16,La29,8192,29.3837,1.2830
ga,16,La29,16384,21.7014,2.5407
ga,16,La29,32768,15.4948,5.0293
ga,16,La29,65536,12.2396,10.0305
ga,16,La29,131072,12.0660,20.5585
ga,16,La29,262144,11.8056,41.0148
ga,16,La29,524288,11.8056,90.5917
ga,16,La29,1048576,11.8056,176.1188
ga,16,La29,2097152,11.8056,340.2318
ga,16,La29,4194304,7.3785,683.9547
ga,16,La29,5516027,6.8576,900.0003
ga,16,La38,1,93.8545,0.0270
ga,16,La38,2,87.1656,0.0280
ga,16,La38,4,79.5987,0.0280
ga,16,La38,8,76.7559,0.0280
ga,16,La38,16,72.9515,0.0290
ga,16,La38,32,72.9515,0.0310
ga,16,La38,64,73.3696,0.0350
ga,16,La38,128,73.3696,0.0425
ga,16,La38,256,62.1237,0.0585
ga,16,La38,512,56.0201,0.1060
ga,16,La38,1024,50.3344,0.1951
ga,16,La38,2048,47.3244,0.3646
ga,16,La38,4096,41.7642,0.7107
ga,16,La38,8192,28.3863,1.3924
ga,16,La38,16384,18.3528,2.8247
ga,16,La38,32768,14.4649,5.6432
ga,16,La38,65536,13.8796,11.3066
ga,16,La38,131072,12.8763,22.8424
ga,16,La38,262144,12.8763,45.5932
ga,16,La38,524288,12.8763,102.3771
ga,16,La38,1048576,12.8763,194.1412
ga,16,La38,2097152,12.8763,377.0762
ga,16,La38,4194304,12.8763,756.3859
ga,16,La38,4973182,12.8763,900.0002
regla_bon,16,La29,1,13.4115,0.0090
regla_bon,16,La29,2,13.4115,0.0160
regla_bon,16,La29,4,13.4115,0.0320
regla_bon,16,La29,8,13.4115,0.0605
regla_bon,16,La29,16,13.4115,0.1170
regla_bon,16,La29,32,13.4115,0.2311
regla_bon,16,La29,64,14.8872,0.4296
regla_bon,16,La29,128,13.1510,0.8728
regla_bon,16,La29,256,13.1510,1.7397
regla_bon,16,La29,512,13.1510,3.5011
regla_bon,16,La29,1024,13.1510,7.0496
regla_bon,16,La29,2048,11.9358,14.4843
regla_bon,16,La29,4096,10.7205,29.1176
regla_bon,16,La29,8192,10.7205,60.1736
regla_bon,16,La29,16384,10.9809,128.4586
regla_bon,16,La29,32768,10.5035,239.3082
regla_bon,16,La29,65536,10.5035,470.8903
regla_bon,16,La29,122957,10.5035,900.0062
ga_sembrado,16,La29,1,13.4115,0.0240
ga_sembrado,16,La29,2,13.4115,0.0240
ga_sembrado,16,La29,4,13.4115,0.0240
ga_sembrado,16,La29,8,13.4115,0.0250
ga_sembrado,16,La29,16,13.4115,0.0250
ga_sembrado,16,La29,32,13.4115,0.0270
ga_sembrado,16,La29,64,13.4115,0.0305
ga_sembrado,16,La29,128,13.4115,0.0355
ga_sembrado,16,La29,256,13.4115,0.0465
ga_sembrado,16,La29,512,13.4115,0.0850
ga_sembrado,16,La29,1024,13.4115,0.1671
ga_sembrado,16,La29,2048,13.4115,0.3136
ga_sembrado,16,La29,4096,13.1510,0.6132
ga_sembrado,16,La29,8192,12.0226,1.2414
ga_sembrado,16,La29,16384,10.5035,2.5471
ga_sembrado,16,La29,32768,10.3299,5.0460
ga_sembrado,16,La29,65536,10.1562,10.0344
ga_sembrado,16,La29,131072,9.4618,20.6565
ga_sembrado,16,La29,262144,8.7240,41.0487
ga_sembrado,16,La29,524288,8.7240,90.7183
ga_sembrado,16,La29,1048576,6.6406,176.6717
ga_sembrado,16,La29,2097152,6.6406,340.4590
ga_sembrado,16,La29,4194304,6.6406,682.0194
ga_sembrado,16,La29,5535398,6.5538,900.0002
regla_bon,16,La38,1,14.9666,0.0080
regla_bon,16,La38,2,14.9666,0.0120
regla_bon,16,La38,4,14.9666,0.0255
regla_bon,16,La38,8,14.9666,0.0515
regla_bon,16,La38,16,12.5000,0.1005
regla_bon,16,La38,32,11.0786,0.2106
regla_bon,16,La38,64,11.0786,0.4031
regla_bon,16,La38,128,11.0786,0.7937
regla_bon,16,La38,256,11.0786,1.5966
regla_bon,16,La38,512,11.0786,3.2745
regla_bon,16,La38,1024,11.0786,6.5202
regla_bon,16,La38,2048,9.4482,13.4211
regla_bon,16,La38,4096,8.0686,26.9680
regla_bon,16,La38,8192,9.3645,53.7858
regla_bon,16,La38,16384,8.2358,118.3819
regla_bon,16,La38,32768,7.9013,222.2432
regla_bon,16,La38,65536,7.7759,435.9382
regla_bon,16,La38,131072,7.7759,883.2995
regla_bon,16,La38,133626,7.7759,900.0021
ga_sembrado,16,La38,1,14.9666,0.0235
ga_sembrado,16,La38,2,14.9666,0.0235
ga_sembrado,16,La38,4,14.9666,0.0235
ga_sembrado,16,La38,8,14.9666,0.0235
ga_sembrado,16,La38,16,14.9666,0.0245
ga_sembrado,16,La38,32,14.9666,0.0265
ga_sembrado,16,La38,64,14.9666,0.0305
ga_sembrado,16,La38,128,14.9666,0.0375
ga_sembrado,16,La38,256,14.9666,0.0485
ga_sembrado,16,La38,512,14.9666,0.0895
ga_sembrado,16,La38,1024,14.9666,0.1746
ga_sembrado,16,La38,2048,14.5067,0.3561
ga_sembrado,16,La38,4096,14.5067,0.7097
ga_sembrado,16,La38,8192,11.9147,1.3856
ga_sembrado,16,La38,16384,10.6187,2.8088
ga_sembrado,16,La38,32768,9.6572,5.5996
ga_sembrado,16,La38,65536,8.1940,11.3483
ga_sembrado,16,La38,131072,6.5635,23.1100
ga_sembrado,16,La38,262144,6.5635,45.9693
ga_sembrado,16,La38,524288,5.0585,101.7898
ga_sembrado,16,La38,1048576,5.0585,194.3073
ga_sembrado,16,La38,2097152,5.2258,377.4266
ga_sembrado,16,La38,4194304,4.3896,756.6904
ga_sembrado,16,La38,4971184,4.3896,900.0001
ga,16,La40,1,95.9083,0.0210
ga,16,La40,2,92.7169,0.0210
ga,16,La40,4,92.7169,0.0220
ga,16,La40,8,80.6874,0.0220
ga,16,La40,16,80.6874,0.0230
ga,16,La40,32,73.7316,0.0250
ga,16,La40,64,64.5663,0.0290
ga,16,La40,128,62.9705,0.0360
ga,16,La40,256,57.7332,0.0520
ga,16,La40,512,57.7332,0.0955
ga,16,La40,1024,47.6678,0.1865
ga,16,La40,2048,40.7529,0.3711
ga,16,La40,4096,31.7512,0.7252
ga,16,La40,8192,23.0769,1.4313
ga,16,La40,16384,11.1702,2.8506
ga,16,La40,32768,8.9607,5.7345
ga,16,La40,65536,7.3650,11.4303
ga,16,La40,131072,7.3241,22.7702
ga,16,La40,262144,6.6285,46.1822
ga,16,La40,524288,5.7692,92.9037
ga,16,La40,1048576,5.7692,188.5492
ga,16,La40,2097152,5.7692,378.0513
ga,16,La40,4194304,5.7692,755.5692
ga,16,La40,5006782,5.7692,900.0006
ga_sembrado,16,La40,1,13.2570,0.0270
ga_sembrado,16,La40,2,13.2570,0.0270
ga_sembrado,16,La40,4,13.2570,0.0270
ga_sembrado,16,La40,8,13.2570,0.0280
ga_sembrado,16,La40,16,13.2570,0.0290
ga_sembrado,16,La40,32,13.2570,0.0300
ga_sembrado,16,La40,64,13.2570,0.0330
ga_sembrado,16,La40,128,13.2570,0.0400
ga_sembrado,16,La40,256,13.2570,0.0570
ga_sembrado,16,La40,512,13.2570,0.0980
ga_sembrado,16,La40,1024,13.2570,0.1860
ga_sembrado,16,La40,2048,13.2570,0.3601
ga_sembrado,16,La40,4096,13.2570,0.7115
ga_sembrado,16,La40,8192,11.4157,1.4204
ga_sembrado,16,La40,16384,10.6383,2.8638
ga_sembrado,16,La40,32768,9.2471,5.7591
ga_sembrado,16,La40,65536,7.1195,11.4114
ga_sembrado,16,La40,131072,7.1195,22.7618
ga_sembrado,16,La40,262144,7.1195,46.1587
ga_sembrado,16,La40,524288,7.1195,92.8899
ga_sembrado,16,La40,1048576,7.1195,189.2681
ga_sembrado,16,La40,2097152,7.1195,378.8187
ga_sembrado,16,La40,4194304,5.9329,755.1406
ga_sembrado,16,La40,5010432,5.9329,900.0002
ga,16,ABZ7,1,103.2774,0.0380
ga,16,ABZ7,2,97.7134,0.0380
ga,16,ABZ7,4,97.7134,0.0380
ga,16,ABZ7,8,91.9207,0.0390
ga,16,ABZ7,16,83.8415,0.0390
ga,16,ABZ7,32,64.9390,0.0410
ga,16,ABZ7,64,64.9390,0.0460
ga,16,ABZ7,128,64.9390,0.0570
ga,16,ABZ7,256,64.7104,0.0790
ga,16,ABZ7,512,51.4482,0.1350
ga,16,ABZ7,1024,51.4482,0.2500
ga,16,ABZ7,2048,47.2561,0.4793
ga,16,ABZ7,4096,43.7500,0.9481
ga,16,ABZ7,8192,37.0427,1.8832
ga,16,ABZ7,16384,23.7043,3.7960
ga,16,ABZ7,32768,16.9207,7.5791
ga,16,ABZ7,65536,12.8049,15.0654
ga,16,ABZ7,131072,12.1951,30.5399
ga,16,ABZ7,262144,10.8994,60.5238
ga,16,ABZ7,524288,10.7470,122.9925
ga,16,ABZ7,1048576,8.7652,247.8622
ga,16,ABZ7,2097152,7.0122,495.7663
ga,16,ABZ7,3811413,7.0122,900.0002
regla_bon,16,La40,1,13.2570,0.0060
regla_bon,16,La40,2,13.2570,0.0110
regla_bon,16,La40,4,13.2570,0.0250
regla_bon,16,La40,8,13.2570,0.0490
regla_bon,16,La40,16,12.1113,0.1030
regla_bon,16,La40,32,10.1882,0.2030
regla_bon,16,La40,64,10.1882,0.4011
regla_bon,16,La40,128,10.1882,0.8170
regla_bon,16,La40,256,10.1882,1.6375
regla_bon,16,La40,512,10.1882,3.3175
regla_bon,16,La40,1024,10.1882,6.6015
regla_bon,16,La40,2048,9.5745,13.1851
regla_bon,16,La40,4096,9.9018,26.6788
regla_bon,16,La40,8192,6.7103,53.1112
regla_bon,16,La40,16384,6.7103,107.1177
regla_bon,16,La40,32768,6.7103,217.5212
regla_bon,16,La40,65536,6.7103,435.1358
regla_bon,16,La40,131072,6.7103,868.5811
regla_bon,16,La40,135890,6.7103,900.0062
regla_bon,16,ABZ7,1,19.6646,0.0125
regla_bon,16,ABZ7,2,17.9116,0.0230
regla_bon,16,ABZ7,4,17.9116,0.0430
regla_bon,16,ABZ7,8,14.7866,0.0880
regla_bon,16,ABZ7,16,14.7866,0.1731
regla_bon,16,ABZ7,32,14.7866,0.3413
regla_bon,16,ABZ7,64,14.7866,0.6921
regla_bon,16,ABZ7,128,13.1860,1.3714
regla_bon,16,ABZ7,256,11.2805,2.8064
regla_bon,16,ABZ7,512,11.2805,5.5660
regla_bon,16,ABZ7,1024,11.2805,11.1003
regla_bon,16,ABZ7,2048,12.1951,22.0719
regla_bon,16,ABZ7,4096,12.1951,44.9533
regla_bon,16,ABZ7,8192,10.2134,90.5144
regla_bon,16,ABZ7,16384,10.2134,183.6014
regla_bon,16,ABZ7,32768,9.6799,368.1192
regla_bon,16,ABZ7,65536,9.2226,735.4744
regla_bon,16,ABZ7,80405,9.2226,900.0033
ga_sembrado,16,ABZ7,1,19.6646,0.0365
ga_sembrado,16,ABZ7,2,19.6646,0.0375
ga_sembrado,16,ABZ7,4,19.6646,0.0375
ga_sembrado,16,ABZ7,8,19.6646,0.0375
ga_sembrado,16,ABZ7,16,19.6646,0.0395
ga_sembrado,16,ABZ7,32,19.6646,0.0415
ga_sembrado,16,ABZ7,64,19.6646,0.0465
ga_sembrado,16,ABZ7,128,19.6646,0.0565
ga_sembrado,16,ABZ7,256,19.6646,0.0785
ga_sembrado,16,ABZ7,512,19.6646,0.1386
ga_sembrado,16,ABZ7,1024,19.6646,0.2567
ga_sembrado,16,ABZ7,2048,19.6646,0.4925
ga_sembrado,16,ABZ7,4096,19.4360,0.9637
ga_sembrado,16,ABZ7,8192,12.8811,1.9088
ga_sembrado,16,ABZ7,16384,12.4238,3.8160
ga_sembrado,16,ABZ7,32768,11.8902,7.6336
ga_sembrado,16,ABZ7,65536,11.7378,15.2175
ga_sembrado,16,ABZ7,131072,10.2896,30.9147
ga_sembrado,16,ABZ7,262144,10.2896,61.1742
ga_sembrado,16,ABZ7,524288,9.9848,124.6304
ga_sembrado,16,ABZ7,1048576,8.7652,249.8333
ga_sembrado,16,ABZ7,2097152,8.7652,499.7406
ga_sembrado,16,ABZ7,3776790,7.7744,900.0008
ga,16,ABZ8,1,117.5969,0.0300
ga,16,ABZ8,2,103.4109,0.0300
ga,16,ABZ8,4,103.4109,0.0300
ga,16,ABZ8,8,87.3643,0.0310
ga,16,ABZ8,16,87.3643,0.0330
ga,16,ABZ8,32,85.9690,0.0350
ga,16,ABZ8,64,85.9690,0.0400
ga,16,ABZ8,128,86.3566,0.0510
ga,16,ABZ8,256,69.8450,0.0700
ga,16,ABZ8,512,69.8450,0.1280
ga,16,ABZ8,1024,64.1860,0.2411
ga,16,ABZ8,2048,61.7054,0.4758
ga,16,ABZ8,4096,50.3876,0.9449
ga,16,ABZ8,8192,35.9690,1.8868
ga,16,ABZ8,16384,29.3798,3.7685
ga,16,ABZ8,32768,22.4806,7.5251
ga,16,ABZ8,65536,15.1163,15.0462
ga,16,ABZ8,131072,13.2558,30.1916
ga,16,ABZ8,262144,12.9457,60.2873
ga,16,ABZ8,524288,12.5581,120.5951
ga,16,ABZ8,1048576,10.9302,240.9436
ga,16,ABZ8,2097152,10.9302,486.4970
ga,16,ABZ8,3907406,10.9302,900.0002
ga,16,ABZ9,1,108.2451,0.0351
ga,16,ABZ9,2,108.2451,0.0351
ga,16,ABZ9,4,108.2451,0.0351
ga,16,ABZ9,8,102.7231,0.0351
ga,16,ABZ9,16,100.6051,0.0371
ga,16,ABZ9,32,88.5779,0.0391
ga,16,ABZ9,64,75.3404,0.0431
ga,16,ABZ9,128,75.3404,0.0521
ga,16,ABZ9,256,75.3404,0.0731
ga,16,ABZ9,512,70.4992,0.1281
ga,16,ABZ9,1024,68.9864,0.2471
ga,16,ABZ9,2048,56.9592,0.4877
ga,16,ABZ9,4096,52.7988,0.9553
ga,16,ABZ9,8192,40.2421,1.9086
ga,16,ABZ9,16384,29.9546,3.7633
ga,16,ABZ9,32768,20.3480,7.5260
ga,16,ABZ9,65536,15.8094,15.0496
ga,16,ABZ9,131072,12.5567,30.1779
ga,16,ABZ9,262144,12.5567,60.1730
ga,16,ABZ9,524288,12.5567,120.5845
ga,16,ABZ9,1048576,12.5567,241.2431
ga,16,ABZ9,2097152,12.3298,486.9480
ga,16,ABZ9,3906358,11.1195,900.0003
regla_bon,16,ABZ8,1,24.7287,0.0100
regla_bon,16,ABZ8,2,24.7287,0.0220
regla_bon,16,ABZ8,4,24.7287,0.0441
regla_bon,16,ABZ8,8,24.7287,0.0866
regla_bon,16,ABZ8,16,24.2636,0.1811
regla_bon,16,ABZ8,32,24.2636,0.3521
regla_bon,16,ABZ8,64,22.6357,0.6902
regla_bon,16,ABZ8,128,21.2403,1.3840
regla_bon,16,ABZ8,256,21.2403,2.7865
regla_bon,16,ABZ8,512,20.6202,5.5752
regla_bon,16,ABZ8,1024,20.8527,11.1679
regla_bon,16,ABZ8,2048,20.0000,22.3063
regla_bon,16,ABZ8,4096,19.0698,44.7762
regla_bon,16,ABZ8,8192,18.2171,89.8609
regla_bon,16,ABZ8,16384,18.2171,179.6742
regla_bon,16,ABZ8,32768,18.2171,362.9441
regla_bon,16,ABZ8,65536,16.5891,722.3541
regla_bon,16,ABZ8,81937,16.5891,900.0053
ga_sembrado,16,ABZ8,1,24.7287,0.0361
ga_sembrado,16,ABZ8,2,24.7287,0.0361
ga_sembrado,16,ABZ8,4,24.7287,0.0361
ga_sembrado,16,ABZ8,8,24.7287,0.0371
ga_sembrado,16,ABZ8,16,24.7287,0.0381
ga_sembrado,16,ABZ8,32,24.7287,0.0401
ga_sembrado,16,ABZ8,64,24.7287,0.0451
ga_sembrado,16,ABZ8,128,24.7287,0.0551
ga_sembrado,16,ABZ8,256,24.7287,0.0746
ga_sembrado,16,ABZ8,512,24.7287,0.1321
ga_sembrado,16,ABZ8,1024,24.7287,0.2491
ga_sembrado,16,ABZ8,2048,24.7287,0.4877
ga_sembrado,16,ABZ8,4096,23.8760,0.9553
ga_sembrado,16,ABZ8,8192,21.1628,1.9236
ga_sembrado,16,ABZ8,16384,21.0078,3.7843
ga_sembrado,16,ABZ8,32768,19.3023,7.6230
ga_sembrado,16,ABZ8,65536,17.3643,15.1657
ga_sembrado,16,ABZ8,131072,17.3643,30.3479
ga_sembrado,16,ABZ8,262144,17.3643,60.5077
ga_sembrado,16,ABZ8,524288,17.2868,121.0873
ga_sembrado,16,ABZ8,1048576,17.2093,242.3767
ga_sembrado,16,ABZ8,2097152,17.2093,489.3004
ga_sembrado,16,ABZ8,3885572,12.8682,900.0002
regla_bon,16,ABZ9,1,33.3585,0.0120
regla_bon,16,ABZ9,2,31.0893,0.0230
regla_bon,16,ABZ9,4,30.4841,0.0450
regla_bon,16,ABZ9,8,29.1225,0.0860
regla_bon,16,ABZ9,16,28.0635,0.1761
regla_bon,16,ABZ9,32,26.4750,0.3451
regla_bon,16,ABZ9,64,25.5673,0.6922
regla_bon,16,ABZ9,128,25.0378,1.3744
regla_bon,16,ABZ9,256,25.0378,2.7755
regla_bon,16,ABZ9,512,22.2390,5.5882
regla_bon,16,ABZ9,1024,21.3313,11.2356
regla_bon,16,ABZ9,2048,21.3313,22.4119
regla_bon,16,ABZ9,4096,20.2723,44.8522
regla_bon,16,ABZ9,8192,20.2723,89.8309
regla_bon,16,ABZ9,16384,20.2723,179.6141
regla_bon,16,ABZ9,32768,18.8351,362.5860
regla_bon,16,ABZ9,65536,18.8351,721.8390
regla_bon,16,ABZ9,81980,18.8351,900.0022
ga_sembrado,16,ABZ9,1,33.3585,0.0340
ga_sembrado,16,ABZ9,2,33.3585,0.0340
ga_sembrado,16,ABZ9,4,33.3585,0.0340
ga_sembrado,16,ABZ9,8,33.3585,0.0350
ga_sembrado,16,ABZ9,16,33.3585,0.0361
ga_sembrado,16,ABZ9,32,33.3585,0.0391
ga_sembrado,16,ABZ9,64,33.3585,0.0440
ga_sembrado,16,ABZ9,128,33.3585,0.0520
ga_sembrado,16,ABZ9,256,33.3585,0.0720
ga_sembrado,16,ABZ9,512,33.3585,0.1291
ga_sembrado,16,ABZ9,1024,33.3585,0.2536
ga_sembrado,16,ABZ9,2048,33.3585,0.4871
ga_sembrado,16,ABZ9,4096,30.7867,0.9499
ga_sembrado,16,ABZ9,8192,28.8200,1.8967
ga_sembrado,16,ABZ9,16384,26.9289,3.7254
ga_sembrado,16,ABZ9,32768,24.8109,7.5485
ga_sembrado,16,ABZ9,65536,20.8018,15.0376
ga_sembrado,16,ABZ9,131072,19.6672,30.2176
ga_sembrado,16,ABZ9,262144,18.7595,60.3322
ga_sembrado,16,ABZ9,524288,18.7595,120.6741
ga_sembrado,16,ABZ9,1048576,18.5325,241.3662
ga_sembrado,16,ABZ9,2097152,18.5325,487.4832
ga_sembrado,16,ABZ9,3903319,18.5325,900.0007
ga,17,FT10,1,62.2581,0.0171
ga,17,FT10,2,62.2581,0.0171
ga,17,FT10,4,62.2581,0.0181
ga,17,FT10,8,62.2581,0.0181
ga,17,FT10,16,62.2581,0.0181
ga,17,FT10,32,61.2903,0.0191
ga,17,FT10,64,61.2903,0.0211
ga,17,FT10,128,54.9462,0.0246
ga,17,FT10,256,45.0538,0.0311
ga,17,FT10,512,43.4409,0.0546
ga,17,FT10,1024,43.1720,0.0967
ga,17,FT10,2048,30.7527,0.1757
ga,17,FT10,4096,22.7419,0.3617
ga,17,FT10,8192,18.1183,0.7073
ga,17,FT10,16384,10.5914,1.3856
ga,17,FT10,32768,7.2043,2.7929
ga,17,FT10,65536,6.7742,5.5474
ga,17,FT10,131072,7.2043,11.0069
ga,17,FT10,262144,5.5914,21.8257
ga,17,FT10,524288,5.4301,43.8736
ga,17,FT10,1048576,5.4301,87.5547
ga,17,FT10,2097152,5.4301,175.5112
ga,17,FT10,4194304,5.4301,350.2695
ga,17,FT10,8388608,4.7312,709.0799
ga,17,FT10,10582366,4.7312,900.0004
regla_bon,17,FT10,1,20.3763,0.0020
regla_bon,17,FT10,2,19.3548,0.0040
regla_bon,17,FT10,4,17.7419,0.0090
regla_bon,17,FT10,8,17.7419,0.0180
regla_bon,17,FT10,16,9.4086,0.0350
regla_bon,17,FT10,32,9.4086,0.0665
regla_bon,17,FT10,64,8.2796,0.1305
regla_bon,17,FT10,128,8.2796,0.2586
regla_bon,17,FT10,256,8.2796,0.5272
regla_bon,17,FT10,512,8.1720,1.0599
regla_bon,17,FT10,1024,5.6989,2.1410
regla_bon,17,FT10,2048,6.2903,4.3454
regla_bon,17,FT10,4096,6.2903,8.7160
regla_bon,17,FT10,8192,5.4301,17.2721
regla_bon,17,FT10,16384,4.7312,34.6792
regla_bon,17,FT10,32768,3.8710,69.4283
regla_bon,17,FT10,65536,3.8710,139.3632
regla_bon,17,FT10,131072,3.8710,278.5492
regla_bon,17,FT10,262144,3.2258,560.3113
regla_bon,17,FT10,416400,3.8172,900.0011
ga,17,FT20,1,81.4592,0.0130
ga,17,FT20,2,59.3991,0.0130
ga,17,FT20,4,59.3991,0.0130
ga,17,FT20,8,57.9399,0.0130
ga,17,FT20,16,57.9399,0.0140
ga,17,FT20,32,50.9013,0.0150
ga,17,FT20,64,45.6652,0.0160
ga,17,FT20,128,45.6652,0.0200
ga,17,FT20,256,45.6652,0.0270
ga,17,FT20,512,40.2575,0.0495
ga,17,FT20,1024,37.7682,0.0955
ga,17,FT20,2048,26.7811,0.1835
ga,17,FT20,4096,18.4549,0.3566
ga,17,FT20,8192,14.8498,0.6953
ga,17,FT20,16384,7.1245,1.3866
ga,17,FT20,32768,5.2361,2.7753
ga,17,FT20,65536,5.2361,5.5854
ga,17,FT20,131072,5.2361,11.0804
ga,17,FT20,262144,5.2361,22.0952
ga,17,FT20,524288,5.2361,44.4258
ga,17,FT20,1048576,3.0043,88.3816
ga,17,FT20,2097152,3.0043,177.2402
ga,17,FT20,4194304,3.0043,353.7611
ga,17,FT20,8388608,3.0043,716.5879
ga,17,FT20,10472491,3.0043,900.0001
ga_sembrado,17,FT10,1,20.3763,0.0120
ga_sembrado,17,FT10,2,20.3763,0.0120
ga_sembrado,17,FT10,4,20.3763,0.0130
ga_sembrado,17,FT10,8,20.3763,0.0130
ga_sembrado,17,FT10,16,20.3763,0.0130
ga_sembrado,17,FT10,32,20.3763,0.0140
ga_sembrado,17,FT10,64,20.3763,0.0160
ga_sembrado,17,FT10,128,20.3763,0.0200
ga_sembrado,17,FT10,256,20.3763,0.0280
ga_sembrado,17,FT10,512,20.3763,0.0475
ga_sembrado,17,FT10,1024,20.3763,0.0905
ga_sembrado,17,FT10,2048,20.3763,0.1805
ga_sembrado,17,FT10,4096,15.7527,0.3536
ga_sembrado,17,FT10,8192,10.6989,0.6993
ga_sembrado,17,FT10,16384,6.2903,1.3876
ga_sembrado,17,FT10,32768,4.6237,2.7683
ga_sembrado,17,FT10,65536,4.5699,5.5654
ga_sembrado,17,FT10,131072,4.5699,11.0764
ga_sembrado,17,FT10,262144,4.5699,21.8919
ga_sembrado,17,FT10,524288,4.5699,44.1461
ga_sembrado,17,FT10,1048576,4.5699,87.9369
ga_sembrado,17,FT10,2097152,4.5699,176.5379
ga_sembrado,17,FT10,4194304,4.5699,352.2596
ga_sembrado,17,FT10,8388608,4.4086,712.4595
ga_sembrado,17,FT10,10537662,4.4086,900.0001
regla_bon,17,FT20,1,13.2189,0.0030
regla_bon,17,FT20,2,13.2189,0.0060
regla_bon,17,FT20,4,13.2189,0.0130
regla_bon,17,FT20,8,13.2189,0.0230
regla_bon,17,FT20,16,13.2189,0.0490
regla_bon,17,FT20,32,12.7897,0.0970
regla_bon,17,FT20,64,12.7897,0.1990
regla_bon,17,FT20,128,9.3133,0.4017
regla_bon,17,FT20,256,6.4378,0.7933
regla_bon,17,FT20,512,6.4378,1.6174
regla_bon,17,FT20,1024,6.4378,3.2491
regla_bon,17,FT20,2048,6.4378,6.4543
regla_bon,17,FT20,4096,6.4378,12.7938
regla_bon,17,FT20,8192,6.4378,25.5854
regla_bon,17,FT20,16384,6.4378,51.1556
regla_bon,17,FT20,32768,6.4378,102.4196
regla_bon,17,FT20,65536,6.4378,205.7965
regla_bon,17,FT20,131072,5.7511,410.9948
regla_bon,17,FT20,262144,5.7511,834.6266
regla_bon,17,FT20,282323,5.7511,900.0001
ga_sembrado,17,FT20,1,13.2189,0.0130
ga_sembrado,17,FT20,2,13.2189,0.0130
ga_sembrado,17,FT20,4,13.2189,0.0130
ga_sembrado,17,FT20,8,13.2189,0.0130
ga_sembrado,17,FT20,16,13.2189,0.0140
ga_sembrado,17,FT20,32,13.2189,0.0150
ga_sembrado,17,FT20,64,13.2189,0.0170
ga_sembrado,17,FT20,128,13.2189,0.0200
ga_sembrado,17,FT20,256,13.2189,0.0270
ga_sembrado,17,FT20,512,13.2189,0.0490
ga_sembrado,17,FT20,1024,13.2189,0.0900
ga_sembrado,17,FT20,2048,13.2189,0.1740
ga_sembrado,17,FT20,4096,13.2189,0.3486
ga_sembrado,17,FT20,8192,12.8326,0.6933
ga_sembrado,17,FT20,16384,11.9742,1.3897
ga_sembrado,17,FT20,32768,11.7597,2.7839
ga_sembrado,17,FT20,65536,8.0687,5.5830
ga_sembrado,17,FT20,131072,7.3820,11.0890
ga_sembrado,17,FT20,262144,7.2103,22.0929
ga_sembrado,17,FT20,524288,1.7597,44.3362
ga_sembrado,17,FT20,1048576,1.7597,88.6132
ga_sembrado,17,FT20,2097152,1.7597,177.9962
ga_sembrado,17,FT20,4194304,1.7597,355.2421
ga_sembrado,17,FT20,8388608,1.6309,718.7907
ga_sembrado,17,FT20,10442165,1.6309,900.0001
ga,17,La21,1,86.9025,0.0170
ga,17,La21,2,86.9025,0.0170
ga,17,La21,4,86.9025,0.0175
ga,17,La21,8,78.2027,0.0175
ga,17,La21,16,61.7113,0.0185
ga,17,La21,32,48.4704,0.0196
ga,17,La21,64,48.4704,0.0226
ga,17,La21,128,43.8815,0.0276
ga,17,La21,256,43.8815,0.0365
ga,17,La21,512,43.8815,0.0665
ga,17,La21,1024,43.8815,0.1321
ga,17,La21,2048,35.1816,0.2609
ga,17,La21,4096,27.2945,0.5179
ga,17,La21,8192,18.5468,1.0191
ga,17,La21,16384,10.9465,2.0169
ga,17,La21,32768,8.4130,4.0213
ga,17,La21,65536,5.6405,8.0609
ga,17,La21,131072,5.6405,16.0461
ga,17,La21,262144,3.2983,32.1379
ga,17,La21,524288,3.2983,64.4830
ga,17,La21,1048576,3.1549,128.2576
ga,17,La21,2097152,3.1549,257.3764
ga,17,La21,4194304,3.1549,548.2637
ga,17,La21,6821236,3.1549,900.0003
ga_sembrado,17,La21,1,15.0096,0.0190
ga_sembrado,17,La21,2,15.0096,0.0190
ga_sembrado,17,La21,4,15.0096,0.0190
ga_sembrado,17,La21,8,15.0096,0.0200
ga_sembrado,17,La21,16,15.0096,0.0210
ga_sembrado,17,La21,32,15.0096,0.0220
ga_sembrado,17,La21,64,15.0096,0.0250
ga_sembrado,17,La21,128,15.0096,0.0300
ga_sembrado,17,La21,256,15.0096,0.0400
ga_sembrado,17,La21,512,15.0096,0.0725
ga_sembrado,17,La21,1024,15.0096,0.1365
ga_sembrado,17,La21,2048,16.3480,0.2586
ga_sembrado,17,La21,4096,16.2046,0.5022
ga_sembrado,17,La21,8192,13.2887,1.0028
ga_sembrado,17,La21,16384,8.8910,2.0276
ga_sembrado,17,La21,32768,8.7476,3.9916
ga_sembrado,17,La21,65536,6.7400,8.0026
ga_sembrado,17,La21,131072,4.6367,15.9808
ga_sembrado,17,La21,262144,4.5411,32.0896
ga_sembrado,17,La21,524288,4.1587,64.4083
ga_sembrado,17,La21,1048576,4.1587,128.2928
ga_sembrado,17,La21,2097152,4.1587,257.3150
ga_sembrado,17,La21,4194304,4.1587,550.3708
ga_sembrado,17,La21,6801396,3.2505,900.0008
regla_bon,17,La21,1,15.0096,0.0050
regla_bon,17,La21,2,14.4359,0.0090
regla_bon,17,La21,4,14.4359,0.0160
regla_bon,17,La21,8,14.4359,0.0330
regla_bon,17,La21,16,12.1415,0.0695
regla_bon,17,La21,32,12.1415,0.1375
regla_bon,17,La21,64,9.9904,0.2735
regla_bon,17,La21,128,10.2294,0.5482
regla_bon,17,La21,256,10.2294,1.0833
regla_bon,17,La21,512,10.2294,2.2136
regla_bon,17,La21,1024,10.2294,4.3914
regla_bon,17,La21,2048,10.2294,8.7465
regla_bon,17,La21,4096,8.8910,17.4729
regla_bon,17,La21,8192,10.1338,34.9457
regla_bon,17,La21,16384,10.1338,70.2948
regla_bon,17,La21,32768,8.2218,139.2088
regla_bon,17,La21,65536,9.6080,279.7727
regla_bon,17,La21,131072,9.6080,595.9980
regla_bon,17,La21,195965,9.2734,900.0009
ga,17,La24,1,85.2406,0.0190
ga,17,La24,2,85.2406,0.0190
ga,17,La24,4,80.2674,0.0200
ga,17,La24,8,73.5294,0.0200
ga,17,La24,16,73.5294,0.0210
ga,17,La24,32,63.5294,0.0230
ga,17,La24,64,63.5294,0.0250
ga,17,La24,128,54.5455,0.0300
ga,17,La24,256,54.5455,0.0410
ga,17,La24,512,54.5455,0.0715
ga,17,La24,1024,52.2995,0.1355
ga,17,La24,2048,41.2834,0.2626
ga,17,La24,4096,35.9358,0.4992
ga,17,La24,8192,23.5294,0.9918
ga,17,La24,16384,13.1016,2.0406
ga,17,La24,32768,10.3743,4.0041
ga,17,La24,65536,9.0909,8.0066
ga,17,La24,131072,9.0909,16.0098
ga,17,La24,262144,9.0909,32.0776
ga,17,La24,524288,9.0909,64.3953
ga,17,La24,1048576,9.0909,128.3229
ga,17,La24,2097152,9.0909,257.7732
ga,17,La24,4194304,9.0909,549.7160
ga,17,La24,6799060,6.3102,900.0009
regla_bon,17,La24,1,10.1070,0.0050
regla_bon,17,La24,2,10.1070,0.0090
regla_bon,17,La24,4,10.1070,0.0180
regla_bon,17,La24,8,10.1070,0.0350
regla_bon,17,La24,16,10.1070,0.0650
regla_bon,17,La24,32,10.1070,0.1326
regla_bon,17,La24,64,8.8770,0.2736
regla_bon,17,La24,128,8.8770,0.5457
regla_bon,17,La24,256,8.8770,1.0788
regla_bon,17,La24,512,7.8075,2.2141
regla_bon,17,La24,1024,8.6631,4.4235
regla_bon,17,La24,2048,8.6631,8.7956
regla_bon,17,La24,4096,8.6631,17.5564
regla_bon,17,La24,8192,8.6631,35.1508
regla_bon,17,La24,16384,7.3797,70.7840
regla_bon,17,La24,32768,5.1872,140.2696
regla_bon,17,La24,65536,5.5615,282.1720
regla_bon,17,La24,131072,5.5615,598.0856
regla_bon,17,La24,194881,5.5615,900.0002
ga_sembrado,17,La24,1,10.1070,0.0170
ga_sembrado,17,La24,2,10.1070,0.0170
ga_sembrado,17,La24,4,10.1070,0.0170
ga_sembrado,17,La24,8,10.1070,0.0170
ga_sembrado,17,La24,16,10.1070,0.0180
ga_sembrado,17,La24,32,10.1070,0.0190
ga_sembrado,17,La24,64,10.1070,0.0220
ga_sembrado,17,La24,128,10.1070,0.0270
ga_sembrado,17,La24,256,10.1070,0.0390
ga_sembrado,17,La24,512,10.1070,0.0700
ga_sembrado,17,La24,1024,10.1070,0.1376
ga_sembrado,17,La24,2048,10.1070,0.2626
ga_sembrado,17,La24,4096,9.8396,0.5017
ga_sembrado,17,La24,8192,9.8396,0.9888
ga_sembrado,17,La24,16384,9.3048,2.0411
ga_sembrado,17,La24,32768,8.0214,4.0288
ga_sembrado,17,La24,65536,8.0214,8.0532
ga_sembrado,17,La24,131072,4.7594,16.1104
ga_sembrado,17,La24,262144,3.3690,32.1948
ga_sembrado,17,La24,524288,2.7807,64.6350
ga_sembrado,17,La24,1048576,2.7807,128.7288
ga_sembrado,17,La24,2097152,2.7807,258.5191
ga_sembrado,17,La24,4194304,2.6738,551.4685
ga_sembrado,17,La24,6778485,2.6738,900.0002
ga,17,La25,1,88.0246,0.0175
ga,17,La25,2,88.0246,0.0185
ga,17,La25,4,88.0246,0.0185
ga,17,La25,8,88.0246,0.0185
ga,17,La25,16,66.4278,0.0195
ga,17,La25,32,65.4043,0.0205
ga,17,La25,64,63.8178,0.0235
ga,17,La25,128,57.7277,0.0290
ga,17,La25,256,57.5742,0.0385
ga,17,La25,512,45.0358,0.0755
ga,17,La25,1024,45.0358,0.1381
ga,17,La25,2048,37.1546,0.2772
ga,17,La25,4096,25.7421,0.5402
ga,17,La25,8192,21.7503,1.0567
ga,17,La25,16384,10.0819,2.1543
ga,17,La25,32768,6.4995,4.3439
ga,17,La25,65536,4.2989,8.8642
ga,17,La25,131072,4.2477,17.4436
ga,17,La25,262144,4.2477,34.9659
ga,17,La25,524288,4.2477,75.7329
ga,17,La25,1048576,4.2477,147.2265
ga,17,La25,2097152,2.0983,287.8109
ga,17,La25,4194304,2.0983,563.1047
ga,17,La25,6847836,2.0983,900.0005
ga,17,La27,1,84.7368,0.0211
ga,17,La27,2,77.6923,0.0211
ga,17,La27,4,77.6923,0.0211
ga,17,La27,8,77.0040,0.0211
ga,17,La27,16,77.0040,0.0221
ga,17,La27,32,68.7449,0.0231
ga,17,La27,64,68.7449,0.0261
ga,17,La27,128,59.9190,0.0336
ga,17,La27,256,59.9190,0.0486
ga,17,La27,512,59.5142,0.0912
ga,17,La27,1024,54.2510,0.1802
ga,17,La27,2048,41.2146,0.3464
ga,17,La27,4096,39.3522,0.6887
ga,17,La27,8192,24.6559,1.3787
ga,17,La27,16384,18.2996,2.8301
ga,17,La27,32768,10.4858,5.7583
ga,17,La27,65536,9.1498,11.4457
ga,17,La27,131072,7.0445,22.5751
ga,17,La27,262144,6.6397,45.1705
ga,17,La27,524288,6.6397,97.0145
ga,17,La27,1048576,5.5870,188.2141
ga,17,La27,2097152,5.5870,369.1325
ga,17,La27,4194304,5.5870,713.0328
ga,17,La27,5299169,5.5870,900.0002
regla_bon,17,La25,1,11.8219,0.0060
regla_bon,17,La25,2,11.8219,0.0100
regla_bon,17,La25,4,11.8219,0.0201
regla_bon,17,La25,8,11.3101,0.0396
regla_bon,17,La25,16,11.3101,0.0747
regla_bon,17,La25,32,10.4401,0.1442
regla_bon,17,La25,64,6.6530,0.2838
regla_bon,17,La25,128,7.0624,0.5615
regla_bon,17,La25,256,7.0624,1.1435
regla_bon,17,La25,512,7.0624,2.3335
regla_bon,17,La25,1024,7.0624,4.7293
regla_bon,17,La25,2048,7.0624,9.5582
regla_bon,17,La25,4096,7.0113,18.8721
regla_bon,17,La25,8192,6.3460,37.8389
regla_bon,17,La25,16384,6.3460,81.6367
regla_bon,17,La25,32768,4.4524,158.5221
regla_bon,17,La25,65536,4.4524,310.3748
regla_bon,17,La25,131072,4.4524,604.5292
regla_bon,17,La25,198039,4.4524,900.0037
ga_sembrado,17,La25,1,11.8219,0.0141
ga_sembrado,17,La25,2,11.8219,0.0150
ga_sembrado,17,La25,4,11.8219,0.0150
ga_sembrado,17,La25,8,11.8219,0.0150
ga_sembrado,17,La25,16,11.8219,0.0161
ga_sembrado,17,La25,32,11.8219,0.0170
ga_sembrado,17,La25,64,11.8219,0.0190
ga_sembrado,17,La25,128,11.8219,0.0236
ga_sembrado,17,La25,256,11.8219,0.0326
ga_sembrado,17,La25,512,11.8219,0.0636
ga_sembrado,17,La25,1024,11.8219,0.1341
ga_sembrado,17,La25,2048,11.8219,0.2628
ga_sembrado,17,La25,4096,11.8219,0.5324
ga_sembrado,17,La25,8192,9.9795,1.0605
ga_sembrado,17,La25,16384,9.7748,2.1875
ga_sembrado,17,La25,32768,9.7748,4.3870
ga_sembrado,17,La25,65536,9.7748,8.9421
ga_sembrado,17,La25,131072,9.7748,17.4748
ga_sembrado,17,La25,262144,9.0072,35.0132
ga_sembrado,17,La25,524288,7.4207,76.1530
ga_sembrado,17,La25,1048576,7.4207,147.7214
ga_sembrado,17,La25,2097152,7.4207,288.8132
ga_sembrado,17,La25,4194304,7.4207,565.6304
ga_sembrado,17,La25,6814300,7.4207,900.0007
regla_bon,17,La27,1,24.9798,0.0080
regla_bon,17,La27,2,18.1377,0.0160
regla_bon,17,La27,4,18.2186,0.0335
regla_bon,17,La27,8,16.8826,0.0645
regla_bon,17,La27,16,16.8826,0.1335
regla_bon,17,La27,32,14.4130,0.2516
regla_bon,17,La27,64,13.1579,0.4879
regla_bon,17,La27,128,10.6883,0.9808
regla_bon,17,La27,256,9.5142,1.9757
regla_bon,17,La27,512,9.5142,3.9661
regla_bon,17,La27,1024,9.5142,8.1058
regla_bon,17,La27,2048,9.5142,15.8966
regla_bon,17,La27,4096,9.5142,31.8751
regla_bon,17,La27,8192,10.2024,68.2496
regla_bon,17,La27,16384,10.2024,133.8787
regla_bon,17,La27,32768,10.2024,263.1589
regla_bon,17,La27,65536,7.7328,518.6191
regla_bon,17,La27,117269,8.9069,900.0038
ga_sembrado,17,La27,1,24.9798,0.0250
ga_sembrado,17,La27,2,24.9798,0.0260
ga_sembrado,17,La27,4,24.9798,0.0260
ga_sembrado,17,La27,8,24.9798,0.0270
ga_sembrado,17,La27,16,24.9798,0.0280
ga_sembrado,17,La27,32,24.9798,0.0290
ga_sembrado,17,La27,64,24.9798,0.0325
ga_sembrado,17,La27,128,24.9798,0.0395
ga_sembrado,17,La27,256,24.9798,0.0545
ga_sembrado,17,La27,512,24.9798,0.1035
ga_sembrado,17,La27,1024,24.9798,0.2016
ga_sembrado,17,La27,2048,24.9798,0.3697
ga_sembrado,17,La27,4096,24.9798,0.7030
ga_sembrado,17,La27,8192,18.8664,1.4494
ga_sembrado,17,La27,16384,17.0445,2.8563
ga_sembrado,17,La27,32768,14.0081,5.8413
ga_sembrado,17,La27,65536,11.2955,11.4491
ga_sembrado,17,La27,131072,11.0121,22.5521
ga_sembrado,17,La27,262144,9.7976,45.1417
ga_sembrado,17,La27,524288,7.3279,97.3015
ga_sembrado,17,La27,1048576,6.8016,188.5616
ga_sembrado,17,La27,2097152,6.8016,370.1634
ga_sembrado,17,La27,4194304,6.8016,714.2025
ga_sembrado,17,La27,5292488,6.8016,900.0008
ga,17,La29,1,71.2674,0.0255
ga,17,La29,2,71.2674,0.0255
ga,17,La29,4,71.2674,0.0255
ga,17,La29,8,71.2674,0.0255
ga,17,La29,16,71.2674,0.0265
ga,17,La29,32,71.2674,0.0285
ga,17,La29,64,69.8351,0.0315
ga,17,La29,128,69.8351,0.0385
ga,17,La29,256,68.1424,0.0535
ga,17,La29,512,56.8576,0.0925
ga,17,La29,1024,53.8194,0.1716
ga,17,La29,2048,51.4757,0.3386
ga,17,La29,4096,37.1962,0.6536
ga,17,La29,8192,27.4740,1.2978
ga,17,La29,16384,15.7552,2.6090
ga,17,La29,32768,12.2830,5.2151
ga,17,La29,65536,10.2431,10.5405
ga,17,La29,131072,10.2431,20.8912
ga,17,La29,262144,8.8976,41.9169
ga,17,La29,524288,9.3750,85.7674
ga,17,La29,1048576,9.3750,170.4444
ga,17,La29,2097152,9.3750,343.7791
ga,17,La29,4194304,9.3750,682.3218
ga,17,La29,5606249,9.3750,900.0000
ga,17,La38,1,91.0535,0.0220
ga,17,La38,2,91.0535,0.0230
ga,17,La38,4,73.3696,0.0230
ga,17,La38,8,73.3696,0.0230
ga,17,La38,16,73.3696,0.0240
ga,17,La38,32,73.3696,0.0261
ga,17,La38,64,70.1505,0.0301
ga,17,La38,128,68.1856,0.0371
ga,17,La38,256,57.6923,0.0542
ga,17,La38,512,57.6923,0.0984
ga,17,La38,1024,43.4783,0.1882
ga,17,La38,2048,40.1756,0.3700
ga,17,La38,4096,36.2876,0.7327
ga,17,La38,8192,27.3411,1.4360
ga,17,La38,16384,21.3211,2.8615
ga,17,La38,32768,15.9281,5.7390
ga,17,La38,65536,14.7157,11.6149
ga,17,La38,131072,14.6321,23.1783
ga,17,La38,262144,14.8829,46.3769
ga,17,La38,524288,14.5485,94.9567
ga,17,La38,1048576,14.5485,189.9727
ga,17,La38,2097152,14.5485,384.5071
ga,17,La38,4194304,13.7542,752.8162
ga,17,La38,5052286,13.7542,900.0006
regla_bon,17,La29,1,13.4115,0.0080
regla_bon,17,La29,2,13.4115,0.0150
regla_bon,17,La29,4,13.4115,0.0291
regla_bon,17,La29,8,13.4115,0.0562
regla_bon,17,La29,16,13.4115,0.1134
regla_bon,17,La29,32,13.8889,0.2289
regla_bon,17,La29,64,13.8889,0.4610
regla_bon,17,La29,128,13.8889,0.9157
regla_bon,17,La29,256,11.3715,1.8077
regla_bon,17,La29,512,11.3715,3.6475
regla_bon,17,La29,1024,11.3715,7.3641
regla_bon,17,La29,2048,11.4149,14.7799
regla_bon,17,La29,4096,11.0677,29.8311
regla_bon,17,La29,8192,12.8472,59.1955
regla_bon,17,La29,16384,10.4601,121.1752
regla_bon,17,La29,32768,10.4601,241.2021
regla_bon,17,La29,65536,10.1562,488.2997
regla_bon,17,La29,123668,10.3299,900.0041
ga_sembrado,17,La29,1,13.4115,0.0241
ga_sembrado,17,La29,2,13.4115,0.0241
ga_sembrado,17,La29,4,13.4115,0.0241
ga_sembrado,17,La29,8,13.4115,0.0251
ga_sembrado,17,La29,16,13.4115,0.0251
ga_sembrado,17,La29,32,13.4115,0.0271
ga_sembrado,17,La29,64,13.4115,0.0306
ga_sembrado,17,La29,128,13.4115,0.0371
ga_sembrado,17,La29,256,13.4115,0.0507
ga_sembrado,17,La29,512,13.4115,0.0894
ga_sembrado,17,La29,1024,13.4115,0.1684
ga_sembrado,17,La29,2048,13.4115,0.3274
ga_sembrado,17,La29,4096,13.4115,0.6586
ga_sembrado,17,La29,8192,11.8056,1.2830
ga_sembrado,17,La29,16384,10.6337,2.5910
ga_sembrado,17,La29,32768,10.4167,5.1901
ga_sembrado,17,La29,65536,10.3299,10.4857
ga_sembrado,17,La29,131072,8.8976,20.7531
ga_sembrado,17,La29,262144,7.2917,41.7308
ga_sembrado,17,La29,524288,5.9896,85.5584
ga_sembrado,17,La29,1048576,5.6424,170.1792
ga_sembrado,17,La29,2097152,5.6424,343.3213
ga_sembrado,17,La29,4194304,5.6424,680.2769
ga_sembrado,17,La29,5621623,5.6424,900.0001
regla_bon,17,La38,1,14.9666,0.0070
regla_bon,17,La38,2,14.9666,0.0140
regla_bon,17,La38,4,14.9666,0.0265
regla_bon,17,La38,8,12.1656,0.0525
regla_bon,17,La38,16,11.5385,0.1080
regla_bon,17,La38,32,11.5385,0.2131
regla_bon,17,La38,64,11.5385,0.4207
regla_bon,17,La38,128,10.4933,0.8349
regla_bon,17,La38,256,10.4933,1.6838
regla_bon,17,La38,512,9.1973,3.3746
regla_bon,17,La38,1024,7.9013,6.7380
regla_bon,17,La38,2048,7.9013,13.5419
regla_bon,17,La38,4096,7.9013,27.2443
regla_bon,17,La38,8192,7.9013,54.1834
regla_bon,17,La38,16384,7.9013,111.0282
regla_bon,17,La38,32768,7.1906,221.5510
regla_bon,17,La38,65536,7.1906,447.4684
regla_bon,17,La38,131072,7.6505,875.1817
regla_bon,17,La38,134935,7.3997,900.0013
ga_sembrado,17,La38,1,14.9666,0.0235
ga_sembrado,17,La38,2,14.9666,0.0235
ga_sembrado,17,La38,4,14.9666,0.0235
ga_sembrado,17,La38,8,14.9666,0.0235
ga_sembrado,17,La38,16,14.9666,0.0245
ga_sembrado,17,La38,32,14.9666,0.0265
ga_sembrado,17,La38,64,14.9666,0.0315
ga_sembrado,17,La38,128,14.9666,0.0385
ga_sembrado,17,La38,256,14.9666,0.0525
ga_sembrado,17,La38,512,14.9666,0.1030
ga_sembrado,17,La38,1024,14.9666,0.1921
ga_sembrado,17,La38,2048,14.9666,0.3687
ga_sembrado,17,La38,4096,13.8796,0.7338
ga_sembrado,17,La38,8192,11.2040,1.4697
ga_sembrado,17,La38,16384,9.3227,2.9403
ga_sembrado,17,La38,32768,9.2391,5.8178
ga_sembrado,17,La38,65536,9.0301,11.7036
ga_sembrado,17,La38,131072,6.0619,23.2587
ga_sembrado,17,La38,262144,6.0619,46.5433
ga_sembrado,17,La38,524288,6.0619,95.3191
ga_sembrado,17,La38,1048576,6.2709,190.4070
ga_sembrado,17,La38,2097152,6.2709,386.2299
ga_sembrado,17,La38,4194304,6.2709,754.5581
ga_sembrado,17,La38,5044073,4.5151,900.0003
ga,17,La40,1,94.1899,0.0210
ga,17,La40,2,94.1899,0.0210
ga,17,La40,4,91.4075,0.0210
ga,17,La40,8,91.4075,0.0220
ga,17,La40,16,70.9493,0.0220
ga,17,La40,32,70.9493,0.0240
ga,17,La40,64,61.3748,0.0270
ga,17,La40,128,61.3748,0.0330
ga,17,La40,256,61.3748,0.0490
ga,17,La40,512,53.4779,0.0910
ga,17,La40,1024,48.1178,0.1772
ga,17,La40,2048,44.0262,0.3392
ga,17,La40,4096,34.0426,0.7009
ga,17,La40,8192,24.3453,1.4067
ga,17,La40,16384,15.0164,2.8488
ga,17,La40,32768,9.5745,5.6866
ga,17,La40,65536,7.3241,11.3610
ga,17,La40,131072,5.8101,22.7934
ga,17,La40,262144,4.0507,45.6321
ga,17,La40,524288,3.9689,91.6463
ga,17,La40,1048576,3.9689,183.7105
ga,17,La40,2097152,3.8052,369.7133
ga,17,La40,4194304,3.8052,760.4065
ga,17,La40,4980873,3.8052,900.0002
regla_bon,17,La40,1,13.2570,0.0075
regla_bon,17,La40,2,13.2570,0.0135
regla_bon,17,La40,4,13.2570,0.0275
regla_bon,17,La40,8,13.2570,0.0536
regla_bon,17,La40,16,11.2930,0.1046
regla_bon,17,La40,32,11.2930,0.2036
regla_bon,17,La40,64,11.2930,0.4037
regla_bon,17,La40,128,10.1473,0.8033
regla_bon,17,La40,256,10.1473,1.6170
regla_bon,17,La40,512,10.1473,3.2811
regla_bon,17,La40,1024,9.4517,6.5417
regla_bon,17,La40,2048,10.1882,13.0755
regla_bon,17,La40,4096,8.0196,26.3761
regla_bon,17,La40,8192,8.0196,52.8894
regla_bon,17,La40,16384,8.0196,105.9666
regla_bon,17,La40,32768,8.0196,213.0779
regla_bon,17,La40,65536,6.7921,437.1487
regla_bon,17,La40,131072,6.7921,880.6474
regla_bon,17,La40,134144,6.7921,900.0001
ga,17,ABZ7,1,80.9451,0.0365
ga,17,ABZ7,2,80.9451,0.0365
ga,17,ABZ7,4,80.9451,0.0365
ga,17,ABZ7,8,81.0976,0.0375
ga,17,ABZ7,16,81.0976,0.0385
ga,17,ABZ7,32,79.1159,0.0410
ga,17,ABZ7,64,78.8872,0.0440
ga,17,ABZ7,128,53.7348,0.0540
ga,17,ABZ7,256,53.7348,0.0740
ga,17,ABZ7,512,53.7348,0.1311
ga,17,ABZ7,1024,53.7348,0.2476
ga,17,ABZ7,2048,53.7348,0.4762
ga,17,ABZ7,4096,46.0366,0.9162
ga,17,ABZ7,8192,32.5457,1.8261
ga,17,ABZ7,16384,25.9909,3.6956
ga,17,ABZ7,32768,15.1677,7.4058
ga,17,ABZ7,65536,10.8994,14.8226
ga,17,ABZ7,131072,9.4512,29.9489
ga,17,ABZ7,262144,8.5366,60.0461
ga,17,ABZ7,524288,8.5366,120.2784
ga,17,ABZ7,1048576,8.5366,240.6893
ga,17,ABZ7,2097152,8.5366,494.5197
ga,17,ABZ7,3793626,8.5366,900.0006
ga_sembrado,17,La40,1,13.2570,0.0260
ga_sembrado,17,La40,2,13.2570,0.0260
ga_sembrado,17,La40,4,13.2570,0.0260
ga_sembrado,17,La40,8,13.2570,0.0270
ga_sembrado,17,La40,16,13.2570,0.0280
ga_sembrado,17,La40,32,13.2570,0.0300
ga_sembrado,17,La40,64,13.2570,0.0345
ga_sembrado,17,La40,128,13.2570,0.0420
ga_sembrado,17,La40,256,13.2570,0.0570
ga_sembrado,17,La40,512,13.2570,0.1001
ga_sembrado,17,La40,1024,13.2570,0.1851
ga_sembrado,17,La40,2048,13.2570,0.3606
ga_sembrado,17,La40,4096,13.2570,0.7112
ga_sembrado,17,La40,8192,11.0065,1.4200
ga_sembrado,17,La40,16384,10.9656,2.8488
ga_sembrado,17,La40,32768,9.9018,5.6645
ga_sembrado,17,La40,65536,9.9018,11.2770
ga_sembrado,17,La40,131072,9.4926,22.5812
ga_sembrado,17,La40,262144,5.9329,45.2838
ga_sembrado,17,La40,524288,5.9329,91.3056
ga_sembrado,17,La40,1048576,5.9329,183.4285
ga_sembrado,17,La40,2097152,5.9329,369.0973
ga_sembrado,17,La40,4194304,5.6056,758.9905
ga_sembrado,17,La40,4993274,5.6056,900.0006
regla_bon,17,ABZ7,1,19.6646,0.0120
regla_bon,17,ABZ7,2,16.6159,0.0220
regla_bon,17,ABZ7,4,16.6159,0.0420
regla_bon,17,ABZ7,8,16.6159,0.0840
regla_bon,17,ABZ7,16,16.2348,0.1706
regla_bon,17,ABZ7,32,13.6433,0.3416
regla_bon,17,ABZ7,64,13.6433,0.6767
regla_bon,17,ABZ7,128,11.9665,1.3694
regla_bon,17,ABZ7,256,12.1189,2.7537
regla_bon,17,ABZ7,512,11.5854,5.5359
regla_bon,17,ABZ7,1024,11.5854,11.0124
regla_bon,17,ABZ7,2048,9.9848,22.0024
regla_bon,17,ABZ7,4096,10.5945,44.0773
regla_bon,17,ABZ7,8192,10.5945,88.7054
regla_bon,17,ABZ7,16384,10.5945,177.8018
regla_bon,17,ABZ7,32768,9.7561,358.3991
regla_bon,17,ABZ7,65536,9.2988,733.3483
regla_bon,17,ABZ7,80556,7.6220,900.0067
ga_sembrado,17,ABZ7,1,19.6646,0.0330
ga_sembrado,17,ABZ7,2,19.6646,0.0330
ga_sembrado,17,ABZ7,4,19.6646,0.0330
ga_sembrado,17,ABZ7,8,19.6646,0.0330
ga_sembrado,17,ABZ7,16,19.6646,0.0350
ga_sembrado,17,ABZ7,32,19.6646,0.0370
ga_sembrado,17,ABZ7,64,19.6646,0.0410
ga_sembrado,17,ABZ7,128,19.6646,0.0510
ga_sembrado,17,ABZ7,256,19.6646,0.0710
ga_sembrado,17,ABZ7,512,19.6646,0.1306
ga_sembrado,17,ABZ7,1024,19.6646,0.2466
ga_sembrado,17,ABZ7,2048,19.6646,0.4661
ga_sembrado,17,ABZ7,4096,19.6646,0.9338
ga_sembrado,17,ABZ7,8192,12.6524,1.9032
ga_sembrado,17,ABZ7,16384,12.1951,3.7667
ga_sembrado,17,ABZ7,32768,12.0427,7.5322
ga_sembrado,17,ABZ7,65536,11.2805,14.9379
ga_sembrado,17,ABZ7,131072,9.9085,30.0910
ga_sembrado,17,ABZ7,262144,8.4604,60.5012
ga_sembrado,17,ABZ7,524288,8.4604,121.1003
ga_sembrado,17,ABZ7,1048576,8.3079,243.0763
ga_sembrado,17,ABZ7,2097152,6.0213,500.6280
ga_sembrado,17,ABZ7,3754335,6.0213,900.0007
ga,17,ABZ8,1,103.8760,0.0360
ga,17,ABZ8,2,87.8295,0.0360
ga,17,ABZ8,4,87.8295,0.0360
ga,17,ABZ8,8,87.8295,0.0370
ga,17,ABZ8,16,77.8295,0.0380
ga,17,ABZ8,32,77.8295,0.0390
ga,17,ABZ8,64,77.8295,0.0440
ga,17,ABZ8,128,77.8295,0.0550
ga,17,ABZ8,256,76.1240,0.0770
ga,17,ABZ8,512,74.8837,0.1310
ga,17,ABZ8,1024,65.7364,0.2466
ga,17,ABZ8,2048,60.5426,0.4733
ga,17,ABZ8,4096,56.8992,0.9134
ga,17,ABZ8,8192,40.0000,1.8060
ga,17,ABZ8,16384,31.6279,3.6538
ga,17,ABZ8,32768,19.8450,7.3248
ga,17,ABZ8,65536,17.8295,14.6604
ga,17,ABZ8,131072,16.1240,29.2121
ga,17,ABZ8,262144,13.7984,57.8220
ga,17,ABZ8,524288,13.7984,115.0726
ga,17,ABZ8,1048576,13.7984,229.5898
ga,17,ABZ8,2097152,12.2481,460.7403
ga,17,ABZ8,4115756,12.0930,900.0007
ga,17,ABZ9,1,96.0666,0.0370
ga,17,ABZ9,2,96.9743,0.0370
ga,17,ABZ9,4,85.9304,0.0370
ga,17,ABZ9,8,85.9304,0.0380
ga,17,ABZ9,16,86.3843,0.0390
ga,17,ABZ9,32,86.3843,0.0420
ga,17,ABZ9,64,77.4584,0.0470
ga,17,ABZ9,128,77.4584,0.0570
ga,17,ABZ9,256,77.4584,0.0740
ga,17,ABZ9,512,76.7776,0.1306
ga,17,ABZ9,1024,63.4644,0.2357
ga,17,ABZ9,2048,61.1952,0.4652
ga,17,ABZ9,4096,53.0257,0.9089
ga,17,ABZ9,8192,44.0998,1.8159
ga,17,ABZ9,16384,35.0227,3.6964
ga,17,ABZ9,32768,24.4327,7.3194
ga,17,ABZ9,65536,18.5325,14.7580
ga,17,ABZ9,131072,14.9773,29.2670
ga,17,ABZ9,262144,14.3722,57.8936
ga,17,ABZ9,524288,14.3722,115.3356
ga,17,ABZ9,1048576,13.6157,229.2801
ga,17,ABZ9,2097152,13.6157,460.4506
ga,17,ABZ9,4111887,13.6157,900.0002
regla_bon,17,ABZ8,1,24.7287,0.0100
regla_bon,17,ABZ8,2,24.7287,0.0190
regla_bon,17,ABZ8,4,24.7287,0.0410
regla_bon,17,ABZ8,8,24.7287,0.0800
regla_bon,17,ABZ8,16,23.6434,0.1617
regla_bon,17,ABZ8,32,23.6434,0.3307
regla_bon,17,ABZ8,64,23.6434,0.6668
regla_bon,17,ABZ8,128,23.1783,1.3221
regla_bon,17,ABZ8,256,20.2326,2.7113
regla_bon,17,ABZ8,512,20.2326,5.4118
regla_bon,17,ABZ8,1024,20.2326,10.9222
regla_bon,17,ABZ8,2048,19.6899,21.6450
regla_bon,17,ABZ8,4096,20.0775,42.9399
regla_bon,17,ABZ8,8192,20.0775,84.7938
regla_bon,17,ABZ8,16384,18.3721,169.8431
regla_bon,17,ABZ8,32768,17.8295,338.0024
regla_bon,17,ABZ8,65536,16.5116,677.1642
regla_bon,17,ABZ8,87168,16.5116,900.0087
ga_sembrado,17,ABZ8,1,24.7287,0.0370
ga_sembrado,17,ABZ8,2,24.7287,0.0370
ga_sembrado,17,ABZ8,4,24.7287,0.0370
ga_sembrado,17,ABZ8,8,24.7287,0.0380
ga_sembrado,17,ABZ8,16,24.7287,0.0390
ga_sembrado,17,ABZ8,32,24.7287,0.0410
ga_sembrado,17,ABZ8,64,24.7287,0.0440
ga_sembrado,17,ABZ8,128,24.7287,0.0540
ga_sembrado,17,ABZ8,256,24.7287,0.0730
ga_sembrado,17,ABZ8,512,24.7287,0.1296
ga_sembrado,17,ABZ8,1024,24.7287,0.2447
ga_sembrado,17,ABZ8,2048,24.7287,0.4813
ga_sembrado,17,ABZ8,4096,22.7132,0.9309
ga_sembrado,17,ABZ8,8192,21.1628,1.8469
ga_sembrado,17,ABZ8,16384,21.0853,3.7514
ga_sembrado,17,ABZ8,32768,19.3798,7.4144
ga_sembrado,17,ABZ8,65536,18.4496,14.9031
ga_sembrado,17,ABZ8,131072,17.2093,29.4450
ga_sembrado,17,ABZ8,262144,17.0543,58.3919
ga_sembrado,17,ABZ8,524288,17.0543,116.2649
ga_sembrado,17,ABZ8,1048576,17.0543,231.1898
ga_sembrado,17,ABZ8,2097152,17.0543,464.0466
ga_sembrado,17,ABZ8,4081687,17.0543,900.0007
regla_bon,17,ABZ9,1,33.3585,0.0120
regla_bon,17,ABZ9,2,33.5098,0.0230
regla_bon,17,ABZ9,4,30.1059,0.0420
regla_bon,17,ABZ9,8,27.2315,0.0840
regla_bon,17,ABZ9,16,27.2315,0.1665
regla_bon,17,ABZ9,32,27.2315,0.3331
regla_bon,17,ABZ9,64,27.2315,0.6602
regla_bon,17,ABZ9,128,24.2057,1.3277
regla_bon,17,ABZ9,256,24.2057,2.7062
regla_bon,17,ABZ9,512,23.4493,5.3972
regla_bon,17,ABZ9,1024,23.3737,10.8386
regla_bon,17,ABZ9,2048,23.3737,21.5074
regla_bon,17,ABZ9,4096,22.5416,42.6553
regla_bon,17,ABZ9,8192,22.5416,84.8338
regla_bon,17,ABZ9,16384,21.4826,170.3265
regla_bon,17,ABZ9,32768,20.4992,339.2478
regla_bon,17,ABZ9,65536,20.4992,679.7386
regla_bon,17,ABZ9,86903,20.4992,900.0061
ga_sembrado,17,ABZ9,1,33.3585,0.0380
ga_sembrado,17,ABZ9,2,33.3585,0.0380
ga_sembrado,17,ABZ9,4,33.3585,0.0390
ga_sembrado,17,ABZ9,8,33.3585,0.0390
ga_sembrado,17,ABZ9,16,33.3585,0.0410
ga_sembrado,17,ABZ9,32,33.3585,0.0430
ga_sembrado,17,ABZ9,64,33.3585,0.0480
ga_sembrado,17,ABZ9,128,33.3585,0.0570
ga_sembrado,17,ABZ9,256,33.3585,0.0770
ga_sembrado,17,ABZ9,512,33.3585,0.1300
ga_sembrado,17,ABZ9,1024,33.3585,0.2451
ga_sembrado,17,ABZ9,2048,33.3585,0.4636
ga_sembrado,17,ABZ9,4096,29.1225,0.9039
ga_sembrado,17,ABZ9,8192,27.6853,1.8693
ga_sembrado,17,ABZ9,16384,26.7020,3.6993
ga_sembrado,17,ABZ9,32768,25.7186,7.3458
ga_sembrado,17,ABZ9,65536,24.5840,14.7995
ga_sembrado,17,ABZ9,131072,21.1044,29.2963
ga_sembrado,17,ABZ9,262144,18.6082,58.0160
ga_sembrado,17,ABZ9,524288,16.6415,115.5341
ga_sembrado,17,ABZ9,1048576,16.6415,229.8733
ga_sembrado,17,ABZ9,2097152,16.6415,459.3629
ga_sembrado,17,ABZ9,4119414,16.6415,900.0001
ga,18,FT10,1,102.6882,0.0120
ga,18,FT10,2,86.5591,0.0120
ga,18,FT10,4,54.1935,0.0120
ga,18,FT10,8,54.1935,0.0130
ga,18,FT10,16,54.1935,0.0130
ga,18,FT10,32,54.1935,0.0140
ga,18,FT10,64,54.1935,0.0160
ga,18,FT10,128,48.6559,0.0190
ga,18,FT10,256,35.5376,0.0260
ga,18,FT10,512,35.5376,0.0490
ga,18,FT10,1024,35.5376,0.0900
ga,18,FT10,2048,25.6452,0.1671
ga,18,FT10,4096,17.0968,0.3321
ga,18,FT10,8192,13.1183,0.6618
ga,18,FT10,16384,10.1075,1.2795
ga,18,FT10,32768,6.9892,2.6787
ga,18,FT10,65536,4.0860,5.3680
ga,18,FT10,131072,4.0860,10.7044
ga,18,FT10,262144,4.0860,21.3746
ga,18,FT10,524288,3.9785,43.2231
ga,18,FT10,1048576,3.9785,86.5858
ga,18,FT10,2097152,3.4409,173.6496
ga,18,FT10,4194304,0.9677,344.2956
ga,18,FT10,8388608,0.9677,687.6005
ga,18,FT10,10958847,0.9677,900.0009
ga_sembrado,18,FT10,1,20.3763,0.0110
ga_sembrado,18,FT10,2,20.3763,0.0110
ga_sembrado,18,FT10,4,20.3763,0.0110
ga_sembrado,18,FT10,8,20.3763,0.0110
ga_sembrado,18,FT10,16,20.3763,0.0120
ga_sembrado,18,FT10,32,20.3763,0.0120
ga_sembrado,18,FT10,64,20.3763,0.0140
ga_sembrado,18,FT10,128,20.3763,0.0165
ga_sembrado,18,FT10,256,20.3763,0.0221
ga_sembrado,18,FT10,512,20.3763,0.0381
ga_sembrado,18,FT10,1024,20.3763,0.0771
ga_sembrado,18,FT10,2048,20.3763,0.1536
ga_sembrado,18,FT10,4096,12.7957,0.3106
ga_sembrado,18,FT10,8192,5.4839,0.6533
ga_sembrado,18,FT10,16384,2.0430,1.3351
ga_sembrado,18,FT10,32768,2.0430,2.6677
ga_sembrado,18,FT10,65536,2.0430,5.3250
ga_sembrado,18,FT10,131072,2.0430,10.6723
ga_sembrado,18,FT10,262144,2.0430,21.4045
ga_sembrado,18,FT10,524288,2.0430,43.4904
ga_sembrado,18,FT10,1048576,2.0430,86.7164
ga_sembrado,18,FT10,2097152,2.0430,174.2663
ga_sembrado,18,FT10,4194304,2.0430,344.6787
ga_sembrado,18,FT10,8388608,2.0430,688.2734
ga_sembrado,18,FT10,10952064,2.0430,900.0004
ga,18,FT20,1,71.5021,0.0136
ga,18,FT20,2,71.5021,0.0136
ga,18,FT20,4,71.5021,0.0136
ga,18,FT20,8,72.7897,0.0136
ga,18,FT20,16,59.1416,0.0145
ga,18,FT20,32,52.2747,0.0145
ga,18,FT20,64,52.2747,0.0165
ga,18,FT20,128,48.6695,0.0195
ga,18,FT20,256,44.8927,0.0265
ga,18,FT20,512,39.0558,0.0435
ga,18,FT20,1024,37.5107,0.0815
ga,18,FT20,2048,31.5021,0.1521
ga,18,FT20,4096,26.3519,0.3282
ga,18,FT20,8192,19.9142,0.6678
ga,18,FT20,16384,8.7554,1.3286
ga,18,FT20,32768,3.0901,2.6812
ga,18,FT20,65536,1.7167,5.4200
ga,18,FT20,131072,1.4592,10.7993
ga,18,FT20,262144,1.4592,21.6016
ga,18,FT20,524288,1.4592,43.8936
ga,18,FT20,1048576,1.4592,87.6798
ga,18,FT20,2097152,1.4592,176.7855
ga,18,FT20,4194304,1.4592,350.1487
ga,18,FT20,8388608,1.4592,698.6786
ga,18,FT20,10806037,1.4592,900.0009
regla_bon,18,FT10,1,20.3763,0.0020
regla_bon,18,FT10,2,20.3763,0.0035
regla_bon,18,FT10,4,12.3656,0.0075
regla_bon,18,FT10,8,12.3656,0.0145
regla_bon,18,FT10,16,8.7634,0.0325
regla_bon,18,FT10,32,9.0323,0.0675
regla_bon,18,FT10,64,9.0323,0.1381
regla_bon,18,FT10,128,9.0323,0.2611
regla_bon,18,FT10,256,7.0968,0.5303
regla_bon,18,FT10,512,7.0968,1.0530
regla_bon,18,FT10,1024,7.0968,2.1290
regla_bon,18,FT10,2048,7.0968,4.2479
regla_bon,18,FT10,4096,7.0968,8.5263
regla_bon,18,FT10,8192,6.2903,16.9453
regla_bon,18,FT10,16384,6.2903,34.2529
regla_bon,18,FT10,32768,6.2903,68.7292
regla_bon,18,FT10,65536,3.8710,137.5373
regla_bon,18,FT10,131072,3.8710,275.2989
regla_bon,18,FT10,262144,3.8710,549.3460
regla_bon,18,FT10,429119,3.8172,900.0019
ga_sembrado,18,FT20,1,13.2189,0.0100
ga_sembrado,18,FT20,2,13.2189,0.0100
ga_sembrado,18,FT20,4,13.2189,0.0100
ga_sembrado,18,FT20,8,13.2189,0.0100
ga_sembrado,18,FT20,16,13.2189,0.0100
ga_sembrado,18,FT20,32,13.2189,0.0110
ga_sembrado,18,FT20,64,13.2189,0.0120
ga_sembrado,18,FT20,128,13.2189,0.0160
ga_sembrado,18,FT20,256,13.2189,0.0240
ga_sembrado,18,FT20,512,13.2189,0.0460
ga_sembrado,18,FT20,1024,13.2189,0.0895
ga_sembrado,18,FT20,2048,13.2189,0.1735
ga_sembrado,18,FT20,4096,13.2189,0.3426
ga_sembrado,18,FT20,8192,12.3605,0.6658
ga_sembrado,18,FT20,16384,11.9313,1.3166
ga_sembrado,18,FT20,32768,10.2146,2.6896
ga_sembrado,18,FT20,65536,8.3691,5.4440
ga_sembrado,18,FT20,131072,6.6094,10.6704
ga_sembrado,18,FT20,262144,2.3176,21.4905
ga_sembrado,18,FT20,524288,2.3176,43.5845
ga_sembrado,18,FT20,1048576,2.3176,87.1100
ga_sembrado,18,FT20,2097152,2.3176,176.2164
ga_sembrado,18,FT20,4194304,2.3176,349.4850
ga_sembrado,18,FT20,8388608,2.3176,696.9004
ga_sembrado,18,FT20,10814759,2.3176,900.0004
regla_bon,18,FT20,1,13.2189,0.0040
regla_bon,18,FT20,2,13.2189,0.0070
regla_bon,18,FT20,4,13.2189,0.0140
regla_bon,18,FT20,8,13.2189,0.0250
regla_bon,18,FT20,16,13.0472,0.0510
regla_bon,18,FT20,32,9.2704,0.0965
regla_bon,18,FT20,64,9.2704,0.1865
regla_bon,18,FT20,128,9.2704,0.3806
regla_bon,18,FT20,256,9.2704,0.7989
regla_bon,18,FT20,512,9.2704,1.5913
regla_bon,18,FT20,1024,6.9957,3.1138
regla_bon,18,FT20,2048,7.2961,6.2808
regla_bon,18,FT20,4096,7.2961,12.5264
regla_bon,18,FT20,8192,7.2961,24.9925
regla_bon,18,FT20,16384,7.2961,50.6347
regla_bon,18,FT20,32768,7.1245,100.9137
regla_bon,18,FT20,65536,5.7511,202.9777
regla_bon,18,FT20,131072,5.7511,403.3335
regla_bon,18,FT20,262144,5.7511,807.2162
regla_bon,18,FT20,292632,5.7511,900.0004
ga,18,La21,1,91.4914,0.0195
ga,18,La21,2,91.4914,0.0195
ga,18,La21,4,79.4455,0.0195
ga,18,La21,8,75.6692,0.0195
ga,18,La21,16,57.2658,0.0205
ga,18,La21,32,57.2658,0.0215
ga,18,La21,64,57.2658,0.0245
ga,18,La21,128,45.3155,0.0290
ga,18,La21,256,45.3155,0.0400
ga,18,La21,512,45.3155,0.0731
ga,18,La21,1024,42.5430,0.1361
ga,18,La21,2048,37.5717,0.2531
ga,18,La21,4096,33.8432,0.4802
ga,18,La21,8192,21.4627,0.9634
ga,18,La21,16384,13.3843,1.9018
ga,18,La21,32768,8.3652,3.7834
ga,18,La21,65536,8.5086,7.6393
ga,18,La21,131072,7.3614,15.3855
ga,18,La21,262144,7.3614,30.6496
ga,18,La21,524288,7.3614,60.7592
ga,18,La21,1048576,7.3614,121.1588
ga,18,La21,2097152,7.3614,243.0091
ga,18,La21,4194304,7.3614,487.8645
ga,18,La21,7741419,7.3614,900.0003
ga_sembrado,18,La21,1,15.0096,0.0130
ga_sembrado,18,La21,2,15.0096,0.0130
ga_sembrado,18,La21,4,15.0096,0.0130
ga_sembrado,18,La21,8,15.0096,0.0140
ga_sembrado,18,La21,16,15.0096,0.0140
ga_sembrado,18,La21,32,15.0096,0.0160
ga_sembrado,18,La21,64,15.0096,0.0180
ga_sembrado,18,La21,128,15.0096,0.0240
ga_sembrado,18,La21,256,15.0096,0.0350
ga_sembrado,18,La21,512,15.0096,0.0666
ga_sembrado,18,La21,1024,15.0096,0.1281
ga_sembrado,18,La21,2048,15.0096,0.2541
ga_sembrado,18,La21,4096,15.5832,0.4903
ga_sembrado,18,La21,8192,13.3365,0.9684
ga_sembrado,18,La21,16384,12.3805,1.9509
ga_sembrado,18,La21,32768,11.9503,3.8921
ga_sembrado,18,La21,65536,11.7591,7.7353
ga_sembrado,18,La21,131072,8.3174,15.3420
ga_sembrado,18,La21,262144,6.4532,30.6866
ga_sembrado,18,La21,524288,6.4532,60.8578
ga_sembrado,18,La21,1048576,6.2141,121.3788
ga_sembrado,18,La21,2097152,6.2141,243.5343
ga_sembrado,18,La21,4194304,6.2141,489.0291
ga_sembrado,18,La21,7725725,4.3021,900.0009
ga,18,La24,1,129.2513,0.0170
ga,18,La24,2,129.2513,0.0170
ga,18,La24,4,92.6203,0.0180
ga,18,La24,8,73.4759,0.0180
ga,18,La24,16,67.9144,0.0180
ga,18,La24,32,45.7754,0.0190
ga,18,La24,64,45.7754,0.0210
ga,18,La24,128,45.7754,0.0250
ga,18,La24,256,45.7754,0.0330
ga,18,La24,512,45.7754,0.0626
ga,18,La24,1024,43.4759,0.1241
ga,18,La24,2048,36.1497,0.2531
ga,18,La24,4096,30.5348,0.5028
ga,18,La24,8192,20.2139,0.9649
ga,18,La24,16384,10.9626,1.9899
ga,18,La24,32768,6.5775,3.9301
ga,18,La24,65536,6.4706,7.8764
ga,18,La24,131072,5.2406,15.5111
ga,18,La24,262144,5.7754,30.6646
ga,18,La24,524288,5.0267,61.1023
ga,18,La24,1048576,5.0267,121.8105
ga,18,La24,2097152,5.0267,244.0925
ga,18,La24,4194304,5.0267,489.6443
ga,18,La24,7716219,5.0267,900.0009
regla_bon,18,La21,1,15.0096,0.0050
regla_bon,18,La21,2,15.0096,0.0090
regla_bon,18,La21,4,11.8547,0.0180
regla_bon,18,La21,8,11.8547,0.0340
regla_bon,18,La21,16,11.8547,0.0666
regla_bon,18,La21,32,12.2371,0.1341
regla_bon,18,La21,64,9.7514,0.2806
regla_bon,18,La21,128,9.7514,0.5378
regla_bon,18,La21,256,9.7514,1.0625
regla_bon,18,La21,512,9.7514,2.1385
regla_bon,18,La21,1024,9.5124,4.1802
regla_bon,18,La21,2048,8.9866,8.4675
regla_bon,18,La21,4096,8.9866,16.7373
regla_bon,18,La21,8192,8.9866,33.3213
regla_bon,18,La21,16384,8.6042,66.0352
regla_bon,18,La21,32768,8.6042,132.1490
regla_bon,18,La21,65536,8.6042,263.9430
regla_bon,18,La21,131072,8.6042,529.6684
regla_bon,18,La21,222965,8.6042,900.0019
regla_bon,18,La24,1,10.1070,0.0050
regla_bon,18,La24,2,10.1070,0.0110
regla_bon,18,La24,4,10.1070,0.0190
regla_bon,18,La24,8,10.1070,0.0350
regla_bon,18,La24,16,9.1444,0.0650
regla_bon,18,La24,32,9.1444,0.1345
regla_bon,18,La24,64,9.1444,0.2681
regla_bon,18,La24,128,8.3957,0.5422
regla_bon,18,La24,256,8.3957,1.0704
regla_bon,18,La24,512,8.3957,2.1366
regla_bon,18,La24,1024,8.3957,4.1852
regla_bon,18,La24,2048,7.2193,8.5711
regla_bon,18,La24,4096,5.4011,16.9934
regla_bon,18,La24,8192,5.4011,33.8522
regla_bon,18,La24,16384,5.2941,67.2361
regla_bon,18,La24,32768,5.2941,134.6647
regla_bon,18,La24,65536,6.2032,268.9324
regla_bon,18,La24,131072,4.9198,540.1082
regla_bon,18,La24,218468,4.9198,900.0000
ga_sembrado,18,La24,1,10.1070,0.0200
ga_sembrado,18,La24,2,10.1070,0.0200
ga_sembrado,18,La24,4,10.1070,0.0200
ga_sembrado,18,La24,8,10.1070,0.0200
ga_sembrado,18,La24,16,10.1070,0.0210
ga_sembrado,18,La24,32,10.1070,0.0220
ga_sembrado,18,La24,64,10.1070,0.0250
ga_sembrado,18,La24,128,10.1070,0.0300
ga_sembrado,18,La24,256,10.1070,0.0400
ga_sembrado,18,La24,512,10.1070,0.0690
ga_sembrado,18,La24,1024,10.1070,0.1246
ga_sembrado,18,La24,2048,10.1070,0.2431
ga_sembrado,18,La24,4096,9.5722,0.4722
ga_sembrado,18,La24,8192,8.9840,0.9249
ga_sembrado,18,La24,16384,8.7166,1.8769
ga_sembrado,18,La24,32768,8.4492,3.7130
ga_sembrado,18,La24,65536,8.4492,7.6143
ga_sembrado,18,La24,131072,4.7594,15.4446
ga_sembrado,18,La24,262144,3.3690,30.6230
ga_sembrado,18,La24,524288,2.9412,60.7762
ga_sembrado,18,La24,1048576,2.9412,121.9420
ga_sembrado,18,La24,2097152,2.9412,243.5297
ga_sembrado,18,La24,4194304,2.9412,489.0571
ga_sembrado,18,La24,7733268,2.9412,900.0000
ga,18,La25,1,123.0297,0.0190
ga,18,La25,2,88.9458,0.0190
ga,18,La25,4,81.3715,0.0190
ga,18,La25,8,55.6807,0.0190
ga,18,La25,16,55.6807,0.0205
ga,18,La25,32,55.6807,0.0215
ga,18,La25,64,55.6807,0.0245
ga,18,La25,128,55.6807,0.0290
ga,18,La25,256,55.6807,0.0381
ga,18,La25,512,38.2805,0.0691
ga,18,La25,1024,38.2805,0.1321
ga,18,La25,2048,32.4974,0.2486
ga,18,La25,4096,25.2303,0.4870
ga,18,La25,8192,15.1484,0.9437
ga,18,La25,16384,10.7472,1.9139
ga,18,La25,32768,10.3889,3.8510
ga,18,La25,65536,9.6213,7.6899
ga,18,La25,131072,9.6213,15.2955
ga,18,La25,262144,8.3930,30.5679
ga,18,La25,524288,8.3930,60.8850
ga,18,La25,1048576,8.3930,121.9909
ga,18,La25,2097152,8.3930,243.9909
ga,18,La25,4194304,8.3930,489.5567
ga,18,La25,7724404,8.3930,900.0003
ga,18,La27,1,72.0648,0.0251
ga,18,La27,2,72.0648,0.0251
ga,18,La27,4,72.0648,0.0251
ga,18,La27,8,65.2632,0.0251
ga,18,La27,16,65.2632,0.0261
ga,18,La27,32,65.2632,0.0281
ga,18,La27,64,56.5992,0.0311
ga,18,La27,128,56.5992,0.0381
ga,18,La27,256,54.1296,0.0517
ga,18,La27,512,54.1296,0.0897
ga,18,La27,1024,46.4372,0.1632
ga,18,La27,2048,45.3441,0.3258
ga,18,La27,4096,36.0324,0.6354
ga,18,La27,8192,27.7328,1.2341
ga,18,La27,16384,19.3522,2.4236
ga,18,La27,32768,9.3927,4.9988
ga,18,La27,65536,6.8016,9.7290
ga,18,La27,131072,6.5587,19.3400
ga,18,La27,262144,6.3158,38.9163
ga,18,La27,524288,5.1012,77.7303
ga,18,La27,1048576,3.4818,155.9313
ga,18,La27,2097152,3.4413,312.7954
ga,18,La27,4194304,3.4413,628.6713
ga,18,La27,6006407,3.4413,900.0003
regla_bon,18,La25,1,11.8219,0.0050
regla_bon,18,La25,2,11.8219,0.0100
regla_bon,18,La25,4,11.5660,0.0181
regla_bon,18,La25,8,11.5660,0.0341
regla_bon,18,La25,16,10.4401,0.0687
regla_bon,18,La25,32,10.4401,0.1357
regla_bon,18,La25,64,10.4401,0.2597
regla_bon,18,La25,128,10.4401,0.5128
regla_bon,18,La25,256,7.2160,1.0090
regla_bon,18,La25,512,7.2160,2.0910
regla_bon,18,La25,1024,7.2160,4.2015
regla_bon,18,La25,2048,6.7042,8.2689
regla_bon,18,La25,4096,6.7042,16.3793
regla_bon,18,La25,8192,6.7042,32.7633
regla_bon,18,La25,16384,5.6295,65.4634
regla_bon,18,La25,32768,4.5036,131.2053
regla_bon,18,La25,65536,4.5036,263.0205
regla_bon,18,La25,131072,5.0665,527.5677
regla_bon,18,La25,223629,5.0665,900.0013
ga_sembrado,18,La25,1,11.8219,0.0131
ga_sembrado,18,La25,2,11.8219,0.0131
ga_sembrado,18,La25,4,11.8219,0.0141
ga_sembrado,18,La25,8,11.8219,0.0141
ga_sembrado,18,La25,16,11.8219,0.0141
ga_sembrado,18,La25,32,11.8219,0.0161
ga_sembrado,18,La25,64,11.8219,0.0181
ga_sembrado,18,La25,128,11.8219,0.0231
ga_sembrado,18,La25,256,11.8219,0.0341
ga_sembrado,18,La25,512,11.8219,0.0617
ga_sembrado,18,La25,1024,11.8219,0.1187
ga_sembrado,18,La25,2048,11.8219,0.2282
ga_sembrado,18,La25,4096,11.8219,0.4433
ga_sembrado,18,La25,8192,9.9795,0.9050
ga_sembrado,18,La25,16384,9.6725,1.8499
ga_sembrado,18,La25,32768,9.6213,3.8374
ga_sembrado,18,La25,65536,8.2907,7.6787
ga_sembrado,18,La25,131072,7.9836,15.1243
ga_sembrado,18,La25,262144,7.9836,30.2242
ga_sembrado,18,La25,524288,7.9836,60.6048
ga_sembrado,18,La25,1048576,7.9836,121.7607
ga_sembrado,18,La25,2097152,7.0624,243.8748
ga_sembrado,18,La25,4194304,7.0624,488.8454
ga_sembrado,18,La25,7733867,7.0624,900.0003
regla_bon,18,La27,1,24.9798,0.0080
regla_bon,18,La27,2,18.5020,0.0150
regla_bon,18,La27,4,18.5020,0.0310
regla_bon,18,La27,8,18.5020,0.0590
regla_bon,18,La27,16,14.9798,0.1096
regla_bon,18,La27,32,14.9798,0.2231
regla_bon,18,La27,64,10.4453,0.4337
regla_bon,18,La27,128,10.4453,0.8493
regla_bon,18,La27,256,10.4453,1.7282
regla_bon,18,La27,512,10.4453,3.5141
regla_bon,18,La27,1024,10.4453,6.9204
regla_bon,18,La27,2048,8.7449,13.7617
regla_bon,18,La27,4096,8.7449,27.4708
regla_bon,18,La27,8192,8.7449,54.5760
regla_bon,18,La27,16384,8.7449,109.5168
regla_bon,18,La27,32768,7.0445,220.4108
regla_bon,18,La27,65536,7.3279,440.7934
regla_bon,18,La27,131072,7.3279,884.1138
regla_bon,18,La27,133455,7.3279,900.0002
ga_sembrado,18,La27,1,24.9798,0.0220
ga_sembrado,18,La27,2,24.9798,0.0220
ga_sembrado,18,La27,4,24.9798,0.0220
ga_sembrado,18,La27,8,24.9798,0.0230
ga_sembrado,18,La27,16,24.9798,0.0230
ga_sembrado,18,La27,32,24.9798,0.0250
ga_sembrado,18,La27,64,24.9798,0.0270
ga_sembrado,18,La27,128,24.9798,0.0320
ga_sembrado,18,La27,256,24.9798,0.0430
ga_sembrado,18,La27,512,24.9798,0.0825
ga_sembrado,18,La27,1024,24.9798,0.1691
ga_sembrado,18,La27,2048,24.8178,0.3146
ga_sembrado,18,La27,4096,19.5951,0.6142
ga_sembrado,18,La27,8192,15.1012,1.2149
ga_sembrado,18,La27,16384,13.6032,2.4370
ga_sembrado,18,La27,32768,12.9555,4.9896
ga_sembrado,18,La27,65536,9.7571,9.8739
ga_sembrado,18,La27,131072,8.0162,19.6565
ga_sembrado,18,La27,262144,8.0162,39.3153
ga_sembrado,18,La27,524288,8.0162,78.3739
ga_sembrado,18,La27,1048576,6.4777,157.0494
ga_sembrado,18,La27,2097152,4.8988,314.2205
ga_sembrado,18,La27,4194304,4.5344,630.2817
ga_sembrado,18,La27,5988738,4.3725,900.0001
ga,18,La29,1,130.7292,0.0200
ga,18,La29,2,96.2674,0.0200
ga,18,La29,4,90.7986,0.0200
ga,18,La29,8,64.7135,0.0210
ga,18,La29,16,64.7135,0.0220
ga,18,La29,32,60.6771,0.0230
ga,18,La29,64,60.6771,0.0260
ga,18,La29,128,60.6771,0.0320
ga,18,La29,256,60.6771,0.0421
ga,18,La29,512,55.2083,0.0821
ga,18,La29,1024,52.1701,0.1571
ga,18,La29,2048,51.2587,0.3042
ga,18,La29,4096,37.2396,0.6173
ga,18,La29,8192,27.5608,1.2160
ga,18,La29,16384,18.9236,2.4301
ga,18,La29,32768,14.6267,4.9220
ga,18,La29,65536,11.0677,9.8794
ga,18,La29,131072,10.4601,19.7062
ga,18,La29,262144,10.4601,39.5481
ga,18,La29,524288,10.2865,78.4953
ga,18,La29,1048576,8.7240,157.6341
ga,18,La29,2097152,7.8993,315.7404
ga,18,La29,4194304,7.8993,630.1431
ga,18,La29,5985582,7.8993,900.0009
ga,18,La38,1,92.2241,0.0280
ga,18,La38,2,92.2241,0.0280
ga,18,La38,4,88.7124,0.0280
ga,18,La38,8,88.7124,0.0280
ga,18,La38,16,81.1455,0.0290
ga,18,La38,32,77.0903,0.0310
ga,18,La38,64,77.0903,0.0350
ga,18,La38,128,71.7391,0.0420
ga,18,La38,256,61.7057,0.0560
ga,18,La38,512,50.6271,0.1020
ga,18,La38,1024,50.6271,0.1831
ga,18,La38,2048,50.6271,0.3626
ga,18,La38,4096,42.2659,0.7152
ga,18,La38,8192,36.9565,1.3731
ga,18,La38,16384,22.9097,2.7642
ga,18,La38,32768,16.3043,5.5259
ga,18,La38,65536,14.8411,11.0301
ga,18,La38,131072,14.6321,21.7107
ga,18,La38,262144,14.6321,43.6842
ga,18,La38,524288,14.1304,86.7319
ga,18,La38,1048576,14.1304,174.7255
ga,18,La38,2097152,14.1304,349.6957
ga,18,La38,4194304,14.1304,698.3496
ga,18,La38,5397227,14.1304,900.0004
regla_bon,18,La29,1,13.4115,0.0060
regla_bon,18,La29,2,13.4115,0.0120
regla_bon,18,La29,4,13.4115,0.0250
regla_bon,18,La29,8,13.4115,0.0540
regla_bon,18,La29,16,13.4115,0.1080
regla_bon,18,La29,32,13.4115,0.2141
regla_bon,18,La29,64,13.4115,0.4331
regla_bon,18,La29,128,13.4115,0.8527
regla_bon,18,La29,256,13.2378,1.7153
regla_bon,18,La29,512,12.2396,3.4899
regla_bon,18,La29,1024,12.8906,6.9676
regla_bon,18,La29,2048,11.9358,13.8982
regla_bon,18,La29,4096,11.9358,27.6105
regla_bon,18,La29,8192,10.9375,54.8928
regla_bon,18,La29,16384,11.3281,110.5295
regla_bon,18,La29,32768,11.3281,222.7521
regla_bon,18,La29,65536,10.6771,442.9122
regla_bon,18,La29,131072,9.5052,885.5307
regla_bon,18,La29,133256,9.5052,900.0064
ga_sembrado,18,La29,1,13.4115,0.0250
ga_sembrado,18,La29,2,13.4115,0.0250
ga_sembrado,18,La29,4,13.4115,0.0250
ga_sembrado,18,La29,8,13.4115,0.0250
ga_sembrado,18,La29,16,13.4115,0.0260
ga_sembrado,18,La29,32,13.4115,0.0280
ga_sembrado,18,La29,64,13.4115,0.0310
ga_sembrado,18,La29,128,13.4115,0.0370
ga_sembrado,18,La29,256,13.4115,0.0480
ga_sembrado,18,La29,512,13.4115,0.0800
ga_sembrado,18,La29,1024,13.4115,0.1506
ga_sembrado,18,La29,2048,13.4115,0.2966
ga_sembrado,18,La29,4096,13.0208,0.5997
ga_sembrado,18,La29,8192,11.8056,1.2231
ga_sembrado,18,La29,16384,11.7188,2.4626
ga_sembrado,18,La29,32768,10.4167,4.9539
ga_sembrado,18,La29,65536,9.2882,9.8872
ga_sembrado,18,La29,131072,8.8542,19.6415
ga_sembrado,18,La29,262144,6.9878,39.2990
ga_sembrado,18,La29,524288,6.3368,78.2572
ga_sembrado,18,La29,1048576,6.3368,157.8080
ga_sembrado,18,La29,2097152,6.3368,316.5411
ga_sembrado,18,La29,4194304,6.3368,631.0934
ga_sembrado,18,La29,5975545,6.3368,900.0004
regla_bon,18,La38,1,14.9666,0.0070
regla_bon,18,La38,2,11.6221,0.0120
regla_bon,18,La38,4,11.6221,0.0240
regla_bon,18,La38,8,11.6221,0.0480
regla_bon,18,La38,16,11.6221,0.0980
regla_bon,18,La38,32,11.6221,0.2006
regla_bon,18,La38,64,11.6221,0.4106
regla_bon,18,La38,128,11.2040,0.8028
regla_bon,18,La38,256,10.2843,1.5907
regla_bon,18,La38,512,10.2843,3.2093
regla_bon,18,La38,1024,9.2391,6.4835
regla_bon,18,La38,2048,8.3194,12.9865
regla_bon,18,La38,4096,8.3194,25.6000
regla_bon,18,La38,8192,8.1940,50.8600
regla_bon,18,La38,16384,6.8562,102.4662
regla_bon,18,La38,32768,6.8562,207.3930
regla_bon,18,La38,65536,7.9013,410.2116
regla_bon,18,La38,131072,7.9013,819.0579
regla_bon,18,La38,144012,6.6054,900.0028
ga_sembrado,18,La38,1,14.9666,0.0260
ga_sembrado,18,La38,2,14.9666,0.0270
ga_sembrado,18,La38,4,14.9666,0.0270
ga_sembrado,18,La38,8,14.9666,0.0270
ga_sembrado,18,La38,16,14.9666,0.0280
ga_sembrado,18,La38,32,14.9666,0.0300
ga_sembrado,18,La38,64,14.9666,0.0340
ga_sembrado,18,La38,128,14.9666,0.0410
ga_sembrado,18,La38,256,14.9666,0.0560
ga_sembrado,18,La38,512,14.9666,0.1010
ga_sembrado,18,La38,1024,14.9666,0.1896
ga_sembrado,18,La38,2048,14.9666,0.3646
ga_sembrado,18,La38,4096,12.2074,0.7162
ga_sembrado,18,La38,8192,10.9950,1.4287
ga_sembrado,18,La38,16384,10.4933,2.8172
ga_sembrado,18,La38,32768,10.4933,5.6219
ga_sembrado,18,La38,65536,5.9783,11.1037
ga_sembrado,18,La38,131072,5.9783,21.9452
ga_sembrado,18,La38,262144,5.9783,43.4758
ga_sembrado,18,La38,524288,5.9783,87.3683
ga_sembrado,18,La38,1048576,5.9783,176.3934
ga_sembrado,18,La38,2097152,5.9783,351.3144
ga_sembrado,18,La38,4194304,5.7692,700.0029
ga_sembrado,18,La38,5388061,5.7692,900.0008
ga,18,La40,1,102.9460,0.0200
ga,18,La40,2,95.9902,0.0200
ga,18,La40,4,95.9902,0.0200
ga,18,La40,8,77.1686,0.0200
ga,18,La40,16,77.1686,0.0210
ga,18,La40,32,77.1686,0.0220
ga,18,La40,64,66.1211,0.0260
ga,18,La40,128,63.5025,0.0310
ga,18,La40,256,63.5025,0.0460
ga,18,La40,512,58.1015,0.0840
ga,18,La40,1024,52.5368,0.1716
ga,18,La40,2048,45.4173,0.3497
ga,18,La40,4096,38.2570,0.6887
ga,18,La40,8192,24.1817,1.3637
ga,18,La40,16384,13.0115,2.7797
ga,18,La40,32768,8.7561,5.5485
ga,18,La40,65536,8.1424,10.8979
ga,18,La40,131072,7.9378,21.8082
ga,18,La40,262144,7.2013,44.1407
ga,18,La40,524288,5.8511,87.5787
ga,18,La40,1048576,5.8511,175.2342
ga,18,La40,2097152,4.1326,348.8293
ga,18,La40,4194304,3.9280,699.3711
ga,18,La40,5397463,3.9280,900.0006
regla_bon,18,La40,1,13.2570,0.0070
regla_bon,18,La40,2,13.2570,0.0130
regla_bon,18,La40,4,13.2570,0.0240
regla_bon,18,La40,8,10.1064,0.0460
regla_bon,18,La40,16,10.1064,0.0875
regla_bon,18,La40,32,10.1064,0.1865
regla_bon,18,La40,64,10.1064,0.3700
regla_bon,18,La40,128,10.1064,0.7704
regla_bon,18,La40,256,10.1064,1.5694
regla_bon,18,La40,512,10.1064,3.1196
regla_bon,18,La40,1024,10.1064,6.1821
regla_bon,18,La40,2048,10.2291,12.3494
regla_bon,18,La40,4096,6.8331,24.6446
regla_bon,18,La40,8192,6.8331,49.8572
regla_bon,18,La40,16384,6.8331,99.5547
regla_bon,18,La40,32768,7.6105,199.3083
regla_bon,18,La40,65536,7.6105,397.6245
regla_bon,18,La40,131072,6.9149,797.5384
regla_bon,18,La40,147918,6.9149,900.0004
ga,18,ABZ7,1,123.4756,0.0300
ga,18,ABZ7,2,90.2439,0.0300
ga,18,ABZ7,4,90.2439,0.0300
ga,18,ABZ7,8,71.9512,0.0310
ga,18,ABZ7,16,71.9512,0.0320
ga,18,ABZ7,32,71.9512,0.0340
ga,18,ABZ7,64,71.0366,0.0390
ga,18,ABZ7,128,71.0366,0.0490
ga,18,ABZ7,256,62.5762,0.0675
ga,18,ABZ7,512,61.6616,0.1275
ga,18,ABZ7,1024,61.6616,0.2410
ga,18,ABZ7,2048,52.2866,0.4556
ga,18,ABZ7,4096,45.3506,0.8879
ga,18,ABZ7,8192,34.4512,1.7529
ga,18,ABZ7,16384,29.3445,3.5417
ga,18,ABZ7,32768,19.0549,7.1678
ga,18,ABZ7,65536,16.9207,14.2993
ga,18,ABZ7,131072,15.8537,28.6885
ga,18,ABZ7,262144,11.2043,57.6319
ga,18,ABZ7,524288,11.2043,114.5210
ga,18,ABZ7,1048576,11.2043,229.3671
ga,18,ABZ7,2097152,10.1372,457.6855
ga,18,ABZ7,4118828,9.7561,900.0004
ga_sembrado,18,La40,1,13.2570,0.0220
ga_sembrado,18,La40,2,13.2570,0.0220
ga_sembrado,18,La40,4,13.2570,0.0220
ga_sembrado,18,La40,8,13.2570,0.0220
ga_sembrado,18,La40,16,13.2570,0.0230
ga_sembrado,18,La40,32,13.2570,0.0250
ga_sembrado,18,La40,64,13.2570,0.0290
ga_sembrado,18,La40,128,13.2570,0.0370
ga_sembrado,18,La40,256,13.2570,0.0540
ga_sembrado,18,La40,512,13.2570,0.0935
ga_sembrado,18,La40,1024,13.2570,0.1815
ga_sembrado,18,La40,2048,13.2570,0.3610
ga_sembrado,18,La40,4096,11.7840,0.6983
ga_sembrado,18,La40,8192,11.0065,1.3592
ga_sembrado,18,La40,16384,9.9018,2.7102
ga_sembrado,18,La40,32768,8.6334,5.3838
ga_sembrado,18,La40,65536,8.5925,10.9444
ga_sembrado,18,La40,131072,8.5925,21.8486
ga_sembrado,18,La40,262144,8.5925,44.1681
ga_sembrado,18,La40,524288,8.5925,87.7677
ga_sembrado,18,La40,1048576,8.5925,175.4473
ga_sembrado,18,La40,2097152,8.5925,350.5431
ga_sembrado,18,La40,4194304,8.5925,701.7040
ga_sembrado,18,La40,5384657,8.5925,900.0000
ga_sembrado,18,ABZ7,1,19.6646,0.0290
ga_sembrado,18,ABZ7,2,19.6646,0.0290
ga_sembrado,18,ABZ7,4,19.6646,0.0300
ga_sembrado,18,ABZ7,8,19.6646,0.0310
ga_sembrado,18,ABZ7,16,19.6646,0.0320
ga_sembrado,18,ABZ7,32,19.6646,0.0340
ga_sembrado,18,ABZ7,64,19.6646,0.0390
ga_sembrado,18,ABZ7,128,19.6646,0.0490
ga_sembrado,18,ABZ7,256,19.6646,0.0700
ga_sembrado,18,ABZ7,512,19.6646,0.1236
ga_sembrado,18,ABZ7,1024,19.6646,0.2342
ga_sembrado,18,ABZ7,2048,19.6646,0.4673
ga_sembrado,18,ABZ7,4096,19.2073,0.8951
ga_sembrado,18,ABZ7,8192,14.1006,1.7825
ga_sembrado,18,ABZ7,16384,13.1098,3.5968
ga_sembrado,18,ABZ7,32768,12.1189,7.2008
ga_sembrado,18,ABZ7,65536,9.4512,14.4110
ga_sembrado,18,ABZ7,131072,8.9177,28.8796
ga_sembrado,18,ABZ7,262144,8.2317,58.1622
ga_sembrado,18,ABZ7,524288,8.0030,115.9285
ga_sembrado,18,ABZ7,1048576,8.0030,231.7835
ga_sembrado,18,ABZ7,2097152,8.0030,462.1272
ga_sembrado,18,ABZ7,4076387,8.0030,900.0000
regla_bon,18,ABZ7,1,19.6646,0.0090
regla_bon,18,ABZ7,2,19.6646,0.0190
regla_bon,18,ABZ7,4,16.9207,0.0400
regla_bon,18,ABZ7,8,15.0152,0.0790
regla_bon,18,ABZ7,16,15.0152,0.1595
regla_bon,18,ABZ7,32,14.4055,0.3157
regla_bon,18,ABZ7,64,14.4055,0.6209
regla_bon,18,ABZ7,128,14.4055,1.2713
regla_bon,18,ABZ7,256,13.7195,2.6111
regla_bon,18,ABZ7,512,12.7287,5.2678
regla_bon,18,ABZ7,1024,10.9756,10.4762
regla_bon,18,ABZ7,2048,11.2043,21.0019
regla_bon,18,ABZ7,4096,11.2043,42.6685
regla_bon,18,ABZ7,8192,11.2043,84.7709
regla_bon,18,ABZ7,16384,11.2043,169.8228
regla_bon,18,ABZ7,32768,9.8323,338.6972
regla_bon,18,ABZ7,65536,9.3750,678.8402
regla_bon,18,ABZ7,86885,9.3750,900.0060
ga,18,ABZ8,1,101.7054,0.0320
ga,18,ABZ8,2,101.7054,0.0320
ga,18,ABZ8,4,85.7364,0.0320
ga,18,ABZ8,8,85.7364,0.0330
ga,18,ABZ8,16,85.7364,0.0340
ga,18,ABZ8,32,85.7364,0.0350
ga,18,ABZ8,64,85.7364,0.0390
ga,18,ABZ8,128,78.6047,0.0490
ga,18,ABZ8,256,78.6047,0.0690
ga,18,ABZ8,512,69.1473,0.1200
ga,18,ABZ8,1024,66.6667,0.2357
ga,18,ABZ8,2048,60.0775,0.4451
ga,18,ABZ8,4096,49.4574,0.8672
ga,18,ABZ8,8192,39.7674,1.7361
ga,18,ABZ8,16384,30.2326,3.6106
ga,18,ABZ8,32768,22.7132,7.2078
ga,18,ABZ8,65536,20.6202,14.3675
ga,18,ABZ8,131072,18.6047,28.7101
ga,18,ABZ8,262144,18.4496,57.1774
ga,18,ABZ8,524288,17.5969,113.9615
ga,18,ABZ8,1048576,17.2093,228.2747
ga,18,ABZ8,2097152,17.2093,463.6132
ga,18,ABZ8,4105725,15.8915,900.0003
ga,18,ABZ9,1,88.5023,0.0370
ga,18,ABZ9,2,88.5023,0.0370
ga,18,ABZ9,4,79.1225,0.0380
ga,18,ABZ9,8,79.1225,0.0380
ga,18,ABZ9,16,79.1225,0.0400
ga,18,ABZ9,32,79.1225,0.0420
ga,18,ABZ9,64,78.8200,0.0480
ga,18,ABZ9,128,78.5174,0.0580
ga,18,ABZ9,256,76.3238,0.0790
ga,18,ABZ9,512,68.0787,0.1361
ga,18,ABZ9,1024,61.2708,0.2581
ga,18,ABZ9,2048,61.2708,0.4852
ga,18,ABZ9,4096,54.0091,0.9334
ga,18,ABZ9,8192,40.1664,1.8602
ga,18,ABZ9,16384,32.6778,3.6688
ga,18,ABZ9,32768,21.4826,7.2825
ga,18,ABZ9,65536,16.1876,14.2826
ga,18,ABZ9,131072,13.0106,28.4911
ga,18,ABZ9,262144,11.4221,56.8884
ga,18,ABZ9,524288,11.4221,114.1052
ga,18,ABZ9,1048576,11.4221,228.7885
ga,18,ABZ9,2097152,11.4221,464.4921
ga,18,ABZ9,4095308,11.4221,900.0010
regla_bon,18,ABZ8,1,24.7287,0.0120
regla_bon,18,ABZ8,2,24.7287,0.0230
regla_bon,18,ABZ8,4,24.7287,0.0450
regla_bon,18,ABZ8,8,24.7287,0.0810
regla_bon,18,ABZ8,16,23.0233,0.1626
regla_bon,18,ABZ8,32,23.0233,0.3141
regla_bon,18,ABZ8,64,20.4651,0.6523
regla_bon,18,ABZ8,128,20.4651,1.2980
regla_bon,18,ABZ8,256,20.6977,2.6372
regla_bon,18,ABZ8,512,20.3876,5.3576
regla_bon,18,ABZ8,1024,20.3876,10.5852
regla_bon,18,ABZ8,2048,17.6744,21.2927
regla_bon,18,ABZ8,4096,17.6744,42.4794
regla_bon,18,ABZ8,8192,17.6744,84.9747
regla_bon,18,ABZ8,16384,16.5116,170.2265
regla_bon,18,ABZ8,32768,16.5116,345.2015
regla_bon,18,ABZ8,65536,16.7442,687.6289
regla_bon,18,ABZ8,86080,16.7442,900.0050
ga_sembrado,18,ABZ8,1,24.7287,0.0310
ga_sembrado,18,ABZ8,2,24.7287,0.0310
ga_sembrado,18,ABZ8,4,24.7287,0.0310
ga_sembrado,18,ABZ8,8,24.7287,0.0320
ga_sembrado,18,ABZ8,16,24.7287,0.0330
ga_sembrado,18,ABZ8,32,24.7287,0.0350
ga_sembrado,18,ABZ8,64,24.7287,0.0400
ga_sembrado,18,ABZ8,128,24.7287,0.0500
ga_sembrado,18,ABZ8,256,24.7287,0.0710
ga_sembrado,18,ABZ8,512,24.7287,0.1320
ga_sembrado,18,ABZ8,1024,24.7287,0.2501
ga_sembrado,18,ABZ8,2048,24.7287,0.4731
ga_sembrado,18,ABZ8,4096,24.4961,0.9153
ga_sembrado,18,ABZ8,8192,21.0853,1.8132
ga_sembrado,18,ABZ8,16384,19.9225,3.6268
ga_sembrado,18,ABZ8,32768,18.1395,7.1669
ga_sembrado,18,ABZ8,65536,18.1395,14.2375
ga_sembrado,18,ABZ8,131072,18.1395,28.4245
ga_sembrado,18,ABZ8,262144,18.1395,56.7088
ga_sembrado,18,ABZ8,524288,17.2093,113.6799
ga_sembrado,18,ABZ8,1048576,17.2093,229.1973
ga_sembrado,18,ABZ8,2097152,17.2093,466.0112
ga_sembrado,18,ABZ8,4075863,17.0543,900.0009
regla_bon,18,ABZ9,1,33.3585,0.0120
regla_bon,18,ABZ9,2,33.3585,0.0240
regla_bon,18,ABZ9,4,29.8790,0.0430
regla_bon,18,ABZ9,8,27.7610,0.0830
regla_bon,18,ABZ9,16,26.6263,0.1680
regla_bon,18,ABZ9,32,26.6263,0.3341
regla_bon,18,ABZ9,64,25.4917,0.6603
regla_bon,18,ABZ9,128,25.4917,1.2940
regla_bon,18,ABZ9,256,22.6929,2.6892
regla_bon,18,ABZ9,512,22.0121,5.3755
regla_bon,18,ABZ9,1024,22.0121,10.6137
regla_bon,18,ABZ9,2048,22.0121,21.1176
regla_bon,18,ABZ9,4096,22.0121,42.0712
regla_bon,18,ABZ9,8192,21.6339,84.2303
regla_bon,18,ABZ9,16384,21.1044,168.8367
regla_bon,18,ABZ9,32768,20.5749,342.5716
regla_bon,18,ABZ9,65536,19.2133,681.9453
regla_bon,18,ABZ9,86750,19.2133,900.0019
ga_sembrado,18,ABZ9,1,33.3585,0.0340
ga_sembrado,18,ABZ9,2,33.3585,0.0340
ga_sembrado,18,ABZ9,4,33.3585,0.0340
ga_sembrado,18,ABZ9,8,33.3585,0.0350
ga_sembrado,18,ABZ9,16,33.3585,0.0360
ga_sembrado,18,ABZ9,32,33.3585,0.0390
ga_sembrado,18,ABZ9,64,33.3585,0.0440
ga_sembrado,18,ABZ9,128,33.3585,0.0520
ga_sembrado,18,ABZ9,256,33.3585,0.0720
ga_sembrado,18,ABZ9,512,33.3585,0.1310
ga_sembrado,18,ABZ9,1024,33.3585,0.2440
ga_sembrado,18,ABZ9,2048,33.3585,0.4762
ga_sembrado,18,ABZ9,4096,30.8623,0.9304
ga_sembrado,18,ABZ9,8192,26.6263,1.8657
ga_sembrado,18,ABZ9,16384,23.1467,3.6513
ga_sembrado,18,ABZ9,32768,22.1634,7.3520
ga_sembrado,18,ABZ9,65536,20.5749,14.5536
ga_sembrado,18,ABZ9,131072,20.5749,28.8778
ga_sembrado,18,ABZ9,262144,19.2133,57.5587
ga_sembrado,18,ABZ9,524288,19.2133,114.9931
ga_sembrado,18,ABZ9,1048576,15.6581,230.4788
ga_sembrado,18,ABZ9,2097152,14.6747,466.9151
ga_sembrado,18,ABZ9,4075318,14.6747,900.0009
ga,19,FT10,1,74.8387,0.0125
ga,19,FT10,2,74.8387,0.0125
ga,19,FT10,4,74.8387,0.0125
ga,19,FT10,8,61.3978,0.0125
ga,19,FT10,16,61.3978,0.0125
ga,19,FT10,32,61.3978,0.0135
ga,19,FT10,64,42.4731,0.0155
ga,19,FT10,128,42.4731,0.0185
ga,19,FT10,256,42.4731,0.0255
ga,19,FT10,512,42.4731,0.0470
ga,19,FT10,1024,36.0215,0.0885
ga,19,FT10,2048,36.0215,0.1636
ga,19,FT10,4096,22.2581,0.3287
ga,19,FT10,8192,11.9892,0.6497
ga,19,FT10,16384,7.3118,1.3050
ga,19,FT10,32768,6.2366,2.6288
ga,19,FT10,65536,6.2366,5.3378
ga,19,FT10,131072,5.1613,10.7188
ga,19,FT10,262144,4.2473,21.4783
ga,19,FT10,524288,4.2473,43.1732
ga,19,FT10,1048576,4.2473,85.8243
ga,19,FT10,2097152,4.2473,171.7989
ga,19,FT10,4194304,4.2473,345.8574
ga,19,FT10,8388608,4.2473,688.4767
ga,19,FT10,10950528,4.2473,900.0007
regla_bon,19,FT10,1,20.3763,0.0020
regla_bon,19,FT10,2,15.4839,0.0050
regla_bon,19,FT10,4,15.4839,0.0090
regla_bon,19,FT10,8,13.9785,0.0180
regla_bon,19,FT10,16,13.0645,0.0360
regla_bon,19,FT10,32,9.6774,0.0720
regla_bon,19,FT10,64,7.7419,0.1400
regla_bon,19,FT10,128,7.7419,0.2841
regla_bon,19,FT10,256,6.5591,0.5627
regla_bon,19,FT10,512,6.5054,1.0959
regla_bon,19,FT10,1024,5.9677,2.1695
regla_bon,19,FT10,2048,5.9677,4.3858
regla_bon,19,FT10,4096,5.9677,8.8609
regla_bon,19,FT10,8192,5.0000,17.5275
regla_bon,19,FT10,16384,3.7097,34.7946
regla_bon,19,FT10,32768,3.7097,69.7772
regla_bon,19,FT10,65536,3.7097,138.6324
regla_bon,19,FT10,131072,3.4409,279.0080
regla_bon,19,FT10,262144,3.4409,556.0037
regla_bon,19,FT10,424321,3.4946,900.0017
ga_sembrado,19,FT10,1,20.3763,0.0120
ga_sembrado,19,FT10,2,20.3763,0.0120
ga_sembrado,19,FT10,4,20.3763,0.0120
ga_sembrado,19,FT10,8,20.3763,0.0130
ga_sembrado,19,FT10,16,20.3763,0.0130
ga_sembrado,19,FT10,32,20.3763,0.0140
ga_sembrado,19,FT10,64,20.3763,0.0160
ga_sembrado,19,FT10,128,20.3763,0.0200
ga_sembrado,19,FT10,256,20.3763,0.0270
ga_sembrado,19,FT10,512,20.3763,0.0510
ga_sembrado,19,FT10,1024,20.3763,0.0960
ga_sembrado,19,FT10,2048,20.3763,0.1740
ga_sembrado,19,FT10,4096,9.3548,0.3456
ga_sembrado,19,FT10,8192,5.2688,0.6898
ga_sembrado,19,FT10,16384,3.1720,1.3480
ga_sembrado,19,FT10,32768,2.0430,2.6649
ga_sembrado,19,FT10,65536,2.0430,5.5059
ga_sembrado,19,FT10,131072,2.0430,10.8335
ga_sembrado,19,FT10,262144,2.0430,21.6007
ga_sembrado,19,FT10,524288,2.0430,43.1086
ga_sembrado,19,FT10,1048576,2.0430,85.6382
ga_sembrado,19,FT10,2097152,2.0430,171.6793
ga_sembrado,19,FT10,4194304,2.0430,345.7803
ga_sembrado,19,FT10,8388608,1.7204,688.7988
ga_sembrado,19,FT10,10948571,1.7204,900.0007
ga,19,FT20,1,82.3176,0.0120
ga,19,FT20,2,78.8841,0.0120
ga,19,FT20,4,71.7597,0.0120
ga,19,FT20,8,65.3219,0.0130
ga,19,FT20,16,58.9700,0.0130
ga,19,FT20,32,48.4549,0.0140
ga,19,FT20,64,48.4549,0.0160
ga,19,FT20,128,47.8112,0.0180
ga,19,FT20,256,47.8112,0.0240
ga,19,FT20,512,44.6352,0.0430
ga,19,FT20,1024,34.3777,0.0860
ga,19,FT20,2048,30.2575,0.1670
ga,19,FT20,4096,23.5622,0.3256
ga,19,FT20,8192,14.8069,0.6667
ga,19,FT20,16384,10.0858,1.3420
ga,19,FT20,32768,6.2661,2.7365
ga,19,FT20,65536,5.1502,5.6280
ga,19,FT20,131072,4.0343,11.0931
ga,19,FT20,262144,2.4034,21.9125
ga,19,FT20,524288,2.4034,43.9818
ga,19,FT20,1048576,2.4034,87.2350
ga,19,FT20,2097152,2.4034,174.6535
ga,19,FT20,4194304,1.8455,351.1514
ga,19,FT20,8388608,1.3305,700.0312
ga,19,FT20,10774871,1.3305,900.0007
ga_sembrado,19,FT20,1,13.2189,0.0100
ga_sembrado,19,FT20,2,13.2189,0.0100
ga_sembrado,19,FT20,4,13.2189,0.0100
ga_sembrado,19,FT20,8,13.2189,0.0100
ga_sembrado,19,FT20,16,13.2189,0.0110
ga_sembrado,19,FT20,32,13.2189,0.0120
ga_sembrado,19,FT20,64,13.2189,0.0140
ga_sembrado,19,FT20,128,13.2189,0.0170
ga_sembrado,19,FT20,256,13.2189,0.0245
ga_sembrado,19,FT20,512,13.2189,0.0465
ga_sembrado,19,FT20,1024,13.2189,0.0905
ga_sembrado,19,FT20,2048,13.2189,0.1736
ga_sembrado,19,FT20,4096,13.2189,0.3446
ga_sembrado,19,FT20,8192,12.7897,0.6923
ga_sembrado,19,FT20,16384,11.9742,1.3893
ga_sembrado,19,FT20,32768,10.2146,2.7486
ga_sembrado,19,FT20,65536,8.0687,5.6237
ga_sembrado,19,FT20,131072,7.1245,11.1587
ga_sembrado,19,FT20,262144,4.1202,22.0046
ga_sembrado,19,FT20,524288,4.1202,43.9038
ga_sembrado,19,FT20,1048576,4.1202,87.4201
ga_sembrado,19,FT20,2097152,2.3176,174.8086
ga_sembrado,19,FT20,4194304,2.3176,351.3224
ga_sembrado,19,FT20,8388608,2.3176,700.4110
ga_sembrado,19,FT20,10764249,2.3176,900.0008
regla_bon,19,FT20,1,13.2189,0.0040
regla_bon,19,FT20,2,13.2189,0.0070
regla_bon,19,FT20,4,13.2189,0.0115
regla_bon,19,FT20,8,12.8326,0.0225
regla_bon,19,FT20,16,12.8326,0.0435
regla_bon,19,FT20,32,12.8326,0.0966
regla_bon,19,FT20,64,12.8326,0.1866
regla_bon,19,FT20,128,11.8455,0.3927
regla_bon,19,FT20,256,11.2876,0.7978
regla_bon,19,FT20,512,9.3991,1.6094
regla_bon,19,FT20,1024,9.0129,3.1168
regla_bon,19,FT20,2048,7.2961,6.3841
regla_bon,19,FT20,4096,7.2961,12.6101
regla_bon,19,FT20,8192,7.2961,25.0617
regla_bon,19,FT20,16384,7.2103,50.3151
regla_bon,19,FT20,32768,7.4249,99.9579
regla_bon,19,FT20,65536,7.0386,201.9044
regla_bon,19,FT20,131072,6.4378,402.4630
regla_bon,19,FT20,262144,6.4378,802.1205
regla_bon,19,FT20,293795,6.4378,900.0018
ga,19,La21,1,94.3595,0.0180
ga,19,La21,2,91.6826,0.0180
ga,19,La21,4,91.6826,0.0180
ga,19,La21,8,56.9790,0.0190
ga,19,La21,16,56.9790,0.0190
ga,19,La21,32,55.1625,0.0210
ga,19,La21,64,55.1625,0.0230
ga,19,La21,128,56.0229,0.0290
ga,19,La21,256,48.1836,0.0425
ga,19,La21,512,48.1836,0.0711
ga,19,La21,1024,41.6348,0.1286
ga,19,La21,2048,32.7916,0.2431
ga,19,La21,4096,33.7476,0.4762
ga,19,La21,8192,23.4226,0.9385
ga,19,La21,16384,12.7151,1.9290
ga,19,La21,32768,9.3690,3.8528
ga,19,La21,65536,9.1778,7.6801
ga,19,La21,131072,9.1778,15.2241
ga,19,La21,262144,9.1778,30.3965
ga,19,La21,524288,3.3939,61.9850
ga,19,La21,1048576,3.3939,122.5258
ga,19,La21,2097152,3.3939,244.4027
ga,19,La21,4194304,3.3939,487.5458
ga,19,La21,7726752,3.2505,900.0002
regla_bon,19,La21,1,15.0096,0.0040
regla_bon,19,La21,2,15.0096,0.0090
regla_bon,19,La21,4,15.0096,0.0160
regla_bon,19,La21,8,14.9140,0.0300
regla_bon,19,La21,16,12.7151,0.0635
regla_bon,19,La21,32,12.7151,0.1240
regla_bon,19,La21,64,12.2371,0.2559
regla_bon,19,La21,128,12.2371,0.5338
regla_bon,19,La21,256,12.2371,1.0641
regla_bon,19,La21,512,11.7591,2.1121
regla_bon,19,La21,1024,9.6080,4.1905
regla_bon,19,La21,2048,9.6080,8.4535
regla_bon,19,La21,4096,8.6998,16.6314
regla_bon,19,La21,8192,8.6998,33.3672
regla_bon,19,La21,16384,8.6998,67.6871
regla_bon,19,La21,32768,8.6998,134.4744
regla_bon,19,La21,65536,8.2218,268.8567
regla_bon,19,La21,131072,8.2218,537.5114
regla_bon,19,La21,219277,8.4608,900.0016
ga,19,La24,1,116.2032,0.0180
ga,19,La24,2,88.5561,0.0180
ga,19,La24,4,88.5561,0.0180
ga,19,La24,8,88.5561,0.0180
ga,19,La24,16,83.1551,0.0190
ga,19,La24,32,59.5187,0.0200
ga,19,La24,64,51.0160,0.0220
ga,19,La24,128,51.0160,0.0260
ga,19,La24,256,51.0160,0.0340
ga,19,La24,512,49.0374,0.0635
ga,19,La24,1024,45.1337,0.1260
ga,19,La24,2048,36.0428,0.2476
ga,19,La24,4096,27.1123,0.4643
ga,19,La24,8192,20.0535,0.9505
ga,19,La24,16384,14.3316,1.9096
ga,19,La24,32768,9.8930,3.7738
ga,19,La24,65536,9.0909,7.6541
ga,19,La24,131072,9.0909,15.2492
ga,19,La24,262144,7.6471,30.4786
ga,19,La24,524288,5.9893,61.5843
ga,19,La24,1048576,5.9893,122.2843
ga,19,La24,2097152,5.9893,244.8149
ga,19,La24,4194304,5.9893,487.8068
ga,19,La24,7733107,5.9893,900.0006
ga_sembrado,19,La21,1,15.0096,0.0160
ga_sembrado,19,La21,2,15.0096,0.0160
ga_sembrado,19,La21,4,15.0096,0.0160
ga_sembrado,19,La21,8,15.0096,0.0170
ga_sembrado,19,La21,16,15.0096,0.0170
ga_sembrado,19,La21,32,15.0096,0.0180
ga_sembrado,19,La21,64,15.0096,0.0200
ga_sembrado,19,La21,128,15.0096,0.0250
ga_sembrado,19,La21,256,15.0096,0.0370
ga_sembrado,19,La21,512,15.0096,0.0695
ga_sembrado,19,La21,1024,15.0096,0.1340
ga_sembrado,19,La21,2048,15.0096,0.2556
ga_sembrado,19,La21,4096,14.3881,0.4738
ga_sembrado,19,La21,8192,14.5793,0.9591
ga_sembrado,19,La21,16384,11.6635,1.9226
ga_sembrado,19,La21,32768,11.6635,3.8158
ga_sembrado,19,La21,65536,8.3174,7.6891
ga_sembrado,19,La21,131072,7.0268,15.2331
ga_sembrado,19,La21,262144,6.8834,30.3330
ga_sembrado,19,La21,524288,6.8834,61.9584
ga_sembrado,19,La21,1048576,6.8834,122.8761
ga_sembrado,19,La21,2097152,6.8834,245.6759
ga_sembrado,19,La21,4194304,6.8834,490.3197
ga_sembrado,19,La21,7696831,6.8834,900.0006
ga_sembrado,19,La24,1,10.1070,0.0180
ga_sembrado,19,La24,2,10.1070,0.0180
ga_sembrado,19,La24,4,10.1070,0.0180
ga_sembrado,19,La24,8,10.1070,0.0190
ga_sembrado,19,La24,16,10.1070,0.0190
ga_sembrado,19,La24,32,10.1070,0.0210
ga_sembrado,19,La24,64,10.1070,0.0240
ga_sembrado,19,La24,128,10.1070,0.0290
ga_sembrado,19,La24,256,10.1070,0.0390
ga_sembrado,19,La24,512,10.1070,0.0651
ga_sembrado,19,La24,1024,10.1070,0.1241
ga_sembrado,19,La24,2048,10.1070,0.2416
ga_sembrado,19,La24,4096,9.9465,0.4878
ga_sembrado,19,La24,8192,9.8396,0.9860
ga_sembrado,19,La24,16384,9.3048,1.9600
ga_sembrado,19,La24,32768,7.9144,3.8283
ga_sembrado,19,La24,65536,4.7594,7.6585
ga_sembrado,19,La24,131072,4.1711,15.1306
ga_sembrado,19,La24,262144,2.6738,30.1680
ga_sembrado,19,La24,524288,2.6738,61.6683
ga_sembrado,19,La24,1048576,2.6738,122.3238
ga_sembrado,19,La24,2097152,2.6738,244.3535
ga_sembrado,19,La24,4194304,2.6738,487.7423
ga_sembrado,19,La24,7734883,2.6738,900.0005
regla_bon,19,La24,1,10.1070,0.0045
regla_bon,19,La24,2,10.1070,0.0080
regla_bon,19,La24,4,9.4118,0.0140
regla_bon,19,La24,8,9.4118,0.0310
regla_bon,19,La24,16,9.4118,0.0661
regla_bon,19,La24,32,9.0909,0.1341
regla_bon,19,La24,64,6.9519,0.2636
regla_bon,19,La24,128,6.9519,0.5228
regla_bon,19,La24,256,6.9519,1.0671
regla_bon,19,La24,512,6.9519,2.1021
regla_bon,19,La24,1024,6.9519,4.2126
regla_bon,19,La24,2048,6.9519,8.3920
regla_bon,19,La24,4096,6.9519,16.6494
regla_bon,19,La24,8192,6.0963,33.2731
regla_bon,19,La24,16384,5.0267,67.7696
regla_bon,19,La24,32768,5.0267,134.5903
regla_bon,19,La24,65536,5.0267,268.8633
regla_bon,19,La24,131072,5.0267,536.8630
regla_bon,19,La24,219482,5.0267,900.0015
ga,19,La25,1,100.1024,0.0185
ga,19,La25,2,100.1024,0.0185
ga,19,La25,4,88.7410,0.0185
ga,19,La25,8,75.4350,0.0185
ga,19,La25,16,75.4350,0.0195
ga,19,La25,32,70.8802,0.0205
ga,19,La25,64,59.1095,0.0230
ga,19,La25,128,50.9724,0.0280
ga,19,La25,256,43.8076,0.0380
ga,19,La25,512,43.7052,0.0690
ga,19,La25,1024,38.7410,0.1251
ga,19,La25,2048,31.1668,0.2311
ga,19,La25,4096,24.9744,0.4722
ga,19,La25,8192,14.9949,0.9363
ga,19,La25,16384,10.4401,1.8464
ga,19,La25,32768,6.5507,3.7787
ga,19,La25,65536,6.5507,7.5670
ga,19,La25,131072,5.7830,15.2244
ga,19,La25,262144,5.7830,30.4620
ga,19,La25,524288,2.4053,61.0080
ga,19,La25,1048576,2.3541,121.7169
ga,19,La25,2097152,2.3541,244.2049
ga,19,La25,4194304,1.9959,487.0295
ga,19,La25,7741929,1.9959,900.0003
ga,19,La27,1,91.0526,0.0210
ga,19,La27,2,82.9150,0.0210
ga,19,La27,4,78.7854,0.0210
ga,19,La27,8,78.7854,0.0220
ga,19,La27,16,75.5466,0.0230
ga,19,La27,32,74.2105,0.0240
ga,19,La27,64,60.9717,0.0270
ga,19,La27,128,60.9717,0.0340
ga,19,La27,256,60.9717,0.0480
ga,19,La27,512,57.8138,0.0830
ga,19,La27,1024,44.2105,0.1555
ga,19,La27,2048,44.2105,0.3160
ga,19,La27,4096,37.6518,0.6296
ga,19,La27,8192,29.6356,1.2139
ga,19,La27,16384,19.1093,2.4837
ga,19,La27,32768,11.5789,4.9741
ga,19,La27,65536,10.7692,9.8701
ga,19,La27,131072,8.4211,19.5188
ga,19,La27,262144,8.7045,39.3842
ga,19,La27,524288,7.6113,79.0022
ga,19,La27,1048576,7.6113,157.3477
ga,19,La27,2097152,7.6113,314.9824
ga,19,La27,4194304,7.6113,630.4557
ga,19,La27,6000574,7.6113,900.0002
ga_sembrado,19,La25,1,11.8219,0.0130
ga_sembrado,19,La25,2,11.8219,0.0130
ga_sembrado,19,La25,4,11.8219,0.0130
ga_sembrado,19,La25,8,11.8219,0.0140
ga_sembrado,19,La25,16,11.8219,0.0140
ga_sembrado,19,La25,32,11.8219,0.0150
ga_sembrado,19,La25,64,11.8219,0.0170
ga_sembrado,19,La25,128,11.8219,0.0210
ga_sembrado,19,La25,256,11.8219,0.0300
ga_sembrado,19,La25,512,11.8219,0.0580
ga_sembrado,19,La25,1024,11.8219,0.1170
ga_sembrado,19,La25,2048,11.8219,0.2370
ga_sembrado,19,La25,4096,10.6448,0.4696
ga_sembrado,19,La25,8192,9.9795,0.9768
ga_sembrado,19,La25,16384,9.7748,1.9150
ga_sembrado,19,La25,32768,9.7748,3.8512
ga_sembrado,19,La25,65536,9.7748,7.6975
ga_sembrado,19,La25,131072,9.7748,15.1183
ga_sembrado,19,La25,262144,9.7748,30.2514
ga_sembrado,19,La25,524288,9.7748,60.8945
ga_sembrado,19,La25,1048576,7.4207,121.4568
ga_sembrado,19,La25,2097152,7.4207,243.6607
ga_sembrado,19,La25,4194304,7.4207,486.4088
ga_sembrado,19,La25,7737091,7.4207,900.0002
regla_bon,19,La25,1,11.8219,0.0040
regla_bon,19,La25,2,11.8219,0.0080
regla_bon,19,La25,4,11.8219,0.0170
regla_bon,19,La25,8,11.8219,0.0330
regla_bon,19,La25,16,11.8219,0.0670
regla_bon,19,La25,32,8.5977,0.1370
regla_bon,19,La25,64,9.1095,0.2680
regla_bon,19,La25,128,9.1095,0.5246
regla_bon,19,La25,256,9.1095,1.0419
regla_bon,19,La25,512,9.1095,2.1146
regla_bon,19,La25,1024,6.4483,4.2064
regla_bon,19,La25,2048,6.3460,8.3942
regla_bon,19,La25,4096,6.3460,16.7364
regla_bon,19,La25,8192,4.9642,33.4250
regla_bon,19,La25,16384,5.3736,67.0735
regla_bon,19,La25,32768,5.2201,133.9332
regla_bon,19,La25,65536,5.2201,267.2755
regla_bon,19,La25,131072,4.9130,534.4193
regla_bon,19,La25,220750,4.5036,900.0022
ga_sembrado,19,La27,1,24.9798,0.0200
ga_sembrado,19,La27,2,24.9798,0.0200
ga_sembrado,19,La27,4,24.9798,0.0210
ga_sembrado,19,La27,8,24.9798,0.0210
ga_sembrado,19,La27,16,24.9798,0.0220
ga_sembrado,19,La27,32,24.9798,0.0230
ga_sembrado,19,La27,64,24.9798,0.0260
ga_sembrado,19,La27,128,24.9798,0.0331
ga_sembrado,19,La27,256,24.9798,0.0470
ga_sembrado,19,La27,512,24.9798,0.0800
ga_sembrado,19,La27,1024,24.9798,0.1625
ga_sembrado,19,La27,2048,24.9798,0.3206
ga_sembrado,19,La27,4096,22.1457,0.6198
ga_sembrado,19,La27,8192,18.9474,1.2302
ga_sembrado,19,La27,16384,18.2186,2.4868
ga_sembrado,19,La27,32768,12.7126,4.9701
ga_sembrado,19,La27,65536,10.7287,9.8732
ga_sembrado,19,La27,131072,10.5263,19.5458
ga_sembrado,19,La27,262144,10.2834,39.3334
ga_sembrado,19,La27,524288,6.2348,79.0692
ga_sembrado,19,La27,1048576,5.0202,156.8300
ga_sembrado,19,La27,2097152,5.6680,313.3399
ga_sembrado,19,La27,4194304,5.5870,628.4333
ga_sembrado,19,La27,6009099,5.5870,900.0003
regla_bon,19,La27,1,24.9798,0.0110
regla_bon,19,La27,2,18.6235,0.0190
regla_bon,19,La27,4,14.3725,0.0320
regla_bon,19,La27,8,14.3725,0.0590
regla_bon,19,La27,16,14.3725,0.1120
regla_bon,19,La27,32,14.3725,0.2176
regla_bon,19,La27,64,13.8462,0.4301
regla_bon,19,La27,128,13.6032,0.8594
regla_bon,19,La27,256,12.1457,1.7700
regla_bon,19,La27,512,9.4737,3.4492
regla_bon,19,La27,1024,9.4737,6.9268
regla_bon,19,La27,2048,9.1093,13.7747
regla_bon,19,La27,4096,7.5304,27.4756
regla_bon,19,La27,8192,7.5304,55.3593
regla_bon,19,La27,16384,7.5304,110.6968
regla_bon,19,La27,32768,7.5304,221.7243
regla_bon,19,La27,65536,7.5304,442.2288
regla_bon,19,La27,131072,7.5304,885.3053
regla_bon,19,La27,133285,7.5304,900.0043
ga,19,La29,1,108.5938,0.0230
ga,19,La29,2,60.6337,0.0230
ga,19,La29,4,60.6337,0.0230
ga,19,La29,8,60.6337,0.0230
ga,19,La29,16,60.6337,0.0240
ga,19,La29,32,60.6337,0.0260
ga,19,La29,64,60.6337,0.0300
ga,19,La29,128,60.6337,0.0370
ga,19,La29,256,60.6337,0.0520
ga,19,La29,512,55.2083,0.0930
ga,19,La29,1024,55.2083,0.1750
ga,19,La29,2048,50.1736,0.3241
ga,19,La29,4096,40.9722,0.6262
ga,19,La29,8192,28.9497,1.2500
ga,19,La29,16384,22.8733,2.4656
ga,19,La29,32768,16.2760,4.9424
ga,19,La29,65536,13.1076,9.9917
ga,19,La29,131072,11.8056,19.8155
ga,19,La29,262144,10.1997,39.2365
ga,19,La29,524288,9.7656,78.4466
ga,19,La29,1048576,9.7656,157.4039
ga,19,La29,2097152,9.7656,320.2346
ga,19,La29,4194304,9.7656,636.2118
ga,19,La29,5945467,9.7656,900.0008
regla_bon,19,La29,1,13.4115,0.0080
regla_bon,19,La29,2,13.4115,0.0160
regla_bon,19,La29,4,13.4115,0.0300
regla_bon,19,La29,8,13.4115,0.0550
regla_bon,19,La29,16,13.4115,0.1070
regla_bon,19,La29,32,13.4115,0.2201
regla_bon,19,La29,64,15.1910,0.4461
regla_bon,19,La29,128,13.4549,0.8879
regla_bon,19,La29,256,13.4549,1.7503
regla_bon,19,La29,512,12.4566,3.4939
regla_bon,19,La29,1024,12.4566,6.9319
regla_bon,19,La29,2048,13.2378,13.9463
regla_bon,19,La29,4096,11.8490,27.8180
regla_bon,19,La29,8192,11.8490,55.4048
regla_bon,19,La29,16384,10.6771,110.8939
regla_bon,19,La29,32768,10.7205,223.1910
regla_bon,19,La29,65536,9.8524,449.3714
regla_bon,19,La29,131072,9.1146,894.9139
regla_bon,19,La29,131817,9.1146,900.0015
ga,19,La38,1,78.9716,0.0230
ga,19,La38,2,78.9716,0.0230
ga,19,La38,4,78.9716,0.0240
ga,19,La38,8,78.9716,0.0240
ga,19,La38,16,78.9716,0.0250
ga,19,La38,32,67.0569,0.0270
ga,19,La38,64,67.0569,0.0310
ga,19,La38,128,67.0569,0.0390
ga,19,La38,256,66.2207,0.0550
ga,19,La38,512,62.0819,0.0940
ga,19,La38,1024,55.6856,0.1820
ga,19,La38,2048,43.8545,0.3531
ga,19,La38,4096,34.9498,0.7013
ga,19,La38,8192,28.9298,1.3535
ga,19,La38,16384,17.7676,2.7015
ga,19,La38,32768,13.4197,5.4520
ga,19,La38,65536,12.6672,10.9661
ga,19,La38,131072,11.4548,21.8870
ga,19,La38,262144,10.2425,43.8287
ga,19,La38,524288,10.2425,87.1028
ga,19,La38,1048576,10.2425,174.2553
ga,19,La38,2097152,9.2809,354.5011
ga,19,La38,4194304,9.2809,704.9231
ga,19,La38,5358629,9.2809,900.0005
ga_sembrado,19,La29,1,13.4115,0.0200
ga_sembrado,19,La29,2,13.4115,0.0200
ga_sembrado,19,La29,4,13.4115,0.0200
ga_sembrado,19,La29,8,13.4115,0.0210
ga_sembrado,19,La29,16,13.4115,0.0220
ga_sembrado,19,La29,32,13.4115,0.0230
ga_sembrado,19,La29,64,13.4115,0.0270
ga_sembrado,19,La29,128,13.4115,0.0330
ga_sembrado,19,La29,256,13.4115,0.0450
ga_sembrado,19,La29,512,13.4115,0.0860
ga_sembrado,19,La29,1024,13.4115,0.1660
ga_sembrado,19,La29,2048,13.4115,0.3121
ga_sembrado,19,La29,4096,13.0208,0.6352
ga_sembrado,19,La29,8192,11.8056,1.2485
ga_sembrado,19,La29,16384,10.6771,2.4931
ga_sembrado,19,La29,32768,10.1562,4.9724
ga_sembrado,19,La29,65536,9.8524,9.8774
ga_sembrado,19,La29,131072,7.5087,19.5534
ga_sembrado,19,La29,262144,7.0312,39.2592
ga_sembrado,19,La29,524288,6.6406,78.0415
ga_sembrado,19,La29,1048576,6.6406,157.0000
ga_sembrado,19,La29,2097152,6.6406,319.8465
ga_sembrado,19,La29,4194304,6.6406,634.9129
ga_sembrado,19,La29,5953925,6.6406,900.0005
regla_bon,19,La38,1,14.9666,0.0070
regla_bon,19,La38,2,14.9666,0.0140
regla_bon,19,La38,4,13.1271,0.0270
regla_bon,19,La38,8,13.1271,0.0540
regla_bon,19,La38,16,13.1271,0.1060
regla_bon,19,La38,32,13.7124,0.2161
regla_bon,19,La38,64,13.7124,0.4282
regla_bon,19,La38,128,12.6254,0.8098
regla_bon,19,La38,256,12.2074,1.5913
regla_bon,19,La38,512,9.6990,3.1478
regla_bon,19,La38,1024,9.4482,6.3676
regla_bon,19,La38,2048,8.1104,12.7145
regla_bon,19,La38,4096,7.7759,25.3096
regla_bon,19,La38,8192,7.7759,50.3990
regla_bon,19,La38,16384,7.9013,100.6765
regla_bon,19,La38,32768,7.9013,201.5609
regla_bon,19,La38,65536,7.9013,408.0829
regla_bon,19,La38,131072,7.9013,812.3562
regla_bon,19,La38,145009,7.9013,900.0005
ga_sembrado,19,La38,1,14.9666,0.0270
ga_sembrado,19,La38,2,14.9666,0.0270
ga_sembrado,19,La38,4,14.9666,0.0270
ga_sembrado,19,La38,8,14.9666,0.0280
ga_sembrado,19,La38,16,14.9666,0.0290
ga_sembrado,19,La38,32,14.9666,0.0300
ga_sembrado,19,La38,64,14.9666,0.0340
ga_sembrado,19,La38,128,14.9666,0.0410
ga_sembrado,19,La38,256,14.9666,0.0550
ga_sembrado,19,La38,512,14.9666,0.0950
ga_sembrado,19,La38,1024,14.9666,0.1821
ga_sembrado,19,La38,2048,14.9666,0.3672
ga_sembrado,19,La38,4096,14.9666,0.7149
ga_sembrado,19,La38,8192,10.9950,1.4142
ga_sembrado,19,La38,16384,9.3227,2.8431
ga_sembrado,19,La38,32768,6.8562,5.6801
ga_sembrado,19,La38,65536,6.5217,11.2048
ga_sembrado,19,La38,131072,6.3127,21.9106
ga_sembrado,19,La38,262144,6.1037,43.5612
ga_sembrado,19,La38,524288,4.5151,86.8197
ga_sembrado,19,La38,1048576,4.5151,173.9983
ga_sembrado,19,La38,2097152,4.5151,353.6863
ga_sembrado,19,La38,4194304,4.5151,702.9479
ga_sembrado,19,La38,5370411,4.5151,900.0005
ga,19,La40,1,88.4615,0.0270
ga,19,La40,2,88.4615,0.0280
ga,19,La40,4,77.4141,0.0280
ga,19,La40,8,77.4141,0.0280
ga,19,La40,16,73.0769,0.0290
ga,19,La40,32,70.2946,0.0310
ga,19,La40,64,67.1440,0.0350
ga,19,La40,128,64.2799,0.0430
ga,19,La40,256,64.2799,0.0610
ga,19,La40,512,58.8789,0.1046
ga,19,La40,1024,49.3044,0.1816
ga,19,La40,2048,42.2668,0.3598
ga,19,La40,4096,38.8707,0.6985
ga,19,La40,8192,25.6137,1.3794
ga,19,La40,16384,17.1849,2.7065
ga,19,La40,32768,11.0884,5.4786
ga,19,La40,65536,8.3470,10.8312
ga,19,La40,131072,8.3470,21.6152
ga,19,La40,262144,6.0147,43.2540
ga,19,La40,524288,5.1555,86.6281
ga,19,La40,1048576,5.1555,173.9511
ga,19,La40,2097152,4.2553,348.5788
ga,19,La40,4194304,4.1326,699.7140
ga,19,La40,5393168,4.1326,900.0004
regla_bon,19,La40,1,13.2570,0.0070
regla_bon,19,La40,2,13.2570,0.0130
regla_bon,19,La40,4,13.2570,0.0270
regla_bon,19,La40,8,13.2570,0.0541
regla_bon,19,La40,16,13.2570,0.1076
regla_bon,19,La40,32,11.7840,0.2111
regla_bon,19,La40,64,11.0884,0.4092
regla_bon,19,La40,128,12.8887,0.8005
regla_bon,19,La40,256,12.8887,1.5653
regla_bon,19,La40,512,9.2062,3.2000
regla_bon,19,La40,1024,8.5925,6.3805
regla_bon,19,La40,2048,8.5925,12.7155
regla_bon,19,La40,4096,8.5925,25.0934
regla_bon,19,La40,8192,7.9787,50.1322
regla_bon,19,La40,16384,7.2831,100.1673
regla_bon,19,La40,32768,7.2831,200.5549
regla_bon,19,La40,65536,7.2831,400.9457
regla_bon,19,La40,131072,7.2831,803.9669
regla_bon,19,La40,146606,7.2831,900.0038
ga_sembrado,19,La40,1,13.2570,0.0250
ga_sembrado,19,La40,2,13.2570,0.0250
ga_sembrado,19,La40,4,13.2570,0.0250
ga_sembrado,19,La40,8,13.2570,0.0250
ga_sembrado,19,La40,16,13.2570,0.0260
ga_sembrado,19,La40,32,13.2570,0.0280
ga_sembrado,19,La40,64,13.2570,0.0320
ga_sembrado,19,La40,128,13.2570,0.0380
ga_sembrado,19,La40,256,13.2570,0.0531
ga_sembrado,19,La40,512,13.2570,0.0881
ga_sembrado,19,La40,1024,13.2570,0.1742
ga_sembrado,19,La40,2048,13.2570,0.3432
ga_sembrado,19,La40,4096,12.8069,0.6678
ga_sembrado,19,La40,8192,11.2520,1.3783
ga_sembrado,19,La40,16384,9.9018,2.7549
ga_sembrado,19,La40,32768,9.9018,5.5840
ga_sembrado,19,La40,65536,9.9018,11.0532
ga_sembrado,19,La40,131072,8.4288,21.8167
ga_sembrado,19,La40,262144,8.4288,43.5951
ga_sembrado,19,La40,524288,6.7921,87.0226
ga_sembrado,19,La40,1048576,6.7103,174.2575
ga_sembrado,19,La40,2097152,5.6465,348.3231
ga_sembrado,19,La40,4194304,5.6465,697.6876
ga_sembrado,19,La40,5408576,5.6465,900.0008
ga,19,ABZ7,1,96.3415,0.0380
ga,19,ABZ7,2,71.6463,0.0380
ga,19,ABZ7,4,71.6463,0.0390
ga,19,ABZ7,8,71.6463,0.0390
ga,19,ABZ7,16,71.6463,0.0410
ga,19,ABZ7,32,71.6463,0.0435
ga,19,ABZ7,64,70.4268,0.0481
ga,19,ABZ7,128,70.4268,0.0581
ga,19,ABZ7,256,70.4268,0.0771
ga,19,ABZ7,512,59.6799,0.1296
ga,19,ABZ7,1024,59.6799,0.2332
ga,19,ABZ7,2048,48.9329,0.4573
ga,19,ABZ7,4096,45.7317,0.8895
ga,19,ABZ7,8192,32.4695,1.7475
ga,19,ABZ7,16384,23.3994,3.6646
ga,19,ABZ7,32768,15.7012,7.3368
ga,19,ABZ7,65536,14.3293,14.5797
ga,19,ABZ7,131072,12.3476,28.8600
ga,19,ABZ7,262144,12.3476,57.3646
ga,19,ABZ7,524288,12.3476,114.2588
ga,19,ABZ7,1048576,12.3476,228.8345
ga,19,ABZ7,2097152,11.4329,457.9477
ga,19,ABZ7,4110245,9.2988,900.0008
regla_bon,19,ABZ7,1,19.6646,0.0100
regla_bon,19,ABZ7,2,17.1494,0.0190
regla_bon,19,ABZ7,4,15.9299,0.0400
regla_bon,19,ABZ7,8,15.9299,0.0806
regla_bon,19,ABZ7,16,15.9299,0.1596
regla_bon,19,ABZ7,32,15.0152,0.3241
regla_bon,19,ABZ7,64,15.0152,0.6499
regla_bon,19,ABZ7,128,12.8811,1.3338
regla_bon,19,ABZ7,256,12.4238,2.6888
regla_bon,19,ABZ7,512,12.3476,5.4604
regla_bon,19,ABZ7,1024,9.9848,10.8435
regla_bon,19,ABZ7,2048,9.9848,21.3633
regla_bon,19,ABZ7,4096,10.0610,42.5405
regla_bon,19,ABZ7,8192,10.0610,84.2215
regla_bon,19,ABZ7,16384,9.7561,168.8067
regla_bon,19,ABZ7,32768,9.7561,337.8070
regla_bon,19,ABZ7,65536,9.7561,677.3877
regla_bon,19,ABZ7,87083,9.9085,900.0043
ga_sembrado,19,ABZ7,1,19.6646,0.0360
ga_sembrado,19,ABZ7,2,19.6646,0.0365
ga_sembrado,19,ABZ7,4,19.6646,0.0365
ga_sembrado,19,ABZ7,8,19.6646,0.0365
ga_sembrado,19,ABZ7,16,19.6646,0.0375
ga_sembrado,19,ABZ7,32,19.6646,0.0395
ga_sembrado,19,ABZ7,64,19.6646,0.0455
ga_sembrado,19,ABZ7,128,19.6646,0.0555
ga_sembrado,19,ABZ7,256,19.6646,0.0765
ga_sembrado,19,ABZ7,512,19.6646,0.1360
ga_sembrado,19,ABZ7,1024,19.6646,0.2611
ga_sembrado,19,ABZ7,2048,19.6646,0.4838
ga_sembrado,19,ABZ7,4096,19.2073,0.9185
ga_sembrado,19,ABZ7,8192,16.0061,1.8705
ga_sembrado,19,ABZ7,16384,14.6341,3.7264
ga_sembrado,19,ABZ7,32768,13.2622,7.4252
ga_sembrado,19,ABZ7,65536,11.3567,14.6467
ga_sembrado,19,ABZ7,131072,10.4421,29.2360
ga_sembrado,19,ABZ7,262144,8.7652,57.9513
ga_sembrado,19,ABZ7,524288,8.7652,115.5477
ga_sembrado,19,ABZ7,1048576,8.5366,230.5329
ga_sembrado,19,ABZ7,2097152,7.9268,461.1692
ga_sembrado,19,ABZ7,4082233,7.9268,900.0002
ga,19,ABZ8,1,108.5271,0.0305
ga,19,ABZ8,2,94.6512,0.0305
ga,19,ABZ8,4,88.3721,0.0315
ga,19,ABZ8,8,88.3721,0.0321
ga,19,ABZ8,16,76.4341,0.0331
ga,19,ABZ8,32,76.4341,0.0361
ga,19,ABZ8,64,76.4341,0.0411
ga,19,ABZ8,128,75.8140,0.0491
ga,19,ABZ8,256,75.8140,0.0661
ga,19,ABZ8,512,75.8140,0.1211
ga,19,ABZ8,1024,69.6899,0.2347
ga,19,ABZ8,2048,56.2791,0.4758
ga,19,ABZ8,4096,53.6434,0.9934
ga,19,ABZ8,8192,41.5504,1.9990
ga,19,ABZ8,16384,30.1550,3.8503
ga,19,ABZ8,32768,21.1628,7.4384
ga,19,ABZ8,65536,16.0465,14.6078
ga,19,ABZ8,131072,15.0388,28.9857
ga,19,ABZ8,262144,14.2636,57.3453
ga,19,ABZ8,524288,14.2636,114.7234
ga,19,ABZ8,1048576,14.1085,228.7290
ga,19,ABZ8,2097152,14.1085,458.3454
ga,19,ABZ8,4121971,14.1085,900.0007
ga,19,ABZ9,1,107.8669,0.0355
ga,19,ABZ9,2,92.7383,0.0355
ga,19,ABZ9,4,87.6702,0.0355
ga,19,ABZ9,8,87.6702,0.0365
ga,19,ABZ9,16,87.6702,0.0375
ga,19,ABZ9,32,77.4584,0.0385
ga,19,ABZ9,64,77.4584,0.0425
ga,19,ABZ9,128,77.4584,0.0525
ga,19,ABZ9,256,77.7610,0.0725
ga,19,ABZ9,512,73.4493,0.1320
ga,19,ABZ9,1024,63.3888,0.2621
ga,19,ABZ9,2048,55.2950,0.5141
ga,19,ABZ9,4096,53.9334,1.0232
ga,19,ABZ9,8192,45.0832,2.0075
ga,19,ABZ9,16384,31.1649,3.8186
ga,19,ABZ9,32768,22.3147,7.5018
ga,19,ABZ9,65536,16.7927,14.7702
ga,19,ABZ9,131072,14.9017,28.9453
ga,19,ABZ9,262144,13.7670,57.3771
ga,19,ABZ9,524288,12.4054,114.4643
ga,19,ABZ9,1048576,11.1952,228.4268
ga,19,ABZ9,2097152,11.1952,459.7553
ga,19,ABZ9,4108534,10.0605,900.0007
regla_bon,19,ABZ8,1,24.7287,0.0110
regla_bon,19,ABZ8,2,24.7287,0.0220
regla_bon,19,ABZ8,4,24.7287,0.0445
regla_bon,19,ABZ8,8,24.7287,0.0965
regla_bon,19,ABZ8,16,22.4806,0.1871
regla_bon,19,ABZ8,32,22.4806,0.3771
regla_bon,19,ABZ8,64,21.8605,0.7421
regla_bon,19,ABZ8,128,21.8605,1.4712
regla_bon,19,ABZ8,256,20.3876,2.8673
regla_bon,19,ABZ8,512,20.3876,5.5665
regla_bon,19,ABZ8,1024,19.5349,10.9656
regla_bon,19,ABZ8,2048,19.5349,21.5624
regla_bon,19,ABZ8,4096,19.5349,43.0703
regla_bon,19,ABZ8,8192,19.2248,85.6620
regla_bon,19,ABZ8,16384,19.2248,170.9018
regla_bon,19,ABZ8,32768,19.2248,342.2858
regla_bon,19,ABZ8,65536,17.1318,686.2175
regla_bon,19,ABZ8,85971,17.1318,900.0027
ga_sembrado,19,ABZ8,1,24.7287,0.0325
ga_sembrado,19,ABZ8,2,24.7287,0.0325
ga_sembrado,19,ABZ8,4,24.7287,0.0325
ga_sembrado,19,ABZ8,8,24.7287,0.0335
ga_sembrado,19,ABZ8,16,24.7287,0.0345
ga_sembrado,19,ABZ8,32,24.7287,0.0375
ga_sembrado,19,ABZ8,64,24.7287,0.0445
ga_sembrado,19,ABZ8,128,24.7287,0.0545
ga_sembrado,19,ABZ8,256,24.7287,0.0765
ga_sembrado,19,ABZ8,512,24.7287,0.1350
ga_sembrado,19,ABZ8,1024,24.7287,0.2791
ga_sembrado,19,ABZ8,2048,24.7287,0.5462
ga_sembrado,19,ABZ8,4096,24.3411,1.0823
ga_sembrado,19,ABZ8,8192,22.7132,2.0685
ga_sembrado,19,ABZ8,16384,21.0078,3.8931
ga_sembrado,19,ABZ8,32768,18.7597,7.6374
ga_sembrado,19,ABZ8,65536,17.3643,14.9753
ga_sembrado,19,ABZ8,131072,17.3643,29.4033
ga_sembrado,19,ABZ8,262144,17.3643,58.2351
ga_sembrado,19,ABZ8,524288,17.3643,115.9400
ga_sembrado,19,ABZ8,1048576,17.3643,231.2780
ga_sembrado,19,ABZ8,2097152,17.3643,463.0835
ga_sembrado,19,ABZ8,4078454,17.3643,900.0008
regla_bon,19,ABZ9,1,33.3585,0.0130
regla_bon,19,ABZ9,2,32.5265,0.0240
regla_bon,19,ABZ9,4,27.0045,0.0470
regla_bon,19,ABZ9,8,27.0045,0.0960
regla_bon,19,ABZ9,16,27.0045,0.2091
regla_bon,19,ABZ9,32,26.2481,0.3891
regla_bon,19,ABZ9,64,26.0212,0.7501
regla_bon,19,ABZ9,128,26.0212,1.4348
regla_bon,19,ABZ9,256,23.2980,2.8173
regla_bon,19,ABZ9,512,23.2980,5.4816
regla_bon,19,ABZ9,1024,22.5416,10.8250
regla_bon,19,ABZ9,2048,22.6172,21.2744
regla_bon,19,ABZ9,4096,20.1210,42.3537
regla_bon,19,ABZ9,8192,20.1210,84.3122
regla_bon,19,ABZ9,16384,20.1210,168.2085
regla_bon,19,ABZ9,32768,20.2723,336.3289
regla_bon,19,ABZ9,65536,20.2723,675.5190
regla_bon,19,ABZ9,87302,20.2723,900.0012
ga_sembrado,19,ABZ9,1,33.3585,0.0400
ga_sembrado,19,ABZ9,2,33.3585,0.0400
ga_sembrado,19,ABZ9,4,33.3585,0.0400
ga_sembrado,19,ABZ9,8,33.3585,0.0410
ga_sembrado,19,ABZ9,16,33.3585,0.0420
ga_sembrado,19,ABZ9,32,33.3585,0.0450
ga_sembrado,19,ABZ9,64,33.3585,0.0490
ga_sembrado,19,ABZ9,128,33.3585,0.0600
ga_sembrado,19,ABZ9,256,33.3585,0.0800
ga_sembrado,19,ABZ9,512,33.3585,0.1441
ga_sembrado,19,ABZ9,1024,33.3585,0.2741
ga_sembrado,19,ABZ9,2048,33.3585,0.5586
ga_sembrado,19,ABZ9,4096,30.4085,1.0473
ga_sembrado,19,ABZ9,8192,27.9123,2.0025
ga_sembrado,19,ABZ9,16384,25.3404,3.8371
ga_sembrado,19,ABZ9,32768,20.4992,7.5325
ga_sembrado,19,ABZ9,65536,17.7005,14.6502
ga_sembrado,19,ABZ9,131072,15.8850,28.9002
ga_sembrado,19,ABZ9,262144,14.8260,57.0731
ga_sembrado,19,ABZ9,524288,14.8260,114.2278
ga_sembrado,19,ABZ9,1048576,13.0106,228.0067
ga_sembrado,19,ABZ9,2097152,12.2542,458.0470
ga_sembrado,19,ABZ9,4127482,12.2542,900.0008
ga,20,FT10,1,77.3656,0.0110
ga,20,FT10,2,77.3656,0.0110
ga,20,FT10,4,77.3656,0.0110
ga,20,FT10,8,64.4086,0.0110
ga,20,FT10,16,64.4086,0.0120
ga,20,FT10,32,57.8495,0.0120
ga,20,FT10,64,53.6559,0.0140
ga,20,FT10,128,50.4301,0.0170
ga,20,FT10,256,51.3978,0.0240
ga,20,FT10,512,39.5699,0.0460
ga,20,FT10,1024,38.2258,0.0910
ga,20,FT10,2048,31.5054,0.1725
ga,20,FT10,4096,22.4731,0.3321
ga,20,FT10,8192,17.0430,0.6778
ga,20,FT10,16384,8.3871,1.3616
ga,20,FT10,32768,5.9677,2.9081
ga,20,FT10,65536,3.8710,5.6835
ga,20,FT10,131072,3.8710,10.9902
ga,20,FT10,262144,3.8710,21.8596
ga,20,FT10,524288,3.8710,43.9250
ga,20,FT10,1048576,3.1720,86.8848
ga,20,FT10,2097152,3.1720,173.3552
ga,20,FT10,4194304,3.1720,347.1572
ga,20,FT10,8388608,3.1720,691.0336
ga,20,FT10,10916431,3.1720,900.0009
regla_bon,20,FT10,1,20.3763,0.0021
regla_bon,20,FT10,2,18.3871,0.0041
regla_bon,20,FT10,4,15.8065,0.0091
regla_bon,20,FT10,8,13.0108,0.0181
regla_bon,20,FT10,16,13.0108,0.0361
regla_bon,20,FT10,32,13.0108,0.0701
regla_bon,20,FT10,64,9.6774,0.1421
regla_bon,20,FT10,128,8.1720,0.2836
regla_bon,20,FT10,256,8.1720,0.5602
regla_bon,20,FT10,512,6.5054,1.1355
regla_bon,20,FT10,1024,6.5054,2.3723
regla_bon,20,FT10,2048,6.2903,4.5164
regla_bon,20,FT10,4096,6.2903,8.9338
regla_bon,20,FT10,8192,6.2903,17.5951
regla_bon,20,FT10,16384,6.2903,34.8991
regla_bon,20,FT10,32768,3.4409,70.0795
regla_bon,20,FT10,65536,3.4409,139.4883
regla_bon,20,FT10,131072,3.2258,280.2079
regla_bon,20,FT10,262144,3.2258,557.9048
regla_bon,20,FT10,423038,3.8172,900.0004
ga_sembrado,20,FT10,1,20.3763,0.0090
ga_sembrado,20,FT10,2,20.3763,0.0090
ga_sembrado,20,FT10,4,20.3763,0.0090
ga_sembrado,20,FT10,8,20.3763,0.0090
ga_sembrado,20,FT10,16,20.3763,0.0090
ga_sembrado,20,FT10,32,20.3763,0.0100
ga_sembrado,20,FT10,64,20.3763,0.0120
ga_sembrado,20,FT10,128,20.3763,0.0140
ga_sembrado,20,FT10,256,20.3763,0.0200
ga_sembrado,20,FT10,512,20.3763,0.0410
ga_sembrado,20,FT10,1024,20.3763,0.0870
ga_sembrado,20,FT10,2048,18.9247,0.1686
ga_sembrado,20,FT10,4096,12.5269,0.3461
ga_sembrado,20,FT10,8192,8.1720,0.6986
ga_sembrado,20,FT10,16384,4.8387,1.4405
ga_sembrado,20,FT10,32768,2.0430,2.9590
ga_sembrado,20,FT10,65536,2.0430,5.7358
ga_sembrado,20,FT10,131072,2.0430,11.1352
ga_sembrado,20,FT10,262144,2.0430,21.9105
ga_sembrado,20,FT10,524288,2.0430,43.7754
ga_sembrado,20,FT10,1048576,2.0430,86.7671
ga_sembrado,20,FT10,2097152,2.0430,173.5467
ga_sembrado,20,FT10,4194304,2.0430,346.9880
ga_sembrado,20,FT10,8388608,1.7204,690.7033
ga_sembrado,20,FT10,10925980,1.7204,900.0003
ga,20,FT20,1,85.3648,0.0130
ga,20,FT20,2,85.3648,0.0130
ga,20,FT20,4,85.3648,0.0130
ga,20,FT20,8,74.0773,0.0140
ga,20,FT20,16,57.3391,0.0140
ga,20,FT20,32,52.8755,0.0150
ga,20,FT20,64,51.5880,0.0170
ga,20,FT20,128,47.7253,0.0200
ga,20,FT20,256,46.6094,0.0270
ga,20,FT20,512,46.6094,0.0460
ga,20,FT20,1024,39.9142,0.0850
ga,20,FT20,2048,33.2189,0.1686
ga,20,FT20,4096,25.0215,0.3361
ga,20,FT20,8192,14.4206,0.6846
ga,20,FT20,16384,8.4549,1.4105
ga,20,FT20,32768,5.1073,2.9705
ga,20,FT20,65536,2.9185,5.7238
ga,20,FT20,131072,2.9185,11.1972
ga,20,FT20,262144,2.9185,22.0451
ga,20,FT20,524288,2.9185,44.3772
ga,20,FT20,1048576,2.9185,88.4223
ga,20,FT20,2097152,2.9185,175.6425
ga,20,FT20,4194304,2.9185,351.4888
ga,20,FT20,8388608,2.9185,699.6205
ga,20,FT20,10778322,2.9185,900.0003
ga_sembrado,20,FT20,1,13.2189,0.0135
ga_sembrado,20,FT20,2,13.2189,0.0135
ga_sembrado,20,FT20,4,13.2189,0.0135
ga_sembrado,20,FT20,8,13.2189,0.0135
ga_sembrado,20,FT20,16,13.2189,0.0145
ga_sembrado,20,FT20,32,13.2189,0.0145
ga_sembrado,20,FT20,64,13.2189,0.0165
ga_sembrado,20,FT20,128,13.2189,0.0195
ga_sembrado,20,FT20,256,13.2189,0.0275
ga_sembrado,20,FT20,512,13.2189,0.0485
ga_sembrado,20,FT20,1024,13.2189,0.0945
ga_sembrado,20,FT20,2048,13.2189,0.1770
ga_sembrado,20,FT20,4096,13.2189,0.3611
ga_sembrado,20,FT20,8192,11.9742,0.6968
ga_sembrado,20,FT20,16384,11.8455,1.4934
ga_sembrado,20,FT20,32768,11.1588,3.0166
ga_sembrado,20,FT20,65536,7.7253,5.7339
ga_sembrado,20,FT20,131072,7.1245,11.2358
ga_sembrado,20,FT20,262144,7.1245,22.2736
ga_sembrado,20,FT20,524288,6.7811,44.4068
ga_sembrado,20,FT20,1048576,5.8369,88.0798
ga_sembrado,20,FT20,2097152,5.8369,175.5360
ga_sembrado,20,FT20,4194304,5.8369,351.6310
ga_sembrado,20,FT20,8388608,2.3176,699.5481
ga_sembrado,20,FT20,10778182,2.3176,900.0004
regla_bon,20,FT20,1,13.2189,0.0030
regla_bon,20,FT20,2,13.2189,0.0070
regla_bon,20,FT20,4,13.2189,0.0130
regla_bon,20,FT20,8,13.2189,0.0260
regla_bon,20,FT20,16,12.4464,0.0540
regla_bon,20,FT20,32,8.0687,0.1035
regla_bon,20,FT20,64,8.0687,0.1990
regla_bon,20,FT20,128,8.0687,0.3971
regla_bon,20,FT20,256,8.0687,0.7783
regla_bon,20,FT20,512,8.0687,1.7050
regla_bon,20,FT20,1024,8.0687,3.4027
regla_bon,20,FT20,2048,8.0687,6.5667
regla_bon,20,FT20,4096,8.0687,12.8562
regla_bon,20,FT20,8192,7.7253,25.3985
regla_bon,20,FT20,16384,7.6824,51.0436
regla_bon,20,FT20,32768,6.9528,101.3288
regla_bon,20,FT20,65536,6.0515,201.6646
regla_bon,20,FT20,131072,6.0515,403.6221
regla_bon,20,FT20,262144,5.2361,803.5538
regla_bon,20,FT20,293296,5.2361,900.0029
ga,20,La21,1,87.1893,0.0160
ga,20,La21,2,87.1893,0.0160
ga,20,La21,4,87.1893,0.0160
ga,20,La21,8,65.3920,0.0170
ga,20,La21,16,65.3920,0.0170
ga,20,La21,32,62.7151,0.0190
ga,20,La21,64,62.7151,0.0210
ga,20,La21,128,46.6061,0.0270
ga,20,La21,256,46.6061,0.0370
ga,20,La21,512,46.6061,0.0650
ga,20,La21,1024,44.5507,0.1326
ga,20,La21,2048,37.6673,0.2536
ga,20,La21,4096,26.0516,0.4908
ga,20,La21,8192,15.2008,0.9855
ga,20,La21,16384,12.5239,1.9305
ga,20,La21,32768,10.8031,4.0479
ga,20,La21,65536,9.6558,7.9020
ga,20,La21,131072,9.6558,15.5881
ga,20,La21,262144,9.6558,30.7948
ga,20,La21,524288,9.6558,61.6094
ga,20,La21,1048576,9.6558,122.4638
ga,20,La21,2097152,6.9312,244.3005
ga,20,La21,4194304,6.6444,490.8007
ga,20,La21,7713614,6.6444,900.0000
regla_bon,20,La21,1,15.0096,0.0040
regla_bon,20,La21,2,14.1491,0.0090
regla_bon,20,La21,4,14.1491,0.0180
regla_bon,20,La21,8,13.4799,0.0340
regla_bon,20,La21,16,13.4799,0.0650
regla_bon,20,La21,32,13.9101,0.1240
regla_bon,20,La21,64,11.5201,0.2576
regla_bon,20,La21,128,11.5201,0.5032
regla_bon,20,La21,256,11.5201,1.0127
regla_bon,20,La21,512,10.0382,2.1143
regla_bon,20,La21,1024,10.0382,4.2550
regla_bon,20,La21,2048,10.0382,8.4539
regla_bon,20,La21,4096,9.3212,16.7701
regla_bon,20,La21,8192,8.9866,33.2429
regla_bon,20,La21,16384,8.2696,66.8119
regla_bon,20,La21,32768,8.5564,133.2950
regla_bon,20,La21,65536,8.5564,265.3315
regla_bon,20,La21,131072,8.4608,534.3197
regla_bon,20,La21,221818,7.6004,900.0041
ga_sembrado,20,La21,1,15.0096,0.0180
ga_sembrado,20,La21,2,15.0096,0.0180
ga_sembrado,20,La21,4,15.0096,0.0190
ga_sembrado,20,La21,8,15.0096,0.0190
ga_sembrado,20,La21,16,15.0096,0.0200
ga_sembrado,20,La21,32,15.0096,0.0205
ga_sembrado,20,La21,64,15.0096,0.0235
ga_sembrado,20,La21,128,15.0096,0.0280
ga_sembrado,20,La21,256,15.0096,0.0370
ga_sembrado,20,La21,512,15.0096,0.0690
ga_sembrado,20,La21,1024,15.0096,0.1270
ga_sembrado,20,La21,2048,15.0096,0.2507
ga_sembrado,20,La21,4096,15.4398,0.4842
ga_sembrado,20,La21,8192,13.0497,0.9636
ga_sembrado,20,La21,16384,10.8987,1.9923
ga_sembrado,20,La21,32768,9.9426,3.9918
ga_sembrado,20,La21,65536,9.0822,7.8184
ga_sembrado,20,La21,131072,9.3212,15.5021
ga_sembrado,20,La21,262144,7.8394,30.7437
ga_sembrado,20,La21,524288,7.6960,61.3577
ga_sembrado,20,La21,1048576,3.7285,122.9748
ga_sembrado,20,La21,2097152,3.7285,245.2664
ga_sembrado,20,La21,4194304,3.4895,492.1867
ga_sembrado,20,La21,7694927,3.4895,900.0001
ga,20,La24,1,97.1658,0.0150
ga,20,La24,2,96.3636,0.0150
ga,20,La24,4,75.2941,0.0150
ga,20,La24,8,63.7433,0.0150
ga,20,La24,16,63.7433,0.0160
ga,20,La24,32,63.7433,0.0170
ga,20,La24,64,58.9305,0.0190
ga,20,La24,128,58.9305,0.0225
ga,20,La24,256,59.5722,0.0310
ga,20,La24,512,50.0535,0.0610
ga,20,La24,1024,43.5829,0.1230
ga,20,La24,2048,40.0000,0.2467
ga,20,La24,4096,24.2781,0.4832
ga,20,La24,8192,20.5348,0.9606
ga,20,La24,16384,9.9465,1.9443
ga,20,La24,32768,6.9519,3.9848
ga,20,La24,65536,6.9519,7.8124
ga,20,La24,131072,6.0963,15.4565
ga,20,La24,262144,6.0963,30.7177
ga,20,La24,524288,4.4920,61.0517
ga,20,La24,1048576,4.4920,122.4792
ga,20,La24,2097152,4.4920,244.8268
ga,20,La24,4194304,4.4920,491.4901
ga,20,La24,7706144,4.4920,900.0001
ga_sembrado,20,La24,1,10.1070,0.0180
ga_sembrado,20,La24,2,10.1070,0.0180
ga_sembrado,20,La24,4,10.1070,0.0180
ga_sembrado,20,La24,8,10.1070,0.0190
ga_sembrado,20,La24,16,10.1070,0.0190
ga_sembrado,20,La24,32,10.1070,0.0210
ga_sembrado,20,La24,64,10.1070,0.0230
ga_sembrado,20,La24,128,10.1070,0.0290
ga_sembrado,20,La24,256,10.1070,0.0400
ga_sembrado,20,La24,512,10.1070,0.0726
ga_sembrado,20,La24,1024,10.1070,0.1286
ga_sembrado,20,La24,2048,10.1070,0.2396
ga_sembrado,20,La24,4096,10.1070,0.4793
ga_sembrado,20,La24,8192,8.7166,0.9601
ga_sembrado,20,La24,16384,8.4492,2.0028
ga_sembrado,20,La24,32768,6.0963,3.9914
ga_sembrado,20,La24,65536,5.6150,7.8353
ga_sembrado,20,La24,131072,3.5294,15.3615
ga_sembrado,20,La24,262144,2.7807,30.6651
ga_sembrado,20,La24,524288,2.6738,61.3662
ga_sembrado,20,La24,1048576,2.6738,122.6192
ga_sembrado,20,La24,2097152,2.6738,244.5727
ga_sembrado,20,La24,4194304,2.6738,491.5595
ga_sembrado,20,La24,7717310,2.6738,900.0008
regla_bon,20,La24,1,10.1070,0.0050
regla_bon,20,La24,2,10.1070,0.0080
regla_bon,20,La24,4,10.1070,0.0150
regla_bon,20,La24,8,10.1070,0.0310
regla_bon,20,La24,16,10.1070,0.0646
regla_bon,20,La24,32,10.1070,0.1336
regla_bon,20,La24,64,8.9840,0.2701
regla_bon,20,La24,128,8.5561,0.5243
regla_bon,20,La24,256,8.5561,1.0536
regla_bon,20,La24,512,7.8075,2.1917
regla_bon,20,La24,1024,7.0053,4.3381
regla_bon,20,La24,2048,7.0053,8.5274
regla_bon,20,La24,4096,7.0053,16.8447
regla_bon,20,La24,8192,8.8770,33.4504
regla_bon,20,La24,16384,7.9144,67.0669
regla_bon,20,La24,32768,6.6310,133.6416
regla_bon,20,La24,65536,5.4011,266.6068
regla_bon,20,La24,131072,4.9733,536.5165
regla_bon,20,La24,221017,4.9733,900.0008
ga,20,La25,1,122.2620,0.0130
ga,20,La25,2,80.2456,0.0130
ga,20,La25,4,80.2456,0.0130
ga,20,La25,8,60.9519,0.0130
ga,20,La25,16,60.9519,0.0140
ga,20,La25,32,58.4954,0.0150
ga,20,La25,64,56.0901,0.0180
ga,20,La25,128,46.7758,0.0230
ga,20,La25,256,46.7758,0.0320
ga,20,La25,512,46.7758,0.0640
ga,20,La25,1024,44.7288,0.1190
ga,20,La25,2048,34.6469,0.2302
ga,20,La25,4096,26.8680,0.4793
ga,20,La25,8192,16.1720,0.9537
ga,20,La25,16384,12.0778,1.8911
ga,20,La25,32768,11.2078,3.8404
ga,20,La25,65536,8.6489,7.6374
ga,20,La25,131072,6.1412,15.2343
ga,20,La25,262144,3.1730,30.5741
ga,20,La25,524288,2.4053,60.7701
ga,20,La25,1048576,2.4053,121.6873
ga,20,La25,2097152,1.6377,245.6179
ga,20,La25,4194304,1.6377,490.3329
ga,20,La25,7702117,1.6377,900.0009
ga,20,La27,1,114.9798,0.0200
ga,20,La27,2,99.3522,0.0200
ga,20,La27,4,79.7166,0.0210
ga,20,La27,8,79.7166,0.0210
ga,20,La27,16,79.7166,0.0220
ga,20,La27,32,73.7652,0.0235
ga,20,La27,64,63.5628,0.0265
ga,20,La27,128,63.5628,0.0320
ga,20,La27,256,60.2024,0.0455
ga,20,La27,512,54.7368,0.0785
ga,20,La27,1024,46.4777,0.1495
ga,20,La27,2048,45.6680,0.3024
ga,20,La27,4096,37.8138,0.6024
ga,20,La27,8192,30.7692,1.2212
ga,20,La27,16384,18.3806,2.4554
ga,20,La27,32768,11.0121,4.9429
ga,20,La27,65536,6.8016,9.9017
ga,20,La27,131072,5.1822,19.8086
ga,20,La27,262144,5.1822,39.3610
ga,20,La27,524288,5.1822,78.3546
ga,20,La27,1048576,5.1822,156.6463
ga,20,La27,2097152,4.5344,315.0887
ga,20,La27,4194304,3.8866,628.0780
ga,20,La27,6005260,3.8866,900.0004
regla_bon,20,La25,1,11.8219,0.0050
regla_bon,20,La25,2,11.8219,0.0090
regla_bon,20,La25,4,11.8219,0.0170
regla_bon,20,La25,8,11.0542,0.0330
regla_bon,20,La25,16,11.0542,0.0635
regla_bon,20,La25,32,9.3654,0.1235
regla_bon,20,La25,64,9.3654,0.2496
regla_bon,20,La25,128,7.9324,0.4999
regla_bon,20,La25,256,7.9324,1.0381
regla_bon,20,La25,512,6.5507,2.1192
regla_bon,20,La25,1024,6.5507,4.1765
regla_bon,20,La25,2048,6.5507,8.3422
regla_bon,20,La25,4096,6.5507,16.5947
regla_bon,20,La25,8192,6.5507,33.1571
regla_bon,20,La25,16384,6.5507,65.9487
regla_bon,20,La25,32768,5.8854,132.1365
regla_bon,20,La25,65536,5.1689,266.5085
regla_bon,20,La25,131072,5.1689,531.8514
regla_bon,20,La25,222010,5.8342,900.0044
ga_sembrado,20,La25,1,11.8219,0.0180
ga_sembrado,20,La25,2,11.8219,0.0180
ga_sembrado,20,La25,4,11.8219,0.0180
ga_sembrado,20,La25,8,11.8219,0.0190
ga_sembrado,20,La25,16,11.8219,0.0195
ga_sembrado,20,La25,32,11.8219,0.0205
ga_sembrado,20,La25,64,11.8219,0.0225
ga_sembrado,20,La25,128,11.8219,0.0260
ga_sembrado,20,La25,256,11.8219,0.0340
ga_sembrado,20,La25,512,11.8219,0.0616
ga_sembrado,20,La25,1024,11.8219,0.1286
ga_sembrado,20,La25,2048,11.8219,0.2517
ga_sembrado,20,La25,4096,11.8219,0.4649
ga_sembrado,20,La25,8192,11.2590,0.9321
ga_sembrado,20,La25,16384,9.9795,1.9196
ga_sembrado,20,La25,32768,10.2354,3.8393
ga_sembrado,20,La25,65536,9.7236,7.6933
ga_sembrado,20,La25,131072,9.7236,15.3512
ga_sembrado,20,La25,262144,9.7236,30.6210
ga_sembrado,20,La25,524288,9.3654,61.0497
ga_sembrado,20,La25,1048576,6.9089,122.1029
ga_sembrado,20,La25,2097152,6.9089,246.1793
ga_sembrado,20,La25,4194304,5.5271,490.6646
ga_sembrado,20,La25,7703277,4.9642,900.0004
ga_sembrado,20,La27,1,24.9798,0.0200
ga_sembrado,20,La27,2,24.9798,0.0200
ga_sembrado,20,La27,4,24.9798,0.0210
ga_sembrado,20,La27,8,24.9798,0.0210
ga_sembrado,20,La27,16,24.9798,0.0220
ga_sembrado,20,La27,32,24.9798,0.0240
ga_sembrado,20,La27,64,24.9798,0.0270
ga_sembrado,20,La27,128,24.9798,0.0340
ga_sembrado,20,La27,256,24.9798,0.0480
ga_sembrado,20,La27,512,24.9798,0.0835
ga_sembrado,20,La27,1024,24.9798,0.1675
ga_sembrado,20,La27,2048,24.9798,0.3361
ga_sembrado,20,La27,4096,24.7773,0.6547
ga_sembrado,20,La27,8192,20.7287,1.2549
ga_sembrado,20,La27,16384,15.3036,2.5226
ga_sembrado,20,La27,32768,12.9555,4.9858
ga_sembrado,20,La27,65536,11.8219,9.9050
ga_sembrado,20,La27,131072,10.2834,19.5278
ga_sembrado,20,La27,262144,8.9879,39.0146
ga_sembrado,20,La27,524288,7.3684,78.0392
ga_sembrado,20,La27,1048576,5.9919,156.5015
ga_sembrado,20,La27,2097152,5.0607,314.7204
ga_sembrado,20,La27,4194304,4.6154,628.9375
ga_sembrado,20,La27,5995205,4.6154,900.0002
regla_bon,20,La27,1,24.9798,0.0080
regla_bon,20,La27,2,18.7449,0.0150
regla_bon,20,La27,4,17.6518,0.0290
regla_bon,20,La27,8,17.6518,0.0580
regla_bon,20,La27,16,16.9636,0.1145
regla_bon,20,La27,32,11.4170,0.2215
regla_bon,20,La27,64,11.4170,0.4346
regla_bon,20,La27,128,11.4170,0.8383
regla_bon,20,La27,256,11.4170,1.7068
regla_bon,20,La27,512,11.9433,3.4389
regla_bon,20,La27,1024,11.1741,6.9032
regla_bon,20,La27,2048,8.9879,13.8376
regla_bon,20,La27,4096,8.6235,27.5547
regla_bon,20,La27,8192,8.6235,54.8604
regla_bon,20,La27,16384,8.6235,109.8110
regla_bon,20,La27,32768,8.6235,219.2260
regla_bon,20,La27,65536,8.0972,440.3760
regla_bon,20,La27,131072,7.1660,879.3143
regla_bon,20,La27,134203,7.1660,900.0032
ga,20,La29,1,129.5139,0.0260
ga,20,La29,2,94.6181,0.0260
ga,20,La29,4,94.6181,0.0260
ga,20,La29,8,70.0521,0.0270
ga,20,La29,16,70.0521,0.0270
ga,20,La29,32,70.0521,0.0290
ga,20,La29,64,70.0521,0.0316
ga,20,La29,128,70.0521,0.0406
ga,20,La29,256,61.0677,0.0531
ga,20,La29,512,61.0677,0.0912
ga,20,La29,1024,57.7257,0.1712
ga,20,La29,2048,46.1806,0.3327
ga,20,La29,4096,40.2778,0.6484
ga,20,La29,8192,31.5538,1.2818
ga,20,La29,16384,24.0885,2.4870
ga,20,La29,32768,16.3194,4.9383
ga,20,La29,65536,14.2795,9.8451
ga,20,La29,131072,11.5885,19.6519
ga,20,La29,262144,8.6372,39.2309
ga,20,La29,524288,8.3767,78.2553
ga,20,La29,1048576,7.6389,156.7655
ga,20,La29,2097152,6.8576,313.3864
ga,20,La29,4194304,6.4236,627.6198
ga,20,La29,5999545,6.4236,900.0003
ga,20,La38,1,112.6672,0.0225
ga,20,La38,2,112.6672,0.0225
ga,20,La38,4,80.3512,0.0225
ga,20,La38,8,80.3512,0.0235
ga,20,La38,16,80.3512,0.0245
ga,20,La38,32,77.2575,0.0265
ga,20,La38,64,70.4849,0.0305
ga,20,La38,128,70.4849,0.0365
ga,20,La38,256,64.5067,0.0485
ga,20,La38,512,53.6371,0.0935
ga,20,La38,1024,49.1639,0.1781
ga,20,La38,2048,45.2341,0.3402
ga,20,La38,4096,45.0669,0.6649
ga,20,La38,8192,30.0585,1.3413
ga,20,La38,16384,23.4114,2.7239
ga,20,La38,32768,18.5619,5.4884
ga,20,La38,65536,16.3043,10.9586
ga,20,La38,131072,13.9214,21.8839
ga,20,La38,262144,12.5418,43.5426
ga,20,La38,524288,12.5418,86.9088
ga,20,La38,1048576,12.5418,173.8220
ga,20,La38,2097152,12.5418,348.3976
ga,20,La38,4194304,11.9983,699.8240
ga,20,La38,5396595,11.9983,900.0002
regla_bon,20,La29,1,13.4115,0.0080
regla_bon,20,La29,2,13.4115,0.0150
regla_bon,20,La29,4,13.4115,0.0285
regla_bon,20,La29,8,13.4115,0.0535
regla_bon,20,La29,16,13.4115,0.1091
regla_bon,20,La29,32,12.1962,0.2131
regla_bon,20,La29,64,12.1962,0.4343
regla_bon,20,La29,128,12.1962,0.8575
regla_bon,20,La29,256,12.1962,1.7229
regla_bon,20,La29,512,12.1962,3.5134
regla_bon,20,La29,1024,11.6753,7.0678
regla_bon,20,La29,2048,11.6753,13.9508
regla_bon,20,La29,4096,11.5885,28.0098
regla_bon,20,La29,8192,9.5920,55.9707
regla_bon,20,La29,16384,9.5920,111.8317
regla_bon,20,La29,32768,10.5903,223.0114
regla_bon,20,La29,65536,10.5903,446.8774
regla_bon,20,La29,131072,9.4618,895.5950
regla_bon,20,La29,131714,9.4618,900.0022
ga_sembrado,20,La29,1,13.4115,0.0215
ga_sembrado,20,La29,2,13.4115,0.0215
ga_sembrado,20,La29,4,13.4115,0.0215
ga_sembrado,20,La29,8,13.4115,0.0225
ga_sembrado,20,La29,16,13.4115,0.0225
ga_sembrado,20,La29,32,13.4115,0.0245
ga_sembrado,20,La29,64,13.4115,0.0275
ga_sembrado,20,La29,128,13.4115,0.0345
ga_sembrado,20,La29,256,13.4115,0.0485
ga_sembrado,20,La29,512,13.4115,0.0875
ga_sembrado,20,La29,1024,13.4115,0.1671
ga_sembrado,20,La29,2048,13.4115,0.3272
ga_sembrado,20,La29,4096,13.4115,0.6149
ga_sembrado,20,La29,8192,11.5017,1.2432
ga_sembrado,20,La29,16384,11.0243,2.4974
ga_sembrado,20,La29,32768,9.8524,4.9638
ga_sembrado,20,La29,65536,9.1146,9.7536
ga_sembrado,20,La29,131072,9.0712,19.5218
ga_sembrado,20,La29,262144,9.0712,39.2008
ga_sembrado,20,La29,524288,8.8976,78.5394
ga_sembrado,20,La29,1048576,7.7691,157.3152
ga_sembrado,20,La29,2097152,7.6389,314.5578
ga_sembrado,20,La29,4194304,7.4653,628.8054
ga_sembrado,20,La29,5997141,7.4653,900.0002
ga_sembrado,20,La38,1,14.9666,0.0200
ga_sembrado,20,La38,2,14.9666,0.0200
ga_sembrado,20,La38,4,14.9666,0.0200
ga_sembrado,20,La38,8,14.9666,0.0210
ga_sembrado,20,La38,16,14.9666,0.0220
ga_sembrado,20,La38,32,14.9666,0.0230
ga_sembrado,20,La38,64,14.9666,0.0260
ga_sembrado,20,La38,128,14.9666,0.0315
ga_sembrado,20,La38,256,14.9666,0.0470
ga_sembrado,20,La38,512,14.9666,0.0861
ga_sembrado,20,La38,1024,14.9666,0.1621
ga_sembrado,20,La38,2048,14.9666,0.3338
ga_sembrado,20,La38,4096,11.9147,0.6769
ga_sembrado,20,La38,8192,10.5769,1.3357
ga_sembrado,20,La38,16384,10.5769,2.7345
ga_sembrado,20,La38,32768,7.7759,5.4234
ga_sembrado,20,La38,65536,5.9783,10.9397
ga_sembrado,20,La38,131072,5.9783,21.6698
ga_sembrado,20,La38,262144,5.9783,43.5542
ga_sembrado,20,La38,524288,5.9783,87.3028
ga_sembrado,20,La38,1048576,5.6438,174.4197
ga_sembrado,20,La38,2097152,5.6438,349.2214
ga_sembrado,20,La38,4194304,5.6438,700.7256
ga_sembrado,20,La38,5392058,5.6438,900.0005
regla_bon,20,La38,1,14.9666,0.0080
regla_bon,20,La38,2,14.9666,0.0140
regla_bon,20,La38,4,14.9666,0.0260
regla_bon,20,La38,8,14.9666,0.0520
regla_bon,20,La38,16,14.9666,0.1041
regla_bon,20,La38,32,14.9666,0.2062
regla_bon,20,La38,64,12.5418,0.4068
regla_bon,20,La38,128,11.0368,0.8005
regla_bon,20,La38,256,10.6187,1.5925
regla_bon,20,La38,512,8.8211,3.1942
regla_bon,20,La38,1024,8.8211,6.3332
regla_bon,20,La38,2048,8.4448,12.6983
regla_bon,20,La38,4096,9.3227,25.1696
regla_bon,20,La38,8192,7.3997,50.4735
regla_bon,20,La38,16384,7.8595,100.3681
regla_bon,20,La38,32768,7.8595,200.8251
regla_bon,20,La38,65536,7.0234,402.1275
regla_bon,20,La38,131072,7.0234,807.4704
regla_bon,20,La38,146105,7.0234,900.0035
ga,20,La40,1,90.9984,0.0235
ga,20,La40,2,90.9984,0.0235
ga,20,La40,4,90.9984,0.0235
ga,20,La40,8,90.9984,0.0235
ga,20,La40,16,79.0098,0.0245
ga,20,La40,32,72.8723,0.0265
ga,20,La40,64,60.0655,0.0295
ga,20,La40,128,60.0655,0.0345
ga,20,La40,256,60.0655,0.0465
ga,20,La40,512,58.0196,0.0815
ga,20,La40,1024,53.2324,0.1681
ga,20,La40,2048,48.1178,0.3381
ga,20,La40,4096,31.6285,0.6608
ga,20,La40,8192,26.4321,1.3152
ga,20,La40,16384,17.0622,2.7279
ga,20,La40,32768,7.2831,5.4935
ga,20,La40,65536,6.3830,10.8664
ga,20,La40,131072,6.3830,21.7463
ga,20,La40,262144,6.3830,43.5136
ga,20,La40,524288,7.3241,87.4155
ga,20,La40,1048576,4.5827,175.4548
ga,20,La40,2097152,4.5827,349.5350
ga,20,La40,4194304,4.5827,700.0530
ga,20,La40,5392762,4.5827,900.0004
ga,20,ABZ7,1,106.1738,0.0320
ga,20,ABZ7,2,80.1067,0.0320
ga,20,ABZ7,4,80.1067,0.0330
ga,20,ABZ7,8,80.1067,0.0330
ga,20,ABZ7,16,80.1067,0.0340
ga,20,ABZ7,32,74.1616,0.0360
ga,20,ABZ7,64,74.1616,0.0420
ga,20,ABZ7,128,69.6646,0.0520
ga,20,ABZ7,256,69.6646,0.0720
ga,20,ABZ7,512,62.9573,0.1330
ga,20,ABZ7,1024,62.6524,0.2466
ga,20,ABZ7,2048,51.2957,0.4594
ga,20,ABZ7,4096,46.2652,0.9081
ga,20,ABZ7,8192,33.5366,1.7996
ga,20,ABZ7,16384,21.4939,3.6490
ga,20,ABZ7,32768,17.1494,7.2636
ga,20,ABZ7,65536,13.8720,14.4057
ga,20,ABZ7,131072,12.8811,28.6783
ga,20,ABZ7,262144,11.3567,57.5070
ga,20,ABZ7,524288,10.8994,114.9722
ga,20,ABZ7,1048576,10.8994,230.3409
ga,20,ABZ7,2097152,10.8994,459.8621
ga,20,ABZ7,4096401,10.8994,900.0004
regla_bon,20,La40,1,13.2570,0.0070
regla_bon,20,La40,2,13.2570,0.0140
regla_bon,20,La40,4,13.2570,0.0270
regla_bon,20,La40,8,13.2570,0.0530
regla_bon,20,La40,16,13.2570,0.1020
regla_bon,20,La40,32,13.9935,0.1920
regla_bon,20,La40,64,11.4566,0.3709
regla_bon,20,La40,128,12.2340,0.7780
regla_bon,20,La40,256,11.1293,1.5875
regla_bon,20,La40,512,11.0884,3.1759
regla_bon,20,La40,1024,10.8429,6.3918
regla_bon,20,La40,2048,7.8151,12.6724
regla_bon,20,La40,4096,8.0196,25.4109
regla_bon,20,La40,8192,8.0196,50.7390
regla_bon,20,La40,16384,8.0196,101.0075
regla_bon,20,La40,32768,8.1015,201.9747
regla_bon,20,La40,65536,8.1015,402.7573
regla_bon,20,La40,131072,8.1015,806.5494
regla_bon,20,La40,146319,5.8920,900.0054
ga_sembrado,20,La40,1,13.2570,0.0270
ga_sembrado,20,La40,2,13.2570,0.0270
ga_sembrado,20,La40,4,13.2570,0.0270
ga_sembrado,20,La40,8,13.2570,0.0280
ga_sembrado,20,La40,16,13.2570,0.0290
ga_sembrado,20,La40,32,13.2570,0.0310
ga_sembrado,20,La40,64,13.2570,0.0350
ga_sembrado,20,La40,128,13.2570,0.0430
ga_sembrado,20,La40,256,13.2570,0.0590
ga_sembrado,20,La40,512,13.2570,0.1030
ga_sembrado,20,La40,1024,13.2570,0.1980
ga_sembrado,20,La40,2048,13.2570,0.3769
ga_sembrado,20,La40,4096,11.7840,0.7080
ga_sembrado,20,La40,8192,10.4746,1.3958
ga_sembrado,20,La40,16384,10.6383,2.8025
ga_sembrado,20,La40,32768,8.9198,5.5020
ga_sembrado,20,La40,65536,9.1653,11.0343
ga_sembrado,20,La40,131072,9.1653,21.7307
ga_sembrado,20,La40,262144,8.5925,43.5156
ga_sembrado,20,La40,524288,7.4877,87.6681
ga_sembrado,20,La40,1048576,7.6923,174.4790
ga_sembrado,20,La40,2097152,7.6923,347.6136
ga_sembrado,20,La40,4194304,7.6923,696.5554
ga_sembrado,20,La40,5421046,7.6923,900.0004
regla_bon,20,ABZ7,1,19.6646,0.0100
regla_bon,20,ABZ7,2,19.6646,0.0200
regla_bon,20,ABZ7,4,18.3689,0.0390
regla_bon,20,ABZ7,8,14.6341,0.0770
regla_bon,20,ABZ7,16,14.6341,0.1555
regla_bon,20,ABZ7,32,14.6341,0.3180
regla_bon,20,ABZ7,64,12.1951,0.6582
regla_bon,20,ABZ7,128,12.1951,1.3196
regla_bon,20,ABZ7,256,12.1951,2.7138
regla_bon,20,ABZ7,512,12.7287,5.3601
regla_bon,20,ABZ7,1024,12.7287,10.6203
regla_bon,20,ABZ7,2048,7.8506,21.0132
regla_bon,20,ABZ7,4096,7.8506,41.9011
regla_bon,20,ABZ7,8192,7.8506,84.2418
regla_bon,20,ABZ7,16384,7.8506,168.9557
regla_bon,20,ABZ7,32768,7.8506,336.6856
regla_bon,20,ABZ7,65536,7.8506,675.0014
regla_bon,20,ABZ7,87439,7.8506,900.0077
ga_sembrado,20,ABZ7,1,19.6646,0.0290
ga_sembrado,20,ABZ7,2,19.6646,0.0290
ga_sembrado,20,ABZ7,4,19.6646,0.0290
ga_sembrado,20,ABZ7,8,19.6646,0.0300
ga_sembrado,20,ABZ7,16,19.6646,0.0310
ga_sembrado,20,ABZ7,32,19.6646,0.0340
ga_sembrado,20,ABZ7,64,19.6646,0.0380
ga_sembrado,20,ABZ7,128,19.6646,0.0480
ga_sembrado,20,ABZ7,256,19.6646,0.0650
ga_sembrado,20,ABZ7,512,19.6646,0.1205
ga_sembrado,20,ABZ7,1024,19.6646,0.2340
ga_sembrado,20,ABZ7,2048,19.6646,0.4571
ga_sembrado,20,ABZ7,4096,17.1494,0.8913
ga_sembrado,20,ABZ7,8192,12.8811,1.8333
ga_sembrado,20,ABZ7,16384,12.5000,3.6027
ga_sembrado,20,ABZ7,32768,12.2713,7.2968
ga_sembrado,20,ABZ7,65536,11.5091,14.4055
ga_sembrado,20,ABZ7,131072,9.0701,28.9691
ga_sembrado,20,ABZ7,262144,7.5457,58.0907
ga_sembrado,20,ABZ7,524288,7.3171,115.7756
ga_sembrado,20,ABZ7,1048576,7.6982,231.6423
ga_sembrado,20,ABZ7,2097152,7.6982,461.8096
ga_sembrado,20,ABZ7,4085965,7.6982,900.0007
ga,20,ABZ8,1,117.8295,0.0285
ga,20,ABZ8,2,78.7597,0.0285
ga,20,ABZ8,4,78.7597,0.0295
ga,20,ABZ8,8,78.7597,0.0295
ga,20,ABZ8,16,78.7597,0.0305
ga,20,ABZ8,32,78.7597,0.0325
ga,20,ABZ8,64,78.7597,0.0365
ga,20,ABZ8,128,78.7597,0.0445
ga,20,ABZ8,256,78.7597,0.0615
ga,20,ABZ8,512,78.7597,0.1165
ga,20,ABZ8,1024,71.1628,0.2336
ga,20,ABZ8,2048,58.6047,0.4602
ga,20,ABZ8,4096,46.5116,0.8913
ga,20,ABZ8,8192,41.7054,1.7518
ga,20,ABZ8,16384,28.6822,3.5832
ga,20,ABZ8,32768,21.5504,7.3994
ga,20,ABZ8,65536,17.7519,14.5797
ga,20,ABZ8,131072,16.7442,28.8961
ga,20,ABZ8,262144,16.7442,57.2829
ga,20,ABZ8,524288,14.1085,114.1572
ga,20,ABZ8,1048576,13.3333,231.3735
ga,20,ABZ8,2097152,13.2558,465.4462
ga,20,ABZ8,4087299,13.1008,900.0005
regla_bon,20,ABZ8,1,24.7287,0.0120
regla_bon,20,ABZ8,2,24.7287,0.0240
regla_bon,20,ABZ8,4,24.7287,0.0461
regla_bon,20,ABZ8,8,24.7287,0.0891
regla_bon,20,ABZ8,16,23.5659,0.1636
regla_bon,20,ABZ8,32,23.6434,0.3292
regla_bon,20,ABZ8,64,23.6434,0.6482
regla_bon,20,ABZ8,128,20.8527,1.2967
regla_bon,20,ABZ8,256,19.9225,2.6303
regla_bon,20,ABZ8,512,19.9225,5.3658
regla_bon,20,ABZ8,1024,17.9070,10.8374
regla_bon,20,ABZ8,2048,17.9070,21.4220
regla_bon,20,ABZ8,4096,17.9070,42.6455
regla_bon,20,ABZ8,8192,17.9070,85.1141
regla_bon,20,ABZ8,16384,17.5194,170.6635
regla_bon,20,ABZ8,32768,17.5194,349.0212
regla_bon,20,ABZ8,65536,17.5194,691.0071
regla_bon,20,ABZ8,85552,17.3643,900.0005
ga,20,ABZ9,1,126.6263,0.0360
ga,20,ABZ9,2,92.5113,0.0365
ga,20,ABZ9,4,92.3601,0.0365
ga,20,ABZ9,8,91.6793,0.0371
ga,20,ABZ9,16,90.0908,0.0381
ga,20,ABZ9,32,86.9894,0.0401
ga,20,ABZ9,64,83.7368,0.0431
ga,20,ABZ9,128,72.0877,0.0511
ga,20,ABZ9,256,72.0877,0.0711
ga,20,ABZ9,512,66.4902,0.1301
ga,20,ABZ9,1024,68.0787,0.2412
ga,20,ABZ9,2048,60.0605,0.4602
ga,20,ABZ9,4096,49.6218,0.8814
ga,20,ABZ9,8192,43.5703,1.7384
ga,20,ABZ9,16384,29.8033,3.6024
ga,20,ABZ9,32768,22.6172,7.4644
ga,20,ABZ9,65536,17.7761,14.6397
ga,20,ABZ9,131072,17.5492,28.8989
ga,20,ABZ9,262144,15.1286,57.1819
ga,20,ABZ9,524288,14.5991,114.8302
ga,20,ABZ9,1048576,14.5991,233.2805
ga,20,ABZ9,2097152,14.5991,467.8015
ga,20,ABZ9,4066405,14.5991,900.0005
ga_sembrado,20,ABZ8,1,24.7287,0.0321
ga_sembrado,20,ABZ8,2,24.7287,0.0321
ga_sembrado,20,ABZ8,4,24.7287,0.0321
ga_sembrado,20,ABZ8,8,24.7287,0.0321
ga_sembrado,20,ABZ8,16,24.7287,0.0331
ga_sembrado,20,ABZ8,32,24.7287,0.0361
ga_sembrado,20,ABZ8,64,24.7287,0.0411
ga_sembrado,20,ABZ8,128,24.7287,0.0491
ga_sembrado,20,ABZ8,256,24.7287,0.0691
ga_sembrado,20,ABZ8,512,24.7287,0.1271
ga_sembrado,20,ABZ8,1024,24.7287,0.2472
ga_sembrado,20,ABZ8,2048,24.7287,0.4732
ga_sembrado,20,ABZ8,4096,23.1783,0.9044
ga_sembrado,20,ABZ8,8192,21.2403,1.7764
ga_sembrado,20,ABZ8,16384,20.9302,3.6089
ga_sembrado,20,ABZ8,32768,19.8450,7.3959
ga_sembrado,20,ABZ8,65536,18.1395,14.6347
ga_sembrado,20,ABZ8,131072,17.6744,29.0579
ga_sembrado,20,ABZ8,262144,17.3643,57.3999
ga_sembrado,20,ABZ8,524288,17.3643,114.9742
ga_sembrado,20,ABZ8,1048576,17.3643,233.1520
ga_sembrado,20,ABZ8,2097152,15.3488,468.3576
ga_sembrado,20,ABZ8,4067868,13.7984,900.0005
regla_bon,20,ABZ9,1,33.3585,0.0110
regla_bon,20,ABZ9,2,33.3585,0.0200
regla_bon,20,ABZ9,4,26.4750,0.0400
regla_bon,20,ABZ9,8,25.0378,0.0821
regla_bon,20,ABZ9,16,25.0378,0.1711
regla_bon,20,ABZ9,32,24.5083,0.3371
regla_bon,20,ABZ9,64,24.5083,0.6803
regla_bon,20,ABZ9,128,22.6929,1.3472
regla_bon,20,ABZ9,256,22.6929,2.7288
regla_bon,20,ABZ9,512,22.6929,5.4412
regla_bon,20,ABZ9,1024,22.6929,10.8554
regla_bon,20,ABZ9,2048,22.6929,21.4799
regla_bon,20,ABZ9,4096,22.6929,42.8747
regla_bon,20,ABZ9,8192,22.6929,85.2265
regla_bon,20,ABZ9,16384,21.4070,170.3733
regla_bon,20,ABZ9,32768,19.8941,347.5140
regla_bon,20,ABZ9,65536,20.2723,687.2621
regla_bon,20,ABZ9,86012,20.2723,900.0080
ga_sembrado,20,ABZ9,1,33.3585,0.0365
ga_sembrado,20,ABZ9,2,33.3585,0.0365
ga_sembrado,20,ABZ9,4,33.3585,0.0375
ga_sembrado,20,ABZ9,8,33.3585,0.0375
ga_sembrado,20,ABZ9,16,33.3585,0.0385
ga_sembrado,20,ABZ9,32,33.3585,0.0405
ga_sembrado,20,ABZ9,64,33.3585,0.0441
ga_sembrado,20,ABZ9,128,33.3585,0.0541
ga_sembrado,20,ABZ9,256,33.3585,0.0711
ga_sembrado,20,ABZ9,512,33.3585,0.1261
ga_sembrado,20,ABZ9,1024,33.3585,0.2356
ga_sembrado,20,ABZ9,2048,33.3585,0.4507
ga_sembrado,20,ABZ9,4096,29.3495,0.9155
ga_sembrado,20,ABZ9,8192,28.0635,1.8289
ga_sembrado,20,ABZ9,16384,26.9289,3.5980
ga_sembrado,20,ABZ9,32768,25.8699,7.3729
ga_sembrado,20,ABZ9,65536,21.5582,14.4416
ga_sembrado,20,ABZ9,131072,19.6672,28.7262
ga_sembrado,20,ABZ9,262144,17.8517,56.8518
ga_sembrado,20,ABZ9,524288,14.8260,113.6125
ga_sembrado,20,ABZ9,1048576,13.7670,231.0725
ga_sembrado,20,ABZ9,2097152,12.7837,465.0960
ga_sembrado,20,ABZ9,4088396,12.7837,900.0001
ga,21,FT10,1,96.4516,0.0120
ga,21,FT10,2,71.1828,0.0120
ga,21,FT10,4,61.2903,0.0120
ga,21,FT10,8,49.5699,0.0130
ga,21,FT10,16,49.5699,0.0130
ga,21,FT10,32,49.5699,0.0140
ga,21,FT10,64,49.5699,0.0160
ga,21,FT10,128,49.5699,0.0190
ga,21,FT10,256,49.5699,0.0250
ga,21,FT10,512,48.6022,0.0460
ga,21,FT10,1024,38.4946,0.0900
ga,21,FT10,2048,32.7957,0.1791
ga,21,FT10,4096,20.2151,0.3371
ga,21,FT10,8192,9.6774,0.6682
ga,21,FT10,16384,6.3441,1.3427
ga,21,FT10,32768,5.0000,2.8197
ga,21,FT10,65536,5.0000,5.4942
ga,21,FT10,131072,5.0000,10.9286
ga,21,FT10,262144,5.0000,21.5136
ga,21,FT10,524288,5.0000,43.0262
ga,21,FT10,1048576,5.0000,85.6918
ga,21,FT10,2097152,5.0000,172.4458
ga,21,FT10,4194304,5.0000,343.8545
ga,21,FT10,8388608,5.0000,689.7288
ga,21,FT10,10949239,5.0000,900.0005
regla_bon,21,FT10,1,20.3763,0.0020
regla_bon,21,FT10,2,18.4946,0.0050
regla_bon,21,FT10,4,18.4946,0.0090
regla_bon,21,FT10,8,12.2581,0.0160
regla_bon,21,FT10,16,7.2581,0.0300
regla_bon,21,FT10,32,7.2581,0.0660
regla_bon,21,FT10,64,7.2581,0.1261
regla_bon,21,FT10,128,7.7957,0.2531
regla_bon,21,FT10,256,6.7742,0.5143
regla_bon,21,FT10,512,6.7742,1.0625
regla_bon,21,FT10,1024,6.7742,2.2386
regla_bon,21,FT10,2048,6.7742,4.4189
regla_bon,21,FT10,4096,6.4516,8.7919
regla_bon,21,FT10,8192,6.4516,17.3304
regla_bon,21,FT10,16384,3.2258,34.5545
regla_bon,21,FT10,32768,3.2258,68.9356
regla_bon,21,FT10,65536,3.8172,138.0430
regla_bon,21,FT10,131072,3.8172,276.1757
regla_bon,21,FT10,262144,3.8172,554.3323
regla_bon,21,FT10,426269,3.8172,900.0018
ga_sembrado,21,FT10,1,20.3763,0.0090
ga_sembrado,21,FT10,2,20.3763,0.0090
ga_sembrado,21,FT10,4,20.3763,0.0090
ga_sembrado,21,FT10,8,20.3763,0.0090
ga_sembrado,21,FT10,16,20.3763,0.0090
ga_sembrado,21,FT10,32,20.3763,0.0100
ga_sembrado,21,FT10,64,20.3763,0.0110
ga_sembrado,21,FT10,128,20.3763,0.0140
ga_sembrado,21,FT10,256,20.3763,0.0210
ga_sembrado,21,FT10,512,20.3763,0.0390
ga_sembrado,21,FT10,1024,20.3763,0.0795
ga_sembrado,21,FT10,2048,20.3763,0.1681
ga_sembrado,21,FT10,4096,11.7204,0.3297
ga_sembrado,21,FT10,8192,8.4946,0.6453
ga_sembrado,21,FT10,16384,6.9355,1.3727
ga_sembrado,21,FT10,32768,4.0860,2.8862
ga_sembrado,21,FT10,65536,4.0860,5.5770
ga_sembrado,21,FT10,131072,4.0860,10.9776
ga_sembrado,21,FT10,262144,4.0860,21.7505
ga_sembrado,21,FT10,524288,4.0860,43.2074
ga_sembrado,21,FT10,1048576,4.0860,86.2659
ga_sembrado,21,FT10,2097152,4.0860,172.9376
ga_sembrado,21,FT10,4194304,4.0860,345.2057
ga_sembrado,21,FT10,8388608,4.0860,693.3423
ga_sembrado,21,FT10,10887534,4.0860,900.0008
ga,21,FT20,1,88.5837,0.0120
ga,21,FT20,2,88.5837,0.0120
ga,21,FT20,4,65.2790,0.0130
ga,21,FT20,8,55.7940,0.0130
ga,21,FT20,16,55.7940,0.0130
ga,21,FT20,32,55.7940,0.0140
ga,21,FT20,64,49.0987,0.0160
ga,21,FT20,128,49.0987,0.0190
ga,21,FT20,256,47.5107,0.0260
ga,21,FT20,512,47.8970,0.0480
ga,21,FT20,1024,41.8026,0.0930
ga,21,FT20,2048,27.4678,0.1731
ga,21,FT20,4096,23.8627,0.3372
ga,21,FT20,8192,13.9485,0.6593
ga,21,FT20,16384,6.3519,1.3567
ga,21,FT20,32768,3.2618,2.8402
ga,21,FT20,65536,2.1459,5.5739
ga,21,FT20,131072,2.1459,11.0542
ga,21,FT20,262144,2.1459,21.8390
ga,21,FT20,524288,2.1459,43.3597
ga,21,FT20,1048576,2.1459,86.8975
ga,21,FT20,2097152,2.1459,174.3483
ga,21,FT20,4194304,2.1459,348.0500
ga,21,FT20,8388608,2.1459,696.8850
ga,21,FT20,10833562,2.1459,900.0008
ga_sembrado,21,FT20,1,13.2189,0.0105
ga_sembrado,21,FT20,2,13.2189,0.0105
ga_sembrado,21,FT20,4,13.2189,0.0105
ga_sembrado,21,FT20,8,13.2189,0.0115
ga_sembrado,21,FT20,16,13.2189,0.0115
ga_sembrado,21,FT20,32,13.2189,0.0125
ga_sembrado,21,FT20,64,13.2189,0.0135
ga_sembrado,21,FT20,128,13.2189,0.0155
ga_sembrado,21,FT20,256,13.2189,0.0215
ga_sembrado,21,FT20,512,13.2189,0.0395
ga_sembrado,21,FT20,1024,13.2189,0.0820
ga_sembrado,21,FT20,2048,13.2189,0.1596
ga_sembrado,21,FT20,4096,13.2189,0.3416
ga_sembrado,21,FT20,8192,12.7897,0.7009
ga_sembrado,21,FT20,16384,10.4721,1.3601
ga_sembrado,21,FT20,32768,8.2403,2.8663
ga_sembrado,21,FT20,65536,7.1245,5.5719
ga_sembrado,21,FT20,131072,7.1245,11.0594
ga_sembrado,21,FT20,262144,7.1245,21.8830
ga_sembrado,21,FT20,524288,1.6309,43.7711
ga_sembrado,21,FT20,1048576,1.6309,87.4444
ga_sembrado,21,FT20,2097152,1.6309,174.8108
ga_sembrado,21,FT20,4194304,1.6309,348.5965
ga_sembrado,21,FT20,8388608,1.6309,698.6139
ga_sembrado,21,FT20,10811240,1.6309,900.0004
regla_bon,21,FT20,1,13.2189,0.0020
regla_bon,21,FT20,2,13.2189,0.0040
regla_bon,21,FT20,4,13.2189,0.0090
regla_bon,21,FT20,8,13.2189,0.0175
regla_bon,21,FT20,16,13.2189,0.0375
regla_bon,21,FT20,32,11.8026,0.0880
regla_bon,21,FT20,64,9.7854,0.1936
regla_bon,21,FT20,128,8.6695,0.4013
regla_bon,21,FT20,256,8.6695,0.8069
regla_bon,21,FT20,512,8.6695,1.6358
regla_bon,21,FT20,1024,8.6695,3.2755
regla_bon,21,FT20,2048,8.6695,6.3882
regla_bon,21,FT20,4096,6.8670,12.6070
regla_bon,21,FT20,8192,6.8670,25.1989
regla_bon,21,FT20,16384,6.8670,50.1100
regla_bon,21,FT20,32768,6.3948,99.4712
regla_bon,21,FT20,65536,6.4807,199.4616
regla_bon,21,FT20,131072,5.1502,399.3070
regla_bon,21,FT20,262144,5.1502,800.5955
regla_bon,21,FT20,294702,5.1502,900.0014
ga,21,La21,1,88.7189,0.0130
ga,21,La21,2,88.7189,0.0130
ga,21,La21,4,62.0459,0.0130
ga,21,La21,8,62.0459,0.0130
ga,21,La21,16,62.0459,0.0140
ga,21,La21,32,62.0459,0.0150
ga,21,La21,64,56.1185,0.0170
ga,21,La21,128,47.6099,0.0220
ga,21,La21,256,47.6099,0.0310
ga,21,La21,512,47.6099,0.0600
ga,21,La21,1024,45.4589,0.1191
ga,21,La21,2048,37.8107,0.2451
ga,21,La21,4096,31.9312,0.4844
ga,21,La21,8192,22.9446,0.9512
ga,21,La21,16384,10.5641,1.8906
ga,21,La21,32768,6.2620,3.8716
ga,21,La21,65536,6.8834,7.6243
ga,21,La21,131072,6.6444,15.1695
ga,21,La21,262144,6.4054,30.3580
ga,21,La21,524288,6.4054,60.3330
ga,21,La21,1048576,6.4054,120.8930
ga,21,La21,2097152,6.4054,242.2875
ga,21,La21,4194304,6.4054,486.5562
ga,21,La21,7762529,6.4054,900.0002
regla_bon,21,La21,1,15.0096,0.0050
regla_bon,21,La21,2,15.0096,0.0100
regla_bon,21,La21,4,15.0096,0.0180
regla_bon,21,La21,8,13.9579,0.0360
regla_bon,21,La21,16,12.3805,0.0686
regla_bon,21,La21,32,12.3805,0.1296
regla_bon,21,La21,64,11.4723,0.2663
regla_bon,21,La21,128,11.4723,0.5248
regla_bon,21,La21,256,11.0899,1.0551
regla_bon,21,La21,512,9.8470,2.1766
regla_bon,21,La21,1024,10.1816,4.2908
regla_bon,21,La21,2048,10.1816,8.5670
regla_bon,21,La21,4096,8.3652,16.8853
regla_bon,21,La21,8192,8.3652,33.6751
regla_bon,21,La21,16384,9.1778,66.7335
regla_bon,21,La21,32768,8.0306,133.8439
regla_bon,21,La21,65536,8.5086,266.9244
regla_bon,21,La21,131072,8.5086,536.0131
regla_bon,21,La21,220328,7.0746,900.0006
ga_sembrado,21,La21,1,15.0096,0.0160
ga_sembrado,21,La21,2,15.0096,0.0160
ga_sembrado,21,La21,4,15.0096,0.0160
ga_sembrado,21,La21,8,15.0096,0.0160
ga_sembrado,21,La21,16,15.0096,0.0170
ga_sembrado,21,La21,32,15.0096,0.0190
ga_sembrado,21,La21,64,15.0096,0.0220
ga_sembrado,21,La21,128,15.0096,0.0250
ga_sembrado,21,La21,256,15.0096,0.0350
ga_sembrado,21,La21,512,15.0096,0.0676
ga_sembrado,21,La21,1024,15.0096,0.1276
ga_sembrado,21,La21,2048,15.0096,0.2482
ga_sembrado,21,La21,4096,15.0096,0.4863
ga_sembrado,21,La21,8192,13.2887,0.9490
ga_sembrado,21,La21,16384,12.3805,1.9074
ga_sembrado,21,La21,32768,10.1816,3.9268
ga_sembrado,21,La21,65536,10.1816,7.8431
ga_sembrado,21,La21,131072,9.5124,15.3768
ga_sembrado,21,La21,262144,7.8872,30.6604
ga_sembrado,21,La21,524288,7.8872,60.7835
ga_sembrado,21,La21,1048576,7.8872,122.0042
ga_sembrado,21,La21,2097152,7.4570,244.2748
ga_sembrado,21,La21,4194304,4.2543,491.0903
ga_sembrado,21,La21,7702252,4.2543,900.0006
ga,21,La24,1,114.1176,0.0180
ga,21,La24,2,114.8663,0.0180
ga,21,La24,4,85.5615,0.0190
ga,21,La24,8,69.1444,0.0190
ga,21,La24,16,70.1604,0.0200
ga,21,La24,32,57.4332,0.0210
ga,21,La24,64,57.4332,0.0240
ga,21,La24,128,57.4332,0.0290
ga,21,La24,256,53.6898,0.0400
ga,21,La24,512,53.6898,0.0696
ga,21,La24,1024,41.2834,0.1296
ga,21,La24,2048,40.3209,0.2492
ga,21,La24,4096,30.4278,0.4783
ga,21,La24,8192,25.3476,0.9130
ga,21,La24,16384,17.9144,1.8984
ga,21,La24,32768,10.9091,3.8342
ga,21,La24,65536,10.9091,7.7051
ga,21,La24,131072,10.7487,15.2758
ga,21,La24,262144,10.7487,30.7185
ga,21,La24,524288,10.7487,61.0526
ga,21,La24,1048576,9.6791,122.2009
ga,21,La24,2097152,7.5936,243.8827
ga,21,La24,4194304,7.5936,489.7247
ga,21,La24,7719303,7.5936,900.0006
regla_bon,21,La24,1,10.1070,0.0030
regla_bon,21,La24,2,10.1070,0.0070
regla_bon,21,La24,4,10.1070,0.0150
regla_bon,21,La24,8,10.1070,0.0330
regla_bon,21,La24,16,9.3048,0.0680
regla_bon,21,La24,32,9.1979,0.1310
regla_bon,21,La24,64,7.8075,0.2446
regla_bon,21,La24,128,7.8075,0.5118
regla_bon,21,La24,256,7.8075,1.0339
regla_bon,21,La24,512,7.8075,2.1364
regla_bon,21,La24,1024,6.7914,4.1436
regla_bon,21,La24,2048,6.7914,8.2987
regla_bon,21,La24,4096,6.7914,16.5260
regla_bon,21,La24,8192,6.1497,32.9465
regla_bon,21,La24,16384,6.3102,65.6155
regla_bon,21,La24,32768,5.4545,131.3235
regla_bon,21,La24,65536,5.4545,263.3119
regla_bon,21,La24,131072,5.4545,529.6723
regla_bon,21,La24,222856,4.8128,900.0029
ga_sembrado,21,La24,1,10.1070,0.0150
ga_sembrado,21,La24,2,10.1070,0.0150
ga_sembrado,21,La24,4,10.1070,0.0150
ga_sembrado,21,La24,8,10.1070,0.0160
ga_sembrado,21,La24,16,10.1070,0.0160
ga_sembrado,21,La24,32,10.1070,0.0170
ga_sembrado,21,La24,64,10.1070,0.0190
ga_sembrado,21,La24,128,10.1070,0.0230
ga_sembrado,21,La24,256,10.1070,0.0310
ga_sembrado,21,La24,512,10.1070,0.0580
ga_sembrado,21,La24,1024,10.1070,0.1210
ga_sembrado,21,La24,2048,10.1070,0.2476
ga_sembrado,21,La24,4096,10.1070,0.4998
ga_sembrado,21,La24,8192,9.8396,0.9769
ga_sembrado,21,La24,16384,8.1818,2.0024
ga_sembrado,21,La24,32768,7.3262,3.9295
ga_sembrado,21,La24,65536,6.9519,7.8850
ga_sembrado,21,La24,131072,6.4171,15.3810
ga_sembrado,21,La24,262144,6.0428,30.6003
ga_sembrado,21,La24,524288,6.0428,60.9935
ga_sembrado,21,La24,1048576,6.0428,122.2995
ga_sembrado,21,La24,2097152,6.0428,244.2542
ga_sembrado,21,La24,4194304,6.0428,489.8025
ga_sembrado,21,La24,7720048,6.0428,900.0009
ga,21,La25,1,78.7615,0.0160
ga,21,La25,2,78.7615,0.0160
ga,21,La25,4,78.7615,0.0170
ga,21,La25,8,78.7615,0.0170
ga,21,La25,16,78.7103,0.0170
ga,21,La25,32,61.0031,0.0190
ga,21,La25,64,61.0031,0.0210
ga,21,La25,128,51.8424,0.0260
ga,21,La25,256,51.8424,0.0370
ga,21,La25,512,51.8424,0.0660
ga,21,La25,1024,40.9928,0.1315
ga,21,La25,2048,38.2805,0.2625
ga,21,La25,4096,32.0368,0.5083
ga,21,La25,8192,21.0850,0.9795
ga,21,La25,16384,12.4872,1.9518
ga,21,La25,32768,10.2354,3.9629
ga,21,La25,65536,10.1331,7.7273
ga,21,La25,131072,10.1331,15.5083
ga,21,La25,262144,6.7554,30.5918
ga,21,La25,524288,5.6807,61.1569
ga,21,La25,1048576,5.6807,121.9408
ga,21,La25,2097152,5.6807,245.4226
ga,21,La25,4194304,5.6295,489.8278
ga,21,La25,7709946,5.4759,900.0007
regla_bon,21,La25,1,11.8219,0.0050
regla_bon,21,La25,2,11.3613,0.0090
regla_bon,21,La25,4,11.3613,0.0180
regla_bon,21,La25,8,9.1095,0.0330
regla_bon,21,La25,16,9.1095,0.0635
regla_bon,21,La25,32,9.1095,0.1210
regla_bon,21,La25,64,9.1095,0.2351
regla_bon,21,La25,128,8.5977,0.4896
regla_bon,21,La25,256,8.5977,0.9983
regla_bon,21,La25,512,8.3930,2.0488
regla_bon,21,La25,1024,6.2436,4.1315
regla_bon,21,La25,2048,6.2436,8.3614
regla_bon,21,La25,4096,6.2436,16.5758
regla_bon,21,La25,8192,6.1924,33.1751
regla_bon,21,La25,16384,5.4248,66.3525
regla_bon,21,La25,32768,5.4248,132.4107
regla_bon,21,La25,65536,5.4248,266.0181
regla_bon,21,La25,131072,3.5312,530.6240
regla_bon,21,La25,222340,3.5312,900.0017
ga_sembrado,21,La25,1,11.8219,0.0180
ga_sembrado,21,La25,2,11.8219,0.0180
ga_sembrado,21,La25,4,11.8219,0.0180
ga_sembrado,21,La25,8,11.8219,0.0180
ga_sembrado,21,La25,16,11.8219,0.0190
ga_sembrado,21,La25,32,11.8219,0.0200
ga_sembrado,21,La25,64,11.8219,0.0220
ga_sembrado,21,La25,128,11.8219,0.0260
ga_sembrado,21,La25,256,11.8219,0.0340
ga_sembrado,21,La25,512,11.8219,0.0635
ga_sembrado,21,La25,1024,11.8219,0.1230
ga_sembrado,21,La25,2048,11.8219,0.2476
ga_sembrado,21,La25,4096,11.8219,0.4926
ga_sembrado,21,La25,8192,11.3101,0.9573
ga_sembrado,21,La25,16384,9.9795,1.9333
ga_sembrado,21,La25,32768,9.7748,3.8663
ga_sembrado,21,La25,65536,9.7748,7.8246
ga_sembrado,21,La25,131072,9.7748,15.5567
ga_sembrado,21,La25,262144,9.7748,30.8560
ga_sembrado,21,La25,524288,8.7513,61.5078
ga_sembrado,21,La25,1048576,8.7513,122.3097
ga_sembrado,21,La25,2097152,8.7513,245.6893
ga_sembrado,21,La25,4194304,8.7513,490.4573
ga_sembrado,21,La25,7696295,8.7513,900.0007
ga,21,La27,1,110.2429,0.0250
ga,21,La27,2,86.3158,0.0250
ga,21,La27,4,78.0567,0.0250
ga,21,La27,8,67.6113,0.0260
ga,21,La27,16,58.0567,0.0260
ga,21,La27,32,58.0567,0.0280
ga,21,La27,64,58.0567,0.0310
ga,21,La27,128,58.0567,0.0385
ga,21,La27,256,51.2955,0.0525
ga,21,La27,512,51.2955,0.0875
ga,21,La27,1024,53.3603,0.1511
ga,21,La27,2048,44.0486,0.3076
ga,21,La27,4096,38.5830,0.6397
ga,21,La27,8192,31.2146,1.2714
ga,21,La27,16384,17.2874,2.5601
ga,21,La27,32768,10.7692,5.0114
ga,21,La27,65536,6.7206,10.1496
ga,21,La27,131072,5.9919,19.7353
ga,21,La27,262144,4.6559,39.1232
ga,21,La27,524288,5.0607,78.4748
ga,21,La27,1048576,3.7652,158.0335
ga,21,La27,2097152,3.7652,314.9175
ga,21,La27,4194304,3.7652,629.7811
ga,21,La27,5992925,3.7652,900.0007
ga_sembrado,21,La27,1,24.9798,0.0220
ga_sembrado,21,La27,2,24.9798,0.0230
ga_sembrado,21,La27,4,24.9798,0.0230
ga_sembrado,21,La27,8,24.9798,0.0230
ga_sembrado,21,La27,16,24.9798,0.0240
ga_sembrado,21,La27,32,24.9798,0.0260
ga_sembrado,21,La27,64,24.9798,0.0290
ga_sembrado,21,La27,128,24.9798,0.0340
ga_sembrado,21,La27,256,24.9798,0.0480
ga_sembrado,21,La27,512,24.9798,0.0880
ga_sembrado,21,La27,1024,21.8219,0.1610
ga_sembrado,21,La27,2048,21.8219,0.3141
ga_sembrado,21,La27,4096,21.8219,0.6197
ga_sembrado,21,La27,8192,18.5425,1.2399
ga_sembrado,21,La27,16384,16.8421,2.5036
ga_sembrado,21,La27,32768,16.0729,4.9689
ga_sembrado,21,La27,65536,11.9838,10.1051
ga_sembrado,21,La27,131072,9.6356,20.0108
ga_sembrado,21,La27,262144,8.8664,39.5333
ga_sembrado,21,La27,524288,6.7206,78.9649
ga_sembrado,21,La27,1048576,6.0324,159.0843
ga_sembrado,21,La27,2097152,4.0486,316.4305
ga_sembrado,21,La27,4194304,4.0486,631.8089
ga_sembrado,21,La27,5972260,4.0486,900.0007
regla_bon,21,La27,1,24.9798,0.0080
regla_bon,21,La27,2,19.1093,0.0140
regla_bon,21,La27,4,19.1093,0.0251
regla_bon,21,La27,8,18.8259,0.0501
regla_bon,21,La27,16,11.4980,0.1051
regla_bon,21,La27,32,11.4980,0.2121
regla_bon,21,La27,64,11.4980,0.4347
regla_bon,21,La27,128,11.4980,0.8868
regla_bon,21,La27,256,10.3644,1.7783
regla_bon,21,La27,512,10.3644,3.5207
regla_bon,21,La27,1024,10.3644,6.9849
regla_bon,21,La27,2048,10.3644,14.1361
regla_bon,21,La27,4096,10.1619,28.0397
regla_bon,21,La27,8192,9.0283,55.8590
regla_bon,21,La27,16384,6.3968,111.0576
regla_bon,21,La27,32768,6.3968,223.1727
regla_bon,21,La27,65536,6.3968,444.7716
regla_bon,21,La27,131072,6.3968,889.1626
regla_bon,21,La27,132699,6.3968,900.0048
ga,21,La29,1,118.2726,0.0160
ga,21,La29,2,79.9913,0.0160
ga,21,La29,4,79.9913,0.0160
ga,21,La29,8,79.9913,0.0170
ga,21,La29,16,79.9913,0.0180
ga,21,La29,32,79.9913,0.0200
ga,21,La29,64,66.5799,0.0230
ga,21,La29,128,66.5799,0.0300
ga,21,La29,256,58.6806,0.0450
ga,21,La29,512,53.3854,0.0750
ga,21,La29,1024,53.3854,0.1525
ga,21,La29,2048,46.7014,0.2981
ga,21,La29,4096,38.8455,0.6088
ga,21,La29,8192,32.8125,1.2291
ga,21,La29,16384,20.7899,2.5051
ga,21,La29,32768,16.2326,4.9522
ga,21,La29,65536,14.6267,9.8885
ga,21,La29,131072,14.4097,19.7337
ga,21,La29,262144,13.7153,39.4193
ga,21,La29,524288,13.7153,78.5060
ga,21,La29,1048576,13.3681,157.2058
ga,21,La29,2097152,9.9392,318.5889
ga,21,La29,4194304,9.9392,634.3920
ga,21,La29,5956980,9.8090,900.0008
ga,21,La38,1,125.2508,0.0210
ga,21,La38,2,105.6020,0.0210
ga,21,La38,4,98.5786,0.0210
ga,21,La38,8,81.2709,0.0210
ga,21,La38,16,76.0033,0.0220
ga,21,La38,32,72.4080,0.0240
ga,21,La38,64,72.4080,0.0270
ga,21,La38,128,58.6957,0.0330
ga,21,La38,256,58.6957,0.0470
ga,21,La38,512,58.6957,0.0875
ga,21,La38,1024,51.2542,0.1710
ga,21,La38,2048,43.3110,0.3356
ga,21,La38,4096,40.8863,0.6663
ga,21,La38,8192,30.2676,1.3450
ga,21,La38,16384,16.9314,2.7536
ga,21,La38,32768,13.0853,5.4295
ga,21,La38,65536,10.0753,10.8653
ga,21,La38,131072,5.7692,21.8009
ga,21,La38,262144,5.8946,43.2023
ga,21,La38,524288,5.8946,86.5641
ga,21,La38,1048576,5.8946,173.8522
ga,21,La38,2097152,5.8946,350.8784
ga,21,La38,4194304,5.8946,701.4163
ga,21,La38,5390562,5.8946,900.0009
regla_bon,21,La29,1,13.4115,0.0080
regla_bon,21,La29,2,13.4115,0.0150
regla_bon,21,La29,4,13.4115,0.0310
regla_bon,21,La29,8,13.4115,0.0585
regla_bon,21,La29,16,13.8455,0.1055
regla_bon,21,La29,32,12.0660,0.2090
regla_bon,21,La29,64,12.0660,0.4157
regla_bon,21,La29,128,12.0660,0.8183
regla_bon,21,La29,256,12.0660,1.6752
regla_bon,21,La29,512,12.0660,3.4099
regla_bon,21,La29,1024,12.0660,6.8711
regla_bon,21,La29,2048,12.0660,13.7794
regla_bon,21,La29,4096,11.3281,27.5356
regla_bon,21,La29,8192,11.3281,54.9480
regla_bon,21,La29,16384,11.1979,110.0532
regla_bon,21,La29,32768,9.8958,220.5296
regla_bon,21,La29,65536,10.0694,444.5714
regla_bon,21,La29,131072,10.0694,887.6147
regla_bon,21,La29,132924,10.0694,900.0049
ga_sembrado,21,La29,1,13.4115,0.0240
ga_sembrado,21,La29,2,13.4115,0.0250
ga_sembrado,21,La29,4,13.4115,0.0250
ga_sembrado,21,La29,8,13.4115,0.0250
ga_sembrado,21,La29,16,13.4115,0.0260
ga_sembrado,21,La29,32,13.4115,0.0280
ga_sembrado,21,La29,64,13.4115,0.0310
ga_sembrado,21,La29,128,13.4115,0.0380
ga_sembrado,21,La29,256,13.4115,0.0500
ga_sembrado,21,La29,512,13.4115,0.0895
ga_sembrado,21,La29,1024,13.4115,0.1700
ga_sembrado,21,La29,2048,13.4115,0.3316
ga_sembrado,21,La29,4096,13.4115,0.6372
ga_sembrado,21,La29,8192,11.4583,1.2379
ga_sembrado,21,La29,16384,10.8507,2.4705
ga_sembrado,21,La29,32768,9.5486,4.9458
ga_sembrado,21,La29,65536,9.2882,9.8844
ga_sembrado,21,La29,131072,8.4201,19.7297
ga_sembrado,21,La29,262144,7.9861,39.2943
ga_sembrado,21,La29,524288,6.9010,78.1403
ga_sembrado,21,La29,1048576,6.9010,156.6545
ga_sembrado,21,La29,2097152,6.9010,316.8014
ga_sembrado,21,La29,4194304,6.9010,632.5107
ga_sembrado,21,La29,5976051,6.9010,900.0009
regla_bon,21,La38,1,14.9666,0.0060
regla_bon,21,La38,2,14.9666,0.0120
regla_bon,21,La38,4,14.9666,0.0250
regla_bon,21,La38,8,14.9666,0.0510
regla_bon,21,La38,16,14.9666,0.1030
regla_bon,21,La38,32,11.3712,0.2066
regla_bon,21,La38,64,11.3712,0.4036
regla_bon,21,La38,128,11.3712,0.7957
regla_bon,21,La38,256,8.6538,1.6307
regla_bon,21,La38,512,9.8244,3.2083
regla_bon,21,La38,1024,9.8244,6.3798
regla_bon,21,La38,2048,9.8244,12.7975
regla_bon,21,La38,4096,9.8244,25.4941
regla_bon,21,La38,8192,9.8244,50.5268
regla_bon,21,La38,16384,8.2776,100.7005
regla_bon,21,La38,32768,9.1973,201.5730
regla_bon,21,La38,65536,7.7759,406.8397
regla_bon,21,La38,131072,7.7759,813.2590
regla_bon,21,La38,145147,7.7759,900.0034
ga_sembrado,21,La38,1,14.9666,0.0200
ga_sembrado,21,La38,2,14.9666,0.0200
ga_sembrado,21,La38,4,14.9666,0.0200
ga_sembrado,21,La38,8,14.9666,0.0210
ga_sembrado,21,La38,16,14.9666,0.0210
ga_sembrado,21,La38,32,14.9666,0.0230
ga_sembrado,21,La38,64,14.9666,0.0250
ga_sembrado,21,La38,128,14.9666,0.0330
ga_sembrado,21,La38,256,14.9666,0.0480
ga_sembrado,21,La38,512,14.9666,0.0950
ga_sembrado,21,La38,1024,14.9666,0.1896
ga_sembrado,21,La38,2048,14.9666,0.3496
ga_sembrado,21,La38,4096,13.2107,0.6797
ga_sembrado,21,La38,8192,10.5769,1.3710
ga_sembrado,21,La38,16384,7.9431,2.8051
ga_sembrado,21,La38,32768,6.8562,5.4895
ga_sembrado,21,La38,65536,6.0619,10.8934
ga_sembrado,21,La38,131072,6.0619,21.6098
ga_sembrado,21,La38,262144,6.0619,43.2568
ga_sembrado,21,La38,524288,6.0619,86.4826
ga_sembrado,21,La38,1048576,6.6472,172.9202
ga_sembrado,21,La38,2097152,6.6472,349.5843
ga_sembrado,21,La38,4194304,5.7692,699.4945
ga_sembrado,21,La38,5405544,5.7692,900.0004
ga,21,La40,1,119.4763,0.0240
ga,21,La40,2,84.6154,0.0240
ga,21,La40,4,84.6154,0.0240
ga,21,La40,8,78.6416,0.0250
ga,21,La40,16,66.6939,0.0260
ga,21,La40,32,66.6939,0.0270
ga,21,La40,64,66.6939,0.0300
ga,21,La40,128,66.6939,0.0360
ga,21,La40,256,64.4845,0.0500
ga,21,La40,512,53.4370,0.0905
ga,21,La40,1024,45.9083,0.1851
ga,21,La40,2048,36.4157,0.3652
ga,21,La40,4096,31.3421,0.7241
ga,21,La40,8192,24.5908,1.4853
ga,21,La40,16384,18.8216,2.9782
ga,21,La40,32768,11.2930,5.7866
ga,21,La40,65536,8.7971,11.2297
ga,21,La40,131072,7.2422,22.1412
ga,21,La40,262144,6.8331,44.1300
ga,21,La40,524288,6.8331,87.9172
ga,21,La40,1048576,6.5466,175.1478
ga,21,La40,2097152,6.5466,350.8974
ga,21,La40,4194304,6.5466,700.8738
ga,21,La40,5388796,6.5466,900.0003
regla_bon,21,La40,1,13.2570,0.0070
regla_bon,21,La40,2,13.2570,0.0120
regla_bon,21,La40,4,13.2570,0.0220
regla_bon,21,La40,8,13.2570,0.0465
regla_bon,21,La40,16,11.2930,0.0935
regla_bon,21,La40,32,11.2930,0.1901
regla_bon,21,La40,64,11.2930,0.3792
regla_bon,21,La40,128,11.2930,0.8133
regla_bon,21,La40,256,11.7840,1.7377
regla_bon,21,La40,512,11.7840,3.2825
regla_bon,21,La40,1024,11.7840,6.4765
regla_bon,21,La40,2048,10.0655,12.7245
regla_bon,21,La40,4096,8.6334,25.3169
regla_bon,21,La40,8192,8.6334,50.3198
regla_bon,21,La40,16384,8.6334,99.9498
regla_bon,21,La40,32768,7.4877,199.5641
regla_bon,21,La40,65536,7.4877,400.7724
regla_bon,21,La40,131072,6.8740,800.2716
regla_bon,21,La40,147422,6.8740,900.0006
ga,21,ABZ7,1,93.7500,0.0370
ga,21,ABZ7,2,93.7500,0.0370
ga,21,ABZ7,4,86.4329,0.0380
ga,21,ABZ7,8,83.0793,0.0380
ga,21,ABZ7,16,83.0793,0.0390
ga,21,ABZ7,32,83.2317,0.0420
ga,21,ABZ7,64,79.2683,0.0475
ga,21,ABZ7,128,73.4756,0.0565
ga,21,ABZ7,256,73.4756,0.0785
ga,21,ABZ7,512,65.0152,0.1325
ga,21,ABZ7,1024,59.2226,0.2356
ga,21,ABZ7,2048,55.7927,0.4512
ga,21,ABZ7,4096,43.8262,0.9683
ga,21,ABZ7,8192,37.1951,1.9885
ga,21,ABZ7,16384,24.6189,3.7240
ga,21,ABZ7,32768,17.9878,7.3765
ga,21,ABZ7,65536,15.5488,14.4578
ga,21,ABZ7,131072,12.3476,29.0283
ga,21,ABZ7,262144,12.3476,57.4909
ga,21,ABZ7,524288,12.3476,114.2011
ga,21,ABZ7,1048576,11.5854,228.5611
ga,21,ABZ7,2097152,11.2805,458.4544
ga,21,ABZ7,4117894,9.7561,900.0006
ga_sembrado,21,La40,1,13.2570,0.0245
ga_sembrado,21,La40,2,13.2570,0.0245
ga_sembrado,21,La40,4,13.2570,0.0255
ga_sembrado,21,La40,8,13.2570,0.0255
ga_sembrado,21,La40,16,13.2570,0.0265
ga_sembrado,21,La40,32,13.2570,0.0281
ga_sembrado,21,La40,64,13.2570,0.0320
ga_sembrado,21,La40,128,13.2570,0.0390
ga_sembrado,21,La40,256,13.2570,0.0545
ga_sembrado,21,La40,512,13.2570,0.0885
ga_sembrado,21,La40,1024,13.2570,0.1691
ga_sembrado,21,La40,2048,13.2570,0.3231
ga_sembrado,21,La40,4096,11.0065,0.6803
ga_sembrado,21,La40,8192,11.0065,1.5016
ga_sembrado,21,La40,16384,11.0065,2.9394
ga_sembrado,21,La40,32768,9.9018,5.7343
ga_sembrado,21,La40,65536,9.5336,11.1329
ga_sembrado,21,La40,131072,7.5696,22.1109
ga_sembrado,21,La40,262144,6.0966,43.8146
ga_sembrado,21,La40,524288,6.0966,87.2645
ga_sembrado,21,La40,1048576,6.0147,174.7419
ga_sembrado,21,La40,2097152,6.0147,350.3994
ga_sembrado,21,La40,4194304,6.0147,699.0313
ga_sembrado,21,La40,5403579,5.7283,900.0006
regla_bon,21,ABZ7,1,19.6646,0.0100
regla_bon,21,ABZ7,2,18.2927,0.0185
regla_bon,21,ABZ7,4,16.7683,0.0380
regla_bon,21,ABZ7,8,15.8537,0.0801
regla_bon,21,ABZ7,16,15.8537,0.1571
regla_bon,21,ABZ7,32,15.4726,0.3172
regla_bon,21,ABZ7,64,14.5579,0.7022
regla_bon,21,ABZ7,128,14.5579,1.4861
regla_bon,21,ABZ7,256,14.7104,2.7984
regla_bon,21,ABZ7,512,12.8811,5.5411
regla_bon,21,ABZ7,1024,12.9573,10.9097
regla_bon,21,ABZ7,2048,10.7470,21.5697
regla_bon,21,ABZ7,4096,10.7470,43.1658
regla_bon,21,ABZ7,8192,9.7561,85.3648
regla_bon,21,ABZ7,16384,9.7561,170.6245
regla_bon,21,ABZ7,32768,9.7561,341.9985
regla_bon,21,ABZ7,65536,9.4512,684.1355
regla_bon,21,ABZ7,86235,9.4512,900.0047
ga_sembrado,21,ABZ7,1,19.6646,0.0360
ga_sembrado,21,ABZ7,2,19.6646,0.0360
ga_sembrado,21,ABZ7,4,19.6646,0.0370
ga_sembrado,21,ABZ7,8,19.6646,0.0380
ga_sembrado,21,ABZ7,16,19.6646,0.0390
ga_sembrado,21,ABZ7,32,19.6646,0.0410
ga_sembrado,21,ABZ7,64,19.6646,0.0470
ga_sembrado,21,ABZ7,128,19.6646,0.0571
ga_sembrado,21,ABZ7,256,19.6646,0.0781
ga_sembrado,21,ABZ7,512,19.6646,0.1361
ga_sembrado,21,ABZ7,1024,19.6646,0.2542
ga_sembrado,21,ABZ7,2048,19.6646,0.5417
ga_sembrado,21,ABZ7,4096,18.5213,1.0514
ga_sembrado,21,ABZ7,8192,16.6159,2.0331
ga_sembrado,21,ABZ7,16384,15.9299,3.8353
ga_sembrado,21,ABZ7,32768,11.9665,7.4979
ga_sembrado,21,ABZ7,65536,11.3567,14.6914
ga_sembrado,21,ABZ7,131072,10.1372,29.3372
ga_sembrado,21,ABZ7,262144,9.2988,58.0801
ga_sembrado,21,ABZ7,524288,9.2988,115.8227
ga_sembrado,21,ABZ7,1048576,8.4604,231.3698
ga_sembrado,21,ABZ7,2097152,8.4604,463.6666
ga_sembrado,21,ABZ7,4077122,8.4604,900.0007
ga,21,ABZ8,1,110.5426,0.0320
ga,21,ABZ8,2,110.5426,0.0320
ga,21,ABZ8,4,99.0698,0.0320
ga,21,ABZ8,8,83.4884,0.0330
ga,21,ABZ8,16,83.4884,0.0340
ga,21,ABZ8,32,83.4884,0.0365
ga,21,ABZ8,64,82.0155,0.0415
ga,21,ABZ8,128,77.1318,0.0515
ga,21,ABZ8,256,76.2016,0.0706
ga,21,ABZ8,512,76.2016,0.1336
ga,21,ABZ8,1024,66.5116,0.2521
ga,21,ABZ8,2048,65.6589,0.4733
ga,21,ABZ8,4096,50.5426,0.9211
ga,21,ABZ8,8192,40.8527,1.8062
ga,21,ABZ8,16384,30.7752,3.6087
ga,21,ABZ8,32768,22.6357,7.2342
ga,21,ABZ8,65536,17.6744,14.3836
ga,21,ABZ8,131072,14.4961,28.5446
ga,21,ABZ8,262144,14.1085,57.0171
ga,21,ABZ8,524288,14.1085,113.7984
ga,21,ABZ8,1048576,12.4806,228.8609
ga,21,ABZ8,2097152,12.3256,457.1018
ga,21,ABZ8,4117724,12.3256,900.0007
regla_bon,21,ABZ8,1,24.7287,0.0100
regla_bon,21,ABZ8,2,24.7287,0.0220
regla_bon,21,ABZ8,4,24.8062,0.0440
regla_bon,21,ABZ8,8,24.8062,0.0880
regla_bon,21,ABZ8,16,22.3256,0.1701
regla_bon,21,ABZ8,32,21.7054,0.3413
regla_bon,21,ABZ8,64,21.4729,0.6760
regla_bon,21,ABZ8,128,19.5349,1.3269
regla_bon,21,ABZ8,256,18.8372,2.6670
regla_bon,21,ABZ8,512,18.8372,5.3607
regla_bon,21,ABZ8,1024,18.8372,10.6221
regla_bon,21,ABZ8,2048,19.5349,21.3053
regla_bon,21,ABZ8,4096,15.8140,42.7216
regla_bon,21,ABZ8,8192,15.8140,85.0773
regla_bon,21,ABZ8,16384,15.8140,170.2557
regla_bon,21,ABZ8,32768,15.8140,341.6339
regla_bon,21,ABZ8,65536,16.3566,683.8263
regla_bon,21,ABZ8,86138,16.3566,900.0011
ga,21,ABZ9,1,143.5703,0.0380
ga,21,ABZ9,2,115.4312,0.0380
ga,21,ABZ9,4,88.1997,0.0390
ga,21,ABZ9,8,88.1997,0.0390
ga,21,ABZ9,16,82.6021,0.0400
ga,21,ABZ9,32,72.7685,0.0420
ga,21,ABZ9,64,72.7685,0.0460
ga,21,ABZ9,128,72.7685,0.0550
ga,21,ABZ9,256,72.7685,0.0740
ga,21,ABZ9,512,72.7685,0.1311
ga,21,ABZ9,1024,61.5734,0.2402
ga,21,ABZ9,2048,61.5734,0.4688
ga,21,ABZ9,4096,48.2602,0.9110
ga,21,ABZ9,8192,40.8472,1.8342
ga,21,ABZ9,16384,28.2148,3.6311
ga,21,ABZ9,32768,22.4660,7.3392
ga,21,ABZ9,65536,17.5492,14.6136
ga,21,ABZ9,131072,15.9607,29.0498
ga,21,ABZ9,262144,14.3722,57.6919
ga,21,ABZ9,524288,14.3722,115.3171
ga,21,ABZ9,1048576,14.1452,231.6676
ga,21,ABZ9,2097152,13.6157,461.8436
ga,21,ABZ9,4082687,13.6157,900.0001
ga_sembrado,21,ABZ8,1,24.7287,0.0330
ga_sembrado,21,ABZ8,2,24.7287,0.0330
ga_sembrado,21,ABZ8,4,24.7287,0.0340
ga_sembrado,21,ABZ8,8,24.7287,0.0340
ga_sembrado,21,ABZ8,16,24.7287,0.0360
ga_sembrado,21,ABZ8,32,24.7287,0.0380
ga_sembrado,21,ABZ8,64,24.7287,0.0430
ga_sembrado,21,ABZ8,128,24.7287,0.0520
ga_sembrado,21,ABZ8,256,24.7287,0.0720
ga_sembrado,21,ABZ8,512,24.7287,0.1261
ga_sembrado,21,ABZ8,1024,24.7287,0.2352
ga_sembrado,21,ABZ8,2048,24.7287,0.4548
ga_sembrado,21,ABZ8,4096,24.3411,0.9160
ga_sembrado,21,ABZ8,8192,21.0853,1.8502
ga_sembrado,21,ABZ8,16384,19.2248,3.6391
ga_sembrado,21,ABZ8,32768,18.5271,7.2832
ga_sembrado,21,ABZ8,65536,18.5271,14.4996
ga_sembrado,21,ABZ8,131072,18.5271,28.9812
ga_sembrado,21,ABZ8,262144,18.1395,57.3367
ga_sembrado,21,ABZ8,524288,16.4341,114.2200
ga_sembrado,21,ABZ8,1048576,16.4341,229.8289
ga_sembrado,21,ABZ8,2097152,16.4341,458.5103
ga_sembrado,21,ABZ8,4116083,16.4341,900.0001
ga_sembrado,21,ABZ9,1,33.3585,0.0325
ga_sembrado,21,ABZ9,2,33.3585,0.0325
ga_sembrado,21,ABZ9,4,33.3585,0.0325
ga_sembrado,21,ABZ9,8,33.3585,0.0335
ga_sembrado,21,ABZ9,16,33.3585,0.0345
ga_sembrado,21,ABZ9,32,33.3585,0.0365
ga_sembrado,21,ABZ9,64,33.3585,0.0415
ga_sembrado,21,ABZ9,128,33.3585,0.0515
ga_sembrado,21,ABZ9,256,33.3585,0.0716
ga_sembrado,21,ABZ9,512,33.3585,0.1266
ga_sembrado,21,ABZ9,1024,33.3585,0.2426
ga_sembrado,21,ABZ9,2048,33.3585,0.4702
ga_sembrado,21,ABZ9,4096,32.2239,0.9151
ga_sembrado,21,ABZ9,8192,28.2905,1.8196
ga_sembrado,21,ABZ9,16384,26.9289,3.6380
ga_sembrado,21,ABZ9,32768,25.8699,7.2700
ga_sembrado,21,ABZ9,65536,23.3737,14.1963
ga_sembrado,21,ABZ9,131072,19.8185,28.4700
ga_sembrado,21,ABZ9,262144,19.5915,56.9444
ga_sembrado,21,ABZ9,524288,17.7761,113.9802
ga_sembrado,21,ABZ9,1048576,17.5492,228.5000
ga_sembrado,21,ABZ9,2097152,17.5492,456.4288
ga_sembrado,21,ABZ9,4121476,17.5492,900.0000
regla_bon,21,ABZ9,1,33.3585,0.0125
regla_bon,21,ABZ9,2,33.6611,0.0205
regla_bon,21,ABZ9,4,30.2572,0.0405
regla_bon,21,ABZ9,8,29.4251,0.0806
regla_bon,21,ABZ9,16,25.9455,0.1566
regla_bon,21,ABZ9,32,25.9455,0.3187
regla_bon,21,ABZ9,64,25.9455,0.6368
regla_bon,21,ABZ9,128,25.4917,1.2812
regla_bon,21,ABZ9,256,23.2980,2.6706
regla_bon,21,ABZ9,512,23.2980,5.3241
regla_bon,21,ABZ9,1024,20.7262,10.5044
regla_bon,21,ABZ9,2048,20.7262,21.1097
regla_bon,21,ABZ9,4096,20.7262,42.0523
regla_bon,21,ABZ9,8192,20.7262,84.1833
regla_bon,21,ABZ9,16384,20.7262,168.2196
regla_bon,21,ABZ9,32768,20.4992,338.4746
regla_bon,21,ABZ9,65536,20.4992,677.3751
regla_bon,21,ABZ9,86999,20.3480,900.0091
ga,22,FT10,1,81.9355,0.0120
ga,22,FT10,2,81.9355,0.0120
ga,22,FT10,4,81.9355,0.0120
ga,22,FT10,8,62.4731,0.0120
ga,22,FT10,16,62.4731,0.0130
ga,22,FT10,32,55.9140,0.0130
ga,22,FT10,64,55.9140,0.0150
ga,22,FT10,128,40.3226,0.0170
ga,22,FT10,256,40.3226,0.0230
ga,22,FT10,512,32.5269,0.0430
ga,22,FT10,1024,32.5269,0.0865
ga,22,FT10,2048,28.2258,0.1630
ga,22,FT10,4096,20.7527,0.3216
ga,22,FT10,8192,13.9785,0.6548
ga,22,FT10,16384,9.4086,1.2938
ga,22,FT10,32768,8.6022,2.7040
ga,22,FT10,65536,8.6022,5.4033
ga,22,FT10,131072,8.6022,10.7062
ga,22,FT10,262144,8.6022,21.3127
ga,22,FT10,524288,8.6022,42.6965
ga,22,FT10,1048576,8.6022,86.0295
ga,22,FT10,2097152,8.6022,171.7667
ga,22,FT10,4194304,8.6022,343.4230
ga,22,FT10,8388608,4.6237,686.8241
ga,22,FT10,10975156,4.6237,900.0003
regla_bon,22,FT10,1,20.3763,0.0030
regla_bon,22,FT10,2,20.3763,0.0050
regla_bon,22,FT10,4,20.3763,0.0090
regla_bon,22,FT10,8,12.6882,0.0180
regla_bon,22,FT10,16,12.6882,0.0360
regla_bon,22,FT10,32,7.5269,0.0720
regla_bon,22,FT10,64,7.5269,0.1431
regla_bon,22,FT10,128,7.5269,0.2852
regla_bon,22,FT10,256,6.9355,0.5400
regla_bon,22,FT10,512,6.9355,1.0862
regla_bon,22,FT10,1024,6.2903,2.1813
regla_bon,22,FT10,2048,3.8710,4.3082
regla_bon,22,FT10,4096,3.8710,8.6893
regla_bon,22,FT10,8192,3.8710,17.3379
regla_bon,22,FT10,16384,3.8710,34.7043
regla_bon,22,FT10,32768,3.8172,69.6526
regla_bon,22,FT10,65536,3.8172,138.6362
regla_bon,22,FT10,131072,3.8172,276.3939
regla_bon,22,FT10,262144,3.8172,553.0851
regla_bon,22,FT10,426149,3.8172,900.0015
ga_sembrado,22,FT10,1,20.3763,0.0110
ga_sembrado,22,FT10,2,20.3763,0.0110
ga_sembrado,22,FT10,4,20.3763,0.0110
ga_sembrado,22,FT10,8,20.3763,0.0110
ga_sembrado,22,FT10,16,20.3763,0.0110
ga_sembrado,22,FT10,32,20.3763,0.0120
ga_sembrado,22,FT10,64,20.3763,0.0140
ga_sembrado,22,FT10,128,20.3763,0.0170
ga_sembrado,22,FT10,256,20.3763,0.0240
ga_sembrado,22,FT10,512,20.3763,0.0410
ga_sembrado,22,FT10,1024,20.3763,0.0851
ga_sembrado,22,FT10,2048,18.9247,0.1781
ga_sembrado,22,FT10,4096,11.3978,0.3332
ga_sembrado,22,FT10,8192,7.2043,0.6656
ga_sembrado,22,FT10,16384,4.3011,1.3511
ga_sembrado,22,FT10,32768,2.8495,2.7495
ga_sembrado,22,FT10,65536,2.8495,5.4268
ga_sembrado,22,FT10,131072,2.0430,10.9384
ga_sembrado,22,FT10,262144,2.0430,21.7438
ga_sembrado,22,FT10,524288,2.0430,43.2370
ga_sembrado,22,FT10,1048576,2.0430,86.6164
ga_sembrado,22,FT10,2097152,2.0430,173.4550
ga_sembrado,22,FT10,4194304,2.0430,345.2346
ga_sembrado,22,FT10,8388608,2.0430,690.1368
ga_sembrado,22,FT10,10931095,2.0430,900.0005
ga,22,FT20,1,68.9270,0.0110
ga,22,FT20,2,65.7940,0.0110
ga,22,FT20,4,65.7940,0.0110
ga,22,FT20,8,45.0644,0.0110
ga,22,FT20,16,44.4635,0.0110
ga,22,FT20,32,44.4635,0.0120
ga,22,FT20,64,44.4635,0.0130
ga,22,FT20,128,44.4635,0.0160
ga,22,FT20,256,44.4635,0.0240
ga,22,FT20,512,44.4635,0.0450
ga,22,FT20,1024,39.1416,0.0891
ga,22,FT20,2048,34.2489,0.1791
ga,22,FT20,4096,21.1588,0.3683
ga,22,FT20,8192,14.7210,0.7182
ga,22,FT20,16384,9.5279,1.4001
ga,22,FT20,32768,5.2790,2.8155
ga,22,FT20,65536,4.8927,5.6264
ga,22,FT20,131072,1.7167,10.9614
ga,22,FT20,262144,1.7167,21.7418
ga,22,FT20,524288,1.7167,43.5898
ga,22,FT20,1048576,1.7167,87.2688
ga,22,FT20,2097152,1.7167,174.3649
ga,22,FT20,4194304,1.7167,348.8656
ga,22,FT20,8388608,1.7167,696.6831
ga,22,FT20,10825340,1.7167,900.0005
ga_sembrado,22,FT20,1,13.2189,0.0130
ga_sembrado,22,FT20,2,13.2189,0.0130
ga_sembrado,22,FT20,4,13.2189,0.0130
ga_sembrado,22,FT20,8,13.2189,0.0130
ga_sembrado,22,FT20,16,13.2189,0.0140
ga_sembrado,22,FT20,32,13.2189,0.0140
ga_sembrado,22,FT20,64,13.2189,0.0160
ga_sembrado,22,FT20,128,13.2189,0.0200
ga_sembrado,22,FT20,256,13.2189,0.0270
ga_sembrado,22,FT20,512,13.2189,0.0510
ga_sembrado,22,FT20,1024,13.2189,0.0850
ga_sembrado,22,FT20,2048,13.2189,0.1613
ga_sembrado,22,FT20,4096,13.2189,0.3224
ga_sembrado,22,FT20,8192,11.8884,0.6660
ga_sembrado,22,FT20,16384,9.7425,1.3459
ga_sembrado,22,FT20,32768,9.3562,2.7444
ga_sembrado,22,FT20,65536,8.0687,5.4702
ga_sembrado,22,FT20,131072,6.6094,10.8962
ga_sembrado,22,FT20,262144,2.4893,21.7066
ga_sembrado,22,FT20,524288,2.4034,43.3266
ga_sembrado,22,FT20,1048576,2.4034,87.0107
ga_sembrado,22,FT20,2097152,2.4034,174.1026
ga_sembrado,22,FT20,4194304,2.4034,348.2583
ga_sembrado,22,FT20,8388608,2.4034,695.0518
ga_sembrado,22,FT20,10851504,2.4034,900.0005
regla_bon,22,FT20,1,13.2189,0.0040
regla_bon,22,FT20,2,13.2189,0.0075
regla_bon,22,FT20,4,13.2189,0.0140
regla_bon,22,FT20,8,13.2189,0.0270
regla_bon,22,FT20,16,13.2189,0.0530
regla_bon,22,FT20,32,11.8455,0.1050
regla_bon,22,FT20,64,11.8455,0.2098
regla_bon,22,FT20,128,12.2747,0.4180
regla_bon,22,FT20,256,9.1845,0.8090
regla_bon,22,FT20,512,9.1845,1.6390
regla_bon,22,FT20,1024,9.1845,3.1756
regla_bon,22,FT20,2048,7.8541,6.3451
regla_bon,22,FT20,4096,7.8541,12.6737
regla_bon,22,FT20,8192,8.1545,25.0432
regla_bon,22,FT20,16384,6.4378,50.3528
regla_bon,22,FT20,32768,7.3820,100.6428
regla_bon,22,FT20,65536,7.3820,201.0104
regla_bon,22,FT20,131072,6.5236,401.4321
regla_bon,22,FT20,262144,5.0644,802.2095
regla_bon,22,FT20,293664,5.0644,900.0030
ga,22,La21,1,95.8891,0.0180
ga,22,La21,2,85.8509,0.0180
ga,22,La21,4,69.2161,0.0180
ga,22,La21,8,69.2161,0.0180
ga,22,La21,16,69.1683,0.0190
ga,22,La21,32,69.1683,0.0200
ga,22,La21,64,61.0899,0.0230
ga,22,La21,128,61.0899,0.0280
ga,22,La21,256,42.4474,0.0390
ga,22,La21,512,42.4474,0.0700
ga,22,La21,1024,42.4474,0.1440
ga,22,La21,2048,38.3843,0.2822
ga,22,La21,4096,26.6730,0.5458
ga,22,La21,8192,16.8738,1.1096
ga,22,La21,16384,7.0268,2.0988
ga,22,La21,32768,5.0191,4.0424
ga,22,La21,65536,3.2027,7.8599
ga,22,La21,131072,3.1549,15.5369
ga,22,La21,262144,3.1549,30.7356
ga,22,La21,524288,3.1549,61.1049
ga,22,La21,1048576,3.0593,122.0690
ga,22,La21,2097152,3.0593,243.2905
ga,22,La21,4194304,3.0593,491.3435
ga,22,La21,7693690,3.0593,900.0005
regla_bon,22,La21,1,15.0096,0.0050
regla_bon,22,La21,2,14.2447,0.0090
regla_bon,22,La21,4,14.3881,0.0180
regla_bon,22,La21,8,13.9579,0.0350
regla_bon,22,La21,16,13.9579,0.0700
regla_bon,22,La21,32,10.0382,0.1496
regla_bon,22,La21,64,10.0382,0.3021
regla_bon,22,La21,128,10.0382,0.6668
regla_bon,22,La21,256,9.5602,1.2134
regla_bon,22,La21,512,9.5602,2.2630
regla_bon,22,La21,1024,9.5602,4.3171
regla_bon,22,La21,2048,9.0822,8.5671
regla_bon,22,La21,4096,9.0822,16.6006
regla_bon,22,La21,8192,9.0822,33.1063
regla_bon,22,La21,16384,9.0822,66.0241
regla_bon,22,La21,32768,9.0822,132.2069
regla_bon,22,La21,65536,7.8872,263.6338
regla_bon,22,La21,131072,9.5602,531.6348
regla_bon,22,La21,222428,9.5602,900.0023
ga_sembrado,22,La21,1,15.0096,0.0190
ga_sembrado,22,La21,2,15.0096,0.0190
ga_sembrado,22,La21,4,15.0096,0.0190
ga_sembrado,22,La21,8,15.0096,0.0200
ga_sembrado,22,La21,16,15.0096,0.0200
ga_sembrado,22,La21,32,15.0096,0.0220
ga_sembrado,22,La21,64,15.0096,0.0240
ga_sembrado,22,La21,128,15.0096,0.0280
ga_sembrado,22,La21,256,15.0096,0.0380
ga_sembrado,22,La21,512,15.0096,0.0700
ga_sembrado,22,La21,1024,15.0096,0.1326
ga_sembrado,22,La21,2048,15.0096,0.3397
ga_sembrado,22,La21,4096,15.5832,0.7108
ga_sembrado,22,La21,8192,13.5277,1.1663
ga_sembrado,22,La21,16384,12.3805,2.1209
ga_sembrado,22,La21,32768,9.5124,4.0039
ga_sembrado,22,La21,65536,7.6482,8.0653
ga_sembrado,22,La21,131072,6.5488,15.6618
ga_sembrado,22,La21,262144,6.5966,30.9865
ga_sembrado,22,La21,524288,6.5966,61.1143
ga_sembrado,22,La21,1048576,6.5966,121.8690
ga_sembrado,22,La21,2097152,6.5966,242.9936
ga_sembrado,22,La21,4194304,6.5966,490.2832
ga_sembrado,22,La21,7714416,5.9751,900.0003
ga,22,La24,1,125.6150,0.0200
ga,22,La24,2,114.3316,0.0200
ga,22,La24,4,98.2353,0.0200
ga,22,La24,8,74.9198,0.0200
ga,22,La24,16,56.3636,0.0210
ga,22,La24,32,56.3636,0.0220
ga,22,La24,64,56.3636,0.0260
ga,22,La24,128,56.3636,0.0350
ga,22,La24,256,56.3636,0.0550
ga,22,La24,512,50.6952,0.0840
ga,22,La24,1024,51.2299,0.1516
ga,22,La24,2048,36.3636,0.2712
ga,22,La24,4096,27.5936,0.5898
ga,22,La24,8192,16.0428,1.0844
ga,22,La24,16384,9.4652,2.0244
ga,22,La24,32768,6.4171,3.9098
ga,22,La24,65536,5.6684,7.8177
ga,22,La24,131072,5.0267,15.3637
ga,22,La24,262144,5.0267,30.6889
ga,22,La24,524288,5.0267,60.9577
ga,22,La24,1048576,5.0267,121.6242
ga,22,La24,2097152,5.0267,243.6916
ga,22,La24,4194304,5.0267,491.8031
ga,22,La24,7696247,3.7433,900.0003
regla_bon,22,La24,1,10.1070,0.0045
regla_bon,22,La24,2,10.1070,0.0095
regla_bon,22,La24,4,10.1070,0.0195
regla_bon,22,La24,8,10.1070,0.0431
regla_bon,22,La24,16,10.1070,0.0761
regla_bon,22,La24,32,10.1070,0.2341
regla_bon,22,La24,64,9.8396,0.3841
regla_bon,22,La24,128,7.8075,0.6374
regla_bon,22,La24,256,7.8075,1.1572
regla_bon,22,La24,512,7.8075,2.2353
regla_bon,22,La24,1024,6.3102,4.3345
regla_bon,22,La24,2048,6.3102,8.6620
regla_bon,22,La24,4096,7.7005,16.9235
regla_bon,22,La24,8192,7.7005,33.6866
regla_bon,22,La24,16384,5.5615,67.0935
regla_bon,22,La24,32768,4.8663,133.3009
regla_bon,22,La24,65536,4.8663,266.2920
regla_bon,22,La24,131072,4.8663,536.4204
regla_bon,22,La24,219926,4.8663,900.0008
ga_sembrado,22,La24,1,10.1070,0.0180
ga_sembrado,22,La24,2,10.1070,0.0180
ga_sembrado,22,La24,4,10.1070,0.0180
ga_sembrado,22,La24,8,10.1070,0.0190
ga_sembrado,22,La24,16,10.1070,0.0200
ga_sembrado,22,La24,32,10.1070,0.0210
ga_sembrado,22,La24,64,10.1070,0.0240
ga_sembrado,22,La24,128,10.1070,0.0290
ga_sembrado,22,La24,256,10.1070,0.0395
ga_sembrado,22,La24,512,10.1070,0.0735
ga_sembrado,22,La24,1024,10.1070,0.1545
ga_sembrado,22,La24,2048,9.9465,0.2895
ga_sembrado,22,La24,4096,9.9465,0.5410
ga_sembrado,22,La24,8192,9.8396,1.0111
ga_sembrado,22,La24,16384,8.7701,1.9942
ga_sembrado,22,La24,32768,6.5241,3.8748
ga_sembrado,22,La24,65536,4.6524,7.8560
ga_sembrado,22,La24,131072,4.6524,15.3785
ga_sembrado,22,La24,262144,4.6524,30.6143
ga_sembrado,22,La24,524288,4.6524,60.9766
ga_sembrado,22,La24,1048576,4.6524,121.5037
ga_sembrado,22,La24,2097152,4.6524,242.5780
ga_sembrado,22,La24,4194304,4.6524,489.9329
ga_sembrado,22,La24,7721817,4.0642,900.0003
ga,22,La25,1,92.8864,0.0190
ga,22,La25,2,92.5281,0.0190
ga,22,La25,4,71.5967,0.0190
ga,22,La25,8,71.5967,0.0190
ga,22,La25,16,71.5967,0.0200
ga,22,La25,32,71.4432,0.0210
ga,22,La25,64,65.6090,0.0230
ga,22,La25,128,53.7871,0.0270
ga,22,La25,256,53.7871,0.0360
ga,22,La25,512,52.5589,0.0620
ga,22,La25,1024,43.0911,0.1181
ga,22,La25,2048,36.2334,0.2431
ga,22,La25,4096,31.8321,0.4987
ga,22,La25,8192,19.3961,0.9745
ga,22,La25,16384,14.0737,1.9356
ga,22,La25,32768,10.1331,3.9208
ga,22,La25,65536,7.3695,7.6854
ga,22,La25,131072,7.3695,15.2560
ga,22,La25,262144,7.3695,30.5857
ga,22,La25,524288,4.8106,61.0098
ga,22,La25,1048576,4.8106,121.6959
ga,22,La25,2097152,4.8106,243.7925
ga,22,La25,4194304,4.8106,487.0914
ga,22,La25,7742990,4.8106,900.0002
ga,22,La27,1,97.5709,0.0210
ga,22,La27,2,97.5709,0.0210
ga,22,La27,4,76.4777,0.0210
ga,22,La27,8,76.4777,0.0210
ga,22,La27,16,76.4777,0.0220
ga,22,La27,32,76.5587,0.0240
ga,22,La27,64,64.0486,0.0280
ga,22,La27,128,64.0486,0.0350
ga,22,La27,256,64.0486,0.0490
ga,22,La27,512,60.0810,0.0870
ga,22,La27,1024,49.4332,0.1571
ga,22,La27,2048,40.8502,0.3122
ga,22,La27,4096,37.2470,0.6129
ga,22,La27,8192,25.6275,1.2337
ga,22,La27,16384,19.5951,2.4908
ga,22,La27,32768,13.4413,4.9227
ga,22,La27,65536,13.1174,9.8562
ga,22,La27,131072,13.1174,19.5176
ga,22,La27,262144,13.1174,39.1109
ga,22,La27,524288,11.8219,78.0706
ga,22,La27,1048576,11.8219,156.2795
ga,22,La27,2097152,11.8219,313.0579
ga,22,La27,4194304,11.8219,626.0585
ga,22,La27,6012871,11.8219,900.0003
regla_bon,22,La25,1,11.8219,0.0040
regla_bon,22,La25,2,11.8219,0.0070
regla_bon,22,La25,4,11.8219,0.0140
regla_bon,22,La25,8,11.8219,0.0280
regla_bon,22,La25,16,11.8219,0.0580
regla_bon,22,La25,32,8.2907,0.1130
regla_bon,22,La25,64,8.2907,0.2401
regla_bon,22,La25,128,8.2907,0.5039
regla_bon,22,La25,256,8.2907,1.0340
regla_bon,22,La25,512,8.2907,2.1036
regla_bon,22,La25,1024,8.2907,4.1475
regla_bon,22,La25,2048,6.9601,8.2973
regla_bon,22,La25,4096,6.3460,16.6263
regla_bon,22,La25,8192,5.6295,33.2307
regla_bon,22,La25,16384,5.6295,66.1630
regla_bon,22,La25,32768,4.2989,132.4827
regla_bon,22,La25,65536,4.2989,264.8164
regla_bon,22,La25,131072,4.5036,529.7807
regla_bon,22,La25,222331,4.5036,900.0033
ga_sembrado,22,La25,1,11.8219,0.0150
ga_sembrado,22,La25,2,11.8219,0.0150
ga_sembrado,22,La25,4,11.8219,0.0150
ga_sembrado,22,La25,8,11.8219,0.0160
ga_sembrado,22,La25,16,11.8219,0.0160
ga_sembrado,22,La25,32,11.8219,0.0170
ga_sembrado,22,La25,64,11.8219,0.0190
ga_sembrado,22,La25,128,11.8219,0.0230
ga_sembrado,22,La25,256,11.8219,0.0320
ga_sembrado,22,La25,512,11.8219,0.0630
ga_sembrado,22,La25,1024,11.8219,0.1270
ga_sembrado,22,La25,2048,11.8219,0.2311
ga_sembrado,22,La25,4096,11.8219,0.4678
ga_sembrado,22,La25,8192,11.8219,0.9555
ga_sembrado,22,La25,16384,9.9795,1.9096
ga_sembrado,22,La25,32768,9.7748,3.8609
ga_sembrado,22,La25,65536,9.7748,7.6946
ga_sembrado,22,La25,131072,9.7748,15.2765
ga_sembrado,22,La25,262144,8.4954,30.4633
ga_sembrado,22,La25,524288,7.3183,60.9836
ga_sembrado,22,La25,1048576,7.3183,121.9934
ga_sembrado,22,La25,2097152,6.9089,243.3388
ga_sembrado,22,La25,4194304,6.9089,487.8006
ga_sembrado,22,La25,7732513,6.9089,900.0003
regla_bon,22,La27,1,24.9798,0.0080
regla_bon,22,La27,2,25.2632,0.0150
regla_bon,22,La27,4,15.7895,0.0270
regla_bon,22,La27,8,10.5668,0.0490
regla_bon,22,La27,16,10.5668,0.1031
regla_bon,22,La27,32,10.5668,0.2127
regla_bon,22,La27,64,10.5668,0.4193
regla_bon,22,La27,128,10.5668,0.8349
regla_bon,22,La27,256,10.5668,1.6954
regla_bon,22,La27,512,10.5668,3.3921
regla_bon,22,La27,1024,10.5668,6.8365
regla_bon,22,La27,2048,10.5668,13.8097
regla_bon,22,La27,4096,10.5668,27.5003
regla_bon,22,La27,8192,8.7854,55.1948
regla_bon,22,La27,16384,7.2470,110.2896
regla_bon,22,La27,32768,7.2470,220.3795
regla_bon,22,La27,65536,7.2470,440.6645
regla_bon,22,La27,131072,6.8421,883.2418
regla_bon,22,La27,133568,6.8421,900.0052
ga_sembrado,22,La27,1,24.9798,0.0250
ga_sembrado,22,La27,2,24.9798,0.0250
ga_sembrado,22,La27,4,24.9798,0.0250
ga_sembrado,22,La27,8,24.9798,0.0260
ga_sembrado,22,La27,16,24.9798,0.0270
ga_sembrado,22,La27,32,24.9798,0.0280
ga_sembrado,22,La27,64,24.9798,0.0310
ga_sembrado,22,La27,128,24.9798,0.0380
ga_sembrado,22,La27,256,24.9798,0.0510
ga_sembrado,22,La27,512,24.9798,0.0901
ga_sembrado,22,La27,1024,24.9798,0.1707
ga_sembrado,22,La27,2048,24.9798,0.3367
ga_sembrado,22,La27,4096,20.9312,0.6433
ga_sembrado,22,La27,8192,17.4899,1.2322
ga_sembrado,22,La27,16384,14.9798,2.5008
ga_sembrado,22,La27,32768,12.7935,4.9732
ga_sembrado,22,La27,65536,11.8623,9.9802
ga_sembrado,22,La27,131072,9.1498,19.8158
ga_sembrado,22,La27,262144,9.0688,39.4690
ga_sembrado,22,La27,524288,9.0688,78.5953
ga_sembrado,22,La27,1048576,9.0688,156.8192
ga_sembrado,22,La27,2097152,9.0688,313.9980
ga_sembrado,22,La27,4194304,9.0688,628.9258
ga_sembrado,22,La27,5993114,9.0688,900.0002
ga,22,La29,1,77.6042,0.0250
ga,22,La29,2,77.6042,0.0250
ga,22,La29,4,77.6042,0.0250
ga,22,La29,8,77.6042,0.0250
ga,22,La29,16,77.6042,0.0260
ga,22,La29,32,68.8368,0.0280
ga,22,La29,64,58.1597,0.0320
ga,22,La29,128,58.1597,0.0390
ga,22,La29,256,58.1597,0.0525
ga,22,La29,512,58.1597,0.0930
ga,22,La29,1024,55.0347,0.1822
ga,22,La29,2048,44.7917,0.3438
ga,22,La29,4096,38.0208,0.6724
ga,22,La29,8192,29.4271,1.3127
ga,22,La29,16384,18.8368,2.5738
ga,22,La29,32768,13.4549,5.0130
ga,22,La29,65536,10.4167,9.9329
ga,22,La29,131072,10.0260,19.7739
ga,22,La29,262144,10.0260,39.4181
ga,22,La29,524288,10.0260,78.7391
ga,22,La29,1048576,10.0260,158.2488
ga,22,La29,2097152,8.2465,316.4122
ga,22,La29,4194304,8.2465,632.2718
ga,22,La29,5982128,8.2465,900.0005
ga,22,La38,1,90.5518,0.0220
ga,22,La38,2,89.7157,0.0230
ga,22,La38,4,82.9849,0.0230
ga,22,La38,8,75.7525,0.0230
ga,22,La38,16,75.7525,0.0240
ga,22,La38,32,75.7525,0.0250
ga,22,La38,64,73.9967,0.0290
ga,22,La38,128,66.4716,0.0370
ga,22,La38,256,68.0602,0.0540
ga,22,La38,512,48.9967,0.1005
ga,22,La38,1024,50.7943,0.1915
ga,22,La38,2048,44.1472,0.3581
ga,22,La38,4096,38.2107,0.7018
ga,22,La38,8192,29.5987,1.3786
ga,22,La38,16384,23.4950,2.8202
ga,22,La38,32768,18.5619,5.5514
ga,22,La38,65536,17.8930,10.9928
ga,22,La38,131072,14.4649,21.9315
ga,22,La38,262144,13.2107,43.7853
ga,22,La38,524288,13.2107,87.4286
ga,22,La38,1048576,13.2107,174.9876
ga,22,La38,2097152,13.2107,350.2816
ga,22,La38,4194304,13.2107,701.6185
ga,22,La38,5384920,13.2107,900.0001
regla_bon,22,La29,1,13.4115,0.0080
regla_bon,22,La29,2,13.4115,0.0150
regla_bon,22,La29,4,13.4115,0.0290
regla_bon,22,La29,8,13.4115,0.0570
regla_bon,22,La29,16,13.4115,0.1185
regla_bon,22,La29,32,12.7170,0.2221
regla_bon,22,La29,64,12.7170,0.4492
regla_bon,22,La29,128,11.8056,0.8749
regla_bon,22,La29,256,11.8056,1.7699
regla_bon,22,La29,512,11.3715,3.5865
regla_bon,22,La29,1024,11.7622,7.0651
regla_bon,22,La29,2048,11.7622,14.0097
regla_bon,22,La29,4096,10.9375,27.8798
regla_bon,22,La29,8192,10.9375,55.6090
regla_bon,22,La29,16384,10.9375,111.0239
regla_bon,22,La29,32768,9.5920,223.2885
regla_bon,22,La29,65536,9.5920,444.2917
regla_bon,22,La29,131072,9.5920,889.9356
regla_bon,22,La29,132568,9.5920,900.0021
ga_sembrado,22,La29,1,13.4115,0.0240
ga_sembrado,22,La29,2,13.4115,0.0240
ga_sembrado,22,La29,4,13.4115,0.0250
ga_sembrado,22,La29,8,13.4115,0.0250
ga_sembrado,22,La29,16,13.4115,0.0260
ga_sembrado,22,La29,32,13.4115,0.0280
ga_sembrado,22,La29,64,13.4115,0.0310
ga_sembrado,22,La29,128,13.4115,0.0370
ga_sembrado,22,La29,256,13.4115,0.0510
ga_sembrado,22,La29,512,13.4115,0.0945
ga_sembrado,22,La29,1024,13.4115,0.1705
ga_sembrado,22,La29,2048,13.4115,0.3231
ga_sembrado,22,La29,4096,13.4115,0.6312
ga_sembrado,22,La29,8192,12.8472,1.2711
ga_sembrado,22,La29,16384,11.7188,2.5356
ga_sembrado,22,La29,32768,10.2865,4.9612
ga_sembrado,22,La29,65536,9.2448,9.9993
ga_sembrado,22,La29,131072,7.2483,19.6047
ga_sembrado,22,La29,262144,7.1181,39.2263
ga_sembrado,22,La29,524288,7.0312,78.5245
ga_sembrado,22,La29,1048576,7.0312,157.8950
ga_sembrado,22,La29,2097152,7.0312,315.8019
ga_sembrado,22,La29,4194304,7.0312,631.7110
ga_sembrado,22,La29,5983448,7.0312,900.0001
regla_bon,22,La38,1,14.9666,0.0080
regla_bon,22,La38,2,14.9666,0.0140
regla_bon,22,La38,4,14.9666,0.0285
regla_bon,22,La38,8,14.9666,0.0550
regla_bon,22,La38,16,14.9666,0.1081
regla_bon,22,La38,32,13.6288,0.2071
regla_bon,22,La38,64,11.0368,0.4057
regla_bon,22,La38,128,9.6572,0.8169
regla_bon,22,La38,256,9.6572,1.6214
regla_bon,22,La38,512,9.6572,3.2224
regla_bon,22,La38,1024,8.8629,6.4388
regla_bon,22,La38,2048,8.8629,12.8132
regla_bon,22,La38,4096,9.2391,25.5372
regla_bon,22,La38,8192,8.8211,50.9589
regla_bon,22,La38,16384,7.3579,101.7106
regla_bon,22,La38,32768,6.7726,205.0058
regla_bon,22,La38,65536,6.7726,408.6497
regla_bon,22,La38,131072,7.9431,817.8717
regla_bon,22,La38,144227,7.9431,900.0066
ga_sembrado,22,La38,1,14.9666,0.0260
ga_sembrado,22,La38,2,14.9666,0.0260
ga_sembrado,22,La38,4,14.9666,0.0260
ga_sembrado,22,La38,8,14.9666,0.0260
ga_sembrado,22,La38,16,14.9666,0.0270
ga_sembrado,22,La38,32,14.9666,0.0290
ga_sembrado,22,La38,64,14.9666,0.0310
ga_sembrado,22,La38,128,14.9666,0.0390
ga_sembrado,22,La38,256,14.9666,0.0520
ga_sembrado,22,La38,512,14.9666,0.0951
ga_sembrado,22,La38,1024,14.9666,0.1741
ga_sembrado,22,La38,2048,14.9666,0.3407
ga_sembrado,22,La38,4096,11.8729,0.6840
ga_sembrado,22,La38,8192,10.2425,1.3908
ga_sembrado,22,La38,16384,9.7408,2.8102
ga_sembrado,22,La38,32768,8.0686,5.5164
ga_sembrado,22,La38,65536,6.0619,10.9723
ga_sembrado,22,La38,131072,6.6472,22.0006
ga_sembrado,22,La38,262144,6.6472,44.1425
ga_sembrado,22,La38,524288,6.6472,88.0354
ga_sembrado,22,La38,1048576,6.6472,175.9434
ga_sembrado,22,La38,2097152,6.6472,351.0715
ga_sembrado,22,La38,4194304,6.6472,701.7637
ga_sembrado,22,La38,5383903,6.6472,900.0006
ga,22,La40,1,90.4255,0.0241
ga,22,La40,2,90.4255,0.0241
ga,22,La40,4,83.9607,0.0241
ga,22,La40,8,78.6416,0.0251
ga,22,La40,16,64.8118,0.0261
ga,22,La40,32,64.8118,0.0281
ga,22,La40,64,65.0164,0.0321
ga,22,La40,128,65.0164,0.0391
ga,22,La40,256,63.2979,0.0551
ga,22,La40,512,51.7185,0.0961
ga,22,La40,1024,46.8903,0.1796
ga,22,La40,2048,40.3028,0.3378
ga,22,La40,4096,37.6023,0.6889
ga,22,La40,8192,28.7234,1.3923
ga,22,La40,16384,16.7758,2.9604
ga,22,La40,32768,8.6743,5.6899
ga,22,La40,65536,6.5466,11.1989
ga,22,La40,131072,5.6465,22.0609
ga,22,La40,262144,5.6465,43.6915
ga,22,La40,524288,4.9100,87.3187
ga,22,La40,1048576,4.9100,174.6573
ga,22,La40,2097152,4.9100,347.7000
ga,22,La40,4194304,4.9100,695.8890
ga,22,La40,5379881,4.9100,900.0042
regla_bon,22,La40,1,13.2570,0.0060
regla_bon,22,La40,2,13.2570,0.0110
regla_bon,22,La40,4,13.2570,0.0210
regla_bon,22,La40,8,13.2570,0.0460
regla_bon,22,La40,16,13.2570,0.0905
regla_bon,22,La40,32,12.1931,0.1796
regla_bon,22,La40,64,12.1931,0.3656
regla_bon,22,La40,128,12.1931,0.7704
regla_bon,22,La40,256,9.3290,1.5507
regla_bon,22,La40,512,9.3290,3.3491
regla_bon,22,La40,1024,9.3290,6.5993
regla_bon,22,La40,2048,8.3470,12.7358
regla_bon,22,La40,4096,8.3470,25.1284
regla_bon,22,La40,8192,8.3470,49.9122
regla_bon,22,La40,16384,7.5286,100.3517
regla_bon,22,La40,32768,7.5286,200.3480
regla_bon,22,La40,65536,8.1015,399.2836
regla_bon,22,La40,131072,8.1015,799.2622
regla_bon,22,La40,146391,8.1015,900.0031
ga_sembrado,22,La40,1,13.2570,0.0250
ga_sembrado,22,La40,2,13.2570,0.0250
ga_sembrado,22,La40,4,13.2570,0.0250
ga_sembrado,22,La40,8,13.2570,0.0260
ga_sembrado,22,La40,16,13.2570,0.0270
ga_sembrado,22,La40,32,13.2570,0.0290
ga_sembrado,22,La40,64,13.2570,0.0320
ga_sembrado,22,La40,128,13.2570,0.0380
ga_sembrado,22,La40,256,13.2570,0.0515
ga_sembrado,22,La40,512,13.2570,0.0935
ga_sembrado,22,La40,1024,13.2570,0.1836
ga_sembrado,22,La40,2048,13.2570,0.3536
ga_sembrado,22,La40,4096,11.7840,0.6909
ga_sembrado,22,La40,8192,10.9656,1.3757
ga_sembrado,22,La40,16384,10.9656,3.0280
ga_sembrado,22,La40,32768,9.9018,5.8801
ga_sembrado,22,La40,65536,9.2881,11.2982
ga_sembrado,22,La40,131072,7.4468,22.1472
ga_sembrado,22,La40,262144,5.7692,43.9870
ga_sembrado,22,La40,524288,5.7283,87.7278
ga_sembrado,22,La40,1048576,5.3191,175.3038
ga_sembrado,22,La40,2097152,3.6416,349.7900
ga_sembrado,22,La40,4194304,3.6416,699.7428
ga_sembrado,22,La40,5349764,3.6416,900.0001
ga,22,ABZ7,1,109.7561,0.0370
ga,22,ABZ7,2,88.6433,0.0370
ga,22,ABZ7,4,87.8049,0.0380
ga,22,ABZ7,8,87.8049,0.0380
ga,22,ABZ7,16,83.2317,0.0390
ga,22,ABZ7,32,77.2866,0.0420
ga,22,ABZ7,64,74.4665,0.0465
ga,22,ABZ7,128,69.0549,0.0535
ga,22,ABZ7,256,66.3872,0.0715
ga,22,ABZ7,512,66.3872,0.1285
ga,22,ABZ7,1024,66.0061,0.2396
ga,22,ABZ7,2048,53.8872,0.4563
ga,22,ABZ7,4096,47.4848,0.9069
ga,22,ABZ7,8192,36.2805,1.9208
ga,22,ABZ7,16384,24.9238,3.8895
ga,22,ABZ7,32768,18.9024,7.5296
ga,22,ABZ7,65536,14.0244,14.5929
ga,22,ABZ7,131072,13.2622,28.9063
ga,22,ABZ7,262144,12.1951,57.5844
ga,22,ABZ7,524288,12.1951,114.6384
ga,22,ABZ7,1048576,12.1951,228.4938
ga,22,ABZ7,2097152,12.1951,455.9000
ga,22,ABZ7,4092039,10.8232,900.0001
regla_bon,22,ABZ7,1,19.6646,0.0100
regla_bon,22,ABZ7,2,19.6646,0.0180
regla_bon,22,ABZ7,4,14.2530,0.0390
regla_bon,22,ABZ7,8,12.5762,0.0825
regla_bon,22,ABZ7,16,12.5762,0.1672
regla_bon,22,ABZ7,32,12.5762,0.3462
regla_bon,22,ABZ7,64,12.5762,0.6759
regla_bon,22,ABZ7,128,12.6524,1.3372
regla_bon,22,ABZ7,256,12.6524,2.8194
regla_bon,22,ABZ7,512,12.6524,5.5805
regla_bon,22,ABZ7,1024,10.2134,10.9505
regla_bon,22,ABZ7,2048,10.2134,21.5760
regla_bon,22,ABZ7,4096,10.2134,42.7634
regla_bon,22,ABZ7,8192,10.7470,85.6690
regla_bon,22,ABZ7,16384,10.4421,170.8441
regla_bon,22,ABZ7,32768,10.4421,340.9826
regla_bon,22,ABZ7,65536,10.7470,682.7442
regla_bon,22,ABZ7,85639,10.7470,900.0175
ga_sembrado,22,ABZ7,1,19.6646,0.0340
ga_sembrado,22,ABZ7,2,19.6646,0.0340
ga_sembrado,22,ABZ7,4,19.6646,0.0340
ga_sembrado,22,ABZ7,8,19.6646,0.0350
ga_sembrado,22,ABZ7,16,19.6646,0.0360
ga_sembrado,22,ABZ7,32,19.6646,0.0380
ga_sembrado,22,ABZ7,64,19.6646,0.0420
ga_sembrado,22,ABZ7,128,19.6646,0.0520
ga_sembrado,22,ABZ7,256,19.6646,0.0715
ga_sembrado,22,ABZ7,512,19.6646,0.1177
ga_sembrado,22,ABZ7,1024,19.6646,0.2192
ga_sembrado,22,ABZ7,2048,19.6646,0.4528
ga_sembrado,22,ABZ7,4096,19.6646,0.9130
ga_sembrado,22,ABZ7,8192,13.8720,2.0189
ga_sembrado,22,ABZ7,16384,12.9573,3.8750
ga_sembrado,22,ABZ7,32768,12.9573,7.5571
ga_sembrado,22,ABZ7,65536,11.2805,14.6706
ga_sembrado,22,ABZ7,131072,10.8994,28.9117
ga_sembrado,22,ABZ7,262144,9.9085,57.4256
ga_sembrado,22,ABZ7,524288,9.9085,114.6024
ga_sembrado,22,ABZ7,1048576,9.0701,228.3712
ga_sembrado,22,ABZ7,2097152,9.0701,455.2669
ga_sembrado,22,ABZ7,4101529,9.0701,900.0094
ga,22,ABZ8,1,140.1550,0.0641
ga,22,ABZ8,2,87.6744,0.0641
ga,22,ABZ8,4,81.2403,0.0641
ga,22,ABZ8,8,81.2403,0.0651
ga,22,ABZ8,16,81.2403,0.0671
ga,22,ABZ8,32,81.2403,0.0691
ga,22,ABZ8,64,81.2403,0.0751
ga,22,ABZ8,128,81.2403,0.0861
ga,22,ABZ8,256,81.2403,0.1121
ga,22,ABZ8,512,75.1938,0.1851
ga,22,ABZ8,1024,75.1938,0.3191
ga,22,ABZ8,2048,61.2403,0.8192
ga,22,ABZ8,4096,56.8992,1.6672
ga,22,ABZ8,8192,43.6434,2.9225
ga,22,ABZ8,16384,33.5659,5.0239
ga,22,ABZ8,32768,23.6434,9.5349
ga,22,ABZ8,65536,19.9225,20.3953
ga,22,ABZ8,131072,16.7442,37.2003
ga,22,ABZ8,262144,16.7442,68.1522
ga,22,ABZ8,524288,16.7442,129.0097
ga,22,ABZ8,1048576,16.7442,248.4336
ga,22,ABZ8,2097152,16.7442,510.2576
ga,22,ABZ8,3855251,14.6512,900.0009
ga,22,ABZ9,1,85.3253,0.0780
ga,22,ABZ9,2,85.3253,0.0780
ga,22,ABZ9,4,85.3253,0.0790
ga,22,ABZ9,8,85.3253,0.0790
ga,22,ABZ9,16,85.3253,0.0810
ga,22,ABZ9,32,85.3253,0.0830
ga,22,ABZ9,64,75.7186,0.0890
ga,22,ABZ9,128,75.7186,0.1050
ga,22,ABZ9,256,75.3404,0.1650
ga,22,ABZ9,512,63.0106,0.2580
ga,22,ABZ9,1024,63.0106,0.5126
ga,22,ABZ9,2048,57.7912,0.9022
ga,22,ABZ9,4096,49.3192,1.7290
ga,22,ABZ9,8192,41.3767,2.8174
ga,22,ABZ9,16384,29.5008,4.9179
ga,22,ABZ9,32768,20.1210,9.6224
ga,22,ABZ9,65536,19.5159,20.4023
ga,22,ABZ9,131072,15.3555,37.2399
ga,22,ABZ9,262144,13.6914,68.2072
ga,22,ABZ9,524288,12.9349,129.0354
ga,22,ABZ9,1048576,12.7837,248.8978
ga,22,ABZ9,2097152,12.7837,511.1314
ga,22,ABZ9,3850641,12.7080,900.0008
regla_bon,22,ABZ8,1,24.7287,0.0200
regla_bon,22,ABZ8,2,24.7287,0.0370
regla_bon,22,ABZ8,4,24.7287,0.0740
regla_bon,22,ABZ8,8,22.4806,0.1360
regla_bon,22,ABZ8,16,23.4109,0.3090
regla_bon,22,ABZ8,32,23.4109,0.6356
regla_bon,22,ABZ8,64,22.1705,1.1253
regla_bon,22,ABZ8,128,22.1705,2.1042
regla_bon,22,ABZ8,256,22.1705,3.6292
regla_bon,22,ABZ8,512,20.6202,6.6247
regla_bon,22,ABZ8,1024,20.6202,14.8179
regla_bon,22,ABZ8,2048,20.1550,28.6658
regla_bon,22,ABZ8,4096,18.7597,52.4675
regla_bon,22,ABZ8,8192,17.0543,97.5828
regla_bon,22,ABZ8,16384,17.0543,187.2679
regla_bon,22,ABZ8,32768,17.0543,375.9183
regla_bon,22,ABZ8,65536,17.1318,736.4216
regla_bon,22,ABZ8,81081,17.1318,900.0118
ga_sembrado,22,ABZ8,1,24.7287,0.0770
ga_sembrado,22,ABZ8,2,24.7287,0.0780
ga_sembrado,22,ABZ8,4,24.7287,0.0790
ga_sembrado,22,ABZ8,8,24.7287,0.0810
ga_sembrado,22,ABZ8,16,24.7287,0.0840
ga_sembrado,22,ABZ8,32,24.7287,0.0930
ga_sembrado,22,ABZ8,64,24.7287,0.0990
ga_sembrado,22,ABZ8,128,24.7287,0.1140
ga_sembrado,22,ABZ8,256,24.7287,0.1450
ga_sembrado,22,ABZ8,512,24.7287,0.2330
ga_sembrado,22,ABZ8,1024,24.7287,0.4536
ga_sembrado,22,ABZ8,2048,24.7287,0.8292
ga_sembrado,22,ABZ8,4096,24.9612,1.5345
ga_sembrado,22,ABZ8,8192,22.7132,2.6373
ga_sembrado,22,ABZ8,16384,20.4651,4.7303
ga_sembrado,22,ABZ8,32768,18.9147,9.5229
ga_sembrado,22,ABZ8,65536,18.1395,20.5144
ga_sembrado,22,ABZ8,131072,17.5194,37.5340
ga_sembrado,22,ABZ8,262144,17.2868,68.6580
ga_sembrado,22,ABZ8,524288,17.2093,130.2597
ga_sembrado,22,ABZ8,1048576,17.2093,251.0610
ga_sembrado,22,ABZ8,2097152,17.2093,514.8841
ga_sembrado,22,ABZ8,3811964,17.2093,900.0008
regla_bon,22,ABZ9,1,33.3585,0.0295
regla_bon,22,ABZ9,2,31.3918,0.0566
regla_bon,22,ABZ9,4,30.1815,0.0816
regla_bon,22,ABZ9,8,29.8033,0.1346
regla_bon,22,ABZ9,16,26.0212,0.2656
regla_bon,22,ABZ9,32,26.0212,0.4922
regla_bon,22,ABZ9,64,26.0212,1.0525
regla_bon,22,ABZ9,128,25.2648,1.9133
regla_bon,22,ABZ9,256,24.1301,3.4403
regla_bon,22,ABZ9,512,21.9365,6.4939
regla_bon,22,ABZ9,1024,21.9365,14.6910
regla_bon,22,ABZ9,2048,21.7095,28.2068
regla_bon,22,ABZ9,4096,21.7095,51.8403
regla_bon,22,ABZ9,8192,20.7262,96.4005
regla_bon,22,ABZ9,16384,20.4236,185.5943
regla_bon,22,ABZ9,32768,20.3480,372.4929
regla_bon,22,ABZ9,65536,20.1210,731.7720
regla_bon,22,ABZ9,81632,20.1210,900.0039
ga_sembrado,22,ABZ9,1,33.3585,0.0455
ga_sembrado,22,ABZ9,2,33.3585,0.0455
ga_sembrado,22,ABZ9,4,33.3585,0.0455
ga_sembrado,22,ABZ9,8,33.3585,0.0465
ga_sembrado,22,ABZ9,16,33.3585,0.0475
ga_sembrado,22,ABZ9,32,33.3585,0.0505
ga_sembrado,22,ABZ9,64,33.3585,0.0565
ga_sembrado,22,ABZ9,128,33.3585,0.0785
ga_sembrado,22,ABZ9,256,33.3585,0.1005
ga_sembrado,22,ABZ9,512,33.3585,0.1895
ga_sembrado,22,ABZ9,1024,33.3585,0.3751
ga_sembrado,22,ABZ9,2048,33.3585,0.6982
ga_sembrado,22,ABZ9,4096,28.8200,1.4140
ga_sembrado,22,ABZ9,8192,28.2905,2.4889
ga_sembrado,22,ABZ9,16384,25.1891,4.6015
ga_sembrado,22,ABZ9,32768,24.4327,9.5891
ga_sembrado,22,ABZ9,65536,21.6339,20.2589
ga_sembrado,22,ABZ9,131072,18.4569,37.2360
ga_sembrado,22,ABZ9,262144,17.5492,68.4499
ga_sembrado,22,ABZ9,524288,17.5492,130.1192
ga_sembrado,22,ABZ9,1048576,17.5492,250.9581
ga_sembrado,22,ABZ9,2097152,17.5492,515.0732
ga_sembrado,22,ABZ9,3813468,17.5492,900.0004
ga,23,FT10,1,84.5161,0.0130
ga,23,FT10,2,84.5161,0.0130
ga,23,FT10,4,75.1613,0.0130
ga,23,FT10,8,60.4301,0.0130
ga,23,FT10,16,60.4301,0.0130
ga,23,FT10,32,60.4301,0.0140
ga,23,FT10,64,57.2043,0.0160
ga,23,FT10,128,50.4301,0.0190
ga,23,FT10,256,48.0108,0.0260
ga,23,FT10,512,48.2796,0.0460
ga,23,FT10,1024,41.1828,0.0850
ga,23,FT10,2048,28.9247,0.1701
ga,23,FT10,4096,22.4731,0.3471
ga,23,FT10,8192,11.7742,0.6962
ga,23,FT10,16384,10.1075,1.3895
ga,23,FT10,32768,8.6022,2.7880
ga,23,FT10,65536,8.6022,5.5618
ga,23,FT10,131072,8.6022,11.0295
ga,23,FT10,262144,8.6022,22.0386
ga,23,FT10,524288,7.7419,44.0549
ga,23,FT10,1048576,7.7419,87.8350
ga,23,FT10,2097152,7.7419,175.4531
ga,23,FT10,4194304,7.7419,349.7447
ga,23,FT10,8388608,7.7419,698.2730
ga,23,FT10,10834712,7.7419,900.0009
ga_sembrado,23,FT10,1,20.3763,0.0100
ga_sembrado,23,FT10,2,20.3763,0.0100
ga_sembrado,23,FT10,4,20.3763,0.0100
ga_sembrado,23,FT10,8,20.3763,0.0100
ga_sembrado,23,FT10,16,20.3763,0.0110
ga_sembrado,23,FT10,32,20.3763,0.0120
ga_sembrado,23,FT10,64,20.3763,0.0130
ga_sembrado,23,FT10,128,20.3763,0.0170
ga_sembrado,23,FT10,256,20.3763,0.0240
ga_sembrado,23,FT10,512,20.3763,0.0430
ga_sembrado,23,FT10,1024,20.3763,0.0880
ga_sembrado,23,FT10,2048,20.3763,0.1730
ga_sembrado,23,FT10,4096,12.9570,0.3385
ga_sembrado,23,FT10,8192,10.3763,0.6712
ga_sembrado,23,FT10,16384,7.9570,1.3520
ga_sembrado,23,FT10,32768,5.1613,2.7270
ga_sembrado,23,FT10,65536,5.1613,5.5083
ga_sembrado,23,FT10,131072,5.1613,11.0835
ga_sembrado,23,FT10,262144,5.1613,22.0748
ga_sembrado,23,FT10,524288,5.1613,44.0394
ga_sembrado,23,FT10,1048576,4.1398,88.0923
ga_sembrado,23,FT10,2097152,4.1398,175.3741
ga_sembrado,23,FT10,4194304,4.1398,349.8457
ga_sembrado,23,FT10,8388608,4.1398,698.7006
ga_sembrado,23,FT10,10829848,4.1398,900.0008
regla_bon,23,FT10,1,20.3763,0.0020
regla_bon,23,FT10,2,20.3763,0.0040
regla_bon,23,FT10,4,20.3763,0.0080
regla_bon,23,FT10,8,9.5699,0.0160
regla_bon,23,FT10,16,9.5699,0.0300
regla_bon,23,FT10,32,6.2366,0.0600
regla_bon,23,FT10,64,6.2366,0.1260
regla_bon,23,FT10,128,6.2366,0.2580
regla_bon,23,FT10,256,6.2366,0.5182
regla_bon,23,FT10,512,6.2366,1.0659
regla_bon,23,FT10,1024,6.2366,2.1708
regla_bon,23,FT10,2048,3.8172,4.3846
regla_bon,23,FT10,4096,3.8172,8.8241
regla_bon,23,FT10,8192,3.8172,17.4119
regla_bon,23,FT10,16384,3.8172,34.8134
regla_bon,23,FT10,32768,3.8172,69.5774
regla_bon,23,FT10,65536,3.8172,139.0181
regla_bon,23,FT10,131072,3.8172,277.4405
regla_bon,23,FT10,262144,3.8172,554.8490
regla_bon,23,FT10,426779,3.8172,900.0007
ga,23,FT20,1,58.3691,0.0140
ga,23,FT20,2,58.3691,0.0140
ga,23,FT20,4,58.3691,0.0140
ga,23,FT20,8,58.3691,0.0140
ga,23,FT20,16,58.3691,0.0150
ga,23,FT20,32,42.8326,0.0150
ga,23,FT20,64,42.8326,0.0170
ga,23,FT20,128,42.8326,0.0210
ga,23,FT20,256,42.8326,0.0280
ga,23,FT20,512,40.7296,0.0480
ga,23,FT20,1024,38.7124,0.0890
ga,23,FT20,2048,33.7339,0.1750
ga,23,FT20,4096,23.6052,0.3451
ga,23,FT20,8192,15.8798,0.6962
ga,23,FT20,16384,5.7511,1.3795
ga,23,FT20,32768,2.8326,2.7520
ga,23,FT20,65536,2.1459,5.5423
ga,23,FT20,131072,1.6309,11.0615
ga,23,FT20,262144,1.6309,22.0867
ga,23,FT20,524288,1.6309,44.3164
ga,23,FT20,1048576,1.6309,88.8836
ga,23,FT20,2097152,1.6309,177.6423
ga,23,FT20,4194304,1.6309,356.5047
ga,23,FT20,8388608,1.6309,707.9884
ga,23,FT20,10687193,1.6309,900.0008
ga_sembrado,23,FT20,1,13.2189,0.0140
ga_sembrado,23,FT20,2,13.2189,0.0140
ga_sembrado,23,FT20,4,13.2189,0.0140
ga_sembrado,23,FT20,8,13.2189,0.0150
ga_sembrado,23,FT20,16,13.2189,0.0150
ga_sembrado,23,FT20,32,13.2189,0.0160
ga_sembrado,23,FT20,64,13.2189,0.0180
ga_sembrado,23,FT20,128,13.2189,0.0210
ga_sembrado,23,FT20,256,13.2189,0.0285
ga_sembrado,23,FT20,512,13.2189,0.0485
ga_sembrado,23,FT20,1024,13.2189,0.0945
ga_sembrado,23,FT20,2048,13.2189,0.1781
ga_sembrado,23,FT20,4096,13.2189,0.3451
ga_sembrado,23,FT20,8192,12.7897,0.6998
ga_sembrado,23,FT20,16384,11.9313,1.4257
ga_sembrado,23,FT20,32768,9.8712,2.8120
ga_sembrado,23,FT20,65536,7.2532,5.6475
ga_sembrado,23,FT20,131072,7.1245,11.0645
ga_sembrado,23,FT20,262144,7.1245,22.0208
ga_sembrado,23,FT20,524288,2.3176,44.1464
ga_sembrado,23,FT20,1048576,2.3176,88.2329
ga_sembrado,23,FT20,2097152,2.3176,176.6500
ga_sembrado,23,FT20,4194304,2.3176,353.6541
ga_sembrado,23,FT20,8388608,2.3176,705.3099
ga_sembrado,23,FT20,10721209,2.3176,900.0008
regla_bon,23,FT20,1,13.2189,0.0040
regla_bon,23,FT20,2,13.2189,0.0070
regla_bon,23,FT20,4,13.2189,0.0140
regla_bon,23,FT20,8,13.2189,0.0260
regla_bon,23,FT20,16,12.1459,0.0520
regla_bon,23,FT20,32,12.1459,0.1005
regla_bon,23,FT20,64,11.9742,0.2036
regla_bon,23,FT20,128,10.5150,0.4067
regla_bon,23,FT20,256,10.1288,0.8188
regla_bon,23,FT20,512,8.7983,1.6307
regla_bon,23,FT20,1024,8.7983,3.2018
regla_bon,23,FT20,2048,7.7682,6.4922
regla_bon,23,FT20,4096,7.7682,12.8638
regla_bon,23,FT20,8192,6.9528,25.6121
regla_bon,23,FT20,16384,6.3948,51.1586
regla_bon,23,FT20,32768,6.3948,102.3893
regla_bon,23,FT20,65536,6.3948,204.8731
regla_bon,23,FT20,131072,5.4506,410.6734
regla_bon,23,FT20,262144,5.4506,815.4850
regla_bon,23,FT20,289261,5.4506,900.0032
ga,23,La21,1,89.0057,0.0185
ga,23,La21,2,89.0057,0.0185
ga,23,La21,4,89.0057,0.0185
ga,23,La21,8,63.8623,0.0185
ga,23,La21,16,63.8623,0.0195
ga,23,La21,32,63.8623,0.0205
ga,23,La21,64,57.0746,0.0225
ga,23,La21,128,54.4933,0.0275
ga,23,La21,256,55.4015,0.0385
ga,23,La21,512,46.1759,0.0675
ga,23,La21,1024,35.1816,0.1305
ga,23,La21,2048,32.6960,0.2505
ga,23,La21,4096,25.7170,0.4981
ga,23,La21,8192,17.8776,0.9727
ga,23,La21,16384,11.2333,1.9300
ga,23,La21,32768,6.6922,3.9395
ga,23,La21,65536,6.2620,7.7321
ga,23,La21,131072,6.1185,15.4315
ga,23,La21,262144,6.1185,31.3241
ga,23,La21,524288,6.1185,61.7097
ga,23,La21,1048576,6.1185,122.3814
ga,23,La21,2097152,6.1185,244.7462
ga,23,La21,4194304,6.1185,492.0076
ga,23,La21,7690494,6.1185,900.0009
ga_sembrado,23,La21,1,15.0096,0.0170
ga_sembrado,23,La21,2,15.0096,0.0180
ga_sembrado,23,La21,4,15.0096,0.0180
ga_sembrado,23,La21,8,15.0096,0.0180
ga_sembrado,23,La21,16,15.0096,0.0190
ga_sembrado,23,La21,32,15.0096,0.0200
ga_sembrado,23,La21,64,15.0096,0.0220
ga_sembrado,23,La21,128,15.0096,0.0280
ga_sembrado,23,La21,256,15.0096,0.0380
ga_sembrado,23,La21,512,15.0096,0.0690
ga_sembrado,23,La21,1024,15.0096,0.1225
ga_sembrado,23,La21,2048,15.0096,0.2380
ga_sembrado,23,La21,4096,14.9618,0.4791
ga_sembrado,23,La21,8192,12.3805,0.9487
ga_sembrado,23,La21,16384,9.9426,1.9087
ga_sembrado,23,La21,32768,11.8069,3.8501
ga_sembrado,23,La21,65536,6.3098,7.7227
ga_sembrado,23,La21,131072,6.6922,15.3385
ga_sembrado,23,La21,262144,4.3977,31.3322
ga_sembrado,23,La21,524288,3.5373,61.7319
ga_sembrado,23,La21,1048576,3.5373,122.7727
ga_sembrado,23,La21,2097152,3.5373,244.9944
ga_sembrado,23,La21,4194304,3.5373,491.8170
ga_sembrado,23,La21,7699096,3.5373,900.0000
ga,23,La24,1,119.1444,0.0160
ga,23,La24,2,115.6150,0.0160
ga,23,La24,4,91.8717,0.0160
ga,23,La24,8,82.8877,0.0160
ga,23,La24,16,65.1337,0.0170
ga,23,La24,32,65.1337,0.0180
ga,23,La24,64,63.9572,0.0210
ga,23,La24,128,55.7219,0.0250
ga,23,La24,256,53.1016,0.0350
ga,23,La24,512,53.1016,0.0640
ga,23,La24,1024,46.6310,0.1245
ga,23,La24,2048,46.5241,0.2430
ga,23,La24,4096,31.7647,0.4656
ga,23,La24,8192,21.7112,0.9467
ga,23,La24,16384,12.5668,1.9157
ga,23,La24,32768,10.3743,3.8691
ga,23,La24,65536,9.0909,7.7592
ga,23,La24,131072,9.0909,15.3906
ga,23,La24,262144,9.0909,31.4502
ga,23,La24,524288,9.0909,61.9390
ga,23,La24,1048576,9.0909,123.0209
ga,23,La24,2097152,9.0909,245.8414
ga,23,La24,4194304,9.0909,493.4006
ga,23,La24,7673855,9.0909,900.0000
regla_bon,23,La21,1,15.0096,0.0050
regla_bon,23,La21,2,13.0497,0.0090
regla_bon,23,La21,4,13.0497,0.0180
regla_bon,23,La21,8,13.0497,0.0350
regla_bon,23,La21,16,13.0497,0.0696
regla_bon,23,La21,32,13.0497,0.1305
regla_bon,23,La21,64,13.0497,0.2576
regla_bon,23,La21,128,10.7075,0.5196
regla_bon,23,La21,256,10.7075,1.0397
regla_bon,23,La21,512,10.7075,2.0907
regla_bon,23,La21,1024,10.4685,4.1888
regla_bon,23,La21,2048,10.4207,8.4120
regla_bon,23,La21,4096,8.9866,16.6321
regla_bon,23,La21,8192,8.9866,33.8245
regla_bon,23,La21,16384,8.3652,66.9020
regla_bon,23,La21,32768,9.1778,133.3701
regla_bon,23,La21,65536,8.7954,266.5906
regla_bon,23,La21,131072,7.2180,535.4470
regla_bon,23,La21,221037,7.2180,900.0050
ga_sembrado,23,La24,1,10.1070,0.0190
ga_sembrado,23,La24,2,10.1070,0.0190
ga_sembrado,23,La24,4,10.1070,0.0190
ga_sembrado,23,La24,8,10.1070,0.0190
ga_sembrado,23,La24,16,10.1070,0.0200
ga_sembrado,23,La24,32,10.1070,0.0210
ga_sembrado,23,La24,64,10.1070,0.0240
ga_sembrado,23,La24,128,10.1070,0.0290
ga_sembrado,23,La24,256,10.1070,0.0390
ga_sembrado,23,La24,512,10.1070,0.0670
ga_sembrado,23,La24,1024,10.1070,0.1195
ga_sembrado,23,La24,2048,10.1070,0.2335
ga_sembrado,23,La24,4096,10.1070,0.4656
ga_sembrado,23,La24,8192,9.8396,0.9317
ga_sembrado,23,La24,16384,9.5187,1.8957
ga_sembrado,23,La24,32768,7.3262,3.8493
ga_sembrado,23,La24,65536,6.7914,7.7137
ga_sembrado,23,La24,131072,6.2567,15.3301
ga_sembrado,23,La24,262144,6.2567,31.2642
ga_sembrado,23,La24,524288,5.6684,61.6299
ga_sembrado,23,La24,1048576,3.8503,122.3776
ga_sembrado,23,La24,2097152,2.6738,244.5287
ga_sembrado,23,La24,4194304,2.6738,490.6015
ga_sembrado,23,La24,7724953,2.6738,900.0000
regla_bon,23,La24,1,10.1070,0.0040
regla_bon,23,La24,2,10.1070,0.0090
regla_bon,23,La24,4,10.1070,0.0170
regla_bon,23,La24,8,10.1070,0.0350
regla_bon,23,La24,16,10.1070,0.0695
regla_bon,23,La24,32,10.1070,0.1395
regla_bon,23,La24,64,10.1070,0.2746
regla_bon,23,La24,128,7.8075,0.5406
regla_bon,23,La24,256,6.9519,1.0553
regla_bon,23,La24,512,6.9519,2.1128
regla_bon,23,La24,1024,6.9519,4.2370
regla_bon,23,La24,2048,6.9519,8.5651
regla_bon,23,La24,4096,5.5615,16.9333
regla_bon,23,La24,8192,5.5615,34.2975
regla_bon,23,La24,16384,4.7594,68.0329
regla_bon,23,La24,32768,4.7594,135.3153
regla_bon,23,La24,65536,6.5241,270.7594
regla_bon,23,La24,131072,5.0802,542.4140
regla_bon,23,La24,218007,5.0802,900.0021
ga,23,La25,1,93.5005,0.0140
ga,23,La25,2,93.5005,0.0140
ga,23,La25,4,87.7175,0.0140
ga,23,La25,8,74.8209,0.0150
ga,23,La25,16,69.0890,0.0150
ga,23,La25,32,69.0890,0.0170
ga,23,La25,64,64.1760,0.0180
ga,23,La25,128,57.6254,0.0220
ga,23,La25,256,57.7277,0.0320
ga,23,La25,512,53.5312,0.0620
ga,23,La25,1024,45.7523,0.1210
ga,23,La25,2048,33.8280,0.2420
ga,23,La25,4096,26.4074,0.4701
ga,23,La25,8192,12.6919,0.9324
ga,23,La25,16384,7.4719,1.8886
ga,23,La25,32768,6.0901,3.8532
ga,23,La25,65536,5.6807,7.6206
ga,23,La25,131072,5.6295,15.2776
ga,23,La25,262144,5.6295,30.6276
ga,23,La25,524288,5.6295,61.3695
ga,23,La25,1048576,5.6295,124.2552
ga,23,La25,2097152,5.6295,246.3534
ga,23,La25,4194304,5.6295,491.6991
ga,23,La25,7695578,5.6295,900.0008
ga_sembrado,23,La25,1,11.8219,0.0180
ga_sembrado,23,La25,2,11.8219,0.0180
ga_sembrado,23,La25,4,11.8219,0.0180
ga_sembrado,23,La25,8,11.8219,0.0180
ga_sembrado,23,La25,16,11.8219,0.0190
ga_sembrado,23,La25,32,11.8219,0.0200
ga_sembrado,23,La25,64,11.8219,0.0230
ga_sembrado,23,La25,128,11.8219,0.0290
ga_sembrado,23,La25,256,11.8219,0.0400
ga_sembrado,23,La25,512,11.8219,0.0670
ga_sembrado,23,La25,1024,11.8219,0.1190
ga_sembrado,23,La25,2048,11.8219,0.2461
ga_sembrado,23,La25,4096,11.8219,0.4953
ga_sembrado,23,La25,8192,11.3101,0.9741
ga_sembrado,23,La25,16384,9.9284,1.9933
ga_sembrado,23,La25,32768,8.7513,3.9062
ga_sembrado,23,La25,65536,8.7513,7.8433
ga_sembrado,23,La25,131072,8.7513,15.3823
ga_sembrado,23,La25,262144,7.4207,30.6832
ga_sembrado,23,La25,524288,6.3460,61.6594
ga_sembrado,23,La25,1048576,5.5271,124.4813
ga_sembrado,23,La25,2097152,5.5271,246.8449
ga_sembrado,23,La25,4194304,5.5271,492.9423
ga_sembrado,23,La25,7679891,5.5271,900.0002
regla_bon,23,La25,1,11.8219,0.0050
regla_bon,23,La25,2,11.8219,0.0090
regla_bon,23,La25,4,7.6254,0.0180
regla_bon,23,La25,8,7.6254,0.0360
regla_bon,23,La25,16,7.6254,0.0690
regla_bon,23,La25,32,7.6254,0.1370
regla_bon,23,La25,64,7.6254,0.2651
regla_bon,23,La25,128,7.6254,0.5203
regla_bon,23,La25,256,7.6254,1.0162
regla_bon,23,La25,512,7.5230,2.0828
regla_bon,23,La25,1024,7.5230,4.1412
regla_bon,23,La25,2048,7.5230,8.2893
regla_bon,23,La25,4096,5.9365,16.6288
regla_bon,23,La25,8192,5.3224,33.3435
regla_bon,23,La25,16384,4.9130,66.8214
regla_bon,23,La25,32768,4.9130,134.7312
regla_bon,23,La25,65536,4.9130,267.1999
regla_bon,23,La25,131072,6.0901,533.9399
regla_bon,23,La25,221406,6.0901,900.0002
ga,23,La27,1,117.0040,0.0240
ga,23,La27,2,77.8138,0.0240
ga,23,La27,4,71.9838,0.0240
ga,23,La27,8,71.9838,0.0250
ga,23,La27,16,71.9838,0.0260
ga,23,La27,32,71.9838,0.0280
ga,23,La27,64,64.6559,0.0310
ga,23,La27,128,64.6559,0.0380
ga,23,La27,256,64.6559,0.0530
ga,23,La27,512,59.7166,0.0950
ga,23,La27,1024,55.6680,0.1770
ga,23,La27,2048,47.3279,0.3291
ga,23,La27,4096,37.8543,0.6305
ga,23,La27,8192,28.6235,1.2264
ga,23,La27,16384,16.3158,2.4909
ga,23,La27,32768,9.5142,4.9620
ga,23,La27,65536,7.9352,9.9930
ga,23,La27,131072,6.2753,19.8843
ga,23,La27,262144,4.1700,39.8830
ga,23,La27,524288,3.8057,81.0876
ga,23,La27,1048576,3.8057,160.5026
ga,23,La27,2097152,3.8057,317.4188
ga,23,La27,4194304,3.8057,633.8884
ga,23,La27,5953896,3.8057,900.0002
ga_sembrado,23,La27,1,24.9798,0.0241
ga_sembrado,23,La27,2,24.9798,0.0241
ga_sembrado,23,La27,4,24.9798,0.0251
ga_sembrado,23,La27,8,24.9798,0.0251
ga_sembrado,23,La27,16,24.9798,0.0261
ga_sembrado,23,La27,32,24.9798,0.0271
ga_sembrado,23,La27,64,24.9798,0.0311
ga_sembrado,23,La27,128,24.9798,0.0371
ga_sembrado,23,La27,256,24.9798,0.0512
ga_sembrado,23,La27,512,24.9798,0.0891
ga_sembrado,23,La27,1024,24.9798,0.1762
ga_sembrado,23,La27,2048,24.9798,0.3339
ga_sembrado,23,La27,4096,20.5668,0.6371
ga_sembrado,23,La27,8192,20.9717,1.2475
ga_sembrado,23,La27,16384,16.8421,2.5055
ga_sembrado,23,La27,32768,11.3360,4.9642
ga_sembrado,23,La27,65536,10.0405,9.8710
ga_sembrado,23,La27,131072,8.6640,19.7033
ga_sembrado,23,La27,262144,8.6640,39.4264
ga_sembrado,23,La27,524288,8.6640,80.5099
ga_sembrado,23,La27,1048576,6.1134,159.2841
ga_sembrado,23,La27,2097152,6.1134,316.0711
ga_sembrado,23,La27,4194304,6.1134,630.0529
ga_sembrado,23,La27,5996894,6.1134,900.0003
regla_bon,23,La27,1,24.9798,0.0070
regla_bon,23,La27,2,24.7368,0.0130
regla_bon,23,La27,4,19.0688,0.0250
regla_bon,23,La27,8,19.0688,0.0500
regla_bon,23,La27,16,15.4656,0.1060
regla_bon,23,La27,32,15.0202,0.2107
regla_bon,23,La27,64,13.4818,0.4113
regla_bon,23,La27,128,10.6883,0.8392
regla_bon,23,La27,256,10.8502,1.7266
regla_bon,23,La27,512,10.8502,3.4329
regla_bon,23,La27,1024,10.8502,6.9068
regla_bon,23,La27,2048,10.8502,13.7598
regla_bon,23,La27,4096,9.9595,27.4995
regla_bon,23,La27,8192,9.9595,55.1174
regla_bon,23,La27,16384,8.3401,112.3992
regla_bon,23,La27,32768,8.3806,222.9130
regla_bon,23,La27,65536,8.3806,444.2243
regla_bon,23,La27,131072,8.1377,885.8778
regla_bon,23,La27,133179,8.1377,900.0032
ga,23,La29,1,100.5208,0.0200
ga,23,La29,2,68.4896,0.0200
ga,23,La29,4,68.4896,0.0200
ga,23,La29,8,68.4896,0.0210
ga,23,La29,16,68.4896,0.0210
ga,23,La29,32,68.4896,0.0230
ga,23,La29,64,68.4896,0.0260
ga,23,La29,128,68.4896,0.0320
ga,23,La29,256,63.8889,0.0450
ga,23,La29,512,65.1910,0.0830
ga,23,La29,1024,57.9427,0.1595
ga,23,La29,2048,48.2639,0.3075
ga,23,La29,4096,36.0243,0.6302
ga,23,La29,8192,32.8993,1.2641
ga,23,La29,16384,20.2257,2.5224
ga,23,La29,32768,15.4080,4.9920
ga,23,La29,65536,13.8889,9.9270
ga,23,La29,131072,13.8021,19.7233
ga,23,La29,262144,13.8021,39.3783
ga,23,La29,524288,13.8021,78.7315
ga,23,La29,1048576,13.8021,160.1987
ga,23,La29,2097152,9.2882,322.2671
ga,23,La29,4194304,7.0312,638.1995
ga,23,La29,5933485,7.0312,900.0009
regla_bon,23,La29,1,13.4115,0.0080
regla_bon,23,La29,2,13.4115,0.0150
regla_bon,23,La29,4,13.4115,0.0280
regla_bon,23,La29,8,13.4115,0.0570
regla_bon,23,La29,16,13.8021,0.1130
regla_bon,23,La29,32,13.8021,0.2166
regla_bon,23,La29,64,13.8021,0.4312
regla_bon,23,La29,128,13.8021,0.8654
regla_bon,23,La29,256,12.8472,1.7732
regla_bon,23,La29,512,11.7188,3.5162
regla_bon,23,La29,1024,11.7188,6.9735
regla_bon,23,La29,2048,11.7188,13.8870
regla_bon,23,La29,4096,11.7188,27.8105
regla_bon,23,La29,8192,11.7188,55.6499
regla_bon,23,La29,16384,10.9809,113.5547
regla_bon,23,La29,32768,10.2431,224.9921
regla_bon,23,La29,65536,10.2431,452.1648
regla_bon,23,La29,131072,9.9826,897.5427
regla_bon,23,La29,131433,9.9826,900.0034
ga,23,La38,1,90.5518,0.0260
ga,23,La38,2,75.4181,0.0260
ga,23,La38,4,75.4181,0.0260
ga,23,La38,8,75.4181,0.0270
ga,23,La38,16,68.2274,0.0280
ga,23,La38,32,68.2274,0.0290
ga,23,La38,64,68.2274,0.0330
ga,23,La38,128,59.2809,0.0400
ga,23,La38,256,59.2809,0.0540
ga,23,La38,512,59.2809,0.1011
ga,23,La38,1024,59.2809,0.1876
ga,23,La38,2048,46.6137,0.3582
ga,23,La38,4096,37.1656,0.7134
ga,23,La38,8192,28.4699,1.4102
ga,23,La38,16384,20.0669,2.7776
ga,23,La38,32768,14.0886,5.5364
ga,23,La38,65536,11.4967,11.0424
ga,23,La38,131072,11.1622,21.8734
ga,23,La38,262144,11.1204,43.9317
ga,23,La38,524288,11.1204,89.5469
ga,23,La38,1048576,11.1204,176.7440
ga,23,La38,2097152,11.1204,356.0957
ga,23,La38,4194304,11.1204,708.0214
ga,23,La38,5349855,11.1204,900.0004
ga_sembrado,23,La29,1,13.4115,0.0210
ga_sembrado,23,La29,2,13.4115,0.0210
ga_sembrado,23,La29,4,13.4115,0.0210
ga_sembrado,23,La29,8,13.4115,0.0220
ga_sembrado,23,La29,16,13.4115,0.0220
ga_sembrado,23,La29,32,13.4115,0.0240
ga_sembrado,23,La29,64,13.4115,0.0270
ga_sembrado,23,La29,128,13.4115,0.0320
ga_sembrado,23,La29,256,13.4115,0.0460
ga_sembrado,23,La29,512,13.4115,0.0781
ga_sembrado,23,La29,1024,13.4115,0.1556
ga_sembrado,23,La29,2048,13.4115,0.3081
ga_sembrado,23,La29,4096,13.0208,0.6212
ga_sembrado,23,La29,8192,12.1094,1.2566
ga_sembrado,23,La29,16384,10.4601,2.5445
ga_sembrado,23,La29,32768,9.2448,4.9805
ga_sembrado,23,La29,65536,9.2448,9.9637
ga_sembrado,23,La29,131072,8.0295,19.6078
ga_sembrado,23,La29,262144,7.9861,39.2268
ga_sembrado,23,La29,524288,7.8559,78.6390
ga_sembrado,23,La29,1048576,7.3785,159.1286
ga_sembrado,23,La29,2097152,7.3785,320.7940
ga_sembrado,23,La29,4194304,6.8576,635.8228
ga_sembrado,23,La29,5949275,6.6840,900.0004
ga_sembrado,23,La38,1,14.9666,0.0250
ga_sembrado,23,La38,2,14.9666,0.0250
ga_sembrado,23,La38,4,14.9666,0.0250
ga_sembrado,23,La38,8,14.9666,0.0260
ga_sembrado,23,La38,16,14.9666,0.0260
ga_sembrado,23,La38,32,14.9666,0.0280
ga_sembrado,23,La38,64,14.9666,0.0320
ga_sembrado,23,La38,128,14.9666,0.0400
ga_sembrado,23,La38,256,14.9666,0.0550
ga_sembrado,23,La38,512,14.9666,0.0920
ga_sembrado,23,La38,1024,14.9666,0.1785
ga_sembrado,23,La38,2048,14.9666,0.3617
ga_sembrado,23,La38,4096,13.2107,0.6968
ga_sembrado,23,La38,8192,10.9950,1.3981
ga_sembrado,23,La38,16384,8.9047,2.7306
ga_sembrado,23,La38,32768,5.9783,5.4853
ga_sembrado,23,La38,65536,5.9783,10.9492
ga_sembrado,23,La38,131072,5.9783,21.9120
ga_sembrado,23,La38,262144,5.9783,43.7206
ga_sembrado,23,La38,524288,5.9783,89.4358
ga_sembrado,23,La38,1048576,6.0619,177.2207
ga_sembrado,23,La38,2097152,6.0619,356.5263
ga_sembrado,23,La38,4194304,6.0619,707.4100
ga_sembrado,23,La38,5355930,6.0619,900.0003
regla_bon,23,La38,1,14.9666,0.0070
regla_bon,23,La38,2,14.9666,0.0130
regla_bon,23,La38,4,14.9666,0.0250
regla_bon,23,La38,8,14.9666,0.0480
regla_bon,23,La38,16,14.5485,0.1010
regla_bon,23,La38,32,11.9147,0.1980
regla_bon,23,La38,64,11.9147,0.4043
regla_bon,23,La38,128,9.9080,0.7914
regla_bon,23,La38,256,9.9080,1.6011
regla_bon,23,La38,512,9.9080,3.1461
regla_bon,23,La38,1024,7.9013,6.3217
regla_bon,23,La38,2048,7.9013,12.6948
regla_bon,23,La38,4096,8.5702,25.1961
regla_bon,23,La38,8192,8.0268,50.5499
regla_bon,23,La38,16384,8.0686,103.4343
regla_bon,23,La38,32768,8.0686,204.6819
regla_bon,23,La38,65536,8.0686,412.8682
regla_bon,23,La38,131072,7.0234,820.5703
regla_bon,23,La38,143949,7.0234,900.0014
ga,23,La40,1,73.1178,0.0280
ga,23,La40,2,73.1178,0.0280
ga,23,La40,4,73.1178,0.0280
ga,23,La40,8,73.1178,0.0280
ga,23,La40,16,69.8036,0.0290
ga,23,La40,32,69.8036,0.0310
ga,23,La40,64,69.8036,0.0340
ga,23,La40,128,69.8036,0.0400
ga,23,La40,256,67.3895,0.0530
ga,23,La40,512,55.3191,0.0950
ga,23,La40,1024,48.7725,0.1770
ga,23,La40,2048,43.0033,0.3391
ga,23,La40,4096,37.0704,0.6777
ga,23,La40,8192,26.1457,1.3565
ga,23,La40,16384,14.4845,2.7934
ga,23,La40,32768,9.1244,5.5044
ga,23,La40,65536,6.0147,10.9886
ga,23,La40,131072,6.0147,24.9751
ga,23,La40,262144,6.0147,54.1040
ga,23,La40,524288,6.0147,110.7527
ga,23,La40,1048576,6.0147,218.9085
ga,23,La40,2097152,6.0147,414.9910
ga,23,La40,4194304,6.0147,818.5996
ga,23,La40,4602421,6.0147,900.0007
regla_bon,23,La40,1,13.2570,0.0070
regla_bon,23,La40,2,13.2570,0.0130
regla_bon,23,La40,4,13.2570,0.0260
regla_bon,23,La40,8,13.2570,0.0500
regla_bon,23,La40,16,13.2570,0.0990
regla_bon,23,La40,32,13.2570,0.1950
regla_bon,23,La40,64,13.2570,0.3881
regla_bon,23,La40,128,10.1473,0.7663
regla_bon,23,La40,256,10.1473,1.5658
regla_bon,23,La40,512,11.0884,3.1351
regla_bon,23,La40,1024,11.0884,6.2642
regla_bon,23,La40,2048,7.2013,12.8946
regla_bon,23,La40,4096,7.2013,28.9993
regla_bon,23,La40,8192,7.2013,65.0437
regla_bon,23,La40,16384,7.2013,127.8760
regla_bon,23,La40,32768,7.2013,247.3677
regla_bon,23,La40,65536,7.2422,473.6414
regla_bon,23,La40,126311,7.2422,900.0012
ga,23,ABZ7,1,107.0122,0.0320
ga,23,ABZ7,2,107.0122,0.0320
ga,23,ABZ7,4,97.8659,0.0320
ga,23,ABZ7,8,83.3841,0.0320
ga,23,ABZ7,16,81.5549,0.0340
ga,23,ABZ7,32,71.0366,0.0360
ga,23,ABZ7,64,71.0366,0.0400
ga,23,ABZ7,128,59.4512,0.0490
ga,23,ABZ7,256,59.4512,0.0680
ga,23,ABZ7,512,59.4512,0.1230
ga,23,ABZ7,1024,59.4512,0.2336
ga,23,ABZ7,2048,53.8110,0.4562
ga,23,ABZ7,4096,46.3415,0.9103
ga,23,ABZ7,8192,40.7012,1.8270
ga,23,ABZ7,16384,26.2957,3.5540
ga,23,ABZ7,32768,20.2744,7.1702
ga,23,ABZ7,65536,16.7683,15.0587
ga,23,ABZ7,131072,10.8232,33.2991
ga,23,ABZ7,262144,10.8232,71.8942
ga,23,ABZ7,524288,10.8232,142.2610
ga,23,ABZ7,1048576,9.2988,277.2461
ga,23,ABZ7,2097152,9.2988,542.8046
ga,23,ABZ7,3507832,9.2988,900.0002
ga_sembrado,23,La40,1,13.2570,0.0210
ga_sembrado,23,La40,2,13.2570,0.0210
ga_sembrado,23,La40,4,13.2570,0.0210
ga_sembrado,23,La40,8,13.2570,0.0220
ga_sembrado,23,La40,16,13.2570,0.0220
ga_sembrado,23,La40,32,13.2570,0.0240
ga_sembrado,23,La40,64,13.2570,0.0260
ga_sembrado,23,La40,128,13.2570,0.0340
ga_sembrado,23,La40,256,13.2570,0.0500
ga_sembrado,23,La40,512,13.2570,0.0900
ga_sembrado,23,La40,1024,13.2570,0.1780
ga_sembrado,23,La40,2048,13.2570,0.3351
ga_sembrado,23,La40,4096,12.7660,0.6663
ga_sembrado,23,La40,8192,11.5794,1.3287
ga_sembrado,23,La40,16384,11.0475,2.7450
ga_sembrado,23,La40,32768,9.9018,5.4099
ga_sembrado,23,La40,65536,9.6154,10.9297
ga_sembrado,23,La40,131072,8.5925,25.0412
ga_sembrado,23,La40,262144,7.4877,56.9923
ga_sembrado,23,La40,524288,7.4877,113.0676
ga_sembrado,23,La40,1048576,7.4877,220.9236
ga_sembrado,23,La40,2097152,7.4877,417.3529
ga_sembrado,23,La40,4194304,7.4877,819.4643
ga_sembrado,23,La40,4596338,7.4877,900.0002
ga_sembrado,23,ABZ7,1,19.6646,0.0331
ga_sembrado,23,ABZ7,2,19.6646,0.0341
ga_sembrado,23,ABZ7,4,19.6646,0.0341
ga_sembrado,23,ABZ7,8,19.6646,0.0351
ga_sembrado,23,ABZ7,16,19.6646,0.0361
ga_sembrado,23,ABZ7,32,19.6646,0.0381
ga_sembrado,23,ABZ7,64,19.6646,0.0431
ga_sembrado,23,ABZ7,128,19.6646,0.0521
ga_sembrado,23,ABZ7,256,19.6646,0.0681
ga_sembrado,23,ABZ7,512,19.6646,0.1141
ga_sembrado,23,ABZ7,1024,19.6646,0.2246
ga_sembrado,23,ABZ7,2048,19.6646,0.4567
ga_sembrado,23,ABZ7,4096,20.2744,0.8821
ga_sembrado,23,ABZ7,8192,17.9116,1.8106
ga_sembrado,23,ABZ7,16384,14.8628,3.5897
ga_sembrado,23,ABZ7,32768,11.8140,7.1547
ga_sembrado,23,ABZ7,65536,9.9848,15.1959
ga_sembrado,23,ABZ7,131072,8.8415,33.5862
ga_sembrado,23,ABZ7,262144,7.8506,71.9905
ga_sembrado,23,ABZ7,524288,7.8506,141.4561
ga_sembrado,23,ABZ7,1048576,7.8506,276.3248
ga_sembrado,23,ABZ7,2097152,7.8506,540.8145
ga_sembrado,23,ABZ7,3512746,7.8506,900.0002
regla_bon,23,ABZ7,1,19.6646,0.0125
regla_bon,23,ABZ7,2,16.1585,0.0225
regla_bon,23,ABZ7,4,16.1585,0.0435
regla_bon,23,ABZ7,8,16.1585,0.0845
regla_bon,23,ABZ7,16,12.9573,0.1655
regla_bon,23,ABZ7,32,12.8049,0.3276
regla_bon,23,ABZ7,64,12.8049,0.6403
regla_bon,23,ABZ7,128,13.3384,1.3197
regla_bon,23,ABZ7,256,11.8902,2.6644
regla_bon,23,ABZ7,512,11.8902,5.3274
regla_bon,23,ABZ7,1024,11.8902,10.6456
regla_bon,23,ABZ7,2048,11.8902,24.0694
regla_bon,23,ABZ7,4096,11.1280,52.3732
regla_bon,23,ABZ7,8192,10.8994,107.1616
regla_bon,23,ABZ7,16384,11.2805,212.1595
regla_bon,23,ABZ7,32768,10.2134,401.3585
regla_bon,23,ABZ7,65536,10.0610,789.9304
regla_bon,23,ABZ7,74504,10.0610,900.0287
ga,23,ABZ8,1,88.3721,0.0520
ga,23,ABZ8,2,88.3721,0.0520
ga,23,ABZ8,4,88.3721,0.0530
ga,23,ABZ8,8,88.3721,0.0530
ga,23,ABZ8,16,85.2713,0.0540
ga,23,ABZ8,32,71.6279,0.0570
ga,23,ABZ8,64,71.6279,0.0620
ga,23,ABZ8,128,71.6279,0.0810
ga,23,ABZ8,256,71.6279,0.1090
ga,23,ABZ8,512,69.5349,0.1780
ga,23,ABZ8,1024,67.1318,0.3361
ga,23,ABZ8,2048,60.0000,0.6136
ga,23,ABZ8,4096,51.7054,1.2078
ga,23,ABZ8,8192,42.3256,2.1859
ga,23,ABZ8,16384,29.3023,4.1874
ga,23,ABZ8,32768,22.5581,8.1836
ga,23,ABZ8,65536,17.8295,16.5396
ga,23,ABZ8,131072,17.1318,31.8132
ga,23,ABZ8,262144,17.1318,62.6353
ga,23,ABZ8,524288,17.1318,124.5656
ga,23,ABZ8,1048576,11.3953,263.1554
ga,23,ABZ8,2097152,10.5426,514.2690
ga,23,ABZ8,3579043,10.5426,900.0008
ga,23,ABZ9,1,135.2496,0.0390
ga,23,ABZ9,2,94.5537,0.0390
ga,23,ABZ9,4,94.5537,0.0390
ga,23,ABZ9,8,94.5537,0.0400
ga,23,ABZ9,16,83.9637,0.0410
ga,23,ABZ9,32,83.9637,0.0430
ga,23,ABZ9,64,83.9637,0.0490
ga,23,ABZ9,128,73.3737,0.0580
ga,23,ABZ9,256,70.1210,0.0780
ga,23,ABZ9,512,70.1210,0.1440
ga,23,ABZ9,1024,64.4478,0.2930
ga,23,ABZ9,2048,59.9849,0.6172
ga,23,ABZ9,4096,55.5976,1.1229
ga,23,ABZ9,8192,38.7292,2.0825
ga,23,ABZ9,16384,31.0893,4.0668
ga,23,ABZ9,32768,23.0711,8.0626
ga,23,ABZ9,65536,19.9697,16.4980
ga,23,ABZ9,131072,19.9697,31.8287
ga,23,ABZ9,262144,20.1210,62.8824
ga,23,ABZ9,524288,18.6082,125.3204
ga,23,ABZ9,1048576,16.1876,265.1916
ga,23,ABZ9,2097152,15.2042,517.4799
ga,23,ABZ9,3549868,15.2042,900.0002
regla_bon,23,ABZ8,1,24.7287,0.0130
regla_bon,23,ABZ8,2,24.7287,0.0240
regla_bon,23,ABZ8,4,24.5736,0.0470
regla_bon,23,ABZ8,8,20.7752,0.0940
regla_bon,23,ABZ8,16,20.7752,0.2030
regla_bon,23,ABZ8,32,20.7752,0.4351
regla_bon,23,ABZ8,64,20.7752,0.8782
regla_bon,23,ABZ8,128,19.4574,1.5827
regla_bon,23,ABZ8,256,19.4574,3.0389
regla_bon,23,ABZ8,512,19.4574,6.0034
regla_bon,23,ABZ8,1024,18.2171,11.7267
regla_bon,23,ABZ8,2048,18.2171,23.8834
regla_bon,23,ABZ8,4096,18.2171,46.2231
regla_bon,23,ABZ8,8192,16.5891,92.2936
regla_bon,23,ABZ8,16384,16.3566,187.4370
regla_bon,23,ABZ8,32768,16.3566,380.0158
regla_bon,23,ABZ8,65536,16.2791,757.5378
regla_bon,23,ABZ8,75800,16.2791,900.0082
ga_sembrado,23,ABZ8,1,24.7287,0.0370
ga_sembrado,23,ABZ8,2,24.7287,0.0380
ga_sembrado,23,ABZ8,4,24.7287,0.0380
ga_sembrado,23,ABZ8,8,24.7287,0.0380
ga_sembrado,23,ABZ8,16,24.7287,0.0390
ga_sembrado,23,ABZ8,32,24.7287,0.0420
ga_sembrado,23,ABZ8,64,24.7287,0.0460
ga_sembrado,23,ABZ8,128,24.7287,0.0570
ga_sembrado,23,ABZ8,256,24.7287,0.0770
ga_sembrado,23,ABZ8,512,24.7287,0.1390
ga_sembrado,23,ABZ8,1024,24.7287,0.2840
ga_sembrado,23,ABZ8,2048,24.7287,0.5952
ga_sembrado,23,ABZ8,4096,24.7287,1.0959
ga_sembrado,23,ABZ8,8192,21.1628,2.0695
ga_sembrado,23,ABZ8,16384,19.4574,4.0338
ga_sembrado,23,ABZ8,32768,18.2946,8.0436
ga_sembrado,23,ABZ8,65536,18.1395,16.4395
ga_sembrado,23,ABZ8,131072,18.1395,31.7371
ga_sembrado,23,ABZ8,262144,17.3643,62.4967
ga_sembrado,23,ABZ8,524288,17.2868,124.4696
ga_sembrado,23,ABZ8,1048576,17.1318,263.6524
ga_sembrado,23,ABZ8,2097152,17.1318,513.0591
ga_sembrado,23,ABZ8,3582284,17.1318,900.0002
ga_sembrado,23,ABZ9,1,33.3585,0.0470
ga_sembrado,23,ABZ9,2,33.3585,0.0470
ga_sembrado,23,ABZ9,4,33.3585,0.0470
ga_sembrado,23,ABZ9,8,33.3585,0.0480
ga_sembrado,23,ABZ9,16,33.3585,0.0490
ga_sembrado,23,ABZ9,32,33.3585,0.0520
ga_sembrado,23,ABZ9,64,33.3585,0.0580
ga_sembrado,23,ABZ9,128,33.3585,0.0690
ga_sembrado,23,ABZ9,256,33.3585,0.0920
ga_sembrado,23,ABZ9,512,33.3585,0.1771
ga_sembrado,23,ABZ9,1024,33.3585,0.3141
ga_sembrado,23,ABZ9,2048,33.3585,0.5723
ga_sembrado,23,ABZ9,4096,30.0303,1.0470
ga_sembrado,23,ABZ9,8192,26.1725,1.9920
ga_sembrado,23,ABZ9,16384,25.4917,3.9824
ga_sembrado,23,ABZ9,32768,23.0711,7.8876
ga_sembrado,23,ABZ9,65536,20.8775,16.0809
ga_sembrado,23,ABZ9,131072,19.4402,31.3716
ga_sembrado,23,ABZ9,262144,19.2133,61.8426
ga_sembrado,23,ABZ9,524288,17.0197,123.6002
ga_sembrado,23,ABZ9,1048576,15.8094,260.8131
ga_sembrado,23,ABZ9,2097152,15.8094,510.5778
ga_sembrado,23,ABZ9,3610903,15.8094,900.0009
regla_bon,23,ABZ9,1,33.3585,0.0230
regla_bon,23,ABZ9,2,31.6188,0.0440
regla_bon,23,ABZ9,4,28.8200,0.0960
regla_bon,23,ABZ9,8,28.8200,0.1571
regla_bon,23,ABZ9,16,28.8200,0.2611
regla_bon,23,ABZ9,32,28.8200,0.4472
regla_bon,23,ABZ9,64,28.2905,0.7978
regla_bon,23,ABZ9,128,26.3238,1.5227
regla_bon,23,ABZ9,256,25.7186,2.9965
regla_bon,23,ABZ9,512,23.6006,5.9828
regla_bon,23,ABZ9,1024,24.8865,11.5931
regla_bon,23,ABZ9,2048,22.3147,23.6664
regla_bon,23,ABZ9,4096,22.6172,45.8131
regla_bon,23,ABZ9,8192,20.7262,91.4883
regla_bon,23,ABZ9,16384,20.7262,185.9957
regla_bon,23,ABZ9,32768,19.2890,377.4229
regla_bon,23,ABZ9,65536,19.2890,752.3855
regla_bon,23,ABZ9,76377,19.2890,900.0119
ga,24,FT10,1,82.1505,0.0110
ga,24,FT10,2,82.1505,0.0110
ga,24,FT10,4,50.4301,0.0110
ga,24,FT10,8,50.4301,0.0110
ga,24,FT10,16,50.4301,0.0120
ga,24,FT10,32,50.4301,0.0130
ga,24,FT10,64,50.4301,0.0150
ga,24,FT10,128,50.4301,0.0180
ga,24,FT10,256,50.7527,0.0230
ga,24,FT10,512,46.3441,0.0450
ga,24,FT10,1024,40.5914,0.0910
ga,24,FT10,2048,29.8925,0.2040
ga,24,FT10,4096,17.4194,0.4370
ga,24,FT10,8192,15.4301,0.8199
ga,24,FT10,16384,10.3226,1.5623
ga,24,FT10,32768,10.2151,3.0005
ga,24,FT10,65536,10.2151,5.8398
ga,24,FT10,131072,9.8925,11.5436
ga,24,FT10,262144,8.3871,24.1828
ga,24,FT10,524288,8.3871,51.6912
ga,24,FT10,1048576,8.1720,110.0889
ga,24,FT10,2097152,8.1720,212.4829
ga,24,FT10,4194304,8.1720,416.5061
ga,24,FT10,8388608,8.1720,810.2986
ga,24,FT10,9321786,8.1720,900.0000
ga_sembrado,24,FT10,1,20.3763,0.0130
ga_sembrado,24,FT10,2,20.3763,0.0130
ga_sembrado,24,FT10,4,20.3763,0.0130
ga_sembrado,24,FT10,8,20.3763,0.0140
ga_sembrado,24,FT10,16,20.3763,0.0140
ga_sembrado,24,FT10,32,20.3763,0.0150
ga_sembrado,24,FT10,64,20.3763,0.0170
ga_sembrado,24,FT10,128,20.3763,0.0210
ga_sembrado,24,FT10,256,20.3763,0.0280
ga_sembrado,24,FT10,512,20.3763,0.0597
ga_sembrado,24,FT10,1024,20.3763,0.1187
ga_sembrado,24,FT10,2048,20.3226,0.2097
ga_sembrado,24,FT10,4096,13.7634,0.3868
ga_sembrado,24,FT10,8192,8.3333,0.7641
ga_sembrado,24,FT10,16384,4.4624,1.4793
ga_sembrado,24,FT10,32768,2.7957,2.9017
ga_sembrado,24,FT10,65536,2.0430,5.7628
ga_sembrado,24,FT10,131072,2.0430,11.4007
ga_sembrado,24,FT10,262144,2.0430,24.1630
ga_sembrado,24,FT10,524288,2.0430,51.8032
ga_sembrado,24,FT10,1048576,2.0430,109.8135
ga_sembrado,24,FT10,2097152,2.0430,211.9518
ga_sembrado,24,FT10,4194304,2.0430,415.4648
ga_sembrado,24,FT10,8388608,1.7204,809.9002
ga_sembrado,24,FT10,9327868,1.7204,900.0001
ga,24,FT20,1,82.2318,0.0160
ga,24,FT20,2,72.9614,0.0160
ga,24,FT20,4,72.9614,0.0160
ga,24,FT20,8,69.6137,0.0170
ga,24,FT20,16,56.4378,0.0170
ga,24,FT20,32,56.4378,0.0200
ga,24,FT20,64,56.4378,0.0230
ga,24,FT20,128,49.3991,0.0277
ga,24,FT20,256,39.4850,0.0367
ga,24,FT20,512,39.4850,0.0687
ga,24,FT20,1024,35.1073,0.1247
ga,24,FT20,2048,33.3906,0.2157
ga,24,FT20,4096,24.4635,0.3998
ga,24,FT20,8192,16.0515,0.7871
ga,24,FT20,16384,7.7253,1.5044
ga,24,FT20,32768,4.0343,2.9543
ga,24,FT20,65536,3.0901,5.8009
ga,24,FT20,131072,2.9185,11.5062
ga,24,FT20,262144,2.9185,24.3397
ga,24,FT20,524288,2.9185,52.0497
ga,24,FT20,1048576,2.9185,110.7163
ga,24,FT20,2097152,2.9185,213.7937
ga,24,FT20,4194304,2.9185,418.7791
ga,24,FT20,8388608,2.9185,816.4500
ga,24,FT20,9250727,2.9185,900.0001
regla_bon,24,FT10,1,20.3763,0.0020
regla_bon,24,FT10,2,20.3763,0.0060
regla_bon,24,FT10,4,17.1505,0.0110
regla_bon,24,FT10,8,15.1075,0.0220
regla_bon,24,FT10,16,9.6774,0.0427
regla_bon,24,FT10,32,7.7419,0.0897
regla_bon,24,FT10,64,7.7419,0.1642
regla_bon,24,FT10,128,7.7419,0.3127
regla_bon,24,FT10,256,7.6344,0.6189
regla_bon,24,FT10,512,7.6344,1.2053
regla_bon,24,FT10,1024,7.6344,2.3637
regla_bon,24,FT10,2048,5.4839,4.6522
regla_bon,24,FT10,4096,5.4839,9.2626
regla_bon,24,FT10,8192,3.8710,18.3967
regla_bon,24,FT10,16384,3.8710,40.3363
regla_bon,24,FT10,32768,3.8710,89.9689
regla_bon,24,FT10,65536,3.7097,172.5171
regla_bon,24,FT10,131072,3.7097,333.5118
regla_bon,24,FT10,262144,3.7097,657.3428
regla_bon,24,FT10,363276,3.7097,900.0011
ga_sembrado,24,FT20,1,13.2189,0.0130
ga_sembrado,24,FT20,2,13.2189,0.0130
ga_sembrado,24,FT20,4,13.2189,0.0130
ga_sembrado,24,FT20,8,13.2189,0.0130
ga_sembrado,24,FT20,16,13.2189,0.0140
ga_sembrado,24,FT20,32,13.2189,0.0150
ga_sembrado,24,FT20,64,13.2189,0.0170
ga_sembrado,24,FT20,128,13.2189,0.0200
ga_sembrado,24,FT20,256,13.2189,0.0280
ga_sembrado,24,FT20,512,13.2189,0.0560
ga_sembrado,24,FT20,1024,13.2189,0.1090
ga_sembrado,24,FT20,2048,13.2189,0.2051
ga_sembrado,24,FT20,4096,13.2189,0.3812
ga_sembrado,24,FT20,8192,13.2189,0.7415
ga_sembrado,24,FT20,16384,11.9742,1.4782
ga_sembrado,24,FT20,32768,11.3305,2.9031
ga_sembrado,24,FT20,65536,9.0129,5.7918
ga_sembrado,24,FT20,131072,4.0343,11.5307
ga_sembrado,24,FT20,262144,4.0343,24.4501
ga_sembrado,24,FT20,524288,2.3605,52.1933
ga_sembrado,24,FT20,1048576,1.8026,110.1084
ga_sembrado,24,FT20,2097152,1.6738,213.4273
ga_sembrado,24,FT20,4194304,1.6738,419.0318
ga_sembrado,24,FT20,8388608,1.6738,817.4591
ga_sembrado,24,FT20,9238761,1.6738,900.0003
regla_bon,24,FT20,1,13.2189,0.0050
regla_bon,24,FT20,2,13.2189,0.0120
regla_bon,24,FT20,4,13.2189,0.0170
regla_bon,24,FT20,8,13.2189,0.0300
regla_bon,24,FT20,16,12.5322,0.0571
regla_bon,24,FT20,32,12.5322,0.1101
regla_bon,24,FT20,64,12.5322,0.2161
regla_bon,24,FT20,128,10.9871,0.4153
regla_bon,24,FT20,256,10.3004,0.8305
regla_bon,24,FT20,512,9.9571,1.6693
regla_bon,24,FT20,1024,7.3391,3.2882
regla_bon,24,FT20,2048,7.3391,6.5626
regla_bon,24,FT20,4096,7.3391,13.1292
regla_bon,24,FT20,8192,6.0944,28.0549
regla_bon,24,FT20,16384,6.0944,60.7397
regla_bon,24,FT20,32768,6.0944,124.2410
regla_bon,24,FT20,65536,5.4077,243.4069
regla_bon,24,FT20,131072,5.4077,477.3493
regla_bon,24,FT20,254176,5.4077,900.0003
ga,24,La21,1,102.7725,0.0200
ga,24,La21,2,98.0880,0.0200
ga,24,La21,4,76.7686,0.0200
ga,24,La21,8,68.9293,0.0200
ga,24,La21,16,67.2084,0.0210
ga,24,La21,32,59.7514,0.0230
ga,24,La21,64,57.8394,0.0260
ga,24,La21,128,51.5296,0.0310
ga,24,La21,256,51.5296,0.0410
ga,24,La21,512,49.7610,0.0740
ga,24,La21,1024,45.9847,0.1310
ga,24,La21,2048,36.5201,0.2515
ga,24,La21,4096,29.8279,0.5046
ga,24,La21,8192,19.6463,1.0827
ga,24,La21,16384,10.9943,2.0643
ga,24,La21,32768,7.1702,4.0825
ga,24,La21,65536,6.2141,8.5274
ga,24,La21,131072,3.1549,16.6589
ga,24,La21,262144,3.1549,33.3825
ga,24,La21,524288,3.1549,67.7930
ga,24,La21,1048576,3.1549,137.7346
ga,24,La21,2097152,3.1549,279.1271
ga,24,La21,4194304,3.1549,561.6978
ga,24,La21,6708836,3.1549,900.0003
ga,24,La24,1,102.3529,0.0160
ga,24,La24,2,102.3529,0.0160
ga,24,La24,4,102.3529,0.0160
ga,24,La24,8,91.4439,0.0160
ga,24,La24,16,74.8663,0.0170
ga,24,La24,32,69.1979,0.0180
ga,24,La24,64,58.1818,0.0200
ga,24,La24,128,50.4813,0.0240
ga,24,La24,256,50.4813,0.0340
ga,24,La24,512,52.6203,0.0645
ga,24,La24,1024,48.9840,0.1290
ga,24,La24,2048,39.2513,0.2731
ga,24,La24,4096,29.8396,0.5702
ga,24,La24,8192,19.0909,1.0694
ga,24,La24,16384,12.2995,2.1068
ga,24,La24,32768,10.3743,4.1242
ga,24,La24,65536,10.3743,8.6062
ga,24,La24,131072,10.3743,16.8146
ga,24,La24,262144,10.3743,33.4642
ga,24,La24,524288,4.2781,67.9879
ga,24,La24,1048576,4.7059,137.9695
ga,24,La24,2097152,4.2246,279.2029
ga,24,La24,4194304,4.2246,562.4307
ga,24,La24,6689365,4.2246,900.0001
regla_bon,24,La21,1,15.0096,0.0050
regla_bon,24,La21,2,15.0096,0.0090
regla_bon,24,La21,4,14.0535,0.0190
regla_bon,24,La21,8,13.7189,0.0370
regla_bon,24,La21,16,12.4283,0.0720
regla_bon,24,La21,32,12.4283,0.1410
regla_bon,24,La21,64,12.4283,0.2981
regla_bon,24,La21,128,12.4283,0.6167
regla_bon,24,La21,256,10.6119,1.1605
regla_bon,24,La21,512,10.6119,2.2638
regla_bon,24,La21,1024,10.6119,4.4583
regla_bon,24,La21,2048,10.6119,9.2646
regla_bon,24,La21,4096,10.3728,18.1389
regla_bon,24,La21,8192,10.3728,36.1360
regla_bon,24,La21,16384,8.0784,73.6165
regla_bon,24,La21,32768,8.3652,150.3617
regla_bon,24,La21,65536,8.3652,302.5106
regla_bon,24,La21,131072,8.7476,612.0173
regla_bon,24,La21,192558,8.7476,900.0001
ga_sembrado,24,La21,1,15.0096,0.0150
ga_sembrado,24,La21,2,15.0096,0.0160
ga_sembrado,24,La21,4,15.0096,0.0160
ga_sembrado,24,La21,8,15.0096,0.0160
ga_sembrado,24,La21,16,15.0096,0.0170
ga_sembrado,24,La21,32,15.0096,0.0180
ga_sembrado,24,La21,64,15.0096,0.0200
ga_sembrado,24,La21,128,15.0096,0.0250
ga_sembrado,24,La21,256,15.0096,0.0350
ga_sembrado,24,La21,512,15.0096,0.0665
ga_sembrado,24,La21,1024,15.0096,0.1300
ga_sembrado,24,La21,2048,15.0096,0.2721
ga_sembrado,24,La21,4096,15.9656,0.5717
ga_sembrado,24,La21,8192,12.9063,1.0653
ga_sembrado,24,La21,16384,11.9981,2.0923
ga_sembrado,24,La21,32768,9.7036,4.0781
ga_sembrado,24,La21,65536,9.5124,8.5630
ga_sembrado,24,La21,131072,8.5086,16.6485
ga_sembrado,24,La21,262144,7.3614,33.2331
ga_sembrado,24,La21,524288,8.3174,67.3880
ga_sembrado,24,La21,1048576,6.3098,136.8763
ga_sembrado,24,La21,2097152,6.3098,277.2279
ga_sembrado,24,La21,4194304,6.3098,559.0991
ga_sembrado,24,La21,6730097,6.3098,900.0001
ga_sembrado,24,La24,1,10.1070,0.0200
ga_sembrado,24,La24,2,10.1070,0.0200
ga_sembrado,24,La24,4,10.1070,0.0200
ga_sembrado,24,La24,8,10.1070,0.0210
ga_sembrado,24,La24,16,10.1070,0.0220
ga_sembrado,24,La24,32,10.1070,0.0230
ga_sembrado,24,La24,64,10.1070,0.0270
ga_sembrado,24,La24,128,10.1070,0.0320
ga_sembrado,24,La24,256,10.1070,0.0460
ga_sembrado,24,La24,512,10.1070,0.0786
ga_sembrado,24,La24,1024,10.1070,0.1546
ga_sembrado,24,La24,2048,10.1070,0.2827
ga_sembrado,24,La24,4096,10.1070,0.5328
ga_sembrado,24,La24,8192,9.8396,1.0276
ga_sembrado,24,La24,16384,8.5561,2.0458
ga_sembrado,24,La24,32768,7.2193,4.0382
ga_sembrado,24,La24,65536,5.7219,8.4793
ga_sembrado,24,La24,131072,4.7594,16.5416
ga_sembrado,24,La24,262144,4.7059,33.1651
ga_sembrado,24,La24,524288,3.4759,67.3310
ga_sembrado,24,La24,1048576,3.4759,136.7209
ga_sembrado,24,La24,2097152,2.6738,276.9454
ga_sembrado,24,La24,4194304,2.6738,558.5305
ga_sembrado,24,La24,6748078,2.6738,900.0009
regla_bon,24,La24,1,10.1070,0.0060
regla_bon,24,La24,2,10.1070,0.0100
regla_bon,24,La24,4,10.1070,0.0210
regla_bon,24,La24,8,10.1070,0.0426
regla_bon,24,La24,16,10.1070,0.0886
regla_bon,24,La24,32,10.1070,0.1596
regla_bon,24,La24,64,10.5882,0.2957
regla_bon,24,La24,128,8.2888,0.5623
regla_bon,24,La24,256,8.2888,1.1071
regla_bon,24,La24,512,7.1658,2.2064
regla_bon,24,La24,1024,7.1658,4.3879
regla_bon,24,La24,2048,7.1658,9.1841
regla_bon,24,La24,4096,7.1658,18.0281
regla_bon,24,La24,8192,6.3102,36.1801
regla_bon,24,La24,16384,6.3102,73.5656
regla_bon,24,La24,32768,6.3102,150.3074
regla_bon,24,La24,65536,5.2406,302.8826
regla_bon,24,La24,131072,4.9733,613.4573
regla_bon,24,La24,192560,4.9733,900.0025
ga,24,La25,1,107.3695,0.0181
ga,24,La25,2,95.8035,0.0181
ga,24,La25,4,91.4534,0.0181
ga,24,La25,8,82.0880,0.0186
ga,24,La25,16,66.9396,0.0186
ga,24,La25,32,62.0266,0.0206
ga,24,La25,64,62.0266,0.0226
ga,24,La25,128,62.2313,0.0276
ga,24,La25,256,51.5865,0.0366
ga,24,La25,512,50.7165,0.0676
ga,24,La25,1024,39.6111,0.1536
ga,24,La25,2048,38.0757,0.3047
ga,24,La25,4096,28.6592,0.6134
ga,24,La25,8192,20.6755,1.4779
ga,24,La25,16384,9.0583,2.8109
ga,24,La25,32768,6.6530,4.9345
ga,24,La25,65536,6.0389,9.1536
ga,24,La25,131072,5.9365,19.0554
ga,24,La25,262144,5.9365,35.1569
ga,24,La25,524288,5.9365,73.0810
ga,24,La25,1048576,5.9365,140.1915
ga,24,La25,2097152,5.9365,280.9199
ga,24,La25,4194304,5.9365,538.8983
ga,24,La25,7219020,5.3224,900.0003
ga,24,La27,1,92.1862,0.0260
ga,24,La27,2,92.1862,0.0260
ga,24,La27,4,77.1660,0.0271
ga,24,La27,8,77.1660,0.0271
ga,24,La27,16,63.9271,0.0281
ga,24,La27,32,63.9271,0.0291
ga,24,La27,64,56.8421,0.0330
ga,24,La27,128,56.8421,0.0401
ga,24,La27,256,56.8421,0.0540
ga,24,La27,512,53.3603,0.0966
ga,24,La27,1024,49.4737,0.1917
ga,24,La27,2048,45.3036,0.3869
ga,24,La27,4096,34.9798,0.8061
ga,24,La27,8192,26.1538,1.7607
ga,24,La27,16384,12.1457,3.0434
ga,24,La27,32768,7.9757,5.8729
ga,24,La27,65536,6.8826,11.1179
ga,24,La27,131072,5.3036,23.2834
ga,24,La27,262144,5.2227,46.3877
ga,24,La27,524288,5.2227,91.3127
ga,24,La27,1048576,5.2227,178.4604
ga,24,La27,2097152,5.2227,354.8136
ga,24,La27,4194304,5.2227,677.0932
ga,24,La27,5650566,5.2227,900.0008
regla_bon,24,La25,1,11.8219,0.0080
regla_bon,24,La25,2,11.8219,0.0140
regla_bon,24,La25,4,9.7748,0.0271
regla_bon,24,La25,8,9.7748,0.0470
regla_bon,24,La25,16,9.7748,0.0836
regla_bon,24,La25,32,9.7748,0.1606
regla_bon,24,La25,64,9.7748,0.3128
regla_bon,24,La25,128,8.8025,0.6281
regla_bon,24,La25,256,9.3142,1.5467
regla_bon,24,La25,512,8.0860,2.6772
regla_bon,24,La25,1024,6.4483,4.9963
regla_bon,24,La25,2048,6.4483,9.4788
regla_bon,24,La25,4096,5.3224,20.1614
regla_bon,24,La25,8192,5.3224,37.7506
regla_bon,24,La25,16384,5.3224,77.8024
regla_bon,24,La25,32768,5.4248,151.0444
regla_bon,24,La25,65536,5.4248,301.2730
regla_bon,24,La25,131072,5.3224,579.0676
regla_bon,24,La25,208557,4.5548,900.0048
ga_sembrado,24,La25,1,11.8219,0.0240
ga_sembrado,24,La25,2,11.8219,0.0240
ga_sembrado,24,La25,4,11.8219,0.0251
ga_sembrado,24,La25,8,11.8219,0.0251
ga_sembrado,24,La25,16,11.8219,0.0260
ga_sembrado,24,La25,32,11.8219,0.0270
ga_sembrado,24,La25,64,11.8219,0.0310
ga_sembrado,24,La25,128,11.8219,0.0370
ga_sembrado,24,La25,256,11.8219,0.0480
ga_sembrado,24,La25,512,11.8219,0.0816
ga_sembrado,24,La25,1024,11.8219,0.1576
ga_sembrado,24,La25,2048,11.8219,0.3023
ga_sembrado,24,La25,4096,12.2825,0.6081
ga_sembrado,24,La25,8192,9.7236,1.4907
ga_sembrado,24,La25,16384,8.8025,2.5402
ga_sembrado,24,La25,32768,8.8025,4.6917
ga_sembrado,24,La25,65536,8.8025,8.8443
ga_sembrado,24,La25,131072,8.8025,18.8297
ga_sembrado,24,La25,262144,7.4207,35.0038
ga_sembrado,24,La25,524288,7.4207,72.6792
ga_sembrado,24,La25,1048576,7.4207,139.6222
ga_sembrado,24,La25,2097152,7.4207,280.1640
ga_sembrado,24,La25,4194304,7.4207,537.4583
ga_sembrado,24,La25,7241662,7.4207,900.0008
ga_sembrado,24,La27,1,24.9798,0.0286
ga_sembrado,24,La27,2,24.9798,0.0286
ga_sembrado,24,La27,4,24.9798,0.0286
ga_sembrado,24,La27,8,24.9798,0.0296
ga_sembrado,24,La27,16,24.9798,0.0296
ga_sembrado,24,La27,32,24.9798,0.0316
ga_sembrado,24,La27,64,24.9798,0.0346
ga_sembrado,24,La27,128,24.9798,0.0426
ga_sembrado,24,La27,256,24.9798,0.0556
ga_sembrado,24,La27,512,24.9798,0.1096
ga_sembrado,24,La27,1024,24.9798,0.2151
ga_sembrado,24,La27,2048,24.9798,0.8041
ga_sembrado,24,La27,4096,20.0000,1.2577
ga_sembrado,24,La27,8192,17.3684,1.9462
ga_sembrado,24,La27,16384,14.6559,3.3345
ga_sembrado,24,La27,32768,13.1174,6.0796
ga_sembrado,24,La27,65536,10.2834,11.4584
ga_sembrado,24,La27,131072,9.6761,23.4704
ga_sembrado,24,La27,262144,9.4332,46.3909
ga_sembrado,24,La27,524288,9.4332,91.9096
ga_sembrado,24,La27,1048576,9.4332,179.5170
ga_sembrado,24,La27,2097152,8.2591,356.7926
ga_sembrado,24,La27,4194304,8.2591,679.7275
ga_sembrado,24,La27,5627398,8.2591,900.0006
regla_bon,24,La27,1,24.9798,0.0140
regla_bon,24,La27,2,24.2915,0.0250
regla_bon,24,La27,4,20.9717,0.0400
regla_bon,24,La27,8,16.2348,0.0760
regla_bon,24,La27,16,17.0040,0.1516
regla_bon,24,La27,32,17.0040,0.3456
regla_bon,24,La27,64,13.2794,0.7616
regla_bon,24,La27,128,13.4413,1.3729
regla_bon,24,La27,256,12.0243,2.2957
regla_bon,24,La27,512,12.0243,4.2382
regla_bon,24,La27,1024,12.5506,8.0162
regla_bon,24,La27,2048,9.9190,16.7976
regla_bon,24,La27,4096,9.3117,32.0765
regla_bon,24,La27,8192,9.3117,66.5202
regla_bon,24,La27,16384,9.4332,126.3681
regla_bon,24,La27,32768,9.4332,254.6875
regla_bon,24,La27,65536,6.6802,489.9290
regla_bon,24,La27,124862,6.6802,900.0032
ga,24,La29,1,123.0903,0.0250
ga,24,La29,2,108.7674,0.0250
ga,24,La29,4,91.2326,0.0260
ga,24,La29,8,91.2326,0.0260
ga,24,La29,16,82.8993,0.0270
ga,24,La29,32,79.8611,0.0290
ga,24,La29,64,74.9132,0.0320
ga,24,La29,128,68.2726,0.0390
ga,24,La29,256,57.6389,0.0540
ga,24,La29,512,57.6389,0.0960
ga,24,La29,1024,48.6545,0.1752
ga,24,La29,2048,43.1858,0.3337
ga,24,La29,4096,36.6319,0.6450
ga,24,La29,8192,26.7795,1.2540
ga,24,La29,16384,18.8368,2.5071
ga,24,La29,32768,14.4097,5.0140
ga,24,La29,65536,12.0660,10.0250
ga,24,La29,131072,8.1597,19.9626
ga,24,La29,262144,8.1597,39.7900
ga,24,La29,524288,7.3351,79.7298
ga,24,La29,1048576,7.1181,159.2610
ga,24,La29,2097152,7.1181,318.5300
ga,24,La29,4194304,7.1181,667.5488
ga,24,La29,5344079,7.1181,900.0002
ga,24,La38,1,89.6739,0.0210
ga,24,La38,2,89.6739,0.0210
ga,24,La38,4,89.6739,0.0210
ga,24,La38,8,73.5368,0.0220
ga,24,La38,16,73.5368,0.0230
ga,24,La38,32,71.0702,0.0240
ga,24,La38,64,59.9080,0.0280
ga,24,La38,128,59.9080,0.0350
ga,24,La38,256,59.9080,0.0481
ga,24,La38,512,58.8629,0.0912
ga,24,La38,1024,51.3378,0.1717
ga,24,La38,2048,44.6906,0.3373
ga,24,La38,4096,30.3930,0.6786
ga,24,La38,8192,27.7174,1.3616
ga,24,La38,16384,20.0669,2.7588
ga,24,La38,32768,15.7191,5.5741
ga,24,La38,65536,15.7191,11.0822
ga,24,La38,131072,15.7191,22.1184
ga,24,La38,262144,15.7191,44.1711
ga,24,La38,524288,13.2107,88.0147
ga,24,La38,1048576,11.4130,176.0838
ga,24,La38,2097152,11.4130,352.1960
ga,24,La38,4194304,11.4130,751.9557
ga,24,La38,4820719,11.4130,900.0000
regla_bon,24,La29,1,13.4115,0.0070
regla_bon,24,La29,2,13.4115,0.0130
regla_bon,24,La29,4,13.4115,0.0270
regla_bon,24,La29,8,13.4115,0.0531
regla_bon,24,La29,16,13.4115,0.1082
regla_bon,24,La29,32,13.4115,0.2198
regla_bon,24,La29,64,13.4115,0.4449
regla_bon,24,La29,128,12.3698,0.8707
regla_bon,24,La29,256,12.2396,1.7607
regla_bon,24,La29,512,12.2396,3.5368
regla_bon,24,La29,1024,12.2396,7.0667
regla_bon,24,La29,2048,10.6771,14.1280
regla_bon,24,La29,4096,10.6771,28.2860
regla_bon,24,La29,8192,10.5903,56.5304
regla_bon,24,La29,16384,10.0260,112.7508
regla_bon,24,La29,32768,10.0260,225.4219
regla_bon,24,La29,65536,9.7656,451.8341
regla_bon,24,La29,118386,9.7656,900.0040
ga_sembrado,24,La29,1,13.4115,0.0230
ga_sembrado,24,La29,2,13.4115,0.0230
ga_sembrado,24,La29,4,13.4115,0.0230
ga_sembrado,24,La29,8,13.4115,0.0240
ga_sembrado,24,La29,16,13.4115,0.0250
ga_sembrado,24,La29,32,13.4115,0.0270
ga_sembrado,24,La29,64,13.4115,0.0300
ga_sembrado,24,La29,128,13.4115,0.0370
ga_sembrado,24,La29,256,13.4115,0.0511
ga_sembrado,24,La29,512,13.4115,0.0922
ga_sembrado,24,La29,1024,13.4115,0.1727
ga_sembrado,24,La29,2048,13.4115,0.3353
ga_sembrado,24,La29,4096,13.0208,0.6396
ga_sembrado,24,La29,8192,11.5451,1.2481
ga_sembrado,24,La29,16384,10.4167,2.4971
ga_sembrado,24,La29,32768,9.7656,5.0315
ga_sembrado,24,La29,65536,8.9410,10.0329
ga_sembrado,24,La29,131072,7.9861,19.9100
ga_sembrado,24,La29,262144,7.6389,39.6659
ga_sembrado,24,La29,524288,7.2917,79.2845
ga_sembrado,24,La29,1048576,7.2483,158.4666
ga_sembrado,24,La29,2097152,7.2483,316.1593
ga_sembrado,24,La29,4194304,7.2483,662.3705
ga_sembrado,24,La29,5378955,7.2483,900.0001
ga_sembrado,24,La38,1,14.9666,0.0230
ga_sembrado,24,La38,2,14.9666,0.0230
ga_sembrado,24,La38,4,14.9666,0.0230
ga_sembrado,24,La38,8,14.9666,0.0240
ga_sembrado,24,La38,16,14.9666,0.0250
ga_sembrado,24,La38,32,14.9666,0.0260
ga_sembrado,24,La38,64,14.9666,0.0300
ga_sembrado,24,La38,128,14.9666,0.0370
ga_sembrado,24,La38,256,14.9666,0.0510
ga_sembrado,24,La38,512,14.9666,0.0971
ga_sembrado,24,La38,1024,14.9666,0.1851
ga_sembrado,24,La38,2048,14.9666,0.3638
ga_sembrado,24,La38,4096,14.5067,0.7069
ga_sembrado,24,La38,8192,10.5351,1.4083
ga_sembrado,24,La38,16384,8.5284,2.8342
ga_sembrado,24,La38,32768,6.0619,5.5803
ga_sembrado,24,La38,65536,6.0619,11.0717
ga_sembrado,24,La38,131072,6.0619,22.1618
ga_sembrado,24,La38,262144,6.0619,44.1943
ga_sembrado,24,La38,524288,6.0619,88.0774
ga_sembrado,24,La38,1048576,6.0619,176.1974
ga_sembrado,24,La38,2097152,6.0619,352.3665
ga_sembrado,24,La38,4194304,5.4766,751.7039
ga_sembrado,24,La38,4822281,5.4766,900.0009
regla_bon,24,La38,1,14.9666,0.0070
regla_bon,24,La38,2,14.9666,0.0140
regla_bon,24,La38,4,14.9666,0.0240
regla_bon,24,La38,8,13.0435,0.0511
regla_bon,24,La38,16,13.0435,0.1021
regla_bon,24,La38,32,13.0435,0.2026
regla_bon,24,La38,64,13.0435,0.3998
regla_bon,24,La38,128,11.2876,0.7810
regla_bon,24,La38,256,8.8629,1.5799
regla_bon,24,La38,512,8.8629,3.1919
regla_bon,24,La38,1024,8.8629,6.3630
regla_bon,24,La38,2048,8.8629,12.7098
regla_bon,24,La38,4096,8.2358,25.4633
regla_bon,24,La38,8192,8.2358,50.9342
regla_bon,24,La38,16384,7.2742,101.9659
regla_bon,24,La38,32768,8.1940,203.7897
regla_bon,24,La38,65536,7.0234,408.2417
regla_bon,24,La38,130507,7.0234,900.0014
ga,24,La40,1,78.6825,0.0260
ga,24,La40,2,78.6825,0.0260
ga,24,La40,4,78.6825,0.0270
ga,24,La40,8,78.6825,0.0270
ga,24,La40,16,78.6825,0.0280
ga,24,La40,32,78.6825,0.0300
ga,24,La40,64,69.8854,0.0330
ga,24,La40,128,69.9673,0.0410
ga,24,La40,256,60.5155,0.0550
ga,24,La40,512,55.7283,0.1030
ga,24,La40,1024,53.3552,0.2050
ga,24,La40,2048,42.7169,0.3841
ga,24,La40,4096,35.0245,0.7672
ga,24,La40,8192,24.4272,1.5377
ga,24,La40,16384,14.0753,3.2991
ga,24,La40,32768,9.2471,6.6175
ga,24,La40,65536,8.3470,13.2684
ga,24,La40,131072,8.3470,25.5192
ga,24,La40,262144,8.0196,50.8377
ga,24,La40,524288,7.8560,102.3021
ga,24,La40,1048576,7.8560,198.6283
ga,24,La40,2097152,7.8560,383.5877
ga,24,La40,4194304,7.8560,771.3795
ga,24,La40,4852083,7.8560,900.0005
ga,24,ABZ7,1,91.4634,0.0390
ga,24,ABZ7,2,91.4634,0.0400
ga,24,ABZ7,4,91.4634,0.0400
ga,24,ABZ7,8,91.4634,0.0410
ga,24,ABZ7,16,81.3262,0.0420
ga,24,ABZ7,32,69.3598,0.0430
ga,24,ABZ7,64,66.4634,0.0480
ga,24,ABZ7,128,66.4634,0.0590
ga,24,ABZ7,256,66.4634,0.0800
ga,24,ABZ7,512,66.0823,0.1435
ga,24,ABZ7,1024,61.8140,0.2750
ga,24,ABZ7,2048,48.0945,0.5299
ga,24,ABZ7,4096,40.8537,1.0351
ga,24,ABZ7,8192,35.7470,2.2652
ga,24,ABZ7,16384,25.3049,4.4098
ga,24,ABZ7,32768,14.9390,9.0321
ga,24,ABZ7,65536,11.3567,17.2172
ga,24,ABZ7,131072,10.8994,33.8876
ga,24,ABZ7,262144,10.8232,67.6640
ga,24,ABZ7,524288,10.8232,134.9104
ga,24,ABZ7,1048576,10.8232,257.4832
ga,24,ABZ7,2097152,10.8232,500.8809
ga,24,ABZ7,3682129,7.6220,900.0001
regla_bon,24,La40,1,13.2570,0.0080
regla_bon,24,La40,2,13.2570,0.0130
regla_bon,24,La40,4,13.2570,0.0280
regla_bon,24,La40,8,13.2570,0.0540
regla_bon,24,La40,16,13.2570,0.1080
regla_bon,24,La40,32,13.0524,0.2185
regla_bon,24,La40,64,11.8658,0.4433
regla_bon,24,La40,128,11.8249,0.8840
regla_bon,24,La40,256,12.3977,1.8861
regla_bon,24,La40,512,8.8789,3.7636
regla_bon,24,La40,1024,8.8789,7.5305
regla_bon,24,La40,2048,9.3290,14.9919
regla_bon,24,La40,4096,8.7971,29.1973
regla_bon,24,La40,8192,7.9787,58.7209
regla_bon,24,La40,16384,7.9787,116.8505
regla_bon,24,La40,32768,7.9787,226.0838
regla_bon,24,La40,65536,7.9378,438.8052
regla_bon,24,La40,131072,7.5696,891.4977
regla_bon,24,La40,132147,7.5696,900.0051
ga_sembrado,24,La40,1,13.2570,0.0280
ga_sembrado,24,La40,2,13.2570,0.0280
ga_sembrado,24,La40,4,13.2570,0.0280
ga_sembrado,24,La40,8,13.2570,0.0290
ga_sembrado,24,La40,16,13.2570,0.0300
ga_sembrado,24,La40,32,13.2570,0.0320
ga_sembrado,24,La40,64,13.2570,0.0360
ga_sembrado,24,La40,128,13.2570,0.0420
ga_sembrado,24,La40,256,13.2570,0.0590
ga_sembrado,24,La40,512,13.2570,0.1070
ga_sembrado,24,La40,1024,13.2570,0.1985
ga_sembrado,24,La40,2048,13.2570,0.3987
ga_sembrado,24,La40,4096,13.2160,0.7734
ga_sembrado,24,La40,8192,10.9656,1.6551
ga_sembrado,24,La40,16384,10.7201,3.3517
ga_sembrado,24,La40,32768,9.9018,6.5647
ga_sembrado,24,La40,65536,8.5106,13.1423
ga_sembrado,24,La40,131072,7.5696,25.4263
ga_sembrado,24,La40,262144,7.5696,50.6722
ga_sembrado,24,La40,524288,7.5696,101.8745
ga_sembrado,24,La40,1048576,7.5696,197.1206
ga_sembrado,24,La40,2097152,6.0966,381.7852
ga_sembrado,24,La40,4194304,6.0966,767.5345
ga_sembrado,24,La40,4873893,6.0966,900.0011
ga_sembrado,24,ABZ7,1,19.6646,0.0380
ga_sembrado,24,ABZ7,2,19.6646,0.0380
ga_sembrado,24,ABZ7,4,19.6646,0.0390
ga_sembrado,24,ABZ7,8,19.6646,0.0390
ga_sembrado,24,ABZ7,16,19.6646,0.0400
ga_sembrado,24,ABZ7,32,19.6646,0.0430
ga_sembrado,24,ABZ7,64,19.6646,0.0480
ga_sembrado,24,ABZ7,128,19.6646,0.0560
ga_sembrado,24,ABZ7,256,19.6646,0.0770
ga_sembrado,24,ABZ7,512,19.6646,0.1376
ga_sembrado,24,ABZ7,1024,19.6646,0.2551
ga_sembrado,24,ABZ7,2048,19.6646,0.5072
ga_sembrado,24,ABZ7,4096,16.3110,1.1081
ga_sembrado,24,ABZ7,8192,12.6524,2.3041
ga_sembrado,24,ABZ7,16384,12.2713,4.4039
ga_sembrado,24,ABZ7,32768,12.0427,8.8899
ga_sembrado,24,ABZ7,65536,10.5945,17.0820
ga_sembrado,24,ABZ7,131072,9.2226,33.7969
ga_sembrado,24,ABZ7,262144,9.1463,67.3283
ga_sembrado,24,ABZ7,524288,9.0701,134.0859
ga_sembrado,24,ABZ7,1048576,9.0701,255.7993
ga_sembrado,24,ABZ7,2097152,8.7652,497.4816
ga_sembrado,24,ABZ7,3709331,8.7652,900.0004
regla_bon,24,ABZ7,1,19.6646,0.0130
regla_bon,24,ABZ7,2,17.3780,0.0260
regla_bon,24,ABZ7,4,15.8537,0.0480
regla_bon,24,ABZ7,8,15.8537,0.0895
regla_bon,24,ABZ7,16,15.8537,0.1725
regla_bon,24,ABZ7,32,15.8537,0.3501
regla_bon,24,ABZ7,64,12.4238,0.7248
regla_bon,24,ABZ7,128,12.8811,1.6338
regla_bon,24,ABZ7,256,12.8811,3.2123
regla_bon,24,ABZ7,512,12.8811,6.4133
regla_bon,24,ABZ7,1024,12.8811,12.9301
regla_bon,24,ABZ7,2048,12.6524,25.0305
regla_bon,24,ABZ7,4096,12.6524,49.9832
regla_bon,24,ABZ7,8192,10.2896,100.3326
regla_bon,24,ABZ7,16384,10.2896,195.2569
regla_bon,24,ABZ7,32768,9.4512,377.1674
regla_bon,24,ABZ7,65536,7.3933,755.9607
regla_bon,24,ABZ7,77247,7.3933,900.0104
ga,24,ABZ8,1,104.6512,0.0450
ga,24,ABZ8,2,91.7054,0.0460
ga,24,ABZ8,4,91.7054,0.0460
ga,24,ABZ8,8,79.5349,0.0470
ga,24,ABZ8,16,69.4574,0.0520
ga,24,ABZ8,32,67.3643,0.0550
ga,24,ABZ8,64,67.3643,0.0610
ga,24,ABZ8,128,67.3643,0.0710
ga,24,ABZ8,256,67.3643,0.0945
ga,24,ABZ8,512,67.3643,0.1956
ga,24,ABZ8,1024,58.8372,0.3676
ga,24,ABZ8,2048,55.0388,0.6583
ga,24,ABZ8,4096,54.4961,1.1745
ga,24,ABZ8,8192,37.6744,2.1269
ga,24,ABZ8,16384,27.1318,4.3295
ga,24,ABZ8,32768,19.3798,9.6459
ga,24,ABZ8,65536,15.0388,19.1706
ga,24,ABZ8,131072,13.5659,36.6580
ga,24,ABZ8,262144,13.5659,73.8726
ga,24,ABZ8,524288,13.0233,151.0808
ga,24,ABZ8,1048576,13.0233,283.7977
ga,24,ABZ8,2097152,12.5581,543.8900
ga,24,ABZ8,3567386,12.4031,900.0003
regla_bon,24,ABZ8,1,24.7287,0.0140
regla_bon,24,ABZ8,2,21.3953,0.0290
regla_bon,24,ABZ8,4,21.3953,0.0540
regla_bon,24,ABZ8,8,21.3953,0.1090
regla_bon,24,ABZ8,16,21.3953,0.2031
regla_bon,24,ABZ8,32,21.3953,0.4021
regla_bon,24,ABZ8,64,20.6202,0.7493
regla_bon,24,ABZ8,128,20.6202,1.4400
regla_bon,24,ABZ8,256,20.6202,2.8562
regla_bon,24,ABZ8,512,20.6202,6.4353
regla_bon,24,ABZ8,1024,18.9922,13.1740
regla_bon,24,ABZ8,2048,19.6124,27.5688
regla_bon,24,ABZ8,4096,19.6124,53.1219
regla_bon,24,ABZ8,8192,17.5969,112.2072
regla_bon,24,ABZ8,16384,17.5969,212.1373
regla_bon,24,ABZ8,32768,17.5969,405.1141
regla_bon,24,ABZ8,65536,17.9845,778.4684
regla_bon,24,ABZ8,76144,17.9845,900.0017
ga,24,ABZ9,1,105.5976,0.0420
ga,24,ABZ9,2,105.5976,0.0420
ga,24,ABZ9,4,105.5976,0.0420
ga,24,ABZ9,8,79.2738,0.0430
ga,24,ABZ9,16,79.2738,0.0440
ga,24,ABZ9,32,79.1225,0.0470
ga,24,ABZ9,64,79.1225,0.0510
ga,24,ABZ9,128,79.1225,0.0640
ga,24,ABZ9,256,70.9531,0.0930
ga,24,ABZ9,512,70.9531,0.1565
ga,24,ABZ9,1024,62.8593,0.2971
ga,24,ABZ9,2048,62.8593,0.5487
ga,24,ABZ9,4096,48.1089,1.0109
ga,24,ABZ9,8192,32.7534,1.9672
ga,24,ABZ9,16384,26.1725,4.1919
ga,24,ABZ9,32768,19.8185,9.5313
ga,24,ABZ9,65536,16.3389,19.0467
ga,24,ABZ9,131072,14.5991,36.3138
ga,24,ABZ9,262144,12.9349,73.4828
ga,24,ABZ9,524288,12.7080,150.9060
ga,24,ABZ9,1048576,12.7080,283.7167
ga,24,ABZ9,2097152,12.4811,544.1253
ga,24,ABZ9,3567174,12.4811,900.0007
ga_sembrado,24,ABZ8,1,24.7287,0.0450
ga_sembrado,24,ABZ8,2,24.7287,0.0450
ga_sembrado,24,ABZ8,4,24.7287,0.0460
ga_sembrado,24,ABZ8,8,24.7287,0.0470
ga_sembrado,24,ABZ8,16,24.7287,0.0480
ga_sembrado,24,ABZ8,32,24.7287,0.0510
ga_sembrado,24,ABZ8,64,24.7287,0.0560
ga_sembrado,24,ABZ8,128,24.7287,0.0660
ga_sembrado,24,ABZ8,256,24.7287,0.0940
ga_sembrado,24,ABZ8,512,24.7287,0.1605
ga_sembrado,24,ABZ8,1024,24.7287,0.3061
ga_sembrado,24,ABZ8,2048,24.3411,0.5577
ga_sembrado,24,ABZ8,4096,22.7132,1.0319
ga_sembrado,24,ABZ8,8192,21.3953,1.9712
ga_sembrado,24,ABZ8,16384,21.0078,4.2074
ga_sembrado,24,ABZ8,32768,19.3023,9.4053
ga_sembrado,24,ABZ8,65536,18.6047,19.3114
ga_sembrado,24,ABZ8,131072,18.1395,36.7269
ga_sembrado,24,ABZ8,262144,18.1395,74.2767
ga_sembrado,24,ABZ8,524288,18.1395,152.4564
ga_sembrado,24,ABZ8,1048576,18.1395,285.6584
ga_sembrado,24,ABZ8,2097152,18.1395,548.1911
ga_sembrado,24,ABZ8,3535986,18.1395,900.0037
ga_sembrado,24,ABZ9,1,33.3585,0.0335
ga_sembrado,24,ABZ9,2,33.3585,0.0335
ga_sembrado,24,ABZ9,4,33.3585,0.0335
ga_sembrado,24,ABZ9,8,33.3585,0.0345
ga_sembrado,24,ABZ9,16,33.3585,0.0355
ga_sembrado,24,ABZ9,32,33.3585,0.0375
ga_sembrado,24,ABZ9,64,33.3585,0.0415
ga_sembrado,24,ABZ9,128,33.3585,0.0505
ga_sembrado,24,ABZ9,256,33.3585,0.0725
ga_sembrado,24,ABZ9,512,33.3585,0.1331
ga_sembrado,24,ABZ9,1024,33.3585,0.2551
ga_sembrado,24,ABZ9,2048,33.3585,0.4847
ga_sembrado,24,ABZ9,4096,29.2738,0.9299
ga_sembrado,24,ABZ9,8192,27.1558,1.8602
ga_sembrado,24,ABZ9,16384,26.0212,4.1005
ga_sembrado,24,ABZ9,32768,23.4493,9.2898
ga_sembrado,24,ABZ9,65536,22.1634,19.0267
ga_sembrado,24,ABZ9,131072,20.5749,36.4124
ga_sembrado,24,ABZ9,262144,19.2890,73.9766
ga_sembrado,24,ABZ9,524288,17.6248,151.2460
ga_sembrado,24,ABZ9,1048576,17.0197,283.5836
ga_sembrado,24,ABZ9,2097152,15.5825,544.3086
ga_sembrado,24,ABZ9,3564317,15.5825,900.0007
regla_bon,24,ABZ9,1,33.3585,0.0095
regla_bon,24,ABZ9,2,33.3585,0.0195
regla_bon,24,ABZ9,4,30.0303,0.0375
regla_bon,24,ABZ9,8,27.6097,0.0815
regla_bon,24,ABZ9,16,26.1725,0.1671
regla_bon,24,ABZ9,32,26.1725,0.3377
regla_bon,24,ABZ9,64,25.1891,0.6884
regla_bon,24,ABZ9,128,23.9032,1.3805
regla_bon,24,ABZ9,256,23.9032,2.8984
regla_bon,24,ABZ9,512,23.9032,6.5233
regla_bon,24,ABZ9,1024,22.0121,13.6537
regla_bon,24,ABZ9,2048,22.2390,27.9811
regla_bon,24,ABZ9,4096,21.9365,53.9537
regla_bon,24,ABZ9,8192,20.8775,113.8028
regla_bon,24,ABZ9,16384,22.3903,214.0302
regla_bon,24,ABZ9,32768,20.3480,407.9174
regla_bon,24,ABZ9,65536,20.3480,784.5749
regla_bon,24,ABZ9,75556,20.3480,900.0117
ga,25,FT10,1,87.7419,0.0140
ga,25,FT10,2,87.7419,0.0150
ga,25,FT10,4,63.8710,0.0150
ga,25,FT10,8,62.3656,0.0150
ga,25,FT10,16,51.0753,0.0160
ga,25,FT10,32,51.0753,0.0170
ga,25,FT10,64,51.0753,0.0190
ga,25,FT10,128,51.0753,0.0220
ga,25,FT10,256,42.9032,0.0360
ga,25,FT10,512,42.9032,0.0630
ga,25,FT10,1024,42.5269,0.1150
ga,25,FT10,2048,31.3978,0.2310
ga,25,FT10,4096,21.3978,0.4467
ga,25,FT10,8192,14.3548,0.8828
ga,25,FT10,16384,7.2581,1.9782
ga,25,FT10,32768,5.1613,3.9389
ga,25,FT10,65536,5.1613,7.9065
ga,25,FT10,131072,5.0538,13.6989
ga,25,FT10,262144,5.0538,25.6255
ga,25,FT10,524288,5.3763,48.6369
ga,25,FT10,1048576,5.3763,97.0751
ga,25,FT10,2097152,5.3763,201.1992
ga,25,FT10,4194304,5.3763,394.5796
ga,25,FT10,8388608,5.3763,790.7898
ga,25,FT10,9548874,5.3763,900.0005
regla_bon,25,FT10,1,20.3763,0.0030
regla_bon,25,FT10,2,19.1398,0.0090
regla_bon,25,FT10,4,19.1398,0.0140
regla_bon,25,FT10,8,11.3441,0.0240
regla_bon,25,FT10,16,11.3441,0.0430
regla_bon,25,FT10,32,7.4194,0.0840
regla_bon,25,FT10,64,7.4194,0.1751
regla_bon,25,FT10,128,7.4194,0.3491
regla_bon,25,FT10,256,7.4194,0.8092
regla_bon,25,FT10,512,5.0538,1.6467
regla_bon,25,FT10,1024,5.0538,3.2751
regla_bon,25,FT10,2048,5.0538,6.5579
regla_bon,25,FT10,4096,5.0538,11.2841
regla_bon,25,FT10,8192,5.0538,20.5918
regla_bon,25,FT10,16384,4.4086,39.3758
regla_bon,25,FT10,32768,3.8710,78.2177
regla_bon,25,FT10,65536,3.8710,162.7377
regla_bon,25,FT10,131072,3.8172,317.5240
regla_bon,25,FT10,262144,3.8172,645.4506
regla_bon,25,FT10,369552,3.8172,900.0007
ga_sembrado,25,FT10,1,20.3763,0.0130
ga_sembrado,25,FT10,2,20.3763,0.0130
ga_sembrado,25,FT10,4,20.3763,0.0130
ga_sembrado,25,FT10,8,20.3763,0.0140
ga_sembrado,25,FT10,16,20.3763,0.0140
ga_sembrado,25,FT10,32,20.3763,0.0150
ga_sembrado,25,FT10,64,20.3763,0.0170
ga_sembrado,25,FT10,128,20.3763,0.0200
ga_sembrado,25,FT10,256,20.3763,0.0290
ga_sembrado,25,FT10,512,20.3763,0.0570
ga_sembrado,25,FT10,1024,20.3763,0.1111
ga_sembrado,25,FT10,2048,20.3763,0.2291
ga_sembrado,25,FT10,4096,13.4409,0.4436
ga_sembrado,25,FT10,8192,9.2473,1.0708
ga_sembrado,25,FT10,16384,6.7742,1.9388
ga_sembrado,25,FT10,32768,2.0430,4.1681
ga_sembrado,25,FT10,65536,1.7204,7.8241
ga_sembrado,25,FT10,131072,1.7204,13.6060
ga_sembrado,25,FT10,262144,1.7204,25.4160
ga_sembrado,25,FT10,524288,1.7204,48.5069
ga_sembrado,25,FT10,1048576,1.7204,96.9936
ga_sembrado,25,FT10,2097152,1.7204,201.8877
ga_sembrado,25,FT10,4194304,1.7204,397.1823
ga_sembrado,25,FT10,8388608,1.7204,793.9081
ga_sembrado,25,FT10,9509141,1.7204,900.0007
ga,25,FT20,1,104.8927,0.0140
ga,25,FT20,2,79.6567,0.0150
ga,25,FT20,4,54.2489,0.0150
ga,25,FT20,8,51.2876,0.0150
ga,25,FT20,16,51.2876,0.0150
ga,25,FT20,32,51.2876,0.0160
ga,25,FT20,64,51.2876,0.0190
ga,25,FT20,128,46.4378,0.0230
ga,25,FT20,256,41.4163,0.0300
ga,25,FT20,512,41.4163,0.0550
ga,25,FT20,1024,35.9657,0.1131
ga,25,FT20,2048,29.0129,0.2221
ga,25,FT20,4096,23.9485,0.4326
ga,25,FT20,8192,13.3047,1.1478
ga,25,FT20,16384,9.0987,1.9978
ga,25,FT20,32768,6.4378,4.2407
ga,25,FT20,65536,1.5880,7.9136
ga,25,FT20,131072,1.3734,13.7596
ga,25,FT20,262144,1.3734,25.7231
ga,25,FT20,524288,1.3734,48.7960
ga,25,FT20,1048576,1.3734,97.8558
ga,25,FT20,2097152,1.3734,203.4091
ga,25,FT20,4194304,1.3734,399.2314
ga,25,FT20,8388608,1.3734,798.1917
ga,25,FT20,9457978,1.3734,900.0007
ga_sembrado,25,FT20,1,13.2189,0.0160
ga_sembrado,25,FT20,2,13.2189,0.0160
ga_sembrado,25,FT20,4,13.2189,0.0160
ga_sembrado,25,FT20,8,13.2189,0.0160
ga_sembrado,25,FT20,16,13.2189,0.0170
ga_sembrado,25,FT20,32,13.2189,0.0180
ga_sembrado,25,FT20,64,13.2189,0.0210
ga_sembrado,25,FT20,128,13.2189,0.0250
ga_sembrado,25,FT20,256,13.2189,0.0320
ga_sembrado,25,FT20,512,13.2189,0.0560
ga_sembrado,25,FT20,1024,13.2189,0.1100
ga_sembrado,25,FT20,2048,13.2189,0.2400
ga_sembrado,25,FT20,4096,13.2189,0.7082
ga_sembrado,25,FT20,8192,11.9742,1.1579
ga_sembrado,25,FT20,16384,11.8026,2.2633
ga_sembrado,25,FT20,32768,10.3004,4.2557
ga_sembrado,25,FT20,65536,5.5365,7.8366
ga_sembrado,25,FT20,131072,3.6481,13.6756
ga_sembrado,25,FT20,262144,3.4764,25.5452
ga_sembrado,25,FT20,524288,2.9185,48.7905
ga_sembrado,25,FT20,1048576,1.1159,97.5408
ga_sembrado,25,FT20,2097152,1.1159,203.1955
ga_sembrado,25,FT20,4194304,1.1159,398.7022
ga_sembrado,25,FT20,8388608,1.1159,799.0040
ga_sembrado,25,FT20,9447208,1.1159,900.0000
regla_bon,25,FT20,1,13.2189,0.0040
regla_bon,25,FT20,2,13.2189,0.0080
regla_bon,25,FT20,4,13.2189,0.0160
regla_bon,25,FT20,8,13.2189,0.0310
regla_bon,25,FT20,16,13.0901,0.0630
regla_bon,25,FT20,32,13.0901,0.1190
regla_bon,25,FT20,64,11.8026,0.2790
regla_bon,25,FT20,128,11.8026,0.6982
regla_bon,25,FT20,256,10.0429,1.2060
regla_bon,25,FT20,512,10.5579,2.4343
regla_bon,25,FT20,1024,7.4678,4.7503
regla_bon,25,FT20,2048,7.4678,8.6179
regla_bon,25,FT20,4096,7.1674,15.3886
regla_bon,25,FT20,8192,7.1674,28.9206
regla_bon,25,FT20,16384,7.1674,55.6219
regla_bon,25,FT20,32768,7.0386,114.8429
regla_bon,25,FT20,65536,3.8197,231.3603
regla_bon,25,FT20,131072,3.8197,460.6617
regla_bon,25,FT20,257145,3.8197,900.0007
ga,25,La21,1,115.5832,0.0150
ga,25,La21,2,112.7151,0.0150
ga,25,La21,4,81.5966,0.0150
ga,25,La21,8,81.5966,0.0150
ga,25,La21,16,58.8910,0.0160
ga,25,La21,32,58.8910,0.0170
ga,25,La21,64,49.9522,0.0200
ga,25,La21,128,49.9522,0.0250
ga,25,La21,256,49.9522,0.0350
ga,25,La21,512,49.9522,0.0670
ga,25,La21,1024,45.5545,0.1311
ga,25,La21,2048,34.2256,0.2596
ga,25,La21,4096,32.1224,0.5155
ga,25,La21,8192,20.9847,1.0138
ga,25,La21,16384,9.5602,2.0519
ga,25,La21,32768,5.5927,4.1448
ga,25,La21,65536,4.6845,8.3830
ga,25,La21,131072,4.3499,16.8357
ga,25,La21,262144,4.3499,32.7457
ga,25,La21,524288,3.5373,67.2733
ga,25,La21,1048576,2.4379,141.9183
ga,25,La21,2097152,2.3423,288.2357
ga,25,La21,4194304,2.3423,546.6461
ga,25,La21,7009063,2.3423,900.0006
regla_bon,25,La21,1,15.0096,0.0050
regla_bon,25,La21,2,15.0096,0.0085
regla_bon,25,La21,4,15.7744,0.0170
regla_bon,25,La21,8,15.2008,0.0346
regla_bon,25,La21,16,13.7667,0.0701
regla_bon,25,La21,32,12.8585,0.1372
regla_bon,25,La21,64,12.8585,0.2803
regla_bon,25,La21,128,9.9904,0.5598
regla_bon,25,La21,256,9.9904,1.1125
regla_bon,25,La21,512,9.9904,2.2694
regla_bon,25,La21,1024,9.9904,4.4903
regla_bon,25,La21,2048,9.3212,9.1107
regla_bon,25,La21,4096,9.3212,18.1720
regla_bon,25,La21,8192,8.2218,35.3706
regla_bon,25,La21,16384,8.2218,73.3932
regla_bon,25,La21,32768,8.2218,156.5607
regla_bon,25,La21,65536,8.2218,308.8784
regla_bon,25,La21,131072,7.7438,587.6795
regla_bon,25,La21,202624,7.7438,900.0014
ga_sembrado,25,La21,1,15.0096,0.0160
ga_sembrado,25,La21,2,15.0096,0.0160
ga_sembrado,25,La21,4,15.0096,0.0170
ga_sembrado,25,La21,8,15.0096,0.0170
ga_sembrado,25,La21,16,15.0096,0.0180
ga_sembrado,25,La21,32,15.0096,0.0190
ga_sembrado,25,La21,64,15.0096,0.0220
ga_sembrado,25,La21,128,15.0096,0.0280
ga_sembrado,25,La21,256,15.0096,0.0381
ga_sembrado,25,La21,512,15.0096,0.0721
ga_sembrado,25,La21,1024,15.0096,0.1432
ga_sembrado,25,La21,2048,15.0096,0.2754
ga_sembrado,25,La21,4096,15.0096,0.5354
ga_sembrado,25,La21,8192,13.4799,1.0545
ga_sembrado,25,La21,16384,13.0975,2.1219
ga_sembrado,25,La21,32768,11.2811,4.1728
ga_sembrado,25,La21,65536,11.2811,8.4285
ga_sembrado,25,La21,131072,7.6482,16.9057
ga_sembrado,25,La21,262144,5.8317,32.9901
ga_sembrado,25,La21,524288,5.4493,67.9126
ga_sembrado,25,La21,1048576,5.4493,146.0783
ga_sembrado,25,La21,2097152,5.4493,290.0151
ga_sembrado,25,La21,4194304,5.4493,550.7146
ga_sembrado,25,La21,6943937,5.4493,900.0004
ga,25,La24,1,75.4545,0.0165
ga,25,La24,2,75.4545,0.0175
ga,25,La24,4,75.4545,0.0175
ga,25,La24,8,64.5989,0.0175
ga,25,La24,16,64.5989,0.0175
ga,25,La24,32,64.5989,0.0185
ga,25,La24,64,57.0053,0.0205
ga,25,La24,128,57.0053,0.0276
ga,25,La24,256,57.0053,0.0376
ga,25,La24,512,49.7861,0.0695
ga,25,La24,1024,48.7701,0.1346
ga,25,La24,2048,37.8610,0.2638
ga,25,La24,4096,28.0214,0.5268
ga,25,La24,8192,21.3904,1.0394
ga,25,La24,16384,11.7112,2.0934
ga,25,La24,32768,5.9893,4.1663
ga,25,La24,65536,3.4225,8.4009
ga,25,La24,131072,3.4225,16.8547
ga,25,La24,262144,3.4225,32.6870
ga,25,La24,524288,3.4225,67.3567
ga,25,La24,1048576,3.4225,144.2049
ga,25,La24,2097152,3.4225,288.4137
ga,25,La24,4194304,3.4225,547.2647
ga,25,La24,6991783,3.4225,900.0009
ga_sembrado,25,La24,1,10.1070,0.0171
ga_sembrado,25,La24,2,10.1070,0.0171
ga_sembrado,25,La24,4,10.1070,0.0171
ga_sembrado,25,La24,8,10.1070,0.0171
ga_sembrado,25,La24,16,10.1070,0.0181
ga_sembrado,25,La24,32,10.1070,0.0191
ga_sembrado,25,La24,64,10.1070,0.0211
ga_sembrado,25,La24,128,10.1070,0.0261
ga_sembrado,25,La24,256,10.1070,0.0372
ga_sembrado,25,La24,512,10.1070,0.0713
ga_sembrado,25,La24,1024,10.1070,0.1374
ga_sembrado,25,La24,2048,10.1070,0.2694
ga_sembrado,25,La24,4096,9.9465,0.5203
ga_sembrado,25,La24,8192,9.8396,1.0338
ga_sembrado,25,La24,16384,9.8396,2.1069
ga_sembrado,25,La24,32768,9.1979,4.1819
ga_sembrado,25,La24,65536,6.8984,8.5030
ga_sembrado,25,La24,131072,4.6524,16.9417
ga_sembrado,25,La24,262144,3.6364,32.8311
ga_sembrado,25,La24,524288,3.3155,67.5611
ga_sembrado,25,La24,1048576,3.3155,144.6247
ga_sembrado,25,La24,2097152,3.9037,287.0145
ga_sembrado,25,La24,4194304,3.7433,545.2714
ga_sembrado,25,La24,7009501,3.7433,900.0005
regla_bon,25,La24,1,10.1070,0.0040
regla_bon,25,La24,2,10.1070,0.0100
regla_bon,25,La24,4,10.1070,0.0181
regla_bon,25,La24,8,10.1070,0.0361
regla_bon,25,La24,16,9.1979,0.0718
regla_bon,25,La24,32,9.8930,0.1393
regla_bon,25,La24,64,9.8930,0.2758
regla_bon,25,La24,128,9.8396,0.5498
regla_bon,25,La24,256,9.3048,1.0979
regla_bon,25,La24,512,7.7005,2.2474
regla_bon,25,La24,1024,8.3422,4.4870
regla_bon,25,La24,2048,8.3422,9.1929
regla_bon,25,La24,4096,8.3422,18.4357
regla_bon,25,La24,8192,6.0963,35.4100
regla_bon,25,La24,16384,6.0963,73.5280
regla_bon,25,La24,32768,6.0963,156.3489
regla_bon,25,La24,65536,5.7754,311.3256
regla_bon,25,La24,131072,6.5241,591.6224
regla_bon,25,La24,201073,4.9733,900.0035
ga,25,La25,1,57.6254,0.0170
ga,25,La25,2,57.6254,0.0180
ga,25,La25,4,57.6254,0.0180
ga,25,La25,8,57.9324,0.0180
ga,25,La25,16,57.9324,0.0190
ga,25,La25,32,57.9324,0.0210
ga,25,La25,64,57.9324,0.0240
ga,25,La25,128,57.9324,0.0290
ga,25,La25,256,51.2282,0.0410
ga,25,La25,512,47.1853,0.0790
ga,25,La25,1024,41.7093,0.1506
ga,25,La25,2048,38.3316,0.2846
ga,25,La25,4096,26.4585,0.5477
ga,25,La25,8192,20.1126,1.0552
ga,25,La25,16384,14.3296,2.0641
ga,25,La25,32768,10.0307,4.2694
ga,25,La25,65536,7.5230,8.5192
ga,25,La25,131072,7.4207,16.7276
ga,25,La25,262144,7.3183,32.9835
ga,25,La25,524288,2.7636,65.8796
ga,25,La25,1048576,2.2518,132.1854
ga,25,La25,2097152,2.2518,272.3424
ga,25,La25,4194304,2.2518,545.1457
ga,25,La25,6606301,2.2518,900.0003
ga,25,La27,1,85.7895,0.0240
ga,25,La27,2,81.3765,0.0250
ga,25,La27,4,81.3765,0.0250
ga,25,La27,8,81.3765,0.0250
ga,25,La27,16,78.4615,0.0260
ga,25,La27,32,60.5668,0.0270
ga,25,La27,64,60.5668,0.0310
ga,25,La27,128,62.2672,0.0375
ga,25,La27,256,62.2672,0.0545
ga,25,La27,512,56.2753,0.0965
ga,25,La27,1024,54.3725,0.1775
ga,25,La27,2048,46.9231,0.3455
ga,25,La27,4096,34.6154,0.6721
ga,25,La27,8192,26.5587,1.3079
ga,25,La27,16384,17.7328,2.7722
ga,25,La27,32768,8.8259,5.3798
ga,25,La27,65536,9.7976,10.8233
ga,25,La27,131072,6.2348,21.3686
ga,25,La27,262144,6.2348,42.4164
ga,25,La27,524288,6.0729,85.4056
ga,25,La27,1048576,6.0729,169.9968
ga,25,La27,2097152,6.0729,353.9373
ga,25,La27,4194304,6.0729,711.7473
ga,25,La27,5132895,6.0729,900.0005
regla_bon,25,La25,1,11.8219,0.0050
regla_bon,25,La25,2,11.8219,0.0100
regla_bon,25,La25,4,11.8219,0.0190
regla_bon,25,La25,8,11.8219,0.0385
regla_bon,25,La25,16,11.8219,0.0755
regla_bon,25,La25,32,10.9519,0.1405
regla_bon,25,La25,64,9.3654,0.2785
regla_bon,25,La25,128,9.1095,0.5445
regla_bon,25,La25,256,6.3460,1.0878
regla_bon,25,La25,512,6.1412,2.2789
regla_bon,25,La25,1024,6.1412,4.5349
regla_bon,25,La25,2048,6.1412,9.1445
regla_bon,25,La25,4096,6.1412,17.9335
regla_bon,25,La25,8192,6.1412,35.5283
regla_bon,25,La25,16384,6.1412,71.0312
regla_bon,25,La25,32768,4.9642,142.7518
regla_bon,25,La25,65536,5.3224,295.1291
regla_bon,25,La25,131072,4.5036,585.8233
regla_bon,25,La25,190687,4.5036,900.0065
ga_sembrado,25,La25,1,11.8219,0.0190
ga_sembrado,25,La25,2,11.8219,0.0190
ga_sembrado,25,La25,4,11.8219,0.0200
ga_sembrado,25,La25,8,11.8219,0.0200
ga_sembrado,25,La25,16,11.8219,0.0210
ga_sembrado,25,La25,32,11.8219,0.0220
ga_sembrado,25,La25,64,11.8219,0.0250
ga_sembrado,25,La25,128,11.8219,0.0300
ga_sembrado,25,La25,256,11.8219,0.0405
ga_sembrado,25,La25,512,11.8219,0.0745
ga_sembrado,25,La25,1024,11.8219,0.1385
ga_sembrado,25,La25,2048,11.8219,0.2746
ga_sembrado,25,La25,4096,11.8219,0.5235
ga_sembrado,25,La25,8192,11.3101,1.0417
ga_sembrado,25,La25,16384,9.9795,2.1297
ga_sembrado,25,La25,32768,9.7748,4.2719
ga_sembrado,25,La25,65536,9.7748,8.4827
ga_sembrado,25,La25,131072,8.1883,16.7662
ga_sembrado,25,La25,262144,8.1372,33.1298
ga_sembrado,25,La25,524288,8.1372,66.2402
ga_sembrado,25,La25,1048576,8.1372,132.8909
ga_sembrado,25,La25,2097152,8.1372,273.7375
ga_sembrado,25,La25,4194304,8.1372,547.5928
ga_sembrado,25,La25,6581137,8.1372,900.0005
ga_sembrado,25,La27,1,24.9798,0.0246
ga_sembrado,25,La27,2,24.9798,0.0246
ga_sembrado,25,La27,4,24.9798,0.0246
ga_sembrado,25,La27,8,24.9798,0.0256
ga_sembrado,25,La27,16,24.9798,0.0256
ga_sembrado,25,La27,32,24.9798,0.0276
ga_sembrado,25,La27,64,24.9798,0.0322
ga_sembrado,25,La27,128,24.9798,0.0387
ga_sembrado,25,La27,256,24.9798,0.0538
ga_sembrado,25,La27,512,24.9798,0.0909
ga_sembrado,25,La27,1024,24.9798,0.1750
ga_sembrado,25,La27,2048,24.9798,0.3405
ga_sembrado,25,La27,4096,24.9798,0.6623
ga_sembrado,25,La27,8192,16.9636,1.3696
ga_sembrado,25,La27,16384,13.6032,2.8074
ga_sembrado,25,La27,32768,11.8219,5.5283
ga_sembrado,25,La27,65536,10.6073,10.9124
ga_sembrado,25,La27,131072,10.6073,21.4926
ga_sembrado,25,La27,262144,10.0405,42.5252
ga_sembrado,25,La27,524288,10.0405,85.4843
ga_sembrado,25,La27,1048576,10.0405,170.1109
ga_sembrado,25,La27,2097152,10.0405,354.1386
ga_sembrado,25,La27,4194304,10.0405,710.9406
ga_sembrado,25,La27,5147082,10.0405,900.0006
regla_bon,25,La27,1,24.9798,0.0060
regla_bon,25,La27,2,24.9798,0.0120
regla_bon,25,La27,4,22.7126,0.0291
regla_bon,25,La27,8,18.0567,0.0583
regla_bon,25,La27,16,15.4251,0.1179
regla_bon,25,La27,32,15.2227,0.2309
regla_bon,25,La27,64,11.8219,0.4635
regla_bon,25,La27,128,12.4291,0.9098
regla_bon,25,La27,256,12.0648,1.9318
regla_bon,25,La27,512,10.0405,3.8437
regla_bon,25,La27,1024,10.0405,7.6500
regla_bon,25,La27,2048,10.0405,15.0974
regla_bon,25,La27,4096,10.0405,29.7643
regla_bon,25,La27,8192,10.0405,59.2690
regla_bon,25,La27,16384,8.1781,119.2504
regla_bon,25,La27,32768,8.1781,242.2960
regla_bon,25,La27,65536,8.8664,493.9079
regla_bon,25,La27,114930,8.8664,900.0030
ga,25,La29,1,99.5660,0.0281
ga,25,La29,2,99.5660,0.0281
ga,25,La29,4,99.5660,0.0291
ga,25,La29,8,88.7587,0.0291
ga,25,La29,16,88.7587,0.0321
ga,25,La29,32,78.6458,0.0341
ga,25,La29,64,71.0069,0.0381
ga,25,La29,128,60.3299,0.0441
ga,25,La29,256,60.3299,0.0631
ga,25,La29,512,57.6823,0.1060
ga,25,La29,1024,55.9896,0.1952
ga,25,La29,2048,48.6111,0.3703
ga,25,La29,4096,44.7483,0.7154
ga,25,La29,8192,31.2934,1.4337
ga,25,La29,16384,21.4844,2.9825
ga,25,La29,32768,13.8889,5.6383
ga,25,La29,65536,10.6337,11.2472
ga,25,La29,131072,10.4167,21.7898
ga,25,La29,262144,9.4618,47.4966
ga,25,La29,524288,9.4618,90.7795
ga,25,La29,1048576,9.4618,181.0154
ga,25,La29,2097152,9.4618,381.5139
ga,25,La29,4194304,9.4618,750.3590
ga,25,La29,5080339,9.4618,900.0009
ga,25,La38,1,94.8997,0.0280
ga,25,La38,2,94.8997,0.0280
ga,25,La38,4,96.3211,0.0280
ga,25,La38,8,78.0936,0.0290
ga,25,La38,16,78.0936,0.0300
ga,25,La38,32,70.4431,0.0310
ga,25,La38,64,70.4431,0.0350
ga,25,La38,128,66.3462,0.0430
ga,25,La38,256,69.9833,0.0570
ga,25,La38,512,58.7793,0.1050
ga,25,La38,1024,52.5920,0.2031
ga,25,La38,2048,46.9900,0.3837
ga,25,La38,4096,41.1789,0.7833
ga,25,La38,8192,31.3963,1.5134
ga,25,La38,16384,27.2157,3.2254
ga,25,La38,32768,12.5418,6.2805
ga,25,La38,65536,9.5736,12.3239
ga,25,La38,131072,8.3194,24.1110
ga,25,La38,262144,8.4030,52.3925
ga,25,La38,524288,8.0686,100.7019
ga,25,La38,1048576,8.0686,201.4235
ga,25,La38,2097152,8.0686,423.4249
ga,25,La38,4194304,8.0686,822.7193
ga,25,La38,4586281,8.0686,900.0005
regla_bon,25,La29,1,13.4115,0.0080
regla_bon,25,La29,2,13.4115,0.0150
regla_bon,25,La29,4,13.4115,0.0300
regla_bon,25,La29,8,13.4115,0.0590
regla_bon,25,La29,16,13.4115,0.1180
regla_bon,25,La29,32,13.9323,0.2391
regla_bon,25,La29,64,13.9323,0.4747
regla_bon,25,La29,128,13.9323,0.9564
regla_bon,25,La29,256,12.1094,2.0060
regla_bon,25,La29,512,12.1094,3.8983
regla_bon,25,La29,1024,12.1094,7.7614
regla_bon,25,La29,2048,12.1094,15.2918
regla_bon,25,La29,4096,12.1094,32.0843
regla_bon,25,La29,8192,12.4132,65.1223
regla_bon,25,La29,16384,12.4132,126.2303
regla_bon,25,La29,32768,11.2413,262.6793
regla_bon,25,La29,65536,9.9392,529.8807
regla_bon,25,La29,113631,9.8958,900.0015
ga_sembrado,25,La29,1,13.4115,0.0250
ga_sembrado,25,La29,2,13.4115,0.0250
ga_sembrado,25,La29,4,13.4115,0.0250
ga_sembrado,25,La29,8,13.4115,0.0250
ga_sembrado,25,La29,16,13.4115,0.0260
ga_sembrado,25,La29,32,13.4115,0.0280
ga_sembrado,25,La29,64,13.4115,0.0310
ga_sembrado,25,La29,128,13.4115,0.0380
ga_sembrado,25,La29,256,13.4115,0.0530
ga_sembrado,25,La29,512,13.4115,0.0970
ga_sembrado,25,La29,1024,13.4115,0.1851
ga_sembrado,25,La29,2048,13.4115,0.3517
ga_sembrado,25,La29,4096,13.0642,0.7078
ga_sembrado,25,La29,8192,13.5417,1.3493
ga_sembrado,25,La29,16384,10.5903,2.8644
ga_sembrado,25,La29,32768,10.1562,5.5681
ga_sembrado,25,La29,65536,10.0694,11.1101
ga_sembrado,25,La29,131072,10.0260,21.6207
ga_sembrado,25,La29,262144,10.0260,47.7675
ga_sembrado,25,La29,524288,7.5521,90.7840
ga_sembrado,25,La29,1048576,7.5087,180.6992
ga_sembrado,25,La29,2097152,6.9444,380.6110
ga_sembrado,25,La29,4194304,6.9444,748.1930
ga_sembrado,25,La29,5098428,6.9444,900.0005
ga_sembrado,25,La38,1,14.9666,0.0290
ga_sembrado,25,La38,2,14.9666,0.0290
ga_sembrado,25,La38,4,14.9666,0.0290
ga_sembrado,25,La38,8,14.9666,0.0300
ga_sembrado,25,La38,16,14.9666,0.0310
ga_sembrado,25,La38,32,14.9666,0.0330
ga_sembrado,25,La38,64,14.9666,0.0370
ga_sembrado,25,La38,128,14.9666,0.0430
ga_sembrado,25,La38,256,14.9666,0.0581
ga_sembrado,25,La38,512,14.9666,0.1081
ga_sembrado,25,La38,1024,14.9666,0.2191
ga_sembrado,25,La38,2048,14.9666,0.4171
ga_sembrado,25,La38,4096,14.5067,0.7730
ga_sembrado,25,La38,8192,10.9114,1.6863
ga_sembrado,25,La38,16384,10.6605,3.2130
ga_sembrado,25,La38,32768,5.8110,6.2245
ga_sembrado,25,La38,65536,5.6438,12.3410
ga_sembrado,25,La38,131072,5.4766,24.2673
ga_sembrado,25,La38,262144,5.4766,52.5140
ga_sembrado,25,La38,524288,5.3094,100.8595
ga_sembrado,25,La38,1048576,5.0167,201.9789
ga_sembrado,25,La38,2097152,5.0167,423.8362
ga_sembrado,25,La38,4194304,5.3512,823.4002
ga_sembrado,25,La38,4584336,5.3512,900.0000
regla_bon,25,La38,1,14.9666,0.0080
regla_bon,25,La38,2,14.9666,0.0150
regla_bon,25,La38,4,12.1656,0.0300
regla_bon,25,La38,8,12.1656,0.0541
regla_bon,25,La38,16,12.1656,0.1111
regla_bon,25,La38,32,12.1656,0.2281
regla_bon,25,La38,64,12.1656,0.4441
regla_bon,25,La38,128,12.1656,0.8505
regla_bon,25,La38,256,12.1656,1.8354
regla_bon,25,La38,512,10.2007,3.5153
regla_bon,25,La38,1024,8.2358,7.0686
regla_bon,25,La38,2048,8.3194,13.9806
regla_bon,25,La38,4096,7.5669,29.2183
regla_bon,25,La38,8192,7.5669,60.3066
regla_bon,25,La38,16384,7.5669,116.3669
regla_bon,25,La38,32768,8.2358,240.6048
regla_bon,25,La38,65536,8.2358,488.4657
regla_bon,25,La38,124074,5.9783,900.0040
ga,25,La40,1,82.9787,0.0270
ga,25,La40,2,82.9787,0.0270
ga,25,La40,4,82.9787,0.0270
ga,25,La40,8,82.9787,0.0280
ga,25,La40,16,69.3126,0.0290
ga,25,La40,32,69.3126,0.0300
ga,25,La40,64,68.5761,0.0340
ga,25,La40,128,57.1195,0.0420
ga,25,La40,256,57.1195,0.0571
ga,25,La40,512,48.8953,0.1011
ga,25,La40,1024,44.8854,0.5299
ga,25,La40,2048,42.6759,0.7160
ga,25,La40,4096,29.9509,1.0771
ga,25,La40,8192,23.4861,1.8205
ga,25,La40,16384,14.6890,3.3042
ga,25,La40,32768,6.9149,6.2282
ga,25,La40,65536,5.0736,12.2359
ga,25,La40,131072,4.6645,24.0208
ga,25,La40,262144,4.1735,47.2767
ga,25,La40,524288,3.9689,94.1734
ga,25,La40,1048576,3.4370,188.4622
ga,25,La40,2097152,2.9051,379.0615
ga,25,La40,4194304,2.9051,793.1429
ga,25,La40,4718723,3.8052,900.0004
regla_bon,25,La40,1,13.2570,0.0080
regla_bon,25,La40,2,13.2570,0.0150
regla_bon,25,La40,4,13.2570,0.0290
regla_bon,25,La40,8,13.2570,0.0550
regla_bon,25,La40,16,13.2570,0.1080
regla_bon,25,La40,32,13.2570,0.2132
regla_bon,25,La40,64,13.2570,0.4232
regla_bon,25,La40,128,11.3339,0.8423
regla_bon,25,La40,256,11.1293,1.7191
regla_bon,25,La40,512,11.1293,3.3830
regla_bon,25,La40,1024,9.5745,6.7564
regla_bon,25,La40,2048,9.5745,13.6158
regla_bon,25,La40,4096,7.8969,27.1538
regla_bon,25,La40,8192,7.8969,53.8188
regla_bon,25,La40,16384,7.8969,106.9042
regla_bon,25,La40,32768,7.5286,214.6183
regla_bon,25,La40,65536,7.5286,434.5181
regla_bon,25,La40,129130,7.5286,900.0016
ga_sembrado,25,La40,1,13.2570,0.0250
ga_sembrado,25,La40,2,13.2570,0.0250
ga_sembrado,25,La40,4,13.2570,0.0250
ga_sembrado,25,La40,8,13.2570,0.0250
ga_sembrado,25,La40,16,13.2570,0.0260
ga_sembrado,25,La40,32,13.2570,0.0280
ga_sembrado,25,La40,64,13.2570,0.0320
ga_sembrado,25,La40,128,13.2570,0.0410
ga_sembrado,25,La40,256,13.2570,0.0580
ga_sembrado,25,La40,512,13.2570,0.1070
ga_sembrado,25,La40,1024,13.2570,0.1981
ga_sembrado,25,La40,2048,13.2570,0.3792
ga_sembrado,25,La40,4096,13.2570,0.7463
ga_sembrado,25,La40,8192,11.5794,1.4781
ga_sembrado,25,La40,16384,11.0065,2.9323
ga_sembrado,25,La40,32768,9.9018,5.8619
ga_sembrado,25,La40,65536,9.9018,11.9226
ga_sembrado,25,La40,131072,9.9018,23.6889
ga_sembrado,25,La40,262144,9.9427,46.8748
ga_sembrado,25,La40,524288,7.4877,93.5384
ga_sembrado,25,La40,1048576,7.6923,187.4256
ga_sembrado,25,La40,2097152,7.6923,377.7407
ga_sembrado,25,La40,4194304,7.6923,790.4387
ga_sembrado,25,La40,4733756,7.6923,900.0006
ga,25,ABZ7,1,90.1677,0.0410
ga,25,ABZ7,2,90.1677,0.0410
ga,25,ABZ7,4,90.1677,0.0410
ga,25,ABZ7,8,84.6037,0.0420
ga,25,ABZ7,16,81.2500,0.0430
ga,25,ABZ7,32,81.1738,0.0460
ga,25,ABZ7,64,74.7713,0.0510
ga,25,ABZ7,128,69.6646,0.0610
ga,25,ABZ7,256,69.6646,0.0860
ga,25,ABZ7,512,69.6646,0.1496
ga,25,ABZ7,1024,59.8323,0.2751
ga,25,ABZ7,2048,54.1921,0.5272
ga,25,ABZ7,4096,46.7988,1.0053
ga,25,ABZ7,8192,38.3384,2.0085
ga,25,ABZ7,16384,23.2470,3.9071
ga,25,ABZ7,32768,16.4634,7.9353
ga,25,ABZ7,65536,12.7287,15.6354
ga,25,ABZ7,131072,12.5762,31.1911
ga,25,ABZ7,262144,10.7470,62.2302
ga,25,ABZ7,524288,8.6890,123.1516
ga,25,ABZ7,1048576,8.6890,248.0382
ga,25,ABZ7,2097152,6.4024,501.8027
ga,25,ABZ7,3568910,6.4024,900.0016
ga_sembrado,25,ABZ7,1,19.6646,0.0390
ga_sembrado,25,ABZ7,2,19.6646,0.0390
ga_sembrado,25,ABZ7,4,19.6646,0.0390
ga_sembrado,25,ABZ7,8,19.6646,0.0400
ga_sembrado,25,ABZ7,16,19.6646,0.0410
ga_sembrado,25,ABZ7,32,19.6646,0.0435
ga_sembrado,25,ABZ7,64,19.6646,0.0490
ga_sembrado,25,ABZ7,128,19.6646,0.0590
ga_sembrado,25,ABZ7,256,19.6646,0.0790
ga_sembrado,25,ABZ7,512,19.6646,0.1370
ga_sembrado,25,ABZ7,1024,19.6646,0.2581
ga_sembrado,25,ABZ7,2048,19.6646,0.5011
ga_sembrado,25,ABZ7,4096,19.6646,0.9719
ga_sembrado,25,ABZ7,8192,17.1494,1.9590
ga_sembrado,25,ABZ7,16384,14.1006,3.8525
ga_sembrado,25,ABZ7,32768,12.7287,7.8112
ga_sembrado,25,ABZ7,65536,11.6616,15.5214
ga_sembrado,25,ABZ7,131072,9.1463,30.9125
ga_sembrado,25,ABZ7,262144,8.9939,61.6394
ga_sembrado,25,ABZ7,524288,8.2317,121.8884
ga_sembrado,25,ABZ7,1048576,7.6220,245.1577
ga_sembrado,25,ABZ7,2097152,7.6220,495.9411
ga_sembrado,25,ABZ7,3609968,7.6220,900.0002
regla_bon,25,ABZ7,1,19.6646,0.0120
regla_bon,25,ABZ7,2,17.3780,0.0240
regla_bon,25,ABZ7,4,15.7012,0.0450
regla_bon,25,ABZ7,8,15.7012,0.0900
regla_bon,25,ABZ7,16,15.7012,0.1810
regla_bon,25,ABZ7,32,14.9390,0.3601
regla_bon,25,ABZ7,64,14.6341,0.7228
regla_bon,25,ABZ7,128,13.0335,1.4547
regla_bon,25,ABZ7,256,10.8232,2.8622
regla_bon,25,ABZ7,512,10.8232,5.7182
regla_bon,25,ABZ7,1024,10.8232,11.5419
regla_bon,25,ABZ7,2048,10.8232,23.0251
regla_bon,25,ABZ7,4096,10.8232,45.7954
regla_bon,25,ABZ7,8192,10.6707,91.4098
regla_bon,25,ABZ7,16384,10.5183,183.5328
regla_bon,25,ABZ7,32768,9.3750,369.0263
regla_bon,25,ABZ7,65536,9.3750,769.2448
regla_bon,25,ABZ7,75826,9.3750,900.0022
ga,25,ABZ8,1,103.5659,0.0480
ga,25,ABZ8,2,103.5659,0.0480
ga,25,ABZ8,4,88.6822,0.0490
ga,25,ABZ8,8,88.6822,0.0490
ga,25,ABZ8,16,88.6822,0.0510
ga,25,ABZ8,32,77.0543,0.0550
ga,25,ABZ8,64,74.5736,0.0600
ga,25,ABZ8,128,74.5736,0.0700
ga,25,ABZ8,256,74.5736,0.0920
ga,25,ABZ8,512,73.4884,0.1591
ga,25,ABZ8,1024,68.8372,0.3150
ga,25,ABZ8,2048,62.7132,0.6101
ga,25,ABZ8,4096,48.6047,1.1620
ga,25,ABZ8,8192,48.2946,2.2492
ga,25,ABZ8,16384,31.8605,4.5611
ga,25,ABZ8,32768,23.5659,8.7684
ga,25,ABZ8,65536,18.9147,16.6240
ga,25,ABZ8,131072,15.9690,32.0999
ga,25,ABZ8,262144,14.1860,64.9342
ga,25,ABZ8,524288,13.7209,131.3834
ga,25,ABZ8,1048576,13.7209,266.1100
ga,25,ABZ8,2097152,13.7209,527.7300
ga,25,ABZ8,3491544,13.7209,900.0005
ga,25,ABZ9,1,124.2057,0.0445
ga,25,ABZ9,2,117.9274,0.0455
ga,25,ABZ9,4,104.5386,0.0455
ga,25,ABZ9,8,86.3086,0.0465
ga,25,ABZ9,16,86.3086,0.0475
ga,25,ABZ9,32,80.1059,0.0495
ga,25,ABZ9,64,80.1059,0.0555
ga,25,ABZ9,128,72.0121,0.0701
ga,25,ABZ9,256,72.0121,0.0970
ga,25,ABZ9,512,65.6581,0.1726
ga,25,ABZ9,1024,61.0439,0.3149
ga,25,ABZ9,2048,60.5900,0.6139
ga,25,ABZ9,4096,49.8487,1.1528
ga,25,ABZ9,8192,38.0484,2.3798
ga,25,ABZ9,16384,29.2738,4.6012
ga,25,ABZ9,32768,22.3903,8.8561
ga,25,ABZ9,65536,20.4236,16.7512
ga,25,ABZ9,131072,18.7595,32.3613
ga,25,ABZ9,262144,16.7171,65.4341
ga,25,ABZ9,524288,16.2632,132.7398
ga,25,ABZ9,1048576,15.8850,267.5520
ga,25,ABZ9,2097152,15.8850,531.1625
ga,25,ABZ9,3468027,15.8850,900.0007
regla_bon,25,ABZ8,1,24.7287,0.0135
regla_bon,25,ABZ8,2,24.7287,0.0245
regla_bon,25,ABZ8,4,24.7287,0.0495
regla_bon,25,ABZ8,8,22.5581,0.0971
regla_bon,25,ABZ8,16,21.9380,0.2006
regla_bon,25,ABZ8,32,21.9380,0.4029
regla_bon,25,ABZ8,64,21.9380,0.8315
regla_bon,25,ABZ8,128,20.3101,1.6311
regla_bon,25,ABZ8,256,19.8450,3.4173
regla_bon,25,ABZ8,512,20.2326,6.6965
regla_bon,25,ABZ8,1024,20.2326,12.5510
regla_bon,25,ABZ8,2048,20.2326,24.0652
regla_bon,25,ABZ8,4096,20.0775,47.4415
regla_bon,25,ABZ8,8192,17.9070,97.6403
regla_bon,25,ABZ8,16384,17.9070,199.0921
regla_bon,25,ABZ8,32768,16.6667,389.3276
regla_bon,25,ABZ8,65536,16.6667,796.5739
regla_bon,25,ABZ8,73742,16.6667,900.0047
ga_sembrado,25,ABZ8,1,24.7287,0.0420
ga_sembrado,25,ABZ8,2,24.7287,0.0420
ga_sembrado,25,ABZ8,4,24.7287,0.0420
ga_sembrado,25,ABZ8,8,24.7287,0.0430
ga_sembrado,25,ABZ8,16,24.7287,0.0440
ga_sembrado,25,ABZ8,32,24.7287,0.0460
ga_sembrado,25,ABZ8,64,24.7287,0.0530
ga_sembrado,25,ABZ8,128,24.7287,0.0645
ga_sembrado,25,ABZ8,256,24.7287,0.0905
ga_sembrado,25,ABZ8,512,24.7287,0.1621
ga_sembrado,25,ABZ8,1024,24.7287,0.3103
ga_sembrado,25,ABZ8,2048,24.7287,0.6144
ga_sembrado,25,ABZ8,4096,24.7287,1.1718
ga_sembrado,25,ABZ8,8192,21.2403,2.3823
ga_sembrado,25,ABZ8,16384,21.0078,4.7043
ga_sembrado,25,ABZ8,32768,19.6899,8.9723
ga_sembrado,25,ABZ8,65536,19.2248,16.8993
ga_sembrado,25,ABZ8,131072,18.6047,32.4958
ga_sembrado,25,ABZ8,262144,18.1395,65.4757
ga_sembrado,25,ABZ8,524288,18.1395,133.1956
ga_sembrado,25,ABZ8,1048576,18.1395,268.3034
ga_sembrado,25,ABZ8,2097152,18.1395,532.2797
ga_sembrado,25,ABZ8,3463320,16.4341,900.0002
ga_sembrado,25,ABZ9,1,33.3585,0.0400
ga_sembrado,25,ABZ9,2,33.3585,0.0400
ga_sembrado,25,ABZ9,4,33.3585,0.0400
ga_sembrado,25,ABZ9,8,33.3585,0.0410
ga_sembrado,25,ABZ9,16,33.3585,0.0420
ga_sembrado,25,ABZ9,32,33.3585,0.0450
ga_sembrado,25,ABZ9,64,33.3585,0.0505
ga_sembrado,25,ABZ9,128,33.3585,0.0615
ga_sembrado,25,ABZ9,256,33.3585,0.0880
ga_sembrado,25,ABZ9,512,33.3585,0.1520
ga_sembrado,25,ABZ9,1024,33.3585,0.3011
ga_sembrado,25,ABZ9,2048,33.3585,0.5643
ga_sembrado,25,ABZ9,4096,33.3585,1.0902
ga_sembrado,25,ABZ9,8192,28.0635,2.4064
ga_sembrado,25,ABZ9,16384,26.0968,4.6046
ga_sembrado,25,ABZ9,32768,24.8109,8.6670
ga_sembrado,25,ABZ9,65536,22.5416,16.5361
ga_sembrado,25,ABZ9,131072,20.7262,32.0195
ga_sembrado,25,ABZ9,262144,18.5325,64.5965
ga_sembrado,25,ABZ9,524288,17.2466,131.2630
ga_sembrado,25,ABZ9,1048576,16.4902,264.9485
ga_sembrado,25,ABZ9,2097152,14.2209,525.9969
ga_sembrado,25,ABZ9,3492035,14.2209,900.0000
regla_bon,25,ABZ9,1,33.3585,0.0130
regla_bon,25,ABZ9,2,33.3585,0.0260
regla_bon,25,ABZ9,4,31.3162,0.0510
regla_bon,25,ABZ9,8,25.2648,0.0990
regla_bon,25,ABZ9,16,25.2648,0.1990
regla_bon,25,ABZ9,32,25.2648,0.4017
regla_bon,25,ABZ9,64,24.7352,0.7855
regla_bon,25,ABZ9,128,23.8275,1.6424
regla_bon,25,ABZ9,256,23.8275,3.3321
regla_bon,25,ABZ9,512,22.6929,6.6268
regla_bon,25,ABZ9,1024,21.1800,12.4013
regla_bon,25,ABZ9,2048,21.1800,23.8305
regla_bon,25,ABZ9,4096,21.1800,47.1533
regla_bon,25,ABZ9,8192,21.1800,96.8907
regla_bon,25,ABZ9,16384,19.9697,197.1852
regla_bon,25,ABZ9,32768,19.9697,386.8308
regla_bon,25,ABZ9,65536,19.4402,793.6558
regla_bon,25,ABZ9,74053,19.4402,900.0100
ga,26,FT10,1,73.5484,0.0110
ga,26,FT10,2,73.5484,0.0110
ga,26,FT10,4,73.5484,0.0110
ga,26,FT10,8,67.4194,0.0120
ga,26,FT10,16,67.4194,0.0120
ga,26,FT10,32,53.5484,0.0130
ga,26,FT10,64,53.5484,0.0150
ga,26,FT10,128,53.5484,0.0190
ga,26,FT10,256,47.2043,0.0250
ga,26,FT10,512,42.4194,0.0436
ga,26,FT10,1024,37.7419,0.0926
ga,26,FT10,2048,36.0215,0.1947
ga,26,FT10,4096,24.8387,0.4012
ga,26,FT10,8192,16.1290,0.7934
ga,26,FT10,16384,8.6022,1.6032
ga,26,FT10,32768,5.4301,3.4695
ga,26,FT10,65536,4.4086,7.4610
ga,26,FT10,131072,4.4086,13.7252
ga,26,FT10,262144,4.4086,25.4806
ga,26,FT10,524288,3.6022,51.7742
ga,26,FT10,1048576,3.6022,113.9993
ga,26,FT10,2097152,3.6022,233.5788
ga,26,FT10,4194304,3.6022,465.3628
ga,26,FT10,8388608,3.6022,873.2349
ga,26,FT10,8683628,3.6022,900.0001
ga_sembrado,26,FT10,1,20.3763,0.0130
ga_sembrado,26,FT10,2,20.3763,0.0130
ga_sembrado,26,FT10,4,20.3763,0.0130
ga_sembrado,26,FT10,8,20.3763,0.0130
ga_sembrado,26,FT10,16,20.3763,0.0140
ga_sembrado,26,FT10,32,20.3763,0.0150
ga_sembrado,26,FT10,64,20.3763,0.0170
ga_sembrado,26,FT10,128,20.3763,0.0200
ga_sembrado,26,FT10,256,20.3763,0.0290
ga_sembrado,26,FT10,512,20.3763,0.0510
ga_sembrado,26,FT10,1024,20.3763,0.1070
ga_sembrado,26,FT10,2048,20.3763,0.2061
ga_sembrado,26,FT10,4096,16.1290,0.4022
ga_sembrado,26,FT10,8192,11.2366,0.7779
ga_sembrado,26,FT10,16384,3.9785,1.6224
ga_sembrado,26,FT10,32768,2.4194,3.4564
ga_sembrado,26,FT10,65536,2.0430,7.4159
ga_sembrado,26,FT10,131072,2.0430,13.5881
ga_sembrado,26,FT10,262144,2.0430,25.3791
ga_sembrado,26,FT10,524288,2.0430,52.1919
ga_sembrado,26,FT10,1048576,2.0430,112.8302
ga_sembrado,26,FT10,2097152,2.0430,231.9857
ga_sembrado,26,FT10,4194304,2.0430,460.4762
ga_sembrado,26,FT10,8388608,2.0430,870.3507
ga_sembrado,26,FT10,8715354,2.0430,900.0002
regla_bon,26,FT10,1,20.3763,0.0020
regla_bon,26,FT10,2,13.3333,0.0050
regla_bon,26,FT10,4,8.8172,0.0090
regla_bon,26,FT10,8,8.8172,0.0180
regla_bon,26,FT10,16,8.8172,0.0360
regla_bon,26,FT10,32,8.3871,0.0740
regla_bon,26,FT10,64,8.3871,0.1550
regla_bon,26,FT10,128,8.3333,0.3081
regla_bon,26,FT10,256,8.3333,0.6123
regla_bon,26,FT10,512,8.1720,1.2836
regla_bon,26,FT10,1024,7.9570,2.9918
regla_bon,26,FT10,2048,7.9570,6.5620
regla_bon,26,FT10,4096,6.4516,11.5897
regla_bon,26,FT10,8192,6.4516,20.9703
regla_bon,26,FT10,16384,6.2903,40.9208
regla_bon,26,FT10,32768,3.8172,88.5943
regla_bon,26,FT10,65536,3.8172,173.8057
regla_bon,26,FT10,131072,3.8172,363.3781
regla_bon,26,FT10,262144,3.8172,696.7854
regla_bon,26,FT10,343938,3.8172,900.0002
ga,26,FT20,1,98.4549,0.0110
ga,26,FT20,2,84.4635,0.0110
ga,26,FT20,4,80.0858,0.0120
ga,26,FT20,8,80.0858,0.0120
ga,26,FT20,16,42.0601,0.0120
ga,26,FT20,32,42.0601,0.0130
ga,26,FT20,64,42.0601,0.0150
ga,26,FT20,128,42.0601,0.0190
ga,26,FT20,256,42.0601,0.0260
ga,26,FT20,512,42.0601,0.0510
ga,26,FT20,1024,42.0601,0.1040
ga,26,FT20,2048,33.6481,0.2011
ga,26,FT20,4096,26.8670,0.3982
ga,26,FT20,8192,18.1974,0.7929
ga,26,FT20,16384,8.5837,1.6284
ga,26,FT20,32768,3.9485,3.6915
ga,26,FT20,65536,3.4335,7.9177
ga,26,FT20,131072,3.4335,14.2070
ga,26,FT20,262144,2.8326,26.3940
ga,26,FT20,524288,1.4592,53.5975
ga,26,FT20,1048576,1.4592,115.8867
ga,26,FT20,2097152,1.4592,237.6870
ga,26,FT20,4194304,1.4592,472.0975
ga,26,FT20,8388608,1.4592,885.0943
ga,26,FT20,8547809,1.4592,900.0002
regla_bon,26,FT20,1,13.2189,0.0050
regla_bon,26,FT20,2,13.2189,0.0080
regla_bon,26,FT20,4,12.3605,0.0160
regla_bon,26,FT20,8,12.3605,0.0350
regla_bon,26,FT20,16,12.3605,0.0640
regla_bon,26,FT20,32,11.9313,0.1186
regla_bon,26,FT20,64,9.2704,0.2222
regla_bon,26,FT20,128,9.2704,0.4558
regla_bon,26,FT20,256,9.2704,0.9640
regla_bon,26,FT20,512,9.2704,2.0926
regla_bon,26,FT20,1024,9.2704,4.7659
regla_bon,26,FT20,2048,7.6395,8.6414
regla_bon,26,FT20,4096,7.6395,15.6886
regla_bon,26,FT20,8192,7.1674,30.1135
regla_bon,26,FT20,16384,7.2532,60.6494
regla_bon,26,FT20,32768,5.4077,128.2908
regla_bon,26,FT20,65536,5.4077,269.3304
regla_bon,26,FT20,131072,5.4077,535.7361
regla_bon,26,FT20,233581,5.4077,900.0027
ga_sembrado,26,FT20,1,13.2189,0.0260
ga_sembrado,26,FT20,2,13.2189,0.0260
ga_sembrado,26,FT20,4,13.2189,0.0260
ga_sembrado,26,FT20,8,13.2189,0.0260
ga_sembrado,26,FT20,16,13.2189,0.0270
ga_sembrado,26,FT20,32,13.2189,0.0270
ga_sembrado,26,FT20,64,13.2189,0.0300
ga_sembrado,26,FT20,128,13.2189,0.0340
ga_sembrado,26,FT20,256,13.2189,0.0420
ga_sembrado,26,FT20,512,13.2189,0.0680
ga_sembrado,26,FT20,1024,13.2189,0.1166
ga_sembrado,26,FT20,2048,13.2189,0.2042
ga_sembrado,26,FT20,4096,13.2189,0.4018
ga_sembrado,26,FT20,8192,13.2189,0.8364
ga_sembrado,26,FT20,16384,11.6309,1.7460
ga_sembrado,26,FT20,32768,10.2146,4.0591
ga_sembrado,26,FT20,65536,10.2146,7.9190
ga_sembrado,26,FT20,131072,7.7253,14.1822
ga_sembrado,26,FT20,262144,6.8670,26.3442
ga_sembrado,26,FT20,524288,2.3176,53.5472
ga_sembrado,26,FT20,1048576,2.3176,114.4951
ga_sembrado,26,FT20,2097152,2.3176,235.7934
ga_sembrado,26,FT20,4194304,2.3176,469.4635
ga_sembrado,26,FT20,8388608,2.3176,881.4828
ga_sembrado,26,FT20,8588343,2.3176,900.0007
ga,26,La21,1,98.0402,0.0190
ga,26,La21,2,63.6711,0.0190
ga,26,La21,4,63.6711,0.0200
ga,26,La21,8,63.6711,0.0200
ga,26,La21,16,63.6711,0.0200
ga,26,La21,32,52.7725,0.0220
ga,26,La21,64,52.7725,0.0240
ga,26,La21,128,52.7725,0.0290
ga,26,La21,256,50.4780,0.0400
ga,26,La21,512,45.8413,0.0706
ga,26,La21,1024,44.4073,0.1326
ga,26,La21,2048,40.0096,0.2622
ga,26,La21,4096,28.6807,0.5193
ga,26,La21,8192,24.1396,1.0251
ga,26,La21,16384,13.2409,2.0807
ga,26,La21,32768,7.8394,4.1076
ga,26,La21,65536,6.1663,8.2295
ga,26,La21,131072,5.7839,16.4372
ga,26,La21,262144,5.7839,32.5748
ga,26,La21,524288,5.7839,64.8743
ga,26,La21,1048576,5.7839,129.8789
ga,26,La21,2097152,5.7839,259.3516
ga,26,La21,4194304,5.5449,524.6070
ga,26,La21,7273856,5.5449,900.0009
regla_bon,26,La21,1,15.0096,0.0050
regla_bon,26,La21,2,15.0096,0.0100
regla_bon,26,La21,4,13.6711,0.0210
regla_bon,26,La21,8,13.6711,0.0390
regla_bon,26,La21,16,12.6195,0.0760
regla_bon,26,La21,32,12.6195,0.1400
regla_bon,26,La21,64,12.6195,0.2766
regla_bon,26,La21,128,12.9063,0.5618
regla_bon,26,La21,256,12.7151,1.1251
regla_bon,26,La21,512,9.7036,2.2491
regla_bon,26,La21,1024,9.7036,4.4862
regla_bon,26,La21,2048,9.7036,8.9742
regla_bon,26,La21,4096,10.0860,18.0665
regla_bon,26,La21,8192,10.0860,35.6333
regla_bon,26,La21,16384,9.4168,71.0063
regla_bon,26,La21,32768,8.1740,142.2282
regla_bon,26,La21,65536,7.4092,283.6993
regla_bon,26,La21,131072,8.2218,573.3752
regla_bon,26,La21,207819,8.0784,900.0008
ga,26,La24,1,84.9198,0.0220
ga,26,La24,2,71.2299,0.0220
ga,26,La24,4,71.2299,0.0220
ga,26,La24,8,64.7059,0.0220
ga,26,La24,16,64.7059,0.0230
ga,26,La24,32,64.7059,0.0240
ga,26,La24,64,63.5294,0.0280
ga,26,La24,128,40.1070,0.0330
ga,26,La24,256,40.1070,0.0430
ga,26,La24,512,40.1070,0.0750
ga,26,La24,1024,40.1070,0.1390
ga,26,La24,2048,38.2888,0.2686
ga,26,La24,4096,35.3476,0.5388
ga,26,La24,8192,18.8235,1.0741
ga,26,La24,16384,10.4278,2.1060
ga,26,La24,32768,8.5561,4.1410
ga,26,La24,65536,8.5561,8.2953
ga,26,La24,131072,8.5561,16.5939
ga,26,La24,262144,7.8075,32.7632
ga,26,La24,524288,7.8075,65.3485
ga,26,La24,1048576,7.8075,130.7837
ga,26,La24,2097152,7.8075,260.8237
ga,26,La24,4194304,4.7594,527.5442
ga,26,La24,7237351,4.7594,900.0008
ga_sembrado,26,La21,1,15.0096,0.0210
ga_sembrado,26,La21,2,15.0096,0.0210
ga_sembrado,26,La21,4,15.0096,0.0210
ga_sembrado,26,La21,8,15.0096,0.0220
ga_sembrado,26,La21,16,15.0096,0.0220
ga_sembrado,26,La21,32,15.0096,0.0240
ga_sembrado,26,La21,64,15.0096,0.0260
ga_sembrado,26,La21,128,15.0096,0.0310
ga_sembrado,26,La21,256,15.0096,0.0400
ga_sembrado,26,La21,512,15.0096,0.0720
ga_sembrado,26,La21,1024,15.0096,0.1330
ga_sembrado,26,La21,2048,15.0096,0.2676
ga_sembrado,26,La21,4096,15.9656,0.5288
ga_sembrado,26,La21,8192,12.6195,1.0701
ga_sembrado,26,La21,16384,10.1338,2.1020
ga_sembrado,26,La21,32768,9.5124,4.1359
ga_sembrado,26,La21,65536,9.2734,8.2437
ga_sembrado,26,La21,131072,7.4092,16.5123
ga_sembrado,26,La21,262144,6.2141,32.6702
ga_sembrado,26,La21,524288,6.2141,65.2245
ga_sembrado,26,La21,1048576,6.2141,130.5076
ga_sembrado,26,La21,2097152,6.2141,260.5181
ga_sembrado,26,La21,4194304,6.2141,527.1218
ga_sembrado,26,La21,7235022,3.5373,900.0008
regla_bon,26,La24,1,10.1070,0.0050
regla_bon,26,La24,2,10.1070,0.0090
regla_bon,26,La24,4,10.1070,0.0190
regla_bon,26,La24,8,9.3583,0.0330
regla_bon,26,La24,16,9.3583,0.0731
regla_bon,26,La24,32,9.3583,0.1391
regla_bon,26,La24,64,9.9465,0.2772
regla_bon,26,La24,128,7.7540,0.5674
regla_bon,26,La24,256,7.7540,1.1237
regla_bon,26,La24,512,7.8075,2.2496
regla_bon,26,La24,1024,7.6471,4.4836
regla_bon,26,La24,2048,7.6471,8.9698
regla_bon,26,La24,4096,7.2193,17.9840
regla_bon,26,La24,8192,8.1283,35.6313
regla_bon,26,La24,16384,7.0588,70.8812
regla_bon,26,La24,32768,7.0588,142.0276
regla_bon,26,La24,65536,4.2781,283.3792
regla_bon,26,La24,131072,4.2781,572.9035
regla_bon,26,La24,207808,4.2781,900.0048
ga_sembrado,26,La24,1,10.1070,0.0160
ga_sembrado,26,La24,2,10.1070,0.0160
ga_sembrado,26,La24,4,10.1070,0.0160
ga_sembrado,26,La24,8,10.1070,0.0160
ga_sembrado,26,La24,16,10.1070,0.0170
ga_sembrado,26,La24,32,10.1070,0.0170
ga_sembrado,26,La24,64,10.1070,0.0190
ga_sembrado,26,La24,128,10.1070,0.0230
ga_sembrado,26,La24,256,10.1070,0.0330
ga_sembrado,26,La24,512,10.1070,0.0681
ga_sembrado,26,La24,1024,10.1070,0.1301
ga_sembrado,26,La24,2048,10.1070,0.2612
ga_sembrado,26,La24,4096,9.9465,0.5353
ga_sembrado,26,La24,8192,9.8396,1.0541
ga_sembrado,26,La24,16384,8.7701,2.0981
ga_sembrado,26,La24,32768,4.9733,4.1435
ga_sembrado,26,La24,65536,4.5989,8.2479
ga_sembrado,26,La24,131072,4.5989,16.5138
ga_sembrado,26,La24,262144,4.5989,32.6431
ga_sembrado,26,La24,524288,4.5989,65.2425
ga_sembrado,26,La24,1048576,4.2246,130.8074
ga_sembrado,26,La24,2097152,4.2246,261.0773
ga_sembrado,26,La24,4194304,4.1711,528.1753
ga_sembrado,26,La24,7226166,4.1711,900.0008
ga,26,La25,1,65.9161,0.0210
ga,26,La25,2,65.9161,0.0210
ga,26,La25,4,65.9161,0.0210
ga,26,La25,8,65.9161,0.0220
ga,26,La25,16,57.3183,0.0220
ga,26,La25,32,57.3183,0.0240
ga,26,La25,64,55.1689,0.0260
ga,26,La25,128,51.7912,0.0310
ga,26,La25,256,51.7912,0.0420
ga,26,La25,512,51.7912,0.0720
ga,26,La25,1024,44.3705,0.1381
ga,26,La25,2048,35.8240,0.2641
ga,26,La25,4096,30.8086,0.5152
ga,26,La25,8192,20.2661,1.0249
ga,26,La25,16384,11.3613,1.9968
ga,26,La25,32768,8.2907,4.1414
ga,26,La25,65536,7.4719,8.2632
ga,26,La25,131072,7.4719,15.8825
ga,26,La25,262144,7.4719,31.3210
ga,26,La25,524288,7.4719,61.9642
ga,26,La25,1048576,7.4719,123.0546
ga,26,La25,2097152,7.4719,246.6751
ga,26,La25,4194304,2.0471,493.1239
ga,26,La25,7153867,2.0471,900.0014
regla_bon,26,La25,1,11.8219,0.0050
regla_bon,26,La25,2,11.8219,0.0100
regla_bon,26,La25,4,11.8219,0.0190
regla_bon,26,La25,8,11.8219,0.0365
regla_bon,26,La25,16,11.3613,0.0695
regla_bon,26,La25,32,11.2078,0.1440
regla_bon,26,La25,64,9.7236,0.2860
regla_bon,26,La25,128,8.7513,0.5517
regla_bon,26,La25,256,8.7513,1.0804
regla_bon,26,La25,512,8.7513,2.2102
regla_bon,26,La25,1024,6.3460,4.3942
regla_bon,26,La25,2048,6.3460,8.6660
regla_bon,26,La25,4096,6.3460,16.9137
regla_bon,26,La25,8192,6.3460,33.4791
regla_bon,26,La25,16384,4.5036,66.6566
regla_bon,26,La25,32768,4.5036,133.2210
regla_bon,26,La25,65536,4.5036,267.0517
regla_bon,26,La25,131072,4.5036,535.3768
regla_bon,26,La25,207176,4.5036,900.0020
ga_sembrado,26,La25,1,11.8219,0.0160
ga_sembrado,26,La25,2,11.8219,0.0160
ga_sembrado,26,La25,4,11.8219,0.0160
ga_sembrado,26,La25,8,11.8219,0.0170
ga_sembrado,26,La25,16,11.8219,0.0175
ga_sembrado,26,La25,32,11.8219,0.0185
ga_sembrado,26,La25,64,11.8219,0.0225
ga_sembrado,26,La25,128,11.8219,0.0275
ga_sembrado,26,La25,256,11.8219,0.0385
ga_sembrado,26,La25,512,11.8219,0.0715
ga_sembrado,26,La25,1024,11.8219,0.1420
ga_sembrado,26,La25,2048,11.8219,0.2730
ga_sembrado,26,La25,4096,11.8219,0.5347
ga_sembrado,26,La25,8192,11.8731,1.0184
ga_sembrado,26,La25,16384,9.9795,2.0527
ga_sembrado,26,La25,32768,9.7748,4.1740
ga_sembrado,26,La25,65536,9.7748,8.3039
ga_sembrado,26,La25,131072,9.7748,16.0280
ga_sembrado,26,La25,262144,9.7748,31.6137
ga_sembrado,26,La25,524288,9.7748,62.6400
ga_sembrado,26,La25,1048576,8.7513,124.4936
ga_sembrado,26,La25,2097152,8.7513,249.3028
ga_sembrado,26,La25,4194304,8.7513,497.0249
ga_sembrado,26,La25,7093985,8.7513,900.0010
ga,26,La27,1,98.9474,0.0245
ga,26,La27,2,75.7085,0.0245
ga,26,La27,4,75.7085,0.0245
ga,26,La27,8,75.7085,0.0255
ga,26,La27,16,75.7085,0.0255
ga,26,La27,32,72.8340,0.0275
ga,26,La27,64,66.2348,0.0305
ga,26,La27,128,61.3360,0.0355
ga,26,La27,256,56.9636,0.0495
ga,26,La27,512,46.0729,0.0865
ga,26,La27,1024,48.6640,0.1750
ga,26,La27,2048,43.8057,0.3360
ga,26,La27,4096,35.9919,0.6638
ga,26,La27,8192,30.3644,1.3225
ga,26,La27,16384,17.5709,2.6860
ga,26,La27,32768,10.6883,5.3458
ga,26,La27,65536,7.6113,10.3272
ga,26,La27,131072,6.0324,20.3267
ga,26,La27,262144,4.2915,39.9701
ga,26,La27,524288,4.2105,79.6464
ga,26,La27,1048576,4.2105,159.9359
ga,26,La27,2097152,4.2105,316.6441
ga,26,La27,4194304,4.2105,643.2800
ga,26,La27,5555730,3.7247,900.0010
regla_bon,26,La27,1,24.9798,0.0080
regla_bon,26,La27,2,17.9757,0.0150
regla_bon,26,La27,4,17.9757,0.0300
regla_bon,26,La27,8,17.9757,0.0590
regla_bon,26,La27,16,16.6802,0.1110
regla_bon,26,La27,32,15.7895,0.2251
regla_bon,26,La27,64,14.1296,0.4502
regla_bon,26,La27,128,11.1741,0.8893
regla_bon,26,La27,256,9.8381,1.8622
regla_bon,26,La27,512,9.8381,3.7623
regla_bon,26,La27,1024,9.8381,7.4829
regla_bon,26,La27,2048,9.8381,14.3993
regla_bon,26,La27,4096,9.8381,28.3797
regla_bon,26,La27,8192,6.6802,56.4059
regla_bon,26,La27,16384,6.6802,112.3776
regla_bon,26,La27,32768,6.6802,226.1724
regla_bon,26,La27,65536,6.6802,449.0267
regla_bon,26,La27,122782,6.6802,900.0075
ga_sembrado,26,La27,1,24.9798,0.0240
ga_sembrado,26,La27,2,24.9798,0.0240
ga_sembrado,26,La27,4,24.9798,0.0250
ga_sembrado,26,La27,8,24.9798,0.0250
ga_sembrado,26,La27,16,24.9798,0.0260
ga_sembrado,26,La27,32,24.9798,0.0280
ga_sembrado,26,La27,64,24.9798,0.0310
ga_sembrado,26,La27,128,24.9798,0.0380
ga_sembrado,26,La27,256,24.9798,0.0530
ga_sembrado,26,La27,512,24.9798,0.0890
ga_sembrado,26,La27,1024,24.9798,0.1701
ga_sembrado,26,La27,2048,24.9798,0.3332
ga_sembrado,26,La27,4096,24.9798,0.6607
ga_sembrado,26,La27,8192,20.6073,1.3365
ga_sembrado,26,La27,16384,16.4372,2.6850
ga_sembrado,26,La27,32768,12.9555,5.3398
ga_sembrado,26,La27,65536,11.4170,10.3622
ga_sembrado,26,La27,131072,10.6883,20.4421
ga_sembrado,26,La27,262144,10.4453,40.1202
ga_sembrado,26,La27,524288,10.2024,79.8711
ga_sembrado,26,La27,1048576,8.7045,160.8848
ga_sembrado,26,La27,2097152,8.0162,317.7623
ga_sembrado,26,La27,4194304,7.9352,644.6543
ga_sembrado,26,La27,5536142,7.9352,900.0005
ga,26,La29,1,107.8125,0.0260
ga,26,La29,2,86.1111,0.0260
ga,26,La29,4,86.1111,0.0270
ga,26,La29,8,86.1111,0.0270
ga,26,La29,16,68.7066,0.0280
ga,26,La29,32,68.7066,0.0300
ga,26,La29,64,66.4062,0.0340
ga,26,La29,128,66.4062,0.0410
ga,26,La29,256,64.5833,0.0570
ga,26,La29,512,56.4236,0.1040
ga,26,La29,1024,56.4236,0.1950
ga,26,La29,2048,47.5260,0.3761
ga,26,La29,4096,39.2795,0.7717
ga,26,La29,8192,29.4705,1.4972
ga,26,La29,16384,21.7882,2.8796
ga,26,La29,32768,18.2726,5.9364
ga,26,La29,65536,17.3611,12.6567
ga,26,La29,131072,16.1024,24.5608
ga,26,La29,262144,12.5434,47.7295
ga,26,La29,524288,12.5434,100.8608
ga,26,La29,1048576,12.5434,197.6903
ga,26,La29,2097152,12.5434,368.5965
ga,26,La29,4194304,11.7188,762.9966
ga,26,La29,4911334,11.7188,900.0010
ga,26,La38,1,94.3562,0.0290
ga,26,La38,2,70.4013,0.0290
ga,26,La38,4,70.4013,0.0300
ga,26,La38,8,69.2308,0.0300
ga,26,La38,16,69.2308,0.0320
ga,26,La38,32,69.2308,0.0340
ga,26,La38,64,69.2308,0.0370
ga,26,La38,128,61.9565,0.0450
ga,26,La38,256,58.6957,0.0640
ga,26,La38,512,58.6957,0.1200
ga,26,La38,1024,54.5987,0.2355
ga,26,La38,2048,46.7809,0.4362
ga,26,La38,4096,32.6087,0.8034
ga,26,La38,8192,28.5953,1.6016
ga,26,La38,16384,18.7291,3.1523
ga,26,La38,32768,14.9666,6.7692
ga,26,La38,65536,12.6254,13.8696
ga,26,La38,131072,12.1237,27.4983
ga,26,La38,262144,12.1237,53.4010
ga,26,La38,524288,12.1237,112.6073
ga,26,La38,1048576,10.4933,218.3306
ga,26,La38,2097152,10.4933,411.2818
ga,26,La38,4194304,10.4933,848.6032
ga,26,La38,4434116,10.4933,900.0002
regla_bon,26,La29,1,13.4115,0.0090
regla_bon,26,La29,2,13.4115,0.0180
regla_bon,26,La29,4,13.4115,0.0360
regla_bon,26,La29,8,13.4115,0.0680
regla_bon,26,La29,16,13.4115,0.1340
regla_bon,26,La29,32,14.6701,0.2675
regla_bon,26,La29,64,14.6701,0.5073
regla_bon,26,La29,128,13.6719,1.0206
regla_bon,26,La29,256,13.4983,2.0123
regla_bon,26,La29,512,13.4983,4.0368
regla_bon,26,La29,1024,13.4983,8.8178
regla_bon,26,La29,2048,11.2413,17.1665
regla_bon,26,La29,4096,11.2413,34.0161
regla_bon,26,La29,8192,11.7188,68.9764
regla_bon,26,La29,16384,10.3733,138.8962
regla_bon,26,La29,32768,11.7188,267.4909
regla_bon,26,La29,65536,11.7188,524.3993
regla_bon,26,La29,108918,11.1111,900.0062
ga_sembrado,26,La29,1,13.4115,0.0280
ga_sembrado,26,La29,2,13.4115,0.0280
ga_sembrado,26,La29,4,13.4115,0.0290
ga_sembrado,26,La29,8,13.4115,0.0290
ga_sembrado,26,La29,16,13.4115,0.0300
ga_sembrado,26,La29,32,13.4115,0.0320
ga_sembrado,26,La29,64,13.4115,0.0350
ga_sembrado,26,La29,128,13.4115,0.0440
ga_sembrado,26,La29,256,13.4115,0.0590
ga_sembrado,26,La29,512,13.4115,0.1040
ga_sembrado,26,La29,1024,13.4115,0.2055
ga_sembrado,26,La29,2048,13.4115,0.3803
ga_sembrado,26,La29,4096,13.4115,0.7083
ga_sembrado,26,La29,8192,12.1962,1.4264
ga_sembrado,26,La29,16384,10.7639,2.8121
ga_sembrado,26,La29,32768,10.0694,6.0859
ga_sembrado,26,La29,65536,9.2014,12.7617
ga_sembrado,26,La29,131072,9.5486,24.9466
ga_sembrado,26,La29,262144,8.5938,48.1437
ga_sembrado,26,La29,524288,8.2031,101.3346
ga_sembrado,26,La29,1048576,8.2031,198.5479
ga_sembrado,26,La29,2097152,8.2031,370.4414
ga_sembrado,26,La29,4194304,8.2031,769.1163
ga_sembrado,26,La29,4876694,8.2031,900.0002
regla_bon,26,La38,1,14.9666,0.0055
regla_bon,26,La38,2,14.9666,0.0125
regla_bon,26,La38,4,14.5903,0.0250
regla_bon,26,La38,8,12.5418,0.0540
regla_bon,26,La38,16,12.5418,0.1046
regla_bon,26,La38,32,8.1104,0.2096
regla_bon,26,La38,64,8.1104,0.4442
regla_bon,26,La38,128,8.1104,0.9027
regla_bon,26,La38,256,8.1104,1.7910
regla_bon,26,La38,512,8.1104,3.6823
regla_bon,26,La38,1024,8.1104,7.9406
regla_bon,26,La38,2048,8.1104,15.6090
regla_bon,26,La38,4096,7.3161,31.1246
regla_bon,26,La38,8192,7.3161,61.9764
regla_bon,26,La38,16384,7.1488,127.2725
regla_bon,26,La38,32768,7.1488,245.9049
regla_bon,26,La38,65536,7.3579,478.0490
regla_bon,26,La38,120193,7.3579,900.0051
ga_sembrado,26,La38,1,14.9666,0.0265
ga_sembrado,26,La38,2,14.9666,0.0265
ga_sembrado,26,La38,4,14.9666,0.0275
ga_sembrado,26,La38,8,14.9666,0.0275
ga_sembrado,26,La38,16,14.9666,0.0285
ga_sembrado,26,La38,32,14.9666,0.0295
ga_sembrado,26,La38,64,14.9666,0.0335
ga_sembrado,26,La38,128,14.9666,0.0435
ga_sembrado,26,La38,256,14.9666,0.0595
ga_sembrado,26,La38,512,14.9666,0.1070
ga_sembrado,26,La38,1024,14.9666,0.2050
ga_sembrado,26,La38,2048,14.9666,0.4167
ga_sembrado,26,La38,4096,13.6706,0.8336
ga_sembrado,26,La38,8192,9.4482,1.6155
ga_sembrado,26,La38,16384,9.3227,3.2332
ga_sembrado,26,La38,32768,8.7793,7.1342
ga_sembrado,26,La38,65536,7.1488,13.9632
ga_sembrado,26,La38,131072,7.1488,27.8568
ga_sembrado,26,La38,262144,7.1488,53.9856
ga_sembrado,26,La38,524288,6.2291,113.7365
ga_sembrado,26,La38,1048576,5.5184,219.9022
ga_sembrado,26,La38,2097152,4.5151,414.1261
ga_sembrado,26,La38,4194304,4.5151,855.2623
ga_sembrado,26,La38,4401532,4.5151,900.0006
ga,26,La40,1,111.2111,0.0400
ga,26,La40,2,91.4894,0.0400
ga,26,La40,4,82.0786,0.0410
ga,26,La40,8,82.0786,0.0410
ga,26,La40,16,71.6858,0.0420
ga,26,La40,32,71.6858,0.0450
ga,26,La40,64,71.8494,0.0490
ga,26,La40,128,70.2946,0.0595
ga,26,La40,256,62.7660,0.0765
ga,26,La40,512,58.5106,0.1923
ga,26,La40,1024,53.3142,0.3204
ga,26,La40,2048,42.2259,0.5335
ga,26,La40,4096,35.1473,0.9681
ga,26,La40,8192,27.5368,1.7861
ga,26,La40,16384,19.0671,3.5795
ga,26,La40,32768,10.5565,7.0134
ga,26,La40,65536,6.0966,13.8682
ga,26,La40,131072,6.0556,27.2136
ga,26,La40,262144,6.0556,54.2297
ga,26,La40,524288,6.0556,107.0196
ga,26,La40,1048576,6.0556,205.4409
ga,26,La40,2097152,6.0556,412.3170
ga,26,La40,4194304,6.0556,844.9576
ga,26,La40,4486955,6.0556,900.0006
ga,26,ABZ7,1,121.0366,0.0425
ga,26,ABZ7,2,100.4573,0.0425
ga,26,ABZ7,4,91.2348,0.0435
ga,26,ABZ7,8,83.3841,0.0440
ga,26,ABZ7,16,80.4878,0.0450
ga,26,ABZ7,32,80.4878,0.0475
ga,26,ABZ7,64,77.1341,0.0535
ga,26,ABZ7,128,70.1220,0.0631
ga,26,ABZ7,256,70.1220,0.0866
ga,26,ABZ7,512,64.4817,0.1546
ga,26,ABZ7,1024,60.1372,0.3051
ga,26,ABZ7,2048,58.0030,0.5912
ga,26,ABZ7,4096,46.9512,1.1311
ga,26,ABZ7,8192,39.1006,2.3282
ga,26,ABZ7,16384,26.5244,4.5867
ga,26,ABZ7,32768,14.1768,9.1466
ga,26,ABZ7,65536,11.8902,17.8188
ga,26,ABZ7,131072,9.8323,36.2214
ga,26,ABZ7,262144,9.8323,70.7290
ga,26,ABZ7,524288,9.8323,137.8289
ga,26,ABZ7,1048576,9.3750,265.3663
ga,26,ABZ7,2097152,7.4695,551.3033
ga,26,ABZ7,3421077,6.7073,900.0003
ga_sembrado,26,La40,1,13.2570,0.0285
ga_sembrado,26,La40,2,13.2570,0.0285
ga_sembrado,26,La40,4,13.2570,0.0285
ga_sembrado,26,La40,8,13.2570,0.0295
ga_sembrado,26,La40,16,13.2570,0.0325
ga_sembrado,26,La40,32,13.2570,0.0355
ga_sembrado,26,La40,64,13.2570,0.0395
ga_sembrado,26,La40,128,13.2570,0.0489
ga_sembrado,26,La40,256,13.2570,0.0656
ga_sembrado,26,La40,512,13.2570,0.1176
ga_sembrado,26,La40,1024,13.2570,0.2261
ga_sembrado,26,La40,2048,13.2570,0.4582
ga_sembrado,26,La40,4096,11.8658,0.8678
ga_sembrado,26,La40,8192,11.0065,1.7430
ga_sembrado,26,La40,16384,11.0065,3.4940
ga_sembrado,26,La40,32768,10.9656,6.9557
ga_sembrado,26,La40,65536,8.4288,13.9244
ga_sembrado,26,La40,131072,6.8740,27.2298
ga_sembrado,26,La40,262144,6.0147,53.9809
ga_sembrado,26,La40,524288,6.0147,106.3466
ga_sembrado,26,La40,1048576,5.9329,204.4882
ga_sembrado,26,La40,2097152,5.9329,410.9076
ga_sembrado,26,La40,4194304,5.9329,843.5189
ga_sembrado,26,La40,4494252,5.9329,900.0003
regla_bon,26,La40,1,13.2570,0.0070
regla_bon,26,La40,2,13.2570,0.0160
regla_bon,26,La40,4,13.2570,0.0285
regla_bon,26,La40,8,13.2570,0.0585
regla_bon,26,La40,16,13.2570,0.1156
regla_bon,26,La40,32,13.2570,0.2551
regla_bon,26,La40,64,13.2570,0.5182
regla_bon,26,La40,128,11.8658,0.9900
regla_bon,26,La40,256,9.0016,2.0481
regla_bon,26,La40,512,10.2700,3.9902
regla_bon,26,La40,1024,10.2700,7.8912
regla_bon,26,La40,2048,10.2700,15.6626
regla_bon,26,La40,4096,8.1015,31.1439
regla_bon,26,La40,8192,7.7332,61.3209
regla_bon,26,La40,16384,7.7332,121.4622
regla_bon,26,La40,32768,7.7332,232.7780
regla_bon,26,La40,65536,7.7332,476.8603
regla_bon,26,La40,122374,7.7332,900.0204
regla_bon,26,ABZ7,1,19.6646,0.0120
regla_bon,26,ABZ7,2,20.7317,0.0280
regla_bon,26,ABZ7,4,17.7591,0.0530
regla_bon,26,ABZ7,8,16.0061,0.1030
regla_bon,26,ABZ7,16,12.8049,0.1976
regla_bon,26,ABZ7,32,12.8049,0.4036
regla_bon,26,ABZ7,64,12.8049,0.8120
regla_bon,26,ABZ7,128,12.8049,1.6969
regla_bon,26,ABZ7,256,12.8049,3.4059
regla_bon,26,ABZ7,512,12.8049,6.8056
regla_bon,26,ABZ7,1024,12.8811,13.5797
regla_bon,26,ABZ7,2048,12.2713,26.5155
regla_bon,26,ABZ7,4096,8.3841,52.9310
regla_bon,26,ABZ7,8192,8.3841,103.9799
regla_bon,26,ABZ7,16384,8.3841,200.0276
regla_bon,26,ABZ7,32768,8.3841,398.5345
regla_bon,26,ABZ7,65536,8.3841,821.8850
regla_bon,26,ABZ7,72106,8.3841,900.0033
ga_sembrado,26,ABZ7,1,19.6646,0.0440
ga_sembrado,26,ABZ7,2,19.6646,0.0450
ga_sembrado,26,ABZ7,4,19.6646,0.0450
ga_sembrado,26,ABZ7,8,19.6646,0.0460
ga_sembrado,26,ABZ7,16,19.6646,0.0470
ga_sembrado,26,ABZ7,32,19.6646,0.0480
ga_sembrado,26,ABZ7,64,19.6646,0.0550
ga_sembrado,26,ABZ7,128,19.6646,0.0650
ga_sembrado,26,ABZ7,256,19.6646,0.0910
ga_sembrado,26,ABZ7,512,19.6646,0.1610
ga_sembrado,26,ABZ7,1024,19.6646,0.2911
ga_sembrado,26,ABZ7,2048,19.6646,0.5629
ga_sembrado,26,ABZ7,4096,17.3780,1.1263
ga_sembrado,26,ABZ7,8192,16.0061,2.2888
ga_sembrado,26,ABZ7,16384,13.7195,4.5279
ga_sembrado,26,ABZ7,32768,11.8140,9.0451
ga_sembrado,26,ABZ7,65536,9.2988,17.7684
ga_sembrado,26,ABZ7,131072,9.3750,36.0703
ga_sembrado,26,ABZ7,262144,9.3750,70.6998
ga_sembrado,26,ABZ7,524288,9.3750,138.0299
ga_sembrado,26,ABZ7,1048576,9.3750,265.9584
ga_sembrado,26,ABZ7,2097152,9.3750,552.8912
ga_sembrado,26,ABZ7,3410329,9.3750,900.0003
ga,26,ABZ9,1,117.0953,0.0375
ga,26,ABZ9,2,97.4281,0.0375
ga,26,ABZ9,4,78.8956,0.0375
ga,26,ABZ9,8,78.8956,0.0385
ga,26,ABZ9,16,78.8956,0.0395
ga,26,ABZ9,32,78.8956,0.0425
ga,26,ABZ9,64,78.8956,0.0485
ga,26,ABZ9,128,73.2224,0.0565
ga,26,ABZ9,256,73.2224,0.0775
ga,26,ABZ9,512,67.4735,0.1315
ga,26,ABZ9,1024,54.9168,0.2575
ga,26,ABZ9,2048,54.9168,0.5115
ga,26,ABZ9,4096,50.3026,0.9991
ga,26,ABZ9,8192,46.1422,1.8836
ga,26,ABZ9,16384,30.7110,3.6934
ga,26,ABZ9,32768,22.3147,7.5326
ga,26,ABZ9,65536,19.0620,15.5429
ga,26,ABZ9,131072,16.5658,30.0343
ga,26,ABZ9,262144,16.4902,63.8700
ga,26,ABZ9,524288,16.4902,122.2968
ga,26,ABZ9,1048576,16.4902,255.9435
ga,26,ABZ9,2097152,16.4902,533.2973
ga,26,ABZ9,3758535,16.4902,900.0010
regla_bon,26,ABZ8,1,24.7287,0.0130
regla_bon,26,ABZ8,2,24.7287,0.0255
regla_bon,26,ABZ8,4,24.7287,0.0445
regla_bon,26,ABZ8,8,23.7209,0.0865
regla_bon,26,ABZ8,16,23.7209,0.1745
regla_bon,26,ABZ8,32,22.8682,0.3675
regla_bon,26,ABZ8,64,23.5659,0.7245
regla_bon,26,ABZ8,128,19.0698,1.3981
regla_bon,26,ABZ8,256,19.0698,2.7122
regla_bon,26,ABZ8,512,20.5426,5.3940
regla_bon,26,ABZ8,1024,20.5426,11.3585
regla_bon,26,ABZ8,2048,19.4574,21.9738
regla_bon,26,ABZ8,4096,19.8450,42.5506
regla_bon,26,ABZ8,8192,19.8450,90.1296
regla_bon,26,ABZ8,16384,19.8450,179.1747
regla_bon,26,ABZ8,32768,16.8217,369.0636
regla_bon,26,ABZ8,65536,16.8217,743.3566
regla_bon,26,ABZ8,81609,16.8217,900.0060
ga_sembrado,26,ABZ8,1,24.7287,0.0315
ga_sembrado,26,ABZ8,2,24.7287,0.0315
ga_sembrado,26,ABZ8,4,24.7287,0.0315
ga_sembrado,26,ABZ8,8,24.7287,0.0325
ga_sembrado,26,ABZ8,16,24.7287,0.0335
ga_sembrado,26,ABZ8,32,24.7287,0.0355
ga_sembrado,26,ABZ8,64,24.7287,0.0395
ga_sembrado,26,ABZ8,128,24.7287,0.0505
ga_sembrado,26,ABZ8,256,24.7287,0.0745
ga_sembrado,26,ABZ8,512,24.7287,0.1325
ga_sembrado,26,ABZ8,1024,24.7287,0.2625
ga_sembrado,26,ABZ8,2048,24.7287,0.4946
ga_sembrado,26,ABZ8,4096,24.7287,0.9681
ga_sembrado,26,ABZ8,8192,21.2403,1.8606
ga_sembrado,26,ABZ8,16384,20.3101,3.6004
ga_sembrado,26,ABZ8,32768,19.2248,7.3711
ga_sembrado,26,ABZ8,65536,18.7597,15.1583
ga_sembrado,26,ABZ8,131072,18.1395,29.1962
ga_sembrado,26,ABZ8,262144,17.3643,62.3070
ga_sembrado,26,ABZ8,524288,17.3643,119.7678
ga_sembrado,26,ABZ8,1048576,17.3643,248.4517
ga_sembrado,26,ABZ8,2097152,16.5891,519.2975
ga_sembrado,26,ABZ8,3871637,15.8140,900.0010
ga,26,ABZ8,1,103.3333,0.0400
ga,26,ABZ8,2,82.0155,0.0400
ga,26,ABZ8,4,82.0155,0.0400
ga,26,ABZ8,8,82.0155,0.0410
ga,26,ABZ8,16,82.0155,0.0420
ga,26,ABZ8,32,82.0155,0.0450
ga,26,ABZ8,64,82.0155,0.0500
ga,26,ABZ8,128,82.0155,0.0590
ga,26,ABZ8,256,82.0155,0.0810
ga,26,ABZ8,512,75.3488,0.1490
ga,26,ABZ8,1024,68.7597,0.2720
ga,26,ABZ8,2048,66.0465,0.5180
ga,26,ABZ8,4096,57.7519,1.0041
ga,26,ABZ8,8192,41.0853,1.9091
ga,26,ABZ8,16384,30.8527,3.7388
ga,26,ABZ8,32768,17.0543,7.5801
ga,26,ABZ8,65536,15.8915,15.5934
ga,26,ABZ8,131072,15.8915,30.0683
ga,26,ABZ8,262144,15.8915,64.3236
ga,26,ABZ8,524288,15.5039,123.3944
ga,26,ABZ8,1048576,15.5039,260.4159
ga,26,ABZ8,2097152,14.0310,538.3105
ga,26,ABZ8,3733341,14.0310,900.0004
regla_bon,26,ABZ9,1,33.3585,0.0120
regla_bon,26,ABZ9,2,32.3752,0.0230
regla_bon,26,ABZ9,4,26.2481,0.0460
regla_bon,26,ABZ9,8,26.2481,0.0890
regla_bon,26,ABZ9,16,26.2481,0.1860
regla_bon,26,ABZ9,32,26.2481,0.3650
regla_bon,26,ABZ9,64,25.2648,0.7010
regla_bon,26,ABZ9,128,25.2648,1.3646
regla_bon,26,ABZ9,256,25.2648,2.6606
regla_bon,26,ABZ9,512,21.9365,5.3716
regla_bon,26,ABZ9,1024,21.9365,11.6281
regla_bon,26,ABZ9,2048,21.2557,22.0654
regla_bon,26,ABZ9,4096,21.4826,42.6796
regla_bon,26,ABZ9,8192,21.4826,90.3600
regla_bon,26,ABZ9,16384,20.9531,178.6621
regla_bon,26,ABZ9,32768,19.5915,368.6452
regla_bon,26,ABZ9,65536,19.5915,741.0706
regla_bon,26,ABZ9,81795,19.1377,900.0084
ga_sembrado,26,ABZ9,1,33.3585,0.0310
ga_sembrado,26,ABZ9,2,33.3585,0.0310
ga_sembrado,26,ABZ9,4,33.3585,0.0320
ga_sembrado,26,ABZ9,8,33.3585,0.0320
ga_sembrado,26,ABZ9,16,33.3585,0.0330
ga_sembrado,26,ABZ9,32,33.3585,0.0360
ga_sembrado,26,ABZ9,64,33.3585,0.0420
ga_sembrado,26,ABZ9,128,33.3585,0.0520
ga_sembrado,26,ABZ9,256,33.3585,0.0770
ga_sembrado,26,ABZ9,512,33.3585,0.1370
ga_sembrado,26,ABZ9,1024,33.3585,0.2520
ga_sembrado,26,ABZ9,2048,33.3585,0.4900
ga_sembrado,26,ABZ9,4096,30.9380,0.9531
ga_sembrado,26,ABZ9,8192,28.2905,1.8561
ga_sembrado,26,ABZ9,16384,27.2315,3.6248
ga_sembrado,26,ABZ9,32768,27.0802,7.3471
ga_sembrado,26,ABZ9,65536,23.7519,15.3453
ga_sembrado,26,ABZ9,131072,20.8775,29.3938
ga_sembrado,26,ABZ9,262144,19.3646,62.2414
ga_sembrado,26,ABZ9,524288,19.3646,119.6243
ga_sembrado,26,ABZ9,1048576,19.3646,248.2947
ga_sembrado,26,ABZ9,2097152,19.3646,520.3785
ga_sembrado,26,ABZ9,3858555,15.9607,900.0004
ga,27,FT10,1,65.1613,0.0080
ga,27,FT10,2,65.1613,0.0080
ga,27,FT10,4,65.1613,0.0090
ga,27,FT10,8,65.1613,0.0090
ga,27,FT10,16,52.3656,0.0090
ga,27,FT10,32,52.3656,0.0100
ga,27,FT10,64,52.3656,0.0110
ga,27,FT10,128,42.9570,0.0130
ga,27,FT10,256,42.9570,0.0180
ga,27,FT10,512,42.9570,0.0330
ga,27,FT10,1024,37.3118,0.0640
ga,27,FT10,2048,34.6237,0.1260
ga,27,FT10,4096,24.8387,0.2681
ga,27,FT10,8192,13.6022,0.5807
ga,27,FT10,16384,8.2796,1.2102
ga,27,FT10,32768,5.7527,2.4600
ga,27,FT10,65536,4.9462,5.1319
ga,27,FT10,131072,4.9462,10.3344
ga,27,FT10,262144,3.8172,20.7938
ga,27,FT10,524288,3.8172,41.5753
ga,27,FT10,1048576,3.8172,83.2735
ga,27,FT10,2097152,3.8172,166.8007
ga,27,FT10,4194304,3.8172,336.0038
ga,27,FT10,8388608,3.8172,669.6654
ga,27,FT10,11152052,3.8172,900.0008
ga_sembrado,27,FT10,1,20.3763,0.0120
ga_sembrado,27,FT10,2,20.3763,0.0120
ga_sembrado,27,FT10,4,20.3763,0.0130
ga_sembrado,27,FT10,8,20.3763,0.0130
ga_sembrado,27,FT10,16,20.3763,0.0130
ga_sembrado,27,FT10,32,20.3763,0.0140
ga_sembrado,27,FT10,64,20.3763,0.0160
ga_sembrado,27,FT10,128,20.3763,0.0200
ga_sembrado,27,FT10,256,20.3763,0.0270
ga_sembrado,27,FT10,512,20.3763,0.0500
ga_sembrado,27,FT10,1024,20.3763,0.0970
ga_sembrado,27,FT10,2048,20.3763,0.1680
ga_sembrado,27,FT10,4096,15.5914,0.3261
ga_sembrado,27,FT10,8192,8.6559,0.6387
ga_sembrado,27,FT10,16384,7.8495,1.2692
ga_sembrado,27,FT10,32768,6.7742,2.5771
ga_sembrado,27,FT10,65536,3.9785,5.1169
ga_sembrado,27,FT10,131072,3.4946,10.1674
ga_sembrado,27,FT10,262144,3.4946,20.4903
ga_sembrado,27,FT10,524288,3.4946,40.8372
ga_sembrado,27,FT10,1048576,3.4946,81.1427
ga_sembrado,27,FT10,2097152,3.4946,162.9631
ga_sembrado,27,FT10,4194304,3.4946,327.7036
ga_sembrado,27,FT10,8388608,3.4946,652.7776
ga_sembrado,27,FT10,11439746,3.4409,900.0008
regla_bon,27,FT10,1,20.3763,0.0030
regla_bon,27,FT10,2,20.3763,0.0050
regla_bon,27,FT10,4,17.1505,0.0100
regla_bon,27,FT10,8,7.2043,0.0190
regla_bon,27,FT10,16,7.2043,0.0360
regla_bon,27,FT10,32,7.2043,0.0720
regla_bon,27,FT10,64,7.2043,0.1430
regla_bon,27,FT10,128,6.9355,0.2821
regla_bon,27,FT10,256,6.9355,0.5122
regla_bon,27,FT10,512,6.9355,0.9942
regla_bon,27,FT10,1024,7.3118,2.0519
regla_bon,27,FT10,2048,5.4839,4.0778
regla_bon,27,FT10,4096,5.4839,8.1994
regla_bon,27,FT10,8192,3.8710,16.2743
regla_bon,27,FT10,16384,3.8710,32.9838
regla_bon,27,FT10,32768,3.8710,65.7747
regla_bon,27,FT10,65536,3.8710,131.5578
regla_bon,27,FT10,131072,3.8710,264.0584
regla_bon,27,FT10,262144,3.4409,531.1266
regla_bon,27,FT10,440771,3.4409,900.0018
ga,27,FT20,1,63.9485,0.0130
ga,27,FT20,2,54.9356,0.0130
ga,27,FT20,4,54.9356,0.0130
ga,27,FT20,8,54.9356,0.0140
ga,27,FT20,16,54.9356,0.0140
ga,27,FT20,32,54.9356,0.0150
ga,27,FT20,64,50.9013,0.0160
ga,27,FT20,128,47.5536,0.0190
ga,27,FT20,256,43.6052,0.0250
ga,27,FT20,512,43.6052,0.0460
ga,27,FT20,1024,37.5107,0.0900
ga,27,FT20,2048,29.4421,0.1741
ga,27,FT20,4096,21.3734,0.3301
ga,27,FT20,8192,12.7039,0.6552
ga,27,FT20,16384,6.9528,1.3038
ga,27,FT20,32768,3.2189,2.6696
ga,27,FT20,65536,3.0472,5.3244
ga,27,FT20,131072,3.0472,10.6890
ga,27,FT20,262144,3.0472,21.5285
ga,27,FT20,524288,2.9185,42.3849
ga,27,FT20,1048576,2.9185,84.3468
ga,27,FT20,2097152,2.9185,168.8467
ga,27,FT20,4194304,2.9185,339.3690
ga,27,FT20,8388608,2.9185,678.2083
ga,27,FT20,11011459,2.9185,900.0008
ga_sembrado,27,FT20,1,13.2189,0.0120
ga_sembrado,27,FT20,2,13.2189,0.0120
ga_sembrado,27,FT20,4,13.2189,0.0120
ga_sembrado,27,FT20,8,13.2189,0.0130
ga_sembrado,27,FT20,16,13.2189,0.0130
ga_sembrado,27,FT20,32,13.2189,0.0140
ga_sembrado,27,FT20,64,13.2189,0.0160
ga_sembrado,27,FT20,128,13.2189,0.0190
ga_sembrado,27,FT20,256,13.2189,0.0260
ga_sembrado,27,FT20,512,13.2189,0.0480
ga_sembrado,27,FT20,1024,13.2189,0.0910
ga_sembrado,27,FT20,2048,13.2189,0.1681
ga_sembrado,27,FT20,4096,13.2189,0.3181
ga_sembrado,27,FT20,8192,11.9742,0.6757
ga_sembrado,27,FT20,16384,11.7597,1.2958
ga_sembrado,27,FT20,32768,10.2146,2.5551
ga_sembrado,27,FT20,65536,9.6137,5.0589
ga_sembrado,27,FT20,131072,4.6352,10.0534
ga_sembrado,27,FT20,262144,1.7597,20.2123
ga_sembrado,27,FT20,524288,1.7597,40.8022
ga_sembrado,27,FT20,1048576,1.7597,81.9333
ga_sembrado,27,FT20,2097152,1.7597,163.2471
ga_sembrado,27,FT20,4194304,1.7597,330.2422
ga_sembrado,27,FT20,8388608,1.7597,658.2999
ga_sembrado,27,FT20,11331436,1.7597,900.0008
regla_bon,27,FT20,1,13.2189,0.0030
regla_bon,27,FT20,2,13.2189,0.0070
regla_bon,27,FT20,4,12.7897,0.0130
regla_bon,27,FT20,8,12.7897,0.0260
regla_bon,27,FT20,16,11.8026,0.0520
regla_bon,27,FT20,32,11.8026,0.1011
regla_bon,27,FT20,64,11.8026,0.1901
regla_bon,27,FT20,128,11.8026,0.3882
regla_bon,27,FT20,256,11.8026,0.7797
regla_bon,27,FT20,512,10.5150,1.5349
regla_bon,27,FT20,1024,9.2704,2.9857
regla_bon,27,FT20,2048,9.0129,5.9126
regla_bon,27,FT20,4096,7.5536,11.6887
regla_bon,27,FT20,8192,7.5536,23.4747
regla_bon,27,FT20,16384,6.9528,47.2180
regla_bon,27,FT20,32768,6.9528,94.4108
regla_bon,27,FT20,65536,6.9528,188.1167
regla_bon,27,FT20,131072,6.9528,378.3185
regla_bon,27,FT20,262144,6.2661,753.1012
regla_bon,27,FT20,309972,6.1803,900.0029
ga,27,La21,1,72.9446,0.0210
ga,27,La21,2,72.9446,0.0210
ga,27,La21,4,72.9446,0.0220
ga,27,La21,8,72.9446,0.0220
ga,27,La21,16,56.1185,0.0230
ga,27,La21,32,54.5411,0.0250
ga,27,La21,64,54.5411,0.0280
ga,27,La21,128,52.5813,0.0350
ga,27,La21,256,52.5813,0.0490
ga,27,La21,512,46.9407,0.0880
ga,27,La21,1024,46.9407,0.1560
ga,27,La21,2048,36.3289,0.2885
ga,27,La21,4096,32.6960,0.5336
ga,27,La21,8192,18.8815,1.0332
ga,27,La21,16384,12.8107,1.9659
ga,27,La21,32768,10.3728,3.9188
ga,27,La21,65536,9.8470,8.0361
ga,27,La21,131072,9.1778,16.0102
ga,27,La21,262144,9.1778,32.4400
ga,27,La21,524288,6.3098,64.2190
ga,27,La21,1048576,5.3537,127.4787
ga,27,La21,2097152,5.3537,247.0375
ga,27,La21,4194304,5.3537,483.9531
ga,27,La21,7886193,5.3537,900.0009
regla_bon,27,La21,1,15.0096,0.0070
regla_bon,27,La21,2,15.0096,0.0120
regla_bon,27,La21,4,15.0096,0.0220
regla_bon,27,La21,8,16.7304,0.0430
regla_bon,27,La21,16,15.2008,0.0840
regla_bon,27,La21,32,13.0019,0.1510
regla_bon,27,La21,64,12.8585,0.2855
regla_bon,27,La21,128,10.4207,0.5436
regla_bon,27,La21,256,10.4207,1.0322
regla_bon,27,La21,512,10.4207,2.0944
regla_bon,27,La21,1024,10.4207,4.2033
regla_bon,27,La21,2048,10.0382,8.4361
regla_bon,27,La21,4096,7.6482,16.8753
regla_bon,27,La21,8192,8.0306,34.1538
regla_bon,27,La21,16384,8.0306,68.1832
regla_bon,27,La21,32768,8.0306,135.1279
regla_bon,27,La21,65536,8.0306,260.6328
regla_bon,27,La21,131072,7.3614,511.5530
regla_bon,27,La21,232628,7.3614,900.0009
ga_sembrado,27,La21,1,15.0096,0.0190
ga_sembrado,27,La21,2,15.0096,0.0190
ga_sembrado,27,La21,4,15.0096,0.0190
ga_sembrado,27,La21,8,15.0096,0.0190
ga_sembrado,27,La21,16,15.0096,0.0200
ga_sembrado,27,La21,32,15.0096,0.0210
ga_sembrado,27,La21,64,15.0096,0.0240
ga_sembrado,27,La21,128,15.0096,0.0290
ga_sembrado,27,La21,256,15.0096,0.0400
ga_sembrado,27,La21,512,15.0096,0.0720
ga_sembrado,27,La21,1024,15.0096,0.1380
ga_sembrado,27,La21,2048,15.0096,0.2665
ga_sembrado,27,La21,4096,16.0612,0.5116
ga_sembrado,27,La21,8192,13.3843,1.0097
ga_sembrado,27,La21,16384,12.2849,1.9959
ga_sembrado,27,La21,32768,11.3289,3.9428
ga_sembrado,27,La21,65536,10.2294,7.8020
ga_sembrado,27,La21,131072,8.3174,15.4846
ga_sembrado,27,La21,262144,8.3174,31.7360
ga_sembrado,27,La21,524288,7.7438,62.4983
ga_sembrado,27,La21,1048576,7.7438,124.7433
ga_sembrado,27,La21,2097152,7.7438,241.0684
ga_sembrado,27,La21,4194304,7.7438,473.4608
ga_sembrado,27,La21,8089942,7.5526,900.0010
ga,27,La24,1,78.5027,0.0180
ga,27,La24,2,78.5027,0.0180
ga,27,La24,4,78.5027,0.0190
ga,27,La24,8,78.5027,0.0190
ga,27,La24,16,78.5027,0.0200
ga,27,La24,32,74.4385,0.0210
ga,27,La24,64,61.8717,0.0240
ga,27,La24,128,61.8717,0.0290
ga,27,La24,256,57.1123,0.0410
ga,27,La24,512,57.1123,0.0750
ga,27,La24,1024,47.1123,0.1410
ga,27,La24,2048,39.5722,0.2705
ga,27,La24,4096,31.8717,0.5136
ga,27,La24,8192,22.4064,1.0102
ga,27,La24,16384,15.1872,2.0324
ga,27,La24,32768,11.7647,3.9998
ga,27,La24,65536,9.2513,8.0231
ga,27,La24,131072,9.2513,16.0512
ga,27,La24,262144,8.8770,32.6836
ga,27,La24,524288,7.3797,64.4771
ga,27,La24,1048576,7.3797,128.2717
ga,27,La24,2097152,7.3797,247.7487
ga,27,La24,4194304,7.3797,487.6363
ga,27,La24,7815324,7.3797,900.0005
ga_sembrado,27,La24,1,10.1070,0.0190
ga_sembrado,27,La24,2,10.1070,0.0190
ga_sembrado,27,La24,4,10.1070,0.0190
ga_sembrado,27,La24,8,10.1070,0.0200
ga_sembrado,27,La24,16,10.1070,0.0200
ga_sembrado,27,La24,32,10.1070,0.0220
ga_sembrado,27,La24,64,10.1070,0.0250
ga_sembrado,27,La24,128,10.1070,0.0310
ga_sembrado,27,La24,256,10.1070,0.0420
ga_sembrado,27,La24,512,10.1070,0.0680
ga_sembrado,27,La24,1024,10.1070,0.1360
ga_sembrado,27,La24,2048,10.1070,0.2455
ga_sembrado,27,La24,4096,10.1070,0.4946
ga_sembrado,27,La24,8192,9.8396,0.9752
ga_sembrado,27,La24,16384,9.8396,1.8729
ga_sembrado,27,La24,32768,5.1872,3.8578
ga_sembrado,27,La24,65536,4.5989,7.7870
ga_sembrado,27,La24,131072,4.5989,15.6567
ga_sembrado,27,La24,262144,4.6524,31.9585
ga_sembrado,27,La24,524288,4.0642,62.9229
ga_sembrado,27,La24,1048576,4.0642,125.5618
ga_sembrado,27,La24,2097152,4.0642,242.3561
ga_sembrado,27,La24,4194304,4.0642,473.2438
ga_sembrado,27,La24,8067754,4.0642,900.0005
regla_bon,27,La24,1,10.1070,0.0050
regla_bon,27,La24,2,10.1070,0.0090
regla_bon,27,La24,4,10.1070,0.0170
regla_bon,27,La24,8,9.9465,0.0350
regla_bon,27,La24,16,9.9465,0.0680
regla_bon,27,La24,32,9.9465,0.1365
regla_bon,27,La24,64,9.9465,0.2645
regla_bon,27,La24,128,10.1070,0.5306
regla_bon,27,La24,256,8.0214,1.0287
regla_bon,27,La24,512,8.0214,2.1004
regla_bon,27,La24,1024,7.9144,4.2023
regla_bon,27,La24,2048,7.5936,8.3836
regla_bon,27,La24,4096,7.5936,16.8373
regla_bon,27,La24,8192,7.0588,34.1488
regla_bon,27,La24,16384,4.0642,67.6606
regla_bon,27,La24,32768,4.0642,134.3854
regla_bon,27,La24,65536,5.1872,260.9607
regla_bon,27,La24,131072,5.1872,512.6636
regla_bon,27,La24,232089,4.3850,900.0045
ga,27,La25,1,105.6295,0.0185
ga,27,La25,2,82.0368,0.0185
ga,27,La25,4,80.8086,0.0185
ga,27,La25,8,58.5466,0.0195
ga,27,La25,16,58.5466,0.0195
ga,27,La25,32,58.5466,0.0215
ga,27,La25,64,49.9488,0.0235
ga,27,La25,128,49.9488,0.0295
ga,27,La25,256,49.9488,0.0385
ga,27,La25,512,40.9417,0.0665
ga,27,La25,1024,41.7605,0.1305
ga,27,La25,2048,39.3040,0.2365
ga,27,La25,4096,24.0020,0.4781
ga,27,La25,8192,21.3920,0.9227
ga,27,La25,16384,13.0502,1.7439
ga,27,La25,32768,9.5189,3.6408
ga,27,La25,65536,8.1883,7.3706
ga,27,La25,131072,7.1648,14.8239
ga,27,La25,262144,7.1648,29.8143
ga,27,La25,524288,4.6059,59.8144
ga,27,La25,1048576,4.6059,119.0704
ga,27,La25,2097152,4.6059,239.6443
ga,27,La25,4194304,4.6059,478.6061
ga,27,La25,7903074,4.6059,900.0009
regla_bon,27,La25,1,11.8219,0.0045
regla_bon,27,La25,2,11.8219,0.0085
regla_bon,27,La25,4,11.8219,0.0175
regla_bon,27,La25,8,11.8219,0.0345
regla_bon,27,La25,16,11.8219,0.0635
regla_bon,27,La25,32,10.5425,0.1305
regla_bon,27,La25,64,6.8577,0.2565
regla_bon,27,La25,128,6.8577,0.4881
regla_bon,27,La25,256,6.8577,0.9722
regla_bon,27,La25,512,6.8577,1.9695
regla_bon,27,La25,1024,6.8577,3.9089
regla_bon,27,La25,2048,6.8577,7.8308
regla_bon,27,La25,4096,6.8577,15.8337
regla_bon,27,La25,8192,6.8577,31.7640
regla_bon,27,La25,16384,6.8066,62.6998
regla_bon,27,La25,32768,5.6295,124.3519
regla_bon,27,La25,65536,4.7595,250.2606
regla_bon,27,La25,131072,5.4248,500.6125
regla_bon,27,La25,234970,4.5036,900.0019
ga_sembrado,27,La25,1,11.8219,0.0130
ga_sembrado,27,La25,2,11.8219,0.0130
ga_sembrado,27,La25,4,11.8219,0.0130
ga_sembrado,27,La25,8,11.8219,0.0130
ga_sembrado,27,La25,16,11.8219,0.0140
ga_sembrado,27,La25,32,11.8219,0.0150
ga_sembrado,27,La25,64,11.8219,0.0170
ga_sembrado,27,La25,128,11.8219,0.0200
ga_sembrado,27,La25,256,11.8219,0.0280
ga_sembrado,27,La25,512,11.8219,0.0520
ga_sembrado,27,La25,1024,11.8219,0.1000
ga_sembrado,27,La25,2048,11.8219,0.2010
ga_sembrado,27,La25,4096,11.8219,0.4225
ga_sembrado,27,La25,8192,9.9795,0.9147
ga_sembrado,27,La25,16384,9.7748,1.8534
ga_sembrado,27,La25,32768,9.7748,3.6342
ga_sembrado,27,La25,65536,9.7748,7.2006
ga_sembrado,27,La25,131072,9.7748,14.4408
ga_sembrado,27,La25,262144,9.7748,28.8174
ga_sembrado,27,La25,524288,8.7513,56.9234
ga_sembrado,27,La25,1048576,8.7513,115.2070
ga_sembrado,27,La25,2097152,8.7513,230.9032
ga_sembrado,27,La25,4194304,8.7513,462.3751
ga_sembrado,27,La25,8146687,7.8813,900.0004
ga,27,La27,1,98.7045,0.0170
ga,27,La27,2,98.7045,0.0170
ga,27,La27,4,71.7409,0.0180
ga,27,La27,8,71.7409,0.0180
ga,27,La27,16,71.7409,0.0190
ga,27,La27,32,71.7409,0.0200
ga,27,La27,64,70.4453,0.0230
ga,27,La27,128,70.4453,0.0280
ga,27,La27,256,58.1377,0.0420
ga,27,La27,512,58.1377,0.0780
ga,27,La27,1024,47.8543,0.1610
ga,27,La27,2048,45.7895,0.3040
ga,27,La27,4096,30.6073,0.6161
ga,27,La27,8192,23.2794,1.2263
ga,27,La27,16384,16.3563,2.4571
ga,27,La27,32768,8.5425,4.8336
ga,27,La27,65536,5.0202,9.7023
ga,27,La27,131072,5.0202,19.5236
ga,27,La27,262144,4.5344,39.0061
ga,27,La27,524288,4.5344,77.8285
ga,27,La27,1048576,4.5344,154.9571
ga,27,La27,2097152,4.5344,312.3563
ga,27,La27,4194304,3.7247,624.4891
ga,27,La27,6034236,3.7247,900.0009
ga_sembrado,27,La27,1,24.9798,0.0240
ga_sembrado,27,La27,2,24.9798,0.0240
ga_sembrado,27,La27,4,24.9798,0.0240
ga_sembrado,27,La27,8,24.9798,0.0250
ga_sembrado,27,La27,16,24.9798,0.0260
ga_sembrado,27,La27,32,24.9798,0.0270
ga_sembrado,27,La27,64,24.9798,0.0310
ga_sembrado,27,La27,128,24.9798,0.0380
ga_sembrado,27,La27,256,24.9798,0.0520
ga_sembrado,27,La27,512,24.9798,0.0900
ga_sembrado,27,La27,1024,24.9798,0.1490
ga_sembrado,27,La27,2048,24.9798,0.2960
ga_sembrado,27,La27,4096,21.9433,0.5931
ga_sembrado,27,La27,8192,20.2024,1.0713
ga_sembrado,27,La27,16384,16.6802,2.2610
ga_sembrado,27,La27,32768,13.9271,4.5260
ga_sembrado,27,La27,65536,11.5789,9.0732
ga_sembrado,27,La27,131072,10.3644,18.1077
ga_sembrado,27,La27,262144,10.3644,36.8536
ga_sembrado,27,La27,524288,10.3644,73.3268
ga_sembrado,27,La27,1048576,10.3644,148.1589
ga_sembrado,27,La27,2097152,10.3644,297.8745
ga_sembrado,27,La27,4194304,8.3806,594.3886
ga_sembrado,27,La27,6330038,8.1781,900.0009
regla_bon,27,La27,1,24.9798,0.0070
regla_bon,27,La27,2,21.0121,0.0140
regla_bon,27,La27,4,20.1215,0.0280
regla_bon,27,La27,8,16.1943,0.0570
regla_bon,27,La27,16,16.1943,0.1130
regla_bon,27,La27,32,13.7247,0.2230
regla_bon,27,La27,64,13.5628,0.3785
regla_bon,27,La27,128,13.5628,0.7447
regla_bon,27,La27,256,11.0121,1.5394
regla_bon,27,La27,512,11.0121,3.2057
regla_bon,27,La27,1024,11.1741,6.4525
regla_bon,27,La27,2048,10.8502,12.9472
regla_bon,27,La27,4096,10.7692,25.9926
regla_bon,27,La27,8192,10.4049,51.7540
regla_bon,27,La27,16384,8.8664,103.7319
regla_bon,27,La27,32768,8.8664,207.5485
regla_bon,27,La27,65536,7.8138,416.5420
regla_bon,27,La27,131072,8.4211,832.5907
regla_bon,27,La27,141725,8.4211,900.0004
ga,27,La29,1,107.0747,0.0250
ga,27,La29,2,107.0747,0.0250
ga,27,La29,4,77.6910,0.0250
ga,27,La29,8,77.6910,0.0250
ga,27,La29,16,74.0451,0.0260
ga,27,La29,32,68.9236,0.0280
ga,27,La29,64,68.9236,0.0320
ga,27,La29,128,64.4531,0.0390
ga,27,La29,256,64.4531,0.0530
ga,27,La29,512,60.5903,0.0895
ga,27,La29,1024,52.6910,0.1670
ga,27,La29,2048,48.6111,0.3286
ga,27,La29,4096,38.3681,0.6417
ga,27,La29,8192,30.8594,1.2698
ga,27,La29,16384,24.0451,2.3875
ga,27,La29,32768,15.5382,4.7744
ga,27,La29,65536,11.7188,9.5986
ga,27,La29,131072,11.2847,19.3292
ga,27,La29,262144,10.4601,38.1856
ga,27,La29,524288,10.2431,76.1458
ga,27,La29,1048576,8.6806,153.7479
ga,27,La29,2097152,8.6806,307.2492
ga,27,La29,4194304,8.6806,617.3525
ga,27,La29,6138929,8.6806,900.0004
regla_bon,27,La29,1,13.4115,0.0070
regla_bon,27,La29,2,13.4115,0.0140
regla_bon,27,La29,4,13.4115,0.0290
regla_bon,27,La29,8,13.4115,0.0565
regla_bon,27,La29,16,13.4115,0.0985
regla_bon,27,La29,32,13.4115,0.1980
regla_bon,27,La29,64,14.0191,0.3856
regla_bon,27,La29,128,13.2378,0.8027
regla_bon,27,La29,256,13.2378,1.6689
regla_bon,27,La29,512,11.6319,3.3467
regla_bon,27,La29,1024,11.6319,6.5764
regla_bon,27,La29,2048,12.5000,13.2542
regla_bon,27,La29,4096,12.5000,26.5679
regla_bon,27,La29,8192,10.8941,52.6556
regla_bon,27,La29,16384,10.5035,104.5407
regla_bon,27,La29,32768,10.5035,209.5041
regla_bon,27,La29,65536,10.0260,421.2946
regla_bon,27,La29,131072,10.0260,843.3376
regla_bon,27,La29,139937,10.0260,900.0024
ga_sembrado,27,La29,1,13.4115,0.0240
ga_sembrado,27,La29,2,13.4115,0.0240
ga_sembrado,27,La29,4,13.4115,0.0250
ga_sembrado,27,La29,8,13.4115,0.0250
ga_sembrado,27,La29,16,13.4115,0.0250
ga_sembrado,27,La29,32,13.4115,0.0270
ga_sembrado,27,La29,64,13.4115,0.0290
ga_sembrado,27,La29,128,13.4115,0.0350
ga_sembrado,27,La29,256,13.4115,0.0485
ga_sembrado,27,La29,512,13.4115,0.0895
ga_sembrado,27,La29,1024,13.4115,0.1650
ga_sembrado,27,La29,2048,13.4115,0.3226
ga_sembrado,27,La29,4096,13.4115,0.5836
ga_sembrado,27,La29,8192,11.9792,1.1033
ga_sembrado,27,La29,16384,10.8507,2.1730
ga_sembrado,27,La29,32768,10.8073,4.5719
ga_sembrado,27,La29,65536,9.5486,9.1424
ga_sembrado,27,La29,131072,9.1146,18.3502
ga_sembrado,27,La29,262144,8.5938,36.7838
ga_sembrado,27,La29,524288,7.9861,73.8465
ga_sembrado,27,La29,1048576,7.8125,147.5226
ga_sembrado,27,La29,2097152,7.7257,296.7785
ga_sembrado,27,La29,4194304,7.7257,595.8327
ga_sembrado,27,La29,6347543,7.7257,900.0004
ga,27,La38,1,103.3445,0.0270
ga,27,La38,2,95.6522,0.0270
ga,27,La38,4,65.9699,0.0270
ga,27,La38,8,65.9699,0.0280
ga,27,La38,16,65.9699,0.0280
ga,27,La38,32,65.9699,0.0300
ga,27,La38,64,65.9699,0.0330
ga,27,La38,128,63.5033,0.0400
ga,27,La38,256,63.5033,0.0550
ga,27,La38,512,57.1906,0.0995
ga,27,La38,1024,55.7274,0.1900
ga,27,La38,2048,46.6555,0.3366
ga,27,La38,4096,39.2140,0.6497
ga,27,La38,8192,29.8077,1.2723
ga,27,La38,16384,19.6488,2.5661
ga,27,La38,32768,15.9699,5.2511
ga,27,La38,65536,15.8027,10.5072
ga,27,La38,131072,15.8027,21.0827
ga,27,La38,262144,15.8027,43.1032
ga,27,La38,524288,15.0502,85.9129
ga,27,La38,1048576,14.7157,172.0125
ga,27,La38,2097152,12.9599,344.2510
ga,27,La38,4194304,12.9599,692.6731
ga,27,La38,5447200,12.9599,900.0009
ga_sembrado,27,La38,1,14.9666,0.0220
ga_sembrado,27,La38,2,14.9666,0.0220
ga_sembrado,27,La38,4,14.9666,0.0220
ga_sembrado,27,La38,8,14.9666,0.0230
ga_sembrado,27,La38,16,14.9666,0.0230
ga_sembrado,27,La38,32,14.9666,0.0250
ga_sembrado,27,La38,64,14.9666,0.0280
ga_sembrado,27,La38,128,14.9666,0.0330
ga_sembrado,27,La38,256,14.9666,0.0455
ga_sembrado,27,La38,512,14.9666,0.0785
ga_sembrado,27,La38,1024,14.9666,0.1450
ga_sembrado,27,La38,2048,14.9666,0.3016
ga_sembrado,27,La38,4096,13.2107,0.6367
ga_sembrado,27,La38,8192,11.1204,1.2608
ga_sembrado,27,La38,16384,8.8629,2.4761
ga_sembrado,27,La38,32768,7.8595,4.9990
ga_sembrado,27,La38,65536,7.8595,10.0492
ga_sembrado,27,La38,131072,6.1873,20.6641
ga_sembrado,27,La38,262144,6.1873,41.6439
ga_sembrado,27,La38,524288,4.5151,83.0934
ga_sembrado,27,La38,1048576,4.5151,165.9093
ga_sembrado,27,La38,2097152,4.5151,332.8190
ga_sembrado,27,La38,4194304,4.5151,666.7633
ga_sembrado,27,La38,5655896,4.5151,900.0004
regla_bon,27,La38,1,14.9666,0.0070
regla_bon,27,La38,2,14.9666,0.0130
regla_bon,27,La38,4,14.9666,0.0260
regla_bon,27,La38,8,13.2107,0.0510
regla_bon,27,La38,16,13.2107,0.0975
regla_bon,27,La38,32,13.2525,0.1736
regla_bon,27,La38,64,11.1204,0.3601
regla_bon,27,La38,128,10.3261,0.7302
regla_bon,27,La38,256,10.3261,1.5059
regla_bon,27,La38,512,8.9047,3.0272
regla_bon,27,La38,1024,8.8629,6.0078
regla_bon,27,La38,2048,7.4415,11.8620
regla_bon,27,La38,4096,7.8177,23.8826
regla_bon,27,La38,8192,7.8177,47.2060
regla_bon,27,La38,16384,7.4833,95.2740
regla_bon,27,La38,32768,7.4833,190.4962
regla_bon,27,La38,65536,7.4833,381.2131
regla_bon,27,La38,131072,7.9013,764.7013
regla_bon,27,La38,154390,7.9013,900.0009
ga,27,La40,1,96.3993,0.0270
ga,27,La40,2,74.7136,0.0270
ga,27,La40,4,74.7136,0.0270
ga,27,La40,8,74.7136,0.0270
ga,27,La40,16,74.7136,0.0280
ga,27,La40,32,69.5581,0.0300
ga,27,La40,64,70.2537,0.0330
ga,27,La40,128,64.1571,0.0390
ga,27,La40,256,64.1571,0.0520
ga,27,La40,512,62.6023,0.0850
ga,27,La40,1024,53.1506,0.1795
ga,27,La40,2048,42.9214,0.3405
ga,27,La40,4096,38.0115,0.6451
ga,27,La40,8192,29.3372,1.3087
ga,27,La40,16384,19.3126,2.6214
ga,27,La40,32768,10.0245,5.3355
ga,27,La40,65536,8.5106,10.5360
ga,27,La40,131072,8.3061,20.8671
ga,27,La40,262144,4.5827,42.4279
ga,27,La40,524288,4.5827,85.4121
ga,27,La40,1048576,4.5827,170.8390
ga,27,La40,2097152,4.1735,340.9445
ga,27,La40,4194304,4.1735,683.2724
ga,27,La40,5516810,4.1735,900.0006
ga_sembrado,27,La40,1,13.2570,0.0250
ga_sembrado,27,La40,2,13.2570,0.0250
ga_sembrado,27,La40,4,13.2570,0.0250
ga_sembrado,27,La40,8,13.2570,0.0260
ga_sembrado,27,La40,16,13.2570,0.0270
ga_sembrado,27,La40,32,13.2570,0.0290
ga_sembrado,27,La40,64,13.2570,0.0330
ga_sembrado,27,La40,128,13.2570,0.0410
ga_sembrado,27,La40,256,13.2570,0.0570
ga_sembrado,27,La40,512,13.2570,0.0975
ga_sembrado,27,La40,1024,13.2570,0.1780
ga_sembrado,27,La40,2048,13.2570,0.3295
ga_sembrado,27,La40,4096,11.7840,0.6511
ga_sembrado,27,La40,8192,11.0065,1.3007
ga_sembrado,27,La40,16384,10.9656,2.5934
ga_sembrado,27,La40,32768,8.6743,5.2040
ga_sembrado,27,La40,65536,8.4288,10.4140
ga_sembrado,27,La40,131072,8.4288,20.8381
ga_sembrado,27,La40,262144,7.3650,41.8614
ga_sembrado,27,La40,524288,6.7103,83.7989
ga_sembrado,27,La40,1048576,6.7103,167.4718
ga_sembrado,27,La40,2097152,6.7103,332.8400
ga_sembrado,27,La40,4194304,6.7103,664.2733
ga_sembrado,27,La40,5679738,5.6465,900.0006
regla_bon,27,La40,1,13.2570,0.0070
regla_bon,27,La40,2,11.2111,0.0140
regla_bon,27,La40,4,11.2111,0.0280
regla_bon,27,La40,8,11.2111,0.0520
regla_bon,27,La40,16,11.2111,0.1035
regla_bon,27,La40,32,11.2111,0.2050
regla_bon,27,La40,64,11.2111,0.4026
regla_bon,27,La40,128,8.7152,0.7956
regla_bon,27,La40,256,8.7152,1.5837
regla_bon,27,La40,512,8.7152,3.0629
regla_bon,27,La40,1024,8.7152,5.9521
regla_bon,27,La40,2048,10.1064,11.8607
regla_bon,27,La40,4096,9.1653,23.7236
regla_bon,27,La40,8192,8.5106,48.6239
regla_bon,27,La40,16384,8.3470,95.6922
regla_bon,27,La40,32768,8.3470,190.3223
regla_bon,27,La40,65536,9.5745,380.6161
regla_bon,27,La40,131072,7.7741,758.9253
regla_bon,27,La40,155060,7.7741,900.0056
ga,27,ABZ7,1,86.6616,0.0315
ga,27,ABZ7,2,86.6616,0.0315
ga,27,ABZ7,4,81.7073,0.0315
ga,27,ABZ7,8,79.7256,0.0325
ga,27,ABZ7,16,69.3598,0.0335
ga,27,ABZ7,32,69.3598,0.0365
ga,27,ABZ7,64,69.3598,0.0415
ga,27,ABZ7,128,64.5579,0.0505
ga,27,ABZ7,256,64.0244,0.0675
ga,27,ABZ7,512,64.0244,0.1200
ga,27,ABZ7,1024,58.6890,0.2325
ga,27,ABZ7,2048,54.1921,0.4626
ga,27,ABZ7,4096,41.4634,0.9257
ga,27,ABZ7,8192,34.1463,1.7452
ga,27,ABZ7,16384,22.7134,3.4765
ga,27,ABZ7,32768,13.9482,7.0254
ga,27,ABZ7,65536,11.8902,13.8170
ga,27,ABZ7,131072,11.1280,28.2818
ga,27,ABZ7,262144,8.0793,57.6906
ga,27,ABZ7,524288,7.9268,114.4454
ga,27,ABZ7,1048576,6.9360,228.3260
ga,27,ABZ7,2097152,6.9360,455.8787
ga,27,ABZ7,4138654,6.9360,900.0001
ga_sembrado,27,ABZ7,1,19.6646,0.0370
ga_sembrado,27,ABZ7,2,19.6646,0.0370
ga_sembrado,27,ABZ7,4,19.6646,0.0370
ga_sembrado,27,ABZ7,8,19.6646,0.0380
ga_sembrado,27,ABZ7,16,19.6646,0.0390
ga_sembrado,27,ABZ7,32,19.6646,0.0410
ga_sembrado,27,ABZ7,64,19.6646,0.0460
ga_sembrado,27,ABZ7,128,19.6646,0.0555
ga_sembrado,27,ABZ7,256,19.6646,0.0765
ga_sembrado,27,ABZ7,512,19.6646,0.1295
ga_sembrado,27,ABZ7,1024,19.6646,0.2400
ga_sembrado,27,ABZ7,2048,19.6646,0.4361
ga_sembrado,27,ABZ7,4096,19.4360,0.8426
ga_sembrado,27,ABZ7,8192,14.8628,1.6942
ga_sembrado,27,ABZ7,16384,12.8049,3.3989
ga_sembrado,27,ABZ7,32768,10.7470,6.8489
ga_sembrado,27,ABZ7,65536,10.2896,13.6354
ga_sembrado,27,ABZ7,131072,10.0610,27.2681
ga_sembrado,27,ABZ7,262144,10.0610,55.5076
ga_sembrado,27,ABZ7,524288,10.0610,109.4370
ga_sembrado,27,ABZ7,1048576,10.0610,218.8562
ga_sembrado,27,ABZ7,2097152,7.3933,436.8503
ga_sembrado,27,ABZ7,4194304,7.3933,875.0112
ga_sembrado,27,ABZ7,4312626,7.3933,900.0006
regla_bon,27,ABZ7,1,19.6646,0.0075
regla_bon,27,ABZ7,2,17.0732,0.0145
regla_bon,27,ABZ7,4,16.3872,0.0355
regla_bon,27,ABZ7,8,15.0152,0.0765
regla_bon,27,ABZ7,16,15.0152,0.1560
regla_bon,27,ABZ7,32,13.7195,0.3161
regla_bon,27,ABZ7,64,12.0427,0.6321
regla_bon,27,ABZ7,128,12.0427,1.2057
regla_bon,27,ABZ7,256,12.0427,2.4408
regla_bon,27,ABZ7,512,12.5000,4.9469
regla_bon,27,ABZ7,1024,13.7195,9.9639
regla_bon,27,ABZ7,2048,11.4329,20.0456
regla_bon,27,ABZ7,4096,11.6616,40.1272
regla_bon,27,ABZ7,8192,11.6616,80.8714
regla_bon,27,ABZ7,16384,9.7561,159.9868
regla_bon,27,ABZ7,32768,10.4421,321.1688
regla_bon,27,ABZ7,65536,9.2226,640.8928
regla_bon,27,ABZ7,91976,9.2226,900.0036
ga,27,ABZ8,1,115.1938,0.0290
ga,27,ABZ8,2,106.2016,0.0300
ga,27,ABZ8,4,91.1628,0.0300
ga,27,ABZ8,8,91.1628,0.0300
ga,27,ABZ8,16,91.1628,0.0310
ga,27,ABZ8,32,84.6512,0.0330
ga,27,ABZ8,64,82.6357,0.0360
ga,27,ABZ8,128,82.6357,0.0440
ga,27,ABZ8,256,79.6899,0.0580
ga,27,ABZ8,512,76.1240,0.1085
ga,27,ABZ8,1024,66.7442,0.2310
ga,27,ABZ8,2048,56.0465,0.4605
ga,27,ABZ8,4096,48.6822,0.9086
ga,27,ABZ8,8192,38.1395,1.7623
ga,27,ABZ8,16384,31.7829,3.4852
ga,27,ABZ8,32768,20.0000,6.8888
ga,27,ABZ8,65536,15.8140,13.7926
ga,27,ABZ8,131072,14.0310,28.6915
ga,27,ABZ8,262144,13.1783,57.0514
ga,27,ABZ8,524288,13.1783,113.4103
ga,27,ABZ8,1048576,13.1783,224.4012
ga,27,ABZ8,2097152,13.1008,447.6871
ga,27,ABZ8,4194304,13.0233,893.9486
ga,27,ABZ8,4222340,13.0233,900.0004
regla_bon,27,ABZ8,1,24.7287,0.0120
regla_bon,27,ABZ8,2,23.1783,0.0220
regla_bon,27,ABZ8,4,23.1783,0.0450
regla_bon,27,ABZ8,8,23.1783,0.0855
regla_bon,27,ABZ8,16,23.1783,0.1660
regla_bon,27,ABZ8,32,21.3178,0.2870
regla_bon,27,ABZ8,64,21.3178,0.5896
regla_bon,27,ABZ8,128,21.3178,1.1737
regla_bon,27,ABZ8,256,19.0698,2.4389
regla_bon,27,ABZ8,512,18.9922,4.9935
regla_bon,27,ABZ8,1024,18.9922,9.8794
regla_bon,27,ABZ8,2048,18.9922,19.9397
regla_bon,27,ABZ8,4096,17.9070,40.6071
regla_bon,27,ABZ8,8192,17.9070,80.3044
regla_bon,27,ABZ8,16384,17.9070,161.0046
regla_bon,27,ABZ8,32768,18.1395,320.7803
regla_bon,27,ABZ8,65536,18.1395,640.9792
regla_bon,27,ABZ8,92008,18.1395,900.0034
ga_sembrado,27,ABZ8,1,24.7287,0.0370
ga_sembrado,27,ABZ8,2,24.7287,0.0370
ga_sembrado,27,ABZ8,4,24.7287,0.0380
ga_sembrado,27,ABZ8,8,24.7287,0.0380
ga_sembrado,27,ABZ8,16,24.7287,0.0400
ga_sembrado,27,ABZ8,32,24.7287,0.0420
ga_sembrado,27,ABZ8,64,24.7287,0.0470
ga_sembrado,27,ABZ8,128,24.7287,0.0575
ga_sembrado,27,ABZ8,256,24.7287,0.0795
ga_sembrado,27,ABZ8,512,24.7287,0.1345
ga_sembrado,27,ABZ8,1024,24.7287,0.2360
ga_sembrado,27,ABZ8,2048,24.7287,0.4495
ga_sembrado,27,ABZ8,4096,24.6512,0.8916
ga_sembrado,27,ABZ8,8192,21.1628,1.6843
ga_sembrado,27,ABZ8,16384,21.0078,3.3407
ga_sembrado,27,ABZ8,32768,19.2248,6.6638
ga_sembrado,27,ABZ8,65536,17.3643,13.4906
ga_sembrado,27,ABZ8,131072,16.6667,27.9273
ga_sembrado,27,ABZ8,262144,16.6667,54.7791
ga_sembrado,27,ABZ8,524288,16.6667,109.2414
ga_sembrado,27,ABZ8,1048576,14.9612,218.4793
ga_sembrado,27,ABZ8,2097152,14.9612,434.7900
ga_sembrado,27,ABZ8,4194304,14.9612,869.9024
ga_sembrado,27,ABZ8,4341693,14.9612,900.0004
ga,27,ABZ9,1,113.0106,0.0310
ga,27,ABZ9,2,95.9153,0.0310
ga,27,ABZ9,4,95.9153,0.0320
ga,27,ABZ9,8,90.0151,0.0320
ga,27,ABZ9,16,90.0151,0.0340
ga,27,ABZ9,32,90.0151,0.0360
ga,27,ABZ9,64,90.4690,0.0410
ga,27,ABZ9,128,76.6263,0.0500
ga,27,ABZ9,256,70.8018,0.0700
ga,27,ABZ9,512,64.7504,0.1255
ga,27,ABZ9,1024,61.5734,0.2305
ga,27,ABZ9,2048,61.5734,0.4625
ga,27,ABZ9,4096,50.8321,0.9161
ga,27,ABZ9,8192,40.3933,1.7988
ga,27,ABZ9,16384,28.8200,3.5533
ga,27,ABZ9,32768,20.7262,7.1213
ga,27,ABZ9,65536,20.2723,14.1572
ga,27,ABZ9,131072,18.0787,28.9120
ga,27,ABZ9,262144,16.4902,56.9459
ga,27,ABZ9,524288,15.4312,113.7988
ga,27,ABZ9,1048576,15.4312,227.0801
ga,27,ABZ9,2097152,15.4312,451.8873
ga,27,ABZ9,4166320,15.4312,900.0009
ga_sembrado,27,ABZ9,1,33.3585,0.0330
ga_sembrado,27,ABZ9,2,33.3585,0.0330
ga_sembrado,27,ABZ9,4,33.3585,0.0330
ga_sembrado,27,ABZ9,8,33.3585,0.0340
ga_sembrado,27,ABZ9,16,33.3585,0.0350
ga_sembrado,27,ABZ9,32,33.3585,0.0360
ga_sembrado,27,ABZ9,64,33.3585,0.0410
ga_sembrado,27,ABZ9,128,33.3585,0.0515
ga_sembrado,27,ABZ9,256,33.3585,0.0735
ga_sembrado,27,ABZ9,512,33.3585,0.1345
ga_sembrado,27,ABZ9,1024,33.3585,0.2375
ga_sembrado,27,ABZ9,2048,33.3585,0.4375
ga_sembrado,27,ABZ9,4096,29.5008,0.8531
ga_sembrado,27,ABZ9,8192,26.8533,1.7488
ga_sembrado,27,ABZ9,16384,24.2814,3.5403
ga_sembrado,27,ABZ9,32768,21.0287,6.9043
ga_sembrado,27,ABZ9,65536,20.0454,13.7796
ga_sembrado,27,ABZ9,131072,18.6082,28.1273
ga_sembrado,27,ABZ9,262144,17.4735,55.1092
ga_sembrado,27,ABZ9,524288,15.9607,109.6271
ga_sembrado,27,ABZ9,1048576,15.7337,218.5208
ga_sembrado,27,ABZ9,2097152,15.6581,435.0216
ga_sembrado,27,ABZ9,4194304,16.1876,871.2512
ga_sembrado,27,ABZ9,4329235,16.1876,900.0004
regla_bon,27,ABZ9,1,33.3585,0.0115
regla_bon,27,ABZ9,2,33.3585,0.0215
regla_bon,27,ABZ9,4,33.1316,0.0435
regla_bon,27,ABZ9,8,29.8790,0.0865
regla_bon,27,ABZ9,16,27.1558,0.1685
regla_bon,27,ABZ9,32,27.1558,0.3275
regla_bon,27,ABZ9,64,27.1558,0.6001
regla_bon,27,ABZ9,128,23.7519,1.2432
regla_bon,27,ABZ9,256,23.7519,2.4360
regla_bon,27,ABZ9,512,20.9531,4.9300
regla_bon,27,ABZ9,1024,20.9531,9.9189
regla_bon,27,ABZ9,2048,20.9531,19.8402
regla_bon,27,ABZ9,4096,20.9531,40.4001
regla_bon,27,ABZ9,8192,20.9531,79.6593
regla_bon,27,ABZ9,16384,20.9531,159.2012
regla_bon,27,ABZ9,32768,20.9531,318.8560
regla_bon,27,ABZ9,65536,20.9531,637.2894
regla_bon,27,ABZ9,92543,20.1210,900.0004
ga,28,FT10,1,62.2581,0.0090
ga,28,FT10,2,62.2581,0.0090
ga,28,FT10,4,62.2581,0.0090
ga,28,FT10,8,57.6882,0.0090
ga,28,FT10,16,57.6882,0.0090
ga,28,FT10,32,57.6882,0.0100
ga,28,FT10,64,52.6882,0.0110
ga,28,FT10,128,52.6882,0.0140
ga,28,FT10,256,47.4194,0.0200
ga,28,FT10,512,39.3548,0.0420
ga,28,FT10,1024,39.3548,0.0830
ga,28,FT10,2048,31.1828,0.1645
ga,28,FT10,4096,21.2366,0.3251
ga,28,FT10,8192,14.6237,0.6491
ga,28,FT10,16384,8.6022,1.3114
ga,28,FT10,32768,7.5269,2.5900
ga,28,FT10,65536,7.5269,5.2695
ga,28,FT10,131072,7.5269,10.5231
ga,28,FT10,262144,7.5269,20.9162
ga,28,FT10,524288,7.5269,41.5794
ga,28,FT10,1048576,7.5269,84.3120
ga,28,FT10,2097152,5.6452,166.7388
ga,28,FT10,4194304,5.2151,334.5240
ga,28,FT10,8388608,5.2151,669.1525
ga,28,FT10,11255996,5.2151,900.0002
ga_sembrado,28,FT10,1,20.3763,0.0120
ga_sembrado,28,FT10,2,20.3763,0.0120
ga_sembrado,28,FT10,4,20.3763,0.0120
ga_sembrado,28,FT10,8,20.3763,0.0130
ga_sembrado,28,FT10,16,20.3763,0.0130
ga_sembrado,28,FT10,32,20.3763,0.0140
ga_sembrado,28,FT10,64,20.3763,0.0160
ga_sembrado,28,FT10,128,20.3763,0.0190
ga_sembrado,28,FT10,256,20.3763,0.0270
ga_sembrado,28,FT10,512,20.3763,0.0500
ga_sembrado,28,FT10,1024,20.3763,0.0980
ga_sembrado,28,FT10,2048,20.3763,0.1825
ga_sembrado,28,FT10,4096,13.1183,0.3251
ga_sembrado,28,FT10,8192,10.1613,0.6621
ga_sembrado,28,FT10,16384,7.6344,1.2734
ga_sembrado,28,FT10,32768,6.2366,2.5610
ga_sembrado,28,FT10,65536,5.4301,5.0865
ga_sembrado,28,FT10,131072,5.3763,10.2760
ga_sembrado,28,FT10,262144,5.3763,20.4096
ga_sembrado,28,FT10,524288,5.3763,40.7158
ga_sembrado,28,FT10,1048576,3.9247,82.7883
ga_sembrado,28,FT10,2097152,2.3118,164.2904
ga_sembrado,28,FT10,4194304,2.3118,328.7464
ga_sembrado,28,FT10,8388608,2.3118,655.7563
ga_sembrado,28,FT10,11464392,2.3118,900.0007
regla_bon,28,FT10,1,20.3763,0.0020
regla_bon,28,FT10,2,18.2258,0.0050
regla_bon,28,FT10,4,18.2258,0.0090
regla_bon,28,FT10,8,18.2258,0.0180
regla_bon,28,FT10,16,11.8280,0.0350
regla_bon,28,FT10,32,8.2796,0.0620
regla_bon,28,FT10,64,8.2796,0.1225
regla_bon,28,FT10,128,8.2796,0.2555
regla_bon,28,FT10,256,8.1720,0.5161
regla_bon,28,FT10,512,8.1720,1.0373
regla_bon,28,FT10,1024,6.4516,2.0600
regla_bon,28,FT10,2048,6.4516,4.1448
regla_bon,28,FT10,4096,6.4516,8.3016
regla_bon,28,FT10,8192,6.2903,16.5802
regla_bon,28,FT10,16384,4.8387,33.0501
regla_bon,28,FT10,32768,3.8710,67.0771
regla_bon,28,FT10,65536,3.8710,133.0936
regla_bon,28,FT10,131072,3.8710,266.2663
regla_bon,28,FT10,262144,3.8710,529.7321
regla_bon,28,FT10,444683,3.8172,900.0007
ga,28,FT20,1,72.6180,0.0130
ga,28,FT20,2,72.6180,0.0130
ga,28,FT20,4,72.6180,0.0130
ga,28,FT20,8,45.7940,0.0130
ga,28,FT20,16,45.7940,0.0130
ga,28,FT20,32,45.7940,0.0140
ga,28,FT20,64,45.7940,0.0160
ga,28,FT20,128,45.7940,0.0200
ga,28,FT20,256,46.2232,0.0260
ga,28,FT20,512,44.2489,0.0450
ga,28,FT20,1024,30.6867,0.0885
ga,28,FT20,2048,30.6867,0.1775
ga,28,FT20,4096,23.5193,0.3471
ga,28,FT20,8192,13.3906,0.6938
ga,28,FT20,16384,8.0687,1.3019
ga,28,FT20,32768,5.1502,2.6265
ga,28,FT20,65536,2.9185,5.2815
ga,28,FT20,131072,2.9185,10.6461
ga,28,FT20,262144,2.9185,21.4334
ga,28,FT20,524288,2.9185,42.5652
ga,28,FT20,1048576,2.9185,86.2642
ga,28,FT20,2097152,2.9185,171.2561
ga,28,FT20,4194304,2.9185,341.1006
ga,28,FT20,8388608,2.9185,682.3634
ga,28,FT20,11052529,2.9185,900.0007
ga_sembrado,28,FT20,1,13.2189,0.0130
ga_sembrado,28,FT20,2,13.2189,0.0130
ga_sembrado,28,FT20,4,13.2189,0.0130
ga_sembrado,28,FT20,8,13.2189,0.0140
ga_sembrado,28,FT20,16,13.2189,0.0140
ga_sembrado,28,FT20,32,13.2189,0.0150
ga_sembrado,28,FT20,64,13.2189,0.0170
ga_sembrado,28,FT20,128,13.2189,0.0200
ga_sembrado,28,FT20,256,13.2189,0.0270
ga_sembrado,28,FT20,512,13.2189,0.0420
ga_sembrado,28,FT20,1024,13.2189,0.0860
ga_sembrado,28,FT20,2048,13.2189,0.1640
ga_sembrado,28,FT20,4096,13.2189,0.3246
ga_sembrado,28,FT20,8192,11.9742,0.6353
ga_sembrado,28,FT20,16384,11.8026,1.3389
ga_sembrado,28,FT20,32768,11.0730,2.6415
ga_sembrado,28,FT20,65536,8.4979,5.2110
ga_sembrado,28,FT20,131072,3.0901,10.2026
ga_sembrado,28,FT20,262144,3.0043,20.6636
ga_sembrado,28,FT20,524288,2.5322,41.3599
ga_sembrado,28,FT20,1048576,2.5322,83.8974
ga_sembrado,28,FT20,2097152,1.6309,166.4002
ga_sembrado,28,FT20,4194304,1.6309,331.9076
ga_sembrado,28,FT20,8388608,1.6309,663.0599
ga_sembrado,28,FT20,11355659,1.6309,900.0007
regla_bon,28,FT20,1,13.2189,0.0040
regla_bon,28,FT20,2,13.2189,0.0070
regla_bon,28,FT20,4,12.7897,0.0130
regla_bon,28,FT20,8,12.7897,0.0260
regla_bon,28,FT20,16,12.2747,0.0520
regla_bon,28,FT20,32,12.4464,0.1030
regla_bon,28,FT20,64,11.4592,0.1961
regla_bon,28,FT20,128,11.4592,0.3786
regla_bon,28,FT20,256,9.5708,0.7532
regla_bon,28,FT20,512,9.6137,1.4854
regla_bon,28,FT20,1024,7.0386,2.8365
regla_bon,28,FT20,2048,7.0386,5.7061
regla_bon,28,FT20,4096,7.0386,11.5333
regla_bon,28,FT20,8192,7.0386,23.3642
regla_bon,28,FT20,16384,7.0386,47.0879
regla_bon,28,FT20,32768,7.0386,95.3428
regla_bon,28,FT20,65536,6.9957,190.0765
regla_bon,28,FT20,131072,7.1674,380.6601
regla_bon,28,FT20,262144,5.2790,759.9314
regla_bon,28,FT20,310332,5.2790,900.0027
ga,28,La21,1,94.5029,0.0125
ga,28,La21,2,94.5029,0.0125
ga,28,La21,4,94.5029,0.0125
ga,28,La21,8,75.1434,0.0125
ga,28,La21,16,75.1434,0.0135
ga,28,La21,32,65.9656,0.0145
ga,28,La21,64,59.4646,0.0165
ga,28,La21,128,51.0038,0.0205
ga,28,La21,256,47.4187,0.0295
ga,28,La21,512,47.4187,0.0595
ga,28,La21,1024,46.5583,0.1220
ga,28,La21,2048,33.9866,0.2290
ga,28,La21,4096,27.9637,0.4546
ga,28,La21,8192,18.6424,0.9416
ga,28,La21,16384,14.4837,1.8958
ga,28,La21,32768,10.8509,3.6695
ga,28,La21,65536,9.2256,7.3102
ga,28,La21,131072,9.1778,14.6834
ga,28,La21,262144,9.1778,29.5838
ga,28,La21,524288,9.1778,58.9974
ga,28,La21,1048576,6.2141,118.4905
ga,28,La21,2097152,6.2141,236.8135
ga,28,La21,4194304,6.2141,476.0627
ga,28,La21,7942256,3.0115,900.0009
ga_sembrado,28,La21,1,15.0096,0.0190
ga_sembrado,28,La21,2,15.0096,0.0190
ga_sembrado,28,La21,4,15.0096,0.0190
ga_sembrado,28,La21,8,15.0096,0.0190
ga_sembrado,28,La21,16,15.0096,0.0200
ga_sembrado,28,La21,32,15.0096,0.0210
ga_sembrado,28,La21,64,15.0096,0.0230
ga_sembrado,28,La21,128,15.0096,0.0280
ga_sembrado,28,La21,256,15.0096,0.0390
ga_sembrado,28,La21,512,15.0096,0.0700
ga_sembrado,28,La21,1024,15.0096,0.1325
ga_sembrado,28,La21,2048,15.0096,0.2525
ga_sembrado,28,La21,4096,14.6750,0.4730
ga_sembrado,28,La21,8192,13.0975,0.9061
ga_sembrado,28,La21,16384,10.8987,1.7787
ga_sembrado,28,La21,32768,10.7553,3.5640
ga_sembrado,28,La21,65536,9.1300,7.2301
ga_sembrado,28,La21,131072,8.4608,14.5334
ga_sembrado,28,La21,262144,8.0306,28.9356
ga_sembrado,28,La21,524288,4.2543,57.8898
ga_sembrado,28,La21,1048576,4.2543,115.5580
ga_sembrado,28,La21,2097152,4.2543,230.3707
ga_sembrado,28,La21,4194304,3.9197,462.8556
ga_sembrado,28,La21,8149336,3.1549,900.0004
regla_bon,28,La21,1,15.0096,0.0050
regla_bon,28,La21,2,15.0096,0.0090
regla_bon,28,La21,4,11.4245,0.0180
regla_bon,28,La21,8,11.4245,0.0340
regla_bon,28,La21,16,12.3327,0.0640
regla_bon,28,La21,32,12.3327,0.1235
regla_bon,28,La21,64,12.3327,0.2455
regla_bon,28,La21,128,12.3327,0.4761
regla_bon,28,La21,256,10.6119,0.9801
regla_bon,28,La21,512,8.9388,1.9658
regla_bon,28,La21,1024,8.9388,3.9080
regla_bon,28,La21,2048,8.9388,7.6877
regla_bon,28,La21,4096,8.9388,15.3951
regla_bon,28,La21,8192,8.9388,31.1862
regla_bon,28,La21,16384,8.8910,62.7511
regla_bon,28,La21,32768,8.8910,126.1862
regla_bon,28,La21,65536,8.4130,251.6815
regla_bon,28,La21,131072,6.9312,505.2441
regla_bon,28,La21,233563,6.9312,900.0034
ga,28,La24,1,127.2727,0.0130
ga,28,La24,2,107.1658,0.0130
ga,28,La24,4,75.7219,0.0130
ga,28,La24,8,75.7219,0.0130
ga,28,La24,16,70.6952,0.0140
ga,28,La24,32,64.9198,0.0155
ga,28,La24,64,60.3209,0.0175
ga,28,La24,128,60.3209,0.0225
ga,28,La24,256,56.5775,0.0345
ga,28,La24,512,56.2567,0.0665
ga,28,La24,1024,49.0909,0.1265
ga,28,La24,2048,43.3155,0.2380
ga,28,La24,4096,32.0856,0.4821
ga,28,La24,8192,16.3636,0.9571
ga,28,La24,16384,9.9465,1.8948
ga,28,La24,32768,8.9840,3.7990
ga,28,La24,65536,5.6150,7.5207
ga,28,La24,131072,6.4171,14.9680
ga,28,La24,262144,6.4171,29.6213
ga,28,La24,524288,6.4171,59.3180
ga,28,La24,1048576,5.2406,119.5597
ga,28,La24,2097152,5.2406,238.1588
ga,28,La24,4194304,5.2406,479.3935
ga,28,La24,7866562,5.2406,900.0004
ga_sembrado,28,La24,1,10.1070,0.0180
ga_sembrado,28,La24,2,10.1070,0.0190
ga_sembrado,28,La24,4,10.1070,0.0190
ga_sembrado,28,La24,8,10.1070,0.0190
ga_sembrado,28,La24,16,10.1070,0.0200
ga_sembrado,28,La24,32,10.1070,0.0210
ga_sembrado,28,La24,64,10.1070,0.0230
ga_sembrado,28,La24,128,10.1070,0.0280
ga_sembrado,28,La24,256,10.1070,0.0360
ga_sembrado,28,La24,512,10.1070,0.0620
ga_sembrado,28,La24,1024,10.1070,0.1240
ga_sembrado,28,La24,2048,10.1070,0.2365
ga_sembrado,28,La24,4096,9.9465,0.4676
ga_sembrado,28,La24,8192,9.8396,0.9336
ga_sembrado,28,La24,16384,9.1979,1.8683
ga_sembrado,28,La24,32768,6.1497,3.7175
ga_sembrado,28,La24,65536,6.1497,7.3662
ga_sembrado,28,La24,131072,4.5989,14.6129
ga_sembrado,28,La24,262144,4.5989,28.9431
ga_sembrado,28,La24,524288,4.5989,58.0463
ga_sembrado,28,La24,1048576,4.6524,115.9231
ga_sembrado,28,La24,2097152,4.6524,232.0906
ga_sembrado,28,La24,4194304,4.6524,465.3795
ga_sembrado,28,La24,8125544,4.6524,900.0009
regla_bon,28,La24,1,10.1070,0.0040
regla_bon,28,La24,2,10.1070,0.0090
regla_bon,28,La24,4,10.1070,0.0170
regla_bon,28,La24,8,10.1070,0.0350
regla_bon,28,La24,16,10.1070,0.0680
regla_bon,28,La24,32,10.1070,0.1315
regla_bon,28,La24,64,6.9519,0.2665
regla_bon,28,La24,128,6.9519,0.4826
regla_bon,28,La24,256,6.9519,0.9096
regla_bon,28,La24,512,6.9519,1.8828
regla_bon,28,La24,1024,6.9519,3.8070
regla_bon,28,La24,2048,7.2727,7.5997
regla_bon,28,La24,4096,7.2727,15.4196
regla_bon,28,La24,8192,7.8075,31.3062
regla_bon,28,La24,16384,5.6684,62.7896
regla_bon,28,La24,32768,5.6684,125.3176
regla_bon,28,La24,65536,5.6684,250.3917
regla_bon,28,La24,131072,5.5615,503.8549
regla_bon,28,La24,234303,5.5615,900.0039
ga,28,La25,1,93.3982,0.0150
ga,28,La25,2,60.9007,0.0150
ga,28,La25,4,60.9007,0.0150
ga,28,La25,8,60.9007,0.0150
ga,28,La25,16,60.9007,0.0160
ga,28,La25,32,60.9007,0.0170
ga,28,La25,64,60.9007,0.0180
ga,28,La25,128,59.4678,0.0220
ga,28,La25,256,51.0747,0.0320
ga,28,La25,512,51.0747,0.0650
ga,28,La25,1024,44.8823,0.1260
ga,28,La25,2048,31.0133,0.2440
ga,28,La25,4096,25.2815,0.4816
ga,28,La25,8192,13.6643,0.9492
ga,28,La25,16384,8.5977,1.8690
ga,28,La25,32768,8.1883,3.7138
ga,28,La25,65536,8.1883,7.3414
ga,28,La25,131072,5.7318,14.6878
ga,28,La25,262144,4.0430,29.7419
ga,28,La25,524288,3.8895,59.3058
ga,28,La25,1048576,2.0983,119.4363
ga,28,La25,2097152,2.0983,237.9088
ga,28,La25,4194304,2.0983,477.7104
ga,28,La25,7899157,2.0983,900.0002
regla_bon,28,La25,1,11.8219,0.0050
regla_bon,28,La25,2,11.8219,0.0090
regla_bon,28,La25,4,11.8219,0.0180
regla_bon,28,La25,8,9.1607,0.0350
regla_bon,28,La25,16,9.1607,0.0680
regla_bon,28,La25,32,9.1607,0.1310
regla_bon,28,La25,64,9.1607,0.2530
regla_bon,28,La25,128,6.0901,0.4861
regla_bon,28,La25,256,6.0901,0.9782
regla_bon,28,La25,512,6.0901,1.9445
regla_bon,28,La25,1024,5.2201,3.9219
regla_bon,28,La25,2048,5.2201,7.7545
regla_bon,28,La25,4096,5.2201,15.4485
regla_bon,28,La25,8192,5.2201,30.8096
regla_bon,28,La25,16384,5.2201,62.3846
regla_bon,28,La25,32768,5.8342,124.9463
regla_bon,28,La25,65536,5.2201,251.2781
regla_bon,28,La25,131072,6.1924,503.9280
regla_bon,28,La25,234364,6.1924,900.0012
ga_sembrado,28,La25,1,11.8219,0.0180
ga_sembrado,28,La25,2,11.8219,0.0180
ga_sembrado,28,La25,4,11.8219,0.0180
ga_sembrado,28,La25,8,11.8219,0.0190
ga_sembrado,28,La25,16,11.8219,0.0190
ga_sembrado,28,La25,32,11.8219,0.0210
ga_sembrado,28,La25,64,11.8219,0.0230
ga_sembrado,28,La25,128,11.8219,0.0290
ga_sembrado,28,La25,256,11.8219,0.0370
ga_sembrado,28,La25,512,11.8219,0.0600
ga_sembrado,28,La25,1024,11.8219,0.1160
ga_sembrado,28,La25,2048,11.8219,0.2200
ga_sembrado,28,La25,4096,11.8219,0.4476
ga_sembrado,28,La25,8192,10.1842,0.8922
ga_sembrado,28,La25,16384,9.9795,1.7750
ga_sembrado,28,La25,32768,9.7748,3.5853
ga_sembrado,28,La25,65536,8.8025,7.2279
ga_sembrado,28,La25,131072,8.8025,14.6079
ga_sembrado,28,La25,262144,8.8025,29.0172
ga_sembrado,28,La25,524288,8.8025,58.8172
ga_sembrado,28,La25,1048576,8.8025,116.9111
ga_sembrado,28,La25,2097152,8.7513,233.3586
ga_sembrado,28,La25,4194304,8.7513,465.7311
ga_sembrado,28,La25,8108677,8.7513,900.0002
ga,28,La27,1,77.9352,0.0160
ga,28,La27,2,77.9352,0.0160
ga,28,La27,4,77.9352,0.0160
ga,28,La27,8,69.2308,0.0170
ga,28,La27,16,69.2308,0.0170
ga,28,La27,32,69.2308,0.0190
ga,28,La27,64,59.8785,0.0220
ga,28,La27,128,59.5142,0.0280
ga,28,La27,256,59.5142,0.0410
ga,28,La27,512,50.8907,0.0750
ga,28,La27,1024,42.7530,0.1440
ga,28,La27,2048,41.1336,0.2921
ga,28,La27,4096,32.8340,0.5817
ga,28,La27,8192,22.3887,1.2208
ga,28,La27,16384,9.7166,2.4662
ga,28,La27,32768,6.9231,5.0306
ga,28,La27,65536,4.8988,10.1939
ga,28,La27,131072,4.8583,20.6475
ga,28,La27,262144,4.8583,41.1311
ga,28,La27,524288,4.0486,82.8917
ga,28,La27,1048576,4.0486,166.1285
ga,28,La27,2097152,4.0486,332.5453
ga,28,La27,4194304,4.0486,664.9863
ga,28,La27,5674271,4.0486,900.0002
ga_sembrado,28,La27,1,24.9798,0.0240
ga_sembrado,28,La27,2,24.9798,0.0240
ga_sembrado,28,La27,4,24.9798,0.0250
ga_sembrado,28,La27,8,24.9798,0.0250
ga_sembrado,28,La27,16,24.9798,0.0260
ga_sembrado,28,La27,32,24.9798,0.0280
ga_sembrado,28,La27,64,24.9798,0.0315
ga_sembrado,28,La27,128,24.9798,0.0380
ga_sembrado,28,La27,256,24.9798,0.0530
ga_sembrado,28,La27,512,24.9798,0.0940
ga_sembrado,28,La27,1024,24.9798,0.1781
ga_sembrado,28,La27,2048,24.9798,0.3276
ga_sembrado,28,La27,4096,21.6599,0.6257
ga_sembrado,28,La27,8192,16.0729,1.2173
ga_sembrado,28,La27,16384,14.2510,2.3747
ga_sembrado,28,La27,32768,13.5223,4.6470
ga_sembrado,28,La27,65536,10.4453,9.2613
ga_sembrado,28,La27,131072,10.4453,18.2934
ga_sembrado,28,La27,262144,10.4453,37.3523
ga_sembrado,28,La27,524288,9.5951,75.1638
ga_sembrado,28,La27,1048576,9.5951,149.3391
ga_sembrado,28,La27,2097152,9.5951,298.7988
ga_sembrado,28,La27,4194304,9.5951,595.3229
ga_sembrado,28,La27,6323423,9.5951,900.0007
regla_bon,28,La27,1,24.9798,0.0080
regla_bon,28,La27,2,22.9960,0.0150
regla_bon,28,La27,4,20.4453,0.0290
regla_bon,28,La27,8,14.5749,0.0580
regla_bon,28,La27,16,14.5749,0.1151
regla_bon,28,La27,32,14.5749,0.2296
regla_bon,28,La27,64,14.4130,0.4517
regla_bon,28,La27,128,12.8340,0.8788
regla_bon,28,La27,256,10.7287,1.7200
regla_bon,28,La27,512,10.7287,3.3773
regla_bon,28,La27,1024,10.7287,6.6959
regla_bon,28,La27,2048,10.7287,13.1196
regla_bon,28,La27,4096,10.7287,26.2437
regla_bon,28,La27,8192,9.5547,53.5578
regla_bon,28,La27,16384,9.5547,105.4997
regla_bon,28,La27,32768,7.4089,210.8580
regla_bon,28,La27,65536,7.4089,423.0670
regla_bon,28,La27,131072,6.3158,847.2147
regla_bon,28,La27,139090,6.3158,900.0017
ga,28,La29,1,90.6250,0.0250
ga,28,La29,2,90.6250,0.0250
ga,28,La29,4,82.2917,0.0250
ga,28,La29,8,82.2917,0.0260
ga,28,La29,16,67.7951,0.0270
ga,28,La29,32,67.7951,0.0290
ga,28,La29,64,67.7951,0.0320
ga,28,La29,128,67.3611,0.0390
ga,28,La29,256,60.4167,0.0520
ga,28,La29,512,60.4167,0.0920
ga,28,La29,1024,58.6806,0.1735
ga,28,La29,2048,48.3507,0.3371
ga,28,La29,4096,42.2743,0.6581
ga,28,La29,8192,30.2517,1.2771
ga,28,La29,16384,21.3542,2.4924
ga,28,La29,32768,17.7083,4.9582
ga,28,La29,65536,14.6267,9.6620
ga,28,La29,131072,12.4132,19.1200
ga,28,La29,262144,12.4132,39.1058
ga,28,La29,524288,10.5035,77.4229
ga,28,La29,1048576,9.2014,154.4717
ga,28,La29,2097152,6.9444,307.1870
ga,28,La29,4194304,6.9444,612.5998
ga,28,La29,6171504,6.9444,900.0004
ga_sembrado,28,La29,1,13.4115,0.0170
ga_sembrado,28,La29,2,13.4115,0.0170
ga_sembrado,28,La29,4,13.4115,0.0170
ga_sembrado,28,La29,8,13.4115,0.0180
ga_sembrado,28,La29,16,13.4115,0.0180
ga_sembrado,28,La29,32,13.4115,0.0190
ga_sembrado,28,La29,64,13.4115,0.0220
ga_sembrado,28,La29,128,13.4115,0.0270
ga_sembrado,28,La29,256,13.4115,0.0370
ga_sembrado,28,La29,512,13.4115,0.0715
ga_sembrado,28,La29,1024,13.4115,0.1365
ga_sembrado,28,La29,2048,13.4115,0.2880
ga_sembrado,28,La29,4096,13.3247,0.5471
ga_sembrado,28,La29,8192,11.4583,1.1401
ga_sembrado,28,La29,16384,10.4167,2.3398
ga_sembrado,28,La29,32768,10.2865,4.5276
ga_sembrado,28,La29,65536,9.9826,9.1327
ga_sembrado,28,La29,131072,9.2448,18.0973
ga_sembrado,28,La29,262144,8.2465,37.7405
ga_sembrado,28,La29,524288,7.7691,74.8458
ga_sembrado,28,La29,1048576,7.4653,148.6629
ga_sembrado,28,La29,2097152,6.8576,297.7254
ga_sembrado,28,La29,4194304,6.8576,595.3489
ga_sembrado,28,La29,6336737,6.6406,900.0004
regla_bon,28,La29,1,13.4115,0.0080
regla_bon,28,La29,2,13.4115,0.0150
regla_bon,28,La29,4,13.4115,0.0300
regla_bon,28,La29,8,13.4115,0.0580
regla_bon,28,La29,16,12.8472,0.1125
regla_bon,28,La29,32,12.8472,0.2065
regla_bon,28,La29,64,12.8472,0.4045
regla_bon,28,La29,128,12.8472,0.8136
regla_bon,28,La29,256,12.8472,1.5957
regla_bon,28,La29,512,12.0660,3.0704
regla_bon,28,La29,1024,12.0660,6.4065
regla_bon,28,La29,2048,12.4566,12.9575
regla_bon,28,La29,4096,11.6753,26.7931
regla_bon,28,La29,8192,11.5017,53.0581
regla_bon,28,La29,16384,10.7205,105.8812
regla_bon,28,La29,32768,10.3299,211.3793
regla_bon,28,La29,65536,9.7222,421.5553
regla_bon,28,La29,131072,10.5035,841.2330
regla_bon,28,La29,140199,10.5035,900.0054
ga,28,La38,1,105.0167,0.0185
ga,28,La38,2,105.0167,0.0185
ga,28,La38,4,76.4214,0.0185
ga,28,La38,8,76.4214,0.0185
ga,28,La38,16,76.4214,0.0195
ga,28,La38,32,76.4214,0.0215
ga,28,La38,64,76.4214,0.0235
ga,28,La38,128,70.0251,0.0295
ga,28,La38,256,64.9247,0.0405
ga,28,La38,512,61.9147,0.0795
ga,28,La38,1024,53.3027,0.1455
ga,28,La38,2048,46.9064,0.2880
ga,28,La38,4096,35.5769,0.6101
ga,28,La38,8192,29.6823,1.2461
ga,28,La38,16384,23.4532,2.5094
ga,28,La38,32768,13.9632,5.2187
ga,28,La38,65536,13.9632,10.4416
ga,28,La38,131072,13.9632,21.4292
ga,28,La38,262144,13.9632,43.4677
ga,28,La38,524288,10.7023,86.3926
ga,28,La38,1048576,10.7023,171.4989
ga,28,La38,2097152,10.7023,343.8695
ga,28,La38,4194304,10.7023,689.2548
ga,28,La38,5482387,10.7023,900.0004
ga_sembrado,28,La38,1,14.9666,0.0270
ga_sembrado,28,La38,2,14.9666,0.0270
ga_sembrado,28,La38,4,14.9666,0.0270
ga_sembrado,28,La38,8,14.9666,0.0270
ga_sembrado,28,La38,16,14.9666,0.0280
ga_sembrado,28,La38,32,14.9666,0.0300
ga_sembrado,28,La38,64,14.9666,0.0340
ga_sembrado,28,La38,128,14.9666,0.0410
ga_sembrado,28,La38,256,14.9666,0.0570
ga_sembrado,28,La38,512,14.9666,0.1000
ga_sembrado,28,La38,1024,14.9666,0.1895
ga_sembrado,28,La38,2048,14.9666,0.3755
ga_sembrado,28,La38,4096,11.8729,0.7301
ga_sembrado,28,La38,8192,10.9950,1.4216
ga_sembrado,28,La38,16384,6.9816,2.7904
ga_sembrado,28,La38,32768,5.9783,5.4583
ga_sembrado,28,La38,65536,5.6438,10.6607
ga_sembrado,28,La38,131072,5.6438,21.1967
ga_sembrado,28,La38,262144,5.6438,42.3181
ga_sembrado,28,La38,524288,5.6438,84.4493
ga_sembrado,28,La38,1048576,5.6438,167.1810
ga_sembrado,28,La38,2097152,5.6438,332.4856
ga_sembrado,28,La38,4194304,5.6438,662.4101
ga_sembrado,28,La38,5690382,5.6438,900.0004
regla_bon,28,La38,1,14.9666,0.0060
regla_bon,28,La38,2,12.8763,0.0130
regla_bon,28,La38,4,12.8763,0.0260
regla_bon,28,La38,8,12.8763,0.0510
regla_bon,28,La38,16,12.8763,0.1030
regla_bon,28,La38,32,12.8763,0.2055
regla_bon,28,La38,64,12.8763,0.3665
regla_bon,28,La38,128,10.7441,0.7021
regla_bon,28,La38,256,11.5385,1.3976
regla_bon,28,La38,512,9.9916,2.8284
regla_bon,28,La38,1024,6.8562,5.6873
regla_bon,28,La38,2048,6.8562,11.8033
regla_bon,28,La38,4096,6.8562,24.1201
regla_bon,28,La38,8192,6.8562,48.2262
regla_bon,28,La38,16384,6.6472,95.7105
regla_bon,28,La38,32768,6.6472,189.7659
regla_bon,28,La38,65536,6.6472,378.5458
regla_bon,28,La38,131072,6.6472,758.3914
regla_bon,28,La38,155591,6.6472,900.0044
ga,28,La40,1,86.1702,0.0210
ga,28,La40,2,86.1702,0.0210
ga,28,La40,4,86.1702,0.0210
ga,28,La40,8,71.0311,0.0210
ga,28,La40,16,71.0311,0.0220
ga,28,La40,32,65.7119,0.0240
ga,28,La40,64,65.7119,0.0280
ga,28,La40,128,65.7119,0.0350
ga,28,La40,256,65.7119,0.0510
ga,28,La40,512,60.9656,0.0940
ga,28,La40,1024,54.3372,0.1855
ga,28,La40,2048,45.8265,0.3480
ga,28,La40,4096,29.9918,0.6906
ga,28,La40,8192,22.6678,1.3743
ga,28,La40,16384,13.0933,2.7139
ga,28,La40,32768,6.4239,5.3664
ga,28,La40,65536,5.9738,10.7326
ga,28,La40,131072,4.1735,21.5310
ga,28,La40,262144,3.8871,42.7301
ga,28,La40,524288,3.7643,85.5224
ga,28,La40,1048576,3.7643,170.5997
ga,28,La40,2097152,3.7643,340.4914
ga,28,La40,4194304,3.7643,679.9194
ga,28,La40,5547550,3.7643,900.0009
ga_sembrado,28,La40,1,13.2570,0.0190
ga_sembrado,28,La40,2,13.2570,0.0190
ga_sembrado,28,La40,4,13.2570,0.0190
ga_sembrado,28,La40,8,13.2570,0.0190
ga_sembrado,28,La40,16,13.2570,0.0200
ga_sembrado,28,La40,32,13.2570,0.0210
ga_sembrado,28,La40,64,13.2570,0.0240
ga_sembrado,28,La40,128,13.2570,0.0310
ga_sembrado,28,La40,256,13.2570,0.0460
ga_sembrado,28,La40,512,13.2570,0.0895
ga_sembrado,28,La40,1024,13.2570,0.1625
ga_sembrado,28,La40,2048,13.2570,0.3190
ga_sembrado,28,La40,4096,11.7840,0.6406
ga_sembrado,28,La40,8192,11.0065,1.3213
ga_sembrado,28,La40,16384,9.9018,2.6509
ga_sembrado,28,La40,32768,9.4926,5.2174
ga_sembrado,28,La40,65536,8.5925,10.4610
ga_sembrado,28,La40,131072,8.5925,21.0385
ga_sembrado,28,La40,262144,8.5925,41.7008
ga_sembrado,28,La40,524288,7.1195,83.4706
ga_sembrado,28,La40,1048576,7.1195,165.6880
ga_sembrado,28,La40,2097152,5.6056,332.7140
ga_sembrado,28,La40,4194304,5.3191,664.7133
ga_sembrado,28,La40,5670278,5.3191,900.0009
regla_bon,28,La40,1,13.2570,0.0070
regla_bon,28,La40,2,13.2570,0.0130
regla_bon,28,La40,4,13.2570,0.0260
regla_bon,28,La40,8,13.2570,0.0520
regla_bon,28,La40,16,13.2570,0.1055
regla_bon,28,La40,32,13.2570,0.2070
regla_bon,28,La40,64,13.2570,0.3775
regla_bon,28,La40,128,10.2700,0.7701
regla_bon,28,La40,256,11.0475,1.5378
regla_bon,28,La40,512,10.0655,3.0149
regla_bon,28,La40,1024,10.0655,6.0996
regla_bon,28,La40,2048,10.0655,11.9888
regla_bon,28,La40,4096,7.5696,23.8334
regla_bon,28,La40,8192,7.5696,47.5482
regla_bon,28,La40,16384,7.8151,95.4620
regla_bon,28,La40,32768,7.8151,190.7705
regla_bon,28,La40,65536,7.8151,381.8897
regla_bon,28,La40,131072,7.8151,761.8892
regla_bon,28,La40,154570,7.8151,900.0049
ga,28,ABZ7,1,113.7195,0.0385
ga,28,ABZ7,2,108.0793,0.0385
ga,28,ABZ7,4,91.7683,0.0385
ga,28,ABZ7,8,88.6433,0.0395
ga,28,ABZ7,16,88.6433,0.0405
ga,28,ABZ7,32,78.5061,0.0435
ga,28,ABZ7,64,75.8384,0.0485
ga,28,ABZ7,128,74.8476,0.0595
ga,28,ABZ7,256,69.8171,0.0825
ga,28,ABZ7,512,63.8720,0.1360
ga,28,ABZ7,1024,60.2134,0.2520
ga,28,ABZ7,2048,56.2500,0.4911
ga,28,ABZ7,4096,43.2927,0.9152
ga,28,ABZ7,8192,35.5183,1.7338
ga,28,ABZ7,16384,20.7317,3.4055
ga,28,ABZ7,32768,14.1768,6.8397
ga,28,ABZ7,65536,10.8232,14.0067
ga,28,ABZ7,131072,8.2317,28.2751
ga,28,ABZ7,262144,8.2317,56.3920
ga,28,ABZ7,524288,8.2317,112.8315
ga,28,ABZ7,1048576,8.1555,225.7958
ga,28,ABZ7,2097152,8.1555,452.9268
ga,28,ABZ7,4159614,8.1555,900.0009
ga_sembrado,28,ABZ7,1,19.6646,0.0350
ga_sembrado,28,ABZ7,2,19.6646,0.0350
ga_sembrado,28,ABZ7,4,19.6646,0.0350
ga_sembrado,28,ABZ7,8,19.6646,0.0360
ga_sembrado,28,ABZ7,16,19.6646,0.0370
ga_sembrado,28,ABZ7,32,19.6646,0.0405
ga_sembrado,28,ABZ7,64,19.6646,0.0455
ga_sembrado,28,ABZ7,128,19.6646,0.0555
ga_sembrado,28,ABZ7,256,19.6646,0.0775
ga_sembrado,28,ABZ7,512,19.6646,0.1315
ga_sembrado,28,ABZ7,1024,19.6646,0.2490
ga_sembrado,28,ABZ7,2048,19.6646,0.4551
ga_sembrado,28,ABZ7,4096,19.2835,0.8387
ga_sembrado,28,ABZ7,8192,14.4817,1.7203
ga_sembrado,28,ABZ7,16384,12.7287,3.4981
ga_sembrado,28,ABZ7,32768,11.3567,6.9067
ga_sembrado,28,ABZ7,65536,10.2134,13.4496
ga_sembrado,28,ABZ7,131072,10.2134,27.1218
ga_sembrado,28,ABZ7,262144,8.9177,54.8812
ga_sembrado,28,ABZ7,524288,8.9177,109.2483
ga_sembrado,28,ABZ7,1048576,7.9268,218.5824
ga_sembrado,28,ABZ7,2097152,7.6220,437.2930
ga_sembrado,28,ABZ7,4194304,7.5457,871.8901
ga_sembrado,28,ABZ7,4328459,7.5457,900.0004
regla_bon,28,ABZ7,1,19.6646,0.0090
regla_bon,28,ABZ7,2,16.4634,0.0160
regla_bon,28,ABZ7,4,17.6067,0.0325
regla_bon,28,ABZ7,8,14.2530,0.0705
regla_bon,28,ABZ7,16,14.2530,0.1515
regla_bon,28,ABZ7,32,14.2530,0.2920
regla_bon,28,ABZ7,64,14.2530,0.6166
regla_bon,28,ABZ7,128,12.6524,1.2517
regla_bon,28,ABZ7,256,12.6524,2.4914
regla_bon,28,ABZ7,512,12.6524,4.8318
regla_bon,28,ABZ7,1024,10.8232,9.6814
regla_bon,28,ABZ7,2048,10.8232,19.6083
regla_bon,28,ABZ7,4096,10.7470,39.7239
regla_bon,28,ABZ7,8192,10.1372,80.0861
regla_bon,28,ABZ7,16384,10.1372,159.4700
regla_bon,28,ABZ7,32768,10.1372,318.6825
regla_bon,28,ABZ7,65536,9.9848,637.8364
regla_bon,28,ABZ7,92317,9.1463,900.0064
ga,28,ABZ8,1,115.1938,0.0380
ga,28,ABZ8,2,115.1938,0.0380
ga,28,ABZ8,4,83.7209,0.0390
ga,28,ABZ8,8,83.7209,0.0390
ga,28,ABZ8,16,83.7209,0.0410
ga,28,ABZ8,32,83.7209,0.0430
ga,28,ABZ8,64,83.7209,0.0490
ga,28,ABZ8,128,81.1628,0.0570
ga,28,ABZ8,256,77.5194,0.0740
ga,28,ABZ8,512,77.5194,0.1290
ga,28,ABZ8,1024,64.5736,0.2490
ga,28,ABZ8,2048,62.7907,0.4726
ga,28,ABZ8,4096,54.2636,0.9292
ga,28,ABZ8,8192,47.1318,1.8203
ga,28,ABZ8,16384,31.6279,3.6482
ga,28,ABZ8,32768,21.0078,7.0462
ga,28,ABZ8,65536,17.5194,13.8169
ga,28,ABZ8,131072,16.7442,27.6224
ga,28,ABZ8,262144,16.3566,55.2938
ga,28,ABZ8,524288,14.1085,110.9565
ga,28,ABZ8,1048576,13.8760,223.1763
ga,28,ABZ8,2097152,13.8760,446.6610
ga,28,ABZ8,4153574,12.8682,900.0008
regla_bon,28,ABZ8,1,24.7287,0.0120
regla_bon,28,ABZ8,2,24.7287,0.0240
regla_bon,28,ABZ8,4,24.7287,0.0460
regla_bon,28,ABZ8,8,24.7287,0.0850
regla_bon,28,ABZ8,16,23.1783,0.1650
regla_bon,28,ABZ8,32,23.1783,0.3191
regla_bon,28,ABZ8,64,22.0930,0.6211
regla_bon,28,ABZ8,128,21.0078,1.2307
regla_bon,28,ABZ8,256,21.0078,2.5465
regla_bon,28,ABZ8,512,20.4651,5.1059
regla_bon,28,ABZ8,1024,21.3178,9.9512
regla_bon,28,ABZ8,2048,18.6047,20.0751
regla_bon,28,ABZ8,4096,18.6047,40.1921
regla_bon,28,ABZ8,8192,18.6047,79.7489
regla_bon,28,ABZ8,16384,18.5271,158.9513
regla_bon,28,ABZ8,32768,17.8295,319.1829
regla_bon,28,ABZ8,65536,16.5891,643.1252
regla_bon,28,ABZ8,90078,16.5891,900.0058
ga_sembrado,28,ABZ8,1,24.7287,0.0250
ga_sembrado,28,ABZ8,2,24.7287,0.0250
ga_sembrado,28,ABZ8,4,24.7287,0.0250
ga_sembrado,28,ABZ8,8,24.7287,0.0260
ga_sembrado,28,ABZ8,16,24.7287,0.0270
ga_sembrado,28,ABZ8,32,24.7287,0.0290
ga_sembrado,28,ABZ8,64,24.7287,0.0320
ga_sembrado,28,ABZ8,128,24.7287,0.0400
ga_sembrado,28,ABZ8,256,24.7287,0.0560
ga_sembrado,28,ABZ8,512,24.7287,0.0960
ga_sembrado,28,ABZ8,1024,24.7287,0.1750
ga_sembrado,28,ABZ8,2048,24.7287,0.3376
ga_sembrado,28,ABZ8,4096,24.3411,0.7152
ga_sembrado,28,ABZ8,8192,21.1628,1.6208
ga_sembrado,28,ABZ8,16384,21.0853,3.3086
ga_sembrado,28,ABZ8,32768,19.8450,6.8242
ga_sembrado,28,ABZ8,65536,19.0698,13.7163
ga_sembrado,28,ABZ8,131072,18.1395,27.1668
ga_sembrado,28,ABZ8,262144,18.1395,54.1896
ga_sembrado,28,ABZ8,524288,18.1395,108.4100
ga_sembrado,28,ABZ8,1048576,18.1395,217.4616
ga_sembrado,28,ABZ8,2097152,18.1395,435.7638
ga_sembrado,28,ABZ8,4194304,14.6512,887.4979
ga_sembrado,28,ABZ8,4253897,14.6512,900.0008
ga,28,ABZ9,1,124.2057,0.0370
ga,28,ABZ9,2,118.1543,0.0370
ga,28,ABZ9,4,90.9228,0.0370
ga,28,ABZ9,8,89.2587,0.0380
ga,28,ABZ9,16,85.7035,0.0390
ga,28,ABZ9,32,85.7035,0.0420
ga,28,ABZ9,64,81.8457,0.0470
ga,28,ABZ9,128,73.2980,0.0570
ga,28,ABZ9,256,70.4236,0.0775
ga,28,ABZ9,512,65.6581,0.1400
ga,28,ABZ9,1024,62.3298,0.2571
ga,28,ABZ9,2048,61.0439,0.4921
ga,28,ABZ9,4096,46.8230,0.9432
ga,28,ABZ9,8192,43.6460,1.8059
ga,28,ABZ9,16384,29.7277,3.5592
ga,28,ABZ9,32768,20.8775,7.1028
ga,28,ABZ9,65536,17.0197,13.9954
ga,28,ABZ9,131072,15.1286,28.3660
ga,28,ABZ9,262144,15.1286,56.8841
ga,28,ABZ9,524288,15.1286,112.8899
ga,28,ABZ9,1048576,15.1286,225.3093
ga,28,ABZ9,2097152,15.1286,452.0595
ga,28,ABZ9,4093622,15.1286,900.0008
ga_sembrado,28,ABZ9,1,33.3585,0.0370
ga_sembrado,28,ABZ9,2,33.3585,0.0370
ga_sembrado,28,ABZ9,4,33.3585,0.0380
ga_sembrado,28,ABZ9,8,33.3585,0.0380
ga_sembrado,28,ABZ9,16,33.3585,0.0390
ga_sembrado,28,ABZ9,32,33.3585,0.0420
ga_sembrado,28,ABZ9,64,33.3585,0.0470
ga_sembrado,28,ABZ9,128,33.3585,0.0570
ga_sembrado,28,ABZ9,256,33.3585,0.0770
ga_sembrado,28,ABZ9,512,33.3585,0.1290
ga_sembrado,28,ABZ9,1024,33.3585,0.2446
ga_sembrado,28,ABZ9,2048,33.3585,0.4531
ga_sembrado,28,ABZ9,4096,29.1225,0.8622
ga_sembrado,28,ABZ9,8192,28.0635,1.5963
ga_sembrado,28,ABZ9,16384,26.2481,3.3496
ga_sembrado,28,ABZ9,32768,24.8865,6.6121
ga_sembrado,28,ABZ9,65536,19.8941,13.5503
ga_sembrado,28,ABZ9,131072,19.9697,27.3249
ga_sembrado,28,ABZ9,262144,16.1876,54.1836
ga_sembrado,28,ABZ9,524288,15.3555,108.5585
ga_sembrado,28,ABZ9,1048576,15.3555,216.9006
ga_sembrado,28,ABZ9,2097152,15.3555,433.3716
ga_sembrado,28,ABZ9,4194304,15.3555,883.2489
ga_sembrado,28,ABZ9,4274608,15.3555,900.0003
regla_bon,28,ABZ9,1,33.3585,0.0120
regla_bon,28,ABZ9,2,33.3585,0.0220
regla_bon,28,ABZ9,4,29.5764,0.0390
regla_bon,28,ABZ9,8,29.5764,0.0780
regla_bon,28,ABZ9,16,26.8533,0.1600
regla_bon,28,ABZ9,32,26.6263,0.3111
regla_bon,28,ABZ9,64,25.3404,0.6262
regla_bon,28,ABZ9,128,25.3404,1.2577
regla_bon,28,ABZ9,256,24.5840,2.5820
regla_bon,28,ABZ9,512,20.9531,5.0788
regla_bon,28,ABZ9,1024,20.9531,10.1452
regla_bon,28,ABZ9,2048,20.9531,20.5003
regla_bon,28,ABZ9,4096,20.9531,40.0200
regla_bon,28,ABZ9,8192,20.3480,80.0350
regla_bon,28,ABZ9,16384,20.3480,158.7623
regla_bon,28,ABZ9,32768,19.5915,318.1737
regla_bon,28,ABZ9,65536,19.5915,638.4799
regla_bon,28,ABZ9,90918,19.5915,900.0053
ga,29,FT10,1,103.0108,0.0120
ga,29,FT10,2,60.9677,0.0120
ga,29,FT10,4,60.9677,0.0120
ga,29,FT10,8,60.9677,0.0120
ga,29,FT10,16,60.9677,0.0130
ga,29,FT10,32,60.9677,0.0140
ga,29,FT10,64,48.3871,0.0150
ga,29,FT10,128,48.3871,0.0190
ga,29,FT10,256,47.2043,0.0260
ga,29,FT10,512,42.2581,0.0480
ga,29,FT10,1024,36.7742,0.0870
ga,29,FT10,2048,32.3118,0.1625
ga,29,FT10,4096,19.8925,0.3330
ga,29,FT10,8192,13.3333,0.6466
ga,29,FT10,16384,6.9892,1.2477
ga,29,FT10,32768,6.1290,2.5025
ga,29,FT10,65536,5.4301,5.1699
ga,29,FT10,131072,3.8172,10.3073
ga,29,FT10,262144,3.8172,20.5094
ga,29,FT10,524288,3.8172,41.3200
ga,29,FT10,1048576,3.8172,83.3961
ga,29,FT10,2097152,3.8172,166.9979
ga,29,FT10,4194304,3.7097,334.6784
ga,29,FT10,8388608,3.7097,667.5832
ga,29,FT10,11240273,3.7097,900.0006
ga_sembrado,29,FT10,1,20.3763,0.0130
ga_sembrado,29,FT10,2,20.3763,0.0130
ga_sembrado,29,FT10,4,20.3763,0.0130
ga_sembrado,29,FT10,8,20.3763,0.0130
ga_sembrado,29,FT10,16,20.3763,0.0140
ga_sembrado,29,FT10,32,20.3763,0.0150
ga_sembrado,29,FT10,64,20.3763,0.0160
ga_sembrado,29,FT10,128,20.3763,0.0200
ga_sembrado,29,FT10,256,20.3763,0.0280
ga_sembrado,29,FT10,512,20.3763,0.0490
ga_sembrado,29,FT10,1024,20.3763,0.0875
ga_sembrado,29,FT10,2048,15.6989,0.1705
ga_sembrado,29,FT10,4096,11.9355,0.3236
ga_sembrado,29,FT10,8192,8.4946,0.6942
ga_sembrado,29,FT10,16384,6.9892,1.3483
ga_sembrado,29,FT10,32768,3.4946,2.6216
ga_sembrado,29,FT10,65536,2.8495,5.1944
ga_sembrado,29,FT10,131072,2.0430,10.2062
ga_sembrado,29,FT10,262144,2.0430,20.2448
ga_sembrado,29,FT10,524288,1.7204,40.7939
ga_sembrado,29,FT10,1048576,1.7204,82.0794
ga_sembrado,29,FT10,2097152,1.7204,164.3103
ga_sembrado,29,FT10,4194304,1.7204,329.3263
ga_sembrado,29,FT10,8388608,1.7204,657.5179
ga_sembrado,29,FT10,11411756,1.7204,900.0006
regla_bon,29,FT10,1,20.3763,0.0030
regla_bon,29,FT10,2,20.3763,0.0050
regla_bon,29,FT10,4,9.0860,0.0100
regla_bon,29,FT10,8,9.0860,0.0180
regla_bon,29,FT10,16,9.0860,0.0320
regla_bon,29,FT10,32,9.0860,0.0630
regla_bon,29,FT10,64,9.0860,0.1325
regla_bon,29,FT10,128,8.2796,0.2690
regla_bon,29,FT10,256,7.7419,0.5516
regla_bon,29,FT10,512,3.4409,1.0837
regla_bon,29,FT10,1024,3.4409,2.0855
regla_bon,29,FT10,2048,3.4409,4.1658
regla_bon,29,FT10,4096,3.4409,8.3563
regla_bon,29,FT10,8192,3.4409,16.6429
regla_bon,29,FT10,16384,3.4409,33.1772
regla_bon,29,FT10,32768,3.8172,65.7241
regla_bon,29,FT10,65536,3.8172,131.3685
regla_bon,29,FT10,131072,3.8172,263.9296
regla_bon,29,FT10,262144,3.8172,526.8010
regla_bon,29,FT10,445948,3.8172,900.0006
ga,29,FT20,1,91.3305,0.0130
ga,29,FT20,2,75.0215,0.0130
ga,29,FT20,4,74.6781,0.0130
ga,29,FT20,8,62.1459,0.0130
ga,29,FT20,16,41.6738,0.0140
ga,29,FT20,32,41.6738,0.0150
ga,29,FT20,64,41.6738,0.0160
ga,29,FT20,128,41.6738,0.0200
ga,29,FT20,256,40.6009,0.0280
ga,29,FT20,512,41.2017,0.0495
ga,29,FT20,1024,33.2618,0.0855
ga,29,FT20,2048,27.7253,0.1780
ga,29,FT20,4096,20.6009,0.3371
ga,29,FT20,8192,14.2489,0.6642
ga,29,FT20,16384,10.1288,1.3582
ga,29,FT20,32768,4.9785,2.7146
ga,29,FT20,65536,2.4893,5.4124
ga,29,FT20,131072,2.1459,10.7104
ga,29,FT20,262144,2.1459,21.4261
ga,29,FT20,524288,2.1459,42.8328
ga,29,FT20,1048576,1.7167,85.4430
ga,29,FT20,2097152,1.5021,169.8166
ga,29,FT20,4194304,1.5021,340.1197
ga,29,FT20,8388608,1.5021,682.2099
ga,29,FT20,11025568,1.5021,900.0006
ga_sembrado,29,FT20,1,13.2189,0.0130
ga_sembrado,29,FT20,2,13.2189,0.0130
ga_sembrado,29,FT20,4,13.2189,0.0130
ga_sembrado,29,FT20,8,13.2189,0.0140
ga_sembrado,29,FT20,16,13.2189,0.0140
ga_sembrado,29,FT20,32,13.2189,0.0150
ga_sembrado,29,FT20,64,13.2189,0.0170
ga_sembrado,29,FT20,128,13.2189,0.0200
ga_sembrado,29,FT20,256,13.2189,0.0270
ga_sembrado,29,FT20,512,13.2189,0.0490
ga_sembrado,29,FT20,1024,13.2189,0.0955
ga_sembrado,29,FT20,2048,13.2189,0.1831
ga_sembrado,29,FT20,4096,13.2189,0.3381
ga_sembrado,29,FT20,8192,12.1459,0.6367
ga_sembrado,29,FT20,16384,11.6309,1.3398
ga_sembrado,29,FT20,32768,10.2146,2.6381
ga_sembrado,29,FT20,65536,8.0687,5.2669
ga_sembrado,29,FT20,131072,7.1674,10.6011
ga_sembrado,29,FT20,262144,7.1245,21.1771
ga_sembrado,29,FT20,524288,6.5236,41.3075
ga_sembrado,29,FT20,1048576,5.8369,82.2829
ga_sembrado,29,FT20,2097152,5.8369,164.9175
ga_sembrado,29,FT20,4194304,5.8369,328.5892
ga_sembrado,29,FT20,8388608,5.8369,657.1963
ga_sembrado,29,FT20,11435550,5.8369,900.0001
regla_bon,29,FT20,1,13.2189,0.0030
regla_bon,29,FT20,2,13.2189,0.0060
regla_bon,29,FT20,4,13.2189,0.0120
regla_bon,29,FT20,8,13.2189,0.0250
regla_bon,29,FT20,16,12.3605,0.0485
regla_bon,29,FT20,32,11.6738,0.0935
regla_bon,29,FT20,64,11.6738,0.1946
regla_bon,29,FT20,128,11.6738,0.3601
regla_bon,29,FT20,256,8.0687,0.7272
regla_bon,29,FT20,512,8.0687,1.4403
regla_bon,29,FT20,1024,8.0687,2.8716
regla_bon,29,FT20,2048,8.0687,5.8870
regla_bon,29,FT20,4096,8.0687,11.6936
regla_bon,29,FT20,8192,7.2103,23.7490
regla_bon,29,FT20,16384,7.2103,47.5166
regla_bon,29,FT20,32768,6.7382,95.1591
regla_bon,29,FT20,65536,6.7382,189.2319
regla_bon,29,FT20,131072,4.8069,378.5950
regla_bon,29,FT20,262144,4.8069,756.9519
regla_bon,29,FT20,310857,4.8069,900.0001
ga,29,La21,1,96.2715,0.0110
ga,29,La21,2,96.2715,0.0110
ga,29,La21,4,92.6386,0.0110
ga,29,La21,8,62.7151,0.0120
ga,29,La21,16,64.8184,0.0120
ga,29,La21,32,64.8184,0.0130
ga,29,La21,64,61.6157,0.0150
ga,29,La21,128,59.2256,0.0180
ga,29,La21,256,59.2256,0.0270
ga,29,La21,512,53.0593,0.0510
ga,29,La21,1024,41.6348,0.0980
ga,29,La21,2048,34.8948,0.1840
ga,29,La21,4096,22.6577,0.4006
ga,29,La21,8192,15.0574,0.8662
ga,29,La21,16384,11.0899,1.8393
ga,29,La21,32768,9.7514,3.7130
ga,29,La21,65536,9.7514,7.3285
ga,29,La21,131072,9.6558,14.8882
ga,29,La21,262144,8.5086,30.5595
ga,29,La21,524288,8.5086,60.0646
ga,29,La21,1048576,5.8317,119.1870
ga,29,La21,2097152,5.8317,238.2474
ga,29,La21,4194304,5.8317,474.3324
ga,29,La21,7931593,5.8317,900.0005
ga_sembrado,29,La21,1,15.0096,0.0140
ga_sembrado,29,La21,2,15.0096,0.0140
ga_sembrado,29,La21,4,15.0096,0.0140
ga_sembrado,29,La21,8,15.0096,0.0140
ga_sembrado,29,La21,16,15.0096,0.0150
ga_sembrado,29,La21,32,15.0096,0.0150
ga_sembrado,29,La21,64,15.0096,0.0170
ga_sembrado,29,La21,128,15.0096,0.0210
ga_sembrado,29,La21,256,15.0096,0.0310
ga_sembrado,29,La21,512,15.0096,0.0620
ga_sembrado,29,La21,1024,15.0096,0.1190
ga_sembrado,29,La21,2048,15.0096,0.2300
ga_sembrado,29,La21,4096,14.5315,0.4311
ga_sembrado,29,La21,8192,13.0497,0.8212
ga_sembrado,29,La21,16384,12.1893,1.6943
ga_sembrado,29,La21,32768,11.8547,3.4850
ga_sembrado,29,La21,65536,9.5602,7.1020
ga_sembrado,29,La21,131072,9.4168,14.1965
ga_sembrado,29,La21,262144,9.0822,29.3594
ga_sembrado,29,La21,524288,9.2256,58.1510
ga_sembrado,29,La21,1048576,8.6520,116.6536
ga_sembrado,29,La21,2097152,4.8757,231.4816
ga_sembrado,29,La21,4194304,4.8757,461.8322
ga_sembrado,29,La21,8143562,4.8757,900.0005
regla_bon,29,La21,1,15.0096,0.0050
regla_bon,29,La21,2,15.0096,0.0090
regla_bon,29,La21,4,15.0096,0.0180
regla_bon,29,La21,8,11.1855,0.0340
regla_bon,29,La21,16,11.1855,0.0610
regla_bon,29,La21,32,12.2371,0.1190
regla_bon,29,La21,64,8.6998,0.2400
regla_bon,29,La21,128,8.6998,0.4836
regla_bon,29,La21,256,8.6998,0.9867
regla_bon,29,La21,512,8.6998,1.8698
regla_bon,29,La21,1024,8.5086,3.9585
regla_bon,29,La21,2048,8.5086,7.9587
regla_bon,29,La21,4096,9.6080,15.9334
regla_bon,29,La21,8192,8.3174,32.2824
regla_bon,29,La21,16384,8.6520,63.5561
regla_bon,29,La21,32768,8.6520,126.7925
regla_bon,29,La21,65536,8.3174,252.5035
regla_bon,29,La21,131072,9.6080,506.0488
regla_bon,29,La21,233311,8.0306,900.0035
ga,29,La24,1,115.7219,0.0180
ga,29,La24,2,115.6150,0.0180
ga,29,La24,4,92.7273,0.0180
ga,29,La24,8,83.5294,0.0190
ga,29,La24,16,71.1230,0.0200
ga,29,La24,32,71.1230,0.0210
ga,29,La24,64,65.3476,0.0240
ga,29,La24,128,64.3316,0.0290
ga,29,La24,256,61.8182,0.0400
ga,29,La24,512,57.5401,0.0740
ga,29,La24,1024,48.5561,0.1410
ga,29,La24,2048,43.9037,0.2696
ga,29,La24,4096,31.4439,0.5366
ga,29,La24,8192,21.0160,1.0057
ga,29,La24,16384,13.9572,1.9663
ga,29,La24,32768,11.0695,3.8010
ga,29,La24,65536,10.6952,7.5301
ga,29,La24,131072,10.1604,15.2202
ga,29,La24,262144,9.8396,31.2277
ga,29,La24,524288,9.8396,61.3568
ga,29,La24,1048576,9.8396,120.8372
ga,29,La24,2097152,8.5027,240.7069
ga,29,La24,4194304,8.5027,481.9395
ga,29,La24,7809354,8.5027,900.0005
ga_sembrado,29,La24,1,10.1070,0.0190
ga_sembrado,29,La24,2,10.1070,0.0190
ga_sembrado,29,La24,4,10.1070,0.0190
ga_sembrado,29,La24,8,10.1070,0.0190
ga_sembrado,29,La24,16,10.1070,0.0200
ga_sembrado,29,La24,32,10.1070,0.0210
ga_sembrado,29,La24,64,10.1070,0.0230
ga_sembrado,29,La24,128,10.1070,0.0280
ga_sembrado,29,La24,256,10.1070,0.0390
ga_sembrado,29,La24,512,10.1070,0.0720
ga_sembrado,29,La24,1024,10.1070,0.1295
ga_sembrado,29,La24,2048,10.1070,0.2295
ga_sembrado,29,La24,4096,9.9465,0.4801
ga_sembrado,29,La24,8192,8.6631,0.8867
ga_sembrado,29,La24,16384,7.7540,1.8038
ga_sembrado,29,La24,32768,6.1497,3.6665
ga_sembrado,29,La24,65536,6.1497,7.2335
ga_sembrado,29,La24,131072,6.1497,14.3055
ga_sembrado,29,La24,262144,6.1497,29.5709
ga_sembrado,29,La24,524288,6.1497,58.4961
ga_sembrado,29,La24,1048576,4.7059,116.2645
ga_sembrado,29,La24,2097152,4.7059,232.0442
ga_sembrado,29,La24,4194304,4.7059,463.7510
ga_sembrado,29,La24,8102658,4.7059,900.0010
regla_bon,29,La24,1,10.1070,0.0050
regla_bon,29,La24,2,10.1070,0.0090
regla_bon,29,La24,4,10.0000,0.0180
regla_bon,29,La24,8,7.8075,0.0350
regla_bon,29,La24,16,7.8075,0.0690
regla_bon,29,La24,32,7.8075,0.1385
regla_bon,29,La24,64,7.8075,0.2770
regla_bon,29,La24,128,7.8075,0.5416
regla_bon,29,La24,256,7.8075,1.0317
regla_bon,29,La24,512,7.8075,2.0253
regla_bon,29,La24,1024,6.8449,4.0586
regla_bon,29,La24,2048,6.8449,8.1247
regla_bon,29,La24,4096,6.8449,16.1044
regla_bon,29,La24,8192,6.8449,32.1484
regla_bon,29,La24,16384,5.5080,63.4371
regla_bon,29,La24,32768,5.1872,125.5708
regla_bon,29,La24,65536,5.1872,250.8922
regla_bon,29,La24,131072,5.1872,504.5416
regla_bon,29,La24,232821,5.4545,900.0030
ga,29,La25,1,139.4063,0.0130
ga,29,La25,2,125.9980,0.0130
ga,29,La25,4,73.8485,0.0130
ga,29,La25,8,53.0194,0.0130
ga,29,La25,16,53.0194,0.0140
ga,29,La25,32,53.0194,0.0150
ga,29,La25,64,53.0194,0.0180
ga,29,La25,128,53.0194,0.0240
ga,29,La25,256,52.8147,0.0330
ga,29,La25,512,52.8147,0.0560
ga,29,La25,1024,46.9806,0.1170
ga,29,La25,2048,38.7410,0.2395
ga,29,La25,4096,30.2456,0.4711
ga,29,La25,8192,21.1873,0.9031
ga,29,La25,16384,12.8454,1.7868
ga,29,La25,32768,8.3419,3.5601
ga,29,La25,65536,8.0348,7.2468
ga,29,La25,131072,5.5783,14.5588
ga,29,La25,262144,5.5783,29.3603
ga,29,La25,524288,5.5783,58.6177
ga,29,La25,1048576,5.5783,118.1242
ga,29,La25,2097152,5.5783,238.0302
ga,29,La25,4194304,5.5783,474.3686
ga,29,La25,7919722,5.5783,900.0004
ga_sembrado,29,La25,1,11.8219,0.0190
ga_sembrado,29,La25,2,11.8219,0.0190
ga_sembrado,29,La25,4,11.8219,0.0190
ga_sembrado,29,La25,8,11.8219,0.0190
ga_sembrado,29,La25,16,11.8219,0.0200
ga_sembrado,29,La25,32,11.8219,0.0210
ga_sembrado,29,La25,64,11.8219,0.0240
ga_sembrado,29,La25,128,11.8219,0.0290
ga_sembrado,29,La25,256,11.8219,0.0390
ga_sembrado,29,La25,512,11.8219,0.0700
ga_sembrado,29,La25,1024,11.8219,0.1175
ga_sembrado,29,La25,2048,11.8219,0.2271
ga_sembrado,29,La25,4096,11.8731,0.4611
ga_sembrado,29,La25,8192,10.2866,0.8872
ga_sembrado,29,La25,16384,9.9795,1.7818
ga_sembrado,29,La25,32768,9.7748,3.6732
ga_sembrado,29,La25,65536,9.5189,7.2963
ga_sembrado,29,La25,131072,9.2119,14.6293
ga_sembrado,29,La25,262144,8.5977,29.2543
ga_sembrado,29,La25,524288,8.5466,58.0646
ga_sembrado,29,La25,1048576,8.2395,116.0849
ga_sembrado,29,La25,2097152,8.2395,231.0128
ga_sembrado,29,La25,4194304,8.2395,462.5669
ga_sembrado,29,La25,8156926,8.2395,900.0004
regla_bon,29,La25,1,11.8219,0.0050
regla_bon,29,La25,2,11.8219,0.0090
regla_bon,29,La25,4,11.8219,0.0180
regla_bon,29,La25,8,11.8219,0.0350
regla_bon,29,La25,16,11.3613,0.0610
regla_bon,29,La25,32,10.5937,0.1235
regla_bon,29,La25,64,9.4678,0.2541
regla_bon,29,La25,128,9.9795,0.5251
regla_bon,29,La25,256,9.9795,1.0572
regla_bon,29,La25,512,9.3654,2.0343
regla_bon,29,La25,1024,8.2395,4.0823
regla_bon,29,La25,2048,7.1648,8.0719
regla_bon,29,La25,4096,5.8854,15.8070
regla_bon,29,La25,8192,5.8854,31.6564
regla_bon,29,La25,16384,5.8854,63.2475
regla_bon,29,La25,32768,5.8854,125.4799
regla_bon,29,La25,65536,5.3736,251.2205
regla_bon,29,La25,131072,5.2201,504.6319
regla_bon,29,La25,233266,5.2201,900.0034
ga,29,La27,1,115.3036,0.0160
ga,29,La27,2,115.3036,0.0160
ga,29,La27,4,77.5709,0.0160
ga,29,La27,8,74.8988,0.0160
ga,29,La27,16,74.8988,0.0170
ga,29,La27,32,62.2267,0.0190
ga,29,La27,64,62.2267,0.0220
ga,29,La27,128,62.2267,0.0290
ga,29,La27,256,53.4008,0.0410
ga,29,La27,512,53.4008,0.0815
ga,29,La27,1024,47.4494,0.1575
ga,29,La27,2048,44.7773,0.3241
ga,29,La27,4096,38.4615,0.6266
ga,29,La27,8192,24.7368,1.2818
ga,29,La27,16384,13.5223,2.6255
ga,29,La27,32768,10.7692,5.2849
ga,29,La27,65536,8.1781,10.1792
ga,29,La27,131072,7.3684,20.0148
ga,29,La27,262144,6.2348,39.3611
ga,29,La27,524288,5.5466,78.9903
ga,29,La27,1048576,5.5466,155.0429
ga,29,La27,2097152,5.5466,311.3474
ga,29,La27,4194304,5.5466,621.1546
ga,29,La27,6060177,5.5466,900.0004
ga_sembrado,29,La27,1,24.9798,0.0240
ga_sembrado,29,La27,2,24.9798,0.0240
ga_sembrado,29,La27,4,24.9798,0.0250
ga_sembrado,29,La27,8,24.9798,0.0250
ga_sembrado,29,La27,16,24.9798,0.0260
ga_sembrado,29,La27,32,24.9798,0.0280
ga_sembrado,29,La27,64,24.9798,0.0310
ga_sembrado,29,La27,128,24.9798,0.0380
ga_sembrado,29,La27,256,24.9798,0.0525
ga_sembrado,29,La27,512,24.9798,0.0915
ga_sembrado,29,La27,1024,24.9798,0.1575
ga_sembrado,29,La27,2048,24.9798,0.2925
ga_sembrado,29,La27,4096,23.7652,0.5941
ga_sembrado,29,La27,8192,19.6356,1.2502
ga_sembrado,29,La27,16384,17.6518,2.4134
ga_sembrado,29,La27,32768,14.9798,4.7313
ga_sembrado,29,La27,65536,14.6559,9.2395
ga_sembrado,29,La27,131072,14.4939,18.6844
ga_sembrado,29,La27,262144,10.1215,37.5161
ga_sembrado,29,La27,524288,5.5870,74.6704
ga_sembrado,29,La27,1048576,5.0607,149.8634
ga_sembrado,29,La27,2097152,4.0081,298.6724
ga_sembrado,29,La27,4194304,3.6842,596.7475
ga_sembrado,29,La27,6320158,3.4818,900.0008
regla_bon,29,La27,1,24.9798,0.0060
regla_bon,29,La27,2,21.3765,0.0120
regla_bon,29,La27,4,16.7206,0.0230
regla_bon,29,La27,8,16.7206,0.0440
regla_bon,29,La27,16,16.5182,0.1005
regla_bon,29,La27,32,16.5182,0.2145
regla_bon,29,La27,64,12.5911,0.4425
regla_bon,29,La27,128,12.5911,0.8506
regla_bon,29,La27,256,12.5911,1.6203
regla_bon,29,La27,512,10.2834,3.2671
regla_bon,29,La27,1024,10.2834,6.5306
regla_bon,29,La27,2048,10.2834,12.9140
regla_bon,29,La27,4096,9.7166,25.9312
regla_bon,29,La27,8192,7.8947,52.1025
regla_bon,29,La27,16384,7.8947,104.4757
regla_bon,29,La27,32768,7.8947,209.7479
regla_bon,29,La27,65536,7.7733,419.0977
regla_bon,29,La27,131072,7.7733,837.7854
regla_bon,29,La27,140658,7.7733,900.0048
ga,29,La29,1,93.4896,0.0210
ga,29,La29,2,87.2396,0.0210
ga,29,La29,4,81.9444,0.0210
ga,29,La29,8,70.3993,0.0220
ga,29,La29,16,70.3993,0.0220
ga,29,La29,32,70.3993,0.0240
ga,29,La29,64,61.0243,0.0270
ga,29,La29,128,61.0243,0.0330
ga,29,La29,256,61.0243,0.0460
ga,29,La29,512,60.2431,0.0780
ga,29,La29,1024,58.9410,0.1510
ga,29,La29,2048,42.5347,0.3035
ga,29,La29,4096,40.3646,0.5855
ga,29,La29,8192,30.4253,1.1906
ga,29,La29,16384,17.2743,2.4063
ga,29,La29,32768,11.4149,4.7933
ga,29,La29,65536,9.0278,9.6000
ga,29,La29,131072,8.6806,19.2841
ga,29,La29,262144,8.6806,38.3432
ga,29,La29,524288,8.6806,76.6753
ga,29,La29,1048576,8.6806,153.1616
ga,29,La29,2097152,8.6806,305.8105
ga,29,La29,4194304,8.6806,612.9777
ga,29,La29,6154333,8.6806,900.0004
regla_bon,29,La29,1,13.4115,0.0060
regla_bon,29,La29,2,13.4115,0.0120
regla_bon,29,La29,4,13.4115,0.0230
regla_bon,29,La29,8,13.4115,0.0510
regla_bon,29,La29,16,13.4115,0.1080
regla_bon,29,La29,32,13.4115,0.2165
regla_bon,29,La29,64,12.1094,0.4190
regla_bon,29,La29,128,12.1094,0.8295
regla_bon,29,La29,256,12.1094,1.7102
regla_bon,29,La29,512,11.1111,3.2924
regla_bon,29,La29,1024,11.1111,6.6571
regla_bon,29,La29,2048,11.1111,13.2111
regla_bon,29,La29,4096,11.1111,26.4502
regla_bon,29,La29,8192,10.5903,53.0311
regla_bon,29,La29,16384,11.1111,105.8754
regla_bon,29,La29,32768,11.1111,210.4261
regla_bon,29,La29,65536,10.6771,421.4562
regla_bon,29,La29,131072,10.7205,847.0051
regla_bon,29,La29,139310,10.7205,900.0039
ga_sembrado,29,La29,1,13.4115,0.0240
ga_sembrado,29,La29,2,13.4115,0.0240
ga_sembrado,29,La29,4,13.4115,0.0250
ga_sembrado,29,La29,8,13.4115,0.0250
ga_sembrado,29,La29,16,13.4115,0.0260
ga_sembrado,29,La29,32,13.4115,0.0280
ga_sembrado,29,La29,64,13.4115,0.0310
ga_sembrado,29,La29,128,13.4115,0.0390
ga_sembrado,29,La29,256,13.4115,0.0540
ga_sembrado,29,La29,512,13.4115,0.0930
ga_sembrado,29,La29,1024,13.4115,0.1735
ga_sembrado,29,La29,2048,13.4115,0.3335
ga_sembrado,29,La29,4096,13.4115,0.6535
ga_sembrado,29,La29,8192,11.8056,1.2411
ga_sembrado,29,La29,16384,12.1094,2.3983
ga_sembrado,29,La29,32768,10.7205,4.7158
ga_sembrado,29,La29,65536,9.2448,9.3420
ga_sembrado,29,La29,131072,8.5069,18.7200
ga_sembrado,29,La29,262144,7.1181,37.5625
ga_sembrado,29,La29,524288,7.1181,75.1057
ga_sembrado,29,La29,1048576,7.1181,149.3103
ga_sembrado,29,La29,2097152,7.1181,298.7371
ga_sembrado,29,La29,4194304,7.1181,599.8191
ga_sembrado,29,La29,6296259,7.1181,900.0009
ga,29,La38,1,114.2977,0.0260
ga,29,La38,2,114.2977,0.0270
ga,29,La38,4,94.9833,0.0270
ga,29,La38,8,75.4599,0.0270
ga,29,La38,16,75.4599,0.0280
ga,29,La38,32,75.4599,0.0300
ga,29,La38,64,72.9097,0.0340
ga,29,La38,128,64.3813,0.0410
ga,29,La38,256,61.6639,0.0570
ga,29,La38,512,52.8428,0.1010
ga,29,La38,1024,51.5468,0.1895
ga,29,La38,2048,42.0987,0.3590
ga,29,La38,4096,38.0853,0.7165
ga,29,La38,8192,27.1739,1.3791
ga,29,La38,16384,19.8997,2.7243
ga,29,La38,32768,16.8896,5.3634
ga,29,La38,65536,14.0050,10.9522
ga,29,La38,131072,12.5000,21.9338
ga,29,La38,262144,12.5000,43.0346
ga,29,La38,524288,12.1656,86.3620
ga,29,La38,1048576,10.8278,172.2867
ga,29,La38,2097152,10.8278,344.5523
ga,29,La38,4194304,10.8278,692.0041
ga,29,La38,5463195,10.8278,900.0009
regla_bon,29,La38,1,14.9666,0.0050
regla_bon,29,La38,2,14.9666,0.0100
regla_bon,29,La38,4,14.9666,0.0215
regla_bon,29,La38,8,14.7993,0.0475
regla_bon,29,La38,16,12.7508,0.0835
regla_bon,29,La38,32,12.7508,0.1775
regla_bon,29,La38,64,12.7508,0.3355
regla_bon,29,La38,128,11.5385,0.6515
regla_bon,29,La38,256,8.1522,1.4406
regla_bon,29,La38,512,8.1522,2.9534
regla_bon,29,La38,1024,8.1522,5.9900
regla_bon,29,La38,2048,8.1522,11.6778
regla_bon,29,La38,4096,8.1522,23.9382
regla_bon,29,La38,8192,8.1522,47.6639
regla_bon,29,La38,16384,8.0268,95.8900
regla_bon,29,La38,32768,8.4030,192.3027
regla_bon,29,La38,65536,8.4030,384.5455
regla_bon,29,La38,131072,8.4030,771.8475
regla_bon,29,La38,153054,8.4030,900.0005
ga_sembrado,29,La38,1,14.9666,0.0185
ga_sembrado,29,La38,2,14.9666,0.0185
ga_sembrado,29,La38,4,14.9666,0.0185
ga_sembrado,29,La38,8,14.9666,0.0185
ga_sembrado,29,La38,16,14.9666,0.0195
ga_sembrado,29,La38,32,14.9666,0.0205
ga_sembrado,29,La38,64,14.9666,0.0235
ga_sembrado,29,La38,128,14.9666,0.0285
ga_sembrado,29,La38,256,14.9666,0.0435
ga_sembrado,29,La38,512,14.9666,0.0905
ga_sembrado,29,La38,1024,14.9666,0.1675
ga_sembrado,29,La38,2048,14.9666,0.3465
ga_sembrado,29,La38,4096,13.6706,0.6585
ga_sembrado,29,La38,8192,10.9950,1.2941
ga_sembrado,29,La38,16384,8.3194,2.6748
ga_sembrado,29,La38,32768,5.9783,5.2594
ga_sembrado,29,La38,65536,5.9783,10.3081
ga_sembrado,29,La38,131072,5.9783,20.4803
ga_sembrado,29,La38,262144,5.4766,41.4033
ga_sembrado,29,La38,524288,5.4766,83.0445
ga_sembrado,29,La38,1048576,5.4766,165.9015
ga_sembrado,29,La38,2097152,5.4766,332.4035
ga_sembrado,29,La38,4194304,5.4766,668.2118
ga_sembrado,29,La38,5650494,4.4732,900.0005
ga,29,La40,1,102.7005,0.0170
ga,29,La40,2,89.7300,0.0170
ga,29,La40,4,79.8282,0.0170
ga,29,La40,8,71.6858,0.0180
ga,29,La40,16,71.6858,0.0180
ga,29,La40,32,71.0311,0.0200
ga,29,La40,64,63.1342,0.0220
ga,29,La40,128,63.1342,0.0280
ga,29,La40,256,62.1522,0.0390
ga,29,La40,512,57.5286,0.0795
ga,29,La40,1024,53.6825,0.1640
ga,29,La40,2048,46.7676,0.3241
ga,29,La40,4096,36.4157,0.6982
ga,29,La40,8192,21.4403,1.3248
ga,29,La40,16384,14.0753,2.6775
ga,29,La40,32768,8.0196,5.3510
ga,29,La40,65536,6.8740,10.6695
ga,29,La40,131072,4.5827,21.3243
ga,29,La40,262144,4.5827,42.6264
ga,29,La40,524288,5.4010,85.1535
ga,29,La40,1048576,3.9280,170.9487
ga,29,La40,2097152,3.9280,341.5587
ga,29,La40,4194304,3.9280,684.2841
ga,29,La40,5519002,3.9280,900.0001
regla_bon,29,La40,1,13.2570,0.0060
regla_bon,29,La40,2,13.2570,0.0130
regla_bon,29,La40,4,13.2570,0.0250
regla_bon,29,La40,8,10.9656,0.0510
regla_bon,29,La40,16,10.9656,0.1015
regla_bon,29,La40,32,10.9656,0.2045
regla_bon,29,La40,64,10.9656,0.4101
regla_bon,29,La40,128,11.0475,0.7792
regla_bon,29,La40,256,11.0475,1.5384
regla_bon,29,La40,512,9.6154,3.0286
regla_bon,29,La40,1024,10.7610,5.9485
regla_bon,29,La40,2048,9.7791,11.7856
regla_bon,29,La40,4096,10.5155,23.6972
regla_bon,29,La40,8192,7.3241,47.3547
regla_bon,29,La40,16384,7.3241,95.0523
regla_bon,29,La40,32768,7.3241,190.3716
regla_bon,29,La40,65536,7.3241,380.2944
regla_bon,29,La40,131072,7.3241,760.3841
regla_bon,29,La40,154913,7.3241,900.0001
ga_sembrado,29,La40,1,13.2570,0.0200
ga_sembrado,29,La40,2,13.2570,0.0200
ga_sembrado,29,La40,4,13.2570,0.0200
ga_sembrado,29,La40,8,13.2570,0.0210
ga_sembrado,29,La40,16,13.2570,0.0220
ga_sembrado,29,La40,32,13.2570,0.0230
ga_sembrado,29,La40,64,13.2570,0.0270
ga_sembrado,29,La40,128,13.2570,0.0340
ga_sembrado,29,La40,256,13.2570,0.0470
ga_sembrado,29,La40,512,13.2570,0.0895
ga_sembrado,29,La40,1024,13.2570,0.1685
ga_sembrado,29,La40,2048,13.2570,0.3255
ga_sembrado,29,La40,4096,13.2570,0.6467
ga_sembrado,29,La40,8192,10.4746,1.2913
ga_sembrado,29,La40,16384,9.9018,2.6280
ga_sembrado,29,La40,32768,9.9018,5.2794
ga_sembrado,29,La40,65536,9.9018,10.3319
ga_sembrado,29,La40,131072,9.9018,20.7252
ga_sembrado,29,La40,262144,9.9018,41.2887
ga_sembrado,29,La40,524288,7.2013,83.1622
ga_sembrado,29,La40,1048576,5.9329,166.6506
ga_sembrado,29,La40,2097152,5.9329,333.4129
ga_sembrado,29,La40,4194304,5.9329,666.4630
ga_sembrado,29,La40,5660431,5.9329,900.0001
ga,29,ABZ7,1,91.6159,0.0240
ga,29,ABZ7,2,91.6159,0.0240
ga,29,ABZ7,4,91.6159,0.0240
ga,29,ABZ7,8,88.4146,0.0250
ga,29,ABZ7,16,75.0000,0.0260
ga,29,ABZ7,32,69.6646,0.0290
ga,29,ABZ7,64,69.6646,0.0330
ga,29,ABZ7,128,69.6646,0.0420
ga,29,ABZ7,256,66.2348,0.0635
ga,29,ABZ7,512,58.4604,0.1275
ga,29,ABZ7,1024,58.4604,0.2425
ga,29,ABZ7,2048,51.6006,0.4682
ga,29,ABZ7,4096,44.6646,0.8802
ga,29,ABZ7,8192,33.1555,1.7170
ga,29,ABZ7,16384,24.3902,3.5602
ga,29,ABZ7,32768,15.9299,7.1457
ga,29,ABZ7,65536,13.5671,14.2636
ga,29,ABZ7,131072,11.2805,28.7545
ga,29,ABZ7,262144,11.2805,56.7431
ga,29,ABZ7,524288,11.2805,113.2893
ga,29,ABZ7,1048576,11.2805,227.2038
ga,29,ABZ7,2097152,9.7561,455.3559
ga,29,ABZ7,4149701,9.7561,900.0001
regla_bon,29,ABZ7,1,19.6646,0.0120
regla_bon,29,ABZ7,2,19.6646,0.0200
regla_bon,29,ABZ7,4,19.6646,0.0400
regla_bon,29,ABZ7,8,14.4055,0.0790
regla_bon,29,ABZ7,16,14.4055,0.1460
regla_bon,29,ABZ7,32,14.6341,0.3306
regla_bon,29,ABZ7,64,13.7957,0.6612
regla_bon,29,ABZ7,128,13.4909,1.3398
regla_bon,29,ABZ7,256,12.5000,2.5445
regla_bon,29,ABZ7,512,12.5762,5.1119
regla_bon,29,ABZ7,1024,11.9665,10.2004
regla_bon,29,ABZ7,2048,11.1280,20.3031
regla_bon,29,ABZ7,4096,11.1280,40.6450
regla_bon,29,ABZ7,8192,11.5854,81.6524
regla_bon,29,ABZ7,16384,10.1372,163.2506
regla_bon,29,ABZ7,32768,9.1463,327.0036
regla_bon,29,ABZ7,65536,9.1463,652.7363
regla_bon,29,ABZ7,90275,9.1463,900.0061
ga_sembrado,29,ABZ7,1,19.6646,0.0270
ga_sembrado,29,ABZ7,2,19.6646,0.0270
ga_sembrado,29,ABZ7,4,19.6646,0.0280
ga_sembrado,29,ABZ7,8,19.6646,0.0280
ga_sembrado,29,ABZ7,16,19.6646,0.0300
ga_sembrado,29,ABZ7,32,19.6646,0.0320
ga_sembrado,29,ABZ7,64,19.6646,0.0370
ga_sembrado,29,ABZ7,128,19.6646,0.0440
ga_sembrado,29,ABZ7,256,19.6646,0.0630
ga_sembrado,29,ABZ7,512,19.6646,0.1260
ga_sembrado,29,ABZ7,1024,19.6646,0.2526
ga_sembrado,29,ABZ7,2048,19.6646,0.4971
ga_sembrado,29,ABZ7,4096,18.4451,0.9207
ga_sembrado,29,ABZ7,8192,15.0152,1.7314
ga_sembrado,29,ABZ7,16384,11.8140,3.3461
ga_sembrado,29,ABZ7,32768,10.9756,6.8122
ga_sembrado,29,ABZ7,65536,10.5945,13.7009
ga_sembrado,29,ABZ7,131072,10.6707,27.0307
ga_sembrado,29,ABZ7,262144,9.6799,54.6212
ga_sembrado,29,ABZ7,524288,9.6799,108.6387
ga_sembrado,29,ABZ7,1048576,9.6037,216.9347
ga_sembrado,29,ABZ7,2097152,7.0884,434.9853
ga_sembrado,29,ABZ7,4194304,6.3262,871.1865
ga_sembrado,29,ABZ7,4333432,6.3262,900.0001
ga,29,ABZ8,1,97.5194,0.0230
ga,29,ABZ8,2,97.5194,0.0240
ga,29,ABZ8,4,85.7364,0.0240
ga,29,ABZ8,8,85.7364,0.0240
ga,29,ABZ8,16,85.7364,0.0250
ga,29,ABZ8,32,85.7364,0.0270
ga,29,ABZ8,64,83.9535,0.0300
ga,29,ABZ8,128,77.0543,0.0380
ga,29,ABZ8,256,77.0543,0.0525
ga,29,ABZ8,512,66.3566,0.0995
ga,29,ABZ8,1024,66.3566,0.2081
ga,29,ABZ8,2048,52.5581,0.4336
ga,29,ABZ8,4096,51.2403,0.8897
ga,29,ABZ8,8192,42.0155,1.7653
ga,29,ABZ8,16384,31.3178,3.5296
ga,29,ABZ8,32768,24.8837,7.2562
ga,29,ABZ8,65536,21.7829,14.4015
ga,29,ABZ8,131072,20.6977,29.7929
ga,29,ABZ8,262144,18.4496,57.5929
ga,29,ABZ8,524288,18.0620,113.3560
ga,29,ABZ8,1048576,17.9845,225.5566
ga,29,ABZ8,2097152,17.8295,448.7022
ga,29,ABZ8,4194304,16.0465,897.4829
ga,29,ABZ8,4205885,16.0465,900.0004
regla_bon,29,ABZ8,1,24.7287,0.0120
regla_bon,29,ABZ8,2,24.7287,0.0230
regla_bon,29,ABZ8,4,24.7287,0.0450
regla_bon,29,ABZ8,8,24.7287,0.0815
regla_bon,29,ABZ8,16,23.2558,0.1675
regla_bon,29,ABZ8,32,23.2558,0.3301
regla_bon,29,ABZ8,64,20.9302,0.6436
regla_bon,29,ABZ8,128,20.9302,1.2707
regla_bon,29,ABZ8,256,22.0155,2.4434
regla_bon,29,ABZ8,512,20.6202,4.9814
regla_bon,29,ABZ8,1024,19.3023,10.2554
regla_bon,29,ABZ8,2048,19.3023,20.6488
regla_bon,29,ABZ8,4096,19.3023,42.4337
regla_bon,29,ABZ8,8192,18.3721,82.8775
regla_bon,29,ABZ8,16384,18.2946,164.1941
regla_bon,29,ABZ8,32768,17.0543,327.3545
regla_bon,29,ABZ8,65536,17.0543,654.3689
regla_bon,29,ABZ8,90321,17.2868,900.0009
ga_sembrado,29,ABZ8,1,24.7287,0.0370
ga_sembrado,29,ABZ8,2,24.7287,0.0370
ga_sembrado,29,ABZ8,4,24.7287,0.0380
ga_sembrado,29,ABZ8,8,24.7287,0.0380
ga_sembrado,29,ABZ8,16,24.7287,0.0400
ga_sembrado,29,ABZ8,32,24.7287,0.0420
ga_sembrado,29,ABZ8,64,24.7287,0.0480
ga_sembrado,29,ABZ8,128,24.7287,0.0570
ga_sembrado,29,ABZ8,256,24.7287,0.0745
ga_sembrado,29,ABZ8,512,24.7287,0.1185
ga_sembrado,29,ABZ8,1024,24.7287,0.2245
ga_sembrado,29,ABZ8,2048,24.7287,0.4261
ga_sembrado,29,ABZ8,4096,22.8682,0.8522
ga_sembrado,29,ABZ8,8192,21.7829,1.6748
ga_sembrado,29,ABZ8,16384,19.3798,3.4061
ga_sembrado,29,ABZ8,32768,18.9147,6.9322
ga_sembrado,29,ABZ8,65536,18.1395,13.6979
ga_sembrado,29,ABZ8,131072,18.1395,28.7726
ga_sembrado,29,ABZ8,262144,17.8295,56.4397
ga_sembrado,29,ABZ8,524288,17.6744,111.1452
ga_sembrado,29,ABZ8,1048576,17.6744,220.6740
ga_sembrado,29,ABZ8,2097152,17.6744,441.6929
ga_sembrado,29,ABZ8,4194304,17.6744,881.7627
ga_sembrado,29,ABZ8,4281965,17.6744,900.0009
ga,29,ABZ9,1,123.2980,0.0380
ga,29,ABZ9,2,123.2980,0.0380
ga,29,ABZ9,4,102.5719,0.0380
ga,29,ABZ9,8,86.5356,0.0390
ga,29,ABZ9,16,86.5356,0.0400
ga,29,ABZ9,32,77.0045,0.0420
ga,29,ABZ9,64,73.5250,0.0470
ga,29,ABZ9,128,73.5250,0.0570
ga,29,ABZ9,256,73.5250,0.0780
ga,29,ABZ9,512,73.5250,0.1285
ga,29,ABZ9,1024,69.8185,0.2285
ga,29,ABZ9,2048,58.9259,0.4561
ga,29,ABZ9,4096,52.6475,0.8902
ga,29,ABZ9,8192,43.8729,1.7918
ga,29,ABZ9,16384,32.8290,3.5496
ga,29,ABZ9,32768,22.8442,7.1447
ga,29,ABZ9,65536,18.9107,14.0774
ga,29,ABZ9,131072,15.7337,29.8664
ga,29,ABZ9,262144,15.7337,58.3401
ga,29,ABZ9,524288,15.7337,115.3529
ga,29,ABZ9,1048576,12.1029,228.4413
ga,29,ABZ9,2097152,12.1029,454.7485
ga,29,ABZ9,4150706,12.1029,900.0009
regla_bon,29,ABZ9,1,33.3585,0.0120
regla_bon,29,ABZ9,2,33.3585,0.0230
regla_bon,29,ABZ9,4,33.3585,0.0450
regla_bon,29,ABZ9,8,30.0303,0.0800
regla_bon,29,ABZ9,16,26.3994,0.1405
regla_bon,29,ABZ9,32,26.3994,0.2946
regla_bon,29,ABZ9,64,25.7186,0.6171
regla_bon,29,ABZ9,128,23.9032,1.2492
regla_bon,29,ABZ9,256,23.9032,2.5229
regla_bon,29,ABZ9,512,23.9032,5.0119
regla_bon,29,ABZ9,1024,23.9032,10.1369
regla_bon,29,ABZ9,2048,23.9032,20.1222
regla_bon,29,ABZ9,4096,20.1210,41.5235
regla_bon,29,ABZ9,8192,20.1210,81.9588
regla_bon,29,ABZ9,16384,20.1210,162.1967
regla_bon,29,ABZ9,32768,20.1210,322.1480
regla_bon,29,ABZ9,65536,19.3646,643.1917
regla_bon,29,ABZ9,91778,19.3646,900.0054
ga_sembrado,29,ABZ9,1,33.3585,0.0270
ga_sembrado,29,ABZ9,2,33.3585,0.0280
ga_sembrado,29,ABZ9,4,33.3585,0.0280
ga_sembrado,29,ABZ9,8,33.3585,0.0290
ga_sembrado,29,ABZ9,16,33.3585,0.0300
ga_sembrado,29,ABZ9,32,33.3585,0.0320
ga_sembrado,29,ABZ9,64,33.3585,0.0380
ga_sembrado,29,ABZ9,128,33.3585,0.0480
ga_sembrado,29,ABZ9,256,33.3585,0.0680
ga_sembrado,29,ABZ9,512,33.3585,0.1275
ga_sembrado,29,ABZ9,1024,33.3585,0.2286
ga_sembrado,29,ABZ9,2048,33.3585,0.4416
ga_sembrado,29,ABZ9,4096,30.0303,0.8661
ga_sembrado,29,ABZ9,8192,28.0635,1.7948
ga_sembrado,29,ABZ9,16384,26.7020,3.5601
ga_sembrado,29,ABZ9,32768,24.2057,6.9322
ga_sembrado,29,ABZ9,65536,23.9788,13.6194
ga_sembrado,29,ABZ9,131072,22.9955,28.5680
ga_sembrado,29,ABZ9,262144,18.9107,55.6875
ga_sembrado,29,ABZ9,524288,17.8517,109.5989
ga_sembrado,29,ABZ9,1048576,17.8517,218.2735
ga_sembrado,29,ABZ9,2097152,17.8517,436.6303
ga_sembrado,29,ABZ9,4194304,17.8517,871.5262
ga_sembrado,29,ABZ9,4330934,17.8517,900.0004
ga,30,FT10,1,65.5914,0.0120
ga,30,FT10,2,65.5914,0.0120
ga,30,FT10,4,59.1398,0.0120
ga,30,FT10,8,59.1398,0.0130
ga,30,FT10,16,59.1398,0.0130
ga,30,FT10,32,59.1398,0.0140
ga,30,FT10,64,55.6989,0.0160
ga,30,FT10,128,54.9462,0.0200
ga,30,FT10,256,47.7419,0.0270
ga,30,FT10,512,47.7419,0.0510
ga,30,FT10,1024,40.1075,0.0990
ga,30,FT10,2048,33.8710,0.1770
ga,30,FT10,4096,23.0108,0.3216
ga,30,FT10,8192,13.6022,0.6411
ga,30,FT10,16384,4.2473,1.2967
ga,30,FT10,32768,2.5806,2.6214
ga,30,FT10,65536,2.5806,5.3239
ga,30,FT10,131072,2.5269,10.5274
ga,30,FT10,262144,2.5269,20.8601
ga,30,FT10,524288,2.5269,41.6961
ga,30,FT10,1048576,2.5269,83.4654
ga,30,FT10,2097152,2.5269,167.3471
ga,30,FT10,4194304,2.5269,334.3410
ga,30,FT10,8388608,2.5269,669.0162
ga,30,FT10,11281575,2.5269,900.0001
ga_sembrado,30,FT10,1,20.3763,0.0110
ga_sembrado,30,FT10,2,20.3763,0.0110
ga_sembrado,30,FT10,4,20.3763,0.0110
ga_sembrado,30,FT10,8,20.3763,0.0110
ga_sembrado,30,FT10,16,20.3763,0.0120
ga_sembrado,30,FT10,32,20.3763,0.0130
ga_sembrado,30,FT10,64,20.3763,0.0140
ga_sembrado,30,FT10,128,20.3763,0.0180
ga_sembrado,30,FT10,256,20.3763,0.0260
ga_sembrado,30,FT10,512,20.3763,0.0490
ga_sembrado,30,FT10,1024,20.3763,0.0960
ga_sembrado,30,FT10,2048,19.7312,0.1861
ga_sembrado,30,FT10,4096,10.7527,0.3601
ga_sembrado,30,FT10,8192,7.4731,0.7096
ga_sembrado,30,FT10,16384,5.8602,1.3913
ga_sembrado,30,FT10,32768,4.6237,2.6149
ga_sembrado,30,FT10,65536,4.6237,5.0279
ga_sembrado,30,FT10,131072,2.7957,10.1629
ga_sembrado,30,FT10,262144,2.0430,20.5801
ga_sembrado,30,FT10,524288,2.0430,41.0065
ga_sembrado,30,FT10,1048576,2.0430,82.3158
ga_sembrado,30,FT10,2097152,2.0430,163.6699
ga_sembrado,30,FT10,4194304,2.0430,328.5694
ga_sembrado,30,FT10,8388608,1.7204,656.4611
ga_sembrado,30,FT10,11472226,1.7204,900.0006
regla_bon,30,FT10,1,20.3763,0.0020
regla_bon,30,FT10,2,16.8817,0.0050
regla_bon,30,FT10,4,16.8817,0.0090
regla_bon,30,FT10,8,16.8817,0.0170
regla_bon,30,FT10,16,7.1505,0.0350
regla_bon,30,FT10,32,7.1505,0.0700
regla_bon,30,FT10,64,7.1505,0.1371
regla_bon,30,FT10,128,5.0538,0.2696
regla_bon,30,FT10,256,5.0538,0.5421
regla_bon,30,FT10,512,5.0538,1.0467
regla_bon,30,FT10,1024,4.6237,2.0989
regla_bon,30,FT10,2048,4.6237,4.1673
regla_bon,30,FT10,4096,4.6237,8.1815
regla_bon,30,FT10,8192,4.6237,16.2738
regla_bon,30,FT10,16384,4.6237,32.4267
regla_bon,30,FT10,32768,4.3011,64.8926
regla_bon,30,FT10,65536,3.8710,130.1363
regla_bon,30,FT10,131072,3.8710,261.0411
regla_bon,30,FT10,262144,3.7097,521.7542
regla_bon,30,FT10,451375,3.8172,900.0016
ga,30,FT20,1,84.6352,0.0080
ga,30,FT20,2,83.6052,0.0090
ga,30,FT20,4,83.6052,0.0090
ga,30,FT20,8,62.9185,0.0090
ga,30,FT20,16,59.5708,0.0090
ga,30,FT20,32,59.5708,0.0100
ga,30,FT20,64,50.9871,0.0110
ga,30,FT20,128,43.2618,0.0130
ga,30,FT20,256,43.2618,0.0190
ga,30,FT20,512,42.1888,0.0340
ga,30,FT20,1024,36.3090,0.0660
ga,30,FT20,2048,35.2790,0.1321
ga,30,FT20,4096,23.6481,0.3121
ga,30,FT20,8192,15.2790,0.6711
ga,30,FT20,16384,9.3562,1.2887
ga,30,FT20,32768,5.8369,2.6099
ga,30,FT20,65536,2.1459,5.4034
ga,30,FT20,131072,1.9742,10.7200
ga,30,FT20,262144,1.7167,21.4873
ga,30,FT20,524288,1.7167,42.6309
ga,30,FT20,1048576,1.7167,84.9523
ga,30,FT20,2097152,1.7167,170.6370
ga,30,FT20,4194304,1.7167,342.8445
ga,30,FT20,8388608,1.6738,684.1186
ga,30,FT20,11016399,1.6738,900.0006
ga_sembrado,30,FT20,1,13.2189,0.0090
ga_sembrado,30,FT20,2,13.2189,0.0090
ga_sembrado,30,FT20,4,13.2189,0.0090
ga_sembrado,30,FT20,8,13.2189,0.0090
ga_sembrado,30,FT20,16,13.2189,0.0090
ga_sembrado,30,FT20,32,13.2189,0.0100
ga_sembrado,30,FT20,64,13.2189,0.0110
ga_sembrado,30,FT20,128,13.2189,0.0130
ga_sembrado,30,FT20,256,13.2189,0.0180
ga_sembrado,30,FT20,512,13.2189,0.0350
ga_sembrado,30,FT20,1024,13.2189,0.0715
ga_sembrado,30,FT20,2048,13.2189,0.1495
ga_sembrado,30,FT20,4096,13.2189,0.2975
ga_sembrado,30,FT20,8192,12.7039,0.6156
ga_sembrado,30,FT20,16384,11.5021,1.2562
ga_sembrado,30,FT20,32768,8.5837,2.5104
ga_sembrado,30,FT20,65536,7.5107,4.9978
ga_sembrado,30,FT20,131072,7.2103,10.1453
ga_sembrado,30,FT20,262144,7.1245,20.6601
ga_sembrado,30,FT20,524288,7.1245,41.5335
ga_sembrado,30,FT20,1048576,7.1245,83.4013
ga_sembrado,30,FT20,2097152,2.3176,165.8473
ga_sembrado,30,FT20,4194304,2.3176,331.2405
ga_sembrado,30,FT20,8388608,2.3176,665.4748
ga_sembrado,30,FT20,11325137,2.3176,900.0005
regla_bon,30,FT20,1,13.2189,0.0020
regla_bon,30,FT20,2,13.2189,0.0050
regla_bon,30,FT20,4,13.2189,0.0100
regla_bon,30,FT20,8,12.7897,0.0190
regla_bon,30,FT20,16,12.1459,0.0420
regla_bon,30,FT20,32,10.2575,0.0875
regla_bon,30,FT20,64,10.2575,0.1850
regla_bon,30,FT20,128,10.2575,0.3761
regla_bon,30,FT20,256,10.2575,0.7751
regla_bon,30,FT20,512,8.7124,1.5402
regla_bon,30,FT20,1024,8.7124,3.0455
regla_bon,30,FT20,2048,7.1674,6.1024
regla_bon,30,FT20,4096,7.1674,12.2031
regla_bon,30,FT20,8192,7.1674,24.6433
regla_bon,30,FT20,16384,6.0944,49.0349
regla_bon,30,FT20,32768,6.0944,98.0025
regla_bon,30,FT20,65536,6.0944,195.3549
regla_bon,30,FT20,131072,6.0944,390.4324
regla_bon,30,FT20,262144,6.2661,776.3000
regla_bon,30,FT20,303823,6.2661,900.0015
ga,30,La21,1,70.4111,0.0180
ga,30,La21,2,70.4111,0.0180
ga,30,La21,4,70.4111,0.0180
ga,30,La21,8,65.8222,0.0190
ga,30,La21,16,65.8222,0.0190
ga,30,La21,32,62.7629,0.0210
ga,30,La21,64,62.7629,0.0230
ga,30,La21,128,62.7629,0.0290
ga,30,La21,256,46.5105,0.0400
ga,30,La21,512,46.5105,0.0715
ga,30,La21,1024,40.2486,0.1365
ga,30,La21,2048,33.1740,0.2640
ga,30,La21,4096,26.2906,0.4975
ga,30,La21,8192,19.0249,0.9536
ga,30,La21,16384,9.9426,1.8572
ga,30,La21,32768,5.0669,3.6655
ga,30,La21,65536,4.3977,7.4036
ga,30,La21,131072,4.3499,14.9070
ga,30,La21,262144,4.3499,29.8439
ga,30,La21,524288,4.3499,59.8834
ga,30,La21,1048576,4.3499,119.9145
ga,30,La21,2097152,4.3499,239.5048
ga,30,La21,4194304,4.3499,479.1748
ga,30,La21,7879066,4.3499,900.0002
ga_sembrado,30,La21,1,15.0096,0.0160
ga_sembrado,30,La21,2,15.0096,0.0160
ga_sembrado,30,La21,4,15.0096,0.0170
ga_sembrado,30,La21,8,15.0096,0.0170
ga_sembrado,30,La21,16,15.0096,0.0170
ga_sembrado,30,La21,32,15.0096,0.0180
ga_sembrado,30,La21,64,15.0096,0.0200
ga_sembrado,30,La21,128,15.0096,0.0240
ga_sembrado,30,La21,256,15.0096,0.0320
ga_sembrado,30,La21,512,15.0096,0.0550
ga_sembrado,30,La21,1024,15.0096,0.1040
ga_sembrado,30,La21,2048,15.0096,0.2195
ga_sembrado,30,La21,4096,14.6750,0.4310
ga_sembrado,30,La21,8192,13.9579,0.8726
ga_sembrado,30,La21,16384,10.1338,1.7777
ga_sembrado,30,La21,32768,8.5564,3.5790
ga_sembrado,30,La21,65536,6.1185,7.2211
ga_sembrado,30,La21,131072,6.5966,14.3490
ga_sembrado,30,La21,262144,6.2141,28.7111
ga_sembrado,30,La21,524288,6.2141,57.6325
ga_sembrado,30,La21,1048576,6.2141,115.6751
ga_sembrado,30,La21,2097152,6.2141,231.4109
ga_sembrado,30,La21,4194304,6.2141,466.4600
ga_sembrado,30,La21,8102752,6.2141,900.0007
regla_bon,30,La21,1,15.0096,0.0030
regla_bon,30,La21,2,15.0096,0.0060
regla_bon,30,La21,4,14.3881,0.0120
regla_bon,30,La21,8,14.3881,0.0230
regla_bon,30,La21,16,14.3881,0.0490
regla_bon,30,La21,32,13.1931,0.1010
regla_bon,30,La21,64,9.5124,0.2225
regla_bon,30,La21,128,9.5124,0.4820
regla_bon,30,La21,256,9.5124,1.0256
regla_bon,30,La21,512,9.5124,2.0748
regla_bon,30,La21,1024,9.5124,4.0045
regla_bon,30,La21,2048,9.5124,7.7866
regla_bon,30,La21,4096,8.6998,15.4976
regla_bon,30,La21,8192,8.0784,30.9180
regla_bon,30,La21,16384,8.0784,61.9354
regla_bon,30,La21,32768,8.0784,124.8698
regla_bon,30,La21,65536,8.0784,249.9565
regla_bon,30,La21,131072,8.0784,504.0557
regla_bon,30,La21,234093,8.0784,900.0007
ga,30,La24,1,89.1979,0.0180
ga,30,La24,2,89.1979,0.0180
ga,30,La24,4,72.2995,0.0180
ga,30,La24,8,72.2995,0.0180
ga,30,La24,16,72.2995,0.0190
ga,30,La24,32,72.2995,0.0200
ga,30,La24,64,65.3476,0.0230
ga,30,La24,128,65.3476,0.0280
ga,30,La24,256,61.0695,0.0390
ga,30,La24,512,55.9893,0.0700
ga,30,La24,1024,44.5455,0.1270
ga,30,La24,2048,41.4973,0.2445
ga,30,La24,4096,27.3262,0.5140
ga,30,La24,8192,16.6845,1.0426
ga,30,La24,16384,12.8342,1.9487
ga,30,La24,32768,9.8396,3.9065
ga,30,La24,65536,9.8396,7.6421
ga,30,La24,131072,9.8396,15.3506
ga,30,La24,262144,7.1658,30.3665
ga,30,La24,524288,7.1658,61.0976
ga,30,La24,1048576,7.1658,122.1374
ga,30,La24,2097152,7.1658,242.4787
ga,30,La24,4194304,7.1658,485.6290
ga,30,La24,7774672,7.1658,900.0007
ga_sembrado,30,La24,1,10.1070,0.0175
ga_sembrado,30,La24,2,10.1070,0.0175
ga_sembrado,30,La24,4,10.1070,0.0185
ga_sembrado,30,La24,8,10.1070,0.0185
ga_sembrado,30,La24,16,10.1070,0.0185
ga_sembrado,30,La24,32,10.1070,0.0195
ga_sembrado,30,La24,64,10.1070,0.0215
ga_sembrado,30,La24,128,10.1070,0.0255
ga_sembrado,30,La24,256,10.1070,0.0335
ga_sembrado,30,La24,512,10.1070,0.0655
ga_sembrado,30,La24,1024,10.1070,0.1215
ga_sembrado,30,La24,2048,10.1070,0.2270
ga_sembrado,30,La24,4096,10.1070,0.4411
ga_sembrado,30,La24,8192,9.3048,0.8926
ga_sembrado,30,La24,16384,8.5561,1.7557
ga_sembrado,30,La24,32768,6.4171,3.6050
ga_sembrado,30,La24,65536,4.4920,7.2996
ga_sembrado,30,La24,131072,4.2246,14.7205
ga_sembrado,30,La24,262144,4.2246,29.9094
ga_sembrado,30,La24,524288,4.2246,59.3523
ga_sembrado,30,La24,1048576,4.1711,118.4241
ga_sembrado,30,La24,2097152,4.1711,236.4287
ga_sembrado,30,La24,4194304,4.1711,473.6912
ga_sembrado,30,La24,7959263,4.1711,900.0002
regla_bon,30,La24,1,10.1070,0.0050
regla_bon,30,La24,2,10.1070,0.0090
regla_bon,30,La24,4,10.1070,0.0175
regla_bon,30,La24,8,10.1070,0.0305
regla_bon,30,La24,16,9.0909,0.0605
regla_bon,30,La24,32,9.0909,0.1175
regla_bon,30,La24,64,9.0909,0.2510
regla_bon,30,La24,128,9.0909,0.4461
regla_bon,30,La24,256,8.6631,0.8456
regla_bon,30,La24,512,8.6631,1.8463
regla_bon,30,La24,1024,7.8075,3.7715
regla_bon,30,La24,2048,7.8075,7.6647
regla_bon,30,La24,4096,6.3102,15.6382
regla_bon,30,La24,8192,4.9733,31.6497
regla_bon,30,La24,16384,4.9733,63.2961
regla_bon,30,La24,32768,4.9733,127.9292
regla_bon,30,La24,65536,4.9733,255.3209
regla_bon,30,La24,131072,5.7754,510.3969
regla_bon,30,La24,231339,4.2781,900.0042
ga,30,La25,1,79.8362,0.0130
ga,30,La25,2,79.8362,0.0130
ga,30,La25,4,75.7932,0.0130
ga,30,La25,8,75.7932,0.0140
ga,30,La25,16,75.7932,0.0140
ga,30,La25,32,66.8373,0.0150
ga,30,La25,64,58.4442,0.0170
ga,30,La25,128,54.4524,0.0210
ga,30,La25,256,51.4841,0.0300
ga,30,La25,512,42.5793,0.0540
ga,30,La25,1024,42.5793,0.1200
ga,30,La25,2048,39.0993,0.2255
ga,30,La25,4096,32.1392,0.4491
ga,30,La25,8192,17.5026,0.9272
ga,30,La25,16384,12.1290,1.8929
ga,30,La25,32768,9.4166,3.8703
ga,30,La25,65536,6.2948,7.5597
ga,30,La25,131072,5.8854,15.0183
ga,30,La25,262144,5.8342,29.9121
ga,30,La25,524288,5.8342,59.8811
ga,30,La25,1048576,5.8342,119.3533
ga,30,La25,2097152,5.8342,238.5880
ga,30,La25,4194304,5.8342,476.8530
ga,30,La25,7901440,5.3224,900.0007
ga_sembrado,30,La25,1,11.8219,0.0190
ga_sembrado,30,La25,2,11.8219,0.0190
ga_sembrado,30,La25,4,11.8219,0.0190
ga_sembrado,30,La25,8,11.8219,0.0190
ga_sembrado,30,La25,16,11.8219,0.0200
ga_sembrado,30,La25,32,11.8219,0.0210
ga_sembrado,30,La25,64,11.8219,0.0240
ga_sembrado,30,La25,128,11.8219,0.0290
ga_sembrado,30,La25,256,11.8219,0.0360
ga_sembrado,30,La25,512,11.8219,0.0580
ga_sembrado,30,La25,1024,11.8219,0.1065
ga_sembrado,30,La25,2048,11.8219,0.2335
ga_sembrado,30,La25,4096,11.8219,0.4661
ga_sembrado,30,La25,8192,11.6172,0.9057
ga_sembrado,30,La25,16384,9.7748,1.8419
ga_sembrado,30,La25,32768,9.7748,3.5802
ga_sembrado,30,La25,65536,9.0583,7.1470
ga_sembrado,30,La25,131072,8.8025,14.3252
ga_sembrado,30,La25,262144,8.8025,28.5903
ga_sembrado,30,La25,524288,8.7513,57.9903
ga_sembrado,30,La25,1048576,8.7513,115.7365
ga_sembrado,30,La25,2097152,8.7513,232.6481
ga_sembrado,30,La25,4194304,8.7513,466.2861
ga_sembrado,30,La25,8090635,7.8813,900.0007
regla_bon,30,La25,1,11.8219,0.0050
regla_bon,30,La25,2,11.8219,0.0090
regla_bon,30,La25,4,11.8219,0.0170
regla_bon,30,La25,8,11.8219,0.0340
regla_bon,30,La25,16,11.8219,0.0690
regla_bon,30,La25,32,11.6684,0.1195
regla_bon,30,La25,64,9.6725,0.2185
regla_bon,30,La25,128,8.5466,0.4641
regla_bon,30,La25,256,8.5466,0.9617
regla_bon,30,La25,512,7.8813,1.8789
regla_bon,30,La25,1024,7.1136,3.8213
regla_bon,30,La25,2048,7.1136,7.6992
regla_bon,30,La25,4096,5.1177,15.4804
regla_bon,30,La25,8192,5.1177,31.4124
regla_bon,30,La25,16384,5.1177,63.1411
regla_bon,30,La25,32768,5.1177,126.0786
regla_bon,30,La25,65536,5.1177,251.6892
regla_bon,30,La25,131072,5.1177,502.5451
regla_bon,30,La25,234707,4.5548,900.0027
ga,30,La27,1,103.4818,0.0240
ga,30,La27,2,72.9555,0.0240
ga,30,La27,4,72.9555,0.0240
ga,30,La27,8,72.9555,0.0250
ga,30,La27,16,65.0202,0.0260
ga,30,La27,32,65.0202,0.0270
ga,30,La27,64,64.3725,0.0310
ga,30,La27,128,59.8381,0.0370
ga,30,La27,256,59.8381,0.0510
ga,30,La27,512,57.7328,0.0915
ga,30,La27,1024,49.1903,0.1760
ga,30,La27,2048,44.0081,0.3445
ga,30,La27,4096,38.0162,0.6472
ga,30,La27,8192,22.3077,1.2278
ga,30,La27,16384,18.2591,2.4460
ga,30,La27,32768,10.5263,4.9145
ga,30,La27,65536,9.7166,9.7458
ga,30,La27,131072,7.0850,19.7355
ga,30,La27,262144,5.7490,39.0793
ga,30,La27,524288,5.7490,78.1587
ga,30,La27,1048576,5.7490,156.2813
ga,30,La27,2097152,5.7490,311.2787
ga,30,La27,4194304,5.7490,621.8496
ga,30,La27,6061046,5.0202,900.0007
regla_bon,30,La27,1,24.9798,0.0070
regla_bon,30,La27,2,23.6032,0.0150
regla_bon,30,La27,4,21.6194,0.0268
regla_bon,30,La27,8,17.1660,0.0525
regla_bon,30,La27,16,11.2955,0.1110
regla_bon,30,La27,32,11.2955,0.2235
regla_bon,30,La27,64,11.2955,0.4066
regla_bon,30,La27,128,11.2955,0.8112
regla_bon,30,La27,256,11.2955,1.6563
regla_bon,30,La27,512,11.2955,3.3807
regla_bon,30,La27,1024,11.2955,6.7710
regla_bon,30,La27,2048,7.8138,13.3790
regla_bon,30,La27,4096,7.8138,26.5559
regla_bon,30,La27,8192,7.8138,53.7685
regla_bon,30,La27,16384,7.8138,106.8562
regla_bon,30,La27,32768,7.8138,213.3680
regla_bon,30,La27,65536,7.9757,427.8595
regla_bon,30,La27,131072,7.9757,855.1584
regla_bon,30,La27,137938,7.9757,900.0007
ga_sembrado,30,La27,1,24.9798,0.0235
ga_sembrado,30,La27,2,24.9798,0.0235
ga_sembrado,30,La27,4,24.9798,0.0245
ga_sembrado,30,La27,8,24.9798,0.0245
ga_sembrado,30,La27,16,24.9798,0.0255
ga_sembrado,30,La27,32,24.9798,0.0275
ga_sembrado,30,La27,64,24.9798,0.0305
ga_sembrado,30,La27,128,24.9798,0.0365
ga_sembrado,30,La27,256,24.9798,0.0495
ga_sembrado,30,La27,512,24.9798,0.0810
ga_sembrado,30,La27,1024,24.9798,0.1430
ga_sembrado,30,La27,2048,24.9798,0.2806
ga_sembrado,30,La27,4096,24.9798,0.5707
ga_sembrado,30,La27,8192,18.4615,1.1932
ga_sembrado,30,La27,16384,16.0324,2.2874
ga_sembrado,30,La27,32768,13.9271,4.5939
ga_sembrado,30,La27,65536,10.8502,9.3267
ga_sembrado,30,La27,131072,9.4332,18.6958
ga_sembrado,30,La27,262144,8.0162,37.2954
ga_sembrado,30,La27,524288,7.2874,75.0747
ga_sembrado,30,La27,1048576,7.2874,150.3899
ga_sembrado,30,La27,2097152,7.2874,301.7765
ga_sembrado,30,La27,4194304,7.2874,601.6852
ga_sembrado,30,La27,6263663,7.2874,900.0007
ga,30,La29,1,97.7431,0.0240
ga,30,La29,2,88.5417,0.0240
ga,30,La29,4,88.5417,0.0250
ga,30,La29,8,88.5417,0.0250
ga,30,La29,16,76.2153,0.0260
ga,30,La29,32,76.2153,0.0280
ga,30,La29,64,67.0573,0.0310
ga,30,La29,128,67.0573,0.0380
ga,30,La29,256,69.2708,0.0510
ga,30,La29,512,57.6389,0.0840
ga,30,La29,1024,53.5590,0.1620
ga,30,La29,2048,45.5729,0.2970
ga,30,La29,4096,40.1476,0.5601
ga,30,La29,8192,33.5938,1.2032
ga,30,La29,16384,18.7500,2.3494
ga,30,La29,32768,14.6701,4.7956
ga,30,La29,65536,12.2396,9.4883
ga,30,La29,131072,9.1580,18.9936
ga,30,La29,262144,7.3785,38.7352
ga,30,La29,524288,7.3785,77.0661
ga,30,La29,1048576,7.3785,153.3427
ga,30,La29,2097152,6.6840,307.1322
ga,30,La29,4194304,5.2083,613.3727
ga,30,La29,6165978,5.2083,900.0002
ga_sembrado,30,La29,1,13.4115,0.0170
ga_sembrado,30,La29,2,13.4115,0.0170
ga_sembrado,30,La29,4,13.4115,0.0170
ga_sembrado,30,La29,8,13.4115,0.0170
ga_sembrado,30,La29,16,13.4115,0.0180
ga_sembrado,30,La29,32,13.4115,0.0190
ga_sembrado,30,La29,64,13.4115,0.0210
ga_sembrado,30,La29,128,13.4115,0.0260
ga_sembrado,30,La29,256,13.4115,0.0380
ga_sembrado,30,La29,512,13.4115,0.0650
ga_sembrado,30,La29,1024,13.4115,0.1245
ga_sembrado,30,La29,2048,13.4115,0.2785
ga_sembrado,30,La29,4096,13.4115,0.5741
ga_sembrado,30,La29,8192,12.0660,1.1692
ga_sembrado,30,La29,16384,10.4167,2.2934
ga_sembrado,30,La29,32768,10.2865,4.6236
ga_sembrado,30,La29,65536,10.2865,9.3048
ga_sembrado,30,La29,131072,8.1597,18.7316
ga_sembrado,30,La29,262144,7.1181,38.1111
ga_sembrado,30,La29,524288,7.1181,75.6438
ga_sembrado,30,La29,1048576,6.9010,150.9976
ga_sembrado,30,La29,2097152,6.9010,301.6118
ga_sembrado,30,La29,4194304,6.9010,601.2933
ga_sembrado,30,La29,6275068,6.8576,900.0007
regla_bon,30,La29,1,13.4115,0.0070
regla_bon,30,La29,2,13.4115,0.0150
regla_bon,30,La29,4,13.4115,0.0290
regla_bon,30,La29,8,13.4115,0.0550
regla_bon,30,La29,16,13.4115,0.1035
regla_bon,30,La29,32,13.4115,0.2040
regla_bon,30,La29,64,14.5833,0.4171
regla_bon,30,La29,128,14.5833,0.8222
regla_bon,30,La29,256,11.1979,1.6482
regla_bon,30,La29,512,11.1979,3.3315
regla_bon,30,La29,1024,11.1979,6.6329
regla_bon,30,La29,2048,10.3733,13.2762
regla_bon,30,La29,4096,10.3733,27.2230
regla_bon,30,La29,8192,10.3733,53.5859
regla_bon,30,La29,16384,10.3733,107.1062
regla_bon,30,La29,32768,10.3733,213.3178
regla_bon,30,La29,65536,10.3733,426.4913
regla_bon,30,La29,131072,10.3733,852.1921
regla_bon,30,La29,138490,10.3733,900.0067
ga,30,La38,1,100.2508,0.0220
ga,30,La38,2,100.2508,0.0220
ga,30,La38,4,88.4615,0.0220
ga,30,La38,8,88.4615,0.0230
ga,30,La38,16,82.9013,0.0230
ga,30,La38,32,68.6455,0.0250
ga,30,La38,64,68.6455,0.0280
ga,30,La38,128,63.2107,0.0360
ga,30,La38,256,63.2107,0.0520
ga,30,La38,512,62.7926,0.0975
ga,30,La38,1024,57.2742,0.1810
ga,30,La38,2048,43.8963,0.3436
ga,30,La38,4096,41.0953,0.6566
ga,30,La38,8192,24.5819,1.3412
ga,30,La38,16384,17.3077,2.6924
ga,30,La38,32768,15.1338,5.3127
ga,30,La38,65536,13.7960,10.6490
ga,30,La38,131072,13.7960,21.5051
ga,30,La38,262144,12.8763,43.8766
ga,30,La38,524288,12.8763,87.2678
ga,30,La38,1048576,12.8763,172.9314
ga,30,La38,2097152,12.8763,345.5283
ga,30,La38,4194304,12.8763,692.4741
ga,30,La38,5456795,12.8763,900.0007
ga_sembrado,30,La38,1,14.9666,0.0250
ga_sembrado,30,La38,2,14.9666,0.0250
ga_sembrado,30,La38,4,14.9666,0.0250
ga_sembrado,30,La38,8,14.9666,0.0260
ga_sembrado,30,La38,16,14.9666,0.0260
ga_sembrado,30,La38,32,14.9666,0.0280
ga_sembrado,30,La38,64,14.9666,0.0305
ga_sembrado,30,La38,128,14.9666,0.0365
ga_sembrado,30,La38,256,14.9666,0.0475
ga_sembrado,30,La38,512,14.9666,0.0930
ga_sembrado,30,La38,1024,14.9666,0.1861
ga_sembrado,30,La38,2048,14.9666,0.3516
ga_sembrado,30,La38,4096,14.6321,0.6896
ga_sembrado,30,La38,8192,10.4933,1.3332
ga_sembrado,30,La38,16384,9.9498,2.6329
ga_sembrado,30,La38,32768,5.7692,5.2672
ga_sembrado,30,La38,65536,5.7692,10.5205
ga_sembrado,30,La38,131072,5.7692,20.8730
ga_sembrado,30,La38,262144,5.7692,42.5678
ga_sembrado,30,La38,524288,5.6438,83.7726
ga_sembrado,30,La38,1048576,5.6438,166.4732
ga_sembrado,30,La38,2097152,5.6438,333.9050
ga_sembrado,30,La38,4194304,5.6438,667.8823
ga_sembrado,30,La38,5656713,5.6438,900.0002
regla_bon,30,La38,1,14.9666,0.0070
regla_bon,30,La38,2,14.9666,0.0140
regla_bon,30,La38,4,13.3779,0.0280
regla_bon,30,La38,8,13.3779,0.0535
regla_bon,30,La38,16,13.1271,0.1060
regla_bon,30,La38,32,12.1237,0.2091
regla_bon,30,La38,64,9.9080,0.4166
regla_bon,30,La38,128,9.9080,0.7416
regla_bon,30,La38,256,9.9080,1.4757
regla_bon,30,La38,512,8.0268,3.0410
regla_bon,30,La38,1024,8.0268,5.9498
regla_bon,30,La38,2048,9.1973,11.9629
regla_bon,30,La38,4096,6.5217,24.3631
regla_bon,30,La38,8192,6.5217,48.8821
regla_bon,30,La38,16384,6.5217,97.1893
regla_bon,30,La38,32768,6.5217,193.7116
regla_bon,30,La38,65536,6.5217,386.4060
regla_bon,30,La38,131072,6.5217,771.7213
regla_bon,30,La38,152831,6.5217,900.0032
ga,30,La40,1,86.7430,0.0255
ga,30,La40,2,86.7430,0.0255
ga,30,La40,4,71.2766,0.0265
ga,30,La40,8,71.2766,0.0265
ga,30,La40,16,71.2766,0.0275
ga,30,La40,32,62.2750,0.0295
ga,30,La40,64,62.2750,0.0335
ga,30,La40,128,62.2750,0.0405
ga,30,La40,256,59.5745,0.0565
ga,30,La40,512,59.5745,0.1005
ga,30,La40,1024,51.1047,0.1836
ga,30,La40,2048,44.8036,0.3631
ga,30,La40,4096,33.7152,0.7376
ga,30,La40,8192,25.5728,1.4433
ga,30,La40,16384,14.5663,2.8320
ga,30,La40,32768,7.8969,5.3520
ga,30,La40,65536,5.6465,10.8491
ga,30,La40,131072,5.4010,21.8041
ga,30,La40,262144,5.4010,43.1974
ga,30,La40,524288,5.1964,86.1267
ga,30,La40,1048576,5.1964,171.2024
ga,30,La40,2097152,5.0327,341.4543
ga,30,La40,4194304,4.4599,682.2902
ga,30,La40,5523366,4.4599,900.0009
regla_bon,30,La40,1,13.2570,0.0070
regla_bon,30,La40,2,13.2570,0.0130
regla_bon,30,La40,4,13.2570,0.0230
regla_bon,30,La40,8,13.2570,0.0480
regla_bon,30,La40,16,13.2570,0.1000
regla_bon,30,La40,32,13.2570,0.2020
regla_bon,30,La40,64,10.4746,0.4036
regla_bon,30,La40,128,10.4746,0.8101
regla_bon,30,La40,256,10.4746,1.5768
regla_bon,30,La40,512,9.9427,3.1486
regla_bon,30,La40,1024,10.6383,6.1521
regla_bon,30,La40,2048,10.6383,12.0909
regla_bon,30,La40,4096,6.7103,24.1521
regla_bon,30,La40,8192,6.7103,47.7016
regla_bon,30,La40,16384,6.7103,96.8018
regla_bon,30,La40,32768,6.7103,192.8404
regla_bon,30,La40,65536,6.7103,384.5345
regla_bon,30,La40,131072,7.8969,768.2429
regla_bon,30,La40,153396,7.8969,900.0004
ga,30,ABZ7,1,110.2134,0.0370
ga,30,ABZ7,2,104.8780,0.0370
ga,30,ABZ7,4,90.0152,0.0380
ga,30,ABZ7,8,90.0152,0.0380
ga,30,ABZ7,16,91.0061,0.0390
ga,30,ABZ7,32,70.8841,0.0420
ga,30,ABZ7,64,70.8841,0.0470
ga,30,ABZ7,128,70.8841,0.0560
ga,30,ABZ7,256,70.8841,0.0770
ga,30,ABZ7,512,66.5396,0.1360
ga,30,ABZ7,1024,60.0610,0.2516
ga,30,ABZ7,2048,54.1921,0.4881
ga,30,ABZ7,4096,45.5793,0.9612
ga,30,ABZ7,8192,35.2134,1.8173
ga,30,ABZ7,16384,25.1524,3.5716
ga,30,ABZ7,32768,15.0152,7.0778
ga,30,ABZ7,65536,11.0518,14.1918
ga,30,ABZ7,131072,10.5183,28.0343
ga,30,ABZ7,262144,10.5183,56.8157
ga,30,ABZ7,524288,10.5183,113.1598
ga,30,ABZ7,1048576,10.5183,226.0107
ga,30,ABZ7,2097152,10.2896,453.3050
ga,30,ABZ7,4154919,8.1555,900.0004
ga_sembrado,30,La40,1,13.2570,0.0265
ga_sembrado,30,La40,2,13.2570,0.0270
ga_sembrado,30,La40,4,13.2570,0.0270
ga_sembrado,30,La40,8,13.2570,0.0270
ga_sembrado,30,La40,16,13.2570,0.0280
ga_sembrado,30,La40,32,13.2570,0.0300
ga_sembrado,30,La40,64,13.2570,0.0340
ga_sembrado,30,La40,128,13.2570,0.0411
ga_sembrado,30,La40,256,13.2570,0.0561
ga_sembrado,30,La40,512,13.2570,0.0961
ga_sembrado,30,La40,1024,13.2570,0.1701
ga_sembrado,30,La40,2048,13.2570,0.3406
ga_sembrado,30,La40,4096,12.8069,0.7061
ga_sembrado,30,La40,8192,11.5794,1.3887
ga_sembrado,30,La40,16384,11.1293,2.7525
ga_sembrado,30,La40,32768,9.9018,5.4865
ga_sembrado,30,La40,65536,9.6563,10.7326
ga_sembrado,30,La40,131072,8.3470,21.3641
ga_sembrado,30,La40,262144,8.3470,42.0547
ga_sembrado,30,La40,524288,7.5696,83.7107
ga_sembrado,30,La40,1048576,6.0147,166.9991
ga_sembrado,30,La40,2097152,5.9329,333.8825
ga_sembrado,30,La40,4194304,5.6056,665.6434
ga_sembrado,30,La40,5665534,5.6056,900.0005
regla_bon,30,ABZ7,1,19.6646,0.0130
regla_bon,30,ABZ7,2,17.9116,0.0230
regla_bon,30,ABZ7,4,15.5488,0.0390
regla_bon,30,ABZ7,8,15.5488,0.0720
regla_bon,30,ABZ7,16,15.2439,0.1305
regla_bon,30,ABZ7,32,13.4146,0.2980
regla_bon,30,ABZ7,64,13.1098,0.6331
regla_bon,30,ABZ7,128,10.8232,1.3182
regla_bon,30,ABZ7,256,10.8232,2.6135
regla_bon,30,ABZ7,512,10.8232,5.1394
regla_bon,30,ABZ7,1024,11.2043,10.1459
regla_bon,30,ABZ7,2048,11.2043,19.9053
regla_bon,30,ABZ7,4096,11.2043,40.0242
regla_bon,30,ABZ7,8192,11.7378,80.5478
regla_bon,30,ABZ7,16384,11.1280,160.8309
regla_bon,30,ABZ7,32768,10.5183,322.8501
regla_bon,30,ABZ7,65536,8.9939,644.9796
regla_bon,30,ABZ7,91324,8.9939,900.0024
ga_sembrado,30,ABZ7,1,19.6646,0.0340
ga_sembrado,30,ABZ7,2,19.6646,0.0340
ga_sembrado,30,ABZ7,4,19.6646,0.0340
ga_sembrado,30,ABZ7,8,19.6646,0.0350
ga_sembrado,30,ABZ7,16,19.6646,0.0360
ga_sembrado,30,ABZ7,32,19.6646,0.0390
ga_sembrado,30,ABZ7,64,19.6646,0.0430
ga_sembrado,30,ABZ7,128,19.6646,0.0530
ga_sembrado,30,ABZ7,256,19.6646,0.0710
ga_sembrado,30,ABZ7,512,19.6646,0.1285
ga_sembrado,30,ABZ7,1024,19.6646,0.2455
ga_sembrado,30,ABZ7,2048,19.6646,0.4695
ga_sembrado,30,ABZ7,4096,17.6067,0.9371
ga_sembrado,30,ABZ7,8192,14.1006,1.8658
ga_sembrado,30,ABZ7,16384,13.4909,3.5536
ga_sembrado,30,ABZ7,32768,12.7287,6.9457
ga_sembrado,30,ABZ7,65536,11.6616,13.7667
ga_sembrado,30,ABZ7,131072,11.6616,27.4887
ga_sembrado,30,ABZ7,262144,8.6128,54.4742
ga_sembrado,30,ABZ7,524288,6.7073,108.8361
ga_sembrado,30,ABZ7,1048576,6.4787,218.4737
ga_sembrado,30,ABZ7,2097152,6.4787,435.6445
ga_sembrado,30,ABZ7,4194304,6.4787,871.8058
ga_sembrado,30,ABZ7,4330613,6.4787,900.0004
ga,30,ABZ8,1,135.3488,0.0370
ga,30,ABZ8,2,115.5039,0.0370
ga,30,ABZ8,4,115.5039,0.0370
ga,30,ABZ8,8,113.7984,0.0380
ga,30,ABZ8,16,88.2171,0.0390
ga,30,ABZ8,32,76.3566,0.0420
ga,30,ABZ8,64,74.6512,0.0470
ga,30,ABZ8,128,74.6512,0.0570
ga,30,ABZ8,256,74.6512,0.0770
ga,30,ABZ8,512,71.9380,0.1370
ga,30,ABZ8,1024,61.3178,0.2360
ga,30,ABZ8,2048,61.3178,0.4626
ga,30,ABZ8,4096,52.8682,0.9082
ga,30,ABZ8,8192,40.1550,1.8085
ga,30,ABZ8,16384,28.6047,3.5744
ga,30,ABZ8,32768,19.6899,7.0944
ga,30,ABZ8,65536,15.5814,13.9800
ga,30,ABZ8,131072,12.1705,27.8809
ga,30,ABZ8,262144,10.6977,55.2302
ga,30,ABZ8,524288,10.6977,110.8237
ga,30,ABZ8,1048576,10.6977,223.2573
ga,30,ABZ8,2097152,10.6977,446.5895
ga,30,ABZ8,4194304,10.6977,895.9114
ga,30,ABZ8,4214224,10.6977,900.0009
ga,30,ABZ9,1,95.9153,0.0370
ga,30,ABZ9,2,94.7806,0.0370
ga,30,ABZ9,4,94.7806,0.0380
ga,30,ABZ9,8,84.3419,0.0380
ga,30,ABZ9,16,84.3419,0.0400
ga,30,ABZ9,32,84.3419,0.0420
ga,30,ABZ9,64,75.4160,0.0470
ga,30,ABZ9,128,63.1619,0.0570
ga,30,ABZ9,256,63.1619,0.0770
ga,30,ABZ9,512,63.1619,0.1340
ga,30,ABZ9,1024,63.0862,0.2160
ga,30,ABZ9,2048,62.4811,0.4351
ga,30,ABZ9,4096,48.5628,0.8682
ga,30,ABZ9,8192,37.9728,1.7275
ga,30,ABZ9,16384,29.3495,3.4363
ga,30,ABZ9,32768,21.9365,6.7834
ga,30,ABZ9,65536,19.2890,13.9360
ga,30,ABZ9,131072,17.3222,27.1268
ga,30,ABZ9,262144,15.8094,54.6089
ga,30,ABZ9,524288,15.6581,109.5906
ga,30,ABZ9,1048576,15.5825,218.1736
ga,30,ABZ9,2097152,15.5825,434.3356
ga,30,ABZ9,4194304,15.5825,872.7638
ga,30,ABZ9,4324852,15.5825,900.0003
regla_bon,30,ABZ8,1,24.7287,0.0110
regla_bon,30,ABZ8,2,24.7287,0.0200
regla_bon,30,ABZ8,4,23.5659,0.0380
regla_bon,30,ABZ8,8,23.5659,0.0760
regla_bon,30,ABZ8,16,22.7907,0.1450
regla_bon,30,ABZ8,32,22.7907,0.3105
regla_bon,30,ABZ8,64,22.7907,0.6641
regla_bon,30,ABZ8,128,19.6899,1.3062
regla_bon,30,ABZ8,256,19.6899,2.5681
regla_bon,30,ABZ8,512,19.6899,5.1631
regla_bon,30,ABZ8,1024,18.9147,10.3237
regla_bon,30,ABZ8,2048,19.0698,20.4230
regla_bon,30,ABZ8,4096,19.0698,41.3601
regla_bon,30,ABZ8,8192,19.0698,82.7510
regla_bon,30,ABZ8,16384,18.6047,165.3243
regla_bon,30,ABZ8,32768,17.5194,330.7433
regla_bon,30,ABZ8,65536,17.8295,663.1913
regla_bon,30,ABZ8,89021,17.8295,900.0083
ga_sembrado,30,ABZ8,1,24.7287,0.0250
ga_sembrado,30,ABZ8,2,24.7287,0.0250
ga_sembrado,30,ABZ8,4,24.7287,0.0260
ga_sembrado,30,ABZ8,8,24.7287,0.0260
ga_sembrado,30,ABZ8,16,24.7287,0.0270
ga_sembrado,30,ABZ8,32,24.7287,0.0290
ga_sembrado,30,ABZ8,64,24.7287,0.0330
ga_sembrado,30,ABZ8,128,24.7287,0.0400
ga_sembrado,30,ABZ8,256,24.7287,0.0580
ga_sembrado,30,ABZ8,512,24.7287,0.1160
ga_sembrado,30,ABZ8,1024,24.7287,0.2060
ga_sembrado,30,ABZ8,2048,24.7287,0.4001
ga_sembrado,30,ABZ8,4096,24.7287,0.7962
ga_sembrado,30,ABZ8,8192,21.2403,1.6064
ga_sembrado,30,ABZ8,16384,21.0853,3.2333
ga_sembrado,30,ABZ8,32768,19.3798,6.7464
ga_sembrado,30,ABZ8,65536,19.3798,13.4344
ga_sembrado,30,ABZ8,131072,17.3643,27.5214
ga_sembrado,30,ABZ8,262144,16.6667,54.8651
ga_sembrado,30,ABZ8,524288,16.6667,109.8946
ga_sembrado,30,ABZ8,1048576,16.6667,219.1242
ga_sembrado,30,ABZ8,2097152,15.0388,438.5604
ga_sembrado,30,ABZ8,4194304,14.8837,879.5897
ga_sembrado,30,ABZ8,4294559,14.8837,900.0003
regla,0,FT10,1,20.3763,0.0020
gt_mwkr,0,FT10,1,32.2043,0.0020
regla,0,FT20,1,13.2189,0.0030
gt_mwkr,0,FT20,1,40.0000,0.0040
regla,0,La21,1,15.0096,0.0030
gt_mwkr,0,La21,1,24.0918,0.0040
ga_sembrado,30,ABZ9,1,33.3585,0.0360
ga_sembrado,30,ABZ9,2,33.3585,0.0370
ga_sembrado,30,ABZ9,4,33.3585,0.0370
ga_sembrado,30,ABZ9,8,33.3585,0.0380
ga_sembrado,30,ABZ9,16,33.3585,0.0390
ga_sembrado,30,ABZ9,32,33.3585,0.0410
ga_sembrado,30,ABZ9,64,33.3585,0.0460
ga_sembrado,30,ABZ9,128,33.3585,0.0540
ga_sembrado,30,ABZ9,256,33.3585,0.0740
ga_sembrado,30,ABZ9,512,33.3585,0.1210
ga_sembrado,30,ABZ9,1024,33.3585,0.2291
ga_sembrado,30,ABZ9,2048,33.3585,0.4411
ga_sembrado,30,ABZ9,4096,32.7534,0.8127
ga_sembrado,30,ABZ9,8192,27.2315,1.6395
ga_sembrado,30,ABZ9,16384,23.6006,3.3673
ga_sembrado,30,ABZ9,32768,19.8185,6.7919
ga_sembrado,30,ABZ9,65536,17.0953,13.6159
ga_sembrado,30,ABZ9,131072,16.2632,27.8835
ga_sembrado,30,ABZ9,262144,15.7337,55.5132
ga_sembrado,30,ABZ9,524288,15.2799,110.7733
ga_sembrado,30,ABZ9,1048576,15.1286,221.3241
ga_sembrado,30,ABZ9,2097152,15.1286,442.1103
ga_sembrado,30,ABZ9,4194304,15.1286,885.8847
ga_sembrado,30,ABZ9,4260591,15.1286,900.0003
regla_bon,30,ABZ9,1,33.3585,0.0130
regla_bon,30,ABZ9,2,33.1316,0.0240
regla_bon,30,ABZ9,4,31.1649,0.0450
regla_bon,30,ABZ9,8,31.0136,0.0870
regla_bon,30,ABZ9,16,28.5930,0.1625
regla_bon,30,ABZ9,32,25.5673,0.3406
regla_bon,30,ABZ9,64,25.5673,0.6642
regla_bon,30,ABZ9,128,22.4660,1.2813
regla_bon,30,ABZ9,256,22.4660,2.6107
regla_bon,30,ABZ9,512,21.3313,5.2497
regla_bon,30,ABZ9,1024,20.9531,10.1757
regla_bon,30,ABZ9,2048,21.1800,20.3481
regla_bon,30,ABZ9,4096,21.1800,40.3959
regla_bon,30,ABZ9,8192,21.1800,80.6503
regla_bon,30,ABZ9,16384,19.0620,161.8492
regla_bon,30,ABZ9,32768,19.0620,324.6259
regla_bon,30,ABZ9,65536,19.0620,653.0072
regla_bon,30,ABZ9,90300,19.0620,900.0063
regla,0,La24,1,10.1070,0.0050
gt_mwkr,0,La24,1,26.3102,0.0045
regla,0,La25,1,11.8219,0.0050
gt_mwkr,0,La25,1,16.9396,0.0060
azar,1,FT10,1,71.3978,0.0000
azar,1,FT10,2,71.3978,0.0000
azar,1,FT10,4,56.0215,0.0000
azar,1,FT10,8,56.0215,0.0010
azar,1,FT10,16,56.0215,0.0020
azar,1,FT10,32,56.0215,0.0030
azar,1,FT10,64,56.0215,0.0070
azar,1,FT10,128,46.9892,0.0130
azar,1,FT10,256,46.9892,0.0260
azar,1,FT10,512,46.9892,0.0520
azar,1,FT10,1024,45.7527,0.1035
azar,1,FT10,2048,37.9570,0.2085
azar,1,FT10,4096,37.9570,0.4175
azar,1,FT10,8192,33.7097,0.7796
azar,1,FT10,16384,31.5591,1.5672
azar,1,FT10,32768,31.5591,3.0064
azar,1,FT10,65536,31.5591,6.0167
azar,1,FT10,131072,31.5591,12.0503
azar,1,FT10,262144,29.7312,24.0798
azar,1,FT10,524288,28.8710,47.4785
azar,1,FT10,1048576,25.5376,94.7549
azar,1,FT10,2097152,26.7742,190.6412
azar,1,FT10,4194304,26.7742,385.1012
azar,1,FT10,8388608,20.4301,765.9861
azar,1,FT10,9842578,20.4301,900.0007
regla,0,La27,1,24.9798,0.0080
gt_mwkr,0,La27,1,34.7773,0.0090
azar,1,FT20,1,63.8627,0.0000
azar,1,FT20,2,63.8627,0.0000
azar,1,FT20,4,63.8627,0.0000
azar,1,FT20,8,63.8627,0.0010
azar,1,FT20,16,58.7124,0.0020
azar,1,FT20,32,58.7124,0.0030
azar,1,FT20,64,54.4206,0.0070
azar,1,FT20,128,51.3305,0.0130
azar,1,FT20,256,46.0944,0.0270
azar,1,FT20,512,47.6395,0.0540
azar,1,FT20,1024,47.6395,0.1080
azar,1,FT20,2048,40.3433,0.2015
azar,1,FT20,4096,36.3948,0.3760
azar,1,FT20,8192,36.3948,0.7701
azar,1,FT20,16384,36.1373,1.5197
azar,1,FT20,32768,36.1373,3.0124
azar,1,FT20,65536,34.5494,5.9857
azar,1,FT20,131072,30.4292,11.7988
azar,1,FT20,262144,30.4292,23.6363
azar,1,FT20,524288,30.4292,48.2226
azar,1,FT20,1048576,29.4421,97.1933
azar,1,FT20,2097152,28.4979,194.2293
azar,1,FT20,4194304,28.4979,388.8608
azar,1,FT20,8388608,26.8240,779.1706
azar,1,FT20,9693139,26.8240,900.0002
azar,1,La21,1,78.9675,0.0010
azar,1,La21,2,78.9675,0.0010
azar,1,La21,4,78.9675,0.0010
azar,1,La21,8,78.9675,0.0010
azar,1,La21,16,71.9885,0.0030
azar,1,La21,32,71.9885,0.0050
azar,1,La21,64,57.4092,0.0100
azar,1,La21,128,57.4092,0.0200
azar,1,La21,256,57.4092,0.0400
azar,1,La21,512,57.4092,0.0740
azar,1,La21,1024,40.7744,0.1420
azar,1,La21,2048,40.7744,0.2890
azar,1,La21,4096,42.1606,0.5455
azar,1,La21,8192,42.1606,1.1151
azar,1,La21,16384,42.1606,2.2683
azar,1,La21,32768,42.1606,4.3236
azar,1,La21,65536,42.1606,8.6485
azar,1,La21,131072,39.7228,17.5113
azar,1,La21,262144,36.4723,35.2170
azar,1,La21,524288,36.4723,70.7823
azar,1,La21,1048576,29.8757,141.0631
azar,1,La21,2097152,29.8757,283.4431
azar,1,La21,4194304,29.8757,567.2366
azar,1,La21,6664348,29.8757,900.0002
regla,0,La29,1,13.4115,0.0060
gt_mwkr,0,La29,1,24.5226,0.0100
azar,1,La24,1,89.8396,0.0000
azar,1,La24,2,89.8396,0.0000
azar,1,La24,4,77.4332,0.0000
azar,1,La24,8,76.4706,0.0010
azar,1,La24,16,76.4706,0.0020
azar,1,La24,32,72.8342,0.0030
azar,1,La24,64,67.2727,0.0070
azar,1,La24,128,55.5080,0.0140
azar,1,La24,256,55.5080,0.0280
azar,1,La24,512,50.6417,0.0610
azar,1,La24,1024,50.6417,0.1220
azar,1,La24,2048,49.8396,0.2425
azar,1,La24,4096,48.6631,0.5145
azar,1,La24,8192,48.6631,1.0621
azar,1,La24,16384,44.0642,2.1152
azar,1,La24,32768,44.0642,4.4471
azar,1,La24,65536,38.5027,8.8971
azar,1,La24,131072,35.1337,17.8264
azar,1,La24,262144,35.1337,35.7561
azar,1,La24,524288,35.1337,71.5919
azar,1,La24,1048576,35.1337,142.8003
azar,1,La24,2097152,35.1337,284.6708
azar,1,La24,4194304,35.1337,568.6072
azar,1,La24,6622372,35.2941,900.0002
regla,0,La38,1,14.9666,0.0080
gt_mwkr,0,La38,1,27.0067,0.0080
regla,0,La40,1,13.2570,0.0070
gt_mwkr,0,La40,1,27.9051,0.0080
azar,1,La25,1,90.3787,0.0000
azar,1,La25,2,90.3787,0.0000
azar,1,La25,4,90.3787,0.0000
azar,1,La25,8,63.1525,0.0010
azar,1,La25,16,63.1525,0.0020
azar,1,La25,32,59.7748,0.0050
azar,1,La25,64,55.0665,0.0100
azar,1,La25,128,42.8864,0.0190
azar,1,La25,256,42.8864,0.0390
azar,1,La25,512,42.8864,0.0780
azar,1,La25,1024,42.8864,0.1555
azar,1,La25,2048,42.8864,0.2995
azar,1,La25,4096,40.3787,0.5746
azar,1,La25,8192,38.7922,1.1221
azar,1,La25,16384,34.6981,2.2563
azar,1,La25,32768,34.6981,4.5936
azar,1,La25,65536,34.6981,8.9116
azar,1,La25,131072,34.6981,17.8673
azar,1,La25,262144,31.4739,35.6726
azar,1,La25,524288,31.4739,71.1783
azar,1,La25,1048576,31.4739,142.7438
azar,1,La25,2097152,31.4739,284.3737
azar,1,La25,4194304,29.2221,568.8037
azar,1,La25,6644705,29.2221,900.0007
regla,0,ABZ7,1,19.6646,0.0100
azar,1,La27,1,102.3482,0.0010
azar,1,La27,2,98.1377,0.0010
azar,1,La27,4,77.8138,0.0010
azar,1,La27,8,77.8138,0.0020
azar,1,La27,16,77.8138,0.0030
azar,1,La27,32,66.7206,0.0050
azar,1,La27,64,59.1903,0.0100
azar,1,La27,128,59.1903,0.0220
azar,1,La27,256,59.1903,0.0400
azar,1,La27,512,47.7733,0.0790
azar,1,La27,1024,47.7733,0.1655
azar,1,La27,2048,47.7733,0.3155
azar,1,La27,4096,47.7733,0.6756
azar,1,La27,8192,47.7733,1.3892
azar,1,La27,16384,47.7733,2.8114
azar,1,La27,32768,47.7733,5.8002
azar,1,La27,65536,44.3725,11.7323
azar,1,La27,131072,44.3725,23.5727
azar,1,La27,262144,43.2389,46.9294
azar,1,La27,524288,41.5385,93.7668
azar,1,La27,1048576,41.5385,187.8918
azar,1,La27,2097152,41.7004,375.6184
azar,1,La27,4194304,38.9474,752.7665
azar,1,La27,5009113,38.9474,900.0007
gt_mwkr,0,ABZ7,1,28.7348,0.0090
regla,0,ABZ8,1,24.7287,0.0120
gt_mwkr,0,ABZ8,1,36.8992,0.0140
azar,1,La29,1,109.2014,0.0010
azar,1,La29,2,97.4392,0.0010
azar,1,La29,4,94.4878,0.0010
azar,1,La29,8,89.2361,0.0020
azar,1,La29,16,89.2361,0.0030
azar,1,La29,32,71.3542,0.0050
azar,1,La29,64,71.3542,0.0100
azar,1,La29,128,65.7118,0.0190
azar,1,La29,256,65.0174,0.0380
azar,1,La29,512,62.9774,0.0830
azar,1,La29,1024,61.4583,0.1740
azar,1,La29,2048,61.4583,0.3610
azar,1,La29,4096,49.4358,0.6820
azar,1,La29,8192,49.4358,1.4557
azar,1,La29,16384,49.4358,2.9014
azar,1,La29,32768,45.5729,5.8114
azar,1,La29,65536,45.5729,11.5197
azar,1,La29,131072,45.5729,23.3514
azar,1,La29,262144,45.5729,47.6384
azar,1,La29,524288,45.5729,94.7524
azar,1,La29,1048576,44.6181,189.6885
azar,1,La29,2097152,41.4062,375.9964
azar,1,La29,4194304,41.4062,753.6108
azar,1,La29,5012068,41.4062,900.0004
regla,0,ABZ9,1,33.3585,0.0090
gt_mwkr,0,ABZ9,1,41.7549,0.0100
azar,1,La38,1,95.8194,0.0000
azar,1,La38,2,79.1806,0.0000
azar,1,La38,4,79.1806,0.0000
azar,1,La38,8,64.8411,0.0010
azar,1,La38,16,64.8411,0.0030
azar,1,La38,32,63.1271,0.0070
azar,1,La38,64,63.1271,0.0140
azar,1,La38,128,63.1271,0.0250
azar,1,La38,256,63.1271,0.0450
azar,1,La38,512,63.1271,0.0920
azar,1,La38,1024,63.1271,0.1870
azar,1,La38,2048,60.5351,0.3780
azar,1,La38,4096,47.4916,0.7326
azar,1,La38,8192,47.4916,1.5612
azar,1,La38,16384,47.4916,3.2365
azar,1,La38,32768,43.8545,6.4905
azar,1,La38,65536,43.8545,13.0875
azar,1,La38,131072,43.8545,27.0640
azar,1,La38,262144,43.8545,53.3899
azar,1,La38,524288,43.8545,106.0741
azar,1,La38,1048576,39.6739,211.7491
azar,1,La38,2097152,38.6706,422.1311
azar,1,La38,4194304,38.6706,843.9453
azar,1,La38,4471770,38.6706,900.0005
azar,1,La40,1,108.8380,0.0010
azar,1,La40,2,98.2815,0.0010
azar,1,La40,4,97.2177,0.0010
azar,1,La40,8,93.7807,0.0020
azar,1,La40,16,81.6285,0.0040
azar,1,La40,32,74.8773,0.0060
azar,1,La40,64,72.6678,0.0120
azar,1,La40,128,62.9296,0.0220
azar,1,La40,256,62.9296,0.0430
azar,1,La40,512,58.9607,0.0810
azar,1,La40,1024,58.9607,0.1660
azar,1,La40,2048,58.9607,0.3860
azar,1,La40,4096,58.5516,0.7656
azar,1,La40,8192,48.4043,1.5722
azar,1,La40,16384,48.4043,3.1230
azar,1,La40,32768,48.4043,6.3245
azar,1,La40,65536,42.5941,12.7824
azar,1,La40,131072,42.5941,26.4423
azar,1,La40,262144,42.5941,52.5617
azar,1,La40,524288,42.3895,104.3163
azar,1,La40,1048576,40.0164,209.0490
azar,1,La40,2097152,40.0164,417.7666
azar,1,La40,4194304,40.0164,834.8929
azar,1,La40,4521170,38.4615,900.0005
azar,1,ABZ7,1,125.7622,0.0010
azar,1,ABZ7,2,91.1585,0.0010
azar,1,ABZ7,4,91.1585,0.0020
azar,1,ABZ7,8,84.9848,0.0030
azar,1,ABZ7,16,82.0884,0.0050
azar,1,ABZ7,32,82.0884,0.0100
azar,1,ABZ7,64,82.0884,0.0200
azar,1,ABZ7,128,73.0183,0.0390
azar,1,ABZ7,256,58.3079,0.0770
azar,1,ABZ7,512,58.3079,0.1500
azar,1,ABZ7,1024,58.3079,0.3050
azar,1,ABZ7,2048,58.3079,0.5830
azar,1,ABZ7,4096,58.3079,1.1362
azar,1,ABZ7,8192,58.3079,2.2079
azar,1,ABZ7,16384,58.3079,4.4747
azar,1,ABZ7,32768,58.3079,8.9925
azar,1,ABZ7,65536,54.6494,17.6021
azar,1,ABZ7,131072,54.6494,35.8612
azar,1,ABZ7,262144,52.2866,71.5761
azar,1,ABZ7,524288,54.1159,142.0705
azar,1,ABZ7,1048576,49.0854,282.8644
azar,1,ABZ7,2097152,49.3902,565.9598
azar,1,ABZ7,3338589,47.9421,900.0005
azar,1,ABZ8,1,142.7907,0.0000
azar,1,ABZ8,2,123.2558,0.0000
azar,1,ABZ8,4,110.3101,0.0010
azar,1,ABZ8,8,79.0698,0.0020
azar,1,ABZ8,16,79.0698,0.0040
azar,1,ABZ8,32,79.0698,0.0080
azar,1,ABZ8,64,79.0698,0.0140
azar,1,ABZ8,128,79.0698,0.0270
azar,1,ABZ8,256,79.0698,0.0520
azar,1,ABZ8,512,69.0698,0.1110
azar,1,ABZ8,1024,69.0698,0.2640
azar,1,ABZ8,2048,69.0698,0.5726
azar,1,ABZ8,4096,61.0078,1.1887
azar,1,ABZ8,8192,59.7674,2.2874
azar,1,ABZ8,16384,59.7674,4.4767
azar,1,ABZ8,32768,60.0775,8.8045
azar,1,ABZ8,65536,60.0775,17.5861
azar,1,ABZ8,131072,60.0775,35.9942
azar,1,ABZ8,262144,60.0775,70.4565
azar,1,ABZ8,524288,60.0775,141.7370
azar,1,ABZ8,1048576,55.6589,282.1204
azar,1,ABZ8,2097152,55.6589,566.0994
azar,1,ABZ8,3347836,55.6589,900.0005
azar,1,ABZ9,1,118.0787,0.0010
azar,1,ABZ9,2,111.6490,0.0010
azar,1,ABZ9,4,107.4130,0.0020
azar,1,ABZ9,8,65.9607,0.0030
azar,1,ABZ9,16,65.9607,0.0050
azar,1,ABZ9,32,65.9607,0.0100
azar,1,ABZ9,64,65.9607,0.0200
azar,1,ABZ9,128,65.9607,0.0390
azar,1,ABZ9,256,65.9607,0.0750
azar,1,ABZ9,512,65.9607,0.1400
azar,1,ABZ9,1024,65.9607,0.2770
azar,1,ABZ9,2048,65.9607,0.5596
azar,1,ABZ9,4096,64.4478,1.0677
azar,1,ABZ9,8192,64.4478,2.1984
azar,1,ABZ9,16384,64.4478,4.3542
azar,1,ABZ9,32768,64.4478,8.7285
azar,1,ABZ9,65536,61.8759,17.6221
azar,1,ABZ9,131072,59.2284,36.0547
azar,1,ABZ9,262144,55.1437,71.3851
azar,1,ABZ9,524288,54.9924,142.2861
azar,1,ABZ9,1048576,54.9924,282.5204
azar,1,ABZ9,2097152,54.9924,566.7890
azar,1,ABZ9,3336584,54.9924,900.0000
